date,season,type,round,home_team,away_team,home_pts,away_pts,expected_win,result,accuracy,brier,log_loss
1996-09-01,1996,R,,nfl_0005,nfl_0002,29,6,0.6022,1.0,1,0.1583,0.5072
1996-09-01,1996,R,,nfl_0027,nfl_0007,26,16,0.6022,1.0,1,0.1583,0.5072
1996-09-01,1996,R,,nfl_0012,nfl_0001,20,13,0.6022,1.0,1,0.1583,0.5072
1996-09-01,1996,R,,nfl_0016,nfl_0010,17,13,0.6022,1.0,1,0.1583,0.5072
1996-09-01,1996,R,,nfl_0013,nfl_0023,24,9,0.6022,1.0,1,0.1583,0.5072
1996-09-01,1996,R,,nfl_0029,nfl_0014,19,20,0.6022,0.0,0,0.3626,0.9217
1996-09-01,1996,R,,nfl_0030,nfl_0022,14,17,0.6022,0.0,0,0.3626,0.9217
1996-09-01,1996,R,,nfl_0003,nfl_0021,19,14,0.6022,1.0,1,0.1583,0.5072
1996-09-01,1996,R,,nfl_0009,nfl_0020,31,6,0.6022,1.0,1,0.1583,0.5072
1996-09-01,1996,R,,nfl_0028,nfl_0011,3,34,0.6022,0.0,0,0.3626,0.9217
1996-09-01,1996,R,,nfl_0015,nfl_0017,24,10,0.6022,1.0,1,0.1583,0.5072
1996-09-01,1996,R,,nfl_0026,nfl_0018,27,11,0.6022,1.0,1,0.1583,0.5072
1996-09-01,1996,R,,nfl_0024,nfl_0025,29,7,0.6022,1.0,1,0.1583,0.5072
1996-09-01,1996,R,,nfl_0019,nfl_0004,20,23,0.6022,0.0,0,0.3626,0.9217
1996-09-02,1996,R,,nfl_0006,nfl_0008,22,6,0.6022,1.0,1,0.1583,0.5072
1996-09-08,1996,R,,nfl_0002,nfl_0016,17,23,0.5325,0.0,0,0.2835,0.7602
1996-09-08,1996,R,,nfl_0004,nfl_0017,17,10,0.6516,1.0,1,0.1214,0.4283
1996-09-08,1996,R,,nfl_0018,nfl_0005,20,22,0.5099,0.0,0,0.26,0.7132
1996-09-08,1996,R,,nfl_0030,nfl_0006,10,3,0.5501,1.0,1,0.2024,0.5976
1996-09-08,1996,R,,nfl_0020,nfl_0012,7,21,0.5309,0.0,0,0.2819,0.7569
1996-09-08,1996,R,,nfl_0010,nfl_0028,21,6,0.6761,1.0,1,0.1049,0.3914
1996-09-08,1996,R,,nfl_0013,nfl_0029,27,34,0.6539,0.0,0,0.4276,1.0611
1996-09-08,1996,R,,nfl_0014,nfl_0021,19,3,0.635,1.0,1,0.1332,0.4541
1996-09-08,1996,R,,nfl_0023,nfl_0003,31,17,0.5456,1.0,1,0.2065,0.6059
1996-09-08,1996,R,,nfl_0024,nfl_0007,27,14,0.674,1.0,1,0.1062,0.3945
1996-09-08,1996,R,,nfl_0008,nfl_0019,27,0,0.5726,1.0,1,0.1827,0.5576
1996-09-08,1996,R,,nfl_0025,nfl_0009,20,30,0.5017,0.0,0,0.2517,0.6966
1996-09-08,1996,R,,nfl_0026,nfl_0027,34,0,0.6155,1.0,1,0.1478,0.4853
1996-09-08,1996,R,,nfl_0001,nfl_0015,10,38,0.5441,0.0,0,0.2961,0.7856
1996-09-09,1996,R,,nfl_0011,nfl_0022,39,13,0.6706,1.0,1,0.1085,0.3995
1996-09-15,1996,R,,nfl_0006,nfl_0016,14,20,0.5719,0.0,0,0.327,0.8483
1996-09-15,1996,R,,nfl_0007,nfl_0018,30,15,0.6077,1.0,1,0.1539,0.4981
1996-09-15,1996,R,,nfl_0017,nfl_0001,31,0,0.6346,1.0,1,0.1335,0.4548
1996-09-15,1996,R,,nfl_0022,nfl_0010,24,17,0.5665,1.0,1,0.1879,0.5682
1996-09-15,1996,R,,nfl_0011,nfl_0024,42,10,0.6535,1.0,1,0.1201,0.4255
1996-09-15,1996,R,,nfl_0015,nfl_0020,36,27,0.7755,1.0,1,0.0504,0.2542
1996-09-15,1996,R,,nfl_0029,nfl_0003,29,13,0.6441,1.0,1,0.1267,0.4399
1996-09-15,1996,R,,nfl_0008,nfl_0012,24,25,0.5586,0.0,0,0.3121,0.8179
1996-09-15,1996,R,,nfl_0021,nfl_0013,17,3,0.5478,1.0,1,0.2045,0.6019
1996-09-15,1996,R,,nfl_0025,nfl_0014,17,35,0.4644,0.0,1,0.2157,0.6244
1996-09-15,1996,R,,nfl_0019,nfl_0030,10,31,0.527,0.0,0,0.2777,0.7486
1996-09-15,1996,R,,nfl_0009,nfl_0028,27,23,0.7818,1.0,1,0.0476,0.2461
1996-09-16,1996,R,,nfl_0023,nfl_0004,24,6,0.5689,1.0,1,0.1859,0.5641
1996-09-22,1996,R,,nfl_0005,nfl_0026,23,7,0.5658,1.0,1,0.1886,0.5696
1996-09-22,1996,R,,nfl_0027,nfl_0030,10,17,0.5385,0.0,0,0.29,0.7733
1996-09-22,1996,R,,nfl_0018,nfl_0001,14,28,0.6509,0.0,0,0.4236,1.0523
1996-09-22,1996,R,,nfl_0014,nfl_0009,17,14,0.6071,1.0,1,0.1544,0.4991
1996-09-22,1996,R,,nfl_0016,nfl_0011,30,21,0.4905,1.0,0,0.2596,0.7123
1996-09-22,1996,R,,nfl_0017,nfl_0013,28,25,0.6294,1.0,1,0.1373,0.4629
1996-09-22,1996,R,,nfl_0020,nfl_0019,6,13,0.6269,0.0,0,0.393,0.9858
1996-09-22,1996,R,,nfl_0004,nfl_0008,10,7,0.578,1.0,1,0.1781,0.5482
1996-09-22,1996,R,,nfl_0010,nfl_0006,35,16,0.6081,1.0,1,0.1536,0.4974
1996-09-22,1996,R,,nfl_0021,nfl_0024,34,40,0.5574,0.0,0,0.3107,0.8152
1996-09-22,1996,R,,nfl_0028,nfl_0025,13,17,0.599,0.0,0,0.3587,0.9137
1996-09-22,1996,R,,nfl_0002,nfl_0022,18,33,0.5523,0.0,0,0.305,0.8036
1996-09-23,1996,R,,nfl_0012,nfl_0015,10,6,0.5645,1.0,1,0.1897,0.5718
1996-09-29,1996,R,,nfl_0013,nfl_0005,24,14,0.4465,1.0,0,0.3063,0.8062
1996-09-29,1996,R,,nfl_0007,nfl_0009,10,14,0.5405,0.0,0,0.2922,0.7777
1996-09-29,1996,R,,nfl_0023,nfl_0029,30,16,0.5805,1.0,1,0.1759,0.5438
1996-09-29,1996,R,,nfl_0006,nfl_0021,19,17,0.5895,1.0,1,0.1685,0.5285
1996-09-29,1996,R,,nfl_0028,nfl_0010,0,27,0.4121,0.0,1,0.1699,0.5313
1996-09-29,1996,R,,nfl_0019,nfl_0016,15,10,0.3914,1.0,0,0.3705,0.9381
1996-09-29,1996,R,,nfl_0003,nfl_0018,17,10,0.7105,1.0,1,0.0838,0.3418
1996-09-29,1996,R,,nfl_0026,nfl_0002,39,17,0.7633,1.0,1,0.056,0.27
1996-09-29,1996,R,,nfl_0001,nfl_0027,31,28,0.5784,1.0,1,0.1777,0.5474
1996-09-29,1996,R,,nfl_0025,nfl_0011,10,31,0.3435,0.0,1,0.118,0.4208
1996-09-29,1996,R,,nfl_0024,nfl_0014,22,19,0.5457,1.0,1,0.2064,0.6057
1996-09-29,1996,R,,nfl_0030,nfl_0020,31,16,0.7934,1.0,1,0.0427,0.2315
1996-09-30,1996,R,,nfl_0022,nfl_0008,19,23,0.6548,0.0,0,0.4287,1.0635
1996-10-06,1996,R,,nfl_0010,nfl_0002,28,24,0.795,1.0,1,0.042,0.2294
1996-10-06,1996,R,,nfl_0016,nfl_0005,14,12,0.6069,1.0,1,0.1545,0.4993
1996-10-06,1996,R,,nfl_0015,nfl_0025,15,22,0.822,0.0,0,0.6756,1.7257
1996-10-06,1996,R,,nfl_0003,nfl_0017,38,46,0.5245,0.0,0,0.2751,0.7433
1996-10-06,1996,R,,nfl_0006,nfl_0011,6,37,0.3705,0.0,1,0.1373,0.4628
1996-10-06,1996,R,,nfl_0020,nfl_0021,13,34,0.5038,0.0,0,0.2538,0.7007
1996-10-06,1996,R,,nfl_0004,nfl_0012,16,13,0.5188,1.0,1,0.2315,0.6562
1996-10-06,1996,R,,nfl_0027,nfl_0026,11,28,0.4358,0.0,1,0.1899,0.5724
1996-10-06,1996,R,,nfl_0009,nfl_0024,28,17,0.6261,1.0,1,0.1398,0.4683
1996-10-06,1996,R,,nfl_0018,nfl_0013,17,13,0.4584,1.0,0,0.2934,0.7801
1996-10-06,1996,R,,nfl_0007,nfl_0029,27,30,0.5446,0.0,0,0.2966,0.7865
1996-10-07,1996,R,,nfl_0014,nfl_0023,7,17,0.618,0.0,0,0.3819,0.9623
1996-10-13,1996,R,,nfl_0002,nfl_0029,13,23,0.4124,0.0,1,0.17,0.5317
1996-10-13,1996,R,,nfl_0004,nfl_0015,7,21,0.5599,0.0,0,0.3134,0.8207
1996-10-13,1996,R,,nfl_0005,nfl_0027,45,13,0.7604,1.0,1,0.0574,0.274
1996-10-13,1996,R,,nfl_0023,nfl_0007,20,10,0.7464,1.0,1,0.0643,0.2925
1996-10-13,1996,R,,nfl_0008,nfl_0001,17,3,0.6899,1.0,1,0.0961,0.3711
1996-10-13,1996,R,,nfl_0017,nfl_0030,22,27,0.4973,0.0,1,0.2473,0.6878
1996-10-13,1996,R,,nfl_0018,nfl_0006,27,24,0.564,1.0,1,0.1901,0.5728
1996-10-13,1996,R,,nfl_0013,nfl_0020,21,17,0.7556,1.0,1,0.0597,0.2802
1996-10-13,1996,R,,nfl_0028,nfl_0016,24,13,0.3357,1.0,0,0.4412,1.0914
1996-10-13,1996,R,,nfl_0019,nfl_0022,10,19,0.5061,0.0,0,0.2562,0.7055
1996-10-13,1996,R,,nfl_0021,nfl_0010,37,21,0.5024,1.0,1,0.2476,0.6884
1996-10-13,1996,R,,nfl_0012,nfl_0003,26,21,0.7429,1.0,1,0.0661,0.2972
1996-10-14,1996,R,,nfl_0011,nfl_0026,23,20,0.6981,1.0,1,0.0911,0.3594
1996-10-17,1996,R,,nfl_0014,nfl_0025,34,16,0.7362,1.0,1,0.0696,0.3063
1996-10-20,1996,R,,nfl_0008,nfl_0002,32,28,0.7925,1.0,1,0.0431,0.2326
1996-10-20,1996,R,,nfl_0005,nfl_0018,19,7,0.7883,1.0,1,0.0448,0.2379
1996-10-20,1996,R,,nfl_0012,nfl_0017,9,27,0.6839,0.0,0,0.4677,1.1517
1996-10-20,1996,R,,nfl_0022,nfl_0015,35,28,0.547,1.0,1,0.2052,0.6034
1996-10-20,1996,R,,nfl_0030,nfl_0019,31,21,0.7962,1.0,1,0.0415,0.2279
1996-10-20,1996,R,,nfl_0020,nfl_0004,22,25,0.4124,0.0,1,0.1701,0.5317
1996-10-20,1996,R,,nfl_0026,nfl_0007,28,21,0.7609,1.0,1,0.0572,0.2732
1996-10-20,1996,R,,nfl_0001,nfl_0028,13,9,0.6609,1.0,1,0.115,0.4142
1996-10-20,1996,R,,nfl_0009,nfl_0003,45,34,0.8005,1.0,1,0.0398,0.2225
1996-10-20,1996,R,,nfl_0029,nfl_0023,23,13,0.5234,1.0,1,0.2271,0.6473
1996-10-20,1996,R,,nfl_0027,nfl_0013,17,14,0.4749,1.0,0,0.2758,0.7447
1996-10-21,1996,R,,nfl_0024,nfl_0021,14,23,0.6499,0.0,0,0.4224,1.0496
1996-10-27,1996,R,,nfl_0002,nfl_0023,17,20,0.3178,0.0,1,0.101,0.3824
1996-10-27,1996,R,,nfl_0022,nfl_0005,20,9,0.5657,1.0,1,0.1886,0.5697
1996-10-27,1996,R,,nfl_0007,nfl_0013,28,21,0.5616,1.0,1,0.1922,0.577
1996-10-27,1996,R,,nfl_0030,nfl_0012,31,16,0.6955,1.0,1,0.0927,0.3631
1996-10-27,1996,R,,nfl_0010,nfl_0019,7,35,0.7795,0.0,0,0.6076,1.5119
1996-10-27,1996,R,,nfl_0011,nfl_0028,13,7,0.9055,1.0,1,0.0089,0.0992
1996-10-27,1996,R,,nfl_0029,nfl_0026,9,10,0.5574,0.0,0,0.3107,0.8151
1996-10-27,1996,R,,nfl_0003,nfl_0027,37,31,0.6409,1.0,1,0.1289,0.4448
1996-10-27,1996,R,,nfl_0001,nfl_0020,21,31,0.7248,0.0,0,0.5253,1.2901
1996-10-27,1996,R,,nfl_0015,nfl_0008,10,29,0.6342,0.0,0,0.4022,1.0057
1996-10-27,1996,R,,nfl_0009,nfl_0014,34,7,0.6466,1.0,1,0.1249,0.4361
1996-10-27,1996,R,,nfl_0025,nfl_0024,32,13,0.48,1.0,0,0.2704,0.7339
1996-10-27,1996,R,,nfl_0017,nfl_0004,28,25,0.6849,1.0,1,0.0993,0.3785
1996-10-28,1996,R,,nfl_0016,nfl_0006,13,15,0.7474,0.0,0,0.5587,1.3761
1996-11-03,1996,R,,nfl_0002,nfl_0005,20,17,0.3255,1.0,0,0.4549,1.1223
1996-11-03,1996,R,,nfl_0006,nfl_0028,13,10,0.6813,1.0,1,0.1016,0.3838
1996-11-03,1996,R,,nfl_0003,nfl_0007,21,24,0.5771,0.0,0,0.3331,0.8607
1996-11-03,1996,R,,nfl_0012,nfl_0024,19,26,0.6554,0.0,0,0.4296,1.0654
1996-11-03,1996,R,,nfl_0019,nfl_0001,16,8,0.6919,1.0,1,0.0949,0.3683
1996-11-03,1996,R,,nfl_0008,nfl_0022,21,31,0.6099,0.0,0,0.372,0.9414
1996-11-03,1996,R,,nfl_0011,nfl_0010,28,18,0.8258,1.0,1,0.0303,0.1914
1996-11-03,1996,R,,nfl_0023,nfl_0027,42,6,0.8115,1.0,1,0.0355,0.2089
1996-11-03,1996,R,,nfl_0004,nfl_0030,38,13,0.4213,1.0,0,0.3349,0.8645
1996-11-03,1996,R,,nfl_0016,nfl_0014,6,21,0.5889,0.0,0,0.3469,0.889
1996-11-03,1996,R,,nfl_0017,nfl_0015,42,23,0.6548,1.0,1,0.1192,0.4234
1996-11-03,1996,R,,nfl_0025,nfl_0029,23,16,0.4502,1.0,0,0.3023,0.7981
1996-11-03,1996,R,,nfl_0018,nfl_0026,17,24,0.3558,0.0,1,0.1266,0.4397
1996-11-04,1996,R,,nfl_0021,nfl_0009,21,22,0.5244,0.0,0,0.275,0.7431
1996-11-10,1996,R,,nfl_0027,nfl_0002,59,16,0.608,1.0,1,0.1537,0.4976
1996-11-10,1996,R,,nfl_0022,nfl_0004,17,24,0.7041,0.0,0,0.4958,1.2178
1996-11-10,1996,R,,nfl_0007,nfl_0023,34,24,0.4292,1.0,0,0.3259,0.8459
1996-11-10,1996,R,,nfl_0015,nfl_0012,37,13,0.6204,1.0,1,0.1441,0.4774
1996-11-10,1996,R,,nfl_0030,nfl_0001,34,37,0.8066,0.0,0,0.6506,1.643
1996-11-10,1996,R,,nfl_0014,nfl_0011,27,20,0.429,1.0,0,0.326,0.8463
1996-11-10,1996,R,,nfl_0018,nfl_0029,14,31,0.3988,0.0,1,0.1591,0.5089
1996-11-10,1996,R,,nfl_0020,nfl_0017,27,31,0.3298,0.0,1,0.1088,0.4001
1996-11-10,1996,R,,nfl_0028,nfl_0021,20,17,0.3599,1.0,0,0.4097,1.022
1996-11-10,1996,R,,nfl_0009,nfl_0006,17,12,0.817,1.0,1,0.0335,0.2022
1996-11-10,1996,R,,nfl_0026,nfl_0008,17,20,0.6858,0.0,0,0.4703,1.1576
1996-11-10,1996,R,,nfl_0013,nfl_0003,30,27,0.6718,1.0,1,0.1077,0.3979
1996-11-10,1996,R,,nfl_0025,nfl_0016,42,23,0.5654,1.0,1,0.1889,0.5703
1996-11-10,1996,R,,nfl_0005,nfl_0019,27,17,0.6811,1.0,1,0.1017,0.384
1996-11-11,1996,R,,nfl_0024,nfl_0010,27,21,0.6331,1.0,1,0.1346,0.4572
1996-11-17,1996,R,,nfl_0002,nfl_0018,17,15,0.5404,1.0,1,0.2113,0.6155
1996-11-17,1996,R,,nfl_0004,nfl_0007,31,17,0.6654,1.0,1,0.1119,0.4073
1996-11-17,1996,R,,nfl_0027,nfl_0005,10,20,0.4205,0.0,1,0.1768,0.5455
1996-11-17,1996,R,,nfl_0014,nfl_0006,14,10,0.7678,1.0,1,0.0539,0.2642
1996-11-17,1996,R,,nfl_0012,nfl_0020,34,29,0.7237,1.0,1,0.0764,0.3234
1996-11-17,1996,R,,nfl_0017,nfl_0009,8,34,0.5338,0.0,0,0.2849,0.7631
1996-11-17,1996,R,,nfl_0010,nfl_0025,17,16,0.5446,1.0,1,0.2074,0.6078
1996-11-17,1996,R,,nfl_0023,nfl_0013,28,3,0.7379,1.0,1,0.0687,0.3039
1996-11-17,1996,R,,nfl_0022,nfl_0030,21,26,0.6336,0.0,0,0.4014,1.004
1996-11-17,1996,R,,nfl_0001,nfl_0019,31,23,0.5066,1.0,1,0.2434,0.68
1996-11-17,1996,R,,nfl_0029,nfl_0015,20,23,0.6381,0.0,0,0.4072,1.0164
1996-11-17,1996,R,,nfl_0026,nfl_0003,38,20,0.814,1.0,1,0.0346,0.2058
1996-11-17,1996,R,,nfl_0024,nfl_0028,17,25,0.7549,0.0,0,0.5699,1.4062
1996-11-17,1996,R,,nfl_0021,nfl_0016,13,16,0.6918,0.0,0,0.4786,1.1771
1996-11-18,1996,R,,nfl_0008,nfl_0011,21,6,0.4592,1.0,0,0.2924,0.7782
1996-11-24,1996,R,,nfl_0007,nfl_0002,41,31,0.7777,1.0,1,0.0494,0.2514
1996-11-24,1996,R,,nfl_0004,nfl_0020,35,10,0.8371,1.0,1,0.0265,0.1778
1996-11-24,1996,R,,nfl_0029,nfl_0005,6,31,0.5543,0.0,0,0.3072,0.808
1996-11-24,1996,R,,nfl_0006,nfl_0010,31,14,0.5622,1.0,1,0.1917,0.5759
1996-11-24,1996,R,,nfl_0017,nfl_0012,27,13,0.7191,1.0,1,0.0789,0.3298
1996-11-24,1996,R,,nfl_0016,nfl_0009,17,21,0.312,0.0,1,0.0974,0.374
1996-11-24,1996,R,,nfl_0003,nfl_0013,25,28,0.5548,0.0,0,0.3078,0.8092
1996-11-24,1996,R,,nfl_0014,nfl_0024,14,28,0.7337,0.0,0,0.5383,1.3231
1996-11-24,1996,R,,nfl_0028,nfl_0018,13,7,0.6478,1.0,1,0.124,0.4341
1996-11-24,1996,R,,nfl_0030,nfl_0026,16,19,0.5497,0.0,0,0.3022,0.7979
1996-11-24,1996,R,,nfl_0001,nfl_0022,36,30,0.4083,1.0,0,0.3501,0.8957
1996-11-24,1996,R,,nfl_0019,nfl_0008,20,6,0.4204,1.0,0,0.3359,0.8665
1996-11-24,1996,R,,nfl_0025,nfl_0021,21,27,0.5487,0.0,0,0.301,0.7955
1996-11-24,1996,R,,nfl_0027,nfl_0011,9,24,0.305,0.0,1,0.093,0.3638
1996-11-25,1996,R,,nfl_0015,nfl_0023,17,24,0.5333,0.0,0,0.2844,0.7621
1996-11-28,1996,R,,nfl_0010,nfl_0014,24,28,0.4498,0.0,1,0.2023,0.5974
1996-11-28,1996,R,,nfl_0008,nfl_0030,21,10,0.5895,1.0,1,0.1685,0.5285
1996-12-01,1996,R,,nfl_0012,nfl_0004,13,10,0.421,1.0,0,0.3352,0.8651
1996-12-01,1996,R,,nfl_0005,nfl_0028,24,0,0.8355,1.0,1,0.0271,0.1797
1996-12-01,1996,R,,nfl_0011,nfl_0006,28,17,0.8165,1.0,1,0.0337,0.2028
1996-12-01,1996,R,,nfl_0013,nfl_0007,30,27,0.5499,1.0,1,0.2026,0.598
1996-12-01,1996,R,,nfl_0016,nfl_0001,41,17,0.635,1.0,1,0.1332,0.4542
1996-12-01,1996,R,,nfl_0022,nfl_0019,24,0,0.6806,1.0,1,0.102,0.3848
1996-12-01,1996,R,,nfl_0003,nfl_0023,31,17,0.3205,1.0,0,0.4618,1.1379
1996-12-01,1996,R,,nfl_0009,nfl_0025,34,7,0.8457,1.0,1,0.0238,0.1676
1996-12-01,1996,R,,nfl_0021,nfl_0015,17,7,0.6279,1.0,1,0.1385,0.4654
1996-12-01,1996,R,,nfl_0018,nfl_0027,10,26,0.5334,0.0,0,0.2845,0.7622
1996-12-01,1996,R,,nfl_0020,nfl_0029,10,35,0.3716,0.0,1,0.1381,0.4646
1996-12-01,1996,R,,nfl_0024,nfl_0017,7,45,0.5264,0.0,0,0.2771,0.7475
1996-12-02,1996,R,,nfl_0002,nfl_0026,10,34,0.2184,0.0,1,0.0477,0.2464
1996-12-05,1996,R,,nfl_0012,nfl_0022,37,10,0.4432,1.0,0,0.31,0.8137
1996-12-08,1996,R,,nfl_0018,nfl_0002,15,31,0.6183,0.0,0,0.3823,0.9631
1996-12-08,1996,R,,nfl_0006,nfl_0027,35,9,0.6334,1.0,1,0.1344,0.4566
1996-12-08,1996,R,,nfl_0007,nfl_0003,21,14,0.6647,1.0,1,0.1124,0.4084
1996-12-08,1996,R,,nfl_0011,nfl_0009,41,6,0.5396,1.0,1,0.2119,0.6169
1996-12-08,1996,R,,nfl_0029,nfl_0013,17,23,0.6853,0.0,0,0.4697,1.1562
1996-12-08,1996,R,,nfl_0015,nfl_0019,7,17,0.6714,0.0,0,0.4508,1.1131
1996-12-08,1996,R,,nfl_0023,nfl_0024,16,3,0.7452,1.0,1,0.0649,0.2941
1996-12-08,1996,R,,nfl_0028,nfl_0030,24,10,0.3768,1.0,0,0.3883,0.976
1996-12-08,1996,R,,nfl_0025,nfl_0004,26,18,0.4437,1.0,0,0.3095,0.8127
1996-12-08,1996,R,,nfl_0026,nfl_0005,24,30,0.6073,0.0,0,0.3688,0.9346
1996-12-08,1996,R,,nfl_0001,nfl_0008,6,10,0.3657,0.0,1,0.1338,0.4553
1996-12-08,1996,R,,nfl_0017,nfl_0020,34,10,0.897,1.0,1,0.0106,0.1087
1996-12-08,1996,R,,nfl_0010,nfl_0016,22,24,0.5156,0.0,0,0.2659,0.7249
1996-12-09,1996,R,,nfl_0021,nfl_0014,26,7,0.5964,1.0,1,0.1629,0.5168
1996-12-14,1996,R,,nfl_0020,nfl_0022,20,21,0.291,0.0,1,0.0847,0.3439
1996-12-14,1996,R,,nfl_0006,nfl_0024,27,14,0.6411,1.0,1,0.1288,0.4446
1996-12-15,1996,R,,nfl_0002,nfl_0027,27,34,0.5277,0.0,0,0.2785,0.7502
1996-12-15,1996,R,,nfl_0005,nfl_0003,27,16,0.8465,1.0,1,0.0236,0.1666
1996-12-15,1996,R,,nfl_0029,nfl_0007,13,21,0.6217,0.0,0,0.3865,0.972
1996-12-15,1996,R,,nfl_0008,nfl_0017,12,6,0.5487,1.0,1,0.2037,0.6002
1996-12-15,1996,R,,nfl_0010,nfl_0011,3,31,0.2307,0.0,1,0.0532,0.2623
1996-12-15,1996,R,,nfl_0016,nfl_0028,21,10,0.7052,1.0,1,0.0869,0.3493
1996-12-15,1996,R,,nfl_0019,nfl_0018,3,17,0.8277,0.0,0,0.685,1.7583
1996-12-15,1996,R,,nfl_0023,nfl_0026,15,25,0.5627,0.0,0,0.3166,0.8271
1996-12-15,1996,R,,nfl_0014,nfl_0012,19,24,0.6362,0.0,0,0.4047,1.0111
1996-12-15,1996,R,,nfl_0001,nfl_0030,27,26,0.4401,1.0,0,0.3135,0.8208
1996-12-15,1996,R,,nfl_0009,nfl_0021,24,19,0.7114,1.0,1,0.0833,0.3406
1996-12-15,1996,R,,nfl_0013,nfl_0025,20,13,0.6193,1.0,1,0.1449,0.4791
1996-12-16,1996,R,,nfl_0015,nfl_0004,16,14,0.5155,1.0,1,0.2347,0.6626
1996-12-21,1996,R,,nfl_0019,nfl_0017,22,23,0.3728,0.0,1,0.139,0.4666
1996-12-21,1996,R,,nfl_0027,nfl_0018,14,13,0.7322,1.0,1,0.0717,0.3116
1996-12-22,1996,R,,nfl_0013,nfl_0002,19,17,0.7947,1.0,1,0.0421,0.2297
1996-12-22,1996,R,,nfl_0004,nfl_0014,20,9,0.634,1.0,1,0.1339,0.4557
1996-12-22,1996,R,,nfl_0005,nfl_0023,18,14,0.7105,1.0,1,0.0838,0.3418
1996-12-22,1996,R,,nfl_0028,nfl_0006,34,19,0.4709,1.0,0,0.28,0.7531
1996-12-22,1996,R,,nfl_0007,nfl_0012,31,24,0.6066,1.0,1,0.1548,0.4999
1996-12-22,1996,R,,nfl_0022,nfl_0001,29,19,0.7531,1.0,1,0.061,0.2836
1996-12-22,1996,R,,nfl_0011,nfl_0016,38,10,0.8254,1.0,1,0.0305,0.1919
1996-12-22,1996,R,,nfl_0020,nfl_0015,28,31,0.3421,0.0,1,0.117,0.4187
1996-12-22,1996,R,,nfl_0003,nfl_0029,21,24,0.5083,0.0,0,0.2583,0.7098
1996-12-22,1996,R,,nfl_0030,nfl_0008,37,10,0.4798,1.0,0,0.2706,0.7344
1996-12-22,1996,R,,nfl_0021,nfl_0025,21,28,0.7436,0.0,0,0.553,1.3612
1996-12-22,1996,R,,nfl_0024,nfl_0009,16,10,0.2926,1.0,0,0.5004,1.2289
1996-12-23,1996,R,,nfl_0026,nfl_0010,24,14,0.8564,1.0,1,0.0206,0.155
1996-12-28,1996,P,WC,nfl_0004,nfl_0013,27,30,0.6733,0.0,0,0.4533,1.1186
1996-12-28,1996,P,WC,nfl_0008,nfl_0016,40,15,0.6775,1.0,1,0.104,0.3893
1996-12-29,1996,P,WC,nfl_0023,nfl_0012,42,14,0.6842,1.0,1,0.0997,0.3794
1996-12-29,1996,P,WC,nfl_0026,nfl_0022,14,0,0.7226,1.0,1,0.0769,0.3249
1997-01-04,1996,P,DV,nfl_0011,nfl_0026,35,14,0.7223,1.0,1,0.0771,0.3254
1997-01-04,1996,P,DV,nfl_0009,nfl_0013,27,30,0.7904,0.0,0,0.6247,1.5624
1997-01-05,1996,P,DV,nfl_0017,nfl_0023,28,3,0.6748,1.0,1,0.1058,0.3934
1997-01-05,1996,P,DV,nfl_0005,nfl_0008,26,17,0.727,1.0,1,0.0745,0.3189
1997-01-12,1996,P,CC,nfl_0011,nfl_0005,30,13,0.7091,1.0,1,0.0846,0.3437
1997-01-12,1996,P,CC,nfl_0017,nfl_0013,20,6,0.7362,1.0,1,0.0696,0.3062
1997-08-31,1997,R,,nfl_0010,nfl_0002,28,17,0.6286,1.0,1,0.138,0.4643
1997-08-31,1997,R,,nfl_0004,nfl_0016,13,34,0.6268,0.0,0,0.3929,0.9856
1997-08-31,1997,R,,nfl_0007,nfl_0001,24,21,0.6503,1.0,1,0.1223,0.4303
1997-08-31,1997,R,,nfl_0015,nfl_0012,16,10,0.6142,1.0,1,0.1488,0.4874
1997-08-31,1997,R,,nfl_0023,nfl_0008,7,37,0.5969,0.0,0,0.3563,0.9086
1997-08-31,1997,R,,nfl_0027,nfl_0018,38,24,0.647,1.0,1,0.1246,0.4354
1997-08-31,1997,R,,nfl_0017,nfl_0024,41,7,0.6831,1.0,1,0.1004,0.3811
1997-08-31,1997,R,,nfl_0019,nfl_0022,31,17,0.5673,1.0,1,0.1872,0.5669
1997-08-31,1997,R,,nfl_0029,nfl_0021,24,21,0.5786,1.0,1,0.1776,0.5472
1997-08-31,1997,R,,nfl_0009,nfl_0014,19,3,0.657,1.0,1,0.1176,0.42
1997-08-31,1997,R,,nfl_0003,nfl_0013,27,28,0.5553,0.0,0,0.3084,0.8104
1997-08-31,1997,R,,nfl_0025,nfl_0020,3,41,0.676,0.0,0,0.457,1.127
1997-08-31,1997,R,,nfl_0028,nfl_0026,13,6,0.5179,1.0,1,0.2324,0.6579
1997-08-31,1997,R,,nfl_0005,nfl_0030,10,24,0.6408,0.0,0,0.4106,1.0239
1997-09-01,1997,R,,nfl_0011,nfl_0006,38,24,0.7161,1.0,1,0.0806,0.3339
1997-09-07,1997,R,,nfl_0002,nfl_0005,6,9,0.493,0.0,1,0.243,0.6792
1997-09-07,1997,R,,nfl_0020,nfl_0004,22,28,0.6727,0.0,0,0.4525,1.1169
1997-09-07,1997,R,,nfl_0006,nfl_0016,24,27,0.4978,0.0,1,0.2478,0.6888
1997-09-07,1997,R,,nfl_0003,nfl_0007,23,10,0.5228,1.0,1,0.2277,0.6485
1997-09-07,1997,R,,nfl_0012,nfl_0017,6,31,0.4533,0.0,1,0.2055,0.6039
1997-09-07,1997,R,,nfl_0010,nfl_0028,17,24,0.5854,0.0,0,0.3426,0.8803
1997-09-07,1997,R,,nfl_0015,nfl_0029,16,13,0.6163,1.0,1,0.1472,0.484
1997-09-07,1997,R,,nfl_0018,nfl_0024,6,20,0.5585,0.0,0,0.3119,0.8175
1997-09-07,1997,R,,nfl_0023,nfl_0030,14,13,0.4677,1.0,0,0.2834,0.76
1997-09-07,1997,R,,nfl_0027,nfl_0026,12,15,0.5704,0.0,0,0.3254,0.8449
1997-09-07,1997,R,,nfl_0025,nfl_0009,14,35,0.395,0.0,1,0.1561,0.5026
1997-09-07,1997,R,,nfl_0022,nfl_0011,10,9,0.4452,1.0,0,0.3078,0.8092
1997-09-07,1997,R,,nfl_0013,nfl_0019,40,13,0.6086,1.0,1,0.1532,0.4966
1997-09-07,1997,R,,nfl_0001,nfl_0008,25,22,0.4353,1.0,0,0.3189,0.8318
1997-09-08,1997,R,,nfl_0021,nfl_0014,27,28,0.6464,0.0,0,0.4178,1.0395
1997-09-14,1997,R,,nfl_0002,nfl_0021,31,36,0.501,0.0,0,0.251,0.6952
1997-09-14,1997,R,,nfl_0014,nfl_0004,22,16,0.5915,1.0,1,0.1669,0.5251
1997-09-14,1997,R,,nfl_0006,nfl_0010,7,32,0.599,0.0,0,0.3588,0.9137
1997-09-14,1997,R,,nfl_0030,nfl_0001,19,13,0.6945,1.0,1,0.0933,0.3645
1997-09-14,1997,R,,nfl_0011,nfl_0015,23,18,0.6875,1.0,1,0.0977,0.3748
1997-09-14,1997,R,,nfl_0016,nfl_0028,14,28,0.6436,0.0,0,0.4142,1.0316
1997-09-14,1997,R,,nfl_0019,nfl_0003,23,24,0.5848,0.0,0,0.342,0.879
1997-09-14,1997,R,,nfl_0024,nfl_0005,7,26,0.5517,0.0,0,0.3044,0.8023
1997-09-14,1997,R,,nfl_0012,nfl_0025,3,31,0.6683,0.0,0,0.4466,1.1034
1997-09-14,1997,R,,nfl_0009,nfl_0027,35,14,0.7391,1.0,1,0.0681,0.3023
1997-09-14,1997,R,,nfl_0026,nfl_0018,33,7,0.7803,1.0,1,0.0483,0.2481
1997-09-14,1997,R,,nfl_0017,nfl_0020,27,24,0.7614,1.0,1,0.0569,0.2726
1997-09-15,1997,R,,nfl_0008,nfl_0022,21,20,0.7063,1.0,1,0.0862,0.3477
1997-09-21,1997,R,,nfl_0029,nfl_0003,10,36,0.6346,0.0,0,0.4027,1.0067
1997-09-21,1997,R,,nfl_0005,nfl_0014,14,35,0.6765,0.0,0,0.4576,1.1284
1997-09-21,1997,R,,nfl_0017,nfl_0006,31,3,0.8449,1.0,1,0.0241,0.1685
1997-09-21,1997,R,,nfl_0018,nfl_0010,35,17,0.3922,1.0,0,0.3695,0.9361
1997-09-21,1997,R,,nfl_0011,nfl_0016,38,32,0.7089,1.0,1,0.0848,0.3441
1997-09-21,1997,R,,nfl_0020,nfl_0021,23,22,0.5724,1.0,1,0.1829,0.5579
1997-09-21,1997,R,,nfl_0009,nfl_0007,38,20,0.7277,1.0,1,0.0741,0.3178
1997-09-21,1997,R,,nfl_0026,nfl_0002,34,7,0.787,1.0,1,0.0453,0.2395
1997-09-21,1997,R,,nfl_0004,nfl_0012,37,35,0.7274,1.0,1,0.0743,0.3183
1997-09-21,1997,R,,nfl_0027,nfl_0019,13,3,0.6032,1.0,1,0.1575,0.5056
1997-09-21,1997,R,,nfl_0025,nfl_0024,26,22,0.6025,1.0,1,0.158,0.5066
1997-09-21,1997,R,,nfl_0028,nfl_0015,31,21,0.669,1.0,1,0.1096,0.402
1997-09-22,1997,R,,nfl_0013,nfl_0023,30,21,0.7102,1.0,1,0.084,0.3423
1997-09-28,1997,R,,nfl_0028,nfl_0001,19,18,0.7193,1.0,1,0.0788,0.3294
1997-09-28,1997,R,,nfl_0030,nfl_0013,24,12,0.6225,1.0,1,0.1425,0.474
1997-09-28,1997,R,,nfl_0023,nfl_0029,37,24,0.6185,1.0,1,0.1456,0.4805
1997-09-28,1997,R,,nfl_0002,nfl_0009,21,29,0.2708,0.0,1,0.0733,0.3158
1997-09-28,1997,R,,nfl_0010,nfl_0011,26,15,0.4249,1.0,0,0.3307,0.8559
1997-09-28,1997,R,,nfl_0019,nfl_0018,14,9,0.655,1.0,1,0.119,0.4231
1997-09-28,1997,R,,nfl_0007,nfl_0020,14,31,0.5685,0.0,0,0.3232,0.8406
1997-09-28,1997,R,,nfl_0008,nfl_0006,27,3,0.8341,1.0,1,0.0275,0.1814
1997-09-28,1997,R,,nfl_0014,nfl_0025,20,17,0.7175,1.0,1,0.0798,0.3319
1997-09-28,1997,R,,nfl_0021,nfl_0027,35,17,0.6254,1.0,1,0.1403,0.4693
1997-09-28,1997,R,,nfl_0024,nfl_0003,21,17,0.4238,1.0,0,0.332,0.8584
1997-09-28,1997,R,,nfl_0016,nfl_0022,28,19,0.5957,1.0,1,0.1634,0.518
1997-09-29,1997,R,,nfl_0005,nfl_0026,21,34,0.5078,0.0,0,0.2579,0.709
1997-10-05,1997,R,,nfl_0004,nfl_0010,22,13,0.5946,1.0,1,0.1643,0.5199
1997-10-05,1997,R,,nfl_0013,nfl_0007,21,13,0.7408,1.0,1,0.0672,0.3
1997-10-05,1997,R,,nfl_0019,nfl_0008,20,17,0.4168,1.0,0,0.3401,0.8752
1997-10-05,1997,R,,nfl_0022,nfl_0030,24,10,0.4497,1.0,0,0.3028,0.7991
1997-10-05,1997,R,,nfl_0003,nfl_0023,34,42,0.6916,0.0,0,0.4783,1.1764
1997-10-05,1997,R,,nfl_0011,nfl_0028,21,16,0.5977,1.0,1,0.1618,0.5146
1997-10-05,1997,R,,nfl_0015,nfl_0014,17,14,0.5583,1.0,1,0.1951,0.5829
1997-10-05,1997,R,,nfl_0012,nfl_0020,12,16,0.4078,0.0,1,0.1663,0.5239
1997-10-05,1997,R,,nfl_0001,nfl_0016,19,20,0.513,0.0,0,0.2632,0.7195
1997-10-05,1997,R,,nfl_0025,nfl_0029,16,13,0.6562,1.0,1,0.1182,0.4213
1997-10-05,1997,R,,nfl_0021,nfl_0024,10,25,0.7019,0.0,0,0.4926,1.2102
1997-10-05,1997,R,,nfl_0006,nfl_0018,17,20,0.5772,0.0,0,0.3331,0.8608
1997-10-06,1997,R,,nfl_0009,nfl_0017,34,13,0.5672,1.0,1,0.1873,0.5671
1997-10-12,1997,R,,nfl_0018,nfl_0002,17,23,0.619,0.0,0,0.3832,0.965
1997-10-12,1997,R,,nfl_0017,nfl_0004,33,6,0.7318,1.0,1,0.072,0.3123
1997-10-12,1997,R,,nfl_0029,nfl_0007,30,7,0.5762,1.0,1,0.1796,0.5513
1997-10-12,1997,R,,nfl_0013,nfl_0022,38,21,0.6778,1.0,1,0.1038,0.3889
1997-10-12,1997,R,,nfl_0020,nfl_0015,20,31,0.6463,0.0,0,0.4177,1.0392
1997-10-12,1997,R,,nfl_0006,nfl_0011,23,24,0.2908,0.0,1,0.0846,0.3437
1997-10-12,1997,R,,nfl_0028,nfl_0010,9,27,0.7,0.0,0,0.49,1.204
1997-10-12,1997,R,,nfl_0016,nfl_0005,21,14,0.6347,1.0,1,0.1335,0.4547
1997-10-12,1997,R,,nfl_0001,nfl_0019,13,27,0.5709,0.0,0,0.3259,0.8461
1997-10-12,1997,R,,nfl_0026,nfl_0027,30,10,0.7706,1.0,1,0.0526,0.2606
1997-10-12,1997,R,,nfl_0023,nfl_0012,24,22,0.7786,1.0,1,0.049,0.2503
1997-10-13,1997,R,,nfl_0030,nfl_0008,21,16,0.559,1.0,1,0.1945,0.5816
1997-10-16,1997,R,,nfl_0014,nfl_0024,31,3,0.6722,1.0,1,0.1075,0.3972
1997-10-19,1997,R,,nfl_0002,nfl_0026,28,35,0.2945,0.0,1,0.0867,0.3488
1997-10-19,1997,R,,nfl_0018,nfl_0005,0,13,0.4898,0.0,1,0.2399,0.673
1997-10-19,1997,R,,nfl_0022,nfl_0001,13,10,0.6871,1.0,1,0.0979,0.3753
1997-10-19,1997,R,,nfl_0008,nfl_0013,26,22,0.572,1.0,1,0.1832,0.5586
1997-10-19,1997,R,,nfl_0020,nfl_0017,24,19,0.4316,1.0,0,0.3231,0.8403
1997-10-19,1997,R,,nfl_0029,nfl_0030,28,14,0.4462,1.0,0,0.3067,0.8069
1997-10-19,1997,R,,nfl_0027,nfl_0025,9,17,0.543,0.0,0,0.2949,0.7831
1997-10-19,1997,R,,nfl_0007,nfl_0023,10,26,0.4298,0.0,1,0.1847,0.5617
1997-10-19,1997,R,,nfl_0021,nfl_0009,28,25,0.3509,1.0,0,0.4213,1.0472
1997-10-19,1997,R,,nfl_0003,nfl_0015,13,24,0.6006,0.0,0,0.3607,0.9177
1997-10-19,1997,R,,nfl_0010,nfl_0019,20,26,0.6501,0.0,0,0.4226,1.05
1997-10-20,1997,R,,nfl_0012,nfl_0004,6,9,0.4337,0.0,1,0.1881,0.5686
1997-10-26,1997,R,,nfl_0004,nfl_0009,20,23,0.3551,0.0,1,0.1261,0.4387
1997-10-26,1997,R,,nfl_0019,nfl_0007,29,27,0.7886,1.0,1,0.0447,0.2375
1997-10-26,1997,R,,nfl_0022,nfl_0008,13,12,0.4806,1.0,0,0.2697,0.7326
1997-10-26,1997,R,,nfl_0027,nfl_0014,20,28,0.3807,0.0,1,0.1449,0.4791
1997-10-26,1997,R,,nfl_0030,nfl_0003,17,20,0.6566,0.0,0,0.4311,1.0688
1997-10-26,1997,R,,nfl_0018,nfl_0026,0,23,0.2453,0.0,1,0.0602,0.2815
1997-10-26,1997,R,,nfl_0024,nfl_0012,35,19,0.7533,1.0,1,0.0609,0.2834
1997-10-26,1997,R,,nfl_0001,nfl_0029,14,41,0.518,0.0,0,0.2683,0.7298
1997-10-26,1997,R,,nfl_0023,nfl_0013,23,17,0.5628,1.0,1,0.1912,0.5749
1997-10-26,1997,R,,nfl_0028,nfl_0016,6,10,0.5744,0.0,0,0.33,0.8543
1997-10-26,1997,R,,nfl_0025,nfl_0021,45,34,0.5805,1.0,1,0.176,0.5439
1997-10-26,1997,R,,nfl_0005,nfl_0002,21,12,0.7379,1.0,1,0.0687,0.304
1997-10-27,1997,R,,nfl_0015,nfl_0006,33,36,0.8141,0.0,0,0.6628,1.6827
1997-10-27,1997,R,,nfl_0017,nfl_0011,10,28,0.5896,0.0,0,0.3476,0.8906
1997-11-02,1997,R,,nfl_0002,nfl_0027,34,31,0.553,1.0,1,0.1998,0.5924
1997-11-02,1997,R,,nfl_0004,nfl_0015,9,6,0.4974,1.0,0,0.2526,0.6984
1997-11-02,1997,R,,nfl_0005,nfl_0021,38,14,0.6409,1.0,1,0.129,0.4449
1997-11-02,1997,R,,nfl_0006,nfl_0030,8,31,0.3909,0.0,1,0.1528,0.4958
1997-11-02,1997,R,,nfl_0007,nfl_0024,38,31,0.4388,1.0,0,0.315,0.8238
1997-11-02,1997,R,,nfl_0012,nfl_0028,28,31,0.3573,0.0,1,0.1276,0.442
1997-11-02,1997,R,,nfl_0016,nfl_0017,23,18,0.5863,1.0,1,0.1711,0.5339
1997-11-02,1997,R,,nfl_0020,nfl_0003,19,16,0.6639,1.0,1,0.113,0.4096
1997-11-02,1997,R,,nfl_0001,nfl_0022,31,21,0.4232,1.0,0,0.3326,0.8598
1997-11-02,1997,R,,nfl_0026,nfl_0008,17,10,0.713,1.0,1,0.0823,0.3382
1997-11-02,1997,R,,nfl_0009,nfl_0025,30,27,0.7869,1.0,1,0.0454,0.2397
1997-11-02,1997,R,,nfl_0029,nfl_0013,24,30,0.5417,0.0,0,0.2934,0.7801
1997-11-02,1997,R,,nfl_0011,nfl_0010,20,10,0.7096,1.0,1,0.0843,0.343
1997-11-03,1997,R,,nfl_0014,nfl_0023,13,10,0.6571,1.0,1,0.1176,0.4199
1997-11-09,1997,R,,nfl_0002,nfl_0028,10,31,0.424,0.0,1,0.1798,0.5517
1997-11-09,1997,R,,nfl_0016,nfl_0006,29,22,0.8459,1.0,1,0.0238,0.1674
1997-11-09,1997,R,,nfl_0012,nfl_0007,13,28,0.5278,0.0,0,0.2785,0.7503
1997-11-09,1997,R,,nfl_0008,nfl_0001,24,6,0.7909,1.0,1,0.0437,0.2346
1997-11-09,1997,R,,nfl_0030,nfl_0010,30,7,0.6396,1.0,1,0.1299,0.4469
1997-11-09,1997,R,,nfl_0011,nfl_0027,17,7,0.8619,1.0,1,0.0191,0.1487
1997-11-09,1997,R,,nfl_0013,nfl_0014,24,10,0.5778,1.0,1,0.1782,0.5485
1997-11-09,1997,R,,nfl_0015,nfl_0020,24,17,0.6225,1.0,1,0.1425,0.474
1997-11-09,1997,R,,nfl_0004,nfl_0017,10,31,0.498,0.0,1,0.248,0.6891
1997-11-09,1997,R,,nfl_0009,nfl_0005,34,0,0.763,1.0,1,0.0561,0.2704
1997-11-09,1997,R,,nfl_0021,nfl_0018,10,13,0.7056,0.0,0,0.4979,1.2229
1997-11-09,1997,R,,nfl_0029,nfl_0019,10,6,0.5235,1.0,1,0.227,0.6471
1997-11-09,1997,R,,nfl_0024,nfl_0025,31,37,0.542,0.0,0,0.2937,0.7808
1997-11-09,1997,R,,nfl_0023,nfl_0003,37,0,0.6478,1.0,1,0.124,0.4341
1997-11-10,1997,R,,nfl_0022,nfl_0026,12,24,0.3397,0.0,1,0.1154,0.415
1997-11-16,1997,R,,nfl_0027,nfl_0002,21,27,0.6489,0.0,0,0.421,1.0465
1997-11-16,1997,R,,nfl_0023,nfl_0007,20,3,0.8036,1.0,1,0.0386,0.2186
1997-11-16,1997,R,,nfl_0012,nfl_0011,41,38,0.1642,1.0,0,0.6985,1.8064
1997-11-16,1997,R,,nfl_0019,nfl_0001,19,10,0.7632,1.0,1,0.0561,0.2703
1997-11-16,1997,R,,nfl_0014,nfl_0009,24,22,0.4446,1.0,0,0.3084,0.8105
1997-11-16,1997,R,,nfl_0010,nfl_0016,38,15,0.4786,1.0,0,0.2718,0.7368
1997-11-16,1997,R,,nfl_0013,nfl_0029,17,9,0.7173,1.0,1,0.0799,0.3323
1997-11-16,1997,R,,nfl_0018,nfl_0025,20,17,0.3819,1.0,0,0.382,0.9625
1997-11-16,1997,R,,nfl_0028,nfl_0017,27,7,0.5163,1.0,1,0.234,0.661
1997-11-16,1997,R,,nfl_0003,nfl_0022,10,10,0.6165,0.5,0,0.0136,0.721
1997-11-16,1997,R,,nfl_0026,nfl_0005,27,19,0.785,1.0,1,0.0462,0.242
1997-11-16,1997,R,,nfl_0006,nfl_0020,15,23,0.3542,0.0,1,0.1255,0.4373
1997-11-16,1997,R,,nfl_0008,nfl_0030,17,14,0.5983,1.0,1,0.1614,0.5137
1997-11-16,1997,R,,nfl_0024,nfl_0021,13,38,0.6046,0.0,0,0.3655,0.9278
1997-11-17,1997,R,,nfl_0015,nfl_0004,30,13,0.7353,1.0,1,0.07,0.3074
1997-11-23,1997,R,,nfl_0002,nfl_0018,20,3,0.6193,1.0,1,0.145,0.4792
1997-11-23,1997,R,,nfl_0029,nfl_0004,31,14,0.6808,1.0,1,0.1019,0.3846
1997-11-23,1997,R,,nfl_0006,nfl_0028,13,7,0.2771,1.0,0,0.5226,1.2834
1997-11-23,1997,R,,nfl_0010,nfl_0012,32,10,0.8399,1.0,1,0.0256,0.1745
1997-11-23,1997,R,,nfl_0003,nfl_0001,13,16,0.7148,0.0,0,0.511,1.2546
1997-11-23,1997,R,,nfl_0011,nfl_0008,45,17,0.6843,1.0,1,0.0996,0.3793
1997-11-23,1997,R,,nfl_0017,nfl_0015,27,24,0.6019,1.0,1,0.1585,0.5077
1997-11-23,1997,R,,nfl_0020,nfl_0016,23,21,0.5919,1.0,1,0.1666,0.5244
1997-11-23,1997,R,,nfl_0022,nfl_0023,23,20,0.4141,1.0,0,0.3433,0.8818
1997-11-23,1997,R,,nfl_0027,nfl_0005,10,16,0.417,0.0,1,0.1739,0.5396
1997-11-23,1997,R,,nfl_0007,nfl_0013,31,26,0.3112,1.0,0,0.4745,1.1674
1997-11-23,1997,R,,nfl_0025,nfl_0014,14,19,0.4948,0.0,1,0.2449,0.6829
1997-11-23,1997,R,,nfl_0026,nfl_0024,17,10,0.8901,1.0,1,0.0121,0.1164
1997-11-23,1997,R,,nfl_0030,nfl_0019,7,7,0.6517,0.5,0,0.023,0.7414
1997-11-24,1997,R,,nfl_0009,nfl_0021,31,3,0.8152,1.0,1,0.0341,0.2043
1997-11-27,1997,R,,nfl_0010,nfl_0006,55,20,0.8149,1.0,1,0.0343,0.2047
1997-11-27,1997,R,,nfl_0008,nfl_0029,14,27,0.655,0.0,0,0.429,1.0642
1997-11-30,1997,R,,nfl_0004,nfl_0020,20,10,0.439,1.0,0,0.3147,0.8233
1997-11-30,1997,R,,nfl_0005,nfl_0018,13,16,0.8019,0.0,0,0.6431,1.6192
1997-11-30,1997,R,,nfl_0022,nfl_0007,44,42,0.6765,1.0,1,0.1046,0.3908
1997-11-30,1997,R,,nfl_0017,nfl_0012,20,17,0.8824,1.0,1,0.0138,0.1251
1997-11-30,1997,R,,nfl_0013,nfl_0003,29,27,0.7735,1.0,1,0.0513,0.2568
1997-11-30,1997,R,,nfl_0014,nfl_0026,44,9,0.4843,1.0,0,0.266,0.7251
1997-11-30,1997,R,,nfl_0030,nfl_0027,20,23,0.8229,0.0,0,0.6772,1.7312
1997-11-30,1997,R,,nfl_0025,nfl_0002,17,24,0.7153,0.0,0,0.5117,1.2563
1997-11-30,1997,R,,nfl_0001,nfl_0023,20,26,0.3343,0.0,1,0.1117,0.4069
1997-11-30,1997,R,,nfl_0021,nfl_0015,16,34,0.4597,0.0,1,0.2114,0.6157
1997-11-30,1997,R,,nfl_0019,nfl_0028,8,20,0.5655,0.0,0,0.3198,0.8335
1997-11-30,1997,R,,nfl_0024,nfl_0009,28,38,0.2145,0.0,1,0.046,0.2414
1997-12-01,1997,R,,nfl_0016,nfl_0011,11,27,0.413,0.0,1,0.1705,0.5327
1997-12-04,1997,R,,nfl_0007,nfl_0029,41,14,0.4031,1.0,0,0.3563,0.9085
1997-12-07,1997,R,,nfl_0006,nfl_0004,20,3,0.4532,1.0,0,0.299,0.7915
1997-12-07,1997,R,,nfl_0023,nfl_0009,35,24,0.4427,1.0,0,0.3106,0.8149
1997-12-07,1997,R,,nfl_0028,nfl_0011,6,17,0.4533,0.0,1,0.2055,0.6038
1997-12-07,1997,R,,nfl_0013,nfl_0017,20,26,0.6129,0.0,0,0.3757,0.9492
1997-12-07,1997,R,,nfl_0014,nfl_0021,30,0,0.8239,1.0,1,0.031,0.1938
1997-12-07,1997,R,,nfl_0018,nfl_0027,27,34,0.5826,0.0,0,0.3395,0.8738
1997-12-07,1997,R,,nfl_0022,nfl_0019,21,31,0.569,0.0,0,0.3238,0.8417
1997-12-07,1997,R,,nfl_0003,nfl_0025,31,24,0.5562,1.0,1,0.197,0.5867
1997-12-07,1997,R,,nfl_0024,nfl_0002,3,14,0.5299,0.0,0,0.2808,0.7547
1997-12-07,1997,R,,nfl_0020,nfl_0012,14,22,0.8385,0.0,0,0.7031,1.8232
1997-12-07,1997,R,,nfl_0001,nfl_0030,28,38,0.3744,0.0,1,0.1402,0.4691
1997-12-07,1997,R,,nfl_0026,nfl_0016,28,17,0.7682,1.0,1,0.0537,0.2637
1997-12-07,1997,R,,nfl_0015,nfl_0010,33,30,0.6468,1.0,1,0.1248,0.4358
1997-12-08,1997,R,,nfl_0008,nfl_0005,13,23,0.6378,0.0,0,0.4068,1.0156
1997-12-13,1997,R,,nfl_0019,nfl_0030,30,10,0.555,1.0,1,0.1981,0.5889
1997-12-13,1997,R,,nfl_0017,nfl_0023,21,24,0.5957,0.0,0,0.3548,0.9056
1997-12-14,1997,R,,nfl_0002,nfl_0022,20,17,0.6014,1.0,1,0.1589,0.5085
1997-12-14,1997,R,,nfl_0004,nfl_0013,14,20,0.3827,0.0,1,0.1465,0.4824
1997-12-14,1997,R,,nfl_0007,nfl_0008,31,24,0.5493,1.0,1,0.2031,0.5991
1997-12-14,1997,R,,nfl_0012,nfl_0015,41,0,0.2397,1.0,0,0.578,1.4282
1997-12-14,1997,R,,nfl_0016,nfl_0010,13,14,0.5338,0.0,0,0.285,0.7632
1997-12-14,1997,R,,nfl_0020,nfl_0028,31,0,0.5058,1.0,1,0.2443,0.6817
1997-12-14,1997,R,,nfl_0003,nfl_0029,21,19,0.537,1.0,1,0.2144,0.6218
1997-12-14,1997,R,,nfl_0005,nfl_0011,10,31,0.3436,0.0,1,0.1181,0.421
1997-12-14,1997,R,,nfl_0018,nfl_0001,27,10,0.5703,1.0,1,0.1846,0.5615
1997-12-14,1997,R,,nfl_0024,nfl_0014,7,29,0.2102,0.0,1,0.0442,0.236
1997-12-14,1997,R,,nfl_0021,nfl_0025,21,22,0.5664,0.0,0,0.3208,0.8356
1997-12-14,1997,R,,nfl_0027,nfl_0006,10,13,0.6504,0.0,0,0.423,1.0508
1997-12-15,1997,R,,nfl_0026,nfl_0009,34,17,0.5621,1.0,1,0.1917,0.576
1997-12-20,1997,R,,nfl_0011,nfl_0004,31,21,0.9029,1.0,1,0.0094,0.1021
1997-12-20,1997,R,,nfl_0005,nfl_0027,18,30,0.7533,0.0,0,0.5674,1.3994
1997-12-21,1997,R,,nfl_0028,nfl_0006,31,15,0.7731,1.0,1,0.0515,0.2573
1997-12-21,1997,R,,nfl_0007,nfl_0003,16,14,0.6054,1.0,1,0.1557,0.5019
1997-12-21,1997,R,,nfl_0016,nfl_0012,39,28,0.7189,1.0,1,0.079,0.3301
1997-12-21,1997,R,,nfl_0008,nfl_0019,7,20,0.4958,0.0,1,0.2458,0.6848
1997-12-21,1997,R,,nfl_0014,nfl_0018,25,13,0.897,1.0,1,0.0106,0.1086
1997-12-21,1997,R,,nfl_0029,nfl_0023,16,6,0.4116,1.0,0,0.3462,0.8878
1997-12-21,1997,R,,nfl_0030,nfl_0022,35,32,0.7189,1.0,1,0.079,0.3301
1997-12-21,1997,R,,nfl_0001,nfl_0002,29,26,0.4384,1.0,0,0.3154,0.8247
1997-12-21,1997,R,,nfl_0009,nfl_0024,38,3,0.8956,1.0,1,0.0109,0.1102
1997-12-21,1997,R,,nfl_0010,nfl_0020,13,10,0.642,1.0,1,0.1281,0.4431
1997-12-21,1997,R,,nfl_0021,nfl_0013,9,20,0.3792,0.0,1,0.1438,0.4768
1997-12-21,1997,R,,nfl_0025,nfl_0026,38,9,0.3315,1.0,0,0.447,1.1043
1997-12-22,1997,R,,nfl_0015,nfl_0017,12,14,0.5042,0.0,0,0.2542,0.7015
1997-12-27,1997,P,WC,nfl_0019,nfl_0016,22,23,0.6999,0.0,0,0.4898,1.2036
1997-12-27,1997,P,WC,nfl_0009,nfl_0013,42,17,0.6856,1.0,1,0.0988,0.3774
1997-12-28,1997,P,WC,nfl_0017,nfl_0015,17,3,0.7081,1.0,1,0.0852,0.3452
1997-12-28,1997,P,WC,nfl_0028,nfl_0010,20,10,0.5542,1.0,1,0.1988,0.5903
1998-01-03,1997,P,DV,nfl_0023,nfl_0017,7,6,0.6,1.0,1,0.16,0.5108
1998-01-03,1997,P,DV,nfl_0026,nfl_0016,38,22,0.7698,1.0,1,0.053,0.2617
1998-01-04,1997,P,DV,nfl_0011,nfl_0028,21,7,0.8288,1.0,1,0.0293,0.1878
1998-01-04,1997,P,DV,nfl_0014,nfl_0009,10,14,0.6225,0.0,0,0.3875,0.9741
1998-01-11,1997,P,CC,nfl_0023,nfl_0009,21,24,0.4636,0.0,1,0.2149,0.6228
1998-01-11,1997,P,CC,nfl_0026,nfl_0011,10,23,0.4714,0.0,1,0.2222,0.6375
1998-09-06,1998,R,,nfl_0005,nfl_0002,14,19,0.6132,0.0,0,0.3761,0.9499
1998-09-06,1998,R,,nfl_0006,nfl_0013,23,24,0.5133,0.0,0,0.2634,0.72
1998-09-06,1998,R,,nfl_0007,nfl_0029,14,23,0.5877,0.0,0,0.3454,0.886
1998-09-06,1998,R,,nfl_0011,nfl_0010,38,19,0.6888,1.0,1,0.0968,0.3728
1998-09-06,1998,R,,nfl_0016,nfl_0028,31,7,0.585,1.0,1,0.1722,0.5361
1998-09-06,1998,R,,nfl_0027,nfl_0018,17,24,0.6244,0.0,0,0.3898,0.9791
1998-09-06,1998,R,,nfl_0019,nfl_0030,31,24,0.6151,1.0,1,0.1481,0.4859
1998-09-06,1998,R,,nfl_0022,nfl_0025,0,38,0.5695,0.0,0,0.3243,0.8428
1998-09-06,1998,R,,nfl_0003,nfl_0023,13,20,0.547,0.0,0,0.2992,0.7919
1998-09-06,1998,R,,nfl_0008,nfl_0001,38,10,0.6451,1.0,1,0.126,0.4384
1998-09-06,1998,R,,nfl_0024,nfl_0004,16,14,0.5732,1.0,1,0.1821,0.5565
1998-09-06,1998,R,,nfl_0012,nfl_0015,15,24,0.5534,0.0,0,0.3062,0.8061
1998-09-06,1998,R,,nfl_0026,nfl_0020,36,30,0.6397,1.0,1,0.1298,0.4468
1998-09-06,1998,R,,nfl_0014,nfl_0021,28,8,0.6974,1.0,1,0.0915,0.3603
1998-09-07,1998,R,,nfl_0009,nfl_0017,27,21,0.6442,1.0,1,0.1266,0.4397
1998-09-13,1998,R,,nfl_0002,nfl_0022,17,12,0.7191,1.0,1,0.0789,0.3297
1998-09-13,1998,R,,nfl_0015,nfl_0004,13,7,0.6885,1.0,1,0.097,0.3733
1998-09-13,1998,R,,nfl_0018,nfl_0005,19,14,0.6225,1.0,1,0.1425,0.474
1998-09-13,1998,R,,nfl_0023,nfl_0006,17,12,0.7275,1.0,1,0.0742,0.3181
1998-09-13,1998,R,,nfl_0010,nfl_0007,28,34,0.6368,0.0,0,0.4056,1.0129
1998-09-13,1998,R,,nfl_0011,nfl_0028,23,15,0.7616,1.0,1,0.0568,0.2723
1998-09-13,1998,R,,nfl_0013,nfl_0014,21,16,0.5467,1.0,1,0.2055,0.6038
1998-09-13,1998,R,,nfl_0027,nfl_0016,31,38,0.4748,0.0,1,0.2254,0.6439
1998-09-13,1998,R,,nfl_0020,nfl_0003,10,24,0.6464,0.0,0,0.4179,1.0397
1998-09-13,1998,R,,nfl_0029,nfl_0024,7,13,0.6954,0.0,0,0.4835,1.1887
1998-09-13,1998,R,,nfl_0025,nfl_0001,33,14,0.7828,1.0,1,0.0472,0.2449
1998-09-13,1998,R,,nfl_0009,nfl_0008,42,23,0.6638,1.0,1,0.113,0.4098
1998-09-13,1998,R,,nfl_0021,nfl_0019,20,17,0.4797,1.0,0,0.2707,0.7345
1998-09-13,1998,R,,nfl_0017,nfl_0012,29,6,0.6997,1.0,1,0.0902,0.3571
1998-09-14,1998,R,,nfl_0030,nfl_0026,10,45,0.5338,0.0,0,0.2849,0.7631
1998-09-20,1998,R,,nfl_0004,nfl_0027,33,34,0.6279,0.0,0,0.3942,0.9885
1998-09-20,1998,R,,nfl_0007,nfl_0011,6,13,0.4118,0.0,1,0.1696,0.5307
1998-09-20,1998,R,,nfl_0020,nfl_0012,44,6,0.6633,1.0,1,0.1134,0.4105
1998-09-20,1998,R,,nfl_0016,nfl_0010,29,6,0.7077,1.0,1,0.0855,0.3458
1998-09-20,1998,R,,nfl_0014,nfl_0024,23,7,0.6972,1.0,1,0.0917,0.3607
1998-09-20,1998,R,,nfl_0015,nfl_0023,21,0,0.578,1.0,1,0.1781,0.5483
1998-09-20,1998,R,,nfl_0017,nfl_0029,27,16,0.6532,1.0,1,0.1203,0.4258
1998-09-20,1998,R,,nfl_0028,nfl_0006,27,15,0.6302,1.0,1,0.1367,0.4617
1998-09-20,1998,R,,nfl_0025,nfl_0030,24,14,0.7858,1.0,1,0.0459,0.241
1998-09-20,1998,R,,nfl_0021,nfl_0009,17,34,0.4065,0.0,1,0.1652,0.5217
1998-09-20,1998,R,,nfl_0013,nfl_0003,24,10,0.6609,1.0,1,0.115,0.4142
1998-09-20,1998,R,,nfl_0001,nfl_0022,17,3,0.6013,1.0,1,0.159,0.5087
1998-09-21,1998,R,,nfl_0019,nfl_0008,7,31,0.6318,0.0,0,0.3992,0.9992
1998-09-27,1998,R,,nfl_0005,nfl_0011,30,37,0.3966,0.0,1,0.1573,0.5051
1998-09-27,1998,R,,nfl_0012,nfl_0018,13,19,0.3893,0.0,1,0.1516,0.4932
1998-09-27,1998,R,,nfl_0027,nfl_0001,17,20,0.6182,0.0,0,0.3822,0.9628
1998-09-27,1998,R,,nfl_0008,nfl_0021,12,13,0.7488,0.0,0,0.5608,1.3817
1998-09-27,1998,R,,nfl_0030,nfl_0009,16,38,0.3252,0.0,1,0.1057,0.3933
1998-09-27,1998,R,,nfl_0029,nfl_0013,22,27,0.4967,0.0,1,0.2467,0.6865
1998-09-27,1998,R,,nfl_0022,nfl_0014,21,24,0.3297,0.0,1,0.1087,0.4001
1998-09-27,1998,R,,nfl_0023,nfl_0025,13,10,0.5063,1.0,1,0.2438,0.6807
1998-09-27,1998,R,,nfl_0026,nfl_0002,31,20,0.7046,1.0,1,0.0873,0.3502
1998-09-27,1998,R,,nfl_0006,nfl_0016,28,31,0.3778,0.0,1,0.1428,0.4746
1998-09-27,1998,R,,nfl_0024,nfl_0019,16,34,0.6066,0.0,0,0.368,0.933
1998-09-27,1998,R,,nfl_0003,nfl_0007,31,24,0.6235,1.0,1,0.1417,0.4724
1998-09-28,1998,R,,nfl_0010,nfl_0028,27,6,0.5536,1.0,1,0.1993,0.5914
1998-10-04,1998,R,,nfl_0002,nfl_0005,51,23,0.6755,1.0,1,0.1053,0.3923
1998-10-04,1998,R,,nfl_0004,nfl_0026,26,21,0.3883,1.0,0,0.3742,0.9459
1998-10-04,1998,R,,nfl_0020,nfl_0015,20,9,0.5038,1.0,1,0.2462,0.6855
1998-10-04,1998,R,,nfl_0018,nfl_0017,27,30,0.4884,0.0,1,0.2386,0.6703
1998-10-04,1998,R,,nfl_0006,nfl_0010,31,27,0.5071,1.0,1,0.2429,0.679
1998-10-04,1998,R,,nfl_0012,nfl_0024,17,12,0.5182,1.0,1,0.2321,0.6574
1998-10-04,1998,R,,nfl_0030,nfl_0008,10,31,0.4018,0.0,1,0.1615,0.5139
1998-10-04,1998,R,,nfl_0001,nfl_0021,20,23,0.6009,0.0,0,0.3611,0.9186
1998-10-04,1998,R,,nfl_0009,nfl_0022,41,16,0.8796,1.0,1,0.0145,0.1283
1998-10-04,1998,R,,nfl_0028,nfl_0019,20,3,0.5108,1.0,1,0.2393,0.6718
1998-10-04,1998,R,,nfl_0014,nfl_0025,17,6,0.6051,1.0,1,0.156,0.5024
1998-10-05,1998,R,,nfl_0011,nfl_0016,24,37,0.6689,0.0,0,0.4474,1.1054
1998-10-11,1998,R,,nfl_0012,nfl_0004,24,31,0.4915,0.0,1,0.2416,0.6763
1998-10-11,1998,R,,nfl_0008,nfl_0005,27,20,0.7956,1.0,1,0.0418,0.2287
1998-10-11,1998,R,,nfl_0007,nfl_0023,25,20,0.478,1.0,0,0.2725,0.7381
1998-10-11,1998,R,,nfl_0018,nfl_0026,0,31,0.4562,0.0,1,0.2081,0.6092
1998-10-11,1998,R,,nfl_0003,nfl_0029,8,12,0.6295,0.0,0,0.3962,0.9928
1998-10-11,1998,R,,nfl_0017,nfl_0014,40,10,0.5606,1.0,1,0.193,0.5787
1998-10-11,1998,R,,nfl_0022,nfl_0030,17,12,0.5875,1.0,1,0.1701,0.5318
1998-10-11,1998,R,,nfl_0001,nfl_0006,20,7,0.6098,1.0,1,0.1522,0.4946
1998-10-11,1998,R,,nfl_0027,nfl_0020,30,10,0.4949,1.0,0,0.2551,0.7034
1998-10-11,1998,R,,nfl_0025,nfl_0009,16,21,0.4662,0.0,1,0.2173,0.6277
1998-10-11,1998,R,,nfl_0021,nfl_0024,7,6,0.6719,1.0,1,0.1077,0.3977
1998-10-11,1998,R,,nfl_0019,nfl_0002,20,34,0.5251,0.0,0,0.2757,0.7446
1998-10-12,1998,R,,nfl_0013,nfl_0015,28,21,0.6815,1.0,1,0.1014,0.3834
1998-10-15,1998,R,,nfl_0010,nfl_0011,27,20,0.4253,1.0,0,0.3303,0.855
1998-10-18,1998,R,,nfl_0002,nfl_0018,31,23,0.7394,1.0,1,0.0679,0.3019
1998-10-18,1998,R,,nfl_0004,nfl_0013,17,16,0.4417,1.0,0,0.3116,0.817
1998-10-18,1998,R,,nfl_0028,nfl_0005,16,13,0.7246,1.0,1,0.0758,0.3221
1998-10-18,1998,R,,nfl_0029,nfl_0007,44,14,0.6407,1.0,1,0.1291,0.4452
1998-10-18,1998,R,,nfl_0016,nfl_0030,41,7,0.8884,1.0,1,0.0125,0.1184
1998-10-18,1998,R,,nfl_0023,nfl_0003,16,6,0.6602,1.0,1,0.1154,0.4151
1998-10-18,1998,R,,nfl_0019,nfl_0001,34,7,0.5966,1.0,1,0.1627,0.5164
1998-10-18,1998,R,,nfl_0026,nfl_0012,34,31,0.8858,1.0,1,0.013,0.1212
1998-10-18,1998,R,,nfl_0015,nfl_0027,14,0,0.6912,1.0,1,0.0953,0.3693
1998-10-18,1998,R,,nfl_0006,nfl_0008,13,12,0.353,1.0,0,0.4187,1.0414
1998-10-18,1998,R,,nfl_0024,nfl_0022,13,10,0.6341,1.0,1,0.1339,0.4555
1998-10-19,1998,R,,nfl_0017,nfl_0020,14,24,0.7526,0.0,0,0.5664,1.3967
1998-10-25,1998,R,,nfl_0020,nfl_0002,28,3,0.5351,1.0,1,0.2162,0.6254
1998-10-25,1998,R,,nfl_0010,nfl_0016,13,34,0.405,0.0,1,0.1641,0.5193
1998-10-25,1998,R,,nfl_0011,nfl_0003,28,10,0.7576,1.0,1,0.0587,0.2776
1998-10-25,1998,R,,nfl_0015,nfl_0017,12,9,0.5668,1.0,1,0.1877,0.5678
1998-10-25,1998,R,,nfl_0018,nfl_0028,9,3,0.5397,1.0,1,0.2119,0.6168
1998-10-25,1998,R,,nfl_0027,nfl_0026,10,28,0.3222,0.0,1,0.1038,0.389
1998-10-25,1998,R,,nfl_0029,nfl_0006,20,23,0.7462,0.0,0,0.5568,1.3712
1998-10-25,1998,R,,nfl_0021,nfl_0007,27,10,0.6841,1.0,1,0.0998,0.3796
1998-10-25,1998,R,,nfl_0009,nfl_0013,37,24,0.7398,1.0,1,0.0677,0.3013
1998-10-25,1998,R,,nfl_0024,nfl_0025,20,27,0.3785,0.0,1,0.1432,0.4756
1998-10-25,1998,R,,nfl_0005,nfl_0004,14,30,0.4825,0.0,1,0.2328,0.6587
1998-10-26,1998,R,,nfl_0014,nfl_0023,13,20,0.6703,0.0,0,0.4493,1.1095
1998-11-01,1998,R,,nfl_0002,nfl_0027,37,15,0.739,1.0,1,0.0681,0.3025
1998-11-01,1998,R,,nfl_0004,nfl_0015,30,24,0.5346,1.0,1,0.2166,0.6262
1998-11-01,1998,R,,nfl_0005,nfl_0018,31,17,0.4865,1.0,0,0.2637,0.7206
1998-11-01,1998,R,,nfl_0007,nfl_0009,26,33,0.2397,0.0,1,0.0575,0.2741
1998-11-01,1998,R,,nfl_0012,nfl_0017,16,21,0.3333,0.0,1,0.1111,0.4054
1998-11-01,1998,R,,nfl_0010,nfl_0001,15,17,0.6356,0.0,0,0.404,1.0096
1998-11-01,1998,R,,nfl_0003,nfl_0013,19,45,0.4237,0.0,1,0.1796,0.5512
1998-11-01,1998,R,,nfl_0028,nfl_0016,27,24,0.3289,1.0,0,0.4503,1.1119
1998-11-01,1998,R,,nfl_0030,nfl_0019,21,14,0.4128,1.0,0,0.3448,0.8848
1998-11-01,1998,R,,nfl_0023,nfl_0029,31,41,0.6543,0.0,0,0.4281,1.0622
1998-11-01,1998,R,,nfl_0014,nfl_0020,17,20,0.5602,0.0,0,0.3138,0.8214
1998-11-01,1998,R,,nfl_0011,nfl_0026,36,22,0.5014,1.0,1,0.2486,0.6903
1998-11-01,1998,R,,nfl_0025,nfl_0021,18,31,0.6965,0.0,0,0.4851,1.1924
1998-11-02,1998,R,,nfl_0022,nfl_0008,0,34,0.321,0.0,1,0.1031,0.3872
1998-11-08,1998,R,,nfl_0017,nfl_0002,10,41,0.6429,0.0,0,0.4133,1.0297
1998-11-08,1998,R,,nfl_0006,nfl_0027,12,20,0.6684,0.0,0,0.4467,1.1038
1998-11-08,1998,R,,nfl_0013,nfl_0007,24,11,0.83,1.0,1,0.0289,0.1863
1998-11-08,1998,R,,nfl_0015,nfl_0012,27,14,0.822,1.0,1,0.0317,0.196
1998-11-08,1998,R,,nfl_0008,nfl_0019,16,6,0.7638,1.0,1,0.0558,0.2695
1998-11-08,1998,R,,nfl_0022,nfl_0010,10,9,0.4371,1.0,0,0.3169,0.8277
1998-11-08,1998,R,,nfl_0016,nfl_0018,31,24,0.8465,1.0,1,0.0236,0.1666
1998-11-08,1998,R,,nfl_0003,nfl_0021,13,10,0.4419,1.0,0,0.3114,0.8166
1998-11-08,1998,R,,nfl_0026,nfl_0005,25,23,0.8566,1.0,1,0.0206,0.1547
1998-11-08,1998,R,,nfl_0001,nfl_0030,29,27,0.6722,1.0,1,0.1074,0.3972
1998-11-08,1998,R,,nfl_0020,nfl_0004,34,12,0.6696,1.0,1,0.1092,0.4011
1998-11-08,1998,R,,nfl_0009,nfl_0024,27,10,0.8759,1.0,1,0.0154,0.1324
1998-11-08,1998,R,,nfl_0025,nfl_0014,24,12,0.5948,1.0,1,0.1641,0.5195
1998-11-08,1998,R,,nfl_0028,nfl_0029,22,31,0.5163,0.0,0,0.2666,0.7263
1998-11-09,1998,R,,nfl_0023,nfl_0011,27,20,0.4735,1.0,0,0.2772,0.7476
1998-11-15,1998,R,,nfl_0002,nfl_0026,31,19,0.5561,1.0,1,0.197,0.5867
1998-11-15,1998,R,,nfl_0004,nfl_0017,13,10,0.5668,1.0,1,0.1877,0.5678
1998-11-15,1998,R,,nfl_0005,nfl_0015,9,13,0.3872,0.0,1,0.1499,0.4897
1998-11-15,1998,R,,nfl_0016,nfl_0007,24,3,0.871,1.0,1,0.0167,0.1382
1998-11-15,1998,R,,nfl_0012,nfl_0020,24,23,0.2504,1.0,0,0.5619,1.3846
1998-11-15,1998,R,,nfl_0018,nfl_0027,24,3,0.5901,1.0,1,0.168,0.5275
1998-11-15,1998,R,,nfl_0029,nfl_0023,23,14,0.6351,1.0,1,0.1331,0.4539
1998-11-15,1998,R,,nfl_0030,nfl_0022,28,3,0.6264,1.0,1,0.1396,0.4678
1998-11-15,1998,R,,nfl_0021,nfl_0025,20,17,0.5587,1.0,1,0.1948,0.5822
1998-11-15,1998,R,,nfl_0024,nfl_0003,14,13,0.5577,1.0,1,0.1957,0.584
1998-11-15,1998,R,,nfl_0001,nfl_0008,28,35,0.3491,0.0,1,0.1218,0.4294
1998-11-15,1998,R,,nfl_0019,nfl_0011,3,37,0.4016,0.0,1,0.1613,0.5134
1998-11-15,1998,R,,nfl_0013,nfl_0028,29,24,0.7821,1.0,1,0.0475,0.2458
1998-11-15,1998,R,,nfl_0010,nfl_0006,26,3,0.6497,1.0,1,0.1227,0.4312
1998-11-16,1998,R,,nfl_0014,nfl_0009,7,30,0.3357,0.0,1,0.1127,0.4089
1998-11-22,1998,R,,nfl_0002,nfl_0006,20,13,0.8668,1.0,1,0.0177,0.143
1998-11-22,1998,R,,nfl_0004,nfl_0012,34,11,0.7924,1.0,1,0.0431,0.2327
1998-11-22,1998,R,,nfl_0008,nfl_0025,30,22,0.721,1.0,1,0.0779,0.3272
1998-11-22,1998,R,,nfl_0028,nfl_0010,25,28,0.5884,0.0,0,0.3463,0.8878
1998-11-22,1998,R,,nfl_0016,nfl_0011,28,14,0.6346,1.0,1,0.1335,0.4548
1998-11-22,1998,R,,nfl_0023,nfl_0013,30,15,0.4743,1.0,0,0.2764,0.7459
1998-11-22,1998,R,,nfl_0019,nfl_0022,20,0,0.7328,1.0,1,0.0714,0.3109
1998-11-22,1998,R,,nfl_0030,nfl_0001,42,45,0.5693,0.0,0,0.3242,0.8425
1998-11-22,1998,R,,nfl_0027,nfl_0005,20,24,0.6144,0.0,0,0.3774,0.9529
1998-11-22,1998,R,,nfl_0007,nfl_0003,13,20,0.5628,0.0,0,0.3167,0.8273
1998-11-22,1998,R,,nfl_0009,nfl_0021,40,14,0.8197,1.0,1,0.0325,0.1988
1998-11-22,1998,R,,nfl_0024,nfl_0014,38,37,0.4918,1.0,0,0.2583,0.7097
1998-11-22,1998,R,,nfl_0029,nfl_0020,3,24,0.5873,0.0,0,0.3449,0.8849
1998-11-22,1998,R,,nfl_0026,nfl_0018,31,20,0.7993,1.0,1,0.0403,0.224
1998-11-23,1998,R,,nfl_0017,nfl_0015,26,23,0.5405,1.0,1,0.2111,0.6152
1998-11-26,1998,R,,nfl_0010,nfl_0023,19,16,0.4945,1.0,0,0.2555,0.7042
1998-11-26,1998,R,,nfl_0008,nfl_0016,36,46,0.5347,0.0,0,0.2859,0.765
1998-11-29,1998,R,,nfl_0027,nfl_0002,10,21,0.2596,0.0,1,0.0674,0.3006
1998-11-29,1998,R,,nfl_0020,nfl_0005,48,21,0.8455,1.0,1,0.0239,0.1679
1998-11-29,1998,R,,nfl_0006,nfl_0028,17,31,0.5031,0.0,0,0.2531,0.6994
1998-11-29,1998,R,,nfl_0007,nfl_0013,17,34,0.2945,0.0,1,0.0867,0.3488
1998-11-29,1998,R,,nfl_0003,nfl_0012,38,31,0.7295,1.0,1,0.0732,0.3155
1998-11-29,1998,R,,nfl_0014,nfl_0001,34,24,0.6531,1.0,1,0.1203,0.426
1998-11-29,1998,R,,nfl_0017,nfl_0004,25,21,0.5944,1.0,1,0.1645,0.5203
1998-11-29,1998,R,,nfl_0025,nfl_0029,20,18,0.5778,1.0,1,0.1783,0.5486
1998-11-29,1998,R,,nfl_0011,nfl_0022,24,16,0.9043,1.0,1,0.0092,0.1006
1998-11-29,1998,R,,nfl_0015,nfl_0018,30,10,0.7278,1.0,1,0.0741,0.3177
1998-11-29,1998,R,,nfl_0021,nfl_0030,19,29,0.7561,0.0,0,0.5717,1.4109
1998-11-29,1998,R,,nfl_0024,nfl_0009,16,31,0.1878,0.0,1,0.0353,0.208
1998-11-30,1998,R,,nfl_0026,nfl_0019,31,7,0.8189,1.0,1,0.0328,0.1998
1998-12-03,1998,R,,nfl_0022,nfl_0027,17,14,0.4961,1.0,0,0.2539,0.701
1998-12-06,1998,R,,nfl_0002,nfl_0012,28,21,0.9045,1.0,1,0.0091,0.1004
1998-12-06,1998,R,,nfl_0007,nfl_0004,20,33,0.3715,0.0,1,0.138,0.4645
1998-12-06,1998,R,,nfl_0005,nfl_0026,28,31,0.2784,0.0,1,0.0775,0.3263
1998-12-06,1998,R,,nfl_0018,nfl_0008,22,3,0.334,1.0,0,0.4435,1.0965
1998-12-06,1998,R,,nfl_0013,nfl_0010,37,22,0.7405,1.0,1,0.0673,0.3004
1998-12-06,1998,R,,nfl_0023,nfl_0017,9,23,0.6305,0.0,0,0.3975,0.9955
1998-12-06,1998,R,,nfl_0020,nfl_0025,32,31,0.7399,1.0,1,0.0676,0.3012
1998-12-06,1998,R,,nfl_0030,nfl_0024,24,20,0.6214,1.0,1,0.1434,0.4758
1998-12-06,1998,R,,nfl_0001,nfl_0019,19,23,0.6038,0.0,0,0.3645,0.9258
1998-12-06,1998,R,,nfl_0009,nfl_0014,35,31,0.8678,1.0,1,0.0175,0.1418
1998-12-06,1998,R,,nfl_0021,nfl_0015,17,27,0.4848,0.0,1,0.2351,0.6633
1998-12-06,1998,R,,nfl_0029,nfl_0003,16,14,0.7151,1.0,1,0.0812,0.3353
1998-12-06,1998,R,,nfl_0016,nfl_0006,48,22,0.9235,1.0,1,0.0059,0.0796
1998-12-07,1998,R,,nfl_0028,nfl_0011,24,22,0.3911,1.0,0,0.3707,0.9387
1998-12-13,1998,R,,nfl_0018,nfl_0002,17,27,0.342,0.0,1,0.1169,0.4185
1998-12-13,1998,R,,nfl_0004,nfl_0021,44,21,0.6902,1.0,1,0.096,0.3707
1998-12-13,1998,R,,nfl_0005,nfl_0030,25,28,0.5625,0.0,0,0.3164,0.8266
1998-12-13,1998,R,,nfl_0011,nfl_0006,26,20,0.8709,1.0,1,0.0167,0.1382
1998-12-13,1998,R,,nfl_0012,nfl_0007,39,26,0.5874,1.0,1,0.1702,0.532
1998-12-13,1998,R,,nfl_0022,nfl_0001,17,20,0.4702,0.0,1,0.2211,0.6353
1998-12-13,1998,R,,nfl_0019,nfl_0009,20,16,0.2104,1.0,0,0.6234,1.5587
1998-12-13,1998,R,,nfl_0013,nfl_0029,13,16,0.7072,0.0,0,0.5001,1.2282
1998-12-13,1998,R,,nfl_0027,nfl_0017,32,18,0.3221,1.0,0,0.4595,1.1328
1998-12-13,1998,R,,nfl_0028,nfl_0023,16,3,0.5397,1.0,1,0.2119,0.6168
1998-12-13,1998,R,,nfl_0025,nfl_0024,38,17,0.7701,1.0,1,0.0529,0.2613
1998-12-13,1998,R,,nfl_0014,nfl_0008,20,17,0.4689,1.0,0,0.282,0.7573
1998-12-13,1998,R,,nfl_0003,nfl_0016,28,38,0.2432,0.0,1,0.0592,0.2787
1998-12-13,1998,R,,nfl_0015,nfl_0020,16,21,0.5146,0.0,0,0.2649,0.7229
1998-12-14,1998,R,,nfl_0026,nfl_0010,35,13,0.7968,1.0,1,0.0413,0.2272
1998-12-19,1998,R,,nfl_0004,nfl_0020,10,17,0.4484,0.0,1,0.201,0.5949
1998-12-19,1998,R,,nfl_0030,nfl_0028,20,16,0.5024,1.0,1,0.2476,0.6883
1998-12-20,1998,R,,nfl_0005,nfl_0027,20,13,0.5908,1.0,1,0.1674,0.5262
1998-12-20,1998,R,,nfl_0006,nfl_0003,24,3,0.4723,1.0,0,0.2785,0.7502
1998-12-20,1998,R,,nfl_0023,nfl_0007,24,25,0.8135,0.0,0,0.6618,1.6795
1998-12-20,1998,R,,nfl_0011,nfl_0029,30,22,0.6802,1.0,1,0.1023,0.3854
1998-12-20,1998,R,,nfl_0019,nfl_0014,28,7,0.5513,1.0,1,0.2013,0.5954
1998-12-20,1998,R,,nfl_0017,nfl_0026,24,21,0.4463,1.0,0,0.3066,0.8069
1998-12-20,1998,R,,nfl_0025,nfl_0012,27,23,0.8251,1.0,1,0.0306,0.1923
1998-12-20,1998,R,,nfl_0024,nfl_0021,10,17,0.5049,0.0,0,0.2549,0.703
1998-12-20,1998,R,,nfl_0010,nfl_0002,17,24,0.3225,0.0,1,0.104,0.3893
1998-12-20,1998,R,,nfl_0001,nfl_0018,19,17,0.5503,1.0,1,0.2022,0.5973
1998-12-20,1998,R,,nfl_0008,nfl_0022,13,9,0.8758,1.0,1,0.0154,0.1326
1998-12-20,1998,R,,nfl_0016,nfl_0013,50,10,0.7431,1.0,1,0.066,0.2969
1998-12-21,1998,R,,nfl_0015,nfl_0009,31,21,0.3734,1.0,0,0.3926,0.9852
1998-12-26,1998,R,,nfl_0029,nfl_0016,16,26,0.3286,0.0,1,0.108,0.3984
1998-12-26,1998,R,,nfl_0021,nfl_0014,24,31,0.5916,0.0,0,0.35,0.8955
1998-12-27,1998,R,,nfl_0002,nfl_0015,38,16,0.714,1.0,1,0.0818,0.3369
1998-12-27,1998,R,,nfl_0018,nfl_0004,33,45,0.4594,0.0,1,0.211,0.615
1998-12-27,1998,R,,nfl_0012,nfl_0005,19,27,0.5253,0.0,0,0.2759,0.7451
1998-12-27,1998,R,,nfl_0006,nfl_0011,13,16,0.2618,0.0,1,0.0685,0.3035
1998-12-27,1998,R,,nfl_0007,nfl_0028,0,35,0.3633,0.0,1,0.132,0.4514
1998-12-27,1998,R,,nfl_0003,nfl_0010,19,10,0.5213,1.0,1,0.2292,0.6514
1998-12-27,1998,R,,nfl_0020,nfl_0017,31,10,0.7599,1.0,1,0.0577,0.2746
1998-12-27,1998,R,,nfl_0022,nfl_0019,10,20,0.3389,0.0,1,0.1148,0.4138
1998-12-27,1998,R,,nfl_0026,nfl_0027,38,19,0.8777,1.0,1,0.0149,0.1304
1998-12-27,1998,R,,nfl_0001,nfl_0024,16,13,0.6853,1.0,1,0.099,0.3778
1998-12-27,1998,R,,nfl_0009,nfl_0025,28,21,0.7887,1.0,1,0.0446,0.2374
1998-12-27,1998,R,,nfl_0008,nfl_0030,23,7,0.7512,1.0,1,0.0619,0.2861
1998-12-28,1998,R,,nfl_0013,nfl_0023,21,3,0.7191,1.0,1,0.0789,0.3297
1999-01-02,1998,P,WC,nfl_0015,nfl_0004,24,17,0.6269,1.0,1,0.1392,0.467
1999-01-02,1998,P,WC,nfl_0008,nfl_0001,7,20,0.7878,0.0,0,0.6207,1.5504
1999-01-03,1998,P,WC,nfl_0013,nfl_0017,25,10,0.6743,1.0,1,0.1061,0.3941
1999-01-03,1998,P,WC,nfl_0026,nfl_0011,30,27,0.635,1.0,1,0.1332,0.4541
1999-01-09,1998,P,DV,nfl_0002,nfl_0026,20,18,0.6704,1.0,1,0.1086,0.3999
1999-01-09,1998,P,DV,nfl_0009,nfl_0015,38,3,0.7843,1.0,1,0.0465,0.2429
1999-01-10,1998,P,DV,nfl_0020,nfl_0013,34,24,0.7278,1.0,1,0.0741,0.3178
1999-01-10,1998,P,DV,nfl_0016,nfl_0001,41,21,0.8995,1.0,1,0.0101,0.1059
1999-01-17,1998,P,CC,nfl_0016,nfl_0002,27,30,0.6751,0.0,0,0.4557,1.1242
1999-01-17,1998,P,CC,nfl_0009,nfl_0020,23,10,0.6583,1.0,1,0.1168,0.4181
1999-09-12,1999,R,,nfl_0030,nfl_0008,35,41,0.5544,0.0,0,0.3074,0.8084
1999-09-12,1999,R,,nfl_0012,nfl_0004,31,14,0.5102,1.0,1,0.2399,0.6729
1999-09-12,1999,R,,nfl_0018,nfl_0005,19,10,0.6072,1.0,1,0.1543,0.4988
1999-09-12,1999,R,,nfl_0006,nfl_0014,20,17,0.551,1.0,1,0.2016,0.5961
1999-09-12,1999,R,,nfl_0011,nfl_0021,28,24,0.6738,1.0,1,0.1064,0.3948
1999-09-12,1999,R,,nfl_0020,nfl_0017,28,30,0.6664,0.0,0,0.4441,1.0979
1999-09-12,1999,R,,nfl_0027,nfl_0003,27,10,0.5821,1.0,1,0.1746,0.5411
1999-09-12,1999,R,,nfl_0029,nfl_0007,36,35,0.6934,1.0,1,0.094,0.3661
1999-09-12,1999,R,,nfl_0022,nfl_0001,24,25,0.5282,0.0,0,0.279,0.7513
1999-09-12,1999,R,,nfl_0002,nfl_0016,14,17,0.5872,0.0,0,0.3448,0.8848
1999-09-12,1999,R,,nfl_0025,nfl_0010,20,28,0.6416,0.0,0,0.4117,1.0262
1999-09-12,1999,R,,nfl_0028,nfl_0019,13,17,0.6115,0.0,0,0.3739,0.9454
1999-09-12,1999,R,,nfl_0013,nfl_0026,41,3,0.5809,1.0,1,0.1757,0.5433
1999-09-12,1999,R,,nfl_0031,nfl_0023,0,43,0.6134,0.0,0,0.3763,0.9504
1999-09-13,1999,R,,nfl_0009,nfl_0015,21,38,0.6779,0.0,0,0.4596,1.133
1999-09-19,1999,R,,nfl_0007,nfl_0024,7,34,0.5722,0.0,0,0.3275,0.8492
1999-09-19,1999,R,,nfl_0016,nfl_0021,17,22,0.7461,0.0,0,0.5567,1.3708
1999-09-19,1999,R,,nfl_0005,nfl_0013,20,22,0.424,0.0,1,0.1798,0.5517
1999-09-19,1999,R,,nfl_0015,nfl_0001,19,16,0.6803,1.0,1,0.1022,0.3852
1999-09-19,1999,R,,nfl_0010,nfl_0011,23,15,0.5509,1.0,1,0.2017,0.5962
1999-09-19,1999,R,,nfl_0003,nfl_0023,20,23,0.4135,0.0,1,0.171,0.5336
1999-09-19,1999,R,,nfl_0017,nfl_0012,31,28,0.6551,1.0,1,0.1189,0.423
1999-09-19,1999,R,,nfl_0006,nfl_0025,13,14,0.5812,0.0,0,0.3378,0.8704
1999-09-19,1999,R,,nfl_0019,nfl_0030,21,50,0.6721,0.0,0,0.4517,1.1151
1999-09-19,1999,R,,nfl_0022,nfl_0028,5,19,0.5125,0.0,0,0.2627,0.7185
1999-09-19,1999,R,,nfl_0026,nfl_0018,28,21,0.6025,1.0,1,0.158,0.5067
1999-09-19,1999,R,,nfl_0029,nfl_0031,26,9,0.734,1.0,1,0.0708,0.3093
1999-09-19,1999,R,,nfl_0014,nfl_0009,26,10,0.5434,1.0,1,0.2085,0.6099
1999-09-19,1999,R,,nfl_0004,nfl_0020,17,3,0.5163,1.0,1,0.234,0.6611
1999-09-20,1999,R,,nfl_0008,nfl_0002,24,7,0.5757,1.0,1,0.18,0.5521
1999-09-26,1999,R,,nfl_0027,nfl_0002,35,7,0.5922,1.0,1,0.1663,0.5239
1999-09-26,1999,R,,nfl_0005,nfl_0007,27,3,0.686,1.0,1,0.0986,0.3768
1999-09-26,1999,R,,nfl_0004,nfl_0022,26,0,0.7413,1.0,1,0.0669,0.2994
1999-09-26,1999,R,,nfl_0003,nfl_0031,17,10,0.6606,1.0,1,0.1152,0.4147
1999-09-26,1999,R,,nfl_0028,nfl_0009,13,10,0.6229,1.0,1,0.1422,0.4734
1999-09-26,1999,R,,nfl_0014,nfl_0010,31,21,0.5854,1.0,1,0.1719,0.5355
1999-09-26,1999,R,,nfl_0023,nfl_0025,10,29,0.7228,0.0,0,0.5225,1.2832
1999-09-26,1999,R,,nfl_0020,nfl_0030,20,27,0.5668,0.0,0,0.3213,0.8365
1999-09-26,1999,R,,nfl_0024,nfl_0012,19,27,0.6502,0.0,0,0.4227,1.0503
1999-09-26,1999,R,,nfl_0013,nfl_0029,19,20,0.6735,0.0,0,0.4537,1.1195
1999-09-26,1999,R,,nfl_0011,nfl_0016,23,20,0.5436,1.0,1,0.2083,0.6096
1999-09-26,1999,R,,nfl_0021,nfl_0006,24,17,0.648,1.0,1,0.1239,0.4339
1999-09-26,1999,R,,nfl_0017,nfl_0019,16,14,0.7091,1.0,1,0.0846,0.3437
1999-09-27,1999,R,,nfl_0001,nfl_0026,10,24,0.57,0.0,0,0.3249,0.844
1999-10-03,1999,R,,nfl_0030,nfl_0005,38,36,0.7104,1.0,1,0.0839,0.3419
1999-10-03,1999,R,,nfl_0007,nfl_0027,10,38,0.3597,0.0,1,0.1294,0.4458
1999-10-03,1999,R,,nfl_0016,nfl_0028,21,14,0.6403,1.0,1,0.1294,0.4458
1999-10-03,1999,R,,nfl_0023,nfl_0013,3,17,0.5576,0.0,0,0.3109,0.8155
1999-10-03,1999,R,,nfl_0002,nfl_0003,13,19,0.6394,0.0,0,0.4089,1.02
1999-10-03,1999,R,,nfl_0006,nfl_0018,14,10,0.5228,1.0,1,0.2277,0.6486
1999-10-03,1999,R,,nfl_0031,nfl_0017,7,19,0.3802,0.0,1,0.1445,0.4783
1999-10-03,1999,R,,nfl_0019,nfl_0022,16,15,0.6894,1.0,1,0.0965,0.3719
1999-10-03,1999,R,,nfl_0008,nfl_0001,35,7,0.7534,1.0,1,0.0608,0.2832
1999-10-03,1999,R,,nfl_0009,nfl_0020,13,21,0.609,0.0,0,0.3709,0.939
1999-10-03,1999,R,,nfl_0024,nfl_0014,21,14,0.5274,1.0,1,0.2234,0.6398
1999-10-03,1999,R,,nfl_0026,nfl_0029,24,22,0.5929,1.0,1,0.1657,0.5227
1999-10-03,1999,R,,nfl_0025,nfl_0021,22,21,0.6519,1.0,1,0.1212,0.4279
1999-10-04,1999,R,,nfl_0015,nfl_0004,18,23,0.6902,0.0,0,0.4764,1.1719
1999-10-10,1999,R,,nfl_0016,nfl_0006,22,24,0.7382,0.0,0,0.5449,1.3402
1999-10-10,1999,R,,nfl_0010,nfl_0024,10,20,0.646,0.0,0,0.4173,1.0384
1999-10-10,1999,R,,nfl_0004,nfl_0023,24,21,0.6507,1.0,1,0.122,0.4296
1999-10-10,1999,R,,nfl_0014,nfl_0017,16,14,0.5491,1.0,1,0.2033,0.5994
1999-10-10,1999,R,,nfl_0027,nfl_0026,42,20,0.6077,1.0,1,0.1539,0.4981
1999-10-10,1999,R,,nfl_0031,nfl_0007,17,18,0.6473,0.0,0,0.419,1.0422
1999-10-10,1999,R,,nfl_0022,nfl_0008,13,10,0.3113,1.0,0,0.4743,1.1669
1999-10-10,1999,R,,nfl_0018,nfl_0002,17,20,0.6064,0.0,0,0.3677,0.9324
1999-10-10,1999,R,,nfl_0001,nfl_0019,14,3,0.584,1.0,1,0.173,0.5378
1999-10-10,1999,R,,nfl_0012,nfl_0015,31,34,0.5667,0.0,0,0.3212,0.8364
1999-10-10,1999,R,,nfl_0029,nfl_0003,14,11,0.697,1.0,1,0.0918,0.3609
1999-10-10,1999,R,,nfl_0021,nfl_0009,13,16,0.6457,0.0,0,0.417,1.0377
1999-10-10,1999,R,,nfl_0011,nfl_0028,26,23,0.668,1.0,1,0.1102,0.4034
1999-10-11,1999,R,,nfl_0020,nfl_0013,6,16,0.4644,0.0,1,0.2157,0.6243
1999-10-17,1999,R,,nfl_0007,nfl_0023,3,17,0.3768,0.0,1,0.142,0.4729
1999-10-17,1999,R,,nfl_0010,nfl_0016,25,23,0.4992,1.0,0,0.2508,0.6948
1999-10-17,1999,R,,nfl_0004,nfl_0021,14,20,0.7005,0.0,0,0.4908,1.2058
1999-10-17,1999,R,,nfl_0020,nfl_0012,13,16,0.6062,0.0,0,0.3675,0.932
1999-10-17,1999,R,,nfl_0017,nfl_0015,30,31,0.5773,0.0,0,0.3333,0.8611
1999-10-17,1999,R,,nfl_0018,nfl_0029,21,24,0.4657,0.0,1,0.2169,0.6268
1999-10-17,1999,R,,nfl_0002,nfl_0027,13,41,0.4422,0.0,1,0.1956,0.5838
1999-10-17,1999,R,,nfl_0006,nfl_0022,16,20,0.7185,0.0,0,0.5163,1.2678
1999-10-17,1999,R,,nfl_0013,nfl_0031,24,7,0.879,1.0,1,0.0146,0.129
1999-10-17,1999,R,,nfl_0024,nfl_0025,13,10,0.539,1.0,1,0.2125,0.618
1999-10-17,1999,R,,nfl_0026,nfl_0005,29,31,0.6469,0.0,0,0.4185,1.0409
1999-10-17,1999,R,,nfl_0009,nfl_0011,31,10,0.5158,1.0,1,0.2344,0.662
1999-10-17,1999,R,,nfl_0001,nfl_0030,10,24,0.4212,0.0,1,0.1774,0.5468
1999-10-18,1999,R,,nfl_0019,nfl_0008,13,10,0.4069,1.0,0,0.3518,0.8992
1999-10-21,1999,R,,nfl_0003,nfl_0014,8,35,0.506,0.0,0,0.256,0.7052
1999-10-24,1999,R,,nfl_0028,nfl_0006,6,3,0.6921,1.0,1,0.0948,0.368
1999-10-24,1999,R,,nfl_0012,nfl_0007,31,10,0.8093,1.0,1,0.0364,0.2116
1999-10-24,1999,R,,nfl_0016,nfl_0026,40,16,0.6489,1.0,1,0.1233,0.4325
1999-10-24,1999,R,,nfl_0015,nfl_0022,16,13,0.8009,1.0,1,0.0397,0.2221
1999-10-24,1999,R,,nfl_0005,nfl_0010,9,24,0.5847,0.0,0,0.3419,0.8789
1999-10-24,1999,R,,nfl_0027,nfl_0031,34,3,0.8891,1.0,1,0.0123,0.1175
1999-10-24,1999,R,,nfl_0017,nfl_0009,24,23,0.6236,1.0,1,0.1417,0.4722
1999-10-24,1999,R,,nfl_0019,nfl_0018,31,3,0.5949,1.0,1,0.1641,0.5194
1999-10-24,1999,R,,nfl_0008,nfl_0030,38,20,0.5447,1.0,1,0.2073,0.6076
1999-10-24,1999,R,,nfl_0024,nfl_0011,3,31,0.6423,0.0,0,0.4125,1.028
1999-10-24,1999,R,,nfl_0025,nfl_0004,26,16,0.6042,1.0,1,0.1566,0.5038
1999-10-24,1999,R,,nfl_0021,nfl_0020,24,23,0.6414,1.0,1,0.1286,0.4441
1999-10-25,1999,R,,nfl_0023,nfl_0002,13,9,0.7072,1.0,1,0.0857,0.3465
1999-10-31,1999,R,,nfl_0007,nfl_0013,10,41,0.1673,0.0,1,0.028,0.1831
1999-10-31,1999,R,,nfl_0014,nfl_0024,34,0,0.7137,1.0,1,0.082,0.3373
1999-10-31,1999,R,,nfl_0003,nfl_0004,10,13,0.4629,0.0,1,0.2143,0.6216
1999-10-31,1999,R,,nfl_0030,nfl_0006,48,22,0.731,1.0,1,0.0724,0.3134
1999-10-31,1999,R,,nfl_0018,nfl_0031,16,21,0.692,0.0,0,0.4788,1.1776
1999-10-31,1999,R,,nfl_0022,nfl_0019,17,23,0.4939,0.0,1,0.2439,0.6809
1999-10-31,1999,R,,nfl_0029,nfl_0027,24,21,0.5156,1.0,1,0.2346,0.6624
1999-10-31,1999,R,,nfl_0002,nfl_0005,27,20,0.576,1.0,1,0.1798,0.5517
1999-10-31,1999,R,,nfl_0001,nfl_0017,3,27,0.4838,0.0,1,0.2341,0.6613
1999-10-31,1999,R,,nfl_0021,nfl_0015,9,16,0.5081,0.0,0,0.2582,0.7095
1999-10-31,1999,R,,nfl_0009,nfl_0016,20,23,0.521,0.0,0,0.2714,0.7361
1999-10-31,1999,R,,nfl_0012,nfl_0008,34,24,0.5038,1.0,1,0.2462,0.6855
1999-10-31,1999,R,,nfl_0010,nfl_0028,20,3,0.6216,1.0,1,0.1432,0.4754
1999-11-01,1999,R,,nfl_0011,nfl_0025,7,27,0.6178,0.0,0,0.3817,0.9619
1999-11-07,1999,R,,nfl_0010,nfl_0027,31,27,0.4885,1.0,0,0.2616,0.7164
1999-11-07,1999,R,,nfl_0005,nfl_0022,33,7,0.6563,1.0,1,0.1181,0.4211
1999-11-07,1999,R,,nfl_0002,nfl_0013,7,30,0.323,0.0,1,0.1044,0.3901
1999-11-07,1999,R,,nfl_0011,nfl_0006,13,14,0.7176,0.0,0,0.5149,1.2643
1999-11-07,1999,R,,nfl_0020,nfl_0001,12,7,0.7246,1.0,1,0.0758,0.3221
1999-11-07,1999,R,,nfl_0031,nfl_0003,9,41,0.5288,0.0,0,0.2797,0.7525
1999-11-07,1999,R,,nfl_0012,nfl_0014,25,17,0.5095,1.0,1,0.2406,0.6744
1999-11-07,1999,R,,nfl_0030,nfl_0004,17,34,0.6602,0.0,0,0.4358,1.0793
1999-11-07,1999,R,,nfl_0018,nfl_0028,16,31,0.4581,0.0,1,0.2099,0.6127
1999-11-07,1999,R,,nfl_0026,nfl_0023,6,27,0.5434,0.0,0,0.2953,0.784
1999-11-07,1999,R,,nfl_0024,nfl_0009,17,33,0.5408,0.0,0,0.2924,0.7782
1999-11-07,1999,R,,nfl_0025,nfl_0007,37,20,0.8933,1.0,1,0.0114,0.1128
1999-11-07,1999,R,,nfl_0015,nfl_0029,17,0,0.6407,1.0,1,0.1291,0.4452
1999-11-08,1999,R,,nfl_0016,nfl_0008,27,17,0.629,1.0,1,0.1377,0.4637
1999-11-14,1999,R,,nfl_0027,nfl_0005,35,10,0.7934,1.0,1,0.0427,0.2314
1999-11-14,1999,R,,nfl_0006,nfl_0016,24,27,0.3921,0.0,1,0.1538,0.4978
1999-11-14,1999,R,,nfl_0028,nfl_0014,17,10,0.5016,1.0,1,0.2484,0.6899
1999-11-14,1999,R,,nfl_0004,nfl_0015,23,3,0.5326,1.0,1,0.2184,0.6299
1999-11-14,1999,R,,nfl_0023,nfl_0031,15,16,0.8736,0.0,0,0.7631,2.0681
1999-11-14,1999,R,,nfl_0018,nfl_0026,24,6,0.483,1.0,0,0.2673,0.7277
1999-11-14,1999,R,,nfl_0007,nfl_0029,14,24,0.2581,0.0,1,0.0666,0.2985
1999-11-14,1999,R,,nfl_0022,nfl_0030,35,28,0.3581,1.0,0,0.412,1.0269
1999-11-14,1999,R,,nfl_0019,nfl_0012,19,27,0.5484,0.0,0,0.3008,0.795
1999-11-14,1999,R,,nfl_0013,nfl_0003,6,3,0.8358,1.0,1,0.027,0.1794
1999-11-14,1999,R,,nfl_0021,nfl_0024,28,9,0.7241,1.0,1,0.0761,0.3228
1999-11-14,1999,R,,nfl_0001,nfl_0010,23,19,0.3592,1.0,0,0.4107,1.0239
1999-11-14,1999,R,,nfl_0008,nfl_0011,27,13,0.6369,1.0,1,0.1319,0.4512
1999-11-14,1999,R,,nfl_0025,nfl_0009,20,17,0.6932,1.0,1,0.0941,0.3664
1999-11-15,1999,R,,nfl_0017,nfl_0020,17,24,0.7517,0.0,0,0.565,1.3929
1999-11-21,1999,R,,nfl_0028,nfl_0002,19,10,0.6971,1.0,1,0.0917,0.3608
1999-11-21,1999,R,,nfl_0014,nfl_0025,19,31,0.5362,0.0,0,0.2875,0.7683
1999-11-21,1999,R,,nfl_0015,nfl_0017,27,17,0.6579,1.0,1,0.1171,0.4188
1999-11-21,1999,R,,nfl_0020,nfl_0004,17,7,0.4573,1.0,0,0.2945,0.7824
1999-11-21,1999,R,,nfl_0031,nfl_0005,17,31,0.4223,0.0,1,0.1783,0.5487
1999-11-21,1999,R,,nfl_0022,nfl_0012,17,44,0.3405,0.0,1,0.1159,0.4163
1999-11-21,1999,R,,nfl_0011,nfl_0010,26,17,0.5257,1.0,1,0.225,0.643
1999-11-21,1999,R,,nfl_0029,nfl_0023,16,10,0.6075,1.0,1,0.154,0.4983
1999-11-21,1999,R,,nfl_0030,nfl_0019,23,13,0.6615,1.0,1,0.1146,0.4132
1999-11-21,1999,R,,nfl_0026,nfl_0027,7,23,0.2948,0.0,1,0.0869,0.3493
1999-11-21,1999,R,,nfl_0024,nfl_0006,20,23,0.5575,0.0,0,0.3108,0.8152
1999-11-21,1999,R,,nfl_0001,nfl_0008,13,9,0.3783,1.0,0,0.3865,0.9719
1999-11-21,1999,R,,nfl_0007,nfl_0003,31,34,0.3547,0.0,1,0.1258,0.4381
1999-11-21,1999,R,,nfl_0013,nfl_0018,41,23,0.8834,1.0,1,0.0136,0.1239
1999-11-22,1999,R,,nfl_0009,nfl_0021,27,21,0.6202,1.0,1,0.1443,0.4777
1999-11-25,1999,R,,nfl_0010,nfl_0006,21,17,0.7112,1.0,1,0.0834,0.3408
1999-11-25,1999,R,,nfl_0008,nfl_0015,20,0,0.5309,1.0,1,0.2201,0.6332
1999-11-28,1999,R,,nfl_0005,nfl_0002,34,28,0.6594,1.0,1,0.116,0.4165
1999-11-28,1999,R,,nfl_0030,nfl_0022,20,17,0.8005,1.0,1,0.0398,0.2225
1999-11-28,1999,R,,nfl_0003,nfl_0013,23,30,0.3041,0.0,1,0.0925,0.3626
1999-11-28,1999,R,,nfl_0023,nfl_0007,20,27,0.8748,0.0,0,0.7652,2.0777
1999-11-28,1999,R,,nfl_0027,nfl_0018,43,12,0.8723,1.0,1,0.0163,0.1366
1999-11-28,1999,R,,nfl_0004,nfl_0017,17,7,0.6624,1.0,1,0.114,0.4119
1999-11-28,1999,R,,nfl_0031,nfl_0029,21,33,0.2378,0.0,1,0.0566,0.2716
1999-11-28,1999,R,,nfl_0019,nfl_0001,24,34,0.6456,0.0,0,0.4168,1.0374
1999-11-28,1999,R,,nfl_0016,nfl_0024,35,27,0.851,1.0,1,0.0222,0.1613
1999-11-28,1999,R,,nfl_0025,nfl_0028,3,16,0.7306,0.0,0,0.5338,1.3117
1999-11-28,1999,R,,nfl_0021,nfl_0014,34,37,0.5476,0.0,0,0.2998,0.7931
1999-11-28,1999,R,,nfl_0012,nfl_0020,13,6,0.6876,1.0,1,0.0976,0.3745
1999-11-29,1999,R,,nfl_0026,nfl_0011,3,20,0.4317,0.0,1,0.1864,0.5651
1999-12-02,1999,R,,nfl_0013,nfl_0023,20,6,0.8082,1.0,1,0.0368,0.213
1999-12-05,1999,R,,nfl_0007,nfl_0026,44,30,0.507,1.0,1,0.243,0.6792
1999-12-05,1999,R,,nfl_0015,nfl_0012,34,37,0.5624,0.0,0,0.3163,0.8264
1999-12-05,1999,R,,nfl_0010,nfl_0030,33,17,0.6176,1.0,1,0.1462,0.4819
1999-12-05,1999,R,,nfl_0005,nfl_0027,21,34,0.3379,0.0,1,0.1142,0.4123
1999-12-05,1999,R,,nfl_0003,nfl_0029,41,14,0.4244,1.0,0,0.3313,0.857
1999-12-05,1999,R,,nfl_0006,nfl_0011,19,35,0.4675,0.0,1,0.2186,0.6303
1999-12-05,1999,R,,nfl_0002,nfl_0018,35,12,0.6408,1.0,1,0.129,0.445
1999-12-05,1999,R,,nfl_0019,nfl_0020,41,28,0.4706,1.0,0,0.2802,0.7537
1999-12-05,1999,R,,nfl_0024,nfl_0031,23,10,0.7364,1.0,1,0.0695,0.306
1999-12-05,1999,R,,nfl_0001,nfl_0022,21,17,0.7224,1.0,1,0.0771,0.3252
1999-12-05,1999,R,,nfl_0009,nfl_0014,10,16,0.6149,0.0,0,0.378,0.9541
1999-12-05,1999,R,,nfl_0021,nfl_0025,30,21,0.4397,1.0,0,0.3139,0.8217
1999-12-05,1999,R,,nfl_0017,nfl_0008,13,6,0.5088,1.0,1,0.2412,0.6756
1999-12-06,1999,R,,nfl_0028,nfl_0016,24,17,0.5486,1.0,1,0.2038,0.6004
1999-12-09,1999,R,,nfl_0029,nfl_0021,21,14,0.6295,1.0,1,0.1372,0.4628
1999-12-12,1999,R,,nfl_0008,nfl_0022,20,10,0.8377,1.0,1,0.0263,0.1771
1999-12-12,1999,R,,nfl_0018,nfl_0027,14,30,0.1884,0.0,1,0.0355,0.2087
1999-12-12,1999,R,,nfl_0007,nfl_0031,44,28,0.6663,1.0,1,0.1114,0.406
1999-12-12,1999,R,,nfl_0030,nfl_0001,28,3,0.6726,1.0,1,0.1072,0.3966
1999-12-12,1999,R,,nfl_0023,nfl_0003,24,31,0.6129,0.0,0,0.3757,0.9492
1999-12-12,1999,R,,nfl_0004,nfl_0019,17,19,0.7993,0.0,0,0.6388,1.6058
1999-12-12,1999,R,,nfl_0011,nfl_0005,31,33,0.7385,0.0,0,0.5454,1.3413
1999-12-12,1999,R,,nfl_0012,nfl_0017,20,15,0.7115,1.0,1,0.0832,0.3404
1999-12-12,1999,R,,nfl_0020,nfl_0015,28,20,0.5133,1.0,1,0.2369,0.6668
1999-12-12,1999,R,,nfl_0025,nfl_0024,16,19,0.8107,0.0,0,0.6572,1.6642
1999-12-12,1999,R,,nfl_0026,nfl_0002,26,7,0.4811,1.0,0,0.2692,0.7316
1999-12-12,1999,R,,nfl_0028,nfl_0010,23,16,0.631,1.0,1,0.1362,0.4605
1999-12-12,1999,R,,nfl_0014,nfl_0016,31,28,0.5821,1.0,1,0.1747,0.5411
1999-12-13,1999,R,,nfl_0013,nfl_0009,27,24,0.8181,1.0,1,0.0331,0.2007
1999-12-18,1999,R,,nfl_0014,nfl_0023,35,19,0.7286,1.0,1,0.0737,0.3166
1999-12-18,1999,R,,nfl_0005,nfl_0026,41,24,0.7142,1.0,1,0.0817,0.3365
1999-12-19,1999,R,,nfl_0029,nfl_0002,30,17,0.7821,1.0,1,0.0475,0.2458
1999-12-19,1999,R,,nfl_0012,nfl_0030,24,21,0.7173,1.0,1,0.0799,0.3323
1999-12-19,1999,R,,nfl_0027,nfl_0019,31,10,0.8456,1.0,1,0.0238,0.1677
1999-12-19,1999,R,,nfl_0015,nfl_0024,12,9,0.7499,1.0,1,0.0625,0.2878
1999-12-19,1999,R,,nfl_0006,nfl_0010,28,10,0.446,1.0,0,0.3069,0.8073
1999-12-19,1999,R,,nfl_0003,nfl_0018,31,8,0.8109,1.0,1,0.0358,0.2097
1999-12-19,1999,R,,nfl_0031,nfl_0013,14,24,0.1065,0.0,1,0.0113,0.1126
1999-12-19,1999,R,,nfl_0022,nfl_0017,24,9,0.3472,1.0,0,0.4261,1.0578
1999-12-19,1999,R,,nfl_0009,nfl_0025,36,30,0.5159,1.0,1,0.2344,0.6619
1999-12-19,1999,R,,nfl_0021,nfl_0028,45,0,0.4727,1.0,0,0.278,0.7492
1999-12-19,1999,R,,nfl_0008,nfl_0020,21,22,0.6769,0.0,0,0.4581,1.1297
1999-12-19,1999,R,,nfl_0001,nfl_0004,21,31,0.393,0.0,1,0.1545,0.4993
1999-12-20,1999,R,,nfl_0016,nfl_0011,24,20,0.6441,1.0,1,0.1267,0.4399
1999-12-24,1999,R,,nfl_0018,nfl_0008,31,24,0.2888,1.0,0,0.5058,1.2421
1999-12-25,1999,R,,nfl_0010,nfl_0009,7,17,0.589,0.0,0,0.3469,0.8891
1999-12-26,1999,R,,nfl_0029,nfl_0013,41,14,0.3876,1.0,0,0.375,0.9477
1999-12-26,1999,R,,nfl_0023,nfl_0005,30,20,0.5764,1.0,1,0.1795,0.551
1999-12-26,1999,R,,nfl_0027,nfl_0006,34,12,0.8646,1.0,1,0.0183,0.1455
1999-12-26,1999,R,,nfl_0003,nfl_0007,22,0,0.8,1.0,1,0.04,0.2232
1999-12-26,1999,R,,nfl_0019,nfl_0016,17,34,0.4134,0.0,1,0.1709,0.5335
1999-12-26,1999,R,,nfl_0031,nfl_0012,28,29,0.1449,0.0,1,0.021,0.1566
1999-12-26,1999,R,,nfl_0002,nfl_0001,37,14,0.5659,1.0,1,0.1884,0.5693
1999-12-26,1999,R,,nfl_0017,nfl_0004,10,13,0.4645,0.0,1,0.2158,0.6245
1999-12-26,1999,R,,nfl_0024,nfl_0021,23,20,0.4034,1.0,0,0.3559,0.9078
1999-12-26,1999,R,,nfl_0025,nfl_0014,23,14,0.542,1.0,1,0.2098,0.6125
1999-12-26,1999,R,,nfl_0028,nfl_0011,29,10,0.6128,1.0,1,0.1499,0.4897
1999-12-26,1999,R,,nfl_0026,nfl_0030,20,26,0.3766,0.0,1,0.1418,0.4726
1999-12-27,1999,R,,nfl_0015,nfl_0020,31,38,0.6319,0.0,0,0.3993,0.9995
2000-01-02,1999,R,,nfl_0013,nfl_0007,24,7,0.9109,1.0,1,0.0079,0.0934
2000-01-02,1999,R,,nfl_0014,nfl_0021,38,41,0.6459,0.0,0,0.4172,1.0383
2000-01-02,1999,R,,nfl_0004,nfl_0012,31,6,0.5555,1.0,1,0.1976,0.5879
2000-01-02,1999,R,,nfl_0005,nfl_0018,45,13,0.7448,1.0,1,0.0651,0.2947
2000-01-02,1999,R,,nfl_0006,nfl_0028,6,20,0.4126,0.0,1,0.1702,0.532
2000-01-02,1999,R,,nfl_0011,nfl_0001,49,24,0.7596,1.0,1,0.0578,0.275
2000-01-02,1999,R,,nfl_0017,nfl_0003,20,3,0.522,1.0,1,0.2285,0.65
2000-01-02,1999,R,,nfl_0020,nfl_0025,19,9,0.5504,1.0,1,0.2021,0.597
2000-01-02,1999,R,,nfl_0022,nfl_0027,38,31,0.2069,1.0,0,0.629,1.5754
2000-01-02,1999,R,,nfl_0016,nfl_0010,24,17,0.7465,1.0,1,0.0643,0.2924
2000-01-02,1999,R,,nfl_0008,nfl_0019,26,18,0.7438,1.0,1,0.0657,0.296
2000-01-02,1999,R,,nfl_0009,nfl_0024,6,12,0.7547,0.0,0,0.5696,1.4052
2000-01-02,1999,R,,nfl_0030,nfl_0015,21,10,0.6311,1.0,1,0.1361,0.4604
2000-01-02,1999,R,,nfl_0023,nfl_0029,36,47,0.4353,0.0,1,0.1895,0.5715
2000-01-03,1999,R,,nfl_0002,nfl_0026,34,29,0.6846,1.0,1,0.0995,0.3789
2000-01-08,1999,P,WC,nfl_0029,nfl_0004,22,16,0.5799,1.0,1,0.1765,0.545
2000-01-08,1999,P,WC,nfl_0030,nfl_0010,27,13,0.6927,1.0,1,0.0944,0.3672
2000-01-09,1999,P,WC,nfl_0016,nfl_0008,27,10,0.6958,1.0,1,0.0925,0.3626
2000-01-09,1999,P,WC,nfl_0025,nfl_0015,17,20,0.6684,0.0,0,0.4468,1.104
2000-01-15,1999,P,DV,nfl_0013,nfl_0015,62,7,0.7971,1.0,1,0.0412,0.2268
2000-01-15,1999,P,DV,nfl_0028,nfl_0030,14,13,0.6631,1.0,1,0.1135,0.4108
2000-01-16,1999,P,DV,nfl_0027,nfl_0016,49,37,0.6913,1.0,1,0.0953,0.3691
2000-01-16,1999,P,DV,nfl_0012,nfl_0029,16,19,0.5923,0.0,0,0.3508,0.8971
2000-01-23,1999,P,CC,nfl_0013,nfl_0029,14,33,0.6723,0.0,0,0.4519,1.1155
2000-01-23,1999,P,CC,nfl_0027,nfl_0028,11,6,0.7245,1.0,1,0.0759,0.3222
2000-09-03,2000,R,,nfl_0016,nfl_0006,30,27,0.6834,1.0,1,0.1003,0.3807
2000-09-03,2000,R,,nfl_0014,nfl_0012,14,27,0.5939,0.0,0,0.3527,0.9012
2000-09-03,2000,R,,nfl_0030,nfl_0005,20,17,0.6309,1.0,1,0.1362,0.4606
2000-09-03,2000,R,,nfl_0002,nfl_0026,36,28,0.6347,1.0,1,0.1335,0.4547
2000-09-03,2000,R,,nfl_0031,nfl_0013,7,27,0.4373,0.0,1,0.1912,0.575
2000-09-03,2000,R,,nfl_0017,nfl_0028,16,21,0.5721,0.0,0,0.3273,0.8488
2000-09-03,2000,R,,nfl_0023,nfl_0003,0,16,0.5786,0.0,0,0.3348,0.8642
2000-09-03,2000,R,,nfl_0018,nfl_0010,10,14,0.543,0.0,0,0.2949,0.7831
2000-09-03,2000,R,,nfl_0019,nfl_0001,21,16,0.6227,1.0,1,0.1424,0.4737
2000-09-03,2000,R,,nfl_0008,nfl_0022,14,41,0.6586,0.0,0,0.4337,1.0746
2000-09-03,2000,R,,nfl_0021,nfl_0024,9,6,0.6441,1.0,1,0.1267,0.4399
2000-09-03,2000,R,,nfl_0015,nfl_0025,23,0,0.582,1.0,1,0.1747,0.5413
2000-09-03,2000,R,,nfl_0011,nfl_0020,16,20,0.5906,0.0,0,0.3488,0.8931
2000-09-03,2000,R,,nfl_0004,nfl_0029,16,13,0.5684,1.0,1,0.1863,0.5649
2000-09-04,2000,R,,nfl_0027,nfl_0009,41,36,0.6747,1.0,1,0.1058,0.3934
2000-09-10,2000,R,,nfl_0016,nfl_0015,13,7,0.6189,1.0,1,0.1452,0.4798
2000-09-10,2000,R,,nfl_0007,nfl_0031,7,24,0.6759,0.0,0,0.4569,1.1267
2000-09-10,2000,R,,nfl_0012,nfl_0021,31,38,0.6471,0.0,0,0.4187,1.0416
2000-09-10,2000,R,,nfl_0004,nfl_0011,27,18,0.674,1.0,1,0.1063,0.3945
2000-09-10,2000,R,,nfl_0028,nfl_0006,41,0,0.7026,1.0,1,0.0884,0.353
2000-09-10,2000,R,,nfl_0003,nfl_0013,39,36,0.5647,1.0,1,0.1895,0.5715
2000-09-10,2000,R,,nfl_0022,nfl_0019,18,33,0.659,0.0,0,0.4343,1.076
2000-09-10,2000,R,,nfl_0029,nfl_0014,17,14,0.6854,1.0,1,0.0989,0.3777
2000-09-10,2000,R,,nfl_0026,nfl_0005,22,38,0.5323,0.0,0,0.2834,0.76
2000-09-10,2000,R,,nfl_0024,nfl_0018,27,28,0.6585,0.0,0,0.4336,1.0743
2000-09-10,2000,R,,nfl_0025,nfl_0027,34,37,0.4779,0.0,1,0.2284,0.6499
2000-09-10,2000,R,,nfl_0009,nfl_0002,42,14,0.596,1.0,1,0.1632,0.5175
2000-09-10,2000,R,,nfl_0010,nfl_0030,15,10,0.5713,1.0,1,0.1838,0.5598
2000-09-10,2000,R,,nfl_0001,nfl_0008,32,31,0.6092,1.0,1,0.1527,0.4956
2000-09-11,2000,R,,nfl_0020,nfl_0017,20,19,0.667,1.0,1,0.1109,0.4049
2000-09-17,2000,R,,nfl_0013,nfl_0007,13,0,0.7948,1.0,1,0.0421,0.2297
2000-09-17,2000,R,,nfl_0005,nfl_0002,10,15,0.689,0.0,0,0.4747,1.1678
2000-09-17,2000,R,,nfl_0031,nfl_0023,23,20,0.5552,1.0,1,0.1978,0.5884
2000-09-17,2000,R,,nfl_0011,nfl_0022,6,3,0.5874,1.0,1,0.1702,0.532
2000-09-17,2000,R,,nfl_0027,nfl_0026,41,24,0.8106,1.0,1,0.0359,0.21
2000-09-17,2000,R,,nfl_0020,nfl_0004,27,14,0.5668,1.0,1,0.1877,0.5678
2000-09-17,2000,R,,nfl_0010,nfl_0028,10,31,0.5126,0.0,0,0.2628,0.7187
2000-09-17,2000,R,,nfl_0006,nfl_0019,7,14,0.4512,0.0,1,0.2036,0.6
2000-09-17,2000,R,,nfl_0021,nfl_0009,24,33,0.6232,0.0,0,0.3883,0.9759
2000-09-17,2000,R,,nfl_0014,nfl_0024,42,10,0.6258,1.0,1,0.14,0.4687
2000-09-17,2000,R,,nfl_0017,nfl_0016,13,21,0.482,0.0,1,0.2323,0.6577
2000-09-17,2000,R,,nfl_0025,nfl_0018,20,10,0.6331,1.0,1,0.1346,0.4571
2000-09-17,2000,R,,nfl_0015,nfl_0003,19,6,0.5469,1.0,1,0.2053,0.6035
2000-09-18,2000,R,,nfl_0030,nfl_0008,21,27,0.7039,0.0,0,0.4955,1.2172
2000-09-24,2000,R,,nfl_0023,nfl_0029,20,23,0.3998,0.0,1,0.1599,0.5106
2000-09-24,2000,R,,nfl_0003,nfl_0007,37,0,0.7794,1.0,1,0.0487,0.2493
2000-09-24,2000,R,,nfl_0002,nfl_0027,20,41,0.4397,0.0,1,0.1933,0.5793
2000-09-24,2000,R,,nfl_0006,nfl_0010,14,21,0.5081,0.0,0,0.2582,0.7095
2000-09-24,2000,R,,nfl_0018,nfl_0022,7,21,0.5291,0.0,0,0.28,0.7532
2000-09-24,2000,R,,nfl_0015,nfl_0017,10,3,0.7089,1.0,1,0.0848,0.3441
2000-09-24,2000,R,,nfl_0008,nfl_0026,24,41,0.6875,0.0,0,0.4726,1.1631
2000-09-24,2000,R,,nfl_0001,nfl_0011,3,29,0.5898,0.0,0,0.3479,0.8911
2000-09-24,2000,R,,nfl_0028,nfl_0020,17,21,0.6764,0.0,0,0.4575,1.1282
2000-09-24,2000,R,,nfl_0024,nfl_0025,12,20,0.5141,0.0,0,0.2643,0.7217
2000-09-24,2000,R,,nfl_0009,nfl_0014,22,23,0.658,0.0,0,0.4329,1.0728
2000-09-24,2000,R,,nfl_0021,nfl_0031,36,10,0.6924,1.0,1,0.0946,0.3676
2000-09-24,2000,R,,nfl_0019,nfl_0030,6,16,0.6895,0.0,0,0.4754,1.1694
2000-09-25,2000,R,,nfl_0012,nfl_0013,43,14,0.5824,1.0,1,0.1744,0.5407
2000-10-01,2000,R,,nfl_0004,nfl_0012,16,18,0.5814,0.0,0,0.338,0.8708
2000-10-01,2000,R,,nfl_0010,nfl_0016,24,31,0.4564,0.0,1,0.2083,0.6096
2000-10-01,2000,R,,nfl_0005,nfl_0008,13,16,0.7363,0.0,0,0.5422,1.333
2000-10-01,2000,R,,nfl_0027,nfl_0024,57,31,0.8493,1.0,1,0.0227,0.1633
2000-10-01,2000,R,,nfl_0031,nfl_0003,0,12,0.412,0.0,1,0.1698,0.5311
2000-10-01,2000,R,,nfl_0013,nfl_0023,13,24,0.7321,0.0,0,0.536,1.3172
2000-10-01,2000,R,,nfl_0029,nfl_0019,28,14,0.6671,1.0,1,0.1108,0.4048
2000-10-01,2000,R,,nfl_0007,nfl_0015,16,31,0.3331,0.0,1,0.111,0.4052
2000-10-01,2000,R,,nfl_0009,nfl_0017,19,28,0.7307,0.0,0,0.5339,1.3119
2000-10-01,2000,R,,nfl_0026,nfl_0001,27,20,0.6386,1.0,1,0.1306,0.4485
2000-10-01,2000,R,,nfl_0011,nfl_0006,24,27,0.78,0.0,0,0.6085,1.5143
2000-10-01,2000,R,,nfl_0030,nfl_0028,20,17,0.4836,1.0,0,0.2666,0.7264
2000-10-01,2000,R,,nfl_0022,nfl_0002,38,10,0.683,1.0,1,0.1005,0.3813
2000-10-02,2000,R,,nfl_0014,nfl_0025,24,17,0.6424,1.0,1,0.1279,0.4425
2000-10-08,2000,R,,nfl_0007,nfl_0029,14,23,0.2786,0.0,1,0.0776,0.3266
2000-10-08,2000,R,,nfl_0020,nfl_0023,3,20,0.779,0.0,0,0.6069,1.5097
2000-10-08,2000,R,,nfl_0010,nfl_0011,31,24,0.5452,1.0,1,0.2068,0.6066
2000-10-08,2000,R,,nfl_0015,nfl_0004,22,13,0.6698,1.0,1,0.1091,0.4008
2000-10-08,2000,R,,nfl_0017,nfl_0012,24,16,0.4484,1.0,0,0.3043,0.8021
2000-10-08,2000,R,,nfl_0022,nfl_0030,14,17,0.61,0.0,0,0.372,0.9415
2000-10-08,2000,R,,nfl_0006,nfl_0018,10,31,0.5855,0.0,0,0.3428,0.8806
2000-10-08,2000,R,,nfl_0026,nfl_0021,28,34,0.4254,0.0,1,0.1809,0.554
2000-10-08,2000,R,,nfl_0002,nfl_0019,6,13,0.4905,0.0,1,0.2406,0.6744
2000-10-08,2000,R,,nfl_0005,nfl_0025,26,3,0.6076,1.0,1,0.154,0.4982
2000-10-08,2000,R,,nfl_0001,nfl_0031,29,21,0.5848,1.0,1,0.1724,0.5365
2000-10-08,2000,R,,nfl_0024,nfl_0009,7,21,0.4118,0.0,1,0.1696,0.5307
2000-10-08,2000,R,,nfl_0013,nfl_0003,10,15,0.4864,0.0,1,0.2366,0.6663
2000-10-09,2000,R,,nfl_0016,nfl_0028,30,23,0.5977,1.0,1,0.1618,0.5146
2000-10-15,2000,R,,nfl_0014,nfl_0021,17,20,0.6272,0.0,0,0.3934,0.9868
2000-10-15,2000,R,,nfl_0004,nfl_0024,27,24,0.7725,1.0,1,0.0517,0.2581
2000-10-15,2000,R,,nfl_0023,nfl_0007,15,0,0.8041,1.0,1,0.0384,0.2181
2000-10-15,2000,R,,nfl_0030,nfl_0003,10,3,0.533,1.0,1,0.2181,0.6293
2000-10-15,2000,R,,nfl_0027,nfl_0002,45,29,0.8711,1.0,1,0.0166,0.138
2000-10-15,2000,R,,nfl_0019,nfl_0008,19,14,0.6819,1.0,1,0.1012,0.3828
2000-10-15,2000,R,,nfl_0018,nfl_0005,24,6,0.4918,1.0,0,0.2583,0.7097
2000-10-15,2000,R,,nfl_0025,nfl_0012,24,37,0.4546,0.0,1,0.2067,0.6063
2000-10-15,2000,R,,nfl_0017,nfl_0020,17,34,0.5478,0.0,0,0.3001,0.7937
2000-10-15,2000,R,,nfl_0009,nfl_0031,44,10,0.7884,1.0,1,0.0448,0.2378
2000-10-15,2000,R,,nfl_0001,nfl_0022,14,33,0.4433,0.0,1,0.1965,0.5856
2000-10-15,2000,R,,nfl_0011,nfl_0026,31,28,0.69,1.0,1,0.0961,0.371
2000-10-15,2000,R,,nfl_0006,nfl_0016,16,28,0.2801,0.0,1,0.0785,0.3287
2000-10-16,2000,R,,nfl_0029,nfl_0013,27,13,0.7404,1.0,1,0.0674,0.3006
2000-10-19,2000,R,,nfl_0028,nfl_0010,14,28,0.7022,0.0,0,0.4931,1.2113
2000-10-22,2000,R,,nfl_0007,nfl_0009,31,21,0.274,1.0,0,0.527,1.2945
2000-10-22,2000,R,,nfl_0012,nfl_0017,30,23,0.7539,1.0,1,0.0605,0.2824
2000-10-22,2000,R,,nfl_0008,nfl_0001,48,7,0.6594,1.0,1,0.116,0.4164
2000-10-22,2000,R,,nfl_0014,nfl_0027,54,34,0.4407,1.0,0,0.3129,0.8195
2000-10-22,2000,R,,nfl_0016,nfl_0004,31,27,0.7439,1.0,1,0.0656,0.2959
2000-10-22,2000,R,,nfl_0005,nfl_0026,34,16,0.6756,1.0,1,0.1052,0.3921
2000-10-22,2000,R,,nfl_0003,nfl_0029,6,14,0.5709,0.0,0,0.3259,0.846
2000-10-22,2000,R,,nfl_0022,nfl_0006,13,9,0.8226,1.0,1,0.0315,0.1952
2000-10-22,2000,R,,nfl_0002,nfl_0018,19,21,0.4876,0.0,1,0.2378,0.6687
2000-10-22,2000,R,,nfl_0021,nfl_0025,31,3,0.764,1.0,1,0.0557,0.2691
2000-10-22,2000,R,,nfl_0023,nfl_0031,22,0,0.781,1.0,1,0.048,0.2472
2000-10-22,2000,R,,nfl_0013,nfl_0030,16,35,0.4612,0.0,1,0.2127,0.6183
2000-10-23,2000,R,,nfl_0020,nfl_0015,40,37,0.5539,1.0,1,0.199,0.5908
2000-10-29,2000,R,,nfl_0004,nfl_0020,23,20,0.4959,1.0,0,0.2541,0.7013
2000-10-29,2000,R,,nfl_0028,nfl_0016,41,13,0.4858,1.0,0,0.2644,0.722
2000-10-29,2000,R,,nfl_0015,nfl_0011,28,20,0.6615,1.0,1,0.1146,0.4133
2000-10-29,2000,R,,nfl_0003,nfl_0023,6,9,0.6317,0.0,0,0.399,0.9988
2000-10-29,2000,R,,nfl_0002,nfl_0005,13,12,0.4293,1.0,0,0.3257,0.8455
2000-10-29,2000,R,,nfl_0031,nfl_0007,3,12,0.6073,0.0,0,0.3688,0.9347
2000-10-29,2000,R,,nfl_0012,nfl_0010,30,18,0.6713,1.0,1,0.108,0.3985
2000-10-29,2000,R,,nfl_0001,nfl_0018,10,21,0.3877,0.0,1,0.1503,0.4906
2000-10-29,2000,R,,nfl_0026,nfl_0027,24,34,0.3194,0.0,1,0.102,0.3848
2000-10-29,2000,R,,nfl_0019,nfl_0022,24,7,0.5949,1.0,1,0.1641,0.5194
2000-10-29,2000,R,,nfl_0008,nfl_0013,17,23,0.6316,0.0,0,0.3989,0.9986
2000-10-29,2000,R,,nfl_0025,nfl_0014,19,24,0.3912,0.0,1,0.153,0.4962
2000-10-29,2000,R,,nfl_0024,nfl_0021,13,15,0.3168,0.0,1,0.1004,0.381
2000-10-30,2000,R,,nfl_0030,nfl_0029,21,27,0.5434,0.0,0,0.2953,0.7839
2000-11-05,2000,R,,nfl_0010,nfl_0015,8,23,0.5057,0.0,0,0.2557,0.7046
2000-11-05,2000,R,,nfl_0017,nfl_0004,13,16,0.5513,0.0,0,0.3039,0.8014
2000-11-05,2000,R,,nfl_0006,nfl_0012,27,24,0.2808,1.0,0,0.5173,1.2702
2000-11-05,2000,R,,nfl_0018,nfl_0026,31,15,0.7382,1.0,1,0.0686,0.3036
2000-11-05,2000,R,,nfl_0002,nfl_0028,14,27,0.3333,0.0,1,0.1111,0.4054
2000-11-05,2000,R,,nfl_0007,nfl_0003,7,27,0.3717,0.0,1,0.1382,0.4647
2000-11-05,2000,R,,nfl_0022,nfl_0008,16,13,0.7041,1.0,1,0.0876,0.3509
2000-11-05,2000,R,,nfl_0029,nfl_0023,9,7,0.7198,1.0,1,0.0785,0.3287
2000-11-05,2000,R,,nfl_0031,nfl_0019,3,24,0.2938,0.0,1,0.0863,0.3479
2000-11-05,2000,R,,nfl_0021,nfl_0014,49,31,0.6282,1.0,1,0.1382,0.4649
2000-11-05,2000,R,,nfl_0001,nfl_0030,16,15,0.266,1.0,0,0.5387,1.3241
2000-11-05,2000,R,,nfl_0020,nfl_0009,23,30,0.6162,0.0,0,0.3797,0.9576
2000-11-05,2000,R,,nfl_0025,nfl_0024,17,15,0.6698,1.0,1,0.109,0.4007
2000-11-05,2000,R,,nfl_0027,nfl_0005,24,27,0.7586,0.0,0,0.5754,1.4211
2000-11-06,2000,R,,nfl_0011,nfl_0016,26,20,0.4815,1.0,0,0.2688,0.7308
2000-11-12,2000,R,,nfl_0008,nfl_0007,23,6,0.719,1.0,1,0.0789,0.3298
2000-11-12,2000,R,,nfl_0016,nfl_0001,31,14,0.8539,1.0,1,0.0213,0.1579
2000-11-12,2000,R,,nfl_0010,nfl_0002,13,10,0.7468,1.0,1,0.0641,0.292
2000-11-12,2000,R,,nfl_0023,nfl_0022,23,26,0.6191,0.0,0,0.3833,0.9652
2000-11-12,2000,R,,nfl_0004,nfl_0006,20,3,0.7922,1.0,1,0.0432,0.233
2000-11-12,2000,R,,nfl_0005,nfl_0018,10,20,0.5976,0.0,0,0.3571,0.9104
2000-11-12,2000,R,,nfl_0013,nfl_0025,21,28,0.6868,0.0,0,0.4717,1.161
2000-11-12,2000,R,,nfl_0029,nfl_0003,23,24,0.7171,0.0,0,0.5143,1.2628
2000-11-12,2000,R,,nfl_0031,nfl_0017,19,11,0.4089,1.0,0,0.3494,0.8943
2000-11-12,2000,R,,nfl_0026,nfl_0014,21,7,0.357,1.0,0,0.4134,1.03
2000-11-12,2000,R,,nfl_0024,nfl_0015,7,17,0.2454,0.0,1,0.0602,0.2816
2000-11-12,2000,R,,nfl_0028,nfl_0011,20,15,0.7266,1.0,1,0.0747,0.3194
2000-11-12,2000,R,,nfl_0019,nfl_0027,24,38,0.5487,0.0,0,0.3011,0.7957
2000-11-12,2000,R,,nfl_0012,nfl_0020,23,15,0.6633,1.0,1,0.1134,0.4105
2000-11-13,2000,R,,nfl_0009,nfl_0021,27,24,0.5108,1.0,1,0.2393,0.6717
2000-11-19,2000,R,,nfl_0014,nfl_0004,17,21,0.5864,0.0,0,0.3439,0.8829
2000-11-19,2000,R,,nfl_0016,nfl_0005,31,17,0.7194,1.0,1,0.0788,0.3294
2000-11-19,2000,R,,nfl_0017,nfl_0007,16,13,0.7165,1.0,1,0.0804,0.3334
2000-11-19,2000,R,,nfl_0011,nfl_0012,26,24,0.4481,1.0,0,0.3046,0.8027
2000-11-19,2000,R,,nfl_0022,nfl_0001,34,9,0.8421,1.0,1,0.0249,0.1719
2000-11-19,2000,R,,nfl_0018,nfl_0021,22,31,0.5172,0.0,0,0.2674,0.728
2000-11-19,2000,R,,nfl_0019,nfl_0010,21,31,0.6544,0.0,0,0.4283,1.0626
2000-11-19,2000,R,,nfl_0029,nfl_0031,24,10,0.9014,1.0,1,0.0097,0.1038
2000-11-19,2000,R,,nfl_0006,nfl_0028,13,10,0.2574,1.0,0,0.5515,1.3571
2000-11-19,2000,R,,nfl_0009,nfl_0024,38,37,0.8456,1.0,1,0.0238,0.1677
2000-11-19,2000,R,,nfl_0015,nfl_0020,3,20,0.7142,0.0,0,0.5101,1.2524
2000-11-19,2000,R,,nfl_0003,nfl_0008,27,0,0.7481,1.0,1,0.0634,0.2902
2000-11-19,2000,R,,nfl_0026,nfl_0002,16,6,0.6459,1.0,1,0.1254,0.4371
2000-11-19,2000,R,,nfl_0023,nfl_0013,24,34,0.7328,0.0,0,0.537,1.3198
2000-11-20,2000,R,,nfl_0027,nfl_0030,20,33,0.666,0.0,0,0.4436,1.0966
2000-11-23,2000,R,,nfl_0010,nfl_0017,34,9,0.7241,1.0,1,0.0761,0.3229
2000-11-23,2000,R,,nfl_0008,nfl_0016,15,27,0.3883,0.0,1,0.1508,0.4916
2000-11-26,2000,R,,nfl_0028,nfl_0004,31,17,0.6613,1.0,1,0.1147,0.4136
2000-11-26,2000,R,,nfl_0003,nfl_0031,44,7,0.877,1.0,1,0.0151,0.1312
2000-11-26,2000,R,,nfl_0030,nfl_0022,20,23,0.6484,0.0,0,0.4204,1.0453
2000-11-26,2000,R,,nfl_0020,nfl_0006,17,10,0.8369,1.0,1,0.0266,0.178
2000-11-26,2000,R,,nfl_0007,nfl_0023,28,48,0.359,0.0,1,0.1289,0.4447
2000-11-26,2000,R,,nfl_0027,nfl_0018,24,31,0.6945,0.0,0,0.4823,1.1858
2000-11-26,2000,R,,nfl_0021,nfl_0002,41,14,0.8778,1.0,1,0.0149,0.1303
2000-11-26,2000,R,,nfl_0012,nfl_0015,14,17,0.6274,0.0,0,0.3936,0.9873
2000-11-26,2000,R,,nfl_0013,nfl_0029,16,13,0.3447,1.0,0,0.4294,1.0651
2000-11-26,2000,R,,nfl_0024,nfl_0014,17,16,0.3611,1.0,0,0.4082,1.0185
2000-11-26,2000,R,,nfl_0025,nfl_0009,31,38,0.4426,0.0,1,0.1959,0.5845
2000-11-26,2000,R,,nfl_0001,nfl_0019,7,31,0.3206,0.0,1,0.1028,0.3865
2000-11-27,2000,R,,nfl_0005,nfl_0011,31,14,0.5483,1.0,1,0.204,0.601
2000-11-30,2000,R,,nfl_0016,nfl_0010,24,17,0.6823,1.0,1,0.1009,0.3823
2000-12-03,2000,R,,nfl_0028,nfl_0008,27,7,0.8101,1.0,1,0.0361,0.2106
2000-12-03,2000,R,,nfl_0030,nfl_0019,7,9,0.6579,0.0,0,0.4329,1.0728
2000-12-03,2000,R,,nfl_0023,nfl_0021,21,20,0.4433,1.0,0,0.3099,0.8135
2000-12-03,2000,R,,nfl_0004,nfl_0015,6,33,0.5132,0.0,0,0.2634,0.72
2000-12-03,2000,R,,nfl_0007,nfl_0001,24,13,0.629,1.0,1,0.1377,0.4637
2000-12-03,2000,R,,nfl_0018,nfl_0009,23,38,0.5507,0.0,0,0.3032,0.8
2000-12-03,2000,R,,nfl_0022,nfl_0029,13,15,0.5106,0.0,0,0.2607,0.7146
2000-12-03,2000,R,,nfl_0005,nfl_0027,16,3,0.4787,1.0,0,0.2717,0.7367
2000-12-03,2000,R,,nfl_0002,nfl_0025,10,30,0.5028,0.0,0,0.2528,0.6987
2000-12-03,2000,R,,nfl_0024,nfl_0026,17,45,0.4616,0.0,1,0.2131,0.6191
2000-12-03,2000,R,,nfl_0020,nfl_0012,27,17,0.6023,1.0,1,0.1582,0.5071
2000-12-03,2000,R,,nfl_0013,nfl_0031,48,0,0.7942,1.0,1,0.0424,0.2304
2000-12-03,2000,R,,nfl_0006,nfl_0011,6,28,0.4371,0.0,1,0.1911,0.5747
2000-12-04,2000,R,,nfl_0017,nfl_0014,30,24,0.4877,1.0,0,0.2624,0.718
2000-12-10,2000,R,,nfl_0014,nfl_0005,15,14,0.5391,1.0,1,0.2124,0.6178
2000-12-10,2000,R,,nfl_0006,nfl_0017,24,17,0.4784,1.0,0,0.272,0.7373
2000-12-10,2000,R,,nfl_0013,nfl_0001,44,10,0.848,1.0,1,0.0231,0.1648
2000-12-10,2000,R,,nfl_0011,nfl_0010,26,13,0.566,1.0,1,0.1884,0.5692
2000-12-10,2000,R,,nfl_0015,nfl_0028,13,16,0.6265,0.0,0,0.3924,0.9847
2000-12-10,2000,R,,nfl_0003,nfl_0024,24,3,0.9029,1.0,1,0.0094,0.1021
2000-12-10,2000,R,,nfl_0029,nfl_0007,35,3,0.9038,1.0,1,0.0093,0.1012
2000-12-10,2000,R,,nfl_0019,nfl_0023,30,10,0.6225,1.0,1,0.1425,0.474
2000-12-10,2000,R,,nfl_0031,nfl_0022,24,35,0.2437,0.0,1,0.0594,0.2793
2000-12-10,2000,R,,nfl_0009,nfl_0025,31,24,0.7945,1.0,1,0.0422,0.23
2000-12-10,2000,R,,nfl_0008,nfl_0030,32,13,0.3891,1.0,0,0.3733,0.944
2000-12-10,2000,R,,nfl_0027,nfl_0016,40,29,0.5018,1.0,1,0.2482,0.6895
2000-12-10,2000,R,,nfl_0026,nfl_0018,27,31,0.5094,0.0,0,0.2595,0.712
2000-12-10,2000,R,,nfl_0021,nfl_0020,31,7,0.6386,1.0,1,0.1306,0.4485
2000-12-11,2000,R,,nfl_0012,nfl_0004,44,20,0.701,1.0,1,0.0894,0.3553
2000-12-16,2000,R,,nfl_0023,nfl_0030,24,3,0.5786,1.0,1,0.1776,0.5472
2000-12-16,2000,R,,nfl_0025,nfl_0021,27,24,0.3112,1.0,0,0.4744,1.1673
2000-12-17,2000,R,,nfl_0014,nfl_0009,20,7,0.419,1.0,0,0.3376,0.8699
2000-12-17,2000,R,,nfl_0016,nfl_0011,28,33,0.682,0.0,0,0.4651,1.1457
2000-12-17,2000,R,,nfl_0004,nfl_0017,10,13,0.6706,0.0,0,0.4497,1.1105
2000-12-17,2000,R,,nfl_0007,nfl_0013,17,14,0.3296,1.0,0,0.4494,1.1097
2000-12-17,2000,R,,nfl_0020,nfl_0010,7,10,0.6864,0.0,0,0.4711,1.1596
2000-12-17,2000,R,,nfl_0018,nfl_0002,23,7,0.8181,1.0,1,0.0331,0.2007
2000-12-17,2000,R,,nfl_0031,nfl_0029,0,24,0.155,0.0,1,0.024,0.1684
2000-12-17,2000,R,,nfl_0005,nfl_0024,30,22,0.8341,1.0,1,0.0275,0.1814
2000-12-17,2000,R,,nfl_0026,nfl_0006,17,0,0.7232,1.0,1,0.0766,0.3241
2000-12-17,2000,R,,nfl_0001,nfl_0003,7,13,0.1696,0.0,1,0.0288,0.1858
2000-12-17,2000,R,,nfl_0015,nfl_0012,13,20,0.6589,0.0,0,0.4341,1.0755
2000-12-17,2000,R,,nfl_0008,nfl_0019,13,17,0.429,0.0,1,0.184,0.5603
2000-12-18,2000,R,,nfl_0028,nfl_0027,38,35,0.6821,1.0,1,0.101,0.3825
2000-12-23,2000,R,,nfl_0019,nfl_0013,28,25,0.7102,1.0,1,0.084,0.3422
2000-12-23,2000,R,,nfl_0009,nfl_0026,38,9,0.7675,1.0,1,0.0541,0.2647
2000-12-23,2000,R,,nfl_0025,nfl_0004,23,42,0.6095,0.0,0,0.3714,0.9402
2000-12-24,2000,R,,nfl_0030,nfl_0001,20,3,0.8646,1.0,1,0.0183,0.1455
2000-12-24,2000,R,,nfl_0010,nfl_0006,20,23,0.8202,0.0,0,0.6727,1.7159
2000-12-24,2000,R,,nfl_0011,nfl_0028,17,14,0.4918,1.0,0,0.2583,0.7098
2000-12-24,2000,R,,nfl_0017,nfl_0015,24,27,0.3477,0.0,1,0.1209,0.4272
2000-12-24,2000,R,,nfl_0018,nfl_0027,21,26,0.5794,0.0,0,0.3357,0.866
2000-12-24,2000,R,,nfl_0003,nfl_0020,34,20,0.6681,1.0,1,0.1101,0.4033
2000-12-24,2000,R,,nfl_0022,nfl_0007,16,7,0.8717,1.0,1,0.0165,0.1373
2000-12-24,2000,R,,nfl_0002,nfl_0014,29,13,0.3172,1.0,0,0.4662,1.1481
2000-12-24,2000,R,,nfl_0024,nfl_0023,21,34,0.276,0.0,1,0.0762,0.323
2000-12-24,2000,R,,nfl_0021,nfl_0005,52,9,0.757,1.0,1,0.059,0.2783
2000-12-24,2000,R,,nfl_0012,nfl_0016,31,10,0.646,1.0,1,0.1253,0.4369
2000-12-25,2000,R,,nfl_0029,nfl_0008,31,0,0.8412,1.0,1,0.0252,0.173
2000-12-30,2000,P,WC,nfl_0015,nfl_0012,23,17,0.5709,1.0,1,0.1841,0.5606
2000-12-30,2000,P,WC,nfl_0018,nfl_0027,31,28,0.5246,1.0,1,0.226,0.6452
2000-12-31,2000,P,WC,nfl_0003,nfl_0009,21,3,0.6197,1.0,1,0.1446,0.4785
2000-12-31,2000,P,WC,nfl_0022,nfl_0028,21,3,0.5142,1.0,1,0.236,0.6652
2001-01-06,2000,P,DV,nfl_0016,nfl_0018,34,16,0.659,1.0,1,0.1163,0.417
2001-01-06,2000,P,DV,nfl_0021,nfl_0015,27,0,0.6905,1.0,1,0.0958,0.3704
2001-01-07,2000,P,DV,nfl_0029,nfl_0003,10,24,0.6564,0.0,0,0.4309,1.0683
2001-01-07,2000,P,DV,nfl_0019,nfl_0022,20,10,0.6191,1.0,1,0.1451,0.4794
2001-01-14,2000,P,CC,nfl_0019,nfl_0016,41,0,0.6293,1.0,1,0.1375,0.4632
2001-01-14,2000,P,CC,nfl_0021,nfl_0003,3,16,0.608,0.0,0,0.3696,0.9365
2001-09-09,2001,R,,nfl_0014,nfl_0021,24,27,0.5322,0.0,0,0.2832,0.7597
2001-09-09,2001,R,,nfl_0011,nfl_0010,28,6,0.624,1.0,1,0.1414,0.4717
2001-09-09,2001,R,,nfl_0008,nfl_0028,6,10,0.528,0.0,0,0.2788,0.7508
2001-09-09,2001,R,,nfl_0016,nfl_0005,13,24,0.6154,0.0,0,0.3787,0.9554
2001-09-09,2001,R,,nfl_0003,nfl_0006,17,6,0.7442,1.0,1,0.0655,0.2955
2001-09-09,2001,R,,nfl_0031,nfl_0025,6,9,0.5387,0.0,0,0.2902,0.7737
2001-09-09,2001,R,,nfl_0007,nfl_0017,23,17,0.5647,1.0,1,0.1895,0.5715
2001-09-09,2001,R,,nfl_0020,nfl_0012,24,45,0.5713,0.0,0,0.3264,0.847
2001-09-09,2001,R,,nfl_0004,nfl_0018,6,24,0.5929,0.0,0,0.3515,0.8987
2001-09-09,2001,R,,nfl_0013,nfl_0023,21,3,0.5793,1.0,1,0.177,0.546
2001-09-09,2001,R,,nfl_0026,nfl_0002,16,13,0.6424,1.0,1,0.1279,0.4426
2001-09-09,2001,R,,nfl_0024,nfl_0030,30,3,0.5104,1.0,1,0.2397,0.6725
2001-09-09,2001,R,,nfl_0022,nfl_0027,17,20,0.6056,0.0,0,0.3667,0.9304
2001-09-09,2001,R,,nfl_0029,nfl_0015,23,31,0.6162,0.0,0,0.3797,0.9575
2001-09-10,2001,R,,nfl_0009,nfl_0019,31,20,0.573,1.0,1,0.1823,0.5568
2001-09-23,2001,R,,nfl_0014,nfl_0019,3,13,0.5488,0.0,0,0.3012,0.7959
2001-09-23,2001,R,,nfl_0006,nfl_0016,17,10,0.5539,1.0,1,0.199,0.5908
2001-09-23,2001,R,,nfl_0012,nfl_0004,42,26,0.7594,1.0,1,0.0579,0.2753
2001-09-23,2001,R,,nfl_0013,nfl_0029,13,6,0.6259,1.0,1,0.14,0.4686
2001-09-23,2001,R,,nfl_0015,nfl_0021,18,15,0.5926,1.0,1,0.166,0.5232
2001-09-23,2001,R,,nfl_0007,nfl_0003,21,10,0.4348,1.0,0,0.3195,0.8329
2001-09-23,2001,R,,nfl_0002,nfl_0005,24,16,0.4816,1.0,0,0.2688,0.7307
2001-09-23,2001,R,,nfl_0008,nfl_0024,21,32,0.5787,0.0,0,0.3349,0.8643
2001-09-23,2001,R,,nfl_0031,nfl_0010,24,14,0.529,1.0,1,0.2218,0.6367
2001-09-23,2001,R,,nfl_0017,nfl_0020,3,10,0.5926,0.0,0,0.3512,0.898
2001-09-23,2001,R,,nfl_0025,nfl_0022,3,27,0.5704,0.0,0,0.3253,0.8449
2001-09-23,2001,R,,nfl_0026,nfl_0027,26,30,0.5419,0.0,0,0.2936,0.7806
2001-09-23,2001,R,,nfl_0001,nfl_0009,17,38,0.4291,0.0,1,0.1841,0.5605
2001-09-24,2001,R,,nfl_0011,nfl_0030,37,0,0.7204,1.0,1,0.0782,0.3279
2001-09-30,2001,R,,nfl_0027,nfl_0015,42,10,0.5812,1.0,1,0.1754,0.5426
2001-09-30,2001,R,,nfl_0016,nfl_0028,20,16,0.4452,1.0,0,0.3078,0.8093
2001-09-30,2001,R,,nfl_0030,nfl_0014,13,45,0.5548,0.0,0,0.3078,0.8092
2001-09-30,2001,R,,nfl_0004,nfl_0023,3,20,0.5117,0.0,0,0.2618,0.7167
2001-09-30,2001,R,,nfl_0005,nfl_0011,7,28,0.5057,0.0,0,0.2558,0.7047
2001-09-30,2001,R,,nfl_0017,nfl_0012,44,13,0.3676,1.0,0,0.3999,1.0007
2001-09-30,2001,R,,nfl_0019,nfl_0018,21,13,0.5753,1.0,1,0.1803,0.5528
2001-09-30,2001,R,,nfl_0001,nfl_0002,14,34,0.4989,0.0,1,0.2489,0.691
2001-09-30,2001,R,,nfl_0021,nfl_0025,38,14,0.7368,1.0,1,0.0693,0.3055
2001-09-30,2001,R,,nfl_0024,nfl_0007,28,14,0.6257,1.0,1,0.1401,0.4689
2001-09-30,2001,R,,nfl_0013,nfl_0031,14,23,0.7362,0.0,0,0.542,1.3326
2001-09-30,2001,R,,nfl_0009,nfl_0003,13,20,0.6356,0.0,0,0.404,1.0096
2001-09-30,2001,R,,nfl_0022,nfl_0008,40,18,0.7556,1.0,1,0.0597,0.2803
2001-10-01,2001,R,,nfl_0020,nfl_0026,17,19,0.6269,0.0,0,0.393,0.986
2001-10-07,2001,R,,nfl_0018,nfl_0016,28,15,0.6715,1.0,1,0.1079,0.3982
2001-10-07,2001,R,,nfl_0003,nfl_0029,26,7,0.6745,1.0,1,0.1059,0.3937
2001-10-07,2001,R,,nfl_0023,nfl_0007,16,7,0.6623,1.0,1,0.114,0.412
2001-10-07,2001,R,,nfl_0031,nfl_0024,20,16,0.5199,1.0,1,0.2305,0.6542
2001-10-07,2001,R,,nfl_0015,nfl_0017,30,10,0.6373,1.0,1,0.1315,0.4505
2001-10-07,2001,R,,nfl_0019,nfl_0030,23,9,0.8216,1.0,1,0.0318,0.1966
2001-10-07,2001,R,,nfl_0002,nfl_0006,3,31,0.6251,0.0,0,0.3908,0.9811
2001-10-07,2001,R,,nfl_0022,nfl_0001,20,21,0.8422,0.0,0,0.7094,1.8467
2001-10-07,2001,R,,nfl_0021,nfl_0008,28,21,0.7883,1.0,1,0.0448,0.2379
2001-10-07,2001,R,,nfl_0009,nfl_0014,20,6,0.6569,1.0,1,0.1177,0.4202
2001-10-07,2001,R,,nfl_0004,nfl_0020,36,42,0.5137,0.0,0,0.2639,0.7209
2001-10-07,2001,R,,nfl_0025,nfl_0013,24,15,0.4717,1.0,0,0.2791,0.7515
2001-10-07,2001,R,,nfl_0028,nfl_0011,14,10,0.4748,1.0,0,0.2759,0.7449
2001-10-07,2001,R,,nfl_0026,nfl_0005,24,14,0.6131,1.0,1,0.1497,0.4892
2001-10-08,2001,R,,nfl_0010,nfl_0027,0,35,0.4344,0.0,1,0.1887,0.5698
2001-10-14,2001,R,,nfl_0014,nfl_0023,17,20,0.5465,0.0,0,0.2987,0.7908
2001-10-14,2001,R,,nfl_0027,nfl_0019,15,14,0.6685,1.0,1,0.1099,0.4028
2001-10-14,2001,R,,nfl_0006,nfl_0001,20,13,0.7765,1.0,1,0.05,0.253
2001-10-14,2001,R,,nfl_0016,nfl_0010,31,26,0.6798,1.0,1,0.1025,0.386
2001-10-14,2001,R,,nfl_0005,nfl_0018,25,27,0.4699,0.0,1,0.2208,0.6347
2001-10-14,2001,R,,nfl_0007,nfl_0031,24,14,0.5598,1.0,1,0.1937,0.5801
2001-10-14,2001,R,,nfl_0011,nfl_0003,31,23,0.6085,1.0,1,0.1533,0.4968
2001-10-14,2001,R,,nfl_0017,nfl_0024,29,26,0.5324,1.0,1,0.2186,0.6303
2001-10-14,2001,R,,nfl_0029,nfl_0028,31,28,0.5003,1.0,1,0.2497,0.6926
2001-10-14,2001,R,,nfl_0002,nfl_0026,31,37,0.5193,0.0,0,0.2696,0.7324
2001-10-14,2001,R,,nfl_0020,nfl_0015,21,17,0.5254,1.0,1,0.2253,0.6437
2001-10-14,2001,R,,nfl_0025,nfl_0009,34,21,0.4152,1.0,0,0.342,0.8789
2001-10-14,2001,R,,nfl_0012,nfl_0021,18,23,0.5786,0.0,0,0.3348,0.8643
2001-10-15,2001,R,,nfl_0008,nfl_0030,9,7,0.6618,1.0,1,0.1144,0.4128
2001-10-18,2001,R,,nfl_0013,nfl_0004,10,13,0.7298,0.0,0,0.5325,1.3084
2001-10-21,2001,R,,nfl_0018,nfl_0002,13,20,0.7534,0.0,0,0.5676,1.3999
2001-10-21,2001,R,,nfl_0012,nfl_0017,17,38,0.663,0.0,0,0.4396,1.0878
2001-10-21,2001,R,,nfl_0010,nfl_0029,24,27,0.4804,0.0,1,0.2308,0.6548
2001-10-21,2001,R,,nfl_0028,nfl_0023,10,17,0.5921,0.0,0,0.3506,0.8967
2001-10-21,2001,R,,nfl_0030,nfl_0005,17,14,0.4723,1.0,0,0.2785,0.7502
2001-10-21,2001,R,,nfl_0007,nfl_0006,0,24,0.5316,0.0,0,0.2826,0.7584
2001-10-21,2001,R,,nfl_0031,nfl_0003,24,14,0.4304,1.0,0,0.3244,0.843
2001-10-21,2001,R,,nfl_0020,nfl_0027,14,34,0.419,0.0,1,0.1755,0.543
2001-10-21,2001,R,,nfl_0024,nfl_0009,27,10,0.5558,1.0,1,0.1973,0.5874
2001-10-21,2001,R,,nfl_0016,nfl_0011,35,13,0.3898,1.0,0,0.3723,0.9421
2001-10-21,2001,R,,nfl_0001,nfl_0014,24,16,0.4434,1.0,0,0.3098,0.8132
2001-10-22,2001,R,,nfl_0019,nfl_0022,9,10,0.5786,0.0,0,0.3348,0.8642
2001-10-25,2001,R,,nfl_0014,nfl_0012,28,35,0.588,0.0,0,0.3457,0.8867
2001-10-28,2001,R,,nfl_0010,nfl_0007,27,31,0.5299,0.0,0,0.2808,0.7548
2001-10-28,2001,R,,nfl_0003,nfl_0013,18,17,0.7027,1.0,1,0.0884,0.3528
2001-10-28,2001,R,,nfl_0028,nfl_0016,41,14,0.6035,1.0,1,0.1572,0.505
2001-10-28,2001,R,,nfl_0027,nfl_0018,31,34,0.7692,0.0,0,0.5917,1.4664
2001-10-28,2001,R,,nfl_0005,nfl_0020,12,13,0.5321,0.0,0,0.2832,0.7596
2001-10-28,2001,R,,nfl_0006,nfl_0026,37,31,0.6356,1.0,1,0.1328,0.4532
2001-10-28,2001,R,,nfl_0024,nfl_0004,27,24,0.7578,1.0,1,0.0587,0.2773
2001-10-28,2001,R,,nfl_0009,nfl_0017,31,20,0.582,1.0,1,0.1747,0.5412
2001-10-28,2001,R,,nfl_0008,nfl_0001,17,3,0.6741,1.0,1,0.1062,0.3944
2001-10-28,2001,R,,nfl_0030,nfl_0019,35,21,0.3374,1.0,0,0.4391,1.0866
2001-10-28,2001,R,,nfl_0025,nfl_0015,20,24,0.5127,0.0,0,0.2629,0.7189
2001-10-28,2001,R,,nfl_0022,nfl_0021,10,20,0.5391,0.0,0,0.2906,0.7745
2001-10-29,2001,R,,nfl_0023,nfl_0029,34,7,0.6979,1.0,1,0.0913,0.3597
2001-11-04,2001,R,,nfl_0002,nfl_0017,10,24,0.571,0.0,0,0.3261,0.8463
2001-11-04,2001,R,,nfl_0004,nfl_0012,14,30,0.4686,0.0,1,0.2196,0.6322
2001-11-04,2001,R,,nfl_0023,nfl_0003,10,13,0.6335,0.0,0,0.4013,1.0037
2001-11-04,2001,R,,nfl_0015,nfl_0005,23,6,0.7561,1.0,1,0.0595,0.2795
2001-11-04,2001,R,,nfl_0011,nfl_0028,21,20,0.6612,1.0,1,0.1148,0.4137
2001-11-04,2001,R,,nfl_0029,nfl_0013,28,24,0.5865,1.0,1,0.171,0.5335
2001-11-04,2001,R,,nfl_0019,nfl_0008,27,24,0.7175,1.0,1,0.0798,0.332
2001-11-04,2001,R,,nfl_0001,nfl_0022,7,21,0.3424,0.0,1,0.1172,0.4191
2001-11-04,2001,R,,nfl_0026,nfl_0010,21,13,0.7713,1.0,1,0.0523,0.2597
2001-11-04,2001,R,,nfl_0006,nfl_0031,27,21,0.6841,1.0,1,0.0998,0.3796
2001-11-04,2001,R,,nfl_0030,nfl_0025,27,14,0.5169,1.0,1,0.2334,0.6599
2001-11-04,2001,R,,nfl_0024,nfl_0014,20,25,0.7303,0.0,0,0.5334,1.3105
2001-11-04,2001,R,,nfl_0018,nfl_0020,9,16,0.6739,0.0,0,0.4541,1.1205
2001-11-05,2001,R,,nfl_0021,nfl_0009,38,28,0.7155,1.0,1,0.0809,0.3348
2001-11-11,2001,R,,nfl_0012,nfl_0015,24,27,0.5391,0.0,0,0.2906,0.7746
2001-11-11,2001,R,,nfl_0017,nfl_0004,21,11,0.7949,1.0,1,0.0421,0.2295
2001-11-11,2001,R,,nfl_0006,nfl_0011,12,20,0.6047,0.0,0,0.3657,0.9281
2001-11-11,2001,R,,nfl_0027,nfl_0005,48,14,0.8705,1.0,1,0.0168,0.1387
2001-11-11,2001,R,,nfl_0020,nfl_0014,27,7,0.6752,1.0,1,0.1055,0.3928
2001-11-11,2001,R,,nfl_0013,nfl_0007,30,13,0.5802,1.0,1,0.1763,0.5444
2001-11-11,2001,R,,nfl_0031,nfl_0023,12,15,0.468,0.0,1,0.219,0.6312
2001-11-11,2001,R,,nfl_0010,nfl_0028,17,20,0.3439,0.0,1,0.1183,0.4214
2001-11-11,2001,R,,nfl_0002,nfl_0008,20,13,0.6024,1.0,1,0.1581,0.5068
2001-11-11,2001,R,,nfl_0009,nfl_0024,26,16,0.5885,1.0,1,0.1694,0.5302
2001-11-11,2001,R,,nfl_0022,nfl_0016,48,17,0.6933,1.0,1,0.094,0.3662
2001-11-11,2001,R,,nfl_0026,nfl_0018,28,27,0.5943,1.0,1,0.1646,0.5204
2001-11-11,2001,R,,nfl_0001,nfl_0019,10,17,0.3472,0.0,1,0.1205,0.4264
2001-11-11,2001,R,,nfl_0025,nfl_0021,34,27,0.3361,1.0,0,0.4408,1.0904
2001-11-12,2001,R,,nfl_0029,nfl_0003,10,16,0.4554,0.0,1,0.2074,0.6077
2001-11-18,2001,R,,nfl_0003,nfl_0031,17,27,0.7447,0.0,0,0.5546,1.3654
2001-11-18,2001,R,,nfl_0011,nfl_0002,20,23,0.7913,0.0,0,0.6261,1.5668
2001-11-18,2001,R,,nfl_0004,nfl_0025,20,23,0.468,0.0,1,0.219,0.6311
2001-11-18,2001,R,,nfl_0007,nfl_0029,7,20,0.5538,0.0,0,0.3067,0.807
2001-11-18,2001,R,,nfl_0018,nfl_0012,34,20,0.617,1.0,1,0.1467,0.4829
2001-11-18,2001,R,,nfl_0015,nfl_0020,0,24,0.6575,0.0,0,0.4323,1.0714
2001-11-18,2001,R,,nfl_0005,nfl_0026,22,25,0.4238,0.0,1,0.1796,0.5513
2001-11-18,2001,R,,nfl_0008,nfl_0022,3,36,0.3496,0.0,1,0.1222,0.4302
2001-11-18,2001,R,,nfl_0023,nfl_0013,20,7,0.7277,1.0,1,0.0741,0.3179
2001-11-18,2001,R,,nfl_0021,nfl_0024,34,24,0.737,1.0,1,0.0691,0.3051
2001-11-18,2001,R,,nfl_0028,nfl_0006,24,27,0.6,0.0,0,0.36,0.9162
2001-11-18,2001,R,,nfl_0001,nfl_0010,45,38,0.5775,1.0,1,0.1785,0.5491
2001-11-18,2001,R,,nfl_0009,nfl_0030,10,17,0.7191,0.0,0,0.517,1.2696
2001-11-18,2001,R,,nfl_0017,nfl_0027,17,24,0.4401,0.0,1,0.1937,0.5799
2001-11-19,2001,R,,nfl_0016,nfl_0019,28,16,0.4705,1.0,0,0.2804,0.7539
2001-11-22,2001,R,,nfl_0010,nfl_0011,27,29,0.2661,0.0,1,0.0708,0.3093
2001-11-22,2001,R,,nfl_0008,nfl_0009,24,26,0.4154,0.0,1,0.1725,0.5368
2001-11-25,2001,R,,nfl_0012,nfl_0026,21,40,0.5362,0.0,0,0.2875,0.7682
2001-11-25,2001,R,,nfl_0014,nfl_0025,19,7,0.5932,1.0,1,0.1655,0.5222
2001-11-25,2001,R,,nfl_0005,nfl_0002,7,10,0.5051,0.0,0,0.2551,0.7033
2001-11-25,2001,R,,nfl_0004,nfl_0015,27,34,0.3645,0.0,1,0.1329,0.4534
2001-11-25,2001,R,,nfl_0031,nfl_0007,18,0,0.7461,1.0,1,0.0645,0.2929
2001-11-25,2001,R,,nfl_0022,nfl_0030,3,13,0.8139,0.0,0,0.6624,1.6813
2001-11-25,2001,R,,nfl_0029,nfl_0023,24,34,0.4498,0.0,1,0.2023,0.5974
2001-11-25,2001,R,,nfl_0024,nfl_0001,17,20,0.7725,0.0,0,0.5968,1.4806
2001-11-25,2001,R,,nfl_0017,nfl_0018,34,17,0.5962,1.0,1,0.163,0.5171
2001-11-25,2001,R,,nfl_0013,nfl_0003,21,24,0.4723,0.0,1,0.223,0.6391
2001-11-25,2001,R,,nfl_0019,nfl_0021,10,28,0.4472,0.0,1,0.2,0.5928
2001-11-25,2001,R,,nfl_0016,nfl_0006,6,13,0.4541,0.0,1,0.2062,0.6053
2001-11-26,2001,R,,nfl_0027,nfl_0028,17,24,0.7651,0.0,0,0.5853,1.4485
2001-11-29,2001,R,,nfl_0014,nfl_0022,10,23,0.4064,0.0,1,0.1652,0.5216
2001-12-02,2001,R,,nfl_0023,nfl_0016,21,16,0.7914,1.0,1,0.0435,0.2339
2001-12-02,2001,R,,nfl_0007,nfl_0028,13,16,0.3467,0.0,1,0.1202,0.4257
2001-12-02,2001,R,,nfl_0031,nfl_0029,15,31,0.6689,0.0,0,0.4474,1.1052
2001-12-02,2001,R,,nfl_0003,nfl_0012,39,27,0.7519,1.0,1,0.0616,0.2852
2001-12-02,2001,R,,nfl_0015,nfl_0009,21,10,0.6101,1.0,1,0.1521,0.4942
2001-12-02,2001,R,,nfl_0020,nfl_0017,16,17,0.6787,0.0,0,0.4606,1.1353
2001-12-02,2001,R,,nfl_0006,nfl_0010,13,10,0.8616,1.0,1,0.0192,0.149
2001-12-02,2001,R,,nfl_0018,nfl_0005,27,23,0.7627,1.0,1,0.0563,0.2709
2001-12-02,2001,R,,nfl_0025,nfl_0024,13,10,0.5618,1.0,1,0.192,0.5766
2001-12-02,2001,R,,nfl_0002,nfl_0027,6,35,0.3636,0.0,1,0.1322,0.4519
2001-12-02,2001,R,,nfl_0021,nfl_0001,31,34,0.8833,0.0,0,0.7803,2.1485
2001-12-02,2001,R,,nfl_0030,nfl_0008,14,20,0.7232,0.0,0,0.523,1.2843
2001-12-02,2001,R,,nfl_0026,nfl_0004,35,0,0.8449,1.0,1,0.0241,0.1685
2001-12-03,2001,R,,nfl_0013,nfl_0011,21,28,0.4043,0.0,1,0.1634,0.518
2001-12-09,2001,R,,nfl_0016,nfl_0029,42,24,0.5185,1.0,1,0.2318,0.6568
2001-12-09,2001,R,,nfl_0028,nfl_0010,15,12,0.854,1.0,1,0.0213,0.1578
2001-12-09,2001,R,,nfl_0004,nfl_0005,25,24,0.5375,1.0,1,0.2139,0.6209
2001-12-09,2001,R,,nfl_0011,nfl_0006,17,7,0.6151,1.0,1,0.1481,0.4859
2001-12-09,2001,R,,nfl_0007,nfl_0013,10,14,0.5004,0.0,0,0.2504,0.6939
2001-12-09,2001,R,,nfl_0017,nfl_0031,27,16,0.7106,1.0,1,0.0838,0.3417
2001-12-09,2001,R,,nfl_0008,nfl_0019,20,13,0.4342,1.0,0,0.3202,0.8344
2001-12-09,2001,R,,nfl_0027,nfl_0026,27,14,0.7308,1.0,1,0.0725,0.3136
2001-12-09,2001,R,,nfl_0022,nfl_0024,24,14,0.7828,1.0,1,0.0472,0.2449
2001-12-09,2001,R,,nfl_0002,nfl_0018,10,28,0.4964,0.0,1,0.2464,0.6859
2001-12-09,2001,R,,nfl_0001,nfl_0030,10,20,0.4926,0.0,1,0.2426,0.6784
2001-12-09,2001,R,,nfl_0021,nfl_0014,28,26,0.8175,1.0,1,0.0333,0.2015
2001-12-09,2001,R,,nfl_0023,nfl_0020,18,7,0.6632,1.0,1,0.1134,0.4106
2001-12-09,2001,R,,nfl_0009,nfl_0025,20,7,0.67,1.0,1,0.1089,0.4005
2001-12-10,2001,R,,nfl_0015,nfl_0012,41,6,0.7401,1.0,1,0.0676,0.301
2001-12-15,2001,R,,nfl_0019,nfl_0001,17,13,0.7487,1.0,1,0.0632,0.2894
2001-12-15,2001,R,,nfl_0024,nfl_0021,6,13,0.3531,0.0,1,0.1246,0.4355
2001-12-16,2001,R,,nfl_0012,nfl_0002,41,27,0.5996,1.0,1,0.1604,0.5116
2001-12-16,2001,R,,nfl_0014,nfl_0009,26,23,0.4813,1.0,0,0.2691,0.7313
2001-12-16,2001,R,,nfl_0004,nfl_0017,9,12,0.2741,0.0,1,0.0751,0.3203
2001-12-16,2001,R,,nfl_0006,nfl_0028,27,3,0.6054,1.0,1,0.1557,0.5019
2001-12-16,2001,R,,nfl_0020,nfl_0007,15,14,0.8313,1.0,1,0.0284,0.1847
2001-12-16,2001,R,,nfl_0010,nfl_0016,27,24,0.39,1.0,0,0.3721,0.9416
2001-12-16,2001,R,,nfl_0031,nfl_0013,10,15,0.6149,0.0,0,0.3781,0.9542
2001-12-16,2001,R,,nfl_0026,nfl_0015,21,0,0.5922,1.0,1,0.1663,0.5239
2001-12-16,2001,R,,nfl_0029,nfl_0011,26,20,0.4059,1.0,0,0.3529,0.9015
2001-12-16,2001,R,,nfl_0030,nfl_0022,6,20,0.3954,0.0,1,0.1563,0.5032
2001-12-16,2001,R,,nfl_0025,nfl_0008,29,3,0.6282,1.0,1,0.1382,0.4649
2001-12-16,2001,R,,nfl_0003,nfl_0023,21,26,0.5619,0.0,0,0.3157,0.8252
2001-12-17,2001,R,,nfl_0018,nfl_0027,21,34,0.3993,0.0,1,0.1594,0.5097
2001-12-22,2001,R,,nfl_0017,nfl_0015,20,13,0.6429,1.0,1,0.1275,0.4417
2001-12-22,2001,R,,nfl_0026,nfl_0022,13,3,0.5296,1.0,1,0.2212,0.6356
2001-12-22,2001,R,,nfl_0021,nfl_0029,10,13,0.7878,0.0,0,0.6207,1.5503
2001-12-23,2001,R,,nfl_0016,nfl_0013,3,33,0.5844,0.0,0,0.3415,0.878
2001-12-23,2001,R,,nfl_0014,nfl_0024,20,17,0.5871,1.0,1,0.1705,0.5326
2001-12-23,2001,R,,nfl_0030,nfl_0006,15,20,0.3931,0.0,1,0.1545,0.4994
2001-12-23,2001,R,,nfl_0023,nfl_0010,47,14,0.9001,1.0,1,0.01,0.1053
2001-12-23,2001,R,,nfl_0028,nfl_0018,48,21,0.6227,1.0,1,0.1424,0.4738
2001-12-23,2001,R,,nfl_0005,nfl_0027,32,38,0.1951,0.0,1,0.0381,0.2171
2001-12-23,2001,R,,nfl_0003,nfl_0007,16,0,0.8371,1.0,1,0.0265,0.1778
2001-12-23,2001,R,,nfl_0019,nfl_0025,27,24,0.6311,1.0,1,0.1361,0.4603
2001-12-23,2001,R,,nfl_0002,nfl_0004,33,30,0.6819,1.0,1,0.1012,0.3828
2001-12-23,2001,R,,nfl_0001,nfl_0008,17,10,0.5534,1.0,1,0.1994,0.5917
2001-12-23,2001,R,,nfl_0011,nfl_0031,30,7,0.7869,1.0,1,0.0454,0.2396
2001-12-23,2001,R,,nfl_0012,nfl_0020,28,29,0.4194,0.0,1,0.1759,0.5437
2001-12-29,2001,R,,nfl_0028,nfl_0003,22,10,0.5919,1.0,1,0.1665,0.5244
2001-12-30,2001,R,,nfl_0015,nfl_0002,21,14,0.7776,1.0,1,0.0495,0.2515
2001-12-30,2001,R,,nfl_0005,nfl_0001,7,30,0.5982,0.0,0,0.3579,0.9119
2001-12-30,2001,R,,nfl_0007,nfl_0023,26,23,0.2001,1.0,0,0.6399,1.6091
2001-12-30,2001,R,,nfl_0027,nfl_0012,42,17,0.887,1.0,1,0.0128,0.1199
2001-12-30,2001,R,,nfl_0011,nfl_0016,24,13,0.8276,1.0,1,0.0297,0.1892
2001-12-30,2001,R,,nfl_0020,nfl_0004,9,14,0.8611,0.0,0,0.7415,1.9741
2001-12-30,2001,R,,nfl_0010,nfl_0006,0,24,0.2341,0.0,1,0.0548,0.2667
2001-12-30,2001,R,,nfl_0029,nfl_0031,38,41,0.7083,0.0,0,0.5017,1.2321
2001-12-30,2001,R,,nfl_0008,nfl_0026,27,21,0.2785,1.0,0,0.5206,1.2783
2001-12-30,2001,R,,nfl_0013,nfl_0014,26,30,0.6949,0.0,0,0.4829,1.1871
2001-12-30,2001,R,,nfl_0022,nfl_0019,24,21,0.7729,1.0,1,0.0516,0.2576
2001-12-30,2001,R,,nfl_0009,nfl_0021,23,17,0.4653,1.0,0,0.2859,0.7651
2001-12-30,2001,R,,nfl_0024,nfl_0025,22,25,0.5786,0.0,0,0.3348,0.8642
2001-12-30,2001,R,,nfl_0018,nfl_0030,10,40,0.6737,0.0,0,0.4539,1.1201
2002-01-06,2001,R,,nfl_0018,nfl_0026,0,38,0.4006,0.0,1,0.1605,0.5119
2002-01-06,2001,R,,nfl_0012,nfl_0009,29,10,0.4495,1.0,0,0.303,0.7995
2002-01-06,2001,R,,nfl_0023,nfl_0031,28,7,0.8228,1.0,1,0.0314,0.195
2002-01-06,2001,R,,nfl_0030,nfl_0001,20,17,0.7216,1.0,1,0.0775,0.3262
2002-01-06,2001,R,,nfl_0005,nfl_0017,6,38,0.2175,0.0,1,0.0473,0.2452
2002-01-06,2001,R,,nfl_0006,nfl_0013,33,13,0.7484,1.0,1,0.0633,0.2898
2002-01-06,2001,R,,nfl_0029,nfl_0007,21,23,0.7747,0.0,0,0.6002,1.4905
2002-01-06,2001,R,,nfl_0010,nfl_0008,15,10,0.4982,1.0,0,0.2518,0.6967
2002-01-06,2001,R,,nfl_0019,nfl_0011,25,34,0.4,0.0,1,0.16,0.5109
2002-01-06,2001,R,,nfl_0027,nfl_0002,31,13,0.9095,1.0,1,0.0082,0.0948
2002-01-06,2001,R,,nfl_0021,nfl_0020,22,24,0.6927,0.0,0,0.4799,1.1801
2002-01-06,2001,R,,nfl_0025,nfl_0014,21,18,0.6024,1.0,1,0.1581,0.5068
2002-01-06,2001,R,,nfl_0015,nfl_0004,34,7,0.8255,1.0,1,0.0305,0.1918
2002-01-06,2001,R,,nfl_0028,nfl_0022,13,17,0.5507,0.0,0,0.3033,0.8001
2002-01-07,2001,R,,nfl_0003,nfl_0016,19,3,0.7839,1.0,1,0.0467,0.2434
2002-01-12,2001,P,WC,nfl_0022,nfl_0028,31,9,0.6906,1.0,1,0.0957,0.3702
2002-01-12,2001,P,WC,nfl_0021,nfl_0020,38,24,0.6633,1.0,1,0.1133,0.4105
2002-01-13,2001,P,WC,nfl_0011,nfl_0026,25,15,0.6173,1.0,1,0.1464,0.4823
2002-01-13,2001,P,WC,nfl_0015,nfl_0003,3,20,0.5958,0.0,0,0.3549,0.9057
2002-01-19,2001,P,DV,nfl_0006,nfl_0022,19,33,0.6083,0.0,0,0.37,0.9373
2002-01-19,2001,P,DV,nfl_0017,nfl_0021,16,13,0.6126,1.0,1,0.1501,0.4901
2002-01-20,2001,P,DV,nfl_0023,nfl_0003,27,10,0.7065,1.0,1,0.0862,0.3475
2002-01-20,2001,P,DV,nfl_0027,nfl_0011,45,17,0.7237,1.0,1,0.0764,0.3234
2002-01-27,2001,P,CC,nfl_0023,nfl_0017,17,24,0.68,0.0,0,0.4623,1.1393
2002-01-27,2001,P,CC,nfl_0027,nfl_0022,29,24,0.6674,1.0,1,0.1106,0.4044
2002-09-05,2002,R,,nfl_0019,nfl_0026,13,16,0.5426,0.0,0,0.2944,0.7821
2002-09-08,2002,R,,nfl_0011,nfl_0002,37,34,0.697,1.0,1,0.0918,0.3609
2002-09-08,2002,R,,nfl_0004,nfl_0020,31,37,0.5128,0.0,0,0.263,0.7192
2002-09-08,2002,R,,nfl_0005,nfl_0003,10,7,0.4849,1.0,0,0.2653,0.7238
2002-09-08,2002,R,,nfl_0006,nfl_0016,27,23,0.6833,1.0,1,0.1003,0.3808
2002-09-08,2002,R,,nfl_0007,nfl_0024,6,34,0.5781,0.0,0,0.3342,0.8631
2002-09-08,2002,R,,nfl_0031,nfl_0014,39,40,0.5946,0.0,0,0.3535,0.9028
2002-09-08,2002,R,,nfl_0013,nfl_0012,25,28,0.6204,0.0,0,0.3849,0.9686
2002-09-08,2002,R,,nfl_0015,nfl_0010,49,21,0.6772,1.0,1,0.1042,0.3898
2002-09-08,2002,R,,nfl_0030,nfl_0001,31,23,0.6448,1.0,1,0.1262,0.4388
2002-09-08,2002,R,,nfl_0029,nfl_0022,27,24,0.518,1.0,1,0.2324,0.6579
2002-09-08,2002,R,,nfl_0028,nfl_0018,20,26,0.6592,0.0,0,0.4346,1.0765
2002-09-08,2002,R,,nfl_0009,nfl_0027,23,16,0.4909,1.0,0,0.2591,0.7114
2002-09-08,2002,R,,nfl_0021,nfl_0025,31,17,0.6575,1.0,1,0.1173,0.4193
2002-09-08,2002,R,,nfl_0032,nfl_0008,19,10,0.6495,1.0,1,0.1228,0.4315
2002-09-09,2002,R,,nfl_0017,nfl_0023,30,14,0.5977,1.0,1,0.1618,0.5146
2002-09-15,2002,R,,nfl_0012,nfl_0015,13,21,0.5566,0.0,0,0.3098,0.8133
2002-09-15,2002,R,,nfl_0014,nfl_0013,16,23,0.6267,0.0,0,0.3928,0.9854
2002-09-15,2002,R,,nfl_0008,nfl_0029,21,13,0.5201,1.0,1,0.2303,0.6537
2002-09-15,2002,R,,nfl_0003,nfl_0028,0,25,0.6221,0.0,0,0.387,0.9731
2002-09-15,2002,R,,nfl_0031,nfl_0007,20,7,0.6885,1.0,1,0.097,0.3733
2002-09-15,2002,R,,nfl_0020,nfl_0017,7,44,0.5519,0.0,0,0.3046,0.8028
2002-09-15,2002,R,,nfl_0002,nfl_0006,13,14,0.4876,0.0,1,0.2377,0.6686
2002-09-15,2002,R,,nfl_0005,nfl_0010,31,7,0.6478,1.0,1,0.124,0.4341
2002-09-15,2002,R,,nfl_0018,nfl_0011,35,20,0.526,1.0,1,0.2247,0.6424
2002-09-15,2002,R,,nfl_0027,nfl_0019,21,26,0.7016,0.0,0,0.4922,1.2093
2002-09-15,2002,R,,nfl_0026,nfl_0009,14,24,0.6489,0.0,0,0.4211,1.0467
2002-09-15,2002,R,,nfl_0025,nfl_0001,13,24,0.6281,0.0,0,0.3945,0.9892
2002-09-15,2002,R,,nfl_0016,nfl_0004,39,45,0.6348,0.0,0,0.403,1.0074
2002-09-15,2002,R,,nfl_0024,nfl_0032,24,3,0.6275,1.0,1,0.1387,0.466
2002-09-15,2002,R,,nfl_0023,nfl_0021,17,30,0.5444,0.0,0,0.2964,0.7861
2002-09-16,2002,R,,nfl_0030,nfl_0022,7,37,0.564,0.0,0,0.3181,0.8302
2002-09-22,2002,R,,nfl_0016,nfl_0005,14,21,0.5489,0.0,0,0.3012,0.796
2002-09-22,2002,R,,nfl_0032,nfl_0012,3,23,0.6098,0.0,0,0.3718,0.9411
2002-09-22,2002,R,,nfl_0022,nfl_0008,44,13,0.762,1.0,1,0.0566,0.2718
2002-09-22,2002,R,,nfl_0017,nfl_0014,41,38,0.7928,1.0,1,0.0429,0.2321
2002-09-22,2002,R,,nfl_0015,nfl_0020,30,3,0.7289,1.0,1,0.0735,0.3162
2002-09-22,2002,R,,nfl_0029,nfl_0031,28,31,0.6002,0.0,0,0.3602,0.9167
2002-09-22,2002,R,,nfl_0006,nfl_0018,23,29,0.6453,0.0,0,0.4164,1.0365
2002-09-22,2002,R,,nfl_0009,nfl_0004,28,23,0.7245,1.0,1,0.0759,0.3223
2002-09-22,2002,R,,nfl_0001,nfl_0024,15,23,0.5002,0.0,0,0.2502,0.6935
2002-09-22,2002,R,,nfl_0019,nfl_0025,9,6,0.6793,1.0,1,0.1029,0.3868
2002-09-22,2002,R,,nfl_0026,nfl_0030,20,10,0.6912,1.0,1,0.0953,0.3693
2002-09-22,2002,R,,nfl_0010,nfl_0011,31,37,0.4244,0.0,1,0.1801,0.5523
2002-09-22,2002,R,,nfl_0002,nfl_0007,30,3,0.6874,1.0,1,0.0977,0.3749
2002-09-23,2002,R,,nfl_0028,nfl_0027,26,14,0.6183,1.0,1,0.1457,0.4808
2002-09-29,2002,R,,nfl_0014,nfl_0015,48,30,0.4444,1.0,0,0.3087,0.811
2002-09-29,2002,R,,nfl_0023,nfl_0031,16,13,0.6202,1.0,1,0.1442,0.4777
2002-09-29,2002,R,,nfl_0013,nfl_0020,28,3,0.7247,1.0,1,0.0758,0.322
2002-09-29,2002,R,,nfl_0011,nfl_0005,17,14,0.6392,1.0,1,0.1302,0.4476
2002-09-29,2002,R,,nfl_0027,nfl_0008,10,13,0.6924,0.0,0,0.4794,1.1789
2002-09-29,2002,R,,nfl_0022,nfl_0032,35,17,0.8197,1.0,1,0.0325,0.1989
2002-09-29,2002,R,,nfl_0010,nfl_0018,26,21,0.3711,1.0,0,0.3955,0.9912
2002-09-29,2002,R,,nfl_0004,nfl_0006,33,27,0.4818,1.0,0,0.2686,0.7303
2002-09-29,2002,R,,nfl_0001,nfl_0019,21,7,0.5521,1.0,1,0.2006,0.5939
2002-09-29,2002,R,,nfl_0007,nfl_0028,7,35,0.3197,0.0,1,0.1022,0.3852
2002-09-29,2002,R,,nfl_0024,nfl_0017,21,14,0.5178,1.0,1,0.2325,0.6581
2002-09-29,2002,R,,nfl_0021,nfl_0029,52,25,0.762,1.0,1,0.0567,0.2719
2002-09-29,2002,R,,nfl_0025,nfl_0016,48,23,0.6119,1.0,1,0.1506,0.4912
2002-09-30,2002,R,,nfl_0003,nfl_0009,34,23,0.4997,1.0,0,0.2503,0.6938
2002-10-06,2002,R,,nfl_0012,nfl_0007,28,21,0.841,1.0,1,0.0253,0.1731
2002-10-06,2002,R,,nfl_0004,nfl_0021,31,49,0.3909,0.0,1,0.1528,0.4958
2002-10-06,2002,R,,nfl_0005,nfl_0001,13,16,0.6014,0.0,0,0.3617,0.9197
2002-10-06,2002,R,,nfl_0015,nfl_0017,26,13,0.4969,1.0,0,0.2531,0.6994
2002-10-06,2002,R,,nfl_0018,nfl_0023,32,29,0.6371,1.0,1,0.1317,0.4509
2002-10-06,2002,R,,nfl_0002,nfl_0028,6,20,0.4713,0.0,1,0.2222,0.6374
2002-10-06,2002,R,,nfl_0008,nfl_0019,17,21,0.5726,0.0,0,0.3279,0.8501
2002-10-06,2002,R,,nfl_0029,nfl_0030,14,31,0.5918,0.0,0,0.3502,0.896
2002-10-06,2002,R,,nfl_0009,nfl_0024,26,9,0.5021,1.0,1,0.248,0.689
2002-10-06,2002,R,,nfl_0020,nfl_0014,25,29,0.4653,0.0,1,0.2165,0.6261
2002-10-06,2002,R,,nfl_0013,nfl_0022,28,25,0.4447,1.0,0,0.3083,0.8103
2002-10-06,2002,R,,nfl_0026,nfl_0027,37,13,0.6718,1.0,1,0.1077,0.3977
2002-10-06,2002,R,,nfl_0031,nfl_0003,21,26,0.625,0.0,0,0.3906,0.9808
2002-10-07,2002,R,,nfl_0006,nfl_0011,21,34,0.5701,0.0,0,0.325,0.8441
2002-10-13,2002,R,,nfl_0012,nfl_0003,22,20,0.644,1.0,1,0.1267,0.44
2002-10-13,2002,R,,nfl_0016,nfl_0010,31,24,0.6002,1.0,1,0.1598,0.5104
2002-10-13,2002,R,,nfl_0028,nfl_0031,17,3,0.7817,1.0,1,0.0477,0.2463
2002-10-13,2002,R,,nfl_0030,nfl_0018,27,43,0.5282,0.0,0,0.279,0.7513
2002-10-13,2002,R,,nfl_0032,nfl_0004,24,31,0.6276,0.0,0,0.3938,0.9877
2002-10-13,2002,R,,nfl_0007,nfl_0023,7,34,0.38,0.0,1,0.1444,0.478
2002-10-13,2002,R,,nfl_0017,nfl_0011,10,28,0.64,0.0,0,0.4096,1.0216
2002-10-13,2002,R,,nfl_0019,nfl_0002,10,17,0.6641,0.0,0,0.4411,1.091
2002-10-13,2002,R,,nfl_0008,nfl_0005,14,13,0.55,1.0,1,0.2025,0.5979
2002-10-13,2002,R,,nfl_0029,nfl_0013,23,14,0.4334,1.0,0,0.321,0.836
2002-10-13,2002,R,,nfl_0027,nfl_0021,28,13,0.3844,1.0,0,0.3789,0.956
2002-10-13,2002,R,,nfl_0024,nfl_0014,35,34,0.6627,1.0,1,0.1138,0.4114
2002-10-13,2002,R,,nfl_0009,nfl_0015,22,24,0.588,0.0,0,0.3457,0.8867
2002-10-14,2002,R,,nfl_0025,nfl_0026,21,28,0.5014,0.0,0,0.2514,0.6959
2002-10-20,2002,R,,nfl_0014,nfl_0009,34,37,0.5436,0.0,0,0.2955,0.7843
2002-10-20,2002,R,,nfl_0003,nfl_0013,17,10,0.5754,1.0,1,0.1803,0.5526
2002-10-20,2002,R,,nfl_0020,nfl_0016,20,7,0.6215,1.0,1,0.1433,0.4757
2002-10-20,2002,R,,nfl_0027,nfl_0025,37,20,0.6872,1.0,1,0.0979,0.3752
2002-10-20,2002,R,,nfl_0010,nfl_0006,23,20,0.4172,1.0,0,0.3396,0.8741
2002-10-20,2002,R,,nfl_0015,nfl_0004,10,23,0.7664,0.0,0,0.5874,1.4543
2002-10-20,2002,R,,nfl_0018,nfl_0026,35,27,0.5866,1.0,1,0.1709,0.5334
2002-10-20,2002,R,,nfl_0002,nfl_0005,30,0,0.6064,1.0,1,0.1549,0.5001
2002-10-20,2002,R,,nfl_0021,nfl_0024,21,27,0.6368,0.0,0,0.4055,1.0129
2002-10-20,2002,R,,nfl_0031,nfl_0032,34,17,0.6792,1.0,1,0.1029,0.3868
2002-10-20,2002,R,,nfl_0001,nfl_0008,9,6,0.71,1.0,1,0.0841,0.3425
2002-10-20,2002,R,,nfl_0022,nfl_0028,20,10,0.6259,1.0,1,0.14,0.4686
2002-10-20,2002,R,,nfl_0011,nfl_0030,30,9,0.7971,1.0,1,0.0412,0.2268
2002-10-21,2002,R,,nfl_0023,nfl_0012,28,10,0.5729,1.0,1,0.1824,0.557
2002-10-27,2002,R,,nfl_0016,nfl_0006,25,7,0.4819,1.0,0,0.2684,0.73
2002-10-27,2002,R,,nfl_0014,nfl_0021,20,10,0.4929,1.0,0,0.2572,0.7075
2002-10-27,2002,R,,nfl_0007,nfl_0029,24,30,0.3943,0.0,1,0.1555,0.5014
2002-10-27,2002,R,,nfl_0003,nfl_0023,18,31,0.5585,0.0,0,0.3119,0.8175
2002-10-27,2002,R,,nfl_0004,nfl_0010,24,17,0.7363,1.0,1,0.0695,0.3061
2002-10-27,2002,R,,nfl_0005,nfl_0028,9,12,0.3446,0.0,1,0.1188,0.4226
2002-10-27,2002,R,,nfl_0020,nfl_0031,21,24,0.5137,0.0,0,0.2639,0.7209
2002-10-27,2002,R,,nfl_0018,nfl_0002,35,37,0.683,0.0,0,0.4665,1.1489
2002-10-27,2002,R,,nfl_0008,nfl_0025,14,17,0.6299,0.0,0,0.3968,0.994
2002-10-27,2002,R,,nfl_0026,nfl_0001,38,28,0.6666,1.0,1,0.1111,0.4055
2002-10-27,2002,R,,nfl_0013,nfl_0032,19,21,0.7475,0.0,0,0.5588,1.3765
2002-10-27,2002,R,,nfl_0017,nfl_0009,16,24,0.6217,0.0,0,0.3865,0.9721
2002-10-27,2002,R,,nfl_0030,nfl_0012,26,21,0.4971,1.0,0,0.2529,0.699
2002-10-28,2002,R,,nfl_0022,nfl_0019,17,3,0.7754,1.0,1,0.0504,0.2543
2002-11-03,2002,R,,nfl_0012,nfl_0029,15,23,0.6607,0.0,0,0.4365,1.0809
2002-11-03,2002,R,,nfl_0032,nfl_0007,3,38,0.7428,0.0,0,0.5517,1.3579
2002-11-03,2002,R,,nfl_0028,nfl_0016,38,24,0.8272,1.0,1,0.0299,0.1897
2002-11-03,2002,R,,nfl_0004,nfl_0017,7,38,0.5631,0.0,0,0.3171,0.8281
2002-11-03,2002,R,,nfl_0031,nfl_0023,20,23,0.4773,0.0,1,0.2278,0.6488
2002-11-03,2002,R,,nfl_0010,nfl_0008,9,7,0.5283,1.0,1,0.2225,0.6382
2002-11-03,2002,R,,nfl_0002,nfl_0003,20,17,0.6694,1.0,1,0.1093,0.4014
2002-11-03,2002,R,,nfl_0006,nfl_0022,13,19,0.3121,0.0,1,0.0974,0.3741
2002-11-03,2002,R,,nfl_0024,nfl_0020,13,44,0.8301,0.0,0,0.6891,1.7727
2002-11-03,2002,R,,nfl_0001,nfl_0027,14,27,0.5311,0.0,0,0.2821,0.7575
2002-11-03,2002,R,,nfl_0021,nfl_0026,20,23,0.5713,0.0,0,0.3264,0.8471
2002-11-03,2002,R,,nfl_0025,nfl_0030,3,14,0.591,0.0,0,0.3493,0.894
2002-11-03,2002,R,,nfl_0019,nfl_0013,24,17,0.5634,1.0,1,0.1906,0.5738
2002-11-04,2002,R,,nfl_0011,nfl_0015,24,10,0.7024,1.0,1,0.0886,0.3533
2002-11-10,2002,R,,nfl_0016,nfl_0019,20,27,0.5138,0.0,0,0.264,0.7211
2002-11-10,2002,R,,nfl_0023,nfl_0002,34,34,0.6725,0.5,0,0.0298,0.7565
2002-11-10,2002,R,,nfl_0005,nfl_0018,24,34,0.4053,0.0,1,0.1642,0.5196
2002-11-10,2002,R,,nfl_0003,nfl_0007,38,27,0.7471,1.0,1,0.0639,0.2915
2002-11-10,2002,R,,nfl_0011,nfl_0010,40,14,0.8624,1.0,1,0.0189,0.1481
2002-11-10,2002,R,,nfl_0027,nfl_0024,28,24,0.6518,1.0,1,0.1213,0.428
2002-11-10,2002,R,,nfl_0022,nfl_0012,13,35,0.818,0.0,0,0.6691,1.7038
2002-11-10,2002,R,,nfl_0029,nfl_0032,17,10,0.7862,1.0,1,0.0457,0.2405
2002-11-10,2002,R,,nfl_0013,nfl_0030,26,7,0.5948,1.0,1,0.1642,0.5196
2002-11-10,2002,R,,nfl_0001,nfl_0025,6,27,0.6771,0.0,0,0.4584,1.1303
2002-11-10,2002,R,,nfl_0006,nfl_0017,30,33,0.3804,0.0,1,0.1447,0.4787
2002-11-10,2002,R,,nfl_0026,nfl_0014,17,13,0.6532,1.0,1,0.1202,0.4258
2002-11-10,2002,R,,nfl_0020,nfl_0015,13,10,0.5265,1.0,1,0.2242,0.6414
2002-11-11,2002,R,,nfl_0009,nfl_0021,10,34,0.6859,0.0,0,0.4704,1.158
2002-11-17,2002,R,,nfl_0016,nfl_0011,31,21,0.2612,1.0,0,0.5458,1.3424
2002-11-17,2002,R,,nfl_0014,nfl_0004,17,16,0.6648,1.0,1,0.1124,0.4083
2002-11-17,2002,R,,nfl_0012,nfl_0008,20,3,0.7033,1.0,1,0.088,0.352
2002-11-17,2002,R,,nfl_0007,nfl_0031,20,27,0.3769,0.0,1,0.142,0.473
2002-11-17,2002,R,,nfl_0032,nfl_0013,21,24,0.3575,0.0,1,0.1278,0.4424
2002-11-17,2002,R,,nfl_0022,nfl_0001,38,14,0.8211,1.0,1,0.032,0.1971
2002-11-17,2002,R,,nfl_0029,nfl_0023,31,23,0.4612,1.0,0,0.2903,0.7739
2002-11-17,2002,R,,nfl_0019,nfl_0030,19,17,0.6628,1.0,1,0.1137,0.4112
2002-11-17,2002,R,,nfl_0002,nfl_0018,24,17,0.5452,1.0,1,0.2068,0.6066
2002-11-17,2002,R,,nfl_0028,nfl_0005,23,10,0.8634,1.0,1,0.0187,0.1469
2002-11-17,2002,R,,nfl_0024,nfl_0026,20,17,0.4786,1.0,0,0.2719,0.7369
2002-11-17,2002,R,,nfl_0025,nfl_0009,9,31,0.5144,0.0,0,0.2646,0.7223
2002-11-17,2002,R,,nfl_0010,nfl_0020,14,31,0.4481,0.0,1,0.2008,0.5944
2002-11-17,2002,R,,nfl_0015,nfl_0003,26,7,0.6532,1.0,1,0.1203,0.4259
2002-11-17,2002,R,,nfl_0021,nfl_0017,27,20,0.6063,1.0,1,0.155,0.5003
2002-11-18,2002,R,,nfl_0027,nfl_0006,21,16,0.7729,1.0,1,0.0516,0.2576
2002-11-24,2002,R,,nfl_0023,nfl_0007,29,21,0.8568,1.0,1,0.0205,0.1545
2002-11-24,2002,R,,nfl_0030,nfl_0027,20,17,0.4302,1.0,0,0.3246,0.8434
2002-11-24,2002,R,,nfl_0005,nfl_0002,0,41,0.3822,0.0,1,0.146,0.4815
2002-11-24,2002,R,,nfl_0020,nfl_0004,31,13,0.6926,1.0,1,0.0945,0.3673
2002-11-24,2002,R,,nfl_0018,nfl_0031,15,24,0.6939,0.0,0,0.4815,1.1839
2002-11-24,2002,R,,nfl_0015,nfl_0024,30,3,0.6393,1.0,1,0.1301,0.4474
2002-11-24,2002,R,,nfl_0017,nfl_0016,24,17,0.7862,1.0,1,0.0457,0.2405
2002-11-24,2002,R,,nfl_0003,nfl_0029,13,12,0.5371,1.0,1,0.2143,0.6215
2002-11-24,2002,R,,nfl_0006,nfl_0010,20,17,0.6776,1.0,1,0.1039,0.3891
2002-11-24,2002,R,,nfl_0008,nfl_0013,21,19,0.4635,1.0,0,0.2879,0.7691
2002-11-24,2002,R,,nfl_0001,nfl_0021,20,41,0.3124,0.0,1,0.0976,0.3746
2002-11-24,2002,R,,nfl_0025,nfl_0014,39,32,0.4691,1.0,0,0.2819,0.757
2002-11-24,2002,R,,nfl_0028,nfl_0011,21,7,0.623,1.0,1,0.1422,0.4733
2002-11-24,2002,R,,nfl_0032,nfl_0019,16,14,0.3392,1.0,0,0.4367,1.0812
2002-11-24,2002,R,,nfl_0009,nfl_0012,20,23,0.6358,0.0,0,0.4043,1.0101
2002-11-25,2002,R,,nfl_0026,nfl_0022,17,38,0.552,0.0,0,0.3047,0.8029
2002-11-28,2002,R,,nfl_0010,nfl_0017,12,20,0.2765,0.0,1,0.0764,0.3236
2002-11-28,2002,R,,nfl_0008,nfl_0030,27,20,0.5482,1.0,1,0.2041,0.6011
2002-12-01,2002,R,,nfl_0016,nfl_0002,24,30,0.3537,0.0,1,0.1251,0.4364
2002-12-01,2002,R,,nfl_0014,nfl_0001,49,0,0.7467,1.0,1,0.0642,0.2921
2002-12-01,2002,R,,nfl_0004,nfl_0015,38,21,0.3876,1.0,0,0.375,0.9477
2002-12-01,2002,R,,nfl_0011,nfl_0006,30,20,0.8112,1.0,1,0.0356,0.2092
2002-12-01,2002,R,,nfl_0007,nfl_0003,23,27,0.3999,0.0,1,0.1599,0.5106
2002-12-01,2002,R,,nfl_0019,nfl_0029,29,32,0.5871,0.0,0,0.3447,0.8845
2002-12-01,2002,R,,nfl_0031,nfl_0005,6,13,0.7907,0.0,0,0.6253,1.5641
2002-12-01,2002,R,,nfl_0013,nfl_0023,23,25,0.4857,0.0,1,0.2359,0.665
2002-12-01,2002,R,,nfl_0012,nfl_0032,19,3,0.8467,1.0,1,0.0235,0.1664
2002-12-01,2002,R,,nfl_0024,nfl_0009,30,27,0.5072,1.0,1,0.2429,0.6789
2002-12-01,2002,R,,nfl_0022,nfl_0027,10,3,0.7256,1.0,1,0.0753,0.3207
2002-12-01,2002,R,,nfl_0026,nfl_0025,31,24,0.7301,1.0,1,0.0728,0.3145
2002-12-01,2002,R,,nfl_0018,nfl_0028,23,20,0.4335,1.0,0,0.3209,0.8358
2002-12-02,2002,R,,nfl_0021,nfl_0020,26,20,0.735,1.0,1,0.0702,0.3078
2002-12-08,2002,R,,nfl_0014,nfl_0027,49,10,0.5812,1.0,1,0.1754,0.5426
2002-12-08,2002,R,,nfl_0028,nfl_0002,34,10,0.6562,1.0,1,0.1182,0.4212
2002-12-08,2002,R,,nfl_0023,nfl_0032,6,24,0.8761,0.0,0,0.7675,2.0879
2002-12-08,2002,R,,nfl_0017,nfl_0004,27,17,0.7777,1.0,1,0.0494,0.2514
2002-12-08,2002,R,,nfl_0005,nfl_0007,52,31,0.687,1.0,1,0.0979,0.3753
2002-12-08,2002,R,,nfl_0008,nfl_0026,27,31,0.4265,0.0,1,0.1819,0.5559
2002-12-08,2002,R,,nfl_0030,nfl_0019,21,27,0.5485,0.0,0,0.3008,0.7951
2002-12-08,2002,R,,nfl_0013,nfl_0031,20,21,0.588,0.0,0,0.3457,0.8866
2002-12-08,2002,R,,nfl_0029,nfl_0012,27,17,0.5358,1.0,1,0.2155,0.6241
2002-12-08,2002,R,,nfl_0003,nfl_0018,25,37,0.5014,0.0,0,0.2514,0.696
2002-12-08,2002,R,,nfl_0025,nfl_0022,20,27,0.2836,0.0,1,0.0804,0.3336
2002-12-08,2002,R,,nfl_0001,nfl_0010,23,20,0.6236,1.0,1,0.1416,0.4722
2002-12-08,2002,R,,nfl_0024,nfl_0021,7,27,0.403,0.0,1,0.1624,0.5159
2002-12-08,2002,R,,nfl_0020,nfl_0009,19,13,0.5586,1.0,1,0.1948,0.5822
2002-12-08,2002,R,,nfl_0011,nfl_0016,26,22,0.8244,1.0,1,0.0308,0.1931
2002-12-09,2002,R,,nfl_0015,nfl_0006,27,9,0.755,1.0,1,0.06,0.281
2002-12-15,2002,R,,nfl_0023,nfl_0005,30,14,0.7727,1.0,1,0.0517,0.2579
2002-12-15,2002,R,,nfl_0004,nfl_0024,20,13,0.5692,1.0,1,0.1856,0.5635
2002-12-15,2002,R,,nfl_0007,nfl_0013,15,29,0.3524,0.0,1,0.1242,0.4345
2002-12-15,2002,R,,nfl_0031,nfl_0012,23,28,0.5557,0.0,0,0.3088,0.8113
2002-12-15,2002,R,,nfl_0032,nfl_0003,19,23,0.4607,0.0,1,0.2123,0.6175
2002-12-15,2002,R,,nfl_0015,nfl_0021,23,17,0.4279,1.0,0,0.3273,0.8489
2002-12-15,2002,R,,nfl_0022,nfl_0030,34,21,0.8687,1.0,1,0.0172,0.1407
2002-12-15,2002,R,,nfl_0002,nfl_0025,24,30,0.7815,0.0,0,0.6107,1.5209
2002-12-15,2002,R,,nfl_0010,nfl_0028,20,23,0.1793,0.0,1,0.0322,0.1976
2002-12-15,2002,R,,nfl_0018,nfl_0016,31,32,0.7937,0.0,0,0.6299,1.5783
2002-12-15,2002,R,,nfl_0006,nfl_0020,20,13,0.4042,1.0,0,0.355,0.9059
2002-12-15,2002,R,,nfl_0009,nfl_0014,31,24,0.5435,1.0,1,0.2084,0.6097
2002-12-15,2002,R,,nfl_0026,nfl_0011,14,20,0.5398,0.0,0,0.2914,0.776
2002-12-15,2002,R,,nfl_0019,nfl_0008,37,7,0.7029,1.0,1,0.0883,0.3526
2002-12-15,2002,R,,nfl_0027,nfl_0001,30,28,0.772,1.0,1,0.052,0.2588
2002-12-16,2002,R,,nfl_0029,nfl_0017,24,7,0.4971,1.0,0,0.2529,0.699
2002-12-21,2002,R,,nfl_0016,nfl_0015,20,17,0.3956,1.0,0,0.3653,0.9275
2002-12-21,2002,R,,nfl_0001,nfl_0026,14,17,0.3342,0.0,1,0.1117,0.4068
2002-12-21,2002,R,,nfl_0008,nfl_0022,3,27,0.2259,0.0,1,0.051,0.256
2002-12-22,2002,R,,nfl_0012,nfl_0019,27,44,0.6389,0.0,0,0.4082,1.0187
2002-12-22,2002,R,,nfl_0014,nfl_0024,24,22,0.7326,1.0,1,0.0715,0.3112
2002-12-22,2002,R,,nfl_0011,nfl_0004,10,0,0.8006,1.0,1,0.0398,0.2224
2002-12-22,2002,R,,nfl_0005,nfl_0006,24,14,0.5632,1.0,1,0.1908,0.5741
2002-12-22,2002,R,,nfl_0007,nfl_0018,20,13,0.2343,1.0,0,0.5863,1.4512
2002-12-22,2002,R,,nfl_0030,nfl_0032,26,10,0.6882,1.0,1,0.0972,0.3737
2002-12-22,2002,R,,nfl_0002,nfl_0010,36,15,0.8516,1.0,1,0.022,0.1606
2002-12-22,2002,R,,nfl_0013,nfl_0029,10,28,0.5179,0.0,0,0.2682,0.7295
2002-12-22,2002,R,,nfl_0025,nfl_0027,30,10,0.5043,1.0,1,0.2457,0.6845
2002-12-22,2002,R,,nfl_0003,nfl_0031,13,14,0.5729,0.0,0,0.3282,0.8507
2002-12-22,2002,R,,nfl_0021,nfl_0009,28,16,0.7316,1.0,1,0.072,0.3125
2002-12-22,2002,R,,nfl_0017,nfl_0020,17,30,0.6735,0.0,0,0.4537,1.1194
2002-12-23,2002,R,,nfl_0028,nfl_0023,7,17,0.7523,0.0,0,0.566,1.3957
2002-12-28,2002,R,,nfl_0019,nfl_0022,10,7,0.3986,1.0,0,0.3617,0.9198
2002-12-28,2002,R,,nfl_0021,nfl_0014,24,0,0.7277,1.0,1,0.0742,0.3179
2002-12-29,2002,R,,nfl_0031,nfl_0002,24,16,0.5008,1.0,1,0.2492,0.6915
2002-12-29,2002,R,,nfl_0004,nfl_0007,27,9,0.7833,1.0,1,0.047,0.2442
2002-12-29,2002,R,,nfl_0018,nfl_0005,6,10,0.7663,0.0,0,0.5872,1.4538
2002-12-29,2002,R,,nfl_0030,nfl_0008,20,14,0.6584,1.0,1,0.1167,0.418
2002-12-29,2002,R,,nfl_0010,nfl_0016,36,38,0.4394,0.0,1,0.1931,0.5787
2002-12-29,2002,R,,nfl_0017,nfl_0015,27,24,0.58,1.0,1,0.1764,0.5447
2002-12-29,2002,R,,nfl_0023,nfl_0003,34,31,0.7438,1.0,1,0.0656,0.296
2002-12-29,2002,R,,nfl_0032,nfl_0029,3,13,0.2597,0.0,1,0.0674,0.3007
2002-12-29,2002,R,,nfl_0012,nfl_0013,20,13,0.6792,1.0,1,0.1029,0.3869
2002-12-29,2002,R,,nfl_0024,nfl_0025,28,31,0.5713,0.0,0,0.3264,0.847
2002-12-29,2002,R,,nfl_0009,nfl_0001,37,7,0.8058,1.0,1,0.0377,0.216
2002-12-29,2002,R,,nfl_0020,nfl_0011,42,17,0.4795,1.0,0,0.2709,0.735
2002-12-29,2002,R,,nfl_0006,nfl_0028,0,15,0.2758,0.0,1,0.0761,0.3227
2002-12-30,2002,R,,nfl_0027,nfl_0026,31,20,0.477,1.0,0,0.2735,0.7402
2003-01-04,2002,P,WC,nfl_0020,nfl_0012,41,0,0.6753,1.0,1,0.1054,0.3926
2003-01-04,2002,P,WC,nfl_0011,nfl_0002,7,27,0.6655,0.0,0,0.4429,1.0952
2003-01-05,2002,P,WC,nfl_0023,nfl_0031,36,33,0.6926,1.0,1,0.0945,0.3673
2003-01-05,2002,P,WC,nfl_0026,nfl_0019,39,38,0.5548,1.0,1,0.1982,0.5892
2003-01-11,2002,P,DV,nfl_0029,nfl_0023,34,31,0.642,1.0,1,0.1282,0.4432
2003-01-11,2002,P,DV,nfl_0022,nfl_0002,20,6,0.7443,1.0,1,0.0654,0.2953
2003-01-12,2002,P,DV,nfl_0028,nfl_0026,31,6,0.7681,1.0,1,0.0538,0.2638
2003-01-12,2002,P,DV,nfl_0021,nfl_0020,30,10,0.715,1.0,1,0.0812,0.3354
2003-01-19,2002,P,CC,nfl_0022,nfl_0028,10,27,0.6431,0.0,0,0.4136,1.0304
2003-01-19,2002,P,CC,nfl_0021,nfl_0029,41,24,0.7216,1.0,1,0.0775,0.3262
2003-09-04,2003,R,,nfl_0030,nfl_0020,16,13,0.5349,1.0,1,0.2163,0.6257
2003-09-07,2003,R,,nfl_0014,nfl_0024,27,14,0.6434,1.0,1,0.1272,0.441
2003-09-07,2003,R,,nfl_0004,nfl_0017,31,0,0.5656,1.0,1,0.1887,0.5698
2003-09-07,2003,R,,nfl_0005,nfl_0013,24,23,0.5919,1.0,1,0.1666,0.5245
2003-09-07,2003,R,,nfl_0011,nfl_0016,25,30,0.6508,0.0,0,0.4236,1.0522
2003-09-07,2003,R,,nfl_0023,nfl_0003,34,15,0.6549,1.0,1,0.1191,0.4233
2003-09-07,2003,R,,nfl_0019,nfl_0027,23,13,0.6262,1.0,1,0.1397,0.4681
2003-09-07,2003,R,,nfl_0007,nfl_0009,10,30,0.4917,0.0,1,0.2417,0.6766
2003-09-07,2003,R,,nfl_0031,nfl_0012,6,9,0.6077,0.0,0,0.3693,0.9357
2003-09-07,2003,R,,nfl_0010,nfl_0001,42,24,0.5907,1.0,1,0.1675,0.5265
2003-09-07,2003,R,,nfl_0015,nfl_0032,20,21,0.6902,0.0,0,0.4763,1.1718
2003-09-07,2003,R,,nfl_0025,nfl_0018,27,10,0.5848,1.0,1,0.1724,0.5365
2003-09-07,2003,R,,nfl_0008,nfl_0002,13,27,0.5118,0.0,0,0.2619,0.717
2003-09-07,2003,R,,nfl_0026,nfl_0006,49,7,0.6578,1.0,1,0.1171,0.4188
2003-09-07,2003,R,,nfl_0029,nfl_0021,25,20,0.5443,1.0,1,0.2077,0.6083
2003-09-08,2003,R,,nfl_0022,nfl_0028,0,17,0.5738,0.0,0,0.3292,0.8528
2003-09-14,2003,R,,nfl_0012,nfl_0029,33,7,0.5663,1.0,1,0.1881,0.5687
2003-09-14,2003,R,,nfl_0014,nfl_0023,41,20,0.5785,1.0,1,0.1777,0.5474
2003-09-14,2003,R,,nfl_0003,nfl_0031,33,13,0.564,1.0,1,0.1901,0.5727
2003-09-14,2003,R,,nfl_0011,nfl_0010,31,6,0.6322,1.0,1,0.1353,0.4586
2003-09-14,2003,R,,nfl_0018,nfl_0032,31,10,0.6288,1.0,1,0.1378,0.4639
2003-09-14,2003,R,,nfl_0020,nfl_0015,10,21,0.6323,0.0,0,0.3998,1.0004
2003-09-14,2003,R,,nfl_0027,nfl_0026,27,24,0.5046,1.0,1,0.2455,0.6841
2003-09-14,2003,R,,nfl_0002,nfl_0030,31,33,0.6749,0.0,0,0.4554,1.1235
2003-09-14,2003,R,,nfl_0013,nfl_0004,17,38,0.5166,0.0,0,0.2669,0.727
2003-09-14,2003,R,,nfl_0028,nfl_0005,9,12,0.745,0.0,0,0.555,1.3665
2003-09-14,2003,R,,nfl_0001,nfl_0025,0,38,0.4623,0.0,1,0.2137,0.6204
2003-09-14,2003,R,,nfl_0021,nfl_0007,23,20,0.7817,1.0,1,0.0477,0.2463
2003-09-14,2003,R,,nfl_0024,nfl_0009,13,37,0.4757,0.0,1,0.2263,0.6457
2003-09-14,2003,R,,nfl_0022,nfl_0017,10,31,0.6496,0.0,0,0.422,1.0487
2003-09-14,2003,R,,nfl_0016,nfl_0006,24,13,0.7063,1.0,1,0.0863,0.3477
2003-09-15,2003,R,,nfl_0019,nfl_0008,32,35,0.7328,0.0,0,0.537,1.3199
2003-09-21,2003,R,,nfl_0012,nfl_0013,23,13,0.7477,1.0,1,0.0637,0.2908
2003-09-21,2003,R,,nfl_0007,nfl_0023,10,17,0.4273,0.0,1,0.1826,0.5574
2003-09-21,2003,R,,nfl_0032,nfl_0014,14,42,0.4093,0.0,1,0.1675,0.5264
2003-09-21,2003,R,,nfl_0017,nfl_0020,23,16,0.6438,1.0,1,0.1269,0.4403
2003-09-21,2003,R,,nfl_0002,nfl_0028,10,31,0.5292,0.0,0,0.28,0.7533
2003-09-21,2003,R,,nfl_0010,nfl_0016,13,23,0.4866,0.0,1,0.2368,0.6667
2003-09-21,2003,R,,nfl_0029,nfl_0018,27,12,0.5891,1.0,1,0.1689,0.5292
2003-09-21,2003,R,,nfl_0030,nfl_0019,21,24,0.5899,0.0,0,0.348,0.8914
2003-09-21,2003,R,,nfl_0001,nfl_0011,20,13,0.3733,1.0,0,0.3927,0.9853
2003-09-21,2003,R,,nfl_0025,nfl_0027,24,23,0.7135,1.0,1,0.0821,0.3375
2003-09-21,2003,R,,nfl_0026,nfl_0031,12,13,0.7186,0.0,0,0.5163,1.2678
2003-09-21,2003,R,,nfl_0024,nfl_0003,10,24,0.4964,0.0,1,0.2464,0.686
2003-09-21,2003,R,,nfl_0015,nfl_0004,17,7,0.547,1.0,1,0.2052,0.6034
2003-09-22,2003,R,,nfl_0009,nfl_0021,31,10,0.6493,1.0,1,0.123,0.4319
2003-09-28,2003,R,,nfl_0023,nfl_0029,13,30,0.6223,0.0,0,0.3873,0.9737
2003-09-28,2003,R,,nfl_0004,nfl_0022,13,23,0.6924,0.0,0,0.4794,1.1789
2003-09-28,2003,R,,nfl_0027,nfl_0001,37,13,0.7261,1.0,1,0.075,0.3201
2003-09-28,2003,R,,nfl_0031,nfl_0007,14,21,0.7085,0.0,0,0.5019,1.2326
2003-09-28,2003,R,,nfl_0016,nfl_0026,35,7,0.6198,1.0,1,0.1445,0.4783
2003-09-28,2003,R,,nfl_0030,nfl_0017,20,17,0.5561,1.0,1,0.1971,0.5869
2003-09-28,2003,R,,nfl_0032,nfl_0013,24,20,0.5599,1.0,1,0.1936,0.5799
2003-09-28,2003,R,,nfl_0003,nfl_0014,10,17,0.4876,0.0,1,0.2377,0.6686
2003-09-28,2003,R,,nfl_0021,nfl_0024,34,31,0.7613,1.0,1,0.057,0.2727
2003-09-28,2003,R,,nfl_0020,nfl_0008,6,17,0.6016,0.0,0,0.3619,0.9203
2003-09-28,2003,R,,nfl_0005,nfl_0002,23,3,0.6359,1.0,1,0.1326,0.4527
2003-09-28,2003,R,,nfl_0009,nfl_0010,20,16,0.8269,1.0,1,0.03,0.1901
2003-09-28,2003,R,,nfl_0018,nfl_0012,21,55,0.481,0.0,1,0.2314,0.6559
2003-09-29,2003,R,,nfl_0006,nfl_0011,23,38,0.4938,0.0,1,0.2438,0.6808
2003-10-05,2003,R,,nfl_0014,nfl_0009,24,23,0.5948,1.0,1,0.1642,0.5196
2003-10-05,2003,R,,nfl_0005,nfl_0018,19,13,0.72,1.0,1,0.0784,0.3285
2003-10-05,2003,R,,nfl_0006,nfl_0021,24,21,0.3759,1.0,0,0.3895,0.9785
2003-10-05,2003,R,,nfl_0004,nfl_0007,22,16,0.7467,1.0,1,0.0642,0.2921
2003-10-05,2003,R,,nfl_0008,nfl_0001,24,7,0.7385,1.0,1,0.0684,0.3031
2003-10-05,2003,R,,nfl_0011,nfl_0025,35,13,0.5049,1.0,1,0.2452,0.6835
2003-10-05,2003,R,,nfl_0017,nfl_0029,38,30,0.5415,1.0,1,0.2102,0.6134
2003-10-05,2003,R,,nfl_0019,nfl_0015,10,23,0.5664,0.0,0,0.3208,0.8356
2003-10-05,2003,R,,nfl_0002,nfl_0016,26,39,0.4459,0.0,1,0.1988,0.5904
2003-10-05,2003,R,,nfl_0013,nfl_0024,27,21,0.6367,1.0,1,0.132,0.4514
2003-10-05,2003,R,,nfl_0022,nfl_0030,27,25,0.5788,1.0,1,0.1774,0.5468
2003-10-05,2003,R,,nfl_0026,nfl_0010,24,17,0.7114,1.0,1,0.0833,0.3405
2003-10-05,2003,R,,nfl_0023,nfl_0031,13,33,0.6818,0.0,0,0.4648,1.145
2003-10-06,2003,R,,nfl_0028,nfl_0012,35,38,0.6605,0.0,0,0.4362,1.0802
2003-10-12,2003,R,,nfl_0012,nfl_0005,20,23,0.7083,0.0,0,0.5018,1.2322
2003-10-12,2003,R,,nfl_0013,nfl_0015,10,24,0.3723,0.0,1,0.1386,0.4657
2003-10-12,2003,R,,nfl_0011,nfl_0014,34,40,0.5297,0.0,0,0.2806,0.7545
2003-10-12,2003,R,,nfl_0017,nfl_0019,17,6,0.6455,1.0,1,0.1256,0.4377
2003-10-12,2003,R,,nfl_0018,nfl_0006,20,13,0.6482,1.0,1,0.1238,0.4336
2003-10-12,2003,R,,nfl_0008,nfl_0022,23,21,0.5887,1.0,1,0.1692,0.5299
2003-10-12,2003,R,,nfl_0029,nfl_0032,38,17,0.7398,1.0,1,0.0677,0.3013
2003-10-12,2003,R,,nfl_0030,nfl_0028,13,35,0.4311,0.0,1,0.1858,0.564
2003-10-12,2003,R,,nfl_0031,nfl_0021,13,7,0.5578,1.0,1,0.1955,0.5837
2003-10-12,2003,R,,nfl_0020,nfl_0004,30,3,0.5104,1.0,1,0.2397,0.6725
2003-10-12,2003,R,,nfl_0009,nfl_0023,17,14,0.8026,1.0,1,0.039,0.2199
2003-10-12,2003,R,,nfl_0001,nfl_0003,18,26,0.3523,0.0,1,0.1241,0.4343
2003-10-12,2003,R,,nfl_0025,nfl_0026,20,19,0.6573,1.0,1,0.1175,0.4197
2003-10-13,2003,R,,nfl_0027,nfl_0002,36,0,0.7146,1.0,1,0.0815,0.3361
2003-10-19,2003,R,,nfl_0016,nfl_0009,28,20,0.6063,1.0,1,0.155,0.5003
2003-10-19,2003,R,,nfl_0005,nfl_0029,17,37,0.5823,0.0,0,0.3391,0.873
2003-10-19,2003,R,,nfl_0007,nfl_0003,34,26,0.4746,1.0,0,0.2761,0.7453
2003-10-19,2003,R,,nfl_0031,nfl_0024,20,26,0.7305,0.0,0,0.5336,1.3112
2003-10-19,2003,R,,nfl_0027,nfl_0011,34,24,0.559,1.0,1,0.1945,0.5815
2003-10-19,2003,R,,nfl_0010,nfl_0008,7,38,0.4961,0.0,1,0.2461,0.6853
2003-10-19,2003,R,,nfl_0015,nfl_0017,13,19,0.6752,0.0,0,0.4559,1.1246
2003-10-19,2003,R,,nfl_0019,nfl_0022,10,14,0.5986,0.0,0,0.3583,0.9128
2003-10-19,2003,R,,nfl_0002,nfl_0018,17,45,0.5638,0.0,0,0.3178,0.8296
2003-10-19,2003,R,,nfl_0032,nfl_0020,14,19,0.468,0.0,1,0.219,0.6311
2003-10-19,2003,R,,nfl_0025,nfl_0006,24,17,0.8046,1.0,1,0.0382,0.2174
2003-10-19,2003,R,,nfl_0004,nfl_0030,24,7,0.6271,1.0,1,0.1391,0.4667
2003-10-19,2003,R,,nfl_0026,nfl_0028,24,7,0.3838,1.0,0,0.3797,0.9576
2003-10-20,2003,R,,nfl_0021,nfl_0014,10,17,0.4115,0.0,1,0.1693,0.5301
2003-10-26,2003,R,,nfl_0016,nfl_0019,17,29,0.7772,0.0,0,0.6041,1.5015
2003-10-26,2003,R,,nfl_0028,nfl_0008,16,0,0.6993,1.0,1,0.0904,0.3577
2003-10-26,2003,R,,nfl_0013,nfl_0029,17,30,0.362,0.0,1,0.131,0.4494
2003-10-26,2003,R,,nfl_0007,nfl_0025,27,24,0.4095,1.0,0,0.3487,0.8928
2003-10-26,2003,R,,nfl_0023,nfl_0027,21,33,0.4686,0.0,1,0.2196,0.6322
2003-10-26,2003,R,,nfl_0017,nfl_0031,9,3,0.7162,1.0,1,0.0806,0.3338
2003-10-26,2003,R,,nfl_0003,nfl_0009,26,6,0.4449,1.0,0,0.3081,0.8098
2003-10-26,2003,R,,nfl_0018,nfl_0005,20,23,0.5792,0.0,0,0.3355,0.8657
2003-10-26,2003,R,,nfl_0006,nfl_0010,24,16,0.6247,1.0,1,0.1408,0.4704
2003-10-26,2003,R,,nfl_0001,nfl_0026,16,13,0.3616,1.0,0,0.4076,1.0172
2003-10-26,2003,R,,nfl_0022,nfl_0020,24,17,0.6151,1.0,1,0.1482,0.486
2003-10-26,2003,R,,nfl_0012,nfl_0032,30,21,0.8716,1.0,1,0.0165,0.1374
2003-10-26,2003,R,,nfl_0014,nfl_0004,38,5,0.7713,1.0,1,0.0523,0.2597
2003-10-27,2003,R,,nfl_0024,nfl_0015,10,26,0.3337,0.0,1,0.1114,0.406
2003-11-02,2003,R,,nfl_0032,nfl_0005,14,10,0.395,1.0,0,0.366,0.9289
2003-11-02,2003,R,,nfl_0003,nfl_0013,24,17,0.7736,1.0,1,0.0512,0.2566
2003-11-02,2003,R,,nfl_0010,nfl_0021,23,13,0.3582,1.0,0,0.4119,1.0267
2003-11-02,2003,R,,nfl_0020,nfl_0019,28,31,0.5759,0.0,0,0.3317,0.8578
2003-11-02,2003,R,,nfl_0015,nfl_0012,17,23,0.5777,0.0,0,0.3338,0.8621
2003-11-02,2003,R,,nfl_0006,nfl_0024,20,7,0.6203,1.0,1,0.1442,0.4775
2003-11-02,2003,R,,nfl_0028,nfl_0018,14,17,0.7856,0.0,0,0.6172,1.5401
2003-11-02,2003,R,,nfl_0001,nfl_0007,17,14,0.4777,1.0,0,0.2727,0.7387
2003-11-02,2003,R,,nfl_0025,nfl_0023,23,16,0.7584,1.0,1,0.0584,0.2765
2003-11-02,2003,R,,nfl_0002,nfl_0022,16,23,0.4108,0.0,1,0.1687,0.5289
2003-11-02,2003,R,,nfl_0008,nfl_0030,21,14,0.6788,1.0,1,0.1032,0.3874
2003-11-02,2003,R,,nfl_0026,nfl_0027,30,10,0.5227,1.0,1,0.2278,0.6487
2003-11-02,2003,R,,nfl_0016,nfl_0011,27,30,0.6176,0.0,0,0.3815,0.9614
2003-11-03,2003,R,,nfl_0009,nfl_0017,26,30,0.5938,0.0,0,0.3526,0.9009
2003-11-09,2003,R,,nfl_0014,nfl_0031,41,20,0.829,1.0,1,0.0292,0.1875
2003-11-09,2003,R,,nfl_0005,nfl_0028,27,24,0.4421,1.0,0,0.3113,0.8162
2003-11-09,2003,R,,nfl_0013,nfl_0012,28,23,0.258,1.0,0,0.5506,1.3548
2003-11-09,2003,R,,nfl_0023,nfl_0001,28,15,0.6721,1.0,1,0.1075,0.3974
2003-11-09,2003,R,,nfl_0029,nfl_0015,31,7,0.6743,1.0,1,0.1061,0.394
2003-11-09,2003,R,,nfl_0030,nfl_0025,27,20,0.4298,1.0,0,0.3251,0.8444
2003-11-09,2003,R,,nfl_0010,nfl_0006,12,10,0.5423,1.0,1,0.2095,0.612
2003-11-09,2003,R,,nfl_0007,nfl_0032,34,27,0.6528,1.0,1,0.1206,0.4265
2003-11-09,2003,R,,nfl_0019,nfl_0002,7,27,0.7949,0.0,0,0.6318,1.584
2003-11-09,2003,R,,nfl_0024,nfl_0016,42,28,0.3206,1.0,0,0.4616,1.1377
2003-11-09,2003,R,,nfl_0008,nfl_0004,10,6,0.6383,1.0,1,0.1308,0.449
2003-11-09,2003,R,,nfl_0021,nfl_0020,24,27,0.5872,0.0,0,0.3448,0.8849
2003-11-09,2003,R,,nfl_0027,nfl_0003,33,22,0.611,1.0,1,0.1513,0.4926
2003-11-10,2003,R,,nfl_0011,nfl_0022,14,17,0.6375,0.0,0,0.4064,1.0147
2003-11-16,2003,R,,nfl_0004,nfl_0032,10,12,0.7332,0.0,0,0.5376,1.3214
2003-11-16,2003,R,,nfl_0022,nfl_0019,28,10,0.7023,1.0,1,0.0886,0.3534
2003-11-16,2003,R,,nfl_0029,nfl_0013,10,3,0.8591,1.0,1,0.0199,0.1519
2003-11-16,2003,R,,nfl_0005,nfl_0030,20,17,0.6897,1.0,1,0.0963,0.3715
2003-11-16,2003,R,,nfl_0006,nfl_0027,21,23,0.3702,0.0,1,0.137,0.4623
2003-11-16,2003,R,,nfl_0007,nfl_0014,24,19,0.2672,1.0,0,0.5369,1.3196
2003-11-16,2003,R,,nfl_0031,nfl_0001,44,6,0.7477,1.0,1,0.0636,0.2907
2003-11-16,2003,R,,nfl_0015,nfl_0003,9,6,0.6608,1.0,1,0.1151,0.4144
2003-11-16,2003,R,,nfl_0018,nfl_0002,23,20,0.7577,1.0,1,0.0587,0.2774
2003-11-16,2003,R,,nfl_0012,nfl_0020,38,31,0.7648,1.0,1,0.0553,0.2681
2003-11-16,2003,R,,nfl_0009,nfl_0024,37,8,0.8162,1.0,1,0.0338,0.2031
2003-11-16,2003,R,,nfl_0028,nfl_0011,13,20,0.6869,0.0,0,0.4718,1.1611
2003-11-16,2003,R,,nfl_0021,nfl_0016,28,18,0.4909,1.0,0,0.2592,0.7115
2003-11-16,2003,R,,nfl_0025,nfl_0010,35,14,0.7932,1.0,1,0.0428,0.2317
2003-11-16,2003,R,,nfl_0017,nfl_0008,12,0,0.6926,1.0,1,0.0945,0.3674
2003-11-17,2003,R,,nfl_0026,nfl_0023,30,14,0.7852,1.0,1,0.0461,0.2418
2003-11-23,2003,R,,nfl_0016,nfl_0010,24,14,0.7844,1.0,1,0.0465,0.2428
2003-11-23,2003,R,,nfl_0004,nfl_0012,14,17,0.3761,0.0,1,0.1414,0.4717
2003-11-23,2003,R,,nfl_0008,nfl_0005,24,20,0.6145,1.0,1,0.1486,0.4869
2003-11-23,2003,R,,nfl_0031,nfl_0023,6,13,0.6982,0.0,0,0.4875,1.1981
2003-11-23,2003,R,,nfl_0011,nfl_0026,20,10,0.6109,1.0,1,0.1514,0.4928
2003-11-23,2003,R,,nfl_0032,nfl_0017,20,23,0.3019,0.0,1,0.0911,0.3594
2003-11-23,2003,R,,nfl_0022,nfl_0018,33,20,0.6866,1.0,1,0.0982,0.376
2003-11-23,2003,R,,nfl_0003,nfl_0025,44,41,0.556,1.0,1,0.1971,0.5869
2003-11-23,2003,R,,nfl_0020,nfl_0013,13,10,0.7063,1.0,1,0.0863,0.3477
2003-11-23,2003,R,,nfl_0009,nfl_0006,10,19,0.8099,0.0,0,0.656,1.6603
2003-11-23,2003,R,,nfl_0001,nfl_0027,27,30,0.266,0.0,1,0.0707,0.3092
2003-11-23,2003,R,,nfl_0002,nfl_0029,31,38,0.2584,0.0,1,0.0668,0.2989
2003-11-23,2003,R,,nfl_0024,nfl_0007,27,34,0.4931,0.0,1,0.2431,0.6794
2003-11-23,2003,R,,nfl_0014,nfl_0021,27,24,0.8191,1.0,1,0.0327,0.1995
2003-11-23,2003,R,,nfl_0015,nfl_0030,24,23,0.7572,1.0,1,0.0589,0.2781
2003-11-24,2003,R,,nfl_0028,nfl_0019,19,13,0.7674,1.0,1,0.0541,0.2648
2003-11-27,2003,R,,nfl_0010,nfl_0011,22,14,0.2855,1.0,0,0.5105,1.2534
2003-11-27,2003,R,,nfl_0008,nfl_0015,21,40,0.5598,0.0,0,0.3133,0.8204
2003-11-30,2003,R,,nfl_0012,nfl_0017,34,38,0.6331,0.0,0,0.4008,1.0026
2003-11-30,2003,R,,nfl_0023,nfl_0007,20,24,0.563,0.0,0,0.3169,0.8277
2003-11-30,2003,R,,nfl_0019,nfl_0004,7,24,0.5685,0.0,0,0.3232,0.8405
2003-11-30,2003,R,,nfl_0005,nfl_0022,16,25,0.5066,0.0,0,0.2567,0.7065
2003-11-30,2003,R,,nfl_0027,nfl_0016,48,17,0.6676,1.0,1,0.1105,0.4041
2003-11-30,2003,R,,nfl_0003,nfl_0026,44,6,0.5611,1.0,1,0.1926,0.5778
2003-11-30,2003,R,,nfl_0032,nfl_0002,17,13,0.5996,1.0,1,0.1603,0.5114
2003-11-30,2003,R,,nfl_0006,nfl_0001,28,3,0.7315,1.0,1,0.0721,0.3127
2003-11-30,2003,R,,nfl_0030,nfl_0018,20,24,0.5347,0.0,0,0.2859,0.7651
2003-11-30,2003,R,,nfl_0025,nfl_0031,34,7,0.7081,1.0,1,0.0852,0.3452
2003-11-30,2003,R,,nfl_0021,nfl_0009,8,22,0.4997,0.0,1,0.2497,0.6926
2003-11-30,2003,R,,nfl_0024,nfl_0014,24,28,0.204,0.0,1,0.0416,0.2281
2003-11-30,2003,R,,nfl_0013,nfl_0028,17,10,0.3354,1.0,0,0.4418,1.0926
2003-12-01,2003,R,,nfl_0020,nfl_0029,24,17,0.3607,1.0,0,0.4087,1.0196
2003-12-07,2003,R,,nfl_0016,nfl_0025,34,7,0.5048,1.0,1,0.2452,0.6835
2003-12-07,2003,R,,nfl_0023,nfl_0021,27,7,0.5756,1.0,1,0.1801,0.5524
2003-12-07,2003,R,,nfl_0011,nfl_0006,34,21,0.7615,1.0,1,0.0569,0.2725
2003-12-07,2003,R,,nfl_0003,nfl_0007,31,13,0.7069,1.0,1,0.0859,0.3468
2003-12-07,2003,R,,nfl_0013,nfl_0032,27,0,0.6238,1.0,1,0.1415,0.4719
2003-12-07,2003,R,,nfl_0019,nfl_0030,7,20,0.5746,0.0,0,0.3301,0.8547
2003-12-07,2003,R,,nfl_0029,nfl_0012,27,29,0.6207,0.0,0,0.3853,0.9695
2003-12-07,2003,R,,nfl_0022,nfl_0008,36,10,0.7115,1.0,1,0.0832,0.3404
2003-12-07,2003,R,,nfl_0010,nfl_0024,7,14,0.6374,0.0,0,0.4062,1.0144
2003-12-07,2003,R,,nfl_0018,nfl_0028,7,14,0.5057,0.0,0,0.2557,0.7045
2003-12-07,2003,R,,nfl_0026,nfl_0001,50,14,0.8362,1.0,1,0.0268,0.1789
2003-12-07,2003,R,,nfl_0004,nfl_0020,17,6,0.5923,1.0,1,0.1662,0.5237
2003-12-07,2003,R,,nfl_0009,nfl_0014,45,27,0.454,1.0,0,0.2981,0.7897
2003-12-07,2003,R,,nfl_0017,nfl_0015,12,0,0.6197,1.0,1,0.1447,0.4786
2003-12-07,2003,R,,nfl_0002,nfl_0005,20,14,0.4316,1.0,0,0.3231,0.8403
2003-12-08,2003,R,,nfl_0031,nfl_0027,20,26,0.3736,0.0,1,0.1395,0.4677
2003-12-14,2003,R,,nfl_0012,nfl_0002,38,7,0.8587,1.0,1,0.02,0.1523
2003-12-14,2003,R,,nfl_0014,nfl_0010,45,17,0.8864,1.0,1,0.0129,0.1206
2003-12-14,2003,R,,nfl_0028,nfl_0032,16,3,0.8466,1.0,1,0.0235,0.1666
2003-12-14,2003,R,,nfl_0017,nfl_0013,27,13,0.8289,1.0,1,0.0293,0.1877
2003-12-14,2003,R,,nfl_0027,nfl_0025,27,22,0.7029,1.0,1,0.0883,0.3526
2003-12-14,2003,R,,nfl_0029,nfl_0004,28,26,0.7465,1.0,1,0.0642,0.2923
2003-12-14,2003,R,,nfl_0006,nfl_0016,13,10,0.4512,1.0,0,0.3012,0.7959
2003-12-14,2003,R,,nfl_0007,nfl_0026,41,38,0.5217,1.0,1,0.2287,0.6506
2003-12-14,2003,R,,nfl_0020,nfl_0023,6,0,0.6441,1.0,1,0.1267,0.4399
2003-12-14,2003,R,,nfl_0009,nfl_0031,23,20,0.8102,1.0,1,0.036,0.2104
2003-12-14,2003,R,,nfl_0021,nfl_0003,20,12,0.3698,1.0,0,0.3971,0.9947
2003-12-14,2003,R,,nfl_0024,nfl_0011,21,38,0.3299,0.0,1,0.1088,0.4003
2003-12-14,2003,R,,nfl_0001,nfl_0005,17,20,0.3213,0.0,1,0.1032,0.3875
2003-12-14,2003,R,,nfl_0030,nfl_0008,0,27,0.5607,0.0,0,0.3144,0.8226
2003-12-14,2003,R,,nfl_0018,nfl_0019,45,7,0.7355,1.0,1,0.07,0.3072
2003-12-15,2003,R,,nfl_0015,nfl_0022,27,34,0.553,0.0,0,0.3058,0.8053
2003-12-20,2003,R,,nfl_0028,nfl_0002,28,30,0.8386,0.0,0,0.7032,1.8236
2003-12-20,2003,R,,nfl_0016,nfl_0014,45,20,0.4188,1.0,0,0.3378,0.8704
2003-12-20,2003,R,,nfl_0020,nfl_0017,16,21,0.3796,0.0,1,0.1441,0.4774
2003-12-21,2003,R,,nfl_0004,nfl_0015,3,20,0.516,0.0,0,0.2663,0.7257
2003-12-21,2003,R,,nfl_0027,nfl_0007,27,10,0.7743,1.0,1,0.0509,0.2558
2003-12-21,2003,R,,nfl_0008,nfl_0019,19,3,0.8095,1.0,1,0.0363,0.2113
2003-12-21,2003,R,,nfl_0013,nfl_0018,20,19,0.4978,1.0,0,0.2522,0.6976
2003-12-21,2003,R,,nfl_0005,nfl_0010,20,14,0.7729,1.0,1,0.0516,0.2576
2003-12-21,2003,R,,nfl_0006,nfl_0030,27,24,0.6381,1.0,1,0.131,0.4492
2003-12-21,2003,R,,nfl_0031,nfl_0003,0,35,0.4066,0.0,1,0.1653,0.5218
2003-12-21,2003,R,,nfl_0032,nfl_0029,24,27,0.2397,0.0,1,0.0575,0.2741
2003-12-21,2003,R,,nfl_0023,nfl_0024,40,24,0.7074,1.0,1,0.0856,0.3461
2003-12-21,2003,R,,nfl_0025,nfl_0001,28,10,0.8589,1.0,1,0.0199,0.1521
2003-12-21,2003,R,,nfl_0022,nfl_0026,28,31,0.7515,0.0,0,0.5648,1.3924
2003-12-21,2003,R,,nfl_0012,nfl_0009,17,31,0.6486,0.0,0,0.4206,1.0457
2003-12-22,2003,R,,nfl_0021,nfl_0011,7,41,0.3902,0.0,1,0.1523,0.4947
2003-12-27,2003,R,,nfl_0017,nfl_0004,31,0,0.8209,1.0,1,0.0321,0.1974
2003-12-27,2003,R,,nfl_0026,nfl_0025,17,24,0.5997,0.0,0,0.3597,0.9156
2003-12-27,2003,R,,nfl_0030,nfl_0022,7,31,0.2911,0.0,1,0.0847,0.344
2003-12-28,2003,R,,nfl_0014,nfl_0006,31,3,0.8035,1.0,1,0.0386,0.2188
2003-12-28,2003,R,,nfl_0007,nfl_0031,14,22,0.7009,0.0,0,0.4912,1.2069
2003-12-28,2003,R,,nfl_0002,nfl_0013,21,14,0.5414,1.0,1,0.2103,0.6136
2003-12-28,2003,R,,nfl_0032,nfl_0012,17,20,0.2554,0.0,1,0.0652,0.2949
2003-12-28,2003,R,,nfl_0018,nfl_0008,13,7,0.5431,1.0,1,0.2088,0.6105
2003-12-28,2003,R,,nfl_0010,nfl_0027,30,20,0.2262,1.0,0,0.5988,1.4865
2003-12-28,2003,R,,nfl_0015,nfl_0020,23,21,0.741,1.0,1,0.0671,0.2998
2003-12-28,2003,R,,nfl_0029,nfl_0028,33,13,0.6671,1.0,1,0.1108,0.4049
2003-12-28,2003,R,,nfl_0019,nfl_0005,24,37,0.3876,0.0,1,0.1502,0.4904
2003-12-28,2003,R,,nfl_0001,nfl_0016,18,17,0.218,1.0,0,0.6115,1.5233
2003-12-28,2003,R,,nfl_0011,nfl_0009,31,3,0.5692,1.0,1,0.1856,0.5635
2003-12-28,2003,R,,nfl_0024,nfl_0021,21,14,0.525,1.0,1,0.2256,0.6443
2003-12-28,2003,R,,nfl_0003,nfl_0023,13,10,0.7761,1.0,1,0.0501,0.2534
2004-01-03,2003,P,WC,nfl_0003,nfl_0029,17,20,0.5347,0.0,0,0.2859,0.7651
2004-01-03,2003,P,WC,nfl_0005,nfl_0008,29,10,0.5757,1.0,1,0.18,0.5522
2004-01-04,2003,P,WC,nfl_0011,nfl_0025,33,27,0.727,1.0,1,0.0745,0.3188
2004-01-04,2003,P,WC,nfl_0012,nfl_0009,41,10,0.6162,1.0,1,0.1473,0.4841
2004-01-10,2003,P,DV,nfl_0027,nfl_0005,23,29,0.7181,0.0,0,0.5157,1.2663
2004-01-10,2003,P,DV,nfl_0017,nfl_0029,17,14,0.6502,1.0,1,0.1224,0.4305
2004-01-11,2003,P,DV,nfl_0014,nfl_0012,31,38,0.6018,0.0,0,0.3622,0.9208
2004-01-11,2003,P,DV,nfl_0022,nfl_0011,20,17,0.6252,1.0,1,0.1405,0.4696
2004-01-18,2003,P,CC,nfl_0017,nfl_0012,24,14,0.6283,1.0,1,0.1382,0.4648
2004-01-18,2003,P,CC,nfl_0022,nfl_0005,3,14,0.7225,0.0,0,0.522,1.282
2004-09-09,2004,R,,nfl_0017,nfl_0012,27,24,0.6231,1.0,1,0.142,0.473
2004-09-11,2004,R,,nfl_0015,nfl_0029,7,17,0.5815,0.0,0,0.3381,0.871
2004-09-12,2004,R,,nfl_0004,nfl_0013,10,13,0.6153,0.0,0,0.3786,0.9554
2004-09-12,2004,R,,nfl_0027,nfl_0001,17,10,0.7212,1.0,1,0.0778,0.3269
2004-09-12,2004,R,,nfl_0023,nfl_0021,24,21,0.6275,1.0,1,0.1387,0.466
2004-09-12,2004,R,,nfl_0006,nfl_0010,16,20,0.6284,0.0,0,0.3949,0.9899
2004-09-12,2004,R,,nfl_0032,nfl_0024,20,27,0.5958,0.0,0,0.3549,0.9057
2004-09-12,2004,R,,nfl_0018,nfl_0025,7,21,0.5911,0.0,0,0.3494,0.8943
2004-09-12,2004,R,,nfl_0030,nfl_0028,16,10,0.5282,1.0,1,0.2226,0.6383
2004-09-12,2004,R,,nfl_0020,nfl_0007,31,24,0.6181,1.0,1,0.1458,0.4811
2004-09-12,2004,R,,nfl_0031,nfl_0003,20,3,0.5264,1.0,1,0.2243,0.6418
2004-09-12,2004,R,,nfl_0016,nfl_0008,35,17,0.62,1.0,1,0.1444,0.478
2004-09-12,2004,R,,nfl_0026,nfl_0002,19,21,0.6416,0.0,0,0.4117,1.0261
2004-09-12,2004,R,,nfl_0022,nfl_0019,31,17,0.7139,1.0,1,0.0819,0.337
2004-09-12,2004,R,,nfl_0009,nfl_0014,34,24,0.5883,1.0,1,0.1695,0.5305
2004-09-13,2004,R,,nfl_0005,nfl_0011,14,24,0.5781,0.0,0,0.3342,0.8629
2004-09-19,2004,R,,nfl_0014,nfl_0005,17,28,0.6227,0.0,0,0.3878,0.9748
2004-09-19,2004,R,,nfl_0011,nfl_0006,10,21,0.7365,0.0,0,0.5425,1.3338
2004-09-19,2004,R,,nfl_0029,nfl_0012,17,31,0.6457,0.0,0,0.4169,1.0376
2004-09-19,2004,R,,nfl_0013,nfl_0009,7,6,0.5345,1.0,1,0.2167,0.6265
2004-09-19,2004,R,,nfl_0003,nfl_0023,30,13,0.5997,1.0,1,0.1602,0.5113
2004-09-19,2004,R,,nfl_0002,nfl_0027,34,17,0.529,1.0,1,0.2219,0.6368
2004-09-19,2004,R,,nfl_0018,nfl_0026,30,27,0.5774,1.0,1,0.1786,0.5492
2004-09-19,2004,R,,nfl_0010,nfl_0032,28,16,0.6678,1.0,1,0.1103,0.4037
2004-09-19,2004,R,,nfl_0019,nfl_0030,20,14,0.5309,1.0,1,0.22,0.6331
2004-09-19,2004,R,,nfl_0028,nfl_0025,6,10,0.538,0.0,0,0.2895,0.7723
2004-09-19,2004,R,,nfl_0021,nfl_0004,13,10,0.5822,1.0,1,0.1745,0.5409
2004-09-19,2004,R,,nfl_0008,nfl_0031,19,12,0.5555,1.0,1,0.1976,0.588
2004-09-19,2004,R,,nfl_0024,nfl_0020,28,34,0.5646,0.0,0,0.3188,0.8315
2004-09-19,2004,R,,nfl_0001,nfl_0017,12,23,0.384,0.0,1,0.1474,0.4845
2004-09-19,2004,R,,nfl_0007,nfl_0015,16,13,0.5423,1.0,1,0.2095,0.6119
2004-09-20,2004,R,,nfl_0022,nfl_0016,27,16,0.619,1.0,1,0.1451,0.4796
2004-09-26,2004,R,,nfl_0016,nfl_0006,27,22,0.6277,1.0,1,0.1386,0.4656
2004-09-26,2004,R,,nfl_0014,nfl_0032,21,24,0.6869,0.0,0,0.4718,1.1611
2004-09-26,2004,R,,nfl_0007,nfl_0003,9,23,0.5396,0.0,0,0.2912,0.7757
2004-09-26,2004,R,,nfl_0019,nfl_0031,27,10,0.5417,1.0,1,0.21,0.613
2004-09-26,2004,R,,nfl_0029,nfl_0013,12,15,0.6441,0.0,0,0.4148,1.033
2004-09-26,2004,R,,nfl_0027,nfl_0018,25,28,0.6395,0.0,0,0.409,1.0204
2004-09-26,2004,R,,nfl_0010,nfl_0022,13,30,0.5041,0.0,0,0.2541,0.7013
2004-09-26,2004,R,,nfl_0002,nfl_0001,6,3,0.741,1.0,1,0.0671,0.2997
2004-09-26,2004,R,,nfl_0009,nfl_0024,23,13,0.696,1.0,1,0.0924,0.3625
2004-09-26,2004,R,,nfl_0012,nfl_0011,45,31,0.6578,1.0,1,0.1171,0.4188
2004-09-26,2004,R,,nfl_0025,nfl_0026,34,0,0.7126,1.0,1,0.0826,0.3388
2004-09-26,2004,R,,nfl_0021,nfl_0028,30,20,0.577,1.0,1,0.1789,0.5499
2004-09-26,2004,R,,nfl_0015,nfl_0023,3,13,0.638,0.0,0,0.4071,1.0162
2004-09-27,2004,R,,nfl_0030,nfl_0008,18,21,0.5646,0.0,0,0.3188,0.8316
2004-10-03,2004,R,,nfl_0023,nfl_0007,28,17,0.6684,1.0,1,0.1099,0.4028
2004-10-03,2004,R,,nfl_0004,nfl_0017,17,31,0.4234,0.0,1,0.1793,0.5506
2004-10-03,2004,R,,nfl_0031,nfl_0030,17,13,0.6296,1.0,1,0.1372,0.4627
2004-10-03,2004,R,,nfl_0013,nfl_0012,17,24,0.4955,0.0,1,0.2455,0.6841
2004-10-03,2004,R,,nfl_0011,nfl_0019,7,14,0.6541,0.0,0,0.4278,1.0615
2004-10-03,2004,R,,nfl_0032,nfl_0021,30,17,0.5216,1.0,1,0.2289,0.6509
2004-10-03,2004,R,,nfl_0006,nfl_0022,9,19,0.4326,0.0,1,0.1871,0.5666
2004-10-03,2004,R,,nfl_0005,nfl_0002,10,27,0.646,0.0,0,0.4173,1.0383
2004-10-03,2004,R,,nfl_0001,nfl_0018,34,10,0.4721,1.0,0,0.2786,0.7505
2004-10-03,2004,R,,nfl_0028,nfl_0009,13,16,0.4865,0.0,1,0.2367,0.6666
2004-10-03,2004,R,,nfl_0015,nfl_0020,9,17,0.476,0.0,1,0.2266,0.6464
2004-10-03,2004,R,,nfl_0024,nfl_0029,38,17,0.5046,1.0,1,0.2454,0.684
2004-10-03,2004,R,,nfl_0026,nfl_0027,14,24,0.5287,0.0,0,0.2796,0.7524
2004-10-04,2004,R,,nfl_0003,nfl_0014,24,27,0.7225,0.0,0,0.522,1.282
2004-10-10,2004,R,,nfl_0012,nfl_0021,35,14,0.7837,1.0,1,0.0468,0.2438
2004-10-10,2004,R,,nfl_0023,nfl_0031,34,23,0.6552,1.0,1,0.1189,0.4228
2004-10-10,2004,R,,nfl_0032,nfl_0016,28,34,0.4556,0.0,1,0.2076,0.6082
2004-10-10,2004,R,,nfl_0017,nfl_0015,24,10,0.7998,1.0,1,0.0401,0.2234
2004-10-10,2004,R,,nfl_0008,nfl_0019,10,26,0.6417,0.0,0,0.4117,1.0263
2004-10-10,2004,R,,nfl_0018,nfl_0028,17,20,0.5936,0.0,0,0.3523,0.9003
2004-10-10,2004,R,,nfl_0002,nfl_0010,10,17,0.7041,0.0,0,0.4957,1.2176
2004-10-10,2004,R,,nfl_0024,nfl_0013,34,21,0.5771,1.0,1,0.1789,0.5498
2004-10-10,2004,R,,nfl_0020,nfl_0004,16,14,0.7417,1.0,1,0.0667,0.2989
2004-10-10,2004,R,,nfl_0009,nfl_0005,20,17,0.701,1.0,1,0.0894,0.3553
2004-10-10,2004,R,,nfl_0026,nfl_0001,31,28,0.5722,1.0,1,0.183,0.5583
2004-10-10,2004,R,,nfl_0025,nfl_0027,27,33,0.7244,0.0,0,0.5248,1.2888
2004-10-10,2004,R,,nfl_0030,nfl_0003,10,17,0.4668,0.0,1,0.2179,0.6289
2004-10-11,2004,R,,nfl_0011,nfl_0029,27,48,0.6178,0.0,0,0.3816,0.9617
2004-10-17,2004,R,,nfl_0004,nfl_0015,20,13,0.6011,1.0,1,0.1591,0.509
2004-10-17,2004,R,,nfl_0017,nfl_0025,30,20,0.665,1.0,1,0.1122,0.408
2004-10-17,2004,R,,nfl_0002,nfl_0024,21,20,0.6544,1.0,1,0.1194,0.424
2004-10-17,2004,R,,nfl_0029,nfl_0032,10,20,0.6983,0.0,0,0.4877,1.1985
2004-10-17,2004,R,,nfl_0013,nfl_0014,22,16,0.568,1.0,1,0.1866,0.5657
2004-10-17,2004,R,,nfl_0006,nfl_0030,10,13,0.6899,0.0,0,0.476,1.1709
2004-10-17,2004,R,,nfl_0031,nfl_0007,34,17,0.6061,1.0,1,0.1552,0.5007
2004-10-17,2004,R,,nfl_0010,nfl_0011,10,38,0.6662,0.0,0,0.4438,1.0973
2004-10-17,2004,R,,nfl_0020,nfl_0026,22,14,0.7592,1.0,1,0.058,0.2755
2004-10-17,2004,R,,nfl_0022,nfl_0005,30,8,0.7997,1.0,1,0.0401,0.2236
2004-10-17,2004,R,,nfl_0008,nfl_0023,20,24,0.5058,0.0,0,0.2559,0.7049
2004-10-17,2004,R,,nfl_0021,nfl_0009,3,31,0.4338,0.0,1,0.1881,0.5687
2004-10-17,2004,R,,nfl_0018,nfl_0016,31,38,0.4451,0.0,1,0.1981,0.589
2004-10-18,2004,R,,nfl_0027,nfl_0028,28,21,0.6909,1.0,1,0.0955,0.3698
2004-10-24,2004,R,,nfl_0012,nfl_0013,24,27,0.7916,0.0,0,0.6266,1.5683
2004-10-24,2004,R,,nfl_0016,nfl_0029,20,3,0.6895,1.0,1,0.0964,0.3718
2004-10-24,2004,R,,nfl_0014,nfl_0002,56,10,0.4806,1.0,0,0.2698,0.7328
2004-10-24,2004,R,,nfl_0003,nfl_0004,20,6,0.7635,1.0,1,0.0559,0.2699
2004-10-24,2004,R,,nfl_0005,nfl_0024,6,17,0.5515,0.0,0,0.3042,0.8019
2004-10-24,2004,R,,nfl_0028,nfl_0006,19,7,0.6103,1.0,1,0.1518,0.4938
2004-10-24,2004,R,,nfl_0015,nfl_0027,31,14,0.4199,1.0,0,0.3365,0.8678
2004-10-24,2004,R,,nfl_0019,nfl_0010,13,28,0.7753,0.0,0,0.601,1.4928
2004-10-24,2004,R,,nfl_0031,nfl_0022,31,34,0.3852,0.0,1,0.1484,0.4865
2004-10-24,2004,R,,nfl_0017,nfl_0020,13,7,0.6996,1.0,1,0.0903,0.3573
2004-10-24,2004,R,,nfl_0011,nfl_0008,41,20,0.6839,1.0,1,0.0999,0.38
2004-10-24,2004,R,,nfl_0021,nfl_0018,26,31,0.5881,0.0,0,0.3459,0.8871
2004-10-24,2004,R,,nfl_0001,nfl_0025,25,17,0.4522,1.0,0,0.3001,0.7936
2004-10-25,2004,R,,nfl_0007,nfl_0009,23,10,0.3179,1.0,0,0.4653,1.146
2004-10-31,2004,R,,nfl_0014,nfl_0012,45,35,0.4831,1.0,0,0.2672,0.7275
2004-10-31,2004,R,,nfl_0016,nfl_0019,13,34,0.6995,0.0,0,0.4892,1.2022
2004-10-31,2004,R,,nfl_0004,nfl_0001,38,14,0.5772,1.0,1,0.1787,0.5495
2004-10-31,2004,R,,nfl_0032,nfl_0013,20,6,0.5889,1.0,1,0.169,0.5295
2004-10-31,2004,R,,nfl_0029,nfl_0007,27,20,0.6672,1.0,1,0.1108,0.4047
2004-10-31,2004,R,,nfl_0008,nfl_0010,31,21,0.5473,1.0,1,0.205,0.6028
2004-10-31,2004,R,,nfl_0022,nfl_0003,15,10,0.698,1.0,1,0.0912,0.3595
2004-10-31,2004,R,,nfl_0030,nfl_0011,14,28,0.503,0.0,0,0.253,0.6992
2004-10-31,2004,R,,nfl_0009,nfl_0002,28,41,0.7062,0.0,0,0.4988,1.2249
2004-10-31,2004,R,,nfl_0025,nfl_0005,23,17,0.7311,1.0,1,0.0723,0.3132
2004-10-31,2004,R,,nfl_0023,nfl_0017,34,20,0.4875,1.0,0,0.2627,0.7185
2004-10-31,2004,R,,nfl_0024,nfl_0021,42,14,0.7638,1.0,1,0.0558,0.2695
2004-10-31,2004,R,,nfl_0006,nfl_0026,23,13,0.5856,1.0,1,0.1717,0.535
2004-11-01,2004,R,,nfl_0020,nfl_0015,41,14,0.7333,1.0,1,0.0712,0.3103
2004-11-07,2004,R,,nfl_0028,nfl_0014,34,31,0.5421,1.0,1,0.2096,0.6122
2004-11-07,2004,R,,nfl_0004,nfl_0020,22,17,0.4577,1.0,0,0.294,0.7815
2004-11-07,2004,R,,nfl_0005,nfl_0021,24,27,0.6795,0.0,0,0.4617,1.1377
2004-11-07,2004,R,,nfl_0007,nfl_0008,26,3,0.5659,1.0,1,0.1884,0.5693
2004-11-07,2004,R,,nfl_0015,nfl_0001,23,24,0.5997,0.0,0,0.3597,0.9156
2004-11-07,2004,R,,nfl_0023,nfl_0022,27,3,0.4879,1.0,0,0.2622,0.7176
2004-11-07,2004,R,,nfl_0010,nfl_0030,10,17,0.6471,0.0,0,0.4188,1.0417
2004-11-07,2004,R,,nfl_0024,nfl_0018,43,17,0.7105,1.0,1,0.0838,0.3417
2004-11-07,2004,R,,nfl_0026,nfl_0025,27,42,0.392,0.0,1,0.1537,0.4976
2004-11-07,2004,R,,nfl_0019,nfl_0006,21,28,0.7318,0.0,0,0.5355,1.3159
2004-11-07,2004,R,,nfl_0027,nfl_0017,22,40,0.4895,0.0,1,0.2396,0.6724
2004-11-07,2004,R,,nfl_0009,nfl_0032,31,13,0.6558,1.0,1,0.1185,0.4219
2004-11-07,2004,R,,nfl_0003,nfl_0031,27,13,0.6795,1.0,1,0.1027,0.3864
2004-11-08,2004,R,,nfl_0012,nfl_0016,31,28,0.6788,1.0,1,0.1031,0.3874
2004-11-14,2004,R,,nfl_0012,nfl_0032,49,14,0.7388,1.0,1,0.0682,0.3027
2004-11-14,2004,R,,nfl_0018,nfl_0014,27,20,0.4279,1.0,0,0.3273,0.8489
2004-11-14,2004,R,,nfl_0020,nfl_0003,17,20,0.5777,0.0,0,0.3337,0.8619
2004-11-14,2004,R,,nfl_0027,nfl_0025,23,12,0.4889,1.0,0,0.2612,0.7156
2004-11-14,2004,R,,nfl_0029,nfl_0006,17,19,0.6534,0.0,0,0.4269,1.0596
2004-11-14,2004,R,,nfl_0031,nfl_0023,10,24,0.3935,0.0,1,0.1549,0.5001
2004-11-14,2004,R,,nfl_0013,nfl_0010,23,17,0.7141,1.0,1,0.0817,0.3367
2004-11-14,2004,R,,nfl_0002,nfl_0028,24,14,0.6756,1.0,1,0.1052,0.3921
2004-11-14,2004,R,,nfl_0030,nfl_0007,10,17,0.5792,0.0,0,0.3355,0.8656
2004-11-14,2004,R,,nfl_0026,nfl_0005,27,37,0.5503,0.0,0,0.3028,0.7991
2004-11-14,2004,R,,nfl_0001,nfl_0019,17,14,0.4659,1.0,0,0.2852,0.7637
2004-11-14,2004,R,,nfl_0011,nfl_0016,34,31,0.6801,1.0,1,0.1023,0.3855
2004-11-14,2004,R,,nfl_0017,nfl_0004,29,6,0.7973,1.0,1,0.0411,0.2265
2004-11-15,2004,R,,nfl_0008,nfl_0022,21,49,0.3269,0.0,1,0.1068,0.3958
2004-11-21,2004,R,,nfl_0016,nfl_0010,22,19,0.7252,1.0,1,0.0755,0.3213
2004-11-21,2004,R,,nfl_0028,nfl_0026,35,3,0.7517,1.0,1,0.0617,0.2855
2004-11-21,2004,R,,nfl_0004,nfl_0027,37,17,0.5391,1.0,1,0.2124,0.6178
2004-11-21,2004,R,,nfl_0006,nfl_0012,10,41,0.4022,0.0,1,0.1617,0.5144
2004-11-21,2004,R,,nfl_0031,nfl_0020,7,10,0.4427,0.0,1,0.196,0.5846
2004-11-21,2004,R,,nfl_0003,nfl_0008,30,10,0.8302,1.0,1,0.0288,0.1861
2004-11-21,2004,R,,nfl_0013,nfl_0029,15,18,0.6242,0.0,0,0.3897,0.9788
2004-11-21,2004,R,,nfl_0007,nfl_0023,14,19,0.3833,0.0,1,0.1469,0.4834
2004-11-21,2004,R,,nfl_0018,nfl_0009,13,34,0.3837,0.0,1,0.1472,0.484
2004-11-21,2004,R,,nfl_0005,nfl_0001,35,10,0.596,1.0,1,0.1632,0.5176
2004-11-21,2004,R,,nfl_0021,nfl_0024,17,23,0.3501,0.0,1,0.1226,0.431
2004-11-21,2004,R,,nfl_0025,nfl_0015,24,17,0.7362,1.0,1,0.0696,0.3062
2004-11-21,2004,R,,nfl_0019,nfl_0002,10,14,0.5719,0.0,0,0.3271,0.8485
2004-11-21,2004,R,,nfl_0022,nfl_0030,28,6,0.8406,1.0,1,0.0254,0.1736
2004-11-21,2004,R,,nfl_0032,nfl_0011,13,16,0.4426,0.0,1,0.1959,0.5845
2004-11-22,2004,R,,nfl_0014,nfl_0017,19,27,0.3961,0.0,1,0.1569,0.5043
2004-11-25,2004,R,,nfl_0010,nfl_0012,9,41,0.2733,0.0,1,0.0747,0.3192
2004-11-25,2004,R,,nfl_0008,nfl_0006,21,7,0.5029,1.0,1,0.2471,0.6874
2004-11-28,2004,R,,nfl_0016,nfl_0013,27,16,0.6603,1.0,1,0.1154,0.4151
2004-11-28,2004,R,,nfl_0014,nfl_0024,31,34,0.4945,0.0,1,0.2445,0.6822
2004-11-28,2004,R,,nfl_0007,nfl_0031,58,48,0.6456,1.0,1,0.1256,0.4376
2004-11-28,2004,R,,nfl_0023,nfl_0030,16,7,0.8515,1.0,1,0.0221,0.1608
2004-11-28,2004,R,,nfl_0019,nfl_0022,6,27,0.3912,0.0,1,0.153,0.4962
2004-11-28,2004,R,,nfl_0005,nfl_0028,21,14,0.5639,1.0,1,0.1902,0.5729
2004-11-28,2004,R,,nfl_0032,nfl_0029,31,21,0.5347,1.0,1,0.2165,0.6261
2004-11-28,2004,R,,nfl_0002,nfl_0018,24,21,0.7745,1.0,1,0.0508,0.2555
2004-11-28,2004,R,,nfl_0026,nfl_0015,17,24,0.498,0.0,1,0.248,0.6891
2004-11-28,2004,R,,nfl_0025,nfl_0004,9,38,0.6755,0.0,0,0.4563,1.1255
2004-11-28,2004,R,,nfl_0001,nfl_0020,3,13,0.3922,0.0,1,0.1538,0.4979
2004-11-28,2004,R,,nfl_0017,nfl_0003,24,3,0.7014,1.0,1,0.0892,0.3547
2004-11-28,2004,R,,nfl_0009,nfl_0021,24,25,0.8358,0.0,0,0.6986,1.8069
2004-11-29,2004,R,,nfl_0011,nfl_0027,45,17,0.7175,1.0,1,0.0798,0.3319
2004-12-05,2004,R,,nfl_0028,nfl_0002,27,0,0.495,1.0,0,0.255,0.7032
2004-12-05,2004,R,,nfl_0003,nfl_0007,26,27,0.7289,0.0,0,0.5314,1.3054
2004-12-05,2004,R,,nfl_0031,nfl_0017,15,42,0.2279,0.0,1,0.0519,0.2587
2004-12-05,2004,R,,nfl_0012,nfl_0029,51,24,0.834,1.0,1,0.0276,0.1816
2004-12-05,2004,R,,nfl_0027,nfl_0026,16,6,0.7707,1.0,1,0.0526,0.2604
2004-12-05,2004,R,,nfl_0015,nfl_0004,32,42,0.4178,0.0,1,0.1746,0.541
2004-12-05,2004,R,,nfl_0018,nfl_0005,21,32,0.4868,0.0,1,0.237,0.6671
2004-12-05,2004,R,,nfl_0006,nfl_0016,24,14,0.4522,1.0,0,0.3001,0.7937
2004-12-05,2004,R,,nfl_0010,nfl_0001,26,12,0.6033,1.0,1,0.1574,0.5054
2004-12-05,2004,R,,nfl_0020,nfl_0032,29,7,0.7382,1.0,1,0.0685,0.3036
2004-12-05,2004,R,,nfl_0024,nfl_0009,20,17,0.6215,1.0,1,0.1433,0.4756
2004-12-05,2004,R,,nfl_0021,nfl_0014,27,34,0.4505,0.0,1,0.203,0.5988
2004-12-05,2004,R,,nfl_0022,nfl_0011,47,17,0.7114,1.0,1,0.0833,0.3405
2004-12-05,2004,R,,nfl_0030,nfl_0019,31,7,0.4972,1.0,0,0.2528,0.6987
2004-12-05,2004,R,,nfl_0013,nfl_0023,16,17,0.3523,0.0,1,0.1241,0.4343
2004-12-06,2004,R,,nfl_0025,nfl_0008,39,43,0.7185,0.0,0,0.5162,1.2676
2004-12-12,2004,R,,nfl_0016,nfl_0025,23,27,0.6507,0.0,0,0.4234,1.0518
2004-12-12,2004,R,,nfl_0003,nfl_0019,37,14,0.7601,1.0,1,0.0576,0.2743
2004-12-12,2004,R,,nfl_0004,nfl_0031,37,7,0.8026,1.0,1,0.039,0.2199
2004-12-12,2004,R,,nfl_0017,nfl_0007,35,28,0.8455,1.0,1,0.0239,0.1679
2004-12-12,2004,R,,nfl_0032,nfl_0012,14,23,0.2772,0.0,1,0.0768,0.3246
2004-12-12,2004,R,,nfl_0002,nfl_0021,35,10,0.7735,1.0,1,0.0513,0.2568
2004-12-12,2004,R,,nfl_0013,nfl_0006,22,3,0.6186,1.0,1,0.1455,0.4804
2004-12-12,2004,R,,nfl_0008,nfl_0018,13,27,0.6445,0.0,0,0.4153,1.0341
2004-12-12,2004,R,,nfl_0009,nfl_0015,20,17,0.7903,1.0,1,0.044,0.2353
2004-12-12,2004,R,,nfl_0023,nfl_0020,17,6,0.677,1.0,1,0.1043,0.3901
2004-12-12,2004,R,,nfl_0005,nfl_0027,20,7,0.6488,1.0,1,0.1234,0.4327
2004-12-12,2004,R,,nfl_0001,nfl_0026,28,31,0.6905,0.0,0,0.4768,1.1729
2004-12-12,2004,R,,nfl_0011,nfl_0010,16,13,0.7937,1.0,1,0.0426,0.2311
2004-12-12,2004,R,,nfl_0024,nfl_0028,31,24,0.6986,1.0,1,0.0908,0.3587
2004-12-12,2004,R,,nfl_0030,nfl_0022,14,17,0.253,0.0,1,0.064,0.2918
2004-12-13,2004,R,,nfl_0029,nfl_0014,38,49,0.5313,0.0,0,0.2823,0.7578
2004-12-18,2004,R,,nfl_0019,nfl_0023,30,33,0.2772,0.0,1,0.0769,0.3247
2004-12-18,2004,R,,nfl_0026,nfl_0030,16,26,0.4401,0.0,1,0.1937,0.5799
2004-12-18,2004,R,,nfl_0002,nfl_0005,34,31,0.6106,1.0,1,0.1517,0.4934
2004-12-19,2004,R,,nfl_0014,nfl_0009,45,17,0.542,1.0,1,0.2098,0.6125
2004-12-19,2004,R,,nfl_0006,nfl_0032,5,24,0.5816,0.0,0,0.3383,0.8714
2004-12-19,2004,R,,nfl_0022,nfl_0008,12,7,0.9031,1.0,1,0.0094,0.1019
2004-12-19,2004,R,,nfl_0020,nfl_0025,37,14,0.7037,1.0,1,0.0878,0.3514
2004-12-19,2004,R,,nfl_0007,nfl_0004,17,33,0.4595,0.0,1,0.2111,0.6152
2004-12-19,2004,R,,nfl_0031,nfl_0024,0,21,0.2959,0.0,1,0.0876,0.3509
2004-12-19,2004,R,,nfl_0010,nfl_0016,27,28,0.4737,0.0,1,0.2244,0.642
2004-12-19,2004,R,,nfl_0001,nfl_0027,31,7,0.4736,1.0,0,0.2771,0.7475
2004-12-19,2004,R,,nfl_0028,nfl_0018,17,21,0.7294,0.0,0,0.532,1.307
2004-12-19,2004,R,,nfl_0011,nfl_0013,25,28,0.7248,0.0,0,0.5254,1.2903
2004-12-19,2004,R,,nfl_0021,nfl_0029,40,35,0.4977,1.0,0,0.2523,0.6977
2004-12-19,2004,R,,nfl_0012,nfl_0003,20,10,0.7483,1.0,1,0.0634,0.2899
2004-12-20,2004,R,,nfl_0015,nfl_0017,29,28,0.1989,1.0,0,0.6417,1.6148
2004-12-24,2004,R,,nfl_0016,nfl_0011,31,34,0.5189,0.0,0,0.2692,0.7316
2004-12-25,2004,R,,nfl_0014,nfl_0021,31,30,0.8269,1.0,1,0.03,0.1901
2004-12-25,2004,R,,nfl_0029,nfl_0009,16,37,0.4534,0.0,1,0.2056,0.6041
2004-12-26,2004,R,,nfl_0012,nfl_0024,34,31,0.7104,1.0,1,0.0839,0.342
2004-12-26,2004,R,,nfl_0023,nfl_0003,20,7,0.7294,1.0,1,0.0732,0.3156
2004-12-26,2004,R,,nfl_0018,nfl_0002,26,13,0.445,1.0,0,0.308,0.8097
2004-12-26,2004,R,,nfl_0010,nfl_0006,19,13,0.6151,1.0,1,0.1481,0.486
2004-12-26,2004,R,,nfl_0007,nfl_0019,23,22,0.6543,1.0,1,0.1195,0.4242
2004-12-26,2004,R,,nfl_0013,nfl_0032,0,21,0.633,0.0,0,0.4007,1.0025
2004-12-26,2004,R,,nfl_0020,nfl_0017,7,23,0.455,0.0,1,0.207,0.607
2004-12-26,2004,R,,nfl_0026,nfl_0004,7,41,0.215,0.0,1,0.0462,0.2421
2004-12-26,2004,R,,nfl_0028,nfl_0005,20,37,0.5642,0.0,0,0.3183,0.8305
2004-12-26,2004,R,,nfl_0008,nfl_0030,13,10,0.5028,1.0,1,0.2472,0.6876
2004-12-26,2004,R,,nfl_0025,nfl_0001,24,21,0.7005,1.0,1,0.0897,0.356
2004-12-26,2004,R,,nfl_0015,nfl_0031,10,7,0.6555,1.0,1,0.1187,0.4224
2004-12-27,2004,R,,nfl_0027,nfl_0022,20,7,0.2232,1.0,0,0.6034,1.4997
2005-01-02,2004,R,,nfl_0004,nfl_0023,24,29,0.5245,0.0,0,0.2751,0.7434
2005-01-02,2004,R,,nfl_0005,nfl_0018,18,21,0.7213,0.0,0,0.5203,1.2776
2005-01-02,2004,R,,nfl_0032,nfl_0031,14,22,0.7884,0.0,0,0.6216,1.5531
2005-01-02,2004,R,,nfl_0003,nfl_0015,30,23,0.77,1.0,1,0.0529,0.2613
2005-01-02,2004,R,,nfl_0017,nfl_0026,21,7,0.9502,1.0,1,0.0025,0.051
2005-01-02,2004,R,,nfl_0027,nfl_0020,32,29,0.4164,1.0,0,0.3406,0.8761
2005-01-02,2004,R,,nfl_0006,nfl_0011,14,31,0.3196,0.0,1,0.1022,0.3851
2005-01-02,2004,R,,nfl_0029,nfl_0010,24,19,0.592,1.0,1,0.1665,0.5243
2005-01-02,2004,R,,nfl_0030,nfl_0016,21,18,0.5167,1.0,1,0.2336,0.6603
2005-01-02,2004,R,,nfl_0022,nfl_0007,10,38,0.8313,0.0,0,0.6911,1.7796
2005-01-02,2004,R,,nfl_0025,nfl_0002,28,26,0.5693,1.0,1,0.1855,0.5633
2005-01-02,2004,R,,nfl_0001,nfl_0028,12,7,0.5108,1.0,1,0.2393,0.6718
2005-01-02,2004,R,,nfl_0009,nfl_0012,33,14,0.3928,1.0,0,0.3687,0.9346
2005-01-02,2004,R,,nfl_0021,nfl_0013,6,13,0.4917,0.0,1,0.2418,0.6767
2005-01-02,2004,R,,nfl_0024,nfl_0014,24,17,0.6546,1.0,1,0.1193,0.4238
2005-01-02,2004,R,,nfl_0019,nfl_0008,28,24,0.6222,1.0,1,0.1428,0.4746
2005-01-08,2004,P,WC,nfl_0025,nfl_0027,20,27,0.6552,0.0,0,0.4293,1.0647
2005-01-08,2004,P,WC,nfl_0024,nfl_0020,17,20,0.6883,0.0,0,0.4738,1.1658
2005-01-09,2004,P,WC,nfl_0012,nfl_0009,49,24,0.7183,1.0,1,0.0794,0.3309
2005-01-09,2004,P,WC,nfl_0011,nfl_0016,17,31,0.7378,0.0,0,0.5444,1.3388
2005-01-15,2004,P,DV,nfl_0023,nfl_0020,20,17,0.7723,1.0,1,0.0518,0.2584
2005-01-15,2004,P,DV,nfl_0002,nfl_0027,47,17,0.6662,1.0,1,0.1114,0.4061
2005-01-16,2004,P,DV,nfl_0022,nfl_0016,27,14,0.7564,1.0,1,0.0594,0.2792
2005-01-16,2004,P,DV,nfl_0017,nfl_0012,20,3,0.6766,1.0,1,0.1046,0.3907
2005-01-23,2004,P,CC,nfl_0022,nfl_0002,27,10,0.7246,1.0,1,0.0758,0.3221
2005-01-23,2004,P,CC,nfl_0023,nfl_0017,27,41,0.5295,0.0,0,0.2804,0.7541
2005-09-08,2005,R,,nfl_0017,nfl_0021,30,20,0.7607,1.0,1,0.0572,0.2735
2005-09-11,2005,R,,nfl_0014,nfl_0020,27,7,0.5984,1.0,1,0.1613,0.5134
2005-09-11,2005,R,,nfl_0004,nfl_0032,22,7,0.6492,1.0,1,0.1231,0.4321
2005-09-11,2005,R,,nfl_0016,nfl_0028,13,24,0.627,0.0,0,0.3931,0.9862
2005-09-11,2005,R,,nfl_0023,nfl_0029,34,7,0.7008,1.0,1,0.0895,0.3556
2005-09-11,2005,R,,nfl_0005,nfl_0018,20,23,0.6278,0.0,0,0.3941,0.9883
2005-09-11,2005,R,,nfl_0030,nfl_0006,9,7,0.6376,1.0,1,0.1314,0.4501
2005-09-11,2005,R,,nfl_0031,nfl_0007,13,27,0.5447,0.0,0,0.2967,0.7867
2005-09-11,2005,R,,nfl_0015,nfl_0009,34,10,0.537,1.0,1,0.2143,0.6217
2005-09-11,2005,R,,nfl_0013,nfl_0025,26,14,0.6008,1.0,1,0.1594,0.5095
2005-09-11,2005,R,,nfl_0024,nfl_0008,24,28,0.6931,0.0,0,0.4804,1.1813
2005-09-11,2005,R,,nfl_0026,nfl_0027,28,25,0.5348,1.0,1,0.2164,0.6258
2005-09-11,2005,R,,nfl_0019,nfl_0001,42,19,0.6069,1.0,1,0.1546,0.4994
2005-09-11,2005,R,,nfl_0010,nfl_0011,17,3,0.5383,1.0,1,0.2131,0.6193
2005-09-11,2005,R,,nfl_0003,nfl_0012,7,24,0.5541,0.0,0,0.307,0.8076
2005-09-12,2005,R,,nfl_0002,nfl_0022,14,10,0.5434,1.0,1,0.2085,0.6099
2005-09-18,2005,R,,nfl_0012,nfl_0013,10,3,0.7046,1.0,1,0.0872,0.3501
2005-09-18,2005,R,,nfl_0028,nfl_0004,19,3,0.5494,1.0,1,0.2031,0.599
2005-09-18,2005,R,,nfl_0005,nfl_0017,27,17,0.4474,1.0,0,0.3053,0.8043
2005-09-18,2005,R,,nfl_0006,nfl_0010,38,6,0.5329,1.0,1,0.2182,0.6295
2005-09-18,2005,R,,nfl_0032,nfl_0023,7,27,0.4622,0.0,1,0.2137,0.6203
2005-09-18,2005,R,,nfl_0007,nfl_0016,37,8,0.6922,1.0,1,0.0948,0.3679
2005-09-18,2005,R,,nfl_0029,nfl_0003,25,10,0.5509,1.0,1,0.2017,0.5961
2005-09-18,2005,R,,nfl_0022,nfl_0026,42,3,0.704,1.0,1,0.0876,0.351
2005-09-18,2005,R,,nfl_0001,nfl_0027,12,17,0.5586,0.0,0,0.3121,0.8179
2005-09-18,2005,R,,nfl_0025,nfl_0002,21,18,0.5436,1.0,1,0.2083,0.6096
2005-09-18,2005,R,,nfl_0011,nfl_0031,24,26,0.6764,0.0,0,0.4576,1.1283
2005-09-18,2005,R,,nfl_0009,nfl_0024,20,17,0.5528,1.0,1,0.2,0.5927
2005-09-18,2005,R,,nfl_0020,nfl_0015,17,7,0.5719,1.0,1,0.1833,0.5588
2005-09-18,2005,R,,nfl_0021,nfl_0014,17,23,0.464,0.0,1,0.2153,0.6236
2005-09-19,2005,R,,nfl_0018,nfl_0019,10,27,0.6025,0.0,0,0.363,0.9225
2005-09-19,2005,R,,nfl_0008,nfl_0030,13,14,0.5918,0.0,0,0.3502,0.8959
2005-09-25,2005,R,,nfl_0012,nfl_0031,13,6,0.7892,1.0,1,0.0444,0.2368
2005-09-25,2005,R,,nfl_0016,nfl_0018,33,16,0.5754,1.0,1,0.1803,0.5527
2005-09-25,2005,R,,nfl_0004,nfl_0002,16,24,0.6297,0.0,0,0.3965,0.9935
2005-09-25,2005,R,,nfl_0015,nfl_0005,27,24,0.5657,1.0,1,0.1887,0.5698
2005-09-25,2005,R,,nfl_0006,nfl_0007,7,24,0.5085,0.0,0,0.2586,0.7104
2005-09-25,2005,R,,nfl_0011,nfl_0028,16,17,0.5008,0.0,0,0.2508,0.6948
2005-09-25,2005,R,,nfl_0027,nfl_0029,31,27,0.6259,1.0,1,0.1399,0.4685
2005-09-25,2005,R,,nfl_0020,nfl_0013,20,26,0.6206,0.0,0,0.3851,0.9691
2005-09-25,2005,R,,nfl_0022,nfl_0021,23,20,0.7699,1.0,1,0.0529,0.2614
2005-09-25,2005,R,,nfl_0026,nfl_0008,31,34,0.5291,0.0,0,0.28,0.7532
2005-09-25,2005,R,,nfl_0025,nfl_0001,37,12,0.6817,1.0,1,0.1013,0.3832
2005-09-25,2005,R,,nfl_0023,nfl_0017,20,23,0.6494,0.0,0,0.4218,1.0482
2005-09-25,2005,R,,nfl_0024,nfl_0019,45,23,0.5477,1.0,1,0.2046,0.602
2005-09-26,2005,R,,nfl_0009,nfl_0014,30,10,0.5006,1.0,1,0.2494,0.692
2005-10-02,2005,R,,nfl_0028,nfl_0010,17,13,0.7067,1.0,1,0.086,0.3472
2005-10-02,2005,R,,nfl_0007,nfl_0032,16,10,0.7629,1.0,1,0.0562,0.2706
2005-10-02,2005,R,,nfl_0029,nfl_0012,10,31,0.3948,0.0,1,0.1559,0.5022
2005-10-02,2005,R,,nfl_0013,nfl_0009,7,20,0.5855,0.0,0,0.3428,0.8806
2005-10-02,2005,R,,nfl_0017,nfl_0024,17,41,0.6679,0.0,0,0.4461,1.1022
2005-10-02,2005,R,,nfl_0018,nfl_0004,19,7,0.5171,1.0,1,0.2332,0.6595
2005-10-02,2005,R,,nfl_0019,nfl_0027,44,24,0.6225,1.0,1,0.1425,0.474
2005-10-02,2005,R,,nfl_0030,nfl_0025,20,17,0.6274,1.0,1,0.1388,0.4662
2005-10-02,2005,R,,nfl_0003,nfl_0020,13,3,0.5772,1.0,1,0.1788,0.5496
2005-10-02,2005,R,,nfl_0021,nfl_0008,19,13,0.5147,1.0,1,0.2355,0.6641
2005-10-02,2005,R,,nfl_0014,nfl_0022,31,37,0.5303,0.0,0,0.2812,0.7556
2005-10-02,2005,R,,nfl_0002,nfl_0016,30,10,0.6811,1.0,1,0.1017,0.384
2005-10-02,2005,R,,nfl_0001,nfl_0026,31,14,0.5874,1.0,1,0.1702,0.532
2005-10-03,2005,R,,nfl_0005,nfl_0011,32,29,0.6586,1.0,1,0.1165,0.4176
2005-10-09,2005,R,,nfl_0010,nfl_0003,35,17,0.5534,1.0,1,0.1995,0.5917
2005-10-09,2005,R,,nfl_0032,nfl_0029,20,34,0.6074,0.0,0,0.3689,0.9349
2005-10-09,2005,R,,nfl_0004,nfl_0015,20,14,0.5364,1.0,1,0.215,0.623
2005-10-09,2005,R,,nfl_0011,nfl_0018,52,3,0.5811,1.0,1,0.1755,0.5428
2005-10-09,2005,R,,nfl_0027,nfl_0025,31,37,0.5603,0.0,0,0.3139,0.8216
2005-10-09,2005,R,,nfl_0031,nfl_0006,20,10,0.555,1.0,1,0.198,0.5888
2005-10-09,2005,R,,nfl_0020,nfl_0028,14,12,0.4865,1.0,0,0.2636,0.7204
2005-10-09,2005,R,,nfl_0002,nfl_0017,28,31,0.6276,0.0,0,0.3939,0.9878
2005-10-09,2005,R,,nfl_0026,nfl_0012,3,28,0.2478,0.0,1,0.0614,0.2848
2005-10-09,2005,R,,nfl_0001,nfl_0005,20,24,0.4783,0.0,1,0.2288,0.6507
2005-10-09,2005,R,,nfl_0008,nfl_0022,33,10,0.4326,1.0,0,0.322,0.838
2005-10-09,2005,R,,nfl_0009,nfl_0030,21,19,0.6721,1.0,1,0.1075,0.3974
2005-10-09,2005,R,,nfl_0013,nfl_0007,23,20,0.4257,1.0,0,0.3298,0.854
2005-10-10,2005,R,,nfl_0024,nfl_0023,22,24,0.5693,0.0,0,0.3241,0.8424
2005-10-16,2005,R,,nfl_0014,nfl_0030,28,21,0.6421,1.0,1,0.1281,0.443
2005-10-16,2005,R,,nfl_0003,nfl_0031,16,3,0.5871,1.0,1,0.1705,0.5326
2005-10-16,2005,R,,nfl_0028,nfl_0015,27,13,0.6893,1.0,1,0.0965,0.3721
2005-10-16,2005,R,,nfl_0010,nfl_0005,20,21,0.5206,0.0,0,0.271,0.7353
2005-10-16,2005,R,,nfl_0008,nfl_0019,16,13,0.5295,1.0,1,0.2213,0.6358
2005-10-16,2005,R,,nfl_0023,nfl_0013,17,23,0.731,0.0,0,0.5344,1.313
2005-10-16,2005,R,,nfl_0006,nfl_0016,28,3,0.5719,1.0,1,0.1833,0.5588
2005-10-16,2005,R,,nfl_0018,nfl_0002,31,34,0.4162,0.0,1,0.1732,0.5381
2005-10-16,2005,R,,nfl_0029,nfl_0007,23,31,0.427,0.0,1,0.1823,0.5569
2005-10-16,2005,R,,nfl_0021,nfl_0024,14,27,0.4371,0.0,1,0.1911,0.5747
2005-10-16,2005,R,,nfl_0004,nfl_0020,27,17,0.611,1.0,1,0.1514,0.4927
2005-10-16,2005,R,,nfl_0009,nfl_0017,28,20,0.6304,1.0,1,0.1366,0.4615
2005-10-16,2005,R,,nfl_0025,nfl_0032,42,10,0.7563,1.0,1,0.0594,0.2793
2005-10-17,2005,R,,nfl_0012,nfl_0027,45,28,0.8287,1.0,1,0.0294,0.1879
2005-10-21,2005,R,,nfl_0015,nfl_0014,20,30,0.524,0.0,0,0.2746,0.7424
2005-10-23,2005,R,,nfl_0016,nfl_0011,23,20,0.421,1.0,0,0.3353,0.8652
2005-10-23,2005,R,,nfl_0022,nfl_0024,20,17,0.5543,1.0,1,0.1987,0.5901
2005-10-23,2005,R,,nfl_0007,nfl_0023,13,27,0.632,0.0,0,0.3994,0.9997
2005-10-23,2005,R,,nfl_0027,nfl_0018,28,17,0.6564,1.0,1,0.1181,0.421
2005-10-23,2005,R,,nfl_0030,nfl_0026,52,17,0.7415,1.0,1,0.0668,0.2991
2005-10-23,2005,R,,nfl_0032,nfl_0012,20,38,0.2311,0.0,1,0.0534,0.2628
2005-10-23,2005,R,,nfl_0031,nfl_0010,10,13,0.5639,0.0,0,0.318,0.8298
2005-10-23,2005,R,,nfl_0025,nfl_0008,13,10,0.6314,1.0,1,0.1359,0.4598
2005-10-23,2005,R,,nfl_0006,nfl_0003,10,6,0.6302,1.0,1,0.1367,0.4617
2005-10-23,2005,R,,nfl_0001,nfl_0029,20,10,0.5704,1.0,1,0.1846,0.5615
2005-10-23,2005,R,,nfl_0021,nfl_0004,38,17,0.4627,1.0,0,0.2887,0.7707
2005-10-23,2005,R,,nfl_0019,nfl_0009,24,23,0.5311,1.0,1,0.2199,0.6328
2005-10-24,2005,R,,nfl_0002,nfl_0020,27,14,0.7041,1.0,1,0.0875,0.3508
2005-10-30,2005,R,,nfl_0005,nfl_0016,38,13,0.7675,1.0,1,0.0541,0.2646
2005-10-30,2005,R,,nfl_0032,nfl_0031,19,16,0.523,1.0,1,0.2275,0.6482
2005-10-30,2005,R,,nfl_0008,nfl_0001,34,13,0.7154,1.0,1,0.081,0.3349
2005-10-30,2005,R,,nfl_0027,nfl_0013,24,21,0.4946,1.0,0,0.2555,0.7041
2005-10-30,2005,R,,nfl_0007,nfl_0011,21,14,0.6974,1.0,1,0.0916,0.3604
2005-10-30,2005,R,,nfl_0029,nfl_0021,25,34,0.5812,0.0,0,0.3378,0.8703
2005-10-30,2005,R,,nfl_0010,nfl_0006,13,19,0.5638,0.0,0,0.3179,0.8297
2005-10-30,2005,R,,nfl_0019,nfl_0030,36,0,0.6369,1.0,1,0.1318,0.4511
2005-10-30,2005,R,,nfl_0024,nfl_0014,28,20,0.6573,1.0,1,0.1174,0.4196
2005-10-30,2005,R,,nfl_0018,nfl_0015,6,21,0.5044,0.0,0,0.2544,0.702
2005-10-30,2005,R,,nfl_0026,nfl_0028,15,10,0.2547,1.0,0,0.5554,1.3675
2005-10-30,2005,R,,nfl_0009,nfl_0022,49,21,0.6327,1.0,1,0.1349,0.4577
2005-10-30,2005,R,,nfl_0017,nfl_0004,21,16,0.7067,1.0,1,0.086,0.3472
2005-10-31,2005,R,,nfl_0023,nfl_0003,20,19,0.7962,1.0,1,0.0415,0.2279
2005-11-06,2005,R,,nfl_0014,nfl_0021,27,23,0.6746,1.0,1,0.1059,0.3937
2005-11-06,2005,R,,nfl_0013,nfl_0032,21,14,0.757,1.0,1,0.059,0.2784
2005-11-06,2005,R,,nfl_0028,nfl_0005,14,34,0.5949,0.0,0,0.3539,0.9036
2005-11-06,2005,R,,nfl_0020,nfl_0024,26,31,0.4219,0.0,1,0.178,0.5481
2005-11-06,2005,R,,nfl_0003,nfl_0007,9,21,0.4164,0.0,1,0.1734,0.5386
2005-11-06,2005,R,,nfl_0015,nfl_0002,10,17,0.4389,0.0,1,0.1927,0.5779
2005-11-06,2005,R,,nfl_0031,nfl_0029,20,14,0.5946,1.0,1,0.1643,0.5198
2005-11-06,2005,R,,nfl_0016,nfl_0010,27,14,0.5276,1.0,1,0.2232,0.6394
2005-11-06,2005,R,,nfl_0018,nfl_0006,17,20,0.3772,0.0,1,0.1423,0.4735
2005-11-06,2005,R,,nfl_0001,nfl_0025,19,33,0.3625,0.0,1,0.1314,0.4502
2005-11-06,2005,R,,nfl_0026,nfl_0019,6,24,0.2838,0.0,1,0.0805,0.3338
2005-11-06,2005,R,,nfl_0011,nfl_0023,10,20,0.4119,0.0,1,0.1697,0.5309
2005-11-06,2005,R,,nfl_0030,nfl_0022,17,10,0.5338,1.0,1,0.2174,0.6278
2005-11-07,2005,R,,nfl_0017,nfl_0012,21,40,0.3799,0.0,1,0.1443,0.4779
2005-11-13,2005,R,,nfl_0013,nfl_0003,30,3,0.6959,1.0,1,0.0925,0.3626
2005-11-13,2005,R,,nfl_0004,nfl_0014,14,3,0.5359,1.0,1,0.2154,0.6238
2005-11-13,2005,R,,nfl_0006,nfl_0026,17,9,0.8163,1.0,1,0.0337,0.2029
2005-11-13,2005,R,,nfl_0012,nfl_0032,31,17,0.9092,1.0,1,0.0082,0.0952
2005-11-13,2005,R,,nfl_0010,nfl_0001,29,21,0.6623,1.0,1,0.1141,0.4121
2005-11-13,2005,R,,nfl_0015,nfl_0017,16,23,0.5204,0.0,0,0.2708,0.7348
2005-11-13,2005,R,,nfl_0019,nfl_0016,21,24,0.798,0.0,0,0.6367,1.5993
2005-11-13,2005,R,,nfl_0005,nfl_0020,30,3,0.7851,1.0,1,0.0462,0.242
2005-11-13,2005,R,,nfl_0021,nfl_0009,17,31,0.3704,0.0,1,0.1372,0.4627
2005-11-13,2005,R,,nfl_0002,nfl_0011,25,33,0.7334,0.0,0,0.5379,1.322
2005-11-13,2005,R,,nfl_0028,nfl_0030,36,35,0.617,1.0,1,0.1467,0.483
2005-11-13,2005,R,,nfl_0025,nfl_0027,31,16,0.704,1.0,1,0.0876,0.3509
2005-11-13,2005,R,,nfl_0023,nfl_0031,34,21,0.8449,1.0,1,0.0241,0.1685
2005-11-14,2005,R,,nfl_0022,nfl_0008,20,21,0.528,0.0,0,0.2788,0.7508
2005-11-20,2005,R,,nfl_0006,nfl_0005,13,3,0.4816,1.0,0,0.2687,0.7305
2005-11-20,2005,R,,nfl_0027,nfl_0001,28,38,0.7028,0.0,0,0.494,1.2134
2005-11-20,2005,R,,nfl_0008,nfl_0010,20,7,0.7196,1.0,1,0.0786,0.329
2005-11-20,2005,R,,nfl_0029,nfl_0013,28,31,0.4495,0.0,1,0.2021,0.5969
2005-11-20,2005,R,,nfl_0017,nfl_0018,24,17,0.8,1.0,1,0.04,0.2231
2005-11-20,2005,R,,nfl_0003,nfl_0023,16,13,0.2766,1.0,0,0.5234,1.2853
2005-11-20,2005,R,,nfl_0030,nfl_0021,13,16,0.6526,0.0,0,0.4259,1.0573
2005-11-20,2005,R,,nfl_0031,nfl_0015,22,0,0.5682,1.0,1,0.1864,0.5652
2005-11-20,2005,R,,nfl_0019,nfl_0022,27,17,0.7202,1.0,1,0.0783,0.3282
2005-11-20,2005,R,,nfl_0002,nfl_0028,27,30,0.6588,0.0,0,0.4341,1.0754
2005-11-20,2005,R,,nfl_0026,nfl_0025,25,27,0.2524,0.0,1,0.0637,0.2909
2005-11-20,2005,R,,nfl_0024,nfl_0004,48,10,0.784,1.0,1,0.0467,0.2434
2005-11-20,2005,R,,nfl_0007,nfl_0012,37,45,0.4904,0.0,1,0.2405,0.674
2005-11-20,2005,R,,nfl_0009,nfl_0020,27,0,0.8258,1.0,1,0.0303,0.1914
2005-11-20,2005,R,,nfl_0032,nfl_0014,17,45,0.378,0.0,1,0.1429,0.4748
2005-11-21,2005,R,,nfl_0011,nfl_0016,17,20,0.6688,0.0,0,0.4473,1.105
2005-11-24,2005,R,,nfl_0010,nfl_0002,7,27,0.4561,0.0,1,0.2081,0.609
2005-11-24,2005,R,,nfl_0008,nfl_0009,21,24,0.4842,0.0,1,0.2345,0.6621
2005-11-27,2005,R,,nfl_0014,nfl_0017,26,16,0.6054,1.0,1,0.1557,0.5019
2005-11-27,2005,R,,nfl_0004,nfl_0005,9,13,0.4255,0.0,1,0.1811,0.5543
2005-11-27,2005,R,,nfl_0028,nfl_0006,10,13,0.5688,0.0,0,0.3235,0.8411
2005-11-27,2005,R,,nfl_0016,nfl_0031,24,12,0.6207,1.0,1,0.1438,0.4768
2005-11-27,2005,R,,nfl_0030,nfl_0024,17,23,0.3673,0.0,1,0.1349,0.4578
2005-11-27,2005,R,,nfl_0007,nfl_0003,42,29,0.7933,1.0,1,0.0427,0.2315
2005-11-27,2005,R,,nfl_0032,nfl_0027,27,33,0.4744,0.0,1,0.2251,0.6433
2005-11-27,2005,R,,nfl_0029,nfl_0026,33,22,0.6893,1.0,1,0.0965,0.372
2005-11-27,2005,R,,nfl_0021,nfl_0015,21,33,0.673,0.0,0,0.453,1.1179
2005-11-27,2005,R,,nfl_0001,nfl_0013,17,24,0.4094,0.0,1,0.1676,0.5267
2005-11-27,2005,R,,nfl_0022,nfl_0011,19,14,0.6127,1.0,1,0.15,0.4899
2005-11-27,2005,R,,nfl_0025,nfl_0019,24,21,0.602,1.0,1,0.1584,0.5074
2005-11-27,2005,R,,nfl_0020,nfl_0018,19,21,0.6991,0.0,0,0.4887,1.2008
2005-11-28,2005,R,,nfl_0012,nfl_0023,26,7,0.7058,1.0,1,0.0865,0.3484
2005-12-04,2005,R,,nfl_0023,nfl_0007,31,38,0.6331,0.0,0,0.4008,1.0025
2005-12-04,2005,R,,nfl_0012,nfl_0029,35,3,0.9094,1.0,1,0.0082,0.0949
2005-12-04,2005,R,,nfl_0010,nfl_0016,16,21,0.5026,0.0,0,0.2526,0.6983
2005-12-04,2005,R,,nfl_0003,nfl_0032,16,15,0.7169,1.0,1,0.0801,0.3328
2005-12-04,2005,R,,nfl_0005,nfl_0002,24,6,0.6469,1.0,1,0.1247,0.4355
2005-12-04,2005,R,,nfl_0015,nfl_0004,24,23,0.5741,1.0,1,0.1814,0.5549
2005-12-04,2005,R,,nfl_0031,nfl_0013,14,20,0.4211,0.0,1,0.1773,0.5467
2005-12-04,2005,R,,nfl_0019,nfl_0008,17,10,0.6463,1.0,1,0.1251,0.4364
2005-12-04,2005,R,,nfl_0006,nfl_0011,19,7,0.7176,1.0,1,0.0797,0.3318
2005-12-04,2005,R,,nfl_0018,nfl_0028,3,10,0.3786,0.0,1,0.1434,0.4758
2005-12-04,2005,R,,nfl_0026,nfl_0001,10,17,0.4843,0.0,1,0.2345,0.6622
2005-12-04,2005,R,,nfl_0027,nfl_0030,9,24,0.5574,0.0,0,0.3107,0.8151
2005-12-04,2005,R,,nfl_0014,nfl_0009,31,27,0.4779,1.0,0,0.2726,0.7384
2005-12-04,2005,R,,nfl_0017,nfl_0020,16,3,0.7578,1.0,1,0.0586,0.2773
2005-12-04,2005,R,,nfl_0024,nfl_0021,34,10,0.8374,1.0,1,0.0264,0.1775
2005-12-05,2005,R,,nfl_0022,nfl_0025,0,42,0.4515,0.0,1,0.2038,0.6005
2005-12-11,2005,R,,nfl_0013,nfl_0012,18,26,0.3505,0.0,1,0.1229,0.4316
2005-12-11,2005,R,,nfl_0004,nfl_0017,7,35,0.4739,0.0,1,0.2246,0.6423
2005-12-11,2005,R,,nfl_0023,nfl_0006,21,9,0.6379,1.0,1,0.1311,0.4496
2005-12-11,2005,R,,nfl_0020,nfl_0021,26,10,0.562,1.0,1,0.1919,0.5763
2005-12-11,2005,R,,nfl_0005,nfl_0028,10,20,0.7293,0.0,0,0.5318,1.3066
2005-12-11,2005,R,,nfl_0007,nfl_0031,23,20,0.8283,1.0,1,0.0295,0.1884
2005-12-11,2005,R,,nfl_0029,nfl_0032,13,10,0.7023,1.0,1,0.0887,0.3535
2005-12-11,2005,R,,nfl_0016,nfl_0027,27,13,0.72,1.0,1,0.0784,0.3284
2005-12-11,2005,R,,nfl_0001,nfl_0030,13,17,0.4858,0.0,1,0.236,0.6651
2005-12-11,2005,R,,nfl_0022,nfl_0019,23,26,0.3788,0.0,1,0.1435,0.4761
2005-12-11,2005,R,,nfl_0025,nfl_0026,41,3,0.917,1.0,1,0.0069,0.0867
2005-12-11,2005,R,,nfl_0008,nfl_0014,31,28,0.5438,1.0,1,0.2081,0.6092
2005-12-11,2005,R,,nfl_0009,nfl_0003,12,10,0.8394,1.0,1,0.0258,0.175
2005-12-11,2005,R,,nfl_0024,nfl_0015,21,23,0.8351,0.0,0,0.6975,1.8027
2005-12-11,2005,R,,nfl_0011,nfl_0010,16,13,0.6904,1.0,1,0.0958,0.3705
2005-12-12,2005,R,,nfl_0002,nfl_0018,36,17,0.8258,1.0,1,0.0304,0.1914
2005-12-17,2005,R,,nfl_0017,nfl_0028,28,0,0.6378,1.0,1,0.1312,0.4498
2005-12-17,2005,R,,nfl_0019,nfl_0014,27,17,0.6523,1.0,1,0.1209,0.4272
2005-12-17,2005,R,,nfl_0004,nfl_0009,17,28,0.2951,0.0,1,0.0871,0.3497
2005-12-18,2005,R,,nfl_0012,nfl_0024,17,26,0.7459,0.0,0,0.5563,1.3699
2005-12-18,2005,R,,nfl_0032,nfl_0001,30,19,0.4781,1.0,0,0.2723,0.7378
2005-12-18,2005,R,,nfl_0013,nfl_0026,10,9,0.8753,1.0,1,0.0156,0.1332
2005-12-18,2005,R,,nfl_0027,nfl_0022,16,17,0.5281,0.0,0,0.2789,0.751
2005-12-18,2005,R,,nfl_0018,nfl_0005,10,27,0.2435,0.0,1,0.0593,0.279
2005-12-18,2005,R,,nfl_0015,nfl_0020,24,20,0.6611,1.0,1,0.1149,0.4139
2005-12-18,2005,R,,nfl_0029,nfl_0025,24,28,0.2638,0.0,1,0.0696,0.3062
2005-12-18,2005,R,,nfl_0016,nfl_0023,3,18,0.4486,0.0,1,0.2012,0.5953
2005-12-18,2005,R,,nfl_0010,nfl_0007,17,41,0.2811,0.0,1,0.079,0.33
2005-12-18,2005,R,,nfl_0021,nfl_0031,7,9,0.5813,0.0,0,0.3379,0.8705
2005-12-18,2005,R,,nfl_0030,nfl_0008,35,7,0.5433,1.0,1,0.2086,0.6101
2005-12-18,2005,R,,nfl_0006,nfl_0002,16,3,0.6218,1.0,1,0.143,0.4752
2005-12-19,2005,R,,nfl_0003,nfl_0011,48,3,0.5346,1.0,1,0.2166,0.6262
2005-12-24,2005,R,,nfl_0014,nfl_0024,20,7,0.4513,1.0,0,0.3011,0.7957
2005-12-24,2005,R,,nfl_0028,nfl_0002,27,24,0.6022,1.0,1,0.1583,0.5072
2005-12-24,2005,R,,nfl_0027,nfl_0026,20,24,0.7248,0.0,0,0.5254,1.2903
2005-12-24,2005,R,,nfl_0007,nfl_0004,27,37,0.8502,0.0,0,0.7229,1.8988
2005-12-24,2005,R,,nfl_0005,nfl_0008,20,24,0.7286,0.0,0,0.5308,1.3041
2005-12-24,2005,R,,nfl_0031,nfl_0023,0,41,0.3058,0.0,1,0.0935,0.365
2005-12-24,2005,R,,nfl_0032,nfl_0013,20,38,0.2953,0.0,1,0.0872,0.35
2005-12-24,2005,R,,nfl_0015,nfl_0029,24,10,0.6935,1.0,1,0.0939,0.3659
2005-12-24,2005,R,,nfl_0030,nfl_0019,35,20,0.4851,1.0,0,0.2652,0.7235
2005-12-24,2005,R,,nfl_0018,nfl_0010,12,13,0.532,0.0,0,0.2831,0.7594
2005-12-24,2005,R,,nfl_0001,nfl_0022,27,21,0.5017,1.0,1,0.2483,0.6898
2005-12-24,2005,R,,nfl_0009,nfl_0021,22,3,0.8745,1.0,1,0.0158,0.1341
2005-12-24,2005,R,,nfl_0025,nfl_0012,28,13,0.4983,1.0,0,0.2517,0.6966
2005-12-25,2005,R,,nfl_0011,nfl_0006,17,24,0.3638,0.0,1,0.1324,0.4523
2005-12-25,2005,R,,nfl_0003,nfl_0016,30,23,0.5609,1.0,1,0.1928,0.5783
2005-12-26,2005,R,,nfl_0020,nfl_0017,21,31,0.314,0.0,1,0.0986,0.3769
2005-12-31,2005,R,,nfl_0024,nfl_0009,7,23,0.5877,0.0,0,0.3454,0.8861
2005-12-31,2005,R,,nfl_0021,nfl_0019,21,30,0.3082,0.0,1,0.095,0.3685
2006-01-01,2005,R,,nfl_0014,nfl_0007,37,3,0.5629,1.0,1,0.1911,0.5747
2006-01-01,2005,R,,nfl_0020,nfl_0004,30,26,0.5452,1.0,1,0.2068,0.6065
2006-01-01,2005,R,,nfl_0031,nfl_0003,20,16,0.4907,1.0,0,0.2594,0.712
2006-01-01,2005,R,,nfl_0012,nfl_0001,17,13,0.9026,1.0,1,0.0095,0.1024
2006-01-01,2005,R,,nfl_0023,nfl_0010,35,21,0.8894,1.0,1,0.0122,0.1172
2006-01-01,2005,R,,nfl_0011,nfl_0025,23,17,0.2256,1.0,0,0.5997,1.4889
2006-01-01,2005,R,,nfl_0017,nfl_0015,26,28,0.7638,0.0,0,0.5834,1.443
2006-01-01,2005,R,,nfl_0028,nfl_0018,27,13,0.8442,1.0,1,0.0243,0.1694
2006-01-01,2005,R,,nfl_0002,nfl_0005,11,44,0.5105,0.0,0,0.2606,0.7144
2006-01-01,2005,R,,nfl_0026,nfl_0032,20,17,0.5838,1.0,1,0.1732,0.5381
2006-01-01,2005,R,,nfl_0013,nfl_0029,40,13,0.8168,1.0,1,0.0335,0.2023
2006-01-01,2005,R,,nfl_0016,nfl_0006,34,10,0.4413,1.0,0,0.3122,0.8181
2006-01-01,2005,R,,nfl_0022,nfl_0030,20,31,0.4134,0.0,1,0.1709,0.5333
2006-01-01,2005,R,,nfl_0008,nfl_0027,10,20,0.7903,0.0,0,0.6246,1.5622
2006-01-07,2005,P,WC,nfl_0028,nfl_0030,10,17,0.5366,0.0,0,0.2879,0.7692
2006-01-07,2005,P,WC,nfl_0017,nfl_0013,28,3,0.6313,1.0,1,0.1359,0.4599
2006-01-08,2005,P,WC,nfl_0019,nfl_0005,0,23,0.5606,0.0,0,0.3142,0.8223
2006-01-08,2005,P,WC,nfl_0007,nfl_0023,17,31,0.4603,0.0,1,0.2119,0.6168
2006-01-14,2005,P,DV,nfl_0025,nfl_0030,20,10,0.7105,1.0,1,0.0838,0.3418
2006-01-14,2005,P,DV,nfl_0009,nfl_0017,27,13,0.7002,1.0,1,0.0899,0.3565
2006-01-15,2005,P,DV,nfl_0012,nfl_0023,18,21,0.6541,0.0,0,0.4278,1.0616
2006-01-15,2005,P,DV,nfl_0006,nfl_0005,21,29,0.4533,0.0,1,0.2055,0.6038
2006-01-22,2005,P,CC,nfl_0009,nfl_0023,17,34,0.5976,0.0,0,0.3571,0.9102
2006-01-22,2005,P,CC,nfl_0025,nfl_0005,34,14,0.587,1.0,1,0.1705,0.5326
2006-09-07,2006,R,,nfl_0023,nfl_0015,28,17,0.7032,1.0,1,0.0881,0.3521
2006-09-10,2006,R,,nfl_0014,nfl_0007,10,23,0.6316,0.0,0,0.3989,0.9985
2006-09-10,2006,R,,nfl_0028,nfl_0003,0,27,0.6255,0.0,0,0.3912,0.9821
2006-09-10,2006,R,,nfl_0017,nfl_0004,19,17,0.6814,1.0,1,0.1015,0.3836
2006-09-10,2006,R,,nfl_0027,nfl_0009,18,10,0.4883,1.0,0,0.2618,0.7168
2006-09-10,2006,R,,nfl_0032,nfl_0022,10,24,0.5563,0.0,0,0.3095,0.8126
2006-09-10,2006,R,,nfl_0005,nfl_0002,6,20,0.6739,0.0,0,0.4542,1.1206
2006-09-10,2006,R,,nfl_0029,nfl_0020,16,23,0.5875,0.0,0,0.3451,0.8854
2006-09-10,2006,R,,nfl_0031,nfl_0018,14,19,0.643,0.0,0,0.4134,1.03
2006-09-10,2006,R,,nfl_0010,nfl_0025,6,9,0.458,0.0,1,0.2098,0.6125
2006-09-10,2006,R,,nfl_0011,nfl_0006,0,26,0.555,0.0,0,0.308,0.8097
2006-09-10,2006,R,,nfl_0001,nfl_0026,34,27,0.6355,1.0,1,0.1328,0.4533
2006-09-10,2006,R,,nfl_0013,nfl_0008,24,17,0.6267,1.0,1,0.1394,0.4673
2006-09-10,2006,R,,nfl_0019,nfl_0012,21,26,0.5462,0.0,0,0.2983,0.7901
2006-09-11,2006,R,,nfl_0030,nfl_0016,16,19,0.6341,0.0,0,0.4021,1.0054
2006-09-11,2006,R,,nfl_0021,nfl_0024,0,27,0.5007,0.0,0,0.2507,0.6945
2006-09-17,2006,R,,nfl_0011,nfl_0018,27,34,0.5463,0.0,0,0.2985,0.7904
2006-09-17,2006,R,,nfl_0022,nfl_0019,24,30,0.6107,0.0,0,0.3729,0.9433
2006-09-17,2006,R,,nfl_0003,nfl_0021,28,6,0.7722,1.0,1,0.0519,0.2585
2006-09-17,2006,R,,nfl_0015,nfl_0004,6,16,0.6327,0.0,0,0.4003,1.0016
2006-09-17,2006,R,,nfl_0016,nfl_0005,16,13,0.6134,1.0,1,0.1494,0.4887
2006-09-17,2006,R,,nfl_0006,nfl_0010,34,7,0.7437,1.0,1,0.0657,0.2961
2006-09-17,2006,R,,nfl_0007,nfl_0031,34,17,0.7265,1.0,1,0.0748,0.3195
2006-09-17,2006,R,,nfl_0012,nfl_0032,43,24,0.795,1.0,1,0.042,0.2294
2006-09-17,2006,R,,nfl_0002,nfl_0028,14,3,0.7133,1.0,1,0.0822,0.3378
2006-09-17,2006,R,,nfl_0025,nfl_0001,21,10,0.7189,1.0,1,0.079,0.33
2006-09-17,2006,R,,nfl_0026,nfl_0027,20,13,0.5176,1.0,1,0.2327,0.6586
2006-09-17,2006,R,,nfl_0020,nfl_0017,17,24,0.534,0.0,0,0.2851,0.7635
2006-09-17,2006,R,,nfl_0024,nfl_0029,40,7,0.769,1.0,1,0.0534,0.2626
2006-09-17,2006,R,,nfl_0009,nfl_0014,9,6,0.6392,1.0,1,0.1301,0.4475
2006-09-17,2006,R,,nfl_0008,nfl_0030,27,10,0.5737,1.0,1,0.1817,0.5556
2006-09-18,2006,R,,nfl_0013,nfl_0023,9,0,0.5091,1.0,1,0.241,0.6751
2006-09-24,2006,R,,nfl_0004,nfl_0020,20,28,0.6396,0.0,0,0.4091,1.0205
2006-09-24,2006,R,,nfl_0023,nfl_0007,20,28,0.5965,0.0,0,0.3558,0.9076
2006-09-24,2006,R,,nfl_0012,nfl_0013,21,14,0.6606,1.0,1,0.1152,0.4146
2006-09-24,2006,R,,nfl_0010,nfl_0011,24,31,0.6367,0.0,0,0.4054,1.0127
2006-09-24,2006,R,,nfl_0015,nfl_0029,13,10,0.6499,1.0,1,0.1226,0.431
2006-09-24,2006,R,,nfl_0028,nfl_0005,24,26,0.5117,0.0,0,0.2618,0.7168
2006-09-24,2006,R,,nfl_0032,nfl_0030,15,31,0.4838,0.0,1,0.234,0.6612
2006-09-24,2006,R,,nfl_0016,nfl_0006,16,19,0.5159,0.0,0,0.2662,0.7255
2006-09-24,2006,R,,nfl_0031,nfl_0003,14,15,0.4174,0.0,1,0.1742,0.5403
2006-09-24,2006,R,,nfl_0001,nfl_0027,14,16,0.6028,0.0,0,0.3633,0.9232
2006-09-24,2006,R,,nfl_0026,nfl_0022,24,38,0.54,0.0,0,0.2916,0.7766
2006-09-24,2006,R,,nfl_0025,nfl_0019,42,30,0.6942,1.0,1,0.0935,0.365
2006-09-24,2006,R,,nfl_0017,nfl_0009,7,17,0.6425,0.0,0,0.4128,1.0286
2006-09-25,2006,R,,nfl_0018,nfl_0002,23,3,0.5038,1.0,1,0.2462,0.6856
2006-10-01,2006,R,,nfl_0014,nfl_0026,41,0,0.7299,1.0,1,0.073,0.3149
2006-10-01,2006,R,,nfl_0004,nfl_0016,17,12,0.5446,1.0,1,0.2074,0.6077
2006-10-01,2006,R,,nfl_0005,nfl_0018,21,18,0.5976,1.0,1,0.1619,0.5148
2006-10-01,2006,R,,nfl_0020,nfl_0012,28,31,0.4565,0.0,1,0.2084,0.6097
2006-10-01,2006,R,,nfl_0032,nfl_0015,17,15,0.4724,1.0,0,0.2784,0.75
2006-10-01,2006,R,,nfl_0003,nfl_0024,16,13,0.5211,1.0,1,0.2294,0.6519
2006-10-01,2006,R,,nfl_0002,nfl_0001,32,10,0.6726,1.0,1,0.1072,0.3966
2006-10-01,2006,R,,nfl_0029,nfl_0008,14,45,0.4147,0.0,1,0.172,0.5357
2006-10-01,2006,R,,nfl_0027,nfl_0010,41,34,0.7075,1.0,1,0.0855,0.346
2006-10-01,2006,R,,nfl_0007,nfl_0017,13,38,0.6806,0.0,0,0.4633,1.1414
2006-10-01,2006,R,,nfl_0021,nfl_0031,21,24,0.5946,0.0,0,0.3535,0.9028
2006-10-01,2006,R,,nfl_0030,nfl_0013,36,30,0.5611,1.0,1,0.1927,0.5779
2006-10-01,2006,R,,nfl_0006,nfl_0025,37,6,0.5991,1.0,1,0.1607,0.5123
2006-10-02,2006,R,,nfl_0022,nfl_0011,31,9,0.7223,1.0,1,0.0771,0.3254
2006-10-08,2006,R,,nfl_0005,nfl_0031,20,12,0.708,1.0,1,0.0853,0.3454
2006-10-08,2006,R,,nfl_0012,nfl_0029,14,13,0.8599,1.0,1,0.0196,0.1509
2006-10-08,2006,R,,nfl_0011,nfl_0027,20,23,0.4723,0.0,1,0.223,0.6391
2006-10-08,2006,R,,nfl_0017,nfl_0015,20,10,0.7729,1.0,1,0.0516,0.2576
2006-10-08,2006,R,,nfl_0019,nfl_0030,19,3,0.6131,1.0,1,0.1497,0.4892
2006-10-08,2006,R,,nfl_0006,nfl_0004,40,7,0.7874,1.0,1,0.0452,0.239
2006-10-08,2006,R,,nfl_0018,nfl_0028,24,21,0.6833,1.0,1,0.1003,0.3809
2006-10-08,2006,R,,nfl_0016,nfl_0010,26,17,0.7394,1.0,1,0.0679,0.302
2006-10-08,2006,R,,nfl_0026,nfl_0021,34,20,0.6092,1.0,1,0.1527,0.4955
2006-10-08,2006,R,,nfl_0001,nfl_0014,20,23,0.4671,0.0,1,0.2182,0.6295
2006-10-08,2006,R,,nfl_0013,nfl_0020,41,0,0.6526,1.0,1,0.1207,0.4268
2006-10-08,2006,R,,nfl_0022,nfl_0008,38,24,0.5772,1.0,1,0.1787,0.5495
2006-10-08,2006,R,,nfl_0024,nfl_0023,23,13,0.6359,1.0,1,0.1326,0.4527
2006-10-09,2006,R,,nfl_0009,nfl_0003,13,3,0.6107,1.0,1,0.1516,0.4932
2006-10-15,2006,R,,nfl_0028,nfl_0007,14,13,0.3923,1.0,0,0.3693,0.9358
2006-10-15,2006,R,,nfl_0008,nfl_0032,34,6,0.7548,1.0,1,0.0601,0.2812
2006-10-15,2006,R,,nfl_0003,nfl_0005,21,23,0.6377,0.0,0,0.4067,1.0154
2006-10-15,2006,R,,nfl_0018,nfl_0022,27,24,0.531,1.0,1,0.22,0.633
2006-10-15,2006,R,,nfl_0030,nfl_0029,22,25,0.7563,0.0,0,0.572,1.4118
2006-10-15,2006,R,,nfl_0027,nfl_0025,28,30,0.4821,0.0,1,0.2325,0.658
2006-10-15,2006,R,,nfl_0010,nfl_0004,20,17,0.4778,1.0,0,0.2727,0.7385
2006-10-15,2006,R,,nfl_0002,nfl_0019,14,27,0.6456,0.0,0,0.4168,1.0373
2006-10-15,2006,R,,nfl_0023,nfl_0014,45,7,0.5909,1.0,1,0.1674,0.5261
2006-10-15,2006,R,,nfl_0026,nfl_0024,19,48,0.3233,0.0,1,0.1046,0.3906
2006-10-15,2006,R,,nfl_0020,nfl_0015,20,17,0.6161,1.0,1,0.1474,0.4843
2006-10-15,2006,R,,nfl_0009,nfl_0021,13,3,0.8403,1.0,1,0.0255,0.174
2006-10-16,2006,R,,nfl_0001,nfl_0006,23,24,0.2742,0.0,1,0.0752,0.3205
2006-10-22,2006,R,,nfl_0014,nfl_0024,30,27,0.3966,1.0,0,0.3641,0.9248
2006-10-22,2006,R,,nfl_0015,nfl_0011,24,34,0.6146,0.0,0,0.3777,0.9534
2006-10-22,2006,R,,nfl_0004,nfl_0017,6,28,0.3631,0.0,1,0.1319,0.4512
2006-10-22,2006,R,,nfl_0028,nfl_0022,23,21,0.415,1.0,0,0.3422,0.8794
2006-10-22,2006,R,,nfl_0032,nfl_0013,27,7,0.2841,1.0,0,0.5125,1.2583
2006-10-22,2006,R,,nfl_0007,nfl_0005,17,14,0.5811,1.0,1,0.1755,0.5428
2006-10-22,2006,R,,nfl_0020,nfl_0010,31,24,0.6925,1.0,1,0.0946,0.3675
2006-10-22,2006,R,,nfl_0002,nfl_0023,41,38,0.5024,1.0,1,0.2476,0.6883
2006-10-22,2006,R,,nfl_0031,nfl_0009,7,17,0.4095,0.0,1,0.1677,0.5269
2006-10-22,2006,R,,nfl_0012,nfl_0030,36,22,0.7949,1.0,1,0.0421,0.2296
2006-10-22,2006,R,,nfl_0021,nfl_0001,22,9,0.5222,1.0,1,0.2283,0.6497
2006-10-22,2006,R,,nfl_0025,nfl_0016,13,31,0.6553,0.0,0,0.4294,1.065
2006-10-23,2006,R,,nfl_0008,nfl_0019,22,36,0.5787,0.0,0,0.3349,0.8643
2006-10-29,2006,R,,nfl_0014,nfl_0025,35,28,0.5595,1.0,1,0.194,0.5807
2006-10-29,2006,R,,nfl_0007,nfl_0002,27,29,0.6413,0.0,0,0.4112,1.0252
2006-10-29,2006,R,,nfl_0029,nfl_0032,28,22,0.6031,1.0,1,0.1575,0.5056
2006-10-29,2006,R,,nfl_0011,nfl_0001,31,14,0.6439,1.0,1,0.1268,0.4403
2006-10-29,2006,R,,nfl_0006,nfl_0026,41,10,0.8809,1.0,1,0.0142,0.1268
2006-10-29,2006,R,,nfl_0018,nfl_0003,22,35,0.5688,0.0,0,0.3235,0.8412
2006-10-29,2006,R,,nfl_0019,nfl_0028,17,3,0.7883,1.0,1,0.0448,0.2378
2006-10-29,2006,R,,nfl_0022,nfl_0013,6,13,0.6358,0.0,0,0.4042,1.0099
2006-10-29,2006,R,,nfl_0024,nfl_0027,38,24,0.7318,1.0,1,0.0719,0.3122
2006-10-29,2006,R,,nfl_0009,nfl_0012,31,34,0.5726,0.0,0,0.3278,0.8499
2006-10-29,2006,R,,nfl_0021,nfl_0023,20,13,0.3374,1.0,0,0.439,1.0864
2006-10-29,2006,R,,nfl_0031,nfl_0020,20,13,0.521,1.0,1,0.2294,0.652
2006-10-29,2006,R,,nfl_0005,nfl_0008,14,35,0.6421,0.0,0,0.4122,1.0274
2006-10-30,2006,R,,nfl_0016,nfl_0017,7,31,0.4944,0.0,1,0.2444,0.682
2006-11-05,2006,R,,nfl_0004,nfl_0011,24,10,0.6133,1.0,1,0.1495,0.4888
2006-11-05,2006,R,,nfl_0006,nfl_0015,13,31,0.8618,0.0,0,0.7427,1.979
2006-11-05,2006,R,,nfl_0003,nfl_0007,26,20,0.6729,1.0,1,0.107,0.3961
2006-11-05,2006,R,,nfl_0030,nfl_0008,22,19,0.5081,1.0,1,0.242,0.6772
2006-11-05,2006,R,,nfl_0019,nfl_0032,14,10,0.8391,1.0,1,0.0259,0.1754
2006-11-05,2006,R,,nfl_0027,nfl_0014,17,31,0.5482,0.0,0,0.3006,0.7946
2006-11-05,2006,R,,nfl_0028,nfl_0018,14,31,0.4977,0.0,1,0.2477,0.6885
2006-11-05,2006,R,,nfl_0010,nfl_0002,30,14,0.4333,1.0,0,0.3212,0.8364
2006-11-05,2006,R,,nfl_0013,nfl_0029,37,7,0.7763,1.0,1,0.05,0.2532
2006-11-05,2006,R,,nfl_0026,nfl_0016,9,3,0.4084,1.0,0,0.35,0.8955
2006-11-05,2006,R,,nfl_0024,nfl_0031,32,25,0.8298,1.0,1,0.029,0.1866
2006-11-05,2006,R,,nfl_0023,nfl_0009,20,31,0.5364,0.0,0,0.2877,0.7687
2006-11-05,2006,R,,nfl_0017,nfl_0012,20,27,0.6275,0.0,0,0.3937,0.9875
2006-11-06,2006,R,,nfl_0025,nfl_0021,16,0,0.753,1.0,1,0.061,0.2837
2006-11-12,2006,R,,nfl_0012,nfl_0004,17,16,0.8372,1.0,1,0.0265,0.1777
2006-11-12,2006,R,,nfl_0017,nfl_0020,14,17,0.7959,0.0,0,0.6334,1.5889
2006-11-12,2006,R,,nfl_0022,nfl_0030,27,3,0.693,1.0,1,0.0942,0.3667
2006-11-12,2006,R,,nfl_0007,nfl_0024,41,49,0.4289,0.0,1,0.184,0.5602
2006-11-12,2006,R,,nfl_0010,nfl_0026,13,19,0.6295,0.0,0,0.3962,0.9928
2006-11-12,2006,R,,nfl_0013,nfl_0032,10,13,0.8037,0.0,0,0.6459,1.628
2006-11-12,2006,R,,nfl_0015,nfl_0014,13,10,0.4622,1.0,0,0.2892,0.7718
2006-11-12,2006,R,,nfl_0029,nfl_0003,26,27,0.3075,0.0,1,0.0945,0.3674
2006-11-12,2006,R,,nfl_0002,nfl_0031,13,17,0.6929,0.0,0,0.4801,1.1805
2006-11-12,2006,R,,nfl_0016,nfl_0011,17,23,0.6989,0.0,0,0.4885,1.2004
2006-11-12,2006,R,,nfl_0021,nfl_0009,13,17,0.2783,0.0,1,0.0774,0.3261
2006-11-12,2006,R,,nfl_0023,nfl_0018,38,31,0.5881,1.0,1,0.1697,0.5309
2006-11-12,2006,R,,nfl_0001,nfl_0008,10,27,0.3884,0.0,1,0.1509,0.4918
2006-11-12,2006,R,,nfl_0025,nfl_0027,24,22,0.6983,1.0,1,0.091,0.3591
2006-11-12,2006,R,,nfl_0019,nfl_0006,20,38,0.5786,0.0,0,0.3347,0.8641
2006-11-13,2006,R,,nfl_0005,nfl_0028,24,10,0.7518,1.0,1,0.0616,0.2853
2006-11-19,2006,R,,nfl_0014,nfl_0021,17,13,0.7896,1.0,1,0.0443,0.2362
2006-11-19,2006,R,,nfl_0022,nfl_0029,13,31,0.8058,0.0,0,0.6492,1.6386
2006-11-19,2006,R,,nfl_0003,nfl_0002,24,10,0.7505,1.0,1,0.0622,0.287
2006-11-19,2006,R,,nfl_0005,nfl_0027,15,0,0.6719,1.0,1,0.1076,0.3976
2006-11-19,2006,R,,nfl_0018,nfl_0007,16,31,0.6241,0.0,0,0.3895,0.9784
2006-11-19,2006,R,,nfl_0011,nfl_0017,0,35,0.3528,0.0,1,0.1245,0.4351
2006-11-19,2006,R,,nfl_0032,nfl_0004,21,24,0.5483,0.0,0,0.3007,0.7948
2006-11-19,2006,R,,nfl_0031,nfl_0023,20,24,0.4683,0.0,1,0.2193,0.6317
2006-11-19,2006,R,,nfl_0015,nfl_0016,24,20,0.58,1.0,1,0.1764,0.5446
2006-11-19,2006,R,,nfl_0028,nfl_0030,20,17,0.4898,1.0,0,0.2603,0.7137
2006-11-19,2006,R,,nfl_0020,nfl_0006,0,10,0.3319,0.0,1,0.1102,0.4034
2006-11-19,2006,R,,nfl_0001,nfl_0010,17,10,0.5446,1.0,1,0.2074,0.6077
2006-11-19,2006,R,,nfl_0026,nfl_0025,20,14,0.4211,1.0,0,0.3351,0.8649
2006-11-19,2006,R,,nfl_0008,nfl_0012,21,14,0.4634,1.0,0,0.288,0.7692
2006-11-19,2006,R,,nfl_0009,nfl_0024,27,35,0.5601,0.0,0,0.3137,0.8211
2006-11-20,2006,R,,nfl_0013,nfl_0019,26,10,0.5584,1.0,1,0.195,0.5827
2006-11-23,2006,R,,nfl_0010,nfl_0015,10,27,0.4682,0.0,1,0.2192,0.6315
2006-11-23,2006,R,,nfl_0008,nfl_0028,38,10,0.8198,1.0,1,0.0325,0.1987
2006-11-23,2006,R,,nfl_0014,nfl_0009,19,10,0.5175,1.0,1,0.2328,0.6587
2006-11-26,2006,R,,nfl_0004,nfl_0013,27,24,0.453,1.0,0,0.2992,0.7918
2006-11-26,2006,R,,nfl_0020,nfl_0032,26,11,0.6859,1.0,1,0.0987,0.3771
2006-11-26,2006,R,,nfl_0003,nfl_0023,27,0,0.6818,1.0,1,0.1013,0.3831
2006-11-26,2006,R,,nfl_0027,nfl_0026,20,17,0.6018,1.0,1,0.1586,0.5079
2006-11-26,2006,R,,nfl_0030,nfl_0005,17,13,0.4906,1.0,0,0.2594,0.712
2006-11-26,2006,R,,nfl_0031,nfl_0007,0,30,0.4516,0.0,1,0.204,0.6008
2006-11-26,2006,R,,nfl_0002,nfl_0018,13,31,0.5753,0.0,0,0.331,0.8564
2006-11-26,2006,R,,nfl_0016,nfl_0001,31,26,0.729,1.0,1,0.0735,0.3161
2006-11-26,2006,R,,nfl_0024,nfl_0021,21,14,0.8963,1.0,1,0.0108,0.1095
2006-11-26,2006,R,,nfl_0017,nfl_0006,17,13,0.5714,1.0,1,0.1837,0.5596
2006-11-26,2006,R,,nfl_0029,nfl_0019,24,21,0.4184,1.0,0,0.3382,0.8713
2006-11-26,2006,R,,nfl_0012,nfl_0022,45,21,0.7727,1.0,1,0.0517,0.2579
2006-11-27,2006,R,,nfl_0025,nfl_0011,34,24,0.7317,1.0,1,0.072,0.3124
2006-11-30,2006,R,,nfl_0007,nfl_0003,13,7,0.5168,1.0,1,0.2335,0.6601
2006-12-03,2006,R,,nfl_0004,nfl_0024,21,24,0.3141,0.0,1,0.0987,0.377
2006-12-03,2006,R,,nfl_0027,nfl_0001,20,34,0.7059,0.0,0,0.4984,1.224
2006-12-03,2006,R,,nfl_0017,nfl_0010,28,21,0.8995,1.0,1,0.0101,0.106
2006-12-03,2006,R,,nfl_0011,nfl_0020,10,38,0.4959,0.0,1,0.2459,0.685
2006-12-03,2006,R,,nfl_0030,nfl_0002,14,24,0.64,0.0,0,0.4096,1.0216
2006-12-03,2006,R,,nfl_0006,nfl_0016,23,13,0.8226,1.0,1,0.0315,0.1952
2006-12-03,2006,R,,nfl_0031,nfl_0014,31,28,0.3528,1.0,0,0.4189,1.042
2006-12-03,2006,R,,nfl_0029,nfl_0012,20,17,0.2833,1.0,0,0.5137,1.2614
2006-12-03,2006,R,,nfl_0018,nfl_0026,34,10,0.7329,1.0,1,0.0713,0.3107
2006-12-03,2006,R,,nfl_0021,nfl_0032,14,23,0.5866,0.0,0,0.3441,0.8833
2006-12-03,2006,R,,nfl_0015,nfl_0013,10,24,0.5215,0.0,0,0.272,0.7372
2006-12-03,2006,R,,nfl_0019,nfl_0008,20,23,0.5157,0.0,0,0.266,0.7251
2006-12-03,2006,R,,nfl_0023,nfl_0028,20,3,0.7677,1.0,1,0.054,0.2644
2006-12-03,2006,R,,nfl_0009,nfl_0025,20,23,0.6767,0.0,0,0.4579,1.1292
2006-12-04,2006,R,,nfl_0022,nfl_0005,27,24,0.5775,1.0,1,0.1785,0.549
2006-12-07,2006,R,,nfl_0023,nfl_0031,27,7,0.7668,1.0,1,0.0544,0.2656
2006-12-10,2006,R,,nfl_0014,nfl_0003,10,20,0.4969,0.0,1,0.2469,0.687
2006-12-10,2006,R,,nfl_0028,nfl_0002,6,17,0.4802,0.0,1,0.2306,0.6543
2006-12-10,2006,R,,nfl_0005,nfl_0019,13,27,0.5533,0.0,0,0.3061,0.8058
2006-12-10,2006,R,,nfl_0032,nfl_0029,20,26,0.5446,0.0,0,0.2966,0.7866
2006-12-10,2006,R,,nfl_0015,nfl_0017,21,0,0.3259,1.0,0,0.4544,1.1211
2006-12-10,2006,R,,nfl_0007,nfl_0021,27,10,0.8641,1.0,1,0.0185,0.146
2006-12-10,2006,R,,nfl_0013,nfl_0012,44,17,0.5116,1.0,1,0.2385,0.6702
2006-12-10,2006,R,,nfl_0010,nfl_0016,20,30,0.4357,0.0,1,0.1898,0.5721
2006-12-10,2006,R,,nfl_0030,nfl_0022,19,21,0.5096,0.0,0,0.2597,0.7125
2006-12-10,2006,R,,nfl_0001,nfl_0025,27,21,0.3911,1.0,0,0.3708,0.9388
2006-12-10,2006,R,,nfl_0026,nfl_0011,19,30,0.6447,0.0,0,0.4156,1.0347
2006-12-10,2006,R,,nfl_0020,nfl_0004,13,31,0.6684,0.0,0,0.4467,1.1037
2006-12-10,2006,R,,nfl_0024,nfl_0009,48,20,0.7484,1.0,1,0.0633,0.2899
2006-12-10,2006,R,,nfl_0008,nfl_0018,17,42,0.6906,0.0,0,0.4769,1.1731
2006-12-11,2006,R,,nfl_0027,nfl_0006,27,42,0.2399,0.0,1,0.0576,0.2743
2006-12-14,2006,R,,nfl_0025,nfl_0026,14,24,0.7842,0.0,0,0.6149,1.5333
2006-12-16,2006,R,,nfl_0002,nfl_0008,28,38,0.4807,0.0,1,0.2311,0.6553
2006-12-17,2006,R,,nfl_0004,nfl_0015,21,0,0.5935,1.0,1,0.1652,0.5217
2006-12-17,2006,R,,nfl_0005,nfl_0023,3,37,0.4888,0.0,1,0.2389,0.671
2006-12-17,2006,R,,nfl_0003,nfl_0031,27,17,0.8644,1.0,1,0.0184,0.1458
2006-12-17,2006,R,,nfl_0011,nfl_0010,17,9,0.6882,1.0,1,0.0972,0.3737
2006-12-17,2006,R,,nfl_0017,nfl_0032,40,7,0.8548,1.0,1,0.0211,0.1569
2006-12-17,2006,R,,nfl_0029,nfl_0013,24,17,0.3652,1.0,0,0.403,1.0073
2006-12-17,2006,R,,nfl_0018,nfl_0030,10,16,0.8008,0.0,0,0.6414,1.6137
2006-12-17,2006,R,,nfl_0006,nfl_0028,34,31,0.9111,1.0,1,0.0079,0.0932
2006-12-17,2006,R,,nfl_0016,nfl_0020,13,26,0.6171,0.0,0,0.3808,0.96
2006-12-17,2006,R,,nfl_0001,nfl_0009,20,37,0.4135,0.0,1,0.171,0.5335
2006-12-17,2006,R,,nfl_0019,nfl_0022,22,36,0.6626,0.0,0,0.439,1.0864
2006-12-17,2006,R,,nfl_0021,nfl_0027,0,20,0.5389,0.0,0,0.2904,0.7742
2006-12-17,2006,R,,nfl_0024,nfl_0014,20,9,0.8027,1.0,1,0.0389,0.2198
2006-12-18,2006,R,,nfl_0012,nfl_0007,34,16,0.6168,1.0,1,0.1468,0.4832
2006-12-21,2006,R,,nfl_0011,nfl_0016,9,7,0.5354,1.0,1,0.2158,0.6247
2006-12-23,2006,R,,nfl_0021,nfl_0014,9,20,0.304,0.0,1,0.0924,0.3624
2006-12-24,2006,R,,nfl_0004,nfl_0029,29,30,0.6805,0.0,0,0.4631,1.1409
2006-12-24,2006,R,,nfl_0023,nfl_0003,7,31,0.5244,0.0,0,0.275,0.7431
2006-12-24,2006,R,,nfl_0027,nfl_0030,37,31,0.5778,1.0,1,0.1782,0.5485
2006-12-24,2006,R,,nfl_0002,nfl_0005,3,10,0.6431,0.0,0,0.4136,1.0303
2006-12-24,2006,R,,nfl_0010,nfl_0006,21,26,0.1558,0.0,1,0.0243,0.1694
2006-12-24,2006,R,,nfl_0031,nfl_0028,7,22,0.6467,0.0,0,0.4182,1.0405
2006-12-24,2006,R,,nfl_0032,nfl_0012,27,24,0.271,1.0,0,0.5315,1.3057
2006-12-24,2006,R,,nfl_0013,nfl_0017,21,24,0.5555,0.0,0,0.3085,0.8107
2006-12-24,2006,R,,nfl_0019,nfl_0018,7,30,0.5359,0.0,0,0.2872,0.7676
2006-12-24,2006,R,,nfl_0026,nfl_0001,20,26,0.6265,0.0,0,0.3925,0.9847
2006-12-24,2006,R,,nfl_0009,nfl_0007,24,23,0.5994,1.0,1,0.1605,0.5118
2006-12-24,2006,R,,nfl_0025,nfl_0024,17,20,0.3107,0.0,1,0.0966,0.3721
2006-12-25,2006,R,,nfl_0008,nfl_0022,7,23,0.653,0.0,0,0.4264,1.0583
2006-12-25,2006,R,,nfl_0015,nfl_0020,10,13,0.5788,0.0,0,0.3351,0.8647
2006-12-30,2006,R,,nfl_0030,nfl_0019,28,34,0.5251,0.0,0,0.2758,0.7447
2006-12-31,2006,R,,nfl_0014,nfl_0013,35,30,0.531,1.0,1,0.2199,0.6329
2006-12-31,2006,R,,nfl_0032,nfl_0031,14,6,0.6646,1.0,1,0.1125,0.4085
2006-12-31,2006,R,,nfl_0008,nfl_0010,31,39,0.8416,0.0,0,0.7083,1.8425
2006-12-31,2006,R,,nfl_0029,nfl_0017,23,40,0.3716,0.0,1,0.1381,0.4645
2006-12-31,2006,R,,nfl_0020,nfl_0021,23,3,0.8358,1.0,1,0.027,0.1794
2006-12-31,2006,R,,nfl_0018,nfl_0005,21,31,0.7819,0.0,0,0.6114,1.5229
2006-12-31,2006,R,,nfl_0007,nfl_0023,17,23,0.6277,0.0,0,0.394,0.988
2006-12-31,2006,R,,nfl_0028,nfl_0025,7,23,0.4395,0.0,1,0.1931,0.5789
2006-12-31,2006,R,,nfl_0016,nfl_0027,21,41,0.6304,0.0,0,0.3974,0.9952
2006-12-31,2006,R,,nfl_0022,nfl_0002,24,17,0.7743,1.0,1,0.0509,0.2558
2006-12-31,2006,R,,nfl_0012,nfl_0015,27,22,0.7832,1.0,1,0.047,0.2444
2006-12-31,2006,R,,nfl_0024,nfl_0001,27,20,0.8976,1.0,1,0.0105,0.1081
2006-12-31,2006,R,,nfl_0003,nfl_0004,19,7,0.789,1.0,1,0.0445,0.237
2006-12-31,2006,R,,nfl_0009,nfl_0026,23,26,0.8169,0.0,0,0.6673,1.6975
2006-12-31,2006,R,,nfl_0006,nfl_0011,7,26,0.875,0.0,0,0.7656,2.0793
2007-01-06,2006,P,WC,nfl_0012,nfl_0014,23,8,0.6968,1.0,1,0.0919,0.3612
2007-01-06,2006,P,WC,nfl_0025,nfl_0008,21,20,0.5953,1.0,1,0.1638,0.5188
2007-01-07,2006,P,WC,nfl_0017,nfl_0020,37,16,0.7767,1.0,1,0.0499,0.2528
2007-01-07,2006,P,WC,nfl_0022,nfl_0019,23,20,0.7062,1.0,1,0.0863,0.3479
2007-01-13,2006,P,DV,nfl_0003,nfl_0012,6,15,0.7034,0.0,0,0.4948,1.2155
2007-01-13,2006,P,DV,nfl_0018,nfl_0022,27,24,0.6058,1.0,1,0.1554,0.5011
2007-01-14,2006,P,DV,nfl_0006,nfl_0025,27,24,0.7807,1.0,1,0.0481,0.2475
2007-01-14,2006,P,DV,nfl_0024,nfl_0017,21,24,0.6846,0.0,0,0.4687,1.1539
2007-01-21,2006,P,CC,nfl_0006,nfl_0018,39,14,0.6766,1.0,1,0.1046,0.3907
2007-01-21,2006,P,CC,nfl_0012,nfl_0017,38,34,0.5646,1.0,1,0.1895,0.5716
2007-09-06,2007,R,,nfl_0012,nfl_0018,41,10,0.6523,1.0,1,0.1209,0.4273
2007-09-09,2007,R,,nfl_0027,nfl_0005,13,27,0.5963,0.0,0,0.3556,0.9071
2007-09-09,2007,R,,nfl_0016,nfl_0002,24,3,0.5941,1.0,1,0.1648,0.5208
2007-09-09,2007,R,,nfl_0004,nfl_0009,14,15,0.5831,0.0,0,0.34,0.875
2007-09-09,2007,R,,nfl_0011,nfl_0022,16,13,0.5503,1.0,1,0.2022,0.5973
2007-09-09,2007,R,,nfl_0030,nfl_0015,16,13,0.5817,1.0,1,0.175,0.5418
2007-09-09,2007,R,,nfl_0031,nfl_0023,7,34,0.5054,0.0,0,0.2554,0.704
2007-09-09,2007,R,,nfl_0020,nfl_0017,14,38,0.5268,0.0,0,0.2775,0.7482
2007-09-09,2007,R,,nfl_0013,nfl_0029,10,13,0.648,0.0,0,0.4199,1.0441
2007-09-09,2007,R,,nfl_0032,nfl_0014,20,3,0.5483,1.0,1,0.2041,0.601
2007-09-09,2007,R,,nfl_0024,nfl_0006,14,3,0.6138,1.0,1,0.1491,0.4881
2007-09-09,2007,R,,nfl_0021,nfl_0010,21,36,0.5806,0.0,0,0.3371,0.8689
2007-09-09,2007,R,,nfl_0025,nfl_0028,20,6,0.6658,1.0,1,0.1117,0.4067
2007-09-09,2007,R,,nfl_0008,nfl_0019,45,35,0.608,1.0,1,0.1536,0.4975
2007-09-10,2007,R,,nfl_0007,nfl_0003,27,20,0.5575,1.0,1,0.1958,0.5842
2007-09-10,2007,R,,nfl_0026,nfl_0001,20,17,0.5958,1.0,1,0.1634,0.5178
2007-09-16,2007,R,,nfl_0023,nfl_0004,26,3,0.6988,1.0,1,0.0907,0.3584
2007-09-16,2007,R,,nfl_0005,nfl_0032,21,34,0.6418,0.0,0,0.4119,1.0267
2007-09-16,2007,R,,nfl_0029,nfl_0012,20,22,0.4804,0.0,1,0.2307,0.6546
2007-09-16,2007,R,,nfl_0027,nfl_0026,16,17,0.5763,0.0,0,0.3321,0.8586
2007-09-16,2007,R,,nfl_0031,nfl_0007,51,45,0.4206,1.0,0,0.3357,0.8661
2007-09-16,2007,R,,nfl_0028,nfl_0018,31,14,0.5308,1.0,1,0.2202,0.6334
2007-09-16,2007,R,,nfl_0013,nfl_0002,13,7,0.6809,1.0,1,0.1018,0.3844
2007-09-16,2007,R,,nfl_0019,nfl_0011,13,35,0.5712,0.0,0,0.3263,0.8469
2007-09-16,2007,R,,nfl_0001,nfl_0025,23,20,0.5059,1.0,1,0.2442,0.6815
2007-09-16,2007,R,,nfl_0015,nfl_0008,20,37,0.544,0.0,0,0.296,0.7854
2007-09-16,2007,R,,nfl_0010,nfl_0016,20,17,0.5782,1.0,1,0.1779,0.5478
2007-09-16,2007,R,,nfl_0006,nfl_0014,20,10,0.6732,1.0,1,0.1068,0.3958
2007-09-16,2007,R,,nfl_0009,nfl_0021,23,20,0.7599,1.0,1,0.0577,0.2746
2007-09-16,2007,R,,nfl_0003,nfl_0020,20,13,0.6933,1.0,1,0.094,0.3662
2007-09-16,2007,R,,nfl_0017,nfl_0024,38,14,0.6334,1.0,1,0.1344,0.4566
2007-09-17,2007,R,,nfl_0022,nfl_0030,12,20,0.6457,0.0,0,0.4169,1.0376
2007-09-23,2007,R,,nfl_0003,nfl_0001,26,23,0.6889,1.0,1,0.0968,0.3726
2007-09-23,2007,R,,nfl_0014,nfl_0016,13,10,0.5592,1.0,1,0.1943,0.5813
2007-09-23,2007,R,,nfl_0017,nfl_0004,38,7,0.7947,1.0,1,0.0422,0.2298
2007-09-23,2007,R,,nfl_0022,nfl_0010,56,21,0.5806,1.0,1,0.1759,0.5436
2007-09-23,2007,R,,nfl_0011,nfl_0024,31,24,0.5957,1.0,1,0.1634,0.518
2007-09-23,2007,R,,nfl_0020,nfl_0015,31,28,0.5957,1.0,1,0.1635,0.5181
2007-09-23,2007,R,,nfl_0023,nfl_0026,37,16,0.7297,1.0,1,0.0731,0.3151
2007-09-23,2007,R,,nfl_0028,nfl_0027,24,3,0.6386,1.0,1,0.1306,0.4485
2007-09-23,2007,R,,nfl_0032,nfl_0012,24,30,0.5123,0.0,0,0.2625,0.7182
2007-09-23,2007,R,,nfl_0025,nfl_0007,24,21,0.5962,1.0,1,0.1631,0.5173
2007-09-23,2007,R,,nfl_0021,nfl_0031,26,24,0.568,1.0,1,0.1867,0.5657
2007-09-23,2007,R,,nfl_0009,nfl_0013,14,23,0.6253,0.0,0,0.391,0.9816
2007-09-23,2007,R,,nfl_0002,nfl_0005,20,27,0.5175,0.0,0,0.2679,0.7289
2007-09-23,2007,R,,nfl_0030,nfl_0019,17,24,0.6959,0.0,0,0.4843,1.1904
2007-09-23,2007,R,,nfl_0006,nfl_0008,10,34,0.5882,0.0,0,0.346,0.8872
2007-09-24,2007,R,,nfl_0018,nfl_0029,14,31,0.5336,0.0,0,0.2847,0.7627
2007-09-30,2007,R,,nfl_0002,nfl_0032,26,16,0.4581,1.0,0,0.2937,0.7807
2007-09-30,2007,R,,nfl_0004,nfl_0020,17,14,0.5973,1.0,1,0.1622,0.5153
2007-09-30,2007,R,,nfl_0031,nfl_0003,27,13,0.4092,1.0,0,0.3491,0.8936
2007-09-30,2007,R,,nfl_0008,nfl_0027,35,7,0.8189,1.0,1,0.0328,0.1997
2007-09-30,2007,R,,nfl_0010,nfl_0006,37,27,0.532,1.0,1,0.219,0.6311
2007-09-30,2007,R,,nfl_0016,nfl_0011,16,23,0.4963,0.0,1,0.2463,0.6858
2007-09-30,2007,R,,nfl_0015,nfl_0021,17,35,0.6429,0.0,0,0.4133,1.0298
2007-09-30,2007,R,,nfl_0026,nfl_0025,3,23,0.5352,0.0,0,0.2864,0.766
2007-09-30,2007,R,,nfl_0005,nfl_0028,7,20,0.6277,0.0,0,0.3941,0.9882
2007-09-30,2007,R,,nfl_0012,nfl_0009,38,20,0.7412,1.0,1,0.067,0.2995
2007-09-30,2007,R,,nfl_0001,nfl_0023,21,14,0.399,1.0,0,0.3612,0.9187
2007-09-30,2007,R,,nfl_0024,nfl_0014,16,30,0.6797,0.0,0,0.462,1.1385
2007-09-30,2007,R,,nfl_0019,nfl_0022,16,3,0.5011,1.0,1,0.2489,0.6909
2007-10-01,2007,R,,nfl_0007,nfl_0017,13,34,0.3904,0.0,1,0.1524,0.495
2007-10-07,2007,R,,nfl_0014,nfl_0013,7,17,0.53,0.0,0,0.2809,0.755
2007-10-07,2007,R,,nfl_0017,nfl_0031,34,17,0.8493,1.0,1,0.0227,0.1633
2007-10-07,2007,R,,nfl_0027,nfl_0001,31,34,0.4814,0.0,1,0.2318,0.6566
2007-10-07,2007,R,,nfl_0030,nfl_0010,34,3,0.6499,1.0,1,0.1226,0.431
2007-10-07,2007,R,,nfl_0032,nfl_0015,22,19,0.7291,1.0,1,0.0734,0.3159
2007-10-07,2007,R,,nfl_0019,nfl_0020,35,24,0.6629,1.0,1,0.1136,0.4111
2007-10-07,2007,R,,nfl_0023,nfl_0025,21,0,0.6419,1.0,1,0.1282,0.4433
2007-10-07,2007,R,,nfl_0018,nfl_0005,13,16,0.5458,0.0,0,0.2979,0.7892
2007-10-07,2007,R,,nfl_0029,nfl_0002,20,13,0.7472,1.0,1,0.0639,0.2914
2007-10-07,2007,R,,nfl_0012,nfl_0028,33,14,0.7278,1.0,1,0.0741,0.3177
2007-10-07,2007,R,,nfl_0009,nfl_0024,3,41,0.5977,0.0,0,0.3573,0.9106
2007-10-07,2007,R,,nfl_0026,nfl_0003,7,9,0.4837,0.0,1,0.234,0.6611
2007-10-07,2007,R,,nfl_0011,nfl_0006,20,27,0.7325,0.0,0,0.5366,1.3187
2007-10-08,2007,R,,nfl_0004,nfl_0008,24,25,0.3761,0.0,1,0.1415,0.4718
2007-10-14,2007,R,,nfl_0014,nfl_0007,27,20,0.5894,1.0,1,0.1686,0.5287
2007-10-14,2007,R,,nfl_0006,nfl_0016,31,34,0.6206,0.0,0,0.3852,0.9692
2007-10-14,2007,R,,nfl_0011,nfl_0030,17,14,0.6476,1.0,1,0.1242,0.4345
2007-10-14,2007,R,,nfl_0020,nfl_0022,9,16,0.4604,0.0,1,0.212,0.6169
2007-10-14,2007,R,,nfl_0003,nfl_0027,22,3,0.766,1.0,1,0.0548,0.2666
2007-10-14,2007,R,,nfl_0028,nfl_0029,13,10,0.5722,1.0,1,0.183,0.5582
2007-10-14,2007,R,,nfl_0031,nfl_0015,41,31,0.6685,1.0,1,0.1099,0.4027
2007-10-14,2007,R,,nfl_0013,nfl_0032,37,17,0.6908,1.0,1,0.0956,0.37
2007-10-14,2007,R,,nfl_0001,nfl_0005,10,25,0.6103,0.0,0,0.3725,0.9424
2007-10-14,2007,R,,nfl_0024,nfl_0021,28,14,0.7243,1.0,1,0.076,0.3226
2007-10-14,2007,R,,nfl_0008,nfl_0017,27,48,0.507,0.0,0,0.2571,0.7073
2007-10-14,2007,R,,nfl_0025,nfl_0018,17,28,0.7668,0.0,0,0.588,1.4559
2007-10-15,2007,R,,nfl_0002,nfl_0019,10,31,0.4966,0.0,1,0.2466,0.6864
2007-10-21,2007,R,,nfl_0004,nfl_0003,19,14,0.5195,1.0,1,0.2309,0.6549
2007-10-21,2007,R,,nfl_0030,nfl_0001,21,19,0.6631,1.0,1,0.1135,0.4109
2007-10-21,2007,R,,nfl_0032,nfl_0029,36,38,0.5293,0.0,0,0.2802,0.7536
2007-10-21,2007,R,,nfl_0015,nfl_0017,28,49,0.1683,0.0,1,0.0283,0.1843
2007-10-21,2007,R,,nfl_0010,nfl_0028,23,16,0.5094,1.0,1,0.2407,0.6745
2007-10-21,2007,R,,nfl_0018,nfl_0002,22,16,0.6626,1.0,1,0.1139,0.4117
2007-10-21,2007,R,,nfl_0019,nfl_0026,33,15,0.7203,1.0,1,0.0782,0.3281
2007-10-21,2007,R,,nfl_0007,nfl_0020,38,31,0.6701,1.0,1,0.1088,0.4003
2007-10-21,2007,R,,nfl_0021,nfl_0014,10,12,0.4961,0.0,1,0.2461,0.6854
2007-10-21,2007,R,,nfl_0022,nfl_0006,16,19,0.6445,0.0,0,0.4154,1.0343
2007-10-21,2007,R,,nfl_0008,nfl_0016,24,14,0.7406,1.0,1,0.0673,0.3003
2007-10-21,2007,R,,nfl_0025,nfl_0027,33,6,0.7588,1.0,1,0.0582,0.2761
2007-10-21,2007,R,,nfl_0009,nfl_0023,31,28,0.3232,1.0,0,0.458,1.1293
2007-10-22,2007,R,,nfl_0013,nfl_0012,7,29,0.4831,0.0,1,0.2334,0.6599
2007-10-28,2007,R,,nfl_0027,nfl_0031,20,27,0.4303,0.0,1,0.1851,0.5626
2007-10-28,2007,R,,nfl_0005,nfl_0012,7,31,0.4085,0.0,1,0.1669,0.5251
2007-10-28,2007,R,,nfl_0007,nfl_0023,13,24,0.4211,0.0,1,0.1773,0.5466
2007-10-28,2007,R,,nfl_0029,nfl_0021,13,9,0.7493,1.0,1,0.0629,0.2887
2007-10-28,2007,R,,nfl_0015,nfl_0019,10,13,0.3342,0.0,1,0.1117,0.4068
2007-10-28,2007,R,,nfl_0016,nfl_0022,16,23,0.5571,0.0,0,0.3103,0.8144
2007-10-28,2007,R,,nfl_0006,nfl_0010,7,16,0.666,0.0,0,0.4435,1.0966
2007-10-28,2007,R,,nfl_0020,nfl_0004,3,13,0.505,0.0,0,0.255,0.7032
2007-10-28,2007,R,,nfl_0028,nfl_0013,23,24,0.5524,0.0,0,0.3052,0.8039
2007-10-28,2007,R,,nfl_0024,nfl_0032,35,10,0.7742,1.0,1,0.051,0.2559
2007-10-28,2007,R,,nfl_0026,nfl_0018,10,31,0.5439,0.0,0,0.2958,0.785
2007-10-28,2007,R,,nfl_0017,nfl_0030,52,7,0.8408,1.0,1,0.0253,0.1734
2007-10-29,2007,R,,nfl_0009,nfl_0011,13,19,0.3841,0.0,1,0.1475,0.4846
2007-11-04,2007,R,,nfl_0028,nfl_0001,17,10,0.6306,1.0,1,0.1364,0.461
2007-11-04,2007,R,,nfl_0014,nfl_0011,22,33,0.5667,0.0,0,0.3211,0.8362
2007-11-04,2007,R,,nfl_0002,nfl_0026,20,16,0.6563,1.0,1,0.1182,0.4212
2007-11-04,2007,R,,nfl_0004,nfl_0007,33,21,0.6526,1.0,1,0.1207,0.4269
2007-11-04,2007,R,,nfl_0029,nfl_0005,20,7,0.6638,1.0,1,0.113,0.4098
2007-11-04,2007,R,,nfl_0010,nfl_0009,44,7,0.691,1.0,1,0.0955,0.3697
2007-11-04,2007,R,,nfl_0018,nfl_0013,41,24,0.4927,1.0,0,0.2574,0.7079
2007-11-04,2007,R,,nfl_0020,nfl_0030,20,23,0.429,0.0,1,0.184,0.5603
2007-11-04,2007,R,,nfl_0016,nfl_0024,35,17,0.3916,1.0,0,0.3701,0.9375
2007-11-04,2007,R,,nfl_0031,nfl_0025,33,30,0.4859,1.0,0,0.2643,0.7218
2007-11-04,2007,R,,nfl_0021,nfl_0032,17,24,0.5559,0.0,0,0.3091,0.8118
2007-11-04,2007,R,,nfl_0012,nfl_0017,20,24,0.5562,0.0,0,0.3093,0.8123
2007-11-04,2007,R,,nfl_0022,nfl_0008,17,38,0.4543,0.0,1,0.2064,0.6056
2007-11-05,2007,R,,nfl_0023,nfl_0003,38,7,0.6975,1.0,1,0.0915,0.3602
2007-11-11,2007,R,,nfl_0014,nfl_0009,11,27,0.732,0.0,0,0.5358,1.3167
2007-11-11,2007,R,,nfl_0015,nfl_0004,10,13,0.4191,0.0,1,0.1757,0.5432
2007-11-11,2007,R,,nfl_0023,nfl_0031,31,28,0.802,1.0,1,0.0392,0.2207
2007-11-11,2007,R,,nfl_0011,nfl_0016,34,0,0.7362,1.0,1,0.0696,0.3062
2007-11-11,2007,R,,nfl_0018,nfl_0027,29,37,0.78,0.0,0,0.6084,1.5141
2007-11-11,2007,R,,nfl_0005,nfl_0002,13,20,0.7197,0.0,0,0.5179,1.2718
2007-11-11,2007,R,,nfl_0029,nfl_0013,13,28,0.6431,0.0,0,0.4135,1.0302
2007-11-11,2007,R,,nfl_0030,nfl_0022,25,33,0.6242,0.0,0,0.3896,0.9786
2007-11-11,2007,R,,nfl_0003,nfl_0007,7,21,0.6699,0.0,0,0.4488,1.1085
2007-11-11,2007,R,,nfl_0021,nfl_0006,6,17,0.459,0.0,1,0.2106,0.6142
2007-11-11,2007,R,,nfl_0001,nfl_0010,31,21,0.5029,1.0,1,0.2471,0.6874
2007-11-11,2007,R,,nfl_0019,nfl_0008,20,31,0.5302,0.0,0,0.2811,0.7555
2007-11-11,2007,R,,nfl_0024,nfl_0012,23,21,0.4088,1.0,0,0.3495,0.8944
2007-11-12,2007,R,,nfl_0025,nfl_0026,24,0,0.7896,1.0,1,0.0443,0.2362
2007-11-18,2007,R,,nfl_0011,nfl_0005,31,17,0.7921,1.0,1,0.0432,0.2331
2007-11-18,2007,R,,nfl_0007,nfl_0001,27,35,0.6176,0.0,0,0.3814,0.9612
2007-11-18,2007,R,,nfl_0003,nfl_0031,30,33,0.5866,0.0,0,0.3441,0.8834
2007-11-18,2007,R,,nfl_0012,nfl_0014,13,10,0.8587,1.0,1,0.02,0.1523
2007-11-18,2007,R,,nfl_0032,nfl_0018,23,10,0.6084,1.0,1,0.1534,0.497
2007-11-18,2007,R,,nfl_0022,nfl_0015,17,7,0.7995,1.0,1,0.0402,0.2237
2007-11-18,2007,R,,nfl_0010,nfl_0019,10,16,0.5432,0.0,0,0.2951,0.7836
2007-11-18,2007,R,,nfl_0013,nfl_0024,24,17,0.5937,1.0,1,0.1651,0.5214
2007-11-18,2007,R,,nfl_0002,nfl_0028,7,31,0.4306,0.0,1,0.1854,0.5632
2007-11-18,2007,R,,nfl_0016,nfl_0021,29,22,0.708,1.0,1,0.0852,0.3453
2007-11-18,2007,R,,nfl_0020,nfl_0023,19,16,0.2537,1.0,0,0.557,1.3716
2007-11-18,2007,R,,nfl_0008,nfl_0030,28,23,0.8109,1.0,1,0.0358,0.2096
2007-11-18,2007,R,,nfl_0026,nfl_0027,9,13,0.5591,0.0,0,0.3126,0.8189
2007-11-18,2007,R,,nfl_0025,nfl_0006,30,23,0.6462,1.0,1,0.1252,0.4366
2007-11-18,2007,R,,nfl_0004,nfl_0017,10,56,0.2429,0.0,1,0.059,0.2783
2007-11-19,2007,R,,nfl_0009,nfl_0029,34,20,0.4738,1.0,0,0.2769,0.747
2007-11-22,2007,R,,nfl_0010,nfl_0011,26,37,0.3888,0.0,1,0.1512,0.4923
2007-11-22,2007,R,,nfl_0008,nfl_0020,34,3,0.8866,1.0,1,0.0129,0.1204
2007-11-22,2007,R,,nfl_0002,nfl_0012,13,31,0.2026,0.0,1,0.041,0.2264
2007-11-25,2007,R,,nfl_0014,nfl_0021,17,20,0.7048,0.0,0,0.4968,1.2202
2007-11-25,2007,R,,nfl_0027,nfl_0025,19,24,0.3749,0.0,1,0.1405,0.4698
2007-11-25,2007,R,,nfl_0007,nfl_0029,35,6,0.5474,1.0,1,0.2049,0.6026
2007-11-25,2007,R,,nfl_0028,nfl_0030,19,13,0.6968,1.0,1,0.0919,0.3612
2007-11-25,2007,R,,nfl_0013,nfl_0004,36,14,0.7218,1.0,1,0.0774,0.3259
2007-11-25,2007,R,,nfl_0005,nfl_0018,6,31,0.5747,0.0,0,0.3302,0.8549
2007-11-25,2007,R,,nfl_0031,nfl_0032,27,17,0.5921,1.0,1,0.1664,0.524
2007-11-25,2007,R,,nfl_0019,nfl_0016,17,41,0.7106,0.0,0,0.5049,1.2399
2007-11-25,2007,R,,nfl_0001,nfl_0026,31,37,0.792,0.0,0,0.6273,1.5702
2007-11-25,2007,R,,nfl_0024,nfl_0003,32,14,0.7462,1.0,1,0.0644,0.2927
2007-11-25,2007,R,,nfl_0006,nfl_0009,37,34,0.639,1.0,1,0.1304,0.4479
2007-11-25,2007,R,,nfl_0017,nfl_0022,31,28,0.8767,1.0,1,0.0152,0.1316
2007-11-26,2007,R,,nfl_0023,nfl_0015,3,0,0.898,1.0,1,0.0104,0.1076
2007-11-29,2007,R,,nfl_0008,nfl_0011,37,27,0.6418,1.0,1,0.1283,0.4434
2007-12-02,2007,R,,nfl_0027,nfl_0002,28,16,0.59,1.0,1,0.1681,0.5276
2007-12-02,2007,R,,nfl_0014,nfl_0024,10,24,0.395,0.0,1,0.156,0.5025
2007-12-02,2007,R,,nfl_0030,nfl_0004,16,17,0.5928,0.0,0,0.3514,0.8985
2007-12-02,2007,R,,nfl_0012,nfl_0013,28,25,0.7374,1.0,1,0.069,0.3047
2007-12-02,2007,R,,nfl_0029,nfl_0032,28,20,0.5906,1.0,1,0.1676,0.5267
2007-12-02,2007,R,,nfl_0022,nfl_0025,24,28,0.5554,0.0,0,0.3084,0.8105
2007-12-02,2007,R,,nfl_0005,nfl_0026,31,14,0.6784,1.0,1,0.1034,0.3881
2007-12-02,2007,R,,nfl_0015,nfl_0020,13,40,0.5437,0.0,0,0.2956,0.7846
2007-12-02,2007,R,,nfl_0016,nfl_0010,42,10,0.6705,1.0,1,0.1086,0.3998
2007-12-02,2007,R,,nfl_0021,nfl_0009,34,20,0.5034,1.0,1,0.2466,0.6864
2007-12-02,2007,R,,nfl_0001,nfl_0031,27,21,0.5656,1.0,1,0.1887,0.5699
2007-12-02,2007,R,,nfl_0006,nfl_0019,16,21,0.5791,0.0,0,0.3353,0.8653
2007-12-02,2007,R,,nfl_0018,nfl_0028,23,27,0.5455,0.0,0,0.2975,0.7885
2007-12-02,2007,R,,nfl_0023,nfl_0007,24,10,0.7822,1.0,1,0.0475,0.2457
2007-12-03,2007,R,,nfl_0003,nfl_0017,24,27,0.1603,0.0,1,0.0257,0.1748
2007-12-06,2007,R,,nfl_0030,nfl_0006,24,16,0.5833,1.0,1,0.1737,0.5391
2007-12-09,2007,R,,nfl_0032,nfl_0028,28,14,0.4352,1.0,0,0.319,0.8319
2007-12-09,2007,R,,nfl_0004,nfl_0015,38,17,0.8197,1.0,1,0.0325,0.1988
2007-12-09,2007,R,,nfl_0007,nfl_0027,19,10,0.717,1.0,1,0.0801,0.3327
2007-12-09,2007,R,,nfl_0011,nfl_0021,38,7,0.8475,1.0,1,0.0233,0.1655
2007-12-09,2007,R,,nfl_0022,nfl_0019,13,16,0.5851,0.0,0,0.3423,0.8796
2007-12-09,2007,R,,nfl_0029,nfl_0024,17,23,0.4318,0.0,1,0.1864,0.5653
2007-12-09,2007,R,,nfl_0013,nfl_0005,37,6,0.8086,1.0,1,0.0366,0.2124
2007-12-09,2007,R,,nfl_0010,nfl_0008,27,28,0.2474,0.0,1,0.0612,0.2843
2007-12-09,2007,R,,nfl_0026,nfl_0016,7,27,0.2941,0.0,1,0.0865,0.3482
2007-12-09,2007,R,,nfl_0025,nfl_0001,42,21,0.7107,1.0,1,0.0837,0.3415
2007-12-09,2007,R,,nfl_0020,nfl_0031,18,24,0.5116,0.0,0,0.2617,0.7165
2007-12-09,2007,R,,nfl_0009,nfl_0014,41,7,0.6248,1.0,1,0.1408,0.4703
2007-12-09,2007,R,,nfl_0017,nfl_0023,34,13,0.764,1.0,1,0.0557,0.2691
2007-12-09,2007,R,,nfl_0003,nfl_0012,20,44,0.2267,0.0,1,0.0514,0.257
2007-12-10,2007,R,,nfl_0002,nfl_0018,14,34,0.3955,0.0,1,0.1564,0.5034
2007-12-13,2007,R,,nfl_0032,nfl_0009,31,13,0.6199,1.0,1,0.1444,0.4781
2007-12-15,2007,R,,nfl_0026,nfl_0007,20,13,0.3489,1.0,0,0.4239,1.0529
2007-12-16,2007,R,,nfl_0027,nfl_0011,14,33,0.2521,0.0,1,0.0636,0.2905
2007-12-16,2007,R,,nfl_0014,nfl_0029,17,26,0.4663,0.0,1,0.2175,0.628
2007-12-16,2007,R,,nfl_0005,nfl_0025,13,10,0.3466,1.0,0,0.4269,1.0595
2007-12-16,2007,R,,nfl_0017,nfl_0020,20,10,0.9397,1.0,1,0.0036,0.0622
2007-12-16,2007,R,,nfl_0028,nfl_0002,37,3,0.8434,1.0,1,0.0245,0.1703
2007-12-16,2007,R,,nfl_0031,nfl_0004,8,0,0.6085,1.0,1,0.1532,0.4967
2007-12-16,2007,R,,nfl_0018,nfl_0001,31,24,0.6779,1.0,1,0.1037,0.3887
2007-12-16,2007,R,,nfl_0023,nfl_0013,22,29,0.6462,0.0,0,0.4176,1.0391
2007-12-16,2007,R,,nfl_0015,nfl_0003,22,16,0.4065,1.0,0,0.3522,0.9002
2007-12-16,2007,R,,nfl_0021,nfl_0012,14,21,0.1903,0.0,1,0.0362,0.2111
2007-12-16,2007,R,,nfl_0008,nfl_0022,6,10,0.8266,0.0,0,0.6832,1.7521
2007-12-16,2007,R,,nfl_0024,nfl_0010,51,14,0.8092,1.0,1,0.0364,0.2117
2007-12-16,2007,R,,nfl_0019,nfl_0030,10,22,0.6753,0.0,0,0.456,1.1249
2007-12-17,2007,R,,nfl_0016,nfl_0006,20,13,0.733,1.0,1,0.0713,0.3106
2007-12-20,2007,R,,nfl_0027,nfl_0023,24,41,0.2582,0.0,1,0.0667,0.2987
2007-12-22,2007,R,,nfl_0005,nfl_0008,13,20,0.2569,0.0,1,0.066,0.2969
2007-12-23,2007,R,,nfl_0004,nfl_0019,21,38,0.5724,0.0,0,0.3277,0.8496
2007-12-23,2007,R,,nfl_0007,nfl_0031,19,14,0.5552,1.0,1,0.1979,0.5885
2007-12-23,2007,R,,nfl_0012,nfl_0032,38,15,0.8441,1.0,1,0.0243,0.1694
2007-12-23,2007,R,,nfl_0010,nfl_0014,25,20,0.6724,1.0,1,0.1074,0.397
2007-12-23,2007,R,,nfl_0013,nfl_0021,49,11,0.8551,1.0,1,0.021,0.1565
2007-12-23,2007,R,,nfl_0018,nfl_0022,23,38,0.6356,0.0,0,0.4039,1.0094
2007-12-23,2007,R,,nfl_0006,nfl_0011,35,7,0.3074,1.0,0,0.4797,1.1795
2007-12-23,2007,R,,nfl_0001,nfl_0002,30,27,0.7676,1.0,1,0.054,0.2646
2007-12-23,2007,R,,nfl_0026,nfl_0028,21,19,0.2923,1.0,0,0.5008,1.23
2007-12-23,2007,R,,nfl_0017,nfl_0015,28,7,0.9682,1.0,1,0.001,0.0324
2007-12-23,2007,R,,nfl_0029,nfl_0020,10,6,0.7085,1.0,1,0.085,0.3446
2007-12-23,2007,R,,nfl_0025,nfl_0003,27,6,0.7991,1.0,1,0.0403,0.2242
2007-12-23,2007,R,,nfl_0016,nfl_0030,21,32,0.6878,0.0,0,0.473,1.164
2007-12-24,2007,R,,nfl_0024,nfl_0009,23,3,0.8021,1.0,1,0.0391,0.2205
2007-12-29,2007,R,,nfl_0019,nfl_0017,35,38,0.23,0.0,1,0.0529,0.2613
2007-12-30,2007,R,,nfl_0006,nfl_0018,33,25,0.5934,1.0,1,0.1654,0.522
2007-12-30,2007,R,,nfl_0022,nfl_0004,17,9,0.7218,1.0,1,0.0774,0.326
2007-12-30,2007,R,,nfl_0028,nfl_0005,23,31,0.7645,0.0,0,0.5844,1.4459
2007-12-30,2007,R,,nfl_0011,nfl_0010,34,13,0.8143,1.0,1,0.0345,0.2054
2007-12-30,2007,R,,nfl_0032,nfl_0013,42,28,0.3864,1.0,0,0.3765,0.951
2007-12-30,2007,R,,nfl_0015,nfl_0007,25,38,0.3295,0.0,1,0.1086,0.3997
2007-12-30,2007,R,,nfl_0031,nfl_0026,20,7,0.7924,1.0,1,0.0431,0.2327
2007-12-30,2007,R,,nfl_0002,nfl_0025,44,41,0.2416,1.0,0,0.5751,1.4203
2007-12-30,2007,R,,nfl_0001,nfl_0027,48,19,0.7217,1.0,1,0.0774,0.3261
2007-12-30,2007,R,,nfl_0030,nfl_0008,27,6,0.3815,1.0,0,0.3826,0.9638
2007-12-30,2007,R,,nfl_0020,nfl_0014,13,10,0.6649,1.0,1,0.1123,0.4082
2007-12-30,2007,R,,nfl_0021,nfl_0024,17,30,0.271,0.0,1,0.0735,0.3161
2007-12-30,2007,R,,nfl_0009,nfl_0016,22,19,0.4302,1.0,0,0.3247,0.8436
2007-12-30,2007,R,,nfl_0003,nfl_0023,27,21,0.2688,1.0,0,0.5347,1.3139
2007-12-30,2007,R,,nfl_0012,nfl_0029,10,16,0.8621,0.0,0,0.7433,1.9816
2008-01-05,2007,P,WC,nfl_0025,nfl_0030,35,14,0.6085,1.0,1,0.1532,0.4967
2008-01-05,2007,P,WC,nfl_0023,nfl_0013,29,31,0.6038,0.0,0,0.3646,0.9258
2008-01-06,2007,P,WC,nfl_0028,nfl_0019,14,24,0.5871,0.0,0,0.3447,0.8846
2008-01-06,2007,P,WC,nfl_0024,nfl_0029,17,6,0.7618,1.0,1,0.0568,0.2721
2008-01-12,2007,P,DV,nfl_0011,nfl_0025,42,20,0.6548,1.0,1,0.1192,0.4234
2008-01-12,2007,P,DV,nfl_0017,nfl_0013,31,20,0.8389,1.0,1,0.0259,0.1756
2008-01-13,2007,P,DV,nfl_0012,nfl_0024,24,28,0.7125,0.0,0,0.5076,1.2465
2008-01-13,2007,P,DV,nfl_0008,nfl_0019,17,21,0.744,0.0,0,0.5536,1.3627
2008-01-20,2007,P,CC,nfl_0017,nfl_0024,21,12,0.7891,1.0,1,0.0445,0.2369
2008-01-20,2007,P,CC,nfl_0011,nfl_0019,20,23,0.6976,0.0,0,0.4866,1.1958
2008-09-04,2008,R,,nfl_0019,nfl_0030,16,7,0.6209,1.0,1,0.1437,0.4765
2008-09-07,2008,R,,nfl_0004,nfl_0025,34,10,0.5466,1.0,1,0.2056,0.6041
2008-09-07,2008,R,,nfl_0023,nfl_0032,38,17,0.6366,1.0,1,0.1321,0.4517
2008-09-07,2008,R,,nfl_0017,nfl_0014,17,10,0.7787,1.0,1,0.049,0.2501
2008-09-07,2008,R,,nfl_0015,nfl_0020,14,20,0.5496,0.0,0,0.302,0.7976
2008-09-07,2008,R,,nfl_0018,nfl_0028,24,20,0.5992,1.0,1,0.1606,0.5121
2008-09-07,2008,R,,nfl_0022,nfl_0027,38,3,0.6877,1.0,1,0.0975,0.3744
2008-09-07,2008,R,,nfl_0002,nfl_0010,34,21,0.5687,1.0,1,0.186,0.5644
2008-09-07,2008,R,,nfl_0029,nfl_0013,17,10,0.5537,1.0,1,0.1992,0.5911
2008-09-07,2008,R,,nfl_0003,nfl_0007,17,10,0.5674,1.0,1,0.1871,0.5666
2008-09-07,2008,R,,nfl_0024,nfl_0005,24,26,0.6919,0.0,0,0.4788,1.1775
2008-09-07,2008,R,,nfl_0031,nfl_0008,10,28,0.5545,0.0,0,0.3075,0.8086
2008-09-07,2008,R,,nfl_0026,nfl_0001,13,23,0.5394,0.0,0,0.291,0.7753
2008-09-07,2008,R,,nfl_0012,nfl_0006,13,29,0.6755,0.0,0,0.4563,1.1255
2008-09-08,2008,R,,nfl_0011,nfl_0016,24,19,0.638,1.0,1,0.131,0.4493
2008-09-08,2008,R,,nfl_0021,nfl_0009,14,41,0.5738,0.0,0,0.3292,0.8528
2008-09-14,2008,R,,nfl_0014,nfl_0021,8,23,0.6666,0.0,0,0.4444,1.0985
2008-09-14,2008,R,,nfl_0027,nfl_0019,13,41,0.4118,0.0,1,0.1696,0.5308
2008-09-14,2008,R,,nfl_0007,nfl_0029,7,24,0.5475,0.0,0,0.2997,0.7929
2008-09-14,2008,R,,nfl_0013,nfl_0004,16,20,0.5992,0.0,0,0.3591,0.9143
2008-09-14,2008,R,,nfl_0005,nfl_0006,20,17,0.5317,1.0,1,0.2193,0.6316
2008-09-14,2008,R,,nfl_0010,nfl_0011,25,48,0.4642,0.0,1,0.2155,0.624
2008-09-14,2008,R,,nfl_0030,nfl_0018,29,24,0.5876,1.0,1,0.1701,0.5318
2008-09-14,2008,R,,nfl_0016,nfl_0012,15,18,0.568,0.0,0,0.3227,0.8394
2008-09-14,2008,R,,nfl_0028,nfl_0002,24,9,0.6217,1.0,1,0.1431,0.4752
2008-09-14,2008,R,,nfl_0025,nfl_0026,30,33,0.6853,0.0,0,0.4696,1.1561
2008-09-14,2008,R,,nfl_0001,nfl_0015,31,10,0.7395,1.0,1,0.0679,0.3018
2008-09-14,2008,R,,nfl_0009,nfl_0024,39,38,0.6014,1.0,1,0.1589,0.5085
2008-09-14,2008,R,,nfl_0020,nfl_0017,10,19,0.4365,0.0,1,0.1905,0.5736
2008-09-14,2008,R,,nfl_0031,nfl_0023,6,10,0.4679,0.0,1,0.2189,0.6309
2008-09-15,2008,R,,nfl_0008,nfl_0022,41,37,0.6351,1.0,1,0.1331,0.4539
2008-09-21,2008,R,,nfl_0029,nfl_0032,31,12,0.6733,1.0,1,0.1068,0.3956
2008-09-21,2008,R,,nfl_0002,nfl_0014,38,14,0.6621,1.0,1,0.1142,0.4123
2008-09-21,2008,R,,nfl_0004,nfl_0021,24,23,0.7174,1.0,1,0.0799,0.3322
2008-09-21,2008,R,,nfl_0006,nfl_0028,24,27,0.6314,0.0,0,0.3986,0.9979
2008-09-21,2008,R,,nfl_0019,nfl_0007,26,23,0.7665,1.0,1,0.0545,0.2659
2008-09-21,2008,R,,nfl_0030,nfl_0001,24,17,0.5566,1.0,1,0.1966,0.5859
2008-09-21,2008,R,,nfl_0017,nfl_0015,13,38,0.853,0.0,0,0.7277,1.9176
2008-09-21,2008,R,,nfl_0016,nfl_0005,20,10,0.5726,1.0,1,0.1827,0.5576
2008-09-21,2008,R,,nfl_0009,nfl_0018,34,32,0.6701,1.0,1,0.1089,0.4004
2008-09-21,2008,R,,nfl_0026,nfl_0010,31,13,0.6362,1.0,1,0.1324,0.4523
2008-09-21,2008,R,,nfl_0025,nfl_0027,37,13,0.7184,1.0,1,0.0793,0.3308
2008-09-21,2008,R,,nfl_0022,nfl_0023,15,6,0.5441,1.0,1,0.2078,0.6085
2008-09-21,2008,R,,nfl_0012,nfl_0013,21,23,0.6449,0.0,0,0.4159,1.0353
2008-09-21,2008,R,,nfl_0003,nfl_0031,28,10,0.6882,1.0,1,0.0972,0.3737
2008-09-21,2008,R,,nfl_0011,nfl_0008,16,27,0.6176,0.0,0,0.3814,0.9612
2008-09-22,2008,R,,nfl_0024,nfl_0020,48,29,0.6749,1.0,1,0.1057,0.3932
2008-09-28,2008,R,,nfl_0014,nfl_0009,33,19,0.3498,1.0,0,0.4228,1.0505
2008-09-28,2008,R,,nfl_0013,nfl_0032,30,27,0.6833,1.0,1,0.1003,0.3808
2008-09-28,2008,R,,nfl_0007,nfl_0031,12,20,0.6209,0.0,0,0.3855,0.9698
2008-09-28,2008,R,,nfl_0020,nfl_0001,56,35,0.4895,1.0,0,0.2606,0.7144
2008-09-28,2008,R,,nfl_0028,nfl_0011,30,21,0.5506,1.0,1,0.202,0.5968
2008-09-28,2008,R,,nfl_0029,nfl_0016,30,17,0.6994,1.0,1,0.0903,0.3575
2008-09-28,2008,R,,nfl_0018,nfl_0026,31,17,0.6448,1.0,1,0.1262,0.4388
2008-09-28,2008,R,,nfl_0005,nfl_0002,24,9,0.6199,1.0,1,0.1445,0.4782
2008-09-28,2008,R,,nfl_0027,nfl_0004,14,31,0.3435,0.0,1,0.118,0.4208
2008-09-28,2008,R,,nfl_0021,nfl_0024,18,28,0.4587,0.0,1,0.2104,0.6138
2008-09-28,2008,R,,nfl_0008,nfl_0030,24,26,0.7201,0.0,0,0.5185,1.2732
2008-09-28,2008,R,,nfl_0006,nfl_0022,24,20,0.5539,1.0,1,0.199,0.5908
2008-09-29,2008,R,,nfl_0023,nfl_0003,23,20,0.6536,1.0,1,0.12,0.4253
2008-10-05,2008,R,,nfl_0032,nfl_0012,27,31,0.4698,0.0,1,0.2207,0.6346
2008-10-05,2008,R,,nfl_0011,nfl_0002,24,27,0.7195,0.0,0,0.5177,1.2711
2008-10-05,2008,R,,nfl_0010,nfl_0006,7,34,0.4232,0.0,1,0.1791,0.5502
2008-10-05,2008,R,,nfl_0003,nfl_0029,10,13,0.4718,0.0,1,0.2226,0.6383
2008-10-05,2008,R,,nfl_0015,nfl_0024,17,10,0.4823,1.0,0,0.268,0.7292
2008-10-05,2008,R,,nfl_0019,nfl_0025,44,6,0.7148,1.0,1,0.0813,0.3357
2008-10-05,2008,R,,nfl_0005,nfl_0014,34,0,0.7297,1.0,1,0.0731,0.3151
2008-10-05,2008,R,,nfl_0022,nfl_0030,17,23,0.6099,0.0,0,0.3719,0.9413
2008-10-05,2008,R,,nfl_0009,nfl_0028,16,13,0.5708,1.0,1,0.1842,0.5606
2008-10-05,2008,R,,nfl_0026,nfl_0017,21,30,0.398,0.0,1,0.1584,0.5075
2008-10-05,2008,R,,nfl_0008,nfl_0007,31,22,0.8143,1.0,1,0.0345,0.2054
2008-10-05,2008,R,,nfl_0001,nfl_0004,41,17,0.4981,1.0,0,0.2519,0.6969
2008-10-05,2008,R,,nfl_0013,nfl_0023,21,26,0.5552,0.0,0,0.3082,0.8101
2008-10-06,2008,R,,nfl_0018,nfl_0016,27,30,0.63,0.0,0,0.3969,0.9942
2008-10-12,2008,R,,nfl_0012,nfl_0003,31,3,0.6456,1.0,1,0.1256,0.4375
2008-10-12,2008,R,,nfl_0032,nfl_0015,29,28,0.5375,1.0,1,0.2139,0.6209
2008-10-12,2008,R,,nfl_0002,nfl_0006,22,20,0.4512,1.0,0,0.3012,0.7959
2008-10-12,2008,R,,nfl_0028,nfl_0005,27,3,0.5943,1.0,1,0.1646,0.5204
2008-10-12,2008,R,,nfl_0020,nfl_0007,26,14,0.7306,1.0,1,0.0726,0.3139
2008-10-12,2008,R,,nfl_0018,nfl_0021,34,3,0.6691,1.0,1,0.1095,0.4018
2008-10-12,2008,R,,nfl_0030,nfl_0027,17,19,0.827,0.0,0,0.6838,1.7542
2008-10-12,2008,R,,nfl_0016,nfl_0010,12,10,0.7836,1.0,1,0.0468,0.2439
2008-10-12,2008,R,,nfl_0009,nfl_0013,17,24,0.6362,0.0,0,0.4048,1.0112
2008-10-12,2008,R,,nfl_0001,nfl_0008,30,24,0.4871,1.0,0,0.2631,0.7194
2008-10-12,2008,R,,nfl_0026,nfl_0022,26,40,0.4624,0.0,1,0.2139,0.6207
2008-10-12,2008,R,,nfl_0025,nfl_0011,17,27,0.5188,0.0,0,0.2691,0.7314
2008-10-12,2008,R,,nfl_0024,nfl_0017,30,10,0.572,1.0,1,0.1831,0.5585
2008-10-13,2008,R,,nfl_0031,nfl_0019,35,14,0.4103,1.0,0,0.3478,0.891
2008-10-19,2008,R,,nfl_0014,nfl_0029,10,34,0.2987,0.0,1,0.0892,0.3548
2008-10-19,2008,R,,nfl_0027,nfl_0008,34,14,0.2729,1.0,0,0.5287,1.2986
2008-10-19,2008,R,,nfl_0004,nfl_0024,23,14,0.552,1.0,1,0.2007,0.5943
2008-10-19,2008,R,,nfl_0015,nfl_0003,13,27,0.6093,0.0,0,0.3712,0.9398
2008-10-19,2008,R,,nfl_0019,nfl_0026,29,17,0.8015,1.0,1,0.0394,0.2213
2008-10-19,2008,R,,nfl_0006,nfl_0016,48,41,0.6708,1.0,1,0.1084,0.3993
2008-10-19,2008,R,,nfl_0005,nfl_0018,30,7,0.57,1.0,1,0.1849,0.5622
2008-10-19,2008,R,,nfl_0007,nfl_0023,10,38,0.3164,0.0,1,0.1001,0.3804
2008-10-19,2008,R,,nfl_0032,nfl_0010,28,21,0.7278,1.0,1,0.0741,0.3177
2008-10-19,2008,R,,nfl_0011,nfl_0012,34,14,0.5808,1.0,1,0.1758,0.5434
2008-10-19,2008,R,,nfl_0021,nfl_0020,16,13,0.4491,1.0,0,0.3035,0.8005
2008-10-19,2008,R,,nfl_0030,nfl_0031,14,11,0.6806,1.0,1,0.102,0.3848
2008-10-19,2008,R,,nfl_0028,nfl_0025,20,10,0.7561,1.0,1,0.0595,0.2796
2008-10-20,2008,R,,nfl_0017,nfl_0009,41,7,0.6524,1.0,1,0.1208,0.427
2008-10-26,2008,R,,nfl_0022,nfl_0002,27,14,0.6934,1.0,1,0.094,0.3661
2008-10-26,2008,R,,nfl_0017,nfl_0027,23,16,0.8076,1.0,1,0.037,0.2136
2008-10-26,2008,R,,nfl_0003,nfl_0021,29,10,0.7304,1.0,1,0.0727,0.3141
2008-10-26,2008,R,,nfl_0008,nfl_0028,13,9,0.5678,1.0,1,0.1868,0.5659
2008-10-26,2008,R,,nfl_0010,nfl_0030,17,25,0.2988,0.0,1,0.0893,0.355
2008-10-26,2008,R,,nfl_0005,nfl_0001,27,23,0.5697,1.0,1,0.1851,0.5626
2008-10-26,2008,R,,nfl_0015,nfl_0004,25,16,0.4562,1.0,0,0.2957,0.7848
2008-10-26,2008,R,,nfl_0020,nfl_0014,28,24,0.7563,1.0,1,0.0594,0.2793
2008-10-26,2008,R,,nfl_0018,nfl_0024,37,32,0.4944,1.0,0,0.2556,0.7044
2008-10-26,2008,R,,nfl_0032,nfl_0007,35,6,0.7087,1.0,1,0.0848,0.3443
2008-10-26,2008,R,,nfl_0013,nfl_0031,17,23,0.6871,0.0,0,0.4721,1.1618
2008-10-26,2008,R,,nfl_0023,nfl_0019,14,21,0.6281,0.0,0,0.3945,0.9891
2008-10-26,2008,R,,nfl_0026,nfl_0025,13,34,0.5439,0.0,0,0.2958,0.785
2008-10-27,2008,R,,nfl_0029,nfl_0012,31,21,0.7209,1.0,1,0.0779,0.3273
2008-11-02,2008,R,,nfl_0027,nfl_0001,13,34,0.4103,0.0,1,0.1684,0.5282
2008-11-02,2008,R,,nfl_0004,nfl_0020,17,26,0.6324,0.0,0,0.3999,1.0008
2008-11-02,2008,R,,nfl_0006,nfl_0010,27,23,0.8795,1.0,1,0.0145,0.1284
2008-11-02,2008,R,,nfl_0031,nfl_0003,27,37,0.5897,0.0,0,0.3478,0.891
2008-11-02,2008,R,,nfl_0029,nfl_0011,19,16,0.6556,1.0,1,0.1186,0.4222
2008-11-02,2008,R,,nfl_0007,nfl_0013,21,19,0.3744,1.0,0,0.3914,0.9825
2008-11-02,2008,R,,nfl_0014,nfl_0028,27,30,0.315,0.0,1,0.0992,0.3783
2008-11-02,2008,R,,nfl_0016,nfl_0032,28,21,0.6627,1.0,1,0.1138,0.4114
2008-11-02,2008,R,,nfl_0009,nfl_0015,17,26,0.6496,0.0,0,0.422,1.0487
2008-11-02,2008,R,,nfl_0021,nfl_0002,0,24,0.4908,0.0,1,0.2408,0.6748
2008-11-02,2008,R,,nfl_0019,nfl_0008,35,14,0.6599,1.0,1,0.1157,0.4157
2008-11-02,2008,R,,nfl_0025,nfl_0022,7,26,0.4794,0.0,1,0.2298,0.6528
2008-11-02,2008,R,,nfl_0012,nfl_0017,18,15,0.5023,1.0,1,0.2477,0.6886
2008-11-03,2008,R,,nfl_0030,nfl_0023,6,23,0.5761,0.0,0,0.3318,0.8582
2008-11-06,2008,R,,nfl_0031,nfl_0009,30,34,0.6481,0.0,0,0.4201,1.0445
2008-11-09,2008,R,,nfl_0017,nfl_0004,20,10,0.7105,1.0,1,0.0838,0.3418
2008-11-09,2008,R,,nfl_0006,nfl_0029,14,21,0.5064,0.0,0,0.2565,0.7061
2008-11-09,2008,R,,nfl_0010,nfl_0013,14,38,0.3591,0.0,1,0.129,0.4449
2008-11-09,2008,R,,nfl_0032,nfl_0003,13,41,0.4869,0.0,1,0.2371,0.6673
2008-11-09,2008,R,,nfl_0002,nfl_0018,34,20,0.5595,1.0,1,0.1941,0.5807
2008-11-09,2008,R,,nfl_0015,nfl_0025,21,19,0.659,1.0,1,0.1163,0.417
2008-11-09,2008,R,,nfl_0020,nfl_0027,47,3,0.7941,1.0,1,0.0424,0.2306
2008-11-09,2008,R,,nfl_0016,nfl_0011,28,27,0.5156,1.0,1,0.2346,0.6624
2008-11-09,2008,R,,nfl_0021,nfl_0005,6,17,0.2924,0.0,1,0.0855,0.3458
2008-11-09,2008,R,,nfl_0023,nfl_0012,20,24,0.7047,0.0,0,0.4966,1.2197
2008-11-09,2008,R,,nfl_0024,nfl_0014,20,19,0.8434,1.0,1,0.0245,0.1704
2008-11-09,2008,R,,nfl_0022,nfl_0019,31,36,0.5432,0.0,0,0.295,0.7834
2008-11-10,2008,R,,nfl_0001,nfl_0026,29,24,0.8097,1.0,1,0.0362,0.2111
2008-11-13,2008,R,,nfl_0017,nfl_0020,31,34,0.6582,0.0,0,0.4332,1.0734
2008-11-16,2008,R,,nfl_0014,nfl_0018,20,30,0.4243,0.0,1,0.18,0.5521
2008-11-16,2008,R,,nfl_0002,nfl_0009,20,24,0.6729,0.0,0,0.4528,1.1174
2008-11-16,2008,R,,nfl_0011,nfl_0006,37,3,0.6036,1.0,1,0.1571,0.5048
2008-11-16,2008,R,,nfl_0012,nfl_0032,33,27,0.7556,1.0,1,0.0598,0.2803
2008-11-16,2008,R,,nfl_0015,nfl_0021,17,15,0.7898,1.0,1,0.0442,0.236
2008-11-16,2008,R,,nfl_0028,nfl_0016,19,13,0.7026,1.0,1,0.0885,0.353
2008-11-16,2008,R,,nfl_0019,nfl_0003,30,10,0.6875,1.0,1,0.0977,0.3747
2008-11-16,2008,R,,nfl_0005,nfl_0010,31,22,0.8727,1.0,1,0.0162,0.1361
2008-11-16,2008,R,,nfl_0007,nfl_0022,13,13,0.3301,0.5,0,0.0289,0.7545
2008-11-16,2008,R,,nfl_0026,nfl_0027,35,16,0.6015,1.0,1,0.1588,0.5084
2008-11-16,2008,R,,nfl_0025,nfl_0001,20,26,0.4389,0.0,1,0.1927,0.5779
2008-11-16,2008,R,,nfl_0013,nfl_0029,14,24,0.3998,0.0,1,0.1598,0.5104
2008-11-16,2008,R,,nfl_0023,nfl_0024,11,10,0.6636,1.0,1,0.1132,0.4101
2008-11-16,2008,R,,nfl_0030,nfl_0008,10,14,0.5823,0.0,0,0.339,0.8729
2008-11-17,2008,R,,nfl_0004,nfl_0031,27,29,0.6123,0.0,0,0.375,0.9476
2008-11-20,2008,R,,nfl_0023,nfl_0007,27,10,0.8636,1.0,1,0.0186,0.1466
2008-11-23,2008,R,,nfl_0014,nfl_0004,31,54,0.427,0.0,1,0.1823,0.5568
2008-11-23,2008,R,,nfl_0027,nfl_0006,3,27,0.3162,0.0,1,0.1,0.3801
2008-11-23,2008,R,,nfl_0015,nfl_0017,28,48,0.4827,0.0,1,0.233,0.6592
2008-11-23,2008,R,,nfl_0029,nfl_0020,13,34,0.7457,0.0,0,0.5561,1.3693
2008-11-23,2008,R,,nfl_0003,nfl_0022,36,7,0.5918,1.0,1,0.1667,0.5247
2008-11-23,2008,R,,nfl_0031,nfl_0032,6,16,0.6719,0.0,0,0.4514,1.1143
2008-11-23,2008,R,,nfl_0008,nfl_0026,35,22,0.8116,1.0,1,0.0355,0.2088
2008-11-23,2008,R,,nfl_0010,nfl_0028,20,38,0.226,0.0,1,0.0511,0.2562
2008-11-23,2008,R,,nfl_0013,nfl_0016,12,30,0.5926,0.0,0,0.3512,0.898
2008-11-23,2008,R,,nfl_0009,nfl_0021,10,31,0.7787,0.0,0,0.6063,1.5081
2008-11-23,2008,R,,nfl_0002,nfl_0005,45,28,0.5195,1.0,1,0.2308,0.6548
2008-11-23,2008,R,,nfl_0001,nfl_0019,29,37,0.4657,0.0,1,0.2169,0.6268
2008-11-23,2008,R,,nfl_0025,nfl_0030,17,20,0.4753,0.0,1,0.2259,0.6449
2008-11-23,2008,R,,nfl_0024,nfl_0012,20,23,0.5905,0.0,0,0.3487,0.8929
2008-11-24,2008,R,,nfl_0018,nfl_0011,51,29,0.4449,1.0,0,0.3081,0.8098
2008-11-27,2008,R,,nfl_0010,nfl_0029,10,47,0.169,0.0,1,0.0286,0.1851
2008-11-27,2008,R,,nfl_0008,nfl_0025,34,9,0.7804,1.0,1,0.0482,0.248
2008-11-27,2008,R,,nfl_0022,nfl_0001,48,20,0.5762,1.0,1,0.1796,0.5513
2008-11-30,2008,R,,nfl_0027,nfl_0015,12,16,0.358,0.0,1,0.1282,0.4432
2008-11-30,2008,R,,nfl_0004,nfl_0026,3,10,0.7599,0.0,0,0.5775,1.4268
2008-11-30,2008,R,,nfl_0011,nfl_0005,31,35,0.6391,0.0,0,0.4084,1.0191
2008-11-30,2008,R,,nfl_0007,nfl_0003,3,34,0.2707,0.0,1,0.0733,0.3156
2008-11-30,2008,R,,nfl_0031,nfl_0012,6,10,0.4303,0.0,1,0.1852,0.5627
2008-11-30,2008,R,,nfl_0028,nfl_0018,23,20,0.6906,1.0,1,0.0957,0.3701
2008-11-30,2008,R,,nfl_0030,nfl_0019,7,23,0.3749,0.0,1,0.1405,0.4698
2008-11-30,2008,R,,nfl_0024,nfl_0002,16,22,0.6018,0.0,0,0.3622,0.9209
2008-11-30,2008,R,,nfl_0020,nfl_0009,17,34,0.806,0.0,0,0.6497,1.64
2008-11-30,2008,R,,nfl_0021,nfl_0014,13,20,0.7012,0.0,0,0.4916,1.2079
2008-11-30,2008,R,,nfl_0017,nfl_0023,10,33,0.5885,0.0,0,0.3463,0.8879
2008-11-30,2008,R,,nfl_0016,nfl_0006,34,14,0.6095,1.0,1,0.1525,0.4951
2008-12-01,2008,R,,nfl_0032,nfl_0013,30,17,0.5716,1.0,1,0.1835,0.5594
2008-12-04,2008,R,,nfl_0024,nfl_0021,34,7,0.7888,1.0,1,0.0446,0.2373
2008-12-07,2008,R,,nfl_0018,nfl_0002,29,25,0.5579,1.0,1,0.1954,0.5835
2008-12-07,2008,R,,nfl_0006,nfl_0013,23,10,0.6971,1.0,1,0.0918,0.3608
2008-12-07,2008,R,,nfl_0012,nfl_0007,35,3,0.8662,1.0,1,0.0179,0.1436
2008-12-07,2008,R,,nfl_0011,nfl_0032,21,24,0.7199,0.0,0,0.5183,1.2727
2008-12-07,2008,R,,nfl_0010,nfl_0016,16,20,0.2162,0.0,1,0.0468,0.2436
2008-12-07,2008,R,,nfl_0029,nfl_0031,28,9,0.8357,1.0,1,0.027,0.1794
2008-12-07,2008,R,,nfl_0019,nfl_0022,14,20,0.7576,0.0,0,0.574,1.4172
2008-12-07,2008,R,,nfl_0004,nfl_0015,3,16,0.6,0.0,0,0.36,0.9162
2008-12-07,2008,R,,nfl_0009,nfl_0014,24,17,0.7674,1.0,1,0.0541,0.2648
2008-12-07,2008,R,,nfl_0026,nfl_0020,24,14,0.3575,1.0,0,0.4128,1.0287
2008-12-07,2008,R,,nfl_0025,nfl_0017,21,24,0.3751,0.0,1,0.1407,0.4702
2008-12-07,2008,R,,nfl_0001,nfl_0027,34,10,0.8614,1.0,1,0.0192,0.1492
2008-12-07,2008,R,,nfl_0023,nfl_0008,20,13,0.6939,1.0,1,0.0937,0.3654
2008-12-07,2008,R,,nfl_0003,nfl_0030,24,10,0.7485,1.0,1,0.0632,0.2897
2008-12-08,2008,R,,nfl_0005,nfl_0028,38,23,0.5352,1.0,1,0.2161,0.6252
2008-12-11,2008,R,,nfl_0006,nfl_0018,27,24,0.5886,1.0,1,0.1692,0.53
2008-12-14,2008,R,,nfl_0014,nfl_0024,21,22,0.3056,0.0,1,0.0934,0.3647
2008-12-14,2008,R,,nfl_0027,nfl_0025,20,23,0.4335,0.0,1,0.188,0.5684
2008-12-14,2008,R,,nfl_0020,nfl_0004,31,27,0.7286,1.0,1,0.0736,0.3166
2008-12-14,2008,R,,nfl_0012,nfl_0010,31,21,0.9077,1.0,1,0.0085,0.0969
2008-12-14,2008,R,,nfl_0002,nfl_0028,13,10,0.5684,1.0,1,0.1863,0.5649
2008-12-14,2008,R,,nfl_0007,nfl_0030,20,13,0.3558,1.0,0,0.4151,1.0335
2008-12-14,2008,R,,nfl_0015,nfl_0026,14,9,0.7222,1.0,1,0.0772,0.3254
2008-12-14,2008,R,,nfl_0013,nfl_0011,20,16,0.4485,1.0,0,0.3042,0.8019
2008-12-14,2008,R,,nfl_0032,nfl_0029,13,12,0.36,1.0,0,0.4096,1.0216
2008-12-14,2008,R,,nfl_0001,nfl_0016,14,35,0.5414,0.0,0,0.2931,0.7795
2008-12-14,2008,R,,nfl_0005,nfl_0009,30,10,0.723,1.0,1,0.0768,0.3244
2008-12-14,2008,R,,nfl_0021,nfl_0017,26,49,0.2947,0.0,1,0.0868,0.3491
2008-12-14,2008,R,,nfl_0003,nfl_0023,9,13,0.5588,0.0,0,0.3122,0.8182
2008-12-14,2008,R,,nfl_0008,nfl_0019,20,8,0.4403,1.0,0,0.3132,0.8203
2008-12-15,2008,R,,nfl_0022,nfl_0031,30,10,0.7964,1.0,1,0.0415,0.2277
2008-12-18,2008,R,,nfl_0013,nfl_0012,24,31,0.3893,0.0,1,0.1515,0.4931
2008-12-20,2008,R,,nfl_0008,nfl_0003,24,33,0.5684,0.0,0,0.3231,0.8404
2008-12-21,2008,R,,nfl_0014,nfl_0015,31,38,0.336,0.0,1,0.1129,0.4095
2008-12-21,2008,R,,nfl_0027,nfl_0026,16,17,0.4063,0.0,1,0.1651,0.5214
2008-12-21,2008,R,,nfl_0017,nfl_0001,47,7,0.7203,1.0,1,0.0782,0.3281
2008-12-21,2008,R,,nfl_0029,nfl_0023,31,14,0.5534,1.0,1,0.1995,0.5917
2008-12-21,2008,R,,nfl_0028,nfl_0024,24,41,0.6389,0.0,0,0.4082,1.0186
2008-12-21,2008,R,,nfl_0031,nfl_0007,0,14,0.7041,0.0,0,0.4958,1.2178
2008-12-21,2008,R,,nfl_0010,nfl_0018,7,42,0.2405,0.0,1,0.0579,0.2751
2008-12-21,2008,R,,nfl_0021,nfl_0032,27,16,0.3716,1.0,0,0.3949,0.99
2008-12-21,2008,R,,nfl_0009,nfl_0004,23,30,0.6381,0.0,0,0.4072,1.0165
2008-12-21,2008,R,,nfl_0025,nfl_0020,13,3,0.3983,1.0,0,0.362,0.9205
2008-12-21,2008,R,,nfl_0016,nfl_0002,17,24,0.6823,0.0,0,0.4655,1.1465
2008-12-21,2008,R,,nfl_0030,nfl_0022,10,3,0.4229,1.0,0,0.3331,0.8607
2008-12-21,2008,R,,nfl_0019,nfl_0005,34,28,0.6884,1.0,1,0.0971,0.3734
2008-12-22,2008,R,,nfl_0006,nfl_0011,20,17,0.6156,1.0,1,0.1478,0.4852
2008-12-28,2008,R,,nfl_0002,nfl_0027,31,27,0.9002,1.0,1,0.01,0.1051
2008-12-28,2008,R,,nfl_0004,nfl_0017,0,13,0.3705,0.0,1,0.1373,0.4628
2008-12-28,2008,R,,nfl_0007,nfl_0014,16,6,0.6799,1.0,1,0.1025,0.3858
2008-12-28,2008,R,,nfl_0023,nfl_0031,31,0,0.877,1.0,1,0.0151,0.1312
2008-12-28,2008,R,,nfl_0012,nfl_0029,23,0,0.5223,1.0,1,0.2282,0.6495
2008-12-28,2008,R,,nfl_0011,nfl_0010,31,21,0.8777,1.0,1,0.015,0.1304
2008-12-28,2008,R,,nfl_0028,nfl_0021,24,31,0.8113,0.0,0,0.6582,1.6677
2008-12-28,2008,R,,nfl_0018,nfl_0005,31,33,0.546,0.0,0,0.2981,0.7896
2008-12-28,2008,R,,nfl_0032,nfl_0006,31,24,0.5133,1.0,1,0.2369,0.6669
2008-12-28,2008,R,,nfl_0016,nfl_0019,20,19,0.4965,1.0,0,0.2535,0.7001
2008-12-28,2008,R,,nfl_0001,nfl_0025,34,21,0.6684,1.0,1,0.11,0.4029
2008-12-28,2008,R,,nfl_0022,nfl_0008,44,6,0.6141,1.0,1,0.1489,0.4875
2008-12-28,2008,R,,nfl_0026,nfl_0030,27,24,0.4834,1.0,0,0.2669,0.7269
2008-12-28,2008,R,,nfl_0003,nfl_0013,27,7,0.8287,1.0,1,0.0294,0.1879
2008-12-28,2008,R,,nfl_0020,nfl_0015,17,24,0.6096,0.0,0,0.3716,0.9405
2008-12-28,2008,R,,nfl_0024,nfl_0009,52,21,0.7637,1.0,1,0.0558,0.2695
2009-01-03,2008,P,WC,nfl_0001,nfl_0002,30,24,0.4847,1.0,0,0.2655,0.7241
2009-01-03,2008,P,WC,nfl_0024,nfl_0012,23,17,0.5362,1.0,1,0.2151,0.6233
2009-01-04,2008,P,WC,nfl_0015,nfl_0003,9,27,0.4511,0.0,1,0.2035,0.5998
2009-01-04,2008,P,WC,nfl_0016,nfl_0022,14,26,0.5562,0.0,0,0.3093,0.8123
2009-01-10,2008,P,DV,nfl_0029,nfl_0003,10,13,0.5814,0.0,0,0.338,0.8709
2009-01-10,2008,P,DV,nfl_0005,nfl_0001,13,33,0.7472,0.0,0,0.5583,1.3751
2009-01-11,2008,P,DV,nfl_0019,nfl_0022,11,23,0.6371,0.0,0,0.406,1.0138
2009-01-11,2008,P,DV,nfl_0023,nfl_0024,35,24,0.7132,1.0,1,0.0822,0.338
2009-01-18,2008,P,CC,nfl_0001,nfl_0022,32,25,0.4169,1.0,0,0.34,0.8749
2009-01-18,2008,P,CC,nfl_0023,nfl_0003,23,14,0.5799,1.0,1,0.1765,0.5449
2009-09-10,2009,R,,nfl_0023,nfl_0029,13,10,0.6344,1.0,1,0.1337,0.4551
2009-09-13,2009,R,,nfl_0007,nfl_0009,7,12,0.5861,0.0,0,0.3435,0.8821
2009-09-13,2009,R,,nfl_0012,nfl_0013,14,12,0.6839,1.0,1,0.0999,0.38
2009-09-13,2009,R,,nfl_0003,nfl_0014,38,24,0.7397,1.0,1,0.0678,0.3015
2009-09-13,2009,R,,nfl_0031,nfl_0016,20,34,0.5194,0.0,0,0.2698,0.7328
2009-09-13,2009,R,,nfl_0028,nfl_0008,21,34,0.5923,0.0,0,0.3508,0.8972
2009-09-13,2009,R,,nfl_0018,nfl_0010,45,27,0.7162,1.0,1,0.0805,0.3338
2009-09-13,2009,R,,nfl_0032,nfl_0020,7,24,0.5925,0.0,0,0.351,0.8977
2009-09-13,2009,R,,nfl_0005,nfl_0022,10,38,0.5503,0.0,0,0.3029,0.7993
2009-09-13,2009,R,,nfl_0002,nfl_0015,19,7,0.619,1.0,1,0.1452,0.4797
2009-09-13,2009,R,,nfl_0001,nfl_0026,16,20,0.665,0.0,0,0.4422,1.0936
2009-09-13,2009,R,,nfl_0019,nfl_0030,23,17,0.6574,1.0,1,0.1174,0.4195
2009-09-13,2009,R,,nfl_0025,nfl_0027,28,0,0.6622,1.0,1,0.1141,0.4122
2009-09-13,2009,R,,nfl_0011,nfl_0006,21,15,0.603,1.0,1,0.1576,0.5058
2009-09-14,2009,R,,nfl_0017,nfl_0004,25,24,0.6801,1.0,1,0.1024,0.3856
2009-09-14,2009,R,,nfl_0021,nfl_0024,20,24,0.5103,0.0,0,0.2604,0.714
2009-09-20,2009,R,,nfl_0014,nfl_0021,10,13,0.5824,0.0,0,0.3392,0.8732
2009-09-20,2009,R,,nfl_0002,nfl_0005,28,20,0.6992,1.0,1,0.0905,0.3578
2009-09-20,2009,R,,nfl_0011,nfl_0007,24,31,0.7025,0.0,0,0.4934,1.2122
2009-09-20,2009,R,,nfl_0020,nfl_0017,16,9,0.6037,1.0,1,0.1571,0.5047
2009-09-20,2009,R,,nfl_0030,nfl_0027,9,7,0.7166,1.0,1,0.0803,0.3333
2009-09-20,2009,R,,nfl_0013,nfl_0001,17,31,0.5555,0.0,0,0.3086,0.8108
2009-09-20,2009,R,,nfl_0010,nfl_0016,13,27,0.3937,0.0,1,0.155,0.5004
2009-09-20,2009,R,,nfl_0029,nfl_0032,31,34,0.7069,0.0,0,0.4997,1.2273
2009-09-20,2009,R,,nfl_0022,nfl_0018,22,48,0.697,0.0,0,0.4859,1.1942
2009-09-20,2009,R,,nfl_0004,nfl_0028,33,20,0.601,1.0,1,0.1592,0.5092
2009-09-20,2009,R,,nfl_0026,nfl_0025,23,10,0.588,1.0,1,0.1698,0.5311
2009-09-20,2009,R,,nfl_0006,nfl_0023,17,14,0.4868,1.0,0,0.2633,0.7198
2009-09-20,2009,R,,nfl_0009,nfl_0031,27,6,0.683,1.0,1,0.1005,0.3812
2009-09-20,2009,R,,nfl_0024,nfl_0003,26,31,0.5635,0.0,0,0.3175,0.829
2009-09-20,2009,R,,nfl_0008,nfl_0019,31,33,0.5943,0.0,0,0.3532,0.9022
2009-09-21,2009,R,,nfl_0015,nfl_0012,23,27,0.5154,0.0,0,0.2657,0.7245
2009-09-27,2009,R,,nfl_0027,nfl_0011,17,36,0.4439,0.0,1,0.1971,0.5869
2009-09-27,2009,R,,nfl_0028,nfl_0019,0,24,0.4374,0.0,1,0.1913,0.5751
2009-09-27,2009,R,,nfl_0017,nfl_0002,26,10,0.5741,1.0,1,0.1814,0.5549
2009-09-27,2009,R,,nfl_0003,nfl_0031,34,3,0.802,1.0,1,0.0392,0.2206
2009-09-27,2009,R,,nfl_0010,nfl_0030,19,14,0.4494,1.0,0,0.3032,0.7999
2009-09-27,2009,R,,nfl_0022,nfl_0014,34,14,0.7652,1.0,1,0.0551,0.2677
2009-09-27,2009,R,,nfl_0032,nfl_0013,24,31,0.6498,0.0,0,0.4222,1.0492
2009-09-27,2009,R,,nfl_0016,nfl_0026,27,24,0.6703,1.0,1,0.1087,0.4
2009-09-27,2009,R,,nfl_0020,nfl_0029,24,17,0.6653,1.0,1,0.112,0.4075
2009-09-27,2009,R,,nfl_0004,nfl_0018,7,27,0.4711,0.0,1,0.2219,0.6369
2009-09-27,2009,R,,nfl_0025,nfl_0006,19,25,0.572,0.0,0,0.3272,0.8487
2009-09-27,2009,R,,nfl_0007,nfl_0023,23,20,0.4835,1.0,0,0.2668,0.7267
2009-09-27,2009,R,,nfl_0021,nfl_0009,3,23,0.5223,0.0,0,0.2728,0.7388
2009-09-27,2009,R,,nfl_0024,nfl_0015,23,13,0.681,1.0,1,0.1018,0.3842
2009-09-27,2009,R,,nfl_0001,nfl_0012,10,31,0.5734,0.0,0,0.3288,0.8519
2009-09-28,2009,R,,nfl_0008,nfl_0005,21,7,0.7056,1.0,1,0.0867,0.3487
2009-10-04,2009,R,,nfl_0014,nfl_0019,16,27,0.3201,0.0,1,0.1024,0.3857
2009-10-04,2009,R,,nfl_0030,nfl_0028,16,13,0.6781,1.0,1,0.1036,0.3885
2009-10-04,2009,R,,nfl_0006,nfl_0010,48,24,0.7579,1.0,1,0.0586,0.2772
2009-10-04,2009,R,,nfl_0032,nfl_0021,29,6,0.6367,1.0,1,0.132,0.4515
2009-10-04,2009,R,,nfl_0017,nfl_0003,27,21,0.5387,1.0,1,0.2128,0.6187
2009-10-04,2009,R,,nfl_0031,nfl_0007,20,23,0.4698,0.0,1,0.2207,0.6345
2009-10-04,2009,R,,nfl_0012,nfl_0025,34,17,0.7723,1.0,1,0.0519,0.2584
2009-10-04,2009,R,,nfl_0013,nfl_0029,37,17,0.554,1.0,1,0.1989,0.5905
2009-10-04,2009,R,,nfl_0015,nfl_0004,38,10,0.5902,1.0,1,0.1679,0.5273
2009-10-04,2009,R,,nfl_0018,nfl_0020,24,10,0.6688,1.0,1,0.1097,0.4023
2009-10-04,2009,R,,nfl_0009,nfl_0008,17,10,0.6292,1.0,1,0.1375,0.4633
2009-10-04,2009,R,,nfl_0026,nfl_0027,35,0,0.7878,1.0,1,0.045,0.2386
2009-10-04,2009,R,,nfl_0023,nfl_0024,38,28,0.6052,1.0,1,0.1559,0.5022
2009-10-05,2009,R,,nfl_0016,nfl_0011,30,23,0.6736,1.0,1,0.1065,0.3951
2009-10-11,2009,R,,nfl_0014,nfl_0008,20,26,0.3886,0.0,1,0.151,0.492
2009-10-11,2009,R,,nfl_0027,nfl_0016,10,38,0.2614,0.0,1,0.0683,0.3029
2009-10-11,2009,R,,nfl_0004,nfl_0031,3,6,0.6568,0.0,0,0.4314,1.0694
2009-10-11,2009,R,,nfl_0022,nfl_0028,33,14,0.8061,1.0,1,0.0376,0.2155
2009-10-11,2009,R,,nfl_0003,nfl_0007,14,17,0.7211,0.0,0,0.52,1.277
2009-10-11,2009,R,,nfl_0010,nfl_0023,20,28,0.3463,0.0,1,0.1199,0.4251
2009-10-11,2009,R,,nfl_0019,nfl_0021,44,7,0.8411,1.0,1,0.0253,0.1731
2009-10-11,2009,R,,nfl_0005,nfl_0030,20,17,0.5715,1.0,1,0.1836,0.5595
2009-10-11,2009,R,,nfl_0026,nfl_0002,10,45,0.5862,0.0,0,0.3437,0.8825
2009-10-11,2009,R,,nfl_0001,nfl_0032,28,21,0.6558,1.0,1,0.1185,0.4219
2009-10-11,2009,R,,nfl_0009,nfl_0017,20,17,0.6043,1.0,1,0.1566,0.5037
2009-10-11,2009,R,,nfl_0025,nfl_0013,41,0,0.5316,1.0,1,0.2194,0.6319
2009-10-11,2009,R,,nfl_0029,nfl_0012,9,31,0.3877,0.0,1,0.1503,0.4905
2009-10-12,2009,R,,nfl_0015,nfl_0020,31,27,0.5245,1.0,1,0.2261,0.6453
2009-10-18,2009,R,,nfl_0028,nfl_0005,21,28,0.5331,0.0,0,0.2842,0.7617
2009-10-18,2009,R,,nfl_0023,nfl_0031,27,14,0.8032,1.0,1,0.0387,0.2191
2009-10-18,2009,R,,nfl_0007,nfl_0032,17,28,0.6652,0.0,0,0.4425,1.0942
2009-10-18,2009,R,,nfl_0011,nfl_0010,26,0,0.8043,1.0,1,0.0383,0.2178
2009-10-18,2009,R,,nfl_0018,nfl_0019,48,27,0.652,1.0,1,0.1211,0.4277
2009-10-18,2009,R,,nfl_0013,nfl_0027,23,20,0.762,1.0,1,0.0566,0.2718
2009-10-18,2009,R,,nfl_0030,nfl_0014,6,14,0.7247,0.0,0,0.5252,1.29
2009-10-18,2009,R,,nfl_0016,nfl_0003,33,31,0.6638,1.0,1,0.1131,0.4098
2009-10-18,2009,R,,nfl_0025,nfl_0001,3,27,0.5997,0.0,0,0.3597,0.9156
2009-10-18,2009,R,,nfl_0021,nfl_0022,13,9,0.3336,1.0,0,0.4441,1.0979
2009-10-18,2009,R,,nfl_0020,nfl_0004,13,16,0.7563,0.0,0,0.572,1.4119
2009-10-18,2009,R,,nfl_0017,nfl_0029,59,0,0.7614,1.0,1,0.0569,0.2726
2009-10-18,2009,R,,nfl_0002,nfl_0006,21,14,0.6295,1.0,1,0.1373,0.4629
2009-10-19,2009,R,,nfl_0024,nfl_0009,23,34,0.5531,0.0,0,0.3059,0.8054
2009-10-25,2009,R,,nfl_0027,nfl_0012,6,42,0.1629,0.0,1,0.0265,0.1778
2009-10-25,2009,R,,nfl_0014,nfl_0024,7,37,0.4778,0.0,1,0.2283,0.6496
2009-10-25,2009,R,,nfl_0031,nfl_0011,3,31,0.3998,0.0,1,0.1598,0.5105
2009-10-25,2009,R,,nfl_0023,nfl_0016,27,17,0.5467,1.0,1,0.2055,0.6038
2009-10-25,2009,R,,nfl_0032,nfl_0026,24,21,0.5962,1.0,1,0.1631,0.5173
2009-10-25,2009,R,,nfl_0028,nfl_0017,7,35,0.2944,0.0,1,0.0867,0.3487
2009-10-25,2009,R,,nfl_0005,nfl_0004,9,20,0.6607,0.0,0,0.4365,1.0808
2009-10-25,2009,R,,nfl_0021,nfl_0020,0,38,0.414,0.0,1,0.1714,0.5344
2009-10-25,2009,R,,nfl_0008,nfl_0002,37,21,0.5514,1.0,1,0.2013,0.5954
2009-10-25,2009,R,,nfl_0015,nfl_0018,34,46,0.4195,0.0,1,0.176,0.5439
2009-10-25,2009,R,,nfl_0007,nfl_0006,45,10,0.5322,1.0,1,0.2188,0.6307
2009-10-25,2009,R,,nfl_0019,nfl_0001,17,24,0.6588,0.0,0,0.4341,1.0754
2009-10-26,2009,R,,nfl_0030,nfl_0022,17,27,0.4437,0.0,1,0.1968,0.5864
2009-11-01,2009,R,,nfl_0006,nfl_0031,30,6,0.7575,1.0,1,0.0588,0.2777
2009-11-01,2009,R,,nfl_0003,nfl_0009,30,7,0.5457,1.0,1,0.2064,0.6057
2009-11-01,2009,R,,nfl_0020,nfl_0015,25,30,0.699,0.0,0,0.4885,1.2005
2009-11-01,2009,R,,nfl_0004,nfl_0032,10,31,0.5272,0.0,0,0.278,0.7492
2009-11-01,2009,R,,nfl_0012,nfl_0026,18,14,0.8216,1.0,1,0.0318,0.1965
2009-11-01,2009,R,,nfl_0008,nfl_0025,38,17,0.7206,1.0,1,0.078,0.3276
2009-11-01,2009,R,,nfl_0010,nfl_0027,10,17,0.6982,0.0,0,0.4876,1.1982
2009-11-01,2009,R,,nfl_0022,nfl_0019,40,17,0.5904,1.0,1,0.1678,0.527
2009-11-01,2009,R,,nfl_0029,nfl_0013,30,13,0.5338,1.0,1,0.2174,0.6278
2009-11-01,2009,R,,nfl_0024,nfl_0021,24,16,0.8157,1.0,1,0.034,0.2037
2009-11-01,2009,R,,nfl_0001,nfl_0005,21,34,0.7784,0.0,0,0.6058,1.5067
2009-11-01,2009,R,,nfl_0011,nfl_0016,26,38,0.5477,0.0,0,0.3,0.7935
2009-11-02,2009,R,,nfl_0018,nfl_0002,35,27,0.7383,1.0,1,0.0685,0.3034
2009-11-08,2009,R,,nfl_0007,nfl_0003,17,7,0.5395,1.0,1,0.212,0.617
2009-11-08,2009,R,,nfl_0012,nfl_0032,20,17,0.7546,1.0,1,0.0602,0.2815
2009-11-08,2009,R,,nfl_0017,nfl_0015,27,17,0.7607,1.0,1,0.0573,0.2735
2009-11-08,2009,R,,nfl_0002,nfl_0030,31,17,0.7473,1.0,1,0.0639,0.2914
2009-11-08,2009,R,,nfl_0006,nfl_0001,21,41,0.5397,0.0,0,0.2912,0.7758
2009-11-08,2009,R,,nfl_0028,nfl_0011,38,28,0.3801,1.0,0,0.3843,0.9674
2009-11-08,2009,R,,nfl_0013,nfl_0014,24,21,0.6574,1.0,1,0.1174,0.4195
2009-11-08,2009,R,,nfl_0018,nfl_0005,30,20,0.8396,1.0,1,0.0257,0.1748
2009-11-08,2009,R,,nfl_0025,nfl_0010,32,20,0.7364,1.0,1,0.0695,0.306
2009-11-08,2009,R,,nfl_0026,nfl_0029,27,34,0.6414,0.0,0,0.4113,1.0254
2009-11-08,2009,R,,nfl_0019,nfl_0024,20,21,0.5992,0.0,0,0.359,0.9142
2009-11-08,2009,R,,nfl_0022,nfl_0008,16,20,0.6361,0.0,0,0.4046,1.0108
2009-11-09,2009,R,,nfl_0009,nfl_0023,10,28,0.5309,0.0,0,0.2819,0.757
2009-11-12,2009,R,,nfl_0026,nfl_0006,10,6,0.5666,1.0,1,0.1878,0.568
2009-11-15,2009,R,,nfl_0027,nfl_0018,23,28,0.1658,0.0,1,0.0275,0.1812
2009-11-15,2009,R,,nfl_0029,nfl_0004,41,17,0.623,1.0,1,0.1421,0.4732
2009-11-15,2009,R,,nfl_0023,nfl_0007,12,18,0.7059,0.0,0,0.4982,1.2237
2009-11-15,2009,R,,nfl_0030,nfl_0009,27,17,0.4275,1.0,0,0.3278,0.8499
2009-11-15,2009,R,,nfl_0020,nfl_0013,22,24,0.7759,0.0,0,0.602,1.4956
2009-11-15,2009,R,,nfl_0005,nfl_0002,28,19,0.4432,1.0,0,0.3101,0.8138
2009-11-15,2009,R,,nfl_0015,nfl_0028,25,23,0.7599,1.0,1,0.0577,0.2746
2009-11-15,2009,R,,nfl_0016,nfl_0010,27,10,0.9152,1.0,1,0.0072,0.0886
2009-11-15,2009,R,,nfl_0021,nfl_0014,10,16,0.6343,0.0,0,0.4023,1.0059
2009-11-15,2009,R,,nfl_0001,nfl_0025,31,20,0.7697,1.0,1,0.053,0.2617
2009-11-15,2009,R,,nfl_0011,nfl_0008,17,7,0.4705,1.0,0,0.2804,0.754
2009-11-15,2009,R,,nfl_0024,nfl_0022,31,23,0.5518,1.0,1,0.2008,0.5945
2009-11-15,2009,R,,nfl_0012,nfl_0017,35,34,0.6527,1.0,1,0.1206,0.4266
2009-11-16,2009,R,,nfl_0031,nfl_0003,0,16,0.3121,0.0,1,0.0974,0.3741
2009-11-19,2009,R,,nfl_0005,nfl_0015,17,24,0.5723,0.0,0,0.3275,0.8493
2009-11-22,2009,R,,nfl_0014,nfl_0023,27,24,0.2735,1.0,0,0.5278,1.2965
2009-11-22,2009,R,,nfl_0028,nfl_0018,7,38,0.1838,0.0,1,0.0338,0.2032
2009-11-22,2009,R,,nfl_0010,nfl_0031,38,37,0.589,1.0,1,0.1689,0.5293
2009-11-22,2009,R,,nfl_0003,nfl_0012,15,17,0.4754,0.0,1,0.226,0.6451
2009-11-22,2009,R,,nfl_0011,nfl_0026,30,24,0.6998,1.0,1,0.0901,0.3569
2009-11-22,2009,R,,nfl_0019,nfl_0002,34,31,0.6075,1.0,1,0.1541,0.4985
2009-11-22,2009,R,,nfl_0013,nfl_0004,18,15,0.6743,1.0,1,0.1061,0.394
2009-11-22,2009,R,,nfl_0008,nfl_0030,7,6,0.7804,1.0,1,0.0482,0.248
2009-11-22,2009,R,,nfl_0016,nfl_0025,35,9,0.8287,1.0,1,0.0293,0.1879
2009-11-22,2009,R,,nfl_0027,nfl_0001,13,21,0.2402,0.0,1,0.0577,0.2747
2009-11-22,2009,R,,nfl_0021,nfl_0007,20,17,0.2676,1.0,0,0.5365,1.3184
2009-11-22,2009,R,,nfl_0009,nfl_0024,3,32,0.5273,0.0,0,0.2781,0.7493
2009-11-22,2009,R,,nfl_0017,nfl_0020,31,14,0.7208,1.0,1,0.0779,0.3273
2009-11-22,2009,R,,nfl_0006,nfl_0022,20,24,0.4372,0.0,1,0.1912,0.5749
2009-11-23,2009,R,,nfl_0032,nfl_0029,17,20,0.7008,0.0,0,0.4911,1.2067
2009-11-26,2009,R,,nfl_0010,nfl_0011,12,34,0.2925,0.0,1,0.0856,0.3461
2009-11-26,2009,R,,nfl_0008,nfl_0021,24,7,0.8631,1.0,1,0.0187,0.1472
2009-11-26,2009,R,,nfl_0009,nfl_0019,26,6,0.5036,1.0,1,0.2465,0.6861
2009-11-29,2009,R,,nfl_0027,nfl_0025,17,27,0.4457,0.0,1,0.1987,0.5901
2009-11-29,2009,R,,nfl_0004,nfl_0015,31,14,0.3834,1.0,0,0.3801,0.9586
2009-11-29,2009,R,,nfl_0020,nfl_0005,17,6,0.6566,1.0,1,0.1179,0.4206
2009-11-29,2009,R,,nfl_0007,nfl_0031,16,7,0.8571,1.0,1,0.0204,0.1541
2009-11-29,2009,R,,nfl_0032,nfl_0012,27,35,0.3602,0.0,1,0.1297,0.4466
2009-11-29,2009,R,,nfl_0002,nfl_0028,20,17,0.8189,1.0,1,0.0328,0.1998
2009-11-29,2009,R,,nfl_0022,nfl_0030,27,24,0.7877,1.0,1,0.0451,0.2386
2009-11-29,2009,R,,nfl_0026,nfl_0013,20,3,0.5934,1.0,1,0.1653,0.5218
2009-11-29,2009,R,,nfl_0024,nfl_0014,43,14,0.8589,1.0,1,0.0199,0.1521
2009-11-29,2009,R,,nfl_0016,nfl_0006,36,10,0.8296,1.0,1,0.029,0.1868
2009-11-29,2009,R,,nfl_0029,nfl_0001,20,17,0.4506,1.0,0,0.3019,0.7972
2009-11-29,2009,R,,nfl_0003,nfl_0023,20,17,0.5764,1.0,1,0.1794,0.5509
2009-11-30,2009,R,,nfl_0018,nfl_0017,38,17,0.7005,1.0,1,0.0897,0.3559
2009-12-03,2009,R,,nfl_0004,nfl_0020,13,19,0.4388,0.0,1,0.1926,0.5777
2009-12-06,2009,R,,nfl_0014,nfl_0009,13,44,0.4039,0.0,1,0.1632,0.5174
2009-12-06,2009,R,,nfl_0006,nfl_0027,17,9,0.7705,1.0,1,0.0527,0.2607
2009-12-06,2009,R,,nfl_0007,nfl_0010,23,13,0.8711,1.0,1,0.0166,0.138
2009-12-06,2009,R,,nfl_0015,nfl_0017,22,21,0.4242,1.0,0,0.3316,0.8576
2009-12-06,2009,R,,nfl_0023,nfl_0021,24,27,0.8688,0.0,0,0.7548,2.031
2009-12-06,2009,R,,nfl_0002,nfl_0022,7,34,0.5477,0.0,0,0.3,0.7934
2009-12-06,2009,R,,nfl_0005,nfl_0028,16,6,0.7297,1.0,1,0.0731,0.3152
2009-12-06,2009,R,,nfl_0012,nfl_0029,27,17,0.815,1.0,1,0.0342,0.2046
2009-12-06,2009,R,,nfl_0013,nfl_0032,23,18,0.4892,1.0,0,0.261,0.7151
2009-12-06,2009,R,,nfl_0030,nfl_0018,30,33,0.2071,0.0,1,0.0429,0.2321
2009-12-06,2009,R,,nfl_0031,nfl_0024,23,30,0.1945,0.0,1,0.0378,0.2163
2009-12-06,2009,R,,nfl_0019,nfl_0008,31,24,0.4853,1.0,0,0.2649,0.723
2009-12-06,2009,R,,nfl_0025,nfl_0026,20,17,0.5669,1.0,1,0.1876,0.5675
2009-12-06,2009,R,,nfl_0001,nfl_0016,30,17,0.5011,1.0,1,0.2489,0.6909
2009-12-07,2009,R,,nfl_0011,nfl_0003,27,14,0.569,1.0,1,0.1858,0.5639
2009-12-10,2009,R,,nfl_0031,nfl_0023,13,6,0.2419,1.0,0,0.5747,1.4191
2009-12-13,2009,R,,nfl_0014,nfl_0004,10,16,0.4947,0.0,1,0.2447,0.6825
2009-12-13,2009,R,,nfl_0028,nfl_0020,3,26,0.3156,0.0,1,0.0996,0.3792
2009-12-13,2009,R,,nfl_0002,nfl_0018,23,26,0.2873,0.0,1,0.0825,0.3387
2009-12-13,2009,R,,nfl_0017,nfl_0005,20,10,0.7807,1.0,1,0.0481,0.2475
2009-12-13,2009,R,,nfl_0006,nfl_0011,14,21,0.4099,0.0,1,0.168,0.5274
2009-12-13,2009,R,,nfl_0012,nfl_0009,28,16,0.7979,1.0,1,0.0408,0.2258
2009-12-13,2009,R,,nfl_0003,nfl_0010,48,3,0.8785,1.0,1,0.0148,0.1295
2009-12-13,2009,R,,nfl_0032,nfl_0025,34,7,0.6553,1.0,1,0.1188,0.4227
2009-12-13,2009,R,,nfl_0013,nfl_0015,10,14,0.5143,0.0,0,0.2645,0.7221
2009-12-13,2009,R,,nfl_0016,nfl_0007,30,10,0.6941,1.0,1,0.0936,0.3651
2009-12-13,2009,R,,nfl_0029,nfl_0027,47,7,0.8412,1.0,1,0.0252,0.1729
2009-12-13,2009,R,,nfl_0021,nfl_0030,13,34,0.4942,0.0,1,0.2442,0.6816
2009-12-13,2009,R,,nfl_0008,nfl_0024,17,20,0.5145,0.0,0,0.2647,0.7225
2009-12-13,2009,R,,nfl_0019,nfl_0022,38,45,0.4519,0.0,1,0.2042,0.6013
2009-12-14,2009,R,,nfl_0026,nfl_0001,24,9,0.3811,1.0,0,0.383,0.9646
2009-12-17,2009,R,,nfl_0013,nfl_0012,31,35,0.2284,0.0,1,0.0522,0.2593
2009-12-19,2009,R,,nfl_0018,nfl_0008,17,24,0.811,0.0,0,0.6577,1.6659
2009-12-20,2009,R,,nfl_0014,nfl_0031,34,41,0.5772,0.0,0,0.3332,0.861
2009-12-20,2009,R,,nfl_0027,nfl_0032,13,16,0.2706,0.0,1,0.0732,0.3156
2009-12-20,2009,R,,nfl_0004,nfl_0017,10,17,0.3156,0.0,1,0.0996,0.3791
2009-12-20,2009,R,,nfl_0010,nfl_0001,24,31,0.2192,0.0,1,0.048,0.2474
2009-12-20,2009,R,,nfl_0029,nfl_0015,27,24,0.6065,1.0,1,0.1549,0.5001
2009-12-20,2009,R,,nfl_0020,nfl_0002,7,10,0.6791,0.0,0,0.4612,1.1368
2009-12-20,2009,R,,nfl_0024,nfl_0007,27,24,0.7276,1.0,1,0.0742,0.318
2009-12-20,2009,R,,nfl_0009,nfl_0021,19,20,0.8363,0.0,0,0.6994,1.8098
2009-12-20,2009,R,,nfl_0003,nfl_0006,31,7,0.7875,1.0,1,0.0451,0.2389
2009-12-20,2009,R,,nfl_0023,nfl_0011,37,36,0.558,1.0,1,0.1954,0.5835
2009-12-20,2009,R,,nfl_0022,nfl_0026,27,13,0.7989,1.0,1,0.0404,0.2245
2009-12-20,2009,R,,nfl_0025,nfl_0028,7,24,0.7295,0.0,0,0.5321,1.3074
2009-12-20,2009,R,,nfl_0005,nfl_0016,26,7,0.328,1.0,0,0.4516,1.1147
2009-12-21,2009,R,,nfl_0030,nfl_0019,12,45,0.5179,0.0,0,0.2682,0.7297
2009-12-25,2009,R,,nfl_0029,nfl_0024,17,42,0.4177,0.0,1,0.1745,0.5408
2009-12-27,2009,R,,nfl_0031,nfl_0021,23,9,0.628,1.0,1,0.1384,0.4652
2009-12-27,2009,R,,nfl_0002,nfl_0004,31,3,0.7417,1.0,1,0.0667,0.2989
2009-12-27,2009,R,,nfl_0011,nfl_0025,48,10,0.827,1.0,1,0.0299,0.19
2009-12-27,2009,R,,nfl_0015,nfl_0032,20,27,0.5848,0.0,0,0.342,0.879
2009-12-27,2009,R,,nfl_0017,nfl_0013,35,7,0.8298,1.0,1,0.029,0.1866
2009-12-27,2009,R,,nfl_0023,nfl_0003,23,20,0.5573,1.0,1,0.196,0.5847
2009-12-27,2009,R,,nfl_0019,nfl_0005,9,41,0.684,0.0,0,0.4679,1.152
2009-12-27,2009,R,,nfl_0007,nfl_0014,17,10,0.86,1.0,1,0.0196,0.1508
2009-12-27,2009,R,,nfl_0018,nfl_0028,17,20,0.9258,0.0,0,0.8572,2.6013
2009-12-27,2009,R,,nfl_0026,nfl_0010,20,6,0.8294,1.0,1,0.0291,0.1871
2009-12-27,2009,R,,nfl_0001,nfl_0027,31,10,0.9045,1.0,1,0.0091,0.1004
2009-12-27,2009,R,,nfl_0012,nfl_0020,15,29,0.8043,0.0,0,0.6469,1.6311
2009-12-27,2009,R,,nfl_0022,nfl_0009,30,27,0.7728,1.0,1,0.0516,0.2578
2009-12-27,2009,R,,nfl_0030,nfl_0008,0,17,0.3384,0.0,1,0.1145,0.4131
2009-12-28,2009,R,,nfl_0006,nfl_0016,36,30,0.3141,1.0,0,0.4704,1.158
2010-01-03,2009,R,,nfl_0027,nfl_0026,6,28,0.2947,0.0,1,0.0869,0.3492
2010-01-03,2009,R,,nfl_0004,nfl_0012,30,7,0.2182,1.0,0,0.6113,1.5225
2010-01-03,2009,R,,nfl_0031,nfl_0013,23,17,0.5382,1.0,1,0.2133,0.6195
2010-01-03,2009,R,,nfl_0032,nfl_0017,34,27,0.4533,1.0,0,0.2989,0.7913
2010-01-03,2009,R,,nfl_0015,nfl_0023,24,30,0.4851,0.0,1,0.2353,0.6638
2010-01-03,2009,R,,nfl_0028,nfl_0002,10,20,0.3733,0.0,1,0.1394,0.4674
2010-01-03,2009,R,,nfl_0010,nfl_0006,23,37,0.388,0.0,1,0.1505,0.4909
2010-01-03,2009,R,,nfl_0005,nfl_0018,23,10,0.3735,1.0,0,0.3924,0.9847
2010-01-03,2009,R,,nfl_0016,nfl_0019,44,7,0.7234,1.0,1,0.0765,0.3238
2010-01-03,2009,R,,nfl_0001,nfl_0011,7,33,0.5875,0.0,0,0.3452,0.8855
2010-01-03,2009,R,,nfl_0008,nfl_0022,24,0,0.5226,1.0,1,0.2279,0.6489
2010-01-03,2009,R,,nfl_0009,nfl_0014,24,44,0.8401,0.0,0,0.7058,1.8333
2010-01-03,2009,R,,nfl_0021,nfl_0003,13,21,0.2397,0.0,1,0.0575,0.2741
2010-01-03,2009,R,,nfl_0024,nfl_0030,23,20,0.8943,1.0,1,0.0112,0.1117
2010-01-03,2009,R,,nfl_0025,nfl_0029,13,17,0.4183,0.0,1,0.175,0.5419
2010-01-03,2009,R,,nfl_0020,nfl_0007,37,0,0.6507,1.0,1,0.122,0.4297
2010-01-09,2009,P,WC,nfl_0007,nfl_0020,14,24,0.4598,0.0,1,0.2114,0.6157
2010-01-09,2009,P,WC,nfl_0008,nfl_0022,34,14,0.6197,1.0,1,0.1446,0.4785
2010-01-10,2009,P,WC,nfl_0017,nfl_0003,14,33,0.6518,0.0,0,0.4249,1.055
2010-01-10,2009,P,WC,nfl_0001,nfl_0011,51,45,0.4664,1.0,0,0.2847,0.7628
2010-01-16,2009,P,DV,nfl_0018,nfl_0001,45,14,0.7804,1.0,1,0.0482,0.248
2010-01-16,2009,P,DV,nfl_0012,nfl_0003,20,3,0.6457,1.0,1,0.1255,0.4375
2010-01-17,2009,P,DV,nfl_0016,nfl_0008,34,3,0.5851,1.0,1,0.1721,0.5359
2010-01-17,2009,P,DV,nfl_0024,nfl_0020,14,17,0.697,0.0,0,0.4858,1.1941
2010-01-24,2009,P,CC,nfl_0012,nfl_0020,30,17,0.6282,1.0,1,0.1383,0.465
2010-01-24,2009,P,CC,nfl_0018,nfl_0016,31,28,0.6537,1.0,1,0.1199,0.4251
2010-09-09,2010,R,,nfl_0018,nfl_0016,14,9,0.6208,1.0,1,0.1438,0.4767
2010-09-12,2010,R,,nfl_0023,nfl_0002,15,9,0.6167,1.0,1,0.1469,0.4833
2010-09-12,2010,R,,nfl_0004,nfl_0015,10,15,0.5828,0.0,0,0.3397,0.8743
2010-09-12,2010,R,,nfl_0006,nfl_0010,19,14,0.6788,1.0,1,0.1032,0.3875
2010-09-12,2010,R,,nfl_0017,nfl_0007,38,24,0.6388,1.0,1,0.1305,0.4482
2010-09-12,2010,R,,nfl_0028,nfl_0031,17,14,0.5943,1.0,1,0.1646,0.5204
2010-09-12,2010,R,,nfl_0032,nfl_0012,34,24,0.5471,1.0,1,0.2051,0.6031
2010-09-12,2010,R,,nfl_0029,nfl_0021,38,13,0.681,1.0,1,0.1017,0.3841
2010-09-12,2010,R,,nfl_0013,nfl_0009,24,17,0.5746,1.0,1,0.1809,0.554
2010-09-12,2010,R,,nfl_0019,nfl_0005,31,18,0.5622,1.0,1,0.1917,0.5759
2010-09-12,2010,R,,nfl_0027,nfl_0001,13,17,0.476,0.0,1,0.2266,0.6462
2010-09-12,2010,R,,nfl_0022,nfl_0011,20,27,0.5882,0.0,0,0.346,0.8872
2010-09-12,2010,R,,nfl_0025,nfl_0026,31,6,0.5434,1.0,1,0.2085,0.6099
2010-09-12,2010,R,,nfl_0030,nfl_0008,13,7,0.4991,1.0,0,0.2509,0.6949
2010-09-13,2010,R,,nfl_0020,nfl_0003,9,10,0.6097,0.0,0,0.3718,0.9409
2010-09-13,2010,R,,nfl_0014,nfl_0024,21,14,0.465,1.0,0,0.2862,0.7658
2010-09-19,2010,R,,nfl_0011,nfl_0004,34,7,0.7337,1.0,1,0.0709,0.3096
2010-09-19,2010,R,,nfl_0007,nfl_0003,15,10,0.5174,1.0,1,0.2329,0.659
2010-09-19,2010,R,,nfl_0031,nfl_0014,14,16,0.5813,0.0,0,0.3379,0.8706
2010-09-19,2010,R,,nfl_0010,nfl_0022,32,35,0.4698,0.0,1,0.2208,0.6346
2010-09-19,2010,R,,nfl_0029,nfl_0023,11,19,0.5931,0.0,0,0.3518,0.8992
2010-09-19,2010,R,,nfl_0002,nfl_0001,41,7,0.5735,1.0,1,0.1819,0.556
2010-09-19,2010,R,,nfl_0005,nfl_0028,7,20,0.6435,0.0,0,0.4141,1.0313
2010-09-19,2010,R,,nfl_0008,nfl_0006,20,27,0.6367,0.0,0,0.4054,1.0125
2010-09-19,2010,R,,nfl_0016,nfl_0015,10,14,0.6419,0.0,0,0.412,1.0269
2010-09-19,2010,R,,nfl_0021,nfl_0027,16,14,0.61,1.0,1,0.1521,0.4943
2010-09-19,2010,R,,nfl_0009,nfl_0025,31,14,0.5613,1.0,1,0.1924,0.5774
2010-09-19,2010,R,,nfl_0030,nfl_0032,27,30,0.5239,0.0,0,0.2745,0.7421
2010-09-19,2010,R,,nfl_0024,nfl_0013,38,13,0.651,1.0,1,0.1218,0.4293
2010-09-19,2010,R,,nfl_0020,nfl_0017,28,14,0.5652,1.0,1,0.1891,0.5706
2010-09-19,2010,R,,nfl_0012,nfl_0019,38,14,0.6207,1.0,1,0.1439,0.477
2010-09-20,2010,R,,nfl_0026,nfl_0018,22,25,0.4265,0.0,1,0.1819,0.556
2010-09-26,2010,R,,nfl_0017,nfl_0004,38,30,0.7098,1.0,1,0.0842,0.3428
2010-09-26,2010,R,,nfl_0005,nfl_0007,7,20,0.5543,0.0,0,0.3072,0.8081
2010-09-26,2010,R,,nfl_0003,nfl_0031,24,17,0.714,1.0,1,0.0818,0.3368
2010-09-26,2010,R,,nfl_0032,nfl_0008,13,27,0.6723,0.0,0,0.452,1.1156
2010-09-26,2010,R,,nfl_0019,nfl_0029,10,29,0.5794,0.0,0,0.3357,0.866
2010-09-26,2010,R,,nfl_0018,nfl_0002,24,27,0.6396,0.0,0,0.4091,1.0205
2010-09-26,2010,R,,nfl_0028,nfl_0023,13,38,0.5281,0.0,0,0.2789,0.7509
2010-09-26,2010,R,,nfl_0014,nfl_0026,31,10,0.6626,1.0,1,0.1138,0.4116
2010-09-26,2010,R,,nfl_0016,nfl_0010,24,10,0.7473,1.0,1,0.0639,0.2913
2010-09-26,2010,R,,nfl_0013,nfl_0022,3,28,0.5146,0.0,0,0.2648,0.7228
2010-09-26,2010,R,,nfl_0027,nfl_0030,30,16,0.4957,1.0,0,0.2543,0.7018
2010-09-26,2010,R,,nfl_0001,nfl_0021,24,23,0.6779,1.0,1,0.1037,0.3887
2010-09-26,2010,R,,nfl_0009,nfl_0012,13,27,0.5138,0.0,0,0.264,0.7211
2010-09-26,2010,R,,nfl_0025,nfl_0024,27,20,0.4833,1.0,0,0.267,0.7272
2010-09-26,2010,R,,nfl_0015,nfl_0020,23,31,0.5703,0.0,0,0.3252,0.8446
2010-09-27,2010,R,,nfl_0006,nfl_0011,20,17,0.5074,1.0,1,0.2427,0.6785
2010-10-03,2010,R,,nfl_0027,nfl_0025,20,3,0.5113,1.0,1,0.2388,0.6708
2010-10-03,2010,R,,nfl_0004,nfl_0020,14,38,0.3819,0.0,1,0.1459,0.4811
2010-10-03,2010,R,,nfl_0031,nfl_0007,23,20,0.4687,1.0,0,0.2823,0.7579
2010-10-03,2010,R,,nfl_0029,nfl_0009,20,26,0.6949,0.0,0,0.4828,1.187
2010-10-03,2010,R,,nfl_0011,nfl_0010,28,26,0.8081,1.0,1,0.0368,0.2131
2010-10-03,2010,R,,nfl_0023,nfl_0003,14,17,0.6855,0.0,0,0.4699,1.1568
2010-10-03,2010,R,,nfl_0002,nfl_0026,16,14,0.7724,1.0,1,0.0518,0.2582
2010-10-03,2010,R,,nfl_0018,nfl_0005,16,14,0.7743,1.0,1,0.0509,0.2558
2010-10-03,2010,R,,nfl_0013,nfl_0012,31,28,0.3532,1.0,0,0.4183,1.0407
2010-10-03,2010,R,,nfl_0021,nfl_0032,24,31,0.468,0.0,1,0.219,0.631
2010-10-03,2010,R,,nfl_0024,nfl_0001,41,10,0.6739,1.0,1,0.1064,0.3947
2010-10-03,2010,R,,nfl_0022,nfl_0030,12,17,0.7424,0.0,0,0.5512,1.3565
2010-10-03,2010,R,,nfl_0019,nfl_0006,17,3,0.4922,1.0,0,0.2578,0.7088
2010-10-04,2010,R,,nfl_0015,nfl_0017,14,41,0.5666,0.0,0,0.321,0.8361
2010-10-10,2010,R,,nfl_0010,nfl_0027,44,6,0.4928,1.0,0,0.2573,0.7077
2010-10-10,2010,R,,nfl_0004,nfl_0013,26,36,0.5498,0.0,0,0.3023,0.798
2010-10-10,2010,R,,nfl_0003,nfl_0009,31,17,0.6829,1.0,1,0.1005,0.3814
2010-10-10,2010,R,,nfl_0030,nfl_0011,16,13,0.4532,1.0,0,0.299,0.7914
2010-10-10,2010,R,,nfl_0031,nfl_0002,10,20,0.4246,0.0,1,0.1803,0.5526
2010-10-10,2010,R,,nfl_0005,nfl_0006,6,23,0.4919,0.0,1,0.242,0.6771
2010-10-10,2010,R,,nfl_0007,nfl_0028,21,24,0.632,0.0,0,0.3995,0.9998
2010-10-10,2010,R,,nfl_0012,nfl_0014,19,9,0.6571,1.0,1,0.1176,0.4199
2010-10-10,2010,R,,nfl_0032,nfl_0019,10,34,0.6728,0.0,0,0.4526,1.1171
2010-10-10,2010,R,,nfl_0001,nfl_0018,30,20,0.4277,1.0,0,0.3276,0.8494
2010-10-10,2010,R,,nfl_0021,nfl_0024,35,27,0.3638,1.0,0,0.4048,1.0112
2010-10-10,2010,R,,nfl_0008,nfl_0029,27,34,0.6492,0.0,0,0.4215,1.0477
2010-10-10,2010,R,,nfl_0026,nfl_0022,24,27,0.435,0.0,1,0.1893,0.571
2010-10-11,2010,R,,nfl_0020,nfl_0016,29,20,0.6719,1.0,1,0.1077,0.3976
2010-10-17,2010,R,,nfl_0027,nfl_0024,20,17,0.4048,1.0,0,0.3542,0.9043
2010-10-17,2010,R,,nfl_0017,nfl_0003,23,20,0.6519,1.0,1,0.1211,0.4278
2010-10-17,2010,R,,nfl_0022,nfl_0002,31,17,0.5472,1.0,1,0.2051,0.603
2010-10-17,2010,R,,nfl_0006,nfl_0025,20,23,0.6695,0.0,0,0.4482,1.1071
2010-10-17,2010,R,,nfl_0023,nfl_0031,28,10,0.8123,1.0,1,0.0352,0.2079
2010-10-17,2010,R,,nfl_0011,nfl_0015,20,23,0.7197,0.0,0,0.518,1.272
2010-10-17,2010,R,,nfl_0028,nfl_0018,6,31,0.4952,0.0,1,0.2452,0.6835
2010-10-17,2010,R,,nfl_0019,nfl_0010,28,20,0.7149,1.0,1,0.0813,0.3356
2010-10-17,2010,R,,nfl_0032,nfl_0014,35,31,0.5742,1.0,1,0.1813,0.5549
2010-10-17,2010,R,,nfl_0009,nfl_0020,20,24,0.4047,0.0,1,0.1638,0.5188
2010-10-17,2010,R,,nfl_0026,nfl_0021,17,9,0.5792,1.0,1,0.1771,0.5462
2010-10-17,2010,R,,nfl_0016,nfl_0008,24,21,0.6108,1.0,1,0.1515,0.493
2010-10-17,2010,R,,nfl_0030,nfl_0012,24,27,0.4436,0.0,1,0.1967,0.5862
2010-10-18,2010,R,,nfl_0013,nfl_0029,3,30,0.4743,0.0,1,0.225,0.6431
2010-10-24,2010,R,,nfl_0003,nfl_0004,37,34,0.8058,1.0,1,0.0377,0.216
2010-10-24,2010,R,,nfl_0015,nfl_0023,22,23,0.4114,0.0,1,0.1693,0.53
2010-10-24,2010,R,,nfl_0018,nfl_0031,17,30,0.8126,0.0,0,0.6602,1.6743
2010-10-24,2010,R,,nfl_0029,nfl_0022,37,19,0.6167,1.0,1,0.1469,0.4834
2010-10-24,2010,R,,nfl_0028,nfl_0027,18,17,0.6242,1.0,1,0.1412,0.4712
2010-10-24,2010,R,,nfl_0005,nfl_0026,23,20,0.5957,1.0,1,0.1635,0.5181
2010-10-24,2010,R,,nfl_0014,nfl_0013,42,20,0.7044,1.0,1,0.0874,0.3504
2010-10-24,2010,R,,nfl_0006,nfl_0030,14,17,0.6661,0.0,0,0.4437,1.0969
2010-10-24,2010,R,,nfl_0002,nfl_0007,39,32,0.6577,1.0,1,0.1171,0.419
2010-10-24,2010,R,,nfl_0025,nfl_0001,22,10,0.5622,1.0,1,0.1917,0.576
2010-10-24,2010,R,,nfl_0024,nfl_0017,20,23,0.5179,0.0,0,0.2682,0.7295
2010-10-24,2010,R,,nfl_0009,nfl_0021,14,59,0.6798,0.0,0,0.4621,1.1388
2010-10-24,2010,R,,nfl_0011,nfl_0016,28,24,0.6374,1.0,1,0.1315,0.4503
2010-10-25,2010,R,,nfl_0008,nfl_0019,35,41,0.5493,0.0,0,0.3017,0.7969
2010-10-31,2010,R,,nfl_0027,nfl_0005,20,10,0.612,1.0,1,0.1506,0.4911
2010-10-31,2010,R,,nfl_0010,nfl_0030,37,25,0.5554,1.0,1,0.1976,0.588
2010-10-31,2010,R,,nfl_0020,nfl_0011,0,9,0.7182,0.0,0,0.5158,1.2664
2010-10-31,2010,R,,nfl_0008,nfl_0013,17,35,0.7086,0.0,0,0.5021,1.233
2010-10-31,2010,R,,nfl_0007,nfl_0015,14,22,0.6398,0.0,0,0.4093,1.021
2010-10-31,2010,R,,nfl_0026,nfl_0009,24,16,0.6518,1.0,1,0.1213,0.4281
2010-10-31,2010,R,,nfl_0014,nfl_0004,13,10,0.7722,1.0,1,0.0519,0.2586
2010-10-31,2010,R,,nfl_0024,nfl_0029,33,25,0.4745,1.0,0,0.2762,0.7455
2010-10-31,2010,R,,nfl_0001,nfl_0028,35,38,0.6195,0.0,0,0.3838,0.9662
2010-10-31,2010,R,,nfl_0017,nfl_0016,28,18,0.7117,1.0,1,0.0831,0.3401
2010-10-31,2010,R,,nfl_0021,nfl_0025,33,3,0.6035,1.0,1,0.1572,0.5051
2010-10-31,2010,R,,nfl_0018,nfl_0023,20,10,0.5421,1.0,1,0.2097,0.6123
2010-11-01,2010,R,,nfl_0012,nfl_0032,30,17,0.7438,1.0,1,0.0657,0.296
2010-11-07,2010,R,,nfl_0002,nfl_0028,27,21,0.7716,1.0,1,0.0522,0.2593
2010-11-07,2010,R,,nfl_0004,nfl_0006,19,22,0.37,0.0,1,0.1369,0.4621
2010-11-07,2010,R,,nfl_0031,nfl_0017,34,14,0.4004,1.0,0,0.3595,0.9153
2010-11-07,2010,R,,nfl_0032,nfl_0024,23,29,0.5005,0.0,0,0.2505,0.6942
2010-11-07,2010,R,,nfl_0003,nfl_0015,26,10,0.7454,1.0,1,0.0648,0.2939
2010-11-07,2010,R,,nfl_0010,nfl_0020,20,23,0.3809,0.0,1,0.1451,0.4795
2010-11-07,2010,R,,nfl_0005,nfl_0018,3,34,0.3359,0.0,1,0.1128,0.4093
2010-11-07,2010,R,,nfl_0016,nfl_0001,27,24,0.6909,1.0,1,0.0955,0.3698
2010-11-07,2010,R,,nfl_0025,nfl_0019,7,41,0.4345,0.0,1,0.1888,0.57
2010-11-07,2010,R,,nfl_0021,nfl_0014,23,20,0.6369,1.0,1,0.1319,0.4512
2010-11-07,2010,R,,nfl_0022,nfl_0012,26,24,0.5402,1.0,1,0.2114,0.6159
2010-11-07,2010,R,,nfl_0011,nfl_0008,45,7,0.7885,1.0,1,0.0447,0.2377
2010-11-08,2010,R,,nfl_0007,nfl_0023,21,27,0.4251,0.0,1,0.1807,0.5536
2010-11-11,2010,R,,nfl_0002,nfl_0003,26,21,0.5952,1.0,1,0.1639,0.5189
2010-11-14,2010,R,,nfl_0004,nfl_0010,14,12,0.4757,1.0,0,0.2749,0.743
2010-11-14,2010,R,,nfl_0028,nfl_0005,31,16,0.7181,1.0,1,0.0795,0.3311
2010-11-14,2010,R,,nfl_0006,nfl_0016,27,13,0.5992,1.0,1,0.1606,0.5122
2010-11-14,2010,R,,nfl_0012,nfl_0007,23,17,0.7974,1.0,1,0.0411,0.2264
2010-11-14,2010,R,,nfl_0031,nfl_0020,20,26,0.4249,0.0,1,0.1805,0.5532
2010-11-14,2010,R,,nfl_0015,nfl_0029,29,17,0.3892,1.0,0,0.373,0.9436
2010-11-14,2010,R,,nfl_0013,nfl_0032,31,24,0.599,1.0,1,0.1608,0.5125
2010-11-14,2010,R,,nfl_0009,nfl_0014,49,29,0.4416,1.0,0,0.3118,0.8173
2010-11-14,2010,R,,nfl_0001,nfl_0025,18,36,0.6209,0.0,0,0.3855,0.97
2010-11-14,2010,R,,nfl_0019,nfl_0008,20,33,0.8098,0.0,0,0.6558,1.6597
2010-11-14,2010,R,,nfl_0026,nfl_0027,23,20,0.6,1.0,1,0.16,0.5108
2010-11-14,2010,R,,nfl_0023,nfl_0017,26,39,0.6183,0.0,0,0.3823,0.9632
2010-11-15,2010,R,,nfl_0030,nfl_0022,28,59,0.5083,0.0,0,0.2583,0.7098
2010-11-18,2010,R,,nfl_0015,nfl_0006,0,16,0.5442,0.0,0,0.2962,0.7857
2010-11-21,2010,R,,nfl_0007,nfl_0004,31,49,0.7004,0.0,0,0.4906,1.2054
2010-11-21,2010,R,,nfl_0008,nfl_0010,35,19,0.6323,1.0,1,0.1352,0.4583
2010-11-21,2010,R,,nfl_0023,nfl_0021,35,3,0.6044,1.0,1,0.1565,0.5036
2010-11-21,2010,R,,nfl_0013,nfl_0031,24,20,0.5599,1.0,1,0.1937,0.58
2010-11-21,2010,R,,nfl_0014,nfl_0001,31,13,0.6969,1.0,1,0.0919,0.3612
2010-11-21,2010,R,,nfl_0020,nfl_0032,30,27,0.8063,1.0,1,0.0375,0.2153
2010-11-21,2010,R,,nfl_0029,nfl_0030,16,19,0.7871,0.0,0,0.6196,1.5471
2010-11-21,2010,R,,nfl_0005,nfl_0003,13,37,0.2795,0.0,1,0.0781,0.3279
2010-11-21,2010,R,,nfl_0016,nfl_0011,3,31,0.3911,0.0,1,0.1529,0.4961
2010-11-21,2010,R,,nfl_0027,nfl_0002,17,34,0.3568,0.0,1,0.1273,0.4413
2010-11-21,2010,R,,nfl_0018,nfl_0025,34,19,0.8,1.0,1,0.04,0.2232
2010-11-21,2010,R,,nfl_0026,nfl_0028,0,21,0.5603,0.0,0,0.3139,0.8216
2010-11-21,2010,R,,nfl_0017,nfl_0012,31,28,0.6012,1.0,1,0.159,0.5088
2010-11-21,2010,R,,nfl_0022,nfl_0019,27,17,0.6558,1.0,1,0.1185,0.4219
2010-11-22,2010,R,,nfl_0024,nfl_0009,35,14,0.8061,1.0,1,0.0376,0.2156
2010-11-25,2010,R,,nfl_0010,nfl_0017,24,45,0.3158,0.0,1,0.0998,0.3796
2010-11-25,2010,R,,nfl_0008,nfl_0018,27,30,0.401,0.0,1,0.1608,0.5125
2010-11-25,2010,R,,nfl_0020,nfl_0007,26,10,0.8464,1.0,1,0.0236,0.1668
2010-11-28,2010,R,,nfl_0002,nfl_0011,20,17,0.5495,1.0,1,0.203,0.5988
2010-11-28,2010,R,,nfl_0004,nfl_0023,16,19,0.3267,0.0,1,0.1067,0.3955
2010-11-28,2010,R,,nfl_0032,nfl_0029,20,0,0.4388,1.0,0,0.3149,0.8236
2010-11-28,2010,R,,nfl_0019,nfl_0013,24,20,0.7096,1.0,1,0.0844,0.3431
2010-11-28,2010,R,,nfl_0030,nfl_0016,13,17,0.5619,0.0,0,0.3158,0.8254
2010-11-28,2010,R,,nfl_0031,nfl_0005,24,23,0.7737,1.0,1,0.0512,0.2566
2010-11-28,2010,R,,nfl_0021,nfl_0015,17,33,0.6505,0.0,0,0.4231,1.0512
2010-11-28,2010,R,,nfl_0025,nfl_0014,24,42,0.5622,0.0,0,0.3161,0.826
2010-11-28,2010,R,,nfl_0006,nfl_0022,31,26,0.5328,1.0,1,0.2182,0.6296
2010-11-28,2010,R,,nfl_0003,nfl_0028,17,10,0.7149,1.0,1,0.0813,0.3357
2010-11-28,2010,R,,nfl_0009,nfl_0027,33,36,0.575,0.0,0,0.3306,0.8556
2010-11-28,2010,R,,nfl_0012,nfl_0024,14,36,0.656,0.0,0,0.4303,1.0671
2010-11-29,2010,R,,nfl_0001,nfl_0026,6,27,0.5712,0.0,0,0.3262,0.8467
2010-12-02,2010,R,,nfl_0022,nfl_0032,34,24,0.7607,1.0,1,0.0573,0.2735
2010-12-05,2010,R,,nfl_0015,nfl_0031,10,13,0.641,0.0,0,0.4109,1.0244
2010-12-05,2010,R,,nfl_0011,nfl_0026,34,16,0.8304,1.0,1,0.0288,0.1858
2010-12-05,2010,R,,nfl_0019,nfl_0030,31,7,0.767,1.0,1,0.0543,0.2652
2010-12-05,2010,R,,nfl_0010,nfl_0006,20,24,0.3565,0.0,1,0.1271,0.4408
2010-12-05,2010,R,,nfl_0007,nfl_0018,30,34,0.2811,0.0,1,0.079,0.3301
2010-12-05,2010,R,,nfl_0014,nfl_0009,10,6,0.7698,1.0,1,0.053,0.2616
2010-12-05,2010,R,,nfl_0029,nfl_0013,6,17,0.6885,0.0,0,0.474,1.1662
2010-12-05,2010,R,,nfl_0016,nfl_0004,38,14,0.6928,1.0,1,0.0944,0.3671
2010-12-05,2010,R,,nfl_0024,nfl_0021,13,28,0.7755,0.0,0,0.6014,1.4938
2010-12-05,2010,R,,nfl_0012,nfl_0008,35,38,0.7089,0.0,0,0.5025,1.2341
2010-12-05,2010,R,,nfl_0001,nfl_0027,6,19,0.4757,0.0,1,0.2263,0.6456
2010-12-05,2010,R,,nfl_0028,nfl_0002,24,28,0.4238,0.0,1,0.1796,0.5512
2010-12-05,2010,R,,nfl_0025,nfl_0005,31,14,0.7286,1.0,1,0.0737,0.3167
2010-12-05,2010,R,,nfl_0003,nfl_0023,10,13,0.5912,0.0,0,0.3495,0.8945
2010-12-06,2010,R,,nfl_0017,nfl_0020,45,3,0.6118,1.0,1,0.1507,0.4914
2010-12-09,2010,R,,nfl_0029,nfl_0012,28,30,0.5156,0.0,0,0.2658,0.7248
2010-12-12,2010,R,,nfl_0004,nfl_0031,13,6,0.4544,1.0,0,0.2977,0.7888
2010-12-12,2010,R,,nfl_0023,nfl_0007,23,7,0.8546,1.0,1,0.0211,0.1571
2010-12-12,2010,R,,nfl_0013,nfl_0021,38,31,0.5641,1.0,1,0.19,0.5724
2010-12-12,2010,R,,nfl_0005,nfl_0002,10,31,0.191,0.0,1,0.0365,0.212
2010-12-12,2010,R,,nfl_0010,nfl_0011,7,3,0.2538,1.0,0,0.5569,1.3714
2010-12-12,2010,R,,nfl_0030,nfl_0028,16,17,0.4783,0.0,1,0.2288,0.6508
2010-12-12,2010,R,,nfl_0018,nfl_0027,31,13,0.8208,1.0,1,0.0321,0.1974
2010-12-12,2010,R,,nfl_0026,nfl_0025,40,21,0.595,1.0,1,0.164,0.5192
2010-12-12,2010,R,,nfl_0001,nfl_0009,43,13,0.5137,1.0,1,0.2365,0.6661
2010-12-12,2010,R,,nfl_0024,nfl_0014,31,0,0.6699,1.0,1,0.1089,0.4006
2010-12-12,2010,R,,nfl_0020,nfl_0015,6,10,0.7212,0.0,0,0.5201,1.2772
2010-12-12,2010,R,,nfl_0006,nfl_0017,7,36,0.4682,0.0,1,0.2192,0.6315
2010-12-12,2010,R,,nfl_0008,nfl_0022,27,30,0.401,0.0,1,0.1608,0.5125
2010-12-13,2010,R,,nfl_0016,nfl_0019,3,21,0.4965,0.0,1,0.2465,0.6861
2010-12-13,2010,R,,nfl_0032,nfl_0003,28,34,0.4443,0.0,1,0.1974,0.5876
2010-12-16,2010,R,,nfl_0024,nfl_0026,34,7,0.7769,1.0,1,0.0498,0.2525
2010-12-19,2010,R,,nfl_0027,nfl_0014,13,27,0.5171,0.0,0,0.2674,0.728
2010-12-19,2010,R,,nfl_0015,nfl_0004,14,17,0.7364,0.0,0,0.5423,1.3333
2010-12-19,2010,R,,nfl_0007,nfl_0031,19,17,0.476,1.0,0,0.2746,0.7424
2010-12-19,2010,R,,nfl_0012,nfl_0013,34,24,0.6896,1.0,1,0.0964,0.3717
2010-12-19,2010,R,,nfl_0029,nfl_0032,31,17,0.6326,1.0,1,0.135,0.4579
2010-12-19,2010,R,,nfl_0008,nfl_0030,33,30,0.7067,1.0,1,0.086,0.3471
2010-12-19,2010,R,,nfl_0028,nfl_0010,20,23,0.7141,0.0,0,0.51,1.2522
2010-12-19,2010,R,,nfl_0003,nfl_0018,30,24,0.5259,1.0,1,0.2248,0.6427
2010-12-19,2010,R,,nfl_0019,nfl_0022,31,38,0.5515,0.0,0,0.3041,0.8018
2010-12-19,2010,R,,nfl_0005,nfl_0001,19,12,0.5288,1.0,1,0.222,0.6371
2010-12-19,2010,R,,nfl_0025,nfl_0002,18,34,0.2843,0.0,1,0.0808,0.3345
2010-12-19,2010,R,,nfl_0021,nfl_0009,39,23,0.7942,1.0,1,0.0424,0.2304
2010-12-19,2010,R,,nfl_0023,nfl_0020,17,22,0.6852,0.0,0,0.4695,1.1558
2010-12-19,2010,R,,nfl_0017,nfl_0011,31,27,0.7179,1.0,1,0.0796,0.3314
2010-12-20,2010,R,,nfl_0016,nfl_0006,14,40,0.4712,0.0,1,0.222,0.6372
2010-12-23,2010,R,,nfl_0023,nfl_0005,27,3,0.8951,1.0,1,0.011,0.1108
2010-12-25,2010,R,,nfl_0001,nfl_0008,27,26,0.3993,1.0,0,0.3609,0.9181
2010-12-26,2010,R,,nfl_0027,nfl_0026,25,17,0.5437,1.0,1,0.2082,0.6094
2010-12-26,2010,R,,nfl_0004,nfl_0017,3,34,0.1991,0.0,1,0.0396,0.222
2010-12-26,2010,R,,nfl_0006,nfl_0020,38,34,0.5974,1.0,1,0.1621,0.5152
2010-12-26,2010,R,,nfl_0031,nfl_0003,10,20,0.3901,0.0,1,0.1522,0.4945
2010-12-26,2010,R,,nfl_0015,nfl_0010,27,34,0.6978,0.0,0,0.4869,1.1966
2010-12-26,2010,R,,nfl_0013,nfl_0030,17,20,0.7303,0.0,0,0.5333,1.3104
2010-12-26,2010,R,,nfl_0014,nfl_0029,34,14,0.6281,1.0,1,0.1383,0.4651
2010-12-26,2010,R,,nfl_0007,nfl_0024,34,20,0.2809,1.0,0,0.5172,1.2699
2010-12-26,2010,R,,nfl_0021,nfl_0012,26,31,0.5123,0.0,0,0.2624,0.718
2010-12-26,2010,R,,nfl_0009,nfl_0032,24,23,0.4353,1.0,0,0.3189,0.8318
2010-12-26,2010,R,,nfl_0011,nfl_0019,45,17,0.6677,1.0,1,0.1104,0.404
2010-12-26,2010,R,,nfl_0028,nfl_0025,38,15,0.7115,1.0,1,0.0832,0.3404
2010-12-27,2010,R,,nfl_0002,nfl_0018,14,17,0.6367,0.0,0,0.4054,1.0125
2010-12-28,2010,R,,nfl_0022,nfl_0016,14,24,0.8441,0.0,0,0.7126,1.8587
2011-01-02,2010,R,,nfl_0018,nfl_0028,13,23,0.77,0.0,0,0.593,1.4699
2011-01-02,2010,R,,nfl_0003,nfl_0007,13,7,0.8305,1.0,1,0.0287,0.1857
2011-01-02,2010,R,,nfl_0031,nfl_0023,9,41,0.3483,0.0,1,0.1213,0.4282
2011-01-02,2010,R,,nfl_0014,nfl_0021,10,31,0.6599,0.0,0,0.4355,1.0785
2011-01-02,2010,R,,nfl_0017,nfl_0015,38,7,0.8801,1.0,1,0.0144,0.1277
2011-01-02,2010,R,,nfl_0002,nfl_0005,31,10,0.9093,1.0,1,0.0082,0.0951
2011-01-02,2010,R,,nfl_0020,nfl_0004,38,7,0.8069,1.0,1,0.0373,0.2145
2011-01-02,2010,R,,nfl_0010,nfl_0016,20,13,0.6037,1.0,1,0.1571,0.5047
2011-01-02,2010,R,,nfl_0011,nfl_0006,10,3,0.6726,1.0,1,0.1072,0.3966
2011-01-02,2010,R,,nfl_0026,nfl_0001,38,7,0.7036,1.0,1,0.0879,0.3516
2011-01-02,2010,R,,nfl_0022,nfl_0008,13,14,0.8099,0.0,0,0.6559,1.66
2011-01-02,2010,R,,nfl_0009,nfl_0024,28,33,0.2557,0.0,1,0.0654,0.2953
2011-01-02,2010,R,,nfl_0032,nfl_0013,34,17,0.5431,1.0,1,0.2087,0.6104
2011-01-02,2010,R,,nfl_0012,nfl_0029,23,20,0.7405,1.0,1,0.0673,0.3004
2011-01-02,2010,R,,nfl_0030,nfl_0019,14,17,0.3809,0.0,1,0.1451,0.4794
2011-01-02,2010,R,,nfl_0025,nfl_0027,16,6,0.5369,1.0,1,0.2145,0.622
2011-01-08,2010,P,WC,nfl_0025,nfl_0018,41,36,0.3021,1.0,0,0.4871,1.1971
2011-01-08,2010,P,WC,nfl_0012,nfl_0020,16,17,0.6014,0.0,0,0.3617,0.9198
2011-01-09,2010,P,WC,nfl_0014,nfl_0003,7,30,0.4131,0.0,1,0.1706,0.5329
2011-01-09,2010,P,WC,nfl_0022,nfl_0011,16,21,0.5621,0.0,0,0.316,0.8258
2011-01-15,2010,P,DV,nfl_0023,nfl_0003,31,24,0.6237,1.0,1,0.1416,0.472
2011-01-15,2010,P,DV,nfl_0002,nfl_0011,21,48,0.5935,0.0,0,0.3522,0.9001
2011-01-16,2010,P,DV,nfl_0006,nfl_0025,35,24,0.8232,1.0,1,0.0313,0.1946
2011-01-16,2010,P,DV,nfl_0017,nfl_0020,21,28,0.8052,0.0,0,0.6483,1.6356
2011-01-23,2010,P,CC,nfl_0006,nfl_0011,14,21,0.4024,0.0,1,0.162,0.5149
2011-01-23,2010,P,CC,nfl_0023,nfl_0020,24,19,0.6536,1.0,1,0.12,0.4253
2011-09-08,2011,R,,nfl_0011,nfl_0018,42,34,0.661,1.0,1,0.1149,0.414
2011-09-11,2011,R,,nfl_0027,nfl_0022,13,31,0.5131,0.0,0,0.2632,0.7196
2011-09-11,2011,R,,nfl_0032,nfl_0012,34,7,0.5515,1.0,1,0.2012,0.5951
2011-09-11,2011,R,,nfl_0013,nfl_0029,16,14,0.5939,1.0,1,0.1649,0.521
2011-09-11,2011,R,,nfl_0003,nfl_0023,35,7,0.5879,1.0,1,0.1698,0.5312
2011-09-11,2011,R,,nfl_0006,nfl_0002,30,12,0.5951,1.0,1,0.164,0.5191
2011-09-11,2011,R,,nfl_0014,nfl_0004,7,41,0.6363,0.0,0,0.4049,1.0114
2011-09-11,2011,R,,nfl_0031,nfl_0007,17,27,0.6025,0.0,0,0.3629,0.9224
2011-09-11,2011,R,,nfl_0028,nfl_0010,20,27,0.635,0.0,0,0.4032,1.0079
2011-09-11,2011,R,,nfl_0001,nfl_0005,28,21,0.609,1.0,1,0.1529,0.496
2011-09-11,2011,R,,nfl_0024,nfl_0016,24,17,0.6743,1.0,1,0.1061,0.3941
2011-09-11,2011,R,,nfl_0026,nfl_0025,33,17,0.6209,1.0,1,0.1437,0.4766
2011-09-11,2011,R,,nfl_0030,nfl_0019,28,14,0.5294,1.0,1,0.2214,0.636
2011-09-11,2011,R,,nfl_0020,nfl_0008,27,24,0.6571,1.0,1,0.1176,0.4199
2011-09-12,2011,R,,nfl_0015,nfl_0017,24,38,0.4902,0.0,1,0.2403,0.6737
2011-09-12,2011,R,,nfl_0009,nfl_0021,20,23,0.5115,0.0,0,0.2616,0.7164
2011-09-18,2011,R,,nfl_0005,nfl_0011,23,30,0.3653,0.0,1,0.1335,0.4547
2011-09-18,2011,R,,nfl_0018,nfl_0006,30,13,0.5605,1.0,1,0.1932,0.5789
2011-09-18,2011,R,,nfl_0012,nfl_0031,19,27,0.6511,0.0,0,0.4239,1.0529
2011-09-18,2011,R,,nfl_0010,nfl_0014,48,3,0.7151,1.0,1,0.0812,0.3353
2011-09-18,2011,R,,nfl_0020,nfl_0013,32,3,0.6676,1.0,1,0.1105,0.4041
2011-09-18,2011,R,,nfl_0029,nfl_0003,26,13,0.4534,1.0,0,0.2987,0.7909
2011-09-18,2011,R,,nfl_0023,nfl_0025,24,0,0.6859,1.0,1,0.0987,0.377
2011-09-18,2011,R,,nfl_0004,nfl_0021,38,35,0.622,1.0,1,0.1428,0.4747
2011-09-18,2011,R,,nfl_0030,nfl_0001,22,21,0.6492,1.0,1,0.123,0.432
2011-09-18,2011,R,,nfl_0016,nfl_0028,20,24,0.5713,0.0,0,0.3264,0.847
2011-09-18,2011,R,,nfl_0026,nfl_0008,24,27,0.6382,0.0,0,0.4073,1.0167
2011-09-18,2011,R,,nfl_0009,nfl_0007,24,22,0.491,1.0,0,0.259,0.7112
2011-09-18,2011,R,,nfl_0015,nfl_0032,13,23,0.4863,0.0,1,0.2365,0.6661
2011-09-18,2011,R,,nfl_0017,nfl_0024,35,21,0.6687,1.0,1,0.1098,0.4024
2011-09-18,2011,R,,nfl_0002,nfl_0022,35,31,0.5035,1.0,1,0.2465,0.6862
2011-09-19,2011,R,,nfl_0019,nfl_0027,28,16,0.6692,1.0,1,0.1094,0.4017
2011-09-25,2011,R,,nfl_0005,nfl_0013,16,10,0.5306,1.0,1,0.2204,0.6338
2011-09-25,2011,R,,nfl_0007,nfl_0026,8,13,0.594,0.0,0,0.3528,0.9014
2011-09-25,2011,R,,nfl_0031,nfl_0015,17,16,0.647,1.0,1,0.1246,0.4354
2011-09-25,2011,R,,nfl_0029,nfl_0009,17,14,0.6868,1.0,1,0.0981,0.3757
2011-09-25,2011,R,,nfl_0018,nfl_0032,40,33,0.5877,1.0,1,0.17,0.5316
2011-09-25,2011,R,,nfl_0004,nfl_0017,34,31,0.5007,1.0,1,0.2493,0.6917
2011-09-25,2011,R,,nfl_0022,nfl_0019,16,29,0.6775,0.0,0,0.4589,1.1315
2011-09-25,2011,R,,nfl_0016,nfl_0010,23,26,0.4629,0.0,1,0.2143,0.6215
2011-09-25,2011,R,,nfl_0021,nfl_0020,34,24,0.5188,1.0,1,0.2316,0.6563
2011-09-25,2011,R,,nfl_0024,nfl_0014,20,17,0.7683,1.0,1,0.0537,0.2636
2011-09-25,2011,R,,nfl_0027,nfl_0003,7,37,0.4,0.0,1,0.16,0.5108
2011-09-25,2011,R,,nfl_0006,nfl_0011,17,27,0.4931,0.0,1,0.2431,0.6794
2011-09-25,2011,R,,nfl_0025,nfl_0001,13,10,0.5546,1.0,1,0.1984,0.5896
2011-09-25,2011,R,,nfl_0028,nfl_0002,16,13,0.5848,1.0,1,0.1724,0.5365
2011-09-25,2011,R,,nfl_0012,nfl_0023,20,23,0.4871,0.0,1,0.2372,0.6676
2011-09-26,2011,R,,nfl_0008,nfl_0030,18,16,0.5958,1.0,1,0.1634,0.5179
2011-10-02,2011,R,,nfl_0027,nfl_0030,10,17,0.4592,0.0,1,0.2108,0.6146
2011-10-02,2011,R,,nfl_0008,nfl_0010,30,34,0.5294,0.0,0,0.2803,0.7538
2011-10-02,2011,R,,nfl_0014,nfl_0016,22,17,0.5204,1.0,1,0.23,0.6532
2011-10-02,2011,R,,nfl_0007,nfl_0004,23,20,0.4889,1.0,0,0.2612,0.7155
2011-10-02,2011,R,,nfl_0031,nfl_0029,13,31,0.5441,0.0,0,0.296,0.7854
2011-10-02,2011,R,,nfl_0032,nfl_0023,17,10,0.594,1.0,1,0.1648,0.5208
2011-10-02,2011,R,,nfl_0013,nfl_0018,10,23,0.4437,0.0,1,0.1969,0.5865
2011-10-02,2011,R,,nfl_0022,nfl_0026,23,24,0.597,0.0,0,0.3564,0.9089
2011-10-02,2011,R,,nfl_0006,nfl_0005,34,29,0.6945,1.0,1,0.0933,0.3645
2011-10-02,2011,R,,nfl_0025,nfl_0002,28,30,0.5035,0.0,0,0.2536,0.7003
2011-10-02,2011,R,,nfl_0001,nfl_0019,27,31,0.4569,0.0,1,0.2088,0.6105
2011-10-02,2011,R,,nfl_0011,nfl_0009,49,23,0.8157,1.0,1,0.034,0.2037
2011-10-02,2011,R,,nfl_0024,nfl_0015,26,16,0.7273,1.0,1,0.0744,0.3185
2011-10-02,2011,R,,nfl_0021,nfl_0017,19,31,0.5106,0.0,0,0.2607,0.7145
2011-10-02,2011,R,,nfl_0003,nfl_0020,34,17,0.6536,1.0,1,0.12,0.4253
2011-10-03,2011,R,,nfl_0028,nfl_0012,24,17,0.6947,1.0,1,0.0932,0.3643
2011-10-09,2011,R,,nfl_0013,nfl_0007,20,30,0.5134,0.0,0,0.2636,0.7203
2011-10-09,2011,R,,nfl_0012,nfl_0014,24,28,0.6436,0.0,0,0.4142,1.0317
2011-10-09,2011,R,,nfl_0032,nfl_0021,20,25,0.6586,0.0,0,0.4337,1.0747
2011-10-09,2011,R,,nfl_0023,nfl_0029,38,17,0.5716,1.0,1,0.1835,0.5592
2011-10-09,2011,R,,nfl_0004,nfl_0022,31,24,0.6552,1.0,1,0.1189,0.4229
2011-10-09,2011,R,,nfl_0005,nfl_0018,27,30,0.3733,0.0,1,0.1394,0.4674
2011-10-09,2011,R,,nfl_0019,nfl_0025,25,36,0.766,0.0,0,0.5868,1.4525
2011-10-09,2011,R,,nfl_0016,nfl_0001,34,10,0.5931,1.0,1,0.1656,0.5224
2011-10-09,2011,R,,nfl_0026,nfl_0028,48,3,0.621,1.0,1,0.1436,0.4764
2011-10-09,2011,R,,nfl_0017,nfl_0020,30,21,0.7241,1.0,1,0.0761,0.3228
2011-10-09,2011,R,,nfl_0009,nfl_0024,24,29,0.4368,0.0,1,0.1908,0.5741
2011-10-09,2011,R,,nfl_0002,nfl_0011,14,25,0.4241,0.0,1,0.1798,0.5518
2011-10-10,2011,R,,nfl_0010,nfl_0006,24,13,0.6797,1.0,1,0.1026,0.3861
2011-10-16,2011,R,,nfl_0002,nfl_0005,31,17,0.7096,1.0,1,0.0843,0.343
2011-10-16,2011,R,,nfl_0019,nfl_0004,27,24,0.5541,1.0,1,0.1988,0.5904
2011-10-16,2011,R,,nfl_0007,nfl_0012,27,17,0.7267,1.0,1,0.0747,0.3192
2011-10-16,2011,R,,nfl_0011,nfl_0027,24,3,0.8724,1.0,1,0.0163,0.1365
2011-10-16,2011,R,,nfl_0023,nfl_0013,17,13,0.7892,1.0,1,0.0444,0.2368
2011-10-16,2011,R,,nfl_0010,nfl_0026,19,25,0.599,0.0,0,0.3588,0.9139
2011-10-16,2011,R,,nfl_0030,nfl_0022,13,20,0.654,0.0,0,0.4277,1.0613
2011-10-16,2011,R,,nfl_0021,nfl_0031,24,17,0.6919,1.0,1,0.0949,0.3684
2011-10-16,2011,R,,nfl_0003,nfl_0032,29,14,0.7322,1.0,1,0.0717,0.3117
2011-10-16,2011,R,,nfl_0017,nfl_0008,20,16,0.7543,1.0,1,0.0604,0.282
2011-10-16,2011,R,,nfl_0028,nfl_0018,26,20,0.437,1.0,0,0.317,0.8279
2011-10-16,2011,R,,nfl_0006,nfl_0016,39,10,0.6413,1.0,1,0.1287,0.4443
2011-10-17,2011,R,,nfl_0020,nfl_0015,24,6,0.7032,1.0,1,0.0881,0.3521
2011-10-23,2011,R,,nfl_0015,nfl_0009,15,18,0.5515,0.0,0,0.3041,0.8018
2011-10-23,2011,R,,nfl_0029,nfl_0032,7,41,0.6355,0.0,0,0.4039,1.0093
2011-10-23,2011,R,,nfl_0020,nfl_0024,27,21,0.5495,1.0,1,0.203,0.5988
2011-10-23,2011,R,,nfl_0031,nfl_0025,6,3,0.531,1.0,1,0.22,0.633
2011-10-23,2011,R,,nfl_0010,nfl_0002,16,23,0.6723,0.0,0,0.452,1.1157
2011-10-23,2011,R,,nfl_0005,nfl_0030,33,20,0.4768,1.0,0,0.2737,0.7406
2011-10-23,2011,R,,nfl_0028,nfl_0006,18,24,0.5543,0.0,0,0.3072,0.8081
2011-10-23,2011,R,,nfl_0001,nfl_0023,20,32,0.3961,0.0,1,0.1569,0.5043
2011-10-23,2011,R,,nfl_0008,nfl_0027,34,7,0.7559,1.0,1,0.0596,0.2799
2011-10-23,2011,R,,nfl_0016,nfl_0011,27,33,0.2732,0.0,1,0.0746,0.3191
2011-10-23,2011,R,,nfl_0021,nfl_0014,0,28,0.7371,0.0,0,0.5434,1.3361
2011-10-23,2011,R,,nfl_0018,nfl_0012,62,7,0.8002,1.0,1,0.0399,0.2229
2011-10-24,2011,R,,nfl_0013,nfl_0003,12,7,0.2877,1.0,0,0.5073,1.2457
2011-10-30,2011,R,,nfl_0027,nfl_0018,31,21,0.2601,1.0,0,0.5474,1.3465
2011-10-30,2011,R,,nfl_0003,nfl_0001,30,27,0.8461,1.0,1,0.0237,0.1671
2011-10-30,2011,R,,nfl_0019,nfl_0015,20,17,0.7998,1.0,1,0.0401,0.2234
2011-10-30,2011,R,,nfl_0029,nfl_0012,27,10,0.6958,1.0,1,0.0925,0.3627
2011-10-30,2011,R,,nfl_0032,nfl_0013,24,14,0.8105,1.0,1,0.0359,0.2101
2011-10-30,2011,R,,nfl_0005,nfl_0016,21,24,0.6103,0.0,0,0.3725,0.9425
2011-10-30,2011,R,,nfl_0004,nfl_0030,23,0,0.7456,1.0,1,0.0647,0.2935
2011-10-30,2011,R,,nfl_0009,nfl_0010,10,45,0.4301,0.0,1,0.1849,0.5622
2011-10-30,2011,R,,nfl_0026,nfl_0031,20,10,0.813,1.0,1,0.035,0.2071
2011-10-30,2011,R,,nfl_0023,nfl_0017,25,17,0.4804,1.0,0,0.27,0.7332
2011-10-30,2011,R,,nfl_0025,nfl_0007,12,34,0.4568,0.0,1,0.2087,0.6103
2011-10-30,2011,R,,nfl_0022,nfl_0008,34,7,0.6523,1.0,1,0.1209,0.4273
2011-10-31,2011,R,,nfl_0014,nfl_0024,23,20,0.5161,1.0,1,0.2342,0.6615
2011-11-06,2011,R,,nfl_0012,nfl_0002,7,31,0.324,0.0,1,0.105,0.3915
2011-11-06,2011,R,,nfl_0008,nfl_0025,23,13,0.6815,1.0,1,0.1015,0.3835
2011-11-06,2011,R,,nfl_0004,nfl_0020,11,27,0.5833,0.0,0,0.3403,0.8755
2011-11-06,2011,R,,nfl_0032,nfl_0031,30,12,0.7981,1.0,1,0.0407,0.2255
2011-11-06,2011,R,,nfl_0014,nfl_0015,3,31,0.724,0.0,0,0.5241,1.2873
2011-11-06,2011,R,,nfl_0030,nfl_0026,11,19,0.3649,0.0,1,0.1332,0.454
2011-11-06,2011,R,,nfl_0018,nfl_0028,27,16,0.6941,1.0,1,0.0935,0.3651
2011-11-06,2011,R,,nfl_0029,nfl_0007,17,24,0.4802,0.0,1,0.2306,0.6543
2011-11-06,2011,R,,nfl_0021,nfl_0009,24,38,0.7541,0.0,0,0.5686,1.4027
2011-11-06,2011,R,,nfl_0001,nfl_0027,19,13,0.6121,1.0,1,0.1505,0.4909
2011-11-06,2011,R,,nfl_0024,nfl_0011,38,45,0.3678,0.0,1,0.1353,0.4586
2011-11-06,2011,R,,nfl_0017,nfl_0019,20,24,0.7163,0.0,0,0.513,1.2597
2011-11-06,2011,R,,nfl_0023,nfl_0003,20,23,0.5871,0.0,0,0.3446,0.8845
2011-11-07,2011,R,,nfl_0022,nfl_0006,24,30,0.5785,0.0,0,0.3346,0.8638
2011-11-10,2011,R,,nfl_0024,nfl_0021,17,24,0.7083,0.0,0,0.5017,1.2321
2011-11-13,2011,R,,nfl_0008,nfl_0004,44,7,0.5451,1.0,1,0.207,0.6068
2011-11-13,2011,R,,nfl_0007,nfl_0023,17,24,0.5775,0.0,0,0.3335,0.8616
2011-11-13,2011,R,,nfl_0022,nfl_0001,17,21,0.7725,0.0,0,0.5968,1.4807
2011-11-13,2011,R,,nfl_0012,nfl_0013,3,17,0.4639,0.0,1,0.2152,0.6235
2011-11-13,2011,R,,nfl_0028,nfl_0032,9,37,0.3897,0.0,1,0.1519,0.4938
2011-11-13,2011,R,,nfl_0002,nfl_0018,23,26,0.5618,0.0,0,0.3156,0.8251
2011-11-13,2011,R,,nfl_0031,nfl_0027,12,13,0.6826,0.0,0,0.4659,1.1476
2011-11-13,2011,R,,nfl_0014,nfl_0009,10,17,0.6117,0.0,0,0.3742,0.946
2011-11-13,2011,R,,nfl_0015,nfl_0030,20,9,0.6251,1.0,1,0.1406,0.4699
2011-11-13,2011,R,,nfl_0005,nfl_0029,3,30,0.5692,0.0,0,0.324,0.8422
2011-11-13,2011,R,,nfl_0025,nfl_0003,22,17,0.2891,1.0,0,0.5054,1.2411
2011-11-13,2011,R,,nfl_0026,nfl_0019,27,20,0.6863,1.0,1,0.0984,0.3765
2011-11-13,2011,R,,nfl_0006,nfl_0010,37,13,0.5461,1.0,1,0.206,0.6049
2011-11-13,2011,R,,nfl_0020,nfl_0017,16,37,0.5785,0.0,0,0.3346,0.8639
2011-11-14,2011,R,,nfl_0011,nfl_0016,45,7,0.8518,1.0,1,0.022,0.1605
2011-11-17,2011,R,,nfl_0009,nfl_0020,17,13,0.454,1.0,0,0.2982,0.7898
2011-11-20,2011,R,,nfl_0015,nfl_0004,35,8,0.5707,1.0,1,0.1843,0.5608
2011-11-20,2011,R,,nfl_0010,nfl_0005,49,35,0.8114,1.0,1,0.0356,0.209
2011-11-20,2011,R,,nfl_0003,nfl_0007,31,24,0.685,1.0,1,0.0992,0.3783
2011-11-20,2011,R,,nfl_0031,nfl_0013,14,10,0.5685,1.0,1,0.1862,0.5647
2011-11-20,2011,R,,nfl_0011,nfl_0028,35,26,0.8713,1.0,1,0.0166,0.1378
2011-11-20,2011,R,,nfl_0030,nfl_0008,24,27,0.4275,0.0,1,0.1828,0.5578
2011-11-20,2011,R,,nfl_0016,nfl_0021,21,27,0.525,0.0,0,0.2756,0.7444
2011-11-20,2011,R,,nfl_0026,nfl_0001,23,7,0.8461,1.0,1,0.0237,0.1671
2011-11-20,2011,R,,nfl_0027,nfl_0025,7,24,0.5371,0.0,0,0.2885,0.7703
2011-11-20,2011,R,,nfl_0002,nfl_0029,23,17,0.6658,1.0,1,0.1117,0.4067
2011-11-20,2011,R,,nfl_0006,nfl_0024,31,20,0.732,1.0,1,0.0718,0.312
2011-11-20,2011,R,,nfl_0019,nfl_0022,10,17,0.6415,0.0,0,0.4116,1.0259
2011-11-21,2011,R,,nfl_0017,nfl_0014,34,3,0.8635,1.0,1,0.0186,0.1467
2011-11-24,2011,R,,nfl_0010,nfl_0011,15,27,0.3871,0.0,1,0.1498,0.4895
2011-11-24,2011,R,,nfl_0008,nfl_0015,20,19,0.6578,1.0,1,0.1171,0.4189
2011-11-24,2011,R,,nfl_0003,nfl_0026,16,6,0.5817,1.0,1,0.1749,0.5417
2011-11-27,2011,R,,nfl_0027,nfl_0001,20,23,0.5178,0.0,0,0.2681,0.7294
2011-11-27,2011,R,,nfl_0002,nfl_0016,24,14,0.7897,1.0,1,0.0442,0.2361
2011-11-27,2011,R,,nfl_0020,nfl_0004,28,24,0.7261,1.0,1,0.075,0.3201
2011-11-27,2011,R,,nfl_0007,nfl_0031,23,20,0.7462,1.0,1,0.0644,0.2928
2011-11-27,2011,R,,nfl_0029,nfl_0028,23,17,0.6817,1.0,1,0.1013,0.3832
2011-11-27,2011,R,,nfl_0012,nfl_0005,19,27,0.5792,0.0,0,0.3355,0.8656
2011-11-27,2011,R,,nfl_0013,nfl_0032,13,20,0.2758,0.0,1,0.0761,0.3227
2011-11-27,2011,R,,nfl_0021,nfl_0006,25,20,0.4101,1.0,0,0.348,0.8913
2011-11-27,2011,R,,nfl_0025,nfl_0030,17,23,0.6668,0.0,0,0.4447,1.0991
2011-11-27,2011,R,,nfl_0024,nfl_0009,13,16,0.6286,0.0,0,0.3952,0.9905
2011-11-27,2011,R,,nfl_0022,nfl_0017,20,38,0.4338,0.0,1,0.1882,0.5688
2011-11-27,2011,R,,nfl_0014,nfl_0023,9,13,0.2762,0.0,1,0.0763,0.3233
2011-11-28,2011,R,,nfl_0018,nfl_0019,49,24,0.7255,1.0,1,0.0754,0.3209
2011-12-01,2011,R,,nfl_0025,nfl_0022,31,14,0.4828,1.0,0,0.2675,0.7281
2011-12-04,2011,R,,nfl_0004,nfl_0029,17,23,0.5166,0.0,0,0.2669,0.7269
2011-12-04,2011,R,,nfl_0028,nfl_0005,19,38,0.6645,0.0,0,0.4416,1.0922
2011-12-04,2011,R,,nfl_0023,nfl_0007,35,7,0.6966,1.0,1,0.092,0.3615
2011-12-04,2011,R,,nfl_0017,nfl_0012,31,24,0.9366,1.0,1,0.004,0.0655
2011-12-04,2011,R,,nfl_0032,nfl_0002,17,10,0.7122,1.0,1,0.0828,0.3394
2011-12-04,2011,R,,nfl_0006,nfl_0014,3,10,0.8351,0.0,0,0.6973,1.8022
2011-12-04,2011,R,,nfl_0015,nfl_0021,34,14,0.6108,1.0,1,0.1515,0.4931
2011-12-04,2011,R,,nfl_0030,nfl_0020,19,34,0.4321,0.0,1,0.1867,0.5658
2011-12-04,2011,R,,nfl_0016,nfl_0009,32,35,0.4918,0.0,1,0.2419,0.6769
2011-12-04,2011,R,,nfl_0031,nfl_0003,10,24,0.2877,0.0,1,0.0828,0.3393
2011-12-04,2011,R,,nfl_0001,nfl_0008,19,13,0.4016,1.0,0,0.3581,0.9124
2011-12-04,2011,R,,nfl_0019,nfl_0011,35,38,0.2931,0.0,1,0.0859,0.3469
2011-12-04,2011,R,,nfl_0026,nfl_0027,26,0,0.8956,1.0,1,0.0109,0.1102
2011-12-04,2011,R,,nfl_0018,nfl_0010,31,17,0.6998,1.0,1,0.0901,0.357
2011-12-05,2011,R,,nfl_0013,nfl_0024,14,38,0.5226,0.0,0,0.2731,0.7395
2011-12-08,2011,R,,nfl_0023,nfl_0031,14,3,0.8567,1.0,1,0.0205,0.1546
2011-12-11,2011,R,,nfl_0007,nfl_0032,19,20,0.403,0.0,1,0.1624,0.5158
2011-12-11,2011,R,,nfl_0003,nfl_0012,24,10,0.9247,1.0,1,0.0057,0.0783
2011-12-11,2011,R,,nfl_0020,nfl_0014,37,10,0.7834,1.0,1,0.0469,0.2441
2011-12-11,2011,R,,nfl_0010,nfl_0016,34,28,0.7706,1.0,1,0.0526,0.2606
2011-12-11,2011,R,,nfl_0013,nfl_0028,41,14,0.5998,1.0,1,0.1602,0.5112
2011-12-11,2011,R,,nfl_0015,nfl_0022,10,26,0.6348,0.0,0,0.403,1.0074
2011-12-11,2011,R,,nfl_0029,nfl_0018,17,22,0.4372,0.0,1,0.1911,0.5748
2011-12-11,2011,R,,nfl_0030,nfl_0017,27,34,0.2255,0.0,1,0.0509,0.2556
2011-12-11,2011,R,,nfl_0005,nfl_0002,23,31,0.4049,0.0,1,0.1639,0.519
2011-12-11,2011,R,,nfl_0009,nfl_0006,13,10,0.464,1.0,0,0.2873,0.7678
2011-12-11,2011,R,,nfl_0001,nfl_0026,21,19,0.3147,1.0,0,0.4696,1.1561
2011-12-11,2011,R,,nfl_0024,nfl_0004,37,10,0.7068,1.0,1,0.086,0.347
2011-12-11,2011,R,,nfl_0011,nfl_0021,46,16,0.8701,1.0,1,0.0169,0.1391
2011-12-11,2011,R,,nfl_0008,nfl_0019,34,37,0.6524,0.0,0,0.4256,1.0567
2011-12-12,2011,R,,nfl_0025,nfl_0027,30,13,0.7797,1.0,1,0.0485,0.2489
2011-12-15,2011,R,,nfl_0002,nfl_0013,41,14,0.7909,1.0,1,0.0437,0.2346
2011-12-17,2011,R,,nfl_0028,nfl_0008,15,31,0.3572,0.0,1,0.1276,0.4419
2011-12-18,2011,R,,nfl_0027,nfl_0007,13,20,0.309,0.0,1,0.0955,0.3696
2011-12-18,2011,R,,nfl_0004,nfl_0015,23,30,0.4823,0.0,1,0.2326,0.6583
2011-12-18,2011,R,,nfl_0019,nfl_0030,10,23,0.7451,0.0,0,0.5552,1.3669
2011-12-18,2011,R,,nfl_0032,nfl_0005,13,28,0.8722,0.0,0,0.7607,2.0572
2011-12-18,2011,R,,nfl_0006,nfl_0025,14,38,0.7306,0.0,0,0.5338,1.3117
2011-12-18,2011,R,,nfl_0012,nfl_0029,27,13,0.3054,1.0,0,0.4825,1.1862
2011-12-18,2011,R,,nfl_0014,nfl_0011,19,14,0.1776,1.0,0,0.6763,1.728
2011-12-18,2011,R,,nfl_0016,nfl_0018,20,42,0.247,0.0,1,0.061,0.2837
2011-12-18,2011,R,,nfl_0021,nfl_0010,27,28,0.507,0.0,0,0.257,0.7072
2011-12-18,2011,R,,nfl_0001,nfl_0031,20,17,0.6425,1.0,1,0.1278,0.4423
2011-12-18,2011,R,,nfl_0009,nfl_0017,23,41,0.3119,0.0,1,0.0973,0.3739
2011-12-18,2011,R,,nfl_0022,nfl_0020,45,19,0.5211,1.0,1,0.2293,0.6517
2011-12-18,2011,R,,nfl_0024,nfl_0003,34,14,0.4227,1.0,0,0.3333,0.8611
2011-12-19,2011,R,,nfl_0026,nfl_0023,20,3,0.55,1.0,1,0.2025,0.5979
2011-12-22,2011,R,,nfl_0012,nfl_0032,19,16,0.2044,1.0,0,0.6329,1.5876
2011-12-24,2011,R,,nfl_0004,nfl_0009,40,14,0.4808,1.0,0,0.2696,0.7323
2011-12-24,2011,R,,nfl_0007,nfl_0001,23,16,0.708,1.0,1,0.0852,0.3453
2011-12-24,2011,R,,nfl_0029,nfl_0013,23,17,0.6912,1.0,1,0.0954,0.3694
2011-12-24,2011,R,,nfl_0017,nfl_0015,27,24,0.8349,1.0,1,0.0273,0.1804
2011-12-24,2011,R,,nfl_0023,nfl_0027,27,0,0.905,1.0,1,0.009,0.0998
2011-12-24,2011,R,,nfl_0003,nfl_0031,20,14,0.8516,1.0,1,0.022,0.1606
2011-12-24,2011,R,,nfl_0014,nfl_0021,13,16,0.5494,0.0,0,0.3018,0.7972
2011-12-24,2011,R,,nfl_0020,nfl_0019,14,29,0.692,0.0,0,0.4788,1.1775
2011-12-24,2011,R,,nfl_0005,nfl_0028,48,16,0.7346,1.0,1,0.0704,0.3084
2011-12-24,2011,R,,nfl_0030,nfl_0016,26,33,0.6961,0.0,0,0.4846,1.1911
2011-12-24,2011,R,,nfl_0010,nfl_0024,38,10,0.5597,1.0,1,0.1939,0.5803
2011-12-24,2011,R,,nfl_0008,nfl_0022,7,20,0.583,0.0,0,0.3399,0.8747
2011-12-24,2011,R,,nfl_0025,nfl_0026,17,19,0.4403,0.0,1,0.1939,0.5804
2011-12-25,2011,R,,nfl_0011,nfl_0006,35,21,0.8258,1.0,1,0.0303,0.1913
2011-12-26,2011,R,,nfl_0018,nfl_0002,45,16,0.6859,1.0,1,0.0987,0.3771
2012-01-01,2011,R,,nfl_0027,nfl_0026,27,34,0.163,0.0,1,0.0266,0.1779
2012-01-01,2011,R,,nfl_0017,nfl_0004,49,21,0.8911,1.0,1,0.0119,0.1153
2012-01-01,2011,R,,nfl_0011,nfl_0010,45,41,0.7859,1.0,1,0.0458,0.2409
2012-01-01,2011,R,,nfl_0032,nfl_0029,22,23,0.7714,0.0,0,0.595,1.4758
2012-01-01,2011,R,,nfl_0015,nfl_0020,19,17,0.582,1.0,1,0.1748,0.5414
2012-01-01,2011,R,,nfl_0022,nfl_0030,34,10,0.8036,1.0,1,0.0386,0.2186
2012-01-01,2011,R,,nfl_0018,nfl_0005,45,17,0.8366,1.0,1,0.0267,0.1784
2012-01-01,2011,R,,nfl_0013,nfl_0012,19,13,0.6645,1.0,1,0.1126,0.4087
2012-01-01,2011,R,,nfl_0016,nfl_0006,13,17,0.4247,0.0,1,0.1804,0.5528
2012-01-01,2011,R,,nfl_0001,nfl_0025,23,20,0.4846,1.0,0,0.2657,0.7245
2012-01-01,2011,R,,nfl_0021,nfl_0024,26,38,0.5022,0.0,0,0.2522,0.6975
2012-01-01,2011,R,,nfl_0007,nfl_0003,16,24,0.461,0.0,1,0.2126,0.6181
2012-01-01,2011,R,,nfl_0031,nfl_0023,9,13,0.2748,0.0,1,0.0755,0.3213
2012-01-01,2011,R,,nfl_0009,nfl_0014,3,7,0.6412,0.0,0,0.4111,1.025
2012-01-01,2011,R,,nfl_0002,nfl_0028,45,24,0.8622,1.0,1,0.019,0.1482
2012-01-01,2011,R,,nfl_0019,nfl_0008,31,14,0.6056,1.0,1,0.1556,0.5016
2012-01-07,2011,P,WC,nfl_0032,nfl_0007,31,10,0.7153,1.0,1,0.0811,0.335
2012-01-07,2011,P,WC,nfl_0018,nfl_0010,45,28,0.7616,1.0,1,0.0568,0.2723
2012-01-08,2011,P,WC,nfl_0019,nfl_0002,24,2,0.5561,1.0,1,0.1971,0.5868
2012-01-08,2011,P,WC,nfl_0009,nfl_0023,29,23,0.3027,1.0,0,0.4863,1.1951
2012-01-14,2011,P,DV,nfl_0026,nfl_0018,36,32,0.5644,1.0,1,0.1897,0.572
2012-01-14,2011,P,DV,nfl_0017,nfl_0009,45,10,0.9023,1.0,1,0.0095,0.1028
2012-01-15,2011,P,DV,nfl_0003,nfl_0032,20,13,0.6665,1.0,1,0.1112,0.4057
2012-01-15,2011,P,DV,nfl_0011,nfl_0019,20,37,0.8205,0.0,0,0.6732,1.7174
2012-01-22,2011,P,CC,nfl_0017,nfl_0003,23,20,0.7057,1.0,1,0.0866,0.3486
2012-01-22,2011,P,CC,nfl_0026,nfl_0019,17,20,0.6822,0.0,0,0.4654,1.1463
2012-09-05,2012,R,,nfl_0019,nfl_0008,17,24,0.6583,0.0,0,0.4334,1.0739
2012-09-09,2012,R,,nfl_0006,nfl_0012,41,21,0.6804,1.0,1,0.1021,0.3851
2012-09-09,2012,R,,nfl_0014,nfl_0002,24,40,0.5547,0.0,0,0.3077,0.8089
2012-09-09,2012,R,,nfl_0020,nfl_0004,48,28,0.6391,1.0,1,0.1303,0.4477
2012-09-09,2012,R,,nfl_0031,nfl_0022,16,17,0.511,0.0,0,0.2611,0.7153
2012-09-09,2012,R,,nfl_0010,nfl_0027,27,23,0.7035,1.0,1,0.0879,0.3516
2012-09-09,2012,R,,nfl_0032,nfl_0015,30,10,0.6433,1.0,1,0.1272,0.4412
2012-09-09,2012,R,,nfl_0018,nfl_0030,32,40,0.7154,0.0,0,0.5118,1.2567
2012-09-09,2012,R,,nfl_0029,nfl_0017,13,34,0.497,0.0,1,0.2471,0.6873
2012-09-09,2012,R,,nfl_0016,nfl_0013,26,23,0.5914,1.0,1,0.1669,0.5253
2012-09-09,2012,R,,nfl_0001,nfl_0025,20,16,0.574,1.0,1,0.1815,0.5551
2012-09-09,2012,R,,nfl_0011,nfl_0026,22,30,0.6154,0.0,0,0.3787,0.9555
2012-09-09,2012,R,,nfl_0028,nfl_0005,16,10,0.5374,1.0,1,0.214,0.621
2012-09-09,2012,R,,nfl_0009,nfl_0023,31,19,0.5175,1.0,1,0.2328,0.6588
2012-09-10,2012,R,,nfl_0003,nfl_0007,44,13,0.6636,1.0,1,0.1132,0.4101
2012-09-10,2012,R,,nfl_0021,nfl_0024,14,22,0.5536,0.0,0,0.3065,0.8065
2012-09-13,2012,R,,nfl_0011,nfl_0006,23,10,0.6027,1.0,1,0.1579,0.5064
2012-09-16,2012,R,,nfl_0004,nfl_0014,35,17,0.6057,1.0,1,0.1555,0.5014
2012-09-16,2012,R,,nfl_0007,nfl_0031,34,27,0.6016,1.0,1,0.1587,0.5082
2012-09-16,2012,R,,nfl_0017,nfl_0001,18,20,0.744,0.0,0,0.5535,1.3624
2012-09-16,2012,R,,nfl_0015,nfl_0021,35,13,0.636,1.0,1,0.1325,0.4525
2012-09-16,2012,R,,nfl_0005,nfl_0018,35,27,0.5141,1.0,1,0.2361,0.6653
2012-09-16,2012,R,,nfl_0012,nfl_0016,23,20,0.5402,1.0,1,0.2114,0.6159
2012-09-16,2012,R,,nfl_0013,nfl_0032,7,27,0.4645,0.0,1,0.2157,0.6245
2012-09-16,2012,R,,nfl_0019,nfl_0028,41,34,0.68,1.0,1,0.1024,0.3857
2012-09-16,2012,R,,nfl_0022,nfl_0003,24,23,0.5496,1.0,1,0.2028,0.5985
2012-09-16,2012,R,,nfl_0027,nfl_0030,31,28,0.5038,1.0,1,0.2462,0.6856
2012-09-16,2012,R,,nfl_0025,nfl_0008,27,7,0.5458,1.0,1,0.2063,0.6056
2012-09-16,2012,R,,nfl_0023,nfl_0020,27,10,0.5758,1.0,1,0.18,0.552
2012-09-16,2012,R,,nfl_0024,nfl_0029,38,10,0.699,1.0,1,0.0906,0.3581
2012-09-16,2012,R,,nfl_0026,nfl_0010,27,19,0.6668,1.0,1,0.111,0.4052
2012-09-17,2012,R,,nfl_0002,nfl_0009,27,21,0.6599,1.0,1,0.1156,0.4156
2012-09-20,2012,R,,nfl_0005,nfl_0019,7,36,0.5562,0.0,0,0.3093,0.8123
2012-09-23,2012,R,,nfl_0031,nfl_0004,14,24,0.5562,0.0,0,0.3093,0.8123
2012-09-23,2012,R,,nfl_0018,nfl_0014,24,27,0.722,0.0,0,0.5214,1.2803
2012-09-23,2012,R,,nfl_0030,nfl_0007,31,38,0.6123,0.0,0,0.3749,0.9474
2012-09-23,2012,R,,nfl_0012,nfl_0013,17,22,0.6148,0.0,0,0.378,0.954
2012-09-23,2012,R,,nfl_0029,nfl_0010,44,41,0.4945,1.0,0,0.2555,0.7042
2012-09-23,2012,R,,nfl_0015,nfl_0020,20,23,0.6039,0.0,0,0.3647,0.9261
2012-09-23,2012,R,,nfl_0006,nfl_0027,23,6,0.6943,1.0,1,0.0935,0.3649
2012-09-23,2012,R,,nfl_0008,nfl_0028,16,10,0.6614,1.0,1,0.1147,0.4134
2012-09-23,2012,R,,nfl_0016,nfl_0026,24,13,0.4214,1.0,0,0.3348,0.8643
2012-09-23,2012,R,,nfl_0024,nfl_0002,3,27,0.6261,0.0,0,0.392,0.9838
2012-09-23,2012,R,,nfl_0001,nfl_0022,27,6,0.5511,1.0,1,0.2015,0.5958
2012-09-23,2012,R,,nfl_0009,nfl_0032,25,31,0.4457,0.0,1,0.1986,0.59
2012-09-23,2012,R,,nfl_0021,nfl_0023,34,31,0.4426,1.0,0,0.3106,0.815
2012-09-23,2012,R,,nfl_0003,nfl_0017,31,30,0.5746,1.0,1,0.181,0.5541
2012-09-24,2012,R,,nfl_0025,nfl_0011,14,12,0.5475,1.0,1,0.2047,0.6023
2012-09-27,2012,R,,nfl_0003,nfl_0031,23,16,0.7987,1.0,1,0.0405,0.2247
2012-09-30,2012,R,,nfl_0027,nfl_0025,19,13,0.4546,1.0,0,0.2975,0.7884
2012-09-30,2012,R,,nfl_0004,nfl_0017,28,52,0.4763,0.0,1,0.2268,0.6468
2012-09-30,2012,R,,nfl_0002,nfl_0005,30,28,0.7962,1.0,1,0.0415,0.2279
2012-09-30,2012,R,,nfl_0010,nfl_0016,13,20,0.6263,0.0,0,0.3922,0.9842
2012-09-30,2012,R,,nfl_0032,nfl_0029,38,14,0.7979,1.0,1,0.0408,0.2257
2012-09-30,2012,R,,nfl_0014,nfl_0024,20,37,0.4735,0.0,1,0.2242,0.6414
2012-09-30,2012,R,,nfl_0020,nfl_0026,0,34,0.5402,0.0,0,0.2918,0.777
2012-09-30,2012,R,,nfl_0013,nfl_0007,10,27,0.5271,0.0,0,0.2778,0.7488
2012-09-30,2012,R,,nfl_0001,nfl_0015,24,21,0.6694,1.0,1,0.1093,0.4014
2012-09-30,2012,R,,nfl_0009,nfl_0021,37,6,0.6496,1.0,1,0.1228,0.4314
2012-09-30,2012,R,,nfl_0011,nfl_0018,28,27,0.6578,1.0,1,0.1171,0.4188
2012-09-30,2012,R,,nfl_0028,nfl_0030,22,24,0.5607,0.0,0,0.3144,0.8227
2012-09-30,2012,R,,nfl_0022,nfl_0019,19,17,0.5076,1.0,1,0.2425,0.6781
2012-10-01,2012,R,,nfl_0008,nfl_0006,18,34,0.5695,0.0,0,0.3243,0.8427
2012-10-04,2012,R,,nfl_0027,nfl_0001,17,3,0.4479,1.0,0,0.3048,0.8031
2012-10-07,2012,R,,nfl_0019,nfl_0031,41,27,0.7819,1.0,1,0.0476,0.246
2012-10-07,2012,R,,nfl_0014,nfl_0003,6,9,0.3238,0.0,1,0.1048,0.3913
2012-10-07,2012,R,,nfl_0023,nfl_0022,16,14,0.6389,1.0,1,0.1304,0.448
2012-10-07,2012,R,,nfl_0012,nfl_0011,30,27,0.4428,1.0,0,0.3105,0.8147
2012-10-07,2012,R,,nfl_0007,nfl_0015,13,17,0.6646,0.0,0,0.4417,1.0925
2012-10-07,2012,R,,nfl_0030,nfl_0002,17,24,0.408,0.0,1,0.1665,0.5243
2012-10-07,2012,R,,nfl_0005,nfl_0025,12,16,0.4891,0.0,1,0.2392,0.6715
2012-10-07,2012,R,,nfl_0013,nfl_0006,3,41,0.4061,0.0,1,0.1649,0.5211
2012-10-07,2012,R,,nfl_0016,nfl_0029,30,7,0.7097,1.0,1,0.0843,0.343
2012-10-07,2012,R,,nfl_0026,nfl_0004,45,3,0.7881,1.0,1,0.0449,0.2382
2012-10-07,2012,R,,nfl_0017,nfl_0009,31,21,0.7437,1.0,1,0.0657,0.2961
2012-10-07,2012,R,,nfl_0018,nfl_0024,31,24,0.5211,1.0,1,0.2294,0.6519
2012-10-08,2012,R,,nfl_0020,nfl_0032,17,23,0.3698,0.0,1,0.1367,0.4617
2012-10-11,2012,R,,nfl_0029,nfl_0023,26,23,0.4173,1.0,0,0.3395,0.8739
2012-10-14,2012,R,,nfl_0028,nfl_0014,38,10,0.6787,1.0,1,0.1033,0.3876
2012-10-14,2012,R,,nfl_0015,nfl_0027,17,14,0.639,1.0,1,0.1303,0.4479
2012-10-14,2012,R,,nfl_0002,nfl_0021,23,20,0.8252,1.0,1,0.0306,0.1921
2012-10-14,2012,R,,nfl_0020,nfl_0012,35,9,0.6245,1.0,1,0.141,0.4708
2012-10-14,2012,R,,nfl_0003,nfl_0008,31,29,0.7357,1.0,1,0.0699,0.3069
2012-10-14,2012,R,,nfl_0031,nfl_0007,34,24,0.431,1.0,0,0.3237,0.8416
2012-10-14,2012,R,,nfl_0022,nfl_0010,23,26,0.6247,0.0,0,0.3902,0.98
2012-10-14,2012,R,,nfl_0025,nfl_0017,24,23,0.4421,1.0,0,0.3112,0.8162
2012-10-14,2012,R,,nfl_0001,nfl_0004,16,19,0.7161,0.0,0,0.5128,1.2591
2012-10-14,2012,R,,nfl_0026,nfl_0019,3,26,0.6846,0.0,0,0.4686,1.1538
2012-10-14,2012,R,,nfl_0030,nfl_0016,38,26,0.5046,1.0,1,0.2454,0.684
2012-10-14,2012,R,,nfl_0032,nfl_0011,24,42,0.7193,0.0,0,0.5174,1.2705
2012-10-15,2012,R,,nfl_0024,nfl_0009,24,35,0.6417,0.0,0,0.4118,1.0265
2012-10-18,2012,R,,nfl_0026,nfl_0025,13,6,0.6706,1.0,1,0.1085,0.3996
2012-10-21,2012,R,,nfl_0027,nfl_0011,20,30,0.434,0.0,1,0.1884,0.5692
2012-10-21,2012,R,,nfl_0028,nfl_0018,28,35,0.4858,0.0,1,0.236,0.6651
2012-10-21,2012,R,,nfl_0004,nfl_0029,34,35,0.6321,0.0,0,0.3995,0.9999
2012-10-21,2012,R,,nfl_0012,nfl_0031,17,13,0.5649,1.0,1,0.1893,0.571
2012-10-21,2012,R,,nfl_0032,nfl_0003,43,13,0.5916,1.0,1,0.1668,0.5249
2012-10-21,2012,R,,nfl_0005,nfl_0008,14,19,0.5783,0.0,0,0.3344,0.8634
2012-10-21,2012,R,,nfl_0019,nfl_0030,27,23,0.7712,1.0,1,0.0523,0.2598
2012-10-21,2012,R,,nfl_0016,nfl_0001,21,14,0.6031,1.0,1,0.1575,0.5057
2012-10-21,2012,R,,nfl_0021,nfl_0013,26,23,0.6044,1.0,1,0.1565,0.5035
2012-10-21,2012,R,,nfl_0017,nfl_0020,29,26,0.7799,1.0,1,0.0484,0.2486
2012-10-21,2012,R,,nfl_0007,nfl_0023,17,24,0.55,0.0,0,0.3025,0.7986
2012-10-22,2012,R,,nfl_0006,nfl_0010,13,7,0.7694,1.0,1,0.0532,0.2621
2012-10-25,2012,R,,nfl_0016,nfl_0028,17,36,0.7171,0.0,0,0.5142,1.2626
2012-10-28,2012,R,,nfl_0023,nfl_0030,27,12,0.6867,1.0,1,0.0982,0.3759
2012-10-28,2012,R,,nfl_0022,nfl_0002,17,30,0.428,0.0,1,0.1832,0.5586
2012-10-28,2012,R,,nfl_0006,nfl_0005,23,22,0.8262,1.0,1,0.0302,0.1909
2012-10-28,2012,R,,nfl_0010,nfl_0025,28,24,0.5339,1.0,1,0.2173,0.6276
2012-10-28,2012,R,,nfl_0011,nfl_0013,24,15,0.8514,1.0,1,0.0221,0.1609
2012-10-28,2012,R,,nfl_0029,nfl_0012,13,19,0.6314,0.0,0,0.3986,0.998
2012-10-28,2012,R,,nfl_0020,nfl_0015,9,30,0.5169,0.0,0,0.2672,0.7276
2012-10-28,2012,R,,nfl_0031,nfl_0024,7,6,0.4412,1.0,0,0.3123,0.8183
2012-10-28,2012,R,,nfl_0027,nfl_0017,7,45,0.3415,0.0,1,0.1166,0.4177
2012-10-28,2012,R,,nfl_0014,nfl_0021,16,26,0.5713,0.0,0,0.3264,0.8471
2012-10-28,2012,R,,nfl_0008,nfl_0019,24,29,0.3864,0.0,1,0.1493,0.4884
2012-10-28,2012,R,,nfl_0009,nfl_0018,34,14,0.647,1.0,1,0.1246,0.4354
2012-10-29,2012,R,,nfl_0001,nfl_0026,3,24,0.4431,0.0,1,0.1964,0.5854
2012-11-01,2012,R,,nfl_0024,nfl_0014,31,13,0.7884,1.0,1,0.0448,0.2377
2012-11-04,2012,R,,nfl_0032,nfl_0004,21,9,0.8237,1.0,1,0.0311,0.1939
2012-11-04,2012,R,,nfl_0007,nfl_0009,23,31,0.5088,0.0,0,0.2588,0.7108
2012-11-04,2012,R,,nfl_0012,nfl_0015,23,20,0.4163,1.0,0,0.3408,0.8765
2012-11-04,2012,R,,nfl_0011,nfl_0001,31,17,0.7823,1.0,1,0.0474,0.2455
2012-11-04,2012,R,,nfl_0031,nfl_0003,15,25,0.3655,0.0,1,0.1336,0.4549
2012-11-04,2012,R,,nfl_0029,nfl_0006,20,51,0.3269,0.0,1,0.1069,0.3959
2012-11-04,2012,R,,nfl_0013,nfl_0010,14,31,0.4201,0.0,1,0.1764,0.5448
2012-11-04,2012,R,,nfl_0030,nfl_0005,13,21,0.6842,0.0,0,0.4681,1.1527
2012-11-04,2012,R,,nfl_0021,nfl_0028,32,42,0.5331,0.0,0,0.2842,0.7617
2012-11-04,2012,R,,nfl_0025,nfl_0016,30,20,0.6382,1.0,1,0.1309,0.4491
2012-11-04,2012,R,,nfl_0019,nfl_0023,20,24,0.7075,0.0,0,0.5005,1.2292
2012-11-04,2012,R,,nfl_0002,nfl_0008,19,13,0.8123,1.0,1,0.0352,0.2079
2012-11-05,2012,R,,nfl_0018,nfl_0022,28,13,0.6244,1.0,1,0.141,0.4709
2012-11-08,2012,R,,nfl_0013,nfl_0012,10,27,0.467,0.0,1,0.2181,0.6293
2012-11-11,2012,R,,nfl_0018,nfl_0002,31,27,0.4074,1.0,0,0.3512,0.8979
2012-11-11,2012,R,,nfl_0017,nfl_0004,37,31,0.8714,1.0,1,0.0165,0.1377
2012-11-11,2012,R,,nfl_0005,nfl_0009,14,36,0.3861,0.0,1,0.149,0.4879
2012-11-11,2012,R,,nfl_0003,nfl_0021,55,20,0.7984,1.0,1,0.0406,0.2251
2012-11-11,2012,R,,nfl_0007,nfl_0019,31,13,0.3588,1.0,0,0.4112,1.0251
2012-11-11,2012,R,,nfl_0015,nfl_0029,3,37,0.7857,0.0,0,0.6173,1.5404
2012-11-11,2012,R,,nfl_0028,nfl_0024,34,24,0.5867,1.0,1,0.1709,0.5333
2012-11-11,2012,R,,nfl_0016,nfl_0010,34,24,0.5283,1.0,1,0.2225,0.6381
2012-11-11,2012,R,,nfl_0025,nfl_0020,28,7,0.6844,1.0,1,0.0996,0.3792
2012-11-11,2012,R,,nfl_0022,nfl_0008,23,38,0.5992,0.0,0,0.359,0.9143
2012-11-11,2012,R,,nfl_0026,nfl_0027,24,24,0.8347,0.5,0,0.112,0.9903
2012-11-11,2012,R,,nfl_0006,nfl_0032,6,13,0.5993,0.0,0,0.3591,0.9144
2012-11-12,2012,R,,nfl_0023,nfl_0014,16,13,0.865,1.0,1,0.0182,0.145
2012-11-15,2012,R,,nfl_0004,nfl_0015,19,14,0.5347,1.0,1,0.2165,0.6261
2012-11-18,2012,R,,nfl_0027,nfl_0020,13,27,0.6015,0.0,0,0.3618,0.9201
2012-11-18,2012,R,,nfl_0010,nfl_0011,20,24,0.395,0.0,1,0.156,0.5026
2012-11-18,2012,R,,nfl_0002,nfl_0001,23,19,0.7969,1.0,1,0.0413,0.2271
2012-11-18,2012,R,,nfl_0014,nfl_0007,6,28,0.3579,0.0,1,0.1281,0.443
2012-11-18,2012,R,,nfl_0032,nfl_0013,43,37,0.9154,1.0,1,0.0072,0.0884
2012-11-18,2012,R,,nfl_0030,nfl_0022,31,6,0.6473,1.0,1,0.1244,0.435
2012-11-18,2012,R,,nfl_0005,nfl_0028,21,27,0.4384,0.0,1,0.1922,0.577
2012-11-18,2012,R,,nfl_0008,nfl_0031,23,20,0.6939,1.0,1,0.0937,0.3654
2012-11-18,2012,R,,nfl_0021,nfl_0018,17,38,0.3961,0.0,1,0.1569,0.5043
2012-11-18,2012,R,,nfl_0017,nfl_0012,59,24,0.8255,1.0,1,0.0305,0.1918
2012-11-18,2012,R,,nfl_0009,nfl_0024,30,23,0.7467,1.0,1,0.0642,0.2921
2012-11-18,2012,R,,nfl_0023,nfl_0003,10,13,0.5695,0.0,0,0.3243,0.8427
2012-11-19,2012,R,,nfl_0026,nfl_0006,32,7,0.617,1.0,1,0.1467,0.483
2012-11-22,2012,R,,nfl_0010,nfl_0032,31,34,0.3521,0.0,1,0.124,0.434
2012-11-22,2012,R,,nfl_0008,nfl_0030,31,38,0.6482,0.0,0,0.4201,1.0446
2012-11-22,2012,R,,nfl_0020,nfl_0017,19,49,0.2822,0.0,1,0.0796,0.3316
2012-11-25,2012,R,,nfl_0006,nfl_0016,28,10,0.7054,1.0,1,0.0868,0.3491
2012-11-25,2012,R,,nfl_0028,nfl_0002,23,24,0.4339,0.0,1,0.1883,0.569
2012-11-25,2012,R,,nfl_0007,nfl_0021,34,10,0.7714,1.0,1,0.0522,0.2595
2012-11-25,2012,R,,nfl_0031,nfl_0023,20,14,0.3681,1.0,0,0.3993,0.9995
2012-11-25,2012,R,,nfl_0012,nfl_0004,20,13,0.609,1.0,1,0.1529,0.496
2012-11-25,2012,R,,nfl_0014,nfl_0009,9,17,0.1985,0.0,1,0.0394,0.2213
2012-11-25,2012,R,,nfl_0013,nfl_0029,24,19,0.3627,1.0,0,0.4061,1.0141
2012-11-25,2012,R,,nfl_0015,nfl_0025,24,21,0.4701,1.0,0,0.2808,0.7548
2012-11-25,2012,R,,nfl_0024,nfl_0003,13,16,0.413,0.0,1,0.1706,0.5327
2012-11-25,2012,R,,nfl_0001,nfl_0027,17,31,0.6797,0.0,0,0.462,1.1386
2012-11-25,2012,R,,nfl_0018,nfl_0026,21,31,0.4778,0.0,1,0.2283,0.6497
2012-11-25,2012,R,,nfl_0019,nfl_0011,38,10,0.5877,1.0,1,0.17,0.5315
2012-11-26,2012,R,,nfl_0022,nfl_0005,22,30,0.6127,0.0,0,0.3754,0.9486
2012-11-29,2012,R,,nfl_0002,nfl_0018,23,13,0.7363,1.0,1,0.0695,0.3061
2012-12-02,2012,R,,nfl_0027,nfl_0026,16,13,0.2624,1.0,0,0.5441,1.338
2012-12-02,2012,R,,nfl_0004,nfl_0013,34,18,0.7265,1.0,1,0.0748,0.3196
2012-12-02,2012,R,,nfl_0011,nfl_0016,23,14,0.7587,1.0,1,0.0582,0.2761
2012-12-02,2012,R,,nfl_0029,nfl_0032,10,24,0.2832,0.0,1,0.0802,0.3329
2012-12-02,2012,R,,nfl_0015,nfl_0017,16,23,0.2718,0.0,1,0.0739,0.3172
2012-12-02,2012,R,,nfl_0014,nfl_0005,27,21,0.4355,1.0,0,0.3187,0.8313
2012-12-02,2012,R,,nfl_0006,nfl_0025,17,23,0.6949,0.0,0,0.4829,1.1872
2012-12-02,2012,R,,nfl_0010,nfl_0012,33,35,0.6317,0.0,0,0.399,0.9988
2012-12-02,2012,R,,nfl_0020,nfl_0001,7,6,0.6338,1.0,1,0.1341,0.456
2012-12-02,2012,R,,nfl_0009,nfl_0028,31,23,0.7277,1.0,1,0.0741,0.3179
2012-12-02,2012,R,,nfl_0024,nfl_0007,13,20,0.5281,0.0,0,0.2789,0.7509
2012-12-02,2012,R,,nfl_0021,nfl_0031,17,20,0.5114,0.0,0,0.2616,0.7163
2012-12-02,2012,R,,nfl_0003,nfl_0023,20,23,0.6941,0.0,0,0.4818,1.1846
2012-12-02,2012,R,,nfl_0008,nfl_0022,38,33,0.7386,1.0,1,0.0683,0.303
2012-12-03,2012,R,,nfl_0030,nfl_0019,17,16,0.4227,1.0,0,0.3333,0.8612
2012-12-06,2012,R,,nfl_0021,nfl_0009,13,26,0.2294,0.0,1,0.0526,0.2606
2012-12-09,2012,R,,nfl_0004,nfl_0027,12,15,0.6095,0.0,0,0.3715,0.9403
2012-12-09,2012,R,,nfl_0031,nfl_0014,30,7,0.7551,1.0,1,0.06,0.2809
2012-12-09,2012,R,,nfl_0012,nfl_0029,27,23,0.6677,1.0,1,0.1104,0.4039
2012-12-09,2012,R,,nfl_0013,nfl_0020,10,17,0.434,0.0,1,0.1883,0.5691
2012-12-09,2012,R,,nfl_0023,nfl_0024,24,34,0.7372,0.0,0,0.5434,1.3363
2012-12-09,2012,R,,nfl_0007,nfl_0008,19,20,0.6746,0.0,0,0.4551,1.1228
2012-12-09,2012,R,,nfl_0028,nfl_0022,21,23,0.7725,0.0,0,0.5968,1.4807
2012-12-09,2012,R,,nfl_0030,nfl_0003,31,28,0.4514,1.0,0,0.3009,0.7953
2012-12-09,2012,R,,nfl_0005,nfl_0002,30,20,0.2425,1.0,0,0.5738,1.4167
2012-12-09,2012,R,,nfl_0016,nfl_0006,21,14,0.4098,1.0,0,0.3483,0.8921
2012-12-09,2012,R,,nfl_0026,nfl_0015,27,13,0.8306,1.0,1,0.0287,0.1856
2012-12-09,2012,R,,nfl_0025,nfl_0001,58,0,0.777,1.0,1,0.0497,0.2524
2012-12-09,2012,R,,nfl_0019,nfl_0018,52,27,0.7,1.0,1,0.09,0.3566
2012-12-09,2012,R,,nfl_0011,nfl_0010,27,20,0.7666,1.0,1,0.0545,0.2657
2012-12-10,2012,R,,nfl_0017,nfl_0032,42,14,0.65,1.0,1,0.1225,0.4308
2012-12-13,2012,R,,nfl_0022,nfl_0007,13,34,0.3911,0.0,1,0.153,0.4961
2012-12-16,2012,R,,nfl_0027,nfl_0016,22,36,0.5634,0.0,0,0.3174,0.8287
2012-12-16,2012,R,,nfl_0032,nfl_0012,29,17,0.7943,1.0,1,0.0423,0.2302
2012-12-16,2012,R,,nfl_0003,nfl_0009,17,34,0.5334,0.0,0,0.2845,0.7623
2012-12-16,2012,R,,nfl_0002,nfl_0019,34,0,0.5999,1.0,1,0.1601,0.511
2012-12-16,2012,R,,nfl_0006,nfl_0011,13,21,0.5505,0.0,0,0.303,0.7995
2012-12-16,2012,R,,nfl_0031,nfl_0030,21,38,0.512,0.0,0,0.2621,0.7174
2012-12-16,2012,R,,nfl_0015,nfl_0013,24,3,0.7848,1.0,1,0.0463,0.2423
2012-12-16,2012,R,,nfl_0018,nfl_0028,41,0,0.6239,1.0,1,0.1415,0.4718
2012-12-16,2012,R,,nfl_0004,nfl_0025,17,50,0.3869,0.0,1,0.1497,0.4892
2012-12-16,2012,R,,nfl_0024,nfl_0005,7,31,0.6773,0.0,0,0.4587,1.131
2012-12-16,2012,R,,nfl_0001,nfl_0010,38,10,0.4796,1.0,0,0.2709,0.7349
2012-12-16,2012,R,,nfl_0008,nfl_0023,27,24,0.5481,1.0,1,0.2042,0.6013
2012-12-16,2012,R,,nfl_0021,nfl_0014,15,0,0.6686,1.0,1,0.1098,0.4025
2012-12-16,2012,R,,nfl_0017,nfl_0026,34,41,0.6862,0.0,0,0.4709,1.1591
2012-12-17,2012,R,,nfl_0029,nfl_0020,14,10,0.5623,1.0,1,0.1916,0.5758
2012-12-22,2012,R,,nfl_0010,nfl_0002,18,31,0.2633,0.0,1,0.0693,0.3056
2012-12-23,2012,R,,nfl_0015,nfl_0004,24,10,0.6932,1.0,1,0.0941,0.3664
2012-12-23,2012,R,,nfl_0023,nfl_0007,10,13,0.5589,0.0,0,0.3123,0.8184
2012-12-23,2012,R,,nfl_0008,nfl_0018,31,34,0.5278,0.0,0,0.2786,0.7504
2012-12-23,2012,R,,nfl_0011,nfl_0029,55,7,0.8341,1.0,1,0.0275,0.1814
2012-12-23,2012,R,,nfl_0013,nfl_0017,16,23,0.1112,0.0,1,0.0124,0.1178
2012-12-23,2012,R,,nfl_0014,nfl_0012,13,20,0.3216,0.0,1,0.1034,0.388
2012-12-23,2012,R,,nfl_0032,nfl_0016,6,23,0.7903,0.0,0,0.6246,1.5623
2012-12-23,2012,R,,nfl_0020,nfl_0024,17,27,0.5893,0.0,0,0.3473,0.89
2012-12-23,2012,R,,nfl_0022,nfl_0030,20,27,0.3639,0.0,1,0.1325,0.4525
2012-12-23,2012,R,,nfl_0028,nfl_0027,13,28,0.6482,0.0,0,0.4202,1.0447
2012-12-23,2012,R,,nfl_0005,nfl_0021,17,6,0.75,1.0,1,0.0625,0.2877
2012-12-23,2012,R,,nfl_0009,nfl_0031,34,12,0.8623,1.0,1,0.019,0.1481
2012-12-23,2012,R,,nfl_0001,nfl_0006,13,28,0.4032,0.0,1,0.1626,0.5162
2012-12-23,2012,R,,nfl_0003,nfl_0019,33,14,0.5533,1.0,1,0.1995,0.5919
2012-12-23,2012,R,,nfl_0025,nfl_0026,42,13,0.4832,1.0,0,0.267,0.7272
2012-12-30,2012,R,,nfl_0002,nfl_0028,17,22,0.8743,0.0,0,0.7643,2.0735
2012-12-30,2012,R,,nfl_0004,nfl_0020,28,9,0.5592,1.0,1,0.1943,0.5812
2012-12-30,2012,R,,nfl_0023,nfl_0031,24,10,0.7351,1.0,1,0.0702,0.3077
2012-12-30,2012,R,,nfl_0012,nfl_0032,28,16,0.4035,1.0,0,0.3558,0.9075
2012-12-30,2012,R,,nfl_0029,nfl_0013,38,20,0.7561,1.0,1,0.0595,0.2795
2012-12-30,2012,R,,nfl_0018,nfl_0005,38,44,0.7093,0.0,0,0.5031,1.2353
2012-12-30,2012,R,,nfl_0010,nfl_0006,24,26,0.3847,0.0,1,0.148,0.4856
2012-12-30,2012,R,,nfl_0007,nfl_0003,23,17,0.5692,1.0,1,0.1856,0.5635
2012-12-30,2012,R,,nfl_0019,nfl_0022,42,7,0.8466,1.0,1,0.0235,0.1665
2012-12-30,2012,R,,nfl_0024,nfl_0021,24,21,0.7485,1.0,1,0.0633,0.2897
2012-12-30,2012,R,,nfl_0026,nfl_0001,27,13,0.869,1.0,1,0.0172,0.1404
2012-12-30,2012,R,,nfl_0009,nfl_0014,38,3,0.9411,1.0,1,0.0035,0.0608
2012-12-30,2012,R,,nfl_0016,nfl_0011,37,34,0.4516,1.0,0,0.3007,0.7949
2012-12-30,2012,R,,nfl_0017,nfl_0015,28,0,0.8596,1.0,1,0.0197,0.1513
2012-12-30,2012,R,,nfl_0025,nfl_0027,20,13,0.8268,1.0,1,0.03,0.1901
2012-12-30,2012,R,,nfl_0030,nfl_0008,28,18,0.6698,1.0,1,0.1091,0.4008
2013-01-05,2012,P,WC,nfl_0032,nfl_0007,19,13,0.6259,1.0,1,0.1399,0.4685
2013-01-05,2012,P,WC,nfl_0011,nfl_0016,24,10,0.7091,1.0,1,0.0846,0.3438
2013-01-06,2012,P,WC,nfl_0003,nfl_0012,24,9,0.6922,1.0,1,0.0948,0.3679
2013-01-06,2012,P,WC,nfl_0030,nfl_0025,14,24,0.4647,0.0,1,0.216,0.625
2013-01-12,2012,P,DV,nfl_0009,nfl_0003,35,38,0.7386,0.0,0,0.5455,1.3417
2013-01-12,2012,P,DV,nfl_0026,nfl_0011,45,31,0.6426,1.0,1,0.1278,0.4423
2013-01-13,2012,P,DV,nfl_0002,nfl_0025,30,28,0.6154,1.0,1,0.1479,0.4855
2013-01-13,2012,P,DV,nfl_0017,nfl_0032,41,28,0.7814,1.0,1,0.0478,0.2467
2013-01-20,2012,P,CC,nfl_0002,nfl_0026,24,28,0.5839,0.0,0,0.3409,0.8768
2013-01-20,2012,P,CC,nfl_0017,nfl_0003,13,28,0.7661,0.0,0,0.5869,1.4528
2013-09-05,2013,R,,nfl_0009,nfl_0003,49,27,0.608,1.0,1,0.1536,0.4975
2013-09-08,2013,R,,nfl_0004,nfl_0017,21,23,0.4784,0.0,1,0.2289,0.6508
2013-09-08,2013,R,,nfl_0006,nfl_0007,24,21,0.6056,1.0,1,0.1555,0.5015
2013-09-08,2013,R,,nfl_0031,nfl_0015,10,23,0.5715,0.0,0,0.3266,0.8474
2013-09-08,2013,R,,nfl_0012,nfl_0021,21,17,0.6639,1.0,1,0.113,0.4096
2013-09-08,2013,R,,nfl_0010,nfl_0016,34,24,0.5465,1.0,1,0.2056,0.6042
2013-09-08,2013,R,,nfl_0023,nfl_0029,9,16,0.6447,0.0,0,0.4156,1.0348
2013-09-08,2013,R,,nfl_0018,nfl_0002,23,17,0.5568,1.0,1,0.1964,0.5855
2013-09-08,2013,R,,nfl_0013,nfl_0014,2,28,0.6075,0.0,0,0.369,0.9352
2013-09-08,2013,R,,nfl_0020,nfl_0028,18,17,0.5775,1.0,1,0.1785,0.5491
2013-09-08,2013,R,,nfl_0005,nfl_0025,7,12,0.5322,0.0,0,0.2832,0.7597
2013-09-08,2013,R,,nfl_0027,nfl_0001,27,24,0.6265,1.0,1,0.1395,0.4677
2013-09-08,2013,R,,nfl_0026,nfl_0011,34,28,0.6286,1.0,1,0.1379,0.4642
2013-09-08,2013,R,,nfl_0008,nfl_0019,36,31,0.5581,1.0,1,0.1953,0.5832
2013-09-09,2013,R,,nfl_0030,nfl_0022,27,33,0.6833,0.0,0,0.4669,1.1498
2013-09-09,2013,R,,nfl_0024,nfl_0032,28,31,0.5464,0.0,0,0.2986,0.7906
2013-09-12,2013,R,,nfl_0017,nfl_0020,13,10,0.7266,1.0,1,0.0748,0.3194
2013-09-15,2013,R,,nfl_0004,nfl_0005,24,23,0.5712,1.0,1,0.1839,0.56
2013-09-15,2013,R,,nfl_0003,nfl_0031,14,6,0.7082,1.0,1,0.0851,0.345
2013-09-15,2013,R,,nfl_0012,nfl_0015,20,24,0.5796,0.0,0,0.336,0.8667
2013-09-15,2013,R,,nfl_0014,nfl_0008,17,16,0.5642,1.0,1,0.19,0.5724
2013-09-15,2013,R,,nfl_0011,nfl_0030,38,20,0.662,1.0,1,0.1142,0.4125
2013-09-15,2013,R,,nfl_0022,nfl_0024,30,33,0.603,0.0,0,0.3636,0.9237
2013-09-15,2013,R,,nfl_0002,nfl_0027,31,24,0.6474,1.0,1,0.1243,0.4348
2013-09-15,2013,R,,nfl_0006,nfl_0016,31,30,0.663,1.0,1,0.1136,0.411
2013-09-15,2013,R,,nfl_0032,nfl_0029,30,24,0.6498,1.0,1,0.1226,0.4311
2013-09-15,2013,R,,nfl_0001,nfl_0010,25,21,0.548,1.0,1,0.2043,0.6015
2013-09-15,2013,R,,nfl_0028,nfl_0018,14,16,0.5252,0.0,0,0.2758,0.7448
2013-09-15,2013,R,,nfl_0019,nfl_0009,23,41,0.4935,0.0,1,0.2436,0.6803
2013-09-15,2013,R,,nfl_0021,nfl_0013,19,9,0.6882,1.0,1,0.0972,0.3736
2013-09-15,2013,R,,nfl_0025,nfl_0026,29,3,0.5957,1.0,1,0.1634,0.5179
2013-09-16,2013,R,,nfl_0007,nfl_0023,20,10,0.6377,1.0,1,0.1312,0.4498
2013-09-19,2013,R,,nfl_0022,nfl_0014,16,26,0.5613,0.0,0,0.315,0.8239
2013-09-22,2013,R,,nfl_0008,nfl_0027,31,7,0.6309,1.0,1,0.1362,0.4606
2013-09-22,2013,R,,nfl_0017,nfl_0028,23,3,0.752,1.0,1,0.0615,0.2851
2013-09-22,2013,R,,nfl_0005,nfl_0019,38,0,0.5983,1.0,1,0.1613,0.5136
2013-09-22,2013,R,,nfl_0007,nfl_0011,34,30,0.5665,1.0,1,0.188,0.5684
2013-09-22,2013,R,,nfl_0018,nfl_0001,31,7,0.698,1.0,1,0.0912,0.3595
2013-09-22,2013,R,,nfl_0030,nfl_0010,20,27,0.5778,0.0,0,0.3338,0.8622
2013-09-22,2013,R,,nfl_0003,nfl_0032,30,9,0.5656,1.0,1,0.1887,0.5699
2013-09-22,2013,R,,nfl_0029,nfl_0024,20,17,0.604,1.0,1,0.1568,0.5041
2013-09-22,2013,R,,nfl_0016,nfl_0031,27,31,0.676,0.0,0,0.457,1.127
2013-09-22,2013,R,,nfl_0015,nfl_0002,27,23,0.6002,1.0,1,0.1599,0.5106
2013-09-22,2013,R,,nfl_0020,nfl_0004,27,20,0.6056,1.0,1,0.1555,0.5015
2013-09-22,2013,R,,nfl_0026,nfl_0012,7,27,0.6569,0.0,0,0.4315,1.0697
2013-09-22,2013,R,,nfl_0025,nfl_0013,45,17,0.8606,1.0,1,0.0194,0.1501
2013-09-22,2013,R,,nfl_0023,nfl_0006,23,40,0.4887,0.0,1,0.2388,0.6708
2013-09-23,2013,R,,nfl_0009,nfl_0021,37,21,0.789,1.0,1,0.0445,0.2369
2013-09-26,2013,R,,nfl_0027,nfl_0026,11,35,0.5537,0.0,0,0.3066,0.8069
2013-09-29,2013,R,,nfl_0004,nfl_0003,23,20,0.4514,1.0,0,0.301,0.7954
2013-09-29,2013,R,,nfl_0014,nfl_0019,31,7,0.7176,1.0,1,0.0798,0.3319
2013-09-29,2013,R,,nfl_0010,nfl_0006,40,32,0.5084,1.0,1,0.2417,0.6766
2013-09-29,2013,R,,nfl_0028,nfl_0001,10,13,0.6051,0.0,0,0.3661,0.9291
2013-09-29,2013,R,,nfl_0032,nfl_0025,20,23,0.4635,0.0,1,0.2148,0.6226
2013-09-29,2013,R,,nfl_0031,nfl_0007,17,6,0.463,1.0,0,0.2884,0.77
2013-09-29,2013,R,,nfl_0013,nfl_0012,3,37,0.3429,0.0,1,0.1175,0.4198
2013-09-29,2013,R,,nfl_0016,nfl_0023,34,27,0.6386,1.0,1,0.1306,0.4485
2013-09-29,2013,R,,nfl_0029,nfl_0020,38,13,0.6299,1.0,1,0.137,0.4622
2013-09-29,2013,R,,nfl_0024,nfl_0008,30,21,0.5291,1.0,1,0.2217,0.6366
2013-09-29,2013,R,,nfl_0009,nfl_0022,52,20,0.8134,1.0,1,0.0348,0.2065
2013-09-29,2013,R,,nfl_0021,nfl_0030,14,24,0.5943,0.0,0,0.3532,0.9022
2013-09-29,2013,R,,nfl_0002,nfl_0017,23,30,0.5115,0.0,0,0.2616,0.7164
2013-09-30,2013,R,,nfl_0018,nfl_0015,38,17,0.6225,1.0,1,0.1425,0.4739
2013-10-03,2013,R,,nfl_0031,nfl_0004,37,24,0.6085,1.0,1,0.1533,0.4968
2013-10-06,2013,R,,nfl_0027,nfl_0013,34,20,0.719,1.0,1,0.0789,0.3298
2013-10-06,2013,R,,nfl_0006,nfl_0018,18,26,0.5477,0.0,0,0.3,0.7935
2013-10-06,2013,R,,nfl_0007,nfl_0017,13,6,0.4628,1.0,0,0.2886,0.7704
2013-10-06,2013,R,,nfl_0011,nfl_0010,22,9,0.6515,1.0,1,0.1215,0.4285
2013-10-06,2013,R,,nfl_0015,nfl_0003,23,26,0.5621,0.0,0,0.3159,0.8257
2013-10-06,2013,R,,nfl_0019,nfl_0022,21,36,0.5886,0.0,0,0.3464,0.8882
2013-10-06,2013,R,,nfl_0012,nfl_0025,34,28,0.5273,1.0,1,0.2235,0.6401
2013-10-06,2013,R,,nfl_0029,nfl_0014,17,26,0.5968,0.0,0,0.3562,0.9084
2013-10-06,2013,R,,nfl_0001,nfl_0005,22,6,0.4776,1.0,0,0.2729,0.739
2013-10-06,2013,R,,nfl_0008,nfl_0009,48,51,0.4193,0.0,1,0.1758,0.5435
2013-10-06,2013,R,,nfl_0026,nfl_0032,34,3,0.64,1.0,1,0.1296,0.4464
2013-10-06,2013,R,,nfl_0021,nfl_0024,27,17,0.4823,1.0,0,0.268,0.7292
2013-10-07,2013,R,,nfl_0002,nfl_0020,28,30,0.6828,0.0,0,0.4663,1.1483
2013-10-10,2013,R,,nfl_0006,nfl_0019,27,21,0.7871,1.0,1,0.0453,0.2394
2013-10-13,2013,R,,nfl_0003,nfl_0011,17,19,0.6054,0.0,0,0.3665,0.9299
2013-10-13,2013,R,,nfl_0004,nfl_0007,24,27,0.4856,0.0,1,0.2358,0.6647
2013-10-13,2013,R,,nfl_0031,nfl_0010,17,31,0.5929,0.0,0,0.3515,0.8986
2013-10-13,2013,R,,nfl_0014,nfl_0021,24,7,0.7538,1.0,1,0.0606,0.2826
2013-10-13,2013,R,,nfl_0032,nfl_0027,13,38,0.684,0.0,0,0.4678,1.1519
2013-10-13,2013,R,,nfl_0020,nfl_0023,6,19,0.6263,0.0,0,0.3922,0.9842
2013-10-13,2013,R,,nfl_0028,nfl_0022,20,31,0.5987,0.0,0,0.3584,0.9131
2013-10-13,2013,R,,nfl_0016,nfl_0005,10,35,0.6127,0.0,0,0.3754,0.9486
2013-10-13,2013,R,,nfl_0009,nfl_0013,35,19,0.9188,1.0,1,0.0066,0.0847
2013-10-13,2013,R,,nfl_0025,nfl_0029,20,13,0.7308,1.0,1,0.0725,0.3137
2013-10-13,2013,R,,nfl_0026,nfl_0001,32,20,0.7038,1.0,1,0.0877,0.3512
2013-10-13,2013,R,,nfl_0017,nfl_0018,30,27,0.5731,1.0,1,0.1822,0.5567
2013-10-13,2013,R,,nfl_0008,nfl_0030,31,16,0.6176,1.0,1,0.1463,0.482
2013-10-14,2013,R,,nfl_0024,nfl_0012,19,9,0.4448,1.0,0,0.3083,0.8102
2013-10-17,2013,R,,nfl_0001,nfl_0025,22,34,0.3982,0.0,1,0.1586,0.5079
2013-10-20,2013,R,,nfl_0002,nfl_0028,31,23,0.7507,1.0,1,0.0622,0.2868
2013-10-20,2013,R,,nfl_0015,nfl_0004,21,23,0.7259,0.0,0,0.5269,1.2943
2013-10-20,2013,R,,nfl_0010,nfl_0007,24,27,0.5958,0.0,0,0.355,0.9059
2013-10-20,2013,R,,nfl_0022,nfl_0008,3,17,0.5425,0.0,0,0.2943,0.7819
2013-10-20,2013,R,,nfl_0013,nfl_0024,6,24,0.3304,0.0,1,0.1092,0.4011
2013-10-20,2013,R,,nfl_0005,nfl_0027,30,15,0.698,1.0,1,0.0912,0.3595
2013-10-20,2013,R,,nfl_0020,nfl_0017,30,27,0.3612,1.0,0,0.408,1.0183
2013-10-20,2013,R,,nfl_0030,nfl_0006,45,41,0.4673,1.0,0,0.2837,0.7607
2013-10-20,2013,R,,nfl_0029,nfl_0026,17,31,0.4818,0.0,1,0.2322,0.6575
2013-10-20,2013,R,,nfl_0023,nfl_0003,19,16,0.4715,1.0,0,0.2793,0.7518
2013-10-20,2013,R,,nfl_0011,nfl_0031,31,13,0.7413,1.0,1,0.0669,0.2994
2013-10-20,2013,R,,nfl_0014,nfl_0032,17,16,0.7847,1.0,1,0.0464,0.2424
2013-10-20,2013,R,,nfl_0012,nfl_0009,39,33,0.4633,1.0,0,0.288,0.7693
2013-10-21,2013,R,,nfl_0019,nfl_0016,23,7,0.5278,1.0,1,0.223,0.6391
2013-10-24,2013,R,,nfl_0028,nfl_0005,13,31,0.3679,0.0,1,0.1353,0.4587
2013-10-27,2013,R,,nfl_0017,nfl_0015,27,17,0.728,1.0,1,0.074,0.3174
2013-10-27,2013,R,,nfl_0018,nfl_0004,35,17,0.8068,1.0,1,0.0373,0.2147
2013-10-27,2013,R,,nfl_0014,nfl_0031,23,17,0.7699,1.0,1,0.053,0.2615
2013-10-27,2013,R,,nfl_0022,nfl_0019,7,15,0.6902,0.0,0,0.4764,1.1719
2013-10-27,2013,R,,nfl_0010,nfl_0008,31,30,0.5483,1.0,1,0.204,0.6009
2013-10-27,2013,R,,nfl_0013,nfl_0026,10,42,0.1861,0.0,1,0.0346,0.206
2013-10-27,2013,R,,nfl_0021,nfl_0023,21,18,0.5745,1.0,1,0.181,0.5542
2013-10-27,2013,R,,nfl_0007,nfl_0020,49,9,0.7416,1.0,1,0.0668,0.299
2013-10-27,2013,R,,nfl_0001,nfl_0002,27,13,0.5352,1.0,1,0.2161,0.6252
2013-10-27,2013,R,,nfl_0009,nfl_0030,45,21,0.8101,1.0,1,0.0361,0.2106
2013-10-27,2013,R,,nfl_0016,nfl_0011,31,44,0.3319,0.0,1,0.1101,0.4033
2013-10-28,2013,R,,nfl_0027,nfl_0025,9,14,0.3352,0.0,1,0.1124,0.4083
2013-10-31,2013,R,,nfl_0015,nfl_0007,22,20,0.4614,1.0,0,0.2901,0.7735
2013-11-03,2013,R,,nfl_0027,nfl_0029,21,28,0.5236,0.0,0,0.2742,0.7415
2013-11-03,2013,R,,nfl_0004,nfl_0014,13,23,0.3939,0.0,1,0.1552,0.5008
2013-11-03,2013,R,,nfl_0005,nfl_0002,34,10,0.7338,1.0,1,0.0709,0.3095
2013-11-03,2013,R,,nfl_0030,nfl_0024,30,24,0.4663,1.0,0,0.2848,0.7629
2013-11-03,2013,R,,nfl_0008,nfl_0016,27,23,0.8025,1.0,1,0.039,0.22
2013-11-03,2013,R,,nfl_0020,nfl_0018,26,20,0.3243,1.0,0,0.4566,1.1261
2013-11-03,2013,R,,nfl_0021,nfl_0022,20,49,0.6126,0.0,0,0.3753,0.9483
2013-11-03,2013,R,,nfl_0025,nfl_0028,27,24,0.8782,1.0,1,0.0148,0.1299
2013-11-03,2013,R,,nfl_0031,nfl_0003,24,18,0.4296,1.0,0,0.3254,0.845
2013-11-03,2013,R,,nfl_0017,nfl_0023,55,31,0.7787,1.0,1,0.049,0.2501
2013-11-03,2013,R,,nfl_0032,nfl_0012,24,27,0.3788,0.0,1,0.1435,0.4762
2013-11-04,2013,R,,nfl_0011,nfl_0006,20,27,0.6776,0.0,0,0.4592,1.132
2013-11-07,2013,R,,nfl_0016,nfl_0030,34,27,0.4874,1.0,0,0.2628,0.7187
2013-11-10,2013,R,,nfl_0011,nfl_0022,13,27,0.7194,0.0,0,0.5175,1.2707
2013-11-10,2013,R,,nfl_0029,nfl_0013,27,29,0.8295,0.0,0,0.688,1.7688
2013-11-10,2013,R,,nfl_0023,nfl_0004,23,10,0.6252,1.0,1,0.1405,0.4697
2013-11-10,2013,R,,nfl_0003,nfl_0007,20,17,0.511,1.0,1,0.2391,0.6714
2013-11-10,2013,R,,nfl_0002,nfl_0025,10,33,0.3419,0.0,1,0.1169,0.4184
2013-11-10,2013,R,,nfl_0006,nfl_0010,19,21,0.5913,0.0,0,0.3497,0.8949
2013-11-10,2013,R,,nfl_0012,nfl_0027,8,38,0.7944,0.0,0,0.6311,1.582
2013-11-10,2013,R,,nfl_0019,nfl_0021,24,20,0.6859,1.0,1,0.0986,0.377
2013-11-10,2013,R,,nfl_0026,nfl_0005,9,10,0.6587,0.0,0,0.4339,1.075
2013-11-10,2013,R,,nfl_0001,nfl_0032,27,24,0.7172,1.0,1,0.08,0.3325
2013-11-10,2013,R,,nfl_0024,nfl_0009,20,28,0.3634,0.0,1,0.1321,0.4516
2013-11-10,2013,R,,nfl_0018,nfl_0008,49,17,0.6556,1.0,1,0.1186,0.4222
2013-11-11,2013,R,,nfl_0028,nfl_0015,22,19,0.4222,1.0,0,0.3338,0.8622
2013-11-14,2013,R,,nfl_0029,nfl_0012,27,30,0.5325,0.0,0,0.2835,0.7603
2013-11-17,2013,R,,nfl_0006,nfl_0003,23,20,0.6141,1.0,1,0.149,0.4877
2013-11-17,2013,R,,nfl_0023,nfl_0010,37,27,0.4886,1.0,0,0.2616,0.7163
2013-11-17,2013,R,,nfl_0004,nfl_0020,37,14,0.5313,1.0,1,0.2197,0.6325
2013-11-17,2013,R,,nfl_0007,nfl_0031,41,20,0.7129,1.0,1,0.0824,0.3384
2013-11-17,2013,R,,nfl_0022,nfl_0030,24,16,0.6911,1.0,1,0.0954,0.3694
2013-11-17,2013,R,,nfl_0028,nfl_0002,41,28,0.5079,1.0,1,0.2421,0.6774
2013-11-17,2013,R,,nfl_0032,nfl_0021,23,28,0.6484,0.0,0,0.4204,1.0452
2013-11-17,2013,R,,nfl_0013,nfl_0001,14,27,0.3186,0.0,1,0.1015,0.3836
2013-11-17,2013,R,,nfl_0015,nfl_0024,20,16,0.572,1.0,1,0.1832,0.5586
2013-11-17,2013,R,,nfl_0019,nfl_0011,27,13,0.4413,1.0,0,0.3121,0.818
2013-11-17,2013,R,,nfl_0018,nfl_0026,23,20,0.6259,1.0,1,0.1399,0.4685
2013-11-17,2013,R,,nfl_0025,nfl_0016,41,20,0.8785,1.0,1,0.0148,0.1295
2013-11-17,2013,R,,nfl_0009,nfl_0014,27,17,0.6526,1.0,1,0.1207,0.4267
2013-11-18,2013,R,,nfl_0005,nfl_0017,24,20,0.5602,1.0,1,0.1935,0.5795
2013-11-21,2013,R,,nfl_0002,nfl_0018,13,17,0.297,0.0,1,0.0882,0.3524
2013-11-24,2013,R,,nfl_0027,nfl_0006,42,21,0.5642,1.0,1,0.1899,0.5723
2013-11-24,2013,R,,nfl_0011,nfl_0016,26,26,0.7602,0.5,0,0.0677,0.8511
2013-11-24,2013,R,,nfl_0032,nfl_0013,6,13,0.7529,0.0,0,0.5669,1.3981
2013-11-24,2013,R,,nfl_0003,nfl_0020,19,3,0.7521,1.0,1,0.0615,0.2849
2013-11-24,2013,R,,nfl_0015,nfl_0005,16,20,0.415,0.0,1,0.1723,0.5362
2013-11-24,2013,R,,nfl_0031,nfl_0023,11,27,0.5371,0.0,0,0.2885,0.7702
2013-11-24,2013,R,,nfl_0010,nfl_0028,21,24,0.7467,0.0,0,0.5576,1.3732
2013-11-24,2013,R,,nfl_0014,nfl_0024,38,41,0.7361,0.0,0,0.5418,1.3322
2013-11-24,2013,R,,nfl_0001,nfl_0012,40,11,0.5363,1.0,1,0.215,0.6231
2013-11-24,2013,R,,nfl_0021,nfl_0029,19,23,0.4897,0.0,1,0.2398,0.6728
2013-11-24,2013,R,,nfl_0019,nfl_0008,21,24,0.4675,0.0,1,0.2185,0.6302
2013-11-24,2013,R,,nfl_0017,nfl_0009,34,31,0.493,1.0,0,0.257,0.7072
2013-11-25,2013,R,,nfl_0030,nfl_0026,6,27,0.3571,0.0,1,0.1275,0.4418
2013-11-28,2013,R,,nfl_0010,nfl_0011,40,10,0.5943,1.0,1,0.1646,0.5203
2013-11-28,2013,R,,nfl_0008,nfl_0021,31,24,0.7891,1.0,1,0.0445,0.2368
2013-11-28,2013,R,,nfl_0003,nfl_0023,22,20,0.6248,1.0,1,0.1408,0.4703
2013-12-01,2013,R,,nfl_0031,nfl_0013,28,32,0.7406,0.0,0,0.5485,1.3494
2013-12-01,2013,R,,nfl_0012,nfl_0029,22,14,0.637,1.0,1,0.1318,0.451
2013-12-01,2013,R,,nfl_0022,nfl_0001,24,21,0.6208,1.0,1,0.1438,0.4767
2013-12-01,2013,R,,nfl_0032,nfl_0017,31,34,0.2608,0.0,1,0.068,0.3022
2013-12-01,2013,R,,nfl_0020,nfl_0015,3,23,0.4679,0.0,1,0.2189,0.6309
2013-12-01,2013,R,,nfl_0005,nfl_0028,27,6,0.8379,1.0,1,0.0263,0.1769
2013-12-01,2013,R,,nfl_0016,nfl_0006,23,20,0.4293,1.0,0,0.3257,0.8455
2013-12-01,2013,R,,nfl_0004,nfl_0002,31,34,0.6587,0.0,0,0.4339,1.0751
2013-12-01,2013,R,,nfl_0026,nfl_0027,23,13,0.7317,1.0,1,0.072,0.3124
2013-12-01,2013,R,,nfl_0024,nfl_0007,10,17,0.4444,0.0,1,0.1975,0.5877
2013-12-01,2013,R,,nfl_0014,nfl_0009,28,35,0.4577,0.0,1,0.2095,0.6119
2013-12-01,2013,R,,nfl_0030,nfl_0019,17,24,0.5414,0.0,0,0.2931,0.7796
2013-12-02,2013,R,,nfl_0025,nfl_0018,34,7,0.6553,1.0,1,0.1188,0.4226
2013-12-05,2013,R,,nfl_0013,nfl_0032,27,20,0.5331,1.0,1,0.218,0.629
2013-12-08,2013,R,,nfl_0011,nfl_0002,22,21,0.684,1.0,1,0.0998,0.3797
2013-12-08,2013,R,,nfl_0028,nfl_0004,27,6,0.5694,1.0,1,0.1854,0.5631
2013-12-08,2013,R,,nfl_0007,nfl_0012,42,28,0.7097,1.0,1,0.0843,0.3429
2013-12-08,2013,R,,nfl_0017,nfl_0031,27,26,0.8542,1.0,1,0.0212,0.1575
2013-12-08,2013,R,,nfl_0022,nfl_0010,34,20,0.5789,1.0,1,0.1773,0.5466
2013-12-08,2013,R,,nfl_0023,nfl_0015,28,34,0.6057,0.0,0,0.3669,0.9307
2013-12-08,2013,R,,nfl_0020,nfl_0021,37,27,0.5657,1.0,1,0.1886,0.5697
2013-12-08,2013,R,,nfl_0030,nfl_0014,10,45,0.3656,0.0,1,0.1336,0.455
2013-12-08,2013,R,,nfl_0003,nfl_0016,29,26,0.779,1.0,1,0.0488,0.2497
2013-12-08,2013,R,,nfl_0009,nfl_0029,51,28,0.8476,1.0,1,0.0232,0.1653
2013-12-08,2013,R,,nfl_0001,nfl_0027,30,10,0.634,1.0,1,0.134,0.4557
2013-12-08,2013,R,,nfl_0024,nfl_0019,37,14,0.6309,1.0,1,0.1362,0.4606
2013-12-08,2013,R,,nfl_0026,nfl_0025,19,17,0.5126,1.0,1,0.2376,0.6683
2013-12-08,2013,R,,nfl_0018,nfl_0005,31,13,0.5546,1.0,1,0.1984,0.5895
2013-12-09,2013,R,,nfl_0006,nfl_0008,45,28,0.5348,1.0,1,0.2164,0.6258
2013-12-12,2013,R,,nfl_0009,nfl_0024,20,27,0.8167,0.0,0,0.667,1.6967
2013-12-15,2013,R,,nfl_0013,nfl_0004,20,27,0.4956,0.0,1,0.2456,0.6843
2013-12-15,2013,R,,nfl_0012,nfl_0032,25,3,0.7852,1.0,1,0.0462,0.2419
2013-12-15,2013,R,,nfl_0015,nfl_0017,24,20,0.4655,1.0,0,0.2857,0.7647
2013-12-15,2013,R,,nfl_0016,nfl_0022,48,30,0.3734,1.0,0,0.3926,0.9851
2013-12-15,2013,R,,nfl_0028,nfl_0026,14,33,0.3161,0.0,1,0.0999,0.38
2013-12-15,2013,R,,nfl_0002,nfl_0030,27,26,0.6751,1.0,1,0.1056,0.3929
2013-12-15,2013,R,,nfl_0031,nfl_0006,31,38,0.4088,0.0,1,0.1671,0.5256
2013-12-15,2013,R,,nfl_0019,nfl_0025,0,23,0.2573,0.0,1,0.0662,0.2975
2013-12-15,2013,R,,nfl_0005,nfl_0020,30,20,0.8619,1.0,1,0.0191,0.1486
2013-12-15,2013,R,,nfl_0021,nfl_0014,31,56,0.2876,0.0,1,0.0827,0.3391
2013-12-15,2013,R,,nfl_0008,nfl_0011,36,37,0.6461,0.0,0,0.4174,1.0387
2013-12-15,2013,R,,nfl_0027,nfl_0018,27,16,0.368,1.0,0,0.3994,0.9997
2013-12-15,2013,R,,nfl_0029,nfl_0001,34,37,0.4597,0.0,1,0.2113,0.6156
2013-12-15,2013,R,,nfl_0023,nfl_0007,30,20,0.4248,1.0,0,0.3309,0.8562
2013-12-16,2013,R,,nfl_0010,nfl_0003,16,18,0.5766,0.0,0,0.3325,0.8594
2013-12-22,2013,R,,nfl_0027,nfl_0028,23,13,0.7067,1.0,1,0.086,0.3472
2013-12-22,2013,R,,nfl_0004,nfl_0015,19,0,0.4336,1.0,0,0.3208,0.8356
2013-12-22,2013,R,,nfl_0007,nfl_0016,42,14,0.796,1.0,1,0.0416,0.2282
2013-12-22,2013,R,,nfl_0020,nfl_0031,24,13,0.5925,1.0,1,0.1661,0.5234
2013-12-22,2013,R,,nfl_0014,nfl_0012,7,23,0.7166,0.0,0,0.5135,1.2609
2013-12-22,2013,R,,nfl_0032,nfl_0009,13,37,0.1687,0.0,1,0.0285,0.1847
2013-12-22,2013,R,,nfl_0013,nfl_0029,16,20,0.4098,0.0,1,0.1679,0.5273
2013-12-22,2013,R,,nfl_0030,nfl_0008,23,24,0.3836,0.0,1,0.1471,0.4839
2013-12-22,2013,R,,nfl_0005,nfl_0018,17,13,0.6011,1.0,1,0.1591,0.509
2013-12-22,2013,R,,nfl_0010,nfl_0019,20,23,0.7105,0.0,0,0.5047,1.2394
2013-12-22,2013,R,,nfl_0025,nfl_0001,10,17,0.7823,0.0,0,0.6119,1.5245
2013-12-22,2013,R,,nfl_0011,nfl_0023,31,38,0.571,0.0,0,0.326,0.8462
2013-12-22,2013,R,,nfl_0003,nfl_0017,7,41,0.5119,0.0,0,0.262,0.7172
2013-12-22,2013,R,,nfl_0024,nfl_0021,26,13,0.8305,1.0,1,0.0287,0.1857
2013-12-22,2013,R,,nfl_0022,nfl_0006,54,11,0.5806,1.0,1,0.1759,0.5436
2013-12-23,2013,R,,nfl_0026,nfl_0002,34,24,0.8598,1.0,1,0.0197,0.1511
2013-12-29,2013,R,,nfl_0007,nfl_0003,34,17,0.7233,1.0,1,0.0765,0.3239
2013-12-29,2013,R,,nfl_0023,nfl_0031,20,7,0.8028,1.0,1,0.0389,0.2197
2013-12-29,2013,R,,nfl_0012,nfl_0013,30,10,0.8644,1.0,1,0.0184,0.1457
2013-12-29,2013,R,,nfl_0029,nfl_0032,16,10,0.7687,1.0,1,0.0535,0.263
2013-12-29,2013,R,,nfl_0015,nfl_0020,7,20,0.7557,0.0,0,0.5711,1.4095
2013-12-29,2013,R,,nfl_0019,nfl_0030,20,6,0.713,1.0,1,0.0824,0.3383
2013-12-29,2013,R,,nfl_0002,nfl_0005,20,21,0.2939,0.0,1,0.0864,0.348
2013-12-29,2013,R,,nfl_0016,nfl_0010,14,13,0.4705,1.0,0,0.2803,0.7539
2013-12-29,2013,R,,nfl_0017,nfl_0004,34,20,0.8258,1.0,1,0.0304,0.1914
2013-12-29,2013,R,,nfl_0006,nfl_0011,28,33,0.6332,0.0,0,0.401,1.003
2013-12-29,2013,R,,nfl_0001,nfl_0026,20,23,0.4944,0.0,1,0.2444,0.682
2013-12-29,2013,R,,nfl_0021,nfl_0009,14,34,0.1662,0.0,1,0.0276,0.1818
2013-12-29,2013,R,,nfl_0018,nfl_0028,42,17,0.8273,1.0,1,0.0298,0.1896
2013-12-29,2013,R,,nfl_0024,nfl_0014,27,24,0.5631,1.0,1,0.1909,0.5743
2013-12-29,2013,R,,nfl_0025,nfl_0027,27,9,0.8026,1.0,1,0.039,0.2199
2013-12-29,2013,R,,nfl_0008,nfl_0022,22,24,0.5261,0.0,0,0.2768,0.7468
2014-01-04,2013,P,WC,nfl_0012,nfl_0014,45,44,0.5963,1.0,1,0.163,0.517
2014-01-04,2013,P,WC,nfl_0022,nfl_0018,24,26,0.5373,0.0,0,0.2887,0.7706
2014-01-05,2013,P,WC,nfl_0007,nfl_0024,10,27,0.6937,0.0,0,0.4813,1.1833
2014-01-05,2013,P,WC,nfl_0011,nfl_0026,20,23,0.34,0.0,1,0.1156,0.4155
2014-01-11,2013,P,DV,nfl_0025,nfl_0018,23,15,0.7137,1.0,1,0.082,0.3373
2014-01-11,2013,P,DV,nfl_0017,nfl_0012,43,22,0.752,1.0,1,0.0615,0.285
2014-01-12,2013,P,DV,nfl_0005,nfl_0026,10,23,0.5699,0.0,0,0.3248,0.8438
2014-01-12,2013,P,DV,nfl_0009,nfl_0024,24,17,0.7577,1.0,1,0.0587,0.2775
2014-01-19,2013,P,CC,nfl_0009,nfl_0017,26,16,0.6207,1.0,1,0.1438,0.4769
2014-01-19,2013,P,CC,nfl_0025,nfl_0026,23,17,0.6027,1.0,1,0.1579,0.5064
2014-09-04,2014,R,,nfl_0025,nfl_0011,36,16,0.6967,1.0,1,0.092,0.3614
2014-09-07,2014,R,,nfl_0006,nfl_0004,20,23,0.6136,0.0,0,0.3765,0.9509
2014-09-07,2014,R,,nfl_0027,nfl_0016,6,34,0.636,0.0,0,0.4045,1.0107
2014-09-07,2014,R,,nfl_0003,nfl_0007,16,23,0.5659,0.0,0,0.3202,0.8345
2014-09-07,2014,R,,nfl_0023,nfl_0031,30,27,0.6772,1.0,1,0.1042,0.3898
2014-09-07,2014,R,,nfl_0022,nfl_0013,34,17,0.7079,1.0,1,0.0853,0.3454
2014-09-07,2014,R,,nfl_0014,nfl_0029,10,26,0.6402,0.0,0,0.4098,1.0222
2014-09-07,2014,R,,nfl_0020,nfl_0021,19,14,0.6413,1.0,1,0.1287,0.4443
2014-09-07,2014,R,,nfl_0002,nfl_0018,37,34,0.5116,1.0,1,0.2385,0.6702
2014-09-07,2014,R,,nfl_0032,nfl_0030,17,6,0.5937,1.0,1,0.165,0.5213
2014-09-07,2014,R,,nfl_0015,nfl_0017,33,20,0.5227,1.0,1,0.2279,0.6488
2014-09-07,2014,R,,nfl_0028,nfl_0005,14,20,0.5147,0.0,0,0.2649,0.7229
2014-09-07,2014,R,,nfl_0008,nfl_0026,17,28,0.5206,0.0,0,0.271,0.7351
2014-09-07,2014,R,,nfl_0009,nfl_0012,31,24,0.67,1.0,1,0.1089,0.4004
2014-09-08,2014,R,,nfl_0010,nfl_0019,35,14,0.622,1.0,1,0.1429,0.4749
2014-09-08,2014,R,,nfl_0001,nfl_0024,18,17,0.5998,1.0,1,0.1602,0.5112
2014-09-11,2014,R,,nfl_0003,nfl_0023,26,6,0.538,1.0,1,0.2135,0.6199
2014-09-14,2014,R,,nfl_0004,nfl_0015,29,10,0.5672,1.0,1,0.1873,0.5671
2014-09-14,2014,R,,nfl_0031,nfl_0018,26,24,0.4857,1.0,0,0.2645,0.7221
2014-09-14,2014,R,,nfl_0029,nfl_0008,10,26,0.6738,0.0,0,0.454,1.1201
2014-09-14,2014,R,,nfl_0005,nfl_0010,24,7,0.6413,1.0,1,0.1287,0.4442
2014-09-14,2014,R,,nfl_0019,nfl_0001,14,25,0.4967,0.0,1,0.2467,0.6866
2014-09-14,2014,R,,nfl_0007,nfl_0002,24,10,0.6884,1.0,1,0.0971,0.3734
2014-09-14,2014,R,,nfl_0030,nfl_0013,41,10,0.6156,1.0,1,0.1478,0.4852
2014-09-14,2014,R,,nfl_0016,nfl_0017,7,30,0.6245,0.0,0,0.39,0.9794
2014-09-14,2014,R,,nfl_0028,nfl_0027,17,19,0.6156,0.0,0,0.379,0.9561
2014-09-14,2014,R,,nfl_0024,nfl_0025,30,21,0.4906,1.0,0,0.2595,0.7121
2014-09-14,2014,R,,nfl_0009,nfl_0014,24,17,0.731,1.0,1,0.0724,0.3134
2014-09-14,2014,R,,nfl_0011,nfl_0020,31,24,0.5916,1.0,1,0.1668,0.525
2014-09-14,2014,R,,nfl_0021,nfl_0032,14,30,0.561,0.0,0,0.3147,0.8232
2014-09-14,2014,R,,nfl_0026,nfl_0006,20,28,0.7315,0.0,0,0.5351,1.3148
2014-09-15,2014,R,,nfl_0012,nfl_0022,27,30,0.5514,0.0,0,0.3041,0.8017
2014-09-18,2014,R,,nfl_0002,nfl_0028,56,14,0.6398,1.0,1,0.1297,0.4466
2014-09-21,2014,R,,nfl_0027,nfl_0008,31,34,0.5144,0.0,0,0.2646,0.7223
2014-09-21,2014,R,,nfl_0004,nfl_0024,10,22,0.5907,0.0,0,0.3489,0.8933
2014-09-21,2014,R,,nfl_0007,nfl_0029,33,7,0.7007,1.0,1,0.0896,0.3557
2014-09-21,2014,R,,nfl_0031,nfl_0003,21,23,0.5158,0.0,0,0.2661,0.7253
2014-09-21,2014,R,,nfl_0013,nfl_0012,17,44,0.4584,0.0,1,0.2102,0.6133
2014-09-21,2014,R,,nfl_0010,nfl_0011,19,7,0.6246,1.0,1,0.1409,0.4706
2014-09-21,2014,R,,nfl_0019,nfl_0032,30,17,0.5058,1.0,1,0.2442,0.6816
2014-09-21,2014,R,,nfl_0017,nfl_0021,16,9,0.801,1.0,1,0.0396,0.2219
2014-09-21,2014,R,,nfl_0022,nfl_0030,37,34,0.7029,1.0,1,0.0883,0.3525
2014-09-21,2014,R,,nfl_0018,nfl_0016,20,9,0.6439,1.0,1,0.1268,0.4402
2014-09-21,2014,R,,nfl_0001,nfl_0026,23,14,0.5977,1.0,1,0.1619,0.5147
2014-09-21,2014,R,,nfl_0025,nfl_0009,26,20,0.5735,1.0,1,0.1819,0.556
2014-09-21,2014,R,,nfl_0015,nfl_0014,15,34,0.6306,0.0,0,0.3977,0.9959
2014-09-21,2014,R,,nfl_0005,nfl_0023,19,37,0.7123,0.0,0,0.5074,1.2458
2014-09-22,2014,R,,nfl_0020,nfl_0006,19,27,0.5477,0.0,0,0.3,0.7935
2014-09-25,2014,R,,nfl_0030,nfl_0019,14,45,0.6071,0.0,0,0.3686,0.9343
2014-09-28,2014,R,,nfl_0032,nfl_0004,23,17,0.5683,1.0,1,0.1864,0.5651
2014-09-28,2014,R,,nfl_0003,nfl_0005,38,10,0.5922,1.0,1,0.1663,0.5239
2014-09-28,2014,R,,nfl_0006,nfl_0011,17,38,0.6796,0.0,0,0.4618,1.1381
2014-09-28,2014,R,,nfl_0020,nfl_0010,17,24,0.4858,0.0,1,0.236,0.6651
2014-09-28,2014,R,,nfl_0012,nfl_0029,41,17,0.6903,1.0,1,0.0959,0.3707
2014-09-28,2014,R,,nfl_0023,nfl_0028,24,27,0.7655,0.0,0,0.586,1.4505
2014-09-28,2014,R,,nfl_0021,nfl_0015,14,38,0.5323,0.0,0,0.2833,0.7599
2014-09-28,2014,R,,nfl_0024,nfl_0013,33,14,0.8495,1.0,1,0.0227,0.1631
2014-09-28,2014,R,,nfl_0016,nfl_0002,41,28,0.5301,1.0,1,0.2208,0.6347
2014-09-28,2014,R,,nfl_0026,nfl_0022,26,21,0.5705,1.0,1,0.1845,0.5613
2014-09-28,2014,R,,nfl_0008,nfl_0018,38,17,0.5945,1.0,1,0.1645,0.5201
2014-09-29,2014,R,,nfl_0014,nfl_0017,41,14,0.5084,1.0,1,0.2417,0.6766
2014-10-02,2014,R,,nfl_0011,nfl_0016,42,10,0.6384,1.0,1,0.1308,0.4488
2014-10-05,2014,R,,nfl_0029,nfl_0031,28,29,0.5588,0.0,0,0.3123,0.8183
2014-10-05,2014,R,,nfl_0013,nfl_0023,9,17,0.3487,0.0,1,0.1216,0.4288
2014-10-05,2014,R,,nfl_0022,nfl_0027,34,28,0.7061,1.0,1,0.0864,0.348
2014-10-05,2014,R,,nfl_0019,nfl_0002,30,20,0.6556,1.0,1,0.1186,0.4223
2014-10-05,2014,R,,nfl_0010,nfl_0004,14,17,0.68,0.0,0,0.4625,1.1396
2014-10-05,2014,R,,nfl_0005,nfl_0006,31,24,0.6232,1.0,1,0.142,0.4729
2014-10-05,2014,R,,nfl_0012,nfl_0003,20,13,0.5999,1.0,1,0.1601,0.511
2014-10-05,2014,R,,nfl_0008,nfl_0032,20,17,0.6943,1.0,1,0.0935,0.3649
2014-10-05,2014,R,,nfl_0018,nfl_0028,37,31,0.7278,1.0,1,0.0741,0.3177
2014-10-05,2014,R,,nfl_0009,nfl_0001,41,20,0.6107,1.0,1,0.1516,0.4932
2014-10-05,2014,R,,nfl_0026,nfl_0014,22,17,0.6076,1.0,1,0.154,0.4982
2014-10-05,2014,R,,nfl_0024,nfl_0020,31,0,0.7759,1.0,1,0.0502,0.2537
2014-10-05,2014,R,,nfl_0017,nfl_0007,43,17,0.4888,1.0,0,0.2613,0.7157
2014-10-06,2014,R,,nfl_0030,nfl_0025,17,27,0.3367,0.0,1,0.1134,0.4106
2014-10-09,2014,R,,nfl_0032,nfl_0012,28,33,0.4757,0.0,1,0.2263,0.6456
2014-10-12,2014,R,,nfl_0031,nfl_0023,31,10,0.5043,1.0,1,0.2457,0.6846
2014-10-12,2014,R,,nfl_0020,nfl_0009,17,31,0.332,0.0,1,0.1102,0.4035
2014-10-12,2014,R,,nfl_0004,nfl_0017,22,37,0.4928,0.0,1,0.2428,0.6788
2014-10-12,2014,R,,nfl_0016,nfl_0010,3,17,0.5077,0.0,0,0.2577,0.7086
2014-10-12,2014,R,,nfl_0015,nfl_0011,24,27,0.505,0.0,0,0.255,0.7032
2014-10-12,2014,R,,nfl_0029,nfl_0013,16,14,0.7392,1.0,1,0.068,0.3022
2014-10-12,2014,R,,nfl_0028,nfl_0003,17,48,0.3946,0.0,1,0.1557,0.5018
2014-10-12,2014,R,,nfl_0007,nfl_0005,37,37,0.6558,0.5,0,0.0243,0.7442
2014-10-12,2014,R,,nfl_0021,nfl_0024,28,31,0.2965,0.0,1,0.0879,0.3517
2014-10-12,2014,R,,nfl_0001,nfl_0030,30,20,0.8,1.0,1,0.04,0.2232
2014-10-12,2014,R,,nfl_0002,nfl_0006,13,27,0.6156,0.0,0,0.379,0.9562
2014-10-12,2014,R,,nfl_0025,nfl_0008,23,30,0.6314,0.0,0,0.3987,0.9981
2014-10-12,2014,R,,nfl_0022,nfl_0019,27,0,0.6256,1.0,1,0.1402,0.4691
2014-10-13,2014,R,,nfl_0027,nfl_0026,17,31,0.4186,0.0,1,0.1752,0.5423
2014-10-16,2014,R,,nfl_0017,nfl_0020,27,25,0.834,1.0,1,0.0275,0.1815
2014-10-19,2014,R,,nfl_0027,nfl_0025,28,26,0.3686,1.0,0,0.3987,0.9982
2014-10-19,2014,R,,nfl_0006,nfl_0015,14,27,0.6356,0.0,0,0.404,1.0095
2014-10-19,2014,R,,nfl_0012,nfl_0007,27,0,0.6661,1.0,1,0.1115,0.4064
2014-10-19,2014,R,,nfl_0013,nfl_0031,24,6,0.3499,1.0,0,0.4226,1.0501
2014-10-19,2014,R,,nfl_0003,nfl_0002,29,7,0.7703,1.0,1,0.0528,0.2609
2014-10-19,2014,R,,nfl_0004,nfl_0016,17,16,0.6616,1.0,1,0.1145,0.413
2014-10-19,2014,R,,nfl_0011,nfl_0005,38,17,0.6841,1.0,1,0.0998,0.3797
2014-10-19,2014,R,,nfl_0010,nfl_0018,24,23,0.6321,1.0,1,0.1354,0.4588
2014-10-19,2014,R,,nfl_0030,nfl_0029,19,17,0.5173,1.0,1,0.233,0.6592
2014-10-19,2014,R,,nfl_0024,nfl_0014,20,23,0.6548,0.0,0,0.4287,1.0635
2014-10-19,2014,R,,nfl_0021,nfl_0001,13,24,0.314,0.0,1,0.0986,0.3769
2014-10-19,2014,R,,nfl_0008,nfl_0019,31,21,0.7101,1.0,1,0.084,0.3423
2014-10-19,2014,R,,nfl_0009,nfl_0026,42,17,0.6613,1.0,1,0.1147,0.4135
2014-10-20,2014,R,,nfl_0023,nfl_0032,30,23,0.6165,1.0,1,0.1471,0.4837
2014-10-23,2014,R,,nfl_0009,nfl_0024,35,21,0.6849,1.0,1,0.0993,0.3785
2014-10-26,2014,R,,nfl_0002,nfl_0010,21,22,0.4067,0.0,1,0.1654,0.5221
2014-10-26,2014,R,,nfl_0007,nfl_0003,27,24,0.4941,1.0,0,0.256,0.7051
2014-10-26,2014,R,,nfl_0020,nfl_0004,23,43,0.496,0.0,1,0.246,0.6851
2014-10-26,2014,R,,nfl_0017,nfl_0006,51,23,0.7812,1.0,1,0.0479,0.247
2014-10-26,2014,R,,nfl_0013,nfl_0015,13,27,0.3814,0.0,1,0.1454,0.4803
2014-10-26,2014,R,,nfl_0029,nfl_0032,16,30,0.5662,0.0,0,0.3206,0.8351
2014-10-26,2014,R,,nfl_0028,nfl_0016,13,19,0.5592,0.0,0,0.3127,0.8191
2014-10-26,2014,R,,nfl_0014,nfl_0027,34,7,0.7667,1.0,1,0.0544,0.2657
2014-10-26,2014,R,,nfl_0005,nfl_0025,9,13,0.5042,0.0,0,0.2542,0.7015
2014-10-26,2014,R,,nfl_0001,nfl_0022,24,20,0.5305,1.0,1,0.2204,0.6339
2014-10-26,2014,R,,nfl_0031,nfl_0021,23,13,0.7552,1.0,1,0.0599,0.2807
2014-10-26,2014,R,,nfl_0023,nfl_0012,51,34,0.4279,1.0,0,0.3273,0.8488
2014-10-26,2014,R,,nfl_0018,nfl_0011,44,23,0.4768,1.0,0,0.2737,0.7406
2014-10-27,2014,R,,nfl_0008,nfl_0030,17,20,0.841,0.0,0,0.7073,1.8391
2014-10-30,2014,R,,nfl_0005,nfl_0018,10,28,0.5095,0.0,0,0.2596,0.7123
2014-11-02,2014,R,,nfl_0007,nfl_0013,33,23,0.8258,1.0,1,0.0303,0.1914
2014-11-02,2014,R,,nfl_0031,nfl_0028,22,17,0.7429,1.0,1,0.0661,0.2972
2014-11-02,2014,R,,nfl_0015,nfl_0024,37,0,0.5303,1.0,1,0.2206,0.6343
2014-11-02,2014,R,,nfl_0014,nfl_0020,24,10,0.8394,1.0,1,0.0258,0.1751
2014-11-02,2014,R,,nfl_0032,nfl_0022,21,31,0.4734,0.0,1,0.2241,0.6412
2014-11-02,2014,R,,nfl_0016,nfl_0030,29,26,0.6593,1.0,1,0.1161,0.4165
2014-11-02,2014,R,,nfl_0008,nfl_0001,17,28,0.6078,0.0,0,0.3694,0.9359
2014-11-02,2014,R,,nfl_0026,nfl_0027,10,13,0.8087,0.0,0,0.654,1.654
2014-11-02,2014,R,,nfl_0017,nfl_0009,43,21,0.5346,1.0,1,0.2166,0.6261
2014-11-02,2014,R,,nfl_0025,nfl_0021,30,24,0.8626,1.0,1,0.0189,0.1478
2014-11-02,2014,R,,nfl_0023,nfl_0003,43,23,0.5315,1.0,1,0.2195,0.632
2014-11-03,2014,R,,nfl_0019,nfl_0012,24,40,0.5034,0.0,0,0.2534,0.6999
2014-11-06,2014,R,,nfl_0007,nfl_0031,3,24,0.687,0.0,0,0.4719,1.1614
2014-11-09,2014,R,,nfl_0004,nfl_0014,13,17,0.5352,0.0,0,0.2864,0.7662
2014-11-09,2014,R,,nfl_0010,nfl_0015,20,16,0.6294,1.0,1,0.1374,0.4631
2014-11-09,2014,R,,nfl_0020,nfl_0023,20,13,0.308,1.0,0,0.4789,1.1777
2014-11-09,2014,R,,nfl_0018,nfl_0026,24,27,0.655,0.0,0,0.4291,1.0643
2014-11-09,2014,R,,nfl_0003,nfl_0029,21,7,0.7647,1.0,1,0.0554,0.2683
2014-11-09,2014,R,,nfl_0028,nfl_0002,17,27,0.4641,0.0,1,0.2154,0.6239
2014-11-09,2014,R,,nfl_0013,nfl_0008,17,31,0.2821,0.0,1,0.0796,0.3315
2014-11-09,2014,R,,nfl_0021,nfl_0009,17,41,0.1962,0.0,1,0.0385,0.2184
2014-11-09,2014,R,,nfl_0001,nfl_0027,31,14,0.8115,1.0,1,0.0355,0.2088
2014-11-09,2014,R,,nfl_0025,nfl_0019,38,17,0.7468,1.0,1,0.0641,0.292
2014-11-09,2014,R,,nfl_0011,nfl_0006,55,14,0.7383,1.0,1,0.0685,0.3034
2014-11-10,2014,R,,nfl_0022,nfl_0005,45,21,0.7829,1.0,1,0.0471,0.2447
2014-11-13,2014,R,,nfl_0015,nfl_0004,22,9,0.689,1.0,1,0.0967,0.3725
2014-11-16,2014,R,,nfl_0027,nfl_0009,22,7,0.2797,1.0,0,0.5188,1.2739
2014-11-16,2014,R,,nfl_0006,nfl_0016,21,13,0.54,1.0,1,0.2116,0.6161
2014-11-16,2014,R,,nfl_0018,nfl_0007,10,27,0.6951,0.0,0,0.4832,1.1878
2014-11-16,2014,R,,nfl_0005,nfl_0002,17,19,0.575,0.0,0,0.3307,0.8557
2014-11-16,2014,R,,nfl_0031,nfl_0032,7,23,0.6642,0.0,0,0.4412,1.0914
2014-11-16,2014,R,,nfl_0019,nfl_0026,10,16,0.4538,0.0,1,0.2059,0.6047
2014-11-16,2014,R,,nfl_0030,nfl_0028,7,27,0.7133,0.0,0,0.5088,1.2493
2014-11-16,2014,R,,nfl_0014,nfl_0025,24,20,0.611,1.0,1,0.1513,0.4927
2014-11-16,2014,R,,nfl_0024,nfl_0021,13,6,0.8582,1.0,1,0.0201,0.1529
2014-11-16,2014,R,,nfl_0001,nfl_0010,14,6,0.6521,1.0,1,0.121,0.4275
2014-11-16,2014,R,,nfl_0011,nfl_0022,53,20,0.5763,1.0,1,0.1795,0.551
2014-11-16,2014,R,,nfl_0012,nfl_0017,20,42,0.5248,0.0,0,0.2754,0.744
2014-11-17,2014,R,,nfl_0029,nfl_0023,24,27,0.3698,0.0,1,0.1368,0.4618
2014-11-20,2014,R,,nfl_0021,nfl_0014,24,20,0.2076,1.0,0,0.6279,1.5722
2014-11-23,2014,R,,nfl_0002,nfl_0031,24,26,0.5546,0.0,0,0.3076,0.8089
2014-11-23,2014,R,,nfl_0006,nfl_0028,21,13,0.6904,1.0,1,0.0959,0.3705
2014-11-23,2014,R,,nfl_0032,nfl_0007,13,22,0.5767,0.0,0,0.3326,0.8597
2014-11-23,2014,R,,nfl_0012,nfl_0013,23,3,0.8556,1.0,1,0.0209,0.156
2014-11-23,2014,R,,nfl_0017,nfl_0010,34,9,0.7606,1.0,1,0.0573,0.2736
2014-11-23,2014,R,,nfl_0022,nfl_0029,43,24,0.8323,1.0,1,0.0281,0.1835
2014-11-23,2014,R,,nfl_0016,nfl_0011,21,24,0.3158,0.0,1,0.0997,0.3795
2014-11-23,2014,R,,nfl_0024,nfl_0027,27,24,0.7078,1.0,1,0.0854,0.3456
2014-11-23,2014,R,,nfl_0025,nfl_0001,19,3,0.5331,1.0,1,0.218,0.629
2014-11-23,2014,R,,nfl_0009,nfl_0015,39,36,0.6428,1.0,1,0.1276,0.4419
2014-11-23,2014,R,,nfl_0026,nfl_0030,17,13,0.8441,1.0,1,0.0243,0.1695
2014-11-23,2014,R,,nfl_0019,nfl_0008,28,31,0.3728,0.0,1,0.1389,0.4664
2014-11-24,2014,R,,nfl_0004,nfl_0020,38,3,0.7323,1.0,1,0.0717,0.3116
2014-11-24,2014,R,,nfl_0018,nfl_0003,27,34,0.5207,0.0,0,0.2712,0.7355
2014-11-27,2014,R,,nfl_0010,nfl_0006,34,17,0.7303,1.0,1,0.0728,0.3144
2014-11-27,2014,R,,nfl_0008,nfl_0022,10,33,0.5995,0.0,0,0.3594,0.915
2014-11-27,2014,R,,nfl_0026,nfl_0025,3,19,0.5463,0.0,0,0.2984,0.7902
2014-11-30,2014,R,,nfl_0027,nfl_0021,52,0,0.7452,1.0,1,0.0649,0.2941
2014-11-30,2014,R,,nfl_0004,nfl_0031,26,10,0.6099,1.0,1,0.1522,0.4944
2014-11-30,2014,R,,nfl_0016,nfl_0005,31,13,0.5694,1.0,1,0.1854,0.5632
2014-11-30,2014,R,,nfl_0028,nfl_0007,13,14,0.3407,0.0,1,0.1161,0.4166
2014-11-30,2014,R,,nfl_0012,nfl_0030,49,27,0.8602,1.0,1,0.0195,0.1506
2014-11-30,2014,R,,nfl_0032,nfl_0029,45,21,0.7518,1.0,1,0.0616,0.2853
2014-11-30,2014,R,,nfl_0023,nfl_0018,32,35,0.6906,0.0,0,0.4769,1.173
2014-11-30,2014,R,,nfl_0003,nfl_0024,33,34,0.6522,0.0,0,0.4254,1.0562
2014-11-30,2014,R,,nfl_0013,nfl_0019,25,24,0.4306,1.0,0,0.3243,0.8427
2014-11-30,2014,R,,nfl_0002,nfl_0001,29,18,0.378,1.0,0,0.3869,0.9729
2014-11-30,2014,R,,nfl_0011,nfl_0017,26,21,0.493,1.0,0,0.2571,0.7073
2014-11-30,2014,R,,nfl_0014,nfl_0009,16,29,0.5597,0.0,0,0.3133,0.8204
2014-12-01,2014,R,,nfl_0020,nfl_0015,13,16,0.2846,0.0,1,0.081,0.3349
2014-12-04,2014,R,,nfl_0006,nfl_0008,28,41,0.4594,0.0,1,0.2111,0.6151
2014-12-07,2014,R,,nfl_0007,nfl_0023,21,42,0.6211,0.0,0,0.3857,0.9704
2014-12-07,2014,R,,nfl_0010,nfl_0028,34,17,0.8401,1.0,1,0.0256,0.1743
2014-12-07,2014,R,,nfl_0015,nfl_0003,13,28,0.6109,0.0,0,0.3732,0.9439
2014-12-07,2014,R,,nfl_0016,nfl_0020,30,24,0.7364,1.0,1,0.0695,0.306
2014-12-07,2014,R,,nfl_0018,nfl_0005,10,41,0.7666,0.0,0,0.5877,1.455
2014-12-07,2014,R,,nfl_0031,nfl_0012,24,25,0.437,0.0,1,0.191,0.5746
2014-12-07,2014,R,,nfl_0013,nfl_0032,13,27,0.3367,0.0,1,0.1133,0.4105
2014-12-07,2014,R,,nfl_0029,nfl_0019,7,36,0.5006,0.0,0,0.2506,0.6943
2014-12-07,2014,R,,nfl_0030,nfl_0027,0,24,0.4076,0.0,1,0.1661,0.5236
2014-12-07,2014,R,,nfl_0009,nfl_0004,24,17,0.7548,1.0,1,0.0601,0.2813
2014-12-07,2014,R,,nfl_0001,nfl_0014,17,14,0.6265,1.0,1,0.1395,0.4676
2014-12-07,2014,R,,nfl_0022,nfl_0025,14,24,0.5877,0.0,0,0.3453,0.8859
2014-12-07,2014,R,,nfl_0021,nfl_0026,24,13,0.2615,1.0,0,0.5454,1.3413
2014-12-07,2014,R,,nfl_0024,nfl_0017,14,23,0.3816,0.0,1,0.1456,0.4807
2014-12-08,2014,R,,nfl_0011,nfl_0002,43,37,0.8115,1.0,1,0.0355,0.2089
2014-12-11,2014,R,,nfl_0027,nfl_0001,6,12,0.4749,0.0,1,0.2255,0.6441
2014-12-14,2014,R,,nfl_0002,nfl_0023,20,27,0.4213,0.0,1,0.1775,0.547
2014-12-14,2014,R,,nfl_0004,nfl_0011,21,13,0.4253,1.0,0,0.3303,0.8551
2014-12-14,2014,R,,nfl_0031,nfl_0007,0,30,0.5481,0.0,0,0.3005,0.7944
2014-12-14,2014,R,,nfl_0012,nfl_0032,17,10,0.704,1.0,1,0.0876,0.3509
2014-12-14,2014,R,,nfl_0003,nfl_0013,20,12,0.8952,1.0,1,0.011,0.1107
2014-12-14,2014,R,,nfl_0017,nfl_0015,41,13,0.7962,1.0,1,0.0415,0.2279
2014-12-14,2014,R,,nfl_0019,nfl_0030,24,13,0.7828,1.0,1,0.0472,0.2449
2014-12-14,2014,R,,nfl_0005,nfl_0028,19,17,0.7368,1.0,1,0.0693,0.3054
2014-12-14,2014,R,,nfl_0014,nfl_0021,31,13,0.855,1.0,1,0.021,0.1567
2014-12-14,2014,R,,nfl_0024,nfl_0009,10,22,0.4169,0.0,1,0.1738,0.5394
2014-12-14,2014,R,,nfl_0029,nfl_0020,11,16,0.5629,0.0,0,0.3168,0.8275
2014-12-14,2014,R,,nfl_0010,nfl_0016,16,14,0.7595,1.0,1,0.0578,0.2751
2014-12-14,2014,R,,nfl_0025,nfl_0026,17,7,0.7856,1.0,1,0.046,0.2413
2014-12-14,2014,R,,nfl_0022,nfl_0008,27,38,0.6636,0.0,0,0.4404,1.0896
2014-12-15,2014,R,,nfl_0006,nfl_0018,15,31,0.5486,0.0,0,0.3009,0.7953
2014-12-18,2014,R,,nfl_0013,nfl_0029,21,13,0.6042,1.0,1,0.1567,0.5039
2014-12-20,2014,R,,nfl_0030,nfl_0022,27,24,0.2318,1.0,0,0.5902,1.462
2014-12-20,2014,R,,nfl_0026,nfl_0024,35,38,0.5879,0.0,0,0.3456,0.8864
2014-12-21,2014,R,,nfl_0032,nfl_0003,25,13,0.4721,1.0,0,0.2787,0.7507
2014-12-21,2014,R,,nfl_0023,nfl_0014,20,12,0.6501,1.0,1,0.1225,0.4307
2014-12-21,2014,R,,nfl_0020,nfl_0017,16,17,0.1474,0.0,1,0.0217,0.1594
2014-12-21,2014,R,,nfl_0018,nfl_0002,14,30,0.6433,0.0,0,0.4139,1.031
2014-12-21,2014,R,,nfl_0006,nfl_0010,14,20,0.3242,0.0,1,0.1051,0.3919
2014-12-21,2014,R,,nfl_0028,nfl_0011,3,20,0.22,0.0,1,0.0484,0.2484
2014-12-21,2014,R,,nfl_0015,nfl_0016,37,35,0.7169,1.0,1,0.0801,0.3328
2014-12-21,2014,R,,nfl_0005,nfl_0031,17,13,0.6555,1.0,1,0.1187,0.4224
2014-12-21,2014,R,,nfl_0027,nfl_0019,27,37,0.6321,0.0,0,0.3995,0.9998
2014-12-21,2014,R,,nfl_0021,nfl_0004,26,24,0.2836,1.0,0,0.5132,1.2601
2014-12-21,2014,R,,nfl_0008,nfl_0012,42,7,0.5686,1.0,1,0.1861,0.5647
2014-12-21,2014,R,,nfl_0001,nfl_0025,6,35,0.5079,0.0,0,0.258,0.7091
2014-12-22,2014,R,,nfl_0007,nfl_0009,37,28,0.4277,1.0,0,0.3275,0.8493
2014-12-28,2014,R,,nfl_0017,nfl_0004,9,17,0.8272,0.0,0,0.6842,1.7554
2014-12-28,2014,R,,nfl_0016,nfl_0006,13,9,0.6828,1.0,1,0.1006,0.3815
2014-12-28,2014,R,,nfl_0003,nfl_0031,20,10,0.798,1.0,1,0.0408,0.2256
2014-12-28,2014,R,,nfl_0029,nfl_0012,10,27,0.2265,0.0,1,0.0513,0.2568
2014-12-28,2014,R,,nfl_0015,nfl_0020,24,37,0.8165,0.0,0,0.6667,1.6956
2014-12-28,2014,R,,nfl_0019,nfl_0022,26,34,0.4903,0.0,1,0.2404,0.6739
2014-12-28,2014,R,,nfl_0032,nfl_0013,23,17,0.8397,1.0,1,0.0257,0.1747
2014-12-28,2014,R,,nfl_0014,nfl_0024,19,7,0.6312,1.0,1,0.136,0.4601
2014-12-28,2014,R,,nfl_0028,nfl_0018,20,23,0.437,0.0,1,0.1909,0.5744
2014-12-28,2014,R,,nfl_0030,nfl_0008,17,44,0.2076,0.0,1,0.0431,0.2327
2014-12-28,2014,R,,nfl_0002,nfl_0005,3,34,0.6265,0.0,0,0.3925,0.9849
2014-12-28,2014,R,,nfl_0026,nfl_0001,20,17,0.5203,1.0,1,0.2301,0.6533
2014-12-28,2014,R,,nfl_0009,nfl_0021,47,14,0.9127,1.0,1,0.0076,0.0914
2014-12-28,2014,R,,nfl_0011,nfl_0010,30,20,0.6784,1.0,1,0.1034,0.388
2014-12-28,2014,R,,nfl_0025,nfl_0027,20,6,0.8694,1.0,1,0.017,0.1399
2014-12-28,2014,R,,nfl_0023,nfl_0007,27,17,0.6517,1.0,1,0.1213,0.4281
2015-01-03,2014,P,WC,nfl_0005,nfl_0001,27,16,0.5707,1.0,1,0.1843,0.561
2015-01-03,2014,P,WC,nfl_0023,nfl_0003,17,30,0.6478,0.0,0,0.4197,1.0437
2015-01-04,2014,P,WC,nfl_0012,nfl_0007,26,10,0.6283,1.0,1,0.1382,0.4648
2015-01-04,2014,P,WC,nfl_0008,nfl_0010,24,20,0.6823,1.0,1,0.1009,0.3822
2015-01-10,2014,P,DV,nfl_0017,nfl_0003,35,31,0.7356,1.0,1,0.0699,0.3071
2015-01-10,2014,P,DV,nfl_0025,nfl_0005,31,17,0.8279,1.0,1,0.0296,0.1889
2015-01-11,2014,P,DV,nfl_0011,nfl_0008,26,21,0.6545,1.0,1,0.1194,0.4239
2015-01-11,2014,P,DV,nfl_0009,nfl_0012,13,24,0.7167,0.0,0,0.5137,1.2614
2015-01-18,2014,P,CC,nfl_0025,nfl_0011,28,22,0.6883,1.0,1,0.0971,0.3735
2015-01-18,2014,P,CC,nfl_0017,nfl_0012,45,7,0.7076,1.0,1,0.0855,0.3458
2015-09-10,2015,R,,nfl_0017,nfl_0023,28,21,0.666,1.0,1,0.1116,0.4065
2015-09-13,2015,R,,nfl_0006,nfl_0011,23,31,0.4773,0.0,1,0.2279,0.6488
2015-09-13,2015,R,,nfl_0027,nfl_0025,34,31,0.4805,1.0,0,0.2699,0.733
2015-09-13,2015,R,,nfl_0032,nfl_0014,20,27,0.5899,0.0,0,0.348,0.8913
2015-09-13,2015,R,,nfl_0030,nfl_0015,10,17,0.5158,0.0,0,0.2661,0.7253
2015-09-13,2015,R,,nfl_0004,nfl_0012,27,14,0.5842,1.0,1,0.1729,0.5375
2015-09-13,2015,R,,nfl_0013,nfl_0005,9,20,0.5046,0.0,0,0.2546,0.7023
2015-09-13,2015,R,,nfl_0020,nfl_0031,31,10,0.5934,1.0,1,0.1653,0.5219
2015-09-13,2015,R,,nfl_0001,nfl_0018,31,19,0.6304,1.0,1,0.1366,0.4615
2015-09-13,2015,R,,nfl_0024,nfl_0010,33,28,0.5756,1.0,1,0.1801,0.5523
2015-09-13,2015,R,,nfl_0021,nfl_0007,13,33,0.505,0.0,0,0.255,0.7032
2015-09-13,2015,R,,nfl_0009,nfl_0003,19,13,0.61,1.0,1,0.1521,0.4944
2015-09-13,2015,R,,nfl_0028,nfl_0029,14,42,0.6256,0.0,0,0.3914,0.9826
2015-09-13,2015,R,,nfl_0008,nfl_0019,27,26,0.6662,1.0,1,0.1114,0.4062
2015-09-14,2015,R,,nfl_0002,nfl_0022,26,24,0.5389,1.0,1,0.2126,0.6182
2015-09-14,2015,R,,nfl_0026,nfl_0016,20,3,0.6261,1.0,1,0.1398,0.4682
2015-09-17,2015,R,,nfl_0014,nfl_0009,24,31,0.5859,0.0,0,0.3433,0.8818
2015-09-20,2015,R,,nfl_0006,nfl_0001,23,48,0.4769,0.0,1,0.2274,0.6479
2015-09-20,2015,R,,nfl_0019,nfl_0002,20,24,0.6052,0.0,0,0.3663,0.9295
2015-09-20,2015,R,,nfl_0004,nfl_0017,32,40,0.5284,0.0,0,0.2793,0.7517
2015-09-20,2015,R,,nfl_0005,nfl_0032,24,17,0.6642,1.0,1,0.1128,0.4092
2015-09-20,2015,R,,nfl_0031,nfl_0029,28,14,0.5336,1.0,1,0.2175,0.6281
2015-09-20,2015,R,,nfl_0018,nfl_0028,19,26,0.7045,0.0,0,0.4963,1.2191
2015-09-20,2015,R,,nfl_0023,nfl_0026,43,18,0.5928,1.0,1,0.1658,0.5228
2015-09-20,2015,R,,nfl_0007,nfl_0024,24,19,0.6481,1.0,1,0.1238,0.4337
2015-09-20,2015,R,,nfl_0016,nfl_0010,26,16,0.5256,1.0,1,0.225,0.6432
2015-09-20,2015,R,,nfl_0030,nfl_0027,24,10,0.4962,1.0,0,0.2538,0.7007
2015-09-20,2015,R,,nfl_0013,nfl_0015,23,20,0.4578,1.0,0,0.294,0.7813
2015-09-20,2015,R,,nfl_0021,nfl_0003,37,33,0.441,1.0,0,0.3125,0.8187
2015-09-20,2015,R,,nfl_0022,nfl_0008,10,20,0.548,0.0,0,0.3003,0.7941
2015-09-20,2015,R,,nfl_0011,nfl_0025,27,17,0.6126,1.0,1,0.1501,0.49
2015-09-21,2015,R,,nfl_0012,nfl_0020,7,20,0.615,0.0,0,0.3782,0.9544
2015-09-24,2015,R,,nfl_0019,nfl_0030,32,21,0.6285,1.0,1,0.138,0.4645
2015-09-27,2015,R,,nfl_0027,nfl_0023,6,12,0.4873,0.0,1,0.2375,0.6681
2015-09-27,2015,R,,nfl_0003,nfl_0007,24,28,0.5262,0.0,0,0.2769,0.7469
2015-09-27,2015,R,,nfl_0031,nfl_0021,20,27,0.6611,0.0,0,0.4371,1.0822
2015-09-27,2015,R,,nfl_0016,nfl_0024,31,14,0.5729,1.0,1,0.1824,0.5571
2015-09-27,2015,R,,nfl_0008,nfl_0002,28,39,0.6912,0.0,0,0.4777,1.1749
2015-09-27,2015,R,,nfl_0005,nfl_0018,27,22,0.7363,1.0,1,0.0695,0.3061
2015-09-27,2015,R,,nfl_0029,nfl_0012,33,35,0.5965,0.0,0,0.3558,0.9076
2015-09-27,2015,R,,nfl_0032,nfl_0028,19,9,0.6793,1.0,1,0.1028,0.3866
2015-09-27,2015,R,,nfl_0020,nfl_0022,17,24,0.6547,0.0,0,0.4286,1.0633
2015-09-27,2015,R,,nfl_0017,nfl_0013,51,17,0.8093,1.0,1,0.0364,0.2116
2015-09-27,2015,R,,nfl_0001,nfl_0026,47,7,0.7003,1.0,1,0.0898,0.3562
2015-09-27,2015,R,,nfl_0015,nfl_0004,14,41,0.5874,0.0,0,0.345,0.8853
2015-09-27,2015,R,,nfl_0025,nfl_0006,26,0,0.7743,1.0,1,0.0509,0.2558
2015-09-27,2015,R,,nfl_0010,nfl_0009,12,24,0.4575,0.0,1,0.2094,0.6117
2015-09-28,2015,R,,nfl_0011,nfl_0014,38,28,0.6856,1.0,1,0.0989,0.3775
2015-10-01,2015,R,,nfl_0023,nfl_0003,20,23,0.6983,0.0,0,0.4876,1.1982
2015-10-04,2015,R,,nfl_0015,nfl_0020,14,27,0.5174,0.0,0,0.2677,0.7285
2015-10-04,2015,R,,nfl_0002,nfl_0032,48,21,0.6677,1.0,1,0.1104,0.4039
2015-10-04,2015,R,,nfl_0004,nfl_0019,10,24,0.7078,0.0,0,0.5009,1.2302
2015-10-04,2015,R,,nfl_0006,nfl_0021,22,20,0.5123,1.0,1,0.2378,0.6688
2015-10-04,2015,R,,nfl_0012,nfl_0013,16,13,0.6984,1.0,1,0.0909,0.3589
2015-10-04,2015,R,,nfl_0028,nfl_0005,23,37,0.3871,0.0,1,0.1499,0.4896
2015-10-04,2015,R,,nfl_0007,nfl_0014,36,21,0.7024,1.0,1,0.0886,0.3532
2015-10-04,2015,R,,nfl_0030,nfl_0022,23,20,0.4956,1.0,0,0.2545,0.7021
2015-10-04,2015,R,,nfl_0024,nfl_0031,30,27,0.6482,1.0,1,0.1238,0.4335
2015-10-04,2015,R,,nfl_0001,nfl_0027,22,24,0.7853,0.0,0,0.6167,1.5386
2015-10-04,2015,R,,nfl_0009,nfl_0016,23,20,0.7185,1.0,1,0.0792,0.3306
2015-10-04,2015,R,,nfl_0026,nfl_0011,3,17,0.4018,0.0,1,0.1615,0.5139
2015-10-04,2015,R,,nfl_0018,nfl_0008,26,20,0.4453,1.0,0,0.3077,0.8089
2015-10-05,2015,R,,nfl_0025,nfl_0010,13,10,0.7291,1.0,1,0.0734,0.316
2015-10-08,2015,R,,nfl_0032,nfl_0012,20,27,0.5596,0.0,0,0.3132,0.8201
2015-10-11,2015,R,,nfl_0002,nfl_0030,25,19,0.7573,1.0,1,0.0589,0.278
2015-10-11,2015,R,,nfl_0014,nfl_0006,17,18,0.7229,0.0,0,0.5226,1.2834
2015-10-11,2015,R,,nfl_0003,nfl_0031,30,33,0.6997,0.0,0,0.4896,1.203
2015-10-11,2015,R,,nfl_0011,nfl_0027,24,10,0.7853,1.0,1,0.0461,0.2417
2015-10-11,2015,R,,nfl_0028,nfl_0013,38,31,0.5664,1.0,1,0.188,0.5684
2015-10-11,2015,R,,nfl_0029,nfl_0004,13,14,0.5081,0.0,0,0.2582,0.7095
2015-10-11,2015,R,,nfl_0007,nfl_0025,27,24,0.6438,1.0,1,0.1269,0.4403
2015-10-11,2015,R,,nfl_0022,nfl_0018,39,17,0.6721,1.0,1,0.1075,0.3973
2015-10-11,2015,R,,nfl_0010,nfl_0001,17,42,0.4041,0.0,1,0.1633,0.5177
2015-10-11,2015,R,,nfl_0008,nfl_0017,6,30,0.4284,0.0,1,0.1835,0.5594
2015-10-11,2015,R,,nfl_0021,nfl_0009,10,16,0.3624,0.0,1,0.1313,0.45
2015-10-11,2015,R,,nfl_0019,nfl_0026,30,27,0.7194,1.0,1,0.0787,0.3293
2015-10-12,2015,R,,nfl_0024,nfl_0023,20,24,0.4995,0.0,1,0.2495,0.6922
2015-10-15,2015,R,,nfl_0018,nfl_0002,31,21,0.3861,1.0,0,0.3768,0.9516
2015-10-18,2015,R,,nfl_0020,nfl_0030,34,20,0.7567,1.0,1,0.0592,0.2788
2015-10-18,2015,R,,nfl_0004,nfl_0007,21,34,0.5298,0.0,0,0.2806,0.7545
2015-10-18,2015,R,,nfl_0010,nfl_0006,37,34,0.6292,1.0,1,0.1375,0.4633
2015-10-18,2015,R,,nfl_0031,nfl_0009,23,26,0.3592,0.0,1,0.129,0.445
2015-10-18,2015,R,,nfl_0013,nfl_0032,20,31,0.5264,0.0,0,0.2771,0.7474
2015-10-18,2015,R,,nfl_0016,nfl_0014,16,10,0.6707,1.0,1,0.1085,0.3995
2015-10-18,2015,R,,nfl_0029,nfl_0015,10,38,0.5983,0.0,0,0.358,0.9121
2015-10-18,2015,R,,nfl_0023,nfl_0001,25,13,0.5161,1.0,1,0.2342,0.6615
2015-10-18,2015,R,,nfl_0025,nfl_0005,23,27,0.547,0.0,0,0.2992,0.7919
2015-10-18,2015,R,,nfl_0011,nfl_0024,27,20,0.7979,1.0,1,0.0408,0.2258
2015-10-18,2015,R,,nfl_0026,nfl_0003,25,20,0.5126,1.0,1,0.2375,0.6682
2015-10-18,2015,R,,nfl_0012,nfl_0017,27,34,0.4036,0.0,1,0.1629,0.5168
2015-10-19,2015,R,,nfl_0022,nfl_0019,27,7,0.5877,1.0,1,0.17,0.5315
2015-10-22,2015,R,,nfl_0026,nfl_0025,3,20,0.4511,0.0,1,0.2035,0.5998
2015-10-25,2015,R,,nfl_0013,nfl_0004,34,31,0.3833,1.0,0,0.3804,0.959
2015-10-25,2015,R,,nfl_0027,nfl_0031,24,6,0.6566,1.0,1,0.1179,0.4207
2015-10-25,2015,R,,nfl_0017,nfl_0020,30,23,0.7549,1.0,1,0.0601,0.2812
2015-10-25,2015,R,,nfl_0029,nfl_0002,7,10,0.3686,0.0,1,0.1359,0.4598
2015-10-25,2015,R,,nfl_0010,nfl_0016,19,28,0.4844,0.0,1,0.2346,0.6624
2015-10-25,2015,R,,nfl_0015,nfl_0032,44,26,0.6104,1.0,1,0.1518,0.4936
2015-10-25,2015,R,,nfl_0012,nfl_0018,21,27,0.6663,0.0,0,0.4439,1.0975
2015-10-25,2015,R,,nfl_0014,nfl_0023,23,13,0.4286,1.0,0,0.3265,0.8472
2015-10-25,2015,R,,nfl_0030,nfl_0028,31,30,0.6064,1.0,1,0.1549,0.5002
2015-10-25,2015,R,,nfl_0024,nfl_0021,29,37,0.6247,0.0,0,0.3902,0.98
2015-10-25,2015,R,,nfl_0019,nfl_0008,27,20,0.5709,1.0,1,0.1841,0.5606
2015-10-25,2015,R,,nfl_0005,nfl_0022,27,16,0.6624,1.0,1,0.114,0.4119
2015-10-26,2015,R,,nfl_0001,nfl_0003,26,18,0.7512,1.0,1,0.0619,0.286
2015-10-29,2015,R,,nfl_0017,nfl_0015,36,7,0.8142,1.0,1,0.0345,0.2055
2015-11-01,2015,R,,nfl_0014,nfl_0010,45,10,0.7031,1.0,1,0.0882,0.3523
2015-11-01,2015,R,,nfl_0006,nfl_0016,20,23,0.4408,0.0,1,0.1943,0.5813
2015-11-01,2015,R,,nfl_0027,nfl_0026,27,6,0.6827,1.0,1,0.1007,0.3818
2015-11-01,2015,R,,nfl_0023,nfl_0007,10,16,0.4814,0.0,1,0.2318,0.6567
2015-11-01,2015,R,,nfl_0002,nfl_0028,20,23,0.7945,0.0,0,0.6312,1.5821
2015-11-01,2015,R,,nfl_0031,nfl_0001,20,34,0.3499,0.0,1,0.1225,0.4307
2015-11-01,2015,R,,nfl_0032,nfl_0029,20,6,0.6845,1.0,1,0.0995,0.379
2015-11-01,2015,R,,nfl_0018,nfl_0019,52,49,0.5332,1.0,1,0.2179,0.6288
2015-11-01,2015,R,,nfl_0003,nfl_0024,29,26,0.6322,1.0,1,0.1353,0.4586
2015-11-01,2015,R,,nfl_0021,nfl_0020,34,20,0.4741,1.0,0,0.2766,0.7463
2015-11-01,2015,R,,nfl_0008,nfl_0025,12,13,0.459,0.0,1,0.2107,0.6144
2015-11-01,2015,R,,nfl_0009,nfl_0011,29,10,0.5819,1.0,1,0.1748,0.5414
2015-11-02,2015,R,,nfl_0005,nfl_0012,29,26,0.7586,1.0,1,0.0583,0.2762
2015-11-05,2015,R,,nfl_0007,nfl_0031,31,10,0.8566,1.0,1,0.0206,0.1548
2015-11-08,2015,R,,nfl_0004,nfl_0015,33,17,0.6448,1.0,1,0.1262,0.4388
2015-11-08,2015,R,,nfl_0020,nfl_0013,28,23,0.7422,1.0,1,0.0664,0.2981
2015-11-08,2015,R,,nfl_0016,nfl_0027,21,18,0.6587,1.0,1,0.1165,0.4175
2015-11-08,2015,R,,nfl_0017,nfl_0030,27,10,0.8722,1.0,1,0.0163,0.1367
2015-11-08,2015,R,,nfl_0018,nfl_0029,28,34,0.7489,0.0,0,0.5608,1.3819
2015-11-08,2015,R,,nfl_0023,nfl_0021,38,35,0.6937,1.0,1,0.0938,0.3657
2015-11-08,2015,R,,nfl_0005,nfl_0011,37,29,0.5932,1.0,1,0.1655,0.5223
2015-11-08,2015,R,,nfl_0026,nfl_0002,17,16,0.3872,1.0,0,0.3755,0.9488
2015-11-08,2015,R,,nfl_0028,nfl_0019,18,32,0.4559,0.0,1,0.2078,0.6086
2015-11-08,2015,R,,nfl_0012,nfl_0009,27,24,0.3488,1.0,0,0.4241,1.0534
2015-11-08,2015,R,,nfl_0008,nfl_0022,27,33,0.4771,0.0,1,0.2277,0.6484
2015-11-09,2015,R,,nfl_0024,nfl_0006,19,22,0.6609,0.0,0,0.4367,1.0813
2015-11-12,2015,R,,nfl_0020,nfl_0004,17,22,0.5904,0.0,0,0.3485,0.8925
2015-11-15,2015,R,,nfl_0027,nfl_0006,13,37,0.7311,0.0,0,0.5345,1.3135
2015-11-15,2015,R,,nfl_0029,nfl_0005,10,27,0.263,0.0,1,0.0692,0.3052
2015-11-15,2015,R,,nfl_0011,nfl_0010,16,18,0.8185,0.0,0,0.6699,1.7063
2015-11-15,2015,R,,nfl_0023,nfl_0031,30,9,0.7865,1.0,1,0.0456,0.2401
2015-11-15,2015,R,,nfl_0028,nfl_0008,10,6,0.486,1.0,0,0.2642,0.7215
2015-11-15,2015,R,,nfl_0003,nfl_0013,20,22,0.7604,0.0,0,0.5783,1.4289
2015-11-15,2015,R,,nfl_0022,nfl_0015,19,20,0.7175,0.0,0,0.5148,1.2641
2015-11-15,2015,R,,nfl_0030,nfl_0018,47,14,0.5478,1.0,1,0.2045,0.6018
2015-11-15,2015,R,,nfl_0021,nfl_0016,14,30,0.4887,0.0,1,0.2388,0.6708
2015-11-15,2015,R,,nfl_0009,nfl_0014,13,29,0.7264,0.0,0,0.5277,1.2962
2015-11-15,2015,R,,nfl_0019,nfl_0017,26,27,0.354,0.0,1,0.1253,0.437
2015-11-15,2015,R,,nfl_0025,nfl_0001,32,39,0.5481,0.0,0,0.3004,0.7943
2015-11-16,2015,R,,nfl_0007,nfl_0032,6,10,0.8157,0.0,0,0.6654,1.6913
2015-11-19,2015,R,,nfl_0013,nfl_0029,19,13,0.6335,1.0,1,0.1343,0.4565
2015-11-22,2015,R,,nfl_0002,nfl_0012,21,24,0.6574,0.0,0,0.4322,1.0713
2015-11-22,2015,R,,nfl_0005,nfl_0030,44,16,0.8034,1.0,1,0.0386,0.2189
2015-11-22,2015,R,,nfl_0006,nfl_0009,15,17,0.4013,0.0,1,0.1611,0.5131
2015-11-22,2015,R,,nfl_0010,nfl_0021,18,13,0.5357,1.0,1,0.2156,0.6242
2015-11-22,2015,R,,nfl_0022,nfl_0028,17,45,0.7769,0.0,0,0.6035,1.5
2015-11-22,2015,R,,nfl_0003,nfl_0027,16,13,0.6248,1.0,1,0.1407,0.4703
2015-11-22,2015,R,,nfl_0015,nfl_0008,14,24,0.6296,0.0,0,0.3964,0.9933
2015-11-22,2015,R,,nfl_0032,nfl_0020,24,17,0.5586,1.0,1,0.1948,0.5823
2015-11-22,2015,R,,nfl_0024,nfl_0014,3,33,0.4344,0.0,1,0.1887,0.5699
2015-11-22,2015,R,,nfl_0016,nfl_0011,13,30,0.5972,0.0,0,0.3566,0.9092
2015-11-22,2015,R,,nfl_0025,nfl_0026,29,13,0.7726,1.0,1,0.0517,0.258
2015-11-22,2015,R,,nfl_0001,nfl_0007,34,31,0.6222,1.0,1,0.1427,0.4744
2015-11-23,2015,R,,nfl_0017,nfl_0004,20,13,0.7875,1.0,1,0.0452,0.2389
2015-11-26,2015,R,,nfl_0010,nfl_0022,45,14,0.5049,1.0,1,0.2451,0.6834
2015-11-26,2015,R,,nfl_0008,nfl_0005,14,33,0.3509,0.0,1,0.1231,0.4322
2015-11-26,2015,R,,nfl_0011,nfl_0006,13,17,0.8032,0.0,0,0.6452,1.6257
2015-11-29,2015,R,,nfl_0002,nfl_0016,10,20,0.5731,0.0,0,0.3285,0.8512
2015-11-29,2015,R,,nfl_0007,nfl_0027,31,7,0.8162,1.0,1,0.0338,0.2031
2015-11-29,2015,R,,nfl_0012,nfl_0028,25,12,0.6717,1.0,1,0.1078,0.398
2015-11-29,2015,R,,nfl_0032,nfl_0018,24,6,0.6645,1.0,1,0.1125,0.4087
2015-11-29,2015,R,,nfl_0020,nfl_0015,38,20,0.6602,1.0,1,0.1155,0.4153
2015-11-29,2015,R,,nfl_0029,nfl_0021,21,24,0.4938,0.0,1,0.2438,0.6808
2015-11-29,2015,R,,nfl_0014,nfl_0004,30,22,0.6834,1.0,1,0.1003,0.3807
2015-11-29,2015,R,,nfl_0013,nfl_0024,25,31,0.6366,0.0,0,0.4052,1.0121
2015-11-29,2015,R,,nfl_0030,nfl_0019,20,14,0.4669,1.0,0,0.2842,0.7616
2015-11-29,2015,R,,nfl_0026,nfl_0001,13,19,0.2482,0.0,1,0.0616,0.2853
2015-11-29,2015,R,,nfl_0025,nfl_0023,39,30,0.5771,1.0,1,0.1788,0.5497
2015-11-29,2015,R,,nfl_0009,nfl_0017,30,24,0.4481,1.0,0,0.3046,0.8028
2015-11-30,2015,R,,nfl_0031,nfl_0003,27,33,0.5075,0.0,0,0.2575,0.7082
2015-12-03,2015,R,,nfl_0010,nfl_0011,23,27,0.3929,0.0,1,0.1543,0.499
2015-12-06,2015,R,,nfl_0027,nfl_0001,3,27,0.2858,0.0,1,0.0817,0.3366
2015-12-06,2015,R,,nfl_0004,nfl_0032,30,21,0.6283,1.0,1,0.1382,0.4648
2015-12-06,2015,R,,nfl_0006,nfl_0026,20,26,0.7231,0.0,0,0.5229,1.2841
2015-12-06,2015,R,,nfl_0029,nfl_0013,42,39,0.5474,1.0,1,0.2048,0.6025
2015-12-06,2015,R,,nfl_0016,nfl_0025,7,38,0.5607,0.0,0,0.3144,0.8227
2015-12-06,2015,R,,nfl_0028,nfl_0002,23,19,0.5216,1.0,1,0.2288,0.6508
2015-12-06,2015,R,,nfl_0031,nfl_0007,3,37,0.2335,0.0,1,0.0545,0.2659
2015-12-06,2015,R,,nfl_0015,nfl_0003,15,13,0.5194,1.0,1,0.231,0.6551
2015-12-06,2015,R,,nfl_0019,nfl_0020,20,23,0.5974,0.0,0,0.3569,0.9099
2015-12-06,2015,R,,nfl_0024,nfl_0009,3,17,0.3044,0.0,1,0.0926,0.3629
2015-12-06,2015,R,,nfl_0021,nfl_0014,20,34,0.3691,0.0,1,0.1362,0.4606
2015-12-06,2015,R,,nfl_0018,nfl_0005,38,41,0.2348,0.0,1,0.0551,0.2676
2015-12-06,2015,R,,nfl_0017,nfl_0022,28,35,0.8732,0.0,0,0.7624,2.0649
2015-12-06,2015,R,,nfl_0023,nfl_0012,45,10,0.6471,1.0,1,0.1245,0.4352
2015-12-07,2015,R,,nfl_0030,nfl_0008,16,19,0.6127,0.0,0,0.3754,0.9485
2015-12-10,2015,R,,nfl_0001,nfl_0016,23,20,0.7947,1.0,1,0.0421,0.2298
2015-12-13,2015,R,,nfl_0022,nfl_0004,23,20,0.4827,1.0,0,0.2676,0.7284
2015-12-13,2015,R,,nfl_0006,nfl_0030,21,24,0.6074,0.0,0,0.369,0.9351
2015-12-13,2015,R,,nfl_0007,nfl_0023,20,33,0.6936,0.0,0,0.4811,1.183
2015-12-13,2015,R,,nfl_0031,nfl_0026,24,10,0.533,1.0,1,0.2181,0.6292
2015-12-13,2015,R,,nfl_0013,nfl_0012,51,16,0.4337,1.0,0,0.3207,0.8354
2015-12-13,2015,R,,nfl_0027,nfl_0010,21,14,0.5423,1.0,1,0.2095,0.612
2015-12-13,2015,R,,nfl_0028,nfl_0018,17,24,0.6709,0.0,0,0.4501,1.1115
2015-12-13,2015,R,,nfl_0020,nfl_0029,30,8,0.7994,1.0,1,0.0402,0.2238
2015-12-13,2015,R,,nfl_0003,nfl_0025,6,35,0.374,0.0,1,0.1399,0.4684
2015-12-13,2015,R,,nfl_0005,nfl_0002,38,0,0.8247,1.0,1,0.0307,0.1928
2015-12-13,2015,R,,nfl_0014,nfl_0024,10,3,0.8594,1.0,1,0.0198,0.1516
2015-12-13,2015,R,,nfl_0009,nfl_0021,12,15,0.8301,0.0,0,0.6891,1.7727
2015-12-13,2015,R,,nfl_0011,nfl_0008,28,7,0.7773,1.0,1,0.0496,0.2519
2015-12-13,2015,R,,nfl_0032,nfl_0017,6,27,0.342,0.0,1,0.117,0.4186
2015-12-14,2015,R,,nfl_0015,nfl_0019,24,31,0.5082,0.0,0,0.2583,0.7097
2015-12-17,2015,R,,nfl_0027,nfl_0028,31,23,0.5945,1.0,1,0.1644,0.52
2015-12-19,2015,R,,nfl_0008,nfl_0020,16,19,0.4982,0.0,1,0.2482,0.6896
2015-12-20,2015,R,,nfl_0013,nfl_0002,17,23,0.5425,0.0,0,0.2943,0.782
2015-12-20,2015,R,,nfl_0019,nfl_0005,35,38,0.3384,0.0,1,0.1145,0.4131
2015-12-20,2015,R,,nfl_0016,nfl_0006,38,17,0.7006,1.0,1,0.0896,0.3558
2015-12-20,2015,R,,nfl_0012,nfl_0032,10,16,0.5386,0.0,0,0.2901,0.7736
2015-12-20,2015,R,,nfl_0003,nfl_0014,14,34,0.3504,0.0,1,0.1228,0.4314
2015-12-20,2015,R,,nfl_0017,nfl_0029,33,16,0.9248,1.0,1,0.0057,0.0782
2015-12-20,2015,R,,nfl_0030,nfl_0004,35,25,0.5086,1.0,1,0.2414,0.676
2015-12-20,2015,R,,nfl_0021,nfl_0011,20,30,0.3477,0.0,1,0.1209,0.4273
2015-12-20,2015,R,,nfl_0025,nfl_0031,30,13,0.8952,1.0,1,0.011,0.1107
2015-12-20,2015,R,,nfl_0026,nfl_0007,14,24,0.2631,0.0,1,0.0692,0.3053
2015-12-20,2015,R,,nfl_0023,nfl_0009,34,27,0.6148,1.0,1,0.1484,0.4864
2015-12-20,2015,R,,nfl_0024,nfl_0015,30,14,0.5602,1.0,1,0.1934,0.5795
2015-12-20,2015,R,,nfl_0022,nfl_0001,17,40,0.3042,0.0,1,0.0926,0.3627
2015-12-21,2015,R,,nfl_0018,nfl_0010,27,35,0.5918,0.0,0,0.3502,0.8959
2015-12-24,2015,R,,nfl_0021,nfl_0024,23,20,0.6393,1.0,1,0.1301,0.4473
2015-12-26,2015,R,,nfl_0022,nfl_0030,24,38,0.5551,0.0,0,0.3082,0.81
2015-12-27,2015,R,,nfl_0002,nfl_0005,20,13,0.297,1.0,0,0.4943,1.2141
2015-12-27,2015,R,,nfl_0004,nfl_0008,16,6,0.6842,1.0,1,0.0997,0.3795
2015-12-27,2015,R,,nfl_0015,nfl_0012,12,18,0.5701,0.0,0,0.325,0.8442
2015-12-27,2015,R,,nfl_0029,nfl_0032,6,34,0.3771,0.0,1,0.1422,0.4733
2015-12-27,2015,R,,nfl_0020,nfl_0017,26,20,0.3773,1.0,0,0.3878,0.9748
2015-12-27,2015,R,,nfl_0003,nfl_0023,20,17,0.3227,1.0,0,0.4587,1.1309
2015-12-27,2015,R,,nfl_0028,nfl_0006,21,26,0.6007,0.0,0,0.3609,0.9181
2015-12-27,2015,R,,nfl_0014,nfl_0031,17,13,0.8884,1.0,1,0.0124,0.1183
2015-12-27,2015,R,,nfl_0010,nfl_0026,32,17,0.7063,1.0,1,0.0862,0.3477
2015-12-27,2015,R,,nfl_0018,nfl_0013,38,27,0.5848,1.0,1,0.1724,0.5365
2015-12-27,2015,R,,nfl_0001,nfl_0011,38,8,0.6857,1.0,1,0.0988,0.3773
2015-12-27,2015,R,,nfl_0025,nfl_0027,17,23,0.8506,0.0,0,0.7236,1.9014
2015-12-27,2015,R,,nfl_0016,nfl_0019,49,17,0.6335,1.0,1,0.1343,0.4564
2015-12-28,2015,R,,nfl_0009,nfl_0007,20,17,0.5583,1.0,1,0.1951,0.5828
2016-01-03,2015,R,,nfl_0002,nfl_0018,17,20,0.7096,0.0,0,0.5036,1.2367
2016-01-03,2015,R,,nfl_0004,nfl_0020,22,17,0.5666,1.0,1,0.1879,0.5681
2016-01-03,2015,R,,nfl_0006,nfl_0010,20,24,0.5638,0.0,0,0.3178,0.8295
2016-01-03,2015,R,,nfl_0007,nfl_0003,24,16,0.8033,1.0,1,0.0387,0.219
2016-01-03,2015,R,,nfl_0031,nfl_0023,12,28,0.2528,0.0,1,0.0639,0.2914
2016-01-03,2015,R,,nfl_0012,nfl_0029,30,24,0.7569,1.0,1,0.0591,0.2785
2016-01-03,2015,R,,nfl_0032,nfl_0013,30,6,0.7648,1.0,1,0.0553,0.2681
2016-01-03,2015,R,,nfl_0015,nfl_0017,20,10,0.1962,1.0,0,0.6461,1.6286
2016-01-03,2015,R,,nfl_0008,nfl_0030,23,34,0.4817,0.0,1,0.232,0.6572
2016-01-03,2015,R,,nfl_0019,nfl_0022,30,35,0.6629,0.0,0,0.4394,1.0874
2016-01-03,2015,R,,nfl_0005,nfl_0028,38,10,0.8859,1.0,1,0.013,0.1211
2016-01-03,2015,R,,nfl_0001,nfl_0025,6,36,0.6993,0.0,0,0.4891,1.2018
2016-01-03,2015,R,,nfl_0009,nfl_0024,27,20,0.8293,1.0,1,0.0291,0.1872
2016-01-03,2015,R,,nfl_0026,nfl_0027,19,16,0.4466,1.0,0,0.3063,0.8061
2016-01-03,2015,R,,nfl_0014,nfl_0021,23,17,0.8353,1.0,1,0.0271,0.1799
2016-01-03,2015,R,,nfl_0011,nfl_0016,13,20,0.6684,0.0,0,0.4468,1.1038
2016-01-09,2015,P,WC,nfl_0032,nfl_0014,0,30,0.4357,0.0,1,0.1898,0.5721
2016-01-09,2015,P,WC,nfl_0007,nfl_0023,16,18,0.6008,0.0,0,0.361,0.9184
2016-01-10,2015,P,WC,nfl_0016,nfl_0025,9,10,0.4252,0.0,1,0.1808,0.5537
2016-01-10,2015,P,WC,nfl_0030,nfl_0011,18,35,0.5272,0.0,0,0.2779,0.7491
2016-01-16,2015,P,DV,nfl_0017,nfl_0014,27,20,0.6004,1.0,1,0.1597,0.5101
2016-01-16,2015,P,DV,nfl_0001,nfl_0011,26,20,0.6936,1.0,1,0.0939,0.3659
2016-01-17,2015,P,DV,nfl_0005,nfl_0025,31,24,0.6013,1.0,1,0.1589,0.5086
2016-01-17,2015,P,DV,nfl_0009,nfl_0023,23,16,0.5884,1.0,1,0.1694,0.5303
2016-01-24,2015,P,CC,nfl_0009,nfl_0017,20,18,0.515,1.0,1,0.2353,0.6637
2016-01-24,2015,P,CC,nfl_0005,nfl_0001,49,15,0.6371,1.0,1,0.1317,0.4508
2016-09-08,2016,R,,nfl_0009,nfl_0005,21,20,0.5563,1.0,1,0.1968,0.5864
2016-09-11,2016,R,,nfl_0003,nfl_0004,13,7,0.56,1.0,1,0.1936,0.5798
2016-09-11,2016,R,,nfl_0013,nfl_0011,23,27,0.5013,0.0,0,0.2513,0.6957
2016-09-11,2016,R,,nfl_0002,nfl_0028,24,31,0.6414,0.0,0,0.4114,1.0255
2016-09-11,2016,R,,nfl_0032,nfl_0006,23,14,0.6359,1.0,1,0.1326,0.4528
2016-09-11,2016,R,,nfl_0020,nfl_0007,22,23,0.5701,0.0,0,0.325,0.8441
2016-09-11,2016,R,,nfl_0022,nfl_0031,29,10,0.6408,1.0,1,0.1291,0.4451
2016-09-11,2016,R,,nfl_0014,nfl_0024,33,27,0.7124,1.0,1,0.0827,0.3392
2016-09-11,2016,R,,nfl_0029,nfl_0016,16,25,0.4842,0.0,1,0.2345,0.6621
2016-09-11,2016,R,,nfl_0018,nfl_0021,34,35,0.6026,0.0,0,0.3632,0.9229
2016-09-11,2016,R,,nfl_0025,nfl_0015,12,10,0.7159,1.0,1,0.0807,0.3342
2016-09-11,2016,R,,nfl_0012,nfl_0010,35,39,0.5863,0.0,0,0.3437,0.8826
2016-09-11,2016,R,,nfl_0008,nfl_0019,19,20,0.5849,0.0,0,0.3422,0.8794
2016-09-11,2016,R,,nfl_0001,nfl_0017,21,23,0.5852,0.0,0,0.3425,0.8801
2016-09-12,2016,R,,nfl_0030,nfl_0023,16,38,0.5498,0.0,0,0.3023,0.7981
2016-09-12,2016,R,,nfl_0026,nfl_0027,28,0,0.5631,1.0,1,0.1909,0.5743
2016-09-15,2016,R,,nfl_0004,nfl_0020,31,37,0.5949,0.0,0,0.3539,0.9036
2016-09-18,2016,R,,nfl_0023,nfl_0007,24,16,0.6421,1.0,1,0.1281,0.443
2016-09-18,2016,R,,nfl_0031,nfl_0003,20,25,0.5055,0.0,0,0.2555,0.7041
2016-09-18,2016,R,,nfl_0010,nfl_0029,15,16,0.7175,0.0,0,0.5148,1.2641
2016-09-18,2016,R,,nfl_0032,nfl_0014,19,12,0.5408,1.0,1,0.2109,0.6147
2016-09-18,2016,R,,nfl_0017,nfl_0015,31,24,0.7273,1.0,1,0.0744,0.3184
2016-09-18,2016,R,,nfl_0005,nfl_0026,46,27,0.693,1.0,1,0.0942,0.3667
2016-09-18,2016,R,,nfl_0030,nfl_0008,23,27,0.5886,0.0,0,0.3465,0.8883
2016-09-18,2016,R,,nfl_0019,nfl_0018,16,13,0.6433,1.0,1,0.1272,0.4412
2016-09-18,2016,R,,nfl_0001,nfl_0028,40,7,0.646,1.0,1,0.1253,0.4369
2016-09-18,2016,R,,nfl_0027,nfl_0025,9,3,0.4148,1.0,0,0.3424,0.8799
2016-09-18,2016,R,,nfl_0021,nfl_0002,28,35,0.6316,0.0,0,0.3989,0.9986
2016-09-18,2016,R,,nfl_0009,nfl_0012,34,20,0.7175,1.0,1,0.0798,0.332
2016-09-18,2016,R,,nfl_0024,nfl_0013,38,14,0.6179,1.0,1,0.146,0.4815
2016-09-18,2016,R,,nfl_0016,nfl_0011,17,14,0.5965,1.0,1,0.1628,0.5167
2016-09-19,2016,R,,nfl_0006,nfl_0022,14,29,0.5355,0.0,0,0.2867,0.7668
2016-09-22,2016,R,,nfl_0017,nfl_0032,27,0,0.6562,1.0,1,0.1182,0.4212
2016-09-25,2016,R,,nfl_0004,nfl_0001,33,18,0.4835,1.0,0,0.2668,0.7267
2016-09-25,2016,R,,nfl_0005,nfl_0016,10,22,0.6461,0.0,0,0.4175,1.0389
2016-09-25,2016,R,,nfl_0007,nfl_0009,17,29,0.5536,0.0,0,0.3065,0.8065
2016-09-25,2016,R,,nfl_0015,nfl_0031,30,24,0.6591,1.0,1,0.1162,0.4169
2016-09-25,2016,R,,nfl_0011,nfl_0010,34,27,0.6533,1.0,1,0.1202,0.4257
2016-09-25,2016,R,,nfl_0013,nfl_0003,17,19,0.4632,0.0,1,0.2145,0.6221
2016-09-25,2016,R,,nfl_0019,nfl_0030,27,29,0.6907,0.0,0,0.477,1.1733
2016-09-25,2016,R,,nfl_0029,nfl_0021,10,17,0.5529,0.0,0,0.3057,0.8049
2016-09-25,2016,R,,nfl_0028,nfl_0027,32,37,0.597,0.0,0,0.3564,0.9088
2016-09-25,2016,R,,nfl_0025,nfl_0026,37,18,0.6858,1.0,1,0.0987,0.3772
2016-09-25,2016,R,,nfl_0012,nfl_0024,26,22,0.5418,1.0,1,0.21,0.6129
2016-09-25,2016,R,,nfl_0022,nfl_0023,34,3,0.5122,1.0,1,0.238,0.669
2016-09-25,2016,R,,nfl_0014,nfl_0020,24,3,0.6195,1.0,1,0.1447,0.4788
2016-09-25,2016,R,,nfl_0008,nfl_0006,31,17,0.6797,1.0,1,0.1026,0.3861
2016-09-26,2016,R,,nfl_0018,nfl_0002,32,45,0.5568,0.0,0,0.31,0.8137
2016-09-29,2016,R,,nfl_0007,nfl_0015,22,7,0.6546,1.0,1,0.1193,0.4238
2016-10-02,2016,R,,nfl_0013,nfl_0012,30,27,0.5245,1.0,1,0.2261,0.6452
2016-10-02,2016,R,,nfl_0006,nfl_0010,17,14,0.4992,1.0,0,0.2508,0.6948
2016-10-02,2016,R,,nfl_0017,nfl_0004,0,16,0.7387,0.0,0,0.5457,1.3422
2016-10-02,2016,R,,nfl_0032,nfl_0029,27,20,0.7269,1.0,1,0.0746,0.319
2016-10-02,2016,R,,nfl_0003,nfl_0021,27,28,0.6506,0.0,0,0.4233,1.0516
2016-10-02,2016,R,,nfl_0020,nfl_0025,17,27,0.5,0.0,1,0.25,0.6931
2016-10-02,2016,R,,nfl_0002,nfl_0005,48,33,0.5535,1.0,1,0.1994,0.5915
2016-10-02,2016,R,,nfl_0030,nfl_0031,31,20,0.6715,1.0,1,0.1079,0.3982
2016-10-02,2016,R,,nfl_0028,nfl_0009,7,27,0.3828,0.0,1,0.1465,0.4826
2016-10-02,2016,R,,nfl_0001,nfl_0027,13,17,0.6752,0.0,0,0.4559,1.1246
2016-10-02,2016,R,,nfl_0026,nfl_0008,17,24,0.5437,0.0,0,0.2956,0.7845
2016-10-02,2016,R,,nfl_0024,nfl_0018,34,35,0.6799,0.0,0,0.4623,1.1392
2016-10-02,2016,R,,nfl_0023,nfl_0014,43,14,0.5727,1.0,1,0.1826,0.5573
2016-10-03,2016,R,,nfl_0016,nfl_0019,24,10,0.7233,1.0,1,0.0766,0.324
2016-10-06,2016,R,,nfl_0026,nfl_0001,21,33,0.4939,0.0,1,0.2439,0.681
2016-10-09,2016,R,,nfl_0012,nfl_0006,29,23,0.6369,1.0,1,0.1318,0.4511
2016-10-09,2016,R,,nfl_0031,nfl_0017,13,33,0.364,0.0,1,0.1325,0.4525
2016-10-09,2016,R,,nfl_0010,nfl_0022,24,23,0.4047,1.0,0,0.3544,0.9046
2016-10-09,2016,R,,nfl_0015,nfl_0029,17,30,0.6654,0.0,0,0.4428,1.0948
2016-10-09,2016,R,,nfl_0023,nfl_0020,31,13,0.7469,1.0,1,0.064,0.2918
2016-10-09,2016,R,,nfl_0003,nfl_0030,10,16,0.6569,0.0,0,0.4315,1.0696
2016-10-09,2016,R,,nfl_0016,nfl_0032,31,13,0.708,1.0,1,0.0853,0.3453
2016-10-09,2016,R,,nfl_0009,nfl_0002,16,23,0.6852,0.0,0,0.4695,1.1559
2016-10-09,2016,R,,nfl_0027,nfl_0004,19,30,0.5318,0.0,0,0.2828,0.7588
2016-10-09,2016,R,,nfl_0008,nfl_0007,28,14,0.5902,1.0,1,0.1679,0.5273
2016-10-09,2016,R,,nfl_0021,nfl_0024,34,31,0.6434,1.0,1,0.1271,0.4409
2016-10-09,2016,R,,nfl_0011,nfl_0019,23,16,0.7247,1.0,1,0.0758,0.322
2016-10-10,2016,R,,nfl_0005,nfl_0028,14,17,0.7422,0.0,0,0.5508,1.3555
2016-10-13,2016,R,,nfl_0024,nfl_0009,21,13,0.4109,1.0,0,0.347,0.8893
2016-10-16,2016,R,,nfl_0004,nfl_0026,45,16,0.7872,1.0,1,0.0453,0.2393
2016-10-16,2016,R,,nfl_0006,nfl_0013,16,17,0.5582,0.0,0,0.3115,0.8168
2016-10-16,2016,R,,nfl_0017,nfl_0007,35,17,0.7079,1.0,1,0.0853,0.3455
2016-10-16,2016,R,,nfl_0029,nfl_0031,28,26,0.6935,1.0,1,0.094,0.366
2016-10-16,2016,R,,nfl_0010,nfl_0027,31,28,0.6095,1.0,1,0.1525,0.4951
2016-10-16,2016,R,,nfl_0015,nfl_0023,30,15,0.3259,1.0,0,0.4545,1.1213
2016-10-16,2016,R,,nfl_0019,nfl_0003,27,23,0.5701,1.0,1,0.1848,0.5619
2016-10-16,2016,R,,nfl_0030,nfl_0022,27,20,0.4834,1.0,0,0.2668,0.7269
2016-10-16,2016,R,,nfl_0018,nfl_0005,41,38,0.5396,1.0,1,0.2119,0.6169
2016-10-16,2016,R,,nfl_0021,nfl_0014,10,26,0.5343,0.0,0,0.2855,0.7643
2016-10-16,2016,R,,nfl_0011,nfl_0008,16,30,0.6266,0.0,0,0.3926,0.985
2016-10-16,2016,R,,nfl_0025,nfl_0002,26,24,0.6508,1.0,1,0.1219,0.4296
2016-10-16,2016,R,,nfl_0032,nfl_0012,26,23,0.649,1.0,1,0.1232,0.4323
2016-10-17,2016,R,,nfl_0001,nfl_0020,28,3,0.7142,1.0,1,0.0817,0.3366
2016-10-20,2016,R,,nfl_0011,nfl_0006,26,10,0.7534,1.0,1,0.0608,0.2831
2016-10-23,2016,R,,nfl_0027,nfl_0019,10,17,0.5831,0.0,0,0.34,0.8748
2016-10-23,2016,R,,nfl_0013,nfl_0021,16,33,0.5402,0.0,0,0.2918,0.777
2016-10-23,2016,R,,nfl_0022,nfl_0016,21,10,0.4778,1.0,0,0.2727,0.7386
2016-10-23,2016,R,,nfl_0015,nfl_0004,28,25,0.3917,1.0,0,0.37,0.9372
2016-10-23,2016,R,,nfl_0007,nfl_0031,31,17,0.7526,1.0,1,0.0612,0.2843
2016-10-23,2016,R,,nfl_0029,nfl_0012,26,34,0.5836,0.0,0,0.3406,0.8761
2016-10-23,2016,R,,nfl_0010,nfl_0030,20,17,0.5714,1.0,1,0.1837,0.5596
2016-10-23,2016,R,,nfl_0014,nfl_0018,27,21,0.7488,1.0,1,0.0631,0.2893
2016-10-23,2016,R,,nfl_0020,nfl_0003,24,16,0.5343,1.0,1,0.2169,0.6267
2016-10-23,2016,R,,nfl_0002,nfl_0024,30,33,0.7086,0.0,0,0.5022,1.2332
2016-10-23,2016,R,,nfl_0026,nfl_0028,17,34,0.5161,0.0,0,0.2664,0.7259
2016-10-23,2016,R,,nfl_0023,nfl_0017,16,27,0.5652,0.0,0,0.3195,0.833
2016-10-23,2016,R,,nfl_0001,nfl_0025,6,6,0.545,0.5,0,0.002,0.6972
2016-10-24,2016,R,,nfl_0009,nfl_0032,27,9,0.6985,1.0,1,0.0909,0.3589
2016-10-27,2016,R,,nfl_0029,nfl_0013,36,22,0.6307,1.0,1,0.1364,0.4609
2016-10-30,2016,R,,nfl_0007,nfl_0030,27,27,0.5923,0.5,0,0.0085,0.7105
2016-10-30,2016,R,,nfl_0005,nfl_0001,30,20,0.5422,1.0,1,0.2096,0.6121
2016-10-30,2016,R,,nfl_0004,nfl_0017,25,41,0.5334,0.0,0,0.2845,0.7623
2016-10-30,2016,R,,nfl_0031,nfl_0020,28,31,0.4473,0.0,1,0.2001,0.5929
2016-10-30,2016,R,,nfl_0012,nfl_0014,14,30,0.466,0.0,1,0.2171,0.6273
2016-10-30,2016,R,,nfl_0028,nfl_0021,24,30,0.5427,0.0,0,0.2946,0.7825
2016-10-30,2016,R,,nfl_0018,nfl_0025,25,20,0.3831,1.0,0,0.3806,0.9595
2016-10-30,2016,R,,nfl_0032,nfl_0010,20,13,0.5719,1.0,1,0.1833,0.5588
2016-10-30,2016,R,,nfl_0009,nfl_0024,27,19,0.7181,1.0,1,0.0795,0.3312
2016-10-30,2016,R,,nfl_0002,nfl_0011,33,32,0.6209,1.0,1,0.1437,0.4766
2016-10-30,2016,R,,nfl_0008,nfl_0022,29,23,0.6293,1.0,1,0.1374,0.4631
2016-10-31,2016,R,,nfl_0006,nfl_0016,20,10,0.3209,1.0,0,0.4612,1.1367
2016-11-03,2016,R,,nfl_0028,nfl_0002,28,43,0.4397,0.0,1,0.1933,0.5793
2016-11-06,2016,R,,nfl_0014,nfl_0013,19,14,0.8437,1.0,1,0.0244,0.17
2016-11-06,2016,R,,nfl_0015,nfl_0020,27,23,0.6232,1.0,1,0.142,0.4729
2016-11-06,2016,R,,nfl_0019,nfl_0022,28,23,0.5365,1.0,1,0.2148,0.6227
2016-11-06,2016,R,,nfl_0003,nfl_0023,21,14,0.4824,1.0,0,0.2679,0.729
2016-11-06,2016,R,,nfl_0031,nfl_0008,10,35,0.2656,0.0,1,0.0705,0.3087
2016-11-06,2016,R,,nfl_0016,nfl_0010,16,22,0.7019,0.0,0,0.4926,1.2102
2016-11-06,2016,R,,nfl_0027,nfl_0005,10,13,0.5382,0.0,0,0.2897,0.7727
2016-11-06,2016,R,,nfl_0026,nfl_0018,23,41,0.501,0.0,0,0.251,0.6952
2016-11-06,2016,R,,nfl_0011,nfl_0012,26,31,0.7048,0.0,0,0.4967,1.22
2016-11-06,2016,R,,nfl_0024,nfl_0029,43,35,0.6518,1.0,1,0.1212,0.428
2016-11-06,2016,R,,nfl_0021,nfl_0009,30,20,0.4847,1.0,0,0.2655,0.7241
2016-11-07,2016,R,,nfl_0025,nfl_0004,31,25,0.6534,1.0,1,0.1201,0.4255
2016-11-10,2016,R,,nfl_0003,nfl_0031,28,7,0.7934,1.0,1,0.0427,0.2315
2016-11-13,2016,R,,nfl_0005,nfl_0014,17,20,0.4902,0.0,1,0.2403,0.6738
2016-11-13,2016,R,,nfl_0028,nfl_0006,36,10,0.6088,1.0,1,0.153,0.4962
2016-11-13,2016,R,,nfl_0029,nfl_0011,47,25,0.477,1.0,0,0.2735,0.7402
2016-11-13,2016,R,,nfl_0013,nfl_0032,21,24,0.3865,0.0,1,0.1494,0.4886
2016-11-13,2016,R,,nfl_0030,nfl_0016,26,20,0.5675,1.0,1,0.1871,0.5666
2016-11-13,2016,R,,nfl_0022,nfl_0002,24,15,0.5459,1.0,1,0.2062,0.6053
2016-11-13,2016,R,,nfl_0018,nfl_0009,23,25,0.4763,0.0,1,0.2269,0.6469
2016-11-13,2016,R,,nfl_0020,nfl_0027,6,9,0.6305,0.0,0,0.3976,0.9957
2016-11-13,2016,R,,nfl_0024,nfl_0015,24,31,0.6392,0.0,0,0.4085,1.0194
2016-11-13,2016,R,,nfl_0001,nfl_0026,23,20,0.8526,1.0,1,0.0217,0.1595
2016-11-13,2016,R,,nfl_0023,nfl_0008,30,35,0.4957,0.0,1,0.2457,0.6846
2016-11-13,2016,R,,nfl_0017,nfl_0025,24,31,0.7181,0.0,0,0.5157,1.2664
2016-11-14,2016,R,,nfl_0019,nfl_0007,21,20,0.5973,1.0,1,0.1622,0.5154
2016-11-17,2016,R,,nfl_0005,nfl_0018,23,20,0.6504,1.0,1,0.1222,0.4302
2016-11-20,2016,R,,nfl_0007,nfl_0004,12,16,0.5044,0.0,0,0.2544,0.702
2016-11-20,2016,R,,nfl_0019,nfl_0006,22,16,0.7624,1.0,1,0.0565,0.2713
2016-11-20,2016,R,,nfl_0012,nfl_0029,24,17,0.6516,1.0,1,0.1214,0.4283
2016-11-20,2016,R,,nfl_0016,nfl_0001,30,24,0.5912,1.0,1,0.1671,0.5256
2016-11-20,2016,R,,nfl_0008,nfl_0003,27,17,0.7457,1.0,1,0.0647,0.2935
2016-11-20,2016,R,,nfl_0010,nfl_0013,26,19,0.7953,1.0,1,0.0419,0.229
2016-11-20,2016,R,,nfl_0014,nfl_0028,17,19,0.7892,0.0,0,0.6229,1.557
2016-11-20,2016,R,,nfl_0031,nfl_0023,9,24,0.3201,0.0,1,0.1025,0.3858
2016-11-20,2016,R,,nfl_0027,nfl_0015,10,14,0.5436,0.0,0,0.2955,0.7844
2016-11-20,2016,R,,nfl_0026,nfl_0017,17,30,0.2082,0.0,1,0.0433,0.2335
2016-11-20,2016,R,,nfl_0025,nfl_0022,26,15,0.6567,1.0,1,0.1178,0.4205
2016-11-20,2016,R,,nfl_0030,nfl_0011,42,24,0.6512,1.0,1,0.1217,0.429
2016-11-21,2016,R,,nfl_0021,nfl_0032,27,20,0.6771,1.0,1,0.1043,0.39
2016-11-24,2016,R,,nfl_0010,nfl_0016,16,13,0.541,1.0,1,0.2106,0.6143
2016-11-24,2016,R,,nfl_0008,nfl_0030,31,26,0.7161,1.0,1,0.0806,0.3339
2016-11-24,2016,R,,nfl_0012,nfl_0023,7,28,0.5389,0.0,0,0.2904,0.7741
2016-11-27,2016,R,,nfl_0002,nfl_0001,38,19,0.6858,1.0,1,0.0987,0.3772
2016-11-27,2016,R,,nfl_0004,nfl_0013,28,21,0.8183,1.0,1,0.033,0.2006
2016-11-27,2016,R,,nfl_0006,nfl_0029,21,27,0.5029,0.0,0,0.2529,0.6989
2016-11-27,2016,R,,nfl_0003,nfl_0007,19,14,0.617,1.0,1,0.1467,0.4829
2016-11-27,2016,R,,nfl_0032,nfl_0024,13,21,0.6021,0.0,0,0.3625,0.9215
2016-11-27,2016,R,,nfl_0015,nfl_0026,31,24,0.8095,1.0,1,0.0363,0.2113
2016-11-27,2016,R,,nfl_0018,nfl_0027,49,21,0.6607,1.0,1,0.1151,0.4145
2016-11-27,2016,R,,nfl_0031,nfl_0019,13,27,0.2775,0.0,1,0.077,0.3251
2016-11-27,2016,R,,nfl_0028,nfl_0025,14,5,0.3787,1.0,0,0.386,0.9711
2016-11-27,2016,R,,nfl_0021,nfl_0005,35,32,0.6302,1.0,1,0.1368,0.4618
2016-11-27,2016,R,,nfl_0020,nfl_0017,17,22,0.3507,0.0,1,0.123,0.4319
2016-11-27,2016,R,,nfl_0009,nfl_0014,27,30,0.6128,0.0,0,0.3755,0.9488
2016-11-28,2016,R,,nfl_0022,nfl_0011,13,27,0.73,0.0,0,0.5329,1.3092
2016-12-01,2016,R,,nfl_0016,nfl_0008,15,17,0.4686,0.0,1,0.2196,0.6322
2016-12-04,2016,R,,nfl_0002,nfl_0014,28,29,0.5738,0.0,0,0.3293,0.8529
2016-12-04,2016,R,,nfl_0006,nfl_0026,26,6,0.6634,1.0,1,0.1133,0.4104
2016-12-04,2016,R,,nfl_0007,nfl_0022,32,14,0.5238,1.0,1,0.2268,0.6466
2016-12-04,2016,R,,nfl_0013,nfl_0009,10,20,0.2927,0.0,1,0.0856,0.3462
2016-12-04,2016,R,,nfl_0018,nfl_0010,13,28,0.5666,0.0,0,0.321,0.8361
2016-12-04,2016,R,,nfl_0011,nfl_0032,21,13,0.6185,1.0,1,0.1455,0.4805
2016-12-04,2016,R,,nfl_0003,nfl_0015,38,6,0.5882,1.0,1,0.1696,0.5307
2016-12-04,2016,R,,nfl_0017,nfl_0027,26,10,0.8619,1.0,1,0.0191,0.1487
2016-12-04,2016,R,,nfl_0021,nfl_0004,38,24,0.6143,1.0,1,0.1488,0.4873
2016-12-04,2016,R,,nfl_0001,nfl_0030,31,23,0.5733,1.0,1,0.182,0.5563
2016-12-04,2016,R,,nfl_0023,nfl_0019,24,14,0.6467,1.0,1,0.1249,0.4359
2016-12-04,2016,R,,nfl_0024,nfl_0028,21,28,0.6038,0.0,0,0.3645,0.9257
2016-12-04,2016,R,,nfl_0025,nfl_0005,40,7,0.7197,1.0,1,0.0786,0.3289
2016-12-05,2016,R,,nfl_0020,nfl_0012,10,41,0.5658,0.0,0,0.3202,0.8344
2016-12-08,2016,R,,nfl_0014,nfl_0021,21,13,0.6597,1.0,1,0.1158,0.416
2016-12-11,2016,R,,nfl_0004,nfl_0023,20,27,0.5324,0.0,0,0.2835,0.7602
2016-12-11,2016,R,,nfl_0005,nfl_0024,28,16,0.6261,1.0,1,0.1398,0.4683
2016-12-11,2016,R,,nfl_0010,nfl_0006,20,17,0.7956,1.0,1,0.0418,0.2287
2016-12-11,2016,R,,nfl_0031,nfl_0007,10,23,0.3389,0.0,1,0.1149,0.4139
2016-12-11,2016,R,,nfl_0012,nfl_0032,17,22,0.645,0.0,0,0.416,1.0356
2016-12-11,2016,R,,nfl_0015,nfl_0001,26,23,0.5193,1.0,1,0.231,0.6552
2016-12-11,2016,R,,nfl_0029,nfl_0009,13,10,0.4601,1.0,0,0.2915,0.7764
2016-12-11,2016,R,,nfl_0013,nfl_0016,16,25,0.3265,0.0,1,0.1066,0.3952
2016-12-11,2016,R,,nfl_0022,nfl_0030,22,27,0.5801,0.0,0,0.3365,0.8677
2016-12-11,2016,R,,nfl_0026,nfl_0020,17,23,0.4894,0.0,1,0.2395,0.6721
2016-12-11,2016,R,,nfl_0027,nfl_0002,14,42,0.3452,0.0,1,0.1191,0.4234
2016-12-11,2016,R,,nfl_0011,nfl_0025,38,10,0.4231,1.0,0,0.3329,0.8602
2016-12-11,2016,R,,nfl_0028,nfl_0018,16,11,0.6603,1.0,1,0.1154,0.4151
2016-12-11,2016,R,,nfl_0019,nfl_0008,10,7,0.4274,1.0,0,0.3279,0.85
2016-12-12,2016,R,,nfl_0017,nfl_0003,30,23,0.7559,1.0,1,0.0596,0.2798
2016-12-15,2016,R,,nfl_0025,nfl_0027,24,3,0.8386,1.0,1,0.026,0.176
2016-12-17,2016,R,,nfl_0020,nfl_0015,13,34,0.4751,0.0,1,0.2257,0.6445
2016-12-18,2016,R,,nfl_0004,nfl_0031,33,13,0.8655,1.0,1,0.0181,0.1444
2016-12-18,2016,R,,nfl_0006,nfl_0011,27,30,0.3638,0.0,1,0.1323,0.4522
2016-12-18,2016,R,,nfl_0007,nfl_0023,20,24,0.4713,0.0,1,0.2221,0.6374
2016-12-18,2016,R,,nfl_0016,nfl_0012,6,34,0.6827,0.0,0,0.4661,1.148
2016-12-18,2016,R,,nfl_0019,nfl_0010,17,6,0.582,1.0,1,0.1747,0.5413
2016-12-18,2016,R,,nfl_0032,nfl_0013,21,20,0.7836,1.0,1,0.0468,0.2439
2016-12-18,2016,R,,nfl_0014,nfl_0029,17,19,0.799,0.0,0,0.6383,1.6043
2016-12-18,2016,R,,nfl_0003,nfl_0022,27,26,0.6565,1.0,1,0.118,0.4208
2016-12-18,2016,R,,nfl_0002,nfl_0026,41,13,0.9057,1.0,1,0.0089,0.0991
2016-12-18,2016,R,,nfl_0001,nfl_0018,41,48,0.6811,0.0,0,0.4639,1.1429
2016-12-18,2016,R,,nfl_0009,nfl_0017,3,16,0.4812,0.0,1,0.2316,0.6562
2016-12-18,2016,R,,nfl_0024,nfl_0021,16,19,0.4411,0.0,1,0.1945,0.5817
2016-12-18,2016,R,,nfl_0008,nfl_0028,26,20,0.737,1.0,1,0.0692,0.3052
2016-12-19,2016,R,,nfl_0030,nfl_0005,15,26,0.6323,0.0,0,0.3998,1.0005
2016-12-22,2016,R,,nfl_0022,nfl_0019,24,19,0.4889,1.0,0,0.2612,0.7156
2016-12-24,2016,R,,nfl_0005,nfl_0002,16,33,0.4815,0.0,1,0.2318,0.6568
2016-12-24,2016,R,,nfl_0004,nfl_0015,31,34,0.6064,0.0,0,0.3677,0.9324
2016-12-24,2016,R,,nfl_0006,nfl_0030,21,41,0.4221,0.0,1,0.1782,0.5484
2016-12-24,2016,R,,nfl_0031,nfl_0024,20,17,0.3321,1.0,0,0.4461,1.1023
2016-12-24,2016,R,,nfl_0011,nfl_0016,38,25,0.6873,1.0,1,0.0978,0.3751
2016-12-24,2016,R,,nfl_0013,nfl_0029,38,17,0.377,1.0,0,0.3881,0.9755
2016-12-24,2016,R,,nfl_0017,nfl_0020,41,3,0.9059,1.0,1,0.0088,0.0988
2016-12-24,2016,R,,nfl_0021,nfl_0012,33,25,0.6602,1.0,1,0.1154,0.4152
2016-12-24,2016,R,,nfl_0025,nfl_0001,31,34,0.7374,0.0,0,0.5438,1.3373
2016-12-24,2016,R,,nfl_0018,nfl_0028,31,24,0.5528,1.0,1,0.1999,0.5927
2016-12-24,2016,R,,nfl_0027,nfl_0026,21,22,0.719,0.0,0,0.517,1.2695
2016-12-24,2016,R,,nfl_0032,nfl_0007,12,10,0.5897,1.0,1,0.1683,0.5281
2016-12-25,2016,R,,nfl_0023,nfl_0003,31,27,0.7015,1.0,1,0.0891,0.3545
2016-12-25,2016,R,,nfl_0014,nfl_0009,33,10,0.6902,1.0,1,0.096,0.3708
2016-12-26,2016,R,,nfl_0008,nfl_0010,42,21,0.7312,1.0,1,0.0723,0.3131
2017-01-01,2016,R,,nfl_0020,nfl_0004,30,10,0.3763,1.0,0,0.389,0.9774
2017-01-01,2016,R,,nfl_0028,nfl_0005,17,16,0.5926,1.0,1,0.166,0.5233
2017-01-01,2016,R,,nfl_0016,nfl_0006,38,10,0.7596,1.0,1,0.0578,0.275
2017-01-01,2016,R,,nfl_0007,nfl_0003,27,10,0.5561,1.0,1,0.1971,0.5869
2017-01-01,2016,R,,nfl_0023,nfl_0031,27,24,0.9156,1.0,1,0.0071,0.0882
2017-01-01,2016,R,,nfl_0012,nfl_0013,24,20,0.7876,1.0,1,0.0451,0.2387
2017-01-01,2016,R,,nfl_0022,nfl_0008,27,13,0.3798,1.0,0,0.3846,0.968
2017-01-01,2016,R,,nfl_0029,nfl_0032,24,17,0.5389,1.0,1,0.2126,0.6182
2017-01-01,2016,R,,nfl_0015,nfl_0017,14,35,0.3582,0.0,1,0.1283,0.4435
2017-01-01,2016,R,,nfl_0002,nfl_0018,38,32,0.7776,1.0,1,0.0494,0.2515
2017-01-01,2016,R,,nfl_0027,nfl_0001,6,44,0.3767,0.0,1,0.1419,0.4728
2017-01-01,2016,R,,nfl_0009,nfl_0021,24,6,0.5167,1.0,1,0.2336,0.6603
2017-01-01,2016,R,,nfl_0024,nfl_0014,27,37,0.3235,0.0,1,0.1046,0.3908
2017-01-01,2016,R,,nfl_0030,nfl_0019,10,19,0.5755,0.0,0,0.3312,0.8569
2017-01-01,2016,R,,nfl_0026,nfl_0025,23,25,0.2198,0.0,1,0.0483,0.2482
2017-01-01,2016,R,,nfl_0010,nfl_0011,24,31,0.5199,0.0,0,0.2703,0.7338
2017-01-07,2016,P,WC,nfl_0032,nfl_0021,27,14,0.4867,1.0,0,0.2635,0.7201
2017-01-07,2016,P,WC,nfl_0025,nfl_0010,26,6,0.7123,1.0,1,0.0828,0.3392
2017-01-08,2016,P,WC,nfl_0023,nfl_0015,30,12,0.7479,1.0,1,0.0635,0.2905
2017-01-08,2016,P,WC,nfl_0011,nfl_0019,38,13,0.6356,1.0,1,0.1328,0.4532
2017-01-14,2016,P,DV,nfl_0002,nfl_0025,36,20,0.6884,1.0,1,0.0971,0.3733
2017-01-14,2016,P,DV,nfl_0017,nfl_0032,34,16,0.8578,1.0,1,0.0202,0.1534
2017-01-15,2016,P,DV,nfl_0008,nfl_0011,31,34,0.645,0.0,0,0.4161,1.0357
2017-01-15,2016,P,DV,nfl_0014,nfl_0023,16,18,0.6655,0.0,0,0.4429,1.0952
2017-01-22,2016,P,CC,nfl_0002,nfl_0011,44,21,0.6557,1.0,1,0.1185,0.422
2017-01-22,2016,P,CC,nfl_0017,nfl_0023,36,17,0.7125,1.0,1,0.0827,0.339
2017-09-07,2017,R,,nfl_0017,nfl_0014,27,42,0.6448,0.0,0,0.4158,1.0352
2017-09-10,2017,R,,nfl_0006,nfl_0002,17,23,0.4458,0.0,1,0.1988,0.5903
2017-09-10,2017,R,,nfl_0004,nfl_0020,21,12,0.6372,1.0,1,0.1316,0.4506
2017-09-10,2017,R,,nfl_0007,nfl_0003,0,20,0.6073,0.0,0,0.3688,0.9346
2017-09-10,2017,R,,nfl_0031,nfl_0023,18,21,0.4496,0.0,1,0.2021,0.5971
2017-09-10,2017,R,,nfl_0010,nfl_0001,35,23,0.5749,1.0,1,0.1808,0.5536
2017-09-10,2017,R,,nfl_0032,nfl_0013,7,29,0.6554,0.0,0,0.4295,1.0653
2017-09-10,2017,R,,nfl_0029,nfl_0021,16,26,0.5721,0.0,0,0.3273,0.8489
2017-09-10,2017,R,,nfl_0030,nfl_0022,17,30,0.597,0.0,0,0.3564,0.9088
2017-09-10,2017,R,,nfl_0027,nfl_0012,46,9,0.5147,1.0,1,0.2355,0.6641
2017-09-10,2017,R,,nfl_0026,nfl_0005,3,23,0.512,0.0,0,0.2622,0.7175
2017-09-10,2017,R,,nfl_0011,nfl_0025,17,9,0.6084,1.0,1,0.1533,0.4969
2017-09-10,2017,R,,nfl_0008,nfl_0019,19,3,0.6316,1.0,1,0.1357,0.4595
2017-09-11,2017,R,,nfl_0016,nfl_0018,29,19,0.6045,1.0,1,0.1564,0.5034
2017-09-11,2017,R,,nfl_0009,nfl_0024,24,21,0.6567,1.0,1,0.1179,0.4206
2017-09-14,2017,R,,nfl_0007,nfl_0032,9,13,0.6185,0.0,0,0.3825,0.9635
2017-09-17,2017,R,,nfl_0005,nfl_0004,9,3,0.639,1.0,1,0.1303,0.4478
2017-09-17,2017,R,,nfl_0028,nfl_0006,29,7,0.6909,1.0,1,0.0955,0.3698
2017-09-17,2017,R,,nfl_0003,nfl_0031,24,10,0.764,1.0,1,0.0557,0.2692
2017-09-17,2017,R,,nfl_0012,nfl_0001,13,16,0.5485,0.0,0,0.3008,0.7951
2017-09-17,2017,R,,nfl_0013,nfl_0029,16,37,0.6726,0.0,0,0.4524,1.1166
2017-09-17,2017,R,,nfl_0014,nfl_0022,27,20,0.6621,1.0,1,0.1142,0.4124
2017-09-17,2017,R,,nfl_0023,nfl_0016,26,9,0.6525,1.0,1,0.1207,0.4269
2017-09-17,2017,R,,nfl_0018,nfl_0017,20,36,0.5132,0.0,0,0.2634,0.7199
2017-09-17,2017,R,,nfl_0024,nfl_0015,17,19,0.5635,0.0,0,0.3175,0.8289
2017-09-17,2017,R,,nfl_0021,nfl_0020,45,20,0.7156,1.0,1,0.0809,0.3347
2017-09-17,2017,R,,nfl_0009,nfl_0008,42,17,0.5506,1.0,1,0.202,0.5967
2017-09-17,2017,R,,nfl_0027,nfl_0030,20,27,0.649,0.0,0,0.4213,1.0471
2017-09-17,2017,R,,nfl_0025,nfl_0026,12,9,0.7403,1.0,1,0.0674,0.3006
2017-09-17,2017,R,,nfl_0002,nfl_0011,34,23,0.6382,1.0,1,0.1309,0.4492
2017-09-18,2017,R,,nfl_0019,nfl_0010,10,24,0.556,0.0,0,0.3091,0.8118
2017-09-21,2017,R,,nfl_0026,nfl_0027,39,41,0.4853,0.0,1,0.2355,0.6642
2017-09-24,2017,R,,nfl_0013,nfl_0003,44,7,0.4536,1.0,0,0.2985,0.7905
2017-09-24,2017,R,,nfl_0020,nfl_0015,20,6,0.485,1.0,0,0.2653,0.7237
2017-09-24,2017,R,,nfl_0010,nfl_0002,26,30,0.5349,0.0,0,0.2861,0.7655
2017-09-24,2017,R,,nfl_0004,nfl_0009,26,16,0.5064,1.0,1,0.2437,0.6805
2017-09-24,2017,R,,nfl_0005,nfl_0018,13,34,0.7319,0.0,0,0.5357,1.3165
2017-09-24,2017,R,,nfl_0006,nfl_0023,23,17,0.3757,1.0,0,0.3897,0.9789
2017-09-24,2017,R,,nfl_0012,nfl_0031,31,28,0.6563,1.0,1,0.1181,0.4212
2017-09-24,2017,R,,nfl_0017,nfl_0032,36,33,0.73,1.0,1,0.0729,0.3147
2017-09-24,2017,R,,nfl_0016,nfl_0028,34,17,0.5592,1.0,1,0.1943,0.5813
2017-09-24,2017,R,,nfl_0022,nfl_0019,27,24,0.7096,1.0,1,0.0843,0.3431
2017-09-24,2017,R,,nfl_0029,nfl_0025,33,27,0.6024,1.0,1,0.1581,0.5069
2017-09-24,2017,R,,nfl_0011,nfl_0007,27,24,0.7152,1.0,1,0.0811,0.3352
2017-09-24,2017,R,,nfl_0024,nfl_0014,10,24,0.4063,0.0,1,0.1651,0.5214
2017-09-24,2017,R,,nfl_0030,nfl_0021,27,10,0.5006,1.0,1,0.2494,0.6919
2017-09-25,2017,R,,nfl_0001,nfl_0008,17,28,0.5756,0.0,0,0.3313,0.857
2017-09-28,2017,R,,nfl_0011,nfl_0006,35,14,0.7398,1.0,1,0.0677,0.3013
2017-10-01,2017,R,,nfl_0015,nfl_0018,0,20,0.5646,0.0,0,0.3187,0.8314
2017-10-01,2017,R,,nfl_0002,nfl_0004,17,23,0.7135,0.0,0,0.5091,1.25
2017-10-01,2017,R,,nfl_0017,nfl_0005,30,33,0.7048,0.0,0,0.4968,1.2202
2017-10-01,2017,R,,nfl_0031,nfl_0007,7,31,0.5536,0.0,0,0.3064,0.8065
2017-10-01,2017,R,,nfl_0008,nfl_0027,30,35,0.6773,0.0,0,0.4588,1.1311
2017-10-01,2017,R,,nfl_0016,nfl_0010,7,14,0.5865,0.0,0,0.344,0.8831
2017-10-01,2017,R,,nfl_0032,nfl_0029,57,14,0.4919,1.0,0,0.2581,0.7094
2017-10-01,2017,R,,nfl_0020,nfl_0013,23,20,0.5154,1.0,1,0.2348,0.6627
2017-10-01,2017,R,,nfl_0003,nfl_0023,9,26,0.529,0.0,0,0.2798,0.7529
2017-10-01,2017,R,,nfl_0001,nfl_0026,18,15,0.7123,1.0,1,0.0828,0.3392
2017-10-01,2017,R,,nfl_0028,nfl_0019,25,23,0.6708,1.0,1,0.1084,0.3993
2017-10-01,2017,R,,nfl_0024,nfl_0022,24,26,0.4523,0.0,1,0.2046,0.602
2017-10-01,2017,R,,nfl_0009,nfl_0021,16,10,0.6207,1.0,1,0.1439,0.4769
2017-10-01,2017,R,,nfl_0025,nfl_0012,46,18,0.6682,1.0,1,0.1101,0.4032
2017-10-02,2017,R,,nfl_0014,nfl_0030,29,20,0.7265,1.0,1,0.0748,0.3195
2017-10-05,2017,R,,nfl_0028,nfl_0017,14,19,0.5293,0.0,0,0.2801,0.7534
2017-10-08,2017,R,,nfl_0015,nfl_0029,16,10,0.565,1.0,1,0.1892,0.5709
2017-10-08,2017,R,,nfl_0007,nfl_0004,20,16,0.5138,1.0,1,0.2364,0.6659
2017-10-08,2017,R,,nfl_0010,nfl_0005,24,27,0.6688,0.0,0,0.4473,1.105
2017-10-08,2017,R,,nfl_0031,nfl_0020,14,17,0.435,0.0,1,0.1892,0.571
2017-10-08,2017,R,,nfl_0012,nfl_0026,26,23,0.6653,1.0,1,0.112,0.4075
2017-10-08,2017,R,,nfl_0022,nfl_0001,34,7,0.6912,1.0,1,0.0954,0.3694
2017-10-08,2017,R,,nfl_0023,nfl_0013,9,30,0.7113,0.0,0,0.506,1.2425
2017-10-08,2017,R,,nfl_0019,nfl_0024,22,27,0.6225,0.0,0,0.3875,0.9742
2017-10-08,2017,R,,nfl_0021,nfl_0003,17,30,0.6635,0.0,0,0.4402,1.089
2017-10-08,2017,R,,nfl_0027,nfl_0025,10,16,0.5665,0.0,0,0.321,0.8359
2017-10-08,2017,R,,nfl_0008,nfl_0011,31,35,0.5589,0.0,0,0.3124,0.8185
2017-10-08,2017,R,,nfl_0032,nfl_0014,34,42,0.4559,0.0,1,0.2079,0.6087
2017-10-09,2017,R,,nfl_0006,nfl_0016,17,20,0.4751,0.0,1,0.2257,0.6445
2017-10-12,2017,R,,nfl_0005,nfl_0022,23,28,0.5343,0.0,0,0.2855,0.7642
2017-10-15,2017,R,,nfl_0002,nfl_0015,17,20,0.7881,0.0,0,0.6211,1.5516
2017-10-15,2017,R,,nfl_0003,nfl_0006,24,27,0.7487,0.0,0,0.5605,1.3809
2017-10-15,2017,R,,nfl_0032,nfl_0031,33,17,0.7966,1.0,1,0.0414,0.2274
2017-10-15,2017,R,,nfl_0018,nfl_0010,52,38,0.6349,1.0,1,0.1333,0.4543
2017-10-15,2017,R,,nfl_0016,nfl_0011,23,10,0.5128,1.0,1,0.2374,0.6679
2017-10-15,2017,R,,nfl_0020,nfl_0017,17,24,0.4557,0.0,1,0.2077,0.6083
2017-10-15,2017,R,,nfl_0030,nfl_0026,26,24,0.7928,1.0,1,0.0429,0.2321
2017-10-15,2017,R,,nfl_0001,nfl_0028,38,33,0.5434,1.0,1,0.2085,0.6099
2017-10-15,2017,R,,nfl_0013,nfl_0027,17,27,0.698,0.0,0,0.4873,1.1975
2017-10-15,2017,R,,nfl_0014,nfl_0023,13,19,0.7287,0.0,0,0.531,1.3046
2017-10-15,2017,R,,nfl_0021,nfl_0024,16,17,0.6544,0.0,0,0.4283,1.0626
2017-10-15,2017,R,,nfl_0009,nfl_0019,10,23,0.7932,0.0,0,0.6291,1.5758
2017-10-16,2017,R,,nfl_0029,nfl_0012,36,22,0.6285,1.0,1,0.138,0.4645
2017-10-19,2017,R,,nfl_0021,nfl_0014,31,30,0.3857,1.0,0,0.3773,0.9527
2017-10-22,2017,R,,nfl_0004,nfl_0028,30,27,0.704,1.0,1,0.0876,0.351
2017-10-22,2017,R,,nfl_0015,nfl_0020,31,28,0.6177,1.0,1,0.1462,0.4818
2017-10-22,2017,R,,nfl_0006,nfl_0005,17,3,0.4442,1.0,0,0.309,0.8116
2017-10-22,2017,R,,nfl_0031,nfl_0029,9,12,0.4048,0.0,1,0.1639,0.5189
2017-10-22,2017,R,,nfl_0012,nfl_0013,0,27,0.419,0.0,1,0.1756,0.543
2017-10-22,2017,R,,nfl_0027,nfl_0001,33,0,0.6665,1.0,1,0.1112,0.4057
2017-10-22,2017,R,,nfl_0011,nfl_0018,17,26,0.5713,0.0,0,0.3264,0.8471
2017-10-22,2017,R,,nfl_0016,nfl_0003,24,16,0.6636,1.0,1,0.1132,0.4101
2017-10-22,2017,R,,nfl_0026,nfl_0008,10,40,0.3627,0.0,1,0.1315,0.4505
2017-10-22,2017,R,,nfl_0023,nfl_0007,29,14,0.6698,1.0,1,0.109,0.4008
2017-10-22,2017,R,,nfl_0024,nfl_0009,21,0,0.5095,1.0,1,0.2406,0.6744
2017-10-22,2017,R,,nfl_0019,nfl_0025,7,24,0.4325,0.0,1,0.1871,0.5665
2017-10-22,2017,R,,nfl_0017,nfl_0002,23,7,0.6312,1.0,1,0.136,0.4601
2017-10-23,2017,R,,nfl_0022,nfl_0030,34,24,0.7077,1.0,1,0.0854,0.3457
2017-10-26,2017,R,,nfl_0003,nfl_0015,40,0,0.6046,1.0,1,0.1563,0.5032
2017-10-29,2017,R,,nfl_0031,nfl_0016,16,33,0.2863,0.0,1,0.082,0.3373
2017-10-29,2017,R,,nfl_0020,nfl_0002,20,25,0.4632,0.0,1,0.2146,0.6221
2017-10-29,2017,R,,nfl_0004,nfl_0021,34,14,0.6693,1.0,1,0.1094,0.4015
2017-10-29,2017,R,,nfl_0007,nfl_0012,24,23,0.7307,1.0,1,0.0725,0.3137
2017-10-29,2017,R,,nfl_0028,nfl_0005,3,17,0.5845,0.0,0,0.3416,0.8782
2017-10-29,2017,R,,nfl_0018,nfl_0006,20,12,0.7873,1.0,1,0.0452,0.2391
2017-10-29,2017,R,,nfl_0017,nfl_0024,21,13,0.7487,1.0,1,0.0632,0.2894
2017-10-29,2017,R,,nfl_0022,nfl_0026,33,10,0.87,1.0,1,0.0169,0.1393
2017-10-29,2017,R,,nfl_0025,nfl_0032,41,38,0.6564,1.0,1,0.1181,0.421
2017-10-29,2017,R,,nfl_0030,nfl_0008,19,33,0.53,0.0,0,0.2809,0.7549
2017-10-29,2017,R,,nfl_0010,nfl_0023,15,20,0.5456,0.0,0,0.2977,0.7887
2017-10-30,2017,R,,nfl_0014,nfl_0009,29,19,0.7672,1.0,1,0.0542,0.265
2017-11-02,2017,R,,nfl_0020,nfl_0004,34,21,0.427,1.0,0,0.3284,0.851
2017-11-05,2017,R,,nfl_0005,nfl_0002,20,17,0.5424,1.0,1,0.2094,0.6118
2017-11-05,2017,R,,nfl_0013,nfl_0007,23,7,0.7441,1.0,1,0.0655,0.2956
2017-11-05,2017,R,,nfl_0022,nfl_0009,51,23,0.7757,1.0,1,0.0503,0.254
2017-11-05,2017,R,,nfl_0018,nfl_0028,30,10,0.7931,1.0,1,0.0428,0.2318
2017-11-05,2017,R,,nfl_0019,nfl_0027,17,51,0.4348,0.0,1,0.1891,0.5706
2017-11-05,2017,R,,nfl_0029,nfl_0003,23,20,0.5434,1.0,1,0.2085,0.6099
2017-11-05,2017,R,,nfl_0032,nfl_0012,14,20,0.7709,0.0,0,0.5943,1.4737
2017-11-05,2017,R,,nfl_0026,nfl_0001,10,20,0.4233,0.0,1,0.1792,0.5505
2017-11-05,2017,R,,nfl_0025,nfl_0030,14,17,0.7482,0.0,0,0.5598,1.3791
2017-11-05,2017,R,,nfl_0008,nfl_0014,28,17,0.5448,1.0,1,0.2072,0.6073
2017-11-05,2017,R,,nfl_0015,nfl_0021,24,27,0.5764,0.0,0,0.3322,0.8589
2017-11-06,2017,R,,nfl_0011,nfl_0010,17,30,0.6491,0.0,0,0.4213,1.0472
2017-11-09,2017,R,,nfl_0001,nfl_0025,16,22,0.4318,0.0,1,0.1864,0.5653
2017-11-12,2017,R,,nfl_0004,nfl_0018,10,47,0.4973,0.0,1,0.2473,0.6877
2017-11-12,2017,R,,nfl_0006,nfl_0011,16,23,0.5555,0.0,0,0.3086,0.8108
2017-11-12,2017,R,,nfl_0029,nfl_0007,24,20,0.6359,1.0,1,0.1325,0.4527
2017-11-12,2017,R,,nfl_0010,nfl_0031,38,24,0.8385,1.0,1,0.0261,0.1762
2017-11-12,2017,R,,nfl_0013,nfl_0024,20,17,0.698,1.0,1,0.0912,0.3595
2017-11-12,2017,R,,nfl_0030,nfl_0016,30,38,0.4522,0.0,1,0.2045,0.6018
2017-11-12,2017,R,,nfl_0012,nfl_0023,17,20,0.2816,0.0,1,0.0793,0.3307
2017-11-12,2017,R,,nfl_0028,nfl_0020,15,10,0.5308,1.0,1,0.2202,0.6334
2017-11-12,2017,R,,nfl_0027,nfl_0032,33,7,0.7388,1.0,1,0.0682,0.3027
2017-11-12,2017,R,,nfl_0002,nfl_0008,27,7,0.5336,1.0,1,0.2176,0.6282
2017-11-12,2017,R,,nfl_0026,nfl_0019,31,21,0.4865,1.0,0,0.2637,0.7206
2017-11-12,2017,R,,nfl_0009,nfl_0017,16,41,0.3403,0.0,1,0.1158,0.416
2017-11-13,2017,R,,nfl_0005,nfl_0015,45,21,0.7362,1.0,1,0.0696,0.3062
2017-11-16,2017,R,,nfl_0023,nfl_0029,40,17,0.741,1.0,1,0.0671,0.2998
2017-11-19,2017,R,,nfl_0006,nfl_0010,24,27,0.3944,0.0,1,0.1555,0.5015
2017-11-19,2017,R,,nfl_0031,nfl_0013,7,19,0.2257,0.0,1,0.0509,0.2558
2017-11-19,2017,R,,nfl_0032,nfl_0001,31,21,0.6294,1.0,1,0.1374,0.463
2017-11-19,2017,R,,nfl_0011,nfl_0003,0,23,0.5506,0.0,0,0.3032,0.8
2017-11-19,2017,R,,nfl_0019,nfl_0014,12,9,0.259,1.0,0,0.5491,1.3511
2017-11-19,2017,R,,nfl_0015,nfl_0028,20,30,0.5508,0.0,0,0.3034,0.8002
2017-11-19,2017,R,,nfl_0016,nfl_0027,24,7,0.564,1.0,1,0.1901,0.5727
2017-11-19,2017,R,,nfl_0018,nfl_0030,34,31,0.8174,1.0,1,0.0333,0.2016
2017-11-19,2017,R,,nfl_0024,nfl_0004,54,24,0.5994,1.0,1,0.1605,0.5119
2017-11-19,2017,R,,nfl_0009,nfl_0007,17,20,0.571,0.0,0,0.326,0.8462
2017-11-19,2017,R,,nfl_0021,nfl_0017,8,33,0.3938,0.0,1,0.1551,0.5006
2017-11-19,2017,R,,nfl_0008,nfl_0022,9,37,0.4794,0.0,1,0.2298,0.6528
2017-11-20,2017,R,,nfl_0025,nfl_0002,31,34,0.6195,0.0,0,0.3838,0.9662
2017-11-23,2017,R,,nfl_0010,nfl_0016,23,30,0.5358,0.0,0,0.287,0.7674
2017-11-23,2017,R,,nfl_0008,nfl_0024,6,28,0.6133,0.0,0,0.3761,0.95
2017-11-23,2017,R,,nfl_0030,nfl_0019,20,10,0.7111,1.0,1,0.0834,0.3409
2017-11-26,2017,R,,nfl_0002,nfl_0028,34,20,0.7619,1.0,1,0.0567,0.272
2017-11-26,2017,R,,nfl_0014,nfl_0004,10,16,0.7798,0.0,0,0.6081,1.5133
2017-11-26,2017,R,,nfl_0020,nfl_0005,27,35,0.4782,0.0,1,0.2287,0.6505
2017-11-26,2017,R,,nfl_0022,nfl_0006,31,3,0.8797,1.0,1,0.0145,0.1282
2017-11-26,2017,R,,nfl_0007,nfl_0031,30,16,0.8067,1.0,1,0.0374,0.2148
2017-11-26,2017,R,,nfl_0012,nfl_0029,16,20,0.4774,0.0,1,0.2279,0.649
2017-11-26,2017,R,,nfl_0017,nfl_0015,35,17,0.8889,1.0,1,0.0123,0.1177
2017-11-26,2017,R,,nfl_0026,nfl_0025,13,24,0.3062,0.0,1,0.0938,0.3656
2017-11-26,2017,R,,nfl_0001,nfl_0013,27,24,0.3589,1.0,0,0.411,1.0247
2017-11-26,2017,R,,nfl_0021,nfl_0009,21,14,0.6367,1.0,1,0.132,0.4515
2017-11-26,2017,R,,nfl_0027,nfl_0018,26,20,0.4944,1.0,0,0.2556,0.7044
2017-11-26,2017,R,,nfl_0023,nfl_0011,31,28,0.7993,1.0,1,0.0403,0.2241
2017-11-27,2017,R,,nfl_0003,nfl_0032,23,16,0.7027,1.0,1,0.0884,0.3528
2017-11-30,2017,R,,nfl_0008,nfl_0030,38,14,0.6048,1.0,1,0.1562,0.5029
2017-12-03,2017,R,,nfl_0002,nfl_0016,9,14,0.5611,0.0,0,0.3148,0.8235
2017-12-03,2017,R,,nfl_0004,nfl_0017,3,23,0.3131,0.0,1,0.098,0.3755
2017-12-03,2017,R,,nfl_0006,nfl_0026,14,15,0.6921,0.0,0,0.4791,1.1781
2017-12-03,2017,R,,nfl_0013,nfl_0012,30,10,0.8335,1.0,1,0.0277,0.1821
2017-12-03,2017,R,,nfl_0015,nfl_0009,35,9,0.5576,1.0,1,0.1957,0.5841
2017-12-03,2017,R,,nfl_0003,nfl_0010,44,20,0.6254,1.0,1,0.1403,0.4694
2017-12-03,2017,R,,nfl_0011,nfl_0028,26,20,0.6251,1.0,1,0.1406,0.4699
2017-12-03,2017,R,,nfl_0029,nfl_0032,24,13,0.6434,1.0,1,0.1272,0.441
2017-12-03,2017,R,,nfl_0020,nfl_0014,38,31,0.4097,1.0,0,0.3484,0.8923
2017-12-03,2017,R,,nfl_0024,nfl_0031,19,10,0.8843,1.0,1,0.0134,0.123
2017-12-03,2017,R,,nfl_0018,nfl_0005,31,21,0.7108,1.0,1,0.0836,0.3414
2017-12-03,2017,R,,nfl_0001,nfl_0027,16,32,0.3693,0.0,1,0.1364,0.4609
2017-12-03,2017,R,,nfl_0021,nfl_0019,24,17,0.7083,1.0,1,0.0851,0.3449
2017-12-03,2017,R,,nfl_0025,nfl_0022,24,10,0.4658,1.0,0,0.2854,0.764
2017-12-04,2017,R,,nfl_0007,nfl_0023,20,23,0.3853,0.0,1,0.1485,0.4866
2017-12-07,2017,R,,nfl_0002,nfl_0018,20,17,0.504,1.0,1,0.246,0.6852
2017-12-10,2017,R,,nfl_0004,nfl_0012,13,7,0.7105,1.0,1,0.0838,0.3418
2017-12-10,2017,R,,nfl_0005,nfl_0016,31,24,0.4694,1.0,0,0.2815,0.7562
2017-12-10,2017,R,,nfl_0007,nfl_0006,7,33,0.7112,0.0,0,0.5058,1.2421
2017-12-10,2017,R,,nfl_0031,nfl_0011,21,27,0.3361,0.0,1,0.113,0.4096
2017-12-10,2017,R,,nfl_0019,nfl_0008,10,30,0.3789,0.0,1,0.1436,0.4763
2017-12-10,2017,R,,nfl_0028,nfl_0010,21,24,0.4889,0.0,1,0.239,0.6711
2017-12-10,2017,R,,nfl_0032,nfl_0026,16,26,0.7529,0.0,0,0.5669,1.3981
2017-12-10,2017,R,,nfl_0014,nfl_0021,26,15,0.7144,1.0,1,0.0816,0.3363
2017-12-10,2017,R,,nfl_0001,nfl_0029,12,7,0.4665,1.0,0,0.2846,0.7625
2017-12-10,2017,R,,nfl_0009,nfl_0020,23,0,0.4865,1.0,0,0.2637,0.7206
2017-12-10,2017,R,,nfl_0024,nfl_0030,30,13,0.7371,1.0,1,0.0691,0.3051
2017-12-10,2017,R,,nfl_0013,nfl_0025,30,24,0.5807,1.0,1,0.1759,0.5436
2017-12-10,2017,R,,nfl_0027,nfl_0022,35,43,0.5541,0.0,0,0.307,0.8076
2017-12-10,2017,R,,nfl_0023,nfl_0003,39,38,0.6573,1.0,1,0.1175,0.4197
2017-12-11,2017,R,,nfl_0015,nfl_0017,27,20,0.2249,1.0,0,0.6008,1.4922
2017-12-14,2017,R,,nfl_0012,nfl_0009,13,25,0.5347,0.0,0,0.2859,0.7652
2017-12-16,2017,R,,nfl_0010,nfl_0006,20,10,0.7262,1.0,1,0.0749,0.3199
2017-12-16,2017,R,,nfl_0014,nfl_0024,30,13,0.5923,1.0,1,0.1662,0.5237
2017-12-17,2017,R,,nfl_0004,nfl_0015,24,16,0.6419,1.0,1,0.1282,0.4433
2017-12-17,2017,R,,nfl_0005,nfl_0011,31,24,0.7189,1.0,1,0.079,0.33
2017-12-17,2017,R,,nfl_0016,nfl_0007,34,7,0.8332,1.0,1,0.0278,0.1825
2017-12-17,2017,R,,nfl_0031,nfl_0003,10,27,0.1992,0.0,1,0.0397,0.2221
2017-12-17,2017,R,,nfl_0030,nfl_0001,20,15,0.6109,1.0,1,0.1514,0.4929
2017-12-17,2017,R,,nfl_0013,nfl_0032,45,7,0.81,1.0,1,0.0361,0.2107
2017-12-17,2017,R,,nfl_0018,nfl_0020,31,19,0.8521,1.0,1,0.0219,0.16
2017-12-17,2017,R,,nfl_0019,nfl_0022,29,34,0.1805,0.0,1,0.0326,0.199
2017-12-17,2017,R,,nfl_0025,nfl_0027,7,42,0.5961,0.0,0,0.3553,0.9066
2017-12-17,2017,R,,nfl_0023,nfl_0017,24,27,0.5711,0.0,0,0.3262,0.8466
2017-12-17,2017,R,,nfl_0026,nfl_0029,25,23,0.4046,1.0,0,0.3545,0.9049
2017-12-17,2017,R,,nfl_0021,nfl_0008,17,20,0.4853,0.0,1,0.2355,0.6642
2017-12-18,2017,R,,nfl_0028,nfl_0002,21,24,0.3492,0.0,1,0.1219,0.4295
2017-12-23,2017,R,,nfl_0003,nfl_0012,23,16,0.8669,1.0,1,0.0177,0.1428
2017-12-23,2017,R,,nfl_0011,nfl_0016,0,16,0.3607,0.0,1,0.1301,0.4474
2017-12-24,2017,R,,nfl_0018,nfl_0002,23,13,0.6701,1.0,1,0.1089,0.4004
2017-12-24,2017,R,,nfl_0017,nfl_0004,37,16,0.8406,1.0,1,0.0254,0.1737
2017-12-24,2017,R,,nfl_0005,nfl_0028,22,19,0.793,1.0,1,0.0429,0.232
2017-12-24,2017,R,,nfl_0006,nfl_0031,20,3,0.7923,1.0,1,0.0431,0.2328
2017-12-24,2017,R,,nfl_0007,nfl_0010,26,17,0.4113,1.0,0,0.3466,0.8885
2017-12-24,2017,R,,nfl_0030,nfl_0009,27,11,0.6144,1.0,1,0.1487,0.487
2017-12-24,2017,R,,nfl_0014,nfl_0015,29,13,0.8105,1.0,1,0.0359,0.2101
2017-12-24,2017,R,,nfl_0020,nfl_0024,7,14,0.4033,0.0,1,0.1626,0.5163
2017-12-24,2017,R,,nfl_0029,nfl_0027,23,27,0.3567,0.0,1,0.1272,0.4412
2017-12-24,2017,R,,nfl_0026,nfl_0013,44,33,0.2577,1.0,0,0.551,1.356
2017-12-24,2017,R,,nfl_0001,nfl_0019,23,0,0.7104,1.0,1,0.0839,0.3419
2017-12-24,2017,R,,nfl_0008,nfl_0025,12,21,0.6179,0.0,0,0.3818,0.962
2017-12-25,2017,R,,nfl_0032,nfl_0023,6,34,0.2923,0.0,1,0.0854,0.3457
2017-12-25,2017,R,,nfl_0022,nfl_0021,19,10,0.8517,1.0,1,0.022,0.1605
2017-12-31,2017,R,,nfl_0016,nfl_0006,23,10,0.854,1.0,1,0.0213,0.1578
2017-12-31,2017,R,,nfl_0023,nfl_0031,28,24,0.9358,1.0,1,0.0041,0.0664
2017-12-31,2017,R,,nfl_0012,nfl_0032,22,13,0.5332,1.0,1,0.2179,0.6288
2017-12-31,2017,R,,nfl_0022,nfl_0008,0,6,0.7834,0.0,0,0.6137,1.5296
2017-12-31,2017,R,,nfl_0010,nfl_0011,35,11,0.6862,1.0,1,0.0985,0.3766
2017-12-31,2017,R,,nfl_0017,nfl_0020,26,6,0.8895,1.0,1,0.0122,0.117
2017-12-31,2017,R,,nfl_0019,nfl_0030,18,10,0.3908,1.0,0,0.3712,0.9397
2017-12-31,2017,R,,nfl_0002,nfl_0005,22,10,0.6231,1.0,1,0.142,0.473
2017-12-31,2017,R,,nfl_0015,nfl_0004,16,22,0.5324,0.0,0,0.2834,0.7601
2017-12-31,2017,R,,nfl_0003,nfl_0007,27,31,0.8081,0.0,0,0.6529,1.6505
2017-12-31,2017,R,,nfl_0025,nfl_0001,24,26,0.7528,0.0,0,0.5667,1.3974
2017-12-31,2017,R,,nfl_0009,nfl_0014,24,27,0.3354,0.0,1,0.1125,0.4085
2017-12-31,2017,R,,nfl_0029,nfl_0013,15,10,0.4337,1.0,0,0.3207,0.8354
2017-12-31,2017,R,,nfl_0028,nfl_0018,31,24,0.2624,1.0,0,0.544,1.3378
2017-12-31,2017,R,,nfl_0024,nfl_0021,30,10,0.7577,1.0,1,0.0587,0.2775
2017-12-31,2017,R,,nfl_0027,nfl_0026,13,34,0.8814,0.0,0,0.7769,2.1323
2018-01-06,2017,P,WC,nfl_0014,nfl_0029,21,22,0.7435,0.0,0,0.5528,1.3606
2018-01-06,2017,P,WC,nfl_0027,nfl_0002,13,26,0.613,0.0,0,0.3758,0.9493
2018-01-07,2017,P,WC,nfl_0013,nfl_0004,10,3,0.7392,1.0,1,0.068,0.3022
2018-01-07,2017,P,WC,nfl_0018,nfl_0005,31,26,0.7109,1.0,1,0.0836,0.3412
2018-01-13,2017,P,DV,nfl_0022,nfl_0002,15,10,0.6585,1.0,1,0.1166,0.4178
2018-01-13,2017,P,DV,nfl_0017,nfl_0029,35,14,0.8417,1.0,1,0.0251,0.1723
2018-01-14,2017,P,DV,nfl_0023,nfl_0013,42,45,0.7124,0.0,0,0.5075,1.2461
2018-01-14,2017,P,DV,nfl_0016,nfl_0018,29,24,0.646,1.0,1,0.1253,0.4369
2018-01-21,2017,P,CC,nfl_0017,nfl_0013,24,20,0.7381,1.0,1,0.0686,0.3037
2018-01-21,2017,P,CC,nfl_0022,nfl_0016,38,7,0.6064,1.0,1,0.1549,0.5003
2018-09-06,2018,R,,nfl_0022,nfl_0002,18,12,0.6359,1.0,1,0.1326,0.4527
2018-09-09,2018,R,,nfl_0003,nfl_0004,47,3,0.6485,1.0,1,0.1235,0.433
2018-09-09,2018,R,,nfl_0012,nfl_0007,23,34,0.5621,0.0,0,0.316,0.8258
2018-09-09,2018,R,,nfl_0031,nfl_0023,21,21,0.4377,0.5,0,0.0039,0.701
2018-09-09,2018,R,,nfl_0017,nfl_0032,27,20,0.7341,1.0,1,0.0707,0.3091
2018-09-09,2018,R,,nfl_0019,nfl_0013,15,20,0.489,0.0,1,0.2392,0.6715
2018-09-09,2018,R,,nfl_0015,nfl_0029,27,20,0.559,1.0,1,0.1945,0.5816
2018-09-09,2018,R,,nfl_0016,nfl_0026,24,16,0.6765,1.0,1,0.1047,0.3908
2018-09-09,2018,R,,nfl_0018,nfl_0028,40,48,0.684,0.0,0,0.4678,1.152
2018-09-09,2018,R,,nfl_0024,nfl_0014,28,38,0.5936,0.0,0,0.3523,0.9003
2018-09-09,2018,R,,nfl_0005,nfl_0008,16,8,0.6047,1.0,1,0.1563,0.503
2018-09-09,2018,R,,nfl_0001,nfl_0030,6,24,0.6043,0.0,0,0.3651,0.927
2018-09-09,2018,R,,nfl_0009,nfl_0025,27,24,0.5428,1.0,1,0.209,0.6109
2018-09-09,2018,R,,nfl_0011,nfl_0006,24,23,0.6039,1.0,1,0.1569,0.5043
2018-09-10,2018,R,,nfl_0010,nfl_0020,17,48,0.6593,0.0,0,0.4347,1.0767
2018-09-10,2018,R,,nfl_0021,nfl_0027,13,33,0.5333,0.0,0,0.2844,0.7621
2018-09-13,2018,R,,nfl_0007,nfl_0003,34,23,0.5194,1.0,1,0.2309,0.655
2018-09-16,2018,R,,nfl_0002,nfl_0005,31,24,0.6026,1.0,1,0.158,0.5066
2018-09-16,2018,R,,nfl_0004,nfl_0024,20,31,0.5351,0.0,0,0.2864,0.766
2018-09-16,2018,R,,nfl_0018,nfl_0031,21,18,0.7136,1.0,1,0.082,0.3374
2018-09-16,2018,R,,nfl_0030,nfl_0012,9,21,0.7277,0.0,0,0.5295,1.3009
2018-09-16,2018,R,,nfl_0011,nfl_0016,29,29,0.5085,0.5,0,0.0001,0.6933
2018-09-16,2018,R,,nfl_0029,nfl_0032,20,17,0.6433,1.0,1,0.1272,0.4411
2018-09-16,2018,R,,nfl_0023,nfl_0014,37,42,0.5745,0.0,0,0.33,0.8544
2018-09-16,2018,R,,nfl_0020,nfl_0015,12,20,0.6604,0.0,0,0.4361,1.08
2018-09-16,2018,R,,nfl_0028,nfl_0022,27,21,0.4997,1.0,0,0.2503,0.6937
2018-09-16,2018,R,,nfl_0027,nfl_0001,34,0,0.7475,1.0,1,0.0638,0.2911
2018-09-16,2018,R,,nfl_0026,nfl_0010,30,27,0.6406,1.0,1,0.1292,0.4454
2018-09-16,2018,R,,nfl_0009,nfl_0021,20,19,0.6669,1.0,1,0.111,0.4051
2018-09-16,2018,R,,nfl_0013,nfl_0017,31,20,0.5601,1.0,1,0.1935,0.5797
2018-09-16,2018,R,,nfl_0008,nfl_0019,20,13,0.6829,1.0,1,0.1005,0.3814
2018-09-17,2018,R,,nfl_0006,nfl_0025,24,17,0.5547,1.0,1,0.1983,0.5893
2018-09-20,2018,R,,nfl_0031,nfl_0020,21,17,0.4801,1.0,0,0.2703,0.7338
2018-09-23,2018,R,,nfl_0002,nfl_0018,37,43,0.6346,0.0,0,0.4027,1.0068
2018-09-23,2018,R,,nfl_0016,nfl_0004,6,27,0.7659,0.0,0,0.5865,1.4519
2018-09-23,2018,R,,nfl_0005,nfl_0007,31,21,0.5635,1.0,1,0.1905,0.5735
2018-09-23,2018,R,,nfl_0022,nfl_0012,20,16,0.7268,1.0,1,0.0747,0.3192
2018-09-23,2018,R,,nfl_0003,nfl_0009,27,14,0.6839,1.0,1,0.0999,0.38
2018-09-23,2018,R,,nfl_0030,nfl_0011,31,17,0.6092,1.0,1,0.1527,0.4956
2018-09-23,2018,R,,nfl_0032,nfl_0019,22,27,0.6274,0.0,0,0.3936,0.9871
2018-09-23,2018,R,,nfl_0013,nfl_0029,6,9,0.6996,0.0,0,0.4894,1.2026
2018-09-23,2018,R,,nfl_0014,nfl_0026,38,27,0.7287,1.0,1,0.0736,0.3165
2018-09-23,2018,R,,nfl_0015,nfl_0021,28,20,0.7063,1.0,1,0.0863,0.3477
2018-09-23,2018,R,,nfl_0027,nfl_0024,35,23,0.6999,1.0,1,0.0901,0.3568
2018-09-23,2018,R,,nfl_0001,nfl_0006,14,16,0.5113,0.0,0,0.2614,0.7159
2018-09-23,2018,R,,nfl_0025,nfl_0008,24,13,0.5592,1.0,1,0.1943,0.5813
2018-09-23,2018,R,,nfl_0010,nfl_0017,26,10,0.4382,1.0,0,0.3156,0.8251
2018-09-24,2018,R,,nfl_0028,nfl_0023,27,30,0.6097,0.0,0,0.3717,0.9408
2018-09-27,2018,R,,nfl_0027,nfl_0016,38,31,0.7369,1.0,1,0.0692,0.3053
2018-09-30,2018,R,,nfl_0002,nfl_0007,36,37,0.6146,0.0,0,0.3777,0.9535
2018-09-30,2018,R,,nfl_0011,nfl_0004,22,0,0.5929,1.0,1,0.1658,0.5228
2018-09-30,2018,R,,nfl_0006,nfl_0028,48,10,0.5866,1.0,1,0.1709,0.5335
2018-09-30,2018,R,,nfl_0012,nfl_0032,34,37,0.6463,0.0,0,0.4177,1.0394
2018-09-30,2018,R,,nfl_0008,nfl_0010,26,24,0.6272,1.0,1,0.1389,0.4664
2018-09-30,2018,R,,nfl_0013,nfl_0020,31,12,0.6699,1.0,1,0.109,0.4006
2018-09-30,2018,R,,nfl_0017,nfl_0015,38,7,0.5974,1.0,1,0.1621,0.5151
2018-09-30,2018,R,,nfl_0029,nfl_0022,26,23,0.5211,1.0,1,0.2293,0.6517
2018-09-30,2018,R,,nfl_0021,nfl_0031,45,42,0.578,1.0,1,0.1781,0.5482
2018-09-30,2018,R,,nfl_0001,nfl_0025,17,20,0.456,0.0,1,0.2079,0.6087
2018-09-30,2018,R,,nfl_0019,nfl_0018,18,33,0.4688,0.0,1,0.2198,0.6327
2018-09-30,2018,R,,nfl_0024,nfl_0026,29,27,0.6512,1.0,1,0.1217,0.429
2018-09-30,2018,R,,nfl_0023,nfl_0003,14,26,0.5595,0.0,0,0.313,0.8198
2018-10-01,2018,R,,nfl_0009,nfl_0014,23,27,0.4336,0.0,1,0.188,0.5685
2018-10-04,2018,R,,nfl_0017,nfl_0012,38,24,0.7536,1.0,1,0.0607,0.2829
2018-10-07,2018,R,,nfl_0005,nfl_0019,33,31,0.7751,1.0,1,0.0506,0.2548
2018-10-07,2018,R,,nfl_0023,nfl_0002,41,17,0.5883,1.0,1,0.1695,0.5305
2018-10-07,2018,R,,nfl_0004,nfl_0029,13,12,0.4901,1.0,0,0.26,0.7131
2018-10-07,2018,R,,nfl_0007,nfl_0015,27,17,0.6652,1.0,1,0.1121,0.4076
2018-10-07,2018,R,,nfl_0031,nfl_0003,12,9,0.3668,1.0,0,0.4009,1.0029
2018-10-07,2018,R,,nfl_0020,nfl_0009,34,16,0.623,1.0,1,0.1421,0.4732
2018-10-07,2018,R,,nfl_0010,nfl_0011,31,23,0.5578,1.0,1,0.1956,0.5838
2018-10-07,2018,R,,nfl_0014,nfl_0013,30,14,0.6378,1.0,1,0.1312,0.4497
2018-10-07,2018,R,,nfl_0024,nfl_0021,26,10,0.7068,1.0,1,0.086,0.347
2018-10-07,2018,R,,nfl_0026,nfl_0001,18,28,0.6896,0.0,0,0.4756,1.17
2018-10-07,2018,R,,nfl_0022,nfl_0016,21,23,0.6843,0.0,0,0.4683,1.1531
2018-10-07,2018,R,,nfl_0025,nfl_0027,31,33,0.4543,0.0,1,0.2064,0.6057
2018-10-07,2018,R,,nfl_0032,nfl_0008,19,16,0.5144,1.0,1,0.2358,0.6647
2018-10-08,2018,R,,nfl_0018,nfl_0030,43,19,0.6359,1.0,1,0.1326,0.4527
2018-10-11,2018,R,,nfl_0019,nfl_0022,13,34,0.412,0.0,1,0.1697,0.531
2018-10-14,2018,R,,nfl_0030,nfl_0005,23,17,0.5154,1.0,1,0.2349,0.6628
2018-10-14,2018,R,,nfl_0015,nfl_0006,31,28,0.4595,1.0,0,0.2921,0.7776
2018-10-14,2018,R,,nfl_0002,nfl_0028,34,29,0.5935,1.0,1,0.1653,0.5218
2018-10-14,2018,R,,nfl_0032,nfl_0004,20,13,0.5951,1.0,1,0.164,0.5191
2018-10-14,2018,R,,nfl_0007,nfl_0023,21,28,0.6082,0.0,0,0.3699,0.9369
2018-10-14,2018,R,,nfl_0031,nfl_0024,14,38,0.471,0.0,1,0.2218,0.6368
2018-10-14,2018,R,,nfl_0020,nfl_0012,42,34,0.6783,1.0,1,0.1035,0.3881
2018-10-14,2018,R,,nfl_0016,nfl_0001,27,17,0.7052,1.0,1,0.0869,0.3493
2018-10-14,2018,R,,nfl_0021,nfl_0025,3,27,0.4627,0.0,1,0.2141,0.6211
2018-10-14,2018,R,,nfl_0009,nfl_0027,20,23,0.3351,0.0,1,0.1123,0.4082
2018-10-14,2018,R,,nfl_0008,nfl_0013,40,7,0.5172,1.0,1,0.2331,0.6592
2018-10-14,2018,R,,nfl_0029,nfl_0003,0,21,0.4987,0.0,1,0.2487,0.6905
2018-10-14,2018,R,,nfl_0017,nfl_0014,43,40,0.5452,1.0,1,0.2068,0.6065
2018-10-15,2018,R,,nfl_0011,nfl_0026,33,30,0.6668,1.0,1,0.111,0.4052
2018-10-18,2018,R,,nfl_0001,nfl_0009,10,45,0.5811,0.0,0,0.3377,0.8701
2018-10-21,2018,R,,nfl_0024,nfl_0029,20,19,0.7165,1.0,1,0.0804,0.3333
2018-10-21,2018,R,,nfl_0022,nfl_0005,17,21,0.6786,0.0,0,0.4604,1.1349
2018-10-21,2018,R,,nfl_0006,nfl_0017,31,38,0.5249,0.0,0,0.2755,0.7442
2018-10-21,2018,R,,nfl_0015,nfl_0010,21,32,0.5596,0.0,0,0.3131,0.82
2018-10-21,2018,R,,nfl_0012,nfl_0004,37,5,0.5824,1.0,1,0.1744,0.5407
2018-10-21,2018,R,,nfl_0028,nfl_0031,26,23,0.6696,1.0,1,0.1092,0.4011
2018-10-21,2018,R,,nfl_0013,nfl_0032,7,20,0.6637,0.0,0,0.4405,1.0897
2018-10-21,2018,R,,nfl_0020,nfl_0016,17,37,0.5868,0.0,0,0.3443,0.8837
2018-10-21,2018,R,,nfl_0003,nfl_0018,23,24,0.6049,0.0,0,0.3658,0.9285
2018-10-21,2018,R,,nfl_0030,nfl_0008,20,17,0.554,1.0,1,0.1989,0.5906
2018-10-21,2018,R,,nfl_0026,nfl_0027,10,39,0.299,0.0,1,0.0894,0.3553
2018-10-21,2018,R,,nfl_0014,nfl_0007,45,10,0.7236,1.0,1,0.0764,0.3235
2018-10-22,2018,R,,nfl_0002,nfl_0019,23,20,0.7388,1.0,1,0.0683,0.3028
2018-10-25,2018,R,,nfl_0032,nfl_0015,42,23,0.6616,1.0,1,0.1145,0.4131
2018-10-28,2018,R,,nfl_0013,nfl_0022,18,24,0.4714,0.0,1,0.2222,0.6375
2018-10-28,2018,R,,nfl_0005,nfl_0003,36,21,0.5101,1.0,1,0.24,0.6732
2018-10-28,2018,R,,nfl_0006,nfl_0020,24,10,0.6682,1.0,1,0.1101,0.4031
2018-10-28,2018,R,,nfl_0010,nfl_0025,14,28,0.5184,0.0,0,0.2687,0.7307
2018-10-28,2018,R,,nfl_0007,nfl_0028,37,34,0.649,1.0,1,0.1232,0.4323
2018-10-28,2018,R,,nfl_0023,nfl_0031,33,18,0.8194,1.0,1,0.0326,0.1992
2018-10-28,2018,R,,nfl_0014,nfl_0009,30,23,0.7801,1.0,1,0.0483,0.2483
2018-10-28,2018,R,,nfl_0019,nfl_0030,13,20,0.4016,0.0,1,0.1613,0.5136
2018-10-28,2018,R,,nfl_0021,nfl_0012,28,42,0.52,0.0,0,0.2704,0.7339
2018-10-28,2018,R,,nfl_0027,nfl_0011,29,27,0.7835,1.0,1,0.0469,0.244
2018-10-28,2018,R,,nfl_0001,nfl_0026,18,15,0.5558,1.0,1,0.1973,0.5873
2018-10-28,2018,R,,nfl_0016,nfl_0018,20,30,0.5403,0.0,0,0.2919,0.7772
2018-10-29,2018,R,,nfl_0004,nfl_0017,6,25,0.3066,0.0,1,0.094,0.3662
2018-11-01,2018,R,,nfl_0026,nfl_0021,34,3,0.6457,1.0,1,0.1255,0.4375
2018-11-04,2018,R,,nfl_0030,nfl_0002,14,38,0.6015,0.0,0,0.3619,0.9202
2018-11-04,2018,R,,nfl_0005,nfl_0028,42,28,0.7498,1.0,1,0.0626,0.2879
2018-11-04,2018,R,,nfl_0016,nfl_0010,24,9,0.6747,1.0,1,0.1058,0.3935
2018-11-04,2018,R,,nfl_0003,nfl_0023,16,23,0.6133,0.0,0,0.3762,0.9502
2018-11-04,2018,R,,nfl_0004,nfl_0006,9,41,0.3683,0.0,1,0.1356,0.4593
2018-11-04,2018,R,,nfl_0031,nfl_0014,21,37,0.2508,0.0,1,0.0629,0.2887
2018-11-04,2018,R,,nfl_0015,nfl_0020,13,6,0.5799,1.0,1,0.1765,0.5449
2018-11-04,2018,R,,nfl_0025,nfl_0024,17,25,0.5707,0.0,0,0.3256,0.8455
2018-11-04,2018,R,,nfl_0009,nfl_0032,17,19,0.5428,0.0,0,0.2946,0.7826
2018-11-04,2018,R,,nfl_0018,nfl_0027,45,35,0.5485,1.0,1,0.2039,0.6006
2018-11-04,2018,R,,nfl_0017,nfl_0011,31,17,0.7725,1.0,1,0.0517,0.2581
2018-11-05,2018,R,,nfl_0008,nfl_0029,14,28,0.6722,0.0,0,0.4519,1.1154
2018-11-08,2018,R,,nfl_0023,nfl_0005,52,21,0.6227,1.0,1,0.1424,0.4737
2018-11-11,2018,R,,nfl_0031,nfl_0002,28,16,0.3569,1.0,0,0.4136,1.0302
2018-11-11,2018,R,,nfl_0006,nfl_0010,34,22,0.7333,1.0,1,0.0711,0.3102
2018-11-11,2018,R,,nfl_0007,nfl_0018,14,51,0.4325,0.0,1,0.1871,0.5665
2018-11-11,2018,R,,nfl_0012,nfl_0013,29,26,0.6463,1.0,1,0.1251,0.4364
2018-11-11,2018,R,,nfl_0014,nfl_0001,26,14,0.878,1.0,1,0.0149,0.1301
2018-11-11,2018,R,,nfl_0028,nfl_0030,3,16,0.54,0.0,0,0.2917,0.7766
2018-11-11,2018,R,,nfl_0020,nfl_0004,10,41,0.7183,0.0,0,0.516,1.267
2018-11-11,2018,R,,nfl_0029,nfl_0017,34,10,0.4067,1.0,0,0.352,0.8996
2018-11-11,2018,R,,nfl_0021,nfl_0024,6,20,0.2471,0.0,1,0.0611,0.2838
2018-11-11,2018,R,,nfl_0011,nfl_0015,31,12,0.6359,1.0,1,0.1325,0.4526
2018-11-11,2018,R,,nfl_0027,nfl_0025,36,31,0.7231,1.0,1,0.0767,0.3242
2018-11-11,2018,R,,nfl_0022,nfl_0008,20,27,0.7372,0.0,0,0.5435,1.3364
2018-11-12,2018,R,,nfl_0026,nfl_0019,23,27,0.6626,0.0,0,0.4391,1.0866
2018-11-15,2018,R,,nfl_0025,nfl_0011,27,24,0.6679,1.0,1,0.1103,0.4036
2018-11-18,2018,R,,nfl_0002,nfl_0008,19,22,0.611,0.0,0,0.3733,0.9442
2018-11-18,2018,R,,nfl_0010,nfl_0005,20,19,0.4506,1.0,0,0.3019,0.7973
2018-11-18,2018,R,,nfl_0003,nfl_0007,24,21,0.7533,1.0,1,0.0609,0.2833
2018-11-18,2018,R,,nfl_0012,nfl_0029,38,10,0.529,1.0,1,0.2218,0.6367
2018-11-18,2018,R,,nfl_0030,nfl_0032,21,23,0.5407,0.0,0,0.2923,0.778
2018-11-18,2018,R,,nfl_0013,nfl_0023,16,20,0.333,0.0,1,0.1109,0.405
2018-11-18,2018,R,,nfl_0019,nfl_0028,38,35,0.5511,1.0,1,0.2015,0.5958
2018-11-18,2018,R,,nfl_0001,nfl_0021,21,23,0.6743,0.0,0,0.4547,1.1218
2018-11-18,2018,R,,nfl_0024,nfl_0009,22,23,0.7393,0.0,0,0.5465,1.3443
2018-11-18,2018,R,,nfl_0018,nfl_0022,48,7,0.7694,1.0,1,0.0532,0.2621
2018-11-18,2018,R,,nfl_0006,nfl_0016,25,20,0.6016,1.0,1,0.1587,0.5082
2018-11-19,2018,R,,nfl_0027,nfl_0014,54,51,0.5836,1.0,1,0.1734,0.5386
2018-11-22,2018,R,,nfl_0010,nfl_0006,16,23,0.4121,0.0,1,0.1698,0.5312
2018-11-22,2018,R,,nfl_0008,nfl_0030,31,23,0.6471,1.0,1,0.1246,0.4353
2018-11-22,2018,R,,nfl_0018,nfl_0002,31,17,0.8258,1.0,1,0.0303,0.1914
2018-11-25,2018,R,,nfl_0004,nfl_0013,24,21,0.5995,1.0,1,0.1604,0.5117
2018-11-25,2018,R,,nfl_0005,nfl_0025,27,30,0.5821,0.0,0,0.3389,0.8726
2018-11-25,2018,R,,nfl_0007,nfl_0031,20,35,0.6423,0.0,0,0.4126,1.0282
2018-11-25,2018,R,,nfl_0020,nfl_0017,13,27,0.2887,0.0,1,0.0833,0.3406
2018-11-25,2018,R,,nfl_0022,nfl_0019,25,22,0.7656,1.0,1,0.0549,0.2671
2018-11-25,2018,R,,nfl_0003,nfl_0021,34,17,0.8609,1.0,1,0.0194,0.1498
2018-11-25,2018,R,,nfl_0028,nfl_0026,27,9,0.5716,1.0,1,0.1835,0.5593
2018-11-25,2018,R,,nfl_0024,nfl_0001,45,10,0.8585,1.0,1,0.02,0.1525
2018-11-25,2018,R,,nfl_0012,nfl_0015,27,24,0.7189,1.0,1,0.079,0.33
2018-11-25,2018,R,,nfl_0009,nfl_0023,24,17,0.38,1.0,0,0.3844,0.9676
2018-11-25,2018,R,,nfl_0016,nfl_0011,24,17,0.6703,1.0,1,0.1087,0.4001
2018-11-26,2018,R,,nfl_0032,nfl_0029,34,17,0.646,1.0,1,0.1253,0.4369
2018-11-29,2018,R,,nfl_0008,nfl_0018,13,10,0.3601,1.0,0,0.4095,1.0215
2018-12-02,2018,R,,nfl_0002,nfl_0003,16,26,0.5104,0.0,0,0.2605,0.7142
2018-12-02,2018,R,,nfl_0015,nfl_0004,21,17,0.5967,1.0,1,0.1627,0.5164
2018-12-02,2018,R,,nfl_0028,nfl_0005,24,17,0.4584,1.0,0,0.2933,0.7799
2018-12-02,2018,R,,nfl_0019,nfl_0006,30,27,0.2926,1.0,0,0.5005,1.229
2018-12-02,2018,R,,nfl_0007,nfl_0009,10,24,0.486,0.0,1,0.2362,0.6656
2018-12-02,2018,R,,nfl_0032,nfl_0031,29,13,0.7464,1.0,1,0.0643,0.2925
2018-12-02,2018,R,,nfl_0013,nfl_0012,6,0,0.4394,1.0,0,0.3143,0.8224
2018-12-02,2018,R,,nfl_0011,nfl_0001,17,20,0.7672,0.0,0,0.5886,1.4577
2018-12-02,2018,R,,nfl_0010,nfl_0027,16,30,0.2932,0.0,1,0.086,0.3471
2018-12-02,2018,R,,nfl_0021,nfl_0014,33,40,0.154,0.0,1,0.0237,0.1673
2018-12-02,2018,R,,nfl_0029,nfl_0020,26,22,0.7539,1.0,1,0.0606,0.2825
2018-12-02,2018,R,,nfl_0017,nfl_0016,24,10,0.6769,1.0,1,0.1044,0.3903
2018-12-02,2018,R,,nfl_0025,nfl_0026,43,16,0.8184,1.0,1,0.033,0.2004
2018-12-02,2018,R,,nfl_0023,nfl_0024,30,33,0.627,0.0,0,0.3931,0.9862
2018-12-03,2018,R,,nfl_0022,nfl_0030,28,13,0.6552,1.0,1,0.1189,0.4228
2018-12-06,2018,R,,nfl_0029,nfl_0013,30,9,0.6588,1.0,1,0.1164,0.4173
2018-12-09,2018,R,,nfl_0011,nfl_0002,34,20,0.5697,1.0,1,0.1852,0.5627
2018-12-09,2018,R,,nfl_0004,nfl_0020,23,27,0.6822,0.0,0,0.4654,1.1464
2018-12-09,2018,R,,nfl_0031,nfl_0005,26,20,0.4827,1.0,0,0.2676,0.7283
2018-12-09,2018,R,,nfl_0032,nfl_0012,21,24,0.6644,0.0,0,0.4415,1.092
2018-12-09,2018,R,,nfl_0014,nfl_0003,27,24,0.6945,1.0,1,0.0933,0.3646
2018-12-09,2018,R,,nfl_0015,nfl_0017,34,33,0.3257,1.0,0,0.4547,1.1219
2018-12-09,2018,R,,nfl_0028,nfl_0018,14,28,0.2479,0.0,1,0.0615,0.2849
2018-12-09,2018,R,,nfl_0030,nfl_0019,16,40,0.686,0.0,0,0.4707,1.1585
2018-12-09,2018,R,,nfl_0024,nfl_0007,26,21,0.8432,1.0,1,0.0246,0.1706
2018-12-09,2018,R,,nfl_0026,nfl_0009,20,14,0.3691,1.0,0,0.398,0.9966
2018-12-09,2018,R,,nfl_0001,nfl_0010,3,17,0.4929,0.0,1,0.243,0.6791
2018-12-09,2018,R,,nfl_0008,nfl_0022,29,23,0.6216,1.0,1,0.1432,0.4755
2018-12-09,2018,R,,nfl_0021,nfl_0023,24,21,0.214,1.0,0,0.6178,1.5416
2018-12-09,2018,R,,nfl_0006,nfl_0027,15,6,0.4893,1.0,0,0.2608,0.7148
2018-12-10,2018,R,,nfl_0025,nfl_0016,21,7,0.6521,1.0,1,0.121,0.4275
2018-12-13,2018,R,,nfl_0014,nfl_0024,28,29,0.6642,0.0,0,0.4411,1.0911
2018-12-15,2018,R,,nfl_0020,nfl_0032,22,29,0.3351,0.0,1,0.1123,0.4081
2018-12-15,2018,R,,nfl_0009,nfl_0031,16,17,0.6908,0.0,0,0.4772,1.1739
2018-12-16,2018,R,,nfl_0002,nfl_0001,40,14,0.7619,1.0,1,0.0567,0.272
2018-12-16,2018,R,,nfl_0004,nfl_0010,14,13,0.5146,1.0,1,0.2356,0.6643
2018-12-16,2018,R,,nfl_0006,nfl_0011,24,17,0.766,1.0,1,0.0548,0.2666
2018-12-16,2018,R,,nfl_0007,nfl_0021,30,16,0.693,1.0,1,0.0943,0.3668
2018-12-16,2018,R,,nfl_0012,nfl_0008,23,0,0.5683,1.0,1,0.1864,0.5652
2018-12-16,2018,R,,nfl_0013,nfl_0030,13,16,0.6235,0.0,0,0.3888,0.9768
2018-12-16,2018,R,,nfl_0016,nfl_0015,41,17,0.7038,1.0,1,0.0877,0.3512
2018-12-16,2018,R,,nfl_0019,nfl_0029,0,17,0.4997,0.0,1,0.2497,0.6926
2018-12-16,2018,R,,nfl_0003,nfl_0028,20,12,0.7849,1.0,1,0.0463,0.2422
2018-12-16,2018,R,,nfl_0026,nfl_0025,26,23,0.3091,1.0,0,0.4773,1.174
2018-12-16,2018,R,,nfl_0023,nfl_0017,17,10,0.5705,1.0,1,0.1845,0.5613
2018-12-16,2018,R,,nfl_0027,nfl_0022,23,30,0.7476,0.0,0,0.5589,1.3767
2018-12-17,2018,R,,nfl_0005,nfl_0018,9,12,0.2991,0.0,1,0.0895,0.3554
2018-12-22,2018,R,,nfl_0029,nfl_0030,25,16,0.7434,1.0,1,0.0659,0.2966
2018-12-22,2018,R,,nfl_0024,nfl_0003,10,22,0.6601,0.0,0,0.4358,1.0792
2018-12-23,2018,R,,nfl_0005,nfl_0002,10,24,0.6112,0.0,0,0.3735,0.9446
2018-12-23,2018,R,,nfl_0017,nfl_0004,24,12,0.83,1.0,1,0.0289,0.1863
2018-12-23,2018,R,,nfl_0031,nfl_0007,26,18,0.6679,1.0,1,0.1103,0.4036
2018-12-23,2018,R,,nfl_0012,nfl_0019,28,27,0.7819,1.0,1,0.0476,0.246
2018-12-23,2018,R,,nfl_0008,nfl_0028,27,20,0.7398,1.0,1,0.0677,0.3014
2018-12-23,2018,R,,nfl_0010,nfl_0016,9,27,0.4676,0.0,1,0.2186,0.6303
2018-12-23,2018,R,,nfl_0020,nfl_0011,38,44,0.447,0.0,1,0.1998,0.5924
2018-12-23,2018,R,,nfl_0022,nfl_0032,32,30,0.5872,1.0,1,0.1704,0.5325
2018-12-23,2018,R,,nfl_0015,nfl_0013,7,17,0.6145,0.0,0,0.3776,0.9532
2018-12-23,2018,R,,nfl_0026,nfl_0006,9,14,0.28,0.0,1,0.0784,0.3285
2018-12-23,2018,R,,nfl_0001,nfl_0027,9,31,0.1932,0.0,1,0.0373,0.2146
2018-12-23,2018,R,,nfl_0018,nfl_0023,31,28,0.7385,1.0,1,0.0684,0.3031
2018-12-23,2018,R,,nfl_0025,nfl_0014,38,31,0.4912,1.0,0,0.2589,0.7109
2018-12-24,2018,R,,nfl_0021,nfl_0009,27,14,0.3303,1.0,0,0.4485,1.1078
2018-12-30,2018,R,,nfl_0028,nfl_0002,32,34,0.4754,0.0,1,0.226,0.6452
2018-12-30,2018,R,,nfl_0004,nfl_0015,42,17,0.5986,1.0,1,0.1611,0.5132
2018-12-30,2018,R,,nfl_0018,nfl_0005,14,33,0.8768,0.0,0,0.7688,2.0942
2018-12-30,2018,R,,nfl_0019,nfl_0008,35,36,0.4211,0.0,1,0.1773,0.5466
2018-12-30,2018,R,,nfl_0011,nfl_0010,0,31,0.6822,0.0,0,0.4654,1.1463
2018-12-30,2018,R,,nfl_0032,nfl_0013,20,3,0.758,1.0,1,0.0586,0.2771
2018-12-30,2018,R,,nfl_0017,nfl_0020,38,3,0.8715,1.0,1,0.0165,0.1375
2018-12-30,2018,R,,nfl_0016,nfl_0006,10,24,0.5195,0.0,0,0.2699,0.733
2018-12-30,2018,R,,nfl_0023,nfl_0007,16,13,0.8332,1.0,1,0.0278,0.1825
2018-12-30,2018,R,,nfl_0003,nfl_0031,26,24,0.7967,1.0,1,0.0413,0.2272
2018-12-30,2018,R,,nfl_0025,nfl_0001,27,24,0.8921,1.0,1,0.0116,0.1142
2018-12-30,2018,R,,nfl_0009,nfl_0024,9,23,0.4025,0.0,1,0.162,0.5149
2018-12-30,2018,R,,nfl_0014,nfl_0021,35,3,0.8993,1.0,1,0.0101,0.1061
2018-12-30,2018,R,,nfl_0030,nfl_0022,0,24,0.3949,0.0,1,0.156,0.5024
2018-12-30,2018,R,,nfl_0027,nfl_0026,48,32,0.8757,1.0,1,0.0155,0.1327
2018-12-30,2018,R,,nfl_0029,nfl_0012,17,33,0.5742,0.0,0,0.3297,0.8537
2019-01-05,2018,P,WC,nfl_0032,nfl_0012,7,21,0.5567,0.0,0,0.3099,0.8135
2019-01-05,2018,P,WC,nfl_0008,nfl_0025,24,22,0.5326,1.0,1,0.2185,0.63
2019-01-06,2018,P,WC,nfl_0003,nfl_0024,17,23,0.6066,0.0,0,0.368,0.933
2019-01-06,2018,P,WC,nfl_0006,nfl_0022,15,16,0.6778,0.0,0,0.4594,1.1325
2019-01-12,2018,P,DV,nfl_0014,nfl_0012,31,13,0.6504,1.0,1,0.1222,0.4302
2019-01-12,2018,P,DV,nfl_0027,nfl_0008,30,22,0.7469,1.0,1,0.064,0.2918
2019-01-13,2018,P,DV,nfl_0017,nfl_0024,41,28,0.6069,1.0,1,0.1545,0.4993
2019-01-13,2018,P,DV,nfl_0018,nfl_0022,20,14,0.7261,1.0,1,0.075,0.3201
2019-01-20,2018,P,CC,nfl_0018,nfl_0027,23,26,0.6316,0.0,0,0.3989,0.9985
2019-01-20,2018,P,CC,nfl_0014,nfl_0017,31,37,0.651,0.0,0,0.4238,1.0526
2019-09-05,2019,R,,nfl_0006,nfl_0011,3,10,0.6893,0.0,0,0.4751,1.1689
2019-09-08,2019,R,,nfl_0016,nfl_0002,28,12,0.6125,1.0,1,0.1502,0.4902
2019-09-08,2019,R,,nfl_0020,nfl_0004,16,17,0.5666,0.0,0,0.321,0.8361
2019-09-08,2019,R,,nfl_0005,nfl_0027,27,30,0.5304,0.0,0,0.2813,0.7558
2019-09-08,2019,R,,nfl_0031,nfl_0029,13,43,0.5787,0.0,0,0.3349,0.8644
2019-09-08,2019,R,,nfl_0013,nfl_0014,26,40,0.5025,0.0,0,0.2525,0.6982
2019-09-08,2019,R,,nfl_0015,nfl_0003,10,59,0.4989,0.0,1,0.2489,0.691
2019-09-08,2019,R,,nfl_0022,nfl_0030,32,27,0.684,1.0,1,0.0999,0.3798
2019-09-08,2019,R,,nfl_0025,nfl_0007,21,20,0.6813,1.0,1,0.1016,0.3837
2019-09-08,2019,R,,nfl_0024,nfl_0012,30,24,0.605,1.0,1,0.156,0.5026
2019-09-08,2019,R,,nfl_0001,nfl_0010,27,27,0.527,0.5,0,0.0007,0.6946
2019-09-08,2019,R,,nfl_0008,nfl_0019,35,17,0.6581,1.0,1,0.1169,0.4184
2019-09-08,2019,R,,nfl_0028,nfl_0026,17,31,0.6179,0.0,0,0.3818,0.9621
2019-09-08,2019,R,,nfl_0017,nfl_0023,33,3,0.6239,1.0,1,0.1415,0.4718
2019-09-09,2019,R,,nfl_0018,nfl_0032,30,28,0.6566,1.0,1,0.1179,0.4207
2019-09-09,2019,R,,nfl_0021,nfl_0009,24,16,0.5523,1.0,1,0.2005,0.5937
2019-09-12,2019,R,,nfl_0005,nfl_0028,14,20,0.67,0.0,0,0.4488,1.1085
2019-09-15,2019,R,,nfl_0019,nfl_0004,14,28,0.5449,0.0,0,0.2969,0.7871
2019-09-15,2019,R,,nfl_0007,nfl_0026,17,41,0.5509,0.0,0,0.3035,0.8006
2019-09-15,2019,R,,nfl_0029,nfl_0012,17,19,0.6535,0.0,0,0.4271,1.06
2019-09-15,2019,R,,nfl_0003,nfl_0001,23,17,0.7921,1.0,1,0.0432,0.2331
2019-09-15,2019,R,,nfl_0030,nfl_0008,21,31,0.4823,0.0,1,0.2326,0.6583
2019-09-15,2019,R,,nfl_0010,nfl_0024,13,10,0.5289,1.0,1,0.2219,0.637
2019-09-15,2019,R,,nfl_0011,nfl_0016,21,16,0.5636,1.0,1,0.1904,0.5734
2019-09-15,2019,R,,nfl_0032,nfl_0013,13,12,0.6705,1.0,1,0.1086,0.3997
2019-09-15,2019,R,,nfl_0015,nfl_0017,0,43,0.3304,0.0,1,0.1092,0.4011
2019-09-15,2019,R,,nfl_0023,nfl_0025,26,28,0.5473,0.0,0,0.2996,0.7926
2019-09-15,2019,R,,nfl_0021,nfl_0014,10,28,0.4437,0.0,1,0.1968,0.5864
2019-09-15,2019,R,,nfl_0009,nfl_0006,14,16,0.5228,0.0,0,0.2734,0.7399
2019-09-15,2019,R,,nfl_0027,nfl_0018,27,9,0.617,1.0,1,0.1467,0.4829
2019-09-15,2019,R,,nfl_0002,nfl_0022,24,20,0.5175,1.0,1,0.2328,0.6588
2019-09-16,2019,R,,nfl_0020,nfl_0031,3,23,0.6163,0.0,0,0.3798,0.9579
2019-09-19,2019,R,,nfl_0013,nfl_0029,20,7,0.4519,1.0,0,0.3004,0.7943
2019-09-22,2019,R,,nfl_0012,nfl_0002,27,24,0.6633,1.0,1,0.1133,0.4105
2019-09-22,2019,R,,nfl_0004,nfl_0007,21,17,0.7309,1.0,1,0.0724,0.3135
2019-09-22,2019,R,,nfl_0008,nfl_0015,31,6,0.8391,1.0,1,0.0259,0.1755
2019-09-22,2019,R,,nfl_0011,nfl_0009,27,16,0.6884,1.0,1,0.0971,0.3734
2019-09-22,2019,R,,nfl_0022,nfl_0010,24,27,0.6315,0.0,0,0.3988,0.9984
2019-09-22,2019,R,,nfl_0014,nfl_0003,33,28,0.6009,1.0,1,0.1593,0.5093
2019-09-22,2019,R,,nfl_0016,nfl_0021,34,14,0.7116,1.0,1,0.0832,0.3402
2019-09-22,2019,R,,nfl_0017,nfl_0020,30,14,0.856,1.0,1,0.0207,0.1555
2019-09-22,2019,R,,nfl_0001,nfl_0005,20,38,0.5528,0.0,0,0.3056,0.8048
2019-09-22,2019,R,,nfl_0028,nfl_0019,31,32,0.6695,0.0,0,0.4483,1.1073
2019-09-22,2019,R,,nfl_0024,nfl_0032,20,27,0.6333,0.0,0,0.4011,1.0033
2019-09-22,2019,R,,nfl_0025,nfl_0018,27,33,0.6168,0.0,0,0.3804,0.9592
2019-09-22,2019,R,,nfl_0026,nfl_0023,24,20,0.6819,1.0,1,0.1012,0.3829
2019-09-22,2019,R,,nfl_0031,nfl_0027,13,20,0.4282,0.0,1,0.1834,0.559
2019-09-23,2019,R,,nfl_0030,nfl_0006,15,31,0.4702,0.0,1,0.2211,0.6352
2019-09-26,2019,R,,nfl_0011,nfl_0022,27,34,0.6329,0.0,0,0.4005,1.0021
2019-09-29,2019,R,,nfl_0002,nfl_0029,10,24,0.5508,0.0,0,0.3033,0.8002
2019-09-29,2019,R,,nfl_0004,nfl_0017,10,16,0.4475,0.0,1,0.2002,0.5933
2019-09-29,2019,R,,nfl_0032,nfl_0005,10,16,0.6495,0.0,0,0.4218,1.0483
2019-09-29,2019,R,,nfl_0003,nfl_0031,25,40,0.7652,0.0,0,0.5856,1.4491
2019-09-29,2019,R,,nfl_0012,nfl_0021,24,31,0.7607,0.0,0,0.5787,1.4301
2019-09-29,2019,R,,nfl_0010,nfl_0014,30,34,0.463,0.0,1,0.2144,0.6218
2019-09-29,2019,R,,nfl_0015,nfl_0024,10,30,0.3585,0.0,1,0.1285,0.4439
2019-09-29,2019,R,,nfl_0019,nfl_0030,24,3,0.6426,1.0,1,0.1277,0.4422
2019-09-29,2019,R,,nfl_0001,nfl_0025,10,27,0.4222,0.0,1,0.1783,0.5486
2019-09-29,2019,R,,nfl_0027,nfl_0028,40,55,0.788,0.0,0,0.621,1.5513
2019-09-29,2019,R,,nfl_0006,nfl_0016,16,6,0.6088,1.0,1,0.153,0.4962
2019-09-29,2019,R,,nfl_0009,nfl_0013,24,26,0.5478,0.0,0,0.3001,0.7936
2019-09-29,2019,R,,nfl_0018,nfl_0008,12,10,0.5731,1.0,1,0.1822,0.5566
2019-09-30,2019,R,,nfl_0023,nfl_0007,27,3,0.6862,1.0,1,0.0985,0.3766
2019-10-03,2019,R,,nfl_0025,nfl_0027,30,29,0.5831,1.0,1,0.1738,0.5395
2019-10-06,2019,R,,nfl_0022,nfl_0020,31,6,0.7747,1.0,1,0.0508,0.2553
2019-10-06,2019,R,,nfl_0032,nfl_0002,53,32,0.6793,1.0,1,0.1028,0.3867
2019-10-06,2019,R,,nfl_0029,nfl_0004,7,14,0.6505,0.0,0,0.4232,1.0513
2019-10-06,2019,R,,nfl_0005,nfl_0013,34,27,0.6529,1.0,1,0.1205,0.4263
2019-10-06,2019,R,,nfl_0021,nfl_0006,24,21,0.4191,1.0,0,0.3375,0.8697
2019-10-06,2019,R,,nfl_0007,nfl_0001,23,26,0.6127,0.0,0,0.3755,0.9487
2019-10-06,2019,R,,nfl_0019,nfl_0016,10,28,0.5105,0.0,0,0.2606,0.7144
2019-10-06,2019,R,,nfl_0018,nfl_0028,31,24,0.6962,1.0,1,0.0923,0.3621
2019-10-06,2019,R,,nfl_0030,nfl_0017,7,33,0.2382,0.0,1,0.0567,0.272
2019-10-06,2019,R,,nfl_0023,nfl_0003,23,26,0.5266,0.0,0,0.2773,0.7478
2019-10-06,2019,R,,nfl_0024,nfl_0009,13,20,0.7358,0.0,0,0.5414,1.3311
2019-10-06,2019,R,,nfl_0008,nfl_0011,24,34,0.6691,0.0,0,0.4477,1.106
2019-10-06,2019,R,,nfl_0014,nfl_0012,13,19,0.739,0.0,0,0.5461,1.3431
2019-10-07,2019,R,,nfl_0026,nfl_0031,31,3,0.6925,1.0,1,0.0946,0.3675
2019-10-10,2019,R,,nfl_0017,nfl_0019,35,14,0.8583,1.0,1,0.0201,0.1528
2019-10-13,2019,R,,nfl_0028,nfl_0005,26,37,0.5273,0.0,0,0.2781,0.7493
2019-10-13,2019,R,,nfl_0015,nfl_0030,16,17,0.5733,0.0,0,0.3287,0.8518
2019-10-13,2019,R,,nfl_0003,nfl_0007,23,17,0.8187,1.0,1,0.0329,0.2001
2019-10-13,2019,R,,nfl_0031,nfl_0025,28,32,0.4817,0.0,1,0.232,0.6572
2019-10-13,2019,R,,nfl_0014,nfl_0032,24,31,0.6952,0.0,0,0.4833,1.1882
2019-10-13,2019,R,,nfl_0013,nfl_0018,6,13,0.4534,0.0,1,0.2056,0.6041
2019-10-13,2019,R,,nfl_0016,nfl_0022,38,20,0.6079,1.0,1,0.1538,0.4978
2019-10-13,2019,R,,nfl_0001,nfl_0002,34,33,0.5326,1.0,1,0.2185,0.6301
2019-10-13,2019,R,,nfl_0027,nfl_0026,7,20,0.5799,0.0,0,0.3363,0.8673
2019-10-13,2019,R,,nfl_0020,nfl_0008,24,22,0.3643,1.0,0,0.4041,1.0097
2019-10-13,2019,R,,nfl_0009,nfl_0029,16,0,0.5063,1.0,1,0.2437,0.6806
2019-10-13,2019,R,,nfl_0024,nfl_0023,17,24,0.6222,0.0,0,0.3872,0.9735
2019-10-14,2019,R,,nfl_0011,nfl_0010,23,22,0.6113,1.0,1,0.1511,0.4922
2019-10-17,2019,R,,nfl_0009,nfl_0014,6,30,0.4602,0.0,1,0.2118,0.6166
2019-10-20,2019,R,,nfl_0004,nfl_0015,31,21,0.8661,1.0,1,0.0179,0.1437
2019-10-20,2019,R,,nfl_0012,nfl_0032,30,23,0.614,1.0,1,0.149,0.4878
2019-10-20,2019,R,,nfl_0010,nfl_0016,30,42,0.481,0.0,1,0.2313,0.6558
2019-10-20,2019,R,,nfl_0030,nfl_0026,0,9,0.2721,0.0,1,0.074,0.3176
2019-10-20,2019,R,,nfl_0002,nfl_0027,10,37,0.4628,0.0,1,0.2142,0.6214
2019-10-20,2019,R,,nfl_0007,nfl_0013,17,27,0.4687,0.0,1,0.2197,0.6325
2019-10-20,2019,R,,nfl_0019,nfl_0001,21,27,0.6448,0.0,0,0.4157,1.0349
2019-10-20,2019,R,,nfl_0011,nfl_0021,42,24,0.6889,1.0,1,0.0968,0.3727
2019-10-20,2019,R,,nfl_0029,nfl_0024,23,20,0.6166,1.0,1,0.147,0.4835
2019-10-20,2019,R,,nfl_0006,nfl_0018,25,36,0.5934,0.0,0,0.3521,0.9
2019-10-20,2019,R,,nfl_0025,nfl_0003,16,30,0.6114,0.0,0,0.3738,0.9452
2019-10-20,2019,R,,nfl_0008,nfl_0022,37,10,0.6036,1.0,1,0.1571,0.5049
2019-10-21,2019,R,,nfl_0020,nfl_0017,0,33,0.2117,0.0,1,0.0448,0.2378
2019-10-24,2019,R,,nfl_0016,nfl_0030,19,9,0.8618,1.0,1,0.0191,0.1488
2019-10-27,2019,R,,nfl_0004,nfl_0022,13,31,0.6706,0.0,0,0.4496,1.1103
2019-10-27,2019,R,,nfl_0006,nfl_0024,16,17,0.6786,0.0,0,0.4605,1.1352
2019-10-27,2019,R,,nfl_0012,nfl_0009,15,13,0.7373,1.0,1,0.069,0.3048
2019-10-27,2019,R,,nfl_0010,nfl_0019,31,26,0.7061,1.0,1,0.0864,0.348
2019-10-27,2019,R,,nfl_0002,nfl_0025,20,27,0.3898,0.0,1,0.1519,0.494
2019-10-27,2019,R,,nfl_0027,nfl_0007,24,10,0.8406,1.0,1,0.0254,0.1737
2019-10-27,2019,R,,nfl_0018,nfl_0001,31,9,0.8315,1.0,1,0.0284,0.1845
2019-10-27,2019,R,,nfl_0013,nfl_0020,29,15,0.7512,1.0,1,0.0619,0.286
2019-10-27,2019,R,,nfl_0029,nfl_0028,27,23,0.6369,1.0,1,0.1318,0.4511
2019-10-27,2019,R,,nfl_0026,nfl_0005,51,13,0.6528,1.0,1,0.1206,0.4265
2019-10-27,2019,R,,nfl_0017,nfl_0031,27,13,0.8289,1.0,1,0.0293,0.1876
2019-10-27,2019,R,,nfl_0032,nfl_0021,27,24,0.7368,1.0,1,0.0693,0.3054
2019-10-27,2019,R,,nfl_0014,nfl_0011,24,31,0.6829,0.0,0,0.4663,1.1485
2019-10-28,2019,R,,nfl_0023,nfl_0015,27,14,0.8564,1.0,1,0.0206,0.155
2019-10-31,2019,R,,nfl_0001,nfl_0026,25,28,0.2571,0.0,1,0.0661,0.2972
2019-11-03,2019,R,,nfl_0013,nfl_0032,3,26,0.5133,0.0,0,0.2635,0.7201
2019-11-03,2019,R,,nfl_0004,nfl_0030,24,9,0.7698,1.0,1,0.053,0.2616
2019-11-03,2019,R,,nfl_0005,nfl_0029,30,20,0.6167,1.0,1,0.1469,0.4834
2019-11-03,2019,R,,nfl_0022,nfl_0006,22,14,0.6107,1.0,1,0.1516,0.4932
2019-11-03,2019,R,,nfl_0023,nfl_0012,26,24,0.5309,1.0,1,0.22,0.6331
2019-11-03,2019,R,,nfl_0015,nfl_0020,26,18,0.5146,1.0,1,0.2356,0.6644
2019-11-03,2019,R,,nfl_0014,nfl_0016,26,23,0.5764,1.0,1,0.1794,0.5509
2019-11-03,2019,R,,nfl_0021,nfl_0010,31,24,0.528,1.0,1,0.2228,0.6386
2019-11-03,2019,R,,nfl_0025,nfl_0028,40,34,0.7355,1.0,1,0.0699,0.3072
2019-11-03,2019,R,,nfl_0009,nfl_0031,24,19,0.5769,1.0,1,0.179,0.55
2019-11-03,2019,R,,nfl_0024,nfl_0011,26,11,0.4565,1.0,0,0.2954,0.7841
2019-11-03,2019,R,,nfl_0003,nfl_0017,37,20,0.487,1.0,0,0.2632,0.7196
2019-11-04,2019,R,,nfl_0019,nfl_0008,18,37,0.3241,0.0,1,0.1051,0.3918
2019-11-07,2019,R,,nfl_0021,nfl_0024,26,24,0.51,1.0,1,0.2401,0.6733
2019-11-10,2019,R,,nfl_0018,nfl_0002,9,26,0.8662,0.0,0,0.7502,2.0111
2019-11-10,2019,R,,nfl_0031,nfl_0004,19,16,0.5142,1.0,1,0.236,0.6652
2019-11-10,2019,R,,nfl_0006,nfl_0010,20,13,0.653,1.0,1,0.1204,0.4261
2019-11-10,2019,R,,nfl_0007,nfl_0003,13,49,0.2471,0.0,1,0.0611,0.2838
2019-11-10,2019,R,,nfl_0028,nfl_0001,30,27,0.6517,1.0,1,0.1213,0.4282
2019-11-10,2019,R,,nfl_0029,nfl_0014,35,32,0.4443,1.0,0,0.3087,0.8111
2019-11-10,2019,R,,nfl_0020,nfl_0019,34,27,0.5571,1.0,1,0.1961,0.5849
2019-11-10,2019,R,,nfl_0012,nfl_0015,12,16,0.8597,0.0,0,0.7391,1.9639
2019-11-10,2019,R,,nfl_0011,nfl_0005,24,16,0.6309,1.0,1,0.1362,0.4605
2019-11-10,2019,R,,nfl_0023,nfl_0027,17,12,0.5146,1.0,1,0.2356,0.6643
2019-11-10,2019,R,,nfl_0008,nfl_0016,24,28,0.5709,0.0,0,0.3259,0.8461
2019-11-11,2019,R,,nfl_0026,nfl_0025,24,27,0.7445,0.0,0,0.5543,1.3645
2019-11-14,2019,R,,nfl_0031,nfl_0023,21,7,0.4817,1.0,0,0.2686,0.7304
2019-11-17,2019,R,,nfl_0005,nfl_0002,3,29,0.7312,0.0,0,0.5347,1.3139
2019-11-17,2019,R,,nfl_0015,nfl_0004,20,37,0.366,0.0,1,0.1339,0.4557
2019-11-17,2019,R,,nfl_0012,nfl_0013,33,13,0.6876,1.0,1,0.0976,0.3746
2019-11-17,2019,R,,nfl_0010,nfl_0008,27,35,0.4405,0.0,1,0.1941,0.5808
2019-11-17,2019,R,,nfl_0016,nfl_0009,27,23,0.7697,1.0,1,0.053,0.2617
2019-11-17,2019,R,,nfl_0003,nfl_0032,41,7,0.6476,1.0,1,0.1242,0.4345
2019-11-17,2019,R,,nfl_0028,nfl_0018,17,34,0.4124,0.0,1,0.1701,0.5318
2019-11-17,2019,R,,nfl_0030,nfl_0020,17,34,0.6333,0.0,0,0.4011,1.0033
2019-11-17,2019,R,,nfl_0026,nfl_0001,36,26,0.869,1.0,1,0.0172,0.1404
2019-11-17,2019,R,,nfl_0021,nfl_0007,17,10,0.783,1.0,1,0.0471,0.2447
2019-11-17,2019,R,,nfl_0022,nfl_0017,10,17,0.4166,0.0,1,0.1735,0.5388
2019-11-17,2019,R,,nfl_0027,nfl_0006,17,7,0.6479,1.0,1,0.124,0.434
2019-11-18,2019,R,,nfl_0024,nfl_0014,17,24,0.4786,0.0,1,0.2291,0.6512
2019-11-21,2019,R,,nfl_0032,nfl_0012,20,17,0.6018,1.0,1,0.1586,0.5078
2019-11-24,2019,R,,nfl_0002,nfl_0028,22,35,0.6826,0.0,0,0.466,1.1477
2019-11-24,2019,R,,nfl_0004,nfl_0009,20,3,0.6954,1.0,1,0.0928,0.3632
2019-11-24,2019,R,,nfl_0018,nfl_0005,34,31,0.7708,1.0,1,0.0525,0.2603
2019-11-24,2019,R,,nfl_0006,nfl_0019,19,14,0.7598,1.0,1,0.0577,0.2746
2019-11-24,2019,R,,nfl_0007,nfl_0023,10,16,0.306,0.0,1,0.0936,0.3653
2019-11-24,2019,R,,nfl_0031,nfl_0015,41,24,0.8117,1.0,1,0.0355,0.2087
2019-11-24,2019,R,,nfl_0030,nfl_0010,19,16,0.4102,1.0,0,0.3479,0.8912
2019-11-24,2019,R,,nfl_0020,nfl_0021,34,3,0.4833,1.0,0,0.267,0.7272
2019-11-24,2019,R,,nfl_0022,nfl_0025,9,17,0.5145,0.0,0,0.2647,0.7225
2019-11-24,2019,R,,nfl_0029,nfl_0013,42,20,0.7357,1.0,1,0.0698,0.3069
2019-11-24,2019,R,,nfl_0017,nfl_0008,13,9,0.7302,1.0,1,0.0728,0.3145
2019-11-24,2019,R,,nfl_0026,nfl_0011,37,8,0.6794,1.0,1,0.1028,0.3865
2019-11-25,2019,R,,nfl_0027,nfl_0003,6,45,0.4414,0.0,1,0.1948,0.5823
2019-11-28,2019,R,,nfl_0010,nfl_0006,20,24,0.4856,0.0,1,0.2358,0.6648
2019-11-28,2019,R,,nfl_0008,nfl_0004,15,26,0.6578,0.0,0,0.4327,1.0724
2019-11-28,2019,R,,nfl_0002,nfl_0018,18,26,0.374,0.0,1,0.1399,0.4684
2019-12-01,2019,R,,nfl_0005,nfl_0030,21,29,0.775,0.0,0,0.6006,1.4917
2019-12-01,2019,R,,nfl_0007,nfl_0020,22,6,0.4216,1.0,0,0.3345,0.8637
2019-12-01,2019,R,,nfl_0023,nfl_0031,20,13,0.6402,1.0,1,0.1295,0.446
2019-12-01,2019,R,,nfl_0012,nfl_0029,17,31,0.6387,0.0,0,0.408,1.0182
2019-12-01,2019,R,,nfl_0019,nfl_0011,13,31,0.3225,0.0,1,0.104,0.3894
2019-12-01,2019,R,,nfl_0013,nfl_0028,11,28,0.5311,0.0,0,0.282,0.7573
2019-12-01,2019,R,,nfl_0015,nfl_0022,37,31,0.3099,1.0,0,0.4762,1.1714
2019-12-01,2019,R,,nfl_0003,nfl_0026,20,17,0.6497,1.0,1,0.1227,0.4313
2019-12-01,2019,R,,nfl_0001,nfl_0027,7,34,0.4335,0.0,1,0.1879,0.5683
2019-12-01,2019,R,,nfl_0009,nfl_0024,23,20,0.4904,1.0,0,0.2597,0.7126
2019-12-01,2019,R,,nfl_0014,nfl_0021,40,9,0.8391,1.0,1,0.0259,0.1754
2019-12-01,2019,R,,nfl_0032,nfl_0017,28,22,0.4339,1.0,0,0.3204,0.8349
2019-12-02,2019,R,,nfl_0025,nfl_0016,37,30,0.5194,1.0,1,0.231,0.6552
2019-12-05,2019,R,,nfl_0006,nfl_0008,31,24,0.5637,1.0,1,0.1903,0.5732
2019-12-08,2019,R,,nfl_0002,nfl_0005,40,20,0.6093,1.0,1,0.1526,0.4954
2019-12-08,2019,R,,nfl_0004,nfl_0003,17,24,0.3751,0.0,1,0.1407,0.4702
2019-12-08,2019,R,,nfl_0031,nfl_0007,27,19,0.788,1.0,1,0.0449,0.2382
2019-12-08,2019,R,,nfl_0028,nfl_0012,38,35,0.5647,1.0,1,0.1895,0.5715
2019-12-08,2019,R,,nfl_0032,nfl_0009,24,38,0.7719,0.0,0,0.5959,1.4781
2019-12-08,2019,R,,nfl_0016,nfl_0010,20,7,0.8119,1.0,1,0.0354,0.2084
2019-12-08,2019,R,,nfl_0011,nfl_0030,20,15,0.8444,1.0,1,0.0242,0.1691
2019-12-08,2019,R,,nfl_0020,nfl_0015,22,21,0.7025,1.0,1,0.0885,0.3531
2019-12-08,2019,R,,nfl_0018,nfl_0026,46,48,0.5376,0.0,0,0.289,0.7712
2019-12-08,2019,R,,nfl_0013,nfl_0024,10,45,0.4651,0.0,1,0.2163,0.6257
2019-12-08,2019,R,,nfl_0001,nfl_0023,17,23,0.34,0.0,1,0.1156,0.4155
2019-12-08,2019,R,,nfl_0017,nfl_0014,16,23,0.6691,0.0,0,0.4476,1.1058
2019-12-08,2019,R,,nfl_0021,nfl_0029,21,42,0.3834,0.0,1,0.147,0.4836
2019-12-08,2019,R,,nfl_0027,nfl_0025,28,12,0.5529,1.0,1,0.1999,0.5926
2019-12-09,2019,R,,nfl_0022,nfl_0019,23,17,0.795,1.0,1,0.042,0.2294
2019-12-12,2019,R,,nfl_0003,nfl_0020,42,21,0.9151,1.0,1,0.0072,0.0887
2019-12-15,2019,R,,nfl_0005,nfl_0025,24,30,0.3671,0.0,1,0.1347,0.4574
2019-12-15,2019,R,,nfl_0011,nfl_0006,21,13,0.6356,1.0,1,0.1328,0.4532
2019-12-15,2019,R,,nfl_0007,nfl_0017,13,34,0.1798,0.0,1,0.0323,0.1982
2019-12-15,2019,R,,nfl_0014,nfl_0009,23,3,0.7998,1.0,1,0.0401,0.2233
2019-12-15,2019,R,,nfl_0010,nfl_0028,17,38,0.4782,0.0,1,0.2287,0.6505
2019-12-15,2019,R,,nfl_0029,nfl_0032,21,24,0.6507,0.0,0,0.4234,1.0518
2019-12-15,2019,R,,nfl_0019,nfl_0015,36,20,0.6117,1.0,1,0.1507,0.4914
2019-12-15,2019,R,,nfl_0030,nfl_0022,27,37,0.3858,0.0,1,0.1488,0.4874
2019-12-15,2019,R,,nfl_0001,nfl_0031,38,24,0.3904,1.0,0,0.3716,0.9407
2019-12-15,2019,R,,nfl_0021,nfl_0013,16,20,0.6663,0.0,0,0.4439,1.0975
2019-12-15,2019,R,,nfl_0024,nfl_0016,10,39,0.4628,0.0,1,0.2142,0.6213
2019-12-15,2019,R,,nfl_0026,nfl_0002,22,29,0.8444,0.0,0,0.713,1.8604
2019-12-15,2019,R,,nfl_0008,nfl_0027,44,21,0.5419,1.0,1,0.2099,0.6127
2019-12-15,2019,R,,nfl_0023,nfl_0004,10,17,0.5913,0.0,0,0.3496,0.8947
2019-12-16,2019,R,,nfl_0018,nfl_0012,34,7,0.7392,1.0,1,0.068,0.3022
2019-12-21,2019,R,,nfl_0028,nfl_0032,20,23,0.5472,0.0,0,0.2994,0.7923
2019-12-21,2019,R,,nfl_0017,nfl_0004,24,17,0.7202,1.0,1,0.0783,0.3283
2019-12-21,2019,R,,nfl_0026,nfl_0027,34,31,0.7353,1.0,1,0.0701,0.3075
2019-12-22,2019,R,,nfl_0002,nfl_0013,24,12,0.7648,1.0,1,0.0553,0.2681
2019-12-22,2019,R,,nfl_0012,nfl_0005,38,6,0.7067,1.0,1,0.086,0.3472
2019-12-22,2019,R,,nfl_0015,nfl_0007,38,35,0.5783,1.0,1,0.1778,0.5476
2019-12-22,2019,R,,nfl_0031,nfl_0003,15,31,0.224,0.0,1,0.0502,0.2537
2019-12-22,2019,R,,nfl_0029,nfl_0018,28,38,0.5238,0.0,0,0.2744,0.7419
2019-12-22,2019,R,,nfl_0030,nfl_0019,35,41,0.5713,0.0,0,0.3264,0.847
2019-12-22,2019,R,,nfl_0020,nfl_0023,16,10,0.4251,1.0,0,0.3305,0.8555
2019-12-22,2019,R,,nfl_0009,nfl_0010,27,17,0.7136,1.0,1,0.082,0.3374
2019-12-22,2019,R,,nfl_0024,nfl_0021,17,24,0.7419,0.0,0,0.5504,1.3543
2019-12-22,2019,R,,nfl_0025,nfl_0001,13,27,0.8415,0.0,0,0.7082,1.8421
2019-12-22,2019,R,,nfl_0022,nfl_0008,17,9,0.5248,1.0,1,0.2258,0.6447
2019-12-22,2019,R,,nfl_0006,nfl_0014,3,26,0.4108,0.0,1,0.1687,0.5289
2019-12-23,2019,R,,nfl_0016,nfl_0011,10,23,0.6884,0.0,0,0.4739,1.1661
2019-12-29,2019,R,,nfl_0028,nfl_0002,22,28,0.6358,0.0,0,0.4042,1.01
2019-12-29,2019,R,,nfl_0004,nfl_0020,6,13,0.7897,0.0,0,0.6237,1.5594
2019-12-29,2019,R,,nfl_0005,nfl_0018,10,42,0.2378,0.0,1,0.0565,0.2715
2019-12-29,2019,R,,nfl_0016,nfl_0006,19,21,0.7393,0.0,0,0.5465,1.3442
2019-12-29,2019,R,,nfl_0007,nfl_0031,33,23,0.3907,1.0,0,0.3712,0.9397
2019-12-29,2019,R,,nfl_0010,nfl_0011,20,23,0.2755,0.0,1,0.0759,0.3223
2019-12-29,2019,R,,nfl_0014,nfl_0024,31,21,0.8475,1.0,1,0.0232,0.1654
2019-12-29,2019,R,,nfl_0017,nfl_0015,24,27,0.931,0.0,0,0.8668,2.6738
2019-12-29,2019,R,,nfl_0013,nfl_0012,38,20,0.3686,1.0,0,0.3987,0.998
2019-12-29,2019,R,,nfl_0027,nfl_0001,31,24,0.7833,1.0,1,0.047,0.2443
2019-12-29,2019,R,,nfl_0008,nfl_0030,47,16,0.8568,1.0,1,0.0205,0.1545
2019-12-29,2019,R,,nfl_0009,nfl_0021,16,15,0.709,1.0,1,0.0847,0.3439
2019-12-29,2019,R,,nfl_0032,nfl_0029,14,35,0.6422,0.0,0,0.4124,1.0278
2019-12-29,2019,R,,nfl_0019,nfl_0022,17,34,0.3612,0.0,1,0.1305,0.4482
2019-12-29,2019,R,,nfl_0003,nfl_0023,28,10,0.8612,1.0,1,0.0193,0.1495
2019-12-29,2019,R,,nfl_0025,nfl_0026,21,26,0.4228,0.0,1,0.1788,0.5496
2020-01-04,2019,P,WC,nfl_0032,nfl_0004,22,19,0.5912,1.0,1,0.1671,0.5256
2020-01-04,2019,P,WC,nfl_0017,nfl_0029,13,20,0.6849,0.0,0,0.4691,1.1548
2020-01-05,2019,P,WC,nfl_0018,nfl_0016,20,26,0.6903,0.0,0,0.4765,1.1722
2020-01-05,2019,P,WC,nfl_0022,nfl_0025,9,17,0.6202,0.0,0,0.3846,0.968
2020-01-11,2019,P,DV,nfl_0026,nfl_0016,27,10,0.7132,1.0,1,0.0822,0.338
2020-01-11,2019,P,DV,nfl_0003,nfl_0029,12,28,0.8021,0.0,0,0.6433,1.6198
2020-01-12,2019,P,DV,nfl_0014,nfl_0032,51,31,0.8061,1.0,1,0.0376,0.2155
2020-01-12,2019,P,DV,nfl_0011,nfl_0025,28,23,0.7127,1.0,1,0.0825,0.3387
2020-01-19,2019,P,CC,nfl_0014,nfl_0029,35,24,0.6485,1.0,1,0.1235,0.4331
2020-01-19,2019,P,CC,nfl_0026,nfl_0011,37,20,0.6972,1.0,1,0.0917,0.3607
2020-09-10,2020,R,,nfl_0014,nfl_0032,34,20,0.6796,1.0,1,0.1027,0.3863
2020-09-13,2020,R,,nfl_0002,nfl_0025,25,38,0.5849,0.0,0,0.3421,0.8792
2020-09-13,2020,R,,nfl_0004,nfl_0020,27,17,0.6416,1.0,1,0.1284,0.4437
2020-09-13,2020,R,,nfl_0005,nfl_0021,30,34,0.5892,0.0,0,0.3472,0.8897
2020-09-13,2020,R,,nfl_0010,nfl_0006,23,27,0.5392,0.0,0,0.2908,0.7749
2020-09-13,2020,R,,nfl_0003,nfl_0031,38,6,0.7135,1.0,1,0.0821,0.3375
2020-09-13,2020,R,,nfl_0013,nfl_0012,27,20,0.5616,1.0,1,0.1922,0.5769
2020-09-13,2020,R,,nfl_0016,nfl_0011,34,43,0.5981,0.0,0,0.3577,0.9115
2020-09-13,2020,R,,nfl_0017,nfl_0015,21,11,0.7243,1.0,1,0.076,0.3226
2020-09-13,2020,R,,nfl_0030,nfl_0022,27,17,0.5063,1.0,1,0.2438,0.6806
2020-09-13,2020,R,,nfl_0007,nfl_0024,13,16,0.5495,0.0,0,0.3019,0.7973
2020-09-13,2020,R,,nfl_0026,nfl_0001,20,24,0.724,0.0,0,0.5241,1.2872
2020-09-13,2020,R,,nfl_0018,nfl_0028,34,23,0.664,1.0,1,0.1129,0.4095
2020-09-13,2020,R,,nfl_0027,nfl_0008,20,17,0.6002,1.0,1,0.1599,0.5106
2020-09-14,2020,R,,nfl_0019,nfl_0023,16,26,0.5328,0.0,0,0.2839,0.761
2020-09-14,2020,R,,nfl_0009,nfl_0029,14,16,0.5337,0.0,0,0.2849,0.763
2020-09-17,2020,R,,nfl_0031,nfl_0007,35,30,0.6206,1.0,1,0.1439,0.477
2020-09-20,2020,R,,nfl_0008,nfl_0002,40,39,0.6538,1.0,1,0.1198,0.4249
2020-09-20,2020,R,,nfl_0015,nfl_0004,28,31,0.4639,0.0,1,0.2152,0.6234
2020-09-20,2020,R,,nfl_0028,nfl_0005,31,17,0.6573,1.0,1,0.1174,0.4196
2020-09-20,2020,R,,nfl_0006,nfl_0019,17,13,0.7276,1.0,1,0.0742,0.3179
2020-09-20,2020,R,,nfl_0012,nfl_0016,28,11,0.5661,1.0,1,0.1883,0.569
2020-09-20,2020,R,,nfl_0023,nfl_0009,26,21,0.6593,1.0,1,0.1161,0.4166
2020-09-20,2020,R,,nfl_0011,nfl_0010,42,21,0.7507,1.0,1,0.0621,0.2867
2020-09-20,2020,R,,nfl_0029,nfl_0013,33,30,0.6893,1.0,1,0.0965,0.372
2020-09-20,2020,R,,nfl_0020,nfl_0026,13,31,0.4866,0.0,1,0.2368,0.6667
2020-09-20,2020,R,,nfl_0022,nfl_0027,19,37,0.5399,0.0,0,0.2915,0.7763
2020-09-20,2020,R,,nfl_0001,nfl_0030,30,15,0.6376,1.0,1,0.1314,0.4501
2020-09-20,2020,R,,nfl_0032,nfl_0003,16,33,0.4574,0.0,1,0.2092,0.6114
2020-09-20,2020,R,,nfl_0024,nfl_0014,20,23,0.4729,0.0,1,0.2236,0.6403
2020-09-20,2020,R,,nfl_0025,nfl_0017,35,30,0.5937,1.0,1,0.1651,0.5214
2020-09-21,2020,R,,nfl_0021,nfl_0018,34,24,0.4872,1.0,0,0.263,0.7191
2020-09-24,2020,R,,nfl_0013,nfl_0015,13,31,0.6744,0.0,0,0.4548,1.1221
2020-09-27,2020,R,,nfl_0002,nfl_0006,26,30,0.5109,0.0,0,0.261,0.7151
2020-09-27,2020,R,,nfl_0004,nfl_0027,35,32,0.5696,1.0,1,0.1852,0.5628
2020-09-27,2020,R,,nfl_0022,nfl_0007,23,23,0.6292,0.5,0,0.0167,0.7277
2020-09-27,2020,R,,nfl_0031,nfl_0030,34,20,0.6346,1.0,1,0.1335,0.4547
2020-09-27,2020,R,,nfl_0023,nfl_0032,28,21,0.6996,1.0,1,0.0902,0.3572
2020-09-27,2020,R,,nfl_0016,nfl_0029,30,31,0.4733,0.0,1,0.224,0.6412
2020-09-27,2020,R,,nfl_0017,nfl_0021,36,20,0.6576,1.0,1,0.1173,0.4192
2020-09-27,2020,R,,nfl_0019,nfl_0026,9,36,0.3843,0.0,1,0.1476,0.4849
2020-09-27,2020,R,,nfl_0024,nfl_0005,16,21,0.6956,0.0,0,0.4839,1.1895
2020-09-27,2020,R,,nfl_0012,nfl_0020,36,7,0.6949,1.0,1,0.0931,0.3639
2020-09-27,2020,R,,nfl_0001,nfl_0010,23,26,0.7175,0.0,0,0.5149,1.2642
2020-09-27,2020,R,,nfl_0025,nfl_0008,38,31,0.6638,1.0,1,0.113,0.4097
2020-09-27,2020,R,,nfl_0009,nfl_0028,10,28,0.5587,0.0,0,0.3121,0.8179
2020-09-27,2020,R,,nfl_0018,nfl_0011,30,37,0.5384,0.0,0,0.2899,0.773
2020-09-28,2020,R,,nfl_0003,nfl_0014,20,34,0.6455,0.0,0,0.4166,1.0369
2020-10-01,2020,R,,nfl_0020,nfl_0009,28,37,0.5569,0.0,0,0.3101,0.8139
2020-10-04,2020,R,,nfl_0005,nfl_0001,31,21,0.5222,1.0,1,0.2283,0.6497
2020-10-04,2020,R,,nfl_0006,nfl_0012,11,19,0.6188,0.0,0,0.3829,0.9644
2020-10-04,2020,R,,nfl_0007,nfl_0013,33,25,0.5843,1.0,1,0.1728,0.5374
2020-10-04,2020,R,,nfl_0008,nfl_0031,38,49,0.6301,0.0,0,0.397,0.9944
2020-10-04,2020,R,,nfl_0010,nfl_0018,29,35,0.4851,0.0,1,0.2353,0.6638
2020-10-04,2020,R,,nfl_0032,nfl_0016,23,31,0.5831,0.0,0,0.34,0.8749
2020-10-04,2020,R,,nfl_0015,nfl_0025,23,31,0.4548,0.0,1,0.2068,0.6066
2020-10-04,2020,R,,nfl_0030,nfl_0003,17,31,0.3762,0.0,1,0.1415,0.4719
2020-10-04,2020,R,,nfl_0028,nfl_0024,38,31,0.6931,1.0,1,0.0942,0.3665
2020-10-04,2020,R,,nfl_0027,nfl_0019,17,9,0.7954,1.0,1,0.0419,0.2289
2020-10-04,2020,R,,nfl_0021,nfl_0004,23,30,0.5087,0.0,0,0.2587,0.7106
2020-10-04,2020,R,,nfl_0026,nfl_0022,20,25,0.7918,0.0,0,0.627,1.5694
2020-10-05,2020,R,,nfl_0014,nfl_0017,26,10,0.6828,1.0,1,0.1006,0.3816
2020-10-05,2020,R,,nfl_0011,nfl_0002,30,16,0.7835,1.0,1,0.0469,0.244
2020-10-08,2020,R,,nfl_0006,nfl_0028,20,19,0.556,1.0,1,0.1972,0.587
2020-10-11,2020,R,,nfl_0002,nfl_0005,16,23,0.5629,0.0,0,0.3169,0.8276
2020-10-11,2020,R,,nfl_0003,nfl_0007,27,3,0.7995,1.0,1,0.0402,0.2238
2020-10-11,2020,R,,nfl_0020,nfl_0001,10,30,0.475,0.0,1,0.2256,0.6443
2020-10-11,2020,R,,nfl_0032,nfl_0013,30,14,0.6227,1.0,1,0.1424,0.4737
2020-10-11,2020,R,,nfl_0014,nfl_0021,32,40,0.8061,0.0,0,0.6498,1.6405
2020-10-11,2020,R,,nfl_0023,nfl_0022,38,29,0.7327,1.0,1,0.0715,0.3111
2020-10-11,2020,R,,nfl_0030,nfl_0027,10,30,0.3809,0.0,1,0.1451,0.4795
2020-10-11,2020,R,,nfl_0026,nfl_0015,17,43,0.769,0.0,0,0.5914,1.4655
2020-10-11,2020,R,,nfl_0031,nfl_0012,32,23,0.5422,1.0,1,0.2095,0.612
2020-10-11,2020,R,,nfl_0008,nfl_0019,37,34,0.7179,1.0,1,0.0796,0.3314
2020-10-11,2020,R,,nfl_0025,nfl_0016,27,26,0.732,1.0,1,0.0718,0.312
2020-10-12,2020,R,,nfl_0018,nfl_0024,30,27,0.7037,1.0,1,0.0878,0.3514
2020-10-13,2020,R,,nfl_0029,nfl_0004,42,16,0.6368,1.0,1,0.1319,0.4513
2020-10-18,2020,R,,nfl_0017,nfl_0009,12,18,0.7041,0.0,0,0.4957,1.2176
2020-10-18,2020,R,,nfl_0013,nfl_0010,16,34,0.5158,0.0,0,0.2661,0.7253
2020-10-18,2020,R,,nfl_0016,nfl_0002,23,40,0.6891,0.0,0,0.4749,1.1684
2020-10-18,2020,R,,nfl_0005,nfl_0006,16,23,0.5343,0.0,0,0.2855,0.7642
2020-10-18,2020,R,,nfl_0012,nfl_0007,31,27,0.7424,1.0,1,0.0664,0.2979
2020-10-18,2020,R,,nfl_0023,nfl_0031,38,7,0.639,1.0,1,0.1303,0.4478
2020-10-18,2020,R,,nfl_0029,nfl_0032,42,36,0.7737,1.0,1,0.0512,0.2565
2020-10-18,2020,R,,nfl_0019,nfl_0030,20,19,0.5954,1.0,1,0.1637,0.5185
2020-10-18,2020,R,,nfl_0022,nfl_0003,28,30,0.3679,0.0,1,0.1354,0.4587
2020-10-18,2020,R,,nfl_0015,nfl_0020,24,0,0.7888,1.0,1,0.0446,0.2373
2020-10-18,2020,R,,nfl_0028,nfl_0011,38,10,0.4953,1.0,0,0.2547,0.7026
2020-10-18,2020,R,,nfl_0026,nfl_0027,24,16,0.5177,1.0,1,0.2326,0.6584
2020-10-19,2020,R,,nfl_0004,nfl_0014,17,26,0.5421,0.0,0,0.2939,0.7812
2020-10-19,2020,R,,nfl_0008,nfl_0001,10,38,0.5649,0.0,0,0.3191,0.8321
2020-10-22,2020,R,,nfl_0022,nfl_0019,22,21,0.6909,1.0,1,0.0956,0.3698
2020-10-25,2020,R,,nfl_0032,nfl_0011,20,35,0.4298,0.0,1,0.1848,0.5618
2020-10-25,2020,R,,nfl_0029,nfl_0023,24,27,0.5748,0.0,0,0.3304,0.8551
2020-10-25,2020,R,,nfl_0002,nfl_0010,22,23,0.6029,0.0,0,0.3635,0.9236
2020-10-25,2020,R,,nfl_0020,nfl_0004,10,18,0.313,0.0,1,0.098,0.3755
2020-10-25,2020,R,,nfl_0018,nfl_0005,27,24,0.7317,1.0,1,0.072,0.3124
2020-10-25,2020,R,,nfl_0007,nfl_0031,34,37,0.4944,0.0,1,0.2444,0.6819
2020-10-25,2020,R,,nfl_0030,nfl_0008,25,3,0.5293,1.0,1,0.2216,0.6363
2020-10-25,2020,R,,nfl_0021,nfl_0028,20,45,0.5111,0.0,0,0.2613,0.7157
2020-10-25,2020,R,,nfl_0009,nfl_0014,16,43,0.3867,0.0,1,0.1495,0.4889
2020-10-25,2020,R,,nfl_0017,nfl_0026,6,33,0.569,0.0,0,0.3237,0.8415
2020-10-25,2020,R,,nfl_0024,nfl_0013,39,29,0.7555,1.0,1,0.0598,0.2804
2020-10-25,2020,R,,nfl_0001,nfl_0025,37,34,0.5144,1.0,1,0.2358,0.6648
2020-10-26,2020,R,,nfl_0027,nfl_0006,24,10,0.6307,1.0,1,0.1364,0.4609
2020-10-29,2020,R,,nfl_0005,nfl_0002,17,25,0.6165,0.0,0,0.3801,0.9585
2020-11-01,2020,R,,nfl_0010,nfl_0012,21,41,0.4628,0.0,1,0.2142,0.6213
2020-11-01,2020,R,,nfl_0011,nfl_0016,22,28,0.7574,0.0,0,0.5737,1.4164
2020-11-01,2020,R,,nfl_0015,nfl_0027,28,17,0.5477,1.0,1,0.2045,0.602
2020-11-01,2020,R,,nfl_0003,nfl_0023,24,28,0.6618,0.0,0,0.4379,1.084
2020-11-01,2020,R,,nfl_0004,nfl_0017,24,21,0.7115,1.0,1,0.0832,0.3404
2020-11-01,2020,R,,nfl_0007,nfl_0029,31,20,0.3794,1.0,0,0.3852,0.9692
2020-11-01,2020,R,,nfl_0031,nfl_0021,6,16,0.6636,0.0,0,0.4404,1.0894
2020-11-01,2020,R,,nfl_0014,nfl_0020,35,9,0.9196,1.0,1,0.0065,0.0838
2020-11-01,2020,R,,nfl_0009,nfl_0024,31,30,0.5787,1.0,1,0.1775,0.547
2020-11-01,2020,R,,nfl_0025,nfl_0026,37,27,0.5923,1.0,1,0.1662,0.5237
2020-11-01,2020,R,,nfl_0006,nfl_0018,23,26,0.5585,0.0,0,0.3119,0.8176
2020-11-01,2020,R,,nfl_0022,nfl_0008,23,9,0.6926,1.0,1,0.0945,0.3674
2020-11-02,2020,R,,nfl_0019,nfl_0028,23,25,0.2746,0.0,1,0.0754,0.321
2020-11-05,2020,R,,nfl_0026,nfl_0011,17,34,0.6109,0.0,0,0.3731,0.9438
2020-11-08,2020,R,,nfl_0012,nfl_0003,10,24,0.5471,0.0,0,0.2994,0.7922
2020-11-08,2020,R,,nfl_0016,nfl_0010,34,20,0.6399,1.0,1,0.1297,0.4464
2020-11-08,2020,R,,nfl_0013,nfl_0032,25,27,0.4878,0.0,1,0.2379,0.669
2020-11-08,2020,R,,nfl_0002,nfl_0009,34,27,0.633,1.0,1,0.1347,0.4573
2020-11-08,2020,R,,nfl_0004,nfl_0025,44,34,0.5466,1.0,1,0.2056,0.6041
2020-11-08,2020,R,,nfl_0014,nfl_0005,33,31,0.857,1.0,1,0.0205,0.1543
2020-11-08,2020,R,,nfl_0029,nfl_0006,24,17,0.6303,1.0,1,0.1367,0.4616
2020-11-08,2020,R,,nfl_0030,nfl_0019,20,23,0.6819,0.0,0,0.465,1.1454
2020-11-08,2020,R,,nfl_0024,nfl_0021,26,31,0.5604,0.0,0,0.3141,0.822
2020-11-08,2020,R,,nfl_0001,nfl_0015,31,34,0.6642,0.0,0,0.4412,1.0913
2020-11-08,2020,R,,nfl_0008,nfl_0023,19,24,0.2609,0.0,1,0.0681,0.3023
2020-11-08,2020,R,,nfl_0028,nfl_0018,3,38,0.6866,0.0,0,0.4714,1.1602
2020-11-09,2020,R,,nfl_0020,nfl_0017,27,30,0.3886,0.0,1,0.151,0.492
2020-11-12,2020,R,,nfl_0029,nfl_0012,17,34,0.6102,0.0,0,0.3723,0.942
2020-11-15,2020,R,,nfl_0031,nfl_0032,10,7,0.6879,1.0,1,0.0974,0.3742
2020-11-15,2020,R,,nfl_0010,nfl_0030,30,27,0.6359,1.0,1,0.1326,0.4527
2020-11-15,2020,R,,nfl_0011,nfl_0013,24,20,0.8805,1.0,1,0.0143,0.1273
2020-11-15,2020,R,,nfl_0005,nfl_0028,23,46,0.4221,0.0,1,0.1782,0.5484
2020-11-15,2020,R,,nfl_0019,nfl_0022,27,17,0.4484,1.0,0,0.3043,0.8021
2020-11-15,2020,R,,nfl_0021,nfl_0009,37,12,0.6828,1.0,1,0.1006,0.3815
2020-11-15,2020,R,,nfl_0015,nfl_0024,29,21,0.7484,1.0,1,0.0633,0.2898
2020-11-15,2020,R,,nfl_0001,nfl_0004,32,30,0.5537,1.0,1,0.1991,0.5911
2020-11-15,2020,R,,nfl_0023,nfl_0007,36,10,0.8108,1.0,1,0.0358,0.2098
2020-11-15,2020,R,,nfl_0018,nfl_0026,27,13,0.7173,1.0,1,0.0799,0.3322
2020-11-15,2020,R,,nfl_0027,nfl_0025,23,16,0.6068,1.0,1,0.1546,0.4995
2020-11-15,2020,R,,nfl_0017,nfl_0003,23,17,0.3627,1.0,0,0.4061,1.0141
2020-11-16,2020,R,,nfl_0006,nfl_0016,13,19,0.6244,0.0,0,0.3898,0.9792
2020-11-19,2020,R,,nfl_0025,nfl_0001,28,21,0.6203,1.0,1,0.1442,0.4775
2020-11-22,2020,R,,nfl_0018,nfl_0002,24,9,0.7686,1.0,1,0.0535,0.2632
2020-11-22,2020,R,,nfl_0030,nfl_0007,20,9,0.5578,1.0,1,0.1956,0.5838
2020-11-22,2020,R,,nfl_0031,nfl_0022,22,17,0.6492,1.0,1,0.123,0.432
2020-11-22,2020,R,,nfl_0032,nfl_0017,27,20,0.5109,1.0,1,0.2393,0.6717
2020-11-22,2020,R,,nfl_0013,nfl_0023,3,27,0.1962,0.0,1,0.0385,0.2184
2020-11-22,2020,R,,nfl_0003,nfl_0029,24,30,0.7376,0.0,0,0.5441,1.3379
2020-11-22,2020,R,,nfl_0005,nfl_0010,20,0,0.5654,1.0,1,0.1888,0.5701
2020-11-22,2020,R,,nfl_0009,nfl_0015,20,13,0.392,1.0,0,0.3697,0.9365
2020-11-22,2020,R,,nfl_0024,nfl_0020,34,28,0.7293,1.0,1,0.0733,0.3157
2020-11-22,2020,R,,nfl_0012,nfl_0011,34,31,0.5783,1.0,1,0.1778,0.5476
2020-11-22,2020,R,,nfl_0016,nfl_0008,28,31,0.7456,0.0,0,0.5559,1.3687
2020-11-22,2020,R,,nfl_0021,nfl_0014,31,35,0.3595,0.0,1,0.1292,0.4455
2020-11-23,2020,R,,nfl_0028,nfl_0027,24,27,0.612,0.0,0,0.3746,0.9468
2020-11-26,2020,R,,nfl_0010,nfl_0032,25,41,0.5346,0.0,0,0.2858,0.7648
2020-11-26,2020,R,,nfl_0008,nfl_0030,16,41,0.5771,0.0,0,0.333,0.8606
2020-11-29,2020,R,,nfl_0002,nfl_0021,43,6,0.5327,1.0,1,0.2184,0.6298
2020-11-29,2020,R,,nfl_0004,nfl_0024,27,17,0.7925,1.0,1,0.043,0.2325
2020-11-29,2020,R,,nfl_0007,nfl_0019,17,19,0.5446,0.0,0,0.2966,0.7866
2020-11-29,2020,R,,nfl_0013,nfl_0031,25,27,0.3585,0.0,1,0.1285,0.4439
2020-11-29,2020,R,,nfl_0012,nfl_0029,26,45,0.6899,0.0,0,0.476,1.171
2020-11-29,2020,R,,nfl_0017,nfl_0001,20,17,0.4993,1.0,0,0.2507,0.6946
2020-11-29,2020,R,,nfl_0020,nfl_0015,3,20,0.2664,0.0,1,0.071,0.3098
2020-11-29,2020,R,,nfl_0016,nfl_0005,28,27,0.689,1.0,1,0.0967,0.3726
2020-11-29,2020,R,,nfl_0009,nfl_0018,3,31,0.2964,0.0,1,0.0878,0.3515
2020-11-29,2020,R,,nfl_0027,nfl_0026,20,23,0.6658,0.0,0,0.4433,1.096
2020-11-29,2020,R,,nfl_0028,nfl_0014,24,27,0.4301,0.0,1,0.185,0.5623
2020-11-29,2020,R,,nfl_0011,nfl_0006,41,25,0.7227,1.0,1,0.0769,0.3248
2020-11-30,2020,R,,nfl_0022,nfl_0025,17,23,0.387,0.0,1,0.1497,0.4893
2020-12-02,2020,R,,nfl_0023,nfl_0003,19,14,0.6749,1.0,1,0.1057,0.3931
2020-12-06,2020,R,,nfl_0002,nfl_0018,16,21,0.3749,0.0,1,0.1406,0.4699
2020-12-06,2020,R,,nfl_0006,nfl_0010,30,34,0.7193,0.0,0,0.5174,1.2704
2020-12-06,2020,R,,nfl_0015,nfl_0007,19,7,0.8056,1.0,1,0.0378,0.2161
2020-12-06,2020,R,,nfl_0029,nfl_0031,35,41,0.6929,0.0,0,0.4801,1.1806
2020-12-06,2020,R,,nfl_0032,nfl_0012,20,26,0.5102,0.0,0,0.2603,0.7137
2020-12-06,2020,R,,nfl_0016,nfl_0013,27,24,0.813,1.0,1,0.035,0.207
2020-12-06,2020,R,,nfl_0020,nfl_0021,28,31,0.3333,0.0,1,0.1111,0.4054
2020-12-06,2020,R,,nfl_0001,nfl_0027,28,38,0.5386,0.0,0,0.2901,0.7735
2020-12-06,2020,R,,nfl_0025,nfl_0019,12,17,0.7979,0.0,0,0.6366,1.5988
2020-12-06,2020,R,,nfl_0011,nfl_0022,30,16,0.8212,1.0,1,0.032,0.197
2020-12-06,2020,R,,nfl_0024,nfl_0017,0,45,0.5218,0.0,0,0.2723,0.7377
2020-12-06,2020,R,,nfl_0014,nfl_0009,22,16,0.8847,1.0,1,0.0133,0.1226
2020-12-07,2020,R,,nfl_0023,nfl_0030,17,23,0.8308,0.0,0,0.6902,1.7767
2020-12-07,2020,R,,nfl_0026,nfl_0004,24,34,0.538,0.0,0,0.2894,0.7721
2020-12-08,2020,R,,nfl_0003,nfl_0008,34,17,0.8548,1.0,1,0.0211,0.1569
2020-12-10,2020,R,,nfl_0027,nfl_0017,24,3,0.6764,1.0,1,0.1047,0.3909
2020-12-13,2020,R,,nfl_0005,nfl_0009,27,32,0.6478,0.0,0,0.4196,1.0435
2020-12-13,2020,R,,nfl_0006,nfl_0032,36,7,0.5891,1.0,1,0.1688,0.5292
2020-12-13,2020,R,,nfl_0007,nfl_0008,7,30,0.6504,0.0,0,0.423,1.0509
2020-12-13,2020,R,,nfl_0019,nfl_0001,7,26,0.5073,0.0,0,0.2573,0.7078
2020-12-13,2020,R,,nfl_0013,nfl_0029,10,31,0.2792,0.0,1,0.0779,0.3274
2020-12-13,2020,R,,nfl_0015,nfl_0014,27,33,0.4155,0.0,1,0.1726,0.5369
2020-12-13,2020,R,,nfl_0028,nfl_0016,26,14,0.7165,1.0,1,0.0804,0.3334
2020-12-13,2020,R,,nfl_0021,nfl_0012,27,44,0.4931,0.0,1,0.2432,0.6795
2020-12-13,2020,R,,nfl_0025,nfl_0020,40,3,0.894,1.0,1,0.0112,0.1121
2020-12-13,2020,R,,nfl_0024,nfl_0002,20,17,0.4104,1.0,0,0.3476,0.8905
2020-12-13,2020,R,,nfl_0010,nfl_0011,24,31,0.2792,0.0,1,0.0779,0.3273
2020-12-13,2020,R,,nfl_0022,nfl_0018,24,21,0.2445,1.0,0,0.5708,1.4085
2020-12-13,2020,R,,nfl_0026,nfl_0030,15,23,0.6623,0.0,0,0.4386,1.0856
2020-12-13,2020,R,,nfl_0004,nfl_0023,26,15,0.553,1.0,1,0.1998,0.5925
2020-12-14,2020,R,,nfl_0031,nfl_0003,42,47,0.5015,0.0,0,0.2515,0.6962
2020-12-17,2020,R,,nfl_0021,nfl_0024,27,30,0.6972,0.0,0,0.4861,1.1948
2020-12-19,2020,R,,nfl_0009,nfl_0004,19,48,0.3313,0.0,1,0.1098,0.4025
2020-12-19,2020,R,,nfl_0011,nfl_0005,24,16,0.8483,1.0,1,0.023,0.1645
2020-12-20,2020,R,,nfl_0002,nfl_0028,27,31,0.4871,0.0,1,0.2373,0.6677
2020-12-20,2020,R,,nfl_0016,nfl_0006,27,33,0.6123,0.0,0,0.375,0.9476
2020-12-20,2020,R,,nfl_0012,nfl_0032,27,20,0.7944,1.0,1,0.0423,0.2302
2020-12-20,2020,R,,nfl_0008,nfl_0026,41,33,0.44,1.0,0,0.3136,0.821
2020-12-20,2020,R,,nfl_0029,nfl_0010,46,25,0.8168,1.0,1,0.0335,0.2023
2020-12-20,2020,R,,nfl_0003,nfl_0013,40,14,0.9002,1.0,1,0.01,0.1051
2020-12-20,2020,R,,nfl_0015,nfl_0017,22,12,0.6374,1.0,1,0.1315,0.4503
2020-12-20,2020,R,,nfl_0030,nfl_0025,15,20,0.4734,0.0,1,0.2242,0.6414
2020-12-20,2020,R,,nfl_0001,nfl_0022,33,26,0.735,1.0,1,0.0702,0.3079
2020-12-20,2020,R,,nfl_0027,nfl_0020,20,23,0.9223,0.0,0,0.8507,2.5554
2020-12-20,2020,R,,nfl_0018,nfl_0014,29,32,0.551,0.0,0,0.3036,0.8008
2020-12-20,2020,R,,nfl_0019,nfl_0031,6,20,0.4799,0.0,1,0.2303,0.6538
2020-12-21,2020,R,,nfl_0007,nfl_0023,27,17,0.2264,1.0,0,0.5985,1.4856
2020-12-25,2020,R,,nfl_0018,nfl_0016,52,33,0.8238,1.0,1,0.0311,0.1939
2020-12-26,2020,R,,nfl_0010,nfl_0028,7,47,0.2973,0.0,1,0.0884,0.3528
2020-12-26,2020,R,,nfl_0001,nfl_0026,12,20,0.6945,0.0,0,0.4824,1.1859
2020-12-26,2020,R,,nfl_0021,nfl_0015,25,26,0.4299,0.0,1,0.1848,0.5619
2020-12-27,2020,R,,nfl_0014,nfl_0002,17,14,0.8567,1.0,1,0.0205,0.1547
2020-12-27,2020,R,,nfl_0013,nfl_0006,17,41,0.3095,0.0,1,0.0958,0.3703
2020-12-27,2020,R,,nfl_0032,nfl_0007,31,37,0.6822,0.0,0,0.4654,1.1464
2020-12-27,2020,R,,nfl_0020,nfl_0031,23,16,0.2732,1.0,0,0.5282,1.2974
2020-12-27,2020,R,,nfl_0023,nfl_0012,28,24,0.5935,1.0,1,0.1652,0.5217
2020-12-27,2020,R,,nfl_0003,nfl_0019,27,13,0.8469,1.0,1,0.0234,0.1662
2020-12-27,2020,R,,nfl_0030,nfl_0005,13,20,0.7013,0.0,0,0.4918,1.2082
2020-12-27,2020,R,,nfl_0024,nfl_0009,19,16,0.5951,1.0,1,0.1639,0.519
2020-12-27,2020,R,,nfl_0008,nfl_0022,37,17,0.5632,1.0,1,0.1908,0.5741
2020-12-27,2020,R,,nfl_0025,nfl_0027,20,9,0.5883,1.0,1,0.1695,0.5305
2020-12-27,2020,R,,nfl_0011,nfl_0029,40,14,0.6889,1.0,1,0.0968,0.3726
2020-12-28,2020,R,,nfl_0017,nfl_0004,9,38,0.3996,0.0,1,0.1597,0.5102
2021-01-03,2020,R,,nfl_0028,nfl_0002,44,27,0.7715,1.0,1,0.0522,0.2594
2021-01-03,2020,R,,nfl_0004,nfl_0015,56,26,0.7225,1.0,1,0.077,0.325
2021-01-03,2020,R,,nfl_0007,nfl_0003,3,38,0.2735,0.0,1,0.0748,0.3195
2021-01-03,2020,R,,nfl_0031,nfl_0023,24,22,0.4671,1.0,0,0.2839,0.7611
2021-01-03,2020,R,,nfl_0019,nfl_0008,23,19,0.5428,1.0,1,0.209,0.611
2021-01-03,2020,R,,nfl_0010,nfl_0016,35,37,0.4275,0.0,1,0.1828,0.5578
2021-01-03,2020,R,,nfl_0017,nfl_0020,28,14,0.7996,1.0,1,0.0402,0.2236
2021-01-03,2020,R,,nfl_0005,nfl_0018,7,33,0.2553,0.0,1,0.0652,0.2948
2021-01-03,2020,R,,nfl_0006,nfl_0011,16,35,0.4043,0.0,1,0.1634,0.518
2021-01-03,2020,R,,nfl_0012,nfl_0013,28,14,0.9015,1.0,1,0.0097,0.1037
2021-01-03,2020,R,,nfl_0027,nfl_0001,18,7,0.6807,1.0,1,0.1019,0.3846
2021-01-03,2020,R,,nfl_0009,nfl_0021,31,32,0.5323,0.0,0,0.2834,0.76
2021-01-03,2020,R,,nfl_0032,nfl_0029,38,41,0.3816,0.0,1,0.1456,0.4806
2021-01-03,2020,R,,nfl_0014,nfl_0024,21,38,0.9058,0.0,0,0.8204,2.3622
2021-01-03,2020,R,,nfl_0026,nfl_0025,23,26,0.4483,0.0,1,0.201,0.5947
2021-01-03,2020,R,,nfl_0022,nfl_0030,14,20,0.5111,0.0,0,0.2612,0.7156
2021-01-09,2020,P,WC,nfl_0004,nfl_0012,27,24,0.7459,1.0,1,0.0646,0.2931
2021-01-09,2020,P,WC,nfl_0025,nfl_0027,20,30,0.6333,0.0,0,0.4011,1.0032
2021-01-09,2020,P,WC,nfl_0030,nfl_0028,23,31,0.3891,0.0,1,0.1514,0.4929
2021-01-10,2020,P,WC,nfl_0029,nfl_0003,13,20,0.4822,0.0,1,0.2325,0.6581
2021-01-10,2020,P,WC,nfl_0018,nfl_0006,21,9,0.823,1.0,1,0.0313,0.1947
2021-01-10,2020,P,WC,nfl_0023,nfl_0031,37,48,0.7001,0.0,0,0.4901,1.2042
2021-01-16,2020,P,DV,nfl_0011,nfl_0027,32,18,0.6992,1.0,1,0.0905,0.3578
2021-01-16,2020,P,DV,nfl_0004,nfl_0003,17,3,0.6712,1.0,1,0.1081,0.3988
2021-01-17,2020,P,DV,nfl_0014,nfl_0031,22,17,0.7885,1.0,1,0.0447,0.2377
2021-01-17,2020,P,DV,nfl_0018,nfl_0028,20,30,0.6701,0.0,0,0.4491,1.1091
2021-01-24,2020,P,CC,nfl_0011,nfl_0028,26,31,0.644,0.0,0,0.4148,1.0329
2021-01-24,2020,P,CC,nfl_0014,nfl_0004,38,24,0.541,1.0,1,0.2107,0.6144
2021-09-09,2021,R,,nfl_0028,nfl_0008,31,29,0.7099,1.0,1,0.0841,0.3426
2021-09-12,2021,R,,nfl_0002,nfl_0022,6,32,0.6376,0.0,0,0.4066,1.0151
2021-09-12,2021,R,,nfl_0004,nfl_0023,16,23,0.6573,0.0,0,0.432,1.0709
2021-09-12,2021,R,,nfl_0005,nfl_0020,19,14,0.6463,1.0,1,0.1251,0.4365
2021-09-12,2021,R,,nfl_0007,nfl_0016,27,24,0.5567,1.0,1,0.1965,0.5857
2021-09-12,2021,R,,nfl_0012,nfl_0025,16,28,0.5965,0.0,0,0.3558,0.9076
2021-09-12,2021,R,,nfl_0029,nfl_0001,13,38,0.6176,0.0,0,0.3814,0.9612
2021-09-12,2021,R,,nfl_0010,nfl_0026,33,41,0.5357,0.0,0,0.287,0.7672
2021-09-12,2021,R,,nfl_0032,nfl_0013,37,21,0.6522,1.0,1,0.121,0.4274
2021-09-12,2021,R,,nfl_0030,nfl_0024,16,20,0.6093,0.0,0,0.3712,0.9397
2021-09-12,2021,R,,nfl_0014,nfl_0031,33,29,0.6711,1.0,1,0.1082,0.3988
2021-09-12,2021,R,,nfl_0019,nfl_0009,13,27,0.6058,0.0,0,0.367,0.931
2021-09-12,2021,R,,nfl_0018,nfl_0011,38,3,0.5978,1.0,1,0.1618,0.5145
2021-09-12,2021,R,,nfl_0017,nfl_0015,16,17,0.5735,0.0,0,0.3289,0.8522
2021-09-12,2021,R,,nfl_0027,nfl_0006,34,14,0.6531,1.0,1,0.1204,0.4261
2021-09-13,2021,R,,nfl_0021,nfl_0003,33,27,0.5194,1.0,1,0.231,0.6552
2021-09-16,2021,R,,nfl_0030,nfl_0019,30,29,0.6532,1.0,1,0.1202,0.4258
2021-09-19,2021,R,,nfl_0015,nfl_0004,0,35,0.594,0.0,0,0.3529,0.9015
2021-09-19,2021,R,,nfl_0005,nfl_0018,26,7,0.4417,1.0,0,0.3117,0.8172
2021-09-19,2021,R,,nfl_0006,nfl_0007,20,17,0.6097,1.0,1,0.1523,0.4948
2021-09-19,2021,R,,nfl_0031,nfl_0032,31,21,0.6193,1.0,1,0.1449,0.4791
2021-09-19,2021,R,,nfl_0012,nfl_0027,24,27,0.5078,0.0,0,0.2579,0.7089
2021-09-19,2021,R,,nfl_0013,nfl_0009,13,23,0.4655,0.0,1,0.2167,0.6264
2021-09-19,2021,R,,nfl_0020,nfl_0017,6,25,0.5212,0.0,0,0.2717,0.7366
2021-09-19,2021,R,,nfl_0022,nfl_0026,11,17,0.6055,0.0,0,0.3666,0.9302
2021-09-19,2021,R,,nfl_0023,nfl_0021,17,26,0.6722,0.0,0,0.4518,1.1153
2021-09-19,2021,R,,nfl_0028,nfl_0002,48,25,0.7688,1.0,1,0.0535,0.2629
2021-09-19,2021,R,,nfl_0001,nfl_0016,34,33,0.6982,1.0,1,0.0911,0.3593
2021-09-19,2021,R,,nfl_0024,nfl_0008,17,20,0.6383,0.0,0,0.4075,1.0171
2021-09-19,2021,R,,nfl_0025,nfl_0029,30,33,0.7285,0.0,0,0.5308,1.3039
2021-09-19,2021,R,,nfl_0003,nfl_0014,36,35,0.5335,1.0,1,0.2177,0.6284
2021-09-20,2021,R,,nfl_0011,nfl_0010,35,17,0.7039,1.0,1,0.0877,0.3511
2021-09-23,2021,R,,nfl_0032,nfl_0005,9,24,0.5324,0.0,0,0.2834,0.76
2021-09-26,2021,R,,nfl_0019,nfl_0002,14,17,0.627,0.0,0,0.3932,0.9862
2021-09-26,2021,R,,nfl_0004,nfl_0030,43,21,0.7539,1.0,1,0.0605,0.2824
2021-09-26,2021,R,,nfl_0031,nfl_0006,26,6,0.6575,1.0,1,0.1173,0.4193
2021-09-26,2021,R,,nfl_0023,nfl_0007,10,24,0.6794,0.0,0,0.4615,1.1374
2021-09-26,2021,R,,nfl_0029,nfl_0012,25,16,0.5902,1.0,1,0.1679,0.5272
2021-09-26,2021,R,,nfl_0013,nfl_0001,19,31,0.3546,0.0,1,0.1257,0.4379
2021-09-26,2021,R,,nfl_0010,nfl_0003,17,19,0.4053,0.0,1,0.1643,0.5197
2021-09-26,2021,R,,nfl_0014,nfl_0024,24,30,0.7059,0.0,0,0.4982,1.2237
2021-09-26,2021,R,,nfl_0017,nfl_0018,13,28,0.5603,0.0,0,0.314,0.8217
2021-09-26,2021,R,,nfl_0009,nfl_0020,26,0,0.7665,1.0,1,0.0545,0.2659
2021-09-26,2021,R,,nfl_0021,nfl_0015,31,28,0.6928,1.0,1,0.0944,0.367
2021-09-26,2021,R,,nfl_0016,nfl_0025,30,17,0.5011,1.0,1,0.2489,0.691
2021-09-26,2021,R,,nfl_0027,nfl_0028,34,24,0.586,1.0,1,0.1714,0.5345
2021-09-26,2021,R,,nfl_0026,nfl_0011,28,30,0.6269,0.0,0,0.3931,0.986
2021-09-27,2021,R,,nfl_0008,nfl_0022,41,21,0.58,1.0,1,0.1764,0.5447
2021-09-30,2021,R,,nfl_0007,nfl_0013,24,21,0.7595,1.0,1,0.0578,0.2751
2021-10-03,2021,R,,nfl_0002,nfl_0030,30,34,0.5588,0.0,0,0.3122,0.8182
2021-10-03,2021,R,,nfl_0004,nfl_0032,40,0,0.8061,1.0,1,0.0376,0.2155
2021-10-03,2021,R,,nfl_0008,nfl_0005,36,28,0.544,1.0,1,0.2079,0.6088
2021-10-03,2021,R,,nfl_0006,nfl_0010,24,14,0.6775,1.0,1,0.104,0.3893
2021-10-03,2021,R,,nfl_0016,nfl_0031,7,14,0.5421,0.0,0,0.2939,0.7812
2021-10-03,2021,R,,nfl_0015,nfl_0012,17,27,0.587,0.0,0,0.3446,0.8843
2021-10-03,2021,R,,nfl_0022,nfl_0014,30,42,0.4886,0.0,1,0.2387,0.6706
2021-10-03,2021,R,,nfl_0018,nfl_0019,21,27,0.8061,0.0,0,0.6498,1.6405
2021-10-03,2021,R,,nfl_0020,nfl_0029,27,24,0.4269,1.0,0,0.3284,0.8511
2021-10-03,2021,R,,nfl_0027,nfl_0001,20,37,0.621,0.0,0,0.3857,0.9702
2021-10-03,2021,R,,nfl_0026,nfl_0025,21,28,0.6089,0.0,0,0.3708,0.9388
2021-10-03,2021,R,,nfl_0009,nfl_0003,7,23,0.5929,0.0,0,0.3515,0.8986
2021-10-03,2021,R,,nfl_0011,nfl_0023,27,17,0.6931,1.0,1,0.0942,0.3666
2021-10-03,2021,R,,nfl_0017,nfl_0028,17,19,0.4992,0.0,1,0.2492,0.6915
2021-10-04,2021,R,,nfl_0024,nfl_0021,28,14,0.5761,1.0,1,0.1797,0.5514
2021-10-07,2021,R,,nfl_0025,nfl_0027,17,26,0.6025,0.0,0,0.363,0.9225
2021-10-10,2021,R,,nfl_0002,nfl_0020,27,20,0.6518,1.0,1,0.1213,0.4281
2021-10-10,2021,R,,nfl_0005,nfl_0022,18,21,0.7204,0.0,0,0.519,1.2744
2021-10-10,2021,R,,nfl_0007,nfl_0011,22,25,0.5363,0.0,0,0.2876,0.7685
2021-10-10,2021,R,,nfl_0023,nfl_0009,27,19,0.5391,1.0,1,0.2124,0.6179
2021-10-10,2021,R,,nfl_0016,nfl_0010,19,17,0.7292,1.0,1,0.0733,0.3158
2021-10-10,2021,R,,nfl_0032,nfl_0017,22,25,0.5184,0.0,0,0.2688,0.7307
2021-10-10,2021,R,,nfl_0013,nfl_0029,19,37,0.4408,0.0,1,0.1943,0.5813
2021-10-10,2021,R,,nfl_0028,nfl_0015,45,17,0.7827,1.0,1,0.0472,0.245
2021-10-10,2021,R,,nfl_0030,nfl_0018,22,33,0.4698,0.0,1,0.2207,0.6344
2021-10-10,2021,R,,nfl_0021,nfl_0006,9,20,0.6369,0.0,0,0.4056,1.013
2021-10-10,2021,R,,nfl_0024,nfl_0031,47,42,0.5554,1.0,1,0.1977,0.5881
2021-10-10,2021,R,,nfl_0001,nfl_0026,17,10,0.7505,1.0,1,0.0623,0.287
2021-10-10,2021,R,,nfl_0008,nfl_0019,44,20,0.7378,1.0,1,0.0687,0.304
2021-10-10,2021,R,,nfl_0014,nfl_0004,20,38,0.4872,0.0,1,0.2373,0.6678
2021-10-11,2021,R,,nfl_0003,nfl_0012,31,25,0.725,1.0,1,0.0756,0.3216
2021-10-14,2021,R,,nfl_0022,nfl_0028,22,28,0.4145,0.0,1,0.1718,0.5352
2021-10-17,2021,R,,nfl_0013,nfl_0015,23,20,0.4999,1.0,0,0.2501,0.6934
2021-10-17,2021,R,,nfl_0005,nfl_0016,28,34,0.6418,0.0,0,0.4119,1.0265
2021-10-17,2021,R,,nfl_0006,nfl_0011,14,24,0.5141,0.0,0,0.2643,0.7217
2021-10-17,2021,R,,nfl_0010,nfl_0007,11,34,0.4373,0.0,1,0.1912,0.5749
2021-10-17,2021,R,,nfl_0012,nfl_0032,31,3,0.6886,1.0,1,0.097,0.3731
2021-10-17,2021,R,,nfl_0030,nfl_0014,13,31,0.4917,0.0,1,0.2418,0.6767
2021-10-17,2021,R,,nfl_0019,nfl_0027,11,38,0.3563,0.0,1,0.127,0.4405
2021-10-17,2021,R,,nfl_0003,nfl_0024,34,6,0.6475,1.0,1,0.1243,0.4347
2021-10-17,2021,R,,nfl_0031,nfl_0001,14,37,0.4899,0.0,1,0.24,0.6731
2021-10-17,2021,R,,nfl_0017,nfl_0008,29,35,0.5116,0.0,0,0.2618,0.7167
2021-10-17,2021,R,,nfl_0009,nfl_0021,24,34,0.6187,0.0,0,0.3828,0.9642
2021-10-17,2021,R,,nfl_0023,nfl_0025,23,20,0.5349,1.0,1,0.2164,0.6257
2021-10-18,2021,R,,nfl_0029,nfl_0004,34,31,0.3722,1.0,0,0.3941,0.9882
2021-10-21,2021,R,,nfl_0031,nfl_0009,17,14,0.6816,1.0,1,0.1014,0.3833
2021-10-24,2021,R,,nfl_0015,nfl_0002,28,30,0.5222,0.0,0,0.2727,0.7386
2021-10-24,2021,R,,nfl_0019,nfl_0005,25,3,0.4239,1.0,0,0.3319,0.8584
2021-10-24,2021,R,,nfl_0003,nfl_0007,17,41,0.7258,0.0,0,0.5268,1.294
2021-10-24,2021,R,,nfl_0011,nfl_0030,24,10,0.7942,1.0,1,0.0424,0.2305
2021-10-24,2021,R,,nfl_0029,nfl_0014,27,3,0.5415,1.0,1,0.2102,0.6134
2021-10-24,2021,R,,nfl_0017,nfl_0020,54,13,0.7209,1.0,1,0.0779,0.3273
2021-10-24,2021,R,,nfl_0027,nfl_0010,28,19,0.8684,1.0,1,0.0173,0.1411
2021-10-24,2021,R,,nfl_0021,nfl_0022,33,22,0.6707,1.0,1,0.1084,0.3994
2021-10-24,2021,R,,nfl_0028,nfl_0006,38,3,0.7648,1.0,1,0.0553,0.2682
2021-10-24,2021,R,,nfl_0001,nfl_0032,31,5,0.8864,1.0,1,0.0129,0.1206
2021-10-24,2021,R,,nfl_0026,nfl_0012,18,30,0.6095,0.0,0,0.3714,0.9402
2021-10-25,2021,R,,nfl_0025,nfl_0018,10,13,0.4546,0.0,1,0.2067,0.6063
2021-10-28,2021,R,,nfl_0001,nfl_0011,21,24,0.7005,0.0,0,0.4906,1.2055
2021-10-31,2021,R,,nfl_0002,nfl_0005,13,19,0.564,0.0,0,0.3181,0.83
2021-10-31,2021,R,,nfl_0004,nfl_0015,26,11,0.8957,1.0,1,0.0109,0.1101
2021-10-31,2021,R,,nfl_0006,nfl_0026,22,33,0.591,0.0,0,0.3493,0.894
2021-10-31,2021,R,,nfl_0020,nfl_0007,34,31,0.2627,1.0,0,0.5435,1.3366
2021-10-31,2021,R,,nfl_0031,nfl_0023,10,15,0.6465,0.0,0,0.418,1.04
2021-10-31,2021,R,,nfl_0012,nfl_0029,31,34,0.573,0.0,0,0.3284,0.8511
2021-10-31,2021,R,,nfl_0010,nfl_0022,6,44,0.4743,0.0,1,0.225,0.643
2021-10-31,2021,R,,nfl_0032,nfl_0027,22,38,0.2824,0.0,1,0.0798,0.3319
2021-10-31,2021,R,,nfl_0025,nfl_0013,31,7,0.7634,1.0,1,0.056,0.2699
2021-10-31,2021,R,,nfl_0024,nfl_0017,24,27,0.6408,0.0,0,0.4106,1.0239
2021-10-31,2021,R,,nfl_0018,nfl_0028,36,27,0.5583,1.0,1,0.1951,0.5828
2021-10-31,2021,R,,nfl_0009,nfl_0030,17,10,0.6548,1.0,1,0.1192,0.4235
2021-10-31,2021,R,,nfl_0016,nfl_0008,16,20,0.5107,0.0,0,0.2608,0.7148
2021-11-01,2021,R,,nfl_0014,nfl_0019,20,17,0.7399,1.0,1,0.0677,0.3013
2021-11-04,2021,R,,nfl_0012,nfl_0020,45,30,0.8132,1.0,1,0.0349,0.2068
2021-11-07,2021,R,,nfl_0018,nfl_0002,25,27,0.83,0.0,0,0.689,1.7722
2021-11-07,2021,R,,nfl_0013,nfl_0004,9,6,0.1776,1.0,0,0.6764,1.7284
2021-11-07,2021,R,,nfl_0008,nfl_0009,16,30,0.7531,0.0,0,0.5672,1.3989
2021-11-07,2021,R,,nfl_0003,nfl_0016,34,31,0.7237,1.0,1,0.0764,0.3234
2021-11-07,2021,R,,nfl_0005,nfl_0017,6,24,0.5374,0.0,0,0.2888,0.7708
2021-11-07,2021,R,,nfl_0007,nfl_0031,16,41,0.6889,0.0,0,0.4746,1.1676
2021-11-07,2021,R,,nfl_0015,nfl_0032,17,9,0.6286,1.0,1,0.1379,0.4642
2021-11-07,2021,R,,nfl_0019,nfl_0021,23,16,0.4167,1.0,0,0.3403,0.8755
2021-11-07,2021,R,,nfl_0022,nfl_0024,24,27,0.5686,0.0,0,0.3234,0.8408
2021-11-07,2021,R,,nfl_0026,nfl_0001,17,31,0.3581,0.0,1,0.1282,0.4433
2021-11-07,2021,R,,nfl_0014,nfl_0011,13,7,0.4793,1.0,0,0.2711,0.7355
2021-11-07,2021,R,,nfl_0027,nfl_0029,16,28,0.6679,0.0,0,0.4461,1.1023
2021-11-08,2021,R,,nfl_0023,nfl_0006,29,27,0.703,1.0,1,0.0882,0.3525
2021-11-11,2021,R,,nfl_0015,nfl_0003,22,10,0.3574,1.0,0,0.4129,1.0289
2021-11-14,2021,R,,nfl_0008,nfl_0002,43,3,0.7425,1.0,1,0.0663,0.2977
2021-11-14,2021,R,,nfl_0020,nfl_0004,17,45,0.2041,0.0,1,0.0417,0.2283
2021-11-14,2021,R,,nfl_0023,nfl_0010,16,16,0.8213,0.5,0,0.1032,0.9594
2021-11-14,2021,R,,nfl_0029,nfl_0018,23,21,0.5984,1.0,1,0.1612,0.5134
2021-11-14,2021,R,,nfl_0030,nfl_0028,29,19,0.3197,1.0,0,0.4628,1.1404
2021-11-14,2021,R,,nfl_0017,nfl_0031,45,7,0.6058,1.0,1,0.1554,0.5012
2021-11-14,2021,R,,nfl_0012,nfl_0013,23,17,0.8282,1.0,1,0.0295,0.1885
2021-11-14,2021,R,,nfl_0024,nfl_0016,20,27,0.6439,0.0,0,0.4146,1.0325
2021-11-14,2021,R,,nfl_0001,nfl_0005,10,34,0.8461,0.0,0,0.7159,1.8715
2021-11-14,2021,R,,nfl_0009,nfl_0022,13,30,0.6402,0.0,0,0.4099,1.0222
2021-11-14,2021,R,,nfl_0011,nfl_0025,17,0,0.6775,1.0,1,0.104,0.3893
2021-11-14,2021,R,,nfl_0021,nfl_0014,14,41,0.534,0.0,0,0.2852,0.7636
2021-11-15,2021,R,,nfl_0026,nfl_0027,31,10,0.4329,1.0,0,0.3216,0.8372
2021-11-18,2021,R,,nfl_0002,nfl_0017,0,25,0.3263,0.0,1,0.1064,0.3949
2021-11-21,2021,R,,nfl_0004,nfl_0012,15,41,0.7543,0.0,0,0.5689,1.4035
2021-11-21,2021,R,,nfl_0006,nfl_0003,13,16,0.4437,0.0,1,0.1969,0.5864
2021-11-21,2021,R,,nfl_0029,nfl_0032,13,22,0.8579,0.0,0,0.7361,1.9516
2021-11-21,2021,R,,nfl_0013,nfl_0026,10,30,0.3667,0.0,1,0.1345,0.4568
2021-11-21,2021,R,,nfl_0022,nfl_0018,40,29,0.4713,1.0,0,0.2796,0.7523
2021-11-21,2021,R,,nfl_0005,nfl_0030,21,27,0.7039,0.0,0,0.4954,1.2169
2021-11-21,2021,R,,nfl_0031,nfl_0010,13,10,0.8445,1.0,1,0.0242,0.1691
2021-11-21,2021,R,,nfl_0016,nfl_0011,34,31,0.4486,1.0,0,0.304,0.8016
2021-11-21,2021,R,,nfl_0020,nfl_0015,17,24,0.4546,0.0,1,0.2067,0.6063
2021-11-21,2021,R,,nfl_0021,nfl_0007,13,32,0.4843,0.0,1,0.2346,0.6623
2021-11-21,2021,R,,nfl_0014,nfl_0008,19,9,0.6342,1.0,1,0.1338,0.4555
2021-11-21,2021,R,,nfl_0025,nfl_0001,13,23,0.4271,0.0,1,0.1824,0.557
2021-11-21,2021,R,,nfl_0024,nfl_0023,41,37,0.5854,1.0,1,0.1719,0.5354
2021-11-22,2021,R,,nfl_0028,nfl_0019,30,10,0.7583,1.0,1,0.0584,0.2767
2021-11-25,2021,R,,nfl_0010,nfl_0006,14,16,0.4321,0.0,1,0.1867,0.5657
2021-11-25,2021,R,,nfl_0008,nfl_0021,33,36,0.7665,0.0,0,0.5876,1.4547
2021-11-25,2021,R,,nfl_0018,nfl_0004,6,31,0.55,0.0,0,0.3025,0.7985
2021-11-28,2021,R,,nfl_0013,nfl_0002,14,21,0.4979,0.0,1,0.2479,0.689
2021-11-28,2021,R,,nfl_0007,nfl_0023,41,10,0.6608,1.0,1,0.115,0.4143
2021-11-28,2021,R,,nfl_0032,nfl_0020,14,21,0.6946,0.0,0,0.4824,1.1861
2021-11-28,2021,R,,nfl_0019,nfl_0022,13,7,0.4363,1.0,0,0.3178,0.8295
2021-11-28,2021,R,,nfl_0015,nfl_0005,33,10,0.53,1.0,1,0.2209,0.6349
2021-11-28,2021,R,,nfl_0012,nfl_0028,31,38,0.6151,0.0,0,0.3783,0.9547
2021-11-28,2021,R,,nfl_0017,nfl_0029,36,13,0.6724,1.0,1,0.1073,0.3969
2021-11-28,2021,R,,nfl_0009,nfl_0024,28,13,0.5693,1.0,1,0.1855,0.5633
2021-11-28,2021,R,,nfl_0026,nfl_0016,34,26,0.6183,1.0,1,0.1457,0.4807
2021-11-28,2021,R,,nfl_0011,nfl_0027,36,28,0.641,1.0,1,0.1289,0.4447
2021-11-28,2021,R,,nfl_0003,nfl_0031,16,10,0.6391,1.0,1,0.1303,0.4477
2021-11-29,2021,R,,nfl_0030,nfl_0025,17,15,0.5594,1.0,1,0.1941,0.5809
2021-12-02,2021,R,,nfl_0018,nfl_0008,17,27,0.5917,0.0,0,0.3501,0.8958
2021-12-05,2021,R,,nfl_0002,nfl_0028,17,30,0.3044,0.0,1,0.0926,0.363
2021-12-05,2021,R,,nfl_0006,nfl_0001,22,33,0.2939,0.0,1,0.0864,0.3479
2021-12-05,2021,R,,nfl_0007,nfl_0024,22,41,0.72,0.0,0,0.5184,1.273
2021-12-05,2021,R,,nfl_0010,nfl_0016,29,27,0.3032,1.0,0,0.4855,1.1932
2021-12-05,2021,R,,nfl_0020,nfl_0022,18,33,0.348,0.0,1,0.1211,0.4278
2021-12-05,2021,R,,nfl_0032,nfl_0012,0,31,0.2931,0.0,1,0.0859,0.3469
2021-12-05,2021,R,,nfl_0015,nfl_0019,20,9,0.6467,1.0,1,0.1248,0.4358
2021-12-05,2021,R,,nfl_0025,nfl_0026,30,23,0.4871,1.0,0,0.2631,0.7193
2021-12-05,2021,R,,nfl_0021,nfl_0030,15,17,0.5821,0.0,0,0.3388,0.8724
2021-12-05,2021,R,,nfl_0027,nfl_0013,37,7,0.8551,1.0,1,0.021,0.1566
2021-12-05,2021,R,,nfl_0023,nfl_0003,20,19,0.466,1.0,0,0.2851,0.7635
2021-12-05,2021,R,,nfl_0014,nfl_0009,22,9,0.7823,1.0,1,0.0474,0.2456
2021-12-06,2021,R,,nfl_0004,nfl_0017,10,14,0.6152,0.0,0,0.3785,0.955
2021-12-09,2021,R,,nfl_0016,nfl_0023,36,28,0.6309,1.0,1,0.1362,0.4606
2021-12-12,2021,R,,nfl_0005,nfl_0002,21,29,0.7196,0.0,0,0.5178,1.2715
2021-12-12,2021,R,,nfl_0007,nfl_0026,23,26,0.6059,0.0,0,0.3671,0.9311
2021-12-12,2021,R,,nfl_0031,nfl_0003,24,22,0.5763,1.0,1,0.1796,0.5512
2021-12-12,2021,R,,nfl_0030,nfl_0008,20,27,0.4557,0.0,1,0.2076,0.6082
2021-12-12,2021,R,,nfl_0032,nfl_0025,13,33,0.3761,0.0,1,0.1415,0.4718
2021-12-12,2021,R,,nfl_0029,nfl_0013,20,0,0.8888,1.0,1,0.0124,0.1179
2021-12-12,2021,R,,nfl_0014,nfl_0021,48,9,0.8221,1.0,1,0.0316,0.1959
2021-12-12,2021,R,,nfl_0020,nfl_0018,9,30,0.3194,0.0,1,0.102,0.3848
2021-12-12,2021,R,,nfl_0009,nfl_0010,38,10,0.8067,1.0,1,0.0374,0.2148
2021-12-12,2021,R,,nfl_0024,nfl_0019,37,21,0.7345,1.0,1,0.0705,0.3085
2021-12-12,2021,R,,nfl_0028,nfl_0004,33,27,0.6034,1.0,1,0.1573,0.5051
2021-12-12,2021,R,,nfl_0011,nfl_0006,45,30,0.8503,1.0,1,0.0224,0.1621
2021-12-13,2021,R,,nfl_0001,nfl_0027,23,30,0.7313,0.0,0,0.5347,1.314
2021-12-16,2021,R,,nfl_0024,nfl_0014,28,34,0.4582,0.0,1,0.2099,0.6129
2021-12-18,2021,R,,nfl_0012,nfl_0017,27,17,0.5224,1.0,1,0.2281,0.6494
2021-12-19,2021,R,,nfl_0004,nfl_0005,31,14,0.8267,1.0,1,0.03,0.1904
2021-12-19,2021,R,,nfl_0010,nfl_0001,30,12,0.1793,1.0,0,0.6735,1.7185
2021-12-19,2021,R,,nfl_0019,nfl_0008,6,21,0.3557,0.0,1,0.1265,0.4396
2021-12-19,2021,R,,nfl_0003,nfl_0011,30,31,0.4879,0.0,1,0.2381,0.6693
2021-12-19,2021,R,,nfl_0013,nfl_0032,16,30,0.5688,0.0,0,0.3235,0.8412
2021-12-19,2021,R,,nfl_0015,nfl_0020,31,24,0.8364,1.0,1,0.0267,0.1786
2021-12-19,2021,R,,nfl_0023,nfl_0029,19,13,0.4654,1.0,0,0.2858,0.7648
2021-12-19,2021,R,,nfl_0026,nfl_0002,31,13,0.7561,1.0,1,0.0595,0.2796
2021-12-19,2021,R,,nfl_0009,nfl_0007,10,15,0.5522,0.0,0,0.305,0.8035
2021-12-19,2021,R,,nfl_0028,nfl_0018,0,9,0.7413,0.0,0,0.5495,1.352
2021-12-20,2021,R,,nfl_0031,nfl_0021,14,16,0.7385,0.0,0,0.5453,1.3412
2021-12-20,2021,R,,nfl_0006,nfl_0016,9,17,0.4446,0.0,1,0.1977,0.588
2021-12-21,2021,R,,nfl_0022,nfl_0030,27,17,0.7239,1.0,1,0.0763,0.3232
2021-12-21,2021,R,,nfl_0027,nfl_0025,20,10,0.6768,1.0,1,0.1045,0.3904
2021-12-23,2021,R,,nfl_0029,nfl_0026,20,17,0.598,1.0,1,0.1616,0.5141
2021-12-25,2021,R,,nfl_0011,nfl_0031,24,22,0.7635,1.0,1,0.0559,0.2698
2021-12-25,2021,R,,nfl_0001,nfl_0012,16,22,0.5466,0.0,0,0.2988,0.7911
2021-12-26,2021,R,,nfl_0002,nfl_0010,20,16,0.7044,1.0,1,0.0874,0.3504
2021-12-26,2021,R,,nfl_0017,nfl_0004,21,33,0.6266,0.0,0,0.3926,0.9851
2021-12-26,2021,R,,nfl_0005,nfl_0028,6,32,0.3353,0.0,1,0.1124,0.4084
2021-12-26,2021,R,,nfl_0007,nfl_0003,41,21,0.6037,1.0,1,0.157,0.5046
2021-12-26,2021,R,,nfl_0032,nfl_0024,41,29,0.331,1.0,0,0.4476,1.1057
2021-12-26,2021,R,,nfl_0020,nfl_0013,26,21,0.649,1.0,1,0.1232,0.4323
2021-12-26,2021,R,,nfl_0016,nfl_0027,23,30,0.5231,0.0,0,0.2737,0.7405
2021-12-26,2021,R,,nfl_0022,nfl_0019,34,10,0.7926,1.0,1,0.043,0.2325
2021-12-26,2021,R,,nfl_0025,nfl_0006,24,25,0.7617,0.0,0,0.5802,1.4343
2021-12-26,2021,R,,nfl_0021,nfl_0009,17,13,0.5224,1.0,1,0.2281,0.6493
2021-12-26,2021,R,,nfl_0014,nfl_0023,36,10,0.8088,1.0,1,0.0365,0.2122
2021-12-26,2021,R,,nfl_0008,nfl_0030,56,14,0.7716,1.0,1,0.0522,0.2593
2021-12-27,2021,R,,nfl_0018,nfl_0015,3,20,0.6925,0.0,0,0.4796,1.1793
2022-01-02,2021,R,,nfl_0004,nfl_0002,29,15,0.8702,1.0,1,0.0169,0.1391
2022-01-02,2021,R,,nfl_0018,nfl_0005,18,10,0.7497,1.0,1,0.0627,0.2881
2022-01-02,2021,R,,nfl_0006,nfl_0019,29,3,0.6347,1.0,1,0.1334,0.4546
2022-01-02,2021,R,,nfl_0007,nfl_0014,34,31,0.4648,1.0,0,0.2864,0.7662
2022-01-02,2021,R,,nfl_0012,nfl_0021,20,23,0.8342,0.0,0,0.6959,1.797
2022-01-02,2021,R,,nfl_0017,nfl_0013,50,10,0.9279,1.0,1,0.0052,0.0748
2022-01-02,2021,R,,nfl_0029,nfl_0015,34,3,0.6556,1.0,1,0.1186,0.4223
2022-01-02,2021,R,,nfl_0020,nfl_0028,24,28,0.1795,0.0,1,0.0322,0.1978
2022-01-02,2021,R,,nfl_0030,nfl_0022,16,20,0.4446,0.0,1,0.1977,0.5881
2022-01-02,2021,R,,nfl_0024,nfl_0009,34,13,0.6579,1.0,1,0.117,0.4187
2022-01-02,2021,R,,nfl_0026,nfl_0032,23,7,0.8133,1.0,1,0.0348,0.2066
2022-01-02,2021,R,,nfl_0008,nfl_0001,22,25,0.6617,0.0,0,0.4379,1.084
2022-01-02,2021,R,,nfl_0025,nfl_0010,51,29,0.8145,1.0,1,0.0344,0.2052
2022-01-02,2021,R,,nfl_0003,nfl_0027,19,20,0.4875,0.0,1,0.2377,0.6685
2022-01-02,2021,R,,nfl_0011,nfl_0016,37,10,0.7652,1.0,1,0.0551,0.2676
2022-01-03,2021,R,,nfl_0023,nfl_0031,26,14,0.5403,1.0,1,0.2114,0.6157
2022-01-08,2021,R,,nfl_0009,nfl_0014,24,28,0.3071,0.0,1,0.0943,0.3668
2022-01-08,2021,R,,nfl_0022,nfl_0008,26,51,0.5185,0.0,0,0.2688,0.7309
2022-01-09,2021,R,,nfl_0002,nfl_0018,20,30,0.4224,0.0,1,0.1784,0.5489
2022-01-09,2021,R,,nfl_0028,nfl_0005,41,17,0.8651,1.0,1,0.0182,0.145
2022-01-09,2021,R,,nfl_0016,nfl_0006,31,17,0.6878,1.0,1,0.0974,0.3742
2022-01-09,2021,R,,nfl_0031,nfl_0007,21,16,0.4581,1.0,0,0.2937,0.7807
2022-01-09,2021,R,,nfl_0013,nfl_0012,26,11,0.1436,1.0,0,0.7334,1.9406
2022-01-09,2021,R,,nfl_0010,nfl_0011,37,30,0.1697,1.0,0,0.6894,1.7738
2022-01-09,2021,R,,nfl_0032,nfl_0029,25,28,0.2894,0.0,1,0.0838,0.3417
2022-01-09,2021,R,,nfl_0015,nfl_0017,33,24,0.4199,1.0,0,0.3365,0.8678
2022-01-09,2021,R,,nfl_0019,nfl_0030,7,22,0.501,0.0,0,0.251,0.6951
2022-01-09,2021,R,,nfl_0003,nfl_0023,13,16,0.6342,0.0,0,0.4022,1.0056
2022-01-09,2021,R,,nfl_0004,nfl_0020,27,10,0.9294,1.0,1,0.005,0.0732
2022-01-09,2021,R,,nfl_0001,nfl_0025,30,38,0.7,0.0,0,0.49,1.204
2022-01-09,2021,R,,nfl_0027,nfl_0026,24,27,0.6625,0.0,0,0.439,1.0863
2022-01-09,2021,R,,nfl_0021,nfl_0024,35,32,0.4945,1.0,0,0.2555,0.7041
2022-01-15,2021,P,WC,nfl_0007,nfl_0021,26,19,0.7332,1.0,1,0.0712,0.3103
2022-01-15,2021,P,WC,nfl_0004,nfl_0017,47,17,0.6963,1.0,1,0.0923,0.362
2022-01-16,2021,P,WC,nfl_0028,nfl_0022,31,15,0.7604,1.0,1,0.0574,0.2739
2022-01-16,2021,P,WC,nfl_0008,nfl_0026,17,23,0.721,0.0,0,0.5199,1.2766
2022-01-16,2021,P,WC,nfl_0014,nfl_0023,42,21,0.8,1.0,1,0.04,0.2232
2022-01-17,2021,P,WC,nfl_0027,nfl_0001,34,11,0.6355,1.0,1,0.1329,0.4533
2022-01-22,2021,P,DV,nfl_0029,nfl_0007,16,19,0.6629,0.0,0,0.4394,1.0873
2022-01-22,2021,P,DV,nfl_0011,nfl_0026,10,13,0.6954,0.0,0,0.4836,1.1888
2022-01-23,2021,P,DV,nfl_0028,nfl_0027,27,30,0.6681,0.0,0,0.4463,1.1029
2022-01-23,2021,P,DV,nfl_0014,nfl_0004,42,36,0.5478,1.0,1,0.2045,0.6019
2022-01-30,2021,P,CC,nfl_0014,nfl_0007,24,27,0.7164,0.0,0,0.5132,1.2602
2022-01-30,2021,P,CC,nfl_0027,nfl_0026,20,17,0.6371,1.0,1,0.1317,0.4508
2022-09-08,2022,R,,nfl_0027,nfl_0004,10,31,0.5814,0.0,0,0.3381,0.8709
2022-09-11,2022,R,,nfl_0002,nfl_0018,26,27,0.535,0.0,0,0.2863,0.7658
2022-09-11,2022,R,,nfl_0005,nfl_0031,24,26,0.5535,0.0,0,0.3064,0.8063
2022-09-11,2022,R,,nfl_0006,nfl_0026,19,10,0.526,1.0,1,0.2247,0.6425
2022-09-11,2022,R,,nfl_0007,nfl_0023,20,23,0.6489,0.0,0,0.4211,1.0467
2022-09-11,2022,R,,nfl_0032,nfl_0012,20,20,0.5023,0.5,0,0.0,0.6932
2022-09-11,2022,R,,nfl_0010,nfl_0022,35,38,0.5291,0.0,0,0.2799,0.753
2022-09-11,2022,R,,nfl_0030,nfl_0013,28,22,0.6697,1.0,1,0.1091,0.4009
2022-09-11,2022,R,,nfl_0015,nfl_0017,20,7,0.5777,1.0,1,0.1783,0.5487
2022-09-11,2022,R,,nfl_0020,nfl_0003,9,24,0.5171,0.0,0,0.2674,0.728
2022-09-11,2022,R,,nfl_0001,nfl_0014,21,44,0.5455,0.0,0,0.2976,0.7886
2022-09-11,2022,R,,nfl_0016,nfl_0011,23,7,0.5565,1.0,1,0.1967,0.5861
2022-09-11,2022,R,,nfl_0029,nfl_0019,20,21,0.7009,0.0,0,0.4912,1.2068
2022-09-11,2022,R,,nfl_0024,nfl_0021,24,19,0.6304,1.0,1,0.1366,0.4615
2022-09-11,2022,R,,nfl_0008,nfl_0028,3,19,0.5958,0.0,0,0.355,0.9058
2022-09-12,2022,R,,nfl_0025,nfl_0009,17,16,0.6447,1.0,1,0.1262,0.4389
2022-09-15,2022,R,,nfl_0014,nfl_0024,27,24,0.7,1.0,1,0.09,0.3567
2022-09-18,2022,R,,nfl_0019,nfl_0005,19,16,0.6115,1.0,1,0.151,0.4919
2022-09-18,2022,R,,nfl_0031,nfl_0020,30,31,0.7328,0.0,0,0.537,1.3197
2022-09-18,2022,R,,nfl_0013,nfl_0012,24,0,0.4536,1.0,0,0.2985,0.7905
2022-09-18,2022,R,,nfl_0010,nfl_0030,36,27,0.5176,1.0,1,0.2327,0.6585
2022-09-18,2022,R,,nfl_0003,nfl_0015,38,42,0.5991,0.0,0,0.3589,0.9141
2022-09-18,2022,R,,nfl_0018,nfl_0028,10,20,0.521,0.0,0,0.2714,0.7361
2022-09-18,2022,R,,nfl_0023,nfl_0017,14,17,0.6174,0.0,0,0.3811,0.9607
2022-09-18,2022,R,,nfl_0027,nfl_0002,31,27,0.6676,1.0,1,0.1105,0.4041
2022-09-18,2022,R,,nfl_0026,nfl_0025,27,7,0.5953,1.0,1,0.1638,0.5188
2022-09-18,2022,R,,nfl_0008,nfl_0007,20,17,0.5781,1.0,1,0.178,0.5481
2022-09-18,2022,R,,nfl_0021,nfl_0001,23,29,0.6091,0.0,0,0.371,0.9392
2022-09-18,2022,R,,nfl_0009,nfl_0032,16,9,0.6178,1.0,1,0.1461,0.4816
2022-09-18,2022,R,,nfl_0011,nfl_0006,27,10,0.6158,1.0,1,0.1476,0.4848
2022-09-19,2022,R,,nfl_0004,nfl_0029,41,7,0.7263,1.0,1,0.0749,0.3197
2022-09-19,2022,R,,nfl_0022,nfl_0016,24,7,0.575,1.0,1,0.1806,0.5534
2022-09-22,2022,R,,nfl_0031,nfl_0023,29,17,0.6102,1.0,1,0.1519,0.4939
2022-09-25,2022,R,,nfl_0015,nfl_0004,21,19,0.4947,1.0,0,0.2554,0.7039
2022-09-25,2022,R,,nfl_0005,nfl_0018,22,14,0.5227,1.0,1,0.2278,0.6487
2022-09-25,2022,R,,nfl_0006,nfl_0032,23,20,0.635,1.0,1,0.1332,0.4542
2022-09-25,2022,R,,nfl_0020,nfl_0007,12,27,0.4783,0.0,1,0.2288,0.6507
2022-09-25,2022,R,,nfl_0012,nfl_0014,20,17,0.4189,1.0,0,0.3377,0.8702
2022-09-25,2022,R,,nfl_0016,nfl_0010,28,24,0.6598,1.0,1,0.1157,0.4158
2022-09-25,2022,R,,nfl_0017,nfl_0003,26,37,0.6031,0.0,0,0.3638,0.9241
2022-09-25,2022,R,,nfl_0029,nfl_0021,24,22,0.6286,1.0,1,0.1379,0.4642
2022-09-25,2022,R,,nfl_0030,nfl_0022,8,24,0.516,0.0,0,0.2663,0.7257
2022-09-25,2022,R,,nfl_0024,nfl_0013,10,38,0.6656,0.0,0,0.443,1.0954
2022-09-25,2022,R,,nfl_0025,nfl_0002,23,27,0.6533,0.0,0,0.4268,1.0592
2022-09-25,2022,R,,nfl_0001,nfl_0027,12,20,0.5652,0.0,0,0.3194,0.8328
2022-09-25,2022,R,,nfl_0028,nfl_0011,12,14,0.7013,0.0,0,0.4919,1.2084
2022-09-25,2022,R,,nfl_0009,nfl_0026,11,10,0.529,1.0,1,0.2219,0.6368
2022-09-26,2022,R,,nfl_0019,nfl_0008,16,23,0.5437,0.0,0,0.2956,0.7846
2022-09-29,2022,R,,nfl_0007,nfl_0015,27,15,0.5661,1.0,1,0.1882,0.5689
2022-10-02,2022,R,,nfl_0018,nfl_0016,25,28,0.5498,0.0,0,0.3023,0.7982
2022-10-02,2022,R,,nfl_0002,nfl_0031,23,20,0.5145,1.0,1,0.2357,0.6646
2022-10-02,2022,R,,nfl_0003,nfl_0004,20,23,0.4926,0.0,1,0.2426,0.6784
2022-10-02,2022,R,,nfl_0019,nfl_0006,20,12,0.5552,1.0,1,0.1978,0.5884
2022-10-02,2022,R,,nfl_0012,nfl_0029,17,24,0.6046,0.0,0,0.3656,0.9279
2022-10-02,2022,R,,nfl_0008,nfl_0030,25,10,0.713,1.0,1,0.0824,0.3383
2022-10-02,2022,R,,nfl_0010,nfl_0025,45,48,0.5732,0.0,0,0.3285,0.8513
2022-10-02,2022,R,,nfl_0032,nfl_0024,24,34,0.5773,0.0,0,0.3333,0.8611
2022-10-02,2022,R,,nfl_0022,nfl_0013,29,21,0.6635,1.0,1,0.1133,0.4103
2022-10-02,2022,R,,nfl_0023,nfl_0020,20,24,0.7095,0.0,0,0.5034,1.2361
2022-10-02,2022,R,,nfl_0005,nfl_0001,16,26,0.6107,0.0,0,0.3729,0.9434
2022-10-02,2022,R,,nfl_0021,nfl_0009,32,23,0.5366,1.0,1,0.2148,0.6225
2022-10-02,2022,R,,nfl_0011,nfl_0017,27,24,0.686,1.0,1,0.0986,0.3769
2022-10-02,2022,R,,nfl_0028,nfl_0014,31,41,0.609,0.0,0,0.3708,0.9389
2022-10-03,2022,R,,nfl_0026,nfl_0027,24,9,0.6,1.0,1,0.16,0.5109
2022-10-06,2022,R,,nfl_0009,nfl_0012,9,12,0.6118,0.0,0,0.3743,0.9462
2022-10-09,2022,R,,nfl_0011,nfl_0019,22,27,0.7137,0.0,0,0.5094,1.2508
2022-10-09,2022,R,,nfl_0028,nfl_0002,21,15,0.7178,1.0,1,0.0796,0.3316
2022-10-09,2022,R,,nfl_0004,nfl_0023,38,3,0.8096,1.0,1,0.0362,0.2112
2022-10-09,2022,R,,nfl_0016,nfl_0006,29,22,0.6958,1.0,1,0.0925,0.3627
2022-10-09,2022,R,,nfl_0031,nfl_0024,28,30,0.6459,0.0,0,0.4172,1.0383
2022-10-09,2022,R,,nfl_0017,nfl_0010,29,0,0.6633,1.0,1,0.1134,0.4106
2022-10-09,2022,R,,nfl_0013,nfl_0032,6,13,0.7411,0.0,0,0.5493,1.3515
2022-10-09,2022,R,,nfl_0020,nfl_0015,40,17,0.414,1.0,0,0.3434,0.8818
2022-10-09,2022,R,,nfl_0018,nfl_0025,39,32,0.5802,1.0,1,0.1762,0.5443
2022-10-09,2022,R,,nfl_0030,nfl_0029,17,21,0.4701,0.0,1,0.221,0.6351
2022-10-09,2022,R,,nfl_0005,nfl_0026,15,37,0.4355,0.0,1,0.1897,0.5719
2022-10-09,2022,R,,nfl_0001,nfl_0022,17,20,0.4545,0.0,1,0.2065,0.606
2022-10-09,2022,R,,nfl_0027,nfl_0008,10,22,0.5325,0.0,0,0.2836,0.7604
2022-10-09,2022,R,,nfl_0003,nfl_0007,19,17,0.5572,1.0,1,0.1961,0.5848
2022-10-10,2022,R,,nfl_0014,nfl_0021,30,29,0.7776,1.0,1,0.0495,0.2515
2022-10-13,2022,R,,nfl_0006,nfl_0030,7,12,0.6483,0.0,0,0.4203,1.045
2022-10-16,2022,R,,nfl_0002,nfl_0026,28,14,0.428,1.0,0,0.3272,0.8487
2022-10-16,2022,R,,nfl_0018,nfl_0007,26,30,0.5086,0.0,0,0.2587,0.7106
2022-10-16,2022,R,,nfl_0031,nfl_0017,15,38,0.5863,0.0,0,0.3438,0.8826
2022-10-16,2022,R,,nfl_0012,nfl_0013,34,27,0.595,1.0,1,0.164,0.5192
2022-10-16,2022,R,,nfl_0011,nfl_0020,10,27,0.6968,0.0,0,0.4856,1.1934
2022-10-16,2022,R,,nfl_0015,nfl_0016,16,24,0.5332,0.0,0,0.2843,0.7618
2022-10-16,2022,R,,nfl_0019,nfl_0003,24,20,0.5244,1.0,1,0.2262,0.6455
2022-10-16,2022,R,,nfl_0023,nfl_0028,20,18,0.3993,1.0,0,0.3608,0.918
2022-10-16,2022,R,,nfl_0027,nfl_0005,24,10,0.7011,1.0,1,0.0894,0.3551
2022-10-16,2022,R,,nfl_0025,nfl_0001,19,9,0.589,1.0,1,0.1689,0.5292
2022-10-16,2022,R,,nfl_0014,nfl_0004,20,24,0.5541,0.0,0,0.307,0.8076
2022-10-16,2022,R,,nfl_0022,nfl_0008,26,17,0.6327,1.0,1,0.1349,0.4578
2022-10-17,2022,R,,nfl_0024,nfl_0009,19,16,0.6293,1.0,1,0.1374,0.4631
2022-10-20,2022,R,,nfl_0001,nfl_0018,42,34,0.5846,1.0,1,0.1726,0.5369
2022-10-23,2022,R,,nfl_0007,nfl_0002,35,17,0.6862,1.0,1,0.0985,0.3767
2022-10-23,2022,R,,nfl_0005,nfl_0028,21,3,0.3544,1.0,0,0.4169,1.0375
2022-10-23,2022,R,,nfl_0003,nfl_0031,23,20,0.7031,1.0,1,0.0881,0.3522
2022-10-23,2022,R,,nfl_0029,nfl_0012,19,10,0.678,1.0,1,0.1037,0.3886
2022-10-23,2022,R,,nfl_0008,nfl_0010,24,6,0.766,1.0,1,0.0547,0.2665
2022-10-23,2022,R,,nfl_0030,nfl_0011,23,21,0.5267,1.0,1,0.224,0.6411
2022-10-23,2022,R,,nfl_0013,nfl_0019,17,23,0.5681,0.0,0,0.3228,0.8396
2022-10-23,2022,R,,nfl_0021,nfl_0032,38,20,0.6386,1.0,1,0.1306,0.4485
2022-10-23,2022,R,,nfl_0009,nfl_0020,9,16,0.5349,0.0,0,0.2861,0.7655
2022-10-23,2022,R,,nfl_0026,nfl_0014,23,44,0.5377,0.0,0,0.2891,0.7715
2022-10-23,2022,R,,nfl_0024,nfl_0025,23,37,0.6098,0.0,0,0.3719,0.9411
2022-10-23,2022,R,,nfl_0015,nfl_0023,16,10,0.6393,1.0,1,0.1301,0.4474
2022-10-24,2022,R,,nfl_0017,nfl_0006,14,33,0.7522,0.0,0,0.5658,1.3952
2022-10-27,2022,R,,nfl_0028,nfl_0003,22,27,0.5868,0.0,0,0.3443,0.8838
2022-10-30,2022,R,,nfl_0013,nfl_0009,17,21,0.6244,0.0,0,0.3899,0.9793
2022-10-30,2022,R,,nfl_0010,nfl_0015,27,31,0.4666,0.0,1,0.2177,0.6285
2022-10-30,2022,R,,nfl_0022,nfl_0023,35,13,0.8331,1.0,1,0.0279,0.1826
2022-10-30,2022,R,,nfl_0002,nfl_0005,37,34,0.6647,1.0,1,0.1124,0.4085
2022-10-30,2022,R,,nfl_0008,nfl_0006,49,29,0.7382,1.0,1,0.0685,0.3035
2022-10-30,2022,R,,nfl_0016,nfl_0001,34,26,0.7242,1.0,1,0.0761,0.3227
2022-10-30,2022,R,,nfl_0018,nfl_0021,24,0,0.5558,1.0,1,0.1973,0.5873
2022-10-30,2022,R,,nfl_0020,nfl_0017,17,22,0.6244,0.0,0,0.3898,0.9791
2022-10-30,2022,R,,nfl_0032,nfl_0029,10,17,0.4153,0.0,1,0.1724,0.5366
2022-10-30,2022,R,,nfl_0027,nfl_0026,14,31,0.5989,0.0,0,0.3587,0.9136
2022-10-30,2022,R,,nfl_0012,nfl_0030,16,17,0.6562,0.0,0,0.4306,1.0678
2022-10-30,2022,R,,nfl_0025,nfl_0019,27,13,0.6054,1.0,1,0.1557,0.5018
2022-10-30,2022,R,,nfl_0004,nfl_0011,27,17,0.8328,1.0,1,0.0279,0.1829
2022-10-31,2022,R,,nfl_0031,nfl_0007,32,13,0.41,1.0,0,0.3481,0.8917
2022-11-03,2022,R,,nfl_0032,nfl_0022,17,29,0.2863,0.0,1,0.082,0.3374
2022-11-06,2022,R,,nfl_0020,nfl_0004,20,17,0.3598,1.0,0,0.4098,1.0221
2022-11-06,2022,R,,nfl_0010,nfl_0011,15,9,0.4634,1.0,0,0.288,0.7693
2022-11-06,2022,R,,nfl_0030,nfl_0016,17,20,0.4314,0.0,1,0.1861,0.5646
2022-11-06,2022,R,,nfl_0002,nfl_0024,17,20,0.5934,0.0,0,0.3521,0.8999
2022-11-06,2022,R,,nfl_0007,nfl_0005,42,21,0.74,1.0,1,0.0676,0.3011
2022-11-06,2022,R,,nfl_0006,nfl_0015,32,35,0.5457,0.0,0,0.2978,0.7891
2022-11-06,2022,R,,nfl_0017,nfl_0012,26,3,0.6795,1.0,1,0.1027,0.3864
2022-11-06,2022,R,,nfl_0013,nfl_0021,27,20,0.5773,1.0,1,0.1787,0.5494
2022-11-06,2022,R,,nfl_0001,nfl_0025,21,31,0.4902,0.0,1,0.2403,0.6737
2022-11-06,2022,R,,nfl_0028,nfl_0027,16,13,0.6783,1.0,1,0.1035,0.3881
2022-11-06,2022,R,,nfl_0014,nfl_0029,20,17,0.7393,1.0,1,0.068,0.302
2022-11-07,2022,R,,nfl_0018,nfl_0003,13,27,0.4971,0.0,1,0.2471,0.6873
2022-11-10,2022,R,,nfl_0005,nfl_0002,25,15,0.5148,1.0,1,0.2354,0.664
2022-11-13,2022,R,,nfl_0028,nfl_0025,21,16,0.5363,1.0,1,0.215,0.623
2022-11-13,2022,R,,nfl_0004,nfl_0016,30,33,0.7005,0.0,0,0.4906,1.2055
2022-11-13,2022,R,,nfl_0015,nfl_0031,39,17,0.6031,1.0,1,0.1576,0.5057
2022-11-13,2022,R,,nfl_0029,nfl_0009,17,10,0.6983,1.0,1,0.091,0.3591
2022-11-13,2022,R,,nfl_0019,nfl_0032,24,16,0.747,1.0,1,0.064,0.2917
2022-11-13,2022,R,,nfl_0006,nfl_0010,30,31,0.6662,0.0,0,0.4438,1.0971
2022-11-13,2022,R,,nfl_0014,nfl_0013,27,17,0.8213,1.0,1,0.0319,0.1969
2022-11-13,2022,R,,nfl_0023,nfl_0018,20,10,0.5832,1.0,1,0.1737,0.5392
2022-11-13,2022,R,,nfl_0021,nfl_0012,20,25,0.5959,0.0,0,0.3551,0.9061
2022-11-13,2022,R,,nfl_0011,nfl_0008,31,28,0.3792,1.0,0,0.3854,0.9698
2022-11-13,2022,R,,nfl_0027,nfl_0001,17,27,0.6157,0.0,0,0.379,0.9562
2022-11-13,2022,R,,nfl_0026,nfl_0024,22,16,0.7388,1.0,1,0.0682,0.3028
2022-11-14,2022,R,,nfl_0022,nfl_0030,21,32,0.8297,0.0,0,0.6884,1.7702
2022-11-17,2022,R,,nfl_0011,nfl_0029,17,27,0.4635,0.0,1,0.2148,0.6227
2022-11-20,2022,R,,nfl_0004,nfl_0031,31,23,0.8195,1.0,1,0.0326,0.1991
2022-11-20,2022,R,,nfl_0019,nfl_0010,18,31,0.7252,0.0,0,0.526,1.2918
2022-11-20,2022,R,,nfl_0032,nfl_0030,10,23,0.4668,0.0,1,0.2179,0.6289
2022-11-20,2022,R,,nfl_0017,nfl_0020,10,3,0.6543,1.0,1,0.1195,0.4242
2022-11-20,2022,R,,nfl_0002,nfl_0006,27,24,0.6325,1.0,1,0.1351,0.4581
2022-11-20,2022,R,,nfl_0003,nfl_0005,13,3,0.7865,1.0,1,0.0456,0.2402
2022-11-20,2022,R,,nfl_0012,nfl_0022,16,17,0.4136,0.0,1,0.1711,0.5338
2022-11-20,2022,R,,nfl_0018,nfl_0027,27,20,0.6337,1.0,1,0.1342,0.4562
2022-11-20,2022,R,,nfl_0009,nfl_0021,16,22,0.6309,0.0,0,0.3981,0.9967
2022-11-20,2022,R,,nfl_0023,nfl_0007,30,37,0.4027,0.0,1,0.1622,0.5153
2022-11-20,2022,R,,nfl_0016,nfl_0008,3,40,0.6146,0.0,0,0.3777,0.9534
2022-11-20,2022,R,,nfl_0024,nfl_0014,27,30,0.3459,0.0,1,0.1196,0.4244
2022-11-21,2022,R,,nfl_0001,nfl_0026,10,38,0.4556,0.0,1,0.2076,0.6081
2022-11-24,2022,R,,nfl_0010,nfl_0004,25,28,0.311,0.0,1,0.0967,0.3725
2022-11-24,2022,R,,nfl_0008,nfl_0019,28,20,0.8063,1.0,1,0.0375,0.2153
2022-11-24,2022,R,,nfl_0016,nfl_0017,33,26,0.5496,1.0,1,0.2028,0.5985
2022-11-27,2022,R,,nfl_0029,nfl_0007,16,20,0.6256,0.0,0,0.3914,0.9826
2022-11-27,2022,R,,nfl_0031,nfl_0028,23,17,0.4545,1.0,0,0.2976,0.7885
2022-11-27,2022,R,,nfl_0015,nfl_0032,30,15,0.8307,1.0,1,0.0286,0.1854
2022-11-27,2022,R,,nfl_0013,nfl_0003,28,27,0.4392,1.0,0,0.3145,0.8227
2022-11-27,2022,R,,nfl_0030,nfl_0002,19,13,0.659,1.0,1,0.1163,0.4171
2022-11-27,2022,R,,nfl_0005,nfl_0009,23,10,0.589,1.0,1,0.169,0.5294
2022-11-27,2022,R,,nfl_0020,nfl_0006,31,10,0.7018,1.0,1,0.0889,0.3541
2022-11-27,2022,R,,nfl_0025,nfl_0021,34,40,0.7649,0.0,0,0.5851,1.4477
2022-11-27,2022,R,,nfl_0001,nfl_0024,24,25,0.5456,0.0,0,0.2977,0.7888
2022-11-27,2022,R,,nfl_0014,nfl_0027,26,10,0.8668,1.0,1,0.0177,0.1429
2022-11-27,2022,R,,nfl_0026,nfl_0018,13,0,0.7809,1.0,1,0.048,0.2473
2022-11-27,2022,R,,nfl_0022,nfl_0011,40,33,0.7863,1.0,1,0.0457,0.2404
2022-11-28,2022,R,,nfl_0012,nfl_0023,17,24,0.6457,0.0,0,0.417,1.0378
2022-12-01,2022,R,,nfl_0017,nfl_0004,10,24,0.4494,0.0,1,0.202,0.5968
2022-12-04,2022,R,,nfl_0032,nfl_0031,14,27,0.4418,0.0,1,0.1952,0.5831
2022-12-04,2022,R,,nfl_0003,nfl_0009,10,9,0.7977,1.0,1,0.0409,0.226
2022-12-04,2022,R,,nfl_0010,nfl_0013,40,14,0.5817,1.0,1,0.1749,0.5417
2022-12-04,2022,R,,nfl_0016,nfl_0020,27,22,0.6409,1.0,1,0.129,0.4449
2022-12-04,2022,R,,nfl_0019,nfl_0030,20,20,0.5464,0.5,0,0.0022,0.6975
2022-12-04,2022,R,,nfl_0022,nfl_0029,35,10,0.6681,1.0,1,0.1101,0.4033
2022-12-04,2022,R,,nfl_0002,nfl_0023,16,19,0.6084,0.0,0,0.3701,0.9375
2022-12-04,2022,R,,nfl_0006,nfl_0011,19,28,0.5495,0.0,0,0.302,0.7975
2022-12-04,2022,R,,nfl_0026,nfl_0015,33,17,0.7018,1.0,1,0.0889,0.3541
2022-12-04,2022,R,,nfl_0027,nfl_0025,23,27,0.4139,0.0,1,0.1713,0.5343
2022-12-04,2022,R,,nfl_0007,nfl_0014,27,24,0.4867,1.0,0,0.2635,0.7201
2022-12-04,2022,R,,nfl_0021,nfl_0024,27,20,0.5792,1.0,1,0.1771,0.5461
2022-12-04,2022,R,,nfl_0008,nfl_0012,54,19,0.8441,1.0,1,0.0243,0.1695
2022-12-05,2022,R,,nfl_0028,nfl_0018,17,16,0.695,1.0,1,0.093,0.3638
2022-12-08,2022,R,,nfl_0027,nfl_0021,17,16,0.4894,1.0,0,0.2607,0.7146
2022-12-11,2022,R,,nfl_0004,nfl_0020,20,12,0.8076,1.0,1,0.037,0.2137
2022-12-11,2022,R,,nfl_0007,nfl_0031,23,10,0.7486,1.0,1,0.0632,0.2896
2022-12-11,2022,R,,nfl_0008,nfl_0032,27,23,0.9137,1.0,1,0.0074,0.0902
2022-12-11,2022,R,,nfl_0010,nfl_0016,34,23,0.482,1.0,0,0.2683,0.7298
2022-12-11,2022,R,,nfl_0029,nfl_0013,22,36,0.7489,0.0,0,0.5608,1.3818
2022-12-11,2022,R,,nfl_0019,nfl_0022,22,48,0.3538,0.0,1,0.1251,0.4366
2022-12-11,2022,R,,nfl_0023,nfl_0003,14,16,0.4315,0.0,1,0.1862,0.5647
2022-12-11,2022,R,,nfl_0009,nfl_0014,28,34,0.266,0.0,1,0.0708,0.3092
2022-12-11,2022,R,,nfl_0025,nfl_0005,24,30,0.705,0.0,0,0.4971,1.2209
2022-12-11,2022,R,,nfl_0026,nfl_0028,35,7,0.7504,1.0,1,0.0623,0.2872
2022-12-11,2022,R,,nfl_0024,nfl_0015,23,17,0.5007,1.0,1,0.2493,0.6918
2022-12-12,2022,R,,nfl_0001,nfl_0017,13,27,0.4603,0.0,1,0.2119,0.6167
2022-12-15,2022,R,,nfl_0025,nfl_0026,13,21,0.4178,0.0,1,0.1746,0.541
2022-12-17,2022,R,,nfl_0016,nfl_0012,39,36,0.7053,1.0,1,0.0868,0.3491
2022-12-17,2022,R,,nfl_0031,nfl_0003,13,3,0.4293,1.0,0,0.3257,0.8456
2022-12-17,2022,R,,nfl_0004,nfl_0015,32,29,0.804,1.0,1,0.0384,0.2181
2022-12-18,2022,R,,nfl_0018,nfl_0002,21,18,0.6055,1.0,1,0.1557,0.5018
2022-12-18,2022,R,,nfl_0005,nfl_0023,16,24,0.6138,0.0,0,0.3768,0.9515
2022-12-18,2022,R,,nfl_0006,nfl_0022,20,25,0.2538,0.0,1,0.0644,0.2928
2022-12-18,2022,R,,nfl_0013,nfl_0008,40,34,0.3177,1.0,0,0.4656,1.1467
2022-12-18,2022,R,,nfl_0020,nfl_0010,17,20,0.6196,0.0,0,0.3839,0.9665
2022-12-18,2022,R,,nfl_0032,nfl_0014,24,30,0.1774,0.0,1,0.0315,0.1952
2022-12-18,2022,R,,nfl_0009,nfl_0001,24,15,0.6121,1.0,1,0.1504,0.4908
2022-12-18,2022,R,,nfl_0021,nfl_0017,30,24,0.4911,1.0,0,0.259,0.7111
2022-12-18,2022,R,,nfl_0028,nfl_0007,23,34,0.4521,0.0,1,0.2044,0.6016
2022-12-18,2022,R,,nfl_0024,nfl_0029,17,14,0.5561,1.0,1,0.1971,0.5869
2022-12-18,2022,R,,nfl_0030,nfl_0019,12,20,0.7256,0.0,0,0.5265,1.2932
2022-12-19,2022,R,,nfl_0011,nfl_0027,24,12,0.6959,1.0,1,0.0925,0.3625
2022-12-22,2022,R,,nfl_0020,nfl_0013,3,19,0.6233,0.0,0,0.3885,0.9763
2022-12-24,2022,R,,nfl_0003,nfl_0002,17,9,0.7804,1.0,1,0.0482,0.2479
2022-12-24,2022,R,,nfl_0006,nfl_0004,13,35,0.1931,0.0,1,0.0373,0.2145
2022-12-24,2022,R,,nfl_0005,nfl_0010,37,23,0.513,1.0,1,0.2371,0.6674
2022-12-24,2022,R,,nfl_0017,nfl_0007,18,22,0.4692,0.0,1,0.2202,0.6335
2022-12-24,2022,R,,nfl_0031,nfl_0018,10,17,0.6632,0.0,0,0.4399,1.0884
2022-12-24,2022,R,,nfl_0029,nfl_0032,14,19,0.8027,0.0,0,0.6443,1.623
2022-12-24,2022,R,,nfl_0014,nfl_0025,24,10,0.7831,1.0,1,0.0471,0.2445
2022-12-24,2022,R,,nfl_0016,nfl_0019,27,24,0.7005,1.0,1,0.0897,0.356
2022-12-24,2022,R,,nfl_0026,nfl_0030,37,20,0.8208,1.0,1,0.0321,0.1974
2022-12-24,2022,R,,nfl_0008,nfl_0022,40,34,0.5793,1.0,1,0.177,0.546
2022-12-24,2022,R,,nfl_0023,nfl_0021,13,10,0.5965,1.0,1,0.1628,0.5167
2022-12-25,2022,R,,nfl_0015,nfl_0011,20,26,0.6533,0.0,0,0.4267,1.0592
2022-12-25,2022,R,,nfl_0027,nfl_0009,51,14,0.5523,1.0,1,0.2004,0.5936
2022-12-25,2022,R,,nfl_0001,nfl_0028,16,19,0.4585,0.0,1,0.2102,0.6134
2022-12-26,2022,R,,nfl_0012,nfl_0024,3,20,0.5263,0.0,0,0.277,0.7471
2022-12-29,2022,R,,nfl_0029,nfl_0008,13,27,0.3305,0.0,1,0.1092,0.4012
2023-01-01,2022,R,,nfl_0002,nfl_0001,20,19,0.6606,1.0,1,0.1152,0.4146
2023-01-01,2022,R,,nfl_0028,nfl_0005,30,24,0.6348,1.0,1,0.1334,0.4545
2023-01-01,2022,R,,nfl_0010,nfl_0006,41,10,0.7442,1.0,1,0.0654,0.2954
2023-01-01,2022,R,,nfl_0030,nfl_0031,10,24,0.6074,0.0,0,0.369,0.935
2023-01-01,2022,R,,nfl_0019,nfl_0012,38,10,0.6938,1.0,1,0.0938,0.3656
2023-01-01,2022,R,,nfl_0014,nfl_0009,27,24,0.8995,1.0,1,0.0101,0.1059
2023-01-01,2022,R,,nfl_0032,nfl_0013,3,31,0.3632,0.0,1,0.1319,0.4512
2023-01-01,2022,R,,nfl_0017,nfl_0015,23,21,0.6524,1.0,1,0.1208,0.4271
2023-01-01,2022,R,,nfl_0022,nfl_0018,10,20,0.8163,0.0,0,0.6663,1.6944
2023-01-01,2022,R,,nfl_0025,nfl_0020,23,6,0.6535,1.0,1,0.12,0.4254
2023-01-01,2022,R,,nfl_0021,nfl_0026,34,37,0.3128,0.0,1,0.0978,0.3751
2023-01-01,2022,R,,nfl_0011,nfl_0016,41,17,0.5342,1.0,1,0.217,0.627
2023-01-01,2022,R,,nfl_0024,nfl_0027,31,10,0.6996,1.0,1,0.0903,0.3573
2023-01-01,2022,R,,nfl_0003,nfl_0023,13,16,0.7182,0.0,0,0.5158,1.2665
2023-01-07,2022,R,,nfl_0021,nfl_0014,13,31,0.3074,0.0,1,0.0945,0.3673
2023-01-07,2022,R,,nfl_0013,nfl_0029,20,16,0.6919,1.0,1,0.0949,0.3683
2023-01-08,2022,R,,nfl_0004,nfl_0017,35,23,0.8237,1.0,1,0.0311,0.194
2023-01-08,2022,R,,nfl_0007,nfl_0003,27,16,0.7337,1.0,1,0.0709,0.3096
2023-01-08,2022,R,,nfl_0002,nfl_0028,30,17,0.4852,1.0,0,0.265,0.7231
2023-01-08,2022,R,,nfl_0018,nfl_0005,7,10,0.665,0.0,0,0.4422,1.0936
2023-01-08,2022,R,,nfl_0006,nfl_0016,13,29,0.3777,0.0,1,0.1427,0.4744
2023-01-08,2022,R,,nfl_0023,nfl_0031,28,14,0.6004,1.0,1,0.1597,0.5102
2023-01-08,2022,R,,nfl_0012,nfl_0032,31,32,0.6741,0.0,0,0.4545,1.1213
2023-01-08,2022,R,,nfl_0015,nfl_0020,11,6,0.6635,1.0,1,0.1132,0.4102
2023-01-08,2022,R,,nfl_0026,nfl_0001,38,13,0.8988,1.0,1,0.0102,0.1067
2023-01-08,2022,R,,nfl_0030,nfl_0008,26,6,0.2725,1.0,0,0.5292,1.3
2023-01-08,2022,R,,nfl_0009,nfl_0024,31,28,0.384,1.0,0,0.3795,0.9571
2023-01-08,2022,R,,nfl_0022,nfl_0019,22,16,0.7834,1.0,1,0.0469,0.2442
2023-01-08,2022,R,,nfl_0025,nfl_0027,19,16,0.7392,1.0,1,0.068,0.3022
2023-01-08,2022,R,,nfl_0011,nfl_0010,16,20,0.6412,0.0,0,0.4112,1.025
2023-01-14,2022,P,WC,nfl_0026,nfl_0025,41,23,0.7966,1.0,1,0.0414,0.2274
2023-01-14,2022,P,WC,nfl_0013,nfl_0024,31,30,0.6489,1.0,1,0.1233,0.4325
2023-01-15,2022,P,WC,nfl_0004,nfl_0015,34,31,0.8391,1.0,1,0.0259,0.1755
2023-01-15,2022,P,WC,nfl_0016,nfl_0019,24,31,0.6686,0.0,0,0.4471,1.1046
2023-01-15,2022,P,WC,nfl_0007,nfl_0003,24,17,0.7321,1.0,1,0.0718,0.3118
2023-01-16,2022,P,WC,nfl_0028,nfl_0008,14,31,0.3745,0.0,1,0.1403,0.4692
2023-01-21,2022,P,DV,nfl_0014,nfl_0013,27,20,0.8017,1.0,1,0.0393,0.221
2023-01-21,2022,P,DV,nfl_0022,nfl_0019,38,7,0.7969,1.0,1,0.0413,0.227
2023-01-22,2022,P,DV,nfl_0004,nfl_0007,10,27,0.6742,0.0,0,0.4545,1.1213
2023-01-22,2022,P,DV,nfl_0026,nfl_0008,19,12,0.6626,1.0,1,0.1138,0.4116
2023-01-29,2022,P,CC,nfl_0022,nfl_0026,31,7,0.5314,1.0,1,0.2196,0.6322
2023-01-29,2022,P,CC,nfl_0014,nfl_0007,23,20,0.6123,1.0,1,0.1503,0.4906
2023-09-07,2023,R,,nfl_0014,nfl_0010,20,21,0.6791,0.0,0,0.4611,1.1365
2023-09-10,2023,R,,nfl_0002,nfl_0005,24,10,0.5939,1.0,1,0.1649,0.5211
2023-09-10,2023,R,,nfl_0031,nfl_0007,24,3,0.5125,1.0,1,0.2377,0.6685
2023-09-10,2023,R,,nfl_0012,nfl_0013,21,31,0.5252,0.0,0,0.2759,0.7449
2023-09-10,2023,R,,nfl_0030,nfl_0001,20,16,0.6499,1.0,1,0.1226,0.431
2023-09-10,2023,R,,nfl_0003,nfl_0032,25,9,0.6851,1.0,1,0.0992,0.3783
2023-09-10,2023,R,,nfl_0016,nfl_0028,17,20,0.6188,0.0,0,0.3829,0.9644
2023-09-10,2023,R,,nfl_0018,nfl_0029,16,15,0.615,1.0,1,0.1482,0.4862
2023-09-10,2023,R,,nfl_0023,nfl_0026,7,30,0.5378,0.0,0,0.2892,0.7717
2023-09-10,2023,R,,nfl_0006,nfl_0011,20,38,0.5221,0.0,0,0.2726,0.7383
2023-09-10,2023,R,,nfl_0009,nfl_0021,16,17,0.5751,0.0,0,0.3308,0.856
2023-09-10,2023,R,,nfl_0024,nfl_0015,34,36,0.6094,0.0,0,0.3713,0.9399
2023-09-10,2023,R,,nfl_0017,nfl_0022,20,25,0.5277,0.0,0,0.2785,0.7502
2023-09-10,2023,R,,nfl_0025,nfl_0027,13,30,0.6445,0.0,0,0.4153,1.0341
2023-09-10,2023,R,,nfl_0019,nfl_0008,0,40,0.5286,0.0,0,0.2794,0.7519
2023-09-11,2023,R,,nfl_0020,nfl_0004,22,16,0.4996,1.0,0,0.2504,0.6939
2023-09-14,2023,R,,nfl_0022,nfl_0016,34,28,0.7189,1.0,1,0.079,0.33
2023-09-17,2023,R,,nfl_0002,nfl_0011,25,24,0.556,1.0,1,0.1971,0.5869
2023-09-17,2023,R,,nfl_0004,nfl_0021,38,10,0.6502,1.0,1,0.1224,0.4305
2023-09-17,2023,R,,nfl_0028,nfl_0006,27,17,0.7234,1.0,1,0.0765,0.3238
2023-09-17,2023,R,,nfl_0007,nfl_0003,24,27,0.5829,0.0,0,0.3397,0.8743
2023-09-17,2023,R,,nfl_0032,nfl_0012,20,31,0.5982,0.0,0,0.3579,0.9119
2023-09-17,2023,R,,nfl_0010,nfl_0025,31,37,0.6901,0.0,0,0.4762,1.1715
2023-09-17,2023,R,,nfl_0013,nfl_0014,9,17,0.5761,0.0,0,0.3319,0.8583
2023-09-17,2023,R,,nfl_0029,nfl_0024,27,24,0.5883,1.0,1,0.1695,0.5305
2023-09-17,2023,R,,nfl_0001,nfl_0019,28,31,0.6398,0.0,0,0.4093,1.021
2023-09-17,2023,R,,nfl_0027,nfl_0026,23,30,0.4957,0.0,1,0.2457,0.6845
2023-09-17,2023,R,,nfl_0008,nfl_0020,30,10,0.7604,1.0,1,0.0574,0.2739
2023-09-17,2023,R,,nfl_0009,nfl_0030,33,35,0.5285,0.0,0,0.2793,0.7519
2023-09-17,2023,R,,nfl_0017,nfl_0015,17,24,0.5739,0.0,0,0.3294,0.8531
2023-09-18,2023,R,,nfl_0005,nfl_0018,17,20,0.5475,0.0,0,0.2997,0.7929
2023-09-18,2023,R,,nfl_0023,nfl_0031,26,22,0.5021,1.0,1,0.2479,0.6889
2023-09-21,2023,R,,nfl_0026,nfl_0019,30,12,0.8056,1.0,1,0.0378,0.2162
2023-09-24,2023,R,,nfl_0010,nfl_0002,20,6,0.5781,1.0,1,0.178,0.5479
2023-09-24,2023,R,,nfl_0030,nfl_0004,3,37,0.5267,0.0,0,0.2774,0.748
2023-09-24,2023,R,,nfl_0031,nfl_0029,27,3,0.6379,1.0,1,0.1311,0.4496
2023-09-24,2023,R,,nfl_0003,nfl_0012,19,22,0.7086,0.0,0,0.5021,1.2331
2023-09-24,2023,R,,nfl_0015,nfl_0009,70,20,0.7199,1.0,1,0.0785,0.3286
2023-09-24,2023,R,,nfl_0011,nfl_0018,18,17,0.6348,1.0,1,0.1334,0.4544
2023-09-24,2023,R,,nfl_0013,nfl_0032,17,37,0.7511,0.0,0,0.5642,1.3909
2023-09-24,2023,R,,nfl_0016,nfl_0024,24,28,0.6017,0.0,0,0.362,0.9205
2023-09-24,2023,R,,nfl_0020,nfl_0017,10,15,0.6149,0.0,0,0.3781,0.9542
2023-09-24,2023,R,,nfl_0025,nfl_0005,37,27,0.643,1.0,1,0.1275,0.4417
2023-09-24,2023,R,,nfl_0014,nfl_0006,41,10,0.8088,1.0,1,0.0365,0.2122
2023-09-24,2023,R,,nfl_0001,nfl_0008,28,16,0.3286,1.0,0,0.4508,1.113
2023-09-24,2023,R,,nfl_0021,nfl_0023,18,23,0.5914,0.0,0,0.3497,0.8949
2023-09-25,2023,R,,nfl_0028,nfl_0022,11,25,0.4962,0.0,1,0.2462,0.6856
2023-09-25,2023,R,,nfl_0007,nfl_0027,19,16,0.6041,1.0,1,0.1567,0.504
2023-09-28,2023,R,,nfl_0011,nfl_0010,20,34,0.6248,0.0,0,0.3903,0.9802
2023-10-01,2023,R,,nfl_0013,nfl_0002,23,7,0.5537,1.0,1,0.1992,0.5912
2023-10-01,2023,R,,nfl_0004,nfl_0015,48,20,0.6707,1.0,1,0.1085,0.3995
2023-10-01,2023,R,,nfl_0005,nfl_0016,13,21,0.5652,0.0,0,0.3194,0.8328
2023-10-01,2023,R,,nfl_0006,nfl_0009,28,31,0.5675,0.0,0,0.3221,0.8382
2023-10-01,2023,R,,nfl_0029,nfl_0007,27,3,0.5348,1.0,1,0.2164,0.6258
2023-10-01,2023,R,,nfl_0031,nfl_0003,3,28,0.6202,0.0,0,0.3846,0.968
2023-10-01,2023,R,,nfl_0012,nfl_0027,23,29,0.5923,0.0,0,0.3509,0.8973
2023-10-01,2023,R,,nfl_0032,nfl_0023,30,6,0.5383,1.0,1,0.2132,0.6194
2023-10-01,2023,R,,nfl_0018,nfl_0028,9,26,0.6396,0.0,0,0.4091,1.0207
2023-10-01,2023,R,,nfl_0022,nfl_0030,34,31,0.7751,1.0,1,0.0506,0.2548
2023-10-01,2023,R,,nfl_0024,nfl_0021,24,17,0.6721,1.0,1,0.1075,0.3973
2023-10-01,2023,R,,nfl_0026,nfl_0001,35,16,0.7978,1.0,1,0.0409,0.2259
2023-10-01,2023,R,,nfl_0008,nfl_0017,38,3,0.7427,1.0,1,0.0662,0.2975
2023-10-01,2023,R,,nfl_0020,nfl_0014,20,23,0.4069,0.0,1,0.1656,0.5224
2023-10-02,2023,R,,nfl_0019,nfl_0025,3,24,0.5229,0.0,0,0.2735,0.7401
2023-10-05,2023,R,,nfl_0030,nfl_0006,20,40,0.7208,0.0,0,0.5195,1.2757
2023-10-08,2023,R,,nfl_0004,nfl_0013,20,25,0.8009,0.0,0,0.6415,1.6141
2023-10-08,2023,R,,nfl_0002,nfl_0032,21,19,0.5733,1.0,1,0.1821,0.5564
2023-10-08,2023,R,,nfl_0010,nfl_0005,42,24,0.7923,1.0,1,0.0432,0.2329
2023-10-08,2023,R,,nfl_0012,nfl_0029,23,16,0.5585,1.0,1,0.195,0.5826
2023-10-08,2023,R,,nfl_0015,nfl_0019,31,16,0.7886,1.0,1,0.0447,0.2374
2023-10-08,2023,R,,nfl_0017,nfl_0018,0,34,0.5983,0.0,0,0.358,0.9122
2023-10-08,2023,R,,nfl_0023,nfl_0003,17,10,0.4129,1.0,0,0.3447,0.8845
2023-10-08,2023,R,,nfl_0001,nfl_0007,20,34,0.5712,0.0,0,0.3263,0.8468
2023-10-08,2023,R,,nfl_0027,nfl_0022,14,23,0.4414,0.0,1,0.1948,0.5823
2023-10-08,2023,R,,nfl_0009,nfl_0020,21,31,0.5647,0.0,0,0.3189,0.8318
2023-10-08,2023,R,,nfl_0016,nfl_0014,20,27,0.4309,0.0,1,0.1857,0.5637
2023-10-08,2023,R,,nfl_0026,nfl_0008,42,10,0.6212,1.0,1,0.1435,0.4761
2023-10-09,2023,R,,nfl_0021,nfl_0011,17,13,0.4938,1.0,0,0.2562,0.7056
2023-10-12,2023,R,,nfl_0014,nfl_0009,19,8,0.8445,1.0,1,0.0242,0.169
2023-10-15,2023,R,,nfl_0029,nfl_0003,16,24,0.4667,0.0,1,0.2178,0.6287
2023-10-15,2023,R,,nfl_0031,nfl_0026,19,17,0.3726,1.0,0,0.3936,0.9872
2023-10-15,2023,R,,nfl_0002,nfl_0030,16,24,0.6803,0.0,0,0.4628,1.1403
2023-10-15,2023,R,,nfl_0015,nfl_0005,42,21,0.7858,1.0,1,0.0459,0.241
2023-10-15,2023,R,,nfl_0006,nfl_0016,13,19,0.538,0.0,0,0.2894,0.7722
2023-10-15,2023,R,,nfl_0007,nfl_0025,17,13,0.537,1.0,1,0.2144,0.6218
2023-10-15,2023,R,,nfl_0013,nfl_0012,37,20,0.6404,1.0,1,0.1293,0.4457
2023-10-15,2023,R,,nfl_0032,nfl_0018,20,13,0.5349,1.0,1,0.2163,0.6256
2023-10-15,2023,R,,nfl_0021,nfl_0017,21,17,0.6541,1.0,1,0.1196,0.4245
2023-10-15,2023,R,,nfl_0027,nfl_0001,26,9,0.6886,1.0,1,0.097,0.3731
2023-10-15,2023,R,,nfl_0028,nfl_0010,6,20,0.5765,0.0,0,0.3323,0.8592
2023-10-15,2023,R,,nfl_0020,nfl_0022,20,14,0.3723,1.0,0,0.394,0.988
2023-10-15,2023,R,,nfl_0004,nfl_0019,14,9,0.8685,1.0,1,0.0173,0.141
2023-10-16,2023,R,,nfl_0024,nfl_0008,17,20,0.5283,0.0,0,0.2791,0.7514
2023-10-19,2023,R,,nfl_0018,nfl_0013,24,31,0.5721,0.0,0,0.3273,0.8488
2023-10-22,2023,R,,nfl_0012,nfl_0031,38,39,0.5364,0.0,0,0.2878,0.7688
2023-10-22,2023,R,,nfl_0028,nfl_0002,13,16,0.671,0.0,0,0.4502,1.1116
2023-10-22,2023,R,,nfl_0017,nfl_0004,29,25,0.269,1.0,0,0.5344,1.3132
2023-10-22,2023,R,,nfl_0006,nfl_0021,30,12,0.5188,1.0,1,0.2316,0.6562
2023-10-22,2023,R,,nfl_0003,nfl_0010,38,6,0.5751,1.0,1,0.1805,0.5532
2023-10-22,2023,R,,nfl_0019,nfl_0030,14,7,0.5152,1.0,1,0.235,0.6632
2023-10-22,2023,R,,nfl_0027,nfl_0023,17,24,0.6039,0.0,0,0.3647,0.9262
2023-10-22,2023,R,,nfl_0025,nfl_0001,20,10,0.7458,1.0,1,0.0646,0.2933
2023-10-22,2023,R,,nfl_0009,nfl_0011,19,17,0.4464,1.0,0,0.3064,0.8065
2023-10-22,2023,R,,nfl_0014,nfl_0024,31,17,0.7609,1.0,1,0.0572,0.2733
2023-10-22,2023,R,,nfl_0022,nfl_0015,31,17,0.6691,1.0,1,0.1095,0.4018
2023-10-23,2023,R,,nfl_0016,nfl_0026,22,17,0.3492,1.0,0,0.4236,1.0522
2023-10-26,2023,R,,nfl_0004,nfl_0028,24,18,0.766,1.0,1,0.0547,0.2666
2023-10-29,2023,R,,nfl_0005,nfl_0032,15,13,0.4426,1.0,0,0.3106,0.815
2023-10-29,2023,R,,nfl_0008,nfl_0027,43,20,0.7699,1.0,1,0.0529,0.2614
2023-10-29,2023,R,,nfl_0011,nfl_0016,10,24,0.5779,0.0,0,0.334,0.8625
2023-10-29,2023,R,,nfl_0029,nfl_0002,28,23,0.6229,1.0,1,0.1422,0.4734
2023-10-29,2023,R,,nfl_0012,nfl_0018,27,38,0.5303,0.0,0,0.2812,0.7556
2023-10-29,2023,R,,nfl_0023,nfl_0013,10,20,0.5228,0.0,0,0.2733,0.7398
2023-10-29,2023,R,,nfl_0015,nfl_0017,31,17,0.7696,1.0,1,0.0531,0.2618
2023-10-29,2023,R,,nfl_0019,nfl_0020,10,13,0.432,0.0,1,0.1866,0.5657
2023-10-29,2023,R,,nfl_0030,nfl_0022,31,38,0.3063,0.0,1,0.0938,0.3657
2023-10-29,2023,R,,nfl_0025,nfl_0031,24,20,0.6224,1.0,1,0.1426,0.4742
2023-10-29,2023,R,,nfl_0026,nfl_0007,17,31,0.7382,0.0,0,0.5449,1.3401
2023-10-29,2023,R,,nfl_0001,nfl_0003,24,31,0.2748,0.0,1,0.0755,0.3213
2023-10-29,2023,R,,nfl_0009,nfl_0014,24,9,0.277,1.0,0,0.5227,1.2838
2023-10-29,2023,R,,nfl_0024,nfl_0006,30,13,0.6821,1.0,1,0.1011,0.3826
2023-10-30,2023,R,,nfl_0010,nfl_0021,26,14,0.774,1.0,1,0.0511,0.2561
2023-11-02,2023,R,,nfl_0023,nfl_0029,20,16,0.616,1.0,1,0.1475,0.4845
2023-11-05,2023,R,,nfl_0014,nfl_0015,21,14,0.6527,1.0,1,0.1206,0.4267
2023-11-05,2023,R,,nfl_0031,nfl_0001,27,0,0.7525,1.0,1,0.0612,0.2843
2023-11-05,2023,R,,nfl_0011,nfl_0027,20,3,0.5679,1.0,1,0.1867,0.5658
2023-11-05,2023,R,,nfl_0032,nfl_0028,39,37,0.603,1.0,1,0.1576,0.5058
2023-11-05,2023,R,,nfl_0002,nfl_0016,28,31,0.4887,0.0,1,0.2388,0.6708
2023-11-05,2023,R,,nfl_0018,nfl_0006,24,17,0.7377,1.0,1,0.0688,0.3042
2023-11-05,2023,R,,nfl_0017,nfl_0030,17,20,0.5878,0.0,0,0.3455,0.8862
2023-11-05,2023,R,,nfl_0003,nfl_0025,37,3,0.73,1.0,1,0.0729,0.3146
2023-11-05,2023,R,,nfl_0005,nfl_0012,13,27,0.5613,0.0,0,0.3151,0.824
2023-11-05,2023,R,,nfl_0022,nfl_0008,28,23,0.6384,1.0,1,0.1307,0.4488
2023-11-05,2023,R,,nfl_0021,nfl_0019,30,6,0.6332,1.0,1,0.1346,0.457
2023-11-05,2023,R,,nfl_0007,nfl_0004,24,18,0.4892,1.0,0,0.2609,0.7149
2023-11-06,2023,R,,nfl_0020,nfl_0024,6,27,0.5897,0.0,0,0.3477,0.8908
2023-11-09,2023,R,,nfl_0006,nfl_0005,16,13,0.6478,1.0,1,0.1241,0.4342
2023-11-12,2023,R,,nfl_0017,nfl_0012,6,10,0.5066,0.0,0,0.2566,0.7064
2023-11-12,2023,R,,nfl_0007,nfl_0032,27,30,0.7002,0.0,0,0.4903,1.2047
2023-11-12,2023,R,,nfl_0003,nfl_0031,31,33,0.7731,0.0,0,0.5976,1.4831
2023-11-12,2023,R,,nfl_0023,nfl_0011,23,19,0.6361,1.0,1,0.1324,0.4524
2023-11-12,2023,R,,nfl_0013,nfl_0026,3,34,0.5479,0.0,0,0.3002,0.7939
2023-11-12,2023,R,,nfl_0028,nfl_0029,20,6,0.6088,1.0,1,0.1531,0.4963
2023-11-12,2023,R,,nfl_0016,nfl_0018,27,19,0.6351,1.0,1,0.1331,0.4539
2023-11-12,2023,R,,nfl_0024,nfl_0010,38,41,0.5248,0.0,0,0.2755,0.7441
2023-11-12,2023,R,,nfl_0001,nfl_0002,25,23,0.4814,1.0,0,0.2689,0.731
2023-11-12,2023,R,,nfl_0008,nfl_0019,49,17,0.8608,1.0,1,0.0194,0.1499
2023-11-12,2023,R,,nfl_0025,nfl_0030,29,26,0.7171,1.0,1,0.08,0.3326
2023-11-12,2023,R,,nfl_0021,nfl_0020,16,12,0.5957,1.0,1,0.1635,0.518
2023-11-13,2023,R,,nfl_0004,nfl_0009,22,24,0.7839,0.0,0,0.6144,1.5318
2023-11-16,2023,R,,nfl_0003,nfl_0007,34,20,0.7208,1.0,1,0.078,0.3274
2023-11-19,2023,R,,nfl_0005,nfl_0008,10,33,0.26,0.0,1,0.0676,0.301
2023-11-19,2023,R,,nfl_0031,nfl_0023,13,10,0.6504,1.0,1,0.1222,0.4301
2023-11-19,2023,R,,nfl_0011,nfl_0024,23,20,0.4989,1.0,0,0.2511,0.6954
2023-11-19,2023,R,,nfl_0013,nfl_0029,34,14,0.7136,1.0,1,0.082,0.3375
2023-11-19,2023,R,,nfl_0015,nfl_0021,20,13,0.75,1.0,1,0.0625,0.2877
2023-11-19,2023,R,,nfl_0010,nfl_0006,31,26,0.807,1.0,1,0.0373,0.2145
2023-11-19,2023,R,,nfl_0032,nfl_0001,21,16,0.7696,1.0,1,0.0531,0.2618
2023-11-19,2023,R,,nfl_0030,nfl_0019,19,31,0.6908,0.0,0,0.4772,1.1738
2023-11-19,2023,R,,nfl_0026,nfl_0028,27,14,0.8018,1.0,1,0.0393,0.2209
2023-11-19,2023,R,,nfl_0027,nfl_0025,17,16,0.5325,1.0,1,0.2185,0.6301
2023-11-19,2023,R,,nfl_0004,nfl_0020,32,6,0.78,1.0,1,0.0484,0.2484
2023-11-19,2023,R,,nfl_0009,nfl_0016,21,20,0.4341,1.0,0,0.3202,0.8344
2023-11-20,2023,R,,nfl_0014,nfl_0022,17,21,0.5395,0.0,0,0.291,0.7753
2023-11-23,2023,R,,nfl_0010,nfl_0011,22,29,0.753,0.0,0,0.5669,1.3982
2023-11-23,2023,R,,nfl_0008,nfl_0030,45,10,0.8652,1.0,1,0.0182,0.1448
2023-11-23,2023,R,,nfl_0025,nfl_0026,13,31,0.374,0.0,1,0.1398,0.4683
2023-11-24,2023,R,,nfl_0020,nfl_0015,13,34,0.4165,0.0,1,0.1735,0.5387
2023-11-26,2023,R,,nfl_0002,nfl_0018,24,15,0.4982,1.0,0,0.2518,0.6967
2023-11-26,2023,R,,nfl_0029,nfl_0005,17,10,0.7045,1.0,1,0.0873,0.3503
2023-11-26,2023,R,,nfl_0007,nfl_0023,10,16,0.6725,0.0,0,0.4523,1.1164
2023-11-26,2023,R,,nfl_0012,nfl_0028,27,20,0.6105,1.0,1,0.1517,0.4935
2023-11-26,2023,R,,nfl_0032,nfl_0013,21,24,0.558,0.0,0,0.3113,0.8164
2023-11-26,2023,R,,nfl_0019,nfl_0017,10,7,0.5822,1.0,1,0.1745,0.5409
2023-11-26,2023,R,,nfl_0009,nfl_0031,29,12,0.4786,1.0,0,0.2718,0.7368
2023-11-26,2023,R,,nfl_0001,nfl_0027,14,37,0.4789,0.0,1,0.2293,0.6518
2023-11-26,2023,R,,nfl_0021,nfl_0014,17,31,0.3969,0.0,1,0.1576,0.5058
2023-11-26,2023,R,,nfl_0022,nfl_0004,37,34,0.6649,1.0,1,0.1123,0.4082
2023-11-26,2023,R,,nfl_0024,nfl_0003,10,20,0.3999,0.0,1,0.1599,0.5106
2023-11-27,2023,R,,nfl_0016,nfl_0006,10,12,0.7834,0.0,0,0.6137,1.5295
2023-11-30,2023,R,,nfl_0008,nfl_0025,41,35,0.7899,1.0,1,0.0441,0.2359
2023-12-03,2023,R,,nfl_0020,nfl_0002,8,13,0.5262,0.0,0,0.2768,0.7469
2023-12-03,2023,R,,nfl_0029,nfl_0012,28,31,0.5342,0.0,0,0.2854,0.764
2023-12-03,2023,R,,nfl_0032,nfl_0009,22,17,0.6223,1.0,1,0.1426,0.4743
2023-12-03,2023,R,,nfl_0018,nfl_0010,28,33,0.4808,0.0,1,0.2312,0.6555
2023-12-03,2023,R,,nfl_0030,nfl_0015,15,45,0.312,0.0,1,0.0974,0.374
2023-12-03,2023,R,,nfl_0017,nfl_0024,0,6,0.3947,0.0,1,0.1558,0.5021
2023-12-03,2023,R,,nfl_0023,nfl_0001,10,24,0.8133,0.0,0,0.6615,1.6783
2023-12-03,2023,R,,nfl_0028,nfl_0005,21,18,0.7701,1.0,1,0.0529,0.2613
2023-12-03,2023,R,,nfl_0027,nfl_0031,36,19,0.5639,1.0,1,0.1901,0.5728
2023-12-03,2023,R,,nfl_0022,nfl_0026,19,42,0.5647,0.0,0,0.3189,0.8317
2023-12-03,2023,R,,nfl_0011,nfl_0014,27,19,0.4425,1.0,0,0.3108,0.8152
2023-12-04,2023,R,,nfl_0013,nfl_0007,31,34,0.6606,0.0,0,0.4364,1.0806
2023-12-07,2023,R,,nfl_0023,nfl_0017,18,21,0.7574,0.0,0,0.5736,1.4163
2023-12-10,2023,R,,nfl_0002,nfl_0028,25,29,0.5972,0.0,0,0.3566,0.9092
2023-12-10,2023,R,,nfl_0018,nfl_0005,28,6,0.7823,1.0,1,0.0474,0.2456
2023-12-10,2023,R,,nfl_0006,nfl_0010,28,13,0.4015,1.0,0,0.3582,0.9124
2023-12-10,2023,R,,nfl_0007,nfl_0012,34,14,0.6476,1.0,1,0.1242,0.4345
2023-12-10,2023,R,,nfl_0031,nfl_0013,31,27,0.5277,1.0,1,0.2231,0.6393
2023-12-10,2023,R,,nfl_0020,nfl_0032,30,6,0.4204,1.0,0,0.3359,0.8665
2023-12-10,2023,R,,nfl_0003,nfl_0027,37,31,0.8166,1.0,1,0.0337,0.2027
2023-12-10,2023,R,,nfl_0021,nfl_0016,0,3,0.4511,0.0,1,0.2035,0.5999
2023-12-10,2023,R,,nfl_0026,nfl_0025,28,16,0.8619,1.0,1,0.0191,0.1486
2023-12-10,2023,R,,nfl_0014,nfl_0004,17,20,0.5532,0.0,0,0.306,0.8055
2023-12-10,2023,R,,nfl_0024,nfl_0009,7,24,0.6615,0.0,0,0.4375,1.0831
2023-12-10,2023,R,,nfl_0008,nfl_0022,33,13,0.635,1.0,1,0.1332,0.4542
2023-12-11,2023,R,,nfl_0019,nfl_0011,24,22,0.4573,1.0,0,0.2945,0.7825
2023-12-11,2023,R,,nfl_0015,nfl_0029,27,28,0.8165,0.0,0,0.6667,1.6956
2023-12-14,2023,R,,nfl_0021,nfl_0024,63,21,0.5132,1.0,1,0.237,0.6671
2023-12-16,2023,R,,nfl_0007,nfl_0016,27,24,0.6037,1.0,1,0.1571,0.5047
2023-12-16,2023,R,,nfl_0012,nfl_0023,30,13,0.5959,1.0,1,0.1633,0.5177
2023-12-16,2023,R,,nfl_0010,nfl_0009,42,17,0.6487,1.0,1,0.1234,0.4328
2023-12-17,2023,R,,nfl_0005,nfl_0002,9,7,0.3993,1.0,0,0.3608,0.918
2023-12-17,2023,R,,nfl_0031,nfl_0006,20,17,0.6753,1.0,1,0.1054,0.3926
2023-12-17,2023,R,,nfl_0011,nfl_0028,20,34,0.6162,0.0,0,0.3798,0.9578
2023-12-17,2023,R,,nfl_0029,nfl_0032,16,19,0.5353,0.0,0,0.2866,0.7665
2023-12-17,2023,R,,nfl_0017,nfl_0014,17,27,0.3071,0.0,1,0.0943,0.3668
2023-12-17,2023,R,,nfl_0015,nfl_0020,30,0,0.7995,1.0,1,0.0402,0.2238
2023-12-17,2023,R,,nfl_0018,nfl_0019,24,6,0.726,1.0,1,0.0751,0.3203
2023-12-17,2023,R,,nfl_0001,nfl_0026,29,45,0.1679,0.0,1,0.0282,0.1838
2023-12-17,2023,R,,nfl_0027,nfl_0030,28,20,0.77,1.0,1,0.0529,0.2614
2023-12-17,2023,R,,nfl_0004,nfl_0008,31,10,0.5252,1.0,1,0.2255,0.644
2023-12-17,2023,R,,nfl_0013,nfl_0003,7,23,0.4023,0.0,1,0.1619,0.5147
2023-12-18,2023,R,,nfl_0025,nfl_0022,20,17,0.415,1.0,0,0.3423,0.8796
2023-12-21,2023,R,,nfl_0027,nfl_0018,30,22,0.6154,1.0,1,0.1479,0.4855
2023-12-23,2023,R,,nfl_0023,nfl_0007,34,11,0.44,1.0,0,0.3136,0.8209
2023-12-23,2023,R,,nfl_0024,nfl_0004,22,24,0.2986,0.0,1,0.0891,0.3546
2023-12-24,2023,R,,nfl_0002,nfl_0012,29,10,0.5326,1.0,1,0.2185,0.63
2023-12-24,2023,R,,nfl_0005,nfl_0011,30,33,0.3841,0.0,1,0.1475,0.4847
2023-12-24,2023,R,,nfl_0032,nfl_0031,22,36,0.5643,0.0,0,0.3185,0.8308
2023-12-24,2023,R,,nfl_0016,nfl_0010,24,30,0.5534,0.0,0,0.3063,0.8062
2023-12-24,2023,R,,nfl_0020,nfl_0030,30,28,0.6885,1.0,1,0.097,0.3733
2023-12-24,2023,R,,nfl_0029,nfl_0025,17,20,0.5205,0.0,0,0.2709,0.735
2023-12-24,2023,R,,nfl_0028,nfl_0013,30,12,0.6056,1.0,1,0.1556,0.5016
2023-12-24,2023,R,,nfl_0006,nfl_0001,27,16,0.7095,1.0,1,0.0844,0.3433
2023-12-24,2023,R,,nfl_0015,nfl_0008,22,20,0.5544,1.0,1,0.1985,0.5898
2023-12-24,2023,R,,nfl_0009,nfl_0017,23,26,0.7728,0.0,0,0.5972,1.4818
2023-12-25,2023,R,,nfl_0014,nfl_0021,14,20,0.7501,0.0,0,0.5626,1.3866
2023-12-25,2023,R,,nfl_0022,nfl_0019,33,25,0.8307,1.0,1,0.0287,0.1855
2023-12-25,2023,R,,nfl_0026,nfl_0003,19,33,0.666,0.0,0,0.4435,1.0965
2023-12-28,2023,R,,nfl_0031,nfl_0020,37,20,0.7562,1.0,1,0.0594,0.2794
2023-12-30,2023,R,,nfl_0008,nfl_0010,20,19,0.6635,1.0,1,0.1132,0.4102
2023-12-31,2023,R,,nfl_0006,nfl_0002,37,17,0.5761,1.0,1,0.1797,0.5515
2023-12-31,2023,R,,nfl_0004,nfl_0017,27,21,0.8893,1.0,1,0.0123,0.1174
2023-12-31,2023,R,,nfl_0013,nfl_0005,26,0,0.8107,1.0,1,0.0358,0.2099
2023-12-31,2023,R,,nfl_0012,nfl_0021,23,20,0.5632,1.0,1,0.1908,0.5741
2023-12-31,2023,R,,nfl_0022,nfl_0001,31,35,0.864,0.0,0,0.7465,1.9953
2023-12-31,2023,R,,nfl_0032,nfl_0029,26,3,0.6583,1.0,1,0.1167,0.418
2023-12-31,2023,R,,nfl_0003,nfl_0015,56,19,0.7326,1.0,1,0.0715,0.3112
2023-12-31,2023,R,,nfl_0028,nfl_0018,13,23,0.6614,0.0,0,0.4375,1.083
2023-12-31,2023,R,,nfl_0019,nfl_0027,25,26,0.3818,0.0,1,0.1458,0.4809
2023-12-31,2023,R,,nfl_0030,nfl_0026,10,27,0.1486,0.0,1,0.0221,0.1609
2023-12-31,2023,R,,nfl_0025,nfl_0023,23,30,0.6191,0.0,0,0.3833,0.9651
2023-12-31,2023,R,,nfl_0014,nfl_0007,25,17,0.6739,1.0,1,0.1063,0.3947
2023-12-31,2023,R,,nfl_0009,nfl_0024,16,9,0.6696,1.0,1,0.1092,0.4011
2023-12-31,2023,R,,nfl_0016,nfl_0011,10,33,0.6547,0.0,0,0.4286,1.0633
2024-01-06,2023,R,,nfl_0003,nfl_0023,10,17,0.8683,0.0,0,0.7539,2.0272
2024-01-06,2023,R,,nfl_0012,nfl_0032,19,23,0.5884,0.0,0,0.3462,0.8878
2024-01-07,2023,R,,nfl_0018,nfl_0002,48,17,0.7007,1.0,1,0.0896,0.3556
2024-01-07,2023,R,,nfl_0005,nfl_0028,0,9,0.3079,0.0,1,0.0948,0.368
2024-01-07,2023,R,,nfl_0007,nfl_0031,31,14,0.5321,1.0,1,0.219,0.631
2024-01-07,2023,R,,nfl_0010,nfl_0016,30,20,0.7491,1.0,1,0.0629,0.2889
2024-01-07,2023,R,,nfl_0029,nfl_0013,28,20,0.4308,1.0,0,0.324,0.8421
2024-01-07,2023,R,,nfl_0017,nfl_0020,3,17,0.5513,0.0,0,0.3039,0.8013
2024-01-07,2023,R,,nfl_0011,nfl_0006,17,9,0.6741,1.0,1,0.1062,0.3944
2024-01-07,2023,R,,nfl_0001,nfl_0025,20,21,0.4379,0.0,1,0.1917,0.5761
2024-01-07,2023,R,,nfl_0030,nfl_0008,10,38,0.1921,0.0,1,0.0369,0.2134
2024-01-07,2023,R,,nfl_0021,nfl_0009,27,14,0.5992,1.0,1,0.1606,0.5121
2024-01-07,2023,R,,nfl_0024,nfl_0014,12,13,0.3537,0.0,1,0.1251,0.4364
2024-01-07,2023,R,,nfl_0019,nfl_0022,27,10,0.3118,1.0,0,0.4736,1.1652
2024-01-07,2023,R,,nfl_0026,nfl_0027,20,21,0.8167,0.0,0,0.6671,1.6968
2024-01-07,2023,R,,nfl_0015,nfl_0004,14,21,0.5154,0.0,0,0.2657,0.7245
2024-01-13,2023,P,WC,nfl_0032,nfl_0031,45,14,0.5731,1.0,1,0.1822,0.5567
2024-01-13,2023,P,WC,nfl_0014,nfl_0015,26,7,0.6163,1.0,1,0.1472,0.484
2024-01-14,2023,P,WC,nfl_0008,nfl_0011,32,48,0.7444,0.0,0,0.5542,1.3643
2024-01-14,2023,P,WC,nfl_0010,nfl_0027,24,23,0.6707,1.0,1,0.1084,0.3994
2024-01-15,2023,P,WC,nfl_0004,nfl_0023,31,17,0.7791,1.0,1,0.0488,0.2497
2024-01-15,2023,P,WC,nfl_0028,nfl_0022,32,9,0.5713,1.0,1,0.1838,0.5598
2024-01-20,2023,P,DV,nfl_0003,nfl_0032,34,10,0.8433,1.0,1,0.0246,0.1704
2024-01-20,2023,P,DV,nfl_0026,nfl_0011,24,21,0.7844,1.0,1,0.0465,0.2428
2024-01-21,2023,P,DV,nfl_0010,nfl_0028,31,23,0.6703,1.0,1,0.1087,0.4
2024-01-21,2023,P,DV,nfl_0004,nfl_0014,24,27,0.6867,0.0,0,0.4716,1.1607
2024-01-28,2023,P,CC,nfl_0003,nfl_0014,10,17,0.7454,0.0,0,0.5556,1.368
2024-01-28,2023,P,CC,nfl_0026,nfl_0010,34,31,0.7354,1.0,1,0.07,0.3074
2024-09-05,2024,R,,nfl_0014,nfl_0003,27,20,0.5809,1.0,1,0.1757,0.5433
2024-09-06,2024,R,,nfl_0022,nfl_0011,34,29,0.5774,1.0,1,0.1786,0.5492
2024-09-08,2024,R,,nfl_0002,nfl_0023,10,18,0.5632,0.0,0,0.3172,0.8283
2024-09-08,2024,R,,nfl_0004,nfl_0001,34,28,0.7221,1.0,1,0.0772,0.3255
2024-09-08,2024,R,,nfl_0018,nfl_0005,47,10,0.7008,1.0,1,0.0895,0.3555
2024-09-08,2024,R,,nfl_0006,nfl_0029,24,17,0.6262,1.0,1,0.1397,0.4681
2024-09-08,2024,R,,nfl_0007,nfl_0017,10,16,0.6778,0.0,0,0.4594,1.1325
2024-09-08,2024,R,,nfl_0012,nfl_0032,27,29,0.5743,0.0,0,0.3298,0.8539
2024-09-08,2024,R,,nfl_0015,nfl_0013,20,17,0.6294,1.0,1,0.1374,0.463
2024-09-08,2024,R,,nfl_0019,nfl_0016,6,28,0.5784,0.0,0,0.3346,0.8638
2024-09-08,2024,R,,nfl_0025,nfl_0009,26,20,0.6093,1.0,1,0.1527,0.4955
2024-09-08,2024,R,,nfl_0024,nfl_0021,22,10,0.5595,1.0,1,0.194,0.5807
2024-09-08,2024,R,,nfl_0031,nfl_0008,17,33,0.5453,0.0,0,0.2973,0.788
2024-09-08,2024,R,,nfl_0028,nfl_0030,37,20,0.6923,1.0,1,0.0947,0.3678
2024-09-08,2024,R,,nfl_0010,nfl_0027,26,20,0.6299,1.0,1,0.137,0.4622
2024-09-09,2024,R,,nfl_0026,nfl_0020,32,19,0.7159,1.0,1,0.0807,0.3342
2024-09-12,2024,R,,nfl_0015,nfl_0004,10,31,0.5549,0.0,0,0.308,0.8096
2024-09-15,2024,R,,nfl_0005,nfl_0024,3,26,0.4665,0.0,1,0.2177,0.6284
2024-09-15,2024,R,,nfl_0013,nfl_0031,13,18,0.6376,0.0,0,0.4065,1.015
2024-09-15,2024,R,,nfl_0011,nfl_0012,16,10,0.66,1.0,1,0.1156,0.4155
2024-09-15,2024,R,,nfl_0008,nfl_0018,19,44,0.6275,0.0,0,0.3937,0.9874
2024-09-15,2024,R,,nfl_0010,nfl_0028,16,20,0.6139,0.0,0,0.3769,0.9516
2024-09-15,2024,R,,nfl_0016,nfl_0026,23,17,0.547,1.0,1,0.2052,0.6032
2024-09-15,2024,R,,nfl_0017,nfl_0025,20,23,0.5549,0.0,0,0.3079,0.8094
2024-09-15,2024,R,,nfl_0030,nfl_0019,21,18,0.5998,1.0,1,0.1602,0.5112
2024-09-15,2024,R,,nfl_0029,nfl_0020,17,24,0.6031,0.0,0,0.3638,0.9242
2024-09-15,2024,R,,nfl_0003,nfl_0021,23,26,0.7023,0.0,0,0.4932,1.2117
2024-09-15,2024,R,,nfl_0001,nfl_0027,41,10,0.5239,1.0,1,0.2267,0.6465
2024-09-15,2024,R,,nfl_0014,nfl_0007,26,25,0.7105,1.0,1,0.0838,0.3417
2024-09-15,2024,R,,nfl_0009,nfl_0023,6,13,0.532,0.0,0,0.2831,0.7594
2024-09-15,2024,R,,nfl_0032,nfl_0006,19,13,0.6245,1.0,1,0.141,0.4708
2024-09-16,2024,R,,nfl_0022,nfl_0002,21,22,0.6961,0.0,0,0.4846,1.1911
2024-09-19,2024,R,,nfl_0020,nfl_0017,24,3,0.6301,1.0,1,0.1368,0.4618
2024-09-22,2024,R,,nfl_0012,nfl_0006,21,16,0.5601,1.0,1,0.1936,0.5797
2024-09-22,2024,R,,nfl_0031,nfl_0019,15,21,0.6887,0.0,0,0.4743,1.1671
2024-09-22,2024,R,,nfl_0028,nfl_0009,7,26,0.7223,0.0,0,0.5216,1.281
2024-09-22,2024,R,,nfl_0029,nfl_0011,14,30,0.4797,0.0,1,0.2301,0.6534
2024-09-22,2024,R,,nfl_0016,nfl_0032,34,7,0.6275,1.0,1,0.1388,0.466
2024-09-22,2024,R,,nfl_0018,nfl_0022,12,15,0.7336,0.0,0,0.5382,1.3228
2024-09-22,2024,R,,nfl_0023,nfl_0024,20,10,0.6216,1.0,1,0.1432,0.4754
2024-09-22,2024,R,,nfl_0021,nfl_0005,22,36,0.7585,0.0,0,0.5754,1.4211
2024-09-22,2024,R,,nfl_0025,nfl_0015,24,3,0.646,1.0,1,0.1253,0.437
2024-09-22,2024,R,,nfl_0001,nfl_0010,13,20,0.5672,0.0,0,0.3217,0.8375
2024-09-22,2024,R,,nfl_0008,nfl_0003,25,28,0.5809,0.0,0,0.3374,0.8696
2024-09-22,2024,R,,nfl_0027,nfl_0026,27,24,0.4396,1.0,0,0.314,0.8218
2024-09-22,2024,R,,nfl_0002,nfl_0014,17,22,0.4456,0.0,1,0.1986,0.5899
2024-09-23,2024,R,,nfl_0004,nfl_0013,47,10,0.7769,1.0,1,0.0498,0.2525
2024-09-23,2024,R,,nfl_0007,nfl_0030,33,38,0.6623,0.0,0,0.4386,1.0856
2024-09-26,2024,R,,nfl_0019,nfl_0008,15,20,0.513,0.0,0,0.2632,0.7195
2024-09-29,2024,R,,nfl_0002,nfl_0018,26,24,0.4101,1.0,0,0.348,0.8914
2024-09-29,2024,R,,nfl_0005,nfl_0007,24,34,0.532,0.0,0,0.283,0.7592
2024-09-29,2024,R,,nfl_0006,nfl_0027,24,18,0.618,1.0,1,0.1459,0.4813
2024-09-29,2024,R,,nfl_0012,nfl_0023,27,24,0.4752,1.0,0,0.2754,0.7439
2024-09-29,2024,R,,nfl_0020,nfl_0009,9,10,0.6283,0.0,0,0.3947,0.9896
2024-09-29,2024,R,,nfl_0011,nfl_0016,29,31,0.5522,0.0,0,0.3049,0.8033
2024-09-29,2024,R,,nfl_0032,nfl_0013,24,20,0.6839,1.0,1,0.0999,0.3799
2024-09-29,2024,R,,nfl_0028,nfl_0022,33,16,0.5742,1.0,1,0.1813,0.5547
2024-09-29,2024,R,,nfl_0001,nfl_0030,14,42,0.6401,0.0,0,0.4097,1.022
2024-09-29,2024,R,,nfl_0026,nfl_0017,30,13,0.7408,1.0,1,0.0672,0.3
2024-09-29,2024,R,,nfl_0021,nfl_0031,20,16,0.5952,1.0,1,0.1639,0.5189
2024-09-29,2024,R,,nfl_0024,nfl_0014,10,17,0.5061,0.0,0,0.2561,0.7054
2024-09-29,2024,R,,nfl_0003,nfl_0004,35,10,0.4903,1.0,0,0.2598,0.7126
2024-09-30,2024,R,,nfl_0015,nfl_0029,12,31,0.6653,0.0,0,0.4426,1.0945
2024-09-30,2024,R,,nfl_0010,nfl_0025,42,29,0.6035,1.0,1,0.1572,0.505
2024-10-03,2024,R,,nfl_0002,nfl_0028,36,30,0.5083,1.0,1,0.2418,0.6767
2024-10-06,2024,R,,nfl_0016,nfl_0020,23,17,0.7192,1.0,1,0.0788,0.3296
2024-10-06,2024,R,,nfl_0032,nfl_0004,23,20,0.4903,1.0,0,0.2598,0.7128
2024-10-06,2024,R,,nfl_0006,nfl_0005,36,10,0.7385,1.0,1,0.0684,0.3032
2024-10-06,2024,R,,nfl_0007,nfl_0003,38,41,0.4585,0.0,1,0.2102,0.6134
2024-10-06,2024,R,,nfl_0030,nfl_0031,34,13,0.6897,1.0,1,0.0963,0.3714
2024-10-06,2024,R,,nfl_0013,nfl_0012,37,34,0.529,1.0,1,0.2218,0.6367
2024-10-06,2024,R,,nfl_0017,nfl_0015,10,15,0.6252,0.0,0,0.3909,0.9814
2024-10-06,2024,R,,nfl_0026,nfl_0001,23,24,0.7793,0.0,0,0.6073,1.5109
2024-10-06,2024,R,,nfl_0009,nfl_0021,34,18,0.6686,1.0,1,0.1098,0.4026
2024-10-06,2024,R,,nfl_0027,nfl_0011,19,24,0.4838,0.0,1,0.2341,0.6613
2024-10-06,2024,R,,nfl_0025,nfl_0019,20,29,0.7244,0.0,0,0.5247,1.2886
2024-10-06,2024,R,,nfl_0023,nfl_0008,17,20,0.6398,0.0,0,0.4093,1.0211
2024-10-07,2024,R,,nfl_0014,nfl_0018,26,13,0.6385,1.0,1,0.1307,0.4487
2024-10-10,2024,R,,nfl_0025,nfl_0026,24,36,0.5184,0.0,0,0.2688,0.7307
2024-10-13,2024,R,,nfl_0006,nfl_0013,35,16,0.687,1.0,1,0.098,0.3754
2024-10-13,2024,R,,nfl_0022,nfl_0031,20,16,0.7229,1.0,1,0.0768,0.3245
2024-10-13,2024,R,,nfl_0029,nfl_0012,17,20,0.6048,0.0,0,0.3657,0.9283
2024-10-13,2024,R,,nfl_0011,nfl_0001,34,13,0.7479,1.0,1,0.0635,0.2905
2024-10-13,2024,R,,nfl_0017,nfl_0032,21,41,0.4281,0.0,1,0.1832,0.5587
2024-10-13,2024,R,,nfl_0018,nfl_0028,27,51,0.6443,0.0,0,0.4152,1.0338
2024-10-13,2024,R,,nfl_0003,nfl_0030,30,23,0.678,1.0,1,0.1037,0.3886
2024-10-13,2024,R,,nfl_0009,nfl_0024,16,23,0.6272,0.0,0,0.3934,0.9867
2024-10-13,2024,R,,nfl_0021,nfl_0023,13,32,0.4702,0.0,1,0.221,0.6352
2024-10-13,2024,R,,nfl_0005,nfl_0002,20,38,0.4288,0.0,1,0.1839,0.5601
2024-10-13,2024,R,,nfl_0008,nfl_0010,9,47,0.5195,0.0,0,0.2699,0.733
2024-10-13,2024,R,,nfl_0019,nfl_0007,7,17,0.5649,0.0,0,0.3191,0.8321
2024-10-14,2024,R,,nfl_0020,nfl_0004,20,23,0.4894,0.0,1,0.2396,0.6723
2024-10-17,2024,R,,nfl_0018,nfl_0009,10,33,0.5858,0.0,0,0.3432,0.8814
2024-10-20,2024,R,,nfl_0013,nfl_0017,32,16,0.6759,1.0,1,0.1051,0.3918
2024-10-20,2024,R,,nfl_0016,nfl_0010,29,31,0.6094,0.0,0,0.3713,0.94
2024-10-20,2024,R,,nfl_0002,nfl_0025,14,34,0.647,0.0,0,0.4186,1.0412
2024-10-20,2024,R,,nfl_0004,nfl_0029,34,10,0.7788,1.0,1,0.0489,0.25
2024-10-20,2024,R,,nfl_0031,nfl_0007,14,21,0.486,0.0,1,0.2362,0.6656
2024-10-20,2024,R,,nfl_0012,nfl_0015,16,10,0.6504,1.0,1,0.1222,0.4302
2024-10-20,2024,R,,nfl_0011,nfl_0032,24,22,0.627,1.0,1,0.1391,0.4669
2024-10-20,2024,R,,nfl_0019,nfl_0022,3,28,0.4905,0.0,1,0.2406,0.6743
2024-10-20,2024,R,,nfl_0030,nfl_0005,40,7,0.8204,1.0,1,0.0323,0.198
2024-10-20,2024,R,,nfl_0027,nfl_0021,20,15,0.668,1.0,1,0.1102,0.4034
2024-10-20,2024,R,,nfl_0026,nfl_0014,18,28,0.5377,0.0,0,0.2891,0.7716
2024-10-20,2024,R,,nfl_0023,nfl_0020,37,15,0.7146,1.0,1,0.0815,0.336
2024-10-21,2024,R,,nfl_0028,nfl_0003,31,41,0.5608,0.0,0,0.3145,0.8228
2024-10-21,2024,R,,nfl_0001,nfl_0024,17,15,0.456,1.0,0,0.296,0.7854
2024-10-24,2024,R,,nfl_0027,nfl_0016,30,20,0.3986,1.0,0,0.3617,0.9199
2024-10-27,2024,R,,nfl_0010,nfl_0029,52,14,0.8418,1.0,1,0.025,0.1722
2024-10-27,2024,R,,nfl_0028,nfl_0002,26,31,0.7093,0.0,0,0.5032,1.2356
2024-10-27,2024,R,,nfl_0007,nfl_0022,17,37,0.564,0.0,0,0.3181,0.8302
2024-10-27,2024,R,,nfl_0031,nfl_0003,29,24,0.2976,1.0,0,0.4934,1.212
2024-10-27,2024,R,,nfl_0032,nfl_0012,23,20,0.6564,1.0,1,0.1181,0.4211
2024-10-27,2024,R,,nfl_0015,nfl_0001,27,28,0.6001,0.0,0,0.3601,0.9165
2024-10-27,2024,R,,nfl_0013,nfl_0011,27,30,0.4186,0.0,1,0.1752,0.5422
2024-10-27,2024,R,,nfl_0017,nfl_0020,25,22,0.4424,1.0,0,0.3109,0.8155
2024-10-27,2024,R,,nfl_0025,nfl_0004,10,31,0.4684,0.0,1,0.2194,0.6319
2024-10-27,2024,R,,nfl_0024,nfl_0018,26,8,0.6637,1.0,1,0.1131,0.4099
2024-10-27,2024,R,,nfl_0030,nfl_0006,18,15,0.5812,1.0,1,0.1754,0.5427
2024-10-27,2024,R,,nfl_0021,nfl_0014,20,27,0.276,0.0,1,0.0761,0.3229
2024-10-27,2024,R,,nfl_0009,nfl_0005,28,14,0.8612,1.0,1,0.0193,0.1494
2024-10-27,2024,R,,nfl_0026,nfl_0008,30,24,0.6795,1.0,1,0.1027,0.3864
2024-10-28,2024,R,,nfl_0023,nfl_0019,26,18,0.8296,1.0,1,0.029,0.1868
2024-10-31,2024,R,,nfl_0020,nfl_0032,21,13,0.4616,1.0,0,0.2898,0.773
2024-11-03,2024,R,,nfl_0002,nfl_0008,27,21,0.6266,1.0,1,0.1394,0.4675
2024-11-03,2024,R,,nfl_0004,nfl_0015,30,27,0.8476,1.0,1,0.0232,0.1654
2024-11-03,2024,R,,nfl_0005,nfl_0018,23,22,0.424,1.0,0,0.3317,0.8579
2024-11-03,2024,R,,nfl_0007,nfl_0021,41,24,0.7134,1.0,1,0.0821,0.3377
2024-11-03,2024,R,,nfl_0031,nfl_0024,10,27,0.4468,0.0,1,0.1996,0.5921
2024-11-03,2024,R,,nfl_0003,nfl_0009,41,10,0.6636,1.0,1,0.1132,0.4101
2024-11-03,2024,R,,nfl_0029,nfl_0017,20,17,0.6553,1.0,1,0.1188,0.4227
2024-11-03,2024,R,,nfl_0019,nfl_0030,22,27,0.3516,0.0,1,0.1237,0.4333
2024-11-03,2024,R,,nfl_0001,nfl_0006,29,9,0.4813,1.0,0,0.269,0.7313
2024-11-03,2024,R,,nfl_0022,nfl_0013,28,23,0.7792,1.0,1,0.0487,0.2495
2024-11-03,2024,R,,nfl_0011,nfl_0010,14,24,0.5031,0.0,0,0.2531,0.6994
2024-11-03,2024,R,,nfl_0025,nfl_0027,20,26,0.6039,0.0,0,0.3647,0.9262
2024-11-03,2024,R,,nfl_0016,nfl_0012,21,13,0.7078,1.0,1,0.0854,0.3456
2024-11-04,2024,R,,nfl_0014,nfl_0028,30,24,0.755,1.0,1,0.06,0.2811
2024-11-07,2024,R,,nfl_0003,nfl_0007,35,34,0.7734,1.0,1,0.0514,0.257
2024-11-10,2024,R,,nfl_0005,nfl_0019,20,17,0.5356,1.0,1,0.2157,0.6244
2024-11-10,2024,R,,nfl_0006,nfl_0017,3,19,0.7593,0.0,0,0.5765,1.4241
2024-11-10,2024,R,,nfl_0030,nfl_0023,27,28,0.5234,0.0,0,0.274,0.7411
2024-11-10,2024,R,,nfl_0028,nfl_0026,20,23,0.5063,0.0,0,0.2563,0.7058
2024-11-10,2024,R,,nfl_0018,nfl_0002,20,17,0.5048,1.0,1,0.2453,0.6837
2024-11-10,2024,R,,nfl_0012,nfl_0004,20,30,0.3814,0.0,1,0.1454,0.4803
2024-11-10,2024,R,,nfl_0014,nfl_0009,16,14,0.7504,1.0,1,0.0623,0.2871
2024-11-10,2024,R,,nfl_0013,nfl_0016,7,12,0.3931,0.0,1,0.1545,0.4994
2024-11-10,2024,R,,nfl_0024,nfl_0029,27,17,0.776,1.0,1,0.0502,0.2536
2024-11-10,2024,R,,nfl_0008,nfl_0022,6,34,0.4087,0.0,1,0.167,0.5254
2024-11-10,2024,R,,nfl_0001,nfl_0020,31,6,0.5929,1.0,1,0.1657,0.5227
2024-11-10,2024,R,,nfl_0032,nfl_0010,23,26,0.4049,0.0,1,0.1639,0.519
2024-11-11,2024,R,,nfl_0027,nfl_0015,15,23,0.7083,0.0,0,0.5017,1.2322
2024-11-14,2024,R,,nfl_0022,nfl_0030,26,18,0.6972,1.0,1,0.0917,0.3607
2024-11-17,2024,R,,nfl_0006,nfl_0011,19,20,0.4084,0.0,1,0.1668,0.5249
2024-11-17,2024,R,,nfl_0018,nfl_0031,35,14,0.6283,1.0,1,0.1381,0.4647
2024-11-17,2024,R,,nfl_0010,nfl_0013,52,6,0.8733,1.0,1,0.016,0.1355
2024-11-17,2024,R,,nfl_0015,nfl_0021,34,19,0.6397,1.0,1,0.1298,0.4467
2024-11-17,2024,R,,nfl_0029,nfl_0016,13,23,0.3411,0.0,1,0.1164,0.4172
2024-11-17,2024,R,,nfl_0023,nfl_0003,18,16,0.5341,1.0,1,0.2171,0.6272
2024-11-17,2024,R,,nfl_0020,nfl_0012,27,28,0.5617,0.0,0,0.3155,0.8249
2024-11-17,2024,R,,nfl_0017,nfl_0027,22,28,0.5205,0.0,0,0.2709,0.7351
2024-11-17,2024,R,,nfl_0026,nfl_0025,17,20,0.7178,0.0,0,0.5152,1.265
2024-11-17,2024,R,,nfl_0009,nfl_0002,38,6,0.661,1.0,1,0.1149,0.414
2024-11-17,2024,R,,nfl_0004,nfl_0014,30,21,0.5885,1.0,1,0.1693,0.5302
2024-11-17,2024,R,,nfl_0024,nfl_0007,34,27,0.6858,1.0,1,0.0987,0.3772
2024-11-18,2024,R,,nfl_0008,nfl_0032,10,34,0.4529,0.0,1,0.2051,0.6032
2024-11-21,2024,R,,nfl_0031,nfl_0023,24,19,0.2761,1.0,0,0.524,1.2869
2024-11-24,2024,R,,nfl_0005,nfl_0014,27,30,0.2175,0.0,1,0.0473,0.2453
2024-11-24,2024,R,,nfl_0006,nfl_0016,27,30,0.3768,0.0,1,0.1419,0.4728
2024-11-24,2024,R,,nfl_0030,nfl_0008,26,34,0.791,0.0,0,0.6257,1.5656
2024-11-24,2024,R,,nfl_0015,nfl_0017,34,15,0.6877,1.0,1,0.0975,0.3744
2024-11-24,2024,R,,nfl_0019,nfl_0028,7,30,0.3866,0.0,1,0.1495,0.4888
2024-11-24,2024,R,,nfl_0012,nfl_0010,6,24,0.2986,0.0,1,0.0892,0.3547
2024-11-24,2024,R,,nfl_0032,nfl_0029,27,32,0.79,0.0,0,0.6241,1.5606
2024-11-24,2024,R,,nfl_0021,nfl_0009,19,29,0.3265,0.0,1,0.1066,0.3952
2024-11-24,2024,R,,nfl_0025,nfl_0001,16,6,0.5411,1.0,1,0.2106,0.6142
2024-11-24,2024,R,,nfl_0011,nfl_0026,38,10,0.6091,1.0,1,0.1528,0.4958
2024-11-24,2024,R,,nfl_0027,nfl_0022,20,37,0.3707,0.0,1,0.1374,0.4631
2024-11-25,2024,R,,nfl_0024,nfl_0003,23,30,0.5185,0.0,0,0.2688,0.7308
2024-11-28,2024,R,,nfl_0010,nfl_0006,23,20,0.8816,1.0,1,0.014,0.126
2024-11-28,2024,R,,nfl_0008,nfl_0019,27,20,0.7057,1.0,1,0.0866,0.3486
2024-11-28,2024,R,,nfl_0011,nfl_0015,30,17,0.762,1.0,1,0.0566,0.2718
2024-11-29,2024,R,,nfl_0014,nfl_0021,19,17,0.8969,1.0,1,0.0106,0.1088
2024-12-01,2024,R,,nfl_0002,nfl_0024,13,17,0.4896,0.0,1,0.2397,0.6725
2024-12-01,2024,R,,nfl_0007,nfl_0023,38,44,0.4579,0.0,1,0.2096,0.6122
2024-12-01,2024,R,,nfl_0016,nfl_0001,23,22,0.7583,1.0,1,0.0584,0.2766
2024-12-01,2024,R,,nfl_0020,nfl_0025,21,26,0.5337,0.0,0,0.2848,0.7629
2024-12-01,2024,R,,nfl_0030,nfl_0029,42,19,0.7297,1.0,1,0.0731,0.3151
2024-12-01,2024,R,,nfl_0017,nfl_0012,24,25,0.4625,0.0,1,0.2139,0.6208
2024-12-01,2024,R,,nfl_0013,nfl_0032,20,23,0.4601,0.0,1,0.2117,0.6164
2024-12-01,2024,R,,nfl_0005,nfl_0028,23,26,0.3062,0.0,1,0.0938,0.3656
2024-12-01,2024,R,,nfl_0018,nfl_0027,14,21,0.6395,0.0,0,0.4089,1.0202
2024-12-01,2024,R,,nfl_0003,nfl_0022,19,24,0.5848,0.0,0,0.342,0.8791
2024-12-01,2024,R,,nfl_0004,nfl_0026,35,10,0.7946,1.0,1,0.0422,0.2299
2024-12-02,2024,R,,nfl_0009,nfl_0031,41,32,0.805,1.0,1,0.038,0.217
2024-12-05,2024,R,,nfl_0010,nfl_0011,34,31,0.7338,1.0,1,0.0709,0.3095
2024-12-08,2024,R,,nfl_0016,nfl_0002,42,21,0.7992,1.0,1,0.0403,0.2242
2024-12-08,2024,R,,nfl_0022,nfl_0005,22,16,0.92,1.0,1,0.0064,0.0833
2024-12-08,2024,R,,nfl_0023,nfl_0031,27,14,0.8492,1.0,1,0.0227,0.1634
2024-12-08,2024,R,,nfl_0029,nfl_0013,6,10,0.5961,0.0,0,0.3554,0.9067
2024-12-08,2024,R,,nfl_0015,nfl_0020,32,26,0.6684,1.0,1,0.1099,0.4028
2024-12-08,2024,R,,nfl_0019,nfl_0018,11,14,0.4458,0.0,1,0.1988,0.5903
2024-12-08,2024,R,,nfl_0028,nfl_0021,28,13,0.8205,1.0,1,0.0322,0.1978
2024-12-08,2024,R,,nfl_0001,nfl_0025,18,30,0.5463,0.0,0,0.2984,0.7903
2024-12-08,2024,R,,nfl_0027,nfl_0004,44,42,0.3208,1.0,0,0.4613,1.1369
2024-12-08,2024,R,,nfl_0026,nfl_0006,38,13,0.7017,1.0,1,0.089,0.3543
2024-12-08,2024,R,,nfl_0014,nfl_0024,19,17,0.7174,1.0,1,0.0798,0.3321
2024-12-09,2024,R,,nfl_0008,nfl_0007,20,27,0.5492,0.0,0,0.3016,0.7966
2024-12-12,2024,R,,nfl_0026,nfl_0027,6,12,0.6633,0.0,0,0.44,1.0885
2024-12-15,2024,R,,nfl_0005,nfl_0008,14,30,0.4816,0.0,1,0.2319,0.6569
2024-12-15,2024,R,,nfl_0029,nfl_0007,27,37,0.4558,0.0,1,0.2078,0.6084
2024-12-15,2024,R,,nfl_0031,nfl_0014,7,21,0.2308,0.0,1,0.0533,0.2624
2024-12-15,2024,R,,nfl_0032,nfl_0015,20,12,0.7282,1.0,1,0.0739,0.3172
2024-12-15,2024,R,,nfl_0013,nfl_0020,25,32,0.6105,0.0,0,0.3727,0.9429
2024-12-15,2024,R,,nfl_0018,nfl_0030,19,20,0.4548,0.0,1,0.2068,0.6065
2024-12-15,2024,R,,nfl_0019,nfl_0003,14,35,0.1751,0.0,1,0.0306,0.1925
2024-12-15,2024,R,,nfl_0010,nfl_0004,42,48,0.675,0.0,0,0.4557,1.124
2024-12-15,2024,R,,nfl_0009,nfl_0012,31,13,0.7314,1.0,1,0.0722,0.3129
2024-12-15,2024,R,,nfl_0001,nfl_0017,30,17,0.6927,1.0,1,0.0944,0.3671
2024-12-15,2024,R,,nfl_0022,nfl_0023,27,13,0.6834,1.0,1,0.1002,0.3807
2024-12-15,2024,R,,nfl_0024,nfl_0028,17,40,0.6184,0.0,0,0.3824,0.9634
2024-12-15,2024,R,,nfl_0025,nfl_0011,13,30,0.5061,0.0,0,0.2561,0.7054
2024-12-16,2024,R,,nfl_0016,nfl_0006,30,12,0.8351,1.0,1,0.0272,0.1802
2024-12-16,2024,R,,nfl_0021,nfl_0002,9,15,0.4682,0.0,1,0.2192,0.6315
2024-12-19,2024,R,,nfl_0024,nfl_0009,34,27,0.5021,1.0,1,0.2479,0.6889
2024-12-21,2024,R,,nfl_0014,nfl_0032,27,19,0.7461,1.0,1,0.0645,0.2929
2024-12-21,2024,R,,nfl_0003,nfl_0023,34,17,0.6626,1.0,1,0.1139,0.4116
2024-12-22,2024,R,,nfl_0002,nfl_0019,34,7,0.7618,1.0,1,0.0567,0.272
2024-12-22,2024,R,,nfl_0005,nfl_0001,36,30,0.3626,1.0,0,0.4063,1.0146
2024-12-22,2024,R,,nfl_0006,nfl_0010,17,34,0.2077,0.0,1,0.0431,0.2328
2024-12-22,2024,R,,nfl_0007,nfl_0031,24,6,0.7686,1.0,1,0.0536,0.2632
2024-12-22,2024,R,,nfl_0012,nfl_0029,38,30,0.721,1.0,1,0.0778,0.3271
2024-12-22,2024,R,,nfl_0020,nfl_0027,9,19,0.4742,0.0,1,0.2249,0.6428
2024-12-22,2024,R,,nfl_0030,nfl_0022,36,33,0.3866,1.0,0,0.3763,0.9505
2024-12-22,2024,R,,nfl_0025,nfl_0016,24,27,0.446,0.0,1,0.199,0.5907
2024-12-22,2024,R,,nfl_0004,nfl_0017,24,21,0.9179,1.0,1,0.0067,0.0857
2024-12-22,2024,R,,nfl_0021,nfl_0013,19,14,0.4926,1.0,0,0.2574,0.708
2024-12-22,2024,R,,nfl_0015,nfl_0026,29,17,0.5121,1.0,1,0.2381,0.6693
2024-12-22,2024,R,,nfl_0008,nfl_0028,26,24,0.3764,1.0,0,0.3889,0.9771
2024-12-23,2024,R,,nfl_0011,nfl_0018,34,0,0.8176,1.0,1,0.0333,0.2013
2024-12-25,2024,R,,nfl_0023,nfl_0014,10,29,0.4635,0.0,1,0.2148,0.6227
2024-12-25,2024,R,,nfl_0032,nfl_0003,2,31,0.4326,0.0,1,0.1872,0.5667
2024-12-26,2024,R,,nfl_0006,nfl_0025,3,6,0.4397,0.0,1,0.1933,0.5793
2024-12-28,2024,R,,nfl_0017,nfl_0024,7,40,0.3222,0.0,1,0.1038,0.389
2024-12-28,2024,R,,nfl_0007,nfl_0009,30,24,0.512,1.0,1,0.2382,0.6694
2024-12-28,2024,R,,nfl_0027,nfl_0001,13,9,0.7032,1.0,1,0.0881,0.3522
2024-12-29,2024,R,,nfl_0004,nfl_0020,40,14,0.8842,1.0,1,0.0134,0.123
2024-12-29,2024,R,,nfl_0028,nfl_0005,48,14,0.8821,1.0,1,0.0139,0.1254
2024-12-29,2024,R,,nfl_0019,nfl_0012,45,33,0.3587,1.0,0,0.4113,1.0254
2024-12-29,2024,R,,nfl_0022,nfl_0008,41,7,0.8524,1.0,1,0.0218,0.1597
2024-12-29,2024,R,,nfl_0013,nfl_0029,20,13,0.6439,1.0,1,0.1268,0.4402
2024-12-29,2024,R,,nfl_0018,nfl_0021,10,25,0.7133,0.0,0,0.5088,1.2493
2024-12-29,2024,R,,nfl_0031,nfl_0015,3,20,0.4243,0.0,1,0.18,0.5522
2024-12-29,2024,R,,nfl_0016,nfl_0011,27,25,0.6014,1.0,1,0.1589,0.5085
2024-12-29,2024,R,,nfl_0030,nfl_0002,30,24,0.7166,1.0,1,0.0803,0.3333
2024-12-30,2024,R,,nfl_0026,nfl_0010,34,40,0.3035,0.0,1,0.0921,0.3617
2025-01-04,2024,R,,nfl_0003,nfl_0031,35,10,0.9263,1.0,1,0.0054,0.0765
2025-01-04,2024,R,,nfl_0023,nfl_0007,17,19,0.645,0.0,0,0.416,1.0355
2025-01-05,2024,R,,nfl_0002,nfl_0005,38,44,0.7911,0.0,0,0.6259,1.5659
2025-01-05,2024,R,,nfl_0017,nfl_0004,23,16,0.1476,1.0,0,0.7265,1.9129
2025-01-05,2024,R,,nfl_0011,nfl_0006,22,24,0.8634,0.0,0,0.7454,1.9903
2025-01-05,2024,R,,nfl_0012,nfl_0013,26,23,0.6631,1.0,1,0.1135,0.4108
2025-01-05,2024,R,,nfl_0008,nfl_0030,19,23,0.4261,0.0,1,0.1816,0.5554
2025-01-05,2024,R,,nfl_0029,nfl_0032,14,23,0.3509,0.0,1,0.1231,0.4321
2025-01-05,2024,R,,nfl_0028,nfl_0018,27,19,0.8238,1.0,1,0.0311,0.1938
2025-01-05,2024,R,,nfl_0022,nfl_0019,20,13,0.9284,1.0,1,0.0051,0.0743
2025-01-05,2024,R,,nfl_0001,nfl_0026,47,24,0.5491,1.0,1,0.2033,0.5995
2025-01-05,2024,R,,nfl_0009,nfl_0014,38,0,0.4015,1.0,0,0.3582,0.9126
2025-01-05,2024,R,,nfl_0020,nfl_0015,32,20,0.465,1.0,0,0.2862,0.7658
2025-01-05,2024,R,,nfl_0021,nfl_0024,20,34,0.3261,0.0,1,0.1063,0.3946
2025-01-05,2024,R,,nfl_0027,nfl_0025,25,30,0.6232,0.0,0,0.3884,0.9761
2025-01-05,2024,R,,nfl_0010,nfl_0016,31,9,0.6883,1.0,1,0.0971,0.3735
2025-01-11,2024,P,WC,nfl_0032,nfl_0024,32,12,0.5283,1.0,1,0.2225,0.6381
2025-01-11,2024,P,WC,nfl_0003,nfl_0023,28,14,0.791,1.0,1,0.0437,0.2345
2025-01-12,2024,P,WC,nfl_0004,nfl_0009,31,7,0.6759,1.0,1,0.105,0.3916
2025-01-12,2024,P,WC,nfl_0022,nfl_0011,22,10,0.688,1.0,1,0.0974,0.374
2025-01-12,2024,P,WC,nfl_0028,nfl_0030,20,23,0.6468,0.0,0,0.4184,1.0409
2025-01-13,2024,P,WC,nfl_0027,nfl_0016,27,9,0.4489,1.0,0,0.3037,0.8009
2025-01-18,2024,P,DV,nfl_0014,nfl_0032,23,14,0.7437,1.0,1,0.0657,0.2961
2025-01-18,2024,P,DV,nfl_0010,nfl_0030,31,45,0.8151,0.0,0,0.6644,1.688
2025-01-19,2024,P,DV,nfl_0022,nfl_0027,28,22,0.791,1.0,1,0.0437,0.2344
2025-01-19,2024,P,DV,nfl_0004,nfl_0003,27,25,0.5825,1.0,1,0.1743,0.5405
2025-01-26,2024,P,CC,nfl_0022,nfl_0030,55,23,0.711,1.0,1,0.0835,0.3411
2025-01-26,2024,P,CC,nfl_0014,nfl_0004,32,29,0.5309,1.0,1,0.22,0.6331
2025-09-04,2025,R,,nfl_0022,nfl_0008,24,20,0.7257,1.0,1,0.0752,0.3206
2025-09-05,2025,R,,nfl_0024,nfl_0014,27,21,0.5517,1.0,1,0.201,0.5947
2025-09-07,2025,R,,nfl_0002,nfl_0028,20,23,0.5413,0.0,0,0.293,0.7794
2025-09-07,2025,R,,nfl_0013,nfl_0005,26,10,0.634,1.0,1,0.1339,0.4557
2025-09-07,2025,R,,nfl_0031,nfl_0007,16,17,0.5127,0.0,0,0.2628,0.7188
2025-09-07,2025,R,,nfl_0012,nfl_0015,33,8,0.5891,1.0,1,0.1689,0.5292
2025-09-07,2025,R,,nfl_0018,nfl_0001,13,20,0.5661,0.0,0,0.3205,0.835
2025-09-07,2025,R,,nfl_0017,nfl_0021,13,20,0.5959,0.0,0,0.3552,0.9062
2025-09-07,2025,R,,nfl_0030,nfl_0019,21,6,0.708,1.0,1,0.0852,0.3453
2025-09-07,2025,R,,nfl_0020,nfl_0023,32,34,0.5593,0.0,0,0.3128,0.8194
2025-09-07,2025,R,,nfl_0009,nfl_0029,20,12,0.7076,1.0,1,0.0855,0.3459
2025-09-07,2025,R,,nfl_0025,nfl_0026,13,17,0.6334,0.0,0,0.4012,1.0035
2025-09-07,2025,R,,nfl_0011,nfl_0010,27,13,0.5649,1.0,1,0.1893,0.5711
2025-09-07,2025,R,,nfl_0027,nfl_0032,14,9,0.6023,1.0,1,0.1581,0.507
2025-09-07,2025,R,,nfl_0004,nfl_0003,41,40,0.601,1.0,1,0.1592,0.5092
2025-09-08,2025,R,,nfl_0006,nfl_0016,24,27,0.5185,0.0,0,0.2689,0.7309
2025-09-11,2025,R,,nfl_0011,nfl_0030,27,18,0.6246,1.0,1,0.1409,0.4706
2025-09-14,2025,R,,nfl_0020,nfl_0004,10,30,0.4585,0.0,1,0.2102,0.6135
2025-09-14,2025,R,,nfl_0010,nfl_0006,52,21,0.7087,1.0,1,0.0849,0.3443
2025-09-14,2025,R,,nfl_0007,nfl_0013,31,27,0.6454,1.0,1,0.1257,0.4379
2025-09-14,2025,R,,nfl_0003,nfl_0031,41,17,0.7451,1.0,1,0.065,0.2942
2025-09-14,2025,R,,nfl_0008,nfl_0019,40,37,0.6673,1.0,1,0.1107,0.4045
2025-09-14,2025,R,,nfl_0015,nfl_0017,27,33,0.6399,0.0,0,0.4095,1.0214
2025-09-14,2025,R,,nfl_0018,nfl_0026,21,26,0.5152,0.0,0,0.2655,0.7241
2025-09-14,2025,R,,nfl_0029,nfl_0027,19,33,0.4748,0.0,1,0.2255,0.6441
2025-09-14,2025,R,,nfl_0023,nfl_0025,17,31,0.6441,0.0,0,0.4149,1.0331
2025-09-14,2025,R,,nfl_0001,nfl_0005,27,22,0.7225,1.0,1,0.077,0.325
2025-09-14,2025,R,,nfl_0012,nfl_0009,29,28,0.5723,1.0,1,0.183,0.5581
2025-09-14,2025,R,,nfl_0014,nfl_0022,17,20,0.5247,0.0,0,0.2753,0.7439
2025-09-14,2025,R,,nfl_0016,nfl_0002,6,22,0.6936,0.0,0,0.4811,1.1828
2025-09-15,2025,R,,nfl_0032,nfl_0028,19,20,0.5467,0.0,0,0.2989,0.7913
2025-09-15,2025,R,,nfl_0021,nfl_0024,9,20,0.5209,0.0,0,0.2713,0.7358
2025-09-18,2025,R,,nfl_0004,nfl_0015,31,21,0.8005,1.0,1,0.0398,0.2225
2025-09-21,2025,R,,nfl_0005,nfl_0002,30,0,0.4642,1.0,0,0.2871,0.7675
2025-09-21,2025,R,,nfl_0016,nfl_0007,48,10,0.5588,1.0,1,0.1946,0.5819
2025-09-21,2025,R,,nfl_0031,nfl_0011,13,10,0.3664,1.0,0,0.4014,1.004
2025-09-21,2025,R,,nfl_0029,nfl_0012,20,41,0.4363,0.0,1,0.1903,0.5732
2025-09-21,2025,R,,nfl_0013,nfl_0032,17,10,0.5949,1.0,1,0.1641,0.5194
2025-09-21,2025,R,,nfl_0017,nfl_0023,14,21,0.558,0.0,0,0.3114,0.8165
2025-09-21,2025,R,,nfl_0028,nfl_0020,29,27,0.7432,1.0,1,0.0659,0.2968
2025-09-21,2025,R,,nfl_0022,nfl_0027,33,26,0.6591,1.0,1,0.1162,0.4168
2025-09-21,2025,R,,nfl_0030,nfl_0021,41,24,0.7085,1.0,1,0.085,0.3446
2025-09-21,2025,R,,nfl_0024,nfl_0009,23,20,0.6286,1.0,1,0.1379,0.4642
2025-09-21,2025,R,,nfl_0025,nfl_0018,44,13,0.725,1.0,1,0.0756,0.3216
2025-09-21,2025,R,,nfl_0006,nfl_0008,31,14,0.5318,1.0,1,0.2192,0.6315
2025-09-21,2025,R,,nfl_0026,nfl_0001,16,15,0.602,1.0,1,0.1584,0.5075
2025-09-21,2025,R,,nfl_0019,nfl_0014,9,22,0.4581,0.0,1,0.2098,0.6126
2025-09-22,2025,R,,nfl_0003,nfl_0010,30,38,0.6182,0.0,0,0.3822,0.963
2025-09-25,2025,R,,nfl_0001,nfl_0025,20,23,0.5501,0.0,0,0.3026,0.7988
2025-09-28,2025,R,,nfl_0023,nfl_0016,24,21,0.5388,1.0,1,0.2127,0.6184
2025-09-28,2025,R,,nfl_0002,nfl_0030,34,27,0.4726,1.0,0,0.2781,0.7494
2025-09-28,2025,R,,nfl_0004,nfl_0018,31,19,0.8375,1.0,1,0.0264,0.1773
2025-09-28,2025,R,,nfl_0017,nfl_0005,42,13,0.5552,1.0,1,0.1979,0.5885
2025-09-28,2025,R,,nfl_0010,nfl_0031,34,10,0.7832,1.0,1,0.047,0.2444
2025-09-28,2025,R,,nfl_0032,nfl_0029,26,0,0.7254,1.0,1,0.0754,0.3211
2025-09-28,2025,R,,nfl_0019,nfl_0024,21,18,0.3585,1.0,0,0.4115,1.0258
2025-09-28,2025,R,,nfl_0028,nfl_0022,25,31,0.5286,0.0,0,0.2794,0.752
2025-09-28,2025,R,,nfl_0027,nfl_0012,27,20,0.5714,1.0,1,0.1837,0.5596
2025-09-28,2025,R,,nfl_0026,nfl_0013,21,26,0.6484,0.0,0,0.4204,1.0453
2025-09-28,2025,R,,nfl_0021,nfl_0006,24,25,0.5739,0.0,0,0.3294,0.8531
2025-09-28,2025,R,,nfl_0014,nfl_0003,37,20,0.6008,1.0,1,0.1593,0.5094
2025-09-28,2025,R,,nfl_0008,nfl_0011,40,40,0.4326,0.5,0,0.0045,0.7023
2025-09-29,2025,R,,nfl_0015,nfl_0020,27,21,0.6068,1.0,1,0.1546,0.4995
2025-09-29,2025,R,,nfl_0009,nfl_0007,28,3,0.6573,1.0,1,0.1174,0.4196
2025-10-02,2025,R,,nfl_0027,nfl_0026,23,26,0.66,0.0,0,0.4356,1.0788
2025-10-05,2025,R,,nfl_0031,nfl_0016,17,21,0.4247,0.0,1,0.1803,0.5528
2025-10-05,2025,R,,nfl_0005,nfl_0015,27,24,0.5931,1.0,1,0.1656,0.5224
2025-10-05,2025,R,,nfl_0012,nfl_0021,40,6,0.7529,1.0,1,0.0611,0.2839
2025-10-05,2025,R,,nfl_0020,nfl_0008,22,37,0.5456,0.0,0,0.2977,0.7888
2025-10-05,2025,R,,nfl_0022,nfl_0009,17,21,0.704,0.0,0,0.4957,1.2176
2025-10-05,2025,R,,nfl_0003,nfl_0032,10,44,0.6365,0.0,0,0.4051,1.0119
2025-10-05,2025,R,,nfl_0018,nfl_0019,26,14,0.5844,1.0,1,0.1727,0.5371
2025-10-05,2025,R,,nfl_0001,nfl_0029,21,22,0.7855,0.0,0,0.617,1.5395
2025-10-05,2025,R,,nfl_0025,nfl_0028,35,38,0.65,0.0,0,0.4225,1.0497
2025-10-05,2025,R,,nfl_0007,nfl_0010,24,37,0.3823,0.0,1,0.1461,0.4817
2025-10-05,2025,R,,nfl_0024,nfl_0030,10,27,0.6396,0.0,0,0.409,1.0204
2025-10-05,2025,R,,nfl_0004,nfl_0017,20,23,0.7772,0.0,0,0.604,1.5013
2025-10-06,2025,R,,nfl_0013,nfl_0014,31,28,0.5272,1.0,1,0.2236,0.6402
2025-10-09,2025,R,,nfl_0019,nfl_0022,34,17,0.3021,1.0,0,0.4871,1.1971
2025-10-12,2025,R,,nfl_0020,nfl_0009,11,13,0.337,0.0,1,0.1136,0.411
2025-10-12,2025,R,,nfl_0005,nfl_0008,30,27,0.5449,1.0,1,0.2071,0.6072
2025-10-12,2025,R,,nfl_0023,nfl_0031,23,9,0.7681,1.0,1,0.0538,0.2638
2025-10-12,2025,R,,nfl_0012,nfl_0001,31,27,0.7074,1.0,1,0.0856,0.3462
2025-10-12,2025,R,,nfl_0013,nfl_0025,12,20,0.5602,0.0,0,0.3138,0.8214
2025-10-12,2025,R,,nfl_0015,nfl_0024,27,29,0.4782,0.0,1,0.2287,0.6504
2025-10-12,2025,R,,nfl_0018,nfl_0017,19,25,0.4974,0.0,1,0.2474,0.6879
2025-10-12,2025,R,,nfl_0003,nfl_0027,3,17,0.4739,0.0,1,0.2246,0.6422
2025-10-12,2025,R,,nfl_0021,nfl_0029,20,10,0.6498,1.0,1,0.1227,0.4311
2025-10-12,2025,R,,nfl_0011,nfl_0007,27,18,0.7835,1.0,1,0.0469,0.244
2025-10-12,2025,R,,nfl_0028,nfl_0026,30,19,0.6338,1.0,1,0.1341,0.4561
2025-10-12,2025,R,,nfl_0014,nfl_0010,30,17,0.5037,1.0,1,0.2463,0.6857
2025-10-13,2025,R,,nfl_0002,nfl_0004,24,14,0.4574,1.0,0,0.2944,0.7823
2025-10-13,2025,R,,nfl_0030,nfl_0006,24,25,0.7043,0.0,0,0.496,1.2184
2025-10-16,2025,R,,nfl_0007,nfl_0023,33,31,0.4571,1.0,0,0.2947,0.7828
2025-10-19,2025,R,,nfl_0013,nfl_0027,7,35,0.5158,0.0,0,0.266,0.7252
2025-10-19,2025,R,,nfl_0006,nfl_0018,26,14,0.6905,1.0,1,0.0958,0.3703
2025-10-19,2025,R,,nfl_0016,nfl_0022,22,28,0.5904,0.0,0,0.3486,0.8926
2025-10-19,2025,R,,nfl_0020,nfl_0005,6,13,0.5,0.0,0,0.25,0.6932
2025-10-19,2025,R,,nfl_0031,nfl_0015,31,6,0.563,1.0,1,0.191,0.5744
2025-10-19,2025,R,,nfl_0014,nfl_0021,31,0,0.798,1.0,1,0.0408,0.2256
2025-10-19,2025,R,,nfl_0029,nfl_0017,13,31,0.3794,0.0,1,0.1439,0.477
2025-10-19,2025,R,,nfl_0024,nfl_0012,24,38,0.5291,0.0,0,0.28,0.7532
2025-10-19,2025,R,,nfl_0009,nfl_0019,33,32,0.7719,1.0,1,0.052,0.2589
2025-10-19,2025,R,,nfl_0001,nfl_0011,23,27,0.473,0.0,1,0.2238,0.6406
2025-10-19,2025,R,,nfl_0008,nfl_0030,44,22,0.4824,1.0,0,0.2679,0.729
2025-10-19,2025,R,,nfl_0026,nfl_0002,20,10,0.6252,1.0,1,0.1405,0.4697
2025-10-20,2025,R,,nfl_0010,nfl_0028,24,9,0.6385,1.0,1,0.1307,0.4487
2025-10-20,2025,R,,nfl_0025,nfl_0032,27,19,0.5795,1.0,1,0.1768,0.5456
2025-10-23,2025,R,,nfl_0024,nfl_0016,37,10,0.5554,1.0,1,0.1977,0.5881
2025-10-26,2025,R,,nfl_0002,nfl_0015,10,34,0.723,0.0,0,0.5228,1.2838
2025-10-26,2025,R,,nfl_0005,nfl_0004,9,40,0.4054,0.0,1,0.1643,0.5198
2025-10-26,2025,R,,nfl_0003,nfl_0006,30,16,0.5565,1.0,1,0.1967,0.5862
2025-10-26,2025,R,,nfl_0032,nfl_0026,26,15,0.6288,1.0,1,0.1378,0.464
2025-10-26,2025,R,,nfl_0007,nfl_0020,38,39,0.7148,0.0,0,0.511,1.2546
2025-10-26,2025,R,,nfl_0017,nfl_0031,32,13,0.7324,1.0,1,0.0716,0.3114
2025-10-26,2025,R,,nfl_0022,nfl_0019,38,20,0.789,1.0,1,0.0445,0.237
2025-10-26,2025,R,,nfl_0018,nfl_0028,3,23,0.3821,0.0,1,0.146,0.4814
2025-10-26,2025,R,,nfl_0012,nfl_0029,38,14,0.8818,1.0,1,0.014,0.1258
2025-10-26,2025,R,,nfl_0009,nfl_0008,44,24,0.6988,1.0,1,0.0907,0.3584
2025-10-26,2025,R,,nfl_0023,nfl_0011,25,35,0.5179,0.0,0,0.2682,0.7295
2025-10-27,2025,R,,nfl_0014,nfl_0030,28,7,0.7121,1.0,1,0.0829,0.3395
2025-10-30,2025,R,,nfl_0015,nfl_0003,6,28,0.5727,0.0,0,0.328,0.8503
2025-11-02,2025,R,,nfl_0017,nfl_0002,24,23,0.7507,1.0,1,0.0622,0.2868
2025-11-02,2025,R,,nfl_0007,nfl_0006,42,47,0.5457,0.0,0,0.2978,0.789
2025-11-02,2025,R,,nfl_0010,nfl_0016,24,27,0.7612,0.0,0,0.5794,1.4321
2025-11-02,2025,R,,nfl_0011,nfl_0005,13,16,0.8071,0.0,0,0.6513,1.6453
2025-11-02,2025,R,,nfl_0023,nfl_0012,27,20,0.4361,1.0,0,0.3179,0.8298
2025-11-02,2025,R,,nfl_0032,nfl_0009,15,18,0.5552,0.0,0,0.3083,0.8102
2025-11-02,2025,R,,nfl_0019,nfl_0026,24,34,0.47,0.0,1,0.2209,0.6349
2025-11-02,2025,R,,nfl_0029,nfl_0024,20,27,0.299,0.0,1,0.0894,0.3552
2025-11-02,2025,R,,nfl_0021,nfl_0013,29,30,0.5088,0.0,0,0.2588,0.7108
2025-11-02,2025,R,,nfl_0027,nfl_0018,34,10,0.8784,1.0,1,0.0148,0.1296
2025-11-02,2025,R,,nfl_0004,nfl_0014,28,21,0.5995,1.0,1,0.1604,0.5116
2025-11-02,2025,R,,nfl_0030,nfl_0025,14,38,0.4382,0.0,1,0.192,0.5766
2025-11-03,2025,R,,nfl_0008,nfl_0001,17,27,0.5928,0.0,0,0.3514,0.8985
2025-11-06,2025,R,,nfl_0009,nfl_0021,10,7,0.8431,1.0,1,0.0246,0.1707
2025-11-09,2025,R,,nfl_0012,nfl_0002,31,25,0.8035,1.0,1,0.0386,0.2188
2025-11-09,2025,R,,nfl_0015,nfl_0004,30,13,0.2924,1.0,0,0.5007,1.2297
2025-11-09,2025,R,,nfl_0006,nfl_0019,24,20,0.716,1.0,1,0.0807,0.3341
2025-11-09,2025,R,,nfl_0020,nfl_0031,27,20,0.5447,1.0,1,0.2073,0.6076
2025-11-09,2025,R,,nfl_0032,nfl_0013,36,29,0.7103,1.0,1,0.0839,0.3421
2025-11-09,2025,R,,nfl_0016,nfl_0003,19,27,0.6118,0.0,0,0.3743,0.9462
2025-11-09,2025,R,,nfl_0005,nfl_0018,7,17,0.7182,0.0,0,0.5158,1.2664
2025-11-09,2025,R,,nfl_0028,nfl_0017,23,28,0.6684,0.0,0,0.4467,1.1037
2025-11-09,2025,R,,nfl_0025,nfl_0001,44,22,0.7639,1.0,1,0.0558,0.2694
2025-11-09,2025,R,,nfl_0030,nfl_0010,22,44,0.4121,0.0,1,0.1699,0.5313
2025-11-09,2025,R,,nfl_0026,nfl_0027,26,42,0.4705,0.0,1,0.2214,0.6358
2025-11-09,2025,R,,nfl_0024,nfl_0023,25,10,0.6394,1.0,1,0.13,0.4472
2025-11-10,2025,R,,nfl_0011,nfl_0022,7,10,0.5561,0.0,0,0.3093,0.8122
2025-11-13,2025,R,,nfl_0017,nfl_0020,27,14,0.8133,1.0,1,0.0349,0.2066
2025-11-16,2025,R,,nfl_0015,nfl_0030,16,13,0.5962,1.0,1,0.163,0.5171
2025-11-16,2025,R,,nfl_0002,nfl_0005,27,30,0.6092,0.0,0,0.3712,0.9397
2025-11-16,2025,R,,nfl_0004,nfl_0028,44,32,0.6427,1.0,1,0.1277,0.4421
2025-11-16,2025,R,,nfl_0016,nfl_0006,17,19,0.6008,0.0,0,0.361,0.9183
2025-11-16,2025,R,,nfl_0023,nfl_0007,34,12,0.6796,1.0,1,0.1026,0.3862
2025-11-16,2025,R,,nfl_0019,nfl_0011,20,27,0.3471,0.0,1,0.1205,0.4264
2025-11-16,2025,R,,nfl_0029,nfl_0032,13,16,0.2889,0.0,1,0.0835,0.3409
2025-11-16,2025,R,,nfl_0013,nfl_0024,35,6,0.4546,1.0,0,0.2975,0.7884
2025-11-16,2025,R,,nfl_0001,nfl_0026,22,41,0.5739,0.0,0,0.3294,0.8531
2025-11-16,2025,R,,nfl_0027,nfl_0025,21,19,0.6137,1.0,1,0.1492,0.4882
2025-11-16,2025,R,,nfl_0031,nfl_0003,16,23,0.4219,0.0,1,0.178,0.5479
2025-11-16,2025,R,,nfl_0009,nfl_0014,22,19,0.6055,1.0,1,0.1556,0.5017
2025-11-16,2025,R,,nfl_0022,nfl_0010,16,9,0.5711,1.0,1,0.1839,0.5601
2025-11-17,2025,R,,nfl_0021,nfl_0008,16,33,0.49,0.0,1,0.2401,0.6734
2025-11-20,2025,R,,nfl_0032,nfl_0004,23,19,0.5549,1.0,1,0.1981,0.5889
2025-11-23,2025,R,,nfl_0006,nfl_0023,31,28,0.5805,1.0,1,0.176,0.5438
2025-11-23,2025,R,,nfl_0007,nfl_0017,20,26,0.3311,0.0,1,0.1096,0.4021
2025-11-23,2025,R,,nfl_0014,nfl_0012,23,20,0.5651,1.0,1,0.1892,0.5708
2025-11-23,2025,R,,nfl_0010,nfl_0019,34,27,0.8535,1.0,1,0.0215,0.1584
2025-11-23,2025,R,,nfl_0011,nfl_0016,23,6,0.74,1.0,1,0.0676,0.3011
2025-11-23,2025,R,,nfl_0003,nfl_0020,23,10,0.7863,1.0,1,0.0457,0.2405
2025-11-23,2025,R,,nfl_0029,nfl_0025,24,30,0.1892,0.0,1,0.0358,0.2098
2025-11-23,2025,R,,nfl_0021,nfl_0031,10,24,0.5668,0.0,0,0.3213,0.8367
2025-11-23,2025,R,,nfl_0001,nfl_0013,24,27,0.5094,0.0,0,0.2595,0.7122
2025-11-23,2025,R,,nfl_0018,nfl_0002,10,24,0.6047,0.0,0,0.3656,0.928
2025-11-23,2025,R,,nfl_0008,nfl_0022,24,21,0.3998,1.0,0,0.3602,0.9167
2025-11-23,2025,R,,nfl_0027,nfl_0028,34,7,0.745,1.0,1,0.065,0.2943
2025-11-24,2025,R,,nfl_0026,nfl_0005,20,9,0.7438,1.0,1,0.0657,0.296
2025-11-27,2025,R,,nfl_0010,nfl_0011,24,31,0.6201,0.0,0,0.3845,0.9677
2025-11-27,2025,R,,nfl_0008,nfl_0014,31,28,0.4573,1.0,0,0.2945,0.7824
2025-11-27,2025,R,,nfl_0003,nfl_0007,14,32,0.7968,0.0,0,0.6348,1.5933
2025-11-28,2025,R,,nfl_0022,nfl_0006,15,24,0.7276,0.0,0,0.5294,1.3004
2025-11-30,2025,R,,nfl_0020,nfl_0002,27,24,0.4943,1.0,0,0.2557,0.7046
2025-11-30,2025,R,,nfl_0031,nfl_0026,8,26,0.4136,0.0,1,0.1711,0.5338
2025-11-30,2025,R,,nfl_0012,nfl_0032,16,20,0.6103,0.0,0,0.3724,0.9423
2025-11-30,2025,R,,nfl_0028,nfl_0001,20,17,0.7194,1.0,1,0.0787,0.3293
2025-11-30,2025,R,,nfl_0029,nfl_0013,3,25,0.3112,0.0,1,0.0968,0.3728
2025-11-30,2025,R,,nfl_0015,nfl_0018,21,17,0.7435,1.0,1,0.0658,0.2964
2025-11-30,2025,R,,nfl_0005,nfl_0027,31,28,0.2469,1.0,0,0.5672,1.3988
2025-11-30,2025,R,,nfl_0025,nfl_0016,26,0,0.804,1.0,1,0.0384,0.2182
2025-11-30,2025,R,,nfl_0023,nfl_0004,7,26,0.4771,0.0,1,0.2276,0.6483
2025-11-30,2025,R,,nfl_0024,nfl_0021,31,14,0.836,1.0,1,0.0269,0.1791
2025-11-30,2025,R,,nfl_0030,nfl_0009,26,27,0.3338,0.0,1,0.1114,0.4061
2025-12-01,2025,R,,nfl_0017,nfl_0019,33,15,0.8362,1.0,1,0.0268,0.1789
2025-12-04,2025,R,,nfl_0010,nfl_0008,44,30,0.7051,1.0,1,0.087,0.3494
2025-12-07,2025,R,,nfl_0002,nfl_0025,9,37,0.3041,0.0,1,0.0925,0.3626
2025-12-07,2025,R,,nfl_0004,nfl_0007,39,34,0.8163,1.0,1,0.0337,0.2029
2025-12-07,2025,R,,nfl_0031,nfl_0029,29,31,0.7374,0.0,0,0.5437,1.337
2025-12-07,2025,R,,nfl_0013,nfl_0012,36,19,0.5389,1.0,1,0.2126,0.6183
2025-12-07,2025,R,,nfl_0020,nfl_0015,10,34,0.5027,0.0,0,0.2527,0.6986
2025-12-07,2025,R,,nfl_0016,nfl_0030,31,0,0.6265,1.0,1,0.1395,0.4676
2025-12-07,2025,R,,nfl_0028,nfl_0018,20,24,0.8109,0.0,0,0.6576,1.6656
2025-12-07,2025,R,,nfl_0003,nfl_0023,22,27,0.6328,0.0,0,0.4005,1.002
2025-12-07,2025,R,,nfl_0021,nfl_0009,17,24,0.207,0.0,1,0.0429,0.2319
2025-12-07,2025,R,,nfl_0011,nfl_0006,28,21,0.7193,1.0,1,0.0788,0.3295
2025-12-07,2025,R,,nfl_0001,nfl_0027,17,45,0.28,0.0,1,0.0784,0.3285
2025-12-07,2025,R,,nfl_0014,nfl_0032,10,20,0.6041,0.0,0,0.3649,0.9265
2025-12-08,2025,R,,nfl_0024,nfl_0022,22,19,0.5124,1.0,1,0.2378,0.6687
2025-12-11,2025,R,,nfl_0028,nfl_0002,28,29,0.7258,0.0,0,0.5267,1.2938
2025-12-14,2025,R,,nfl_0017,nfl_0004,31,35,0.5935,0.0,0,0.3523,0.9002
2025-12-14,2025,R,,nfl_0006,nfl_0031,31,3,0.7873,1.0,1,0.0453,0.2392
2025-12-14,2025,R,,nfl_0007,nfl_0003,0,24,0.522,0.0,0,0.2724,0.738
2025-12-14,2025,R,,nfl_0032,nfl_0001,40,20,0.8423,1.0,1,0.0249,0.1716
2025-12-14,2025,R,,nfl_0013,nfl_0020,48,20,0.8433,1.0,1,0.0246,0.1704
2025-12-14,2025,R,,nfl_0014,nfl_0024,13,16,0.6547,0.0,0,0.4286,1.0633
2025-12-14,2025,R,,nfl_0019,nfl_0030,21,29,0.5932,0.0,0,0.3519,0.8994
2025-12-14,2025,R,,nfl_0022,nfl_0021,31,0,0.8683,1.0,1,0.0173,0.1412
2025-12-14,2025,R,,nfl_0018,nfl_0005,20,17,0.4795,1.0,0,0.2709,0.735
2025-12-14,2025,R,,nfl_0025,nfl_0012,18,16,0.7527,1.0,1,0.0611,0.284
2025-12-14,2025,R,,nfl_0009,nfl_0011,34,26,0.6022,1.0,1,0.1582,0.5071
2025-12-14,2025,R,,nfl_0027,nfl_0010,41,34,0.6923,1.0,1,0.0947,0.3678
2025-12-14,2025,R,,nfl_0026,nfl_0029,37,24,0.8954,1.0,1,0.0109,0.1104
2025-12-14,2025,R,,nfl_0008,nfl_0016,26,34,0.6361,0.0,0,0.4047,1.011
2025-12-15,2025,R,,nfl_0023,nfl_0015,28,15,0.6235,1.0,1,0.1417,0.4724
2025-12-18,2025,R,,nfl_0025,nfl_0027,38,37,0.5777,1.0,1,0.1784,0.5488
2025-12-20,2025,R,,nfl_0030,nfl_0022,18,29,0.3652,0.0,1,0.1334,0.4545
2025-12-20,2025,R,,nfl_0006,nfl_0011,22,16,0.4944,1.0,0,0.2557,0.7045
2025-12-21,2025,R,,nfl_0031,nfl_0004,20,23,0.231,0.0,1,0.0533,0.2626
2025-12-21,2025,R,,nfl_0005,nfl_0028,23,20,0.4796,1.0,0,0.2708,0.7348
2025-12-21,2025,R,,nfl_0015,nfl_0007,21,45,0.7039,0.0,0,0.4955,1.2171
2025-12-21,2025,R,,nfl_0008,nfl_0024,17,34,0.4981,0.0,1,0.2481,0.6893
2025-12-21,2025,R,,nfl_0029,nfl_0014,26,9,0.2484,1.0,0,0.5648,1.3926
2025-12-21,2025,R,,nfl_0019,nfl_0016,13,16,0.3794,0.0,1,0.1439,0.4771
2025-12-21,2025,R,,nfl_0018,nfl_0020,29,6,0.6682,1.0,1,0.1101,0.4032
2025-12-21,2025,R,,nfl_0001,nfl_0002,19,26,0.5547,0.0,0,0.3076,0.8089
2025-12-21,2025,R,,nfl_0009,nfl_0013,20,34,0.7036,0.0,0,0.4951,1.2161
2025-12-21,2025,R,,nfl_0010,nfl_0023,24,29,0.711,0.0,0,0.5055,1.2413
2025-12-21,2025,R,,nfl_0032,nfl_0021,23,21,0.9065,1.0,1,0.0087,0.0981
2025-12-21,2025,R,,nfl_0003,nfl_0017,24,28,0.5176,0.0,0,0.2679,0.729
2025-12-22,2025,R,,nfl_0012,nfl_0026,27,48,0.5597,0.0,0,0.3132,0.8202
2025-12-25,2025,R,,nfl_0030,nfl_0008,23,30,0.5454,0.0,0,0.2974,0.7882
2025-12-25,2025,R,,nfl_0016,nfl_0010,23,10,0.5025,1.0,1,0.2475,0.6882
2025-12-25,2025,R,,nfl_0014,nfl_0009,13,20,0.4641,0.0,1,0.2154,0.6238
2025-12-27,2025,R,,nfl_0024,nfl_0032,16,20,0.5236,0.0,0,0.2742,0.7415
2025-12-27,2025,R,,nfl_0011,nfl_0003,24,41,0.7386,0.0,0,0.5455,1.3416
2025-12-28,2025,R,,nfl_0005,nfl_0025,10,27,0.257,0.0,1,0.066,0.297
2025-12-28,2025,R,,nfl_0007,nfl_0001,37,14,0.6724,1.0,1,0.1074,0.397
2025-12-28,2025,R,,nfl_0031,nfl_0023,13,6,0.3483,1.0,0,0.4247,1.0546
2025-12-28,2025,R,,nfl_0012,nfl_0013,17,23,0.4608,0.0,1,0.2124,0.6177
2025-12-28,2025,R,,nfl_0015,nfl_0028,20,17,0.5116,1.0,1,0.2386,0.6703
2025-12-28,2025,R,,nfl_0029,nfl_0018,26,34,0.4948,0.0,1,0.2448,0.6828
2025-12-28,2025,R,,nfl_0020,nfl_0017,10,42,0.2274,0.0,1,0.0517,0.258
2025-12-28,2025,R,,nfl_0021,nfl_0019,10,34,0.5586,0.0,0,0.312,0.8178
2025-12-28,2025,R,,nfl_0004,nfl_0022,12,13,0.6503,0.0,0,0.4229,1.0508
2025-12-28,2025,R,,nfl_0026,nfl_0006,42,38,0.6649,1.0,1,0.1123,0.4081
2025-12-29,2025,R,,nfl_0002,nfl_0027,27,24,0.2619,1.0,0,0.5447,1.3397
2026-01-03,2025,R,,nfl_0028,nfl_0005,16,14,0.6807,1.0,1,0.102,0.3847
2026-01-03,2025,R,,nfl_0026,nfl_0025,3,13,0.4974,0.0,1,0.2474,0.688
2026-01-04,2025,R,,nfl_0002,nfl_0018,19,17,0.6455,1.0,1,0.1256,0.4377
2026-01-04,2025,R,,nfl_0007,nfl_0031,18,20,0.7007,0.0,0,0.491,1.2064
2026-01-04,2025,R,,nfl_0032,nfl_0012,38,30,0.7863,1.0,1,0.0457,0.2404
2026-01-04,2025,R,,nfl_0019,nfl_0008,34,17,0.4586,1.0,0,0.2932,0.7797
2026-01-04,2025,R,,nfl_0016,nfl_0011,16,3,0.5546,1.0,1,0.1984,0.5896
2026-01-04,2025,R,,nfl_0013,nfl_0029,41,7,0.8991,1.0,1,0.0102,0.1063
2026-01-04,2025,R,,nfl_0004,nfl_0020,35,8,0.9174,1.0,1,0.0068,0.0862
2026-01-04,2025,R,,nfl_0006,nfl_0010,16,19,0.5829,0.0,0,0.3398,0.8745
2026-01-04,2025,R,,nfl_0027,nfl_0001,37,20,0.9005,1.0,1,0.0099,0.1049
2026-01-04,2025,R,,nfl_0009,nfl_0024,19,3,0.6964,1.0,1,0.0922,0.3618
2026-01-04,2025,R,,nfl_0021,nfl_0014,14,12,0.2747,1.0,0,0.526,1.292
2026-01-04,2025,R,,nfl_0017,nfl_0015,38,10,0.8082,1.0,1,0.0368,0.213
2026-01-04,2025,R,,nfl_0022,nfl_0030,17,24,0.8425,0.0,0,0.7099,1.8485
2026-01-04,2025,R,,nfl_0023,nfl_0003,26,24,0.5551,1.0,1,0.198,0.5887
2026-01-10,2025,P,WC,nfl_0005,nfl_0027,31,34,0.2512,0.0,1,0.0631,0.2893
2026-01-10,2025,P,WC,nfl_0006,nfl_0011,31,27,0.5788,1.0,1,0.1774,0.5469
2026-01-11,2025,P,WC,nfl_0013,nfl_0004,24,27,0.579,0.0,0,0.3353,0.8652
2026-01-11,2025,P,WC,nfl_0022,nfl_0026,19,23,0.5817,0.0,0,0.3384,0.8716
2026-01-11,2025,P,WC,nfl_0017,nfl_0024,16,3,0.6996,1.0,1,0.0903,0.3573
2026-01-12,2025,P,WC,nfl_0023,nfl_0032,6,30,0.4235,0.0,1,0.1793,0.5507
2026-01-17,2025,P,DV,nfl_0009,nfl_0004,33,30,0.6261,1.0,1,0.1398,0.4683
2026-01-17,2025,P,DV,nfl_0025,nfl_0026,41,6,0.754,1.0,1,0.0605,0.2824
2026-01-18,2025,P,DV,nfl_0017,nfl_0032,28,16,0.5501,1.0,1,0.2024,0.5976
2026-01-18,2025,P,DV,nfl_0006,nfl_0027,17,20,0.409,0.0,1,0.1673,0.5259
2026-01-25,2025,P,CC,nfl_0009,nfl_0017,7,10,0.6025,0.0,0,0.363,0.9226
2026-01-25,2025,P,CC,nfl_0025,nfl_0027,31,27,0.674,1.0,1,0.1063,0.3946
