date,season,type,round,home_team,away_team,home_pts,away_pts,expected_win,result,accuracy,brier,log_loss
1997-06-21,1997,R,,CLE,HOU,56,76,0.6186,0.0,0,0.3826,0.9639
1997-06-21,1997,R,,LAS,NYL,57,67,0.6186,0.0,0,0.3826,0.9639
1997-06-21,1997,R,,UTA,SAC,60,70,0.6186,0.0,0,0.3826,0.9639
1997-06-22,1997,R,,PHX,CHA,76,59,0.6186,1.0,1,0.1455,0.4803
1997-06-23,1997,R,,SAC,NYL,62,73,0.6186,0.0,0,0.3826,0.9639
1997-06-23,1997,R,,UTA,LAS,102,89,0.6186,1.0,1,0.1455,0.4803
1997-06-24,1997,R,,HOU,PHX,70,55,0.6553,1.0,1,0.1188,0.4227
1997-06-25,1997,R,,LAS,CHA,74,54,0.5714,1.0,1,0.1837,0.5597
1997-06-26,1997,R,,CLE,UTA,74,63,0.6337,1.0,1,0.1341,0.4561
1997-06-26,1997,R,,HOU,NYL,60,62,0.596,0.0,0,0.3552,0.9063
1997-06-26,1997,R,,SAC,CHA,78,70,0.7022,1.0,1,0.0887,0.3535
1997-06-27,1997,R,,LAS,SAC,93,73,0.6092,1.0,1,0.1527,0.4957
1997-06-28,1997,R,,CLE,PHX,63,68,0.5496,0.0,0,0.3021,0.7977
1997-06-28,1997,R,,UTA,HOU,58,76,0.5526,0.0,0,0.3054,0.8043
1997-06-29,1997,R,,CHA,CLE,67,44,0.6431,1.0,1,0.1274,0.4415
1997-06-29,1997,R,,NYL,PHX,65,57,0.705,1.0,1,0.087,0.3496
1997-06-30,1997,R,,HOU,LAS,71,66,0.663,1.0,1,0.1136,0.411
1997-07-02,1997,R,,NYL,HOU,72,67,0.6419,1.0,1,0.1282,0.4433
1997-07-02,1997,R,,SAC,UTA,68,73,0.6804,0.0,0,0.4629,1.1406
1997-07-03,1997,R,,CLE,LAS,62,74,0.5867,0.0,0,0.3442,0.8836
1997-07-03,1997,R,,UTA,PHX,55,77,0.5276,0.0,0,0.2784,0.7499
1997-07-04,1997,R,,HOU,NYL,58,65,0.5922,0.0,0,0.3507,0.8969
1997-07-05,1997,R,,CHA,LAS,78,66,0.6082,1.0,1,0.1535,0.4972
1997-07-05,1997,R,,UTA,NYL,53,66,0.4523,0.0,1,0.2046,0.602
1997-07-06,1997,R,,SAC,CLE,70,67,0.6921,1.0,1,0.0948,0.3681
1997-07-07,1997,R,,HOU,CHA,74,56,0.6987,1.0,1,0.0908,0.3585
1997-07-07,1997,R,,LAS,CLE,70,81,0.7287,0.0,0,0.531,1.3045
1997-07-07,1997,R,,PHX,NYL,69,50,0.5681,1.0,1,0.1865,0.5654
1997-07-07,1997,R,,UTA,SAC,69,79,0.5777,0.0,0,0.3338,0.8621
1997-07-09,1997,R,,CHA,NYL,87,69,0.4671,1.0,0,0.284,0.7612
1997-07-09,1997,R,,PHX,HOU,69,64,0.6226,1.0,1,0.1424,0.4738
1997-07-10,1997,R,,CLE,SAC,77,61,0.5507,1.0,1,0.2019,0.5965
1997-07-10,1997,R,,NYL,CHA,62,48,0.7044,1.0,1,0.0874,0.3504
1997-07-11,1997,R,,LAS,UTA,75,68,0.6943,1.0,1,0.0934,0.3648
1997-07-12,1997,R,,CHA,CLE,72,43,0.6408,1.0,1,0.129,0.445
1997-07-12,1997,R,,HOU,SAC,89,61,0.7059,1.0,1,0.0865,0.3482
1997-07-12,1997,R,,UTA,PHX,52,51,0.368,1.0,0,0.3994,0.9996
1997-07-13,1997,R,,LAS,PHX,56,57,0.5559,0.0,0,0.309,0.8117
1997-07-14,1997,R,,CLE,NYL,57,68,0.4005,0.0,1,0.1604,0.5116
1997-07-14,1997,R,,HOU,UTA,79,56,0.7724,1.0,1,0.0518,0.2582
1997-07-15,1997,R,,NYL,CLE,76,59,0.7897,1.0,1,0.0442,0.236
1997-07-15,1997,R,,SAC,LAS,78,73,0.6305,1.0,1,0.1365,0.4612
1997-07-16,1997,R,,CHA,UTA,75,63,0.767,1.0,1,0.0543,0.2653
1997-07-16,1997,R,,LAS,HOU,77,52,0.4655,1.0,0,0.2857,0.7646
1997-07-16,1997,R,,PHX,SAC,84,67,0.7538,1.0,1,0.0606,0.2827
1997-07-17,1997,R,,CLE,CHA,65,47,0.529,1.0,1,0.2219,0.6368
1997-07-17,1997,R,,NYL,UTA,80,54,0.8388,1.0,1,0.026,0.1757
1997-07-18,1997,R,,SAC,HOU,60,82,0.5251,0.0,0,0.2758,0.7447
1997-07-19,1997,R,,CLE,UTA,95,68,0.6844,1.0,1,0.0996,0.3791
1997-07-19,1997,R,,NYL,LAS,69,57,0.7328,1.0,1,0.0714,0.3109
1997-07-21,1997,R,,CHA,LAS,75,64,0.6737,1.0,1,0.1065,0.395
1997-07-21,1997,R,,SAC,PHX,57,70,0.4049,0.0,1,0.164,0.519
1997-07-22,1997,R,,NYL,UTA,71,78,0.8543,0.0,0,0.7298,1.9262
1997-07-22,1997,R,,PHX,HOU,69,77,0.6034,0.0,0,0.3641,0.9248
1997-07-23,1997,R,,CHA,NYL,63,65,0.5235,0.0,0,0.2741,0.7413
1997-07-23,1997,R,,LAS,CLE,85,89,0.5863,0.0,0,0.3437,0.8826
1997-07-25,1997,R,,PHX,LAS,83,86,0.7628,0.0,0,0.5818,1.4387
1997-07-25,1997,R,,SAC,HOU,76,86,0.4415,0.0,1,0.1949,0.5825
1997-07-26,1997,R,,NYL,CHA,61,64,0.7458,0.0,0,0.5563,1.3697
1997-07-26,1997,R,,UTA,CLE,66,77,0.5372,0.0,0,0.2886,0.7704
1997-07-27,1997,R,,SAC,LAS,62,84,0.548,0.0,0,0.3003,0.794
1997-07-28,1997,R,,PHX,CLE,64,76,0.709,0.0,0,0.5027,1.2344
1997-07-29,1997,R,,HOU,CLE,64,73,0.7459,0.0,0,0.5564,1.37
1997-07-30,1997,R,,CHA,PHX,68,67,0.6387,1.0,1,0.1306,0.4484
1997-07-30,1997,R,,LAS,UTA,91,69,0.7348,1.0,1,0.0703,0.3082
1997-07-30,1997,R,,NYL,SAC,73,68,0.8364,1.0,1,0.0268,0.1786
1997-07-31,1997,R,,CLE,PHX,79,67,0.664,1.0,1,0.1129,0.4094
1997-08-01,1997,R,,CHA,SAC,85,61,0.7633,1.0,1,0.056,0.2702
1997-08-01,1997,R,,LAS,HOU,57,81,0.5116,0.0,0,0.2618,0.7167
1997-08-02,1997,R,,CLE,SAC,72,51,0.8196,1.0,1,0.0326,0.199
1997-08-02,1997,R,,NYL,PHX,80,70,0.735,1.0,1,0.0702,0.3079
1997-08-02,1997,R,,UTA,HOU,74,63,0.364,1.0,0,0.4045,1.0106
1997-08-03,1997,R,,LAS,CHA,70,77,0.562,0.0,0,0.3158,0.8255
1997-08-04,1997,R,,PHX,SAC,83,60,0.7655,1.0,1,0.055,0.2672
1997-08-04,1997,R,,UTA,CHA,73,70,0.4339,1.0,0,0.3204,0.8349
1997-08-05,1997,R,,CLE,HOU,66,76,0.5964,0.0,0,0.3556,0.9072
1997-08-05,1997,R,,NYL,LAS,50,67,0.7835,0.0,0,0.6139,1.5302
1997-08-06,1997,R,,PHX,UTA,78,46,0.7488,1.0,1,0.0631,0.2893
1997-08-06,1997,R,,SAC,CHA,77,64,0.3927,1.0,0,0.3688,0.9347
1997-08-07,1997,R,,CLE,LAS,84,87,0.6714,0.0,0,0.4508,1.113
1997-08-07,1997,R,,HOU,PHX,74,70,0.7241,1.0,1,0.0761,0.3228
1997-08-08,1997,R,,SAC,UTA,93,78,0.6128,1.0,1,0.15,0.4898
1997-08-09,1997,R,,CHA,PHX,79,59,0.6323,1.0,1,0.1352,0.4584
1997-08-09,1997,R,,HOU,LAS,72,71,0.7272,1.0,1,0.0744,0.3185
1997-08-10,1997,R,,SAC,NYL,76,69,0.3448,1.0,0,0.4293,1.0649
1997-08-11,1997,R,,CHA,HOU,62,72,0.5137,0.0,0,0.2639,0.7209
1997-08-11,1997,R,,UTA,CLE,59,74,0.3882,0.0,1,0.1507,0.4913
1997-08-12,1997,R,,HOU,UTA,76,56,0.8724,1.0,1,0.0163,0.1365
1997-08-12,1997,R,,PHX,NYL,77,67,0.5731,1.0,1,0.1823,0.5568
1997-08-12,1997,R,,SAC,CLE,81,76,0.471,1.0,0,0.2799,0.7529
1997-08-14,1997,R,,CHA,SAC,68,51,0.7403,1.0,1,0.0674,0.3007
1997-08-14,1997,R,,PHX,CLE,61,55,0.6016,1.0,1,0.1587,0.5081
1997-08-15,1997,R,,NYL,SAC,79,63,0.7933,1.0,1,0.0427,0.2315
1997-08-16,1997,R,,CHA,HOU,80,71,0.4324,1.0,0,0.3222,0.8384
1997-08-16,1997,R,,UTA,LAS,64,74,0.3704,0.0,1,0.1372,0.4627
1997-08-17,1997,R,,CLE,CHA,81,49,0.635,1.0,1,0.1332,0.4542
1997-08-17,1997,R,,NYL,HOU,55,70,0.5575,0.0,0,0.3108,0.8152
1997-08-17,1997,R,,PHX,UTA,71,63,0.8407,1.0,1,0.0254,0.1735
1997-08-18,1997,R,,LAS,PHX,75,66,0.6239,1.0,1,0.1415,0.4718
1997-08-19,1997,R,,HOU,CHA,77,69,0.7498,1.0,1,0.0626,0.288
1997-08-19,1997,R,,UTA,NYL,81,75,0.3682,1.0,0,0.3992,0.9991
1997-08-20,1997,R,,LAS,NYL,78,76,0.6597,1.0,1,0.1158,0.416
1997-08-20,1997,R,,SAC,PHX,54,69,0.5177,0.0,0,0.268,0.7291
1997-08-21,1997,R,,HOU,CLE,75,76,0.6999,0.0,0,0.4898,1.2036
1997-08-21,1997,R,,UTA,CHA,56,66,0.4071,0.0,1,0.1657,0.5227
1997-08-22,1997,R,,LAS,SAC,88,77,0.7813,1.0,1,0.0478,0.2467
1997-08-22,1997,R,,PHX,CHA,78,63,0.6559,1.0,1,0.1184,0.4218
1997-08-23,1997,R,,CLE,NYL,72,71,0.6529,1.0,1,0.1205,0.4264
1997-08-24,1997,R,,CHA,UTA,70,52,0.787,1.0,1,0.0454,0.2395
1997-08-24,1997,R,,HOU,SAC,58,68,0.8695,0.0,0,0.7561,2.0365
1997-08-24,1997,R,,NYL,CLE,79,72,0.5438,1.0,1,0.2082,0.6092
1997-08-24,1997,R,,PHX,LAS,73,68,0.6282,1.0,1,0.1382,0.4648
1997-08-28,1997,P,1.0,HOU,CHA,70,54,0.7197,1.0,1,0.0786,0.3289
1997-08-28,1997,P,1.0,PHX,NYL,41,59,0.6772,0.0,0,0.4586,1.1307
1997-08-30,1997,P,2.0,HOU,NYL,65,51,0.708,1.0,1,0.0853,0.3453
1998-06-11,1998,R,,CHA,WAS,83,57,0.6223,1.0,1,0.1426,0.4743
1998-06-11,1998,R,,CLE,NYL,78,71,0.6294,1.0,1,0.1373,0.463
1998-06-11,1998,R,,SAC,PHX,70,73,0.5385,0.0,0,0.29,0.7732
1998-06-11,1998,R,,UTA,LAS,83,89,0.4856,0.0,1,0.2358,0.6647
1998-06-13,1998,R,,DET,CHA,69,78,0.6111,0.0,0,0.3735,0.9445
1998-06-13,1998,R,,HOU,NYL,73,62,0.7115,1.0,1,0.0832,0.3404
1998-06-13,1998,R,,UTA,WAS,78,77,0.5171,1.0,1,0.2332,0.6594
1998-06-14,1998,R,,PHX,LAS,70,60,0.6142,1.0,1,0.1489,0.4875
1998-06-15,1998,R,,CHA,HOU,65,79,0.5793,0.0,0,0.3355,0.8657
1998-06-15,1998,R,,DET,CLE,85,96,0.5035,0.0,0,0.2536,0.7003
1998-06-15,1998,R,,PHX,WAS,69,54,0.6806,1.0,1,0.102,0.3848
1998-06-15,1998,R,,UTA,NYL,71,60,0.5122,1.0,1,0.238,0.6691
1998-06-16,1998,R,,SAC,LAS,73,69,0.5647,1.0,1,0.1895,0.5714
1998-06-18,1998,R,,CHA,DET,71,67,0.6884,1.0,1,0.0971,0.3735
1998-06-18,1998,R,,HOU,CLE,87,69,0.6739,1.0,1,0.1063,0.3947
1998-06-18,1998,R,,SAC,NYL,48,64,0.5629,0.0,0,0.3168,0.8275
1998-06-19,1998,R,,LAS,NYL,78,75,0.6684,1.0,1,0.11,0.4029
1998-06-19,1998,R,,WAS,UTA,85,76,0.6564,1.0,1,0.118,0.4209
1998-06-20,1998,R,,CLE,DET,68,66,0.715,1.0,1,0.0813,0.3355
1998-06-20,1998,R,,SAC,HOU,68,79,0.3787,0.0,1,0.1434,0.476
1998-06-21,1998,R,,LAS,HOU,63,79,0.4989,0.0,1,0.2489,0.6909
1998-06-21,1998,R,,NYL,UTA,68,64,0.7078,1.0,1,0.0854,0.3456
1998-06-21,1998,R,,PHX,CHA,71,72,0.6885,0.0,0,0.474,1.1663
1998-06-21,1998,R,,WAS,DET,57,70,0.6644,0.0,0,0.4415,1.0919
1998-06-22,1998,R,,CLE,UTA,88,72,0.7835,1.0,1,0.0469,0.244
1998-06-23,1998,R,,DET,SAC,61,57,0.6699,1.0,1,0.109,0.4006
1998-06-23,1998,R,,NYL,CLE,59,57,0.5736,1.0,1,0.1818,0.5558
1998-06-24,1998,R,,LAS,CHA,73,77,0.5574,0.0,0,0.3107,0.815
1998-06-24,1998,R,,PHX,HOU,69,66,0.483,1.0,0,0.2673,0.7277
1998-06-25,1998,R,,DET,WAS,79,71,0.6229,1.0,1,0.1422,0.4733
1998-06-25,1998,R,,UTA,CHA,83,91,0.4618,0.0,1,0.2133,0.6196
1998-06-26,1998,R,,NYL,SAC,62,48,0.7349,1.0,1,0.0703,0.3081
1998-06-26,1998,R,,PHX,UTA,96,63,0.8077,1.0,1,0.037,0.2135
1998-06-27,1998,R,,CHA,SAC,58,50,0.8155,1.0,1,0.034,0.2039
1998-06-27,1998,R,,CLE,DET,73,84,0.7161,0.0,0,0.5128,1.259
1998-06-27,1998,R,,HOU,LAS,75,64,0.7829,1.0,1,0.0471,0.2448
1998-06-28,1998,R,,WAS,PHX,69,86,0.4746,0.0,1,0.2253,0.6437
1998-06-29,1998,R,,DET,CHA,60,49,0.5476,1.0,1,0.2047,0.6023
1998-06-29,1998,R,,HOU,WAS,73,48,0.8539,1.0,1,0.0213,0.1579
1998-06-29,1998,R,,NYL,PHX,71,68,0.5846,1.0,1,0.1726,0.5369
1998-06-30,1998,R,,SAC,LAS,58,56,0.5123,1.0,1,0.2378,0.6688
1998-06-30,1998,R,,UTA,HOU,73,75,0.321,0.0,1,0.1031,0.3872
1998-07-01,1998,R,,DET,NYL,82,65,0.6276,1.0,1,0.1387,0.4658
1998-07-01,1998,R,,WAS,CLE,80,92,0.4289,0.0,1,0.184,0.5603
1998-07-02,1998,R,,CLE,PHX,61,76,0.5255,0.0,0,0.2761,0.7454
1998-07-02,1998,R,,LAS,UTA,57,58,0.7247,0.0,0,0.5251,1.2898
1998-07-03,1998,R,,HOU,SAC,84,67,0.8581,1.0,1,0.0201,0.153
1998-07-03,1998,R,,NYL,WAS,76,60,0.7521,1.0,1,0.0614,0.2848
1998-07-04,1998,R,,CHA,PHX,68,66,0.6219,1.0,1,0.143,0.475
1998-07-05,1998,R,,SAC,UTA,70,66,0.6104,1.0,1,0.1518,0.4936
1998-07-05,1998,R,,WAS,NYL,61,62,0.4394,0.0,1,0.193,0.5787
1998-07-06,1998,R,,CLE,HOU,64,78,0.4538,0.0,1,0.206,0.6048
1998-07-06,1998,R,,NYL,DET,59,56,0.5447,1.0,1,0.2073,0.6075
1998-07-06,1998,R,,UTA,SAC,68,64,0.58,1.0,1,0.1764,0.5447
1998-07-07,1998,R,,LAS,CHA,86,79,0.5131,1.0,1,0.2371,0.6673
1998-07-08,1998,R,,CLE,WAS,77,65,0.7358,1.0,1,0.0698,0.3068
1998-07-08,1998,R,,DET,PHX,76,78,0.5179,0.0,0,0.2682,0.7297
1998-07-08,1998,R,,LAS,SAC,71,76,0.6792,0.0,0,0.4613,1.137
1998-07-08,1998,R,,NYL,HOU,54,79,0.4444,0.0,1,0.1975,0.5877
1998-07-08,1998,R,,UTA,CHA,69,77,0.4236,0.0,1,0.1794,0.5509
1998-07-09,1998,R,,HOU,DET,96,66,0.794,1.0,1,0.0424,0.2307
1998-07-10,1998,R,,PHX,CLE,76,60,0.7221,1.0,1,0.0772,0.3255
1998-07-10,1998,R,,SAC,CHA,55,63,0.4208,0.0,1,0.177,0.5461
1998-07-11,1998,R,,HOU,UTA,72,68,0.8937,1.0,1,0.0113,0.1124
1998-07-11,1998,R,,WAS,DET,78,53,0.4438,1.0,0,0.3093,0.8123
1998-07-12,1998,R,,LAS,CLE,87,66,0.6029,1.0,1,0.1577,0.506
1998-07-12,1998,R,,NYL,CHA,57,75,0.5873,0.0,0,0.3449,0.885
1998-07-13,1998,R,,HOU,WAS,81,67,0.8943,1.0,1,0.0112,0.1117
1998-07-13,1998,R,,PHX,LAS,72,62,0.8035,1.0,1,0.0386,0.2188
1998-07-13,1998,R,,UTA,DET,67,74,0.4615,0.0,1,0.213,0.619
1998-07-14,1998,R,,SAC,CLE,58,61,0.5685,0.0,0,0.3232,0.8405
1998-07-15,1998,R,,CHA,NYL,72,65,0.7426,1.0,1,0.0663,0.2976
1998-07-15,1998,R,,LAS,SAC,81,76,0.72,1.0,1,0.0784,0.3286
1998-07-15,1998,R,,PHX,DET,73,60,0.7388,1.0,1,0.0682,0.3027
1998-07-16,1998,R,,CLE,NYL,60,51,0.643,1.0,1,0.1274,0.4415
1998-07-17,1998,R,,CHA,WAS,86,56,0.8113,1.0,1,0.0356,0.2092
1998-07-17,1998,R,,DET,UTA,79,67,0.7353,1.0,1,0.0701,0.3075
1998-07-17,1998,R,,LAS,HOU,68,74,0.2711,0.0,1,0.0735,0.3163
1998-07-18,1998,R,,DET,CLE,72,57,0.6034,1.0,1,0.1573,0.5051
1998-07-18,1998,R,,PHX,NYL,63,69,0.7936,0.0,0,0.6298,1.5778
1998-07-18,1998,R,,SAC,HOU,44,75,0.2515,0.0,1,0.0633,0.2897
1998-07-19,1998,R,,CLE,CHA,85,69,0.4214,1.0,0,0.3348,0.8642
1998-07-19,1998,R,,WAS,UTA,88,99,0.6545,0.0,0,0.4284,1.0628
1998-07-20,1998,R,,PHX,SAC,88,67,0.8446,1.0,1,0.0241,0.1688
1998-07-21,1998,R,,LAS,NYL,77,92,0.5957,0.0,0,0.3548,0.9056
1998-07-21,1998,R,,PHX,HOU,62,65,0.4163,0.0,1,0.1733,0.5384
1998-07-21,1998,R,,WAS,CHA,67,84,0.3151,0.0,1,0.0993,0.3785
1998-07-22,1998,R,,CHA,UTA,58,61,0.8229,0.0,0,0.6771,1.7309
1998-07-22,1998,R,,DET,WAS,76,61,0.8306,1.0,1,0.0287,0.1856
1998-07-23,1998,R,,LAS,PHX,70,68,0.4078,1.0,0,0.3507,0.8969
1998-07-24,1998,R,,SAC,NYL,54,76,0.4425,0.0,1,0.1958,0.5843
1998-07-25,1998,R,,CHA,HOU,58,67,0.4085,0.0,1,0.1669,0.525
1998-07-25,1998,R,,CLE,UTA,69,59,0.7825,1.0,1,0.0473,0.2452
1998-07-25,1998,R,,DET,LAS,69,67,0.7313,1.0,1,0.0722,0.313
1998-07-26,1998,R,,NYL,DET,78,62,0.6449,1.0,1,0.1261,0.4387
1998-07-26,1998,R,,WAS,SAC,65,79,0.6548,0.0,0,0.4287,1.0635
1998-07-27,1998,R,,CHA,SAC,70,76,0.8425,0.0,0,0.7099,1.8486
1998-07-27,1998,R,,CLE,LAS,83,67,0.7027,1.0,1,0.0884,0.3528
1998-07-27,1998,R,,UTA,PHX,90,80,0.3157,1.0,0,0.4683,1.1531
1998-07-28,1998,R,,HOU,PHX,72,62,0.8357,1.0,1,0.027,0.1795
1998-07-29,1998,R,,CLE,SAC,75,67,0.7657,1.0,1,0.0549,0.2669
1998-07-29,1998,R,,WAS,LAS,68,77,0.4929,0.0,1,0.2429,0.679
1998-07-30,1998,R,,CHA,CLE,79,64,0.6941,1.0,1,0.0936,0.3651
1998-07-30,1998,R,,HOU,UTA,88,65,0.9036,1.0,1,0.0093,0.1014
1998-07-31,1998,R,,DET,SAC,78,77,0.7975,1.0,1,0.041,0.2263
1998-07-31,1998,R,,LAS,PHX,71,56,0.4434,1.0,0,0.3098,0.8133
1998-08-01,1998,R,,HOU,CLE,71,74,0.8504,0.0,0,0.7232,1.9001
1998-08-01,1998,R,,UTA,LAS,65,73,0.5574,0.0,0,0.3107,0.8151
1998-08-01,1998,R,,WAS,NYL,53,67,0.2642,0.0,1,0.0698,0.3069
1998-08-02,1998,R,,HOU,SAC,70,53,0.9083,1.0,1,0.0084,0.0962
1998-08-02,1998,R,,NYL,CHA,85,67,0.5591,1.0,1,0.1944,0.5814
1998-08-03,1998,R,,CHA,DET,71,68,0.6136,1.0,1,0.1493,0.4884
1998-08-03,1998,R,,LAS,WAS,86,72,0.8148,1.0,1,0.0343,0.2048
1998-08-04,1998,R,,PHX,WAS,88,59,0.8825,1.0,1,0.0138,0.125
1998-08-04,1998,R,,SAC,CLE,60,72,0.3943,0.0,1,0.1555,0.5014
1998-08-04,1998,R,,UTA,HOU,57,77,0.2086,0.0,1,0.0435,0.2339
1998-08-05,1998,R,,CHA,NYL,69,61,0.5743,1.0,1,0.1812,0.5547
1998-08-05,1998,R,,DET,LAS,73,61,0.6501,1.0,1,0.1224,0.4306
1998-08-06,1998,R,,HOU,PHX,75,64,0.8276,1.0,1,0.0297,0.1892
1998-08-06,1998,R,,UTA,CLE,69,79,0.3968,0.0,1,0.1574,0.5054
1998-08-07,1998,R,,DET,HOU,57,61,0.3434,0.0,1,0.1179,0.4206
1998-08-07,1998,R,,SAC,WAS,76,55,0.7179,1.0,1,0.0796,0.3314
1998-08-08,1998,R,,CLE,CHA,65,58,0.5763,1.0,1,0.1795,0.5511
1998-08-08,1998,R,,NYL,LAS,80,62,0.7238,1.0,1,0.0763,0.3232
1998-08-08,1998,R,,PHX,UTA,68,62,0.8054,1.0,1,0.0379,0.2164
1998-08-09,1998,R,,WAS,LAS,76,74,0.3875,1.0,0,0.3751,0.948
1998-08-10,1998,R,,CLE,PHX,80,82,0.6485,0.0,0,0.4205,1.0454
1998-08-10,1998,R,,HOU,CHA,70,67,0.8381,1.0,1,0.0262,0.1766
1998-08-10,1998,R,,UTA,DET,73,77,0.3897,0.0,1,0.1519,0.4938
1998-08-11,1998,R,,NYL,PHX,79,78,0.6829,1.0,1,0.1006,0.3814
1998-08-11,1998,R,,SAC,DET,41,50,0.4706,0.0,1,0.2215,0.6361
1998-08-12,1998,R,,CHA,LAS,52,65,0.7215,0.0,0,0.5206,1.2784
1998-08-12,1998,R,,UTA,SAC,81,71,0.623,1.0,1,0.1421,0.4732
1998-08-12,1998,R,,WAS,CLE,55,75,0.2895,0.0,1,0.0838,0.3418
1998-08-13,1998,R,,NYL,WAS,88,45,0.9031,1.0,1,0.0094,0.1019
1998-08-14,1998,R,,CHA,CLE,72,85,0.5741,0.0,0,0.3295,0.8535
1998-08-14,1998,R,,LAS,UTA,87,67,0.7478,1.0,1,0.0636,0.2906
1998-08-14,1998,R,,PHX,DET,84,59,0.6341,1.0,1,0.1339,0.4555
1998-08-15,1998,R,,CLE,WAS,90,71,0.8924,1.0,1,0.0116,0.1139
1998-08-15,1998,R,,NYL,HOU,70,54,0.3428,1.0,0,0.4319,1.0706
1998-08-15,1998,R,,SAC,UTA,82,55,0.6605,1.0,1,0.1153,0.4148
1998-08-16,1998,R,,LAS,DET,76,77,0.5751,0.0,0,0.3307,0.8559
1998-08-16,1998,R,,SAC,PHX,69,85,0.3383,0.0,1,0.1145,0.413
1998-08-17,1998,R,,NYL,CLE,64,70,0.64,0.0,0,0.4096,1.0217
1998-08-17,1998,R,,UTA,PHX,64,75,0.3244,0.0,1,0.1052,0.3921
1998-08-17,1998,R,,WAS,HOU,65,110,0.1115,0.0,1,0.0124,0.1183
1998-08-19,1998,R,,DET,NYL,82,68,0.5631,1.0,1,0.1909,0.5743
1998-08-19,1998,R,,HOU,LAS,80,71,0.8619,1.0,1,0.0191,0.1487
1998-08-19,1998,R,,PHX,SAC,71,62,0.836,1.0,1,0.0269,0.1792
1998-08-19,1998,R,,WAS,CHA,69,105,0.2553,0.0,1,0.0652,0.2948
1998-08-22,1998,P,1.0,CHA,HOU,71,85,0.3285,0.0,1,0.1079,0.3983
1998-08-22,1998,P,1.0,PHX,CLE,78,68,0.5558,1.0,1,0.1973,0.5873
1998-08-24,1998,P,1.0,CLE,PHX,67,66,0.5964,1.0,1,0.1629,0.5168
1998-08-24,1998,P,1.0,HOU,CHA,77,61,0.8588,1.0,1,0.0199,0.1522
1998-08-25,1998,P,1.0,CLE,PHX,60,71,0.6174,0.0,0,0.3811,0.9606
1998-08-27,1998,P,2.0,PHX,HOU,54,51,0.4103,1.0,0,0.3477,0.8909
1998-08-29,1998,P,2.0,HOU,PHX,74,69,0.7477,1.0,1,0.0637,0.2907
1998-09-01,1998,P,2.0,HOU,PHX,80,71,0.7603,1.0,1,0.0575,0.2741
1999-06-10,1999,R,,LAS,SAC,100,78,0.69,1.0,1,0.0961,0.3711
1999-06-10,1999,R,,NYL,CLE,87,60,0.6171,1.0,1,0.1466,0.4827
1999-06-10,1999,R,,ORL,HOU,63,77,0.4431,0.0,1,0.1963,0.5854
1999-06-10,1999,R,,WAS,CHA,73,83,0.4441,0.0,1,0.1972,0.5871
1999-06-12,1999,R,,CHA,NYL,57,68,0.5661,0.0,0,0.3205,0.835
1999-06-12,1999,R,,CLE,LAS,59,75,0.6401,0.0,0,0.4098,1.0221
1999-06-12,1999,R,,HOU,WAS,88,63,0.885,1.0,1,0.0132,0.1221
1999-06-12,1999,R,,MIN,DET,68,51,0.5884,1.0,1,0.1694,0.5304
1999-06-12,1999,R,,SAC,PHX,96,85,0.3993,1.0,0,0.3609,0.9181
1999-06-12,1999,R,,UTA,ORL,71,65,0.5495,1.0,1,0.203,0.5988
1999-06-14,1999,R,,CLE,DET,71,73,0.6004,0.0,0,0.3605,0.9172
1999-06-14,1999,R,,MIN,UTA,78,54,0.726,1.0,1,0.0751,0.3202
1999-06-14,1999,R,,NYL,WAS,61,83,0.8441,0.0,0,0.7126,1.8588
1999-06-14,1999,R,,PHX,SAC,64,74,0.7459,0.0,0,0.5564,1.3701
1999-06-15,1999,R,,ORL,LAS,88,86,0.5459,1.0,1,0.2062,0.6052
1999-06-17,1999,R,,DET,ORL,79,74,0.6851,1.0,1,0.0991,0.3782
1999-06-17,1999,R,,HOU,UTA,93,73,0.8764,1.0,1,0.0153,0.1319
1999-06-17,1999,R,,SAC,CLE,70,50,0.5891,1.0,1,0.1689,0.5292
1999-06-18,1999,R,,NYL,LAS,84,72,0.6703,1.0,1,0.1087,0.4
1999-06-18,1999,R,,WAS,DET,69,76,0.4811,0.0,1,0.2314,0.656
1999-06-19,1999,R,,CHA,LAS,69,73,0.6516,0.0,0,0.4246,1.0545
1999-06-19,1999,R,,MIN,HOU,55,69,0.4955,0.0,1,0.2455,0.6841
1999-06-19,1999,R,,ORL,WAS,73,68,0.7501,1.0,1,0.0625,0.2876
1999-06-19,1999,R,,PHX,CLE,76,67,0.7282,1.0,1,0.0739,0.3172
1999-06-19,1999,R,,UTA,SAC,85,75,0.5316,1.0,1,0.2194,0.6319
1999-06-20,1999,R,,NYL,DET,69,62,0.6373,1.0,1,0.1315,0.4504
1999-06-21,1999,R,,ORL,PHX,80,76,0.5556,1.0,1,0.1975,0.5877
1999-06-22,1999,R,,CLE,ORL,62,71,0.6133,0.0,0,0.3761,0.95
1999-06-22,1999,R,,DET,CHA,75,69,0.6559,1.0,1,0.1184,0.4217
1999-06-22,1999,R,,HOU,LAS,84,76,0.7872,1.0,1,0.0453,0.2393
1999-06-22,1999,R,,SAC,MIN,79,62,0.5492,1.0,1,0.2032,0.5993
1999-06-22,1999,R,,WAS,PHX,76,79,0.4689,0.0,1,0.2199,0.6328
1999-06-24,1999,R,,CHA,PHX,88,72,0.5481,1.0,1,0.2042,0.6013
1999-06-24,1999,R,,DET,HOU,65,77,0.4291,0.0,1,0.1842,0.5606
1999-06-24,1999,R,,LAS,MIN,73,86,0.6466,0.0,0,0.4181,1.0402
1999-06-24,1999,R,,SAC,UTA,107,69,0.6439,1.0,1,0.1268,0.4401
1999-06-25,1999,R,,CLE,CHA,57,59,0.5872,0.0,0,0.3448,0.8848
1999-06-25,1999,R,,WAS,HOU,69,72,0.2424,0.0,1,0.0588,0.2776
1999-06-26,1999,R,,CLE,WAS,76,65,0.6968,1.0,1,0.0919,0.3613
1999-06-26,1999,R,,DET,PHX,60,66,0.6385,0.0,0,0.4076,1.0174
1999-06-26,1999,R,,SAC,LAS,73,76,0.6279,0.0,0,0.3942,0.9885
1999-06-26,1999,R,,UTA,MIN,62,72,0.4641,0.0,1,0.2154,0.6238
1999-06-27,1999,R,,NYL,CHA,72,58,0.732,1.0,1,0.0718,0.3119
1999-06-28,1999,R,,CLE,PHX,70,51,0.4915,1.0,0,0.2585,0.7102
1999-06-28,1999,R,,DET,NYL,91,71,0.5512,1.0,1,0.2014,0.5956
1999-06-28,1999,R,,HOU,ORL,66,68,0.7901,0.0,0,0.6243,1.5613
1999-06-28,1999,R,,LAS,UTA,102,70,0.7555,1.0,1,0.0598,0.2804
1999-06-29,1999,R,,MIN,SAC,72,86,0.6767,0.0,0,0.4579,1.1291
1999-06-30,1999,R,,CHA,WAS,63,68,0.766,0.0,0,0.5868,1.4526
1999-06-30,1999,R,,UTA,HOU,68,78,0.233,0.0,1,0.0543,0.2652
1999-07-01,1999,R,,HOU,CLE,76,64,0.8309,1.0,1,0.0286,0.1852
1999-07-01,1999,R,,MIN,LAS,77,81,0.58,0.0,0,0.3364,0.8675
1999-07-01,1999,R,,NYL,PHX,83,67,0.6806,1.0,1,0.102,0.3848
1999-07-02,1999,R,,DET,LAS,81,91,0.6533,0.0,0,0.4267,1.0592
1999-07-02,1999,R,,UTA,CLE,83,68,0.5381,1.0,1,0.2133,0.6196
1999-07-02,1999,R,,WAS,SAC,74,79,0.4011,0.0,1,0.1609,0.5126
1999-07-03,1999,R,,HOU,NYL,65,50,0.7638,1.0,1,0.0558,0.2694
1999-07-03,1999,R,,MIN,PHX,56,47,0.6208,1.0,1,0.1438,0.4768
1999-07-03,1999,R,,ORL,CHA,58,75,0.7179,0.0,0,0.5154,1.2655
1999-07-04,1999,R,,DET,SAC,78,92,0.5984,0.0,0,0.3581,0.9123
1999-07-05,1999,R,,LAS,CLE,74,72,0.7613,1.0,1,0.057,0.2727
1999-07-05,1999,R,,NYL,SAC,76,63,0.6608,1.0,1,0.1151,0.4143
1999-07-06,1999,R,,HOU,MIN,80,54,0.8255,1.0,1,0.0304,0.1917
1999-07-06,1999,R,,UTA,DET,104,94,0.5373,1.0,1,0.2141,0.6211
1999-07-06,1999,R,,WAS,NYL,71,63,0.3754,1.0,0,0.3902,0.9799
1999-07-07,1999,R,,CHA,CLE,75,62,0.7497,1.0,1,0.0627,0.2881
1999-07-07,1999,R,,ORL,MIN,66,71,0.6563,0.0,0,0.4307,1.0679
1999-07-07,1999,R,,PHX,LAS,61,67,0.5604,0.0,0,0.3141,0.8219
1999-07-08,1999,R,,CLE,NYL,49,84,0.4096,0.0,1,0.1678,0.527
1999-07-08,1999,R,,SAC,HOU,74,63,0.3994,1.0,0,0.3607,0.9178
1999-07-08,1999,R,,WAS,UTA,65,81,0.5826,0.0,0,0.3394,0.8737
1999-07-09,1999,R,,CHA,ORL,61,66,0.6625,0.0,0,0.4389,1.0861
1999-07-09,1999,R,,LAS,SAC,72,77,0.6705,0.0,0,0.4495,1.1101
1999-07-09,1999,R,,PHX,HOU,70,71,0.3409,0.0,1,0.1162,0.4168
1999-07-10,1999,R,,CLE,CHA,82,56,0.5058,1.0,1,0.2443,0.6817
1999-07-10,1999,R,,DET,WAS,78,83,0.7895,0.0,0,0.6233,1.5581
1999-07-10,1999,R,,ORL,UTA,62,56,0.6863,1.0,1,0.0984,0.3765
1999-07-11,1999,R,,HOU,SAC,68,63,0.7698,1.0,1,0.053,0.2616
1999-07-11,1999,R,,LAS,PHX,67,58,0.7319,1.0,1,0.0719,0.3121
1999-07-11,1999,R,,NYL,MIN,56,58,0.6744,0.0,0,0.4548,1.122
1999-07-12,1999,R,,CLE,MIN,67,55,0.4922,1.0,0,0.2578,0.7088
1999-07-12,1999,R,,ORL,DET,67,76,0.6813,0.0,0,0.4641,1.1434
1999-07-12,1999,R,,UTA,PHX,66,80,0.5912,0.0,0,0.3495,0.8945
1999-07-12,1999,R,,WAS,CHA,74,71,0.4754,1.0,0,0.2752,0.7435
1999-07-16,1999,R,,CLE,SAC,71,85,0.4274,0.0,1,0.1827,0.5576
1999-07-16,1999,R,,ORL,CHA,50,56,0.6444,0.0,0,0.4153,1.034
1999-07-16,1999,R,,UTA,HOU,84,88,0.2138,0.0,1,0.0457,0.2405
1999-07-16,1999,R,,WAS,DET,68,78,0.4899,0.0,1,0.24,0.6732
1999-07-17,1999,R,,CHA,WAS,63,56,0.7544,1.0,1,0.0603,0.2818
1999-07-17,1999,R,,DET,CLE,77,61,0.7015,1.0,1,0.0891,0.3545
1999-07-17,1999,R,,MIN,NYL,60,58,0.5277,1.0,1,0.223,0.6392
1999-07-17,1999,R,,ORL,SAC,70,76,0.4709,0.0,1,0.2217,0.6365
1999-07-17,1999,R,,PHX,LAS,84,76,0.4759,1.0,0,0.2746,0.7424
1999-07-18,1999,R,,LAS,HOU,78,65,0.3845,1.0,0,0.3788,0.9558
1999-07-18,1999,R,,NYL,UTA,88,82,0.7848,1.0,1,0.0463,0.2423
1999-07-19,1999,R,,CHA,UTA,73,66,0.7553,1.0,1,0.0599,0.2807
1999-07-19,1999,R,,MIN,SAC,76,69,0.5331,1.0,1,0.218,0.6291
1999-07-19,1999,R,,PHX,HOU,60,48,0.3767,1.0,0,0.3885,0.9763
1999-07-19,1999,R,,WAS,ORL,52,77,0.4881,0.0,1,0.2382,0.6696
1999-07-20,1999,R,,NYL,ORL,61,56,0.7375,1.0,1,0.0689,0.3044
1999-07-21,1999,R,,CHA,MIN,67,76,0.562,0.0,0,0.3159,0.8256
1999-07-21,1999,R,,DET,UTA,86,77,0.7908,1.0,1,0.0438,0.2347
1999-07-21,1999,R,,LAS,PHX,84,63,0.7124,1.0,1,0.0827,0.3391
1999-07-21,1999,R,,WAS,CLE,68,85,0.4717,0.0,1,0.2225,0.6381
1999-07-22,1999,R,,SAC,NYL,71,55,0.6502,1.0,1,0.1223,0.4304
1999-07-23,1999,R,,CHA,HOU,62,75,0.3199,0.0,1,0.1023,0.3855
1999-07-23,1999,R,,CLE,DET,60,69,0.5139,0.0,0,0.2641,0.7213
1999-07-23,1999,R,,MIN,WAS,55,60,0.8556,0.0,0,0.732,1.935
1999-07-23,1999,R,,PHX,ORL,73,67,0.6312,1.0,1,0.136,0.4601
1999-07-24,1999,R,,CLE,UTA,70,76,0.6263,0.0,0,0.3923,0.9843
1999-07-24,1999,R,,LAS,NYL,75,72,0.6768,1.0,1,0.1045,0.3904
1999-07-24,1999,R,,SAC,ORL,64,73,0.7818,0.0,0,0.6112,1.5223
1999-07-25,1999,R,,DET,CHA,66,78,0.6873,0.0,0,0.4724,1.1626
1999-07-25,1999,R,,MIN,HOU,57,62,0.4242,0.0,1,0.18,0.552
1999-07-25,1999,R,,PHX,WAS,72,59,0.8062,1.0,1,0.0376,0.2155
1999-07-26,1999,R,,NYL,CHA,69,75,0.7086,0.0,0,0.502,1.2329
1999-07-26,1999,R,,UTA,WAS,73,61,0.7133,1.0,1,0.0822,0.3378
1999-07-27,1999,R,,HOU,DET,85,46,0.821,1.0,1,0.032,0.1972
1999-07-27,1999,R,,LAS,ORL,81,60,0.7436,1.0,1,0.0658,0.2963
1999-07-27,1999,R,,PHX,UTA,86,73,0.7679,1.0,1,0.0539,0.2641
1999-07-27,1999,R,,SAC,MIN,59,61,0.6906,0.0,0,0.4769,1.1731
1999-07-28,1999,R,,CHA,DET,84,65,0.6609,1.0,1,0.115,0.4142
1999-07-29,1999,R,,CLE,HOU,65,71,0.2727,0.0,1,0.0744,0.3184
1999-07-29,1999,R,,ORL,NYL,65,73,0.5188,0.0,0,0.2691,0.7314
1999-07-29,1999,R,,PHX,MIN,79,46,0.5952,1.0,1,0.1639,0.5189
1999-07-29,1999,R,,SAC,WAS,70,54,0.8416,1.0,1,0.0251,0.1724
1999-07-30,1999,R,,CHA,NYL,62,58,0.6104,1.0,1,0.1518,0.4936
1999-07-30,1999,R,,LAS,UTA,87,77,0.8349,1.0,1,0.0273,0.1805
1999-07-31,1999,R,,DET,CLE,53,55,0.7375,0.0,0,0.5439,1.3375
1999-07-31,1999,R,,HOU,PHX,77,70,0.7962,1.0,1,0.0415,0.2279
1999-07-31,1999,R,,LAS,WAS,81,64,0.8788,1.0,1,0.0147,0.1292
1999-07-31,1999,R,,MIN,CHA,52,56,0.6234,0.0,0,0.3886,0.9765
1999-07-31,1999,R,,UTA,SAC,63,59,0.3675,1.0,0,0.4001,1.0011
1999-08-01,1999,R,,NYL,ORL,74,61,0.6907,1.0,1,0.0957,0.3701
1999-08-02,1999,R,,CHA,CLE,62,56,0.776,1.0,1,0.0502,0.2535
1999-08-02,1999,R,,DET,WAS,70,75,0.7871,0.0,0,0.6196,1.5471
1999-08-02,1999,R,,HOU,SAC,75,70,0.7995,1.0,1,0.0402,0.2238
1999-08-02,1999,R,,MIN,PHX,73,56,0.5699,1.0,1,0.185,0.5623
1999-08-03,1999,R,,UTA,NYL,59,61,0.447,0.0,1,0.1998,0.5925
1999-08-04,1999,R,,CHA,SAC,62,68,0.63,0.0,0,0.3969,0.9944
1999-08-04,1999,R,,DET,MIN,59,56,0.5172,1.0,1,0.2331,0.6593
1999-08-04,1999,R,,ORL,CLE,70,62,0.6987,1.0,1,0.0908,0.3585
1999-08-05,1999,R,,UTA,LAS,81,75,0.2927,1.0,0,0.5002,1.2285
1999-08-05,1999,R,,WAS,ORL,72,68,0.49,1.0,0,0.2601,0.7134
1999-08-06,1999,R,,HOU,CHA,81,51,0.8401,1.0,1,0.0256,0.1742
1999-08-06,1999,R,,MIN,LAS,59,77,0.5292,0.0,0,0.2801,0.7534
1999-08-06,1999,R,,PHX,NYL,68,55,0.5995,1.0,1,0.1604,0.5117
1999-08-06,1999,R,,SAC,DET,71,58,0.7417,1.0,1,0.0667,0.2988
1999-08-07,1999,R,,CHA,ORL,64,60,0.6953,1.0,1,0.0929,0.3635
1999-08-07,1999,R,,CLE,WAS,62,63,0.7035,0.0,0,0.4949,1.2156
1999-08-07,1999,R,,SAC,PHX,71,60,0.6568,1.0,1,0.1178,0.4204
1999-08-07,1999,R,,UTA,MIN,80,70,0.5357,1.0,1,0.2156,0.6243
1999-08-08,1999,R,,NYL,HOU,74,71,0.3741,1.0,0,0.3917,0.9832
1999-08-08,1999,R,,WAS,CLE,80,45,0.5823,1.0,1,0.1745,0.5408
1999-08-09,1999,R,,LAS,DET,59,84,0.8032,0.0,0,0.6451,1.6256
1999-08-09,1999,R,,ORL,NYL,75,80,0.4911,0.0,1,0.2412,0.6755
1999-08-09,1999,R,,PHX,MIN,64,55,0.6814,1.0,1,0.1015,0.3835
1999-08-09,1999,R,,UTA,CHA,67,65,0.4714,1.0,0,0.2794,0.752
1999-08-10,1999,R,,SAC,LAS,82,80,0.6592,1.0,1,0.1161,0.4167
1999-08-11,1999,R,,MIN,UTA,83,73,0.6586,1.0,1,0.1166,0.4177
1999-08-11,1999,R,,PHX,DET,68,57,0.6867,1.0,1,0.0982,0.3759
1999-08-11,1999,R,,WAS,NYL,59,56,0.3891,1.0,0,0.3732,0.9439
1999-08-12,1999,R,,HOU,LAS,83,61,0.8057,1.0,1,0.0378,0.2161
1999-08-12,1999,R,,ORL,CLE,55,54,0.6877,1.0,1,0.0976,0.3745
1999-08-13,1999,R,,DET,NYL,56,60,0.5072,0.0,0,0.2572,0.7076
1999-08-13,1999,R,,SAC,CHA,78,64,0.6745,1.0,1,0.106,0.3938
1999-08-13,1999,R,,UTA,PHX,67,64,0.4544,1.0,0,0.2977,0.7888
1999-08-14,1999,R,,CLE,ORL,61,73,0.5065,0.0,0,0.2566,0.7063
1999-08-14,1999,R,,HOU,MIN,71,53,0.8478,1.0,1,0.0232,0.1651
1999-08-14,1999,R,,SAC,UTA,89,97,0.7977,0.0,0,0.6363,1.5979
1999-08-14,1999,R,,WAS,LAS,55,53,0.4014,1.0,0,0.3584,0.9129
1999-08-15,1999,R,,NYL,DET,57,63,0.7428,0.0,0,0.5518,1.3581
1999-08-15,1999,R,,ORL,WAS,81,54,0.6854,1.0,1,0.099,0.3778
1999-08-15,1999,R,,PHX,CHA,65,54,0.6466,1.0,1,0.1249,0.436
1999-08-16,1999,R,,HOU,UTA,80,71,0.8761,1.0,1,0.0154,0.1323
1999-08-16,1999,R,,LAS,CHA,76,65,0.7045,1.0,1,0.0873,0.3503
1999-08-16,1999,R,,MIN,CLE,57,50,0.7736,1.0,1,0.0512,0.2566
1999-08-17,1999,R,,NYL,WAS,66,54,0.7993,1.0,1,0.0403,0.224
1999-08-17,1999,R,,PHX,SAC,71,59,0.5563,1.0,1,0.1969,0.5864
1999-08-18,1999,R,,HOU,PHX,70,60,0.8156,1.0,1,0.034,0.2039
1999-08-18,1999,R,,LAS,MIN,72,54,0.7229,1.0,1,0.0768,0.3245
1999-08-18,1999,R,,ORL,DET,93,81,0.6046,1.0,1,0.1564,0.5032
1999-08-19,1999,R,,NYL,CLE,72,55,0.8338,1.0,1,0.0276,0.1818
1999-08-20,1999,R,,CHA,DET,57,58,0.6941,0.0,0,0.4817,1.1844
1999-08-20,1999,R,,LAS,HOU,68,64,0.4059,1.0,0,0.3529,0.9016
1999-08-20,1999,R,,MIN,ORL,80,83,0.6008,0.0,0,0.361,0.9184
1999-08-20,1999,R,,PHX,UTA,62,70,0.704,0.0,0,0.4956,1.2173
1999-08-21,1999,R,,CLE,NYL,66,56,0.3101,1.0,0,0.4759,1.1708
1999-08-21,1999,R,,DET,ORL,74,68,0.5986,1.0,1,0.1611,0.5132
1999-08-21,1999,R,,SAC,HOU,65,74,0.4498,0.0,1,0.2024,0.5976
1999-08-21,1999,R,,UTA,LAS,89,81,0.4624,1.0,0,0.289,0.7712
1999-08-21,1999,R,,WAS,MIN,45,48,0.5593,0.0,0,0.3128,0.8194
1999-08-24,1999,P,1.0,DET,CHA,54,60,0.6066,0.0,0,0.368,0.933
1999-08-24,1999,P,1.0,LAS,SAC,71,58,0.6483,1.0,1,0.1237,0.4334
1999-08-26,1999,P,2.0,LAS,HOU,75,60,0.3772,1.0,0,0.3879,0.975
1999-08-27,1999,P,2.0,CHA,NYL,78,67,0.5157,1.0,1,0.2346,0.6623
1999-08-29,1999,P,2.0,HOU,LAS,83,55,0.7328,1.0,1,0.0714,0.3108
1999-08-29,1999,P,2.0,NYL,CHA,74,70,0.6267,1.0,1,0.1393,0.4672
1999-08-30,1999,P,2.0,HOU,LAS,72,62,0.7639,1.0,1,0.0558,0.2693
1999-08-30,1999,P,2.0,NYL,CHA,69,54,0.6528,1.0,1,0.1205,0.4265
1999-09-02,1999,P,3.0,NYL,HOU,60,73,0.3728,0.0,1,0.139,0.4666
1999-09-04,1999,P,3.0,HOU,NYL,67,68,0.8397,0.0,0,0.705,1.8305
1999-09-05,1999,P,3.0,HOU,NYL,59,47,0.8121,1.0,1,0.0353,0.2081
2000-05-29,2000,R,,HOU,NYL,84,68,0.7339,1.0,1,0.0708,0.3093
2000-05-31,2000,R,,LAS,UTA,69,62,0.6823,1.0,1,0.1009,0.3823
2000-05-31,2000,R,,MIN,CLE,73,62,0.6948,1.0,1,0.0931,0.3641
2000-05-31,2000,R,,PHX,NYL,51,48,0.6498,1.0,1,0.1226,0.4311
2000-05-31,2000,R,,POR,HOU,89,93,0.4708,0.0,1,0.2217,0.6365
2000-05-31,2000,R,,SAC,SEA,76,60,0.6395,1.0,1,0.13,0.4471
2000-05-31,2000,R,,WAS,ORL,92,66,0.5412,1.0,1,0.2105,0.614
2000-06-01,2000,R,,MIA,IND,54,57,0.6186,0.0,0,0.3826,0.9639
2000-06-01,2000,R,,ORL,CHA,82,79,0.5378,1.0,1,0.2136,0.6202
2000-06-01,2000,R,,SEA,HOU,47,77,0.4154,0.0,1,0.1726,0.5369
2000-06-01,2000,R,,UTA,MIN,83,74,0.6061,1.0,1,0.1552,0.5007
2000-06-03,2000,R,,CHA,MIA,63,74,0.6147,0.0,0,0.3779,0.9538
2000-06-03,2000,R,,CLE,WAS,72,49,0.5599,1.0,1,0.1937,0.5801
2000-06-03,2000,R,,DET,SAC,77,74,0.6,1.0,1,0.16,0.5108
2000-06-03,2000,R,,HOU,PHX,62,80,0.7528,0.0,0,0.5666,1.3974
2000-06-03,2000,R,,IND,ORL,82,88,0.6659,0.0,0,0.4434,1.0963
2000-06-03,2000,R,,MIN,LAS,75,82,0.4989,0.0,1,0.2489,0.6909
2000-06-03,2000,R,,NYL,UTA,87,76,0.6479,1.0,1,0.124,0.434
2000-06-03,2000,R,,SEA,POR,58,65,0.5621,0.0,0,0.3159,0.8257
2000-06-04,2000,R,,WAS,NYL,79,67,0.511,1.0,1,0.2391,0.6714
2000-06-05,2000,R,,CHA,CLE,53,69,0.6604,0.0,0,0.4361,1.08
2000-06-05,2000,R,,IND,MIA,80,59,0.6072,1.0,1,0.1543,0.4989
2000-06-05,2000,R,,MIN,DET,88,68,0.5834,1.0,1,0.1736,0.5389
2000-06-05,2000,R,,ORL,SAC,75,68,0.5825,1.0,1,0.1743,0.5404
2000-06-06,2000,R,,HOU,SAC,78,70,0.7873,1.0,1,0.0452,0.2392
2000-06-06,2000,R,,LAS,POR,70,57,0.691,1.0,1,0.0955,0.3696
2000-06-06,2000,R,,UTA,PHX,76,61,0.5223,1.0,1,0.2282,0.6495
2000-06-07,2000,R,,CLE,ORL,83,79,0.5523,1.0,1,0.2005,0.5937
2000-06-07,2000,R,,DET,NYL,69,73,0.5657,0.0,0,0.32,0.834
2000-06-07,2000,R,,PHX,SEA,82,49,0.6861,1.0,1,0.0985,0.3767
2000-06-07,2000,R,,WAS,HOU,54,81,0.4165,0.0,1,0.1734,0.5387
2000-06-08,2000,R,,MIA,WAS,51,73,0.7264,0.0,0,0.5276,1.296
2000-06-08,2000,R,,ORL,MIN,57,71,0.592,0.0,0,0.3504,0.8964
2000-06-08,2000,R,,POR,UTA,72,81,0.6122,0.0,0,0.3747,0.9472
2000-06-09,2000,R,,CHA,SEA,62,67,0.6681,0.0,0,0.4463,1.1028
2000-06-09,2000,R,,DET,IND,80,76,0.4998,1.0,0,0.2502,0.6935
2000-06-09,2000,R,,NYL,SAC,56,77,0.6047,0.0,0,0.3657,0.9282
2000-06-10,2000,R,,CHA,ORL,71,74,0.5224,0.0,0,0.2729,0.7389
2000-06-10,2000,R,,CLE,SEA,61,49,0.6823,1.0,1,0.1009,0.3822
2000-06-10,2000,R,,IND,NYL,62,70,0.6444,0.0,0,0.4153,1.034
2000-06-10,2000,R,,LAS,PHX,76,57,0.6682,1.0,1,0.1101,0.4032
2000-06-10,2000,R,,MIA,MIN,55,66,0.5484,0.0,0,0.3007,0.7949
2000-06-10,2000,R,,UTA,HOU,71,73,0.4177,0.0,1,0.1744,0.5407
2000-06-11,2000,R,,SAC,LAS,75,68,0.5632,1.0,1,0.1908,0.5741
2000-06-12,2000,R,,DET,CHA,67,78,0.7158,0.0,0,0.5123,1.258
2000-06-12,2000,R,,HOU,UTA,107,85,0.785,1.0,1,0.0462,0.2421
2000-06-12,2000,R,,IND,CLE,70,83,0.6258,0.0,0,0.3916,0.9829
2000-06-13,2000,R,,MIA,DET,74,61,0.6455,1.0,1,0.1257,0.4378
2000-06-13,2000,R,,NYL,WAS,56,57,0.6245,0.0,0,0.39,0.9795
2000-06-13,2000,R,,POR,PHX,69,75,0.5797,0.0,0,0.336,0.8667
2000-06-13,2000,R,,SEA,LAS,69,59,0.4506,1.0,0,0.3019,0.7972
2000-06-13,2000,R,,UTA,ORL,80,88,0.5968,0.0,0,0.3562,0.9084
2000-06-14,2000,R,,PHX,POR,81,80,0.7306,1.0,1,0.0726,0.3139
2000-06-15,2000,R,,HOU,MIA,77,53,0.8564,1.0,1,0.0206,0.155
2000-06-15,2000,R,,MIN,ORL,72,66,0.6859,1.0,1,0.0986,0.377
2000-06-15,2000,R,,SEA,SAC,50,54,0.4488,0.0,1,0.2014,0.5956
2000-06-15,2000,R,,UTA,CHA,96,68,0.6646,1.0,1,0.1125,0.4086
2000-06-16,2000,R,,CLE,DET,81,93,0.7186,0.0,0,0.5164,1.268
2000-06-17,2000,R,,MIA,CLE,55,48,0.5962,1.0,1,0.163,0.5171
2000-06-17,2000,R,,ORL,IND,54,79,0.6211,0.0,0,0.3857,0.9704
2000-06-17,2000,R,,PHX,MIN,62,69,0.6717,0.0,0,0.4512,1.1138
2000-06-17,2000,R,,POR,LAS,81,94,0.4508,0.0,1,0.2032,0.5993
2000-06-17,2000,R,,SAC,CHA,74,63,0.7775,1.0,1,0.0495,0.2516
2000-06-17,2000,R,,UTA,WAS,70,67,0.6099,1.0,1,0.1522,0.4944
2000-06-18,2000,R,,DET,IND,111,74,0.5998,1.0,1,0.1601,0.5111
2000-06-18,2000,R,,HOU,MIN,78,66,0.7927,1.0,1,0.043,0.2323
2000-06-18,2000,R,,LAS,CHA,70,62,0.806,1.0,1,0.0376,0.2157
2000-06-18,2000,R,,NYL,MIA,58,52,0.7041,1.0,1,0.0876,0.3508
2000-06-18,2000,R,,SEA,UTA,53,56,0.5721,0.0,0,0.3272,0.8488
2000-06-19,2000,R,,CLE,SAC,81,70,0.4885,1.0,0,0.2617,0.7165
2000-06-19,2000,R,,WAS,DET,80,55,0.6185,1.0,1,0.1455,0.4804
2000-06-20,2000,R,,LAS,HOU,90,84,0.4872,1.0,0,0.263,0.7192
2000-06-20,2000,R,,MIN,PHX,55,74,0.6045,0.0,0,0.3654,0.9275
2000-06-20,2000,R,,POR,CHA,85,87,0.6871,0.0,0,0.4721,1.162
2000-06-20,2000,R,,UTA,SEA,66,63,0.7303,1.0,1,0.0727,0.3143
2000-06-21,2000,R,,IND,SAC,58,70,0.536,0.0,0,0.2873,0.7678
2000-06-21,2000,R,,NYL,DET,63,67,0.6813,0.0,0,0.4642,1.1436
2000-06-21,2000,R,,WAS,MIA,55,57,0.6476,0.0,0,0.4194,1.043
2000-06-22,2000,R,,CHA,PHX,57,90,0.4146,0.0,1,0.1719,0.5354
2000-06-22,2000,R,,MIN,UTA,86,64,0.6061,1.0,1,0.1551,0.5007
2000-06-22,2000,R,,ORL,CLE,77,64,0.641,1.0,1,0.1289,0.4447
2000-06-23,2000,R,,IND,NYL,60,69,0.5744,0.0,0,0.3299,0.8542
2000-06-23,2000,R,,MIA,LAS,54,68,0.4091,0.0,1,0.1674,0.5262
2000-06-23,2000,R,,POR,SEA,72,61,0.6242,1.0,1,0.1412,0.4713
2000-06-23,2000,R,,UTA,HOU,66,83,0.3615,0.0,1,0.1307,0.4486
2000-06-23,2000,R,,WAS,SAC,69,84,0.4964,0.0,1,0.2465,0.686
2000-06-24,2000,R,,CLE,MIN,57,60,0.5257,0.0,0,0.2763,0.7459
2000-06-24,2000,R,,DET,WAS,70,76,0.6928,0.0,0,0.4799,1.1802
2000-06-24,2000,R,,HOU,IND,93,67,0.8656,1.0,1,0.0181,0.1443
2000-06-24,2000,R,,MIA,PHX,44,67,0.4038,0.0,1,0.163,0.5171
2000-06-24,2000,R,,ORL,CHA,69,68,0.7206,1.0,1,0.078,0.3276
2000-06-25,2000,R,,CHA,DET,81,84,0.5203,0.0,0,0.2707,0.7346
2000-06-25,2000,R,,CLE,PHX,64,61,0.4202,1.0,0,0.3362,0.8671
2000-06-25,2000,R,,NYL,LAS,67,72,0.4675,0.0,1,0.2186,0.6302
2000-06-25,2000,R,,SAC,POR,92,76,0.7776,1.0,1,0.0495,0.2516
2000-06-26,2000,R,,ORL,HOU,58,70,0.3456,0.0,1,0.1194,0.424
2000-06-26,2000,R,,UTA,SAC,89,80,0.5406,1.0,1,0.2111,0.6151
2000-06-26,2000,R,,WAS,LAS,72,74,0.4387,0.0,1,0.1924,0.5775
2000-06-28,2000,R,,CHA,HOU,66,76,0.2344,0.0,1,0.0549,0.2671
2000-06-28,2000,R,,IND,LAS,73,82,0.3866,0.0,1,0.1495,0.4888
2000-06-28,2000,R,,NYL,PHX,82,69,0.4774,1.0,0,0.2731,0.7394
2000-06-28,2000,R,,ORL,MIA,61,53,0.6333,1.0,1,0.1345,0.4568
2000-06-28,2000,R,,POR,CLE,80,69,0.5702,1.0,1,0.1847,0.5618
2000-06-28,2000,R,,SAC,MIN,82,74,0.6115,1.0,1,0.151,0.4919
2000-06-28,2000,R,,SEA,DET,78,82,0.5812,0.0,0,0.3378,0.8703
2000-06-30,2000,R,,HOU,POR,79,39,0.8691,1.0,1,0.0171,0.1403
2000-06-30,2000,R,,MIA,ORL,63,66,0.5298,0.0,0,0.2807,0.7546
2000-06-30,2000,R,,NYL,IND,72,70,0.7285,1.0,1,0.0737,0.3167
2000-06-30,2000,R,,SAC,UTA,85,62,0.6724,1.0,1,0.1073,0.3968
2000-06-30,2000,R,,SEA,MIN,53,65,0.4313,0.0,1,0.1861,0.5645
2000-06-30,2000,R,,WAS,PHX,57,66,0.5148,0.0,0,0.265,0.7232
2000-07-01,2000,R,,CHA,WAS,74,78,0.5595,0.0,0,0.313,0.8199
2000-07-01,2000,R,,IND,MIA,52,54,0.6231,0.0,0,0.3883,0.9758
2000-07-01,2000,R,,LAS,CLE,75,67,0.818,1.0,1,0.0331,0.2009
2000-07-01,2000,R,,ORL,NYL,69,57,0.5966,1.0,1,0.1627,0.5165
2000-07-01,2000,R,,SAC,DET,108,96,0.7176,1.0,1,0.0798,0.3319
2000-07-01,2000,R,,SEA,UTA,60,81,0.4672,0.0,1,0.2183,0.6296
2000-07-02,2000,R,,HOU,PHX,69,58,0.759,1.0,1,0.0581,0.2758
2000-07-02,2000,R,,LAS,DET,85,63,0.8035,1.0,1,0.0386,0.2187
2000-07-02,2000,R,,MIN,POR,81,75,0.7472,1.0,1,0.0639,0.2914
2000-07-03,2000,R,,CLE,NYL,66,65,0.5566,1.0,1,0.1966,0.586
2000-07-03,2000,R,,IND,POR,64,68,0.5909,0.0,0,0.3491,0.8937
2000-07-03,2000,R,,SEA,WAS,55,60,0.4865,0.0,1,0.2367,0.6665
2000-07-05,2000,R,,CHA,MIA,76,70,0.5389,1.0,1,0.2127,0.6183
2000-07-05,2000,R,,MIN,SEA,60,67,0.8445,0.0,0,0.7132,1.8612
2000-07-05,2000,R,,NYL,POR,62,45,0.6714,1.0,1,0.108,0.3983
2000-07-05,2000,R,,SAC,LAS,61,76,0.5841,0.0,0,0.3412,0.8773
2000-07-06,2000,R,,HOU,SEA,80,50,0.9283,1.0,1,0.0051,0.0744
2000-07-06,2000,R,,LAS,WAS,79,70,0.8035,1.0,1,0.0386,0.2188
2000-07-06,2000,R,,ORL,IND,72,60,0.7958,1.0,1,0.0417,0.2284
2000-07-06,2000,R,,PHX,DET,83,69,0.7515,1.0,1,0.0618,0.2857
2000-07-07,2000,R,,HOU,CHA,86,71,0.9103,1.0,1,0.008,0.094
2000-07-07,2000,R,,MIA,CLE,49,46,0.5044,1.0,1,0.2456,0.6844
2000-07-07,2000,R,,MIN,NYL,70,76,0.6594,0.0,0,0.4348,1.0771
2000-07-07,2000,R,,POR,SAC,60,63,0.4103,0.0,1,0.1684,0.5282
2000-07-07,2000,R,,UTA,DET,69,73,0.7247,0.0,0,0.5252,1.29
2000-07-08,2000,R,,CHA,CLE,59,80,0.5121,0.0,0,0.2623,0.7177
2000-07-08,2000,R,,IND,PHX,65,66,0.332,0.0,1,0.1103,0.4035
2000-07-08,2000,R,,NYL,MIA,63,51,0.7409,1.0,1,0.0672,0.2999
2000-07-08,2000,R,,ORL,SEA,64,53,0.782,1.0,1,0.0475,0.2459
2000-07-08,2000,R,,SAC,WAS,78,56,0.7498,1.0,1,0.0626,0.2879
2000-07-09,2000,R,,DET,ORL,62,68,0.5822,0.0,0,0.339,0.8728
2000-07-09,2000,R,,LAS,UTA,92,72,0.8287,1.0,1,0.0293,0.1878
2000-07-09,2000,R,,MIN,HOU,60,70,0.3433,0.0,1,0.1178,0.4205
2000-07-09,2000,R,,POR,WAS,75,58,0.5996,1.0,1,0.1603,0.5115
2000-07-10,2000,R,,CLE,CHA,72,65,0.761,1.0,1,0.0571,0.2732
2000-07-10,2000,R,,MIA,SEA,59,42,0.6749,1.0,1,0.1057,0.3933
2000-07-11,2000,R,,LAS,POR,77,80,0.8616,0.0,0,0.7423,1.9775
2000-07-11,2000,R,,PHX,MIN,64,54,0.7427,1.0,1,0.0662,0.2975
2000-07-12,2000,R,,CLE,ORL,74,72,0.5133,1.0,1,0.2369,0.6669
2000-07-12,2000,R,,DET,SEA,61,56,0.7659,1.0,1,0.0548,0.2667
2000-07-12,2000,R,,HOU,SAC,77,62,0.7472,1.0,1,0.0639,0.2914
2000-07-12,2000,R,,NYL,CHA,84,70,0.8461,1.0,1,0.0237,0.1671
2000-07-12,2000,R,,UTA,POR,76,67,0.7007,1.0,1,0.0896,0.3556
2000-07-12,2000,R,,WAS,IND,58,81,0.6865,0.0,0,0.4713,1.16
2000-07-13,2000,R,,MIA,WAS,48,60,0.6735,0.0,0,0.4536,1.1194
2000-07-13,2000,R,,PHX,SAC,72,64,0.6472,1.0,1,0.1245,0.4352
2000-07-14,2000,R,,DET,MIA,80,50,0.7223,1.0,1,0.0771,0.3253
2000-07-14,2000,R,,IND,SEA,64,45,0.6877,1.0,1,0.0976,0.3745
2000-07-14,2000,R,,LAS,HOU,63,58,0.5464,1.0,1,0.2058,0.6044
2000-07-14,2000,R,,ORL,NYL,51,55,0.6114,0.0,0,0.3738,0.9452
2000-07-14,2000,R,,POR,MIN,65,54,0.528,1.0,1,0.2228,0.6386
2000-07-14,2000,R,,UTA,PHX,87,84,0.4879,1.0,0,0.2623,0.7177
2000-07-15,2000,R,,CLE,IND,79,55,0.7409,1.0,1,0.0672,0.2999
2000-07-15,2000,R,,LAS,MIN,58,57,0.8273,1.0,1,0.0298,0.1896
2000-07-15,2000,R,,SAC,UTA,69,75,0.7305,0.0,0,0.5336,1.3111
2000-07-15,2000,R,,WAS,CHA,73,76,0.7188,0.0,0,0.5167,1.2687
2000-07-19,2000,R,,MIA,POR,69,62,0.5099,1.0,1,0.2402,0.6734
2000-07-19,2000,R,,ORL,DET,88,78,0.6591,1.0,1,0.1162,0.4168
2000-07-19,2000,R,,PHX,UTA,86,76,0.7279,1.0,1,0.074,0.3176
2000-07-19,2000,R,,SEA,NYL,55,78,0.3319,0.0,1,0.1101,0.4033
2000-07-20,2000,R,,CLE,HOU,56,74,0.2881,0.0,1,0.083,0.3398
2000-07-20,2000,R,,LAS,NYL,82,66,0.7936,1.0,1,0.0426,0.2311
2000-07-20,2000,R,,SAC,MIN,73,56,0.7238,1.0,1,0.0763,0.3233
2000-07-20,2000,R,,WAS,IND,85,74,0.6411,1.0,1,0.1288,0.4446
2000-07-21,2000,R,,CHA,POR,73,64,0.5267,1.0,1,0.224,0.6412
2000-07-21,2000,R,,DET,HOU,74,76,0.2868,0.0,1,0.0822,0.338
2000-07-21,2000,R,,MIA,UTA,76,65,0.45,1.0,0,0.3025,0.7985
2000-07-21,2000,R,,PHX,LAS,68,74,0.5341,0.0,0,0.2852,0.7637
2000-07-21,2000,R,,SEA,MIN,67,61,0.4349,1.0,0,0.3194,0.8327
2000-07-21,2000,R,,WAS,ORL,61,59,0.4706,1.0,0,0.2803,0.7538
2000-07-22,2000,R,,CLE,MIA,76,47,0.7249,1.0,1,0.0757,0.3217
2000-07-22,2000,R,,IND,CHA,80,59,0.6736,1.0,1,0.1066,0.3952
2000-07-22,2000,R,,SAC,PHX,61,60,0.6158,1.0,1,0.1476,0.4848
2000-07-23,2000,R,,LAS,SAC,73,68,0.7734,1.0,1,0.0513,0.257
2000-07-23,2000,R,,MIN,POR,80,63,0.6443,1.0,1,0.1265,0.4395
2000-07-23,2000,R,,NYL,HOU,69,64,0.3827,1.0,0,0.3811,0.9605
2000-07-23,2000,R,,ORL,UTA,66,69,0.6307,0.0,0,0.3978,0.9962
2000-07-24,2000,R,,CHA,IND,82,78,0.5443,1.0,1,0.2077,0.6083
2000-07-24,2000,R,,DET,POR,57,61,0.7111,0.0,0,0.5057,1.2417
2000-07-24,2000,R,,PHX,CLE,67,57,0.7299,1.0,1,0.0729,0.3148
2000-07-24,2000,R,,WAS,NYL,64,78,0.4942,0.0,1,0.2442,0.6816
2000-07-25,2000,R,,HOU,SEA,79,53,0.9237,1.0,1,0.0058,0.0794
2000-07-25,2000,R,,LAS,ORL,78,63,0.8376,1.0,1,0.0264,0.1773
2000-07-26,2000,R,,CHA,WAS,87,80,0.5291,1.0,1,0.2218,0.6367
2000-07-26,2000,R,,DET,MIA,78,62,0.6399,1.0,1,0.1297,0.4465
2000-07-26,2000,R,,PHX,IND,79,65,0.8332,1.0,1,0.0278,0.1825
2000-07-26,2000,R,,POR,SAC,70,73,0.4046,0.0,1,0.1637,0.5185
2000-07-26,2000,R,,UTA,CLE,84,77,0.6743,1.0,1,0.1061,0.3941
2000-07-27,2000,R,,LAS,SEA,76,63,0.9312,1.0,1,0.0047,0.0712
2000-07-27,2000,R,,SAC,ORL,73,66,0.7134,1.0,1,0.0822,0.3378
2000-07-28,2000,R,,CHA,NYL,56,66,0.2948,0.0,1,0.0869,0.3492
2000-07-28,2000,R,,CLE,DET,80,60,0.6418,1.0,1,0.1283,0.4434
2000-07-28,2000,R,,MIN,MIA,68,44,0.7577,1.0,1,0.0587,0.2774
2000-07-28,2000,R,,POR,IND,58,73,0.6717,0.0,0,0.4512,1.114
2000-07-28,2000,R,,SEA,PHX,55,65,0.2438,0.0,1,0.0595,0.2795
2000-07-29,2000,R,,DET,CHA,75,72,0.7221,1.0,1,0.0772,0.3256
2000-07-29,2000,R,,HOU,LAS,74,84,0.6816,0.0,0,0.4645,1.1444
2000-07-29,2000,R,,NYL,CLE,81,67,0.7318,1.0,1,0.0719,0.3122
2000-07-29,2000,R,,UTA,IND,79,71,0.7837,1.0,1,0.0468,0.2438
2000-07-29,2000,R,,WAS,MIN,85,87,0.5692,0.0,0,0.324,0.8422
2000-07-30,2000,R,,PHX,SAC,63,70,0.6155,0.0,0,0.3789,0.9559
2000-07-30,2000,R,,POR,ORL,76,55,0.4879,1.0,0,0.2623,0.7177
2000-07-30,2000,R,,SEA,MIA,51,64,0.5465,0.0,0,0.2987,0.7908
2000-07-31,2000,R,,DET,CLE,65,76,0.5736,0.0,0,0.3291,0.8525
2000-07-31,2000,R,,MIN,LAS,66,73,0.2964,0.0,1,0.0878,0.3515
2000-07-31,2000,R,,NYL,CHA,81,56,0.8612,1.0,1,0.0193,0.1494
2000-08-01,2000,R,,HOU,WAS,68,60,0.9001,1.0,1,0.01,0.1053
2000-08-01,2000,R,,PHX,ORL,84,77,0.7665,1.0,1,0.0545,0.2659
2000-08-01,2000,R,,POR,MIA,54,50,0.6623,1.0,1,0.114,0.412
2000-08-01,2000,R,,SEA,IND,66,60,0.4526,1.0,0,0.2996,0.7927
2000-08-02,2000,R,,DET,LAS,81,84,0.2271,0.0,1,0.0516,0.2577
2000-08-02,2000,R,,MIN,UTA,62,72,0.5116,0.0,0,0.2618,0.7167
2000-08-02,2000,R,,SAC,MIA,73,55,0.8719,1.0,1,0.0164,0.1371
2000-08-03,2000,R,,CLE,UTA,74,71,0.6071,1.0,1,0.1544,0.4991
2000-08-03,2000,R,,IND,WAS,71,75,0.6138,0.0,0,0.3767,0.9513
2000-08-03,2000,R,,PHX,SEA,85,63,0.8855,1.0,1,0.0131,0.1216
2000-08-04,2000,R,,IND,CLE,87,75,0.4375,1.0,0,0.3164,0.8267
2000-08-04,2000,R,,MIA,CHA,60,50,0.6151,1.0,1,0.1481,0.4859
2000-08-04,2000,R,,MIN,SAC,63,74,0.4195,0.0,1,0.176,0.5439
2000-08-04,2000,R,,NYL,ORL,70,57,0.799,1.0,1,0.0404,0.2245
2000-08-04,2000,R,,POR,HOU,56,81,0.259,0.0,1,0.0671,0.2998
2000-08-04,2000,R,,WAS,DET,96,72,0.5725,1.0,1,0.1827,0.5577
2000-08-05,2000,R,,CHA,UTA,84,82,0.3286,1.0,0,0.4508,1.1129
2000-08-05,2000,R,,PHX,LAS,63,77,0.3993,0.0,1,0.1594,0.5096
2000-08-06,2000,R,,CLE,WAS,77,60,0.6975,1.0,1,0.0915,0.3602
2000-08-06,2000,R,,MIA,NYL,57,41,0.3274,1.0,0,0.4524,1.1166
2000-08-06,2000,R,,MIN,IND,80,75,0.6934,1.0,1,0.094,0.3661
2000-08-06,2000,R,,ORL,DET,92,63,0.6717,1.0,1,0.1078,0.3979
2000-08-06,2000,R,,SAC,HOU,63,76,0.4902,0.0,1,0.2403,0.6738
2000-08-06,2000,R,,SEA,POR,66,58,0.4869,1.0,0,0.2633,0.7197
2000-08-07,2000,R,,IND,DET,63,74,0.6134,0.0,0,0.3763,0.9504
2000-08-07,2000,R,,ORL,WAS,65,57,0.6792,1.0,1,0.1029,0.3868
2000-08-07,2000,R,,PHX,HOU,54,71,0.4375,0.0,1,0.1914,0.5753
2000-08-07,2000,R,,UTA,POR,83,73,0.7698,1.0,1,0.053,0.2616
2000-08-08,2000,R,,CHA,MIN,67,76,0.4854,0.0,1,0.2356,0.6644
2000-08-08,2000,R,,NYL,CLE,57,44,0.7178,1.0,1,0.0796,0.3315
2000-08-08,2000,R,,SEA,LAS,52,60,0.117,0.0,1,0.0137,0.1245
2000-08-09,2000,R,,DET,NYL,66,63,0.3917,1.0,0,0.3701,0.9373
2000-08-09,2000,R,,HOU,MIN,77,64,0.8912,1.0,1,0.0118,0.1152
2000-08-09,2000,R,,IND,CHA,67,51,0.6815,1.0,1,0.1014,0.3834
2000-08-09,2000,R,,MIA,ORL,68,64,0.5569,1.0,1,0.1964,0.5854
2000-08-09,2000,R,,POR,PHX,60,68,0.3909,0.0,1,0.1528,0.4958
2000-08-09,2000,R,,SAC,SEA,79,46,0.9069,1.0,1,0.0087,0.0977
2000-08-09,2000,R,,UTA,LAS,89,77,0.3344,1.0,0,0.443,1.0953
2000-08-09,2000,R,,WAS,CLE,60,48,0.5249,1.0,1,0.2258,0.6446
2000-08-11,2000,P,1.0,ORL,CLE,62,55,0.6004,1.0,1,0.1597,0.5101
2000-08-11,2000,P,1.0,PHX,LAS,71,86,0.4018,0.0,1,0.1614,0.5138
2000-08-12,2000,P,1.0,SAC,HOU,64,72,0.4266,0.0,1,0.182,0.5561
2000-08-12,2000,P,1.0,WAS,NYL,63,72,0.4015,0.0,1,0.1612,0.5133
2000-08-13,2000,P,1.0,CLE,ORL,63,54,0.6055,1.0,1,0.1557,0.5018
2000-08-13,2000,P,1.0,LAS,PHX,101,76,0.8215,1.0,1,0.0319,0.1967
2000-08-14,2000,P,1.0,HOU,SAC,75,70,0.8017,1.0,1,0.0393,0.221
2000-08-14,2000,P,1.0,NYL,WAS,78,57,0.8171,1.0,1,0.0335,0.2021
2000-08-15,2000,P,1.0,CLE,ORL,72,43,0.639,1.0,1,0.1303,0.4479
2000-08-17,2000,P,2.0,CLE,NYL,56,43,0.4569,1.0,0,0.2949,0.7833
2000-08-17,2000,P,2.0,HOU,LAS,77,56,0.6078,1.0,1,0.1538,0.4979
2000-08-20,2000,P,2.0,LAS,HOU,69,74,0.553,0.0,0,0.3058,0.8052
2000-08-20,2000,P,2.0,NYL,CLE,51,45,0.6935,1.0,1,0.094,0.3661
2000-08-21,2000,P,2.0,NYL,CLE,81,67,0.7143,1.0,1,0.0816,0.3364
2000-08-24,2000,P,3.0,NYL,HOU,52,59,0.3229,0.0,1,0.1043,0.3899
2000-08-26,2000,P,3.0,HOU,NYL,79,73,0.8491,1.0,1,0.0228,0.1635
2001-05-28,2001,R,,HOU,LAS,63,66,0.6779,0.0,0,0.4596,1.1329
2001-05-30,2001,R,,PHX,UTA,62,81,0.6241,0.0,0,0.3895,0.9784
2001-05-31,2001,R,,CLE,WAS,69,34,0.6794,1.0,1,0.1028,0.3865
2001-05-31,2001,R,,IND,HOU,78,82,0.3626,0.0,1,0.1315,0.4503
2001-05-31,2001,R,,MIA,NYL,68,59,0.5051,1.0,1,0.245,0.6831
2001-05-31,2001,R,,POR,MIN,65,82,0.5661,0.0,0,0.3204,0.8348
2001-05-31,2001,R,,SEA,PHX,83,70,0.5365,1.0,1,0.2149,0.6228
2001-06-01,2001,R,,ORL,LAS,62,68,0.4288,0.0,1,0.1838,0.56
2001-06-02,2001,R,,CHA,LAS,67,76,0.3558,0.0,1,0.1266,0.4397
2001-06-02,2001,R,,DET,HOU,73,74,0.4027,0.0,1,0.1621,0.5153
2001-06-02,2001,R,,MIN,PHX,80,89,0.6489,0.0,0,0.4211,1.0467
2001-06-02,2001,R,,NYL,IND,75,58,0.7354,1.0,1,0.07,0.3074
2001-06-02,2001,R,,SAC,CLE,70,65,0.6962,1.0,1,0.0923,0.3621
2001-06-02,2001,R,,UTA,POR,71,76,0.7838,0.0,0,0.6143,1.5316
2001-06-03,2001,R,,WAS,SEA,68,63,0.632,1.0,1,0.1354,0.4589
2001-06-04,2001,R,,IND,SEA,71,74,0.6501,0.0,0,0.4226,1.05
2001-06-04,2001,R,,NYL,SAC,63,80,0.5968,0.0,0,0.3562,0.9083
2001-06-04,2001,R,,POR,PHX,71,69,0.5328,1.0,1,0.2182,0.6295
2001-06-05,2001,R,,DET,ORL,71,92,0.5867,0.0,0,0.3442,0.8836
2001-06-05,2001,R,,LAS,CLE,58,50,0.776,1.0,1,0.0502,0.2536
2001-06-05,2001,R,,MIA,IND,63,61,0.7384,1.0,1,0.0684,0.3032
2001-06-05,2001,R,,PHX,CHA,76,69,0.6966,1.0,1,0.0921,0.3616
2001-06-05,2001,R,,UTA,HOU,68,72,0.4466,0.0,1,0.1995,0.5917
2001-06-05,2001,R,,WAS,SAC,75,72,0.4537,1.0,0,0.2985,0.7903
2001-06-07,2001,R,,CLE,NYL,67,49,0.5836,1.0,1,0.1734,0.5385
2001-06-07,2001,R,,HOU,DET,87,66,0.8611,1.0,1,0.0193,0.1496
2001-06-07,2001,R,,SAC,CHA,77,65,0.8115,1.0,1,0.0355,0.2089
2001-06-07,2001,R,,SEA,MIA,57,70,0.5695,0.0,0,0.3243,0.8428
2001-06-07,2001,R,,UTA,ORL,82,79,0.663,1.0,1,0.1136,0.411
2001-06-09,2001,R,,CLE,IND,86,76,0.7235,1.0,1,0.0764,0.3236
2001-06-09,2001,R,,MIN,LAS,60,62,0.4377,0.0,1,0.1916,0.5757
2001-06-09,2001,R,,ORL,CHA,79,86,0.7321,0.0,0,0.536,1.3172
2001-06-09,2001,R,,SAC,MIA,67,71,0.7103,0.0,0,0.5046,1.239
2001-06-09,2001,R,,UTA,SEA,65,73,0.7636,0.0,0,0.5831,1.4423
2001-06-10,2001,R,,PHX,HOU,58,60,0.4327,0.0,1,0.1872,0.5669
2001-06-10,2001,R,,WAS,NYL,80,81,0.6061,0.0,0,0.3674,0.9317
2001-06-12,2001,R,,MIA,DET,67,68,0.6953,0.0,0,0.4834,1.1884
2001-06-12,2001,R,,MIN,IND,60,65,0.7228,0.0,0,0.5224,1.2829
2001-06-12,2001,R,,NYL,CHA,79,70,0.7217,1.0,1,0.0775,0.3262
2001-06-12,2001,R,,PHX,SAC,78,64,0.5127,1.0,1,0.2374,0.668
2001-06-12,2001,R,,POR,CLE,67,62,0.5551,1.0,1,0.1979,0.5885
2001-06-12,2001,R,,SEA,ORL,70,63,0.5735,1.0,1,0.1819,0.556
2001-06-14,2001,R,,CHA,UTA,59,73,0.4213,0.0,1,0.1775,0.547
2001-06-14,2001,R,,DET,WAS,80,65,0.5608,1.0,1,0.1929,0.5783
2001-06-14,2001,R,,LAS,ORL,84,68,0.8637,1.0,1,0.0186,0.1465
2001-06-14,2001,R,,SAC,PHX,81,59,0.6521,1.0,1,0.121,0.4275
2001-06-14,2001,R,,SEA,CLE,36,58,0.5095,0.0,0,0.2596,0.7123
2001-06-16,2001,R,,CHA,DET,69,72,0.529,0.0,0,0.2799,0.753
2001-06-16,2001,R,,CLE,MIA,70,53,0.6233,1.0,1,0.1419,0.4727
2001-06-16,2001,R,,IND,MIN,67,65,0.5506,1.0,1,0.2019,0.5967
2001-06-16,2001,R,,NYL,WAS,86,63,0.7629,1.0,1,0.0562,0.2706
2001-06-16,2001,R,,PHX,ORL,72,68,0.6865,1.0,1,0.0983,0.3761
2001-06-16,2001,R,,SAC,POR,74,81,0.6964,0.0,0,0.485,1.192
2001-06-16,2001,R,,SEA,LAS,60,73,0.289,0.0,1,0.0835,0.3411
2001-06-17,2001,R,,DET,MIN,63,71,0.6273,0.0,0,0.3935,0.987
2001-06-17,2001,R,,LAS,POR,90,75,0.8291,1.0,1,0.0292,0.1874
2001-06-17,2001,R,,MIA,NYL,48,55,0.5701,0.0,0,0.325,0.8442
2001-06-17,2001,R,,WAS,CLE,55,57,0.4241,0.0,1,0.1799,0.5518
2001-06-18,2001,R,,IND,ORL,65,72,0.597,0.0,0,0.3564,0.9088
2001-06-18,2001,R,,SEA,CHA,60,52,0.6628,1.0,1,0.1137,0.4112
2001-06-19,2001,R,,LAS,CHA,73,69,0.9119,1.0,1,0.0078,0.0923
2001-06-19,2001,R,,POR,SEA,58,43,0.7058,1.0,1,0.0866,0.3485
2001-06-19,2001,R,,SAC,NYL,56,65,0.6369,0.0,0,0.4057,1.0132
2001-06-21,2001,R,,HOU,LAS,69,65,0.6602,1.0,1,0.1155,0.4153
2001-06-21,2001,R,,PHX,NYL,70,95,0.5877,0.0,0,0.3454,0.8861
2001-06-21,2001,R,,UTA,SAC,75,87,0.6664,0.0,0,0.444,1.0977
2001-06-21,2001,R,,WAS,MIA,63,74,0.5277,0.0,0,0.2785,0.7501
2001-06-22,2001,R,,CLE,LAS,74,70,0.5153,1.0,1,0.235,0.6631
2001-06-22,2001,R,,IND,DET,77,56,0.546,1.0,1,0.2061,0.6051
2001-06-22,2001,R,,MIN,MIA,63,57,0.637,1.0,1,0.1318,0.451
2001-06-22,2001,R,,PHX,SEA,55,58,0.6666,0.0,0,0.4444,1.0984
2001-06-22,2001,R,,POR,CHA,66,62,0.7605,1.0,1,0.0574,0.2738
2001-06-23,2001,R,,DET,IND,70,74,0.6147,0.0,0,0.3779,0.9538
2001-06-23,2001,R,,HOU,SAC,70,56,0.7856,1.0,1,0.046,0.2413
2001-06-23,2001,R,,ORL,WAS,67,59,0.7357,1.0,1,0.0698,0.3069
2001-06-23,2001,R,,UTA,MIN,87,80,0.6635,1.0,1,0.1132,0.4102
2001-06-24,2001,R,,CHA,SAC,82,85,0.3972,0.0,1,0.1578,0.5062
2001-06-24,2001,R,,HOU,POR,67,57,0.8256,1.0,1,0.0304,0.1916
2001-06-24,2001,R,,MIA,CLE,35,54,0.4901,0.0,1,0.2402,0.6735
2001-06-24,2001,R,,NYL,LAS,82,69,0.5417,1.0,1,0.21,0.613
2001-06-25,2001,R,,ORL,NYL,67,54,0.4441,1.0,0,0.3091,0.8118
2001-06-25,2001,R,,UTA,SEA,47,65,0.7079,0.0,0,0.5011,1.2307
2001-06-25,2001,R,,WAS,MIN,51,55,0.4958,0.0,1,0.2459,0.6849
2001-06-26,2001,R,,CLE,POR,61,57,0.7519,1.0,1,0.0615,0.2851
2001-06-26,2001,R,,DET,LAS,89,98,0.3175,0.0,1,0.1008,0.3819
2001-06-27,2001,R,,CHA,DET,74,50,0.5982,1.0,1,0.1615,0.5139
2001-06-27,2001,R,,HOU,WAS,76,63,0.9178,1.0,1,0.0068,0.0858
2001-06-27,2001,R,,IND,POR,65,68,0.6116,0.0,0,0.374,0.9456
2001-06-27,2001,R,,MIA,UTA,63,68,0.6136,0.0,0,0.3765,0.9509
2001-06-27,2001,R,,ORL,CLE,41,65,0.4759,0.0,1,0.2265,0.646
2001-06-28,2001,R,,MIN,SEA,68,59,0.6628,1.0,1,0.1137,0.4112
2001-06-28,2001,R,,SAC,HOU,64,54,0.443,1.0,0,0.3103,0.8143
2001-06-29,2001,R,,DET,PHX,75,71,0.4587,1.0,0,0.293,0.7794
2001-06-29,2001,R,,IND,CHA,67,75,0.6895,0.0,0,0.4755,1.1697
2001-06-29,2001,R,,MIA,POR,72,74,0.5613,0.0,0,0.315,0.8239
2001-06-29,2001,R,,WAS,UTA,74,64,0.4446,1.0,0,0.3085,0.8106
2001-06-30,2001,R,,CHA,CLE,58,55,0.2698,1.0,0,0.5332,1.3101
2001-06-30,2001,R,,MIN,HOU,52,59,0.3551,0.0,1,0.1261,0.4387
2001-06-30,2001,R,,NYL,ORL,72,60,0.7995,1.0,1,0.0402,0.2237
2001-06-30,2001,R,,SEA,SAC,59,65,0.4541,0.0,1,0.2062,0.6053
2001-07-01,2001,R,,CLE,MIN,52,47,0.7625,1.0,1,0.0564,0.2711
2001-07-01,2001,R,,IND,PHX,86,78,0.557,1.0,1,0.1963,0.5852
2001-07-01,2001,R,,LAS,MIA,86,60,0.8671,1.0,1,0.0177,0.1426
2001-07-01,2001,R,,WAS,ORL,76,64,0.5506,1.0,1,0.202,0.5968
2001-07-02,2001,R,,HOU,POR,74,67,0.815,1.0,1,0.0342,0.2046
2001-07-02,2001,R,,NYL,DET,66,60,0.8194,1.0,1,0.0326,0.1992
2001-07-02,2001,R,,UTA,MIA,59,69,0.7174,0.0,0,0.5147,1.2637
2001-07-03,2001,R,,CHA,NYL,66,61,0.3964,1.0,0,0.3643,0.9254
2001-07-03,2001,R,,LAS,UTA,84,71,0.8465,1.0,1,0.0236,0.1666
2001-07-03,2001,R,,MIN,SAC,52,91,0.4723,0.0,1,0.223,0.6391
2001-07-03,2001,R,,SEA,WAS,69,72,0.6743,0.0,0,0.4546,1.1217
2001-07-04,2001,R,,PHX,MIA,60,47,0.6216,1.0,1,0.1432,0.4755
2001-07-04,2001,R,,POR,SEA,56,61,0.7368,0.0,0,0.5428,1.3347
2001-07-05,2001,R,,LAS,PHX,73,50,0.8523,1.0,1,0.0218,0.1598
2001-07-06,2001,R,,DET,CHA,50,67,0.6043,0.0,0,0.3652,0.9271
2001-07-06,2001,R,,HOU,IND,79,64,0.8777,1.0,1,0.015,0.1305
2001-07-06,2001,R,,MIN,NYL,57,70,0.4371,0.0,1,0.191,0.5746
2001-07-06,2001,R,,ORL,SAC,68,75,0.4453,0.0,1,0.1983,0.5894
2001-07-06,2001,R,,POR,WAS,69,58,0.6798,1.0,1,0.1025,0.386
2001-07-06,2001,R,,UTA,CLE,73,69,0.3553,1.0,0,0.4157,1.0349
2001-07-07,2001,R,,CHA,SEA,48,38,0.5845,1.0,1,0.1726,0.537
2001-07-07,2001,R,,MIA,SAC,66,54,0.4349,1.0,0,0.3193,0.8326
2001-07-07,2001,R,,PHX,WAS,66,52,0.6949,1.0,1,0.0931,0.3639
2001-07-08,2001,R,,HOU,CLE,53,63,0.7445,0.0,0,0.5542,1.3644
2001-07-08,2001,R,,IND,NYL,56,58,0.3663,0.0,1,0.1342,0.4562
2001-07-08,2001,R,,LAS,MIN,100,95,0.8668,1.0,1,0.0177,0.143
2001-07-08,2001,R,,ORL,DET,73,67,0.6963,1.0,1,0.0922,0.3619
2001-07-08,2001,R,,POR,UTA,63,65,0.648,0.0,0,0.4198,1.044
2001-07-09,2001,R,,NYL,IND,72,65,0.8303,1.0,1,0.0288,0.186
2001-07-10,2001,R,,CLE,SEA,59,53,0.8208,1.0,1,0.0321,0.1975
2001-07-10,2001,R,,MIN,POR,73,52,0.5646,1.0,1,0.1895,0.5716
2001-07-10,2001,R,,ORL,MIA,63,65,0.5638,0.0,0,0.3179,0.8297
2001-07-10,2001,R,,SAC,HOU,78,76,0.5159,1.0,1,0.2343,0.6618
2001-07-10,2001,R,,UTA,LAS,67,79,0.3543,0.0,1,0.1255,0.4373
2001-07-11,2001,R,,IND,CLE,58,76,0.3396,0.0,1,0.1153,0.4149
2001-07-11,2001,R,,NYL,SEA,67,53,0.8403,1.0,1,0.0255,0.174
2001-07-11,2001,R,,PHX,LAS,61,75,0.3572,0.0,1,0.1276,0.4419
2001-07-11,2001,R,,WAS,DET,52,64,0.6848,0.0,0,0.469,1.1546
2001-07-12,2001,R,,CHA,ORL,69,72,0.696,0.0,0,0.4844,1.1906
2001-07-12,2001,R,,POR,HOU,57,71,0.3256,0.0,1,0.106,0.394
2001-07-12,2001,R,,SAC,UTA,69,67,0.7705,1.0,1,0.0527,0.2607
2001-07-13,2001,R,,CLE,PHX,69,61,0.8238,1.0,1,0.0311,0.1938
2001-07-13,2001,R,,DET,MIA,55,56,0.4741,0.0,1,0.2248,0.6426
2001-07-13,2001,R,,IND,ORL,74,60,0.5765,1.0,1,0.1793,0.5508
2001-07-13,2001,R,,NYL,MIN,67,64,0.7829,1.0,1,0.0471,0.2447
2001-07-13,2001,R,,SEA,HOU,55,58,0.2776,0.0,1,0.0771,0.3252
2001-07-14,2001,R,,CHA,IND,71,58,0.6798,1.0,1,0.1026,0.386
2001-07-14,2001,R,,MIA,DET,66,51,0.7446,1.0,1,0.0652,0.2949
2001-07-14,2001,R,,MIN,PHX,67,80,0.6279,0.0,0,0.3943,0.9886
2001-07-14,2001,R,,UTA,SAC,69,57,0.4278,1.0,0,0.3275,0.8492
2001-07-14,2001,R,,WAS,LAS,50,62,0.2089,0.0,1,0.0436,0.2343
2001-07-18,2001,R,,DET,NYL,67,80,0.2619,0.0,1,0.0686,0.3037
2001-07-18,2001,R,,IND,UTA,57,61,0.4998,0.0,1,0.2498,0.6928
2001-07-18,2001,R,,MIA,CHA,68,48,0.6654,1.0,1,0.112,0.4074
2001-07-18,2001,R,,MIN,SEA,68,58,0.6275,1.0,1,0.1388,0.4661
2001-07-18,2001,R,,ORL,HOU,57,52,0.2697,1.0,0,0.5334,1.3106
2001-07-19,2001,R,,CLE,NYL,65,60,0.6803,1.0,1,0.1022,0.3851
2001-07-19,2001,R,,PHX,POR,60,58,0.5996,1.0,1,0.1603,0.5115
2001-07-19,2001,R,,SAC,LAS,68,83,0.4601,0.0,1,0.2117,0.6164
2001-07-20,2001,R,,CHA,ORL,72,65,0.6132,1.0,1,0.1496,0.4891
2001-07-20,2001,R,,IND,WAS,73,65,0.6016,1.0,1,0.1587,0.5081
2001-07-20,2001,R,,MIA,HOU,64,50,0.3798,1.0,0,0.3846,0.968
2001-07-20,2001,R,,SEA,POR,49,56,0.5796,0.0,0,0.3359,0.8665
2001-07-21,2001,R,,CLE,CHA,56,41,0.8473,1.0,1,0.0233,0.1657
2001-07-21,2001,R,,LAS,SEA,85,79,0.9218,1.0,1,0.0061,0.0815
2001-07-21,2001,R,,ORL,MIN,71,49,0.5588,1.0,1,0.1947,0.582
2001-07-21,2001,R,,PHX,UTA,59,50,0.5702,1.0,1,0.1847,0.5618
2001-07-21,2001,R,,SAC,DET,66,52,0.8304,1.0,1,0.0288,0.1859
2001-07-22,2001,R,,NYL,MIA,52,68,0.7552,0.0,0,0.5703,1.4072
2001-07-22,2001,R,,POR,DET,77,80,0.7613,0.0,0,0.5796,1.4327
2001-07-22,2001,R,,WAS,IND,69,61,0.5604,1.0,1,0.1933,0.5791
2001-07-23,2001,R,,MIN,HOU,46,51,0.2857,0.0,1,0.0816,0.3364
2001-07-24,2001,R,,CHA,IND,75,66,0.7103,1.0,1,0.0839,0.3421
2001-07-24,2001,R,,HOU,UTA,67,76,0.7867,0.0,0,0.619,1.5452
2001-07-24,2001,R,,ORL,WAS,71,63,0.7389,1.0,1,0.0682,0.3026
2001-07-24,2001,R,,POR,NYL,86,68,0.4117,1.0,0,0.3461,0.8875
2001-07-24,2001,R,,SEA,DET,74,69,0.6561,1.0,1,0.1183,0.4214
2001-07-25,2001,R,,CLE,MIA,52,48,0.7645,1.0,1,0.0554,0.2685
2001-07-25,2001,R,,LAS,SAC,80,78,0.7831,1.0,1,0.047,0.2445
2001-07-26,2001,R,,CHA,WAS,62,60,0.7299,1.0,1,0.073,0.3149
2001-07-26,2001,R,,PHX,DET,63,62,0.8016,1.0,1,0.0394,0.2212
2001-07-26,2001,R,,UTA,NYL,71,63,0.5248,1.0,1,0.2258,0.6448
2001-07-27,2001,R,,CLE,IND,63,67,0.8785,0.0,0,0.7718,2.1079
2001-07-27,2001,R,,MIA,ORL,71,63,0.7061,1.0,1,0.0864,0.348
2001-07-27,2001,R,,MIN,WAS,60,62,0.7329,0.0,0,0.5371,1.32
2001-07-27,2001,R,,SAC,POR,85,62,0.7307,1.0,1,0.0725,0.3138
2001-07-27,2001,R,,SEA,PHX,54,56,0.5191,0.0,0,0.2694,0.732
2001-07-28,2001,R,,DET,CLE,50,57,0.2605,0.0,1,0.0679,0.3018
2001-07-28,2001,R,,HOU,NYL,61,64,0.7556,0.0,0,0.5709,1.4088
2001-07-28,2001,R,,IND,MIA,63,69,0.4018,0.0,1,0.1615,0.5139
2001-07-28,2001,R,,POR,LAS,83,88,0.2288,0.0,1,0.0524,0.2599
2001-07-28,2001,R,,UTA,MIN,68,60,0.7708,1.0,1,0.0525,0.2604
2001-07-29,2001,R,,DET,ORL,64,62,0.4564,1.0,0,0.2955,0.7843
2001-07-29,2001,R,,SAC,PHX,63,47,0.7204,1.0,1,0.0782,0.3279
2001-07-29,2001,R,,WAS,CHA,55,42,0.4757,1.0,0,0.2749,0.7429
2001-07-30,2001,R,,CLE,ORL,65,47,0.8519,1.0,1,0.0219,0.1603
2001-07-30,2001,R,,HOU,SEA,55,51,0.8564,1.0,1,0.0206,0.155
2001-07-30,2001,R,,LAS,MIN,78,69,0.912,1.0,1,0.0078,0.0922
2001-07-30,2001,R,,POR,UTA,73,79,0.5184,0.0,0,0.2687,0.7305
2001-07-31,2001,R,,CHA,MIA,63,45,0.4286,1.0,0,0.3265,0.8473
2001-08-01,2001,R,,HOU,UTA,63,71,0.7331,0.0,0,0.5374,1.3207
2001-08-01,2001,R,,IND,WAS,70,64,0.6377,1.0,1,0.1313,0.4499
2001-08-01,2001,R,,NYL,DET,66,63,0.8554,1.0,1,0.0209,0.1562
2001-08-01,2001,R,,ORL,POR,65,63,0.6182,1.0,1,0.1458,0.481
2001-08-01,2001,R,,PHX,MIN,63,68,0.7532,0.0,0,0.5673,1.3991
2001-08-02,2001,R,,LAS,SAC,67,62,0.7601,1.0,1,0.0576,0.2743
2001-08-03,2001,R,,HOU,ORL,72,60,0.8042,1.0,1,0.0383,0.2179
2001-08-03,2001,R,,MIA,PHX,72,61,0.7197,1.0,1,0.0786,0.3289
2001-08-03,2001,R,,MIN,CHA,64,72,0.53,0.0,0,0.2809,0.755
2001-08-03,2001,R,,SAC,IND,81,69,0.8148,1.0,1,0.0343,0.2048
2001-08-03,2001,R,,SEA,UTA,61,64,0.4156,0.0,1,0.1727,0.5371
2001-08-03,2001,R,,WAS,POR,64,50,0.5494,1.0,1,0.203,0.5989
2001-08-04,2001,R,,CHA,HOU,54,49,0.4261,1.0,0,0.3293,0.853
2001-08-04,2001,R,,DET,POR,70,65,0.588,1.0,1,0.1697,0.531
2001-08-04,2001,R,,LAS,SEA,79,60,0.9336,1.0,1,0.0044,0.0687
2001-08-04,2001,R,,NYL,CLE,43,58,0.4649,0.0,1,0.2161,0.6252
2001-08-04,2001,R,,UTA,IND,65,54,0.8105,1.0,1,0.0359,0.2102
2001-08-05,2001,R,,MIA,WAS,52,44,0.7949,1.0,1,0.0421,0.2296
2001-08-05,2001,R,,MIN,SAC,79,76,0.3501,1.0,0,0.4224,1.0496
2001-08-05,2001,R,,ORL,PHX,78,69,0.5806,1.0,1,0.1759,0.5437
2001-08-06,2001,R,,HOU,PHX,62,48,0.8037,1.0,1,0.0385,0.2185
2001-08-06,2001,R,,LAS,IND,81,66,0.9218,1.0,1,0.0061,0.0814
2001-08-06,2001,R,,WAS,CHA,60,65,0.4576,0.0,1,0.2094,0.6117
2001-08-07,2001,R,,DET,UTA,69,76,0.345,0.0,1,0.119,0.4231
2001-08-07,2001,R,,ORL,CLE,74,67,0.2989,1.0,0,0.4915,1.2075
2001-08-07,2001,R,,SAC,MIN,76,59,0.8123,1.0,1,0.0352,0.2079
2001-08-08,2001,R,,CLE,DET,73,66,0.8953,1.0,1,0.011,0.1106
2001-08-08,2001,R,,LAS,PHX,79,67,0.8933,1.0,1,0.0114,0.1128
2001-08-08,2001,R,,NYL,UTA,82,63,0.642,1.0,1,0.1282,0.4432
2001-08-08,2001,R,,POR,MIN,58,70,0.6623,0.0,0,0.4387,1.0857
2001-08-08,2001,R,,SEA,HOU,72,55,0.3318,1.0,0,0.4466,1.1034
2001-08-08,2001,R,,WAS,MIA,36,42,0.3552,0.0,1,0.1262,0.4389
2001-08-10,2001,R,,CLE,CHA,53,55,0.7671,0.0,0,0.5885,1.4572
2001-08-10,2001,R,,DET,WAS,69,63,0.6011,1.0,1,0.1591,0.509
2001-08-10,2001,R,,MIA,IND,72,67,0.7875,1.0,1,0.0452,0.2389
2001-08-10,2001,R,,NYL,ORL,77,67,0.7319,1.0,1,0.0719,0.3121
2001-08-10,2001,R,,SEA,MIN,51,65,0.5672,0.0,0,0.3217,0.8374
2001-08-10,2001,R,,UTA,PHX,69,57,0.7573,1.0,1,0.0589,0.2779
2001-08-11,2001,R,,CHA,NYL,80,60,0.5212,1.0,1,0.2292,0.6516
2001-08-11,2001,R,,LAS,HOU,65,54,0.7956,1.0,1,0.0418,0.2287
2001-08-11,2001,R,,ORL,MIA,64,75,0.4701,0.0,1,0.221,0.6351
2001-08-11,2001,R,,PHX,POR,73,62,0.6484,1.0,1,0.1236,0.4332
2001-08-11,2001,R,,SAC,SEA,81,61,0.8722,1.0,1,0.0163,0.1368
2001-08-12,2001,R,,IND,DET,83,66,0.6328,1.0,1,0.1348,0.4576
2001-08-12,2001,R,,MIN,UTA,69,62,0.4468,1.0,0,0.306,0.8057
2001-08-12,2001,R,,POR,SAC,58,64,0.3154,0.0,1,0.0995,0.3789
2001-08-12,2001,R,,WAS,CLE,57,49,0.2472,1.0,0,0.5668,1.3977
2001-08-13,2001,R,,HOU,MIN,74,60,0.78,1.0,1,0.0484,0.2484
2001-08-13,2001,R,,UTA,LAS,80,78,0.3329,1.0,0,0.4451,1.1
2001-08-14,2001,R,,DET,CLE,76,65,0.2582,1.0,0,0.5502,1.3539
2001-08-14,2001,R,,MIA,CHA,41,48,0.6809,0.0,0,0.4636,1.1422
2001-08-14,2001,R,,NYL,WAS,71,56,0.8354,1.0,1,0.0271,0.1799
2001-08-14,2001,R,,ORL,IND,78,72,0.7049,1.0,1,0.0871,0.3497
2001-08-14,2001,R,,PHX,HOU,56,38,0.4703,1.0,0,0.2805,0.7543
2001-08-14,2001,R,,POR,LAS,58,67,0.1783,0.0,1,0.0318,0.1964
2001-08-14,2001,R,,SEA,SAC,62,72,0.3172,0.0,1,0.1006,0.3816
2001-08-16,2001,P,1.0,CHA,CLE,53,46,0.5384,1.0,1,0.2131,0.6192
2001-08-17,2001,P,1.0,MIA,NYL,46,62,0.6093,0.0,0,0.3712,0.9397
2001-08-17,2001,P,1.0,UTA,SAC,65,89,0.5805,0.0,0,0.3369,0.8686
2001-08-18,2001,P,1.0,CLE,CHA,69,51,0.6608,1.0,1,0.1151,0.4144
2001-08-18,2001,P,1.0,HOU,LAS,59,64,0.38,0.0,1,0.1444,0.478
2001-08-19,2001,P,1.0,NYL,MIA,50,53,0.6911,0.0,0,0.4776,1.1746
2001-08-19,2001,P,1.0,SAC,UTA,71,66,0.741,1.0,1,0.0671,0.2997
2001-08-20,2001,P,1.0,CLE,CHA,64,72,0.6961,0.0,0,0.4846,1.1911
2001-08-20,2001,P,1.0,LAS,HOU,70,58,0.8258,1.0,1,0.0303,0.1914
2001-08-21,2001,P,1.0,NYL,MIA,72,61,0.6532,1.0,1,0.1203,0.4259
2001-08-24,2001,P,2.0,CHA,NYL,57,61,0.6098,0.0,0,0.3718,0.941
2001-08-24,2001,P,2.0,SAC,LAS,73,74,0.4862,0.0,1,0.2363,0.6658
2001-08-26,2001,P,2.0,LAS,SAC,60,80,0.7722,0.0,0,0.5963,1.4794
2001-08-26,2001,P,2.0,NYL,CHA,53,62,0.6888,0.0,0,0.4745,1.1674
2001-08-27,2001,P,2.0,LAS,SAC,93,62,0.6963,1.0,1,0.0922,0.362
2001-08-27,2001,P,3.0,NYL,CHA,44,48,0.6305,0.0,0,0.3975,0.9955
2001-08-30,2001,P,3.0,CHA,LAS,66,75,0.4039,0.0,1,0.1632,0.5174
2001-09-01,2001,P,3.0,LAS,CHA,82,54,0.8198,1.0,1,0.0325,0.1987
2002-05-25,2002,R,,LAS,NYL,72,64,0.7446,1.0,1,0.0653,0.295
2002-05-25,2002,R,,MIN,UTA,75,79,0.5646,0.0,0,0.3188,0.8315
2002-05-27,2002,R,,HOU,LAS,55,68,0.4802,0.0,1,0.2306,0.6543
2002-05-28,2002,R,,MIA,MIN,63,66,0.7097,0.0,0,0.5037,1.237
2002-05-29,2002,R,,HOU,PHX,61,56,0.6119,1.0,1,0.1506,0.4912
2002-05-29,2002,R,,POR,NYL,62,84,0.5098,0.0,0,0.2599,0.7129
2002-05-30,2002,R,,MIA,LAS,65,69,0.3823,0.0,1,0.1462,0.4818
2002-05-30,2002,R,,ORL,DET,80,66,0.6697,1.0,1,0.1091,0.4009
2002-05-30,2002,R,,SEA,NYL,61,78,0.498,0.0,1,0.2481,0.6893
2002-05-30,2002,R,,UTA,POR,69,64,0.7923,1.0,1,0.0431,0.2328
2002-06-01,2002,R,,CHA,LAS,94,87,0.4795,1.0,0,0.2709,0.7351
2002-06-01,2002,R,,CLE,HOU,65,69,0.6895,0.0,0,0.4754,1.1695
2002-06-01,2002,R,,IND,DET,79,62,0.6837,1.0,1,0.1001,0.3803
2002-06-01,2002,R,,PHX,UTA,71,66,0.5616,1.0,1,0.1922,0.5769
2002-06-01,2002,R,,SAC,MIN,61,63,0.7708,0.0,0,0.5942,1.4732
2002-06-01,2002,R,,WAS,ORL,93,82,0.5927,1.0,1,0.1659,0.523
2002-06-02,2002,R,,DET,IND,65,78,0.5587,0.0,0,0.3121,0.8179
2002-06-02,2002,R,,NYL,MIA,58,52,0.7055,1.0,1,0.0867,0.3489
2002-06-02,2002,R,,POR,SEA,47,57,0.6112,0.0,0,0.3735,0.9447
2002-06-03,2002,R,,CHA,HOU,67,52,0.6332,1.0,1,0.1345,0.4569
2002-06-03,2002,R,,LAS,POR,89,72,0.8919,1.0,1,0.0117,0.1144
2002-06-03,2002,R,,PHX,WAS,71,65,0.6639,1.0,1,0.113,0.4096
2002-06-04,2002,R,,MIA,ORL,69,71,0.6159,0.0,0,0.3794,0.9569
2002-06-04,2002,R,,SEA,MIN,78,68,0.5063,1.0,1,0.2438,0.6807
2002-06-04,2002,R,,UTA,WAS,89,97,0.7543,0.0,0,0.569,1.4038
2002-06-05,2002,R,,IND,HOU,45,56,0.578,0.0,0,0.3341,0.8627
2002-06-05,2002,R,,NYL,DET,60,59,0.8186,1.0,1,0.0329,0.2001
2002-06-06,2002,R,,CLE,DET,72,55,0.8114,1.0,1,0.0356,0.209
2002-06-06,2002,R,,POR,SAC,86,73,0.3271,1.0,0,0.4528,1.1175
2002-06-06,2002,R,,SEA,CHA,65,59,0.4314,1.0,0,0.3233,0.8406
2002-06-07,2002,R,,WAS,IND,89,68,0.6473,1.0,1,0.1244,0.4349
2002-06-08,2002,R,,IND,NYL,71,62,0.3852,1.0,0,0.378,0.9541
2002-06-08,2002,R,,MIN,LAS,72,76,0.35,0.0,1,0.1225,0.4307
2002-06-08,2002,R,,ORL,CLE,103,99,0.5969,1.0,1,0.1625,0.5161
2002-06-08,2002,R,,UTA,CHA,69,64,0.5998,1.0,1,0.1602,0.5112
2002-06-09,2002,R,,DET,NYL,63,70,0.418,0.0,1,0.1747,0.5412
2002-06-09,2002,R,,HOU,SAC,75,62,0.6413,1.0,1,0.1287,0.4443
2002-06-09,2002,R,,PHX,CHA,80,77,0.604,1.0,1,0.1568,0.5041
2002-06-09,2002,R,,SEA,UTA,68,71,0.5906,0.0,0,0.3488,0.8931
2002-06-09,2002,R,,WAS,MIA,76,67,0.5759,1.0,1,0.1799,0.5519
2002-06-11,2002,R,,HOU,CHA,78,66,0.6511,1.0,1,0.1217,0.4291
2002-06-11,2002,R,,LAS,DET,90,80,0.9036,1.0,1,0.0093,0.1014
2002-06-11,2002,R,,MIA,CLE,74,65,0.507,1.0,1,0.243,0.6792
2002-06-11,2002,R,,MIN,SAC,72,63,0.5678,1.0,1,0.1868,0.566
2002-06-11,2002,R,,ORL,IND,69,75,0.6679,0.0,0,0.4461,1.1023
2002-06-11,2002,R,,SEA,POR,63,70,0.632,0.0,0,0.3994,0.9997
2002-06-11,2002,R,,UTA,NYL,68,71,0.5544,0.0,0,0.3073,0.8082
2002-06-13,2002,R,,CHA,IND,75,64,0.6719,1.0,1,0.1077,0.3977
2002-06-13,2002,R,,MIN,POR,60,46,0.7031,1.0,1,0.0881,0.3522
2002-06-13,2002,R,,PHX,DET,70,67,0.8048,1.0,1,0.0381,0.2172
2002-06-13,2002,R,,SAC,NYL,78,77,0.525,1.0,1,0.2256,0.6443
2002-06-13,2002,R,,WAS,HOU,70,64,0.562,1.0,1,0.1918,0.5762
2002-06-14,2002,R,,CLE,WAS,63,69,0.6749,0.0,0,0.4555,1.1236
2002-06-14,2002,R,,PHX,SEA,82,90,0.6785,0.0,0,0.4603,1.1346
2002-06-15,2002,R,,HOU,MIN,51,50,0.6924,1.0,1,0.0946,0.3676
2002-06-15,2002,R,,IND,CLE,68,79,0.5992,0.0,0,0.359,0.9142
2002-06-15,2002,R,,ORL,MIA,65,69,0.619,0.0,0,0.3832,0.965
2002-06-15,2002,R,,POR,DET,67,60,0.6734,1.0,1,0.1067,0.3954
2002-06-15,2002,R,,SAC,LAS,66,72,0.3694,0.0,1,0.1364,0.461
2002-06-15,2002,R,,UTA,SEA,61,54,0.7379,1.0,1,0.0687,0.3039
2002-06-16,2002,R,,NYL,CHA,54,53,0.6785,1.0,1,0.1034,0.3879
2002-06-18,2002,R,,MIA,HOU,46,53,0.5266,0.0,0,0.2773,0.7478
2002-06-18,2002,R,,NYL,ORL,62,71,0.7399,0.0,0,0.5475,1.3469
2002-06-18,2002,R,,PHX,SAC,78,63,0.6055,1.0,1,0.1556,0.5017
2002-06-18,2002,R,,POR,MIN,59,51,0.5169,1.0,1,0.2334,0.6599
2002-06-18,2002,R,,SEA,LAS,68,80,0.2971,0.0,1,0.0883,0.3525
2002-06-18,2002,R,,UTA,IND,79,71,0.7098,1.0,1,0.0842,0.3427
2002-06-18,2002,R,,WAS,DET,75,67,0.8174,1.0,1,0.0333,0.2016
2002-06-19,2002,R,,CHA,WAS,78,64,0.6565,1.0,1,0.118,0.4208
2002-06-19,2002,R,,CLE,ORL,62,66,0.6982,0.0,0,0.4875,1.1981
2002-06-20,2002,R,,POR,IND,72,81,0.61,0.0,0,0.3721,0.9416
2002-06-20,2002,R,,SAC,SEA,72,64,0.7045,1.0,1,0.0873,0.3502
2002-06-21,2002,R,,CLE,NYL,80,69,0.5132,1.0,1,0.237,0.6672
2002-06-21,2002,R,,DET,ORL,59,80,0.4341,0.0,1,0.1884,0.5693
2002-06-21,2002,R,,HOU,PHX,61,59,0.7087,1.0,1,0.0849,0.3443
2002-06-21,2002,R,,LAS,MIN,73,64,0.8401,1.0,1,0.0256,0.1742
2002-06-21,2002,R,,MIA,WAS,60,65,0.5955,0.0,0,0.3546,0.905
2002-06-21,2002,R,,SEA,IND,63,51,0.5726,1.0,1,0.1827,0.5576
2002-06-22,2002,R,,CHA,MIA,76,63,0.7432,1.0,1,0.0659,0.2967
2002-06-22,2002,R,,SAC,UTA,61,77,0.5474,0.0,0,0.2997,0.7928
2002-06-23,2002,R,,ORL,NYL,77,65,0.5846,1.0,1,0.1726,0.5369
2002-06-23,2002,R,,PHX,MIN,70,61,0.6491,1.0,1,0.1232,0.4322
2002-06-23,2002,R,,POR,HOU,58,71,0.4085,0.0,1,0.1668,0.525
2002-06-23,2002,R,,SEA,SAC,86,60,0.5739,1.0,1,0.1815,0.5552
2002-06-23,2002,R,,WAS,CLE,63,45,0.6351,1.0,1,0.1331,0.454
2002-06-25,2002,R,,CLE,MIA,71,50,0.6546,1.0,1,0.1193,0.4238
2002-06-25,2002,R,,LAS,PHX,89,66,0.8455,1.0,1,0.0239,0.1679
2002-06-25,2002,R,,MIN,HOU,55,73,0.4381,0.0,1,0.1919,0.5764
2002-06-25,2002,R,,NYL,IND,74,55,0.6893,1.0,1,0.0965,0.3721
2002-06-25,2002,R,,SAC,WAS,86,87,0.5123,0.0,0,0.2625,0.7181
2002-06-25,2002,R,,UTA,POR,86,83,0.8041,1.0,1,0.0384,0.218
2002-06-26,2002,R,,DET,CHA,73,80,0.3544,0.0,1,0.1256,0.4375
2002-06-26,2002,R,,PHX,SEA,62,53,0.6339,1.0,1,0.134,0.4559
2002-06-26,2002,R,,POR,ORL,64,57,0.3833,1.0,0,0.3803,0.959
2002-06-27,2002,R,,CLE,SAC,73,50,0.6915,1.0,1,0.0952,0.3689
2002-06-27,2002,R,,LAS,WAS,73,69,0.7872,1.0,1,0.0453,0.2393
2002-06-27,2002,R,,SEA,ORL,73,71,0.5204,1.0,1,0.23,0.6532
2002-06-28,2002,R,,DET,MIA,74,78,0.4367,0.0,1,0.1907,0.574
2002-06-28,2002,R,,HOU,UTA,73,57,0.6918,1.0,1,0.095,0.3685
2002-06-28,2002,R,,IND,SAC,67,60,0.6427,1.0,1,0.1277,0.4421
2002-06-28,2002,R,,NYL,CLE,58,67,0.678,0.0,0,0.4597,1.1332
2002-06-28,2002,R,,PHX,LAS,72,84,0.3797,0.0,1,0.1441,0.4775
2002-06-28,2002,R,,POR,WAS,72,66,0.4537,1.0,0,0.2984,0.7903
2002-06-29,2002,R,,MIN,ORL,67,59,0.5793,1.0,1,0.177,0.5459
2002-06-30,2002,R,,CLE,UTA,62,79,0.6308,0.0,0,0.3979,0.9963
2002-06-30,2002,R,,DET,SAC,71,60,0.4578,1.0,0,0.294,0.7813
2002-06-30,2002,R,,LAS,HOU,58,60,0.7314,0.0,0,0.5349,1.3145
2002-06-30,2002,R,,MIA,IND,65,59,0.6322,1.0,1,0.1353,0.4586
2002-06-30,2002,R,,NYL,POR,44,54,0.7377,0.0,0,0.5443,1.3384
2002-06-30,2002,R,,WAS,CHA,56,55,0.5479,1.0,1,0.2044,0.6017
2002-07-01,2002,R,,CHA,PHX,90,68,0.6323,1.0,1,0.1352,0.4584
2002-07-01,2002,R,,MIN,DET,85,80,0.7813,1.0,1,0.0478,0.2468
2002-07-02,2002,R,,CLE,POR,64,68,0.716,0.0,0,0.5126,1.2586
2002-07-02,2002,R,,NYL,SEA,74,63,0.6346,1.0,1,0.1335,0.4548
2002-07-03,2002,R,,CHA,POR,73,76,0.7559,0.0,0,0.5714,1.4101
2002-07-03,2002,R,,MIA,PHX,86,61,0.6066,1.0,1,0.1548,0.4999
2002-07-03,2002,R,,MIN,WAS,63,64,0.4873,0.0,1,0.2374,0.668
2002-07-03,2002,R,,ORL,IND,79,71,0.7216,1.0,1,0.0775,0.3263
2002-07-03,2002,R,,UTA,HOU,67,78,0.5233,0.0,0,0.2739,0.7409
2002-07-05,2002,R,,CLE,SEA,65,73,0.7002,0.0,0,0.4903,1.2046
2002-07-05,2002,R,,LAS,SAC,87,65,0.888,1.0,1,0.0125,0.1188
2002-07-05,2002,R,,MIA,CHA,68,72,0.5268,0.0,0,0.2775,0.7482
2002-07-05,2002,R,,UTA,MIN,87,56,0.7342,1.0,1,0.0706,0.3089
2002-07-06,2002,R,,CHA,CLE,78,67,0.7036,1.0,1,0.0879,0.3515
2002-07-06,2002,R,,HOU,DET,61,40,0.8917,1.0,1,0.0117,0.1147
2002-07-06,2002,R,,IND,WAS,50,45,0.4422,1.0,0,0.3111,0.8159
2002-07-06,2002,R,,ORL,PHX,72,70,0.667,1.0,1,0.1109,0.4049
2002-07-07,2002,R,,LAS,UTA,102,75,0.7821,1.0,1,0.0475,0.2458
2002-07-07,2002,R,,MIA,SEA,65,61,0.6229,1.0,1,0.1422,0.4734
2002-07-07,2002,R,,POR,SAC,74,59,0.7361,1.0,1,0.0696,0.3063
2002-07-08,2002,R,,IND,CLE,68,57,0.5583,1.0,1,0.1951,0.5829
2002-07-08,2002,R,,NYL,PHX,77,71,0.7236,1.0,1,0.0764,0.3235
2002-07-08,2002,R,,ORL,WAS,51,63,0.5819,0.0,0,0.3386,0.872
2002-07-08,2002,R,,UTA,DET,94,76,0.841,1.0,1,0.0253,0.1731
2002-07-09,2002,R,,CHA,MIA,55,66,0.7487,0.0,0,0.5605,1.3811
2002-07-09,2002,R,,HOU,SEA,67,59,0.8456,1.0,1,0.0238,0.1677
2002-07-09,2002,R,,WAS,PHX,68,54,0.7447,1.0,1,0.0652,0.2948
2002-07-10,2002,R,,DET,NYL,66,63,0.347,1.0,0,0.4264,1.0583
2002-07-10,2002,R,,IND,UTA,69,82,0.4681,0.0,1,0.2191,0.6312
2002-07-10,2002,R,,MIN,POR,72,75,0.6018,0.0,0,0.3622,0.9208
2002-07-11,2002,R,,PHX,HOU,58,52,0.3259,1.0,0,0.4544,1.1212
2002-07-11,2002,R,,SAC,CLE,71,69,0.5568,1.0,1,0.1964,0.5856
2002-07-11,2002,R,,SEA,LAS,79,60,0.2359,1.0,0,0.5839,1.4445
2002-07-12,2002,R,,DET,MIN,72,69,0.4863,1.0,0,0.2639,0.7209
2002-07-12,2002,R,,IND,MIA,62,68,0.5091,0.0,0,0.2592,0.7116
2002-07-12,2002,R,,ORL,CHA,67,72,0.5698,0.0,0,0.3246,0.8434
2002-07-12,2002,R,,POR,LAS,76,82,0.3819,0.0,1,0.1459,0.4812
2002-07-12,2002,R,,SAC,HOU,60,74,0.3058,0.0,1,0.0935,0.3651
2002-07-12,2002,R,,SEA,CLE,58,62,0.6456,0.0,0,0.4168,1.0373
2002-07-13,2002,R,,CHA,MIN,63,60,0.7794,1.0,1,0.0486,0.2492
2002-07-13,2002,R,,MIA,ORL,70,56,0.6615,1.0,1,0.1146,0.4133
2002-07-13,2002,R,,UTA,PHX,75,66,0.7719,1.0,1,0.052,0.2589
2002-07-13,2002,R,,WAS,NYL,53,67,0.7122,0.0,0,0.5072,1.2454
2002-07-17,2002,R,,CHA,ORL,89,62,0.7356,1.0,1,0.0699,0.307
2002-07-17,2002,R,,IND,LAS,58,73,0.2585,0.0,1,0.0668,0.2991
2002-07-17,2002,R,,MIA,SAC,62,78,0.7431,0.0,0,0.5522,1.359
2002-07-17,2002,R,,MIN,CLE,48,58,0.5162,0.0,0,0.2664,0.726
2002-07-17,2002,R,,POR,PHX,73,61,0.6884,1.0,1,0.0971,0.3734
2002-07-17,2002,R,,UTA,HOU,75,67,0.4943,1.0,0,0.2557,0.7045
2002-07-18,2002,R,,NYL,LAS,72,59,0.4265,1.0,0,0.3289,0.8521
2002-07-18,2002,R,,WAS,DET,63,59,0.8179,1.0,1,0.0331,0.201
2002-07-19,2002,R,,CHA,SAC,70,51,0.7847,1.0,1,0.0463,0.2424
2002-07-19,2002,R,,IND,NYL,62,70,0.4534,0.0,1,0.2055,0.604
2002-07-19,2002,R,,MIN,MIA,58,61,0.4835,0.0,1,0.2338,0.6608
2002-07-19,2002,R,,ORL,UTA,84,73,0.4234,1.0,0,0.3325,0.8595
2002-07-19,2002,R,,POR,HOU,70,60,0.4273,1.0,0,0.328,0.8503
2002-07-19,2002,R,,SEA,PHX,89,48,0.6865,1.0,1,0.0983,0.3762
2002-07-20,2002,R,,CLE,LAS,50,63,0.3692,0.0,1,0.1363,0.4608
2002-07-20,2002,R,,DET,MIA,69,48,0.4113,1.0,0,0.3466,0.8885
2002-07-20,2002,R,,SEA,HOU,54,56,0.4228,0.0,1,0.1788,0.5496
2002-07-20,2002,R,,WAS,UTA,73,83,0.5972,0.0,0,0.3567,0.9094
2002-07-21,2002,R,,PHX,POR,75,87,0.4881,0.0,1,0.2383,0.6697
2002-07-21,2002,R,,SAC,ORL,62,60,0.5523,1.0,1,0.2004,0.5936
2002-07-22,2002,R,,IND,CHA,73,72,0.3715,1.0,0,0.395,0.9902
2002-07-22,2002,R,,LAS,ORL,92,84,0.8697,1.0,1,0.017,0.1396
2002-07-22,2002,R,,NYL,CLE,73,52,0.7411,1.0,1,0.067,0.2996
2002-07-23,2002,R,,DET,UTA,75,86,0.3046,0.0,1,0.0928,0.3633
2002-07-23,2002,R,,HOU,SEA,66,54,0.7963,1.0,1,0.0415,0.2278
2002-07-23,2002,R,,MIA,NYL,54,46,0.5422,1.0,1,0.2096,0.6121
2002-07-24,2002,R,,CLE,CHA,66,73,0.4725,0.0,1,0.2233,0.6397
2002-07-24,2002,R,,LAS,POR,73,69,0.7903,1.0,1,0.044,0.2353
2002-07-24,2002,R,,MIN,UTA,70,62,0.3681,1.0,0,0.3992,0.9993
2002-07-25,2002,R,,CHA,CLE,73,83,0.7682,0.0,0,0.5901,1.4618
2002-07-25,2002,R,,DET,WAS,64,58,0.3388,1.0,0,0.4372,1.0824
2002-07-25,2002,R,,HOU,MIA,69,60,0.7826,1.0,1,0.0473,0.2451
2002-07-25,2002,R,,ORL,SEA,76,79,0.6264,0.0,0,0.3924,0.9846
2002-07-25,2002,R,,SAC,POR,81,80,0.5275,1.0,1,0.2233,0.6396
2002-07-26,2002,R,,IND,MIN,73,63,0.6705,1.0,1,0.1086,0.3997
2002-07-26,2002,R,,UTA,PHX,74,61,0.7877,1.0,1,0.0451,0.2386
2002-07-27,2002,R,,CHA,DET,66,74,0.8262,0.0,0,0.6826,1.7497
2002-07-27,2002,R,,PHX,SAC,64,79,0.548,0.0,0,0.3003,0.794
2002-07-27,2002,R,,POR,MIA,71,61,0.6605,1.0,1,0.1153,0.4147
2002-07-27,2002,R,,WAS,SEA,71,80,0.6564,0.0,0,0.4309,1.0684
2002-07-28,2002,R,,CLE,ORL,70,76,0.6603,0.0,0,0.436,1.0798
2002-07-28,2002,R,,DET,SEA,59,72,0.4643,0.0,1,0.2156,0.6241
2002-07-28,2002,R,,LAS,IND,80,62,0.9048,1.0,1,0.0091,0.1
2002-07-28,2002,R,,NYL,HOU,62,56,0.5492,1.0,1,0.2032,0.5992
2002-07-28,2002,R,,SAC,MIN,66,56,0.6781,1.0,1,0.1036,0.3884
2002-07-29,2002,R,,PHX,MIN,57,45,0.6367,1.0,1,0.132,0.4515
2002-07-30,2002,R,,HOU,POR,89,59,0.7217,1.0,1,0.0774,0.3261
2002-07-30,2002,R,,LAS,MIA,73,82,0.8419,0.0,0,0.7089,1.8448
2002-07-30,2002,R,,SAC,IND,74,65,0.6793,1.0,1,0.1029,0.3867
2002-07-30,2002,R,,WAS,ORL,55,70,0.6804,0.0,0,0.4629,1.1406
2002-07-31,2002,R,,PHX,IND,56,58,0.6194,0.0,0,0.3837,0.966
2002-07-31,2002,R,,SEA,MIN,75,63,0.7997,1.0,1,0.0401,0.2235
2002-07-31,2002,R,,UTA,MIA,81,76,0.7679,1.0,1,0.0539,0.2641
2002-08-01,2002,R,,DET,CLE,66,68,0.4985,0.0,1,0.2485,0.6902
2002-08-01,2002,R,,LAS,SEA,76,81,0.817,0.0,0,0.6675,1.6983
2002-08-01,2002,R,,ORL,CHA,65,63,0.497,1.0,0,0.253,0.6992
2002-08-01,2002,R,,SAC,UTA,80,71,0.4703,1.0,0,0.2806,0.7543
2002-08-02,2002,R,,MIN,PHX,75,51,0.5974,1.0,1,0.1621,0.5152
2002-08-02,2002,R,,NYL,MIA,66,54,0.748,1.0,1,0.0635,0.2904
2002-08-02,2002,R,,WAS,POR,65,67,0.5479,0.0,0,0.3002,0.7939
2002-08-03,2002,R,,CLE,DET,57,68,0.7458,0.0,0,0.5563,1.3697
2002-08-03,2002,R,,HOU,ORL,69,62,0.8205,1.0,1,0.0322,0.1979
2002-08-03,2002,R,,IND,CHA,69,48,0.4914,1.0,0,0.2587,0.7105
2002-08-03,2002,R,,SAC,LAS,71,81,0.3736,0.0,1,0.1396,0.4678
2002-08-04,2002,R,,CHA,NYL,58,71,0.5017,0.0,0,0.2517,0.6966
2002-08-04,2002,R,,DET,PHX,91,75,0.6292,1.0,1,0.1375,0.4633
2002-08-04,2002,R,,LAS,UTA,90,86,0.6952,1.0,1,0.0929,0.3636
2002-08-04,2002,R,,MIA,WAS,55,50,0.6588,1.0,1,0.1164,0.4173
2002-08-04,2002,R,,MIN,SEA,73,60,0.3821,1.0,0,0.3818,0.9622
2002-08-04,2002,R,,ORL,POR,63,61,0.542,1.0,1,0.2097,0.6124
2002-08-06,2002,R,,DET,CHA,65,76,0.4918,0.0,1,0.2419,0.6769
2002-08-06,2002,R,,HOU,CLE,67,54,0.8339,1.0,1,0.0276,0.1816
2002-08-06,2002,R,,NYL,MIN,49,52,0.8263,0.0,0,0.6829,1.7507
2002-08-06,2002,R,,POR,UTA,69,82,0.5395,0.0,0,0.291,0.7754
2002-08-06,2002,R,,SAC,PHX,73,70,0.7873,1.0,1,0.0453,0.2392
2002-08-06,2002,R,,WAS,IND,55,64,0.6054,0.0,0,0.3665,0.9298
2002-08-07,2002,R,,IND,ORL,70,63,0.521,1.0,1,0.2294,0.652
2002-08-07,2002,R,,PHX,CLE,59,57,0.4827,1.0,0,0.2676,0.7284
2002-08-08,2002,R,,LAS,HOU,64,67,0.6977,0.0,0,0.4868,1.1963
2002-08-08,2002,R,,NYL,WAS,54,65,0.7895,0.0,0,0.6233,1.5583
2002-08-08,2002,R,,ORL,SAC,72,82,0.5988,0.0,0,0.3586,0.9134
2002-08-09,2002,R,,DET,IND,55,54,0.5234,1.0,1,0.2271,0.6473
2002-08-09,2002,R,,MIA,CLE,65,59,0.7336,1.0,1,0.071,0.3098
2002-08-09,2002,R,,MIN,CHA,62,68,0.495,0.0,1,0.245,0.6831
2002-08-09,2002,R,,SEA,POR,83,74,0.6831,1.0,1,0.1004,0.3811
2002-08-09,2002,R,,UTA,LAS,77,85,0.5626,0.0,0,0.3165,0.8268
2002-08-09,2002,R,,WAS,NYL,66,74,0.4752,0.0,1,0.2258,0.6447
2002-08-10,2002,R,,HOU,SAC,59,61,0.8054,0.0,0,0.6486,1.6366
2002-08-11,2002,R,,CLE,WAS,54,60,0.6013,0.0,0,0.3616,0.9196
2002-08-11,2002,R,,IND,MIA,77,63,0.5675,1.0,1,0.187,0.5665
2002-08-11,2002,R,,MIN,LAS,58,69,0.2531,0.0,1,0.0641,0.2918
2002-08-11,2002,R,,NYL,CHA,58,71,0.6815,0.0,0,0.4644,1.144
2002-08-11,2002,R,,ORL,DET,71,58,0.7275,1.0,1,0.0743,0.3181
2002-08-11,2002,R,,POR,PHX,70,73,0.7462,0.0,0,0.5568,1.371
2002-08-11,2002,R,,SEA,UTA,74,57,0.5487,1.0,1,0.2037,0.6002
2002-08-12,2002,R,,UTA,SAC,81,79,0.6592,1.0,1,0.1161,0.4167
2002-08-13,2002,R,,CHA,WAS,67,57,0.7253,1.0,1,0.0755,0.3212
2002-08-13,2002,R,,CLE,IND,56,60,0.5267,0.0,0,0.2774,0.7481
2002-08-13,2002,R,,HOU,MIN,63,51,0.8819,1.0,1,0.014,0.1257
2002-08-13,2002,R,,MIA,DET,61,56,0.7414,1.0,1,0.0668,0.2992
2002-08-13,2002,R,,ORL,NYL,70,63,0.5214,1.0,1,0.2291,0.6513
2002-08-13,2002,R,,PHX,LAS,56,63,0.2089,0.0,1,0.0436,0.2344
2002-08-13,2002,R,,SAC,SEA,59,51,0.5463,1.0,1,0.2058,0.6046
2002-08-15,2002,P,1.0,SEA,LAS,61,78,0.3946,0.0,1,0.1557,0.5018
2002-08-15,2002,P,1.0,WAS,CHA,74,62,0.4769,1.0,0,0.2737,0.7405
2002-08-16,2002,P,1.0,IND,NYL,73,55,0.5592,1.0,1,0.1943,0.5812
2002-08-16,2002,P,1.0,UTA,HOU,66,59,0.5203,1.0,1,0.2301,0.6533
2002-08-17,2002,P,1.0,CHA,WAS,59,62,0.703,0.0,0,0.4942,1.214
2002-08-17,2002,P,1.0,LAS,SEA,69,59,0.8267,1.0,1,0.03,0.1903
2002-08-18,2002,P,1.0,HOU,UTA,83,77,0.6961,1.0,1,0.0924,0.3623
2002-08-18,2002,P,1.0,NYL,IND,84,65,0.627,1.0,1,0.1391,0.4667
2002-08-20,2002,P,1.0,HOU,UTA,72,75,0.7132,0.0,0,0.5086,1.2489
2002-08-20,2002,P,1.0,NYL,IND,75,60,0.6696,1.0,1,0.1092,0.401
2002-08-22,2002,P,2.0,UTA,LAS,67,75,0.4016,0.0,1,0.1613,0.5135
2002-08-22,2002,P,2.0,WAS,NYL,79,74,0.5761,1.0,1,0.1797,0.5514
2002-08-24,2002,P,2.0,LAS,UTA,103,77,0.7892,1.0,1,0.0444,0.2368
2002-08-24,2002,P,2.0,NYL,WAS,96,79,0.6713,1.0,1,0.1081,0.3986
2002-08-25,2002,P,2.0,NYL,WAS,64,57,0.7066,1.0,1,0.0861,0.3473
2002-08-29,2002,P,3.0,NYL,LAS,63,71,0.3472,0.0,1,0.1205,0.4265
2002-08-31,2002,P,3.0,LAS,NYL,69,66,0.8368,1.0,1,0.0266,0.1782
2003-05-22,2003,R,,HOU,SEA,75,64,0.6961,1.0,1,0.0924,0.3623
2003-05-22,2003,R,,PHX,SAC,56,65,0.5099,0.0,0,0.26,0.7131
2003-05-23,2003,R,,CHA,WAS,70,74,0.6501,0.0,0,0.4226,1.05
2003-05-24,2003,R,,ORL,LAS,73,82,0.434,0.0,1,0.1884,0.5692
2003-05-24,2003,R,,MIN,SAC,72,71,0.5343,1.0,1,0.2169,0.6267
2003-05-24,2003,R,,PHX,HOU,62,69,0.3958,0.0,1,0.1567,0.5039
2003-05-24,2003,R,,UTA,SEA,65,56,0.6869,1.0,1,0.098,0.3756
2003-05-27,2003,R,,CLE,LAS,71,79,0.4025,0.0,1,0.162,0.515
2003-05-28,2003,R,,MIN,LAS,80,83,0.3966,0.0,1,0.1573,0.5052
2003-05-28,2003,R,,PHX,UTA,51,50,0.4288,1.0,0,0.3263,0.8468
2003-05-29,2003,R,,CHA,IND,66,57,0.5788,1.0,1,0.1774,0.5468
2003-05-30,2003,R,,HOU,ORL,83,91,0.7471,0.0,0,0.5582,1.3749
2003-05-30,2003,R,,SAC,PHX,69,49,0.775,1.0,1,0.0506,0.2549
2003-05-30,2003,R,,UTA,MIN,65,75,0.7239,0.0,0,0.524,1.2868
2003-05-30,2003,R,,SEA,LAS,74,77,0.4283,0.0,1,0.1834,0.5591
2003-05-31,2003,R,,CLE,NYL,74,50,0.4612,1.0,0,0.2903,0.7739
2003-05-31,2003,R,,DET,CHA,67,70,0.573,0.0,0,0.3283,0.8509
2003-05-31,2003,R,,IND,WAS,71,60,0.5421,1.0,1,0.2097,0.6123
2003-06-01,2003,R,,MIN,HOU,68,64,0.4851,1.0,0,0.2651,0.7234
2003-06-01,2003,R,,NYL,WAS,70,57,0.6339,1.0,1,0.134,0.4559
2003-06-01,2003,R,,UTA,ORL,64,83,0.6315,0.0,0,0.3989,0.9984
2003-06-03,2003,R,,HOU,PHX,66,51,0.758,1.0,1,0.0586,0.2771
2003-06-03,2003,R,,SEA,SAC,70,56,0.5543,1.0,1,0.1987,0.5901
2003-06-04,2003,R,,CHA,UTA,67,52,0.6824,1.0,1,0.1009,0.3822
2003-06-05,2003,R,,DET,ORL,103,89,0.5008,1.0,1,0.2492,0.6915
2003-06-05,2003,R,,LAS,SAC,63,61,0.8227,1.0,1,0.0314,0.1951
2003-06-05,2003,R,,UTA,PHX,70,55,0.6914,1.0,1,0.0952,0.369
2003-06-06,2003,R,,CHA,HOU,69,58,0.5484,1.0,1,0.2039,0.6007
2003-06-06,2003,R,,MIN,NYL,60,70,0.5807,0.0,0,0.3372,0.8692
2003-06-06,2003,R,,WAS,CLE,53,63,0.6057,0.0,0,0.3669,0.9307
2003-06-07,2003,R,,CLE,CHA,67,57,0.5348,1.0,1,0.2164,0.6259
2003-06-07,2003,R,,ORL,HOU,65,58,0.5886,1.0,1,0.1693,0.5301
2003-06-07,2003,R,,IND,NYL,86,66,0.6142,1.0,1,0.1488,0.4874
2003-06-07,2003,R,,SAC,LAS,61,79,0.3964,0.0,1,0.1572,0.5049
2003-06-07,2003,R,,UTA,DET,55,74,0.669,0.0,0,0.4476,1.1057
2003-06-07,2003,R,,SEA,PHX,66,57,0.7818,1.0,1,0.0476,0.2462
2003-06-10,2003,R,,HOU,SAC,71,66,0.678,1.0,1,0.1037,0.3885
2003-06-10,2003,R,,LAS,MIN,76,75,0.8363,1.0,1,0.0268,0.1788
2003-06-10,2003,R,,NYL,CLE,73,65,0.6352,1.0,1,0.1331,0.4538
2003-06-10,2003,R,,SEA,IND,78,51,0.6102,1.0,1,0.1519,0.4939
2003-06-10,2003,R,,WAS,UTA,79,72,0.6339,1.0,1,0.134,0.4558
2003-06-12,2003,R,,LAS,IND,74,66,0.8309,1.0,1,0.0286,0.1852
2003-06-12,2003,R,,PHX,CHA,50,58,0.4118,0.0,1,0.1695,0.5306
2003-06-12,2003,R,,SAC,MIN,68,55,0.651,1.0,1,0.1218,0.4293
2003-06-13,2003,R,,ORL,WAS,84,70,0.7337,1.0,1,0.0709,0.3097
2003-06-14,2003,R,,CLE,ORL,84,56,0.6022,1.0,1,0.1583,0.5072
2003-06-14,2003,R,,NYL,LAS,60,67,0.4312,0.0,1,0.186,0.5643
2003-06-14,2003,R,,PHX,HOU,76,61,0.3332,1.0,0,0.4447,1.0992
2003-06-14,2003,R,,SAC,IND,67,79,0.6359,0.0,0,0.4044,1.0103
2003-06-14,2003,R,,UTA,CHA,62,52,0.532,1.0,1,0.2191,0.6312
2003-06-14,2003,R,,SEA,MIN,72,77,0.7476,0.0,0,0.5589,1.3768
2003-06-14,2003,R,,WAS,DET,56,93,0.5456,0.0,0,0.2977,0.7887
2003-06-17,2003,R,,DET,LAS,87,78,0.3512,1.0,0,0.421,1.0464
2003-06-17,2003,R,,IND,CHA,71,60,0.5896,1.0,1,0.1684,0.5283
2003-06-17,2003,R,,MIN,HOU,68,77,0.5376,0.0,0,0.289,0.7713
2003-06-17,2003,R,,NYL,SAC,70,61,0.6649,1.0,1,0.1123,0.4082
2003-06-17,2003,R,,PHX,SEA,60,61,0.4647,0.0,1,0.2159,0.6249
2003-06-18,2003,R,,ORL,CLE,70,57,0.6252,1.0,1,0.1405,0.4697
2003-06-18,2003,R,,WAS,SAC,61,69,0.6019,0.0,0,0.3622,0.921
2003-06-19,2003,R,,LAS,SEA,67,69,0.811,0.0,0,0.6577,1.6661
2003-06-20,2003,R,,CHA,MIN,76,72,0.6998,1.0,1,0.0901,0.357
2003-06-20,2003,R,,CLE,WAS,79,74,0.7307,1.0,1,0.0725,0.3138
2003-06-20,2003,R,,DET,NYL,88,83,0.6185,1.0,1,0.1455,0.4804
2003-06-20,2003,R,,IND,ORL,84,74,0.6316,1.0,1,0.1357,0.4595
2003-06-20,2003,R,,UTA,HOU,76,69,0.5532,1.0,1,0.1996,0.5921
2003-06-21,2003,R,,HOU,CLE,63,62,0.6552,1.0,1,0.1189,0.4228
2003-06-21,2003,R,,MIN,IND,66,58,0.4961,1.0,0,0.2539,0.701
2003-06-21,2003,R,,PHX,LAS,48,54,0.2812,0.0,1,0.0791,0.3302
2003-06-21,2003,R,,SAC,SEA,69,64,0.5811,1.0,1,0.1755,0.5428
2003-06-22,2003,R,,ORL,DET,73,82,0.5963,0.0,0,0.3556,0.9072
2003-06-22,2003,R,,NYL,CHA,69,57,0.6062,1.0,1,0.1551,0.5006
2003-06-22,2003,R,,SEA,UTA,93,53,0.6554,1.0,1,0.1188,0.4226
2003-06-24,2003,R,,DET,IND,68,60,0.6362,1.0,1,0.1323,0.4522
2003-06-24,2003,R,,HOU,LAS,62,71,0.4224,0.0,1,0.1785,0.549
2003-06-24,2003,R,,SAC,UTA,57,60,0.6921,0.0,0,0.4789,1.1778
2003-06-24,2003,R,,WAS,ORL,63,65,0.524,0.0,0,0.2746,0.7424
2003-06-25,2003,R,,CHA,CLE,61,50,0.6141,1.0,1,0.1489,0.4875
2003-06-25,2003,R,,NYL,PHX,70,64,0.7711,1.0,1,0.0524,0.2599
2003-06-26,2003,R,,ORL,IND,90,94,0.6195,0.0,0,0.3838,0.9664
2003-06-26,2003,R,,UTA,LAS,58,67,0.3169,0.0,1,0.1004,0.3811
2003-06-27,2003,R,,CLE,SEA,59,71,0.4968,0.0,1,0.2468,0.6867
2003-06-27,2003,R,,MIN,PHX,67,59,0.757,1.0,1,0.059,0.2784
2003-06-27,2003,R,,NYL,DET,69,75,0.5592,0.0,0,0.3127,0.8191
2003-06-28,2003,R,,CHA,ORL,69,55,0.6723,1.0,1,0.1074,0.3971
2003-06-28,2003,R,,DET,PHX,65,68,0.8378,0.0,0,0.7019,1.8191
2003-06-28,2003,R,,HOU,UTA,64,49,0.7386,1.0,1,0.0683,0.3031
2003-06-28,2003,R,,IND,SEA,79,70,0.5961,1.0,1,0.1631,0.5173
2003-06-28,2003,R,,LAS,SAC,60,69,0.8219,0.0,0,0.6755,1.7252
2003-06-29,2003,R,,CLE,IND,66,53,0.5489,1.0,1,0.2035,0.5999
2003-06-29,2003,R,,WAS,MIN,50,59,0.5585,0.0,0,0.3119,0.8175
2003-06-30,2003,R,,CHA,SEA,71,83,0.606,0.0,0,0.3672,0.9314
2003-07-01,2003,R,,DET,UTA,99,88,0.7494,1.0,1,0.0628,0.2884
2003-07-01,2003,R,,HOU,MIN,71,69,0.7057,1.0,1,0.0866,0.3485
2003-07-01,2003,R,,NYL,ORL,90,64,0.6819,1.0,1,0.1012,0.3828
2003-07-02,2003,R,,ORL,CLE,64,57,0.5565,1.0,1,0.1967,0.586
2003-07-02,2003,R,,IND,PHX,79,68,0.7594,1.0,1,0.0579,0.2753
2003-07-02,2003,R,,SAC,WAS,83,62,0.7861,1.0,1,0.0458,0.2407
2003-07-03,2003,R,,DET,CHA,79,92,0.6663,0.0,0,0.4439,1.0974
2003-07-03,2003,R,,SEA,WAS,76,72,0.8576,1.0,1,0.0203,0.1536
2003-07-04,2003,R,,ORL,SAC,69,67,0.5806,1.0,1,0.1759,0.5436
2003-07-05,2003,R,,CHA,SAC,67,65,0.6833,1.0,1,0.1003,0.3809
2003-07-05,2003,R,,HOU,WAS,76,54,0.8428,1.0,1,0.0247,0.1711
2003-07-05,2003,R,,LAS,SEA,84,75,0.7836,1.0,1,0.0468,0.2438
2003-07-05,2003,R,,MIN,CLE,71,79,0.6477,0.0,0,0.4195,1.0431
2003-07-05,2003,R,,UTA,PHX,81,70,0.7195,1.0,1,0.0787,0.3292
2003-07-06,2003,R,,ORL,NYL,62,58,0.5138,1.0,1,0.2364,0.666
2003-07-06,2003,R,,IND,DET,85,54,0.6174,1.0,1,0.1464,0.4822
2003-07-07,2003,R,,LAS,CLE,81,75,0.8286,1.0,1,0.0294,0.188
2003-07-07,2003,R,,WAS,CHA,56,62,0.3607,0.0,1,0.1301,0.4474
2003-07-08,2003,R,,DET,ORL,66,50,0.6475,1.0,1,0.1242,0.4346
2003-07-08,2003,R,,HOU,IND,60,56,0.64,1.0,1,0.1296,0.4463
2003-07-08,2003,R,,MIN,SAC,77,59,0.5665,1.0,1,0.1879,0.5683
2003-07-09,2003,R,,WAS,LAS,91,97,0.1925,0.0,1,0.0371,0.2138
2003-07-10,2003,R,,CHA,DET,65,58,0.6576,1.0,1,0.1172,0.4191
2003-07-10,2003,R,,IND,NYL,76,69,0.5961,1.0,1,0.1632,0.5174
2003-07-10,2003,R,,MIN,ORL,83,75,0.6009,1.0,1,0.1593,0.5094
2003-07-10,2003,R,,PHX,CLE,67,68,0.503,0.0,0,0.253,0.6992
2003-07-10,2003,R,,SAC,UTA,89,76,0.6109,1.0,1,0.1514,0.4929
2003-07-15,2003,R,,CLE,SAC,57,66,0.6211,0.0,0,0.3857,0.9704
2003-07-15,2003,R,,LAS,PHX,80,77,0.9197,1.0,1,0.0065,0.0838
2003-07-15,2003,R,,NYL,WAS,64,77,0.7928,0.0,0,0.6286,1.5742
2003-07-15,2003,R,,SEA,HOU,69,55,0.6682,1.0,1,0.1101,0.4031
2003-07-16,2003,R,,IND,DET,68,70,0.6475,0.0,0,0.4192,1.0427
2003-07-16,2003,R,,MIN,UTA,85,78,0.6801,1.0,1,0.1023,0.3854
2003-07-17,2003,R,,CLE,MIN,70,61,0.614,1.0,1,0.149,0.4878
2003-07-17,2003,R,,ORL,SEA,65,67,0.5306,0.0,0,0.2815,0.7563
2003-07-17,2003,R,,UTA,SAC,60,62,0.4836,0.0,1,0.2338,0.6608
2003-07-17,2003,R,,WAS,CHA,68,60,0.3131,1.0,0,0.4719,1.1613
2003-07-18,2003,R,,DET,SEA,74,61,0.583,1.0,1,0.1739,0.5396
2003-07-18,2003,R,,LAS,HOU,74,79,0.7897,0.0,0,0.6236,1.559
2003-07-18,2003,R,,NYL,CHA,56,48,0.587,1.0,1,0.1706,0.5327
2003-07-19,2003,R,,CLE,DET,57,58,0.5477,0.0,0,0.3,0.7935
2003-07-19,2003,R,,PHX,ORL,67,75,0.5158,0.0,0,0.266,0.7252
2003-07-19,2003,R,,SAC,HOU,71,74,0.5853,0.0,0,0.3426,0.8802
2003-07-19,2003,R,,UTA,WAS,77,85,0.6649,0.0,0,0.4421,1.0933
2003-07-20,2003,R,,CHA,CLE,57,59,0.7073,0.0,0,0.5002,1.2285
2003-07-20,2003,R,,LAS,ORL,73,76,0.8418,0.0,0,0.7086,1.8439
2003-07-20,2003,R,,MIN,SEA,69,58,0.5232,1.0,1,0.2273,0.6478
2003-07-20,2003,R,,NYL,IND,73,65,0.5204,1.0,1,0.23,0.6532
2003-07-22,2003,R,,DET,CLE,74,71,0.7307,1.0,1,0.0725,0.3138
2003-07-22,2003,R,,LAS,WAS,77,73,0.862,1.0,1,0.019,0.1485
2003-07-23,2003,R,,ORL,MIN,84,70,0.6162,1.0,1,0.1473,0.4842
2003-07-23,2003,R,,IND,UTA,81,47,0.7458,1.0,1,0.0646,0.2932
2003-07-23,2003,R,,SEA,NYL,75,65,0.6732,1.0,1,0.1068,0.3957
2003-07-24,2003,R,,CHA,DET,67,61,0.5948,1.0,1,0.1642,0.5196
2003-07-24,2003,R,,LAS,PHX,82,65,0.8891,1.0,1,0.0123,0.1176
2003-07-24,2003,R,,SAC,NYL,67,53,0.6682,1.0,1,0.1101,0.4031
2003-07-24,2003,R,,WAS,IND,75,80,0.4532,0.0,1,0.2054,0.6036
2003-07-25,2003,R,,MIN,UTA,81,54,0.7348,1.0,1,0.0703,0.3082
2003-07-25,2003,R,,SEA,PHX,82,53,0.8614,1.0,1,0.0192,0.1492
2003-07-26,2003,R,,CLE,WAS,89,78,0.767,1.0,1,0.0543,0.2653
2003-07-26,2003,R,,ORL,CHA,74,70,0.6143,1.0,1,0.1487,0.4872
2003-07-26,2003,R,,HOU,NYL,61,53,0.7571,1.0,1,0.059,0.2782
2003-07-26,2003,R,,IND,MIN,65,70,0.7025,0.0,0,0.4935,1.2123
2003-07-26,2003,R,,SAC,SEA,76,63,0.5719,1.0,1,0.1832,0.5587
2003-07-27,2003,R,,DET,WAS,81,71,0.84,1.0,1,0.0256,0.1744
2003-07-27,2003,R,,UTA,CLE,64,55,0.4832,1.0,0,0.2671,0.7273
2003-07-29,2003,R,,CLE,DET,65,77,0.4979,0.0,1,0.2479,0.689
2003-07-29,2003,R,,HOU,MIN,73,58,0.7028,1.0,1,0.0883,0.3527
2003-07-29,2003,R,,PHX,NYL,66,59,0.437,1.0,0,0.317,0.8279
2003-07-29,2003,R,,WAS,IND,91,92,0.3878,0.0,1,0.1504,0.4907
2003-07-30,2003,R,,LAS,UTA,62,70,0.9015,0.0,0,0.8126,2.3174
2003-07-31,2003,R,,SAC,LAS,83,75,0.5116,1.0,1,0.2385,0.6702
2003-07-31,2003,R,,SEA,CHA,69,54,0.6642,1.0,1,0.1128,0.4092
2003-08-01,2003,R,,CLE,PHX,73,56,0.7519,1.0,1,0.0615,0.2851
2003-08-01,2003,R,,ORL,WAS,45,48,0.8152,0.0,0,0.6646,1.6886
2003-08-01,2003,R,,NYL,DET,60,62,0.4656,0.0,1,0.2168,0.6266
2003-08-01,2003,R,,UTA,HOU,63,53,0.3516,1.0,0,0.4204,1.0451
2003-08-02,2003,R,,DET,IND,72,58,0.6447,1.0,1,0.1262,0.4389
2003-08-02,2003,R,,HOU,UTA,64,55,0.7837,1.0,1,0.0468,0.2438
2003-08-02,2003,R,,LAS,CHA,73,84,0.7641,0.0,0,0.5839,1.4445
2003-08-02,2003,R,,MIN,SEA,73,71,0.5737,1.0,1,0.1817,0.5556
2003-08-03,2003,R,,ORL,IND,66,55,0.6135,1.0,1,0.1494,0.4886
2003-08-03,2003,R,,NYL,CLE,60,48,0.6066,1.0,1,0.1548,0.4999
2003-08-03,2003,R,,SAC,CHA,76,60,0.6805,1.0,1,0.1021,0.385
2003-08-03,2003,R,,WAS,PHX,69,70,0.6806,0.0,0,0.4632,1.1412
2003-08-04,2003,R,,MIN,PHX,61,56,0.813,1.0,1,0.035,0.207
2003-08-05,2003,R,,ORL,DET,61,78,0.4781,0.0,1,0.2285,0.6502
2003-08-05,2003,R,,HOU,SAC,74,47,0.6649,1.0,1,0.1123,0.4081
2003-08-05,2003,R,,NYL,UTA,69,60,0.6623,1.0,1,0.114,0.412
2003-08-06,2003,R,,PHX,MIN,56,49,0.3879,1.0,0,0.3747,0.9471
2003-08-06,2003,R,,SEA,LAS,92,56,0.552,1.0,1,0.2007,0.5943
2003-08-06,2003,R,,WAS,DET,92,81,0.3362,1.0,0,0.4406,1.09
2003-08-07,2003,R,,CHA,NYL,65,54,0.704,1.0,1,0.0876,0.351
2003-08-07,2003,R,,IND,HOU,55,68,0.549,0.0,0,0.3014,0.7962
2003-08-07,2003,R,,UTA,SAC,61,86,0.4405,0.0,1,0.194,0.5807
2003-08-08,2003,R,,DET,HOU,56,66,0.6239,0.0,0,0.3892,0.9778
2003-08-08,2003,R,,PHX,LAS,64,67,0.3169,0.0,1,0.1004,0.3811
2003-08-08,2003,R,,SEA,MIN,68,65,0.7236,1.0,1,0.0764,0.3236
2003-08-09,2003,R,,CHA,ORL,69,68,0.6157,1.0,1,0.1477,0.485
2003-08-09,2003,R,,IND,CLE,62,66,0.6233,0.0,0,0.3885,0.9763
2003-08-09,2003,R,,SAC,MIN,73,77,0.722,0.0,0,0.5213,1.2802
2003-08-09,2003,R,,UTA,LAS,69,52,0.3728,1.0,0,0.3933,0.9866
2003-08-09,2003,R,,WAS,NYL,56,65,0.5343,0.0,0,0.2855,0.7642
2003-08-10,2003,R,,CLE,IND,71,67,0.6072,1.0,1,0.1543,0.4989
2003-08-10,2003,R,,DET,NYL,90,87,0.7484,1.0,1,0.0633,0.2899
2003-08-10,2003,R,,HOU,PHX,69,46,0.8843,1.0,1,0.0134,0.123
2003-08-12,2003,R,,ORL,NYL,73,74,0.648,0.0,0,0.4199,1.0441
2003-08-12,2003,R,,IND,WAS,80,84,0.7089,0.0,0,0.5025,1.234
2003-08-12,2003,R,,SEA,UTA,77,87,0.8253,0.0,0,0.6812,1.7448
2003-08-13,2003,R,,PHX,DET,76,78,0.3037,0.0,1,0.0923,0.362
2003-08-14,2003,R,,CHA,WAS,69,76,0.8095,0.0,0,0.6553,1.6581
2003-08-14,2003,R,,MIN,LAS,83,87,0.5374,0.0,0,0.2888,0.7709
2003-08-15,2003,R,,PHX,SEA,64,50,0.2993,1.0,0,0.491,1.2064
2003-08-15,2003,R,,SAC,DET,75,63,0.6028,1.0,1,0.1578,0.5062
2003-08-16,2003,R,,HOU,LAS,63,64,0.7269,0.0,0,0.5284,1.2979
2003-08-16,2003,R,,IND,CHA,69,63,0.5814,1.0,1,0.1753,0.5424
2003-08-16,2003,R,,NYL,ORL,71,84,0.6408,0.0,0,0.4107,1.024
2003-08-16,2003,R,,PHX,SAC,61,65,0.3571,0.0,1,0.1275,0.4418
2003-08-16,2003,R,,UTA,MIN,64,73,0.583,0.0,0,0.3398,0.8746
2003-08-16,2003,R,,WAS,CLE,68,72,0.4861,0.0,1,0.2363,0.6657
2003-08-17,2003,R,,CLE,NYL,54,71,0.6387,0.0,0,0.408,1.0181
2003-08-17,2003,R,,SEA,DET,86,95,0.5766,0.0,0,0.3324,0.8594
2003-08-18,2003,R,,NYL,HOU,67,64,0.4236,1.0,0,0.3322,0.859
2003-08-19,2003,R,,CLE,ORL,69,52,0.5471,1.0,1,0.2051,0.6031
2003-08-19,2003,R,,HOU,SEA,52,47,0.7019,1.0,1,0.0889,0.354
2003-08-20,2003,R,,CHA,IND,80,50,0.6699,1.0,1,0.109,0.4007
2003-08-20,2003,R,,PHX,MIN,66,69,0.4072,0.0,1,0.1658,0.5228
2003-08-20,2003,R,,UTA,SEA,78,70,0.5254,1.0,1,0.2253,0.6436
2003-08-21,2003,R,,DET,CLE,71,56,0.7852,1.0,1,0.0461,0.2418
2003-08-21,2003,R,,LAS,MIN,88,65,0.744,1.0,1,0.0656,0.2958
2003-08-21,2003,R,,SAC,HOU,62,54,0.5896,1.0,1,0.1684,0.5283
2003-08-21,2003,R,,WAS,NYL,60,65,0.52,0.0,0,0.2703,0.7339
2003-08-22,2003,R,,ORL,CHA,63,55,0.5905,1.0,1,0.1677,0.5268
2003-08-22,2003,R,,NYL,IND,51,64,0.6905,0.0,0,0.4767,1.1727
2003-08-22,2003,R,,PHX,UTA,89,62,0.5092,1.0,1,0.2409,0.675
2003-08-23,2003,R,,IND,CLE,59,46,0.5912,1.0,1,0.1672,0.5257
2003-08-23,2003,R,,LAS,UTA,83,70,0.8402,1.0,1,0.0255,0.1741
2003-08-23,2003,R,,MIN,DET,77,86,0.4942,0.0,1,0.2442,0.6815
2003-08-23,2003,R,,SAC,PHX,61,54,0.8453,1.0,1,0.0239,0.1681
2003-08-23,2003,R,,SEA,HOU,71,64,0.5086,1.0,1,0.2415,0.6761
2003-08-23,2003,R,,WAS,ORL,67,74,0.5014,0.0,0,0.2515,0.696
2003-08-24,2003,R,,CHA,NYL,61,59,0.6328,1.0,1,0.1349,0.4577
2003-08-25,2003,R,,CLE,CHA,75,66,0.5657,1.0,1,0.1886,0.5697
2003-08-25,2003,R,,DET,WAS,68,60,0.8567,1.0,1,0.0205,0.1546
2003-08-25,2003,R,,IND,ORL,62,72,0.588,0.0,0,0.3457,0.8867
2003-08-25,2003,R,,LAS,HOU,67,64,0.6355,1.0,1,0.1329,0.4533
2003-08-25,2003,R,,SEA,SAC,70,57,0.5427,1.0,1,0.2091,0.6111
2003-08-28,2003,P,1.0,ORL,CHA,68,66,0.6464,1.0,1,0.125,0.4363
2003-08-28,2003,P,1.0,MIN,LAS,74,72,0.5022,1.0,1,0.2478,0.6888
2003-08-29,2003,P,1.0,CLE,DET,74,76,0.4197,0.0,1,0.1762,0.5443
2003-08-29,2003,P,1.0,SAC,HOU,65,59,0.5868,1.0,1,0.1707,0.533
2003-08-30,2003,P,1.0,CHA,ORL,62,68,0.5696,0.0,0,0.3245,0.8431
2003-08-30,2003,P,1.0,LAS,MIN,80,69,0.7376,1.0,1,0.0689,0.3044
2003-08-31,2003,P,1.0,DET,CLE,59,66,0.7992,0.0,0,0.6387,1.6053
2003-08-31,2003,P,1.0,HOU,SAC,69,48,0.6198,1.0,1,0.1446,0.4784
2003-09-01,2003,P,1.0,LAS,MIN,74,64,0.7557,1.0,1,0.0597,0.2802
2003-09-02,2003,P,1.0,DET,CLE,77,63,0.759,1.0,1,0.0581,0.2758
2003-09-02,2003,P,1.0,HOU,SAC,68,70,0.6657,0.0,0,0.4431,1.0956
2003-09-05,2003,P,2.0,ORL,DET,63,73,0.576,0.0,0,0.3318,0.858
2003-09-05,2003,P,2.0,SAC,LAS,77,69,0.5266,1.0,1,0.2241,0.6413
2003-09-07,2003,P,2.0,DET,ORL,79,73,0.7446,1.0,1,0.0652,0.2949
2003-09-07,2003,P,2.0,LAS,SAC,79,54,0.645,1.0,1,0.126,0.4386
2003-09-08,2003,P,2.0,LAS,SAC,66,63,0.693,1.0,1,0.0943,0.3667
2003-09-12,2003,P,3.0,LAS,DET,75,63,0.5885,1.0,1,0.1693,0.5301
2003-09-14,2003,P,3.0,DET,LAS,62,61,0.5779,1.0,1,0.1782,0.5484
2003-09-16,2003,P,3.0,DET,LAS,83,78,0.6043,1.0,1,0.1566,0.5038
2004-05-20,2004,R,,HOU,UTA,55,64,0.726,0.0,0,0.527,1.2945
2004-05-20,2004,R,,PHX,SAC,66,72,0.4889,0.0,1,0.239,0.6712
2004-05-20,2004,R,,SEA,MIN,88,85,0.6488,1.0,1,0.1234,0.4327
2004-05-21,2004,R,,CHA,HOU,53,60,0.6026,0.0,0,0.3631,0.9228
2004-05-21,2004,R,,IND,NYL,69,67,0.6014,1.0,1,0.1589,0.5084
2004-05-22,2004,R,,ORL,PHX,58,65,0.7433,0.0,0,0.5524,1.3597
2004-05-22,2004,R,,SAC,MIN,61,69,0.6873,0.0,0,0.4723,1.1624
2004-05-22,2004,R,,UTA,DET,60,73,0.4609,0.0,1,0.2124,0.6179
2004-05-22,2004,R,,SEA,LAS,93,67,0.5449,1.0,1,0.2071,0.6072
2004-05-22,2004,R,,WAS,CHA,68,71,0.616,0.0,0,0.3795,0.9571
2004-05-23,2004,R,,IND,WAS,67,68,0.7208,0.0,0,0.5196,1.2759
2004-05-23,2004,R,,NYL,HOU,68,62,0.5537,1.0,1,0.1992,0.5911
2004-05-25,2004,R,,ORL,HOU,57,68,0.5955,0.0,0,0.3546,0.9051
2004-05-25,2004,R,,WAS,LAS,79,95,0.452,0.0,1,0.2043,0.6014
2004-05-26,2004,R,,NYL,DET,64,52,0.4746,1.0,0,0.276,0.7452
2004-05-26,2004,R,,UTA,MIN,56,44,0.5511,1.0,1,0.2015,0.5958
2004-05-27,2004,R,,ORL,LAS,82,73,0.4969,1.0,0,0.2531,0.6994
2004-05-28,2004,R,,CHA,IND,63,41,0.6507,1.0,1,0.122,0.4296
2004-05-28,2004,R,,MIN,WAS,73,62,0.6884,1.0,1,0.0971,0.3734
2004-05-28,2004,R,,PHX,SEA,84,76,0.4722,1.0,0,0.2785,0.7503
2004-05-28,2004,R,,UTA,SAC,72,63,0.5064,1.0,1,0.2436,0.6804
2004-05-29,2004,R,,DET,LAS,60,63,0.6729,0.0,0,0.4528,1.1175
2004-05-30,2004,R,,HOU,SAC,63,57,0.7048,1.0,1,0.0871,0.3498
2004-05-30,2004,R,,MIN,NYL,64,68,0.5548,0.0,0,0.3078,0.8091
2004-06-01,2004,R,,CHA,NYL,53,63,0.6261,0.0,0,0.392,0.9837
2004-06-01,2004,R,,LAS,SEA,73,70,0.6288,1.0,1,0.1378,0.464
2004-06-01,2004,R,,PHX,HOU,73,63,0.5358,1.0,1,0.2155,0.624
2004-06-01,2004,R,,UTA,IND,60,79,0.6527,0.0,0,0.426,1.0576
2004-06-02,2004,R,,DET,WAS,63,65,0.7684,0.0,0,0.5905,1.4629
2004-06-03,2004,R,,ORL,CHA,71,62,0.6638,1.0,1,0.113,0.4097
2004-06-03,2004,R,,HOU,NYL,62,71,0.6015,0.0,0,0.3618,0.92
2004-06-03,2004,R,,MIN,UTA,55,47,0.6961,1.0,1,0.0924,0.3623
2004-06-03,2004,R,,SAC,LAS,68,51,0.572,1.0,1,0.1832,0.5586
2004-06-03,2004,R,,SEA,PHX,72,45,0.6876,1.0,1,0.0976,0.3745
2004-06-04,2004,R,,WAS,ORL,63,72,0.5452,0.0,0,0.2972,0.7879
2004-06-05,2004,R,,HOU,LAS,75,71,0.5759,1.0,1,0.1798,0.5518
2004-06-05,2004,R,,IND,CHA,70,57,0.6828,1.0,1,0.1006,0.3816
2004-06-05,2004,R,,MIN,PHX,76,68,0.6721,1.0,1,0.1075,0.3973
2004-06-05,2004,R,,SAC,SEA,63,65,0.5842,0.0,0,0.3413,0.8777
2004-06-05,2004,R,,UTA,NYL,57,62,0.4572,0.0,1,0.209,0.611
2004-06-06,2004,R,,ORL,DET,73,74,0.534,0.0,0,0.2852,0.7636
2004-06-09,2004,R,,HOU,UTA,59,47,0.7258,1.0,1,0.0752,0.3205
2004-06-09,2004,R,,IND,DET,79,83,0.5741,0.0,0,0.3296,0.8535
2004-06-09,2004,R,,LAS,CHA,82,68,0.7169,1.0,1,0.0801,0.3328
2004-06-09,2004,R,,PHX,ORL,75,59,0.5665,1.0,1,0.1879,0.5682
2004-06-11,2004,R,,LAS,MIN,69,55,0.6313,1.0,1,0.1359,0.46
2004-06-11,2004,R,,NYL,IND,68,72,0.7649,0.0,0,0.585,1.4477
2004-06-11,2004,R,,PHX,CHA,51,59,0.6352,0.0,0,0.4035,1.0084
2004-06-11,2004,R,,SEA,ORL,68,63,0.7408,1.0,1,0.0672,0.3
2004-06-11,2004,R,,WAS,DET,60,74,0.45,0.0,1,0.2025,0.5979
2004-06-12,2004,R,,DET,IND,72,68,0.7105,1.0,1,0.0838,0.3418
2004-06-12,2004,R,,SAC,ORL,76,83,0.692,0.0,0,0.4789,1.1776
2004-06-12,2004,R,,UTA,HOU,66,69,0.4734,0.0,1,0.2241,0.6412
2004-06-13,2004,R,,WAS,NYL,62,60,0.3871,1.0,0,0.3756,0.949
2004-06-14,2004,R,,LAS,ORL,76,74,0.7194,1.0,1,0.0787,0.3293
2004-06-15,2004,R,,CHA,UTA,59,57,0.6973,1.0,1,0.0916,0.3605
2004-06-15,2004,R,,NYL,SEA,62,86,0.5623,0.0,0,0.3162,0.8263
2004-06-16,2004,R,,IND,SAC,63,50,0.6362,1.0,1,0.1324,0.4523
2004-06-17,2004,R,,MIN,SAC,50,60,0.6885,0.0,0,0.474,1.1664
2004-06-17,2004,R,,WAS,UTA,76,60,0.6454,1.0,1,0.1257,0.4379
2004-06-18,2004,R,,ORL,CHA,58,63,0.6628,0.0,0,0.4393,1.087
2004-06-18,2004,R,,HOU,SEA,63,69,0.6082,0.0,0,0.3699,0.9369
2004-06-18,2004,R,,PHX,LAS,74,76,0.4935,0.0,1,0.2435,0.6802
2004-06-19,2004,R,,IND,NYL,70,65,0.5792,1.0,1,0.177,0.546
2004-06-19,2004,R,,MIN,HOU,66,58,0.5625,1.0,1,0.1914,0.5754
2004-06-19,2004,R,,SAC,DET,74,84,0.4468,0.0,1,0.1996,0.592
2004-06-19,2004,R,,UTA,SEA,61,74,0.368,0.0,1,0.1354,0.4589
2004-06-20,2004,R,,CHA,LAS,68,63,0.4987,1.0,0,0.2513,0.6957
2004-06-20,2004,R,,ORL,WAS,75,65,0.6737,1.0,1,0.1065,0.395
2004-06-22,2004,R,,DET,WAS,72,78,0.8376,0.0,0,0.7016,1.8177
2004-06-22,2004,R,,IND,ORL,58,63,0.6821,0.0,0,0.4653,1.1461
2004-06-22,2004,R,,NYL,LAS,49,65,0.5688,0.0,0,0.3236,0.8413
2004-06-22,2004,R,,PHX,MIN,69,46,0.5742,1.0,1,0.1813,0.5547
2004-06-22,2004,R,,SEA,HOU,57,63,0.7355,0.0,0,0.5409,1.3298
2004-06-23,2004,R,,CHA,DET,60,65,0.557,0.0,0,0.3102,0.8142
2004-06-24,2004,R,,PHX,NYL,72,60,0.568,1.0,1,0.1867,0.5657
2004-06-24,2004,R,,UTA,MIN,70,57,0.5636,1.0,1,0.1905,0.5734
2004-06-25,2004,R,,ORL,DET,71,67,0.5214,1.0,1,0.229,0.6512
2004-06-25,2004,R,,IND,LAS,71,67,0.5043,1.0,1,0.2458,0.6847
2004-06-25,2004,R,,SAC,HOU,61,55,0.5879,1.0,1,0.1698,0.5311
2004-06-26,2004,R,,CHA,IND,46,37,0.6245,1.0,1,0.141,0.4708
2004-06-26,2004,R,,PHX,UTA,72,80,0.6972,0.0,0,0.486,1.1946
2004-06-26,2004,R,,SEA,NYL,62,67,0.7908,0.0,0,0.6254,1.5644
2004-06-27,2004,R,,DET,ORL,72,74,0.704,0.0,0,0.4957,1.2176
2004-06-27,2004,R,,HOU,WAS,72,67,0.6994,1.0,1,0.0904,0.3575
2004-06-27,2004,R,,MIN,LAS,67,83,0.4664,0.0,1,0.2175,0.6281
2004-06-27,2004,R,,SAC,PHX,63,57,0.6891,1.0,1,0.0966,0.3723
2004-06-29,2004,R,,DET,IND,68,69,0.68,0.0,0,0.4624,1.1394
2004-06-29,2004,R,,LAS,NYL,69,65,0.7195,1.0,1,0.0787,0.3292
2004-06-29,2004,R,,UTA,PHX,65,77,0.6149,0.0,0,0.3782,0.9544
2004-06-30,2004,R,,ORL,WAS,78,69,0.7471,1.0,1,0.064,0.2916
2004-06-30,2004,R,,MIN,HOU,58,50,0.4828,1.0,0,0.2675,0.7281
2004-07-01,2004,R,,CHA,PHX,59,71,0.703,0.0,0,0.4943,1.2141
2004-07-01,2004,R,,SAC,NYL,73,47,0.6719,1.0,1,0.1077,0.3977
2004-07-01,2004,R,,SEA,UTA,76,52,0.8379,1.0,1,0.0263,0.1768
2004-07-01,2004,R,,WAS,IND,69,64,0.454,1.0,0,0.2981,0.7896
2004-07-02,2004,R,,LAS,UTA,87,80,0.8587,1.0,1,0.02,0.1524
2004-07-03,2004,R,,HOU,CHA,55,62,0.6952,0.0,0,0.4834,1.1883
2004-07-03,2004,R,,IND,PHX,61,60,0.6395,1.0,1,0.1299,0.447
2004-07-03,2004,R,,MIN,DET,78,70,0.4429,1.0,0,0.3103,0.8144
2004-07-03,2004,R,,SEA,SAC,75,61,0.7049,1.0,1,0.0871,0.3498
2004-07-06,2004,R,,ORL,IND,79,77,0.6912,1.0,1,0.0953,0.3693
2004-07-06,2004,R,,DET,HOU,82,63,0.6715,1.0,1,0.1079,0.3983
2004-07-06,2004,R,,NYL,SAC,73,66,0.6214,1.0,1,0.1433,0.4757
2004-07-07,2004,R,,LAS,PHX,73,71,0.7779,1.0,1,0.0493,0.2511
2004-07-07,2004,R,,WAS,SEA,72,69,0.4322,1.0,0,0.3224,0.8388
2004-07-08,2004,R,,CHA,SEA,70,67,0.5417,1.0,1,0.2101,0.6131
2004-07-08,2004,R,,IND,MIN,58,56,0.6325,1.0,1,0.1351,0.4581
2004-07-08,2004,R,,NYL,WAS,54,71,0.6979,0.0,0,0.4871,1.1971
2004-07-09,2004,R,,ORL,SAC,70,85,0.6778,0.0,0,0.4594,1.1324
2004-07-09,2004,R,,MIN,PHX,61,59,0.5654,1.0,1,0.1889,0.5702
2004-07-09,2004,R,,UTA,LAS,61,66,0.3715,0.0,1,0.138,0.4644
2004-07-10,2004,R,,CHA,WAS,67,65,0.6684,1.0,1,0.1099,0.4028
2004-07-10,2004,R,,DET,SEA,70,65,0.6377,1.0,1,0.1313,0.45
2004-07-10,2004,R,,HOU,LAS,56,59,0.4893,0.0,1,0.2394,0.672
2004-07-11,2004,R,,IND,ORL,61,65,0.6352,0.0,0,0.4034,1.0083
2004-07-11,2004,R,,MIN,SAC,83,73,0.5421,1.0,1,0.2096,0.6122
2004-07-11,2004,R,,NYL,PHX,77,69,0.6252,1.0,1,0.1404,0.4696
2004-07-12,2004,R,,DET,SAC,51,67,0.7112,0.0,0,0.5059,1.2421
2004-07-12,2004,R,,SEA,UTA,75,59,0.8018,1.0,1,0.0393,0.2209
2004-07-14,2004,R,,IND,HOU,70,62,0.6226,1.0,1,0.1424,0.4738
2004-07-14,2004,R,,MIN,ORL,66,63,0.5434,1.0,1,0.2085,0.6099
2004-07-15,2004,R,,HOU,DET,97,61,0.4752,1.0,0,0.2754,0.7441
2004-07-15,2004,R,,NYL,MIN,66,69,0.6394,0.0,0,0.4088,1.02
2004-07-15,2004,R,,SAC,SEA,63,66,0.5661,0.0,0,0.3205,0.835
2004-07-15,2004,R,,UTA,ORL,78,67,0.4674,1.0,0,0.2837,0.7606
2004-07-15,2004,R,,WAS,CHA,68,54,0.5481,1.0,1,0.2042,0.6012
2004-07-16,2004,R,,IND,DET,85,73,0.6385,1.0,1,0.1307,0.4486
2004-07-17,2004,R,,HOU,ORL,72,56,0.6056,1.0,1,0.1556,0.5016
2004-07-17,2004,R,,LAS,SAC,70,79,0.7764,0.0,0,0.6027,1.4977
2004-07-17,2004,R,,SEA,WAS,85,83,0.75,1.0,1,0.0625,0.2877
2004-07-18,2004,R,,DET,UTA,77,71,0.7242,1.0,1,0.076,0.3226
2004-07-18,2004,R,,NYL,CHA,75,58,0.565,1.0,1,0.1892,0.5709
2004-07-18,2004,R,,PHX,MIN,60,63,0.6078,0.0,0,0.3695,0.9361
2004-07-18,2004,R,,SAC,WAS,81,71,0.7094,1.0,1,0.0844,0.3433
2004-07-19,2004,R,,LAS,IND,82,51,0.7004,1.0,1,0.0897,0.356
2004-07-20,2004,R,,CHA,NYL,74,80,0.6264,0.0,0,0.3924,0.9847
2004-07-21,2004,R,,DET,ORL,68,78,0.6144,0.0,0,0.3775,0.953
2004-07-21,2004,R,,LAS,WAS,96,76,0.7801,1.0,1,0.0484,0.2484
2004-07-21,2004,R,,PHX,UTA,87,55,0.6908,1.0,1,0.0956,0.3699
2004-07-22,2004,R,,ORL,MIN,52,68,0.5715,0.0,0,0.3267,0.8476
2004-07-22,2004,R,,SAC,PHX,69,71,0.764,0.0,0,0.5836,1.4438
2004-07-22,2004,R,,SEA,IND,59,54,0.7558,1.0,1,0.0596,0.2799
2004-07-23,2004,R,,DET,CHA,63,53,0.6261,1.0,1,0.1398,0.4683
2004-07-23,2004,R,,LAS,HOU,70,67,0.7195,1.0,1,0.0787,0.3292
2004-07-23,2004,R,,WAS,MIN,65,61,0.5306,1.0,1,0.2204,0.6338
2004-07-24,2004,R,,CHA,WAS,70,41,0.6022,1.0,1,0.1582,0.5071
2004-07-24,2004,R,,ORL,UTA,69,55,0.7389,1.0,1,0.0682,0.3026
2004-07-24,2004,R,,NYL,DET,78,69,0.6481,1.0,1,0.1238,0.4337
2004-07-24,2004,R,,PHX,IND,71,56,0.5857,1.0,1,0.1716,0.5349
2004-07-24,2004,R,,SEA,HOU,67,63,0.7447,1.0,1,0.0652,0.2948
2004-07-25,2004,R,,SAC,IND,71,62,0.7237,1.0,1,0.0763,0.3233
2004-07-27,2004,R,,HOU,SEA,80,55,0.4817,1.0,0,0.2686,0.7304
2004-07-28,2004,R,,IND,CHA,53,63,0.6041,0.0,0,0.365,0.9266
2004-07-28,2004,R,,MIN,UTA,66,53,0.8136,1.0,1,0.0347,0.2062
2004-07-28,2004,R,,WAS,DET,65,73,0.5606,0.0,0,0.3143,0.8224
2004-07-29,2004,R,,SAC,LAS,80,85,0.4548,0.0,1,0.2068,0.6065
2004-07-30,2004,R,,DET,NYL,88,79,0.5807,1.0,1,0.1758,0.5436
2004-07-30,2004,R,,MIN,SEA,55,70,0.5319,0.0,0,0.2829,0.7591
2004-07-30,2004,R,,UTA,PHX,59,68,0.39,0.0,1,0.1521,0.4943
2004-07-30,2004,R,,WAS,ORL,69,68,0.4779,1.0,0,0.2725,0.7383
2004-07-31,2004,R,,HOU,IND,62,54,0.7189,1.0,1,0.079,0.33
2004-07-31,2004,R,,NYL,ORL,80,66,0.614,1.0,1,0.149,0.4877
2004-07-31,2004,R,,SAC,CHA,62,61,0.6567,1.0,1,0.1179,0.4206
2004-07-31,2004,R,,UTA,LAS,67,79,0.2218,0.0,1,0.0492,0.2508
2004-08-01,2004,R,,DET,MIN,58,59,0.6234,0.0,0,0.3886,0.9765
2004-08-01,2004,R,,SEA,CHA,87,55,0.7685,1.0,1,0.0536,0.2633
2004-08-01,2004,R,,WAS,PHX,82,62,0.5296,1.0,1,0.2213,0.6357
2004-09-01,2004,R,,CHA,ORL,62,55,0.5955,1.0,1,0.1636,0.5184
2004-09-01,2004,R,,DET,PHX,58,63,0.6451,0.0,0,0.4162,1.0359
2004-09-01,2004,R,,HOU,MIN,64,72,0.6516,0.0,0,0.4246,1.0545
2004-09-01,2004,R,,LAS,UTA,77,69,0.9001,1.0,1,0.01,0.1053
2004-09-01,2004,R,,SEA,SAC,65,73,0.6804,0.0,0,0.4629,1.1407
2004-09-01,2004,R,,WAS,IND,58,75,0.6032,0.0,0,0.3639,0.9244
2004-09-02,2004,R,,NYL,CHA,56,52,0.6785,1.0,1,0.1034,0.3878
2004-09-02,2004,R,,SAC,UTA,66,64,0.8492,1.0,1,0.0227,0.1635
2004-09-03,2004,R,,ORL,NYL,61,43,0.5833,1.0,1,0.1737,0.5391
2004-09-03,2004,R,,HOU,PHX,60,70,0.637,0.0,0,0.4057,1.0133
2004-09-03,2004,R,,LAS,SEA,82,81,0.6949,1.0,1,0.0931,0.364
2004-09-03,2004,R,,MIN,IND,61,69,0.7015,0.0,0,0.492,1.2089
2004-09-04,2004,R,,CHA,DET,58,66,0.5822,0.0,0,0.339,0.8728
2004-09-04,2004,R,,IND,WAS,69,42,0.6555,1.0,1,0.1187,0.4224
2004-09-04,2004,R,,PHX,SEA,63,55,0.5289,1.0,1,0.2219,0.6369
2004-09-04,2004,R,,UTA,SAC,70,80,0.3123,0.0,1,0.0975,0.3744
2004-09-07,2004,R,,WAS,SAC,67,63,0.4036,1.0,0,0.3557,0.9073
2004-09-08,2004,R,,MIN,CHA,68,72,0.7146,0.0,0,0.5106,1.2537
2004-09-08,2004,R,,PHX,LAS,72,58,0.4248,1.0,0,0.3308,0.856
2004-09-08,2004,R,,SEA,DET,86,67,0.7022,1.0,1,0.0887,0.3536
2004-09-09,2004,R,,CHA,SAC,74,69,0.4789,1.0,0,0.2715,0.7362
2004-09-09,2004,R,,LAS,DET,81,63,0.7838,1.0,1,0.0467,0.2436
2004-09-09,2004,R,,UTA,HOU,77,72,0.3705,1.0,0,0.3963,0.993
2004-09-09,2004,R,,WAS,NYL,71,59,0.4871,1.0,0,0.2631,0.7193
2004-09-10,2004,R,,IND,UTA,65,82,0.833,0.0,0,0.6939,1.7899
2004-09-10,2004,R,,MIN,SEA,64,61,0.5135,1.0,1,0.2367,0.6666
2004-09-10,2004,R,,NYL,ORL,66,77,0.5658,0.0,0,0.3201,0.8342
2004-09-11,2004,R,,CHA,MIN,60,50,0.6036,1.0,1,0.1571,0.5049
2004-09-11,2004,R,,PHX,DET,72,80,0.719,0.0,0,0.517,1.2694
2004-09-12,2004,R,,ORL,SEA,71,64,0.5153,1.0,1,0.2349,0.6629
2004-09-12,2004,R,,LAS,SAC,65,52,0.7339,1.0,1,0.0708,0.3094
2004-09-12,2004,R,,NYL,UTA,64,62,0.7224,1.0,1,0.0771,0.3251
2004-09-12,2004,R,,WAS,HOU,75,63,0.57,1.0,1,0.1849,0.5622
2004-09-13,2004,R,,IND,SEA,70,76,0.5553,0.0,0,0.3084,0.8103
2004-09-14,2004,R,,DET,NYL,82,71,0.6949,1.0,1,0.0931,0.364
2004-09-14,2004,R,,HOU,MIN,70,59,0.544,1.0,1,0.208,0.6089
2004-09-14,2004,R,,LAS,PHX,73,60,0.7458,1.0,1,0.0646,0.2933
2004-09-15,2004,R,,CHA,ORL,67,81,0.6272,0.0,0,0.3934,0.9868
2004-09-15,2004,R,,UTA,WAS,73,84,0.4923,0.0,1,0.2423,0.6778
2004-09-15,2004,R,,SEA,PHX,73,58,0.7037,1.0,1,0.0878,0.3514
2004-09-16,2004,R,,HOU,SAC,62,71,0.4893,0.0,1,0.2394,0.6719
2004-09-16,2004,R,,NYL,IND,77,71,0.5748,1.0,1,0.1808,0.5537
2004-09-17,2004,R,,ORL,NYL,66,69,0.7257,0.0,0,0.5267,1.2936
2004-09-17,2004,R,,LAS,MIN,66,78,0.8087,0.0,0,0.654,1.654
2004-09-17,2004,R,,PHX,WAS,67,74,0.6696,0.0,0,0.4484,1.1076
2004-09-17,2004,R,,UTA,CHA,82,65,0.443,1.0,0,0.3102,0.8141
2004-09-18,2004,R,,SAC,HOU,68,48,0.7273,1.0,1,0.0744,0.3184
2004-09-18,2004,R,,SEA,LAS,80,83,0.5924,0.0,0,0.3509,0.8974
2004-09-19,2004,R,,ORL,IND,80,60,0.6739,1.0,1,0.1063,0.3946
2004-09-19,2004,R,,DET,CHA,68,54,0.7257,1.0,1,0.0752,0.3206
2004-09-19,2004,R,,NYL,WAS,79,75,0.6002,1.0,1,0.1598,0.5105
2004-09-19,2004,R,,PHX,HOU,78,64,0.689,1.0,1,0.0967,0.3725
2004-09-19,2004,R,,SAC,MIN,72,63,0.6644,1.0,1,0.1126,0.4088
2004-09-24,2004,P,1.0,DET,NYL,62,75,0.6666,0.0,0,0.4443,1.0983
2004-09-24,2004,P,1.0,SAC,LAS,72,52,0.494,1.0,0,0.256,0.7052
2004-09-25,2004,P,1.0,MIN,SEA,58,70,0.5016,0.0,0,0.2516,0.6963
2004-09-25,2004,P,1.0,WAS,ORL,67,59,0.5506,1.0,1,0.202,0.5968
2004-09-26,2004,P,1.0,LAS,SAC,71,57,0.6577,1.0,1,0.1172,0.419
2004-09-26,2004,P,1.0,NYL,DET,66,76,0.6337,0.0,0,0.4015,1.0042
2004-09-27,2004,P,1.0,ORL,WAS,80,70,0.6488,1.0,1,0.1233,0.4326
2004-09-27,2004,P,1.0,SEA,MIN,64,54,0.7432,1.0,1,0.0659,0.2967
2004-09-28,2004,P,1.0,LAS,SAC,58,73,0.6897,0.0,0,0.4757,1.1703
2004-09-28,2004,P,1.0,NYL,DET,66,64,0.577,1.0,1,0.1789,0.5499
2004-09-29,2004,P,1.0,ORL,WAS,76,56,0.6779,1.0,1,0.1037,0.3887
2004-10-01,2004,P,2.0,NYL,ORL,51,61,0.5784,0.0,0,0.3345,0.8637
2004-10-01,2004,P,2.0,SAC,SEA,74,72,0.6132,1.0,1,0.1496,0.4891
2004-10-03,2004,P,2.0,ORL,NYL,60,57,0.7255,1.0,1,0.0753,0.3208
2004-10-03,2004,P,2.0,SEA,SAC,66,54,0.5804,1.0,1,0.1761,0.544
2004-10-05,2004,P,2.0,SEA,SAC,82,62,0.6239,1.0,1,0.1415,0.4718
2004-10-08,2004,P,3.0,ORL,SEA,68,64,0.5895,1.0,1,0.1685,0.5284
2004-10-10,2004,P,3.0,SEA,ORL,67,65,0.6584,1.0,1,0.1167,0.418
2004-10-12,2004,P,3.0,SEA,ORL,74,60,0.6798,1.0,1,0.1025,0.3859
2005-05-21,2005,R,,CHA,WAS,42,60,0.6058,0.0,0,0.367,0.9309
2005-05-21,2005,R,,DET,ORL,78,67,0.586,1.0,1,0.1714,0.5345
2005-05-21,2005,R,,PHX,SAC,72,77,0.5657,0.0,0,0.32,0.834
2005-05-21,2005,R,,UTA,HOU,70,78,0.5686,0.0,0,0.3233,0.8407
2005-05-21,2005,R,,SEA,LAS,50,68,0.6332,0.0,0,0.401,1.003
2005-05-22,2005,R,,HOU,MIN,79,65,0.5963,1.0,1,0.163,0.5171
2005-05-22,2005,R,,IND,CHA,68,58,0.6699,1.0,1,0.109,0.4006
2005-05-22,2005,R,,NYL,DET,71,78,0.5951,0.0,0,0.3542,0.9042
2005-05-22,2005,R,,WAS,ORL,67,69,0.611,0.0,0,0.3733,0.9441
2005-05-24,2005,R,,DET,UTA,74,65,0.7404,1.0,1,0.0674,0.3006
2005-05-24,2005,R,,IND,PHX,83,76,0.5896,1.0,1,0.1684,0.5283
2005-05-25,2005,R,,MIN,LAS,68,65,0.4445,1.0,0,0.3086,0.8109
2005-05-26,2005,R,,CHA,PHX,58,68,0.6113,0.0,0,0.3737,0.9449
2005-05-26,2005,R,,NYL,IND,59,67,0.6268,0.0,0,0.3929,0.9856
2005-05-26,2005,R,,WAS,LAS,75,84,0.5616,0.0,0,0.3154,0.8247
2005-05-27,2005,R,,UTA,SAC,67,71,0.3747,0.0,1,0.1404,0.4695
2005-05-27,2005,R,,SEA,HOU,79,69,0.6863,1.0,1,0.0984,0.3765
2005-05-28,2005,R,,CHA,LAS,84,75,0.3849,1.0,0,0.3783,0.9547
2005-05-28,2005,R,,ORL,PHX,85,68,0.7,1.0,1,0.09,0.3567
2005-05-29,2005,R,,HOU,IND,86,78,0.5705,1.0,1,0.1845,0.5612
2005-05-29,2005,R,,MIN,SAC,66,67,0.5566,0.0,0,0.3098,0.8132
2005-05-29,2005,R,,SEA,UTA,79,51,0.7883,1.0,1,0.0448,0.2379
2005-05-31,2005,R,,LAS,UTA,81,70,0.8288,1.0,1,0.0293,0.1878
2005-06-01,2005,R,,IND,SAC,61,60,0.5201,1.0,1,0.2303,0.6537
2005-06-01,2005,R,,WAS,NYL,68,77,0.6582,0.0,0,0.4332,1.0734
2005-06-02,2005,R,,PHX,SEA,67,78,0.5357,0.0,0,0.287,0.7673
2005-06-02,2005,R,,UTA,CHA,69,62,0.5078,1.0,1,0.2423,0.6777
2005-06-03,2005,R,,DET,NYL,68,66,0.746,1.0,1,0.0645,0.293
2005-06-03,2005,R,,WAS,MIN,74,71,0.5532,1.0,1,0.1996,0.592
2005-06-04,2005,R,,ORL,UTA,80,69,0.8093,1.0,1,0.0364,0.2116
2005-06-04,2005,R,,HOU,PHX,59,57,0.7079,1.0,1,0.0853,0.3455
2005-06-04,2005,R,,MIN,CHA,73,67,0.6534,1.0,1,0.1201,0.4255
2005-06-04,2005,R,,SAC,LAS,81,53,0.5811,1.0,1,0.1755,0.5429
2005-06-04,2005,R,,SEA,IND,83,77,0.6839,1.0,1,0.0999,0.38
2005-06-05,2005,R,,NYL,WAS,61,58,0.6125,1.0,1,0.1501,0.4902
2005-06-07,2005,R,,ORL,SEA,81,69,0.5639,1.0,1,0.1902,0.5729
2005-06-07,2005,R,,HOU,MIN,58,62,0.6661,0.0,0,0.4436,1.0968
2005-06-07,2005,R,,SAC,IND,65,51,0.7228,1.0,1,0.0769,0.3247
2005-06-07,2005,R,,UTA,WAS,71,62,0.5515,1.0,1,0.2011,0.5951
2005-06-08,2005,R,,DET,SEA,61,76,0.6302,0.0,0,0.3971,0.9948
2005-06-08,2005,R,,LAS,PHX,63,66,0.7331,0.0,0,0.5374,1.3208
2005-06-10,2005,R,,DET,CHA,69,55,0.7147,1.0,1,0.0814,0.3359
2005-06-10,2005,R,,HOU,ORL,57,77,0.5299,0.0,0,0.2808,0.7548
2005-06-10,2005,R,,IND,NYL,62,59,0.5994,1.0,1,0.1605,0.5118
2005-06-10,2005,R,,SAC,PHX,73,61,0.7776,1.0,1,0.0495,0.2516
2005-06-10,2005,R,,WAS,SEA,64,52,0.4377,1.0,0,0.3162,0.8262
2005-06-11,2005,R,,LAS,SAC,81,74,0.5765,1.0,1,0.1794,0.5509
2005-06-11,2005,R,,MIN,WAS,78,60,0.691,1.0,1,0.0955,0.3697
2005-06-11,2005,R,,UTA,ORL,69,78,0.4233,0.0,1,0.1792,0.5504
2005-06-12,2005,R,,CHA,SEA,60,62,0.3787,0.0,1,0.1434,0.4759
2005-06-12,2005,R,,NYL,DET,72,69,0.5255,1.0,1,0.2252,0.6434
2005-06-13,2005,R,,SAC,HOU,74,68,0.7421,1.0,1,0.0665,0.2982
2005-06-15,2005,R,,IND,DET,84,79,0.633,1.0,1,0.1347,0.4573
2005-06-15,2005,R,,LAS,HOU,83,64,0.7573,1.0,1,0.0589,0.278
2005-06-15,2005,R,,PHX,UTA,76,62,0.7267,1.0,1,0.0747,0.3193
2005-06-15,2005,R,,SEA,MIN,81,86,0.7006,0.0,0,0.4908,1.206
2005-06-16,2005,R,,CHA,IND,57,60,0.5083,0.0,0,0.2584,0.7099
2005-06-17,2005,R,,SAC,MIN,67,50,0.7542,1.0,1,0.0604,0.2822
2005-06-18,2005,R,,ORL,DET,73,63,0.753,1.0,1,0.061,0.2837
2005-06-18,2005,R,,LAS,MIN,69,56,0.7235,1.0,1,0.0765,0.3237
2005-06-18,2005,R,,NYL,PHX,65,54,0.6567,1.0,1,0.1179,0.4205
2005-06-18,2005,R,,UTA,HOU,69,75,0.523,0.0,0,0.2735,0.7402
2005-06-18,2005,R,,WAS,IND,88,78,0.5725,1.0,1,0.1827,0.5577
2005-06-20,2005,R,,LAS,ORL,70,90,0.5758,0.0,0,0.3315,0.8575
2005-06-21,2005,R,,NYL,UTA,77,59,0.7529,1.0,1,0.0611,0.2838
2005-06-21,2005,R,,WAS,PHX,77,56,0.6154,1.0,1,0.1479,0.4855
2005-06-22,2005,R,,MIN,PHX,75,59,0.7195,1.0,1,0.0787,0.3291
2005-06-22,2005,R,,SEA,ORL,95,86,0.5857,1.0,1,0.1716,0.5349
2005-06-23,2005,R,,CHA,UTA,49,64,0.687,0.0,0,0.472,1.1615
2005-06-24,2005,R,,DET,WAS,55,69,0.6922,0.0,0,0.4792,1.1783
2005-06-24,2005,R,,IND,MIN,57,55,0.6592,1.0,1,0.1161,0.4167
2005-06-24,2005,R,,LAS,SEA,76,65,0.6144,1.0,1,0.1487,0.4872
2005-06-24,2005,R,,SAC,ORL,50,61,0.6527,0.0,0,0.426,1.0575
2005-06-25,2005,R,,CHA,NYL,67,61,0.3859,1.0,0,0.3771,0.9522
2005-06-25,2005,R,,HOU,UTA,62,44,0.7533,1.0,1,0.0608,0.2833
2005-06-25,2005,R,,PHX,ORL,69,77,0.3923,0.0,1,0.1539,0.498
2005-06-26,2005,R,,DET,LAS,79,73,0.514,1.0,1,0.2362,0.6655
2005-06-26,2005,R,,MIN,SEA,73,70,0.5273,1.0,1,0.2234,0.6399
2005-06-26,2005,R,,WAS,SAC,57,62,0.51,0.0,0,0.2601,0.7134
2005-06-28,2005,R,,CHA,WAS,61,66,0.4755,0.0,1,0.2261,0.6453
2005-06-28,2005,R,,ORL,SAC,70,66,0.6995,1.0,1,0.0903,0.3573
2005-06-28,2005,R,,HOU,SEA,71,67,0.5332,1.0,1,0.2179,0.6289
2005-06-28,2005,R,,IND,LAS,58,61,0.6209,0.0,0,0.3856,0.97
2005-06-28,2005,R,,MIN,UTA,63,53,0.7554,1.0,1,0.0598,0.2805
2005-06-30,2005,R,,ORL,MIN,71,56,0.7744,1.0,1,0.0509,0.2557
2005-06-30,2005,R,,NYL,SAC,50,61,0.5126,0.0,0,0.2628,0.7188
2005-06-30,2005,R,,UTA,SEA,81,69,0.3781,1.0,0,0.3867,0.9725
2005-06-30,2005,R,,WAS,CHA,65,50,0.7803,1.0,1,0.0483,0.248
2005-07-01,2005,R,,DET,SAC,63,80,0.5088,0.0,0,0.2589,0.7109
2005-07-02,2005,R,,HOU,CHA,75,65,0.8046,1.0,1,0.0382,0.2174
2005-07-02,2005,R,,LAS,PHX,86,63,0.7368,1.0,1,0.0693,0.3055
2005-07-02,2005,R,,UTA,NYL,69,57,0.5188,1.0,1,0.2315,0.6562
2005-07-03,2005,R,,SEA,SAC,74,67,0.5096,1.0,1,0.2405,0.674
2005-07-05,2005,R,,DET,HOU,66,75,0.6125,0.0,0,0.3751,0.948
2005-07-05,2005,R,,LAS,NYL,55,67,0.7614,0.0,0,0.5797,1.4329
2005-07-05,2005,R,,UTA,PHX,69,76,0.6057,0.0,0,0.3668,0.9306
2005-07-06,2005,R,,PHX,SEA,73,61,0.4241,1.0,0,0.3316,0.8578
2005-07-07,2005,R,,CHA,MIN,66,58,0.3549,1.0,0,0.4162,1.0359
2005-07-07,2005,R,,IND,HOU,63,65,0.644,0.0,0,0.4147,1.0328
2005-07-07,2005,R,,NYL,ORL,89,79,0.3208,1.0,0,0.4612,1.1368
2005-07-07,2005,R,,WAS,DET,62,76,0.7269,0.0,0,0.5284,1.2979
2005-07-12,2005,R,,HOU,NYL,65,68,0.6639,0.0,0,0.4407,1.0903
2005-07-12,2005,R,,LAS,CHA,71,59,0.841,1.0,1,0.0253,0.1731
2005-07-13,2005,R,,IND,ORL,64,53,0.407,1.0,0,0.3517,0.899
2005-07-13,2005,R,,MIN,DET,71,61,0.6349,1.0,1,0.1333,0.4543
2005-07-13,2005,R,,PHX,CHA,82,62,0.763,1.0,1,0.0562,0.2705
2005-07-13,2005,R,,SEA,WAS,71,78,0.6875,0.0,0,0.4727,1.1632
2005-07-14,2005,R,,SAC,UTA,72,61,0.871,1.0,1,0.0166,0.1381
2005-07-15,2005,R,,ORL,HOU,70,66,0.732,1.0,1,0.0718,0.312
2005-07-15,2005,R,,IND,DET,62,57,0.664,1.0,1,0.1129,0.4095
2005-07-15,2005,R,,NYL,MIN,60,64,0.6388,0.0,0,0.4081,1.0183
2005-07-15,2005,R,,PHX,WAS,77,66,0.5609,1.0,1,0.1928,0.5781
2005-07-15,2005,R,,SEA,UTA,92,70,0.7751,1.0,1,0.0506,0.2547
2005-07-16,2005,R,,LAS,SEA,70,78,0.7047,0.0,0,0.4965,1.2196
2005-07-16,2005,R,,SAC,WAS,73,59,0.7824,1.0,1,0.0473,0.2454
2005-07-17,2005,R,,CHA,HOU,55,67,0.4495,0.0,1,0.2021,0.597
2005-07-17,2005,R,,DET,IND,58,59,0.5484,0.0,0,0.3007,0.7949
2005-07-17,2005,R,,MIN,ORL,53,72,0.4683,0.0,1,0.2193,0.6317
2005-07-19,2005,R,,CHA,ORL,55,64,0.2238,0.0,1,0.0501,0.2534
2005-07-19,2005,R,,HOU,SAC,58,54,0.4564,1.0,0,0.2955,0.7843
2005-07-19,2005,R,,LAS,WAS,68,74,0.6789,0.0,0,0.461,1.1361
2005-07-19,2005,R,,MIN,IND,66,45,0.5907,1.0,1,0.1675,0.5264
2005-07-19,2005,R,,SEA,NYL,87,78,0.6553,1.0,1,0.1188,0.4226
2005-07-20,2005,R,,DET,ORL,66,57,0.3874,1.0,0,0.3753,0.9484
2005-07-21,2005,R,,HOU,WAS,65,70,0.6619,0.0,0,0.4382,1.0846
2005-07-21,2005,R,,IND,UTA,66,53,0.7339,1.0,1,0.0708,0.3094
2005-07-21,2005,R,,PHX,NYL,70,80,0.6566,0.0,0,0.4311,1.0688
2005-07-22,2005,R,,ORL,CHA,73,63,0.8899,1.0,1,0.0121,0.1166
2005-07-22,2005,R,,SAC,NYL,63,73,0.7843,0.0,0,0.6152,1.534
2005-07-23,2005,R,,CHA,IND,46,63,0.3469,0.0,1,0.1204,0.4261
2005-07-23,2005,R,,HOU,LAS,59,69,0.5807,0.0,0,0.3373,0.8693
2005-07-23,2005,R,,UTA,PHX,49,66,0.5007,0.0,0,0.2507,0.6946
2005-07-23,2005,R,,SEA,DET,74,71,0.7316,1.0,1,0.072,0.3125
2005-07-24,2005,R,,MIN,NYL,47,59,0.6573,0.0,0,0.432,1.0709
2005-07-24,2005,R,,SAC,DET,91,51,0.7827,1.0,1,0.0472,0.2451
2005-07-26,2005,R,,ORL,IND,68,55,0.771,1.0,1,0.0525,0.2601
2005-07-26,2005,R,,PHX,LAS,77,60,0.5398,1.0,1,0.2118,0.6165
2005-07-26,2005,R,,SAC,CHA,64,54,0.8775,1.0,1,0.015,0.1306
2005-07-26,2005,R,,UTA,MIN,78,71,0.4381,1.0,0,0.3157,0.8253
2005-07-26,2005,R,,WAS,HOU,65,83,0.6817,0.0,0,0.4647,1.1447
2005-07-27,2005,R,,NYL,HOU,69,71,0.6838,0.0,0,0.4676,1.1514
2005-07-28,2005,R,,ORL,NYL,73,70,0.7723,1.0,1,0.0518,0.2584
2005-07-28,2005,R,,WAS,UTA,73,58,0.765,1.0,1,0.0552,0.2679
2005-07-29,2005,R,,IND,WAS,62,58,0.6877,1.0,1,0.0975,0.3744
2005-07-29,2005,R,,MIN,PHX,65,69,0.6088,0.0,0,0.3707,0.9386
2005-07-29,2005,R,,SAC,LAS,79,59,0.7285,1.0,1,0.0737,0.3168
2005-07-29,2005,R,,SEA,CHA,79,68,0.8786,1.0,1,0.0147,0.1295
2005-07-30,2005,R,,ORL,DET,66,75,0.8063,0.0,0,0.6502,1.6416
2005-07-30,2005,R,,HOU,UTA,63,68,0.833,0.0,0,0.6938,1.7895
2005-07-31,2005,R,,DET,PHX,66,63,0.5506,1.0,1,0.202,0.5968
2005-07-31,2005,R,,NYL,IND,67,53,0.6424,1.0,1,0.1279,0.4425
2005-07-31,2005,R,,SAC,MIN,67,54,0.785,1.0,1,0.0462,0.242
2005-07-31,2005,R,,SEA,LAS,77,72,0.6823,1.0,1,0.1009,0.3822
2005-08-02,2005,R,,HOU,DET,62,61,0.6917,1.0,1,0.0951,0.3687
2005-08-02,2005,R,,NYL,ORL,65,72,0.4713,0.0,1,0.2222,0.6374
2005-08-02,2005,R,,UTA,SAC,57,67,0.3081,0.0,1,0.0949,0.3683
2005-08-02,2005,R,,WAS,CHA,65,63,0.8139,1.0,1,0.0346,0.2059
2005-08-03,2005,R,,PHX,MIN,70,64,0.6608,1.0,1,0.115,0.4142
2005-08-04,2005,R,,CHA,SAC,58,76,0.2124,0.0,1,0.0451,0.2388
2005-08-04,2005,R,,IND,SEA,78,68,0.5533,1.0,1,0.1995,0.5919
2005-08-05,2005,R,,PHX,HOU,80,75,0.5645,1.0,1,0.1896,0.5718
2005-08-05,2005,R,,UTA,LAS,63,66,0.3953,0.0,1,0.1562,0.503
2005-08-06,2005,R,,CHA,DET,82,73,0.3382,1.0,0,0.4379,1.084
2005-08-06,2005,R,,IND,ORL,65,74,0.4124,0.0,1,0.17,0.5316
2005-08-06,2005,R,,NYL,SEA,79,67,0.6368,1.0,1,0.1319,0.4512
2005-08-07,2005,R,,DET,NYL,72,67,0.5081,1.0,1,0.242,0.6772
2005-08-07,2005,R,,MIN,LAS,76,72,0.5973,1.0,1,0.1622,0.5154
2005-08-07,2005,R,,SAC,HOU,55,45,0.7758,1.0,1,0.0503,0.2538
2005-08-07,2005,R,,WAS,IND,61,60,0.6329,1.0,1,0.1347,0.4574
2005-08-09,2005,R,,ORL,LAS,64,51,0.8133,1.0,1,0.0349,0.2067
2005-08-09,2005,R,,DET,CHA,71,64,0.7772,1.0,1,0.0497,0.2521
2005-08-09,2005,R,,MIN,UTA,76,72,0.7082,1.0,1,0.0852,0.345
2005-08-09,2005,R,,SEA,HOU,71,68,0.6706,1.0,1,0.1085,0.3996
2005-08-10,2005,R,,NYL,LAS,74,69,0.7099,1.0,1,0.0841,0.3426
2005-08-11,2005,R,,DET,MIN,72,66,0.628,1.0,1,0.1384,0.4652
2005-08-11,2005,R,,UTA,IND,50,57,0.3602,0.0,1,0.1297,0.4466
2005-08-11,2005,R,,WAS,ORL,65,80,0.4423,0.0,1,0.1957,0.584
2005-08-12,2005,R,,CHA,NYL,74,82,0.3373,0.0,1,0.1138,0.4115
2005-08-12,2005,R,,MIN,SEA,66,72,0.4612,0.0,1,0.2127,0.6184
2005-08-12,2005,R,,PHX,SAC,76,62,0.488,1.0,0,0.2621,0.7174
2005-08-13,2005,R,,LAS,IND,69,59,0.5932,1.0,1,0.1655,0.5223
2005-08-13,2005,R,,UTA,DET,59,60,0.423,0.0,1,0.1789,0.5499
2005-08-14,2005,R,,ORL,WAS,80,77,0.8243,1.0,1,0.0309,0.1932
2005-08-14,2005,R,,HOU,SEA,75,72,0.5968,1.0,1,0.1626,0.5162
2005-08-14,2005,R,,NYL,CHA,73,65,0.8602,1.0,1,0.0195,0.1506
2005-08-14,2005,R,,PHX,IND,56,62,0.6741,0.0,0,0.4544,1.1212
2005-08-16,2005,R,,LAS,SAC,63,72,0.4138,0.0,1,0.1712,0.5341
2005-08-16,2005,R,,MIN,HOU,73,62,0.5785,1.0,1,0.1777,0.5474
2005-08-16,2005,R,,NYL,WAS,72,66,0.7002,1.0,1,0.0899,0.3564
2005-08-16,2005,R,,PHX,DET,58,51,0.6264,1.0,1,0.1396,0.4677
2005-08-18,2005,R,,ORL,CHA,84,70,0.9301,1.0,1,0.0049,0.0724
2005-08-18,2005,R,,HOU,PHX,77,66,0.5849,1.0,1,0.1723,0.5364
2005-08-18,2005,R,,IND,WAS,67,57,0.7179,1.0,1,0.0796,0.3314
2005-08-18,2005,R,,SAC,UTA,64,57,0.8789,1.0,1,0.0147,0.1291
2005-08-18,2005,R,,SEA,MIN,76,60,0.7557,1.0,1,0.0597,0.2801
2005-08-19,2005,R,,LAS,DET,74,67,0.6194,1.0,1,0.1449,0.479
2005-08-19,2005,R,,PHX,UTA,91,57,0.814,1.0,1,0.0346,0.2057
2005-08-20,2005,R,,ORL,NYL,58,64,0.7316,0.0,0,0.5353,1.3154
2005-08-20,2005,R,,IND,CHA,62,53,0.8548,1.0,1,0.0211,0.1569
2005-08-20,2005,R,,SAC,SEA,75,65,0.7243,1.0,1,0.076,0.3226
2005-08-21,2005,R,,DET,WAS,66,52,0.6048,1.0,1,0.1562,0.5029
2005-08-21,2005,R,,LAS,HOU,55,50,0.5702,1.0,1,0.1847,0.5618
2005-08-21,2005,R,,PHX,MIN,83,69,0.6821,1.0,1,0.1011,0.3826
2005-08-23,2005,R,,CHA,DET,56,49,0.3809,1.0,0,0.3833,0.9652
2005-08-23,2005,R,,ORL,IND,63,69,0.7693,0.0,0,0.5918,1.4667
2005-08-23,2005,R,,LAS,MIN,74,63,0.6944,1.0,1,0.0934,0.3647
2005-08-23,2005,R,,SAC,PHX,76,70,0.7737,1.0,1,0.0512,0.2566
2005-08-23,2005,R,,UTA,SEA,51,78,0.3408,0.0,1,0.1161,0.4167
2005-08-23,2005,R,,WAS,NYL,82,69,0.431,1.0,0,0.3237,0.8415
2005-08-25,2005,R,,DET,IND,55,40,0.5083,1.0,1,0.2418,0.6767
2005-08-25,2005,R,,NYL,CHA,66,78,0.8642,0.0,0,0.7469,1.9967
2005-08-25,2005,R,,PHX,HOU,72,80,0.6062,0.0,0,0.3674,0.9318
2005-08-25,2005,R,,SEA,SAC,76,63,0.4902,1.0,0,0.2599,0.7129
2005-08-26,2005,R,,ORL,WAS,81,47,0.8137,1.0,1,0.0347,0.2062
2005-08-26,2005,R,,UTA,LAS,67,70,0.3439,0.0,1,0.1182,0.4214
2005-08-27,2005,R,,CHA,ORL,69,78,0.2299,0.0,1,0.0528,0.2612
2005-08-27,2005,R,,HOU,LAS,77,51,0.6402,1.0,1,0.1295,0.446
2005-08-27,2005,R,,IND,NYL,75,50,0.6236,1.0,1,0.1417,0.4722
2005-08-27,2005,R,,MIN,SAC,52,61,0.3848,0.0,1,0.1481,0.4858
2005-08-27,2005,R,,SEA,PHX,85,74,0.7027,1.0,1,0.0884,0.3529
2005-08-27,2005,R,,WAS,DET,76,67,0.5565,1.0,1,0.1967,0.5862
2005-08-30,2005,P,1.0,HOU,SEA,67,75,0.5522,0.0,0,0.3049,0.8034
2005-08-30,2005,P,1.0,NYL,IND,51,63,0.566,0.0,0,0.3204,0.8348
2005-08-31,2005,P,1.0,DET,ORL,62,73,0.3672,0.0,1,0.1348,0.4576
2005-08-31,2005,P,1.0,LAS,SAC,72,75,0.419,0.0,1,0.1756,0.543
2005-09-01,2005,P,1.0,IND,NYL,58,50,0.7162,1.0,1,0.0806,0.3338
2005-09-01,2005,P,1.0,SEA,HOU,64,67,0.7196,0.0,0,0.5178,1.2714
2005-09-02,2005,P,1.0,ORL,DET,75,67,0.8372,1.0,1,0.0265,0.1777
2005-09-02,2005,P,1.0,SAC,LAS,81,63,0.8008,1.0,1,0.0397,0.2221
2005-09-03,2005,P,1.0,SEA,HOU,58,75,0.6829,0.0,0,0.4664,1.1486
2005-09-08,2005,P,2.0,HOU,SAC,69,73,0.4583,0.0,1,0.2101,0.6131
2005-09-08,2005,P,2.0,IND,ORL,68,73,0.5124,0.0,0,0.2625,0.7182
2005-09-10,2005,P,2.0,ORL,IND,77,67,0.7619,1.0,1,0.0567,0.2719
2005-09-10,2005,P,2.0,SAC,HOU,74,65,0.7609,1.0,1,0.0572,0.2732
2005-09-14,2005,P,3.0,ORL,SAC,65,69,0.6375,0.0,0,0.4064,1.0147
2005-09-15,2005,P,3.0,ORL,SAC,77,70,0.5868,1.0,1,0.1708,0.5331
2005-09-18,2005,P,3.0,SAC,ORL,66,55,0.6153,1.0,1,0.148,0.4857
2005-09-20,2005,P,3.0,SAC,ORL,62,59,0.6577,1.0,1,0.1172,0.4191
2006-05-20,2006,R,,CHA,CHI,82,83,0.5021,0.0,0,0.2521,0.6973
2006-05-20,2006,R,,ORL,NYL,91,74,0.7278,1.0,1,0.0741,0.3177
2006-05-20,2006,R,,IND,DET,67,60,0.682,1.0,1,0.1011,0.3827
2006-05-20,2006,R,,SAC,PHX,105,78,0.7464,1.0,1,0.0643,0.2925
2006-05-21,2006,R,,HOU,UTA,63,79,0.7608,0.0,0,0.5788,1.4303
2006-05-21,2006,R,,SEA,LAS,90,67,0.6654,1.0,1,0.112,0.4074
2006-05-23,2006,R,,CHA,LAS,65,72,0.5439,0.0,0,0.2958,0.785
2006-05-23,2006,R,,CHI,SAC,63,76,0.467,0.0,1,0.2181,0.6292
2006-05-23,2006,R,,MIN,ORL,69,81,0.4615,0.0,1,0.2129,0.6189
2006-05-23,2006,R,,UTA,IND,53,62,0.4464,0.0,1,0.1993,0.5914
2006-05-23,2006,R,,SEA,HOU,59,84,0.6822,0.0,0,0.4654,1.1464
2006-05-23,2006,R,,WAS,NYL,95,60,0.645,1.0,1,0.1261,0.4386
2006-05-24,2006,R,,DET,MIN,78,69,0.6904,1.0,1,0.0959,0.3705
2006-05-25,2006,R,,CHA,WAS,73,63,0.4587,1.0,0,0.293,0.7793
2006-05-25,2006,R,,PHX,SEA,81,94,0.63,0.0,0,0.3969,0.9943
2006-05-25,2006,R,,SAC,HOU,66,81,0.7469,0.0,0,0.5578,1.3739
2006-05-25,2006,R,,UTA,LAS,71,80,0.5165,0.0,0,0.2668,0.7268
2006-05-26,2006,R,,CHI,IND,60,75,0.5384,0.0,0,0.2899,0.7731
2006-05-27,2006,R,,ORL,DET,73,77,0.7831,0.0,0,0.6133,1.5285
2006-05-27,2006,R,,WAS,MIN,90,75,0.6656,1.0,1,0.1118,0.4071
2006-05-30,2006,R,,CHI,LAS,55,64,0.5493,0.0,0,0.3017,0.7969
2006-05-30,2006,R,,IND,NYL,91,70,0.7149,1.0,1,0.0813,0.3357
2006-05-31,2006,R,,HOU,IND,73,60,0.6231,1.0,1,0.142,0.473
2006-05-31,2006,R,,MIN,LAS,114,71,0.5282,1.0,1,0.2226,0.6383
2006-05-31,2006,R,,PHX,UTA,76,82,0.6978,0.0,0,0.4869,1.1965
2006-05-31,2006,R,,SAC,SEA,87,66,0.7091,1.0,1,0.0846,0.3438
2006-06-01,2006,R,,CHA,ORL,65,89,0.4096,0.0,1,0.1678,0.527
2006-06-01,2006,R,,DET,NYL,64,63,0.7174,1.0,1,0.0799,0.3322
2006-06-02,2006,R,,HOU,CHI,71,60,0.7345,1.0,1,0.0705,0.3086
2006-06-02,2006,R,,MIN,IND,92,87,0.458,1.0,0,0.2937,0.7808
2006-06-02,2006,R,,SAC,UTA,71,74,0.8324,0.0,0,0.6928,1.7859
2006-06-02,2006,R,,SEA,PHX,97,87,0.7118,1.0,1,0.0831,0.3399
2006-06-03,2006,R,,ORL,CHA,89,71,0.847,1.0,1,0.0234,0.1661
2006-06-03,2006,R,,NYL,LAS,89,79,0.5258,1.0,1,0.2249,0.6429
2006-06-03,2006,R,,WAS,DET,92,68,0.6632,1.0,1,0.1134,0.4106
2006-06-04,2006,R,,CHI,DET,66,81,0.5906,0.0,0,0.3488,0.8931
2006-06-04,2006,R,,HOU,MIN,85,62,0.7496,1.0,1,0.0627,0.2883
2006-06-04,2006,R,,SEA,UTA,87,89,0.7339,0.0,0,0.5386,1.3238
2006-06-06,2006,R,,PHX,SAC,90,76,0.3906,1.0,0,0.3713,0.94
2006-06-06,2006,R,,WAS,HOU,93,79,0.5494,1.0,1,0.2031,0.599
2006-06-07,2006,R,,IND,WAS,83,70,0.688,1.0,1,0.0974,0.374
2006-06-07,2006,R,,LAS,DET,86,78,0.6069,1.0,1,0.1545,0.4993
2006-06-07,2006,R,,NYL,ORL,60,75,0.402,0.0,1,0.1616,0.5142
2006-06-07,2006,R,,SEA,CHI,86,73,0.7303,1.0,1,0.0727,0.3143
2006-06-09,2006,R,,CHA,IND,70,59,0.4099,1.0,0,0.3482,0.8918
2006-06-09,2006,R,,ORL,SEA,85,81,0.7421,1.0,1,0.0665,0.2983
2006-06-09,2006,R,,HOU,NYL,97,62,0.7839,1.0,1,0.0467,0.2434
2006-06-09,2006,R,,LAS,CHI,73,65,0.7143,1.0,1,0.0816,0.3364
2006-06-09,2006,R,,PHX,DET,93,79,0.5906,1.0,1,0.1676,0.5266
2006-06-09,2006,R,,UTA,MIN,79,86,0.6115,0.0,0,0.374,0.9456
2006-06-10,2006,R,,SAC,CHI,80,70,0.8389,1.0,1,0.026,0.1757
2006-06-10,2006,R,,UTA,NYL,67,71,0.6198,0.0,0,0.3842,0.9672
2006-06-11,2006,R,,ORL,WAS,85,71,0.7138,1.0,1,0.0819,0.3372
2006-06-11,2006,R,,IND,SEA,69,62,0.6586,1.0,1,0.1166,0.4177
2006-06-11,2006,R,,MIN,HOU,75,62,0.4679,1.0,0,0.2832,0.7596
2006-06-13,2006,R,,LAS,PHX,98,84,0.6551,1.0,1,0.1189,0.4229
2006-06-13,2006,R,,NYL,IND,78,80,0.4844,0.0,1,0.2346,0.6624
2006-06-13,2006,R,,WAS,CHA,87,70,0.7172,1.0,1,0.08,0.3324
2006-06-14,2006,R,,HOU,SAC,73,66,0.5644,1.0,1,0.1897,0.5719
2006-06-14,2006,R,,MIN,SEA,66,74,0.5916,0.0,0,0.35,0.8955
2006-06-15,2006,R,,CHA,WAS,77,96,0.4337,0.0,1,0.1881,0.5687
2006-06-15,2006,R,,CHI,SEA,61,74,0.4926,0.0,1,0.2426,0.6784
2006-06-16,2006,R,,DET,IND,71,63,0.5434,1.0,1,0.2085,0.6099
2006-06-16,2006,R,,NYL,HOU,58,72,0.4524,0.0,1,0.2047,0.6022
2006-06-16,2006,R,,PHX,ORL,91,86,0.3258,1.0,0,0.4546,1.1216
2006-06-16,2006,R,,UTA,MIN,90,60,0.5886,1.0,1,0.1692,0.53
2006-06-17,2006,R,,CHI,UTA,65,69,0.5708,0.0,0,0.3258,0.8458
2006-06-17,2006,R,,DET,HOU,71,55,0.4848,1.0,0,0.2654,0.7239
2006-06-17,2006,R,,LAS,ORL,82,70,0.5061,1.0,1,0.2439,0.681
2006-06-17,2006,R,,SAC,SEA,76,74,0.6814,1.0,1,0.1015,0.3836
2006-06-17,2006,R,,WAS,NYL,88,70,0.7755,1.0,1,0.0504,0.2542
2006-06-18,2006,R,,IND,CHA,92,85,0.8039,1.0,1,0.0385,0.2183
2006-06-18,2006,R,,LAS,SAC,80,69,0.5456,1.0,1,0.2065,0.6059
2006-06-18,2006,R,,MIN,PHX,94,82,0.5871,1.0,1,0.1705,0.5325
2006-06-20,2006,R,,CHA,ORL,66,90,0.2746,0.0,1,0.0754,0.3211
2006-06-21,2006,R,,IND,CHI,77,55,0.8076,1.0,1,0.037,0.2137
2006-06-21,2006,R,,LAS,HOU,75,55,0.5595,1.0,1,0.1941,0.5808
2006-06-21,2006,R,,NYL,WAS,72,66,0.4313,1.0,0,0.3234,0.8409
2006-06-21,2006,R,,SAC,UTA,75,69,0.7397,1.0,1,0.0678,0.3016
2006-06-21,2006,R,,SEA,PHX,80,87,0.7319,0.0,0,0.5357,1.3165
2006-06-22,2006,R,,CHA,DET,74,86,0.3634,0.0,1,0.1321,0.4517
2006-06-22,2006,R,,ORL,MIN,79,62,0.7657,1.0,1,0.0549,0.267
2006-06-23,2006,R,,CHI,ORL,79,84,0.2862,0.0,1,0.0819,0.3372
2006-06-23,2006,R,,HOU,CHA,85,70,0.8488,1.0,1,0.0229,0.1639
2006-06-23,2006,R,,PHX,IND,73,83,0.4986,0.0,1,0.2486,0.6904
2006-06-23,2006,R,,SAC,LAS,63,77,0.6341,0.0,0,0.4021,1.0055
2006-06-23,2006,R,,SEA,UTA,87,57,0.7088,1.0,1,0.0848,0.3441
2006-06-24,2006,R,,DET,WAS,92,86,0.5788,1.0,1,0.1774,0.5467
2006-06-24,2006,R,,MIN,NYL,83,93,0.6354,0.0,0,0.4037,1.0089
2006-06-25,2006,R,,DET,CHA,71,61,0.8127,1.0,1,0.0351,0.2074
2006-06-25,2006,R,,HOU,SEA,84,74,0.6506,1.0,1,0.1221,0.4299
2006-06-25,2006,R,,LAS,UTA,105,80,0.7949,1.0,1,0.0421,0.2296
2006-06-25,2006,R,,PHX,CHI,90,77,0.745,1.0,1,0.065,0.2944
2006-06-25,2006,R,,SAC,IND,82,61,0.5765,1.0,1,0.1793,0.5508
2006-06-25,2006,R,,WAS,ORL,87,80,0.4399,1.0,0,0.3137,0.8212
2006-06-27,2006,R,,ORL,HOU,73,57,0.6886,1.0,1,0.097,0.3731
2006-06-27,2006,R,,NYL,CHA,67,73,0.7682,0.0,0,0.5901,1.4617
2006-06-27,2006,R,,UTA,DET,59,63,0.4562,0.0,1,0.2081,0.6092
2006-06-27,2006,R,,SEA,SAC,68,53,0.5532,1.0,1,0.1997,0.5921
2006-06-27,2006,R,,WAS,IND,67,74,0.5854,0.0,0,0.3427,0.8804
2006-06-28,2006,R,,LAS,SEA,67,75,0.7285,0.0,0,0.5308,1.3039
2006-06-28,2006,R,,PHX,MIN,81,78,0.6447,1.0,1,0.1262,0.4389
2006-06-29,2006,R,,CHI,CHA,75,69,0.6561,1.0,1,0.1183,0.4214
2006-06-29,2006,R,,HOU,WAS,83,76,0.6615,1.0,1,0.1146,0.4133
2006-06-29,2006,R,,IND,DET,66,56,0.6586,1.0,1,0.1166,0.4176
2006-06-29,2006,R,,SAC,MIN,87,78,0.7806,1.0,1,0.0481,0.2477
2006-06-30,2006,R,,ORL,DET,64,70,0.7702,0.0,0,0.5931,1.4704
2006-06-30,2006,R,,LAS,PHX,85,83,0.7321,1.0,1,0.0718,0.3118
2006-06-30,2006,R,,NYL,UTA,78,91,0.6411,0.0,0,0.411,1.0246
2006-07-01,2006,R,,CHA,SAC,57,65,0.3296,0.0,1,0.1087,0.3999
2006-07-01,2006,R,,IND,ORL,66,76,0.6067,0.0,0,0.3681,0.9331
2006-07-01,2006,R,,LAS,WAS,80,75,0.681,1.0,1,0.1018,0.3842
2006-07-01,2006,R,,UTA,CHI,69,57,0.6908,1.0,1,0.0956,0.3699
2006-07-01,2006,R,,SEA,MIN,92,75,0.7911,1.0,1,0.0437,0.2344
2006-07-02,2006,R,,HOU,SAC,77,62,0.6584,1.0,1,0.1167,0.4179
2006-07-02,2006,R,,PHX,WAS,78,81,0.6003,0.0,0,0.3603,0.917
2006-07-03,2006,R,,LAS,UTA,63,85,0.7828,0.0,0,0.6128,1.5269
2006-07-05,2006,R,,LAS,HOU,74,62,0.5648,1.0,1,0.1894,0.5713
2006-07-05,2006,R,,MIN,WAS,84,74,0.4991,1.0,0,0.2509,0.6949
2006-07-06,2006,R,,ORL,CHA,76,71,0.8954,1.0,1,0.0109,0.1105
2006-07-06,2006,R,,DET,PHX,76,91,0.7677,0.0,0,0.5893,1.4597
2006-07-06,2006,R,,NYL,SAC,58,79,0.4593,0.0,1,0.2109,0.6148
2006-07-07,2006,R,,CHI,NYL,78,73,0.6125,1.0,1,0.1501,0.4901
2006-07-07,2006,R,,LAS,IND,72,60,0.5716,1.0,1,0.1835,0.5593
2006-07-07,2006,R,,MIN,DET,80,92,0.5041,0.0,0,0.2541,0.7014
2006-07-07,2006,R,,UTA,HOU,94,75,0.5442,1.0,1,0.2077,0.6084
2006-07-07,2006,R,,WAS,SAC,60,73,0.5479,0.0,0,0.3002,0.7938
2006-07-08,2006,R,,ORL,PHX,82,77,0.7869,1.0,1,0.0454,0.2397
2006-07-08,2006,R,,LAS,CHA,66,64,0.8561,1.0,1,0.0207,0.1554
2006-07-09,2006,R,,HOU,DET,60,66,0.6181,0.0,0,0.382,0.9625
2006-07-09,2006,R,,MIN,UTA,85,80,0.5091,1.0,1,0.241,0.6751
2006-07-09,2006,R,,NYL,PHX,88,94,0.4942,0.0,1,0.2442,0.6816
2006-07-09,2006,R,,SAC,CHA,70,61,0.8828,1.0,1,0.0137,0.1246
2006-07-09,2006,R,,SEA,IND,62,74,0.6718,0.0,0,0.4513,1.1141
2006-07-09,2006,R,,WAS,CHI,89,83,0.7665,1.0,1,0.0545,0.2659
2006-07-14,2006,R,,CHA,UTA,81,65,0.4088,1.0,0,0.3495,0.8946
2006-07-14,2006,R,,CHI,HOU,77,82,0.378,0.0,1,0.1429,0.4748
2006-07-14,2006,R,,PHX,LAS,85,95,0.4713,0.0,1,0.2221,0.6373
2006-07-14,2006,R,,SEA,NYL,86,66,0.8122,1.0,1,0.0353,0.2081
2006-07-15,2006,R,,CHA,IND,75,65,0.2723,1.0,0,0.5295,1.3007
2006-07-15,2006,R,,SAC,ORL,69,63,0.531,1.0,1,0.2199,0.633
2006-07-16,2006,R,,CHI,WAS,75,83,0.3741,0.0,1,0.1399,0.4685
2006-07-16,2006,R,,DET,UTA,77,67,0.7738,1.0,1,0.0512,0.2565
2006-07-16,2006,R,,IND,HOU,60,56,0.6267,1.0,1,0.1394,0.4674
2006-07-16,2006,R,,MIN,LAS,78,90,0.4228,0.0,1,0.1788,0.5496
2006-07-16,2006,R,,PHX,NYL,80,70,0.7623,1.0,1,0.0565,0.2714
2006-07-16,2006,R,,SEA,ORL,83,92,0.5318,0.0,0,0.2828,0.7588
2006-07-18,2006,R,,IND,PHX,71,65,0.7171,1.0,1,0.08,0.3326
2006-07-18,2006,R,,LAS,NYL,70,62,0.874,1.0,1,0.0159,0.1347
2006-07-18,2006,R,,UTA,HOU,67,64,0.5177,1.0,1,0.2326,0.6583
2006-07-18,2006,R,,SEA,SAC,61,74,0.498,0.0,1,0.248,0.6892
2006-07-19,2006,R,,DET,CHA,67,73,0.8183,0.0,0,0.6697,1.7056
2006-07-19,2006,R,,MIN,CHI,90,82,0.7138,1.0,1,0.0819,0.3372
2006-07-19,2006,R,,WAS,PHX,83,96,0.6844,0.0,0,0.4684,1.1532
2006-07-20,2006,R,,CHA,SEA,86,72,0.4176,1.0,0,0.3391,0.8731
2006-07-20,2006,R,,ORL,CHI,86,72,0.9199,1.0,1,0.0064,0.0835
2006-07-20,2006,R,,HOU,MIN,78,55,0.7553,1.0,1,0.0599,0.2806
2006-07-20,2006,R,,SAC,NYL,71,62,0.8815,1.0,1,0.014,0.1262
2006-07-21,2006,R,,DET,LAS,73,59,0.5061,1.0,1,0.244,0.6811
2006-07-21,2006,R,,UTA,WAS,77,80,0.6245,0.0,0,0.39,0.9796
2006-07-22,2006,R,,CHA,PHX,74,78,0.4608,0.0,1,0.2123,0.6176
2006-07-22,2006,R,,DET,CHI,89,70,0.8513,1.0,1,0.0221,0.161
2006-07-22,2006,R,,IND,LAS,68,73,0.6311,0.0,0,0.3983,0.9972
2006-07-22,2006,R,,MIN,SAC,59,86,0.3273,0.0,1,0.1071,0.3964
2006-07-22,2006,R,,NYL,SEA,54,91,0.4102,0.0,1,0.1683,0.528
2006-07-22,2006,R,,UTA,ORL,61,79,0.3312,0.0,1,0.1097,0.4023
2006-07-23,2006,R,,WAS,SEA,71,73,0.6012,0.0,0,0.3614,0.9193
2006-07-24,2006,R,,NYL,ORL,71,89,0.201,0.0,1,0.0404,0.2244
2006-07-25,2006,R,,CHA,MIN,62,70,0.6204,0.0,0,0.3849,0.9687
2006-07-25,2006,R,,CHI,NYL,72,79,0.6623,0.0,0,0.4386,1.0856
2006-07-25,2006,R,,ORL,WAS,86,73,0.8078,1.0,1,0.0369,0.2134
2006-07-25,2006,R,,HOU,LAS,52,56,0.5483,0.0,0,0.3006,0.7946
2006-07-25,2006,R,,IND,SAC,75,60,0.5105,1.0,1,0.2396,0.6723
2006-07-25,2006,R,,PHX,SEA,85,91,0.6191,0.0,0,0.3833,0.9652
2006-07-26,2006,R,,DET,SAC,91,71,0.5967,1.0,1,0.1626,0.5163
2006-07-26,2006,R,,UTA,LAS,67,81,0.4078,0.0,1,0.1663,0.5239
2006-07-27,2006,R,,HOU,PHX,98,95,0.6421,1.0,1,0.1281,0.443
2006-07-27,2006,R,,MIN,CHA,68,81,0.6629,0.0,0,0.4394,1.0873
2006-07-27,2006,R,,WAS,CHI,92,74,0.8082,1.0,1,0.0368,0.2129
2006-07-28,2006,R,,CHI,MIN,79,65,0.4863,1.0,0,0.2639,0.7209
2006-07-28,2006,R,,ORL,SAC,75,68,0.7198,1.0,1,0.0785,0.3287
2006-07-28,2006,R,,UTA,PHX,98,96,0.5531,1.0,1,0.1997,0.5922
2006-07-28,2006,R,,SEA,DET,67,77,0.5847,0.0,0,0.3419,0.8788
2006-07-29,2006,R,,CHA,NYL,80,85,0.6596,0.0,0,0.4351,1.0777
2006-07-29,2006,R,,IND,WAS,67,74,0.7712,0.0,0,0.5947,1.4748
2006-07-30,2006,R,,CHI,IND,64,69,0.3107,0.0,1,0.0965,0.3721
2006-07-30,2006,R,,ORL,UTA,72,65,0.8633,1.0,1,0.0187,0.147
2006-07-30,2006,R,,NYL,MIN,78,69,0.5677,1.0,1,0.1869,0.5662
2006-07-30,2006,R,,PHX,HOU,80,82,0.5395,0.0,0,0.291,0.7754
2006-07-30,2006,R,,SAC,DET,94,61,0.6067,1.0,1,0.1546,0.4996
2006-07-30,2006,R,,SEA,LAS,70,71,0.423,0.0,1,0.1789,0.5499
2006-07-30,2006,R,,WAS,CHA,78,73,0.7525,1.0,1,0.0613,0.2844
2006-08-01,2006,R,,CHI,PHX,70,90,0.3892,0.0,1,0.1515,0.493
2006-08-01,2006,R,,ORL,NYL,66,52,0.9047,1.0,1,0.0091,0.1001
2006-08-01,2006,R,,DET,IND,70,66,0.6464,1.0,1,0.125,0.4363
2006-08-01,2006,R,,MIN,SEA,75,77,0.3968,0.0,1,0.1574,0.5055
2006-08-01,2006,R,,SAC,HOU,74,62,0.7218,1.0,1,0.0774,0.3261
2006-08-01,2006,R,,UTA,CHA,65,68,0.6834,0.0,0,0.467,1.1501
2006-08-01,2006,R,,WAS,LAS,84,74,0.4243,1.0,0,0.3315,0.8574
2006-08-03,2006,R,,ORL,LAS,72,63,0.6877,1.0,1,0.0975,0.3744
2006-08-03,2006,R,,IND,MIN,69,59,0.8336,1.0,1,0.0277,0.1819
2006-08-03,2006,R,,NYL,DET,75,67,0.3086,1.0,0,0.4781,1.1758
2006-08-03,2006,R,,PHX,CHA,112,84,0.731,1.0,1,0.0723,0.3133
2006-08-03,2006,R,,UTA,SAC,69,87,0.334,0.0,1,0.1115,0.4064
2006-08-03,2006,R,,SEA,WAS,86,78,0.6302,1.0,1,0.1368,0.4618
2006-08-04,2006,R,,CHI,DET,49,76,0.2832,0.0,1,0.0802,0.333
2006-08-04,2006,R,,MIN,HOU,73,77,0.3343,0.0,1,0.1117,0.4069
2006-08-05,2006,R,,IND,UTA,76,70,0.7931,1.0,1,0.0428,0.2318
2006-08-05,2006,R,,NYL,CHI,80,69,0.7562,1.0,1,0.0595,0.2795
2006-08-05,2006,R,,PHX,LAS,96,80,0.4524,1.0,0,0.2999,0.7932
2006-08-05,2006,R,,SAC,WAS,99,95,0.7697,1.0,1,0.053,0.2617
2006-08-05,2006,R,,SEA,CHA,87,81,0.7964,1.0,1,0.0415,0.2277
2006-08-06,2006,R,,DET,NYL,65,53,0.8457,1.0,1,0.0238,0.1676
2006-08-06,2006,R,,HOU,ORL,67,86,0.376,0.0,1,0.1413,0.4715
2006-08-06,2006,R,,MIN,UTA,82,68,0.5624,1.0,1,0.1915,0.5756
2006-08-08,2006,R,,CHA,HOU,68,57,0.4471,1.0,0,0.3057,0.8049
2006-08-08,2006,R,,CHI,ORL,59,85,0.1355,0.0,1,0.0184,0.1457
2006-08-08,2006,R,,DET,SEA,79,81,0.659,0.0,0,0.4343,1.076
2006-08-08,2006,R,,NYL,IND,44,77,0.3471,0.0,1,0.1205,0.4264
2006-08-08,2006,R,,PHX,MIN,99,68,0.8133,1.0,1,0.0348,0.2066
2006-08-08,2006,R,,WAS,UTA,91,79,0.7758,1.0,1,0.0503,0.2539
2006-08-09,2006,R,,IND,ORL,63,71,0.4393,0.0,1,0.193,0.5786
2006-08-09,2006,R,,LAS,SAC,69,58,0.5617,1.0,1,0.1921,0.5768
2006-08-10,2006,R,,DET,CHI,82,48,0.9029,1.0,1,0.0094,0.1022
2006-08-10,2006,R,,HOU,PHX,110,111,0.5853,0.0,0,0.3426,0.8802
2006-08-10,2006,R,,SAC,MIN,74,66,0.8763,1.0,1,0.0153,0.1321
2006-08-10,2006,R,,UTA,SEA,75,65,0.376,1.0,0,0.3894,0.9782
2006-08-11,2006,R,,ORL,IND,68,87,0.7921,0.0,0,0.6274,1.5707
2006-08-11,2006,R,,NYL,CHA,64,62,0.5809,1.0,1,0.1756,0.5431
2006-08-11,2006,R,,WAS,DET,78,66,0.5665,1.0,1,0.1879,0.5683
2006-08-12,2006,R,,CHA,CHI,84,57,0.7457,1.0,1,0.0647,0.2935
2006-08-12,2006,R,,HOU,SEA,89,72,0.5555,1.0,1,0.1976,0.5879
2006-08-12,2006,R,,UTA,PHX,93,95,0.4257,0.0,1,0.1812,0.5546
2006-08-13,2006,R,,DET,ORL,88,65,0.4484,1.0,0,0.3042,0.802
2006-08-13,2006,R,,IND,CHI,73,80,0.9252,0.0,0,0.8561,2.5936
2006-08-13,2006,R,,LAS,MIN,78,59,0.8884,1.0,1,0.0124,0.1183
2006-08-13,2006,R,,NYL,WAS,93,81,0.4087,1.0,0,0.3496,0.8947
2006-08-13,2006,R,,PHX,SAC,81,71,0.4511,1.0,0,0.3013,0.796
2006-08-17,2006,P,1.0,HOU,SAC,78,93,0.4944,0.0,1,0.2445,0.6821
2006-08-17,2006,P,1.0,IND,DET,56,68,0.6007,0.0,0,0.3609,0.9181
2006-08-18,2006,P,1.0,SEA,LAS,84,72,0.5104,1.0,1,0.2397,0.6725
2006-08-18,2006,P,1.0,WAS,ORL,61,76,0.395,0.0,1,0.156,0.5025
2006-08-19,2006,P,1.0,DET,IND,98,83,0.6903,1.0,1,0.0959,0.3707
2006-08-19,2006,P,1.0,SAC,HOU,92,64,0.7836,1.0,1,0.0468,0.2439
2006-08-20,2006,P,1.0,ORL,WAS,68,65,0.825,1.0,1,0.0306,0.1923
2006-08-20,2006,P,1.0,LAS,SEA,78,70,0.6967,1.0,1,0.092,0.3614
2006-08-22,2006,P,1.0,LAS,SEA,68,63,0.7175,1.0,1,0.0798,0.332
2006-08-24,2006,P,2.0,DET,ORL,70,59,0.5564,1.0,1,0.1968,0.5862
2006-08-24,2006,P,2.0,SAC,LAS,64,61,0.6947,1.0,1,0.0932,0.3643
2006-08-26,2006,P,2.0,ORL,DET,77,68,0.6574,1.0,1,0.1174,0.4194
2006-08-26,2006,P,2.0,LAS,SAC,58,72,0.5609,0.0,0,0.3146,0.8231
2006-08-27,2006,P,2.0,ORL,DET,55,79,0.6865,0.0,0,0.4712,1.1599
2006-08-30,2006,P,3.0,DET,SAC,71,95,0.5836,0.0,0,0.3406,0.8762
2006-09-01,2006,P,3.0,DET,SAC,73,63,0.5084,1.0,1,0.2417,0.6766
2006-09-03,2006,P,3.0,SAC,DET,89,69,0.6729,1.0,1,0.107,0.3961
2006-09-06,2006,P,3.0,SAC,DET,52,72,0.7147,0.0,0,0.5108,1.2543
2006-09-09,2006,P,3.0,DET,SAC,80,75,0.6146,1.0,1,0.1485,0.4867
2007-05-19,2007,R,,DET,SAC,75,68,0.6328,1.0,1,0.1349,0.4577
2007-05-19,2007,R,,IND,MIN,83,64,0.7408,1.0,1,0.0672,0.3
2007-05-19,2007,R,,PHX,UTA,81,72,0.7233,1.0,1,0.0765,0.3239
2007-05-19,2007,R,,SEA,HOU,82,69,0.6464,1.0,1,0.125,0.4364
2007-05-19,2007,R,,WAS,ORL,80,89,0.5107,0.0,0,0.2608,0.7147
2007-05-20,2007,R,,MIN,SAC,64,74,0.4004,0.0,1,0.1603,0.5114
2007-05-20,2007,R,,NYL,CHI,83,71,0.6938,1.0,1,0.0937,0.3655
2007-05-22,2007,R,,CHI,LAS,64,81,0.3446,0.0,1,0.1187,0.4225
2007-05-22,2007,R,,DET,MIN,85,75,0.8464,1.0,1,0.0236,0.1667
2007-05-22,2007,R,,WAS,SAC,52,70,0.5024,0.0,0,0.2524,0.698
2007-05-23,2007,R,,UTA,ORL,74,71,0.4078,1.0,0,0.3507,0.897
2007-05-23,2007,R,,SEA,PHX,100,87,0.6007,1.0,1,0.1594,0.5096
2007-05-24,2007,R,,IND,LAS,83,70,0.6315,1.0,1,0.1358,0.4596
2007-05-24,2007,R,,NYL,WAS,81,76,0.6553,1.0,1,0.1188,0.4227
2007-05-25,2007,R,,MIN,CHI,77,82,0.6602,0.0,0,0.4358,1.0793
2007-05-25,2007,R,,PHX,HOU,111,85,0.6355,1.0,1,0.1328,0.4533
2007-05-25,2007,R,,UTA,SEA,82,71,0.4937,1.0,0,0.2564,0.7059
2007-05-26,2007,R,,ORL,LAS,68,88,0.6832,0.0,0,0.4668,1.1495
2007-05-29,2007,R,,HOU,UTA,71,82,0.6125,0.0,0,0.3752,0.9481
2007-05-29,2007,R,,MIN,IND,75,89,0.366,0.0,1,0.134,0.4557
2007-05-29,2007,R,,PHX,SAC,76,75,0.4914,1.0,0,0.2587,0.7106
2007-05-30,2007,R,,DET,WAS,94,79,0.8222,1.0,1,0.0316,0.1958
2007-05-31,2007,R,,CHI,ORL,97,102,0.4093,0.0,1,0.1675,0.5264
2007-05-31,2007,R,,UTA,PHX,85,97,0.5293,0.0,0,0.2802,0.7536
2007-06-01,2007,R,,MIN,NYL,60,70,0.4374,0.0,1,0.1913,0.5752
2007-06-01,2007,R,,WAS,CHI,70,75,0.7295,0.0,0,0.5321,1.3074
2007-06-02,2007,R,,ORL,PHX,76,67,0.6024,1.0,1,0.1581,0.5069
2007-06-02,2007,R,,HOU,DET,71,77,0.403,0.0,1,0.1624,0.5158
2007-06-02,2007,R,,SAC,LAS,88,85,0.6003,1.0,1,0.1598,0.5104
2007-06-02,2007,R,,SEA,UTA,68,78,0.7269,0.0,0,0.5284,1.298
2007-06-03,2007,R,,CHI,MIN,78,72,0.6644,1.0,1,0.1126,0.4089
2007-06-03,2007,R,,IND,WAS,70,66,0.8024,1.0,1,0.0391,0.2202
2007-06-03,2007,R,,NYL,PHX,83,82,0.5349,1.0,1,0.2163,0.6257
2007-06-05,2007,R,,NYL,IND,78,67,0.5136,1.0,1,0.2366,0.6664
2007-06-05,2007,R,,PHX,MIN,85,90,0.8351,0.0,0,0.6974,1.8026
2007-06-05,2007,R,,SAC,UTA,74,57,0.7507,1.0,1,0.0622,0.2868
2007-06-06,2007,R,,IND,HOU,84,59,0.7233,1.0,1,0.0766,0.3239
2007-06-07,2007,R,,PHX,CHI,80,66,0.7384,1.0,1,0.0685,0.3033
2007-06-07,2007,R,,SAC,SEA,81,72,0.7139,1.0,1,0.0819,0.337
2007-06-08,2007,R,,HOU,ORL,77,88,0.3659,0.0,1,0.1339,0.4555
2007-06-08,2007,R,,LAS,MIN,90,87,0.8575,1.0,1,0.0203,0.1538
2007-06-08,2007,R,,NYL,DET,57,67,0.4085,0.0,1,0.1668,0.525
2007-06-08,2007,R,,WAS,IND,69,74,0.4759,0.0,1,0.2265,0.646
2007-06-09,2007,R,,SAC,PHX,70,74,0.7174,0.0,0,0.5147,1.2637
2007-06-09,2007,R,,UTA,CHI,60,70,0.7655,0.0,0,0.586,1.4504
2007-06-09,2007,R,,SEA,MIN,90,76,0.7884,1.0,1,0.0448,0.2378
2007-06-10,2007,R,,ORL,DET,74,79,0.5449,0.0,0,0.2969,0.7871
2007-06-10,2007,R,,IND,NYL,80,61,0.7187,1.0,1,0.0792,0.3304
2007-06-11,2007,R,,HOU,SAC,67,82,0.3719,0.0,1,0.1383,0.465
2007-06-12,2007,R,,CHI,SEA,69,81,0.4987,0.0,1,0.2487,0.6906
2007-06-12,2007,R,,NYL,WAS,79,69,0.6611,1.0,1,0.1149,0.4139
2007-06-13,2007,R,,IND,SEA,90,62,0.7392,1.0,1,0.068,0.3022
2007-06-13,2007,R,,LAS,HOU,74,71,0.8373,1.0,1,0.0265,0.1776
2007-06-13,2007,R,,MIN,ORL,77,73,0.3499,1.0,0,0.4226,1.0501
2007-06-13,2007,R,,WAS,PHX,86,69,0.3651,1.0,0,0.4031,1.0076
2007-06-15,2007,R,,CHI,NYL,73,66,0.4903,1.0,0,0.2598,0.7127
2007-06-15,2007,R,,DET,ORL,75,72,0.7664,1.0,1,0.0546,0.2661
2007-06-15,2007,R,,IND,PHX,78,89,0.6987,0.0,0,0.4882,1.1997
2007-06-15,2007,R,,SEA,HOU,84,71,0.7528,1.0,1,0.0611,0.284
2007-06-15,2007,R,,WAS,LAS,80,89,0.4192,0.0,1,0.1757,0.5433
2007-06-16,2007,R,,DET,IND,67,77,0.7164,0.0,0,0.5132,1.2602
2007-06-16,2007,R,,MIN,LAS,83,58,0.3666,1.0,0,0.4012,1.0034
2007-06-16,2007,R,,SAC,HOU,75,63,0.8776,1.0,1,0.015,0.1305
2007-06-16,2007,R,,UTA,NYL,79,71,0.6383,1.0,1,0.1308,0.4489
2007-06-17,2007,R,,ORL,CHI,74,87,0.7807,0.0,0,0.6095,1.5172
2007-06-18,2007,R,,LAS,DET,73,79,0.5157,0.0,0,0.266,0.7251
2007-06-19,2007,R,,CHI,SAC,52,54,0.3457,0.0,1,0.1195,0.4243
2007-06-20,2007,R,,ORL,NYL,73,76,0.6733,0.0,0,0.4534,1.1188
2007-06-20,2007,R,,HOU,LAS,74,64,0.4383,1.0,0,0.3155,0.8248
2007-06-20,2007,R,,PHX,WAS,101,106,0.7804,0.0,0,0.6091,1.5161
2007-06-20,2007,R,,UTA,MIN,80,73,0.7142,1.0,1,0.0817,0.3365
2007-06-20,2007,R,,SEA,DET,71,87,0.4817,0.0,1,0.232,0.6571
2007-06-22,2007,R,,HOU,WAS,95,85,0.5688,1.0,1,0.186,0.5643
2007-06-22,2007,R,,IND,ORL,74,78,0.7581,0.0,0,0.5748,1.4194
2007-06-22,2007,R,,LAS,SAC,96,88,0.46,1.0,0,0.2916,0.7765
2007-06-22,2007,R,,MIN,SEA,78,76,0.4667,1.0,0,0.2844,0.7621
2007-06-22,2007,R,,NYL,UTA,63,70,0.6228,0.0,0,0.3879,0.975
2007-06-22,2007,R,,PHX,DET,84,87,0.4468,0.0,1,0.1996,0.592
2007-06-23,2007,R,,CHI,WAS,86,99,0.6739,0.0,0,0.4542,1.1207
2007-06-23,2007,R,,ORL,UTA,58,71,0.6614,0.0,0,0.4375,1.0831
2007-06-23,2007,R,,SAC,DET,85,75,0.5389,1.0,1,0.2126,0.6181
2007-06-24,2007,R,,LAS,SEA,71,83,0.6888,0.0,0,0.4745,1.1675
2007-06-24,2007,R,,NYL,IND,63,74,0.4583,0.0,1,0.21,0.613
2007-06-24,2007,R,,PHX,HOU,90,85,0.7596,1.0,1,0.0578,0.275
2007-06-26,2007,R,,ORL,WAS,75,91,0.6962,0.0,0,0.4847,1.1914
2007-06-26,2007,R,,HOU,UTA,75,67,0.4382,1.0,0,0.3156,0.8251
2007-06-26,2007,R,,SAC,NYL,59,46,0.8278,1.0,1,0.0296,0.1889
2007-06-26,2007,R,,SEA,CHI,94,76,0.724,1.0,1,0.0762,0.3229
2007-06-27,2007,R,,DET,ORL,77,74,0.8407,1.0,1,0.0254,0.1736
2007-06-27,2007,R,,LAS,SAC,74,66,0.5069,1.0,1,0.2432,0.6795
2007-06-28,2007,R,,HOU,SEA,81,76,0.4815,1.0,0,0.2689,0.7309
2007-06-29,2007,R,,ORL,IND,72,67,0.4114,1.0,0,0.3464,0.8881
2007-06-29,2007,R,,LAS,NYL,68,80,0.707,0.0,0,0.4999,1.2277
2007-06-29,2007,R,,SAC,CHI,84,92,0.8381,0.0,0,0.7024,1.8206
2007-06-29,2007,R,,UTA,MIN,66,77,0.7118,0.0,0,0.5067,1.2443
2007-06-29,2007,R,,WAS,DET,65,64,0.3797,1.0,0,0.3848,0.9684
2007-06-30,2007,R,,HOU,PHX,75,92,0.4312,0.0,1,0.1859,0.5642
2007-07-01,2007,R,,DET,UTA,68,71,0.8067,0.0,0,0.6508,1.6435
2007-07-01,2007,R,,LAS,CHI,71,74,0.7333,0.0,0,0.5378,1.3217
2007-07-01,2007,R,,SAC,MIN,76,68,0.819,1.0,1,0.0327,0.1996
2007-07-01,2007,R,,SEA,NYL,84,53,0.69,1.0,1,0.0961,0.3711
2007-07-01,2007,R,,WAS,IND,62,69,0.4803,0.0,1,0.2307,0.6545
2007-07-03,2007,R,,MIN,PHX,79,95,0.4059,0.0,1,0.1647,0.5206
2007-07-03,2007,R,,SEA,LAS,90,71,0.655,1.0,1,0.119,0.4231
2007-07-03,2007,R,,WAS,UTA,79,84,0.5785,0.0,0,0.3347,0.864
2007-07-05,2007,R,,LAS,IND,56,57,0.419,0.0,1,0.1755,0.543
2007-07-06,2007,R,,DET,NYL,81,82,0.8197,0.0,0,0.6719,1.713
2007-07-06,2007,R,,HOU,SEA,55,71,0.4961,0.0,1,0.2461,0.6853
2007-07-06,2007,R,,MIN,SAC,80,85,0.2976,0.0,1,0.0886,0.3533
2007-07-06,2007,R,,PHX,ORL,111,109,0.6724,1.0,1,0.1073,0.3969
2007-07-07,2007,R,,CHI,WAS,73,77,0.6285,0.0,0,0.395,0.9901
2007-07-07,2007,R,,LAS,ORL,89,110,0.6264,0.0,0,0.3924,0.9847
2007-07-07,2007,R,,UTA,SEA,80,73,0.6039,1.0,1,0.1569,0.5043
2007-07-08,2007,R,,DET,PHX,111,82,0.6851,1.0,1,0.0992,0.3782
2007-07-08,2007,R,,IND,CHI,86,70,0.8471,1.0,1,0.0234,0.166
2007-07-08,2007,R,,MIN,HOU,67,79,0.6107,0.0,0,0.3729,0.9433
2007-07-08,2007,R,,NYL,SAC,71,61,0.4132,1.0,0,0.3443,0.8837
2007-07-10,2007,R,,DET,CHI,92,84,0.855,1.0,1,0.021,0.1567
2007-07-10,2007,R,,HOU,IND,77,79,0.3637,0.0,1,0.1323,0.4521
2007-07-10,2007,R,,LAS,SEA,47,82,0.4832,0.0,1,0.2335,0.6601
2007-07-10,2007,R,,WAS,MIN,91,83,0.7533,1.0,1,0.0608,0.2832
2007-07-11,2007,R,,PHX,UTA,77,87,0.6398,0.0,0,0.4093,1.0211
2007-07-11,2007,R,,SEA,ORL,63,76,0.6517,0.0,0,0.4247,1.0547
2007-07-12,2007,R,,CHI,DET,65,78,0.3001,0.0,1,0.09,0.3568
2007-07-12,2007,R,,HOU,MIN,87,77,0.6789,1.0,1,0.1031,0.3873
2007-07-12,2007,R,,IND,NYL,79,63,0.7387,1.0,1,0.0683,0.3028
2007-07-12,2007,R,,SAC,ORL,78,82,0.7328,0.0,0,0.537,1.3198
2007-07-17,2007,R,,ORL,MIN,84,79,0.8272,1.0,1,0.0299,0.1897
2007-07-17,2007,R,,LAS,UTA,61,63,0.4741,0.0,1,0.2248,0.6426
2007-07-17,2007,R,,PHX,SEA,89,79,0.6009,1.0,1,0.1593,0.5093
2007-07-18,2007,R,,DET,NYL,87,82,0.8172,1.0,1,0.0334,0.2018
2007-07-18,2007,R,,IND,CHI,75,74,0.851,1.0,1,0.0222,0.1613
2007-07-18,2007,R,,WAS,HOU,65,58,0.7223,1.0,1,0.0771,0.3253
2007-07-20,2007,R,,ORL,SEA,76,58,0.6403,1.0,1,0.1294,0.4459
2007-07-20,2007,R,,IND,DET,80,89,0.5757,0.0,0,0.3315,0.8574
2007-07-20,2007,R,,MIN,WAS,87,91,0.4627,0.0,1,0.2141,0.6212
2007-07-20,2007,R,,NYL,HOU,74,80,0.6841,0.0,0,0.4679,1.1522
2007-07-20,2007,R,,PHX,LAS,77,87,0.776,0.0,0,0.6022,1.4961
2007-07-20,2007,R,,UTA,SAC,81,71,0.5334,1.0,1,0.2177,0.6284
2007-07-21,2007,R,,CHI,IND,68,65,0.3724,1.0,0,0.3938,0.9877
2007-07-21,2007,R,,DET,WAS,66,58,0.8179,1.0,1,0.0332,0.201
2007-07-22,2007,R,,CHI,UTA,84,82,0.3764,1.0,0,0.3889,0.9771
2007-07-22,2007,R,,ORL,HOU,81,79,0.7752,1.0,1,0.0505,0.2546
2007-07-22,2007,R,,NYL,SEA,75,77,0.5201,0.0,0,0.2705,0.7341
2007-07-22,2007,R,,PHX,MIN,106,93,0.8184,1.0,1,0.033,0.2004
2007-07-24,2007,R,,ORL,DET,88,92,0.4503,0.0,1,0.2028,0.5984
2007-07-24,2007,R,,IND,UTA,63,71,0.6888,0.0,0,0.4745,1.1674
2007-07-24,2007,R,,SAC,LAS,67,59,0.7722,1.0,1,0.0519,0.2585
2007-07-24,2007,R,,WAS,SEA,97,96,0.5792,1.0,1,0.1771,0.5461
2007-07-25,2007,R,,MIN,PHX,79,103,0.3542,0.0,1,0.1254,0.4372
2007-07-26,2007,R,,ORL,NYL,79,75,0.7275,1.0,1,0.0743,0.3182
2007-07-26,2007,R,,DET,CHI,73,83,0.8603,0.0,0,0.74,1.9679
2007-07-26,2007,R,,SAC,IND,60,50,0.6118,1.0,1,0.1507,0.4914
2007-07-27,2007,R,,CHI,PHX,96,98,0.4468,0.0,1,0.1996,0.592
2007-07-27,2007,R,,MIN,LAS,85,76,0.4509,1.0,0,0.3015,0.7965
2007-07-27,2007,R,,UTA,HOU,63,69,0.7518,0.0,0,0.5653,1.3937
2007-07-27,2007,R,,SEA,IND,89,75,0.6088,1.0,1,0.153,0.4962
2007-07-28,2007,R,,WAS,DET,64,76,0.4268,0.0,1,0.1822,0.5566
2007-07-29,2007,R,,CHI,HOU,88,70,0.5963,1.0,1,0.163,0.517
2007-07-29,2007,R,,DET,LAS,75,73,0.8663,1.0,1,0.0179,0.1436
2007-07-29,2007,R,,NYL,ORL,61,67,0.4345,0.0,1,0.1888,0.5701
2007-07-29,2007,R,,PHX,IND,80,75,0.6219,1.0,1,0.143,0.475
2007-07-29,2007,R,,SAC,MIN,73,78,0.8756,0.0,0,0.7667,2.0841
2007-07-29,2007,R,,SEA,UTA,88,92,0.5961,0.0,0,0.3554,0.9066
2007-07-31,2007,R,,ORL,CHI,74,56,0.7726,1.0,1,0.0517,0.258
2007-07-31,2007,R,,HOU,PHX,74,76,0.4348,0.0,1,0.189,0.5705
2007-07-31,2007,R,,IND,WAS,66,57,0.6772,1.0,1,0.1042,0.3898
2007-07-31,2007,R,,NYL,LAS,63,73,0.6353,0.0,0,0.4036,1.0087
2007-07-31,2007,R,,UTA,DET,79,84,0.4667,0.0,1,0.2178,0.6287
2007-07-31,2007,R,,SEA,SAC,74,78,0.5627,0.0,0,0.3166,0.8271
2007-08-02,2007,R,,NYL,MIN,71,66,0.6376,1.0,1,0.1313,0.45
2007-08-02,2007,R,,UTA,PHX,79,84,0.602,0.0,0,0.3624,0.9213
2007-08-03,2007,R,,CHI,DET,60,66,0.283,0.0,1,0.0801,0.3326
2007-08-03,2007,R,,HOU,LAS,66,56,0.6071,1.0,1,0.1544,0.4991
2007-08-03,2007,R,,SAC,SEA,82,76,0.7018,1.0,1,0.0889,0.3541
2007-08-03,2007,R,,WAS,NYL,80,68,0.7294,1.0,1,0.0733,0.3156
2007-08-04,2007,R,,ORL,IND,84,59,0.6632,1.0,1,0.1134,0.4107
2007-08-04,2007,R,,MIN,HOU,77,80,0.5231,0.0,0,0.2736,0.7404
2007-08-04,2007,R,,UTA,LAS,86,67,0.7819,1.0,1,0.0476,0.246
2007-08-04,2007,R,,SEA,PHX,111,101,0.4853,1.0,0,0.2649,0.723
2007-08-05,2007,R,,IND,SAC,63,55,0.5272,1.0,1,0.2236,0.6402
2007-08-05,2007,R,,WAS,CHI,71,66,0.6797,1.0,1,0.1026,0.3862
2007-08-07,2007,R,,CHI,IND,70,75,0.4459,0.0,1,0.1988,0.5904
2007-08-07,2007,R,,ORL,SAC,79,81,0.6756,0.0,0,0.4565,1.1259
2007-08-07,2007,R,,HOU,NYL,71,77,0.6504,0.0,0,0.423,1.0508
2007-08-07,2007,R,,LAS,PHX,93,96,0.3982,0.0,1,0.1586,0.5078
2007-08-07,2007,R,,MIN,SEA,95,74,0.3685,1.0,0,0.3988,0.9984
2007-08-07,2007,R,,UTA,WAS,73,77,0.7194,0.0,0,0.5175,1.2707
2007-08-09,2007,R,,DET,SEA,97,70,0.8562,1.0,1,0.0207,0.1552
2007-08-09,2007,R,,LAS,WAS,75,80,0.4814,0.0,1,0.2318,0.6567
2007-08-09,2007,R,,PHX,NYL,97,86,0.7969,1.0,1,0.0413,0.2271
2007-08-09,2007,R,,UTA,SAC,72,61,0.5507,1.0,1,0.2018,0.5965
2007-08-10,2007,R,,HOU,SAC,83,75,0.4657,1.0,0,0.2854,0.7641
2007-08-11,2007,R,,CHI,ORL,66,88,0.3801,0.0,1,0.1445,0.4782
2007-08-11,2007,R,,DET,IND,74,69,0.7515,1.0,1,0.0618,0.2857
2007-08-11,2007,R,,PHX,LAS,100,83,0.8261,1.0,1,0.0303,0.1911
2007-08-11,2007,R,,UTA,HOU,63,60,0.7651,1.0,1,0.0552,0.2677
2007-08-11,2007,R,,SEA,WAS,91,68,0.5878,1.0,1,0.1699,0.5314
2007-08-12,2007,R,,LAS,MIN,89,80,0.6076,1.0,1,0.154,0.4982
2007-08-12,2007,R,,NYL,DET,85,84,0.2744,1.0,0,0.5265,1.2931
2007-08-12,2007,R,,SAC,WAS,86,82,0.7175,1.0,1,0.0798,0.332
2007-08-14,2007,R,,CHI,NYL,77,65,0.6074,1.0,1,0.1541,0.4986
2007-08-14,2007,R,,DET,HOU,73,81,0.8633,0.0,0,0.7452,1.9897
2007-08-14,2007,R,,LAS,UTA,77,84,0.3799,0.0,1,0.1443,0.4778
2007-08-14,2007,R,,SEA,MIN,81,67,0.8121,1.0,1,0.0353,0.2081
2007-08-14,2007,R,,WAS,ORL,65,64,0.439,1.0,0,0.3147,0.8233
2007-08-15,2007,R,,IND,ORL,74,77,0.6069,0.0,0,0.3683,0.9336
2007-08-15,2007,R,,SAC,UTA,81,74,0.6623,1.0,1,0.114,0.412
2007-08-16,2007,R,,HOU,CHI,70,81,0.676,0.0,0,0.457,1.127
2007-08-16,2007,R,,MIN,DET,87,77,0.2013,1.0,0,0.6379,1.603
2007-08-16,2007,R,,WAS,NYL,72,73,0.7248,0.0,0,0.5254,1.2904
2007-08-17,2007,R,,NYL,ORL,74,66,0.3476,1.0,0,0.4256,1.0566
2007-08-17,2007,R,,SAC,PHX,91,101,0.5518,0.0,0,0.3045,0.8025
2007-08-17,2007,R,,UTA,IND,55,59,0.6371,0.0,0,0.406,1.0137
2007-08-17,2007,R,,SEA,LAS,97,77,0.7658,1.0,1,0.0549,0.2669
2007-08-19,2007,R,,ORL,WAS,74,76,0.7256,0.0,0,0.5265,1.2932
2007-08-19,2007,R,,IND,DET,72,66,0.4539,1.0,0,0.2982,0.7898
2007-08-19,2007,R,,LAS,HOU,72,82,0.5186,0.0,0,0.269,0.7311
2007-08-19,2007,R,,MIN,UTA,81,55,0.3986,1.0,0,0.3616,0.9197
2007-08-19,2007,R,,NYL,CHI,58,52,0.6052,1.0,1,0.1558,0.5021
2007-08-19,2007,R,,PHX,SAC,87,73,0.6821,1.0,1,0.1011,0.3826
2007-08-23,2007,P,1.0,ORL,IND,93,88,0.632,1.0,1,0.1354,0.4589
2007-08-23,2007,P,1.0,SAC,UTA,86,65,0.6587,1.0,1,0.1165,0.4175
2007-08-24,2007,P,1.0,NYL,DET,73,51,0.3539,1.0,0,0.4174,1.0387
2007-08-24,2007,P,1.0,SEA,PHX,84,101,0.5354,0.0,0,0.2866,0.7665
2007-08-25,2007,P,1.0,IND,ORL,78,59,0.5814,1.0,1,0.1752,0.5423
2007-08-25,2007,P,1.0,UTA,SAC,86,61,0.5335,1.0,1,0.2176,0.6283
2007-08-26,2007,P,1.0,DET,NYL,76,73,0.7803,1.0,1,0.0482,0.248
2007-08-26,2007,P,1.0,PHX,SEA,95,89,0.7768,1.0,1,0.0498,0.2526
2007-08-27,2007,P,1.0,IND,ORL,93,88,0.6304,1.0,1,0.1366,0.4614
2007-08-27,2007,P,1.0,UTA,SAC,80,78,0.596,1.0,1,0.1632,0.5175
2007-08-28,2007,P,1.0,DET,NYL,71,70,0.789,1.0,1,0.0445,0.237
2007-08-30,2007,P,2.0,UTA,PHX,100,102,0.4386,0.0,1,0.1923,0.5772
2007-08-31,2007,P,2.0,IND,DET,75,65,0.5874,1.0,1,0.1703,0.5321
2007-09-01,2007,P,2.0,PHX,UTA,98,92,0.7732,1.0,1,0.0514,0.2572
2007-09-02,2007,P,2.0,DET,IND,77,63,0.6322,1.0,1,0.1353,0.4585
2007-09-03,2007,P,2.0,DET,IND,81,65,0.6713,1.0,1,0.108,0.3985
2007-09-05,2007,P,3.0,DET,PHX,108,100,0.5471,1.0,1,0.2051,0.6031
2007-09-08,2007,P,3.0,DET,PHX,70,98,0.6368,0.0,0,0.4056,1.0129
2007-09-11,2007,P,3.0,PHX,DET,83,88,0.7047,0.0,0,0.4966,1.2197
2007-09-13,2007,P,3.0,PHX,DET,77,76,0.6525,1.0,1,0.1208,0.427
2007-09-16,2007,P,3.0,DET,PHX,92,108,0.5615,0.0,0,0.3153,0.8245
2008-05-17,2008,R,,ORL,ATL,100,67,0.6559,1.0,1,0.1184,0.4218
2008-05-17,2008,R,,DET,HOU,85,66,0.7114,1.0,1,0.0833,0.3405
2008-05-17,2008,R,,IND,WAS,64,53,0.6641,1.0,1,0.1128,0.4093
2008-05-17,2008,R,,PHX,LAS,94,99,0.8047,0.0,0,0.6476,1.6334
2008-05-17,2008,R,,SAC,UTA,73,64,0.6287,1.0,1,0.1378,0.464
2008-05-17,2008,R,,SEA,CHI,67,61,0.6654,1.0,1,0.112,0.4074
2008-05-18,2008,R,,MIN,DET,84,70,0.478,1.0,0,0.2725,0.7382
2008-05-18,2008,R,,NYL,ORL,63,77,0.5539,0.0,0,0.3068,0.8072
2008-05-20,2008,R,,UTA,PHX,81,76,0.5017,1.0,1,0.2483,0.6897
2008-05-20,2008,R,,SEA,SAC,74,62,0.5925,1.0,1,0.1661,0.5235
2008-05-21,2008,R,,DET,IND,76,71,0.5944,1.0,1,0.1645,0.5203
2008-05-22,2008,R,,CHI,SAC,87,77,0.5829,1.0,1,0.174,0.5397
2008-05-22,2008,R,,NYL,WAS,79,60,0.5639,1.0,1,0.1901,0.5728
2008-05-22,2008,R,,PHX,SEA,83,87,0.6788,0.0,0,0.4608,1.1357
2008-05-23,2008,R,,ATL,DET,76,88,0.5631,0.0,0,0.3171,0.8281
2008-05-24,2008,R,,ORL,SAC,87,64,0.742,1.0,1,0.0666,0.2984
2008-05-24,2008,R,,UTA,SEA,87,72,0.623,1.0,1,0.1422,0.4733
2008-05-25,2008,R,,ATL,LAS,56,74,0.59,0.0,0,0.3481,0.8916
2008-05-25,2008,R,,DET,NYL,72,62,0.7107,1.0,1,0.0837,0.3415
2008-05-25,2008,R,,WAS,HOU,69,66,0.5821,1.0,1,0.1746,0.5411
2008-05-27,2008,R,,ORL,IND,46,75,0.6338,0.0,0,0.4017,1.0047
2008-05-27,2008,R,,HOU,MIN,92,98,0.5639,0.0,0,0.318,0.8299
2008-05-27,2008,R,,WAS,ATL,80,74,0.672,1.0,1,0.1076,0.3974
2008-05-29,2008,R,,CHI,MIN,69,75,0.6483,0.0,0,0.4202,1.0448
2008-05-29,2008,R,,IND,LAS,82,78,0.6943,1.0,1,0.0934,0.3648
2008-05-30,2008,R,,ORL,NYL,89,84,0.6703,1.0,1,0.1087,0.4001
2008-05-30,2008,R,,SAC,HOU,73,66,0.7169,1.0,1,0.0801,0.3328
2008-05-30,2008,R,,SEA,UTA,78,57,0.6197,1.0,1,0.1446,0.4785
2008-05-31,2008,R,,IND,DET,65,74,0.5636,0.0,0,0.3176,0.8291
2008-05-31,2008,R,,MIN,PHX,94,83,0.492,1.0,0,0.2581,0.7093
2008-05-31,2008,R,,WAS,LAS,59,70,0.6837,0.0,0,0.4675,1.1511
2008-06-01,2008,R,,CHI,ORL,73,75,0.4939,0.0,1,0.244,0.6811
2008-06-01,2008,R,,SEA,HOU,64,63,0.747,1.0,1,0.064,0.2917
2008-06-03,2008,R,,ATL,MIN,81,85,0.5529,0.0,0,0.3057,0.805
2008-06-03,2008,R,,CHI,LAS,77,81,0.5231,0.0,0,0.2736,0.7404
2008-06-03,2008,R,,HOU,UTA,75,72,0.4687,1.0,0,0.2823,0.7578
2008-06-03,2008,R,,NYL,SEA,77,63,0.5573,1.0,1,0.1959,0.5846
2008-06-03,2008,R,,PHX,WAS,98,93,0.7074,1.0,1,0.0856,0.3461
2008-06-04,2008,R,,DET,SEA,77,67,0.7441,1.0,1,0.0655,0.2955
2008-06-06,2008,R,,ATL,CHI,72,86,0.6029,0.0,0,0.3634,0.9235
2008-06-06,2008,R,,ORL,MIN,78,77,0.712,1.0,1,0.083,0.3397
2008-06-06,2008,R,,LAS,PHX,79,85,0.5644,0.0,0,0.3186,0.8311
2008-06-06,2008,R,,NYL,HOU,81,73,0.6725,1.0,1,0.1073,0.3968
2008-06-06,2008,R,,SAC,DET,70,84,0.5092,0.0,0,0.2593,0.7117
2008-06-06,2008,R,,UTA,WAS,63,52,0.6643,1.0,1,0.1127,0.4091
2008-06-07,2008,R,,CHI,ATL,91,70,0.6903,1.0,1,0.0959,0.3707
2008-06-07,2008,R,,IND,HOU,84,75,0.7987,1.0,1,0.0405,0.2248
2008-06-07,2008,R,,SEA,DET,75,67,0.5204,1.0,1,0.23,0.6531
2008-06-08,2008,R,,ORL,WAS,87,79,0.764,1.0,1,0.0557,0.2692
2008-06-08,2008,R,,MIN,UTA,90,78,0.6355,1.0,1,0.1328,0.4533
2008-06-08,2008,R,,NYL,SAC,63,70,0.6365,0.0,0,0.4051,1.0119
2008-06-10,2008,R,,MIN,ORL,66,75,0.5554,0.0,0,0.3085,0.8107
2008-06-11,2008,R,,ATL,NYL,77,81,0.5135,0.0,0,0.2636,0.7204
2008-06-11,2008,R,,LAS,DET,80,73,0.4704,1.0,0,0.2805,0.7542
2008-06-11,2008,R,,UTA,IND,64,53,0.4981,1.0,0,0.2519,0.6969
2008-06-11,2008,R,,SEA,PHX,83,77,0.5638,1.0,1,0.1902,0.573
2008-06-11,2008,R,,WAS,SAC,76,79,0.5432,0.0,0,0.295,0.7834
2008-06-12,2008,R,,MIN,SAC,78,82,0.6477,0.0,0,0.4195,1.0431
2008-06-13,2008,R,,ATL,IND,67,76,0.3745,0.0,1,0.1403,0.4692
2008-06-13,2008,R,,CHI,WAS,57,64,0.7037,0.0,0,0.4952,1.2164
2008-06-13,2008,R,,LAS,ORL,98,93,0.4703,1.0,0,0.2806,0.7543
2008-06-13,2008,R,,UTA,SEA,74,69,0.5675,1.0,1,0.1871,0.5665
2008-06-14,2008,R,,HOU,SEA,68,60,0.5126,1.0,1,0.2375,0.6682
2008-06-14,2008,R,,NYL,MIN,77,76,0.6233,1.0,1,0.1419,0.4728
2008-06-14,2008,R,,PHX,DET,79,89,0.5477,0.0,0,0.2999,0.7934
2008-06-14,2008,R,,SAC,LAS,66,74,0.652,0.0,0,0.4251,1.0556
2008-06-15,2008,R,,IND,UTA,60,70,0.6682,0.0,0,0.4465,1.1032
2008-06-16,2008,R,,HOU,ATL,88,79,0.6975,1.0,1,0.0915,0.3602
2008-06-16,2008,R,,SEA,ORL,67,74,0.5135,0.0,0,0.2637,0.7205
2008-06-18,2008,R,,ATL,UTA,66,81,0.3385,0.0,1,0.1146,0.4133
2008-06-18,2008,R,,HOU,WAS,63,67,0.5725,0.0,0,0.3278,0.8499
2008-06-18,2008,R,,IND,NYL,83,69,0.6544,1.0,1,0.1195,0.4241
2008-06-18,2008,R,,LAS,CHI,80,67,0.7079,1.0,1,0.0853,0.3454
2008-06-18,2008,R,,PHX,ORL,102,81,0.5735,1.0,1,0.1819,0.556
2008-06-20,2008,R,,DET,MIN,98,93,0.7654,1.0,1,0.055,0.2674
2008-06-20,2008,R,,PHX,CHI,112,105,0.7534,1.0,1,0.0608,0.2832
2008-06-20,2008,R,,SAC,ORL,56,72,0.5628,0.0,0,0.3168,0.8275
2008-06-20,2008,R,,UTA,LAS,77,75,0.6293,1.0,1,0.1375,0.4632
2008-06-20,2008,R,,SEA,IND,78,70,0.6083,1.0,1,0.1534,0.497
2008-06-20,2008,R,,WAS,ATL,72,61,0.7637,1.0,1,0.0558,0.2696
2008-06-21,2008,R,,MIN,HOU,65,72,0.6445,0.0,0,0.4154,1.0342
2008-06-22,2008,R,,ATL,DET,76,97,0.2431,0.0,1,0.0591,0.2785
2008-06-22,2008,R,,LAS,IND,77,63,0.6157,1.0,1,0.1477,0.4851
2008-06-22,2008,R,,NYL,PHX,105,72,0.563,1.0,1,0.1909,0.5744
2008-06-22,2008,R,,SAC,CHI,82,70,0.6865,1.0,1,0.0983,0.3761
2008-06-24,2008,R,,ORL,DET,85,68,0.6213,1.0,1,0.1434,0.4759
2008-06-24,2008,R,,IND,SAC,78,73,0.6574,1.0,1,0.1174,0.4195
2008-06-24,2008,R,,LAS,SEA,76,62,0.6151,1.0,1,0.1482,0.486
2008-06-24,2008,R,,MIN,NYL,91,69,0.5949,1.0,1,0.1641,0.5194
2008-06-24,2008,R,,UTA,HOU,81,82,0.7645,0.0,0,0.5845,1.4462
2008-06-24,2008,R,,WAS,PHX,90,98,0.5805,0.0,0,0.337,0.8687
2008-06-26,2008,R,,CHI,PHX,79,89,0.4875,0.0,1,0.2377,0.6685
2008-06-26,2008,R,,DET,ORL,70,61,0.6198,1.0,1,0.1445,0.4783
2008-06-26,2008,R,,HOU,UTA,77,71,0.5033,1.0,1,0.2467,0.6866
2008-06-26,2008,R,,LAS,WAS,74,77,0.7508,0.0,0,0.5638,1.3896
2008-06-26,2008,R,,MIN,SAC,80,76,0.6214,1.0,1,0.1433,0.4758
2008-06-26,2008,R,,NYL,IND,102,96,0.5552,1.0,1,0.1978,0.5884
2008-06-27,2008,R,,ORL,ATL,109,101,0.8656,1.0,1,0.0181,0.1443
2008-06-28,2008,R,,CHI,DET,76,59,0.3187,1.0,0,0.4641,1.1434
2008-06-28,2008,R,,HOU,IND,75,61,0.5559,1.0,1,0.1972,0.5872
2008-06-28,2008,R,,SAC,NYL,82,78,0.5926,1.0,1,0.166,0.5232
2008-06-28,2008,R,,UTA,MIN,73,65,0.6679,1.0,1,0.1103,0.4036
2008-06-29,2008,R,,ORL,PHX,80,87,0.6542,0.0,0,0.4279,1.0618
2008-06-29,2008,R,,DET,ATL,100,92,0.8784,1.0,1,0.0148,0.1297
2008-06-29,2008,R,,SEA,WAS,64,49,0.708,1.0,1,0.0853,0.3453
2008-07-01,2008,R,,ATL,PHX,79,97,0.2724,0.0,1,0.0742,0.318
2008-07-01,2008,R,,ORL,HOU,78,68,0.7173,1.0,1,0.0799,0.3323
2008-07-01,2008,R,,LAS,NYL,78,89,0.7362,0.0,0,0.5421,1.3327
2008-07-01,2008,R,,MIN,CHI,71,73,0.6924,0.0,0,0.4795,1.1791
2008-07-01,2008,R,,SAC,WAS,87,81,0.6772,1.0,1,0.1042,0.3897
2008-07-01,2008,R,,UTA,DET,79,72,0.5565,1.0,1,0.1967,0.5861
2008-07-02,2008,R,,IND,CHI,74,67,0.7365,1.0,1,0.0694,0.3058
2008-07-03,2008,R,,ATL,HOU,65,72,0.3786,0.0,1,0.1433,0.4758
2008-07-03,2008,R,,LAS,MIN,70,88,0.6864,0.0,0,0.4711,1.1596
2008-07-03,2008,R,,UTA,SAC,68,67,0.695,1.0,1,0.093,0.3638
2008-07-03,2008,R,,SEA,NYL,84,71,0.6699,1.0,1,0.109,0.4007
2008-07-05,2008,R,,ATL,CHI,91,84,0.4088,1.0,0,0.3495,0.8945
2008-07-05,2008,R,,HOU,SAC,73,65,0.6232,1.0,1,0.142,0.4729
2008-07-05,2008,R,,IND,ORL,81,74,0.4815,1.0,0,0.2688,0.7308
2008-07-05,2008,R,,PHX,NYL,83,93,0.7642,0.0,0,0.584,1.4448
2008-07-05,2008,R,,SEA,MIN,96,71,0.6545,1.0,1,0.1193,0.4238
2008-07-06,2008,R,,LAS,PHX,91,80,0.5739,1.0,1,0.1816,0.5553
2008-07-06,2008,R,,WAS,UTA,75,83,0.5096,0.0,0,0.2597,0.7125
2008-07-08,2008,R,,DET,ORL,88,82,0.6775,1.0,1,0.104,0.3894
2008-07-08,2008,R,,PHX,HOU,99,94,0.6607,1.0,1,0.1151,0.4145
2008-07-08,2008,R,,SAC,SEA,64,79,0.5272,0.0,0,0.2779,0.7491
2008-07-08,2008,R,,UTA,NYL,83,79,0.666,1.0,1,0.1116,0.4065
2008-07-08,2008,R,,WAS,IND,50,48,0.4684,1.0,0,0.2826,0.7583
2008-07-09,2008,R,,LAS,HOU,82,74,0.6832,1.0,1,0.1003,0.3809
2008-07-09,2008,R,,MIN,ATL,67,73,0.8082,0.0,0,0.6532,1.6513
2008-07-10,2008,R,,CHI,UTA,67,75,0.4409,0.0,1,0.1944,0.5815
2008-07-10,2008,R,,SAC,LAS,87,69,0.5562,1.0,1,0.197,0.5867
2008-07-10,2008,R,,SEA,PHX,89,78,0.6226,1.0,1,0.1424,0.4738
2008-07-11,2008,R,,DET,WAS,79,66,0.7991,1.0,1,0.0404,0.2243
2008-07-11,2008,R,,UTA,ATL,82,74,0.864,1.0,1,0.0185,0.1462
2008-07-12,2008,R,,IND,CHI,66,57,0.7815,1.0,1,0.0478,0.2466
2008-07-12,2008,R,,MIN,HOU,85,71,0.5899,1.0,1,0.1682,0.5278
2008-07-12,2008,R,,NYL,DET,74,64,0.5303,1.0,1,0.2206,0.6343
2008-07-12,2008,R,,SAC,PHX,105,97,0.5203,1.0,1,0.2301,0.6534
2008-07-12,2008,R,,SEA,LAS,70,52,0.7082,1.0,1,0.0851,0.345
2008-07-13,2008,R,,CHI,ATL,79,66,0.69,1.0,1,0.0961,0.3711
2008-07-13,2008,R,,WAS,ORL,69,64,0.3859,1.0,0,0.3771,0.9521
2008-07-14,2008,R,,LAS,UTA,75,62,0.4534,1.0,0,0.2988,0.7911
2008-07-15,2008,R,,ORL,NYL,71,77,0.6409,0.0,0,0.4108,1.0242
2008-07-15,2008,R,,PHX,UTA,87,97,0.6047,0.0,0,0.3656,0.928
2008-07-16,2008,R,,DET,CHI,66,63,0.833,1.0,1,0.0279,0.1827
2008-07-16,2008,R,,IND,ATL,77,81,0.8478,0.0,0,0.7187,1.8824
2008-07-17,2008,R,,HOU,MIN,96,88,0.6079,1.0,1,0.1537,0.4977
2008-07-17,2008,R,,NYL,WAS,77,56,0.6928,1.0,1,0.0944,0.367
2008-07-17,2008,R,,PHX,LAS,99,92,0.6044,1.0,1,0.1565,0.5034
2008-07-18,2008,R,,CHI,ORL,73,65,0.4103,1.0,0,0.3477,0.8908
2008-07-18,2008,R,,IND,SEA,59,65,0.4607,0.0,1,0.2123,0.6176
2008-07-18,2008,R,,SAC,ATL,77,73,0.8217,1.0,1,0.0318,0.1964
2008-07-18,2008,R,,WAS,DET,62,99,0.3751,0.0,1,0.1407,0.4702
2008-07-19,2008,R,,HOU,LAS,75,72,0.5971,1.0,1,0.1623,0.5157
2008-07-19,2008,R,,NYL,IND,55,71,0.7151,0.0,0,0.5114,1.2557
2008-07-19,2008,R,,PHX,ATL,110,84,0.8413,1.0,1,0.0252,0.1728
2008-07-19,2008,R,,UTA,MIN,74,87,0.7995,0.0,0,0.6392,1.6068
2008-07-20,2008,R,,ORL,CHI,74,67,0.7436,1.0,1,0.0657,0.2962
2008-07-20,2008,R,,DET,SAC,85,88,0.7669,0.0,0,0.5881,1.4563
2008-07-20,2008,R,,WAS,SEA,89,57,0.3729,1.0,0,0.3932,0.9864
2008-07-22,2008,R,,ATL,SAC,66,79,0.39,0.0,1,0.1521,0.4943
2008-07-22,2008,R,,CHI,IND,68,60,0.4546,1.0,0,0.2974,0.7883
2008-07-22,2008,R,,DET,LAS,81,84,0.7352,0.0,0,0.5406,1.3289
2008-07-22,2008,R,,HOU,PHX,94,92,0.5609,1.0,1,0.1928,0.5783
2008-07-22,2008,R,,MIN,SEA,73,76,0.5396,0.0,0,0.2911,0.7756
2008-07-23,2008,R,,WAS,NYL,73,80,0.4853,0.0,1,0.2355,0.6642
2008-07-24,2008,R,,ORL,LAS,87,61,0.6961,1.0,1,0.0924,0.3623
2008-07-24,2008,R,,HOU,DET,79,61,0.4947,1.0,0,0.2553,0.7038
2008-07-24,2008,R,,IND,MIN,80,84,0.6481,0.0,0,0.42,1.0443
2008-07-24,2008,R,,SAC,PHX,83,74,0.6114,1.0,1,0.151,0.4919
2008-07-24,2008,R,,UTA,CHI,78,67,0.8088,1.0,1,0.0366,0.2122
2008-07-25,2008,R,,ATL,WAS,75,81,0.4716,0.0,1,0.2224,0.6379
2008-07-25,2008,R,,MIN,UTA,78,68,0.5088,1.0,1,0.2413,0.6757
2008-07-25,2008,R,,NYL,LAS,69,68,0.7019,1.0,1,0.0888,0.3539
2008-07-25,2008,R,,PHX,SEA,94,80,0.4822,1.0,0,0.2681,0.7293
2008-07-26,2008,R,,HOU,CHI,79,65,0.7303,1.0,1,0.0727,0.3143
2008-07-26,2008,R,,SAC,IND,70,62,0.6684,1.0,1,0.1099,0.4028
2008-07-27,2008,R,,ATL,NYL,76,86,0.2915,0.0,1,0.0849,0.3445
2008-07-27,2008,R,,DET,UTA,64,76,0.6508,0.0,0,0.4236,1.0522
2008-07-27,2008,R,,MIN,LAS,84,92,0.6503,0.0,0,0.4229,1.0506
2008-07-27,2008,R,,PHX,IND,84,88,0.6993,0.0,0,0.4891,1.2017
2008-07-27,2008,R,,SEA,SAC,77,71,0.6669,1.0,1,0.111,0.4051
2008-07-27,2008,R,,WAS,ORL,60,82,0.4555,0.0,1,0.2075,0.6079
2008-08-28,2008,R,,IND,ORL,58,84,0.5239,0.0,0,0.2745,0.7422
2008-08-28,2008,R,,LAS,SAC,78,63,0.5794,1.0,1,0.1769,0.5458
2008-08-28,2008,R,,NYL,CHI,60,69,0.7609,0.0,0,0.579,1.4309
2008-08-28,2008,R,,PHX,UTA,55,77,0.5255,0.0,0,0.2762,0.7455
2008-08-28,2008,R,,SEA,HOU,66,49,0.6527,1.0,1,0.1206,0.4267
2008-08-29,2008,R,,ATL,ORL,72,98,0.2692,0.0,1,0.0725,0.3136
2008-08-29,2008,R,,DET,NYL,83,69,0.679,1.0,1,0.103,0.3871
2008-08-29,2008,R,,WAS,CHI,75,79,0.6487,0.0,0,0.4208,1.046
2008-08-30,2008,R,,IND,ATL,87,72,0.8381,1.0,1,0.0262,0.1766
2008-08-30,2008,R,,LAS,UTA,58,53,0.4981,1.0,0,0.2519,0.697
2008-08-30,2008,R,,MIN,WAS,92,78,0.7537,1.0,1,0.0607,0.2828
2008-08-30,2008,R,,SAC,HOU,80,65,0.6219,1.0,1,0.143,0.475
2008-08-31,2008,R,,CHI,DET,82,81,0.4715,1.0,0,0.2793,0.7519
2008-08-31,2008,R,,ORL,SEA,80,76,0.6219,1.0,1,0.1429,0.4749
2008-09-01,2008,R,,LAS,MIN,82,58,0.6535,1.0,1,0.1201,0.4254
2008-09-02,2008,R,,ATL,SEA,69,83,0.2529,0.0,1,0.064,0.2916
2008-09-02,2008,R,,HOU,NYL,87,90,0.5663,0.0,0,0.3207,0.8354
2008-09-02,2008,R,,WAS,IND,68,79,0.5167,0.0,0,0.2669,0.7271
2008-09-03,2008,R,,PHX,MIN,103,96,0.6692,1.0,1,0.1094,0.4017
2008-09-04,2008,R,,CHI,SEA,62,70,0.4974,0.0,1,0.2474,0.6879
2008-09-05,2008,R,,ORL,CHI,80,75,0.8292,1.0,1,0.0292,0.1874
2008-09-05,2008,R,,DET,IND,90,68,0.7278,1.0,1,0.0741,0.3178
2008-09-05,2008,R,,NYL,ATL,82,71,0.8754,1.0,1,0.0155,0.133
2008-09-05,2008,R,,PHX,SAC,81,69,0.5351,1.0,1,0.2161,0.6252
2008-09-05,2008,R,,UTA,LAS,76,58,0.7197,1.0,1,0.0786,0.3289
2008-09-06,2008,R,,HOU,LAS,66,84,0.6027,0.0,0,0.3632,0.9229
2008-09-06,2008,R,,SEA,MIN,96,88,0.7404,1.0,1,0.0674,0.3006
2008-09-06,2008,R,,WAS,DET,69,84,0.4241,0.0,1,0.1799,0.5518
2008-09-07,2008,R,,ORL,UTA,73,85,0.6309,0.0,0,0.3981,0.9968
2008-09-07,2008,R,,NYL,CHI,69,61,0.731,1.0,1,0.0724,0.3134
2008-09-07,2008,R,,PHX,HOU,99,74,0.7035,1.0,1,0.0879,0.3517
2008-09-07,2008,R,,SAC,MIN,78,71,0.6951,1.0,1,0.093,0.3637
2008-09-08,2008,R,,ATL,IND,77,81,0.3259,0.0,1,0.1062,0.3944
2008-09-09,2008,R,,CHI,WAS,78,59,0.6759,1.0,1,0.105,0.3917
2008-09-09,2008,R,,DET,PHX,89,78,0.6973,1.0,1,0.0916,0.3605
2008-09-09,2008,R,,HOU,ORL,75,68,0.4242,1.0,0,0.3315,0.8575
2008-09-09,2008,R,,MIN,IND,86,76,0.6041,1.0,1,0.1568,0.504
2008-09-09,2008,R,,NYL,UTA,76,82,0.5054,0.0,0,0.2555,0.7041
2008-09-09,2008,R,,SAC,SEA,77,74,0.4881,1.0,0,0.262,0.7172
2008-09-11,2008,R,,DET,WAS,78,66,0.85,1.0,1,0.0225,0.1625
2008-09-11,2008,R,,IND,NYL,74,59,0.5466,1.0,1,0.2056,0.6041
2008-09-11,2008,R,,LAS,ATL,72,83,0.9109,0.0,0,0.8298,2.4184
2008-09-11,2008,R,,UTA,ORL,78,74,0.6925,1.0,1,0.0945,0.3674
2008-09-12,2008,R,,CHI,NYL,62,69,0.5746,0.0,0,0.3302,0.8548
2008-09-12,2008,R,,MIN,PHX,87,96,0.5555,0.0,0,0.3086,0.8109
2008-09-12,2008,R,,SEA,ATL,77,72,0.9155,1.0,1,0.0071,0.0882
2008-09-13,2008,R,,ORL,WAS,87,81,0.8432,1.0,1,0.0246,0.1706
2008-09-13,2008,R,,UTA,SAC,77,69,0.7156,1.0,1,0.0809,0.3347
2008-09-14,2008,R,,CHI,HOU,76,79,0.5306,0.0,0,0.2816,0.7563
2008-09-14,2008,R,,IND,PHX,103,89,0.5829,1.0,1,0.174,0.5398
2008-09-14,2008,R,,LAS,SEA,65,48,0.5607,1.0,1,0.193,0.5785
2008-09-14,2008,R,,NYL,DET,59,61,0.513,0.0,0,0.2631,0.7194
2008-09-14,2008,R,,WAS,MIN,70,96,0.4528,0.0,1,0.205,0.603
2008-09-15,2008,R,,HOU,SAC,90,81,0.5298,1.0,1,0.2211,0.6352
2008-09-18,2008,P,1.0,NYL,ORL,72,63,0.5198,1.0,1,0.2306,0.6542
2008-09-18,2008,P,1.0,SAC,UTA,78,85,0.3819,0.0,1,0.1458,0.481
2008-09-19,2008,P,1.0,IND,DET,72,81,0.4926,0.0,1,0.2426,0.6784
2008-09-19,2008,P,1.0,LAS,SEA,77,69,0.5828,1.0,1,0.1741,0.54
2008-09-20,2008,P,1.0,ORL,NYL,73,70,0.6521,1.0,1,0.121,0.4275
2008-09-20,2008,P,1.0,UTA,SAC,67,84,0.7987,0.0,0,0.638,1.6031
2008-09-21,2008,P,1.0,DET,IND,82,89,0.762,0.0,0,0.5806,1.4354
2008-09-21,2008,P,1.0,SEA,LAS,64,50,0.6203,1.0,1,0.1442,0.4775
2008-09-22,2008,P,1.0,ORL,NYL,62,66,0.6719,0.0,0,0.4515,1.1145
2008-09-22,2008,P,1.0,UTA,SAC,86,81,0.7392,1.0,1,0.068,0.3022
2008-09-23,2008,P,1.0,DET,IND,80,61,0.7225,1.0,1,0.077,0.325
2008-09-23,2008,P,1.0,SEA,LAS,64,71,0.6584,0.0,0,0.4335,1.0741
2008-09-25,2008,P,2.0,LAS,UTA,85,70,0.4984,1.0,0,0.2516,0.6963
2008-09-26,2008,P,2.0,NYL,DET,60,56,0.5532,1.0,1,0.1996,0.592
2008-09-27,2008,P,2.0,UTA,LAS,67,66,0.6569,1.0,1,0.1177,0.4202
2008-09-28,2008,P,2.0,DET,NYL,64,55,0.672,1.0,1,0.1076,0.3976
2008-09-28,2008,P,2.0,UTA,LAS,76,72,0.6746,1.0,1,0.1059,0.3937
2008-09-29,2008,P,2.0,DET,NYL,75,73,0.6989,1.0,1,0.0907,0.3583
2008-10-01,2008,P,3.0,UTA,DET,69,77,0.6633,0.0,0,0.44,1.0886
2008-10-03,2008,P,3.0,UTA,DET,61,69,0.577,0.0,0,0.3329,0.8604
2008-10-05,2008,P,3.0,DET,UTA,76,60,0.7096,1.0,1,0.0843,0.3431
2009-06-06,2009,R,,ATL,IND,87,86,0.469,1.0,0,0.282,0.7572
2009-06-06,2009,R,,ORL,WAS,70,82,0.7489,0.0,0,0.5609,1.382
2009-06-06,2009,R,,LAS,DET,78,58,0.5494,1.0,1,0.203,0.5989
2009-06-06,2009,R,,MIN,CHI,102,85,0.6541,1.0,1,0.1196,0.4244
2009-06-06,2009,R,,PHX,UTA,90,79,0.5848,1.0,1,0.1724,0.5366
2009-06-06,2009,R,,SAC,SEA,61,71,0.5965,0.0,0,0.3558,0.9076
2009-06-07,2009,R,,IND,MIN,74,96,0.6031,0.0,0,0.3637,0.9241
2009-06-07,2009,R,,NYL,ORL,57,66,0.6612,0.0,0,0.4372,1.0824
2009-06-07,2009,R,,SEA,SAC,80,70,0.6886,1.0,1,0.097,0.3731
2009-06-07,2009,R,,WAS,ATL,77,71,0.6724,1.0,1,0.1073,0.3968
2009-06-08,2009,R,,DET,LAS,81,52,0.6345,1.0,1,0.1336,0.4549
2009-06-09,2009,R,,IND,SEA,73,66,0.4875,1.0,0,0.2627,0.7185
2009-06-10,2009,R,,DET,WAS,69,75,0.7603,0.0,0,0.5781,1.4284
2009-06-10,2009,R,,MIN,LAS,87,76,0.6343,1.0,1,0.1338,0.4553
2009-06-10,2009,R,,PHX,NYL,91,84,0.6746,1.0,1,0.1059,0.3936
2009-06-12,2009,R,,CHI,ATL,81,73,0.7094,1.0,1,0.0845,0.3434
2009-06-12,2009,R,,IND,LAS,73,61,0.5789,1.0,1,0.1773,0.5466
2009-06-12,2009,R,,MIN,SEA,71,88,0.5945,0.0,0,0.3535,0.9027
2009-06-12,2009,R,,SAC,PHX,90,71,0.5952,1.0,1,0.1639,0.5189
2009-06-13,2009,R,,PHX,SAC,115,104,0.6402,1.0,1,0.1295,0.446
2009-06-13,2009,R,,UTA,NYL,63,60,0.7022,1.0,1,0.0887,0.3536
2009-06-14,2009,R,,CHI,SEA,64,57,0.4619,1.0,0,0.2896,0.7725
2009-06-14,2009,R,,ORL,ATL,62,67,0.8099,0.0,0,0.656,1.6603
2009-06-16,2009,R,,CHI,ORL,78,75,0.5736,1.0,1,0.1818,0.5558
2009-06-16,2009,R,,SAC,MIN,83,86,0.5567,0.0,0,0.3099,0.8136
2009-06-17,2009,R,,PHX,MIN,104,80,0.6571,1.0,1,0.1176,0.4199
2009-06-19,2009,R,,ATL,WAS,93,81,0.48,1.0,0,0.2704,0.734
2009-06-19,2009,R,,ORL,CHI,91,61,0.6378,1.0,1,0.1312,0.4497
2009-06-19,2009,R,,DET,IND,54,66,0.7495,0.0,0,0.5618,1.3843
2009-06-19,2009,R,,NYL,UTA,77,61,0.5549,1.0,1,0.1981,0.589
2009-06-19,2009,R,,PHX,LAS,89,80,0.6227,1.0,1,0.1424,0.4737
2009-06-19,2009,R,,SEA,MIN,90,62,0.7102,1.0,1,0.084,0.3422
2009-06-20,2009,R,,WAS,CHI,81,72,0.6076,1.0,1,0.154,0.4983
2009-06-21,2009,R,,ATL,NYL,81,93,0.5084,0.0,0,0.2584,0.71
2009-06-21,2009,R,,ORL,UTA,71,58,0.6212,1.0,1,0.1435,0.4761
2009-06-21,2009,R,,IND,DET,82,70,0.5828,1.0,1,0.174,0.5398
2009-06-21,2009,R,,LAS,SAC,67,47,0.6009,1.0,1,0.1593,0.5093
2009-06-21,2009,R,,PHX,SEA,84,93,0.6,0.0,0,0.36,0.9163
2009-06-23,2009,R,,ATL,CHI,98,99,0.5336,0.0,0,0.2848,0.7628
2009-06-23,2009,R,,MIN,NYL,69,57,0.6407,1.0,1,0.1291,0.4452
2009-06-23,2009,R,,UTA,PHX,91,87,0.5647,1.0,1,0.1895,0.5715
2009-06-25,2009,R,,WAS,PHX,87,93,0.5772,0.0,0,0.3331,0.8608
2009-06-26,2009,R,,ATL,DET,96,86,0.3872,1.0,0,0.3755,0.9487
2009-06-26,2009,R,,NYL,IND,81,82,0.5365,0.0,0,0.2878,0.7689
2009-06-26,2009,R,,UTA,SAC,62,52,0.638,1.0,1,0.131,0.4494
2009-06-26,2009,R,,SEA,LAS,69,67,0.7106,1.0,1,0.0837,0.3416
2009-06-27,2009,R,,CHI,WAS,68,63,0.6703,1.0,1,0.1087,0.4001
2009-06-27,2009,R,,ORL,ATL,82,68,0.789,1.0,1,0.0445,0.237
2009-06-27,2009,R,,IND,NYL,63,54,0.6762,1.0,1,0.1049,0.3913
2009-06-27,2009,R,,MIN,PHX,109,80,0.6224,1.0,1,0.1426,0.4741
2009-06-28,2009,R,,DET,SAC,86,72,0.6962,1.0,1,0.0923,0.3621
2009-06-28,2009,R,,LAS,SEA,82,55,0.5014,1.0,1,0.2486,0.6903
2009-06-30,2009,R,,ATL,MIN,85,91,0.4419,0.0,1,0.1953,0.5833
2009-06-30,2009,R,,CHI,SAC,74,72,0.6739,1.0,1,0.1063,0.3946
2009-06-30,2009,R,,UTA,WAS,82,84,0.7342,0.0,0,0.5391,1.3252
2009-07-01,2009,R,,PHX,SEA,93,81,0.5766,1.0,1,0.1793,0.5506
2009-07-02,2009,R,,IND,ORL,67,53,0.6379,1.0,1,0.1311,0.4496
2009-07-02,2009,R,,MIN,SAC,68,74,0.7516,0.0,0,0.5648,1.3925
2009-07-02,2009,R,,NYL,DET,80,64,0.5916,1.0,1,0.1668,0.525
2009-07-03,2009,R,,ATL,WAS,72,65,0.5345,1.0,1,0.2167,0.6265
2009-07-03,2009,R,,UTA,CHI,85,72,0.662,1.0,1,0.1142,0.4125
2009-07-05,2009,R,,DET,ORL,92,95,0.5978,0.0,0,0.3574,0.9108
2009-07-05,2009,R,,IND,ATL,78,74,0.8108,1.0,1,0.0358,0.2097
2009-07-05,2009,R,,LAS,PHX,89,104,0.6558,0.0,0,0.4301,1.0665
2009-07-07,2009,R,,ATL,ORL,72,67,0.4374,1.0,0,0.3166,0.827
2009-07-07,2009,R,,MIN,WAS,96,94,0.7378,1.0,1,0.0687,0.3041
2009-07-07,2009,R,,SAC,CHI,83,73,0.6277,1.0,1,0.1386,0.4657
2009-07-07,2009,R,,SEA,UTA,66,53,0.7084,1.0,1,0.085,0.3448
2009-07-08,2009,R,,PHX,CHI,90,70,0.7874,1.0,1,0.0452,0.239
2009-07-09,2009,R,,NYL,LAS,60,69,0.6519,0.0,0,0.425,1.0554
2009-07-09,2009,R,,SEA,SAC,66,55,0.7444,1.0,1,0.0653,0.2951
2009-07-10,2009,R,,CHI,IND,54,83,0.3974,0.0,1,0.1579,0.5065
2009-07-10,2009,R,,MIN,UTA,61,77,0.6471,0.0,0,0.4188,1.0417
2009-07-11,2009,R,,ORL,DET,77,79,0.6099,0.0,0,0.3719,0.9413
2009-07-11,2009,R,,NYL,ATL,71,69,0.6611,1.0,1,0.1149,0.4139
2009-07-11,2009,R,,SAC,PHX,105,107,0.4349,0.0,1,0.1891,0.5708
2009-07-11,2009,R,,WAS,LAS,75,63,0.5406,1.0,1,0.211,0.615
2009-07-12,2009,R,,UTA,MIN,76,83,0.6552,0.0,0,0.4293,1.0649
2009-07-12,2009,R,,SEA,CHI,81,86,0.8084,0.0,0,0.6535,1.6525
2009-07-14,2009,R,,ORL,LAS,82,71,0.6135,1.0,1,0.1494,0.4885
2009-07-15,2009,R,,IND,CHI,84,74,0.8168,1.0,1,0.0336,0.2024
2009-07-15,2009,R,,MIN,ATL,77,91,0.7365,0.0,0,0.5425,1.3338
2009-07-15,2009,R,,PHX,SAC,100,81,0.7734,1.0,1,0.0514,0.257
2009-07-15,2009,R,,SEA,DET,63,66,0.6636,0.0,0,0.4403,1.0893
2009-07-15,2009,R,,WAS,UTA,78,79,0.5579,0.0,0,0.3113,0.8163
2009-07-17,2009,R,,IND,ATL,84,79,0.7973,1.0,1,0.0411,0.2266
2009-07-17,2009,R,,SAC,SEA,56,69,0.4739,0.0,1,0.2246,0.6423
2009-07-17,2009,R,,UTA,ORL,64,72,0.5989,0.0,0,0.3587,0.9136
2009-07-18,2009,R,,PHX,DET,97,90,0.7041,1.0,1,0.0875,0.3508
2009-07-18,2009,R,,WAS,NYL,68,67,0.5129,1.0,1,0.2373,0.6677
2009-07-19,2009,R,,CHI,UTA,85,75,0.5641,1.0,1,0.19,0.5725
2009-07-19,2009,R,,ORL,IND,67,61,0.5425,1.0,1,0.2093,0.6115
2009-07-19,2009,R,,NYL,ATL,89,86,0.6616,1.0,1,0.1145,0.4132
2009-07-19,2009,R,,SAC,DET,65,69,0.5175,0.0,0,0.2678,0.7288
2009-07-19,2009,R,,SEA,MIN,72,69,0.655,1.0,1,0.119,0.4231
2009-07-21,2009,R,,WAS,IND,70,82,0.4585,0.0,1,0.2103,0.6135
2009-07-22,2009,R,,CHI,NYL,70,77,0.5655,0.0,0,0.3197,0.8334
2009-07-22,2009,R,,ORL,SAC,83,75,0.7815,1.0,1,0.0477,0.2465
2009-07-22,2009,R,,DET,ATL,95,98,0.7416,0.0,0,0.55,1.3534
2009-07-22,2009,R,,PHX,MIN,86,99,0.762,0.0,0,0.5806,1.4353
2009-07-22,2009,R,,SEA,LAS,98,87,0.66,1.0,1,0.1156,0.4155
2009-07-23,2009,R,,NYL,SAC,73,88,0.7356,0.0,0,0.5411,1.3303
2009-07-23,2009,R,,UTA,IND,84,65,0.5193,1.0,1,0.231,0.6552
2009-07-23,2009,R,,WAS,CHI,75,64,0.6482,1.0,1,0.1237,0.4335
2009-07-26,2009,R,,NYL,PHX,88,94,0.4654,0.0,1,0.2166,0.6262
2009-07-26,2009,R,,WAS,SAC,87,73,0.6427,1.0,1,0.1276,0.442
2009-07-28,2009,R,,ORL,PHX,80,95,0.6306,0.0,0,0.3977,0.9959
2009-07-28,2009,R,,IND,WAS,85,81,0.7903,1.0,1,0.044,0.2353
2009-07-28,2009,R,,MIN,LAS,70,76,0.6501,0.0,0,0.4226,1.0501
2009-07-28,2009,R,,UTA,SEA,74,71,0.5097,1.0,1,0.2404,0.6739
2009-07-29,2009,R,,CHI,LAS,75,63,0.5434,1.0,1,0.2084,0.6098
2009-07-30,2009,R,,ATL,PHX,106,76,0.4301,1.0,0,0.3248,0.8438
2009-07-30,2009,R,,IND,ORL,94,85,0.6825,1.0,1,0.1008,0.3819
2009-07-30,2009,R,,NYL,WAS,75,78,0.6685,0.0,0,0.4469,1.1042
2009-07-30,2009,R,,SAC,UTA,101,93,0.5205,1.0,1,0.2299,0.6529
2009-07-31,2009,R,,DET,MIN,91,83,0.6759,1.0,1,0.1051,0.3917
2009-08-01,2009,R,,ATL,NYL,89,83,0.635,1.0,1,0.1332,0.4541
2009-08-01,2009,R,,CHI,ORL,84,72,0.5159,1.0,1,0.2344,0.6619
2009-08-01,2009,R,,MIN,PHX,74,87,0.4725,0.0,1,0.2233,0.6397
2009-08-01,2009,R,,SAC,LAS,56,59,0.5088,0.0,0,0.2589,0.7109
2009-08-01,2009,R,,SEA,UTA,85,82,0.7254,1.0,1,0.0754,0.3211
2009-08-02,2009,R,,DET,ORL,65,83,0.6521,0.0,0,0.4252,1.0558
2009-08-02,2009,R,,WAS,IND,79,87,0.4523,0.0,1,0.2045,0.602
2009-08-04,2009,R,,DET,NYL,76,64,0.6658,1.0,1,0.1117,0.4068
2009-08-04,2009,R,,LAS,UTA,59,63,0.6161,0.0,0,0.3795,0.9573
2009-08-04,2009,R,,SEA,PHX,90,101,0.5867,0.0,0,0.3442,0.8836
2009-08-05,2009,R,,IND,CHI,76,67,0.7791,1.0,1,0.0488,0.2496
2009-08-06,2009,R,,LAS,SEA,79,75,0.5315,1.0,1,0.2195,0.6321
2009-08-06,2009,R,,UTA,ATL,84,92,0.6392,0.0,0,0.4086,1.0195
2009-08-07,2009,R,,MIN,ORL,95,88,0.5546,1.0,1,0.1984,0.5895
2009-08-07,2009,R,,SAC,NYL,66,84,0.6487,0.0,0,0.4208,1.046
2009-08-07,2009,R,,WAS,DET,70,66,0.6044,1.0,1,0.1565,0.5036
2009-08-08,2009,R,,ATL,CHI,80,82,0.6561,0.0,0,0.4305,1.0674
2009-08-08,2009,R,,PHX,IND,83,90,0.6401,0.0,0,0.4098,1.0221
2009-08-08,2009,R,,SEA,NYL,70,69,0.7449,1.0,1,0.0651,0.2945
2009-08-09,2009,R,,ORL,WAS,96,67,0.6892,1.0,1,0.0966,0.3722
2009-08-09,2009,R,,DET,CHI,64,58,0.6881,1.0,1,0.0973,0.3738
2009-08-09,2009,R,,MIN,UTA,87,89,0.5733,0.0,0,0.3287,0.8518
2009-08-10,2009,R,,LAS,IND,75,63,0.4849,1.0,0,0.2653,0.7237
2009-08-11,2009,R,,LAS,NYL,61,65,0.6586,0.0,0,0.4337,1.0746
2009-08-11,2009,R,,UTA,SAC,73,90,0.7263,0.0,0,0.5274,1.2955
2009-08-11,2009,R,,WAS,DET,77,81,0.552,0.0,0,0.3047,0.803
2009-08-13,2009,R,,ATL,DET,80,75,0.6108,1.0,1,0.1515,0.493
2009-08-13,2009,R,,ORL,SEA,64,53,0.5864,1.0,1,0.1711,0.5337
2009-08-13,2009,R,,MIN,IND,81,91,0.4493,0.0,1,0.2019,0.5966
2009-08-13,2009,R,,PHX,UTA,95,83,0.7794,1.0,1,0.0487,0.2492
2009-08-14,2009,R,,LAS,SAC,79,85,0.7186,0.0,0,0.5164,1.268
2009-08-14,2009,R,,NYL,CHI,77,88,0.5971,0.0,0,0.3566,0.9092
2009-08-14,2009,R,,WAS,ORL,91,89,0.5094,1.0,1,0.2407,0.6745
2009-08-15,2009,R,,ATL,SEA,88,79,0.5525,1.0,1,0.2002,0.5932
2009-08-15,2009,R,,CHI,MIN,79,76,0.6059,1.0,1,0.1553,0.5011
2009-08-15,2009,R,,IND,DET,82,59,0.7601,1.0,1,0.0576,0.2744
2009-08-15,2009,R,,SAC,LAS,61,78,0.5567,0.0,0,0.3099,0.8134
2009-08-15,2009,R,,UTA,PHX,106,89,0.4531,1.0,0,0.2992,0.7918
2009-08-16,2009,R,,WAS,NYL,59,60,0.6233,0.0,0,0.3885,0.9763
2009-08-18,2009,R,,CHI,PHX,99,106,0.475,0.0,1,0.2256,0.6443
2009-08-18,2009,R,,DET,SEA,75,79,0.5841,0.0,0,0.3412,0.8774
2009-08-18,2009,R,,LAS,WAS,72,69,0.7194,1.0,1,0.0787,0.3293
2009-08-19,2009,R,,ORL,NYL,74,69,0.7621,1.0,1,0.0566,0.2717
2009-08-19,2009,R,,LAS,MIN,78,63,0.6498,1.0,1,0.1226,0.4311
2009-08-20,2009,R,,ATL,UTA,93,87,0.6172,1.0,1,0.1466,0.4826
2009-08-20,2009,R,,SAC,IND,67,62,0.3209,1.0,0,0.4611,1.1365
2009-08-21,2009,R,,NYL,ORL,85,83,0.4815,1.0,0,0.2688,0.7309
2009-08-21,2009,R,,PHX,WAS,81,91,0.7989,0.0,0,0.6382,1.6038
2009-08-21,2009,R,,UTA,LAS,66,67,0.553,0.0,0,0.3058,0.8051
2009-08-22,2009,R,,CHI,DET,67,76,0.594,0.0,0,0.3529,0.9014
2009-08-22,2009,R,,ORL,MIN,98,94,0.7059,1.0,1,0.0865,0.3483
2009-08-22,2009,R,,SAC,WAS,82,60,0.6069,1.0,1,0.1545,0.4993
2009-08-22,2009,R,,SEA,IND,74,60,0.5457,1.0,1,0.2064,0.6057
2009-08-23,2009,R,,ATL,LAS,87,91,0.6114,0.0,0,0.3739,0.9453
2009-08-23,2009,R,,DET,UTA,99,84,0.6221,1.0,1,0.1428,0.4747
2009-08-23,2009,R,,NYL,MIN,80,67,0.6738,1.0,1,0.1064,0.3948
2009-08-25,2009,R,,ATL,SAC,103,83,0.6598,1.0,1,0.1158,0.4159
2009-08-25,2009,R,,ORL,DET,70,90,0.6838,0.0,0,0.4675,1.1512
2009-08-25,2009,R,,LAS,CHI,75,63,0.7191,1.0,1,0.0789,0.3298
2009-08-25,2009,R,,SEA,WAS,78,68,0.7529,1.0,1,0.0611,0.2839
2009-08-27,2009,R,,DET,ATL,87,83,0.6619,1.0,1,0.1143,0.4127
2009-08-27,2009,R,,IND,UTA,77,66,0.7944,1.0,1,0.0423,0.2301
2009-08-27,2009,R,,LAS,PHX,90,98,0.5508,0.0,0,0.3034,0.8004
2009-08-27,2009,R,,SEA,ORL,86,74,0.6654,1.0,1,0.112,0.4074
2009-08-28,2009,R,,CHI,NYL,96,77,0.5277,1.0,1,0.2231,0.6393
2009-08-28,2009,R,,MIN,SAC,100,95,0.648,1.0,1,0.1239,0.4338
2009-08-29,2009,R,,IND,SAC,78,79,0.8358,0.0,0,0.6985,1.8065
2009-08-29,2009,R,,PHX,ORL,95,84,0.7129,1.0,1,0.0824,0.3384
2009-08-29,2009,R,,UTA,DET,100,88,0.4967,1.0,0,0.2534,0.6999
2009-08-29,2009,R,,SEA,ATL,91,84,0.7022,1.0,1,0.0887,0.3536
2009-08-30,2009,R,,LAS,ORL,91,81,0.7054,1.0,1,0.0868,0.349
2009-08-30,2009,R,,NYL,CHI,77,63,0.6128,1.0,1,0.1499,0.4897
2009-08-30,2009,R,,WAS,MIN,81,75,0.6603,1.0,1,0.1154,0.4151
2009-09-01,2009,R,,DET,PHX,101,99,0.5385,1.0,1,0.213,0.619
2009-09-01,2009,R,,LAS,ATL,79,84,0.6647,0.0,0,0.4418,1.0926
2009-09-01,2009,R,,NYL,SEA,58,65,0.4459,0.0,1,0.1988,0.5903
2009-09-01,2009,R,,SAC,ORL,90,70,0.5666,1.0,1,0.1879,0.5682
2009-09-01,2009,R,,UTA,MIN,84,82,0.7056,1.0,1,0.0867,0.3487
2009-09-02,2009,R,,IND,PHX,90,106,0.677,0.0,0,0.4583,1.1301
2009-09-03,2009,R,,WAS,SEA,78,67,0.4613,1.0,0,0.2902,0.7738
2009-09-04,2009,R,,CHI,WAS,92,86,0.6461,1.0,1,0.1253,0.4369
2009-09-04,2009,R,,ORL,NYL,88,85,0.644,1.0,1,0.1268,0.4401
2009-09-04,2009,R,,DET,IND,70,63,0.6021,1.0,1,0.1583,0.5073
2009-09-04,2009,R,,SAC,ATL,90,98,0.5435,0.0,0,0.2953,0.7841
2009-09-05,2009,R,,MIN,SEA,76,68,0.4523,1.0,0,0.3,0.7934
2009-09-05,2009,R,,PHX,ATL,100,82,0.7601,1.0,1,0.0576,0.2743
2009-09-05,2009,R,,UTA,LAS,89,72,0.5499,1.0,1,0.2026,0.598
2009-09-06,2009,R,,DET,CHI,84,75,0.7417,1.0,1,0.0667,0.2988
2009-09-06,2009,R,,IND,WAS,72,61,0.7585,1.0,1,0.0583,0.2764
2009-09-08,2009,R,,LAS,UTA,76,68,0.6405,1.0,1,0.1292,0.4454
2009-09-08,2009,R,,NYL,IND,63,69,0.4955,0.0,1,0.2455,0.6842
2009-09-09,2009,R,,MIN,DET,75,72,0.4619,1.0,0,0.2895,0.7723
2009-09-10,2009,R,,CHI,IND,86,79,0.4744,1.0,0,0.2763,0.7457
2009-09-10,2009,R,,DET,NYL,94,87,0.7368,1.0,1,0.0693,0.3054
2009-09-10,2009,R,,SAC,UTA,71,80,0.5992,0.0,0,0.3591,0.9144
2009-09-10,2009,R,,SEA,PHX,84,92,0.5318,0.0,0,0.2829,0.759
2009-09-11,2009,R,,ATL,ORL,88,64,0.642,1.0,1,0.1282,0.4432
2009-09-11,2009,R,,LAS,MIN,90,61,0.7388,1.0,1,0.0682,0.3028
2009-09-12,2009,R,,CHI,DET,69,80,0.4824,0.0,1,0.2327,0.6585
2009-09-12,2009,R,,UTA,SEA,55,64,0.5652,0.0,0,0.3195,0.833
2009-09-12,2009,R,,WAS,ATL,82,64,0.5365,1.0,1,0.2148,0.6226
2009-09-13,2009,R,,ORL,IND,95,85,0.4519,1.0,0,0.3004,0.7942
2009-09-13,2009,R,,NYL,WAS,86,65,0.6291,1.0,1,0.1375,0.4634
2009-09-13,2009,R,,PHX,LAS,78,81,0.7534,0.0,0,0.5676,1.4
2009-09-13,2009,R,,SAC,MIN,88,66,0.6319,1.0,1,0.1355,0.459
2009-09-16,2009,P,1.0,DET,ATL,94,89,0.6898,1.0,1,0.0962,0.3713
2009-09-16,2009,P,1.0,LAS,SEA,70,63,0.5849,1.0,1,0.1723,0.5364
2009-09-17,2009,P,1.0,UTA,PHX,92,91,0.4616,1.0,0,0.2899,0.7731
2009-09-17,2009,P,1.0,WAS,IND,79,88,0.4616,0.0,1,0.213,0.6191
2009-09-18,2009,P,1.0,ATL,DET,79,94,0.5199,0.0,0,0.2703,0.7337
2009-09-18,2009,P,1.0,SEA,LAS,75,74,0.5976,1.0,1,0.1619,0.5148
2009-09-19,2009,P,1.0,IND,WAS,81,74,0.7816,1.0,1,0.0477,0.2465
2009-09-19,2009,P,1.0,PHX,UTA,106,78,0.7515,1.0,1,0.0617,0.2857
2009-09-20,2009,P,1.0,SEA,LAS,64,75,0.6183,0.0,0,0.3823,0.963
2009-09-21,2009,P,1.0,PHX,UTA,100,92,0.7764,1.0,1,0.05,0.253
2009-09-23,2009,P,2.0,DET,IND,72,56,0.6723,1.0,1,0.1074,0.3971
2009-09-23,2009,P,2.0,LAS,PHX,94,103,0.5733,0.0,0,0.3287,0.8517
2009-09-25,2009,P,2.0,IND,DET,79,75,0.5446,1.0,1,0.2074,0.6077
2009-09-25,2009,P,2.0,PHX,LAS,76,87,0.7273,0.0,0,0.529,1.2994
2009-09-26,2009,P,2.0,IND,DET,72,67,0.5771,1.0,1,0.1788,0.5497
2009-09-26,2009,P,2.0,PHX,LAS,85,74,0.6664,1.0,1,0.1113,0.4059
2009-09-29,2009,P,3.0,PHX,IND,120,116,0.6836,1.0,1,0.1001,0.3804
2009-10-01,2009,P,3.0,PHX,IND,84,93,0.7033,0.0,0,0.4946,1.2149
2009-10-04,2009,P,3.0,IND,PHX,86,85,0.5981,1.0,1,0.1615,0.514
2009-10-07,2009,P,3.0,IND,PHX,77,90,0.6231,0.0,0,0.3882,0.9757
2009-10-09,2009,P,3.0,PHX,IND,94,86,0.686,1.0,1,0.0986,0.3769
2010-05-15,2010,R,,ORL,CHI,74,61,0.6431,1.0,1,0.1274,0.4415
2010-05-15,2010,R,,IND,WAS,65,72,0.7109,0.0,0,0.5054,1.241
2010-05-15,2010,R,,PHX,LAS,78,77,0.6661,1.0,1,0.1115,0.4063
2010-05-15,2010,R,,UTA,ATL,70,75,0.6134,0.0,0,0.3762,0.9503
2010-05-15,2010,R,,DET,MIN,74,80,0.7266,0.0,0,0.5279,1.2968
2010-05-16,2010,R,,ATL,IND,66,62,0.6102,1.0,1,0.152,0.494
2010-05-16,2010,R,,MIN,WAS,76,87,0.612,0.0,0,0.3746,0.9468
2010-05-16,2010,R,,NYL,CHI,85,82,0.6586,1.0,1,0.1166,0.4176
2010-05-16,2010,R,,SEA,LAS,81,67,0.6236,1.0,1,0.1417,0.4723
2010-05-19,2010,R,,SEA,MIN,79,76,0.7139,1.0,1,0.0818,0.337
2010-05-20,2010,R,,DET,UTA,74,83,0.685,0.0,0,0.4692,1.1551
2010-05-21,2010,R,,ATL,ORL,97,82,0.6171,1.0,1,0.1466,0.4828
2010-05-21,2010,R,,WAS,NYL,77,61,0.6446,1.0,1,0.1263,0.4392
2010-05-22,2010,R,,CHI,IND,86,92,0.5436,0.0,0,0.2955,0.7844
2010-05-22,2010,R,,PHX,SEA,89,95,0.7113,0.0,0,0.5059,1.2423
2010-05-22,2010,R,,UTA,LAS,88,81,0.5453,1.0,1,0.2068,0.6064
2010-05-23,2010,R,,ORL,WAS,80,65,0.5832,1.0,1,0.1737,0.5392
2010-05-23,2010,R,,IND,CHI,69,61,0.7181,1.0,1,0.0794,0.3311
2010-05-23,2010,R,,MIN,DET,82,94,0.5635,0.0,0,0.3175,0.8289
2010-05-23,2010,R,,NYL,ATL,77,86,0.5276,0.0,0,0.2783,0.7499
2010-05-25,2010,R,,SEA,WAS,82,76,0.7077,1.0,1,0.0855,0.3458
2010-05-25,2010,R,,DET,PHX,96,110,0.545,0.0,0,0.2971,0.7875
2010-05-27,2010,R,,CHI,SEA,84,75,0.4831,1.0,0,0.2672,0.7276
2010-05-27,2010,R,,ORL,MIN,105,79,0.7122,1.0,1,0.0828,0.3394
2010-05-28,2010,R,,LAS,WAS,81,75,0.6749,1.0,1,0.1057,0.3931
2010-05-28,2010,R,,PHX,ATL,93,96,0.6186,0.0,0,0.3826,0.9638
2010-05-28,2010,R,,UTA,NYL,71,77,0.7091,0.0,0,0.5028,1.2347
2010-05-29,2010,R,,MIN,CHI,58,73,0.5787,0.0,0,0.3348,0.8643
2010-05-29,2010,R,,DET,IND,79,74,0.5432,1.0,1,0.2087,0.6104
2010-05-30,2010,R,,LAS,ATL,82,101,0.5489,0.0,0,0.3013,0.7961
2010-05-30,2010,R,,UTA,SEA,56,84,0.5164,0.0,0,0.2667,0.7265
2010-05-30,2010,R,,WAS,ORL,69,65,0.5479,1.0,1,0.2044,0.6017
2010-06-01,2010,R,,MIN,PHX,92,82,0.3568,1.0,0,0.4137,1.0305
2010-06-01,2010,R,,SEA,ATL,90,72,0.6017,1.0,1,0.1586,0.5079
2010-06-03,2010,R,,IND,UTA,79,57,0.7047,1.0,1,0.0872,0.35
2010-06-04,2010,R,,ATL,CHI,70,80,0.7048,0.0,0,0.4967,1.2201
2010-06-04,2010,R,,ORL,NYL,75,68,0.6256,1.0,1,0.1402,0.4691
2010-06-04,2010,R,,PHX,LAS,90,89,0.6557,1.0,1,0.1186,0.4221
2010-06-04,2010,R,,DET,MIN,92,79,0.7775,1.0,1,0.0495,0.2517
2010-06-05,2010,R,,CHI,DET,95,70,0.5711,1.0,1,0.1839,0.5602
2010-06-05,2010,R,,IND,NYL,78,73,0.7241,1.0,1,0.0761,0.3228
2010-06-05,2010,R,,LAS,SEA,75,79,0.4254,0.0,1,0.181,0.5541
2010-06-05,2010,R,,WAS,ATL,79,86,0.5896,0.0,0,0.3476,0.8906
2010-06-06,2010,R,,ORL,UTA,81,68,0.6843,1.0,1,0.0997,0.3793
2010-06-06,2010,R,,MIN,IND,51,89,0.4606,0.0,1,0.2122,0.6174
2010-06-06,2010,R,,SEA,PHX,97,74,0.6525,1.0,1,0.1208,0.4269
2010-06-08,2010,R,,CHI,NYL,70,85,0.6898,0.0,0,0.4758,1.1705
2010-06-08,2010,R,,LAS,PHX,92,91,0.5494,1.0,1,0.203,0.5989
2010-06-10,2010,R,,PHX,MIN,99,88,0.7611,1.0,1,0.0571,0.273
2010-06-11,2010,R,,CHI,WAS,78,95,0.5805,0.0,0,0.337,0.8687
2010-06-11,2010,R,,ORL,IND,86,77,0.5757,1.0,1,0.18,0.5521
2010-06-11,2010,R,,NYL,ATL,91,79,0.457,1.0,0,0.2948,0.783
2010-06-11,2010,R,,UTA,DET,87,75,0.5084,1.0,1,0.2416,0.6764
2010-06-11,2010,R,,SEA,LAS,82,60,0.8048,1.0,1,0.0381,0.2171
2010-06-12,2010,R,,PHX,DET,116,84,0.7054,1.0,1,0.0868,0.3491
2010-06-12,2010,R,,WAS,NYL,82,65,0.6273,1.0,1,0.1389,0.4664
2010-06-13,2010,R,,ATL,UTA,90,83,0.7276,1.0,1,0.0742,0.318
2010-06-13,2010,R,,IND,ORL,77,67,0.6265,1.0,1,0.1395,0.4675
2010-06-13,2010,R,,LAS,MIN,88,84,0.7227,1.0,1,0.0769,0.3248
2010-06-15,2010,R,,CHI,ATL,86,93,0.5382,0.0,0,0.2897,0.7727
2010-06-17,2010,R,,IND,SEA,72,65,0.4867,1.0,0,0.2634,0.72
2010-06-18,2010,R,,LAS,ORL,75,78,0.5496,0.0,0,0.302,0.7976
2010-06-18,2010,R,,MIN,DET,78,67,0.451,1.0,0,0.3014,0.7963
2010-06-18,2010,R,,NYL,SEA,84,92,0.4872,0.0,1,0.2373,0.6678
2010-06-18,2010,R,,PHX,UTA,105,108,0.7642,0.0,0,0.5839,1.4446
2010-06-19,2010,R,,IND,ATL,94,91,0.5852,1.0,1,0.1721,0.5358
2010-06-19,2010,R,,DET,MIN,78,92,0.7071,0.0,0,0.4999,1.2278
2010-06-19,2010,R,,WAS,CHI,65,61,0.7447,1.0,1,0.0652,0.2947
2010-06-20,2010,R,,PHX,ORL,94,96,0.6161,0.0,0,0.3796,0.9574
2010-06-20,2010,R,,SEA,UTA,82,61,0.7975,1.0,1,0.041,0.2263
2010-06-22,2010,R,,ORL,CHI,77,86,0.7366,0.0,0,0.5425,1.3339
2010-06-22,2010,R,,NYL,MIN,68,75,0.7134,0.0,0,0.509,1.2498
2010-06-23,2010,R,,ATL,DET,96,90,0.7686,1.0,1,0.0536,0.2632
2010-06-24,2010,R,,WAS,LAS,68,53,0.6686,1.0,1,0.1098,0.4026
2010-06-25,2010,R,,CHI,WAS,79,72,0.5636,1.0,1,0.1905,0.5735
2010-06-25,2010,R,,ORL,PHX,82,79,0.5827,1.0,1,0.1742,0.5401
2010-06-25,2010,R,,SEA,IND,85,81,0.6584,1.0,1,0.1167,0.4179
2010-06-25,2010,R,,DET,NYL,78,92,0.5622,0.0,0,0.3161,0.8261
2010-06-26,2010,R,,UTA,MIN,80,66,0.6965,1.0,1,0.0921,0.3617
2010-06-27,2010,R,,ATL,LAS,89,81,0.7642,1.0,1,0.0556,0.269
2010-06-27,2010,R,,CHI,IND,64,70,0.4777,0.0,1,0.2282,0.6496
2010-06-27,2010,R,,NYL,ORL,77,68,0.5178,1.0,1,0.2325,0.6582
2010-06-27,2010,R,,DET,SEA,72,83,0.3027,0.0,1,0.0917,0.3606
2010-06-27,2010,R,,WAS,PHX,95,85,0.6256,1.0,1,0.1402,0.469
2010-06-29,2010,R,,ATL,PHX,94,88,0.6974,1.0,1,0.0916,0.3605
2010-06-29,2010,R,,LAS,NYL,68,80,0.5726,0.0,0,0.3278,0.85
2010-06-29,2010,R,,SEA,UTA,86,72,0.8019,1.0,1,0.0393,0.2208
2010-06-29,2010,R,,DET,ORL,89,101,0.4333,0.0,1,0.1878,0.568
2010-06-29,2010,R,,WAS,IND,68,65,0.5484,1.0,1,0.2039,0.6007
2010-07-01,2010,R,,ATL,MIN,76,58,0.7684,1.0,1,0.0536,0.2635
2010-07-01,2010,R,,CHI,ORL,92,80,0.5536,1.0,1,0.1993,0.5913
2010-07-01,2010,R,,LAS,UTA,73,63,0.577,1.0,1,0.1789,0.5498
2010-07-01,2010,R,,PHX,WAS,104,107,0.5556,0.0,0,0.3086,0.8109
2010-07-03,2010,R,,ATL,CHI,82,88,0.7494,0.0,0,0.5615,1.3837
2010-07-03,2010,R,,LAS,SEA,62,75,0.2937,0.0,1,0.0862,0.3477
2010-07-03,2010,R,,PHX,NYL,97,82,0.5527,1.0,1,0.2,0.5929
2010-07-03,2010,R,,DET,WAS,54,69,0.4213,0.0,1,0.1775,0.547
2010-07-06,2010,R,,CHI,IND,51,58,0.458,0.0,1,0.2098,0.6125
2010-07-06,2010,R,,LAS,PHX,89,98,0.5234,0.0,0,0.274,0.7411
2010-07-06,2010,R,,UTA,ORL,79,66,0.5083,1.0,1,0.2418,0.6767
2010-07-06,2010,R,,SEA,NYL,78,70,0.8133,1.0,1,0.0349,0.2067
2010-07-07,2010,R,,ATL,ORL,108,103,0.7269,1.0,1,0.0746,0.319
2010-07-08,2010,R,,IND,DET,100,72,0.8244,1.0,1,0.0308,0.1931
2010-07-08,2010,R,,MIN,UTA,89,66,0.5871,1.0,1,0.1705,0.5326
2010-07-11,2010,R,,NYL,CHI,57,54,0.6168,1.0,1,0.1468,0.4832
2010-07-13,2010,R,,DET,LAS,71,87,0.4915,0.0,1,0.2416,0.6763
2010-07-14,2010,R,,CHI,UTA,88,61,0.6126,1.0,1,0.1501,0.4901
2010-07-14,2010,R,,IND,ORL,68,77,0.7122,0.0,0,0.5072,1.2453
2010-07-14,2010,R,,MIN,ATL,83,81,0.3938,1.0,0,0.3675,0.9319
2010-07-14,2010,R,,PHX,SEA,107,111,0.4144,0.0,1,0.1717,0.5351
2010-07-15,2010,R,,NYL,WAS,75,67,0.4606,1.0,0,0.2909,0.7751
2010-07-16,2010,R,,CHI,LAS,80,68,0.6689,1.0,1,0.1096,0.4021
2010-07-16,2010,R,,IND,ATL,89,70,0.6384,1.0,1,0.1307,0.4488
2010-07-16,2010,R,,UTA,DET,70,75,0.7047,0.0,0,0.4966,1.2197
2010-07-17,2010,R,,ORL,ATL,96,80,0.6339,1.0,1,0.134,0.4558
2010-07-17,2010,R,,MIN,SEA,71,73,0.2997,0.0,1,0.0898,0.3562
2010-07-17,2010,R,,PHX,DET,97,88,0.8216,1.0,1,0.0318,0.1965
2010-07-18,2010,R,,NYL,IND,81,84,0.5206,0.0,0,0.271,0.7353
2010-07-18,2010,R,,UTA,LAS,83,73,0.5968,1.0,1,0.1626,0.5161
2010-07-18,2010,R,,WAS,CHI,59,61,0.7046,0.0,0,0.4965,1.2195
2010-07-20,2010,R,,ORL,NYL,74,82,0.696,0.0,0,0.4845,1.1909
2010-07-20,2010,R,,LAS,DET,86,83,0.6755,1.0,1,0.1053,0.3924
2010-07-20,2010,R,,UTA,SEA,74,80,0.2595,0.0,1,0.0674,0.3005
2010-07-21,2010,R,,WAS,ATL,82,72,0.6094,1.0,1,0.1526,0.4953
2010-07-22,2010,R,,IND,LAS,76,57,0.8438,1.0,1,0.0244,0.1699
2010-07-22,2010,R,,MIN,UTA,72,74,0.6792,0.0,0,0.4614,1.1371
2010-07-22,2010,R,,DET,PHX,91,123,0.3434,0.0,1,0.1179,0.4206
2010-07-23,2010,R,,CHI,NYL,71,79,0.6673,0.0,0,0.4452,1.1004
2010-07-24,2010,R,,ORL,LAS,80,89,0.7813,0.0,0,0.6104,1.5201
2010-07-24,2010,R,,MIN,PHX,124,127,0.4613,0.0,1,0.2128,0.6186
2010-07-24,2010,R,,UTA,CHI,72,75,0.5493,0.0,0,0.3017,0.7969
2010-07-24,2010,R,,WAS,IND,73,78,0.5698,0.0,0,0.3247,0.8436
2010-07-25,2010,R,,ATL,NYL,82,75,0.6474,1.0,1,0.1243,0.4348
2010-07-25,2010,R,,SEA,DET,75,59,0.9344,1.0,1,0.0043,0.0678
2010-07-27,2010,R,,ORL,WAS,88,78,0.5633,1.0,1,0.1907,0.5739
2010-07-27,2010,R,,IND,CHI,78,74,0.752,1.0,1,0.0615,0.285
2010-07-27,2010,R,,MIN,LAS,58,71,0.584,0.0,0,0.3411,0.8771
2010-07-27,2010,R,,NYL,UTA,77,72,0.7244,1.0,1,0.076,0.3224
2010-07-27,2010,R,,SEA,PHX,91,85,0.771,1.0,1,0.0525,0.2601
2010-07-27,2010,R,,DET,ATL,89,105,0.3434,0.0,1,0.1179,0.4206
2010-07-29,2010,R,,PHX,MIN,110,92,0.7854,1.0,1,0.046,0.2415
2010-07-29,2010,R,,WAS,UTA,75,79,0.7554,0.0,0,0.5706,1.408
2010-07-30,2010,R,,ORL,ATL,62,94,0.5809,0.0,0,0.3375,0.8697
2010-07-30,2010,R,,IND,WAS,73,77,0.7873,0.0,0,0.6198,1.5476
2010-07-30,2010,R,,NYL,LAS,88,79,0.7085,1.0,1,0.085,0.3446
2010-07-30,2010,R,,SEA,CHI,80,60,0.8236,1.0,1,0.0311,0.1941
2010-07-30,2010,R,,DET,UTA,85,101,0.5101,0.0,0,0.2602,0.7136
2010-08-01,2010,R,,ATL,IND,90,74,0.5684,1.0,1,0.1863,0.5649
2010-08-01,2010,R,,MIN,SEA,72,71,0.2312,1.0,0,0.591,1.4643
2010-08-01,2010,R,,NYL,ORL,71,67,0.6864,1.0,1,0.0984,0.3764
2010-08-01,2010,R,,PHX,CHI,97,96,0.6966,1.0,1,0.0921,0.3616
2010-08-01,2010,R,,WAS,DET,87,62,0.8544,1.0,1,0.0212,0.1574
2010-08-03,2010,R,,ATL,WAS,78,86,0.687,0.0,0,0.472,1.1615
2010-08-03,2010,R,,IND,NYL,72,82,0.6822,0.0,0,0.4653,1.1462
2010-08-03,2010,R,,MIN,ORL,111,103,0.5048,1.0,1,0.2452,0.6835
2010-08-03,2010,R,,UTA,PHX,92,103,0.5249,0.0,0,0.2755,0.7443
2010-08-03,2010,R,,DET,SEA,84,75,0.1507,1.0,0,0.7213,1.8926
2010-08-04,2010,R,,LAS,CHI,82,77,0.603,1.0,1,0.1576,0.5058
2010-08-05,2010,R,,SEA,ORL,83,82,0.8363,1.0,1,0.0268,0.1788
2010-08-06,2010,R,,IND,ATL,95,93,0.623,1.0,1,0.1422,0.4733
2010-08-06,2010,R,,LAS,DET,77,70,0.7687,1.0,1,0.0535,0.263
2010-08-06,2010,R,,NYL,WAS,85,77,0.6325,1.0,1,0.135,0.458
2010-08-06,2010,R,,PHX,UTA,103,87,0.7736,1.0,1,0.0513,0.2567
2010-08-07,2010,R,,CHI,MIN,82,87,0.6955,0.0,0,0.4837,1.1891
2010-08-07,2010,R,,SEA,DET,111,65,0.932,1.0,1,0.0046,0.0704
2010-08-08,2010,R,,ORL,WAS,76,67,0.5299,1.0,1,0.221,0.6351
2010-08-08,2010,R,,LAS,UTA,83,92,0.6691,0.0,0,0.4477,1.106
2010-08-08,2010,R,,MIN,NYL,72,74,0.3833,0.0,1,0.147,0.4834
2010-08-08,2010,R,,PHX,IND,82,104,0.6075,0.0,0,0.369,0.9352
2010-08-10,2010,R,,ATL,SEA,70,80,0.4861,0.0,1,0.2363,0.6658
2010-08-10,2010,R,,CHI,PHX,91,82,0.5364,1.0,1,0.215,0.623
2010-08-10,2010,R,,LAS,IND,76,82,0.3931,0.0,1,0.1545,0.4994
2010-08-10,2010,R,,UTA,MIN,66,73,0.6571,0.0,0,0.4318,1.0703
2010-08-10,2010,R,,WAS,ORL,84,74,0.6881,1.0,1,0.0973,0.3738
2010-08-12,2010,R,,MIN,LAS,77,78,0.6135,0.0,0,0.3764,0.9506
2010-08-13,2010,R,,ATL,NYL,83,90,0.5288,0.0,0,0.2796,0.7524
2010-08-13,2010,R,,ORL,SEA,88,68,0.3171,1.0,0,0.4664,1.1486
2010-08-13,2010,R,,IND,PHX,110,90,0.7219,1.0,1,0.0773,0.3258
2010-08-13,2010,R,,UTA,DET,94,74,0.7275,1.0,1,0.0743,0.3182
2010-08-13,2010,R,,WAS,MIN,61,58,0.792,1.0,1,0.0433,0.2332
2010-08-14,2010,R,,CHI,ATL,74,98,0.5918,0.0,0,0.3503,0.896
2010-08-14,2010,R,,NYL,PHX,107,69,0.7106,1.0,1,0.0837,0.3416
2010-08-14,2010,R,,DET,LAS,87,92,0.3865,0.0,1,0.1494,0.4886
2010-08-15,2010,R,,ORL,IND,66,79,0.4291,0.0,1,0.1841,0.5606
2010-08-15,2010,R,,MIN,UTA,84,78,0.5914,1.0,1,0.1669,0.5252
2010-08-15,2010,R,,WAS,SEA,80,71,0.4512,1.0,0,0.3011,0.7957
2010-08-17,2010,R,,ATL,CHI,79,84,0.7451,0.0,0,0.5551,1.3667
2010-08-17,2010,R,,ORL,DET,90,62,0.8125,1.0,1,0.0352,0.2076
2010-08-17,2010,R,,LAS,PHX,84,90,0.5485,0.0,0,0.3009,0.7953
2010-08-17,2010,R,,NYL,IND,78,57,0.6014,1.0,1,0.1588,0.5084
2010-08-17,2010,R,,UTA,WAS,66,76,0.4357,0.0,1,0.1898,0.5721
2010-08-17,2010,R,,SEA,MIN,68,64,0.8502,1.0,1,0.0224,0.1623
2010-08-19,2010,R,,NYL,DET,95,85,0.9207,1.0,1,0.0063,0.0826
2010-08-20,2010,R,,CHI,ORL,71,78,0.6018,0.0,0,0.3622,0.9209
2010-08-20,2010,R,,LAS,MIN,98,91,0.6411,1.0,1,0.1288,0.4446
2010-08-20,2010,R,,PHX,SEA,73,78,0.4342,0.0,1,0.1886,0.5696
2010-08-20,2010,R,,UTA,IND,75,61,0.3328,1.0,0,0.4452,1.1003
2010-08-20,2010,R,,WAS,NYL,75,74,0.5824,1.0,1,0.1744,0.5406
2010-08-21,2010,R,,SEA,LAS,76,75,0.8418,1.0,1,0.025,0.1722
2010-08-21,2010,R,,DET,CHI,84,71,0.3918,1.0,0,0.3699,0.9369
2010-08-22,2010,R,,ATL,WAS,81,90,0.6179,0.0,0,0.3818,0.9621
2010-08-22,2010,R,,IND,MIN,79,83,0.8247,0.0,0,0.6801,1.7411
2010-08-22,2010,R,,NYL,ORL,88,87,0.7627,1.0,1,0.0563,0.2708
2010-08-22,2010,R,,UTA,PHX,83,82,0.5148,1.0,1,0.2354,0.664
2010-08-25,2010,R,,SEA,LAS,79,66,0.8453,1.0,1,0.0239,0.168
2010-08-25,2010,R,,WAS,ATL,90,95,0.7047,0.0,0,0.4966,1.2199
2010-08-26,2010,R,,NYL,IND,85,73,0.6667,1.0,1,0.1111,0.4055
2010-08-26,2010,R,,PHX,UTA,106,93,0.6936,1.0,1,0.0939,0.3659
2010-08-27,2010,R,,ATL,WAS,101,77,0.5689,1.0,1,0.1858,0.564
2010-08-28,2010,R,,LAS,SEA,66,81,0.3139,0.0,1,0.0985,0.3767
2010-08-28,2010,R,,UTA,PHX,73,92,0.5095,0.0,0,0.2596,0.7123
2010-08-29,2010,R,,IND,NYL,75,67,0.5384,1.0,1,0.2131,0.6192
2010-09-01,2010,R,,NYL,IND,77,74,0.6625,1.0,1,0.1139,0.4118
2010-09-02,2010,R,,SEA,PHX,82,74,0.7877,1.0,1,0.0451,0.2386
2010-09-05,2010,R,,NYL,ATL,75,81,0.6666,0.0,0,0.4444,1.0985
2010-09-05,2010,R,,PHX,SEA,88,91,0.4004,0.0,1,0.1603,0.5115
2010-09-07,2010,R,,ATL,NYL,105,93,0.5669,1.0,1,0.1875,0.5675
2010-09-12,2010,R,,SEA,ATL,79,77,0.7735,1.0,1,0.0513,0.2568
2010-09-14,2010,R,,SEA,ATL,87,84,0.7483,1.0,1,0.0634,0.29
2010-09-16,2010,R,,ATL,SEA,84,87,0.456,0.0,1,0.2079,0.6088
2011-06-03,2011,R,,LAS,MIN,82,74,0.622,1.0,1,0.1429,0.4748
2011-06-04,2011,R,,ORL,WAS,89,73,0.5764,1.0,1,0.1794,0.5509
2011-06-04,2011,R,,IND,CHI,65,57,0.7094,1.0,1,0.0845,0.3433
2011-06-04,2011,R,,UTA,DET,93,73,0.6937,1.0,1,0.0938,0.3657
2011-06-04,2011,R,,SEA,PHX,78,71,0.7346,1.0,1,0.0704,0.3084
2011-06-05,2011,R,,ATL,NYL,88,94,0.5998,0.0,0,0.3598,0.9159
2011-06-05,2011,R,,MIN,LAS,86,69,0.5845,1.0,1,0.1727,0.537
2011-06-07,2011,R,,MIN,DET,75,65,0.7055,1.0,1,0.0867,0.3489
2011-06-09,2011,R,,ATL,WAS,90,98,0.6086,0.0,0,0.3704,0.938
2011-06-09,2011,R,,SEA,MIN,74,81,0.8042,0.0,0,0.6467,1.6307
2011-06-10,2011,R,,CHI,ORL,78,75,0.5441,1.0,1,0.2079,0.6086
2011-06-10,2011,R,,IND,NYL,80,81,0.6201,0.0,0,0.3845,0.9677
2011-06-10,2011,R,,LAS,PHX,98,84,0.5407,1.0,1,0.2109,0.6148
2011-06-10,2011,R,,DET,UTA,62,93,0.4422,0.0,1,0.1956,0.5838
2011-06-11,2011,R,,NYL,IND,80,86,0.6681,0.0,0,0.4464,1.103
2011-06-11,2011,R,,UTA,ATL,86,74,0.578,1.0,1,0.1781,0.5482
2011-06-11,2011,R,,WAS,CHI,77,84,0.7125,0.0,0,0.5077,1.2467
2011-06-12,2011,R,,ORL,DET,90,79,0.7935,1.0,1,0.0427,0.2314
2011-06-14,2011,R,,IND,DET,82,74,0.8529,1.0,1,0.0216,0.1592
2011-06-14,2011,R,,NYL,ATL,58,79,0.7041,0.0,0,0.4958,1.2179
2011-06-16,2011,R,,WAS,ORL,71,79,0.638,0.0,0,0.4071,1.0162
2011-06-17,2011,R,,CHI,NYL,85,73,0.6104,1.0,1,0.1518,0.4937
2011-06-17,2011,R,,MIN,ATL,96,85,0.6327,1.0,1,0.1349,0.4577
2011-06-17,2011,R,,PHX,UTA,99,101,0.6114,0.0,0,0.3739,0.9453
2011-06-17,2011,R,,SEA,IND,68,54,0.6983,1.0,1,0.091,0.3591
2011-06-18,2011,R,,DET,WAS,77,59,0.4577,1.0,0,0.2941,0.7816
2011-06-19,2011,R,,ATL,MIN,64,77,0.6153,0.0,0,0.3786,0.9554
2011-06-19,2011,R,,ORL,CHI,83,68,0.6749,1.0,1,0.1057,0.3932
2011-06-19,2011,R,,LAS,SEA,74,50,0.4936,1.0,0,0.2564,0.706
2011-06-19,2011,R,,PHX,IND,93,89,0.5139,1.0,1,0.2363,0.6656
2011-06-21,2011,R,,ATL,CHI,71,68,0.6131,1.0,1,0.1497,0.4893
2011-06-21,2011,R,,LAS,NYL,96,91,0.5532,1.0,1,0.1996,0.5921
2011-06-21,2011,R,,UTA,PHX,98,105,0.7056,0.0,0,0.4979,1.2228
2011-06-21,2011,R,,DET,SEA,77,82,0.3447,0.0,1,0.1188,0.4227
2011-06-21,2011,R,,WAS,IND,80,89,0.5479,0.0,0,0.3002,0.7939
2011-06-23,2011,R,,CHI,ORL,107,101,0.4894,1.0,0,0.2607,0.7145
2011-06-23,2011,R,,DET,NYL,82,94,0.4118,0.0,1,0.1695,0.5306
2011-06-24,2011,R,,ATL,PHX,83,92,0.6097,0.0,0,0.3718,0.9409
2011-06-24,2011,R,,UTA,LAS,90,80,0.6026,1.0,1,0.1579,0.5065
2011-06-24,2011,R,,SEA,MIN,65,55,0.6446,1.0,1,0.1263,0.439
2011-06-25,2011,R,,CHI,PHX,78,86,0.6046,0.0,0,0.3656,0.9279
2011-06-25,2011,R,,IND,ORL,75,70,0.6902,1.0,1,0.096,0.3707
2011-06-26,2011,R,,ATL,UTA,86,92,0.5717,0.0,0,0.3268,0.8478
2011-06-26,2011,R,,MIN,IND,75,78,0.5869,0.0,0,0.3444,0.884
2011-06-26,2011,R,,NYL,LAS,77,67,0.6619,1.0,1,0.1143,0.4126
2011-06-26,2011,R,,WAS,DET,83,63,0.7857,1.0,1,0.0459,0.2412
2011-06-28,2011,R,,CHI,UTA,74,84,0.5736,0.0,0,0.329,0.8524
2011-06-28,2011,R,,ORL,LAS,79,76,0.6831,1.0,1,0.1004,0.3811
2011-06-28,2011,R,,IND,PHX,91,86,0.6452,1.0,1,0.1259,0.4382
2011-06-30,2011,R,,ATL,NYL,87,81,0.5275,1.0,1,0.2233,0.6396
2011-06-30,2011,R,,DET,MIN,71,101,0.3753,0.0,1,0.1408,0.4704
2011-07-01,2011,R,,ORL,SEA,75,70,0.4804,1.0,0,0.27,0.7332
2011-07-01,2011,R,,NYL,UTA,81,75,0.5353,1.0,1,0.2159,0.6249
2011-07-01,2011,R,,PHX,CHI,97,84,0.7075,1.0,1,0.0855,0.346
2011-07-03,2011,R,,WAS,SEA,63,73,0.4955,0.0,1,0.2455,0.6842
2011-07-05,2011,R,,CHI,WAS,78,65,0.6614,1.0,1,0.1147,0.4135
2011-07-05,2011,R,,IND,SEA,78,61,0.641,1.0,1,0.1289,0.4447
2011-07-05,2011,R,,PHX,LAS,101,82,0.6507,1.0,1,0.122,0.4298
2011-07-08,2011,R,,UTA,NYL,73,76,0.6235,0.0,0,0.3887,0.9768
2011-07-08,2011,R,,DET,PHX,78,86,0.3381,0.0,1,0.1143,0.4127
2011-07-09,2011,R,,CHI,ATL,81,69,0.5568,1.0,1,0.1965,0.5856
2011-07-09,2011,R,,IND,WAS,68,57,0.8014,1.0,1,0.0394,0.2214
2011-07-09,2011,R,,MIN,ORL,90,67,0.6203,1.0,1,0.1442,0.4776
2011-07-09,2011,R,,SEA,LAS,99,80,0.758,1.0,1,0.0585,0.277
2011-07-10,2011,R,,NYL,CHI,80,73,0.7202,1.0,1,0.0783,0.3282
2011-07-10,2011,R,,PHX,DET,102,63,0.8718,1.0,1,0.0164,0.1372
2011-07-12,2011,R,,UTA,LAS,74,84,0.7129,0.0,0,0.5083,1.2481
2011-07-12,2011,R,,SEA,WAS,79,71,0.8034,1.0,1,0.0387,0.219
2011-07-13,2011,R,,CHI,DET,72,54,0.8063,1.0,1,0.0375,0.2153
2011-07-13,2011,R,,IND,ORL,90,78,0.7166,1.0,1,0.0803,0.3332
2011-07-13,2011,R,,MIN,PHX,105,112,0.609,0.0,0,0.3708,0.9389
2011-07-13,2011,R,,NYL,ATL,91,69,0.7116,1.0,1,0.0832,0.3403
2011-07-14,2011,R,,UTA,SEA,69,66,0.4752,1.0,0,0.2754,0.7439
2011-07-15,2011,R,,IND,MIN,70,80,0.7233,0.0,0,0.5232,1.2849
2011-07-15,2011,R,,NYL,ORL,59,68,0.677,0.0,0,0.4583,1.1301
2011-07-15,2011,R,,PHX,WAS,78,64,0.7848,1.0,1,0.0463,0.2423
2011-07-15,2011,R,,DET,LAS,74,79,0.3412,0.0,1,0.1164,0.4173
2011-07-16,2011,R,,ATL,CHI,76,68,0.5786,1.0,1,0.1776,0.5472
2011-07-16,2011,R,,MIN,SEA,69,62,0.5431,1.0,1,0.2087,0.6104
2011-07-17,2011,R,,ORL,IND,76,71,0.5425,1.0,1,0.2093,0.6115
2011-07-17,2011,R,,LAS,WAS,85,89,0.7061,0.0,0,0.4985,1.2244
2011-07-17,2011,R,,NYL,DET,88,57,0.8719,1.0,1,0.0164,0.1371
2011-07-18,2011,R,,LAS,UTA,69,79,0.5284,0.0,0,0.2792,0.7517
2011-07-19,2011,R,,ATL,IND,84,74,0.4716,1.0,0,0.2792,0.7517
2011-07-19,2011,R,,CHI,SEA,78,69,0.462,1.0,0,0.2894,0.7721
2011-07-19,2011,R,,ORL,NYL,85,79,0.6184,1.0,1,0.1456,0.4806
2011-07-20,2011,R,,PHX,MIN,98,106,0.678,0.0,0,0.4597,1.1332
2011-07-20,2011,R,,WAS,ATL,79,86,0.6073,0.0,0,0.3689,0.9348
2011-07-21,2011,R,,IND,CHI,77,63,0.7254,1.0,1,0.0754,0.321
2011-07-21,2011,R,,SEA,UTA,73,55,0.6471,1.0,1,0.1245,0.4352
2011-07-26,2011,R,,CHI,ORL,66,77,0.4513,0.0,1,0.2037,0.6003
2011-07-26,2011,R,,MIN,LAS,85,72,0.7312,1.0,1,0.0722,0.313
2011-07-26,2011,R,,PHX,SEA,77,83,0.637,0.0,0,0.4058,1.0134
2011-07-26,2011,R,,DET,ATL,68,76,0.3755,0.0,1,0.141,0.4708
2011-07-26,2011,R,,WAS,UTA,67,73,0.5128,0.0,0,0.263,0.7191
2011-07-28,2011,R,,ATL,LAS,89,80,0.6832,1.0,1,0.1003,0.3809
2011-07-28,2011,R,,ORL,IND,58,69,0.5693,0.0,0,0.3241,0.8423
2011-07-28,2011,R,,NYL,WAS,75,71,0.8054,1.0,1,0.0379,0.2164
2011-07-28,2011,R,,UTA,PHX,102,91,0.5716,1.0,1,0.1835,0.5592
2011-07-28,2011,R,,DET,CHI,55,64,0.3656,0.0,1,0.1336,0.455
2011-07-29,2011,R,,MIN,SEA,92,67,0.6163,1.0,1,0.1472,0.484
2011-07-29,2011,R,,WAS,IND,59,61,0.3521,0.0,1,0.124,0.434
2011-07-30,2011,R,,CHI,LAS,84,88,0.6521,0.0,0,0.4252,1.0557
2011-07-30,2011,R,,NYL,PHX,84,91,0.6167,0.0,0,0.3803,0.9589
2011-07-30,2011,R,,DET,SEA,72,89,0.2349,0.0,1,0.0552,0.2678
2011-07-31,2011,R,,ORL,ATL,99,92,0.6747,1.0,1,0.1058,0.3934
2011-07-31,2011,R,,IND,LAS,98,63,0.8011,1.0,1,0.0396,0.2217
2011-07-31,2011,R,,UTA,MIN,69,70,0.5402,0.0,0,0.2918,0.777
2011-08-02,2011,R,,ATL,NYL,75,85,0.5635,0.0,0,0.3175,0.8289
2011-08-02,2011,R,,MIN,PHX,90,73,0.6731,1.0,1,0.1068,0.3958
2011-08-02,2011,R,,SEA,UTA,78,64,0.7081,1.0,1,0.0852,0.3451
2011-08-03,2011,R,,LAS,ORL,70,79,0.4565,0.0,1,0.2084,0.6097
2011-08-04,2011,R,,MIN,UTA,62,60,0.756,1.0,1,0.0595,0.2797
2011-08-04,2011,R,,NYL,CHI,59,49,0.6929,1.0,1,0.0943,0.3669
2011-08-05,2011,R,,SEA,ORL,81,79,0.6628,1.0,1,0.1137,0.4112
2011-08-05,2011,R,,DET,IND,65,85,0.194,0.0,1,0.0376,0.2157
2011-08-06,2011,R,,UTA,DET,72,64,0.8869,1.0,1,0.0128,0.12
2011-08-06,2011,R,,WAS,NYL,91,81,0.4455,1.0,0,0.3075,0.8086
2011-08-07,2011,R,,ATL,SEA,70,53,0.504,1.0,1,0.2461,0.6853
2011-08-07,2011,R,,CHI,IND,88,69,0.3991,1.0,0,0.361,0.9184
2011-08-07,2011,R,,LAS,MIN,78,84,0.3607,0.0,1,0.1301,0.4474
2011-08-07,2011,R,,PHX,ORL,95,96,0.6356,0.0,0,0.404,1.0095
2011-08-09,2011,R,,ORL,CHI,69,58,0.7552,1.0,1,0.0599,0.2808
2011-08-09,2011,R,,IND,UTA,81,68,0.6988,1.0,1,0.0907,0.3584
2011-08-09,2011,R,,LAS,DET,71,66,0.8013,1.0,1,0.0395,0.2215
2011-08-09,2011,R,,NYL,SEA,58,56,0.5797,1.0,1,0.1766,0.5452
2011-08-09,2011,R,,PHX,MIN,85,80,0.471,1.0,0,0.2798,0.7528
2011-08-09,2011,R,,WAS,ATL,70,72,0.5148,0.0,0,0.265,0.7233
2011-08-11,2011,R,,ORL,UTA,59,72,0.7183,0.0,0,0.516,1.2671
2011-08-11,2011,R,,PHX,ATL,109,95,0.669,1.0,1,0.1096,0.402
2011-08-11,2011,R,,SEA,DET,77,63,0.9128,1.0,1,0.0076,0.0913
2011-08-12,2011,R,,CHI,MIN,76,79,0.3763,0.0,1,0.1416,0.472
2011-08-12,2011,R,,LAS,PHX,93,90,0.4798,1.0,0,0.2706,0.7345
2011-08-12,2011,R,,WAS,NYL,64,63,0.4188,1.0,0,0.3378,0.8703
2011-08-13,2011,R,,ORL,WAS,82,75,0.8075,1.0,1,0.0371,0.2138
2011-08-13,2011,R,,IND,NYL,82,71,0.7434,1.0,1,0.0659,0.2965
2011-08-13,2011,R,,SEA,ATL,63,92,0.7136,0.0,0,0.5093,1.2505
2011-08-14,2011,R,,MIN,DET,82,54,0.9336,1.0,1,0.0044,0.0687
2011-08-14,2011,R,,UTA,CHI,73,85,0.7352,0.0,0,0.5406,1.3289
2011-08-16,2011,R,,ORL,MIN,108,79,0.5377,1.0,1,0.2137,0.6204
2011-08-16,2011,R,,LAS,ATL,79,84,0.5088,0.0,0,0.2589,0.7109
2011-08-16,2011,R,,NYL,WAS,69,66,0.7632,1.0,1,0.0561,0.2702
2011-08-16,2011,R,,PHX,SEA,81,79,0.6546,1.0,1,0.1193,0.4237
2011-08-16,2011,R,,UTA,IND,63,65,0.4469,0.0,1,0.1997,0.5921
2011-08-18,2011,R,,LAS,IND,75,70,0.3512,1.0,0,0.421,1.0465
2011-08-18,2011,R,,NYL,ORL,84,81,0.5398,1.0,1,0.2118,0.6165
2011-08-18,2011,R,,WAS,MIN,62,81,0.3202,0.0,1,0.1025,0.386
2011-08-19,2011,R,,ATL,ORL,94,88,0.6154,1.0,1,0.1479,0.4855
2011-08-20,2011,R,,MIN,LAS,87,68,0.8263,1.0,1,0.0302,0.1908
2011-08-20,2011,R,,PHX,UTA,87,81,0.6969,1.0,1,0.0919,0.3612
2011-08-20,2011,R,,SEA,NYL,63,62,0.6541,1.0,1,0.1197,0.4245
2011-08-20,2011,R,,WAS,CHI,70,71,0.4566,0.0,1,0.2084,0.6098
2011-08-21,2011,R,,ORL,ATL,96,87,0.6418,1.0,1,0.1283,0.4435
2011-08-21,2011,R,,IND,WAS,83,51,0.8745,1.0,1,0.0157,0.1341
2011-08-21,2011,R,,DET,LAS,67,73,0.3918,0.0,1,0.1535,0.4972
2011-08-23,2011,R,,CHI,ATL,80,83,0.5552,0.0,0,0.3083,0.8102
2011-08-23,2011,R,,PHX,NYL,70,74,0.6615,0.0,0,0.4376,1.0832
2011-08-23,2011,R,,SEA,UTA,63,55,0.6834,1.0,1,0.1003,0.3807
2011-08-23,2011,R,,DET,MIN,72,78,0.1288,0.0,1,0.0166,0.1379
2011-08-23,2011,R,,WAS,LAS,82,86,0.5266,0.0,0,0.2773,0.7479
2011-08-25,2011,R,,SEA,DET,74,57,0.9094,1.0,1,0.0082,0.095
2011-08-26,2011,R,,CHI,WAS,80,67,0.7447,1.0,1,0.0652,0.2948
2011-08-26,2011,R,,ORL,PHX,95,92,0.6981,1.0,1,0.0911,0.3594
2011-08-26,2011,R,,LAS,DET,75,77,0.8767,0.0,0,0.7687,2.0935
2011-08-26,2011,R,,MIN,UTA,85,75,0.7984,1.0,1,0.0406,0.2251
2011-08-27,2011,R,,IND,ATL,80,86,0.7302,0.0,0,0.5332,1.3102
2011-08-28,2011,R,,CHI,NYL,74,73,0.4751,1.0,0,0.2755,0.7443
2011-08-28,2011,R,,UTA,MIN,61,72,0.3842,0.0,1,0.1476,0.4848
2011-08-28,2011,R,,SEA,LAS,65,63,0.7716,1.0,1,0.0522,0.2593
2011-08-28,2011,R,,DET,ORL,83,72,0.1833,1.0,0,0.6669,1.6964
2011-08-28,2011,R,,WAS,PHX,79,86,0.3591,0.0,1,0.129,0.4449
2011-08-30,2011,R,,ATL,IND,92,90,0.5886,1.0,1,0.1693,0.5301
2011-08-30,2011,R,,LAS,SEA,68,62,0.4491,1.0,0,0.3034,0.8004
2011-08-30,2011,R,,MIN,WAS,73,56,0.9016,1.0,1,0.0097,0.1035
2011-08-30,2011,R,,NYL,CHI,71,67,0.6863,1.0,1,0.0984,0.3765
2011-08-30,2011,R,,UTA,ORL,78,66,0.4753,1.0,0,0.2753,0.7437
2011-08-30,2011,R,,DET,PHX,74,96,0.2342,0.0,1,0.0549,0.2668
2011-09-01,2011,R,,UTA,PHX,86,68,0.506,1.0,1,0.244,0.6812
2011-09-01,2011,R,,WAS,ATL,85,81,0.3013,1.0,0,0.4881,1.1995
2011-09-02,2011,R,,ATL,WAS,95,73,0.8399,1.0,1,0.0256,0.1744
2011-09-02,2011,R,,ORL,IND,83,55,0.5709,1.0,1,0.1841,0.5605
2011-09-02,2011,R,,MIN,NYL,62,78,0.7537,0.0,0,0.5681,1.4014
2011-09-02,2011,R,,DET,SEA,72,78,0.2367,0.0,1,0.0561,0.2702
2011-09-03,2011,R,,PHX,LAS,93,77,0.6997,1.0,1,0.0902,0.3572
2011-09-03,2011,R,,UTA,SEA,60,70,0.5746,0.0,0,0.3301,0.8547
2011-09-04,2011,R,,ATL,DET,73,52,0.9117,1.0,1,0.0078,0.0925
2011-09-04,2011,R,,CHI,IND,80,88,0.5446,0.0,0,0.2966,0.7865
2011-09-04,2011,R,,NYL,MIN,68,86,0.5354,0.0,0,0.2867,0.7667
2011-09-04,2011,R,,WAS,ORL,48,79,0.3199,0.0,1,0.1023,0.3855
2011-09-06,2011,R,,ATL,ORL,85,74,0.6046,1.0,1,0.1563,0.5032
2011-09-06,2011,R,,LAS,UTA,65,82,0.556,0.0,0,0.3092,0.812
2011-09-07,2011,R,,IND,WAS,87,69,0.8638,1.0,1,0.0186,0.1464
2011-09-08,2011,R,,MIN,CHI,78,69,0.824,1.0,1,0.031,0.1936
2011-09-08,2011,R,,PHX,DET,91,76,0.9119,1.0,1,0.0078,0.0922
2011-09-09,2011,R,,LAS,DET,84,73,0.8405,1.0,1,0.0254,0.1738
2011-09-09,2011,R,,NYL,IND,83,75,0.618,1.0,1,0.146,0.4813
2011-09-09,2011,R,,SEA,PHX,85,70,0.6713,1.0,1,0.1081,0.3986
2011-09-10,2011,R,,LAS,CHI,74,67,0.5407,1.0,1,0.211,0.6149
2011-09-10,2011,R,,UTA,WAS,82,74,0.8216,1.0,1,0.0318,0.1965
2011-09-11,2011,R,,ORL,NYL,69,63,0.6755,1.0,1,0.1053,0.3923
2011-09-11,2011,R,,IND,ATL,88,93,0.5549,0.0,0,0.3079,0.8095
2011-09-11,2011,R,,PHX,MIN,90,96,0.4394,0.0,1,0.1931,0.5787
2011-09-11,2011,R,,SEA,CHI,81,70,0.7857,1.0,1,0.0459,0.2412
2011-09-11,2011,R,,DET,UTA,94,102,0.2767,0.0,1,0.0766,0.3239
2011-09-15,2011,P,1.0,IND,NYL,74,72,0.6281,1.0,1,0.1383,0.4651
2011-09-15,2011,P,1.0,SEA,PHX,80,61,0.6806,1.0,1,0.102,0.3848
2011-09-16,2011,P,1.0,ORL,ATL,84,89,0.5922,0.0,0,0.3507,0.897
2011-09-16,2011,P,1.0,MIN,UTA,66,65,0.7951,1.0,1,0.042,0.2293
2011-09-17,2011,P,1.0,NYL,IND,87,72,0.5877,1.0,1,0.17,0.5316
2011-09-17,2011,P,1.0,PHX,SEA,92,83,0.514,1.0,1,0.2362,0.6655
2011-09-18,2011,P,1.0,ATL,ORL,69,64,0.6829,1.0,1,0.1005,0.3814
2011-09-18,2011,P,1.0,UTA,MIN,84,75,0.3945,1.0,0,0.3667,0.9302
2011-09-19,2011,P,1.0,IND,NYL,72,62,0.6061,1.0,1,0.1552,0.5008
2011-09-19,2011,P,1.0,SEA,PHX,75,77,0.6781,0.0,0,0.4598,1.1334
2011-09-20,2011,P,1.0,MIN,UTA,85,67,0.7688,1.0,1,0.0535,0.2629
2011-09-22,2011,P,2.0,IND,ATL,82,74,0.5149,1.0,1,0.2354,0.6639
2011-09-22,2011,P,2.0,MIN,PHX,95,67,0.7373,1.0,1,0.069,0.3048
2011-09-25,2011,P,2.0,ATL,IND,94,77,0.6549,1.0,1,0.1191,0.4232
2011-09-25,2011,P,2.0,PHX,MIN,86,103,0.4218,0.0,1,0.1779,0.5478
2011-09-27,2011,P,2.0,IND,ATL,67,83,0.5379,0.0,0,0.2894,0.772
2011-10-02,2011,P,3.0,MIN,ATL,88,74,0.7172,1.0,1,0.08,0.3324
2011-10-05,2011,P,3.0,MIN,ATL,101,95,0.7091,1.0,1,0.0846,0.3438
2011-10-07,2011,P,3.0,ATL,MIN,67,73,0.4929,0.0,1,0.2429,0.679
2012-05-18,2012,R,,SEA,LAS,66,72,0.7043,0.0,0,0.496,1.2183
2012-05-19,2012,R,,IND,ATL,92,84,0.5732,1.0,1,0.1821,0.5564
2012-05-19,2012,R,,NYL,ORL,73,78,0.6123,0.0,0,0.3749,0.9476
2012-05-19,2012,R,,DET,UTA,79,88,0.4182,0.0,1,0.1749,0.5417
2012-05-19,2012,R,,WAS,CHI,57,69,0.5414,0.0,0,0.2931,0.7796
2012-05-20,2012,R,,ORL,NYL,92,77,0.6652,1.0,1,0.1121,0.4076
2012-05-20,2012,R,,MIN,PHX,105,83,0.7477,1.0,1,0.0636,0.2907
2012-05-22,2012,R,,LAS,SEA,74,61,0.5754,1.0,1,0.1802,0.5526
2012-05-22,2012,R,,NYL,MIN,62,80,0.4373,0.0,1,0.1912,0.575
2012-05-22,2012,R,,DET,PHX,87,89,0.4391,0.0,1,0.1928,0.5783
2012-05-24,2012,R,,MIN,LAS,92,84,0.7854,1.0,1,0.0461,0.2416
2012-05-25,2012,R,,ATL,NYL,100,74,0.7355,1.0,1,0.07,0.3072
2012-05-25,2012,R,,CHI,IND,72,83,0.5576,0.0,0,0.3109,0.8155
2012-05-25,2012,R,,ORL,UTA,83,79,0.6458,1.0,1,0.1255,0.4373
2012-05-26,2012,R,,PHX,LAS,88,99,0.6771,0.0,0,0.4585,1.1305
2012-05-26,2012,R,,WAS,DET,64,61,0.7232,1.0,1,0.0766,0.324
2012-05-27,2012,R,,ATL,IND,62,78,0.6224,0.0,0,0.3874,0.9739
2012-05-27,2012,R,,MIN,SEA,84,71,0.757,1.0,1,0.059,0.2784
2012-05-29,2012,R,,LAS,DET,76,75,0.8152,1.0,1,0.0342,0.2044
2012-05-30,2012,R,,UTA,CHI,63,77,0.6716,0.0,0,0.451,1.1135
2012-05-30,2012,R,,WAS,MIN,77,79,0.2973,0.0,1,0.0884,0.3529
2012-05-31,2012,R,,ATL,PHX,81,65,0.6583,1.0,1,0.1167,0.418
2012-06-01,2012,R,,CHI,WAS,65,63,0.7383,1.0,1,0.0685,0.3034
2012-06-01,2012,R,,ORL,MIN,72,85,0.5311,0.0,0,0.2821,0.7575
2012-06-01,2012,R,,UTA,PHX,85,66,0.6623,1.0,1,0.1141,0.4121
2012-06-01,2012,R,,SEA,DET,76,58,0.8256,1.0,1,0.0304,0.1917
2012-06-02,2012,R,,ATL,CHI,92,94,0.6939,0.0,0,0.4815,1.1838
2012-06-02,2012,R,,IND,NYL,91,68,0.7153,1.0,1,0.0811,0.3351
2012-06-03,2012,R,,ORL,WAS,94,86,0.7959,1.0,1,0.0417,0.2283
2012-06-03,2012,R,,LAS,SEA,67,65,0.6854,1.0,1,0.0989,0.3777
2012-06-03,2012,R,,MIN,UTA,83,79,0.8155,1.0,1,0.034,0.204
2012-06-03,2012,R,,NYL,IND,87,72,0.4311,1.0,0,0.3237,0.8415
2012-06-03,2012,R,,PHX,DET,79,72,0.7685,1.0,1,0.0536,0.2634
2012-06-05,2012,R,,NYL,ATL,79,74,0.5178,1.0,1,0.2326,0.6583
2012-06-06,2012,R,,MIN,SEA,79,55,0.8263,1.0,1,0.0302,0.1908
2012-06-08,2012,R,,ATL,UTA,60,57,0.6031,1.0,1,0.1575,0.5056
2012-06-08,2012,R,,CHI,DET,98,91,0.8383,1.0,1,0.0261,0.1763
2012-06-08,2012,R,,IND,ORL,81,89,0.6402,0.0,0,0.4098,1.0222
2012-06-08,2012,R,,LAS,PHX,90,74,0.6987,1.0,1,0.0908,0.3586
2012-06-08,2012,R,,WAS,NYL,70,76,0.5273,0.0,0,0.278,0.7492
2012-06-09,2012,R,,UTA,SEA,80,67,0.5796,1.0,1,0.1767,0.5454
2012-06-09,2012,R,,DET,MIN,73,93,0.1424,0.0,1,0.0203,0.1537
2012-06-10,2012,R,,ORL,ATL,92,73,0.6752,1.0,1,0.1055,0.3927
2012-06-10,2012,R,,NYL,CHI,64,73,0.5952,0.0,0,0.3543,0.9044
2012-06-13,2012,R,,CHI,SEA,74,58,0.6799,1.0,1,0.1025,0.3859
2012-06-13,2012,R,,ORL,LAS,81,87,0.6398,0.0,0,0.4094,1.0212
2012-06-15,2012,R,,ATL,LAS,92,59,0.6106,1.0,1,0.1516,0.4932
2012-06-15,2012,R,,ORL,NYL,97,55,0.6892,1.0,1,0.0966,0.3723
2012-06-15,2012,R,,PHX,MIN,60,78,0.3087,0.0,1,0.0953,0.3691
2012-06-15,2012,R,,DET,SEA,73,86,0.4643,0.0,1,0.2156,0.6241
2012-06-15,2012,R,,WAS,IND,67,66,0.374,1.0,0,0.3919,0.9836
2012-06-16,2012,R,,IND,CHI,84,70,0.5659,1.0,1,0.1884,0.5693
2012-06-16,2012,R,,UTA,LAS,98,85,0.6257,1.0,1,0.1401,0.4688
2012-06-17,2012,R,,ATL,ORL,73,75,0.5478,0.0,0,0.3001,0.7937
2012-06-17,2012,R,,SEA,MIN,65,62,0.3036,1.0,0,0.4849,1.192
2012-06-17,2012,R,,DET,PHX,87,75,0.4239,1.0,0,0.3318,0.8581
2012-06-18,2012,R,,LAS,WAS,101,70,0.7612,1.0,1,0.057,0.2729
2012-06-19,2012,R,,ATL,NYL,60,73,0.6578,0.0,0,0.4326,1.0722
2012-06-19,2012,R,,ORL,IND,88,85,0.6515,1.0,1,0.1214,0.4285
2012-06-20,2012,R,,LAS,DET,95,79,0.8318,1.0,1,0.0283,0.1841
2012-06-20,2012,R,,PHX,WAS,80,77,0.7018,1.0,1,0.0889,0.3542
2012-06-21,2012,R,,IND,ORL,95,61,0.5433,1.0,1,0.2085,0.61
2012-06-21,2012,R,,MIN,NYL,102,70,0.8635,1.0,1,0.0186,0.1468
2012-06-22,2012,R,,SEA,UTA,82,76,0.5551,1.0,1,0.198,0.5887
2012-06-23,2012,R,,MIN,CHI,79,67,0.778,1.0,1,0.0493,0.251
2012-06-23,2012,R,,PHX,LAS,84,93,0.467,0.0,1,0.2181,0.6293
2012-06-23,2012,R,,DET,IND,70,73,0.2876,0.0,1,0.0827,0.3391
2012-06-24,2012,R,,LAS,UTA,71,91,0.6567,0.0,0,0.4313,1.0692
2012-06-24,2012,R,,NYL,ATL,64,74,0.5404,0.0,0,0.292,0.7774
2012-06-24,2012,R,,SEA,WAS,72,55,0.7396,1.0,1,0.0678,0.3016
2012-06-26,2012,R,,ATL,IND,70,58,0.5126,1.0,1,0.2376,0.6683
2012-06-26,2012,R,,DET,LAS,91,75,0.3444,1.0,0,0.4298,1.066
2012-06-26,2012,R,,WAS,SEA,71,79,0.409,0.0,1,0.1673,0.5259
2012-06-27,2012,R,,CHI,IND,72,81,0.6084,0.0,0,0.3702,0.9375
2012-06-27,2012,R,,MIN,PHX,96,80,0.8936,1.0,1,0.0113,0.1125
2012-06-28,2012,R,,UTA,LAS,94,80,0.6993,1.0,1,0.0904,0.3577
2012-06-29,2012,R,,CHI,PHX,81,84,0.7338,0.0,0,0.5385,1.3236
2012-06-29,2012,R,,DET,ATL,92,102,0.3354,0.0,1,0.1125,0.4085
2012-06-29,2012,R,,WAS,ORL,64,77,0.2645,0.0,1,0.07,0.3072
2012-06-30,2012,R,,NYL,SEA,77,59,0.5862,1.0,1,0.1713,0.5342
2012-07-01,2012,R,,CHI,ATL,71,69,0.5445,1.0,1,0.2075,0.608
2012-07-01,2012,R,,ORL,SEA,83,89,0.7431,0.0,0,0.5521,1.3589
2012-07-01,2012,R,,UTA,MIN,93,84,0.3664,1.0,0,0.4015,1.0041
2012-07-01,2012,R,,WAS,PHX,90,77,0.4956,1.0,0,0.2544,0.702
2012-07-03,2012,R,,UTA,PHX,82,81,0.7915,1.0,1,0.0435,0.2339
2012-07-05,2012,R,,IND,UTA,72,88,0.6836,0.0,0,0.4673,1.1507
2012-07-05,2012,R,,LAS,MIN,96,90,0.3839,1.0,0,0.3796,0.9575
2012-07-06,2012,R,,CHI,NYL,59,64,0.6259,0.0,0,0.3917,0.9832
2012-07-06,2012,R,,DET,ORL,75,86,0.3202,0.0,1,0.1025,0.3859
2012-07-06,2012,R,,WAS,UTA,73,78,0.3402,0.0,1,0.1158,0.4159
2012-07-07,2012,R,,IND,CHI,88,86,0.7271,1.0,1,0.0745,0.3186
2012-07-07,2012,R,,LAS,SEA,83,59,0.5552,1.0,1,0.1978,0.5884
2012-07-07,2012,R,,MIN,ORL,80,86,0.7563,0.0,0,0.572,1.4118
2012-07-07,2012,R,,PHX,ATL,93,100,0.3937,0.0,1,0.155,0.5004
2012-07-08,2012,R,,LAS,ATL,79,63,0.592,1.0,1,0.1665,0.5243
2012-07-08,2012,R,,NYL,UTA,81,94,0.4737,0.0,1,0.2244,0.642
2012-07-08,2012,R,,SEA,PHX,83,68,0.7403,1.0,1,0.0674,0.3007
2012-07-08,2012,R,,DET,WAS,78,62,0.5688,1.0,1,0.1859,0.5642
2012-07-10,2012,R,,IND,NYL,84,82,0.7395,1.0,1,0.0678,0.3017
2012-07-10,2012,R,,PHX,LAS,71,90,0.4073,0.0,1,0.1659,0.523
2012-07-10,2012,R,,DET,MIN,86,107,0.184,0.0,1,0.0338,0.2033
2012-07-10,2012,R,,WAS,ORL,70,77,0.2464,0.0,1,0.0607,0.2828
2012-07-11,2012,R,,CHI,UTA,68,77,0.4559,0.0,1,0.2078,0.6086
2012-07-11,2012,R,,ORL,WAS,85,73,0.8866,1.0,1,0.0129,0.1204
2012-07-11,2012,R,,SEA,ATL,59,70,0.5878,0.0,0,0.3455,0.8863
2012-07-12,2012,R,,IND,LAS,74,77,0.6313,0.0,0,0.3985,0.9977
2012-07-12,2012,R,,MIN,DET,89,74,0.9196,1.0,1,0.0065,0.0839
2012-07-13,2012,R,,CHI,ORL,78,80,0.4234,0.0,1,0.1793,0.5506
2012-07-13,2012,R,,NYL,WAS,53,70,0.806,0.0,0,0.6496,1.6398
2012-07-13,2012,R,,PHX,SEA,64,83,0.4827,0.0,1,0.233,0.6592
2012-07-13,2012,R,,UTA,ATL,91,70,0.7147,1.0,1,0.0814,0.3359
2012-08-16,2012,R,,IND,WAS,84,66,0.8467,1.0,1,0.0235,0.1664
2012-08-16,2012,R,,NYL,ORL,79,66,0.3831,1.0,0,0.3805,0.9594
2012-08-16,2012,R,,SEA,PHX,72,58,0.792,1.0,1,0.0433,0.2332
2012-08-17,2012,R,,CHI,ATL,76,82,0.513,0.0,0,0.2632,0.7196
2012-08-17,2012,R,,MIN,WAS,98,69,0.9237,1.0,1,0.0058,0.0794
2012-08-17,2012,R,,DET,UTA,79,89,0.2273,0.0,1,0.0517,0.2579
2012-08-18,2012,R,,ORL,NYL,85,74,0.7735,1.0,1,0.0513,0.2568
2012-08-18,2012,R,,IND,ATL,86,72,0.6504,1.0,1,0.1222,0.4301
2012-08-18,2012,R,,SEA,LAS,71,82,0.495,0.0,1,0.2451,0.6833
2012-08-19,2012,R,,MIN,DET,83,59,0.925,1.0,1,0.0056,0.0779
2012-08-19,2012,R,,PHX,UTA,47,89,0.2521,0.0,1,0.0635,0.2904
2012-08-19,2012,R,,WAS,CHI,75,71,0.4728,1.0,0,0.2779,0.749
2012-08-21,2012,R,,CHI,NYL,67,77,0.5702,0.0,0,0.3252,0.8445
2012-08-21,2012,R,,ORL,DET,82,80,0.9023,1.0,1,0.0095,0.1028
2012-08-21,2012,R,,LAS,IND,79,69,0.6383,1.0,1,0.1308,0.449
2012-08-21,2012,R,,UTA,WAS,75,72,0.8997,1.0,1,0.0101,0.1057
2012-08-21,2012,R,,SEA,MIN,73,86,0.3949,0.0,1,0.1559,0.5023
2012-08-22,2012,R,,ATL,CHI,82,71,0.7905,1.0,1,0.0439,0.2351
2012-08-23,2012,R,,LAS,UTA,101,77,0.5343,1.0,1,0.2169,0.6268
2012-08-23,2012,R,,PHX,NYL,77,89,0.4713,0.0,1,0.2221,0.6373
2012-08-23,2012,R,,SEA,IND,66,68,0.5174,0.0,0,0.2677,0.7287
2012-08-24,2012,R,,DET,CHI,81,78,0.4961,1.0,0,0.2539,0.701
2012-08-24,2012,R,,WAS,ATL,69,81,0.3757,0.0,1,0.1412,0.4711
2012-08-25,2012,R,,ATL,MIN,74,84,0.3887,0.0,1,0.1511,0.4922
2012-08-25,2012,R,,LAS,NYL,87,62,0.7696,1.0,1,0.0531,0.2618
2012-08-25,2012,R,,PHX,IND,72,85,0.2868,0.0,1,0.0822,0.3379
2012-08-25,2012,R,,UTA,DET,91,71,0.915,1.0,1,0.0072,0.0888
2012-08-26,2012,R,,ORL,CHI,70,82,0.857,0.0,0,0.7344,1.9447
2012-08-26,2012,R,,SEA,NYL,84,66,0.6572,1.0,1,0.1175,0.4198
2012-08-28,2012,R,,ATL,DET,80,84,0.8546,0.0,0,0.7303,1.9282
2012-08-28,2012,R,,CHI,ORL,72,83,0.4114,0.0,1,0.1692,0.53
2012-08-28,2012,R,,IND,WAS,83,68,0.8491,1.0,1,0.0228,0.1636
2012-08-28,2012,R,,MIN,UTA,96,84,0.6929,1.0,1,0.0943,0.3669
2012-08-30,2012,R,,ATL,WAS,82,59,0.8267,1.0,1,0.03,0.1904
2012-08-30,2012,R,,NYL,IND,63,76,0.5025,0.0,0,0.2525,0.6981
2012-08-30,2012,R,,UTA,ORL,73,84,0.6706,0.0,0,0.4497,1.1106
2012-08-30,2012,R,,SEA,PHX,68,75,0.8003,0.0,0,0.6404,1.6108
2012-08-30,2012,R,,DET,LAS,99,85,0.2032,1.0,0,0.6349,1.5936
2012-08-31,2012,R,,MIN,DET,92,83,0.9345,1.0,1,0.0043,0.0678
2012-09-01,2012,R,,IND,CHI,81,64,0.7884,1.0,1,0.0448,0.2378
2012-09-01,2012,R,,NYL,WAS,79,73,0.7619,1.0,1,0.0567,0.2719
2012-09-01,2012,R,,PHX,UTA,94,90,0.2529,1.0,0,0.5582,1.3748
2012-09-02,2012,R,,ATL,ORL,87,80,0.5105,1.0,1,0.2396,0.6724
2012-09-02,2012,R,,CHI,LAS,85,74,0.3118,1.0,0,0.4736,1.1653
2012-09-04,2012,R,,MIN,LAS,88,77,0.7972,1.0,1,0.0411,0.2267
2012-09-04,2012,R,,WAS,ORL,70,77,0.2725,0.0,1,0.0742,0.3181
2012-09-05,2012,R,,ATL,IND,71,64,0.5146,1.0,1,0.2356,0.6643
2012-09-05,2012,R,,NYL,PHX,87,59,0.7495,1.0,1,0.0628,0.2884
2012-09-06,2012,R,,SEA,DET,101,74,0.7754,1.0,1,0.0505,0.2544
2012-09-07,2012,R,,ORL,PHX,82,91,0.8911,0.0,0,0.794,2.2172
2012-09-07,2012,R,,MIN,ATL,97,93,0.8111,1.0,1,0.0357,0.2093
2012-09-07,2012,R,,NYL,CHI,83,92,0.6238,0.0,0,0.3891,0.9777
2012-09-07,2012,R,,UTA,IND,78,82,0.6656,0.0,0,0.443,1.0954
2012-09-07,2012,R,,WAS,LAS,68,96,0.2704,0.0,1,0.0731,0.3153
2012-09-08,2012,R,,DET,SEA,66,89,0.4273,0.0,1,0.1826,0.5574
2012-09-09,2012,R,,ATL,WAS,93,68,0.8686,1.0,1,0.0173,0.1408
2012-09-09,2012,R,,ORL,CHI,82,77,0.7773,1.0,1,0.0496,0.2519
2012-09-09,2012,R,,IND,PHX,89,83,0.8699,1.0,1,0.0169,0.1394
2012-09-09,2012,R,,NYL,LAS,73,71,0.422,1.0,0,0.3341,0.8629
2012-09-09,2012,R,,UTA,MIN,62,81,0.4276,0.0,1,0.1828,0.5579
2012-09-11,2012,R,,ATL,SEA,77,61,0.6774,1.0,1,0.1041,0.3895
2012-09-11,2012,R,,CHI,MIN,83,70,0.2388,1.0,0,0.5795,1.4323
2012-09-12,2012,R,,IND,SEA,72,48,0.7968,1.0,1,0.0413,0.2271
2012-09-12,2012,R,,NYL,WAS,75,62,0.7977,1.0,1,0.0409,0.226
2012-09-12,2012,R,,PHX,ORL,78,100,0.3014,0.0,1,0.0908,0.3587
2012-09-12,2012,R,,DET,UTA,67,78,0.3156,0.0,1,0.0996,0.3792
2012-09-13,2012,R,,LAS,CHI,86,77,0.7891,1.0,1,0.0445,0.2368
2012-09-14,2012,R,,IND,MIN,64,66,0.4653,0.0,1,0.2165,0.626
2012-09-14,2012,R,,LAS,ORL,93,82,0.5772,1.0,1,0.1788,0.5496
2012-09-14,2012,R,,PHX,DET,84,92,0.6516,0.0,0,0.4246,1.0545
2012-09-14,2012,R,,UTA,SEA,90,66,0.7355,1.0,1,0.07,0.3072
2012-09-14,2012,R,,WAS,ATL,74,82,0.2365,0.0,1,0.0559,0.2699
2012-09-16,2012,R,,PHX,CHI,55,86,0.41,0.0,1,0.1681,0.5277
2012-09-16,2012,R,,UTA,DET,70,80,0.8688,0.0,0,0.7549,2.0312
2012-09-16,2012,R,,SEA,ORL,58,60,0.4526,0.0,1,0.2048,0.6025
2012-09-16,2012,R,,WAS,NYL,68,75,0.3341,0.0,1,0.1116,0.4066
2012-09-17,2012,R,,MIN,IND,86,79,0.752,1.0,1,0.0615,0.285
2012-09-18,2012,R,,LAS,PHX,101,76,0.9108,1.0,1,0.008,0.0935
2012-09-18,2012,R,,UTA,NYL,77,66,0.7295,1.0,1,0.0732,0.3154
2012-09-18,2012,R,,SEA,CHI,75,60,0.5931,1.0,1,0.1656,0.5224
2012-09-19,2012,R,,ORL,IND,73,67,0.6269,1.0,1,0.1392,0.467
2012-09-20,2012,R,,CHI,ATL,66,75,0.4145,0.0,1,0.1718,0.5354
2012-09-20,2012,R,,LAS,MIN,92,76,0.4216,1.0,0,0.3345,0.8636
2012-09-20,2012,R,,DET,NYL,78,66,0.5164,1.0,1,0.2339,0.661
2012-09-21,2012,R,,PHX,MIN,66,89,0.165,0.0,1,0.0272,0.1803
2012-09-21,2012,R,,SEA,UTA,84,75,0.4837,1.0,0,0.2666,0.7264
2012-09-21,2012,R,,WAS,IND,53,66,0.2497,0.0,1,0.0623,0.2872
2012-09-22,2012,R,,CHI,WAS,77,58,0.8286,1.0,1,0.0294,0.1881
2012-09-22,2012,R,,NYL,DET,91,74,0.715,1.0,1,0.0812,0.3355
2012-09-23,2012,R,,ORL,ATL,92,72,0.6596,1.0,1,0.1159,0.4161
2012-09-23,2012,R,,IND,DET,91,58,0.8729,1.0,1,0.0161,0.1359
2012-09-23,2012,R,,PHX,SEA,57,71,0.3557,0.0,1,0.1265,0.4395
2012-09-23,2012,R,,UTA,MIN,99,84,0.4012,1.0,0,0.3585,0.9132
2012-09-27,2012,P,1.0,ORL,NYL,65,60,0.7825,1.0,1,0.0473,0.2452
2012-09-27,2012,P,1.0,LAS,UTA,93,86,0.7163,1.0,1,0.0805,0.3336
2012-09-28,2012,P,1.0,IND,ATL,66,75,0.6613,0.0,0,0.4373,1.0826
2012-09-28,2012,P,1.0,MIN,SEA,78,70,0.8302,1.0,1,0.0288,0.186
2012-09-29,2012,P,1.0,NYL,ORL,62,75,0.3863,0.0,1,0.1492,0.4883
2012-09-29,2012,P,1.0,UTA,LAS,94,101,0.5335,0.0,0,0.2847,0.7626
2012-09-30,2012,P,1.0,ATL,IND,88,103,0.63,0.0,0,0.3969,0.9943
2012-09-30,2012,P,1.0,SEA,MIN,86,79,0.3382,1.0,0,0.4379,1.084
2012-10-02,2012,P,1.0,IND,ATL,75,64,0.6717,1.0,1,0.1078,0.3979
2012-10-02,2012,P,1.0,MIN,SEA,73,72,0.813,1.0,1,0.035,0.2071
2012-10-04,2012,P,2.0,MIN,LAS,94,77,0.631,1.0,1,0.1362,0.4605
2012-10-05,2012,P,2.0,ORL,IND,76,64,0.6771,1.0,1,0.1043,0.39
2012-10-07,2012,P,2.0,LAS,MIN,79,80,0.5155,0.0,0,0.2657,0.7245
2012-10-08,2012,P,2.0,IND,ORL,78,76,0.5669,1.0,1,0.1876,0.5676
2012-10-11,2012,P,2.0,ORL,IND,71,87,0.6431,0.0,0,0.4136,1.0303
2012-10-14,2012,P,3.0,MIN,IND,70,76,0.7382,0.0,0,0.545,1.3404
2012-10-17,2012,P,3.0,MIN,IND,83,71,0.6422,1.0,1,0.128,0.4428
2012-10-19,2012,P,3.0,IND,MIN,76,59,0.5517,1.0,1,0.201,0.5947
2012-10-21,2012,P,3.0,IND,MIN,87,78,0.6121,1.0,1,0.1505,0.4909
2013-05-24,2013,R,,UTA,IND,64,79,0.5221,0.0,0,0.2726,0.7384
2013-05-25,2013,R,,ATL,DET,98,81,0.7419,1.0,1,0.0666,0.2986
2013-05-25,2013,R,,ORL,NYL,81,69,0.7225,1.0,1,0.077,0.325
2013-05-26,2013,R,,LAS,SEA,102,69,0.6901,1.0,1,0.096,0.3709
2013-05-27,2013,R,,PHX,CHI,80,102,0.4993,0.0,1,0.2493,0.6918
2013-05-27,2013,R,,DET,WAS,90,95,0.6205,0.0,0,0.385,0.9689
2013-05-31,2013,R,,CHI,ORL,86,75,0.4852,1.0,0,0.265,0.7231
2013-05-31,2013,R,,IND,ATL,77,86,0.7322,0.0,0,0.5362,1.3176
2013-05-31,2013,R,,NYL,DET,78,76,0.7295,1.0,1,0.0732,0.3154
2013-06-01,2013,R,,MIN,ORL,90,74,0.7053,1.0,1,0.0868,0.3491
2013-06-01,2013,R,,UTA,LAS,83,78,0.5696,1.0,1,0.1853,0.5629
2013-06-02,2013,R,,CHI,DET,92,71,0.7591,1.0,1,0.0581,0.2757
2013-06-02,2013,R,,SEA,PHX,75,72,0.7727,1.0,1,0.0517,0.2579
2013-06-02,2013,R,,WAS,ATL,63,73,0.4376,0.0,1,0.1915,0.5756
2013-06-05,2013,R,,NYL,IND,75,68,0.4416,1.0,0,0.3119,0.8174
2013-06-06,2013,R,,MIN,PHX,99,79,0.8662,1.0,1,0.0179,0.1436
2013-06-07,2013,R,,ATL,NYL,75,56,0.7681,1.0,1,0.0538,0.2639
2013-06-07,2013,R,,ORL,WAS,62,66,0.8061,0.0,0,0.6499,1.6407
2013-06-07,2013,R,,UTA,CHI,81,69,0.6275,1.0,1,0.1388,0.466
2013-06-07,2013,R,,SEA,DET,58,67,0.7412,0.0,0,0.5494,1.3518
2013-06-08,2013,R,,IND,PHX,67,82,0.86,0.0,0,0.7396,1.9661
2013-06-08,2013,R,,LAS,DET,76,69,0.8234,1.0,1,0.0312,0.1944
2013-06-08,2013,R,,WAS,MIN,85,80,0.3267,1.0,0,0.4533,1.1187
2013-06-09,2013,R,,CHI,UTA,72,70,0.5966,1.0,1,0.1628,0.5166
2013-06-09,2013,R,,NYL,ATL,76,67,0.4623,1.0,0,0.2891,0.7715
2013-06-11,2013,R,,MIN,UTA,87,72,0.7174,1.0,1,0.0799,0.3321
2013-06-12,2013,R,,IND,ORL,61,73,0.6417,0.0,0,0.4118,1.0264
2013-06-14,2013,R,,ATL,SEA,68,59,0.7017,1.0,1,0.089,0.3543
2013-06-14,2013,R,,NYL,ORL,78,68,0.5884,1.0,1,0.1694,0.5304
2013-06-14,2013,R,,PHX,LAS,97,81,0.3701,1.0,0,0.3968,0.9939
2013-06-14,2013,R,,DET,MIN,74,83,0.4017,0.0,1,0.1614,0.5137
2013-06-15,2013,R,,LAS,UTA,84,48,0.6224,1.0,1,0.1425,0.4741
2013-06-16,2013,R,,ATL,CHI,88,74,0.6461,1.0,1,0.1252,0.4367
2013-06-16,2013,R,,ORL,SEA,66,78,0.7037,0.0,0,0.4952,1.2165
2013-06-16,2013,R,,DET,PHX,103,108,0.5982,0.0,0,0.3578,0.9117
2013-06-16,2013,R,,WAS,IND,64,60,0.507,1.0,1,0.2431,0.6793
2013-06-18,2013,R,,SEA,WAS,96,86,0.6891,1.0,1,0.0966,0.3723
2013-06-19,2013,R,,PHX,MIN,69,80,0.3259,0.0,1,0.1062,0.3944
2013-06-20,2013,R,,DET,CHI,83,74,0.4419,1.0,0,0.3115,0.8167
2013-06-21,2013,R,,LAS,MIN,87,59,0.5994,1.0,1,0.1605,0.5118
2013-06-21,2013,R,,PHX,WAS,90,82,0.5907,1.0,1,0.1675,0.5264
2013-06-21,2013,R,,UTA,SEA,86,91,0.6583,0.0,0,0.4334,1.0739
2013-06-22,2013,R,,IND,CHI,61,71,0.6932,0.0,0,0.4805,1.1815
2013-06-22,2013,R,,DET,SEA,92,70,0.4877,1.0,0,0.2625,0.7181
2013-06-23,2013,R,,ORL,ATL,77,78,0.5024,0.0,0,0.2524,0.6979
2013-06-23,2013,R,,LAS,WAS,79,69,0.819,1.0,1,0.0327,0.1996
2013-06-23,2013,R,,MIN,DET,88,79,0.8279,1.0,1,0.0296,0.1888
2013-06-23,2013,R,,NYL,UTA,77,78,0.6917,0.0,0,0.4785,1.1767
2013-06-25,2013,R,,ATL,IND,76,60,0.7214,1.0,1,0.0776,0.3265
2013-06-25,2013,R,,UTA,PHX,77,83,0.6512,0.0,0,0.424,1.0532
2013-06-26,2013,R,,CHI,NYL,87,74,0.6767,1.0,1,0.1045,0.3905
2013-06-27,2013,R,,WAS,PHX,97,101,0.6066,0.0,0,0.368,0.933
2013-06-28,2013,R,,ATL,WAS,86,75,0.8703,1.0,1,0.0168,0.1389
2013-06-28,2013,R,,IND,DET,80,69,0.6705,1.0,1,0.1086,0.3998
2013-06-28,2013,R,,MIN,LAS,88,64,0.627,1.0,1,0.1391,0.4668
2013-06-28,2013,R,,SEA,NYL,62,67,0.6757,0.0,0,0.4566,1.1261
2013-06-29,2013,R,,CHI,LAS,94,82,0.596,1.0,1,0.1632,0.5175
2013-06-29,2013,R,,ORL,PHX,70,89,0.7073,0.0,0,0.5003,1.2286
2013-06-30,2013,R,,ATL,UTA,93,67,0.7514,1.0,1,0.0618,0.2858
2013-06-30,2013,R,,IND,SEA,71,63,0.6549,1.0,1,0.1191,0.4232
2013-06-30,2013,R,,WAS,DET,84,61,0.5917,1.0,1,0.1667,0.5248
2013-07-02,2013,R,,CHI,SEA,60,69,0.7365,0.0,0,0.5425,1.3339
2013-07-02,2013,R,,ORL,DET,88,69,0.7369,1.0,1,0.0692,0.3053
2013-07-02,2013,R,,LAS,MIN,96,66,0.5197,1.0,1,0.2307,0.6545
2013-07-02,2013,R,,PHX,NYL,94,87,0.5891,1.0,1,0.1688,0.5291
2013-07-04,2013,R,,LAS,NYL,97,89,0.7475,1.0,1,0.0637,0.291
2013-07-06,2013,R,,IND,ORL,78,66,0.6993,1.0,1,0.0904,0.3577
2013-07-06,2013,R,,LAS,UTA,93,66,0.7455,1.0,1,0.0648,0.2938
2013-07-06,2013,R,,WAS,SEA,62,59,0.5563,1.0,1,0.1969,0.5865
2013-07-07,2013,R,,MIN,PHX,91,59,0.7355,1.0,1,0.07,0.3073
2013-07-07,2013,R,,NYL,CHI,64,93,0.511,0.0,0,0.2612,0.7155
2013-07-09,2013,R,,MIN,ATL,94,72,0.5538,1.0,1,0.1991,0.5909
2013-07-09,2013,R,,NYL,SEA,66,57,0.5633,1.0,1,0.1907,0.5739
2013-07-10,2013,R,,CHI,WAS,89,85,0.7575,1.0,1,0.0588,0.2777
2013-07-10,2013,R,,PHX,UTA,80,88,0.6488,0.0,0,0.4209,1.0464
2013-07-11,2013,R,,IND,MIN,62,69,0.5129,0.0,0,0.2631,0.7194
2013-07-11,2013,R,,DET,LAS,78,94,0.3469,0.0,1,0.1203,0.426
2013-07-12,2013,R,,ORL,CHI,70,83,0.5491,0.0,0,0.3015,0.7965
2013-07-12,2013,R,,UTA,WAS,73,83,0.6905,0.0,0,0.4768,1.1729
2013-07-13,2013,R,,NYL,IND,53,74,0.6037,0.0,0,0.3645,0.9256
2013-07-13,2013,R,,DET,MIN,75,86,0.2541,0.0,1,0.0646,0.2932
2013-07-14,2013,R,,ORL,UTA,86,84,0.626,1.0,1,0.1399,0.4684
2013-07-14,2013,R,,PHX,LAS,76,88,0.4314,0.0,1,0.1861,0.5646
2013-07-14,2013,R,,SEA,ATL,73,65,0.4203,1.0,0,0.336,0.8667
2013-07-16,2013,R,,WAS,UTA,86,64,0.6523,1.0,1,0.1209,0.4273
2013-07-17,2013,R,,LAS,ATL,77,73,0.6749,1.0,1,0.1057,0.3931
2013-07-17,2013,R,,SEA,DET,59,86,0.7414,0.0,0,0.5497,1.3525
2013-07-18,2013,R,,LAS,PHX,84,90,0.7927,0.0,0,0.6284,1.5737
2013-07-18,2013,R,,NYL,CHI,55,75,0.4112,0.0,1,0.1691,0.5297
2013-07-19,2013,R,,IND,WAS,77,70,0.761,1.0,1,0.0571,0.2731
2013-07-19,2013,R,,UTA,MIN,71,87,0.2716,0.0,1,0.0738,0.3169
2013-07-19,2013,R,,DET,ORL,64,58,0.4833,1.0,0,0.267,0.7271
2013-07-20,2013,R,,CHI,NYL,80,69,0.8045,1.0,1,0.0382,0.2175
2013-07-20,2013,R,,UTA,ORL,60,52,0.5749,1.0,1,0.1807,0.5536
2013-07-20,2013,R,,SEA,LAS,64,65,0.3929,0.0,1,0.1544,0.499
2013-07-21,2013,R,,PHX,MIN,77,82,0.385,0.0,1,0.1482,0.4862
2013-07-21,2013,R,,DET,ATL,90,63,0.3338,1.0,0,0.4438,1.0971
2013-07-21,2013,R,,WAS,IND,52,65,0.4808,0.0,1,0.2311,0.6554
2013-07-23,2013,R,,IND,NYL,72,77,0.7645,0.0,0,0.5844,1.4459
2013-07-24,2013,R,,ATL,ORL,74,65,0.7436,1.0,1,0.0657,0.2962
2013-07-24,2013,R,,MIN,PHX,81,69,0.835,1.0,1,0.0272,0.1803
2013-07-24,2013,R,,WAS,CHI,82,78,0.3643,1.0,0,0.4041,1.0098
2013-07-25,2013,R,,LAS,SEA,66,73,0.8271,0.0,0,0.6841,1.7551
2013-07-25,2013,R,,UTA,NYL,65,53,0.6508,1.0,1,0.122,0.4296
2013-07-25,2013,R,,DET,IND,60,71,0.5216,0.0,0,0.2721,0.7373
2013-07-31,2013,R,,WAS,NYL,78,88,0.6608,0.0,0,0.4367,1.0813
2013-08-01,2013,R,,ORL,IND,70,64,0.4633,1.0,0,0.288,0.7694
2013-08-01,2013,R,,SEA,PHX,88,79,0.591,1.0,1,0.1673,0.5259
2013-08-02,2013,R,,CHI,WAS,85,78,0.8299,1.0,1,0.0289,0.1864
2013-08-02,2013,R,,MIN,UTA,85,63,0.8701,1.0,1,0.0169,0.1392
2013-08-02,2013,R,,DET,LAS,96,89,0.3582,1.0,0,0.412,1.0268
2013-08-03,2013,R,,IND,CHI,79,58,0.5835,1.0,1,0.1735,0.5388
2013-08-03,2013,R,,NYL,ORL,66,88,0.6441,0.0,0,0.4148,1.033
2013-08-03,2013,R,,PHX,ATL,82,76,0.4184,1.0,0,0.3382,0.8712
2013-08-04,2013,R,,MIN,SEA,90,72,0.8271,1.0,1,0.0299,0.1899
2013-08-04,2013,R,,UTA,DET,69,65,0.615,1.0,1,0.1483,0.4862
2013-08-04,2013,R,,WAS,LAS,57,75,0.3695,0.0,1,0.1365,0.4612
2013-08-06,2013,R,,CHI,IND,58,64,0.6278,0.0,0,0.3941,0.9882
2013-08-06,2013,R,,ORL,LAS,72,74,0.4486,0.0,1,0.2013,0.5954
2013-08-06,2013,R,,NYL,WAS,93,88,0.6573,1.0,1,0.1174,0.4196
2013-08-06,2013,R,,PHX,SEA,65,80,0.6392,0.0,0,0.4086,1.0196
2013-08-06,2013,R,,UTA,MIN,80,93,0.2929,0.0,1,0.0858,0.3466
2013-08-08,2013,R,,IND,LAS,64,74,0.5655,0.0,0,0.3198,0.8336
2013-08-08,2013,R,,MIN,WAS,75,79,0.8982,0.0,0,0.8067,2.2843
2013-08-09,2013,R,,ORL,CHI,61,77,0.494,0.0,1,0.2441,0.6813
2013-08-09,2013,R,,PHX,DET,70,67,0.5913,1.0,1,0.167,0.5254
2013-08-09,2013,R,,SEA,UTA,56,77,0.6879,0.0,0,0.4732,1.1644
2013-08-10,2013,R,,IND,ATL,80,66,0.5915,1.0,1,0.1669,0.5251
2013-08-10,2013,R,,NYL,LAS,67,85,0.3734,0.0,1,0.1394,0.4675
2013-08-11,2013,R,,ATL,NYL,82,88,0.7638,0.0,0,0.5834,1.4431
2013-08-11,2013,R,,CHI,MIN,94,86,0.4465,1.0,0,0.3063,0.8062
2013-08-11,2013,R,,PHX,DET,77,56,0.6574,1.0,1,0.1174,0.4194
2013-08-11,2013,R,,SEA,UTA,69,63,0.6143,1.0,1,0.1487,0.4872
2013-08-11,2013,R,,WAS,ORL,74,63,0.5948,1.0,1,0.1642,0.5195
2013-08-13,2013,R,,LAS,CHI,80,76,0.7183,1.0,1,0.0793,0.3308
2013-08-14,2013,R,,ORL,ATL,88,86,0.503,1.0,1,0.247,0.6872
2013-08-14,2013,R,,PHX,IND,75,58,0.4413,1.0,0,0.3121,0.818
2013-08-15,2013,R,,SEA,CHI,66,79,0.5168,0.0,0,0.2671,0.7274
2013-08-16,2013,R,,ATL,ORL,88,57,0.7007,1.0,1,0.0896,0.3557
2013-08-16,2013,R,,LAS,IND,94,72,0.7556,1.0,1,0.0597,0.2802
2013-08-16,2013,R,,MIN,DET,77,83,0.8748,0.0,0,0.7653,2.0782
2013-08-16,2013,R,,NYL,WAS,57,66,0.6263,0.0,0,0.3922,0.9843
2013-08-17,2013,R,,UTA,PHX,88,82,0.6213,1.0,1,0.1434,0.4759
2013-08-17,2013,R,,SEA,IND,77,70,0.5153,1.0,1,0.2349,0.663
2013-08-18,2013,R,,ATL,WAS,76,58,0.717,1.0,1,0.0801,0.3327
2013-08-18,2013,R,,CHI,ORL,89,78,0.8208,1.0,1,0.0321,0.1975
2013-08-18,2013,R,,MIN,NYL,88,57,0.8592,1.0,1,0.0198,0.1517
2013-08-20,2013,R,,ATL,MIN,88,75,0.4521,1.0,0,0.3002,0.7939
2013-08-20,2013,R,,SEA,LAS,77,57,0.3274,1.0,0,0.4524,1.1166
2013-08-20,2013,R,,DET,PHX,86,89,0.5717,0.0,0,0.3269,0.848
2013-08-20,2013,R,,WAS,CHI,73,79,0.3869,0.0,1,0.1497,0.4892
2013-08-21,2013,R,,IND,UTA,80,63,0.7059,1.0,1,0.0865,0.3483
2013-08-22,2013,R,,ORL,MIN,77,91,0.3689,0.0,1,0.1361,0.4602
2013-08-23,2013,R,,CHI,NYL,82,64,0.8093,1.0,1,0.0364,0.2115
2013-08-23,2013,R,,PHX,SEA,73,81,0.6128,0.0,0,0.3755,0.9488
2013-08-23,2013,R,,DET,UTA,73,67,0.5864,1.0,1,0.1711,0.5337
2013-08-23,2013,R,,WAS,ATL,74,64,0.4424,1.0,0,0.311,0.8156
2013-08-24,2013,R,,ATL,CHI,56,67,0.5073,0.0,0,0.2574,0.7079
2013-08-24,2013,R,,MIN,IND,84,77,0.7243,1.0,1,0.076,0.3225
2013-08-25,2013,R,,ORL,NYL,66,74,0.6552,0.0,0,0.4293,1.0648
2013-08-25,2013,R,,LAS,DET,90,88,0.8685,1.0,1,0.0173,0.141
2013-08-25,2013,R,,UTA,SEA,70,64,0.5274,1.0,1,0.2233,0.6397
2013-08-27,2013,R,,LAS,ORL,91,78,0.8691,1.0,1,0.0171,0.1403
2013-08-27,2013,R,,NYL,MIN,47,73,0.2806,0.0,1,0.0787,0.3293
2013-08-27,2013,R,,UTA,SEA,71,72,0.5598,0.0,0,0.3134,0.8205
2013-08-28,2013,R,,ATL,WAS,80,85,0.6989,0.0,0,0.4884,1.2003
2013-08-29,2013,R,,SEA,ORL,78,65,0.7607,1.0,1,0.0573,0.2736
2013-08-30,2013,R,,NYL,IND,67,73,0.3906,0.0,1,0.1526,0.4953
2013-08-30,2013,R,,DET,UTA,65,74,0.6309,0.0,0,0.398,0.9967
2013-08-31,2013,R,,CHI,ATL,85,68,0.7985,1.0,1,0.0406,0.225
2013-08-31,2013,R,,MIN,SEA,97,74,0.8195,1.0,1,0.0326,0.199
2013-08-31,2013,R,,PHX,ORL,76,68,0.7636,1.0,1,0.0559,0.2697
2013-08-31,2013,R,,UTA,LAS,67,80,0.3255,0.0,1,0.106,0.3938
2013-09-01,2013,R,,DET,NYL,93,88,0.627,1.0,1,0.1391,0.4668
2013-09-02,2013,R,,ATL,LAS,92,82,0.3998,1.0,0,0.3603,0.9169
2013-09-04,2013,R,,ATL,IND,89,80,0.5285,1.0,1,0.2224,0.6378
2013-09-04,2013,R,,MIN,LAS,83,74,0.7015,1.0,1,0.0891,0.3545
2013-09-06,2013,R,,CHI,IND,77,82,0.777,0.0,0,0.6037,1.5005
2013-09-06,2013,R,,ORL,WAS,77,70,0.4632,1.0,0,0.2882,0.7696
2013-09-06,2013,R,,NYL,ATL,57,70,0.4718,0.0,1,0.2226,0.6382
2013-09-06,2013,R,,PHX,UTA,83,80,0.6484,1.0,1,0.1236,0.4332
2013-09-06,2013,R,,DET,LAS,70,74,0.3629,0.0,1,0.1317,0.4509
2013-09-07,2013,R,,IND,ORL,69,60,0.8036,1.0,1,0.0386,0.2187
2013-09-07,2013,R,,SEA,MIN,60,75,0.4237,0.0,1,0.1795,0.5511
2013-09-08,2013,R,,ATL,PHX,71,79,0.6913,0.0,0,0.4779,1.1754
2013-09-08,2013,R,,UTA,DET,65,98,0.6715,0.0,0,0.4509,1.1133
2013-09-08,2013,R,,WAS,CHI,79,93,0.3698,0.0,1,0.1367,0.4617
2013-09-10,2013,R,,IND,WAS,67,69,0.786,0.0,0,0.6178,1.5419
2013-09-10,2013,R,,NYL,PHX,76,80,0.4849,0.0,1,0.2351,0.6634
2013-09-10,2013,R,,SEA,MIN,60,73,0.3441,0.0,1,0.1184,0.4217
2013-09-11,2013,R,,CHI,PHX,70,68,0.7926,1.0,1,0.043,0.2325
2013-09-11,2013,R,,ORL,ATL,78,77,0.4475,1.0,0,0.3052,0.804
2013-09-12,2013,R,,LAS,MIN,85,84,0.5718,1.0,1,0.1833,0.5589
2013-09-12,2013,R,,DET,SEA,67,76,0.6036,0.0,0,0.3643,0.9252
2013-09-13,2013,R,,CHI,ATL,87,82,0.7633,1.0,1,0.056,0.2701
2013-09-13,2013,R,,IND,NYL,66,63,0.8173,1.0,1,0.0334,0.2017
2013-09-13,2013,R,,PHX,UTA,82,61,0.7002,1.0,1,0.0899,0.3564
2013-09-13,2013,R,,WAS,ORL,82,56,0.703,1.0,1,0.0882,0.3524
2013-09-14,2013,R,,MIN,CHI,79,66,0.71,1.0,1,0.0841,0.3424
2013-09-14,2013,R,,SEA,DET,85,73,0.716,1.0,1,0.0807,0.3341
2013-09-15,2013,R,,ORL,IND,82,80,0.3853,1.0,0,0.3778,0.9536
2013-09-15,2013,R,,LAS,PHX,89,55,0.7816,1.0,1,0.0477,0.2464
2013-09-15,2013,R,,UTA,ATL,97,68,0.4676,1.0,0,0.2834,0.7601
2013-09-15,2013,R,,WAS,NYL,70,52,0.7358,1.0,1,0.0698,0.3068
2013-09-19,2013,P,1.0,ATL,WAS,56,71,0.6425,0.0,0,0.4128,1.0287
2013-09-19,2013,P,1.0,LAS,PHX,75,86,0.7866,0.0,0,0.6187,1.5444
2013-09-20,2013,P,1.0,CHI,IND,72,85,0.7512,0.0,0,0.5643,1.391
2013-09-20,2013,P,1.0,MIN,SEA,80,64,0.8311,1.0,1,0.0285,0.1851
2013-09-21,2013,P,1.0,PHX,LAS,73,82,0.485,0.0,1,0.2352,0.6635
2013-09-21,2013,P,1.0,WAS,ATL,45,63,0.6606,0.0,0,0.4364,1.0806
2013-09-22,2013,P,1.0,IND,CHI,79,57,0.562,1.0,1,0.1918,0.5762
2013-09-22,2013,P,1.0,SEA,MIN,55,58,0.3332,0.0,1,0.111,0.4053
2013-09-23,2013,P,1.0,ATL,WAS,80,72,0.6493,1.0,1,0.123,0.4319
2013-09-23,2013,P,1.0,LAS,PHX,77,78,0.7668,0.0,0,0.588,1.4559
2013-09-26,2013,P,2.0,ATL,IND,84,79,0.4758,1.0,0,0.2748,0.7428
2013-09-26,2013,P,2.0,MIN,PHX,85,62,0.8354,1.0,1,0.0271,0.1799
2013-09-29,2013,P,2.0,IND,ATL,53,67,0.693,0.0,0,0.4802,1.1808
2013-09-29,2013,P,2.0,PHX,MIN,65,72,0.3428,0.0,1,0.1175,0.4198
2013-10-06,2013,P,3.0,MIN,ATL,84,59,0.8317,1.0,1,0.0283,0.1843
2013-10-08,2013,P,3.0,MIN,ATL,88,63,0.8454,1.0,1,0.0239,0.168
2013-10-10,2013,P,3.0,ATL,MIN,77,86,0.305,0.0,1,0.093,0.3639
2014-05-16,2014,R,,ATL,UTA,79,75,0.6749,1.0,1,0.1057,0.3931
2014-05-16,2014,R,,CHI,IND,74,71,0.6467,1.0,1,0.1248,0.4359
2014-05-16,2014,R,,ORL,NYL,54,75,0.643,0.0,0,0.4135,1.03
2014-05-16,2014,R,,SEA,LAS,69,80,0.5262,0.0,0,0.2768,0.7469
2014-05-16,2014,R,,WAS,MIN,77,89,0.4029,0.0,1,0.1623,0.5157
2014-05-17,2014,R,,IND,ATL,88,90,0.6182,0.0,0,0.3822,0.963
2014-05-17,2014,R,,NYL,CHI,65,79,0.4854,0.0,1,0.2356,0.6643
2014-05-17,2014,R,,PHX,SEA,81,64,0.6737,1.0,1,0.1065,0.395
2014-05-17,2014,R,,UTA,DET,80,76,0.593,1.0,1,0.1656,0.5225
2014-05-18,2014,R,,LAS,PHX,69,74,0.7156,0.0,0,0.512,1.2573
2014-05-18,2014,R,,MIN,ORL,90,87,0.8554,1.0,1,0.0209,0.1562
2014-05-21,2014,R,,CHI,ORL,78,68,0.8097,1.0,1,0.0362,0.2111
2014-05-23,2014,R,,ORL,SEA,71,59,0.4879,1.0,0,0.2622,0.7176
2014-05-23,2014,R,,IND,WAS,63,79,0.647,0.0,0,0.4186,1.0413
2014-05-23,2014,R,,PHX,UTA,74,78,0.6926,0.0,0,0.4797,1.1796
2014-05-23,2014,R,,DET,MIN,93,94,0.366,0.0,1,0.134,0.4557
2014-05-24,2014,R,,CHI,ATL,87,73,0.6384,1.0,1,0.1307,0.4488
2014-05-24,2014,R,,MIN,NYL,87,82,0.8199,1.0,1,0.0325,0.1986
2014-05-24,2014,R,,WAS,SEA,65,73,0.6668,0.0,0,0.4446,1.0989
2014-05-25,2014,R,,ATL,IND,77,82,0.6434,0.0,0,0.414,1.0312
2014-05-25,2014,R,,LAS,UTA,83,62,0.7595,1.0,1,0.0578,0.2751
2014-05-26,2014,R,,CHI,MIN,72,75,0.5209,0.0,0,0.2713,0.7358
2014-05-27,2014,R,,NYL,SEA,70,64,0.5674,1.0,1,0.1871,0.5666
2014-05-28,2014,R,,UTA,DET,82,79,0.6128,1.0,1,0.1499,0.4897
2014-05-29,2014,R,,IND,ORL,79,65,0.6629,1.0,1,0.1136,0.4111
2014-05-30,2014,R,,ATL,SEA,80,69,0.7072,1.0,1,0.0857,0.3464
2014-05-30,2014,R,,CHI,ORL,101,82,0.8299,1.0,1,0.0289,0.1865
2014-05-30,2014,R,,MIN,UTA,88,72,0.8502,1.0,1,0.0224,0.1623
2014-05-30,2014,R,,PHX,DET,100,78,0.7644,1.0,1,0.0555,0.2687
2014-05-30,2014,R,,WAS,NYL,68,60,0.6916,1.0,1,0.0951,0.3687
2014-05-31,2014,R,,IND,NYL,70,66,0.7223,1.0,1,0.0771,0.3254
2014-06-01,2014,R,,ORL,ATL,85,76,0.4779,1.0,0,0.2725,0.7383
2014-06-01,2014,R,,UTA,MIN,79,87,0.3446,0.0,1,0.1187,0.4225
2014-06-01,2014,R,,SEA,DET,62,60,0.654,1.0,1,0.1197,0.4246
2014-06-01,2014,R,,WAS,LAS,92,84,0.438,1.0,0,0.3158,0.8255
2014-06-03,2014,R,,ATL,LAS,93,85,0.5227,1.0,1,0.2278,0.6487
2014-06-03,2014,R,,PHX,SEA,87,72,0.7501,1.0,1,0.0625,0.2875
2014-06-05,2014,R,,ORL,WAS,66,74,0.5198,0.0,0,0.2702,0.7335
2014-06-05,2014,R,,NYL,UTA,75,87,0.5935,0.0,0,0.3522,0.9001
2014-06-06,2014,R,,CHI,LAS,88,102,0.7014,0.0,0,0.492,1.2087
2014-06-06,2014,R,,SEA,MIN,65,62,0.2652,1.0,0,0.5399,1.3271
2014-06-06,2014,R,,DET,PHX,94,78,0.4884,1.0,0,0.2618,0.7167
2014-06-06,2014,R,,WAS,IND,61,64,0.5712,0.0,0,0.3263,0.8467
2014-06-07,2014,R,,ATL,CHI,97,59,0.5949,1.0,1,0.1641,0.5193
2014-06-07,2014,R,,ORL,IND,88,71,0.4807,1.0,0,0.2697,0.7326
2014-06-07,2014,R,,UTA,PHX,79,91,0.587,0.0,0,0.3446,0.8844
2014-06-08,2014,R,,LAS,MIN,72,85,0.4881,0.0,1,0.2382,0.6696
2014-06-08,2014,R,,NYL,WAS,81,64,0.5238,1.0,1,0.2268,0.6467
2014-06-10,2014,R,,CHI,SEA,76,80,0.6878,0.0,0,0.473,1.164
2014-06-10,2014,R,,DET,NYL,72,57,0.6698,1.0,1,0.1091,0.4008
2014-06-10,2014,R,,WAS,PHX,66,81,0.5053,0.0,0,0.2553,0.7037
2014-06-11,2014,R,,IND,SEA,76,68,0.6927,1.0,1,0.0944,0.3672
2014-06-12,2014,R,,ORL,PHX,96,95,0.4767,1.0,0,0.2739,0.741
2014-06-13,2014,R,,ATL,MIN,85,82,0.4258,1.0,0,0.3297,0.8538
2014-06-13,2014,R,,NYL,ORL,75,83,0.636,0.0,0,0.4045,1.0106
2014-06-13,2014,R,,UTA,SEA,72,79,0.6591,0.0,0,0.4345,1.0763
2014-06-13,2014,R,,DET,LAS,69,67,0.4197,1.0,0,0.3367,0.8682
2014-06-13,2014,R,,WAS,CHI,79,68,0.5379,1.0,1,0.2135,0.6201
2014-06-14,2014,R,,UTA,LAS,101,74,0.4821,1.0,0,0.2682,0.7296
2014-06-15,2014,R,,ORL,NYL,76,72,0.6903,1.0,1,0.0959,0.3706
2014-06-15,2014,R,,MIN,PHX,72,80,0.7458,0.0,0,0.5562,1.3696
2014-06-15,2014,R,,DET,SEA,85,79,0.5797,1.0,1,0.1767,0.5453
2014-06-15,2014,R,,WAS,ATL,67,75,0.5253,0.0,0,0.2759,0.745
2014-06-17,2014,R,,ORL,IND,89,67,0.5016,1.0,1,0.2484,0.69
2014-06-17,2014,R,,LAS,MIN,77,94,0.4595,0.0,1,0.2111,0.6153
2014-06-18,2014,R,,ATL,WAS,83,73,0.7372,1.0,1,0.0691,0.3049
2014-06-18,2014,R,,CHI,NYL,105,100,0.7864,1.0,1,0.0456,0.2402
2014-06-18,2014,R,,PHX,MIN,92,79,0.5285,1.0,1,0.2223,0.6376
2014-06-19,2014,R,,LAS,DET,87,77,0.6238,1.0,1,0.1415,0.4719
2014-06-19,2014,R,,SEA,UTA,82,87,0.6011,0.0,0,0.3613,0.919
2014-06-20,2014,R,,ATL,NYL,85,64,0.8158,1.0,1,0.0339,0.2035
2014-06-20,2014,R,,CHI,IND,75,83,0.6191,0.0,0,0.3833,0.9653
2014-06-20,2014,R,,MIN,WAS,75,65,0.8367,1.0,1,0.0267,0.1783
2014-06-20,2014,R,,PHX,DET,91,80,0.7876,1.0,1,0.0451,0.2388
2014-06-22,2014,R,,CHI,DET,99,105,0.6675,0.0,0,0.4455,1.1011
2014-06-22,2014,R,,LAS,UTA,69,72,0.6592,0.0,0,0.4345,1.0764
2014-06-22,2014,R,,MIN,IND,83,77,0.7917,1.0,1,0.0434,0.2336
2014-06-22,2014,R,,NYL,ATL,85,78,0.3539,1.0,0,0.4175,1.0388
2014-06-22,2014,R,,SEA,WAS,89,86,0.6611,1.0,1,0.1149,0.4139
2014-06-24,2014,R,,LAS,SEA,65,57,0.663,1.0,1,0.1135,0.4109
2014-06-24,2014,R,,UTA,WAS,70,81,0.6957,0.0,0,0.484,1.1896
2014-06-25,2014,R,,ORL,CHI,79,69,0.6715,1.0,1,0.1079,0.3982
2014-06-25,2014,R,,IND,DET,102,107,0.666,0.0,0,0.4435,1.0965
2014-06-26,2014,R,,UTA,ATL,79,81,0.467,0.0,1,0.2181,0.6292
2014-06-27,2014,R,,IND,PHX,76,81,0.4266,0.0,1,0.182,0.5561
2014-06-27,2014,R,,NYL,CHI,69,73,0.5688,0.0,0,0.3235,0.8411
2014-06-27,2014,R,,SEA,MIN,81,71,0.2987,1.0,0,0.4919,1.2084
2014-06-27,2014,R,,WAS,ORL,69,63,0.5993,1.0,1,0.1606,0.512
2014-06-28,2014,R,,DET,LAS,89,92,0.5527,0.0,0,0.3055,0.8045
2014-06-29,2014,R,,IND,ATL,68,76,0.4779,0.0,1,0.2284,0.6499
2014-06-29,2014,R,,MIN,SEA,74,69,0.8055,1.0,1,0.0378,0.2162
2014-06-29,2014,R,,NYL,ORL,67,65,0.4788,1.0,0,0.2717,0.7365
2014-06-29,2014,R,,DET,PHX,77,80,0.4107,0.0,1,0.1687,0.5288
2014-06-29,2014,R,,WAS,UTA,65,73,0.5997,0.0,0,0.3596,0.9155
2014-07-01,2014,R,,ATL,IND,70,77,0.7523,0.0,0,0.5659,1.3954
2014-07-01,2014,R,,ORL,UTA,71,74,0.5986,0.0,0,0.3583,0.9128
2014-07-01,2014,R,,LAS,CHI,83,90,0.6598,0.0,0,0.4353,1.0782
2014-07-01,2014,R,,NYL,DET,90,74,0.5198,1.0,1,0.2306,0.6544
2014-07-02,2014,R,,PHX,CHI,87,69,0.7921,1.0,1,0.0432,0.233
2014-07-02,2014,R,,WAS,IND,77,80,0.6215,0.0,0,0.3863,0.9716
2014-07-03,2014,R,,ORL,DET,83,96,0.6377,0.0,0,0.4066,1.0153
2014-07-03,2014,R,,MIN,UTA,91,84,0.819,1.0,1,0.0328,0.1997
2014-07-03,2014,R,,SEA,LAS,56,70,0.62,0.0,0,0.3845,0.9677
2014-07-05,2014,R,,ATL,WAS,86,73,0.7743,1.0,1,0.0509,0.2558
2014-07-05,2014,R,,IND,UTA,70,71,0.6435,0.0,0,0.414,1.0313
2014-07-05,2014,R,,SEA,CHI,80,73,0.551,1.0,1,0.2016,0.596
2014-07-05,2014,R,,DET,ORL,76,78,0.6577,0.0,0,0.4326,1.0721
2014-07-06,2014,R,,LAS,PHX,89,94,0.4685,0.0,1,0.2195,0.6321
2014-07-06,2014,R,,NYL,MIN,87,80,0.3284,1.0,0,0.4511,1.1136
2014-07-08,2014,R,,ATL,ORL,83,71,0.7564,1.0,1,0.0594,0.2792
2014-07-08,2014,R,,MIN,LAS,83,72,0.7623,1.0,1,0.0565,0.2714
2014-07-08,2014,R,,DET,IND,76,78,0.5751,0.0,0,0.3307,0.8558
2014-07-09,2014,R,,CHI,WAS,65,72,0.6695,0.0,0,0.4482,1.1071
2014-07-09,2014,R,,PHX,SEA,78,58,0.7907,1.0,1,0.0438,0.2348
2014-07-09,2014,R,,UTA,NYL,80,66,0.7399,1.0,1,0.0677,0.3013
2014-07-10,2014,R,,IND,ORL,72,68,0.6889,1.0,1,0.0968,0.3727
2014-07-10,2014,R,,DET,MIN,85,91,0.3414,0.0,1,0.1166,0.4177
2014-07-11,2014,R,,CHI,PHX,66,72,0.3659,0.0,1,0.1339,0.4556
2014-07-11,2014,R,,NYL,LAS,54,68,0.4638,0.0,1,0.2151,0.6232
2014-07-11,2014,R,,UTA,SEA,67,88,0.694,0.0,0,0.4816,1.184
2014-07-12,2014,R,,IND,ATL,74,93,0.4787,0.0,1,0.2292,0.6515
2014-07-12,2014,R,,DET,WAS,74,91,0.5741,0.0,0,0.3295,0.8535
2014-07-13,2014,R,,ATL,CHI,81,79,0.7696,1.0,1,0.0531,0.2618
2014-07-13,2014,R,,ORL,LAS,64,90,0.5165,0.0,0,0.2667,0.7266
2014-07-13,2014,R,,MIN,SEA,77,60,0.8205,1.0,1,0.0322,0.1978
2014-07-13,2014,R,,PHX,UTA,90,61,0.7999,1.0,1,0.04,0.2232
2014-07-15,2014,R,,IND,LAS,78,86,0.5539,0.0,0,0.3068,0.8071
2014-07-15,2014,R,,PHX,WAS,90,78,0.8049,1.0,1,0.0381,0.217
2014-07-15,2014,R,,SEA,ORL,63,86,0.7031,0.0,0,0.4944,1.2145
2014-07-16,2014,R,,MIN,DET,93,82,0.8557,1.0,1,0.0208,0.1558
2014-07-16,2014,R,,NYL,ATL,77,75,0.3923,1.0,0,0.3692,0.9356
2014-07-17,2014,R,,IND,CHI,82,64,0.6109,1.0,1,0.1514,0.4928
2014-07-17,2014,R,,LAS,WAS,75,79,0.7358,0.0,0,0.5415,1.3312
2014-07-17,2014,R,,PHX,ORL,101,85,0.8483,1.0,1,0.023,0.1645
2014-07-17,2014,R,,DET,UTA,95,90,0.4777,1.0,0,0.2728,0.7389
2014-07-22,2014,R,,CHI,IND,60,57,0.5393,1.0,1,0.2122,0.6174
2014-07-22,2014,R,,MIN,ATL,112,108,0.716,1.0,1,0.0807,0.3341
2014-07-22,2014,R,,UTA,DET,95,93,0.676,1.0,1,0.105,0.3916
2014-07-22,2014,R,,SEA,PHX,71,89,0.3632,0.0,1,0.1319,0.4513
2014-07-23,2014,R,,LAS,NYL,64,66,0.764,0.0,0,0.5837,1.444
2014-07-23,2014,R,,WAS,ORL,89,75,0.6786,1.0,1,0.1033,0.3878
2014-07-24,2014,R,,LAS,PHX,73,93,0.3959,0.0,1,0.1567,0.504
2014-07-24,2014,R,,SEA,NYL,80,84,0.6569,0.0,0,0.4315,1.0697
2014-07-25,2014,R,,ATL,CHI,75,79,0.7831,0.0,0,0.6132,1.5283
2014-07-25,2014,R,,MIN,UTA,88,78,0.8309,1.0,1,0.0286,0.1852
2014-07-25,2014,R,,WAS,DET,82,77,0.6995,1.0,1,0.0903,0.3573
2014-07-26,2014,R,,PHX,NYL,78,63,0.8739,1.0,1,0.0159,0.1348
2014-07-26,2014,R,,UTA,IND,68,75,0.562,0.0,0,0.3158,0.8255
2014-07-26,2014,R,,SEA,LAS,69,77,0.4842,0.0,1,0.2345,0.6621
2014-07-27,2014,R,,ORL,MIN,65,76,0.3266,0.0,1,0.1066,0.3953
2014-07-27,2014,R,,DET,CHI,79,69,0.5565,1.0,1,0.1967,0.5861
2014-07-27,2014,R,,WAS,ATL,77,67,0.5351,1.0,1,0.2162,0.6254
2014-07-28,2014,R,,LAS,IND,77,73,0.6718,1.0,1,0.1077,0.3977
2014-07-29,2014,R,,ATL,ORL,89,80,0.7732,1.0,1,0.0515,0.2573
2014-07-29,2014,R,,NYL,WAS,80,76,0.5268,1.0,1,0.224,0.641
2014-07-29,2014,R,,PHX,LAS,90,69,0.8264,1.0,1,0.0302,0.1907
2014-07-29,2014,R,,UTA,CHI,92,74,0.6555,1.0,1,0.1187,0.4224
2014-07-29,2014,R,,DET,SEA,80,74,0.6116,1.0,1,0.1509,0.4917
2014-07-31,2014,R,,CHI,NYL,87,74,0.5975,1.0,1,0.162,0.515
2014-07-31,2014,R,,MIN,PHX,75,67,0.6312,1.0,1,0.136,0.4601
2014-07-31,2014,R,,SEA,IND,67,76,0.4796,0.0,1,0.23,0.6531
2014-07-31,2014,R,,DET,ATL,75,85,0.4461,0.0,1,0.199,0.5908
2014-08-01,2014,R,,UTA,ORL,79,89,0.688,0.0,0,0.4733,1.1647
2014-08-02,2014,R,,PHX,IND,79,69,0.8313,1.0,1,0.0285,0.1848
2014-08-02,2014,R,,DET,MIN,75,84,0.2575,0.0,1,0.0663,0.2978
2014-08-03,2014,R,,ATL,NYL,76,83,0.7809,0.0,0,0.6099,1.5184
2014-08-03,2014,R,,CHI,WAS,76,65,0.4808,1.0,0,0.2696,0.7323
2014-08-03,2014,R,,LAS,ORL,70,69,0.7757,1.0,1,0.0503,0.254
2014-08-03,2014,R,,SEA,UTA,71,65,0.5612,1.0,1,0.1926,0.5777
2014-08-05,2014,R,,ORL,CHI,66,82,0.5808,0.0,0,0.3373,0.8693
2014-08-05,2014,R,,IND,MIN,64,66,0.3375,0.0,1,0.1139,0.4117
2014-08-05,2014,R,,LAS,DET,90,96,0.7493,0.0,0,0.5614,1.3833
2014-08-05,2014,R,,PHX,ATL,75,67,0.8058,1.0,1,0.0377,0.2159
2014-08-05,2014,R,,WAS,NYL,79,46,0.6748,1.0,1,0.1058,0.3934
2014-08-07,2014,R,,MIN,CHI,74,64,0.8533,1.0,1,0.0215,0.1586
2014-08-07,2014,R,,UTA,PHX,73,78,0.2991,0.0,1,0.0895,0.3554
2014-08-07,2014,R,,SEA,ATL,88,68,0.4608,1.0,0,0.2907,0.7748
2014-08-08,2014,R,,IND,WAS,61,74,0.5908,0.0,0,0.3491,0.8936
2014-08-08,2014,R,,LAS,ATL,80,77,0.6558,1.0,1,0.1185,0.4219
2014-08-08,2014,R,,NYL,ORL,71,66,0.6496,1.0,1,0.1228,0.4315
2014-08-08,2014,R,,DET,UTA,79,62,0.6617,1.0,1,0.1145,0.413
2014-08-09,2014,R,,PHX,MIN,82,80,0.6205,1.0,1,0.144,0.4772
2014-08-10,2014,R,,CHI,ATL,80,69,0.5819,1.0,1,0.1748,0.5414
2014-08-10,2014,R,,ORL,WAS,89,81,0.4384,1.0,0,0.3154,0.8246
2014-08-10,2014,R,,NYL,IND,76,90,0.5797,0.0,0,0.3361,0.8669
2014-08-10,2014,R,,UTA,LAS,82,76,0.4659,1.0,0,0.2853,0.7638
2014-08-10,2014,R,,SEA,DET,74,68,0.6069,1.0,1,0.1546,0.4995
2014-08-12,2014,R,,MIN,LAS,63,71,0.8361,0.0,0,0.6991,1.8086
2014-08-12,2014,R,,NYL,PHX,64,76,0.2157,0.0,1,0.0465,0.243
2014-08-13,2014,R,,ATL,PHX,96,82,0.3627,1.0,0,0.4061,1.014
2014-08-13,2014,R,,WAS,CHI,69,72,0.6556,0.0,0,0.4298,1.0659
2014-08-14,2014,R,,IND,NYL,76,63,0.7482,1.0,1,0.0634,0.29
2014-08-15,2014,R,,ATL,DET,92,76,0.6918,1.0,1,0.095,0.3685
2014-08-15,2014,R,,ORL,WAS,67,71,0.5395,0.0,0,0.2911,0.7755
2014-08-15,2014,R,,LAS,SEA,77,65,0.7108,1.0,1,0.0836,0.3413
2014-08-15,2014,R,,UTA,MIN,92,76,0.3209,1.0,0,0.4612,1.1366
2014-08-16,2014,R,,IND,CHI,71,67,0.5904,1.0,1,0.1677,0.5269
2014-08-16,2014,R,,MIN,DET,80,63,0.8603,1.0,1,0.0195,0.1505
2014-08-16,2014,R,,PHX,LAS,76,69,0.8282,1.0,1,0.0295,0.1885
2014-08-16,2014,R,,WAS,NYL,61,73,0.7315,0.0,0,0.5351,1.3149
2014-08-17,2014,R,,CHI,UTA,72,84,0.651,0.0,0,0.4237,1.0526
2014-08-17,2014,R,,ORL,ATL,84,55,0.432,1.0,0,0.3226,0.8394
2014-08-17,2014,R,,NYL,IND,73,61,0.5109,1.0,1,0.2392,0.6716
2014-08-17,2014,R,,SEA,PHX,65,78,0.2589,0.0,1,0.067,0.2996
2014-08-21,2014,P,1.0,IND,WAS,78,73,0.5952,1.0,1,0.1639,0.5189
2014-08-21,2014,P,1.0,MIN,UTA,88,84,0.8406,1.0,1,0.0254,0.1737
2014-08-22,2014,P,1.0,ATL,CHI,77,80,0.6682,0.0,0,0.4465,1.1032
2014-08-22,2014,P,1.0,PHX,LAS,75,72,0.7994,1.0,1,0.0402,0.2238
2014-08-23,2014,P,1.0,UTA,MIN,89,94,0.3448,0.0,1,0.1189,0.4229
2014-08-23,2014,P,1.0,WAS,IND,76,81,0.5913,0.0,0,0.3496,0.8947
2014-08-24,2014,P,1.0,CHI,ATL,83,92,0.6072,0.0,0,0.3687,0.9344
2014-08-24,2014,P,1.0,LAS,PHX,68,93,0.3651,0.0,1,0.1333,0.4542
2014-08-26,2014,P,1.0,ATL,CHI,80,81,0.6793,0.0,0,0.4614,1.1372
2014-08-29,2014,P,2.0,PHX,MIN,85,71,0.675,1.0,1,0.1056,0.393
2014-08-30,2014,P,2.0,IND,CHI,77,70,0.7046,1.0,1,0.0873,0.3501
2014-08-31,2014,P,2.0,MIN,PHX,82,77,0.4993,1.0,0,0.2507,0.6946
2014-09-01,2014,P,2.0,CHI,IND,86,84,0.5445,1.0,1,0.2074,0.6078
2014-09-02,2014,P,2.0,PHX,MIN,96,78,0.6941,1.0,1,0.0936,0.3651
2014-09-03,2014,P,2.0,IND,CHI,62,75,0.6652,0.0,0,0.4425,1.0941
2014-09-07,2014,P,3.0,PHX,CHI,83,62,0.8755,1.0,1,0.0155,0.133
2014-09-09,2014,P,3.0,PHX,CHI,97,68,0.8727,1.0,1,0.0162,0.1362
2014-09-12,2014,P,3.0,CHI,PHX,82,87,0.2618,0.0,1,0.0685,0.3035
2015-06-05,2015,R,,CHI,IND,95,72,0.6164,1.0,1,0.1472,0.4839
2015-06-05,2015,R,,ORL,WAS,68,73,0.5911,0.0,0,0.3494,0.8943
2015-06-05,2015,R,,MIN,DET,83,75,0.7631,1.0,1,0.0561,0.2703
2015-06-05,2015,R,,NYL,ATL,82,73,0.5791,1.0,1,0.1772,0.5464
2015-06-05,2015,R,,PHX,UTA,76,71,0.7947,1.0,1,0.0422,0.2298
2015-06-06,2015,R,,IND,MIN,69,78,0.464,0.0,1,0.2153,0.6236
2015-06-06,2015,R,,SEA,LAS,86,61,0.5454,1.0,1,0.2067,0.6063
2015-06-06,2015,R,,DET,CHI,101,93,0.5388,1.0,1,0.2127,0.6184
2015-06-06,2015,R,,WAS,NYL,67,62,0.6372,1.0,1,0.1316,0.4506
2015-06-07,2015,R,,ATL,ORL,70,75,0.6695,0.0,0,0.4483,1.1073
2015-06-09,2015,R,,NYL,IND,86,79,0.6349,1.0,1,0.1333,0.4544
2015-06-09,2015,R,,DET,SEA,68,45,0.6027,1.0,1,0.1579,0.5063
2015-06-11,2015,R,,ATL,UTA,72,69,0.5682,1.0,1,0.1864,0.5652
2015-06-11,2015,R,,ORL,CHI,67,65,0.5512,1.0,1,0.2014,0.5956
2015-06-11,2015,R,,MIN,SEA,94,70,0.8125,1.0,1,0.0351,0.2076
2015-06-11,2015,R,,NYL,PHX,68,57,0.362,1.0,0,0.4071,1.0162
2015-06-12,2015,R,,IND,PHX,77,74,0.4315,1.0,0,0.3232,0.8405
2015-06-12,2015,R,,WAS,ATL,61,64,0.6942,0.0,0,0.482,1.185
2015-06-14,2015,R,,ORL,ATL,82,64,0.611,1.0,1,0.1513,0.4926
2015-06-14,2015,R,,IND,CHI,72,98,0.5622,0.0,0,0.316,0.8259
2015-06-14,2015,R,,LAS,SEA,54,60,0.7061,0.0,0,0.4986,1.2247
2015-06-14,2015,R,,NYL,WAS,59,74,0.6557,0.0,0,0.43,1.0663
2015-06-14,2015,R,,PHX,MIN,81,66,0.5961,1.0,1,0.1631,0.5173
2015-06-14,2015,R,,UTA,DET,62,73,0.548,0.0,0,0.3003,0.7941
2015-06-16,2015,R,,ATL,IND,79,90,0.6749,0.0,0,0.4556,1.1238
2015-06-16,2015,R,,LAS,MIN,52,67,0.4465,0.0,1,0.1993,0.5914
2015-06-16,2015,R,,SEA,ORL,58,79,0.5911,0.0,0,0.3494,0.8943
2015-06-16,2015,R,,DET,UTA,88,61,0.6892,1.0,1,0.0966,0.3722
2015-06-19,2015,R,,ATL,CHI,74,73,0.4921,1.0,0,0.2579,0.709
2015-06-19,2015,R,,NYL,IND,63,80,0.6878,0.0,0,0.473,1.164
2015-06-19,2015,R,,PHX,ORL,78,90,0.7819,0.0,0,0.6113,1.5227
2015-06-19,2015,R,,UTA,MIN,59,74,0.3744,0.0,1,0.1402,0.469
2015-06-19,2015,R,,WAS,DET,82,86,0.6602,0.0,0,0.4359,1.0795
2015-06-20,2015,R,,IND,WAS,75,87,0.5966,0.0,0,0.356,0.9079
2015-06-20,2015,R,,UTA,CHI,87,95,0.4971,0.0,1,0.2471,0.6874
2015-06-21,2015,R,,ATL,NYL,64,73,0.6382,0.0,0,0.4073,1.0167
2015-06-21,2015,R,,LAS,ORL,68,76,0.5468,0.0,0,0.299,0.7915
2015-06-21,2015,R,,MIN,DET,78,86,0.7267,0.0,0,0.5281,1.2971
2015-06-21,2015,R,,SEA,PHX,72,84,0.444,0.0,1,0.1972,0.5871
2015-06-23,2015,R,,WAS,LAS,84,80,0.7406,1.0,1,0.0673,0.3003
2015-06-24,2015,R,,CHI,ATL,100,96,0.728,1.0,1,0.074,0.3175
2015-06-25,2015,R,,UTA,PHX,76,71,0.3548,1.0,0,0.4163,1.0363
2015-06-25,2015,R,,SEA,MIN,73,76,0.3808,0.0,1,0.145,0.4793
2015-06-26,2015,R,,ATL,WAS,72,69,0.4762,1.0,0,0.2744,0.742
2015-06-26,2015,R,,ORL,LAS,80,76,0.7945,1.0,1,0.0422,0.2301
2015-06-26,2015,R,,IND,CHI,77,83,0.5811,0.0,0,0.3377,0.8702
2015-06-26,2015,R,,DET,NYL,71,62,0.7209,1.0,1,0.0779,0.3272
2015-06-27,2015,R,,MIN,PHX,71,56,0.6286,1.0,1,0.1379,0.4643
2015-06-27,2015,R,,UTA,SEA,73,71,0.6173,1.0,1,0.1464,0.4824
2015-06-28,2015,R,,NYL,LAS,79,70,0.6637,1.0,1,0.1131,0.4099
2015-06-28,2015,R,,DET,SEA,93,89,0.8037,1.0,1,0.0385,0.2185
2015-06-28,2015,R,,WAS,CHI,86,71,0.5878,1.0,1,0.1699,0.5314
2015-06-30,2015,R,,CHI,NYL,81,89,0.6839,0.0,0,0.4677,1.1517
2015-06-30,2015,R,,ORL,IND,84,92,0.7488,0.0,0,0.5606,1.3813
2015-06-30,2015,R,,PHX,UTA,85,78,0.7983,1.0,1,0.0407,0.2253
2015-06-30,2015,R,,SEA,DET,74,69,0.4019,1.0,0,0.3577,0.9115
2015-07-02,2015,R,,ORL,CHI,74,77,0.6607,0.0,0,0.4365,1.0807
2015-07-02,2015,R,,IND,WAS,73,50,0.4869,1.0,0,0.2633,0.7197
2015-07-02,2015,R,,LAS,UTA,86,81,0.6541,1.0,1,0.1197,0.4245
2015-07-02,2015,R,,PHX,DET,86,55,0.6692,1.0,1,0.1094,0.4017
2015-07-03,2015,R,,LAS,DET,98,95,0.4682,1.0,0,0.2829,0.7589
2015-07-03,2015,R,,MIN,SEA,82,57,0.8573,1.0,1,0.0204,0.154
2015-07-05,2015,R,,ATL,SEA,72,64,0.7038,1.0,1,0.0877,0.3512
2015-07-05,2015,R,,LAS,PHX,91,94,0.3598,0.0,1,0.1295,0.446
2015-07-07,2015,R,,ATL,DET,75,85,0.485,0.0,1,0.2352,0.6636
2015-07-08,2015,R,,IND,SEA,88,65,0.7581,1.0,1,0.0585,0.2769
2015-07-08,2015,R,,UTA,LAS,70,63,0.6398,1.0,1,0.1297,0.4465
2015-07-09,2015,R,,WAS,NYL,76,79,0.5976,0.0,0,0.3571,0.9103
2015-07-10,2015,R,,CHI,MIN,90,83,0.4895,1.0,0,0.2606,0.7144
2015-07-10,2015,R,,IND,UTA,83,76,0.7164,1.0,1,0.0804,0.3335
2015-07-10,2015,R,,SEA,PHX,79,94,0.2837,0.0,1,0.0805,0.3337
2015-07-11,2015,R,,DET,LAS,82,67,0.7756,1.0,1,0.0504,0.2542
2015-07-12,2015,R,,ATL,NYL,84,76,0.584,1.0,1,0.1731,0.5379
2015-07-12,2015,R,,CHI,ORL,96,76,0.5868,1.0,1,0.1707,0.5331
2015-07-12,2015,R,,MIN,UTA,66,49,0.8321,1.0,1,0.0282,0.1838
2015-07-12,2015,R,,PHX,SEA,70,60,0.8596,1.0,1,0.0197,0.1512
2015-07-14,2015,R,,ORL,MIN,79,85,0.4573,0.0,1,0.2091,0.6113
2015-07-14,2015,R,,PHX,ATL,80,71,0.8095,1.0,1,0.0363,0.2113
2015-07-15,2015,R,,CHI,WAS,85,57,0.6441,1.0,1,0.1267,0.4399
2015-07-15,2015,R,,IND,DET,83,80,0.592,1.0,1,0.1665,0.5243
2015-07-15,2015,R,,NYL,UTA,84,68,0.7192,1.0,1,0.0789,0.3296
2015-07-15,2015,R,,SEA,LAS,68,61,0.5577,1.0,1,0.1956,0.584
2015-07-16,2015,R,,LAS,ATL,72,76,0.5259,0.0,0,0.2766,0.7464
2015-07-16,2015,R,,NYL,ORL,64,57,0.6085,1.0,1,0.1533,0.4967
2015-07-17,2015,R,,MIN,CHI,84,66,0.7194,1.0,1,0.0788,0.3294
2015-07-17,2015,R,,UTA,DET,65,58,0.4282,1.0,0,0.327,0.8482
2015-07-17,2015,R,,WAS,IND,68,50,0.5653,1.0,1,0.189,0.5705
2015-07-18,2015,R,,PHX,NYL,73,75,0.793,0.0,0,0.6289,1.5752
2015-07-18,2015,R,,SEA,ATL,86,73,0.5492,1.0,1,0.2032,0.5992
2015-07-19,2015,R,,CHI,UTA,93,82,0.7822,1.0,1,0.0474,0.2457
2015-07-19,2015,R,,DET,MIN,72,79,0.4527,0.0,1,0.205,0.6028
2015-07-19,2015,R,,WAS,ORL,89,82,0.6163,1.0,1,0.1473,0.4841
2015-07-21,2015,R,,CHI,ATL,97,92,0.7376,1.0,1,0.0689,0.3044
2015-07-21,2015,R,,LAS,PHX,70,65,0.3485,1.0,0,0.4244,1.0541
2015-07-21,2015,R,,UTA,IND,80,62,0.4439,1.0,0,0.3093,0.8123
2015-07-21,2015,R,,SEA,NYL,77,81,0.4576,0.0,1,0.2094,0.6118
2015-07-21,2015,R,,DET,WAS,69,76,0.6241,0.0,0,0.3895,0.9785
2015-07-22,2015,R,,LAS,NYL,53,59,0.4314,0.0,1,0.1861,0.5645
2015-07-22,2015,R,,MIN,ORL,77,78,0.8192,0.0,0,0.6712,1.7106
2015-07-28,2015,R,,ORL,IND,73,75,0.6013,0.0,0,0.3615,0.9195
2015-07-28,2015,R,,PHX,CHI,89,87,0.6656,1.0,1,0.1118,0.4071
2015-07-29,2015,R,,IND,NYL,84,72,0.4952,1.0,0,0.2548,0.7028
2015-07-29,2015,R,,MIN,LAS,82,76,0.8691,1.0,1,0.0171,0.1402
2015-07-29,2015,R,,UTA,ATL,102,85,0.6013,1.0,1,0.159,0.5086
2015-07-29,2015,R,,WAS,SEA,87,74,0.7645,1.0,1,0.0555,0.2686
2015-07-30,2015,R,,DET,PHX,66,78,0.5036,0.0,0,0.2536,0.7004
2015-07-31,2015,R,,CHI,LAS,77,88,0.825,0.0,0,0.6806,1.743
2015-07-31,2015,R,,ORL,SEA,67,66,0.7346,1.0,1,0.0705,0.3085
2015-07-31,2015,R,,MIN,ATL,86,70,0.8475,1.0,1,0.0232,0.1654
2015-07-31,2015,R,,UTA,WAS,53,88,0.4979,0.0,1,0.2479,0.6889
2015-08-01,2015,R,,DET,MIN,80,86,0.4036,0.0,1,0.1629,0.5169
2015-08-02,2015,R,,ATL,PHX,68,71,0.3184,0.0,1,0.1014,0.3833
2015-08-02,2015,R,,CHI,WAS,71,68,0.591,1.0,1,0.1673,0.526
2015-08-02,2015,R,,IND,ORL,83,70,0.698,1.0,1,0.0912,0.3595
2015-08-02,2015,R,,NYL,SEA,78,62,0.8122,1.0,1,0.0353,0.208
2015-08-02,2015,R,,UTA,LAS,78,80,0.626,0.0,0,0.3919,0.9835
2015-08-04,2015,R,,CHI,IND,106,82,0.6569,1.0,1,0.1177,0.4203
2015-08-04,2015,R,,ORL,UTA,82,51,0.6953,1.0,1,0.0928,0.3634
2015-08-04,2015,R,,LAS,MIN,83,61,0.2836,1.0,0,0.5133,1.2603
2015-08-04,2015,R,,PHX,DET,87,84,0.787,1.0,1,0.0453,0.2395
2015-08-05,2015,R,,WAS,UTA,66,63,0.8273,1.0,1,0.0298,0.1896
2015-08-06,2015,R,,LAS,DET,84,57,0.6008,1.0,1,0.1594,0.5095
2015-08-07,2015,R,,CHI,NYL,63,77,0.6088,0.0,0,0.3707,0.9386
2015-08-07,2015,R,,ORL,WAS,86,72,0.5434,1.0,1,0.2085,0.6099
2015-08-07,2015,R,,IND,ATL,106,77,0.6871,1.0,1,0.0979,0.3753
2015-08-07,2015,R,,PHX,MIN,73,66,0.6228,1.0,1,0.1423,0.4735
2015-08-08,2015,R,,UTA,SEA,88,81,0.5802,1.0,1,0.1762,0.5444
2015-08-09,2015,R,,CHI,PHX,74,64,0.4734,1.0,0,0.2773,0.7479
2015-08-09,2015,R,,MIN,LAS,72,64,0.775,1.0,1,0.0506,0.2549
2015-08-09,2015,R,,DET,ATL,90,98,0.697,0.0,0,0.4858,1.194
2015-08-09,2015,R,,WAS,ORL,84,73,0.67,1.0,1,0.1089,0.4005
2015-08-11,2015,R,,LAS,SEA,77,85,0.7161,0.0,0,0.5128,1.2591
2015-08-11,2015,R,,MIN,UTA,83,76,0.8431,1.0,1,0.0246,0.1706
2015-08-11,2015,R,,NYL,CHI,84,63,0.6644,1.0,1,0.1126,0.4089
2015-08-11,2015,R,,WAS,IND,62,73,0.6166,0.0,0,0.3802,0.9587
2015-08-12,2015,R,,ORL,DET,80,74,0.6953,1.0,1,0.0928,0.3634
2015-08-12,2015,R,,PHX,SEA,83,66,0.8829,1.0,1,0.0137,0.1245
2015-08-14,2015,R,,ATL,MIN,82,84,0.3719,0.0,1,0.1383,0.465
2015-08-14,2015,R,,ORL,NYL,78,90,0.487,0.0,1,0.2371,0.6674
2015-08-14,2015,R,,SEA,CHI,84,94,0.3818,0.0,1,0.1457,0.4809
2015-08-15,2015,R,,NYL,DET,76,81,0.7785,0.0,0,0.6061,1.5075
2015-08-16,2015,R,,ATL,ORL,90,77,0.5279,1.0,1,0.2229,0.6388
2015-08-16,2015,R,,LAS,CHI,76,64,0.5186,1.0,1,0.2317,0.6566
2015-08-16,2015,R,,PHX,IND,63,75,0.7197,0.0,0,0.5179,1.2718
2015-08-16,2015,R,,SEA,UTA,72,63,0.5479,1.0,1,0.2044,0.6016
2015-08-16,2015,R,,WAS,MIN,77,69,0.5133,1.0,1,0.2369,0.667
2015-08-18,2015,R,,LAS,IND,68,79,0.4841,0.0,1,0.2343,0.6618
2015-08-18,2015,R,,DET,PHX,74,59,0.3974,1.0,0,0.3631,0.9228
2015-08-19,2015,R,,MIN,WAS,61,79,0.7218,0.0,0,0.521,1.2795
2015-08-19,2015,R,,UTA,NYL,45,73,0.3357,0.0,1,0.1127,0.409
2015-08-21,2015,R,,CHI,WAS,87,85,0.6204,1.0,1,0.1441,0.4773
2015-08-21,2015,R,,NYL,ATL,78,67,0.7665,1.0,1,0.0545,0.2659
2015-08-21,2015,R,,PHX,LAS,68,78,0.7859,0.0,0,0.6177,1.5414
2015-08-21,2015,R,,UTA,MIN,61,78,0.307,0.0,1,0.0942,0.3667
2015-08-21,2015,R,,SEA,IND,63,75,0.4084,0.0,1,0.1668,0.5249
2015-08-21,2015,R,,DET,ORL,84,76,0.5627,1.0,1,0.1912,0.575
2015-08-23,2015,R,,ORL,ATL,92,102,0.6579,0.0,0,0.4328,1.0725
2015-08-23,2015,R,,IND,NYL,80,79,0.6079,1.0,1,0.1538,0.4978
2015-08-23,2015,R,,PHX,MIN,79,67,0.5681,1.0,1,0.1866,0.5655
2015-08-23,2015,R,,UTA,LAS,59,90,0.4629,0.0,1,0.2143,0.6216
2015-08-23,2015,R,,WAS,CHI,64,66,0.6405,0.0,0,0.4103,1.0231
2015-08-25,2015,R,,ATL,ORL,71,57,0.6315,1.0,1,0.1358,0.4596
2015-08-26,2015,R,,IND,LAS,79,81,0.7413,0.0,0,0.5496,1.3522
2015-08-27,2015,R,,ORL,PHX,80,81,0.3474,0.0,1,0.1207,0.4267
2015-08-28,2015,R,,IND,ATL,84,90,0.7481,0.0,0,0.5596,1.3785
2015-08-28,2015,R,,NYL,MIN,81,68,0.6092,1.0,1,0.1527,0.4956
2015-08-28,2015,R,,SEA,UTA,83,69,0.7126,1.0,1,0.0826,0.3388
2015-08-28,2015,R,,DET,LAS,76,66,0.6109,1.0,1,0.1514,0.4929
2015-08-28,2015,R,,WAS,PHX,71,63,0.6073,1.0,1,0.1542,0.4987
2015-08-29,2015,R,,ATL,CHI,96,98,0.4565,0.0,1,0.2084,0.6097
2015-08-29,2015,R,,ORL,NYL,66,80,0.3839,0.0,1,0.1474,0.4843
2015-08-30,2015,R,,CHI,ORL,68,72,0.8028,0.0,0,0.6445,1.6237
2015-08-30,2015,R,,LAS,UTA,60,52,0.8073,1.0,1,0.0371,0.214
2015-08-30,2015,R,,MIN,PHX,71,61,0.6199,1.0,1,0.1445,0.4782
2015-08-30,2015,R,,SEA,WAS,69,59,0.3805,1.0,0,0.3838,0.9662
2015-08-30,2015,R,,DET,IND,76,70,0.5035,1.0,1,0.2466,0.6863
2015-09-01,2015,R,,IND,ORL,81,51,0.7728,1.0,1,0.0516,0.2577
2015-09-01,2015,R,,NYL,ATL,80,75,0.7882,1.0,1,0.0449,0.238
2015-09-02,2015,R,,PHX,WAS,73,53,0.6507,1.0,1,0.122,0.4297
2015-09-03,2015,R,,LAS,WAS,93,91,0.6217,1.0,1,0.1431,0.4752
2015-09-03,2015,R,,NYL,CHI,60,82,0.6628,0.0,0,0.4393,1.0871
2015-09-03,2015,R,,SEA,DET,67,85,0.4998,0.0,1,0.2498,0.6927
2015-09-04,2015,R,,MIN,IND,81,65,0.6998,1.0,1,0.0901,0.3569
2015-09-04,2015,R,,UTA,ORL,72,73,0.5435,0.0,0,0.2954,0.7841
2015-09-05,2015,R,,UTA,PHX,52,82,0.2269,0.0,1,0.0515,0.2573
2015-09-06,2015,R,,ATL,WAS,73,67,0.5806,1.0,1,0.1759,0.5436
2015-09-06,2015,R,,CHI,SEA,93,65,0.8266,1.0,1,0.0301,0.1904
2015-09-06,2015,R,,LAS,DET,92,73,0.6139,1.0,1,0.1491,0.4879
2015-09-06,2015,R,,MIN,NYL,71,75,0.6161,0.0,0,0.3796,0.9573
2015-09-08,2015,R,,MIN,SEA,73,67,0.8419,1.0,1,0.025,0.1721
2015-09-08,2015,R,,DET,UTA,74,64,0.8132,1.0,1,0.0349,0.2068
2015-09-08,2015,R,,WAS,IND,76,72,0.5211,1.0,1,0.2294,0.6519
2015-09-09,2015,R,,ATL,LAS,90,60,0.5498,1.0,1,0.2027,0.5982
2015-09-09,2015,R,,NYL,ORL,74,64,0.7934,1.0,1,0.0427,0.2315
2015-09-11,2015,R,,ATL,IND,67,75,0.5318,0.0,0,0.2828,0.7589
2015-09-11,2015,R,,CHI,DET,92,71,0.7602,1.0,1,0.0575,0.2742
2015-09-11,2015,R,,NYL,WAS,55,82,0.7076,0.0,0,0.5007,1.2296
2015-09-11,2015,R,,PHX,LAS,70,65,0.7664,1.0,1,0.0546,0.2661
2015-09-11,2015,R,,SEA,MIN,78,64,0.3221,1.0,0,0.4596,1.133
2015-09-13,2015,R,,ORL,CHI,86,75,0.4105,1.0,0,0.3475,0.8904
2015-09-13,2015,R,,IND,NYL,81,76,0.5893,1.0,1,0.1687,0.5288
2015-09-13,2015,R,,SEA,UTA,58,59,0.7015,0.0,0,0.4921,1.2089
2015-09-13,2015,R,,DET,PHX,91,87,0.4688,1.0,0,0.2822,0.7576
2015-09-13,2015,R,,WAS,ATL,71,73,0.7111,0.0,0,0.5057,1.2417
2015-09-17,2015,P,1.0,CHI,IND,77,72,0.6367,1.0,1,0.132,0.4515
2015-09-17,2015,P,1.0,PHX,DET,88,55,0.7247,1.0,1,0.0758,0.322
2015-09-18,2015,P,1.0,MIN,LAS,67,65,0.7163,1.0,1,0.0805,0.3337
2015-09-18,2015,P,1.0,NYL,WAS,83,86,0.6535,0.0,0,0.427,1.0598
2015-09-19,2015,P,1.0,IND,CHI,89,82,0.5743,1.0,1,0.1812,0.5546
2015-09-19,2015,P,1.0,DET,PHX,67,91,0.4573,0.0,1,0.2091,0.6112
2015-09-20,2015,P,1.0,LAS,MIN,81,71,0.4943,1.0,0,0.2558,0.7047
2015-09-20,2015,P,1.0,WAS,NYL,68,86,0.6183,0.0,0,0.3823,0.9632
2015-09-21,2015,P,1.0,CHI,IND,89,100,0.6296,0.0,0,0.3964,0.9932
2015-09-22,2015,P,1.0,MIN,LAS,91,80,0.6925,1.0,1,0.0946,0.3675
2015-09-22,2015,P,1.0,NYL,WAS,79,74,0.6872,1.0,1,0.0979,0.3752
2015-09-23,2015,P,2.0,NYL,IND,84,67,0.5957,1.0,1,0.1635,0.5181
2015-09-24,2015,P,2.0,MIN,PHX,67,60,0.5057,1.0,1,0.2444,0.6819
2015-09-27,2015,P,2.0,IND,NYL,70,64,0.5692,1.0,1,0.1856,0.5635
2015-09-27,2015,P,2.0,PHX,MIN,71,72,0.6432,0.0,0,0.4137,1.0305
2015-09-29,2015,P,2.0,NYL,IND,51,66,0.6332,0.0,0,0.401,1.003
2015-10-04,2015,P,3.0,MIN,IND,69,75,0.65,0.0,0,0.4225,1.0498
2015-10-06,2015,P,3.0,MIN,IND,77,71,0.547,1.0,1,0.2052,0.6034
2015-10-09,2015,P,3.0,IND,MIN,77,80,0.6487,0.0,0,0.4208,1.046
2015-10-11,2015,P,3.0,IND,MIN,75,69,0.6019,1.0,1,0.1585,0.5077
2015-10-14,2015,P,3.0,MIN,IND,69,52,0.5997,1.0,1,0.1602,0.5113
2016-05-14,2016,R,,CHI,ORL,93,70,0.6979,1.0,1,0.0913,0.3597
2016-05-14,2016,R,,IND,DET,79,90,0.6996,0.0,0,0.4895,1.2027
2016-05-14,2016,R,,MIN,PHX,95,76,0.6353,1.0,1,0.133,0.4537
2016-05-14,2016,R,,UTA,ATL,63,73,0.4918,0.0,1,0.2418,0.6768
2016-05-14,2016,R,,WAS,NYL,76,87,0.5859,0.0,0,0.3433,0.8817
2016-05-15,2016,R,,LAS,SEA,96,66,0.6886,1.0,1,0.097,0.3731
2016-05-15,2016,R,,NYL,DET,79,71,0.6805,1.0,1,0.1021,0.385
2016-05-18,2016,R,,CHI,MIN,80,97,0.5717,0.0,0,0.3268,0.8478
2016-05-18,2016,R,,IND,PHX,97,93,0.6087,1.0,1,0.1531,0.4965
2016-05-18,2016,R,,WAS,DET,77,87,0.6325,0.0,0,0.4001,1.001
2016-05-19,2016,R,,UTA,ORL,68,72,0.537,0.0,0,0.2883,0.77
2016-05-20,2016,R,,IND,ATL,94,85,0.6063,1.0,1,0.155,0.5003
2016-05-20,2016,R,,PHX,SEA,80,81,0.6984,0.0,0,0.4877,1.1985
2016-05-20,2016,R,,WAS,LAS,67,97,0.5125,0.0,0,0.2626,0.7184
2016-05-21,2016,R,,ORL,WAS,76,84,0.6661,0.0,0,0.4437,1.097
2016-05-21,2016,R,,DET,UTA,82,77,0.7943,1.0,1,0.0423,0.2303
2016-05-21,2016,R,,NYL,LAS,72,79,0.6882,0.0,0,0.4737,1.1655
2016-05-22,2016,R,,ATL,CHI,87,81,0.5461,1.0,1,0.206,0.6049
2016-05-22,2016,R,,SEA,MIN,71,78,0.3539,0.0,1,0.1253,0.4368
2016-05-24,2016,R,,CHI,LAS,80,93,0.5244,0.0,0,0.275,0.7432
2016-05-24,2016,R,,NYL,ATL,79,85,0.6847,0.0,0,0.4688,1.1542
2016-05-25,2016,R,,PHX,MIN,78,85,0.5296,0.0,0,0.2805,0.7542
2016-05-26,2016,R,,ORL,LAS,72,77,0.4825,0.0,1,0.2328,0.6587
2016-05-26,2016,R,,SEA,WAS,82,84,0.5543,0.0,0,0.3073,0.8081
2016-05-27,2016,R,,DET,ATL,93,102,0.6548,0.0,0,0.4288,1.0637
2016-05-27,2016,R,,MIN,IND,74,71,0.674,1.0,1,0.1062,0.3945
2016-05-27,2016,R,,UTA,CHI,79,78,0.5071,1.0,1,0.243,0.6791
2016-05-28,2016,R,,SEA,ORL,93,81,0.5988,1.0,1,0.161,0.5129
2016-05-29,2016,R,,ATL,IND,85,76,0.6289,1.0,1,0.1378,0.4639
2016-05-29,2016,R,,DET,CHI,87,92,0.6469,0.0,0,0.4185,1.0411
2016-05-29,2016,R,,PHX,WAS,93,77,0.6726,1.0,1,0.1072,0.3966
2016-05-31,2016,R,,NYL,MIN,69,79,0.5274,0.0,0,0.2781,0.7494
2016-05-31,2016,R,,PHX,ORL,99,90,0.7087,1.0,1,0.0849,0.3443
2016-06-01,2016,R,,IND,SEA,85,75,0.715,1.0,1,0.0812,0.3355
2016-06-01,2016,R,,WAS,CHI,78,86,0.5673,0.0,0,0.3218,0.8376
2016-06-02,2016,R,,LAS,UTA,68,61,0.8494,1.0,1,0.0227,0.1632
2016-06-03,2016,R,,CHI,WAS,98,72,0.707,1.0,1,0.0859,0.3467
2016-06-03,2016,R,,ORL,ATL,77,83,0.372,0.0,1,0.1384,0.4653
2016-06-03,2016,R,,NYL,IND,91,59,0.6104,1.0,1,0.1518,0.4937
2016-06-03,2016,R,,SEA,PHX,95,81,0.4678,1.0,0,0.2832,0.7597
2016-06-04,2016,R,,MIN,DET,80,63,0.7681,1.0,1,0.0538,0.2639
2016-06-04,2016,R,,UTA,LAS,61,74,0.3292,0.0,1,0.1084,0.3992
2016-06-05,2016,R,,ATL,WAS,79,86,0.7807,0.0,0,0.6094,1.5172
2016-06-05,2016,R,,ORL,IND,77,88,0.4639,0.0,1,0.2152,0.6234
2016-06-05,2016,R,,SEA,NYL,78,86,0.4922,0.0,1,0.2423,0.6777
2016-06-07,2016,R,,LAS,NYL,100,77,0.7057,1.0,1,0.0866,0.3486
2016-06-07,2016,R,,MIN,PHX,89,81,0.7786,1.0,1,0.049,0.2502
2016-06-08,2016,R,,DET,WAS,79,87,0.677,0.0,0,0.4583,1.13
2016-06-09,2016,R,,PHX,UTA,90,75,0.7307,1.0,1,0.0725,0.3138
2016-06-10,2016,R,,ATL,MIN,78,110,0.5103,0.0,0,0.2604,0.7139
2016-06-10,2016,R,,ORL,SEA,77,76,0.5628,1.0,1,0.1912,0.5749
2016-06-10,2016,R,,IND,CHI,64,73,0.5786,0.0,0,0.3348,0.8643
2016-06-11,2016,R,,DET,LAS,73,97,0.378,0.0,1,0.1429,0.4748
2016-06-11,2016,R,,UTA,NYL,75,90,0.334,0.0,1,0.1116,0.4065
2016-06-11,2016,R,,WAS,MIN,76,83,0.3641,0.0,1,0.1325,0.4526
2016-06-12,2016,R,,ATL,ORL,93,87,0.7659,1.0,1,0.0548,0.2667
2016-06-12,2016,R,,IND,SEA,88,90,0.7282,0.0,0,0.5302,1.3026
2016-06-12,2016,R,,PHX,CHI,86,80,0.585,1.0,1,0.1722,0.5362
2016-06-14,2016,R,,ORL,WAS,106,109,0.5033,0.0,0,0.2533,0.6997
2016-06-14,2016,R,,LAS,CHI,98,85,0.7553,1.0,1,0.0599,0.2806
2016-06-14,2016,R,,MIN,IND,87,63,0.8428,1.0,1,0.0247,0.171
2016-06-14,2016,R,,NYL,DET,91,88,0.7462,1.0,1,0.0644,0.2928
2016-06-14,2016,R,,UTA,SEA,77,70,0.5207,1.0,1,0.2298,0.6526
2016-06-16,2016,R,,ORL,NYL,72,80,0.3837,0.0,1,0.1472,0.484
2016-06-16,2016,R,,DET,SEA,88,79,0.6349,1.0,1,0.1333,0.4542
2016-06-17,2016,R,,ATL,CHI,101,97,0.6638,1.0,1,0.1131,0.4098
2016-06-17,2016,R,,LAS,PHX,77,71,0.7327,1.0,1,0.0715,0.3111
2016-06-17,2016,R,,UTA,IND,75,84,0.4384,0.0,1,0.1922,0.577
2016-06-18,2016,R,,PHX,DET,111,117,0.6745,0.0,0,0.455,1.1225
2016-06-18,2016,R,,WAS,ATL,95,65,0.5728,1.0,1,0.1825,0.5573
2016-06-19,2016,R,,ORL,UTA,93,90,0.6693,1.0,1,0.1094,0.4016
2016-06-19,2016,R,,IND,NYL,75,78,0.5154,0.0,0,0.2657,0.7245
2016-06-19,2016,R,,SEA,MIN,84,96,0.2108,0.0,1,0.0444,0.2367
2016-06-21,2016,R,,CHI,UTA,81,75,0.8402,1.0,1,0.0255,0.1741
2016-06-21,2016,R,,DET,PHX,100,90,0.5793,1.0,1,0.177,0.5459
2016-06-21,2016,R,,LAS,MIN,69,72,0.5816,0.0,0,0.3382,0.8713
2016-06-22,2016,R,,ATL,NYL,79,90,0.5609,0.0,0,0.3146,0.8231
2016-06-22,2016,R,,WAS,IND,76,62,0.6348,1.0,1,0.1334,0.4544
2016-06-23,2016,R,,DET,UTA,97,90,0.7787,1.0,1,0.049,0.2501
2016-06-24,2016,R,,MIN,LAS,76,94,0.723,0.0,0,0.5227,1.2837
2016-06-24,2016,R,,NYL,CHI,80,79,0.6819,1.0,1,0.1012,0.3828
2016-06-24,2016,R,,SEA,ORL,98,81,0.6543,1.0,1,0.1195,0.4241
2016-06-24,2016,R,,WAS,PHX,79,91,0.6294,0.0,0,0.3961,0.9926
2016-06-25,2016,R,,DET,IND,87,92,0.5974,0.0,0,0.3568,0.9097
2016-06-25,2016,R,,UTA,ATL,73,69,0.3704,1.0,0,0.3964,0.9932
2016-06-26,2016,R,,LAS,ORL,80,73,0.8958,1.0,1,0.0109,0.1101
2016-06-26,2016,R,,NYL,PHX,97,104,0.733,0.0,0,0.5374,1.3207
2016-06-26,2016,R,,WAS,MIN,87,63,0.334,1.0,0,0.4436,1.0967
2016-06-28,2016,R,,LAS,DET,89,84,0.8187,1.0,1,0.0329,0.2
2016-06-28,2016,R,,SEA,ATL,84,81,0.5541,1.0,1,0.1988,0.5903
2016-06-29,2016,R,,CHI,IND,83,95,0.6669,0.0,0,0.4447,1.0993
2016-06-29,2016,R,,MIN,NYL,92,95,0.7259,0.0,0,0.527,1.2944
2016-06-29,2016,R,,PHX,ORL,86,75,0.7939,1.0,1,0.0425,0.2307
2016-06-29,2016,R,,WAS,UTA,84,67,0.7869,1.0,1,0.0454,0.2396
2016-06-30,2016,R,,LAS,ATL,84,75,0.8282,1.0,1,0.0295,0.1885
2016-06-30,2016,R,,SEA,DET,78,83,0.5746,0.0,0,0.3302,0.8547
2016-07-01,2016,R,,CHI,WAS,86,84,0.5882,1.0,1,0.1696,0.5307
2016-07-01,2016,R,,IND,UTA,85,87,0.8163,0.0,0,0.6664,1.6945
2016-07-01,2016,R,,PHX,NYL,88,99,0.5272,0.0,0,0.2779,0.749
2016-07-02,2016,R,,DET,ORL,83,86,0.7427,0.0,0,0.5516,1.3576
2016-07-02,2016,R,,MIN,UTA,91,68,0.9128,1.0,1,0.0076,0.0913
2016-07-03,2016,R,,ATL,PHX,87,95,0.5916,0.0,0,0.35,0.8956
2016-07-03,2016,R,,LAS,NYL,77,67,0.7211,1.0,1,0.0778,0.3269
2016-07-05,2016,R,,ATL,SEA,77,64,0.6253,1.0,1,0.1404,0.4696
2016-07-05,2016,R,,DET,PHX,77,74,0.5564,1.0,1,0.1967,0.5862
2016-07-05,2016,R,,MIN,CHI,87,82,0.777,1.0,1,0.0497,0.2523
2016-07-06,2016,R,,LAS,IND,94,88,0.7843,1.0,1,0.0465,0.2429
2016-07-06,2016,R,,NYL,SEA,78,74,0.8539,1.0,1,0.0213,0.1579
2016-07-06,2016,R,,UTA,WAS,77,70,0.3745,1.0,0,0.3912,0.9821
2016-07-07,2016,R,,ORL,MIN,93,89,0.2801,1.0,0,0.5183,1.2727
2016-07-08,2016,R,,ATL,DET,95,90,0.613,1.0,1,0.1498,0.4894
2016-07-08,2016,R,,CHI,NYL,85,88,0.4968,0.0,1,0.2468,0.6868
2016-07-08,2016,R,,PHX,IND,60,78,0.6582,0.0,0,0.4332,1.0736
2016-07-08,2016,R,,UTA,SEA,68,78,0.5698,0.0,0,0.3246,0.8434
2016-07-09,2016,R,,MIN,DET,93,56,0.8338,1.0,1,0.0276,0.1818
2016-07-10,2016,R,,CHI,PHX,100,95,0.6168,1.0,1,0.1468,0.4831
2016-07-10,2016,R,,ORL,ATL,63,67,0.5164,0.0,0,0.2667,0.7265
2016-07-10,2016,R,,LAS,WAS,93,82,0.8272,1.0,1,0.0299,0.1897
2016-07-10,2016,R,,NYL,UTA,75,65,0.8778,1.0,1,0.0149,0.1303
2016-07-10,2016,R,,SEA,IND,82,93,0.4672,0.0,1,0.2182,0.6295
2016-07-12,2016,R,,UTA,MIN,57,81,0.2039,0.0,1,0.0416,0.2281
2016-07-13,2016,R,,CHI,LAS,67,77,0.3508,0.0,1,0.1231,0.432
2016-07-13,2016,R,,IND,ORL,64,86,0.8064,0.0,0,0.6503,1.6422
2016-07-13,2016,R,,NYL,ATL,86,62,0.769,1.0,1,0.0534,0.2626
2016-07-13,2016,R,,PHX,WAS,78,74,0.6042,1.0,1,0.1567,0.5039
2016-07-15,2016,R,,CHI,DET,84,77,0.6186,1.0,1,0.1454,0.4802
2016-07-15,2016,R,,ORL,LAS,92,98,0.235,0.0,1,0.0552,0.2678
2016-07-15,2016,R,,IND,ATL,78,72,0.6608,1.0,1,0.115,0.4143
2016-07-15,2016,R,,MIN,NYL,88,70,0.6884,1.0,1,0.0971,0.3733
2016-07-15,2016,R,,SEA,WAS,80,51,0.5589,1.0,1,0.1945,0.5817
2016-07-16,2016,R,,PHX,UTA,83,64,0.7765,1.0,1,0.05,0.253
2016-07-17,2016,R,,ATL,LAS,91,74,0.2989,1.0,0,0.4916,1.2078
2016-07-17,2016,R,,DET,MIN,97,98,0.3061,0.0,1,0.0937,0.3655
2016-07-17,2016,R,,NYL,ORL,83,76,0.8416,1.0,1,0.0251,0.1724
2016-07-17,2016,R,,SEA,CHI,88,91,0.5198,0.0,0,0.2702,0.7335
2016-07-19,2016,R,,IND,LAS,92,82,0.4361,1.0,0,0.318,0.8299
2016-07-19,2016,R,,PHX,CHI,77,79,0.6249,0.0,0,0.3905,0.9807
2016-07-20,2016,R,,DET,ORL,78,89,0.6729,0.0,0,0.4528,1.1175
2016-07-20,2016,R,,MIN,ATL,83,65,0.8236,1.0,1,0.0311,0.1941
2016-07-20,2016,R,,SEA,UTA,83,69,0.7069,1.0,1,0.0859,0.3469
2016-07-20,2016,R,,WAS,NYL,81,88,0.4467,0.0,1,0.1996,0.5919
2016-07-21,2016,R,,NYL,IND,70,82,0.7138,0.0,0,0.5095,1.251
2016-07-22,2016,R,,ATL,DET,93,88,0.7026,1.0,1,0.0885,0.353
2016-07-22,2016,R,,CHI,ORL,89,94,0.7588,0.0,0,0.5758,1.4221
2016-07-22,2016,R,,MIN,SEA,79,72,0.8757,1.0,1,0.0154,0.1327
2016-07-22,2016,R,,WAS,LAS,75,95,0.3017,0.0,1,0.091,0.3592
2016-08-26,2016,R,,CHI,ATL,90,82,0.6325,1.0,1,0.1351,0.4581
2016-08-26,2016,R,,ORL,MIN,84,80,0.2814,1.0,0,0.5164,1.268
2016-08-26,2016,R,,PHX,DET,98,72,0.7455,1.0,1,0.0648,0.2937
2016-08-26,2016,R,,UTA,NYL,77,84,0.262,0.0,1,0.0686,0.3037
2016-08-26,2016,R,,SEA,LAS,79,72,0.2775,1.0,0,0.5221,1.2821
2016-08-27,2016,R,,IND,WAS,69,92,0.7764,0.0,0,0.6027,1.4978
2016-08-28,2016,R,,ATL,ORL,87,73,0.6603,1.0,1,0.1154,0.415
2016-08-28,2016,R,,DET,CHI,85,92,0.4616,0.0,1,0.2131,0.6191
2016-08-28,2016,R,,MIN,SEA,92,80,0.86,1.0,1,0.0196,0.1509
2016-08-28,2016,R,,PHX,LAS,70,66,0.3893,1.0,0,0.373,0.9434
2016-08-28,2016,R,,WAS,UTA,74,85,0.782,0.0,0,0.6115,1.5232
2016-08-30,2016,R,,ORL,UTA,89,62,0.7434,1.0,1,0.0659,0.2966
2016-08-30,2016,R,,IND,PHX,65,79,0.6607,0.0,0,0.4366,1.081
2016-08-31,2016,R,,SEA,DET,78,66,0.6772,1.0,1,0.1042,0.3898
2016-09-01,2016,R,,IND,NYL,98,77,0.4214,1.0,0,0.3347,0.8641
2016-09-01,2016,R,,UTA,LAS,61,70,0.1772,0.0,1,0.0314,0.195
2016-09-02,2016,R,,CHI,SEA,92,88,0.7538,1.0,1,0.0606,0.2827
2016-09-02,2016,R,,ORL,PHX,87,74,0.5056,1.0,1,0.2444,0.682
2016-09-02,2016,R,,DET,LAS,79,87,0.2743,0.0,1,0.0752,0.3206
2016-09-02,2016,R,,MIN,WAS,75,69,0.8566,1.0,1,0.0206,0.1548
2016-09-03,2016,R,,NYL,PHX,92,70,0.7272,1.0,1,0.0744,0.3186
2016-09-04,2016,R,,ATL,SEA,82,91,0.7258,0.0,0,0.5268,1.294
2016-09-04,2016,R,,CHI,UTA,97,73,0.8293,1.0,1,0.0291,0.1872
2016-09-04,2016,R,,DET,WAS,83,88,0.5192,0.0,0,0.2696,0.7324
2016-09-04,2016,R,,LAS,IND,88,81,0.7608,1.0,1,0.0572,0.2734
2016-09-04,2016,R,,MIN,ORL,93,79,0.8457,1.0,1,0.0238,0.1676
2016-09-06,2016,R,,ATL,PHX,91,87,0.5542,1.0,1,0.1987,0.5902
2016-09-06,2016,R,,LAS,MIN,74,77,0.5904,0.0,0,0.3485,0.8925
2016-09-06,2016,R,,UTA,IND,69,71,0.3377,0.0,1,0.114,0.412
2016-09-07,2016,R,,NYL,SEA,78,102,0.7949,0.0,0,0.6319,1.5843
2016-09-07,2016,R,,WAS,CHI,118,81,0.507,1.0,1,0.2431,0.6793
2016-09-08,2016,R,,LAS,ATL,81,86,0.8087,0.0,0,0.654,1.6541
2016-09-09,2016,R,,IND,CHI,95,88,0.657,1.0,1,0.1177,0.4201
2016-09-09,2016,R,,NYL,ORL,89,82,0.7089,1.0,1,0.0848,0.3441
2016-09-09,2016,R,,UTA,DET,84,92,0.4998,0.0,1,0.2498,0.6927
2016-09-09,2016,R,,WAS,SEA,76,81,0.6047,0.0,0,0.3657,0.9281
2016-09-11,2016,R,,ORL,CHI,86,96,0.5537,0.0,0,0.3066,0.8068
2016-09-11,2016,R,,DET,NYL,84,81,0.3454,1.0,0,0.4285,1.0631
2016-09-11,2016,R,,PHX,ATL,86,75,0.6531,1.0,1,0.1203,0.426
2016-09-11,2016,R,,UTA,MIN,76,81,0.1208,0.0,1,0.0146,0.1287
2016-09-11,2016,R,,SEA,LAS,78,60,0.4177,1.0,0,0.3391,0.873
2016-09-11,2016,R,,WAS,IND,73,80,0.5299,0.0,0,0.2808,0.7547
2016-09-13,2016,R,,ATL,UTA,67,71,0.8321,0.0,0,0.6923,1.7841
2016-09-13,2016,R,,CHI,MIN,98,97,0.3661,1.0,0,0.4018,1.0049
2016-09-13,2016,R,,ORL,IND,89,87,0.4673,1.0,0,0.2838,0.7608
2016-09-13,2016,R,,LAS,PHX,90,85,0.7507,1.0,1,0.0621,0.2867
2016-09-13,2016,R,,NYL,WAS,62,75,0.7472,0.0,0,0.5583,1.3752
2016-09-15,2016,R,,ATL,WAS,94,91,0.6117,1.0,1,0.1508,0.4915
2016-09-15,2016,R,,PHX,SEA,86,62,0.5341,1.0,1,0.2171,0.6272
2016-09-16,2016,R,,CHI,NYL,92,68,0.6038,1.0,1,0.157,0.5046
2016-09-16,2016,R,,ORL,DET,107,74,0.6557,1.0,1,0.1185,0.4221
2016-09-16,2016,R,,IND,MIN,75,82,0.4033,0.0,1,0.1627,0.5164
2016-09-16,2016,R,,LAS,UTA,71,65,0.9045,1.0,1,0.0091,0.1003
2016-09-17,2016,R,,MIN,ATL,95,87,0.8367,1.0,1,0.0267,0.1782
2016-09-18,2016,R,,IND,DET,83,60,0.7991,1.0,1,0.0404,0.2243
2016-09-18,2016,R,,UTA,PHX,65,81,0.3057,0.0,1,0.0934,0.3648
2016-09-18,2016,R,,SEA,CHI,88,75,0.5913,1.0,1,0.167,0.5255
2016-09-18,2016,R,,WAS,ORL,78,87,0.6474,0.0,0,0.4191,1.0424
2016-09-21,2016,P,0.5,ATL,SEA,94,85,0.5811,1.0,1,0.1755,0.5428
2016-09-21,2016,P,0.5,IND,PHX,78,89,0.6251,0.0,0,0.3908,0.9811
2016-09-24,2016,P,1.0,NYL,PHX,94,101,0.6205,0.0,0,0.385,0.9688
2016-09-25,2016,P,1.0,CHI,ATL,108,98,0.7108,1.0,1,0.0836,0.3414
2016-09-28,2016,P,2.0,LAS,CHI,95,75,0.756,1.0,1,0.0595,0.2797
2016-09-28,2016,P,2.0,MIN,PHX,113,95,0.8083,1.0,1,0.0367,0.2128
2016-09-30,2016,P,2.0,LAS,CHI,99,84,0.7456,1.0,1,0.0647,0.2936
2016-09-30,2016,P,2.0,MIN,PHX,96,86,0.7936,1.0,1,0.0426,0.2312
2016-10-02,2016,P,2.0,CHI,LAS,70,66,0.4445,1.0,0,0.3086,0.8108
2016-10-02,2016,P,2.0,PHX,MIN,67,82,0.3881,0.0,1,0.1506,0.4912
2016-10-04,2016,P,2.0,CHI,LAS,75,95,0.4824,0.0,1,0.2327,0.6586
2016-10-09,2016,P,3.0,MIN,LAS,76,78,0.7565,0.0,0,0.5723,1.4128
2016-10-11,2016,P,3.0,MIN,LAS,79,60,0.6775,1.0,1,0.104,0.3893
2016-10-14,2016,P,3.0,LAS,MIN,92,75,0.5087,1.0,1,0.2414,0.6759
2016-10-16,2016,P,3.0,LAS,MIN,79,85,0.5749,0.0,0,0.3305,0.8554
2016-10-20,2016,P,3.0,MIN,LAS,76,77,0.7066,0.0,0,0.4992,1.2261
2017-05-13,2017,R,,ORL,ATL,74,81,0.6206,0.0,0,0.3851,0.9691
2017-05-13,2017,R,,LAS,SEA,78,68,0.7212,1.0,1,0.0777,0.3269
2017-05-13,2017,R,,NYL,UTA,73,64,0.7436,1.0,1,0.0657,0.2963
2017-05-14,2017,R,,MIN,CHI,70,61,0.7419,1.0,1,0.0666,0.2985
2017-05-14,2017,R,,PHX,DET,58,68,0.7287,0.0,0,0.531,1.3045
2017-05-14,2017,R,,SEA,IND,87,82,0.5812,1.0,1,0.1754,0.5426
2017-05-14,2017,R,,WAS,UTA,89,74,0.7419,1.0,1,0.0666,0.2986
2017-05-17,2017,R,,PHX,IND,85,62,0.6196,1.0,1,0.1447,0.4786
2017-05-18,2017,R,,NYL,MIN,71,90,0.4949,0.0,1,0.2449,0.6829
2017-05-19,2017,R,,CHI,ATL,83,91,0.5825,0.0,0,0.3393,0.8734
2017-05-19,2017,R,,LAS,WAS,99,89,0.7686,1.0,1,0.0535,0.2632
2017-05-19,2017,R,,UTA,PHX,72,78,0.4776,0.0,1,0.2281,0.6494
2017-05-20,2017,R,,DET,MIN,87,89,0.412,0.0,1,0.1697,0.531
2017-05-20,2017,R,,IND,ORL,81,79,0.5805,1.0,1,0.176,0.5439
2017-05-21,2017,R,,ATL,CHI,71,75,0.6764,0.0,0,0.4576,1.1284
2017-05-21,2017,R,,SEA,WAS,81,71,0.696,1.0,1,0.0924,0.3624
2017-05-23,2017,R,,MIN,ORL,80,78,0.814,1.0,1,0.0346,0.2058
2017-05-23,2017,R,,PHX,NYL,67,69,0.6475,0.0,0,0.4192,1.0427
2017-05-24,2017,R,,CHI,WAS,67,82,0.6545,0.0,0,0.4284,1.0629
2017-05-24,2017,R,,IND,LAS,93,90,0.4352,1.0,0,0.319,0.832
2017-05-25,2017,R,,UTA,DET,82,94,0.5374,0.0,0,0.2888,0.7709
2017-05-26,2017,R,,ORL,MIN,68,82,0.3666,0.0,1,0.1344,0.4567
2017-05-26,2017,R,,SEA,NYL,87,81,0.6792,1.0,1,0.1029,0.3868
2017-05-26,2017,R,,WAS,CHI,88,79,0.6474,1.0,1,0.1244,0.4349
2017-05-27,2017,R,,ATL,LAS,75,73,0.5518,1.0,1,0.2009,0.5946
2017-05-27,2017,R,,PHX,DET,107,65,0.7226,1.0,1,0.0769,0.3249
2017-05-28,2017,R,,CHI,ORL,79,97,0.6323,0.0,0,0.3998,1.0006
2017-05-28,2017,R,,MIN,UTA,80,66,0.892,1.0,1,0.0117,0.1143
2017-05-28,2017,R,,SEA,IND,94,70,0.6099,1.0,1,0.1521,0.4944
2017-05-30,2017,R,,DET,IND,89,62,0.594,1.0,1,0.1649,0.521
2017-05-30,2017,R,,NYL,LAS,75,90,0.5178,0.0,0,0.2681,0.7293
2017-05-31,2017,R,,ATL,UTA,77,70,0.8225,1.0,1,0.0315,0.1954
2017-05-31,2017,R,,WAS,ORL,78,76,0.695,1.0,1,0.093,0.3638
2017-06-01,2017,R,,CHI,PHX,91,99,0.4609,0.0,1,0.2124,0.6178
2017-06-02,2017,R,,NYL,DET,93,89,0.63,1.0,1,0.1369,0.462
2017-06-03,2017,R,,IND,DET,91,85,0.6648,1.0,1,0.1124,0.4083
2017-06-03,2017,R,,UTA,ORL,77,85,0.4433,0.0,1,0.1965,0.5857
2017-06-03,2017,R,,SEA,MIN,77,100,0.4567,0.0,1,0.2085,0.61
2017-06-04,2017,R,,NYL,PHX,88,72,0.5121,1.0,1,0.238,0.6692
2017-06-04,2017,R,,WAS,ATL,78,72,0.6016,1.0,1,0.1587,0.5082
2017-06-06,2017,R,,DET,WAS,89,101,0.5414,0.0,0,0.2931,0.7796
2017-06-06,2017,R,,LAS,CHI,79,70,0.8431,1.0,1,0.0246,0.1707
2017-06-06,2017,R,,UTA,SEA,76,85,0.3552,0.0,1,0.1261,0.4388
2017-06-07,2017,R,,IND,PHX,90,98,0.5638,0.0,0,0.3178,0.8296
2017-06-07,2017,R,,NYL,ATL,76,61,0.6045,1.0,1,0.1564,0.5033
2017-06-09,2017,R,,DET,LAS,96,90,0.3765,1.0,0,0.3888,0.9769
2017-06-09,2017,R,,IND,SEA,83,80,0.4872,1.0,0,0.263,0.7191
2017-06-09,2017,R,,WAS,MIN,73,98,0.3785,0.0,1,0.1433,0.4757
2017-06-10,2017,R,,ORL,ATL,104,71,0.6419,1.0,1,0.1282,0.4433
2017-06-10,2017,R,,PHX,LAS,87,89,0.5942,0.0,0,0.3531,0.9019
2017-06-10,2017,R,,UTA,CHI,81,85,0.4875,0.0,1,0.2377,0.6685
2017-06-11,2017,R,,DET,MIN,74,91,0.2822,0.0,1,0.0797,0.3316
2017-06-11,2017,R,,NYL,SEA,94,86,0.6537,1.0,1,0.12,0.4252
2017-06-11,2017,R,,WAS,IND,88,70,0.6906,1.0,1,0.0957,0.3702
2017-06-13,2017,R,,LAS,DET,97,87,0.8202,1.0,1,0.0323,0.1982
2017-06-13,2017,R,,SEA,ATL,86,91,0.6433,0.0,0,0.4139,1.0309
2017-06-14,2017,R,,ORL,NYL,96,76,0.6073,1.0,1,0.1542,0.4988
2017-06-15,2017,R,,IND,ATL,85,74,0.611,1.0,1,0.1513,0.4926
2017-06-15,2017,R,,LAS,UTA,80,75,0.8766,1.0,1,0.0152,0.1317
2017-06-16,2017,R,,DET,NYL,93,102,0.5314,0.0,0,0.2824,0.758
2017-06-16,2017,R,,PHX,CHI,86,78,0.7419,1.0,1,0.0666,0.2985
2017-06-17,2017,R,,MIN,ORL,93,98,0.8482,0.0,0,0.7194,1.8849
2017-06-18,2017,R,,CHI,IND,79,91,0.5333,0.0,0,0.2844,0.762
2017-06-18,2017,R,,LAS,PHX,90,59,0.7304,1.0,1,0.0727,0.3141
2017-06-18,2017,R,,SEA,UTA,75,57,0.8489,1.0,1,0.0228,0.1638
2017-06-18,2017,R,,WAS,DET,83,87,0.7911,0.0,0,0.6259,1.566
2017-06-21,2017,R,,DET,UTA,81,78,0.77,1.0,1,0.0529,0.2614
2017-06-23,2017,R,,ATL,CHI,78,82,0.7503,0.0,0,0.5629,1.3875
2017-06-23,2017,R,,MIN,WAS,93,76,0.8225,1.0,1,0.0315,0.1953
2017-06-23,2017,R,,NYL,ORL,89,94,0.6222,0.0,0,0.3871,0.9733
2017-06-23,2017,R,,UTA,DET,69,81,0.4274,0.0,1,0.1826,0.5575
2017-06-23,2017,R,,SEA,PHX,82,85,0.5942,0.0,0,0.3531,0.902
2017-06-24,2017,R,,IND,LAS,73,84,0.4234,0.0,1,0.1792,0.5506
2017-06-25,2017,R,,CHI,WAS,63,97,0.4909,0.0,1,0.241,0.6752
2017-06-25,2017,R,,DET,ORL,96,82,0.4774,1.0,0,0.2732,0.7395
2017-06-25,2017,R,,MIN,UTA,87,78,0.9413,1.0,1,0.0035,0.0605
2017-06-27,2017,R,,ORL,LAS,79,87,0.4551,0.0,1,0.2072,0.6072
2017-06-27,2017,R,,WAS,SEA,100,70,0.6363,1.0,1,0.1323,0.452
2017-06-28,2017,R,,CHI,IND,75,82,0.488,0.0,1,0.2381,0.6694
2017-06-29,2017,R,,ORL,SEA,96,89,0.6836,1.0,1,0.1001,0.3804
2017-06-29,2017,R,,WAS,NYL,67,54,0.6374,1.0,1,0.1315,0.4504
2017-06-30,2017,R,,ATL,LAS,76,85,0.4047,0.0,1,0.1638,0.5187
2017-06-30,2017,R,,PHX,MIN,83,91,0.4413,0.0,1,0.1948,0.5822
2017-06-30,2017,R,,UTA,CHI,89,82,0.5341,1.0,1,0.217,0.6271
2017-07-01,2017,R,,DET,SEA,69,89,0.6678,0.0,0,0.4459,1.1019
2017-07-01,2017,R,,IND,ORL,85,91,0.5759,0.0,0,0.3317,0.8578
2017-07-02,2017,R,,ATL,NYL,81,72,0.5347,1.0,1,0.2165,0.626
2017-07-02,2017,R,,LAS,WAS,76,69,0.7129,1.0,1,0.0824,0.3385
2017-07-05,2017,R,,DET,ATL,94,84,0.6073,1.0,1,0.1542,0.4987
2017-07-05,2017,R,,PHX,WAS,88,80,0.6123,1.0,1,0.1503,0.4905
2017-07-05,2017,R,,UTA,ORL,56,89,0.305,0.0,1,0.093,0.3638
2017-07-06,2017,R,,MIN,LAS,88,77,0.7085,1.0,1,0.085,0.3446
2017-07-06,2017,R,,SEA,NYL,70,79,0.653,0.0,0,0.4265,1.0586
2017-07-07,2017,R,,ATL,IND,89,68,0.5519,1.0,1,0.2008,0.5945
2017-07-07,2017,R,,UTA,PHX,77,92,0.2834,0.0,1,0.0803,0.3332
2017-07-08,2017,R,,CHI,MIN,100,76,0.2154,1.0,0,0.6156,1.5351
2017-07-08,2017,R,,ORL,WAS,96,92,0.6327,1.0,1,0.1349,0.4577
2017-07-08,2017,R,,SEA,LAS,81,69,0.3634,1.0,0,0.4053,1.0123
2017-07-09,2017,R,,ATL,DET,98,78,0.6014,1.0,1,0.1589,0.5084
2017-07-09,2017,R,,PHX,NYL,81,69,0.6507,1.0,1,0.122,0.4297
2017-07-12,2017,R,,CHI,DET,90,84,0.5882,1.0,1,0.1695,0.5306
2017-07-12,2017,R,,IND,UTA,72,79,0.8126,0.0,0,0.6603,1.6746
2017-07-12,2017,R,,PHX,ATL,89,84,0.7009,1.0,1,0.0895,0.3554
2017-07-12,2017,R,,SEA,ORL,79,83,0.5121,0.0,0,0.2623,0.7177
2017-07-13,2017,R,,LAS,ORL,87,77,0.7311,1.0,1,0.0723,0.3131
2017-07-14,2017,R,,IND,WAS,58,72,0.4186,0.0,1,0.1752,0.5423
2017-07-14,2017,R,,NYL,CHI,68,78,0.7571,0.0,0,0.5732,1.415
2017-07-14,2017,R,,PHX,MIN,71,88,0.3999,0.0,1,0.16,0.5107
2017-07-15,2017,R,,SEA,ATL,90,84,0.616,1.0,1,0.1475,0.4845
2017-07-16,2017,R,,ORL,UTA,89,75,0.8759,1.0,1,0.0154,0.1325
2017-07-16,2017,R,,DET,CHI,112,106,0.6552,1.0,1,0.1189,0.4228
2017-07-16,2017,R,,MIN,PHX,81,66,0.7945,1.0,1,0.0423,0.2301
2017-07-16,2017,R,,NYL,WAS,85,55,0.4983,1.0,0,0.2517,0.6965
2017-07-17,2017,R,,LAS,IND,80,62,0.8677,1.0,1,0.0175,0.142
2017-07-18,2017,R,,ATL,UTA,88,75,0.8317,1.0,1,0.0283,0.1843
2017-07-18,2017,R,,SEA,CHI,83,94,0.7237,0.0,0,0.5238,1.2863
2017-07-19,2017,R,,MIN,DET,100,74,0.8842,1.0,1,0.0134,0.123
2017-07-19,2017,R,,NYL,ORL,96,80,0.5042,1.0,1,0.2458,0.6848
2017-07-19,2017,R,,PHX,IND,77,84,0.7866,0.0,0,0.6187,1.5445
2017-07-19,2017,R,,WAS,ATL,100,96,0.7245,1.0,1,0.0759,0.3223
2017-07-20,2017,R,,LAS,CHI,80,82,0.8514,0.0,0,0.7248,1.9062
2017-07-20,2017,R,,UTA,IND,85,61,0.4399,1.0,0,0.3137,0.8211
2017-07-25,2017,R,,ATL,PHX,99,91,0.5518,1.0,1,0.2009,0.5946
2017-07-25,2017,R,,ORL,CHI,93,72,0.7565,1.0,1,0.0593,0.279
2017-07-25,2017,R,,DET,IND,84,82,0.6673,1.0,1,0.1107,0.4044
2017-07-25,2017,R,,LAS,SEA,68,60,0.7778,1.0,1,0.0494,0.2512
2017-07-25,2017,R,,MIN,NYL,76,75,0.8352,1.0,1,0.0272,0.1801
2017-07-25,2017,R,,UTA,WAS,76,85,0.2918,0.0,1,0.0851,0.345
2017-07-28,2017,R,,ATL,MIN,80,90,0.3045,0.0,1,0.0927,0.3631
2017-07-28,2017,R,,CHI,PHX,80,86,0.5352,0.0,0,0.2865,0.7662
2017-07-28,2017,R,,IND,NYL,84,85,0.4697,0.0,1,0.2206,0.6344
2017-07-28,2017,R,,UTA,LAS,73,85,0.1918,0.0,1,0.0368,0.2129
2017-07-28,2017,R,,SEA,DET,109,93,0.6539,1.0,1,0.1198,0.4248
2017-07-30,2017,R,,ATL,WAS,70,77,0.4785,0.0,1,0.229,0.6511
2017-07-30,2017,R,,CHI,NYL,82,86,0.5076,0.0,0,0.2576,0.7084
2017-07-30,2017,R,,ORL,IND,89,73,0.8391,1.0,1,0.0259,0.1755
2017-07-30,2017,R,,LAS,DET,95,74,0.8526,1.0,1,0.0217,0.1594
2017-07-30,2017,R,,MIN,SEA,93,82,0.8679,1.0,1,0.0174,0.1417
2017-07-30,2017,R,,PHX,UTA,81,64,0.853,1.0,1,0.0216,0.159
2017-08-01,2017,R,,UTA,NYL,93,81,0.3011,1.0,0,0.4884,1.2002
2017-08-03,2017,R,,MIN,ATL,69,54,0.8781,1.0,1,0.0149,0.13
2017-08-04,2017,R,,ORL,PHX,93,92,0.6766,1.0,1,0.1046,0.3907
2017-08-04,2017,R,,DET,SEA,93,80,0.5434,1.0,1,0.2085,0.6099
2017-08-04,2017,R,,IND,CHI,70,81,0.5684,0.0,0,0.323,0.8402
2017-08-04,2017,R,,LAS,NYL,87,74,0.8163,1.0,1,0.0337,0.203
2017-08-04,2017,R,,UTA,WAS,76,74,0.254,1.0,0,0.5566,1.3705
2017-08-05,2017,R,,CHI,ATL,91,86,0.5742,1.0,1,0.1813,0.5547
2017-08-05,2017,R,,UTA,SEA,87,80,0.4343,1.0,0,0.32,0.8339
2017-08-06,2017,R,,DET,LAS,85,79,0.3109,1.0,0,0.4749,1.1683
2017-08-06,2017,R,,IND,MIN,84,82,0.1619,1.0,0,0.7024,1.8208
2017-08-06,2017,R,,WAS,PHX,85,80,0.6466,1.0,1,0.1249,0.4361
2017-08-08,2017,R,,ATL,MIN,72,81,0.2803,0.0,1,0.0786,0.3289
2017-08-08,2017,R,,ORL,SEA,84,71,0.7916,1.0,1,0.0434,0.2337
2017-08-08,2017,R,,NYL,IND,81,76,0.7922,1.0,1,0.0432,0.2329
2017-08-10,2017,R,,CHI,UTA,94,74,0.7577,1.0,1,0.0587,0.2775
2017-08-10,2017,R,,DET,PHX,100,101,0.527,0.0,0,0.2777,0.7487
2017-08-11,2017,R,,ATL,NYL,77,83,0.5302,0.0,0,0.2811,0.7554
2017-08-11,2017,R,,MIN,LAS,64,70,0.6804,0.0,0,0.463,1.1407
2017-08-12,2017,R,,ORL,DET,96,88,0.8163,1.0,1,0.0338,0.203
2017-08-12,2017,R,,PHX,SEA,89,98,0.6845,0.0,0,0.4686,1.1536
2017-08-12,2017,R,,UTA,ATL,84,68,0.5005,1.0,1,0.2495,0.6921
2017-08-12,2017,R,,WAS,IND,100,80,0.8388,1.0,1,0.026,0.1758
2017-08-13,2017,R,,NYL,LAS,83,69,0.4223,1.0,0,0.3337,0.862
2017-08-15,2017,R,,ATL,ORL,75,96,0.3722,0.0,1,0.1385,0.4655
2017-08-16,2017,R,,SEA,MIN,62,61,0.2634,1.0,0,0.5425,1.3339
2017-08-16,2017,R,,WAS,LAS,62,95,0.5256,0.0,0,0.2763,0.7458
2017-08-18,2017,R,,CHI,LAS,106,115,0.3785,0.0,1,0.1433,0.4756
2017-08-18,2017,R,,ORL,NYL,70,82,0.662,0.0,0,0.4383,1.0848
2017-08-18,2017,R,,MIN,IND,111,52,0.8941,1.0,1,0.0112,0.1119
2017-08-18,2017,R,,SEA,UTA,79,78,0.7296,1.0,1,0.0731,0.3153
2017-08-18,2017,R,,WAS,PHX,79,89,0.6132,0.0,0,0.376,0.9499
2017-08-19,2017,R,,DET,ATL,90,86,0.7062,1.0,1,0.0863,0.3479
2017-08-20,2017,R,,CHI,SEA,66,103,0.5938,0.0,0,0.3526,0.9009
2017-08-20,2017,R,,ORL,PHX,94,66,0.6965,1.0,1,0.0921,0.3616
2017-08-20,2017,R,,IND,WAS,82,87,0.4147,0.0,1,0.1719,0.5356
2017-08-20,2017,R,,NYL,MIN,70,61,0.4174,1.0,0,0.3394,0.8736
2017-08-22,2017,R,,LAS,UTA,75,55,0.9156,1.0,1,0.0071,0.0882
2017-08-22,2017,R,,MIN,PHX,105,69,0.8183,1.0,1,0.033,0.2005
2017-08-23,2017,R,,ATL,SEA,89,83,0.4824,1.0,0,0.2679,0.729
2017-08-23,2017,R,,ORL,DET,93,87,0.7812,1.0,1,0.0479,0.2469
2017-08-23,2017,R,,IND,NYL,50,71,0.3226,0.0,1,0.1041,0.3895
2017-08-24,2017,R,,PHX,LAS,67,82,0.3675,0.0,1,0.1351,0.4581
2017-08-25,2017,R,,ORL,CHI,83,96,0.7903,0.0,0,0.6246,1.5623
2017-08-25,2017,R,,NYL,WAS,74,66,0.6596,1.0,1,0.1159,0.4161
2017-08-25,2017,R,,UTA,MIN,70,89,0.1759,0.0,1,0.031,0.1935
2017-08-26,2017,R,,ATL,IND,79,74,0.692,1.0,1,0.0948,0.3681
2017-08-26,2017,R,,WAS,DET,78,83,0.6751,0.0,0,0.4558,1.1243
2017-08-27,2017,R,,LAS,MIN,78,67,0.6258,1.0,1,0.14,0.4687
2017-08-27,2017,R,,NYL,CHI,92,62,0.7921,1.0,1,0.0432,0.2331
2017-08-27,2017,R,,SEA,PHX,71,75,0.6492,0.0,0,0.4214,1.0475
2017-08-29,2017,R,,WAS,ORL,76,86,0.4832,0.0,1,0.2335,0.6601
2017-08-30,2017,R,,CHI,DET,96,99,0.5732,0.0,0,0.3286,0.8515
2017-08-30,2017,R,,IND,MIN,69,80,0.1964,0.0,1,0.0386,0.2186
2017-09-01,2017,R,,LAS,ATL,81,56,0.886,1.0,1,0.013,0.121
2017-09-01,2017,R,,MIN,CHI,110,87,0.8834,1.0,1,0.0136,0.124
2017-09-01,2017,R,,NYL,UTA,81,69,0.8626,1.0,1,0.0189,0.1478
2017-09-01,2017,R,,PHX,ORL,86,66,0.5377,1.0,1,0.2137,0.6204
2017-09-01,2017,R,,WAS,SEA,110,106,0.5805,1.0,1,0.1759,0.5438
2017-09-02,2017,R,,IND,UTA,71,75,0.6682,0.0,0,0.4465,1.1032
2017-09-03,2017,R,,CHI,SEA,80,85,0.5471,0.0,0,0.2993,0.7921
2017-09-03,2017,R,,DET,NYL,81,82,0.4624,0.0,1,0.2138,0.6207
2017-09-03,2017,R,,LAS,ORL,81,70,0.7747,1.0,1,0.0507,0.2552
2017-09-03,2017,R,,MIN,WAS,86,72,0.8398,1.0,1,0.0257,0.1746
2017-09-03,2017,R,,PHX,ATL,84,70,0.7549,1.0,1,0.0601,0.2812
2017-09-06,2017,P,0.5,PHX,SEA,79,69,0.6751,1.0,1,0.1056,0.393
2017-09-06,2017,P,0.5,WAS,DET,86,76,0.659,1.0,1,0.1163,0.417
2017-09-10,2017,P,1.0,ORL,PHX,83,88,0.6993,0.0,0,0.4891,1.2017
2017-09-10,2017,P,1.0,NYL,WAS,68,82,0.7913,0.0,0,0.6262,1.5671
2017-09-12,2017,P,2.0,LAS,PHX,79,66,0.8274,1.0,1,0.0298,0.1894
2017-09-12,2017,P,2.0,MIN,WAS,101,81,0.8426,1.0,1,0.0248,0.1712
2017-09-14,2017,P,2.0,LAS,PHX,86,72,0.8106,1.0,1,0.0359,0.21
2017-09-14,2017,P,2.0,MIN,WAS,93,83,0.8279,1.0,1,0.0296,0.1889
2017-09-17,2017,P,2.0,PHX,LAS,87,89,0.3623,0.0,1,0.1312,0.4499
2017-09-17,2017,P,2.0,WAS,MIN,70,81,0.3396,0.0,1,0.1153,0.4149
2017-09-24,2017,P,3.0,MIN,LAS,84,85,0.6095,0.0,0,0.3714,0.9402
2017-09-26,2017,P,3.0,MIN,LAS,70,68,0.5704,1.0,1,0.1846,0.5615
2017-09-29,2017,P,3.0,LAS,MIN,75,64,0.6369,1.0,1,0.1319,0.4512
2017-10-01,2017,P,3.0,LAS,MIN,69,80,0.6756,0.0,0,0.4564,1.1258
2017-10-04,2017,P,3.0,MIN,LAS,85,76,0.6329,1.0,1,0.1347,0.4574
2018-05-18,2018,R,,PHX,DET,86,78,0.6759,1.0,1,0.1051,0.3918
2018-05-19,2018,R,,IND,CHI,64,82,0.5596,0.0,0,0.3132,0.8202
2018-05-20,2018,R,,CHI,NYL,80,76,0.4787,1.0,0,0.2718,0.7368
2018-05-20,2018,R,,ORL,UTA,101,65,0.744,1.0,1,0.0655,0.2957
2018-05-20,2018,R,,DET,ATL,101,78,0.6163,1.0,1,0.1472,0.4841
2018-05-20,2018,R,,MIN,LAS,76,77,0.6443,0.0,0,0.4152,1.0337
2018-05-20,2018,R,,SEA,PHX,82,87,0.5864,0.0,0,0.3439,0.8829
2018-05-20,2018,R,,WAS,IND,82,75,0.7882,1.0,1,0.0449,0.2381
2018-05-22,2018,R,,IND,LAS,70,87,0.299,0.0,1,0.0894,0.3552
2018-05-22,2018,R,,WAS,UTA,75,70,0.7395,1.0,1,0.0679,0.3018
2018-05-23,2018,R,,CHI,ATL,63,81,0.691,0.0,0,0.4775,1.1743
2018-05-23,2018,R,,MIN,DET,76,68,0.7738,1.0,1,0.0512,0.2565
2018-05-23,2018,R,,PHX,SEA,71,87,0.7057,0.0,0,0.498,1.223
2018-05-24,2018,R,,ORL,LAS,102,94,0.5414,1.0,1,0.2104,0.6137
2018-05-24,2018,R,,IND,WAS,84,93,0.4212,0.0,1,0.1774,0.5468
2018-05-25,2018,R,,NYL,MIN,72,78,0.5431,0.0,0,0.295,0.7833
2018-05-25,2018,R,,SEA,CHI,95,91,0.6688,1.0,1,0.1097,0.4022
2018-05-26,2018,R,,ATL,DET,70,78,0.5962,0.0,0,0.3554,0.9067
2018-05-26,2018,R,,ORL,IND,86,77,0.8281,1.0,1,0.0295,0.1886
2018-05-27,2018,R,,LAS,PHX,80,72,0.7233,1.0,1,0.0766,0.324
2018-05-27,2018,R,,UTA,SEA,98,105,0.5201,0.0,0,0.2705,0.7341
2018-05-27,2018,R,,WAS,MIN,90,78,0.4907,1.0,0,0.2594,0.712
2018-05-29,2018,R,,ATL,MIN,76,74,0.3971,1.0,0,0.3635,0.9237
2018-05-29,2018,R,,NYL,DET,94,89,0.6724,1.0,1,0.1073,0.3968
2018-05-29,2018,R,,SEA,WAS,81,77,0.5889,1.0,1,0.169,0.5295
2018-05-30,2018,R,,PHX,WAS,95,103,0.6292,0.0,0,0.3959,0.9921
2018-05-31,2018,R,,SEA,UTA,101,74,0.7494,1.0,1,0.0628,0.2885
2018-06-01,2018,R,,CHI,ORL,72,110,0.4973,0.0,1,0.2473,0.6878
2018-06-01,2018,R,,UTA,WAS,85,73,0.357,1.0,0,0.4134,1.03
2018-06-01,2018,R,,MIN,PHX,85,95,0.7755,0.0,0,0.6014,1.4938
2018-06-02,2018,R,,DET,SEA,94,90,0.5874,1.0,1,0.1702,0.532
2018-06-02,2018,R,,IND,NYL,81,87,0.425,0.0,1,0.1806,0.5533
2018-06-03,2018,R,,ATL,PHX,71,78,0.5821,0.0,0,0.3388,0.8724
2018-06-03,2018,R,,CHI,UTA,95,90,0.6562,1.0,1,0.1182,0.4213
2018-06-03,2018,R,,LAS,MIN,77,69,0.7094,1.0,1,0.0844,0.3433
2018-06-03,2018,R,,WAS,ORL,64,88,0.5438,0.0,0,0.2957,0.7848
2018-06-05,2018,R,,ATL,ORL,82,77,0.3781,1.0,0,0.3868,0.9726
2018-06-05,2018,R,,NYL,PHX,74,80,0.6509,0.0,0,0.4236,1.0523
2018-06-07,2018,R,,LAS,SEA,63,88,0.7228,0.0,0,0.5225,1.2832
2018-06-07,2018,R,,NYL,ORL,86,88,0.5108,0.0,0,0.261,0.7151
2018-06-07,2018,R,,WAS,MIN,80,88,0.5227,0.0,0,0.2732,0.7396
2018-06-08,2018,R,,IND,DET,83,89,0.4123,0.0,1,0.17,0.5315
2018-06-08,2018,R,,UTA,ATL,83,87,0.5782,0.0,0,0.3343,0.8632
2018-06-08,2018,R,,PHX,CHI,96,79,0.7163,1.0,1,0.0805,0.3336
2018-06-09,2018,R,,ORL,MIN,89,75,0.6402,1.0,1,0.1295,0.446
2018-06-10,2018,R,,LAS,CHI,77,59,0.8275,1.0,1,0.0298,0.1894
2018-06-10,2018,R,,NYL,IND,78,75,0.8249,1.0,1,0.0307,0.1925
2018-06-10,2018,R,,PHX,UTA,72,66,0.818,1.0,1,0.0331,0.2008
2018-06-10,2018,R,,SEA,ATL,64,67,0.7583,0.0,0,0.5751,1.4202
2018-06-12,2018,R,,DET,PHX,72,75,0.5879,0.0,0,0.3457,0.8866
2018-06-12,2018,R,,IND,UTA,92,101,0.5671,0.0,0,0.3216,0.8372
2018-06-12,2018,R,,LAS,ATL,72,64,0.768,1.0,1,0.0538,0.264
2018-06-12,2018,R,,SEA,CHI,96,85,0.7732,1.0,1,0.0514,0.2572
2018-06-13,2018,R,,ORL,WAS,91,95,0.7358,0.0,0,0.5414,1.3311
2018-06-13,2018,R,,NYL,UTA,63,78,0.799,0.0,0,0.6384,1.6045
2018-06-14,2018,R,,ATL,IND,72,67,0.7958,1.0,1,0.0417,0.2284
2018-06-15,2018,R,,DET,UTA,77,67,0.7346,1.0,1,0.0704,0.3085
2018-06-15,2018,R,,SEA,ORL,103,92,0.5751,1.0,1,0.1805,0.5531
2018-06-15,2018,R,,WAS,LAS,86,97,0.4503,0.0,1,0.2027,0.5983
2018-06-16,2018,R,,IND,ATL,96,64,0.3906,1.0,0,0.3713,0.94
2018-06-16,2018,R,,MIN,NYL,85,71,0.7667,1.0,1,0.0544,0.2657
2018-06-16,2018,R,,PHX,ORL,89,72,0.6378,1.0,1,0.1312,0.4497
2018-06-17,2018,R,,CHI,LAS,72,81,0.3663,0.0,1,0.1342,0.4563
2018-06-17,2018,R,,UTA,PHX,80,92,0.3904,0.0,1,0.1524,0.495
2018-06-19,2018,R,,LAS,IND,74,55,0.8852,1.0,1,0.0132,0.1219
2018-06-19,2018,R,,MIN,DET,91,83,0.7048,1.0,1,0.0871,0.3498
2018-06-19,2018,R,,NYL,ATL,79,72,0.6558,1.0,1,0.1185,0.4219
2018-06-19,2018,R,,SEA,UTA,77,89,0.8398,0.0,0,0.7053,1.8315
2018-06-19,2018,R,,WAS,CHI,88,60,0.7668,1.0,1,0.0544,0.2656
2018-06-22,2018,R,,ATL,ORL,75,70,0.3831,1.0,0,0.3805,0.9594
2018-06-22,2018,R,,CHI,WAS,77,93,0.4589,0.0,1,0.2106,0.6142
2018-06-22,2018,R,,DET,LAS,101,72,0.414,1.0,0,0.3434,0.8819
2018-06-22,2018,R,,UTA,NYL,88,78,0.5269,1.0,1,0.2238,0.6408
2018-06-22,2018,R,,PHX,MIN,72,83,0.6676,0.0,0,0.4457,1.1014
2018-06-22,2018,R,,SEA,IND,72,63,0.8377,1.0,1,0.0263,0.177
2018-06-24,2018,R,,CHI,PHX,97,88,0.3399,1.0,0,0.4357,1.0791
2018-06-24,2018,R,,DET,SEA,76,97,0.5796,0.0,0,0.336,0.8667
2018-06-24,2018,R,,IND,ORL,78,87,0.3099,0.0,1,0.0961,0.371
2018-06-24,2018,R,,LAS,NYL,80,54,0.7817,1.0,1,0.0476,0.2462
2018-06-24,2018,R,,UTA,MIN,73,88,0.3678,0.0,1,0.1353,0.4585
2018-06-26,2018,R,,LAS,DET,87,83,0.7689,1.0,1,0.0534,0.2628
2018-06-26,2018,R,,MIN,SEA,91,79,0.6876,1.0,1,0.0976,0.3745
2018-06-26,2018,R,,NYL,PHX,69,83,0.4837,0.0,1,0.2339,0.661
2018-06-26,2018,R,,WAS,ORL,92,80,0.5963,1.0,1,0.163,0.517
2018-06-27,2018,R,,CHI,ATL,93,80,0.4875,1.0,0,0.2627,0.7185
2018-06-27,2018,R,,ORL,IND,101,89,0.8318,1.0,1,0.0283,0.1842
2018-06-27,2018,R,,UTA,DET,91,97,0.5708,0.0,0,0.3258,0.8459
2018-06-28,2018,R,,SEA,LAS,81,72,0.5313,1.0,1,0.2196,0.6323
2018-06-28,2018,R,,WAS,NYL,80,77,0.7281,1.0,1,0.0739,0.3174
2018-06-29,2018,R,,IND,PHX,77,95,0.2609,0.0,1,0.0681,0.3023
2018-06-29,2018,R,,UTA,LAS,94,78,0.3578,1.0,0,0.4124,1.0277
2018-06-29,2018,R,,MIN,ATL,85,74,0.8481,1.0,1,0.0231,0.1648
2018-06-29,2018,R,,NYL,CHI,99,103,0.6392,0.0,0,0.4086,1.0194
2018-06-30,2018,R,,WAS,PHX,74,84,0.5802,0.0,0,0.3367,0.868
2018-07-01,2018,R,,CHI,NYL,94,97,0.6149,0.0,0,0.3781,0.9542
2018-07-01,2018,R,,DET,MIN,72,76,0.4716,0.0,1,0.2225,0.638
2018-07-01,2018,R,,IND,ATL,83,87,0.4546,0.0,1,0.2067,0.6062
2018-07-01,2018,R,,LAS,UTA,87,71,0.8027,1.0,1,0.0389,0.2198
2018-07-01,2018,R,,SEA,ORL,84,70,0.617,1.0,1,0.1467,0.4829
2018-07-03,2018,R,,DET,CHI,108,85,0.7219,1.0,1,0.0774,0.3259
2018-07-03,2018,R,,LAS,ORL,72,73,0.6833,0.0,0,0.4669,1.1498
2018-07-03,2018,R,,MIN,IND,59,71,0.9207,0.0,0,0.8478,2.535
2018-07-03,2018,R,,NYL,SEA,62,77,0.4058,0.0,1,0.1647,0.5206
2018-07-05,2018,R,,DET,IND,90,63,0.816,1.0,1,0.0339,0.2034
2018-07-05,2018,R,,UTA,CHI,84,80,0.69,1.0,1,0.0961,0.371
2018-07-05,2018,R,,MIN,LAS,83,72,0.6717,1.0,1,0.1078,0.3979
2018-07-05,2018,R,,PHX,ORL,84,77,0.7124,1.0,1,0.0827,0.3392
2018-07-05,2018,R,,WAS,NYL,86,67,0.7725,1.0,1,0.0518,0.2581
2018-07-06,2018,R,,ATL,SEA,86,95,0.4364,0.0,1,0.1905,0.5735
2018-07-07,2018,R,,CHI,MIN,77,63,0.2873,1.0,0,0.5079,1.2471
2018-07-07,2018,R,,LAS,WAS,74,83,0.6766,0.0,0,0.4578,1.1288
2018-07-07,2018,R,,UTA,ORL,94,90,0.4474,1.0,0,0.3053,0.8042
2018-07-08,2018,R,,ATL,PHX,76,70,0.3475,1.0,0,0.4258,1.0571
2018-07-08,2018,R,,NYL,DET,87,97,0.4813,0.0,1,0.2316,0.6564
2018-07-08,2018,R,,SEA,WAS,97,91,0.7197,1.0,1,0.0786,0.3289
2018-07-10,2018,R,,CHI,UTA,74,98,0.5811,0.0,0,0.3377,0.8701
2018-07-10,2018,R,,DET,PHX,101,72,0.5263,1.0,1,0.2244,0.6419
2018-07-10,2018,R,,SEA,LAS,75,77,0.6828,0.0,0,0.4662,1.1483
2018-07-11,2018,R,,ORL,NYL,76,79,0.7963,0.0,0,0.6341,1.5912
2018-07-11,2018,R,,IND,MIN,65,87,0.2675,0.0,1,0.0716,0.3113
2018-07-11,2018,R,,WAS,ATL,89,106,0.7403,0.0,0,0.5481,1.3484
2018-07-12,2018,R,,LAS,DET,77,92,0.6406,0.0,0,0.4104,1.0233
2018-07-13,2018,R,,ATL,IND,98,74,0.8009,1.0,1,0.0397,0.2221
2018-07-13,2018,R,,ORL,PHX,91,87,0.5316,1.0,1,0.2194,0.6318
2018-07-13,2018,R,,MIN,UTA,77,85,0.7839,0.0,0,0.6144,1.5318
2018-07-13,2018,R,,WAS,CHI,88,72,0.7551,1.0,1,0.06,0.2809
2018-07-14,2018,R,,SEA,DET,91,84,0.7054,1.0,1,0.0868,0.349
2018-07-15,2018,R,,ATL,WAS,80,77,0.5559,1.0,1,0.1973,0.5872
2018-07-15,2018,R,,IND,PHX,82,101,0.2725,0.0,1,0.0742,0.3181
2018-07-15,2018,R,,UTA,LAS,78,99,0.5173,0.0,0,0.2676,0.7283
2018-07-15,2018,R,,MIN,ORL,64,83,0.7073,0.0,0,0.5003,1.2286
2018-07-15,2018,R,,NYL,CHI,107,84,0.7078,1.0,1,0.0854,0.3456
2018-07-17,2018,R,,ORL,ATL,83,86,0.7122,0.0,0,0.5072,1.2454
2018-07-17,2018,R,,DET,NYL,104,87,0.7945,1.0,1,0.0422,0.23
2018-07-18,2018,R,,CHI,SEA,83,101,0.2607,0.0,1,0.068,0.302
2018-07-18,2018,R,,MIN,IND,89,65,0.8906,1.0,1,0.012,0.1159
2018-07-19,2018,R,,ATL,NYL,82,68,0.7191,1.0,1,0.0789,0.3298
2018-07-19,2018,R,,DET,WAS,90,81,0.6522,1.0,1,0.121,0.4275
2018-07-19,2018,R,,PHX,UTA,82,85,0.7459,0.0,0,0.5564,1.3701
2018-07-20,2018,R,,CHI,DET,114,99,0.3294,1.0,0,0.4497,1.1105
2018-07-20,2018,R,,ORL,SEA,65,78,0.5325,0.0,0,0.2836,0.7604
2018-07-20,2018,R,,LAS,IND,76,78,0.9033,0.0,0,0.8159,2.3357
2018-07-21,2018,R,,NYL,WAS,78,95,0.489,0.0,1,0.2392,0.6715
2018-07-21,2018,R,,PHX,MIN,75,80,0.5604,0.0,0,0.3141,0.822
2018-07-22,2018,R,,ATL,SEA,87,74,0.4566,1.0,0,0.2953,0.784
2018-07-22,2018,R,,CHI,LAS,76,93,0.3778,0.0,1,0.1428,0.4746
2018-07-22,2018,R,,DET,ORL,75,92,0.6599,0.0,0,0.4355,1.0786
2018-07-22,2018,R,,UTA,IND,88,74,0.8288,1.0,1,0.0293,0.1877
2018-07-24,2018,R,,ORL,WAS,94,68,0.6404,1.0,1,0.1293,0.4457
2018-07-24,2018,R,,IND,SEA,72,92,0.2006,0.0,1,0.0402,0.2239
2018-07-24,2018,R,,LAS,ATL,71,81,0.6637,0.0,0,0.4405,1.0898
2018-07-24,2018,R,,MIN,NYL,85,82,0.8347,1.0,1,0.0273,0.1807
2018-07-25,2018,R,,PHX,CHI,87,101,0.8296,0.0,0,0.6882,1.7696
2018-07-31,2018,R,,ATL,WAS,71,86,0.6736,0.0,0,0.4537,1.1195
2018-07-31,2018,R,,DET,CHI,91,92,0.8178,0.0,0,0.6688,1.7027
2018-07-31,2018,R,,PHX,SEA,91,102,0.4317,0.0,1,0.1863,0.5651
2018-08-01,2018,R,,ORL,NYL,92,77,0.8191,1.0,1,0.0327,0.1995
2018-08-01,2018,R,,UTA,PHX,93,104,0.6375,0.0,0,0.4065,1.0148
2018-08-02,2018,R,,IND,DET,84,78,0.3423,1.0,0,0.4325,1.072
2018-08-02,2018,R,,LAS,MIN,79,57,0.5436,1.0,1,0.2083,0.6096
2018-08-03,2018,R,,ATL,CHI,89,74,0.7637,1.0,1,0.0558,0.2695
2018-08-03,2018,R,,SEA,MIN,85,75,0.741,1.0,1,0.0671,0.2997
2018-08-03,2018,R,,WAS,UTA,1,0,0.7202,1.0,1,0.0783,0.3282
2018-08-04,2018,R,,NYL,IND,55,68,0.7371,0.0,0,0.5433,1.336
2018-08-05,2018,R,,ORL,UTA,109,88,0.7916,1.0,1,0.0434,0.2337
2018-08-05,2018,R,,DET,WAS,74,76,0.6075,0.0,0,0.369,0.9351
2018-08-05,2018,R,,LAS,PHX,78,75,0.6486,1.0,1,0.1235,0.433
2018-08-05,2018,R,,MIN,ATL,66,86,0.6684,0.0,0,0.4467,1.1037
2018-08-06,2018,R,,NYL,SEA,80,96,0.2203,0.0,1,0.0485,0.2488
2018-08-07,2018,R,,ATL,UTA,109,100,0.7487,1.0,1,0.0632,0.2894
2018-08-07,2018,R,,CHI,MIN,64,85,0.4564,0.0,1,0.2083,0.6096
2018-08-07,2018,R,,IND,SEA,79,94,0.2295,0.0,1,0.0527,0.2608
2018-08-07,2018,R,,PHX,WAS,98,103,0.5781,0.0,0,0.3342,0.8629
2018-08-08,2018,R,,DET,ORL,92,101,0.4959,0.0,1,0.246,0.6851
2018-08-08,2018,R,,NYL,LAS,81,82,0.3046,0.0,1,0.0928,0.3632
2018-08-09,2018,R,,ATL,LAS,79,73,0.6299,1.0,1,0.137,0.4622
2018-08-09,2018,R,,UTA,MIN,73,89,0.4573,0.0,1,0.2091,0.6112
2018-08-09,2018,R,,WAS,SEA,100,77,0.4687,1.0,0,0.2822,0.7577
2018-08-10,2018,R,,CHI,ORL,97,86,0.3352,1.0,0,0.442,1.0931
2018-08-10,2018,R,,PHX,IND,94,74,0.8184,1.0,1,0.033,0.2005
2018-08-11,2018,R,,ATL,DET,92,82,0.7129,1.0,1,0.0825,0.3385
2018-08-11,2018,R,,UTA,IND,92,74,0.7725,1.0,1,0.0517,0.2581
2018-08-12,2018,R,,ORL,CHI,82,75,0.8235,1.0,1,0.0311,0.1941
2018-08-12,2018,R,,MIN,SEA,72,81,0.524,0.0,0,0.2745,0.7422
2018-08-12,2018,R,,NYL,ATL,77,86,0.3414,0.0,1,0.1165,0.4176
2018-08-12,2018,R,,PHX,LAS,86,78,0.519,1.0,1,0.2314,0.6559
2018-08-12,2018,R,,WAS,DET,93,80,0.7796,1.0,1,0.0486,0.249
2018-08-14,2018,R,,ORL,DET,96,76,0.7587,1.0,1,0.0582,0.2762
2018-08-14,2018,R,,LAS,NYL,74,66,0.8421,1.0,1,0.0249,0.1718
2018-08-14,2018,R,,MIN,CHI,88,91,0.8102,0.0,0,0.6564,1.6618
2018-08-15,2018,R,,IND,WAS,62,76,0.2658,0.0,1,0.0706,0.3089
2018-08-15,2018,R,,UTA,NYL,85,72,0.7747,1.0,1,0.0508,0.2553
2018-08-17,2018,R,,ORL,MIN,96,79,0.6804,1.0,1,0.1021,0.3851
2018-08-17,2018,R,,DET,UTA,107,102,0.6594,1.0,1,0.116,0.4164
2018-08-17,2018,R,,PHX,ATL,104,95,0.5212,1.0,1,0.2293,0.6517
2018-08-17,2018,R,,SEA,NYL,85,77,0.9263,1.0,1,0.0054,0.0765
2018-08-17,2018,R,,WAS,LAS,69,67,0.6501,1.0,1,0.1224,0.4306
2018-08-18,2018,R,,IND,CHI,106,115,0.4471,0.0,1,0.1999,0.5926
2018-08-19,2018,R,,CHI,IND,92,97,0.7703,0.0,0,0.5934,1.4711
2018-08-19,2018,R,,ORL,LAS,89,86,0.6926,1.0,1,0.0945,0.3673
2018-08-19,2018,R,,UTA,ATL,78,93,0.4203,0.0,1,0.1766,0.5452
2018-08-19,2018,R,,MIN,WAS,88,83,0.5259,1.0,1,0.2248,0.6426
2018-08-19,2018,R,,PHX,NYL,96,85,0.8391,1.0,1,0.0259,0.1755
2018-08-19,2018,R,,SEA,DET,84,68,0.829,1.0,1,0.0293,0.1876
2018-08-21,2018,P,0.5,LAS,MIN,75,68,0.6143,1.0,1,0.1488,0.4873
2018-08-21,2018,P,0.5,PHX,DET,101,83,0.715,1.0,1,0.0812,0.3355
2018-08-23,2018,P,1.0,ORL,PHX,86,96,0.7353,0.0,0,0.5407,1.3293
2018-08-23,2018,P,1.0,WAS,LAS,96,64,0.7075,1.0,1,0.0856,0.346
2018-08-26,2018,P,2.0,ATL,WAS,84,87,0.6414,0.0,0,0.4114,1.0256
2018-08-26,2018,P,2.0,SEA,PHX,91,87,0.7674,1.0,1,0.0541,0.2648
2018-08-28,2018,P,2.0,ATL,WAS,78,75,0.5542,1.0,1,0.1987,0.5902
2018-08-28,2018,P,2.0,SEA,PHX,91,87,0.7456,1.0,1,0.0647,0.2936
2018-08-31,2018,P,2.0,PHX,SEA,86,66,0.4571,1.0,0,0.2947,0.7828
2018-08-31,2018,P,2.0,WAS,ATL,76,81,0.652,0.0,0,0.4251,1.0556
2018-09-02,2018,P,2.0,PHX,SEA,86,84,0.5262,1.0,1,0.2245,0.642
2018-09-02,2018,P,2.0,WAS,ATL,97,76,0.604,1.0,1,0.1569,0.5043
2018-09-04,2018,P,2.0,ATL,WAS,81,86,0.5796,0.0,0,0.3359,0.8665
2018-09-04,2018,P,2.0,SEA,PHX,94,84,0.6782,1.0,1,0.1036,0.3883
2018-09-07,2018,P,3.0,SEA,WAS,89,76,0.6501,1.0,1,0.1224,0.4306
2018-09-09,2018,P,3.0,SEA,WAS,75,73,0.689,1.0,1,0.0967,0.3725
2018-09-12,2018,P,3.0,WAS,SEA,82,98,0.5213,0.0,0,0.2717,0.7366
2019-05-24,2019,R,,ATL,DET,76,72,0.694,1.0,1,0.0936,0.3653
2019-05-24,2019,R,,NYL,IND,80,81,0.6314,0.0,0,0.3987,0.998
2019-05-25,2019,R,,ORL,WAS,84,69,0.6229,1.0,1,0.1422,0.4733
2019-05-25,2019,R,,MIN,CHI,89,71,0.7039,1.0,1,0.0877,0.3511
2019-05-25,2019,R,,SEA,PHX,77,68,0.6927,1.0,1,0.0944,0.3672
2019-05-26,2019,R,,UTA,LAS,83,70,0.5401,1.0,1,0.2115,0.6161
2019-05-28,2019,R,,ORL,IND,88,77,0.7708,1.0,1,0.0526,0.2604
2019-05-29,2019,R,,MIN,SEA,72,61,0.5064,1.0,1,0.2436,0.6804
2019-05-31,2019,R,,ATL,SEA,66,82,0.5913,0.0,0,0.3496,0.8947
2019-05-31,2019,R,,LAS,ORL,77,70,0.5761,1.0,1,0.1797,0.5514
2019-05-31,2019,R,,PHX,UTA,86,84,0.7097,1.0,1,0.0843,0.3429
2019-06-01,2019,R,,CHI,SEA,83,79,0.4145,1.0,0,0.3428,0.8807
2019-06-01,2019,R,,DET,MIN,67,70,0.5585,0.0,0,0.3119,0.8175
2019-06-01,2019,R,,IND,NYL,92,77,0.5839,1.0,1,0.1731,0.538
2019-06-01,2019,R,,WAS,ATL,96,75,0.6706,1.0,1,0.1085,0.3995
2019-06-02,2019,R,,UTA,ORL,74,80,0.5033,0.0,0,0.2533,0.6998
2019-06-04,2019,R,,NYL,LAS,73,78,0.4152,0.0,1,0.1724,0.5364
2019-06-04,2019,R,,SEA,MIN,84,77,0.6806,1.0,1,0.102,0.3849
2019-06-05,2019,R,,WAS,CHI,103,85,0.7312,1.0,1,0.0723,0.3131
2019-06-06,2019,R,,ATL,UTA,69,92,0.6969,0.0,0,0.4857,1.1938
2019-06-06,2019,R,,ORL,LAS,89,77,0.7143,1.0,1,0.0816,0.3364
2019-06-06,2019,R,,MIN,PHX,58,56,0.5861,1.0,1,0.1713,0.5342
2019-06-07,2019,R,,IND,DET,79,64,0.5729,1.0,1,0.1824,0.557
2019-06-07,2019,R,,NYL,WAS,85,94,0.3944,0.0,1,0.1555,0.5015
2019-06-08,2019,R,,MIN,LAS,85,89,0.6736,0.0,0,0.4537,1.1195
2019-06-09,2019,R,,ATL,ORL,59,65,0.4732,0.0,1,0.2239,0.6409
2019-06-09,2019,R,,CHI,SEA,78,71,0.3561,1.0,0,0.4145,1.0324
2019-06-09,2019,R,,IND,PHX,87,94,0.4682,0.0,1,0.2192,0.6315
2019-06-09,2019,R,,NYL,UTA,88,78,0.4193,1.0,0,0.3372,0.8692
2019-06-09,2019,R,,WAS,DET,86,62,0.7641,1.0,1,0.0557,0.2691
2019-06-11,2019,R,,CHI,PHX,82,75,0.4971,1.0,0,0.2529,0.699
2019-06-11,2019,R,,ORL,WAS,83,75,0.6391,1.0,1,0.1302,0.4476
2019-06-11,2019,R,,IND,SEA,82,84,0.3816,0.0,1,0.1456,0.4806
2019-06-12,2019,R,,NYL,MIN,75,69,0.3743,1.0,0,0.3915,0.9826
2019-06-13,2019,R,,DET,IND,72,76,0.6739,0.0,0,0.4542,1.1206
2019-06-14,2019,R,,UTA,NYL,100,65,0.7518,1.0,1,0.0616,0.2853
2019-06-14,2019,R,,MIN,ORL,81,85,0.4942,0.0,1,0.2443,0.6817
2019-06-14,2019,R,,PHX,LAS,68,85,0.5751,0.0,0,0.3308,0.856
2019-06-14,2019,R,,WAS,SEA,71,74,0.5614,0.0,0,0.3151,0.8241
2019-06-15,2019,R,,DET,ATL,71,61,0.509,1.0,1,0.2411,0.6753
2019-06-15,2019,R,,IND,CHI,64,70,0.5279,0.0,0,0.2787,0.7506
2019-06-15,2019,R,,LAS,NYL,92,98,0.8098,0.0,0,0.6557,1.6594
2019-06-16,2019,R,,ORL,SEA,81,67,0.6104,1.0,1,0.1518,0.4936
2019-06-16,2019,R,,MIN,UTA,75,80,0.655,0.0,0,0.429,1.0642
2019-06-18,2019,R,,LAS,WAS,52,81,0.5734,0.0,0,0.3288,0.8519
2019-06-19,2019,R,,ATL,IND,88,78,0.6494,1.0,1,0.1229,0.4317
2019-06-19,2019,R,,NYL,CHI,83,91,0.5054,0.0,0,0.2554,0.704
2019-06-20,2019,R,,DET,PHX,69,54,0.4891,1.0,0,0.2611,0.7153
2019-06-20,2019,R,,UTA,WAS,72,95,0.5578,0.0,0,0.3111,0.8159
2019-06-21,2019,R,,CHI,IND,69,76,0.7249,0.0,0,0.5255,1.2906
2019-06-21,2019,R,,ORL,ATL,86,76,0.8346,1.0,1,0.0274,0.1808
2019-06-21,2019,R,,SEA,LAS,84,62,0.7726,1.0,1,0.0517,0.258
2019-06-22,2019,R,,UTA,DET,86,68,0.6587,1.0,1,0.1165,0.4175
2019-06-22,2019,R,,MIN,NYL,92,83,0.7858,1.0,1,0.0459,0.2411
2019-06-23,2019,R,,ATL,WAS,73,89,0.3838,0.0,1,0.1473,0.4842
2019-06-23,2019,R,,CHI,ORL,93,75,0.4075,1.0,0,0.351,0.8976
2019-06-23,2019,R,,PHX,LAS,82,72,0.632,1.0,1,0.1354,0.4589
2019-06-23,2019,R,,SEA,IND,65,61,0.8192,1.0,1,0.0327,0.1994
2019-06-25,2019,R,,IND,MIN,74,78,0.4868,0.0,1,0.237,0.667
2019-06-25,2019,R,,UTA,SEA,60,56,0.4703,1.0,0,0.2806,0.7545
2019-06-26,2019,R,,CHI,WAS,74,81,0.4533,0.0,1,0.2054,0.6038
2019-06-26,2019,R,,DET,ORL,74,73,0.4001,1.0,0,0.3599,0.9161
2019-06-27,2019,R,,LAS,UTA,86,74,0.6333,1.0,1,0.1344,0.4568
2019-06-28,2019,R,,NYL,DET,69,68,0.5775,1.0,1,0.1785,0.5491
2019-06-28,2019,R,,PHX,IND,91,69,0.7586,1.0,1,0.0583,0.2763
2019-06-28,2019,R,,SEA,CHI,79,76,0.7742,1.0,1,0.051,0.2559
2019-06-29,2019,R,,UTA,IND,102,97,0.7433,1.0,1,0.0659,0.2966
2019-06-29,2019,R,,WAS,ORL,102,59,0.6602,1.0,1,0.1155,0.4152
2019-06-30,2019,R,,ATL,NYL,58,74,0.7213,0.0,0,0.5202,1.2775
2019-06-30,2019,R,,DET,MIN,89,86,0.4629,1.0,0,0.2884,0.7702
2019-06-30,2019,R,,LAS,CHI,94,69,0.6548,1.0,1,0.1191,0.4234
2019-06-30,2019,R,,SEA,PHX,67,69,0.7389,0.0,0,0.5459,1.3427
2019-07-02,2019,R,,UTA,CHI,90,82,0.6781,1.0,1,0.1036,0.3884
2019-07-02,2019,R,,MIN,ATL,85,68,0.7332,1.0,1,0.0712,0.3103
2019-07-03,2019,R,,SEA,NYL,83,84,0.8172,0.0,0,0.6678,1.6992
2019-07-05,2019,R,,DET,IND,56,76,0.6594,0.0,0,0.4349,1.0771
2019-07-05,2019,R,,PHX,NYL,76,80,0.7698,0.0,0,0.5926,1.4689
2019-07-05,2019,R,,SEA,ATL,66,77,0.8041,0.0,0,0.6465,1.63
2019-07-06,2019,R,,ORL,MIN,71,74,0.7348,0.0,0,0.5399,1.3273
2019-07-07,2019,R,,CHI,DET,78,66,0.7071,1.0,1,0.0858,0.3466
2019-07-07,2019,R,,LAS,WAS,98,81,0.4018,1.0,0,0.3579,0.9119
2019-07-07,2019,R,,NYL,UTA,58,90,0.4891,0.0,1,0.2392,0.6715
2019-07-07,2019,R,,PHX,ATL,65,63,0.7213,1.0,1,0.0777,0.3267
2019-07-09,2019,R,,DET,LAS,74,62,0.4474,1.0,0,0.3054,0.8043
2019-07-10,2019,R,,ATL,ORL,78,75,0.3984,1.0,0,0.3619,0.9202
2019-07-10,2019,R,,CHI,MIN,72,73,0.5098,0.0,0,0.2599,0.7129
2019-07-10,2019,R,,IND,UTA,71,74,0.5195,0.0,0,0.2698,0.7328
2019-07-10,2019,R,,WAS,PHX,68,91,0.7587,0.0,0,0.5756,1.4215
2019-07-12,2019,R,,ATL,MIN,60,53,0.4688,1.0,0,0.2822,0.7575
2019-07-12,2019,R,,CHI,NYL,99,83,0.6266,1.0,1,0.1394,0.4674
2019-07-12,2019,R,,ORL,PHX,79,64,0.6252,1.0,1,0.1404,0.4696
2019-07-12,2019,R,,IND,LAS,84,90,0.4581,0.0,1,0.2098,0.6126
2019-07-12,2019,R,,SEA,DET,95,81,0.8038,1.0,1,0.0385,0.2184
2019-07-13,2019,R,,WAS,UTA,81,85,0.6894,0.0,0,0.4753,1.1693
2019-07-14,2019,R,,ATL,LAS,71,76,0.5045,0.0,0,0.2545,0.7021
2019-07-14,2019,R,,DET,CHI,79,89,0.5477,0.0,0,0.2999,0.7933
2019-07-14,2019,R,,IND,ORL,63,76,0.399,0.0,1,0.1592,0.5091
2019-07-14,2019,R,,MIN,PHX,75,62,0.6114,1.0,1,0.151,0.4921
2019-07-14,2019,R,,SEA,NYL,78,69,0.7996,1.0,1,0.0402,0.2236
2019-07-17,2019,R,,CHI,ATL,77,76,0.689,1.0,1,0.0967,0.3725
2019-07-17,2019,R,,MIN,SEA,79,90,0.5755,0.0,0,0.3312,0.8568
2019-07-17,2019,R,,PHX,DET,69,64,0.754,1.0,1,0.0605,0.2824
2019-07-18,2019,R,,LAS,DET,69,64,0.8105,1.0,1,0.0359,0.2101
2019-07-19,2019,R,,ORL,ATL,98,69,0.8179,1.0,1,0.0332,0.201
2019-07-19,2019,R,,IND,WAS,88,95,0.3371,0.0,1,0.1136,0.4111
2019-07-19,2019,R,,SEA,UTA,69,66,0.6171,1.0,1,0.1466,0.4827
2019-07-20,2019,R,,DET,PHX,66,70,0.4177,0.0,1,0.1745,0.5408
2019-07-20,2019,R,,NYL,LAS,83,78,0.4673,1.0,0,0.2838,0.7608
2019-07-21,2019,R,,CHI,IND,78,70,0.7828,1.0,1,0.0472,0.2449
2019-07-21,2019,R,,UTA,MIN,79,74,0.6137,1.0,1,0.1492,0.4883
2019-07-21,2019,R,,WAS,ATL,93,65,0.8084,1.0,1,0.0367,0.2126
2019-07-23,2019,R,,ATL,LAS,66,78,0.4312,0.0,1,0.1859,0.5642
2019-07-23,2019,R,,UTA,SEA,79,62,0.5207,1.0,1,0.2297,0.6526
2019-07-23,2019,R,,PHX,IND,95,77,0.8068,1.0,1,0.0373,0.2147
2019-07-24,2019,R,,ORL,NYL,70,63,0.8248,1.0,1,0.0307,0.1926
2019-07-24,2019,R,,MIN,WAS,71,79,0.4981,0.0,1,0.2481,0.6893
2019-07-30,2019,R,,ORL,CHI,100,94,0.6898,1.0,1,0.0962,0.3714
2019-07-30,2019,R,,UTA,DET,86,54,0.7992,1.0,1,0.0403,0.2241
2019-07-30,2019,R,,WAS,PHX,99,93,0.6911,1.0,1,0.0954,0.3695
2019-07-31,2019,R,,IND,ATL,61,59,0.5846,1.0,1,0.1726,0.5369
2019-08-01,2019,R,,ORL,PHX,68,62,0.7017,1.0,1,0.089,0.3543
2019-08-01,2019,R,,DET,NYL,87,64,0.5298,1.0,1,0.2211,0.6352
2019-08-01,2019,R,,LAS,UTA,76,68,0.6044,1.0,1,0.1565,0.5035
2019-08-02,2019,R,,SEA,WAS,79,99,0.608,0.0,0,0.3697,0.9366
2019-08-03,2019,R,,ATL,CHI,75,87,0.453,0.0,1,0.2052,0.6034
2019-08-03,2019,R,,DET,UTA,70,75,0.3719,0.0,1,0.1383,0.465
2019-08-03,2019,R,,IND,MIN,86,75,0.4114,1.0,0,0.3464,0.8881
2019-08-04,2019,R,,LAS,SEA,83,75,0.6411,1.0,1,0.1288,0.4446
2019-08-04,2019,R,,NYL,ORL,79,94,0.3228,0.0,1,0.1042,0.3898
2019-08-04,2019,R,,PHX,WAS,103,82,0.473,1.0,0,0.2778,0.7487
2019-08-05,2019,R,,UTA,WAS,70,99,0.5867,0.0,0,0.3442,0.8836
2019-08-06,2019,R,,ATL,MIN,69,85,0.474,0.0,1,0.2247,0.6425
2019-08-07,2019,R,,CHI,NYL,101,92,0.7877,1.0,1,0.0451,0.2386
2019-08-08,2019,R,,LAS,PHX,84,74,0.6455,1.0,1,0.1256,0.4377
2019-08-08,2019,R,,SEA,DET,69,57,0.7794,1.0,1,0.0487,0.2492
2019-08-08,2019,R,,WAS,IND,91,78,0.8497,1.0,1,0.0226,0.1628
2019-08-09,2019,R,,UTA,CHI,84,87,0.7116,0.0,0,0.5063,1.2433
2019-08-09,2019,R,,MIN,ORL,89,57,0.4103,1.0,0,0.3477,0.8908
2019-08-10,2019,R,,IND,ATL,87,82,0.6218,1.0,1,0.143,0.4751
2019-08-10,2019,R,,PHX,DET,77,80,0.7917,0.0,0,0.6268,1.5687
2019-08-11,2019,R,,LAS,CHI,84,81,0.7,1.0,1,0.09,0.3566
2019-08-11,2019,R,,UTA,ORL,89,81,0.5565,1.0,1,0.1967,0.586
2019-08-11,2019,R,,NYL,SEA,69,84,0.393,0.0,1,0.1545,0.4993
2019-08-11,2019,R,,WAS,MIN,101,78,0.7885,1.0,1,0.0447,0.2377
2019-08-13,2019,R,,UTA,ATL,94,90,0.822,1.0,1,0.0317,0.196
2019-08-13,2019,R,,NYL,MIN,73,89,0.3981,0.0,1,0.1585,0.5076
2019-08-14,2019,R,,DET,LAS,84,78,0.3858,1.0,0,0.3773,0.9525
2019-08-14,2019,R,,PHX,ORL,71,78,0.5663,0.0,0,0.3206,0.8353
2019-08-14,2019,R,,WAS,SEA,88,59,0.7436,1.0,1,0.0657,0.2962
2019-08-16,2019,R,,CHI,LAS,91,81,0.5997,1.0,1,0.1602,0.5113
2019-08-16,2019,R,,ORL,SEA,79,78,0.6666,1.0,1,0.1111,0.4055
2019-08-16,2019,R,,DET,NYL,83,77,0.683,1.0,1,0.1005,0.3813
2019-08-16,2019,R,,MIN,WAS,79,86,0.4367,0.0,1,0.1907,0.5739
2019-08-16,2019,R,,PHX,ATL,77,68,0.7817,1.0,1,0.0477,0.2463
2019-08-18,2019,R,,CHI,UTA,85,100,0.5436,0.0,0,0.2955,0.7843
2019-08-18,2019,R,,ORL,DET,78,68,0.8127,1.0,1,0.0351,0.2074
2019-08-18,2019,R,,PHX,NYL,78,72,0.8108,1.0,1,0.0358,0.2097
2019-08-18,2019,R,,SEA,MIN,82,74,0.6511,1.0,1,0.1217,0.4291
2019-08-18,2019,R,,WAS,IND,107,68,0.8708,1.0,1,0.0167,0.1384
2019-08-20,2019,R,,ATL,CHI,83,87,0.4238,0.0,1,0.1796,0.5514
2019-08-20,2019,R,,IND,NYL,76,82,0.7,0.0,0,0.49,1.2039
2019-08-20,2019,R,,LAS,MIN,81,71,0.7164,1.0,1,0.0805,0.3336
2019-08-20,2019,R,,UTA,PHX,84,79,0.6968,1.0,1,0.0919,0.3613
2019-08-22,2019,R,,LAS,IND,98,65,0.8214,1.0,1,0.0319,0.1968
2019-08-22,2019,R,,MIN,DET,86,70,0.6888,1.0,1,0.0969,0.3728
2019-08-23,2019,R,,CHI,WAS,85,78,0.3378,1.0,0,0.4386,1.0854
2019-08-23,2019,R,,ORL,UTA,89,85,0.6823,1.0,1,0.1009,0.3823
2019-08-23,2019,R,,NYL,ATL,87,90,0.6414,0.0,0,0.4113,1.0254
2019-08-25,2019,R,,DET,ATL,73,77,0.7105,0.0,0,0.5048,1.2397
2019-08-25,2019,R,,LAS,ORL,84,72,0.5964,1.0,1,0.1629,0.5168
2019-08-25,2019,R,,MIN,UTA,98,77,0.5567,1.0,1,0.1965,0.5857
2019-08-25,2019,R,,PHX,CHI,86,94,0.621,0.0,0,0.3857,0.9703
2019-08-25,2019,R,,SEA,IND,54,63,0.8456,0.0,0,0.7151,1.8683
2019-08-25,2019,R,,WAS,NYL,101,72,0.918,1.0,1,0.0067,0.0855
2019-08-27,2019,R,,IND,UTA,86,71,0.3927,1.0,0,0.3688,0.9346
2019-08-27,2019,R,,MIN,CHI,93,85,0.5858,1.0,1,0.1715,0.5347
2019-08-27,2019,R,,NYL,PHX,82,95,0.401,0.0,1,0.1608,0.5125
2019-08-27,2019,R,,SEA,ORL,70,89,0.5363,0.0,0,0.2876,0.7684
2019-08-27,2019,R,,WAS,LAS,95,66,0.7359,1.0,1,0.0698,0.3067
2019-08-29,2019,R,,ATL,PHX,58,65,0.4683,0.0,1,0.2193,0.6317
2019-08-29,2019,R,,CHI,DET,83,88,0.7649,0.0,0,0.5851,1.4479
2019-08-29,2019,R,,IND,LAS,83,87,0.3957,0.0,1,0.1565,0.5036
2019-08-30,2019,R,,NYL,ORL,84,94,0.2371,0.0,1,0.0562,0.2707
2019-08-31,2019,R,,DET,WAS,85,91,0.2076,0.0,1,0.0431,0.2327
2019-08-31,2019,R,,UTA,LAS,92,86,0.6019,1.0,1,0.1584,0.5076
2019-09-01,2019,R,,CHI,PHX,105,78,0.6367,1.0,1,0.132,0.4515
2019-09-01,2019,R,,MIN,IND,81,73,0.8088,1.0,1,0.0366,0.2122
2019-09-01,2019,R,,SEA,ATL,92,75,0.8293,1.0,1,0.0291,0.1871
2019-09-03,2019,R,,LAS,ATL,70,60,0.8654,1.0,1,0.0181,0.1446
2019-09-03,2019,R,,NYL,WAS,77,93,0.1694,0.0,1,0.0287,0.1856
2019-09-03,2019,R,,PHX,SEA,70,82,0.5894,0.0,0,0.3474,0.8902
2019-09-04,2019,R,,ORL,DET,102,72,0.8601,1.0,1,0.0196,0.1507
2019-09-05,2019,R,,ATL,UTA,78,74,0.2969,1.0,0,0.4943,1.2142
2019-09-05,2019,R,,LAS,SEA,102,68,0.6684,1.0,1,0.11,0.4029
2019-09-06,2019,R,,ORL,CHI,104,109,0.6805,0.0,0,0.4631,1.141
2019-09-06,2019,R,,NYL,IND,81,86,0.4479,0.0,1,0.2006,0.594
2019-09-06,2019,R,,PHX,MIN,69,83,0.4756,0.0,1,0.2262,0.6456
2019-09-06,2019,R,,WAS,DET,86,73,0.9109,1.0,1,0.0079,0.0933
2019-09-08,2019,R,,ATL,NYL,63,71,0.7071,0.0,0,0.5,1.228
2019-09-08,2019,R,,DET,SEA,64,78,0.4178,0.0,1,0.1746,0.5409
2019-09-08,2019,R,,IND,ORL,104,76,0.3422,1.0,0,0.4327,1.0723
2019-09-08,2019,R,,LAS,MIN,77,68,0.6778,1.0,1,0.1038,0.3889
2019-09-08,2019,R,,PHX,UTA,89,98,0.4964,0.0,1,0.2464,0.686
2019-09-08,2019,R,,WAS,CHI,100,86,0.7885,1.0,1,0.0447,0.2376
2019-09-11,2019,P,0.5,CHI,PHX,105,76,0.7453,1.0,1,0.0649,0.294
2019-09-11,2019,P,0.5,SEA,MIN,84,74,0.59,1.0,1,0.1681,0.5276
2019-09-15,2019,P,1.0,LAS,SEA,92,69,0.7284,1.0,1,0.0738,0.3169
2019-09-15,2019,P,1.0,UTA,CHI,93,92,0.6386,1.0,1,0.1306,0.4484
2019-09-17,2019,P,2.0,ORL,LAS,84,75,0.621,1.0,1,0.1436,0.4763
2019-09-17,2019,P,2.0,WAS,UTA,97,95,0.8271,1.0,1,0.0299,0.1898
2019-09-19,2019,P,2.0,ORL,LAS,94,68,0.6121,1.0,1,0.1504,0.4908
2019-09-19,2019,P,2.0,WAS,UTA,103,91,0.8055,1.0,1,0.0378,0.2163
2019-09-22,2019,P,2.0,LAS,ORL,56,78,0.5658,0.0,0,0.3201,0.8341
2019-09-22,2019,P,2.0,UTA,WAS,92,75,0.3705,1.0,0,0.3963,0.993
2019-09-24,2019,P,2.0,UTA,WAS,90,94,0.4388,0.0,1,0.1925,0.5777
2019-09-29,2019,P,3.0,WAS,ORL,95,86,0.6556,1.0,1,0.1186,0.4222
2019-10-01,2019,P,3.0,WAS,ORL,87,99,0.7258,0.0,0,0.5268,1.2938
2019-10-06,2019,P,3.0,ORL,WAS,81,94,0.5819,0.0,0,0.3386,0.8719
2019-10-08,2019,P,3.0,ORL,WAS,90,86,0.5096,1.0,1,0.2405,0.6741
2019-10-10,2019,P,3.0,WAS,ORL,89,78,0.6842,1.0,1,0.0997,0.3795
2020-07-25,2020,R,,NYL,SEA,71,87,0.3536,0.0,1,0.125,0.4363
2020-07-25,2020,R,,LAS,PHX,99,76,0.5816,1.0,1,0.1751,0.542
2020-07-25,2020,R,,IND,WAS,76,101,0.3132,0.0,1,0.0981,0.3757
2020-07-26,2020,R,,ATL,DET,105,95,0.47,1.0,0,0.2809,0.7551
2020-07-26,2020,R,,CHI,UTA,88,86,0.4996,1.0,0,0.2504,0.694
2020-07-26,2020,R,,ORL,MIN,69,77,0.569,0.0,0,0.3238,0.8416
2020-07-28,2020,R,,CHI,LAS,96,78,0.4687,1.0,0,0.2822,0.7577
2020-07-28,2020,R,,ORL,WAS,89,94,0.3821,0.0,1,0.146,0.4815
2020-07-28,2020,R,,MIN,SEA,66,90,0.4874,0.0,1,0.2376,0.6683
2020-07-29,2020,R,,DET,NYL,93,80,0.5127,1.0,1,0.2374,0.668
2020-07-29,2020,R,,IND,PHX,106,100,0.5093,1.0,1,0.2408,0.6747
2020-07-29,2020,R,,ATL,UTA,70,100,0.3839,0.0,1,0.1473,0.4843
2020-07-30,2020,R,,ORL,LAS,76,81,0.5303,0.0,0,0.2812,0.7556
2020-07-30,2020,R,,CHI,MIN,81,83,0.5672,0.0,0,0.3217,0.8374
2020-07-30,2020,R,,SEA,WAS,71,89,0.3913,0.0,1,0.1531,0.4964
2020-07-31,2020,R,,ATL,NYL,84,78,0.5507,1.0,1,0.2019,0.5966
2020-07-31,2020,R,,DET,IND,76,73,0.4592,1.0,0,0.2925,0.7784
2020-07-31,2020,R,,UTA,PHX,95,102,0.6412,0.0,0,0.4111,1.0249
2020-08-01,2020,R,,CHI,WAS,88,86,0.3667,1.0,0,0.4011,1.0032
2020-08-01,2020,R,,ORL,MIN,69,78,0.5085,0.0,0,0.2585,0.7102
2020-08-01,2020,R,,LAS,SEA,75,81,0.4976,0.0,1,0.2476,0.6884
2020-08-02,2020,R,,ATL,IND,77,93,0.4585,0.0,1,0.2102,0.6134
2020-08-02,2020,R,,DET,UTA,70,79,0.4024,0.0,1,0.1619,0.5148
2020-08-02,2020,R,,NYL,PHX,67,96,0.3826,0.0,1,0.1464,0.4823
2020-08-04,2020,R,,ATL,PHX,74,81,0.4135,0.0,1,0.171,0.5335
2020-08-04,2020,R,,CHI,DET,82,79,0.6869,1.0,1,0.098,0.3756
2020-08-04,2020,R,,ORL,SEA,74,87,0.4493,0.0,1,0.2018,0.5965
2020-08-05,2020,R,,IND,LAS,75,86,0.4101,0.0,1,0.1682,0.5278
2020-08-05,2020,R,,MIN,NYL,92,66,0.7643,1.0,1,0.0555,0.2687
2020-08-05,2020,R,,UTA,WAS,83,77,0.3394,1.0,0,0.4364,1.0806
2020-08-06,2020,R,,ATL,SEA,92,93,0.2784,0.0,1,0.0775,0.3263
2020-08-06,2020,R,,ORL,DET,91,68,0.5923,1.0,1,0.1662,0.5237
2020-08-06,2020,R,,CHI,PHX,86,96,0.6192,0.0,0,0.3834,0.9655
2020-08-07,2020,R,,LAS,UTA,82,86,0.4805,0.0,1,0.2309,0.655
2020-08-07,2020,R,,IND,MIN,80,87,0.3761,0.0,1,0.1414,0.4717
2020-08-07,2020,R,,NYL,WAS,74,66,0.1706,1.0,0,0.6879,1.7686
2020-08-08,2020,R,,CHI,ORL,100,93,0.5456,1.0,1,0.2065,0.6059
2020-08-08,2020,R,,ATL,DET,75,85,0.4701,0.0,1,0.221,0.635
2020-08-08,2020,R,,PHX,SEA,68,74,0.4021,0.0,1,0.1617,0.5143
2020-08-09,2020,R,,IND,WAS,91,84,0.3035,1.0,0,0.4851,1.1923
2020-08-09,2020,R,,LAS,MIN,97,81,0.4491,1.0,0,0.3035,0.8006
2020-08-09,2020,R,,UTA,NYL,78,76,0.7584,1.0,1,0.0584,0.2765
2020-08-10,2020,R,,ATL,ORL,82,93,0.329,0.0,1,0.1082,0.399
2020-08-10,2020,R,,DET,PHX,79,91,0.4145,0.0,1,0.1718,0.5352
2020-08-10,2020,R,,CHI,SEA,71,89,0.4728,0.0,1,0.2235,0.6401
2020-08-11,2020,R,,IND,UTA,79,98,0.3672,0.0,1,0.1348,0.4576
2020-08-11,2020,R,,LAS,NYL,93,78,0.7468,1.0,1,0.0641,0.2919
2020-08-11,2020,R,,MIN,WAS,68,48,0.4421,1.0,0,0.3112,0.8162
2020-08-12,2020,R,,CHI,PHX,89,71,0.5537,1.0,1,0.1991,0.5911
2020-08-12,2020,R,,ORL,DET,70,66,0.636,1.0,1,0.1325,0.4525
2020-08-12,2020,R,,ATL,SEA,63,100,0.2121,0.0,1,0.045,0.2384
2020-08-13,2020,R,,UTA,MIN,87,77,0.5233,1.0,1,0.2272,0.6475
2020-08-13,2020,R,,IND,NYL,86,79,0.6486,1.0,1,0.1235,0.433
2020-08-13,2020,R,,LAS,WAS,81,64,0.4958,1.0,0,0.2543,0.7017
2020-08-14,2020,R,,CHI,ORL,74,77,0.5535,0.0,0,0.3064,0.8063
2020-08-14,2020,R,,DET,SEA,65,83,0.2405,0.0,1,0.0578,0.2751
2020-08-14,2020,R,,ATL,PHX,80,96,0.3259,0.0,1,0.1062,0.3944
2020-08-15,2020,R,,IND,LAS,76,90,0.3481,0.0,1,0.1212,0.4278
2020-08-15,2020,R,,UTA,WAS,88,73,0.5814,1.0,1,0.1752,0.5423
2020-08-15,2020,R,,MIN,NYL,94,64,0.7674,1.0,1,0.0541,0.2647
2020-08-16,2020,R,,ATL,CHI,67,92,0.2415,0.0,1,0.0583,0.2764
2020-08-16,2020,R,,ORL,SEA,72,95,0.3815,0.0,1,0.1456,0.4805
2020-08-16,2020,R,,DET,PHX,95,89,0.364,1.0,0,0.4044,1.0105
2020-08-18,2020,R,,CHI,UTA,84,82,0.4061,1.0,0,0.3527,0.9011
2020-08-18,2020,R,,ORL,IND,84,62,0.5705,1.0,1,0.1845,0.5613
2020-08-18,2020,R,,NYL,SEA,64,105,0.1593,0.0,1,0.0254,0.1736
2020-08-19,2020,R,,LAS,PHX,83,74,0.6632,1.0,1,0.1135,0.4108
2020-08-19,2020,R,,DET,MIN,84,91,0.2886,0.0,1,0.0833,0.3405
2020-08-19,2020,R,,ATL,WAS,91,98,0.2428,0.0,1,0.059,0.2782
2020-08-20,2020,R,,IND,SEA,90,84,0.2321,1.0,0,0.5897,1.4608
2020-08-20,2020,R,,ORL,UTA,78,99,0.4134,0.0,1,0.1709,0.5334
2020-08-20,2020,R,,CHI,NYL,101,85,0.8064,1.0,1,0.0375,0.2152
2020-08-21,2020,R,,ATL,LAS,85,93,0.1826,0.0,1,0.0334,0.2017
2020-08-21,2020,R,,DET,WAS,101,92,0.3375,1.0,0,0.4389,1.0861
2020-08-21,2020,R,,MIN,PHX,90,80,0.6281,1.0,1,0.1383,0.465
2020-08-22,2020,R,,CHI,IND,87,76,0.6716,1.0,1,0.1079,0.3981
2020-08-22,2020,R,,ORL,NYL,82,65,0.7633,1.0,1,0.056,0.2701
2020-08-22,2020,R,,UTA,SEA,82,74,0.4839,1.0,0,0.2663,0.7258
2020-08-23,2020,R,,DET,LAS,81,84,0.271,0.0,1,0.0735,0.3161
2020-08-23,2020,R,,ATL,MIN,78,75,0.1955,1.0,0,0.6472,1.632
2020-08-23,2020,R,,PHX,WAS,88,87,0.4318,1.0,0,0.3229,0.8398
2020-08-25,2020,R,,CHI,NYL,99,101,0.8319,0.0,0,0.6921,1.7833
2020-08-25,2020,R,,DET,UTA,92,96,0.2163,0.0,1,0.0468,0.2437
2020-08-25,2020,R,,IND,SEA,74,87,0.2745,0.0,1,0.0754,0.3209
2020-08-28,2020,R,,ATL,MIN,79,88,0.2228,0.0,1,0.0496,0.2521
2020-08-28,2020,R,,ORL,LAS,76,80,0.4142,0.0,1,0.1715,0.5347
2020-08-28,2020,R,,PHX,WAS,94,72,0.4599,1.0,0,0.2918,0.7768
2020-08-29,2020,R,,CHI,SEA,74,88,0.4329,0.0,1,0.1874,0.5672
2020-08-29,2020,R,,DET,IND,82,78,0.4763,1.0,0,0.2743,0.7417
2020-08-29,2020,R,,UTA,NYL,80,63,0.8577,1.0,1,0.0202,0.1535
2020-08-30,2020,R,,ATL,LAS,79,84,0.1716,0.0,1,0.0294,0.1883
2020-08-30,2020,R,,MIN,PHX,79,83,0.6004,0.0,0,0.3605,0.9174
2020-08-30,2020,R,,ORL,WAS,76,63,0.5583,1.0,1,0.1951,0.5828
2020-08-31,2020,R,,CHI,IND,100,77,0.6858,1.0,1,0.0987,0.3772
2020-08-31,2020,R,,LAS,MIN,78,96,0.5877,0.0,0,0.3454,0.886
2020-09-01,2020,R,,ATL,IND,102,90,0.418,1.0,0,0.3387,0.8722
2020-09-01,2020,R,,UTA,PHX,85,92,0.6964,0.0,0,0.4849,1.192
2020-09-01,2020,R,,ORL,NYL,70,65,0.7601,1.0,1,0.0576,0.2743
2020-09-02,2020,R,,CHI,MIN,83,86,0.4905,0.0,1,0.2405,0.6742
2020-09-02,2020,R,,DET,LAS,83,91,0.3183,0.0,1,0.1013,0.3831
2020-09-02,2020,R,,SEA,WAS,71,64,0.7464,1.0,1,0.0643,0.2925
2020-09-03,2020,R,,ORL,UTA,78,93,0.3834,0.0,1,0.147,0.4835
2020-09-03,2020,R,,ATL,NYL,62,56,0.5602,1.0,1,0.1934,0.5794
2020-09-03,2020,R,,IND,PHX,81,105,0.3137,0.0,1,0.0984,0.3764
2020-09-04,2020,R,,DET,MIN,75,88,0.2776,0.0,1,0.0771,0.3252
2020-09-04,2020,R,,LAS,SEA,89,90,0.4442,0.0,1,0.1974,0.5874
2020-09-04,2020,R,,CHI,WAS,69,79,0.6442,0.0,0,0.415,1.0333
2020-09-05,2020,R,,ATL,UTA,79,89,0.1753,0.0,1,0.0307,0.1927
2020-09-05,2020,R,,ORL,IND,96,77,0.7,1.0,1,0.09,0.3567
2020-09-05,2020,R,,NYL,PHX,67,83,0.2019,0.0,1,0.0408,0.2255
2020-09-06,2020,R,,CHI,LAS,80,86,0.4254,0.0,1,0.181,0.5541
2020-09-06,2020,R,,MIN,SEA,88,103,0.4253,0.0,1,0.1808,0.5538
2020-09-06,2020,R,,DET,WAS,101,94,0.411,1.0,0,0.3469,0.8891
2020-09-07,2020,R,,ORL,PHX,85,70,0.4853,1.0,0,0.2649,0.7229
2020-09-08,2020,R,,IND,UTA,86,92,0.1731,0.0,1,0.03,0.1901
2020-09-08,2020,R,,LAS,NYL,96,70,0.8443,1.0,1,0.0243,0.1693
2020-09-08,2020,R,,MIN,WAS,86,89,0.6651,0.0,0,0.4424,1.0939
2020-09-09,2020,R,,ATL,CHI,97,89,0.2912,1.0,0,0.5024,1.2338
2020-09-09,2020,R,,ORL,PHX,95,100,0.5392,0.0,0,0.2907,0.7747
2020-09-09,2020,R,,DET,SEA,95,107,0.2038,0.0,1,0.0416,0.228
2020-09-10,2020,R,,IND,NYL,85,75,0.6056,1.0,1,0.1555,0.5015
2020-09-10,2020,R,,LAS,WAS,72,80,0.686,0.0,0,0.4706,1.1583
2020-09-10,2020,R,,UTA,MIN,104,89,0.6051,1.0,1,0.156,0.5024
2020-09-11,2020,R,,ATL,ORL,82,75,0.2788,1.0,0,0.5201,1.2772
2020-09-11,2020,R,,CHI,DET,95,88,0.6305,1.0,1,0.1365,0.4613
2020-09-11,2020,R,,PHX,SEA,60,83,0.3214,0.0,1,0.1033,0.3877
2020-09-12,2020,R,,IND,MIN,86,98,0.2623,0.0,1,0.0688,0.3042
2020-09-12,2020,R,,LAS,UTA,70,84,0.4103,0.0,1,0.1684,0.5282
2020-09-12,2020,R,,NYL,WAS,58,75,0.2252,0.0,1,0.0507,0.2551
2020-09-13,2020,R,,ATL,WAS,78,85,0.3759,0.0,1,0.1413,0.4715
2020-09-13,2020,R,,DET,NYL,82,79,0.7125,1.0,1,0.0827,0.339
2020-09-13,2020,R,,UTA,SEA,86,84,0.4596,1.0,0,0.2921,0.7775
2020-09-15,2020,P,0.5,CHI,ORL,81,94,0.4951,0.0,1,0.2451,0.6834
2020-09-15,2020,P,0.5,PHX,WAS,85,84,0.5705,1.0,1,0.1845,0.5613
2020-09-17,2020,P,1.0,ORL,LAS,73,59,0.4048,1.0,0,0.3543,0.9044
2020-09-17,2020,P,1.0,MIN,PHX,80,79,0.5856,1.0,1,0.1717,0.5351
2020-09-20,2020,P,2.0,ORL,UTA,87,62,0.3019,1.0,0,0.4873,1.1976
2020-09-22,2020,P,2.0,ORL,UTA,75,83,0.4391,0.0,1,0.1928,0.5782
2020-09-22,2020,P,2.0,MIN,SEA,86,88,0.3167,0.0,1,0.1003,0.3809
2020-09-24,2020,P,2.0,ORL,UTA,77,68,0.3991,1.0,0,0.3611,0.9186
2020-09-24,2020,P,2.0,MIN,SEA,79,89,0.3401,0.0,1,0.1157,0.4157
2020-09-27,2020,P,2.0,ORL,UTA,75,84,0.4552,0.0,1,0.2072,0.6073
2020-09-27,2020,P,2.0,MIN,SEA,71,92,0.3113,0.0,1,0.0969,0.3729
2020-09-29,2020,P,2.0,ORL,UTA,63,66,0.4112,0.0,1,0.1691,0.5297
2020-10-02,2020,P,3.0,UTA,SEA,80,93,0.3983,0.0,1,0.1586,0.508
2020-10-04,2020,P,3.0,UTA,SEA,91,104,0.3937,0.0,1,0.155,0.5003
2020-10-06,2020,P,3.0,UTA,SEA,59,92,0.3482,0.0,1,0.1212,0.428
2021-05-14,2021,R,,ATL,ORL,67,78,0.4797,0.0,1,0.2301,0.6533
2021-05-14,2021,R,,LAS,DET,71,94,0.7079,0.0,0,0.5011,1.2306
2021-05-14,2021,R,,MIN,PHX,75,77,0.6263,0.0,0,0.3923,0.9844
2021-05-14,2021,R,,NYL,IND,90,87,0.5469,1.0,1,0.2053,0.6036
2021-05-15,2021,R,,SEA,UTA,97,83,0.7168,1.0,1,0.0802,0.333
2021-05-15,2021,R,,WAS,CHI,56,70,0.6157,0.0,0,0.379,0.9563
2021-05-16,2021,R,,ORL,PHX,86,78,0.6588,1.0,1,0.1164,0.4174
2021-05-16,2021,R,,IND,NYL,65,73,0.6613,0.0,0,0.4373,1.0826
2021-05-18,2021,R,,NYL,MIN,86,75,0.438,1.0,0,0.3159,0.8256
2021-05-18,2021,R,,SEA,UTA,80,96,0.7392,0.0,0,0.5464,1.344
2021-05-18,2021,R,,WAS,PHX,70,91,0.588,0.0,0,0.3458,0.8867
2021-05-19,2021,R,,ATL,CHI,77,85,0.5042,0.0,0,0.2542,0.7016
2021-05-19,2021,R,,ORL,IND,88,67,0.8035,1.0,1,0.0386,0.2188
2021-05-20,2021,R,,MIN,SEA,78,90,0.4412,0.0,1,0.1947,0.582
2021-05-21,2021,R,,IND,ATL,79,83,0.5951,0.0,0,0.3541,0.9041
2021-05-21,2021,R,,UTA,LAS,97,69,0.673,1.0,1,0.1069,0.396
2021-05-21,2021,R,,PHX,ORL,67,84,0.5963,0.0,0,0.3556,0.9072
2021-05-21,2021,R,,WAS,NYL,101,72,0.6509,1.0,1,0.1219,0.4294
2021-05-22,2021,R,,DET,SEA,97,100,0.4687,0.0,1,0.2196,0.6323
2021-05-23,2021,R,,CHI,NYL,85,93,0.8036,0.0,0,0.6458,1.6277
2021-05-23,2021,R,,IND,WAS,89,77,0.4963,1.0,0,0.2537,0.7005
2021-05-23,2021,R,,UTA,ORL,65,72,0.6042,0.0,0,0.365,0.9268
2021-05-24,2021,R,,NYL,DET,88,81,0.5259,1.0,1,0.2248,0.6427
2021-05-25,2021,R,,CHI,ATL,83,90,0.6929,0.0,0,0.4802,1.1807
2021-05-25,2021,R,,IND,WAS,69,85,0.5427,0.0,0,0.2945,0.7824
2021-05-25,2021,R,,SEA,ORL,90,87,0.6692,1.0,1,0.1094,0.4017
2021-05-26,2021,R,,PHX,UTA,79,85,0.5916,0.0,0,0.35,0.8956
2021-05-27,2021,R,,ATL,DET,101,95,0.5653,1.0,1,0.189,0.5704
2021-05-28,2021,R,,CHI,LAS,61,76,0.6001,0.0,0,0.3601,0.9166
2021-05-28,2021,R,,ORL,WAS,86,81,0.777,1.0,1,0.0497,0.2523
2021-05-28,2021,R,,UTA,IND,113,77,0.828,1.0,1,0.0296,0.1888
2021-05-28,2021,R,,SEA,MIN,82,72,0.7794,1.0,1,0.0487,0.2493
2021-05-29,2021,R,,DET,PHX,85,89,0.5323,0.0,0,0.2833,0.7599
2021-05-29,2021,R,,NYL,ATL,87,90,0.6433,0.0,0,0.4139,1.031
2021-05-30,2021,R,,CHI,LAS,79,82,0.5823,0.0,0,0.3391,0.873
2021-05-30,2021,R,,UTA,IND,101,78,0.8534,1.0,1,0.0215,0.1585
2021-05-30,2021,R,,MIN,ORL,79,74,0.4155,1.0,0,0.3416,0.8782
2021-06-01,2021,R,,CHI,PHX,83,84,0.5277,0.0,0,0.2785,0.7501
2021-06-01,2021,R,,ORL,UTA,74,67,0.6208,1.0,1,0.1438,0.4767
2021-06-01,2021,R,,DET,LAS,79,69,0.5438,1.0,1,0.2081,0.6092
2021-06-01,2021,R,,SEA,IND,88,73,0.9086,1.0,1,0.0084,0.0958
2021-06-03,2021,R,,LAS,IND,98,63,0.7827,1.0,1,0.0472,0.2451
2021-06-03,2021,R,,NYL,UTA,82,94,0.4418,0.0,1,0.1952,0.583
2021-06-03,2021,R,,PHX,CHI,77,74,0.7049,1.0,1,0.0871,0.3496
2021-06-04,2021,R,,MIN,ATL,86,84,0.611,1.0,1,0.1513,0.4926
2021-06-04,2021,R,,SEA,DET,105,102,0.8305,1.0,1,0.0287,0.1857
2021-06-05,2021,R,,ORL,NYL,85,64,0.8552,1.0,1,0.021,0.1564
2021-06-05,2021,R,,LAS,CHI,68,63,0.6972,1.0,1,0.0917,0.3607
2021-06-05,2021,R,,WAS,UTA,93,96,0.4765,0.0,1,0.2271,0.6473
2021-06-06,2021,R,,MIN,ATL,100,80,0.6531,1.0,1,0.1203,0.4259
2021-06-06,2021,R,,SEA,DET,67,68,0.8351,0.0,0,0.6974,1.8023
2021-06-08,2021,R,,PHX,DET,81,85,0.734,0.0,0,0.5388,1.3244
2021-06-08,2021,R,,WAS,MIN,85,81,0.5813,1.0,1,0.1753,0.5425
2021-06-09,2021,R,,ATL,SEA,71,95,0.3478,0.0,1,0.121,0.4275
2021-06-09,2021,R,,CHI,IND,92,76,0.6971,1.0,1,0.0917,0.3608
2021-06-10,2021,R,,WAS,LAS,89,71,0.5027,1.0,1,0.2473,0.6878
2021-06-11,2021,R,,ATL,SEA,75,86,0.3121,0.0,1,0.0974,0.3742
2021-06-11,2021,R,,PHX,DET,59,77,0.6556,0.0,0,0.4299,1.066
2021-06-12,2021,R,,IND,CHI,79,83,0.4563,0.0,1,0.2082,0.6093
2021-06-12,2021,R,,MIN,LAS,80,64,0.6527,1.0,1,0.1206,0.4267
2021-06-13,2021,R,,ATL,WAS,101,78,0.5061,1.0,1,0.2439,0.681
2021-06-13,2021,R,,ORL,SEA,66,89,0.5977,0.0,0,0.3572,0.9105
2021-06-13,2021,R,,UTA,DET,85,78,0.7753,1.0,1,0.0505,0.2545
2021-06-13,2021,R,,PHX,NYL,83,85,0.6744,0.0,0,0.4548,1.1221
2021-06-15,2021,R,,IND,SEA,70,87,0.184,0.0,1,0.0338,0.2033
2021-06-15,2021,R,,UTA,NYL,100,78,0.8297,1.0,1,0.029,0.1867
2021-06-15,2021,R,,MIN,CHI,89,105,0.6738,0.0,0,0.4541,1.1204
2021-06-16,2021,R,,LAS,PHX,85,80,0.6557,1.0,1,0.1185,0.422
2021-06-17,2021,R,,CHI,ORL,81,75,0.4311,1.0,0,0.3237,0.8415
2021-06-17,2021,R,,DET,MIN,73,85,0.6915,0.0,0,0.4782,1.176
2021-06-17,2021,R,,IND,SEA,69,79,0.1617,0.0,1,0.0261,0.1763
2021-06-17,2021,R,,UTA,NYL,103,76,0.8401,1.0,1,0.0256,0.1742
2021-06-17,2021,R,,WAS,ATL,96,93,0.6464,1.0,1,0.125,0.4363
2021-06-18,2021,R,,LAS,PHX,66,80,0.6568,0.0,0,0.4313,1.0694
2021-06-19,2021,R,,CHI,ORL,91,81,0.516,1.0,1,0.2342,0.6616
2021-06-19,2021,R,,DET,MIN,95,77,0.5887,1.0,1,0.1692,0.5299
2021-06-19,2021,R,,WAS,IND,82,77,0.7966,1.0,1,0.0414,0.2273
2021-06-20,2021,R,,LAS,NYL,73,76,0.6758,0.0,0,0.4567,1.1264
2021-06-22,2021,R,,ORL,DET,80,70,0.6994,1.0,1,0.0904,0.3576
2021-06-22,2021,R,,NYL,CHI,72,92,0.4659,0.0,1,0.217,0.6271
2021-06-22,2021,R,,SEA,WAS,83,87,0.8737,0.0,0,0.7634,2.0693
2021-06-23,2021,R,,ATL,MIN,85,87,0.5948,0.0,0,0.3538,0.9034
2021-06-24,2021,R,,IND,DET,64,89,0.4184,0.0,1,0.175,0.5419
2021-06-24,2021,R,,LAS,WAS,89,82,0.6099,1.0,1,0.1522,0.4945
2021-06-24,2021,R,,NYL,CHI,68,91,0.4363,0.0,1,0.1904,0.5733
2021-06-25,2021,R,,MIN,UTA,90,89,0.3893,1.0,0,0.3729,0.9433
2021-06-26,2021,R,,ATL,NYL,78,101,0.6887,0.0,0,0.4744,1.1672
2021-06-26,2021,R,,DET,WAS,85,74,0.6477,1.0,1,0.1241,0.4343
2021-06-27,2021,R,,ORL,CHI,74,58,0.6826,1.0,1,0.1007,0.3818
2021-06-27,2021,R,,UTA,SEA,95,92,0.4865,1.0,0,0.2637,0.7206
2021-06-27,2021,R,,PHX,LAS,88,79,0.6878,1.0,1,0.0975,0.3743
2021-06-29,2021,R,,ATL,NYL,73,69,0.5874,1.0,1,0.1702,0.532
2021-06-29,2021,R,,WAS,ORL,71,90,0.4882,0.0,1,0.2383,0.6698
2021-06-30,2021,R,,DET,CHI,81,91,0.6089,0.0,0,0.3707,0.9388
2021-06-30,2021,R,,LAS,UTA,75,99,0.377,0.0,1,0.1421,0.4731
2021-06-30,2021,R,,PHX,MIN,76,82,0.5602,0.0,0,0.3138,0.8214
2021-07-01,2021,R,,IND,ORL,80,86,0.2558,0.0,1,0.0655,0.2955
2021-07-02,2021,R,,DET,CHI,100,91,0.5342,1.0,1,0.217,0.627
2021-07-02,2021,R,,LAS,UTA,58,66,0.3366,0.0,1,0.1133,0.4104
2021-07-02,2021,R,,SEA,ATL,91,88,0.9003,1.0,1,0.0099,0.105
2021-07-03,2021,R,,IND,ORL,73,67,0.212,1.0,0,0.6209,1.5509
2021-07-03,2021,R,,NYL,WAS,82,79,0.5551,1.0,1,0.1979,0.5886
2021-07-03,2021,R,,PHX,MIN,68,99,0.5647,0.0,0,0.3189,0.8318
2021-07-04,2021,R,,LAS,SEA,74,84,0.2905,0.0,1,0.0844,0.3431
2021-07-04,2021,R,,UTA,ATL,118,95,0.8717,1.0,1,0.0165,0.1373
2021-07-05,2021,R,,NYL,DET,99,96,0.463,1.0,0,0.2884,0.77
2021-07-07,2021,R,,UTA,PHX,90,99,0.8265,0.0,0,0.6831,1.7515
2021-07-07,2021,R,,MIN,DET,85,79,0.7209,1.0,1,0.0779,0.3273
2021-07-07,2021,R,,SEA,LAS,71,62,0.8751,1.0,1,0.0156,0.1334
2021-07-09,2021,R,,ORL,ATL,84,72,0.8419,1.0,1,0.025,0.1721
2021-07-09,2021,R,,IND,NYL,82,69,0.4948,1.0,0,0.2552,0.7036
2021-07-09,2021,R,,UTA,MIN,67,77,0.721,0.0,0,0.5199,1.2767
2021-07-09,2021,R,,PHX,SEA,85,77,0.3252,1.0,0,0.4554,1.1234
2021-07-10,2021,R,,CHI,WAS,85,89,0.7601,0.0,0,0.5777,1.4274
2021-07-11,2021,R,,ATL,IND,68,79,0.7068,0.0,0,0.4996,1.2271
2021-07-11,2021,R,,DET,UTA,79,95,0.4903,0.0,1,0.2404,0.674
2021-07-11,2021,R,,LAS,MIN,61,86,0.4444,0.0,1,0.1975,0.5878
2021-07-11,2021,R,,NYL,ORL,54,71,0.3645,0.0,1,0.1328,0.4533
2021-07-11,2021,R,,SEA,PHX,82,75,0.819,1.0,1,0.0328,0.1997
2021-08-15,2021,R,,CHI,SEA,87,85,0.4424,1.0,0,0.3109,0.8155
2021-08-15,2021,R,,DET,ORL,59,80,0.4368,0.0,1,0.1908,0.5742
2021-08-15,2021,R,,LAS,IND,75,70,0.6941,1.0,1,0.0936,0.3651
2021-08-15,2021,R,,UTA,WAS,84,83,0.8012,1.0,1,0.0395,0.2217
2021-08-15,2021,R,,MIN,NYL,88,78,0.8336,1.0,1,0.0277,0.182
2021-08-15,2021,R,,PHX,ATL,92,81,0.756,1.0,1,0.0595,0.2797
2021-08-17,2021,R,,CHI,DET,76,80,0.7192,0.0,0,0.5172,1.27
2021-08-17,2021,R,,ORL,MIN,72,60,0.6477,1.0,1,0.1241,0.4343
2021-08-17,2021,R,,LAS,ATL,85,80,0.6796,1.0,1,0.1026,0.3862
2021-08-17,2021,R,,UTA,WAS,93,83,0.8208,1.0,1,0.0321,0.1975
2021-08-17,2021,R,,PHX,IND,84,80,0.7961,1.0,1,0.0416,0.2281
2021-08-18,2021,R,,NYL,SEA,83,79,0.259,1.0,0,0.5491,1.351
2021-08-19,2021,R,,ORL,MIN,82,71,0.6773,1.0,1,0.1041,0.3897
2021-08-19,2021,R,,LAS,ATL,66,64,0.6962,1.0,1,0.0923,0.3621
2021-08-19,2021,R,,PHX,WAS,77,64,0.6765,1.0,1,0.1047,0.3908
2021-08-20,2021,R,,DET,IND,81,83,0.7848,0.0,0,0.6159,1.536
2021-08-20,2021,R,,NYL,SEA,83,99,0.2904,0.0,1,0.0843,0.343
2021-08-21,2021,R,,ATL,PHX,69,84,0.4007,0.0,1,0.1606,0.512
2021-08-21,2021,R,,CHI,MIN,95,101,0.5875,0.0,0,0.3451,0.8854
2021-08-22,2021,R,,NYL,LAS,83,86,0.5639,0.0,0,0.3179,0.8298
2021-08-22,2021,R,,WAS,SEA,78,85,0.3377,0.0,1,0.1141,0.4121
2021-08-24,2021,R,,ATL,CHI,79,86,0.3778,0.0,1,0.1427,0.4745
2021-08-24,2021,R,,ORL,UTA,76,62,0.5775,1.0,1,0.1785,0.549
2021-08-24,2021,R,,MIN,SEA,76,70,0.5401,1.0,1,0.2115,0.6159
2021-08-24,2021,R,,WAS,LAS,78,68,0.6154,1.0,1,0.1479,0.4855
2021-08-25,2021,R,,NYL,PHX,79,106,0.411,0.0,1,0.1689,0.5293
2021-08-26,2021,R,,ATL,UTA,71,78,0.228,0.0,1,0.052,0.2587
2021-08-26,2021,R,,ORL,LAS,76,72,0.8625,1.0,1,0.0189,0.148
2021-08-26,2021,R,,WAS,DET,77,82,0.55,0.0,0,0.3025,0.7986
2021-08-27,2021,R,,NYL,PHX,64,80,0.3838,0.0,1,0.1473,0.4842
2021-08-27,2021,R,,SEA,CHI,69,73,0.7796,0.0,0,0.6077,1.5122
2021-08-28,2021,R,,ORL,LAS,76,61,0.866,1.0,1,0.018,0.1439
2021-08-28,2021,R,,IND,UTA,71,87,0.2767,0.0,1,0.0766,0.324
2021-08-28,2021,R,,WAS,DET,76,75,0.5585,1.0,1,0.1949,0.5824
2021-08-29,2021,R,,SEA,CHI,75,107,0.7469,0.0,0,0.5578,1.3739
2021-08-31,2021,R,,IND,LAS,74,72,0.5102,1.0,1,0.2399,0.6729
2021-08-31,2021,R,,MIN,NYL,74,66,0.8893,1.0,1,0.0123,0.1173
2021-08-31,2021,R,,PHX,CHI,103,83,0.6334,1.0,1,0.1344,0.4566
2021-08-31,2021,R,,WAS,ORL,75,85,0.3065,0.0,1,0.0939,0.366
2021-09-02,2021,R,,DET,ATL,72,68,0.7531,1.0,1,0.0609,0.2835
2021-09-02,2021,R,,UTA,CHI,90,83,0.7596,1.0,1,0.0578,0.2749
2021-09-02,2021,R,,MIN,LAS,66,57,0.8359,1.0,1,0.0269,0.1792
2021-09-02,2021,R,,SEA,NYL,85,75,0.8899,1.0,1,0.0121,0.1167
2021-09-04,2021,R,,IND,PHX,65,87,0.319,0.0,1,0.1018,0.3842
2021-09-04,2021,R,,MIN,WAS,93,75,0.7914,1.0,1,0.0435,0.234
2021-09-05,2021,R,,CHI,UTA,92,84,0.483,1.0,0,0.2673,0.7278
2021-09-05,2021,R,,DET,ATL,64,69,0.7952,0.0,0,0.6323,1.5857
2021-09-06,2021,R,,IND,PHX,81,86,0.2904,0.0,1,0.0843,0.3431
2021-09-07,2021,R,,DET,ORL,56,83,0.2784,0.0,1,0.0775,0.3263
2021-09-07,2021,R,,SEA,WAS,105,71,0.847,1.0,1,0.0234,0.1661
2021-09-08,2021,R,,ATL,PHX,75,76,0.3031,0.0,1,0.0919,0.3611
2021-09-08,2021,R,,UTA,MIN,102,81,0.6161,1.0,1,0.1474,0.4844
2021-09-09,2021,R,,LAS,ORL,57,75,0.2797,0.0,1,0.0782,0.3281
2021-09-10,2021,R,,MIN,IND,89,72,0.865,1.0,1,0.0182,0.145
2021-09-10,2021,R,,WAS,ATL,82,74,0.7425,1.0,1,0.0663,0.2977
2021-09-11,2021,R,,DET,NYL,77,76,0.6952,1.0,1,0.0929,0.3635
2021-09-11,2021,R,,PHX,ORL,67,76,0.4905,0.0,1,0.2406,0.6743
2021-09-12,2021,R,,CHI,WAS,71,79,0.8131,0.0,0,0.6611,1.677
2021-09-12,2021,R,,LAS,SEA,81,53,0.2783,1.0,0,0.5209,1.2792
2021-09-12,2021,R,,MIN,IND,90,80,0.8899,1.0,1,0.0121,0.1166
2021-09-13,2021,R,,UTA,DET,85,75,0.8598,1.0,1,0.0196,0.151
2021-09-14,2021,R,,ATL,IND,85,78,0.6635,1.0,1,0.1133,0.4103
2021-09-15,2021,R,,ORL,NYL,98,69,0.9273,1.0,1,0.0053,0.0755
2021-09-16,2021,R,,ATL,LAS,68,74,0.4463,0.0,1,0.1992,0.5912
2021-09-17,2021,R,,CHI,UTA,70,103,0.487,0.0,1,0.2372,0.6675
2021-09-17,2021,R,,IND,MIN,73,92,0.1995,0.0,1,0.0398,0.2225
2021-09-17,2021,R,,NYL,WAS,91,80,0.4332,1.0,0,0.3213,0.8366
2021-09-17,2021,R,,SEA,PHX,94,85,0.6098,1.0,1,0.1522,0.4946
2021-09-19,2021,R,,CHI,IND,98,87,0.8447,1.0,1,0.0241,0.1688
2021-09-19,2021,R,,ORL,ATL,84,64,0.942,1.0,1,0.0034,0.0598
2021-09-19,2021,R,,DET,LAS,87,84,0.6743,1.0,1,0.1061,0.3941
2021-09-19,2021,R,,PHX,UTA,83,84,0.458,0.0,1,0.2098,0.6126
2021-09-19,2021,R,,WAS,MIN,77,83,0.3548,0.0,1,0.1259,0.4383
2021-09-23,2021,R,,CHI,DET,81,64,0.7097,1.0,1,0.0843,0.3429
2021-09-23,2021,R,,PHX,NYL,83,82,0.8041,1.0,1,0.0384,0.2181
2021-09-26,2021,R,,MIN,CHI,76,89,0.7652,0.0,0,0.5855,1.4489
2021-09-26,2021,R,,SEA,PHX,80,85,0.7062,0.0,0,0.4987,1.2247
2021-09-28,2021,R,,ORL,CHI,95,101,0.8247,0.0,0,0.6802,1.7415
2021-09-28,2021,R,,UTA,PHX,96,90,0.7863,1.0,1,0.0457,0.2404
2021-09-30,2021,R,,ORL,CHI,79,68,0.7642,1.0,1,0.0556,0.2689
2021-09-30,2021,R,,UTA,PHX,91,117,0.764,0.0,0,0.5837,1.444
2021-10-03,2021,R,,CHI,ORL,86,83,0.4291,1.0,0,0.3259,0.8461
2021-10-03,2021,R,,PHX,UTA,87,60,0.5405,1.0,1,0.2112,0.6153
2021-10-06,2021,R,,CHI,ORL,79,69,0.459,1.0,0,0.2927,0.7787
2021-10-06,2021,R,,PHX,UTA,76,93,0.5987,0.0,0,0.3585,0.9131
2021-10-08,2021,R,,UTA,PHX,84,87,0.6947,0.0,0,0.4827,1.1866
2021-10-10,2021,R,,PHX,CHI,77,91,0.6007,0.0,0,0.3608,0.918
2021-10-13,2021,R,,PHX,CHI,91,86,0.589,1.0,1,0.1689,0.5293
2021-10-15,2021,R,,CHI,PHX,86,50,0.6248,1.0,1,0.1408,0.4703
2021-10-17,2021,R,,CHI,PHX,80,74,0.6775,1.0,1,0.104,0.3893
2022-05-06,2022,R,,CHI,LAS,91,98,0.7446,0.0,0,0.5544,1.3649
2022-05-06,2022,R,,PHX,UTA,88,106,0.5691,0.0,0,0.3239,0.8419
2022-05-06,2022,R,,SEA,MIN,97,74,0.6052,1.0,1,0.1558,0.5021
2022-05-06,2022,R,,WAS,IND,84,70,0.693,1.0,1,0.0943,0.3668
2022-05-07,2022,R,,DET,ATL,59,66,0.6954,0.0,0,0.4836,1.1887
2022-05-07,2022,R,,NYL,ORL,81,79,0.3944,1.0,0,0.3667,0.9303
2022-05-08,2022,R,,IND,LAS,77,87,0.4915,0.0,1,0.2416,0.6763
2022-05-08,2022,R,,UTA,SEA,85,74,0.6668,1.0,1,0.111,0.4053
2022-05-08,2022,R,,MIN,WAS,66,78,0.6968,0.0,0,0.4855,1.1933
2022-05-10,2022,R,,IND,MIN,82,76,0.4322,1.0,0,0.3224,0.8388
2022-05-10,2022,R,,WAS,UTA,89,76,0.4602,1.0,0,0.2914,0.7761
2022-05-11,2022,R,,ATL,LAS,77,75,0.5487,1.0,1,0.2037,0.6003
2022-05-11,2022,R,,CHI,NYL,83,50,0.7686,1.0,1,0.0535,0.2632
2022-05-11,2022,R,,PHX,SEA,97,77,0.6155,1.0,1,0.1478,0.4853
2022-05-13,2022,R,,ATL,UTA,73,96,0.3855,0.0,1,0.1486,0.487
2022-05-13,2022,R,,NYL,IND,86,92,0.6477,0.0,0,0.4195,1.0432
2022-05-13,2022,R,,WAS,DET,86,94,0.6545,0.0,0,0.4283,1.0627
2022-05-14,2022,R,,ORL,LAS,77,60,0.7654,1.0,1,0.055,0.2674
2022-05-14,2022,R,,MIN,CHI,78,82,0.549,0.0,0,0.3015,0.7964
2022-05-14,2022,R,,SEA,PHX,64,69,0.6209,0.0,0,0.3856,0.9701
2022-05-15,2022,R,,IND,ATL,79,85,0.5948,0.0,0,0.3538,0.9035
2022-05-15,2022,R,,NYL,DET,71,81,0.5384,0.0,0,0.2898,0.773
2022-05-17,2022,R,,DET,WAS,68,84,0.5659,0.0,0,0.3202,0.8345
2022-05-17,2022,R,,IND,ATL,79,101,0.5512,0.0,0,0.3038,0.8011
2022-05-17,2022,R,,LAS,MIN,84,87,0.6134,0.0,0,0.3762,0.9503
2022-05-17,2022,R,,UTA,PHX,86,74,0.7138,1.0,1,0.0819,0.3371
2022-05-17,2022,R,,NYL,ORL,65,92,0.3328,0.0,1,0.1108,0.4047
2022-05-18,2022,R,,SEA,CHI,74,71,0.5384,1.0,1,0.2131,0.6192
2022-05-19,2022,R,,UTA,MIN,93,87,0.7609,1.0,1,0.0572,0.2733
2022-05-19,2022,R,,PHX,DET,84,94,0.7087,0.0,0,0.5022,1.2333
2022-05-20,2022,R,,ATL,WAS,73,78,0.5451,0.0,0,0.2972,0.7877
2022-05-20,2022,R,,ORL,IND,94,85,0.8619,1.0,1,0.0191,0.1486
2022-05-20,2022,R,,SEA,LAS,83,80,0.676,1.0,1,0.105,0.3915
2022-05-21,2022,R,,DET,MIN,94,78,0.6134,1.0,1,0.1494,0.4887
2022-05-21,2022,R,,UTA,PHX,100,80,0.7476,1.0,1,0.0637,0.291
2022-05-22,2022,R,,IND,ORL,70,92,0.288,0.0,1,0.083,0.3397
2022-05-22,2022,R,,WAS,CHI,73,82,0.5241,0.0,0,0.2746,0.7425
2022-05-23,2022,R,,UTA,LAS,104,76,0.7975,1.0,1,0.041,0.2263
2022-05-24,2022,R,,CHI,IND,95,90,0.857,1.0,1,0.0205,0.1544
2022-05-24,2022,R,,ORL,DET,77,85,0.7395,0.0,0,0.5469,1.3452
2022-05-24,2022,R,,MIN,NYL,84,78,0.697,1.0,1,0.0918,0.361
2022-05-24,2022,R,,WAS,ATL,70,50,0.6598,1.0,1,0.1157,0.4158
2022-05-25,2022,R,,LAS,PHX,99,94,0.4964,1.0,0,0.2536,0.7004
2022-05-26,2022,R,,ORL,DET,99,68,0.7128,1.0,1,0.0825,0.3386
2022-05-27,2022,R,,IND,LAS,101,96,0.4816,1.0,0,0.2688,0.7307
2022-05-27,2022,R,,SEA,NYL,79,71,0.8278,1.0,1,0.0296,0.1889
2022-05-28,2022,R,,CHI,UTA,76,83,0.5172,0.0,0,0.2675,0.7282
2022-05-28,2022,R,,ORL,WAS,79,71,0.6852,1.0,1,0.0991,0.3781
2022-05-29,2022,R,,ATL,PHX,81,54,0.5619,1.0,1,0.1919,0.5764
2022-05-29,2022,R,,MIN,LAS,83,85,0.7019,0.0,0,0.4926,1.2102
2022-05-29,2022,R,,SEA,NYL,92,61,0.8072,1.0,1,0.0372,0.2141
2022-05-31,2022,R,,CHI,PHX,73,70,0.7563,1.0,1,0.0594,0.2793
2022-05-31,2022,R,,IND,WAS,75,87,0.4183,0.0,1,0.1749,0.5417
2022-05-31,2022,R,,LAS,DET,93,91,0.5129,1.0,1,0.2373,0.6677
2022-05-31,2022,R,,UTA,ORL,89,81,0.6629,1.0,1,0.1137,0.4112
2022-06-01,2022,R,,ATL,MIN,84,76,0.6012,1.0,1,0.159,0.5088
2022-06-01,2022,R,,NYL,IND,87,74,0.6789,1.0,1,0.1031,0.3873
2022-06-02,2022,R,,UTA,ORL,90,97,0.6869,0.0,0,0.4718,1.1611
2022-06-03,2022,R,,ATL,CHI,65,73,0.4466,0.0,1,0.1995,0.5917
2022-06-03,2022,R,,PHX,ORL,88,92,0.4367,0.0,1,0.1907,0.574
2022-06-03,2022,R,,SEA,DET,51,68,0.7197,0.0,0,0.518,1.2719
2022-06-03,2022,R,,WAS,NYL,70,74,0.8146,0.0,0,0.6636,1.6854
2022-06-05,2022,R,,ATL,IND,75,66,0.728,1.0,1,0.074,0.3175
2022-06-05,2022,R,,CHI,WAS,91,82,0.7095,1.0,1,0.0844,0.3431
2022-06-05,2022,R,,UTA,DET,84,78,0.7784,1.0,1,0.0491,0.2506
2022-06-05,2022,R,,NYL,MIN,77,84,0.4775,0.0,1,0.2281,0.6492
2022-06-05,2022,R,,PHX,LAS,81,74,0.5525,1.0,1,0.2002,0.5933
2022-06-05,2022,R,,SEA,ORL,86,93,0.4511,0.0,1,0.2035,0.5998
2022-06-07,2022,R,,NYL,MIN,88,69,0.4878,1.0,0,0.2624,0.7179
2022-06-07,2022,R,,SEA,ATL,72,60,0.6748,1.0,1,0.1057,0.3933
2022-06-08,2022,R,,ORL,IND,88,69,0.9098,1.0,1,0.0081,0.0946
2022-06-08,2022,R,,WAS,CHI,84,82,0.4947,1.0,0,0.2554,0.7039
2022-06-10,2022,R,,ORL,CHI,79,83,0.7034,0.0,0,0.4948,1.2154
2022-06-10,2022,R,,DET,SEA,88,89,0.6643,0.0,0,0.4413,1.0915
2022-06-10,2022,R,,IND,NYL,83,97,0.4959,0.0,1,0.2459,0.685
2022-06-10,2022,R,,MIN,WAS,59,76,0.5508,0.0,0,0.3034,0.8002
2022-06-10,2022,R,,PHX,ATL,90,88,0.6825,1.0,1,0.1008,0.382
2022-06-11,2022,R,,LAS,UTA,72,89,0.3555,0.0,1,0.1264,0.4393
2022-06-12,2022,R,,DET,SEA,79,84,0.589,0.0,0,0.347,0.8892
2022-06-12,2022,R,,MIN,IND,80,84,0.7639,0.0,0,0.5835,1.4435
2022-06-12,2022,R,,NYL,CHI,86,88,0.3586,0.0,1,0.1286,0.4442
2022-06-12,2022,R,,WAS,PHX,90,99,0.6955,0.0,0,0.4837,1.189
2022-06-14,2022,R,,MIN,SEA,79,81,0.435,0.0,1,0.1892,0.571
2022-06-14,2022,R,,WAS,PHX,83,65,0.6502,1.0,1,0.1224,0.4305
2022-06-15,2022,R,,ORL,ATL,105,92,0.8271,1.0,1,0.0299,0.1898
2022-06-15,2022,R,,DET,UTA,84,92,0.3611,0.0,1,0.1304,0.4481
2022-06-15,2022,R,,IND,PHX,80,93,0.4449,0.0,1,0.198,0.5887
2022-06-16,2022,R,,NYL,WAS,77,65,0.4896,1.0,0,0.2605,0.7142
2022-06-17,2022,R,,CHI,ATL,106,100,0.8337,1.0,1,0.0276,0.1819
2022-06-17,2022,R,,ORL,SEA,82,71,0.7116,1.0,1,0.0832,0.3403
2022-06-17,2022,R,,DET,PHX,93,88,0.6054,1.0,1,0.1557,0.5019
2022-06-19,2022,R,,DET,LAS,92,82,0.6361,1.0,1,0.1325,0.4525
2022-06-19,2022,R,,IND,CHI,89,87,0.2609,1.0,0,0.5463,1.3436
2022-06-19,2022,R,,UTA,MIN,96,95,0.8708,1.0,1,0.0167,0.1383
2022-06-19,2022,R,,NYL,SEA,72,81,0.4735,0.0,1,0.2242,0.6414
2022-06-19,2022,R,,WAS,ORL,71,63,0.4533,1.0,0,0.2989,0.7912
2022-06-21,2022,R,,ATL,DET,80,75,0.5705,1.0,1,0.1844,0.5612
2022-06-21,2022,R,,LAS,WAS,84,82,0.4883,1.0,0,0.2619,0.7169
2022-06-21,2022,R,,UTA,CHI,95,104,0.7131,0.0,0,0.5085,1.2486
2022-06-21,2022,R,,PHX,MIN,71,84,0.7557,0.0,0,0.5711,1.4094
2022-06-22,2022,R,,ORL,NYL,77,81,0.8545,0.0,0,0.7302,1.9277
2022-06-23,2022,R,,DET,IND,94,68,0.7832,1.0,1,0.047,0.2444
2022-06-23,2022,R,,LAS,CHI,59,82,0.3786,0.0,1,0.1433,0.4758
2022-06-23,2022,R,,MIN,PHX,100,88,0.5756,1.0,1,0.1801,0.5523
2022-06-23,2022,R,,SEA,WAS,85,71,0.7039,1.0,1,0.0877,0.3511
2022-06-24,2022,R,,ATL,NYL,77,89,0.6669,0.0,0,0.4447,1.0993
2022-06-25,2022,R,,DET,PHX,72,83,0.6937,0.0,0,0.4812,1.1831
2022-06-25,2022,R,,UTA,WAS,86,87,0.8144,0.0,0,0.6632,1.6841
2022-06-25,2022,R,,SEA,LAS,77,85,0.7774,0.0,0,0.6043,1.5024
2022-06-26,2022,R,,ATL,ORL,61,72,0.3087,0.0,1,0.0953,0.3692
2022-06-26,2022,R,,CHI,MIN,88,85,0.8286,1.0,1,0.0294,0.188
2022-06-27,2022,R,,LAS,UTA,73,79,0.3554,0.0,1,0.1263,0.4392
2022-06-27,2022,R,,PHX,IND,83,71,0.7645,1.0,1,0.0554,0.2685
2022-06-28,2022,R,,MIN,DET,92,64,0.5356,1.0,1,0.2157,0.6244
2022-06-28,2022,R,,WAS,ATL,92,74,0.7646,1.0,1,0.0554,0.2684
2022-06-29,2022,R,,CHI,ORL,91,83,0.6305,1.0,1,0.1365,0.4612
2022-06-29,2022,R,,PHX,IND,99,78,0.8088,1.0,1,0.0366,0.2122
2022-06-29,2022,R,,SEA,UTA,88,78,0.5202,1.0,1,0.2302,0.6535
2022-06-30,2022,R,,NYL,ATL,81,92,0.7112,0.0,0,0.5058,1.242
2022-07-01,2022,R,,DET,LAS,89,97,0.6188,0.0,0,0.3829,0.9643
2022-07-01,2022,R,,MIN,UTA,85,91,0.3976,0.0,1,0.1581,0.5068
2022-07-01,2022,R,,SEA,IND,73,57,0.8779,1.0,1,0.0149,0.1302
2022-07-02,2022,R,,CHI,PHX,91,75,0.807,1.0,1,0.0373,0.2144
2022-07-03,2022,R,,ATL,SEA,90,76,0.4507,1.0,0,0.3017,0.7969
2022-07-03,2022,R,,ORL,WAS,74,72,0.7076,1.0,1,0.0855,0.3459
2022-07-03,2022,R,,LAS,NYL,84,74,0.6403,1.0,1,0.1294,0.4458
2022-07-03,2022,R,,MIN,UTA,102,71,0.352,1.0,0,0.4199,1.0441
2022-07-04,2022,R,,LAS,PHX,78,75,0.5931,1.0,1,0.1656,0.5224
2022-07-05,2022,R,,DET,ORL,82,71,0.4119,1.0,0,0.3459,0.8871
2022-07-05,2022,R,,IND,SEA,73,95,0.3177,0.0,1,0.1009,0.3823
2022-07-06,2022,R,,ATL,WAS,66,85,0.5061,0.0,0,0.2562,0.7055
2022-07-06,2022,R,,UTA,NYL,107,116,0.8328,0.0,0,0.6936,1.7888
2022-07-06,2022,R,,MIN,CHI,81,78,0.3567,1.0,0,0.4139,1.031
2022-07-07,2022,R,,IND,CHI,84,93,0.1871,0.0,1,0.035,0.2071
2022-07-07,2022,R,,LAS,SEA,69,106,0.5345,0.0,0,0.2857,0.7646
2022-07-07,2022,R,,PHX,NYL,84,81,0.6945,1.0,1,0.0933,0.3646
2022-07-12,2022,R,,CHI,ATL,90,75,0.8382,1.0,1,0.0262,0.1765
2022-07-12,2022,R,,LAS,WAS,81,94,0.4642,0.0,1,0.2155,0.624
2022-07-12,2022,R,,MIN,PHX,118,107,0.6674,1.0,1,0.1106,0.4044
2022-07-12,2022,R,,NYL,UTA,101,107,0.372,0.0,1,0.1384,0.4653
2022-07-12,2022,R,,SEA,DET,83,74,0.736,1.0,1,0.0697,0.3065
2022-07-13,2022,R,,IND,ORL,81,89,0.1731,0.0,1,0.03,0.19
2022-07-14,2022,R,,LAS,CHI,68,80,0.3236,0.0,1,0.1047,0.391
2022-07-14,2022,R,,MIN,DET,87,92,0.6845,0.0,0,0.4686,1.1537
2022-07-14,2022,R,,NYL,UTA,74,108,0.371,0.0,1,0.1377,0.4637
2022-07-14,2022,R,,PHX,WAS,80,75,0.4819,1.0,0,0.2684,0.73
2022-07-15,2022,R,,ATL,ORL,68,93,0.3779,0.0,1,0.1428,0.4746
2022-07-15,2022,R,,IND,MIN,77,87,0.3466,0.0,1,0.1201,0.4255
2022-07-16,2022,R,,DET,CHI,81,89,0.3514,0.0,1,0.1235,0.4329
2022-07-17,2022,R,,ORL,UTA,83,91,0.6039,0.0,0,0.3647,0.9262
2022-07-17,2022,R,,PHX,ATL,75,85,0.7247,0.0,0,0.5252,1.2899
2022-07-17,2022,R,,SEA,IND,81,65,0.9266,1.0,1,0.0054,0.0762
2022-07-17,2022,R,,WAS,MIN,70,57,0.706,1.0,1,0.0865,0.3482
2022-07-19,2022,R,,ORL,NYL,82,63,0.8095,1.0,1,0.0363,0.2114
2022-07-19,2022,R,,LAS,IND,86,79,0.8325,1.0,1,0.0281,0.1834
2022-07-19,2022,R,,UTA,ATL,76,92,0.8427,0.0,0,0.7102,1.8497
2022-07-20,2022,R,,CHI,SEA,78,74,0.7296,1.0,1,0.0731,0.3153
2022-07-21,2022,R,,LAS,ATL,85,78,0.5882,1.0,1,0.1695,0.5306
2022-07-21,2022,R,,UTA,IND,90,77,0.9225,1.0,1,0.006,0.0806
2022-07-21,2022,R,,WAS,NYL,78,69,0.8281,1.0,1,0.0295,0.1886
2022-07-22,2022,R,,CHI,DET,89,83,0.8215,1.0,1,0.0319,0.1966
2022-07-22,2022,R,,MIN,ORL,84,94,0.4846,0.0,1,0.2349,0.6629
2022-07-22,2022,R,,PHX,SEA,94,78,0.4725,1.0,0,0.2783,0.7497
2022-07-23,2022,R,,UTA,LAS,84,66,0.8094,1.0,1,0.0363,0.2114
2022-07-23,2022,R,,NYL,CHI,83,80,0.2615,1.0,0,0.5454,1.3413
2022-07-24,2022,R,,IND,DET,86,96,0.3654,0.0,1,0.1335,0.4548
2022-07-24,2022,R,,MIN,ORL,79,86,0.4015,0.0,1,0.1612,0.5133
2022-07-24,2022,R,,SEA,ATL,82,72,0.7552,1.0,1,0.0599,0.2808
2022-07-28,2022,R,,ATL,MIN,85,92,0.5813,0.0,0,0.3379,0.8706
2022-07-28,2022,R,,ORL,SEA,88,83,0.6938,1.0,1,0.0938,0.3656
2022-07-28,2022,R,,DET,WAS,77,87,0.4356,0.0,1,0.1898,0.572
2022-07-28,2022,R,,PHX,LAS,90,80,0.685,1.0,1,0.0992,0.3784
2022-07-29,2022,R,,CHI,NYL,89,81,0.8758,1.0,1,0.0154,0.1326
2022-07-29,2022,R,,IND,UTA,72,93,0.1521,0.0,1,0.0231,0.165
2022-07-30,2022,R,,ATL,DET,68,81,0.5752,0.0,0,0.3309,0.8563
2022-07-30,2022,R,,WAS,SEA,77,82,0.6233,0.0,0,0.3885,0.9763
2022-07-31,2022,R,,ORL,CHI,92,95,0.6077,0.0,0,0.3692,0.9356
2022-07-31,2022,R,,IND,UTA,69,94,0.1567,0.0,1,0.0246,0.1705
2022-07-31,2022,R,,LAS,MIN,77,84,0.5464,0.0,0,0.2985,0.7905
2022-07-31,2022,R,,NYL,PHX,89,69,0.4903,1.0,0,0.2598,0.7128
2022-07-31,2022,R,,WAS,SEA,78,75,0.5827,1.0,1,0.1741,0.5401
2022-08-02,2022,R,,CHI,DET,78,84,0.8289,0.0,0,0.6871,1.7656
2022-08-02,2022,R,,ORL,PHX,87,63,0.8126,1.0,1,0.0351,0.2075
2022-08-02,2022,R,,NYL,LAS,102,73,0.6353,1.0,1,0.133,0.4537
2022-08-02,2022,R,,WAS,UTA,83,73,0.5359,1.0,1,0.2154,0.6239
2022-08-03,2022,R,,ATL,IND,91,81,0.8195,1.0,1,0.0326,0.1991
2022-08-03,2022,R,,NYL,LAS,64,61,0.6814,1.0,1,0.1015,0.3835
2022-08-03,2022,R,,SEA,MIN,89,77,0.7253,1.0,1,0.0755,0.3212
2022-08-04,2022,R,,ORL,PHX,77,64,0.8252,1.0,1,0.0306,0.1921
2022-08-04,2022,R,,DET,UTA,82,80,0.4425,1.0,0,0.3108,0.8153
2022-08-05,2022,R,,ATL,LAS,88,86,0.6434,1.0,1,0.1272,0.441
2022-08-05,2022,R,,CHI,WAS,93,83,0.7186,1.0,1,0.0792,0.3305
2022-08-06,2022,R,,DET,IND,95,91,0.8713,1.0,1,0.0166,0.1378
2022-08-06,2022,R,,PHX,NYL,76,62,0.5948,1.0,1,0.1642,0.5196
2022-08-07,2022,R,,CHI,ORL,94,91,0.6294,1.0,1,0.1373,0.4629
2022-08-07,2022,R,,MIN,ATL,81,71,0.7448,1.0,1,0.0651,0.2947
2022-08-07,2022,R,,SEA,UTA,81,89,0.615,0.0,0,0.3782,0.9545
2022-08-07,2022,R,,WAS,LAS,76,79,0.8298,0.0,0,0.6886,1.7708
2022-08-08,2022,R,,DET,NYL,86,77,0.703,1.0,1,0.0882,0.3523
2022-08-09,2022,R,,CHI,SEA,100,111,0.7501,0.0,0,0.5626,1.3865
2022-08-09,2022,R,,LAS,ORL,71,97,0.2899,0.0,1,0.084,0.3423
2022-08-09,2022,R,,UTA,ATL,97,90,0.8475,1.0,1,0.0233,0.1655
2022-08-10,2022,R,,DET,NYL,73,91,0.7222,0.0,0,0.5216,1.2808
2022-08-10,2022,R,,PHX,MIN,77,86,0.6007,0.0,0,0.3609,0.9181
2022-08-11,2022,R,,LAS,ORL,69,93,0.264,0.0,1,0.0697,0.3066
2022-08-11,2022,R,,UTA,CHI,89,78,0.5771,1.0,1,0.1788,0.5497
2022-08-12,2022,R,,ATL,NYL,70,80,0.5711,0.0,0,0.3262,0.8466
2022-08-12,2022,R,,IND,WAS,70,82,0.2142,0.0,1,0.0459,0.2411
2022-08-12,2022,R,,MIN,SEA,69,96,0.48,0.0,1,0.2304,0.6538
2022-08-12,2022,R,,PHX,DET,86,74,0.5661,1.0,1,0.1883,0.5689
2022-08-14,2022,R,,ORL,MIN,90,83,0.8258,1.0,1,0.0303,0.1914
2022-08-14,2022,R,,LAS,DET,88,116,0.5093,0.0,0,0.2594,0.7119
2022-08-14,2022,R,,UTA,SEA,109,100,0.6733,1.0,1,0.1067,0.3956
2022-08-14,2022,R,,NYL,ATL,87,83,0.7235,1.0,1,0.0765,0.3237
2022-08-14,2022,R,,PHX,CHI,67,82,0.3412,0.0,1,0.1164,0.4174
2022-08-14,2022,R,,WAS,IND,95,83,0.9184,1.0,1,0.0067,0.0851
2022-08-17,2022,P,1.0,CHI,NYL,91,98,0.8171,0.0,0,0.6677,1.6988
2022-08-17,2022,P,1.0,UTA,PHX,79,63,0.835,1.0,1,0.0272,0.1803
2022-08-18,2022,P,1.0,ORL,DET,93,68,0.8111,1.0,1,0.0357,0.2094
2022-08-18,2022,P,1.0,SEA,WAS,86,83,0.6662,1.0,1,0.1114,0.4061
2022-08-20,2022,P,1.0,CHI,NYL,100,62,0.7793,1.0,1,0.0487,0.2494
2022-08-20,2022,P,1.0,UTA,PHX,117,80,0.8438,1.0,1,0.0244,0.1698
2022-08-21,2022,P,1.0,ORL,DET,79,89,0.8252,0.0,0,0.6809,1.744
2022-08-21,2022,P,1.0,SEA,WAS,97,84,0.6846,1.0,1,0.0995,0.3789
2022-08-23,2022,P,1.0,NYL,CHI,72,90,0.3929,0.0,1,0.1544,0.4991
2022-08-24,2022,P,1.0,DET,ORL,58,73,0.4218,0.0,1,0.1779,0.5478
2022-08-28,2022,P,2.0,CHI,ORL,63,68,0.6365,0.0,0,0.4051,1.0119
2022-08-28,2022,P,2.0,UTA,SEA,73,76,0.6905,0.0,0,0.4767,1.1727
2022-08-31,2022,P,2.0,CHI,ORL,85,77,0.5657,1.0,1,0.1886,0.5698
2022-08-31,2022,P,2.0,UTA,SEA,78,73,0.6277,1.0,1,0.1386,0.4658
2022-09-04,2022,P,2.0,ORL,CHI,72,76,0.633,0.0,0,0.4007,1.0024
2022-09-04,2022,P,2.0,SEA,UTA,98,110,0.5808,0.0,0,0.3373,0.8694
2022-09-06,2022,P,2.0,ORL,CHI,104,80,0.5883,1.0,1,0.1695,0.5305
2022-09-06,2022,P,2.0,SEA,UTA,92,97,0.5253,0.0,0,0.2759,0.745
2022-09-08,2022,P,2.0,CHI,ORL,63,72,0.5905,0.0,0,0.3487,0.8928
2022-09-11,2022,P,3.0,UTA,ORL,67,64,0.6582,1.0,1,0.1168,0.4182
2022-09-13,2022,P,3.0,UTA,ORL,85,71,0.6406,1.0,1,0.1292,0.4454
2022-09-15,2022,P,3.0,ORL,UTA,105,76,0.5506,1.0,1,0.202,0.5967
2022-09-18,2022,P,3.0,ORL,UTA,71,78,0.628,0.0,0,0.3944,0.9889
2023-05-19,2023,R,,IND,ORL,61,70,0.3106,0.0,1,0.0965,0.372
2023-05-19,2023,R,,LAS,PHX,94,71,0.5621,1.0,1,0.1918,0.5761
2023-05-19,2023,R,,MIN,CHI,66,77,0.5154,0.0,0,0.2656,0.7243
2023-05-19,2023,R,,WAS,NYL,80,64,0.6702,1.0,1,0.1087,0.4001
2023-05-20,2023,R,,DET,ATL,85,78,0.6909,1.0,1,0.0955,0.3698
2023-05-20,2023,R,,SEA,UTA,64,105,0.5394,0.0,0,0.2909,0.7751
2023-05-21,2023,R,,ORL,WAS,80,74,0.6922,1.0,1,0.0947,0.3679
2023-05-21,2023,R,,NYL,IND,90,73,0.7613,1.0,1,0.057,0.2727
2023-05-21,2023,R,,PHX,CHI,69,75,0.4293,0.0,1,0.1843,0.5609
2023-05-23,2023,R,,MIN,ATL,77,83,0.6949,0.0,0,0.4828,1.187
2023-05-23,2023,R,,WAS,ORL,81,88,0.5166,0.0,0,0.2669,0.727
2023-05-25,2023,R,,LAS,UTA,85,94,0.3745,0.0,1,0.1403,0.4693
2023-05-25,2023,R,,PHX,MIN,90,81,0.6345,1.0,1,0.1336,0.4549
2023-05-26,2023,R,,CHI,WAS,69,71,0.7516,0.0,0,0.5649,1.3927
2023-05-26,2023,R,,SEA,DET,91,95,0.6314,0.0,0,0.3987,0.9982
2023-05-27,2023,R,,UTA,LAS,93,65,0.8438,1.0,1,0.0244,0.1699
2023-05-27,2023,R,,NYL,ORL,81,65,0.4744,1.0,0,0.2762,0.7456
2023-05-28,2023,R,,ATL,IND,87,90,0.7109,0.0,0,0.5054,1.2411
2023-05-28,2023,R,,CHI,DET,94,88,0.6932,1.0,1,0.0941,0.3665
2023-05-28,2023,R,,UTA,MIN,94,73,0.8152,1.0,1,0.0341,0.2043
2023-05-30,2023,R,,ATL,CHI,83,65,0.4076,1.0,0,0.3509,0.8974
2023-05-30,2023,R,,ORL,IND,81,78,0.8737,1.0,1,0.0159,0.135
2023-05-30,2023,R,,DET,MIN,94,89,0.7108,1.0,1,0.0836,0.3414
2023-05-30,2023,R,,SEA,NYL,78,86,0.6401,0.0,0,0.4098,1.022
2023-06-01,2023,R,,MIN,ORL,84,89,0.3843,0.0,1,0.1477,0.485
2023-06-02,2023,R,,ATL,UTA,87,92,0.2969,0.0,1,0.0882,0.3523
2023-06-02,2023,R,,CHI,NYL,76,77,0.6775,0.0,0,0.459,1.1317
2023-06-02,2023,R,,PHX,LAS,93,99,0.6846,0.0,0,0.4687,1.1539
2023-06-02,2023,R,,WAS,DET,75,74,0.6748,1.0,1,0.1058,0.3934
2023-06-03,2023,R,,LAS,SEA,92,85,0.5246,1.0,1,0.226,0.6451
2023-06-03,2023,R,,WAS,MIN,78,80,0.7369,0.0,0,0.5431,1.3354
2023-06-04,2023,R,,ORL,DET,80,74,0.7538,1.0,1,0.0606,0.2827
2023-06-04,2023,R,,IND,UTA,80,84,0.249,0.0,1,0.062,0.2863
2023-06-04,2023,R,,NYL,CHI,82,86,0.5897,0.0,0,0.3477,0.8909
2023-06-06,2023,R,,CHI,IND,108,103,0.8456,1.0,1,0.0238,0.1677
2023-06-06,2023,R,,ORL,UTA,84,90,0.5382,0.0,0,0.2897,0.7727
2023-06-06,2023,R,,SEA,LAS,66,63,0.6309,1.0,1,0.1362,0.4606
2023-06-07,2023,R,,DET,PHX,84,79,0.6741,1.0,1,0.1062,0.3943
2023-06-08,2023,R,,ORL,UTA,94,77,0.4994,1.0,0,0.2506,0.6943
2023-06-09,2023,R,,ATL,NYL,83,106,0.5724,0.0,0,0.3276,0.8496
2023-06-09,2023,R,,DET,PHX,90,77,0.7309,1.0,1,0.0724,0.3135
2023-06-09,2023,R,,LAS,CHI,77,62,0.4528,1.0,0,0.2995,0.7924
2023-06-09,2023,R,,MIN,IND,69,71,0.7634,0.0,0,0.5827,1.4413
2023-06-09,2023,R,,SEA,WAS,66,73,0.5088,0.0,0,0.2589,0.711
2023-06-11,2023,R,,ATL,ORL,77,89,0.3289,0.0,1,0.1082,0.3989
2023-06-11,2023,R,,IND,PHX,82,85,0.5472,0.0,0,0.2994,0.7922
2023-06-11,2023,R,,UTA,CHI,93,80,0.7765,1.0,1,0.05,0.253
2023-06-11,2023,R,,MIN,LAS,91,86,0.5546,1.0,1,0.1984,0.5896
2023-06-11,2023,R,,NYL,DET,102,93,0.6435,1.0,1,0.1271,0.4408
2023-06-11,2023,R,,SEA,WAS,65,71,0.5157,0.0,0,0.266,0.7251
2023-06-13,2023,R,,IND,WAS,87,66,0.3458,1.0,0,0.428,1.062
2023-06-13,2023,R,,NYL,ATL,79,86,0.7799,0.0,0,0.6083,1.5139
2023-06-13,2023,R,,PHX,SEA,69,83,0.588,0.0,0,0.3458,0.8868
2023-06-14,2023,R,,DET,LAS,61,79,0.6882,0.0,0,0.4737,1.1655
2023-06-15,2023,R,,CHI,IND,90,92,0.8335,0.0,0,0.6947,1.7926
2023-06-15,2023,R,,ORL,ATL,88,92,0.8547,0.0,0,0.7305,1.9289
2023-06-15,2023,R,,UTA,SEA,96,63,0.8618,1.0,1,0.0191,0.1487
2023-06-16,2023,R,,LAS,MIN,72,77,0.6448,0.0,0,0.4157,1.035
2023-06-16,2023,R,,WAS,PHX,88,69,0.761,1.0,1,0.0571,0.2732
2023-06-17,2023,R,,DET,SEA,103,109,0.6683,0.0,0,0.4466,1.1034
2023-06-18,2023,R,,IND,ATL,94,100,0.5363,0.0,0,0.2876,0.7686
2023-06-18,2023,R,,LAS,ORL,74,83,0.3952,0.0,1,0.1562,0.5029
2023-06-18,2023,R,,UTA,MIN,93,62,0.8695,1.0,1,0.017,0.1398
2023-06-18,2023,R,,NYL,PHX,89,71,0.8101,1.0,1,0.0361,0.2107
2023-06-18,2023,R,,WAS,CHI,77,69,0.6039,1.0,1,0.1569,0.5043
2023-06-20,2023,R,,DET,ATL,85,73,0.645,1.0,1,0.126,0.4385
2023-06-20,2023,R,,LAS,MIN,61,67,0.6403,0.0,0,0.4099,1.0224
2023-06-20,2023,R,,SEA,ORL,79,85,0.44,0.0,1,0.1936,0.5798
2023-06-21,2023,R,,PHX,UTA,79,99,0.2292,0.0,1,0.0525,0.2603
2023-06-22,2023,R,,CHI,WAS,59,80,0.5799,0.0,0,0.3363,0.8672
2023-06-22,2023,R,,MIN,ORL,68,89,0.3745,0.0,1,0.1402,0.4692
2023-06-22,2023,R,,SEA,IND,68,80,0.6956,0.0,0,0.4839,1.1894
2023-06-23,2023,R,,ATL,NYL,80,110,0.4495,0.0,1,0.2021,0.5969
2023-06-23,2023,R,,LAS,DET,76,74,0.5671,1.0,1,0.1874,0.5672
2023-06-24,2023,R,,UTA,IND,101,88,0.905,1.0,1,0.009,0.0999
2023-06-24,2023,R,,SEA,PHX,97,74,0.6848,1.0,1,0.0994,0.3787
2023-06-25,2023,R,,ORL,CHI,96,72,0.7996,1.0,1,0.0402,0.2236
2023-06-25,2023,R,,LAS,DET,93,83,0.5905,1.0,1,0.1677,0.5268
2023-06-25,2023,R,,NYL,WAS,89,88,0.5873,1.0,1,0.1703,0.5322
2023-06-26,2023,R,,UTA,IND,88,80,0.8996,1.0,1,0.0101,0.1059
2023-06-27,2023,R,,ORL,NYL,81,89,0.7282,0.0,0,0.5302,1.3025
2023-06-27,2023,R,,MIN,SEA,104,93,0.6391,1.0,1,0.1302,0.4477
2023-06-27,2023,R,,PHX,DET,62,77,0.513,0.0,0,0.2632,0.7196
2023-06-28,2023,R,,CHI,LAS,80,63,0.6435,1.0,1,0.1271,0.4408
2023-06-28,2023,R,,WAS,ATL,109,86,0.7415,1.0,1,0.0668,0.2991
2023-06-29,2023,R,,UTA,NYL,98,81,0.7697,1.0,1,0.0531,0.2618
2023-06-29,2023,R,,PHX,IND,85,63,0.5326,1.0,1,0.2185,0.6301
2023-06-29,2023,R,,SEA,MIN,97,99,0.6098,0.0,0,0.3719,0.9411
2023-06-30,2023,R,,ATL,WAS,94,89,0.403,1.0,0,0.3564,0.9087
2023-06-30,2023,R,,CHI,LAS,86,78,0.679,1.0,1,0.103,0.3871
2023-07-01,2023,R,,UTA,ORL,102,84,0.6682,1.0,1,0.1101,0.4032
2023-07-01,2023,R,,PHX,MIN,76,86,0.4808,0.0,1,0.2312,0.6554
2023-07-02,2023,R,,ATL,LAS,112,84,0.6071,1.0,1,0.1544,0.4991
2023-07-02,2023,R,,DET,WAS,89,72,0.5483,1.0,1,0.204,0.6009
2023-07-02,2023,R,,IND,CHI,87,89,0.4579,0.0,1,0.2097,0.6123
2023-07-02,2023,R,,SEA,NYL,66,81,0.4208,0.0,1,0.177,0.546
2023-07-05,2023,R,,LAS,ATL,79,90,0.5763,0.0,0,0.3321,0.8587
2023-07-05,2023,R,,UTA,DET,89,82,0.8664,1.0,1,0.0178,0.1434
2023-07-05,2023,R,,MIN,IND,90,83,0.7742,1.0,1,0.051,0.2559
2023-07-05,2023,R,,NYL,PHX,99,95,0.8525,1.0,1,0.0218,0.1596
2023-07-06,2023,R,,ORL,SEA,93,73,0.8471,1.0,1,0.0234,0.1659
2023-07-07,2023,R,,CHI,ATL,68,82,0.7137,0.0,0,0.5093,1.2507
2023-07-07,2023,R,,DET,UTA,80,78,0.3004,1.0,0,0.4895,1.2027
2023-07-07,2023,R,,MIN,PHX,75,64,0.7777,1.0,1,0.0494,0.2515
2023-07-07,2023,R,,WAS,IND,96,88,0.8464,1.0,1,0.0236,0.1667
2023-07-08,2023,R,,NYL,SEA,80,76,0.8303,1.0,1,0.0288,0.186
2023-07-09,2023,R,,CHI,ATL,77,88,0.6095,0.0,0,0.3715,0.9404
2023-07-09,2023,R,,ORL,WAS,92,84,0.7409,1.0,1,0.0672,0.2999
2023-07-09,2023,R,,IND,DET,76,77,0.415,0.0,1,0.1723,0.5362
2023-07-09,2023,R,,MIN,UTA,89,113,0.3187,0.0,1,0.1016,0.3838
2023-07-09,2023,R,,PHX,LAS,78,72,0.4937,1.0,0,0.2563,0.7058
2023-07-11,2023,R,,UTA,PHX,98,72,0.9289,1.0,1,0.0051,0.0738
2023-07-11,2023,R,,WAS,SEA,93,86,0.7496,1.0,1,0.0627,0.2882
2023-07-12,2023,R,,ATL,SEA,85,75,0.7801,1.0,1,0.0484,0.2483
2023-07-12,2023,R,,CHI,ORL,72,84,0.3833,0.0,1,0.1469,0.4833
2023-07-12,2023,R,,IND,NYL,87,95,0.2619,0.0,1,0.0686,0.3037
2023-07-12,2023,R,,LAS,UTA,78,97,0.2224,0.0,1,0.0495,0.2515
2023-07-12,2023,R,,MIN,DET,67,107,0.5811,0.0,0,0.3377,0.8701
2023-07-18,2023,R,,ATL,MIN,82,73,0.7125,1.0,1,0.0827,0.339
2023-07-18,2023,R,,PHX,ORL,72,66,0.2511,1.0,0,0.5608,1.3818
2023-07-19,2023,R,,NYL,DET,88,98,0.6994,0.0,0,0.4892,1.2021
2023-07-19,2023,R,,WAS,IND,76,82,0.8487,0.0,0,0.7203,1.8884
2023-07-20,2023,R,,ORL,ATL,82,71,0.7452,1.0,1,0.0649,0.2941
2023-07-20,2023,R,,MIN,LAS,73,70,0.6496,1.0,1,0.1228,0.4314
2023-07-20,2023,R,,PHX,CHI,80,62,0.4523,1.0,0,0.3,0.7935
2023-07-20,2023,R,,SEA,UTA,63,79,0.1978,0.0,1,0.0391,0.2204
2023-07-21,2023,R,,WAS,NYL,87,96,0.5379,0.0,0,0.2894,0.7721
2023-07-22,2023,R,,ATL,ORL,78,86,0.452,0.0,1,0.2043,0.6015
2023-07-22,2023,R,,DET,LAS,98,84,0.8383,1.0,1,0.0262,0.1764
2023-07-22,2023,R,,MIN,UTA,81,98,0.2327,0.0,1,0.0542,0.2649
2023-07-22,2023,R,,SEA,CHI,75,90,0.5647,0.0,0,0.3188,0.8316
2023-07-23,2023,R,,NYL,IND,101,83,0.8392,1.0,1,0.0258,0.1753
2023-07-23,2023,R,,WAS,PHX,84,69,0.7456,1.0,1,0.0647,0.2936
2023-07-25,2023,R,,ATL,PHX,78,65,0.7854,1.0,1,0.046,0.2415
2023-07-25,2023,R,,CHI,UTA,95,107,0.2367,0.0,1,0.056,0.2701
2023-07-25,2023,R,,DET,ORL,83,88,0.5018,0.0,0,0.2518,0.6967
2023-07-25,2023,R,,LAS,IND,79,78,0.6568,1.0,1,0.1178,0.4204
2023-07-25,2023,R,,NYL,SEA,86,82,0.8448,1.0,1,0.0241,0.1686
2023-07-26,2023,R,,MIN,WAS,97,92,0.5273,1.0,1,0.2235,0.64
2023-07-27,2023,R,,LAS,IND,81,68,0.6516,1.0,1,0.1214,0.4283
2023-07-27,2023,R,,NYL,ATL,95,84,0.733,1.0,1,0.0713,0.3105
2023-07-28,2023,R,,CHI,SEA,74,83,0.7146,0.0,0,0.5106,1.2538
2023-07-28,2023,R,,DET,WAS,90,62,0.6997,1.0,1,0.0902,0.3571
2023-07-28,2023,R,,NYL,MIN,83,88,0.7938,0.0,0,0.6301,1.5788
2023-07-30,2023,R,,ATL,WAS,80,73,0.6575,1.0,1,0.1173,0.4193
2023-07-30,2023,R,,CHI,PHX,104,85,0.6474,1.0,1,0.1243,0.4348
2023-07-30,2023,R,,ORL,MIN,83,87,0.8572,0.0,0,0.7348,1.9463
2023-07-30,2023,R,,IND,SEA,62,85,0.566,0.0,0,0.3204,0.8347
2023-07-30,2023,R,,LAS,NYL,79,87,0.3475,0.0,1,0.1207,0.4269
2023-07-30,2023,R,,UTA,DET,104,91,0.8464,1.0,1,0.0236,0.1668
2023-08-01,2023,R,,ORL,MIN,79,69,0.8049,1.0,1,0.0381,0.217
2023-08-01,2023,R,,IND,PHX,72,71,0.5536,1.0,1,0.1992,0.5912
2023-08-01,2023,R,,LAS,NYL,69,76,0.3062,0.0,1,0.0938,0.3656
2023-08-01,2023,R,,UTA,ATL,93,72,0.8646,1.0,1,0.0183,0.1455
2023-08-02,2023,R,,SEA,DET,65,76,0.4109,0.0,1,0.1688,0.5291
2023-08-03,2023,R,,PHX,ATL,91,71,0.3973,1.0,0,0.3632,0.923
2023-08-04,2023,R,,DET,CHI,89,104,0.7433,0.0,0,0.5525,1.3599
2023-08-04,2023,R,,IND,ORL,72,88,0.1995,0.0,1,0.0398,0.2225
2023-08-04,2023,R,,MIN,NYL,66,76,0.425,0.0,1,0.1806,0.5533
2023-08-04,2023,R,,WAS,LAS,79,77,0.7877,1.0,1,0.0451,0.2387
2023-08-05,2023,R,,PHX,SEA,91,97,0.5555,0.0,0,0.3085,0.8107
2023-08-06,2023,R,,ATL,IND,82,73,0.8268,1.0,1,0.03,0.1901
2023-08-06,2023,R,,DET,CHI,96,104,0.7248,0.0,0,0.5253,1.2902
2023-08-06,2023,R,,NYL,UTA,99,61,0.3834,1.0,0,0.3802,0.9587
2023-08-06,2023,R,,WAS,LAS,83,91,0.7631,0.0,0,0.5823,1.4402
2023-08-08,2023,R,,CHI,MIN,79,88,0.6049,0.0,0,0.3659,0.9287
2023-08-08,2023,R,,DET,UTA,84,104,0.3467,0.0,1,0.1202,0.4256
2023-08-08,2023,R,,IND,LAS,80,87,0.5125,0.0,0,0.2626,0.7184
2023-08-08,2023,R,,PHX,WAS,91,72,0.4918,1.0,0,0.2583,0.7097
2023-08-08,2023,R,,SEA,ORL,69,81,0.277,0.0,1,0.0767,0.3243
2023-08-10,2023,R,,IND,MIN,91,73,0.3633,1.0,0,0.4054,1.0125
2023-08-10,2023,R,,PHX,ORL,90,84,0.2443,1.0,0,0.5711,1.4094
2023-08-10,2023,R,,SEA,ATL,68,67,0.4581,1.0,0,0.2937,0.7807
2023-08-11,2023,R,,UTA,WAS,113,89,0.8955,1.0,1,0.0109,0.1103
2023-08-11,2023,R,,NYL,CHI,89,73,0.851,1.0,1,0.0222,0.1613
2023-08-12,2023,R,,DET,ORL,91,81,0.4854,1.0,0,0.2648,0.7227
2023-08-12,2023,R,,LAS,ATL,85,74,0.5467,1.0,1,0.2055,0.6038
2023-08-13,2023,R,,IND,NYL,89,100,0.2019,0.0,1,0.0408,0.2255
2023-08-13,2023,R,,UTA,ATL,86,65,0.8948,1.0,1,0.0111,0.1112
2023-08-13,2023,R,,SEA,PHX,81,71,0.6503,1.0,1,0.1223,0.4303
2023-08-13,2023,R,,WAS,CHI,83,76,0.5937,1.0,1,0.1651,0.5214
2023-08-17,2023,R,,UTA,NYL,88,75,0.7212,1.0,1,0.0777,0.3269
2023-08-18,2023,R,,ATL,CHI,78,67,0.6373,1.0,1,0.1316,0.4506
2023-08-18,2023,R,,ORL,DET,75,95,0.7403,0.0,0,0.548,1.3482
2023-08-18,2023,R,,IND,WAS,79,83,0.4203,0.0,1,0.1766,0.5452
2023-08-18,2023,R,,PHX,NYL,63,85,0.2921,0.0,1,0.0853,0.3454
2023-08-18,2023,R,,SEA,MIN,70,78,0.5337,0.0,0,0.2848,0.7628
2023-08-19,2023,R,,UTA,LAS,72,78,0.9057,0.0,0,0.8203,2.3614
2023-08-20,2023,R,,CHI,ORL,73,79,0.3895,0.0,1,0.1517,0.4935
2023-08-20,2023,R,,MIN,SEA,74,88,0.693,0.0,0,0.4803,1.181
2023-08-20,2023,R,,PHX,IND,73,83,0.706,0.0,0,0.4984,1.2241
2023-08-20,2023,R,,WAS,DET,84,97,0.4805,0.0,1,0.2309,0.6549
2023-08-22,2023,R,,ATL,UTA,100,112,0.286,0.0,1,0.0818,0.3368
2023-08-22,2023,R,,CHI,SEA,102,79,0.6103,1.0,1,0.1519,0.4939
2023-08-22,2023,R,,MIN,DET,91,86,0.4397,1.0,0,0.3139,0.8216
2023-08-22,2023,R,,WAS,ORL,64,68,0.3884,0.0,1,0.1508,0.4916
2023-08-23,2023,R,,LAS,PHX,91,62,0.7331,1.0,1,0.0712,0.3105
2023-08-24,2023,R,,CHI,UTA,87,94,0.2293,0.0,1,0.0526,0.2605
2023-08-24,2023,R,,ORL,NYL,90,95,0.5082,0.0,0,0.2582,0.7096
2023-08-24,2023,R,,DET,MIN,81,90,0.7449,0.0,0,0.5549,1.3663
2023-08-24,2023,R,,IND,SEA,90,86,0.531,1.0,1,0.2199,0.6329
2023-08-25,2023,R,,ATL,LAS,78,83,0.6747,0.0,0,0.4553,1.1231
2023-08-26,2023,R,,MIN,NYL,76,111,0.3466,0.0,1,0.1201,0.4256
2023-08-26,2023,R,,WAS,UTA,78,62,0.2492,1.0,0,0.5637,1.3896
2023-08-27,2023,R,,ORL,LAS,83,68,0.8086,1.0,1,0.0366,0.2125
2023-08-27,2023,R,,IND,ATL,83,80,0.4749,1.0,0,0.2757,0.7447
2023-08-27,2023,R,,PHX,DET,74,77,0.3577,0.0,1,0.128,0.4427
2023-08-27,2023,R,,SEA,CHI,85,90,0.5735,0.0,0,0.3289,0.8521
2023-08-28,2023,R,,NYL,UTA,94,85,0.5702,1.0,1,0.1847,0.5617
2023-08-29,2023,R,,ATL,PHX,94,76,0.7512,1.0,1,0.0619,0.2861
2023-08-29,2023,R,,LAS,CHI,75,76,0.6116,0.0,0,0.374,0.9456
2023-08-29,2023,R,,WAS,MIN,83,72,0.6151,1.0,1,0.1482,0.486
2023-08-31,2023,R,,ORL,PHX,84,74,0.9106,1.0,1,0.008,0.0936
2023-08-31,2023,R,,LAS,SEA,61,72,0.6335,0.0,0,0.4014,1.0039
2023-08-31,2023,R,,UTA,WAS,84,75,0.8761,1.0,1,0.0153,0.1322
2023-09-01,2023,R,,IND,DET,100,110,0.3336,0.0,1,0.1113,0.4059
2023-09-01,2023,R,,MIN,ATL,91,85,0.6193,1.0,1,0.1449,0.4791
2023-09-01,2023,R,,NYL,ORL,89,58,0.7629,1.0,1,0.0562,0.2707
2023-09-02,2023,R,,UTA,SEA,103,77,0.9012,1.0,1,0.0098,0.104
2023-09-03,2023,R,,CHI,NYL,69,86,0.3199,0.0,1,0.1023,0.3855
2023-09-03,2023,R,,DET,IND,84,97,0.8528,0.0,0,0.7273,1.9161
2023-09-03,2023,R,,LAS,WAS,72,64,0.55,1.0,1,0.2025,0.5978
2023-09-03,2023,R,,MIN,PHX,86,73,0.7647,1.0,1,0.0554,0.2683
2023-09-05,2023,R,,ORL,LAS,90,76,0.8392,1.0,1,0.0258,0.1753
2023-09-05,2023,R,,DET,NYL,93,94,0.3554,0.0,1,0.1263,0.4391
2023-09-05,2023,R,,IND,CHI,69,96,0.479,0.0,1,0.2295,0.6521
2023-09-05,2023,R,,PHX,WAS,77,100,0.4176,0.0,1,0.1744,0.5405
2023-09-06,2023,R,,ATL,SEA,79,68,0.6795,1.0,1,0.1027,0.3864
2023-09-07,2023,R,,NYL,LAS,96,89,0.9014,1.0,1,0.0097,0.1038
2023-09-08,2023,R,,CHI,MIN,92,87,0.5879,1.0,1,0.1699,0.5313
2023-09-08,2023,R,,ORL,IND,76,59,0.8858,1.0,1,0.013,0.1213
2023-09-08,2023,R,,DET,SEA,106,91,0.7878,1.0,1,0.045,0.2385
2023-09-08,2023,R,,PHX,UTA,73,94,0.1078,0.0,1,0.0116,0.114
2023-09-08,2023,R,,WAS,ATL,75,80,0.6687,0.0,0,0.4472,1.1048
2023-09-10,2023,R,,ATL,DET,77,94,0.5209,0.0,0,0.2713,0.7357
2023-09-10,2023,R,,ORL,CHI,91,102,0.7698,0.0,0,0.5926,1.469
2023-09-10,2023,R,,IND,MIN,87,72,0.4422,1.0,0,0.3111,0.816
2023-09-10,2023,R,,UTA,PHX,100,85,0.9495,1.0,1,0.0025,0.0518
2023-09-10,2023,R,,NYL,WAS,88,90,0.8945,0.0,0,0.8001,2.2489
2023-09-10,2023,R,,SEA,LAS,89,91,0.5543,0.0,0,0.3072,0.808
2023-09-13,2023,P,1.0,ORL,MIN,90,60,0.7964,1.0,1,0.0415,0.2276
2023-09-13,2023,P,1.0,UTA,CHI,87,59,0.8508,1.0,1,0.0223,0.1616
2023-09-15,2023,P,1.0,DET,ATL,94,82,0.7493,1.0,1,0.0628,0.2886
2023-09-15,2023,P,1.0,NYL,WAS,90,75,0.8685,1.0,1,0.0173,0.141
2023-09-17,2023,P,1.0,ORL,MIN,75,82,0.814,0.0,0,0.6626,1.6821
2023-09-17,2023,P,1.0,UTA,CHI,92,70,0.8601,1.0,1,0.0196,0.1507
2023-09-19,2023,P,1.0,DET,ATL,101,74,0.7664,1.0,1,0.0546,0.2661
2023-09-19,2023,P,1.0,NYL,WAS,90,85,0.874,1.0,1,0.0159,0.1347
2023-09-20,2023,P,1.0,MIN,ORL,75,90,0.4312,0.0,1,0.186,0.5643
2023-09-24,2023,P,2.0,UTA,DET,97,83,0.8318,1.0,1,0.0283,0.1842
2023-09-24,2023,P,2.0,NYL,ORL,63,78,0.786,0.0,0,0.6178,1.5417
2023-09-26,2023,P,2.0,UTA,DET,91,84,0.8151,1.0,1,0.0342,0.2044
2023-09-26,2023,P,2.0,NYL,ORL,84,77,0.7038,1.0,1,0.0877,0.3513
2023-09-29,2023,P,2.0,ORL,NYL,81,92,0.5005,0.0,0,0.2505,0.6942
2023-09-29,2023,P,2.0,DET,UTA,61,64,0.3604,0.0,1,0.1299,0.4468
2023-10-01,2023,P,2.0,ORL,NYL,84,87,0.4515,0.0,1,0.2039,0.6006
2023-10-08,2023,P,3.0,UTA,NYL,99,82,0.6931,1.0,1,0.0942,0.3666
2023-10-11,2023,P,3.0,UTA,NYL,104,76,0.6904,1.0,1,0.0959,0.3705
2023-10-15,2023,P,3.0,NYL,UTA,87,73,0.4875,1.0,0,0.2627,0.7185
2023-10-18,2023,P,3.0,NYL,UTA,69,70,0.5493,0.0,0,0.3017,0.7969
2024-05-14,2024,R,,ORL,IND,92,71,0.7642,1.0,1,0.0556,0.269
2024-05-14,2024,R,,UTA,PHX,89,80,0.8669,1.0,1,0.0177,0.1428
2024-05-14,2024,R,,SEA,MIN,70,83,0.5843,0.0,0,0.3414,0.8777
2024-05-14,2024,R,,WAS,NYL,80,85,0.4491,0.0,1,0.2017,0.5962
2024-05-15,2024,R,,DET,CHI,87,79,0.6598,1.0,1,0.1157,0.4158
2024-05-15,2024,R,,LAS,ATL,81,92,0.6224,0.0,0,0.3874,0.9739
2024-05-16,2024,R,,IND,NYL,66,102,0.3431,0.0,1,0.1177,0.4202
2024-05-17,2024,R,,ORL,WAS,84,77,0.7229,1.0,1,0.0768,0.3245
2024-05-17,2024,R,,MIN,SEA,102,93,0.7032,1.0,1,0.0881,0.3521
2024-05-18,2024,R,,DET,CHI,74,83,0.6846,0.0,0,0.4686,1.1538
2024-05-18,2024,R,,UTA,LAS,89,82,0.8456,1.0,1,0.0238,0.1677
2024-05-18,2024,R,,NYL,IND,91,80,0.86,1.0,1,0.0196,0.1508
2024-05-18,2024,R,,PHX,ATL,88,85,0.5122,1.0,1,0.2379,0.669
2024-05-19,2024,R,,WAS,SEA,75,84,0.6851,0.0,0,0.4693,1.1554
2024-05-20,2024,R,,IND,ORL,84,88,0.3602,0.0,1,0.1298,0.4466
2024-05-20,2024,R,,NYL,SEA,74,63,0.8485,1.0,1,0.0229,0.1643
2024-05-21,2024,R,,ATL,DET,83,78,0.5608,1.0,1,0.1929,0.5784
2024-05-21,2024,R,,LAS,WAS,70,68,0.6377,1.0,1,0.1313,0.45
2024-05-21,2024,R,,UTA,PHX,88,98,0.8673,0.0,0,0.7522,2.0195
2024-05-22,2024,R,,SEA,IND,85,83,0.675,1.0,1,0.1056,0.3931
2024-05-23,2024,R,,ORL,MIN,83,82,0.6739,1.0,1,0.1063,0.3947
2024-05-23,2024,R,,NYL,CHI,81,90,0.7415,0.0,0,0.5498,1.3528
2024-05-23,2024,R,,PHX,WAS,83,80,0.604,1.0,1,0.1568,0.5041
2024-05-24,2024,R,,LAS,IND,73,78,0.7266,0.0,0,0.528,1.2968
2024-05-25,2024,R,,CHI,ORL,82,86,0.5525,0.0,0,0.3053,0.8041
2024-05-25,2024,R,,UTA,IND,99,80,0.877,1.0,1,0.0151,0.1313
2024-05-25,2024,R,,MIN,NYL,84,67,0.4384,1.0,0,0.3154,0.8247
2024-05-25,2024,R,,PHX,DET,92,107,0.4729,0.0,1,0.2236,0.6404
2024-05-25,2024,R,,SEA,WAS,101,69,0.6495,1.0,1,0.1228,0.4315
2024-05-26,2024,R,,ATL,MIN,79,92,0.6285,0.0,0,0.395,0.9902
2024-05-26,2024,R,,LAS,DET,83,84,0.5143,0.0,0,0.2645,0.7221
2024-05-28,2024,R,,CHI,SEA,68,77,0.6956,0.0,0,0.4839,1.1894
2024-05-28,2024,R,,ORL,PHX,70,47,0.8105,1.0,1,0.0359,0.2101
2024-05-28,2024,R,,IND,LAS,82,88,0.5979,0.0,0,0.3575,0.911
2024-05-29,2024,R,,MIN,UTA,66,80,0.4617,0.0,1,0.2132,0.6194
2024-05-29,2024,R,,NYL,PHX,81,78,0.8506,1.0,1,0.0223,0.1618
2024-05-29,2024,R,,WAS,ATL,67,73,0.5655,0.0,0,0.3198,0.8337
2024-05-30,2024,R,,CHI,LAS,83,73,0.6897,1.0,1,0.0963,0.3715
2024-05-30,2024,R,,IND,SEA,88,103,0.4808,0.0,1,0.2312,0.6554
2024-05-31,2024,R,,ATL,UTA,78,74,0.3862,1.0,0,0.3768,0.9514
2024-05-31,2024,R,,ORL,DET,74,72,0.6593,1.0,1,0.1161,0.4166
2024-05-31,2024,R,,MIN,PHX,95,71,0.7521,1.0,1,0.0614,0.2849
2024-05-31,2024,R,,NYL,WAS,90,79,0.8401,1.0,1,0.0256,0.1743
2024-06-01,2024,R,,IND,CHI,71,70,0.4164,1.0,0,0.3406,0.8761
2024-06-02,2024,R,,ATL,ORL,50,69,0.4624,0.0,1,0.2138,0.6206
2024-06-02,2024,R,,MIN,DET,87,76,0.6214,1.0,1,0.1433,0.4758
2024-06-02,2024,R,,NYL,IND,104,68,0.8722,1.0,1,0.0163,0.1368
2024-06-02,2024,R,,PHX,LAS,87,68,0.5503,1.0,1,0.2022,0.5973
2024-06-04,2024,R,,CHI,NYL,75,88,0.4768,0.0,1,0.2273,0.6478
2024-06-04,2024,R,,ORL,WAS,76,59,0.8335,1.0,1,0.0277,0.1821
2024-06-04,2024,R,,SEA,PHX,80,62,0.7516,1.0,1,0.0617,0.2856
2024-06-05,2024,R,,DET,UTA,81,95,0.4072,0.0,1,0.1658,0.5229
2024-06-05,2024,R,,LAS,MIN,62,86,0.4369,0.0,1,0.1909,0.5743
2024-06-06,2024,R,,ATL,NYL,61,78,0.4476,0.0,1,0.2003,0.5934
2024-06-06,2024,R,,WAS,CHI,71,79,0.4865,0.0,1,0.2366,0.6664
2024-06-07,2024,R,,LAS,DET,81,72,0.4683,1.0,0,0.2827,0.7587
2024-06-07,2024,R,,UTA,SEA,65,78,0.7704,0.0,0,0.5934,1.4712
2024-06-07,2024,R,,PHX,MIN,81,80,0.4252,1.0,0,0.3304,0.8551
2024-06-07,2024,R,,WAS,IND,83,85,0.5854,0.0,0,0.3427,0.8805
2024-06-08,2024,R,,CHI,ATL,80,89,0.6645,0.0,0,0.4415,1.092
2024-06-08,2024,R,,ORL,NYL,75,82,0.6388,0.0,0,0.408,1.0182
2024-06-09,2024,R,,DET,PHX,90,97,0.7073,0.0,0,0.5002,1.2285
2024-06-09,2024,R,,LAS,UTA,96,92,0.3246,1.0,0,0.4562,1.1252
2024-06-09,2024,R,,MIN,SEA,83,64,0.6499,1.0,1,0.1226,0.4309
2024-06-09,2024,R,,NYL,WAS,93,88,0.8915,1.0,1,0.0118,0.1149
2024-06-10,2024,R,,ORL,IND,89,72,0.8483,1.0,1,0.023,0.1645
2024-06-11,2024,R,,ATL,WAS,68,87,0.7783,0.0,0,0.6058,1.5064
2024-06-11,2024,R,,UTA,MIN,86,100,0.6745,0.0,0,0.455,1.1224
2024-06-11,2024,R,,SEA,LAS,95,79,0.7313,1.0,1,0.0722,0.3129
2024-06-12,2024,R,,CHI,ORL,75,83,0.466,0.0,1,0.2172,0.6274
2024-06-13,2024,R,,DET,SEA,84,92,0.5897,0.0,0,0.3478,0.8909
2024-06-13,2024,R,,IND,ATL,91,84,0.5342,1.0,1,0.217,0.6271
2024-06-13,2024,R,,PHX,UTA,99,103,0.4505,0.0,1,0.2029,0.5987
2024-06-14,2024,R,,MIN,LAS,81,76,0.8164,1.0,1,0.0337,0.2028
2024-06-14,2024,R,,WAS,CHI,83,81,0.5398,1.0,1,0.2117,0.6165
2024-06-15,2024,R,,DET,ORL,67,85,0.3541,0.0,1,0.1254,0.4371
2024-06-15,2024,R,,UTA,NYL,82,90,0.4753,0.0,1,0.2259,0.6449
2024-06-16,2024,R,,ATL,LAS,87,74,0.6755,1.0,1,0.1053,0.3923
2024-06-16,2024,R,,IND,CHI,91,83,0.5448,1.0,1,0.2072,0.6073
2024-06-16,2024,R,,PHX,SEA,87,78,0.4561,1.0,0,0.2958,0.785
2024-06-17,2024,R,,MIN,DET,90,78,0.81,1.0,1,0.0361,0.2108
2024-06-18,2024,R,,ORL,LAS,79,70,0.8761,1.0,1,0.0153,0.1322
2024-06-18,2024,R,,PHX,NYL,99,93,0.2752,1.0,0,0.5253,1.2901
2024-06-19,2024,R,,IND,WAS,88,81,0.5723,1.0,1,0.1829,0.5581
2024-06-19,2024,R,,UTA,SEA,94,83,0.711,1.0,1,0.0835,0.3411
2024-06-19,2024,R,,MIN,ATL,68,55,0.7785,1.0,1,0.0491,0.2504
2024-06-20,2024,R,,CHI,DET,83,72,0.6479,1.0,1,0.124,0.434
2024-06-20,2024,R,,NYL,LAS,93,80,0.8813,1.0,1,0.0141,0.1263
2024-06-21,2024,R,,ATL,IND,79,91,0.6616,0.0,0,0.4377,1.0835
2024-06-21,2024,R,,UTA,ORL,85,74,0.5229,1.0,1,0.2276,0.6483
2024-06-22,2024,R,,MIN,PHX,73,60,0.7784,1.0,1,0.0491,0.2505
2024-06-22,2024,R,,NYL,LAS,98,88,0.8854,1.0,1,0.0131,0.1218
2024-06-22,2024,R,,WAS,DET,97,69,0.5897,1.0,1,0.1683,0.5281
2024-06-23,2024,R,,ATL,NYL,75,96,0.3007,0.0,1,0.0904,0.3577
2024-06-23,2024,R,,CHI,IND,88,87,0.669,1.0,1,0.1096,0.402
2024-06-23,2024,R,,SEA,ORL,72,61,0.5064,1.0,1,0.2437,0.6805
2024-06-23,2024,R,,WAS,DET,92,84,0.6225,1.0,1,0.1425,0.4741
2024-06-27,2024,R,,CHI,UTA,83,95,0.368,0.0,1,0.1354,0.4589
2024-06-27,2024,R,,DET,MIN,94,88,0.2954,1.0,0,0.4965,1.2194
2024-06-27,2024,R,,SEA,IND,89,77,0.7483,1.0,1,0.0634,0.29
2024-06-27,2024,R,,WAS,ORL,91,94,0.346,0.0,1,0.1197,0.4247
2024-06-28,2024,R,,ORL,ATL,74,78,0.818,0.0,0,0.6692,1.704
2024-06-28,2024,R,,PHX,LAS,92,78,0.6949,1.0,1,0.0931,0.364
2024-06-29,2024,R,,SEA,DET,97,76,0.7731,1.0,1,0.0515,0.2573
2024-06-29,2024,R,,WAS,UTA,77,88,0.3344,0.0,1,0.1118,0.4071
2024-06-30,2024,R,,CHI,MIN,62,70,0.407,0.0,1,0.1657,0.5226
2024-06-30,2024,R,,NYL,ATL,81,75,0.8928,1.0,1,0.0115,0.1134
2024-06-30,2024,R,,PHX,IND,82,88,0.6529,0.0,0,0.4263,1.0582
2024-07-01,2024,R,,PHX,ORL,72,83,0.35,0.0,1,0.1225,0.4307
2024-07-01,2024,R,,SEA,DET,95,71,0.7905,1.0,1,0.0439,0.2351
2024-07-02,2024,R,,ATL,CHI,77,85,0.5984,0.0,0,0.3581,0.9123
2024-07-02,2024,R,,LAS,WAS,80,82,0.6079,0.0,0,0.3696,0.9363
2024-07-02,2024,R,,UTA,IND,88,69,0.8428,1.0,1,0.0247,0.1711
2024-07-02,2024,R,,NYL,MIN,76,67,0.7106,1.0,1,0.0837,0.3416
2024-07-03,2024,R,,DET,PHX,96,104,0.5611,0.0,0,0.3149,0.8236
2024-07-04,2024,R,,UTA,WAS,98,77,0.849,1.0,1,0.0228,0.1637
2024-07-04,2024,R,,MIN,ORL,73,78,0.5787,0.0,0,0.3349,0.8644
2024-07-05,2024,R,,DET,ATL,85,82,0.5547,1.0,1,0.1983,0.5893
2024-07-05,2024,R,,LAS,UTA,98,93,0.2935,1.0,0,0.4992,1.2259
2024-07-05,2024,R,,SEA,CHI,84,88,0.7608,0.0,0,0.5789,1.4306
2024-07-06,2024,R,,IND,NYL,83,78,0.2666,1.0,0,0.5379,1.322
2024-07-06,2024,R,,MIN,WAS,74,67,0.8174,1.0,1,0.0334,0.2017
2024-07-07,2024,R,,ORL,ATL,80,67,0.8695,1.0,1,0.017,0.1399
2024-07-07,2024,R,,LAS,PHX,78,84,0.4769,0.0,1,0.2274,0.648
2024-07-07,2024,R,,UTA,DET,104,85,0.8647,1.0,1,0.0183,0.1454
2024-07-07,2024,R,,SEA,CHI,84,71,0.7071,1.0,1,0.0858,0.3466
2024-07-09,2024,R,,LAS,MIN,67,82,0.2927,0.0,1,0.0857,0.3464
2024-07-10,2024,R,,CHI,ATL,78,69,0.7056,1.0,1,0.0867,0.3488
2024-07-10,2024,R,,ORL,NYL,68,71,0.5356,0.0,0,0.2869,0.7671
2024-07-10,2024,R,,IND,WAS,84,89,0.6681,0.0,0,0.4463,1.1028
2024-07-10,2024,R,,PHX,DET,100,84,0.7188,1.0,1,0.0791,0.3302
2024-07-10,2024,R,,SEA,UTA,79,84,0.5068,0.0,0,0.2569,0.7069
2024-07-11,2024,R,,NYL,CHI,91,76,0.8483,1.0,1,0.023,0.1646
2024-07-12,2024,R,,ATL,UTA,70,84,0.2721,0.0,1,0.074,0.3176
2024-07-12,2024,R,,IND,PHX,95,86,0.5589,1.0,1,0.1946,0.5818
2024-07-12,2024,R,,SEA,MIN,91,63,0.5095,1.0,1,0.2406,0.6743
2024-07-13,2024,R,,CHI,NYL,67,81,0.3083,0.0,1,0.095,0.3686
2024-07-13,2024,R,,DET,LAS,81,87,0.6121,0.0,0,0.3747,0.9471
2024-07-14,2024,R,,ORL,PHX,96,69,0.8319,1.0,1,0.0282,0.184
2024-07-14,2024,R,,MIN,IND,74,81,0.7807,0.0,0,0.6094,1.5171
2024-07-14,2024,R,,SEA,ATL,81,70,0.8236,1.0,1,0.0311,0.1941
2024-07-14,2024,R,,WAS,UTA,77,89,0.3453,0.0,1,0.1192,0.4236
2024-07-16,2024,R,,LAS,SEA,83,89,0.3729,0.0,1,0.139,0.4666
2024-07-16,2024,R,,UTA,CHI,85,93,0.8256,0.0,0,0.6816,1.7465
2024-07-16,2024,R,,NYL,ORL,82,74,0.7288,1.0,1,0.0736,0.3164
2024-07-16,2024,R,,WAS,PHX,87,96,0.5643,0.0,0,0.3184,0.8308
2024-07-17,2024,R,,DET,IND,101,93,0.4961,1.0,0,0.2539,0.7009
2024-07-17,2024,R,,MIN,ATL,86,79,0.8249,1.0,1,0.0307,0.1925
2024-08-15,2024,R,,CHI,PHX,65,85,0.6307,0.0,0,0.3978,0.9961
2024-08-15,2024,R,,LAS,NYL,68,103,0.1879,0.0,1,0.0353,0.2082
2024-08-15,2024,R,,MIN,WAS,79,68,0.7939,1.0,1,0.0425,0.2308
2024-08-16,2024,R,,ATL,SEA,83,81,0.3116,1.0,0,0.4739,1.166
2024-08-16,2024,R,,DET,ORL,91,109,0.2591,0.0,1,0.0671,0.2998
2024-08-16,2024,R,,IND,PHX,98,89,0.5982,1.0,1,0.1615,0.5139
2024-08-17,2024,R,,LAS,CHI,86,90,0.491,0.0,1,0.2411,0.6753
2024-08-17,2024,R,,UTA,NYL,67,79,0.5577,0.0,0,0.311,0.8158
2024-08-17,2024,R,,WAS,MIN,83,99,0.3683,0.0,1,0.1356,0.4593
2024-08-18,2024,R,,ATL,ORL,82,70,0.2798,1.0,0,0.5187,1.2737
2024-08-18,2024,R,,IND,SEA,92,75,0.4687,1.0,0,0.2823,0.7578
2024-08-18,2024,R,,UTA,LAS,87,71,0.8856,1.0,1,0.0131,0.1214
2024-08-18,2024,R,,PHX,CHI,86,68,0.668,1.0,1,0.1102,0.4035
2024-08-20,2024,R,,ORL,LAS,69,61,0.8804,1.0,1,0.0143,0.1274
2024-08-20,2024,R,,NYL,DET,94,74,0.9258,1.0,1,0.0055,0.0771
2024-08-20,2024,R,,WAS,SEA,77,83,0.4058,0.0,1,0.1647,0.5205
2024-08-21,2024,R,,ATL,PHX,72,63,0.4847,1.0,0,0.2656,0.7243
2024-08-21,2024,R,,UTA,MIN,87,98,0.6568,0.0,0,0.4313,1.0694
2024-08-22,2024,R,,NYL,DET,79,71,0.9335,1.0,1,0.0044,0.0688
2024-08-23,2024,R,,ATL,PHX,80,82,0.5247,0.0,0,0.2753,0.7438
2024-08-23,2024,R,,ORL,CHI,82,80,0.7763,1.0,1,0.05,0.2532
2024-08-23,2024,R,,MIN,UTA,87,74,0.6122,1.0,1,0.1504,0.4907
2024-08-23,2024,R,,WAS,LAS,80,74,0.6531,1.0,1,0.1203,0.426
2024-08-24,2024,R,,MIN,IND,90,80,0.7478,1.0,1,0.0636,0.2906
2024-08-24,2024,R,,NYL,ORL,64,72,0.7799,0.0,0,0.6082,1.5136
2024-08-25,2024,R,,CHI,UTA,75,77,0.4092,0.0,1,0.1674,0.5263
2024-08-25,2024,R,,DET,LAS,113,110,0.6693,1.0,1,0.1094,0.4015
2024-08-26,2024,R,,ATL,IND,79,84,0.5502,0.0,0,0.3028,0.799
2024-08-26,2024,R,,PHX,NYL,70,84,0.3271,0.0,1,0.107,0.3962
2024-08-26,2024,R,,SEA,WAS,72,74,0.8428,0.0,0,0.7103,1.8501
2024-08-27,2024,R,,DET,UTA,93,90,0.296,1.0,0,0.4956,1.2172
2024-08-28,2024,R,,CHI,WAS,70,74,0.6971,0.0,0,0.486,1.1944
2024-08-28,2024,R,,IND,ORL,84,80,0.358,1.0,0,0.4122,1.0273
2024-08-28,2024,R,,LAS,NYL,94,88,0.1532,1.0,0,0.717,1.8758
2024-08-28,2024,R,,PHX,MIN,76,89,0.3771,0.0,1,0.1422,0.4733
2024-08-28,2024,R,,SEA,ATL,85,81,0.7913,1.0,1,0.0436,0.2341
2024-08-30,2024,R,,CHI,IND,81,100,0.5165,0.0,0,0.2668,0.7267
2024-08-30,2024,R,,DET,MIN,94,76,0.2907,1.0,0,0.5031,1.2355
2024-08-30,2024,R,,UTA,ATL,83,72,0.8479,1.0,1,0.0231,0.1649
2024-08-30,2024,R,,SEA,NYL,85,98,0.3847,0.0,1,0.148,0.4856
2024-08-31,2024,R,,WAS,ORL,85,96,0.3192,0.0,1,0.1019,0.3844
2024-09-01,2024,R,,ORL,SEA,93,86,0.7232,1.0,1,0.0766,0.3241
2024-09-01,2024,R,,DET,IND,93,100,0.456,0.0,1,0.2079,0.6088
2024-09-01,2024,R,,LAS,ATL,62,80,0.6082,0.0,0,0.3699,0.937
2024-09-01,2024,R,,MIN,CHI,79,74,0.8416,1.0,1,0.0251,0.1724
2024-09-01,2024,R,,PHX,UTA,79,97,0.4926,0.0,1,0.2427,0.6785
2024-09-03,2024,R,,ORL,SEA,64,71,0.7558,0.0,0,0.5713,1.4098
2024-09-03,2024,R,,DET,WAS,86,90,0.5823,0.0,0,0.3391,0.8731
2024-09-03,2024,R,,UTA,CHI,90,71,0.8436,1.0,1,0.0245,0.1701
2024-09-03,2024,R,,PHX,ATL,74,66,0.6779,1.0,1,0.1037,0.3887
2024-09-04,2024,R,,IND,LAS,93,86,0.8396,1.0,1,0.0257,0.1748
2024-09-05,2024,R,,NYL,SEA,77,70,0.8437,1.0,1,0.0244,0.17
2024-09-05,2024,R,,PHX,WAS,77,90,0.6829,0.0,0,0.4664,1.1485
2024-09-06,2024,R,,ATL,DET,107,96,0.6489,1.0,1,0.1233,0.4325
2024-09-06,2024,R,,CHI,LAS,92,78,0.7339,1.0,1,0.0708,0.3094
2024-09-06,2024,R,,ORL,UTA,67,72,0.6272,0.0,0,0.3934,0.9868
2024-09-06,2024,R,,IND,MIN,88,99,0.455,0.0,1,0.2071,0.607
2024-09-07,2024,R,,SEA,PHX,90,66,0.7442,1.0,1,0.0654,0.2954
2024-09-08,2024,R,,CHI,DET,92,77,0.6671,1.0,1,0.1108,0.4048
2024-09-08,2024,R,,IND,ATL,104,100,0.7506,1.0,1,0.0622,0.2869
2024-09-08,2024,R,,LAS,ORL,67,79,0.2279,0.0,1,0.0519,0.2586
2024-09-08,2024,R,,NYL,UTA,75,71,0.7558,1.0,1,0.0596,0.28
2024-09-08,2024,R,,WAS,MIN,71,78,0.3709,0.0,1,0.1376,0.4635
2024-09-10,2024,R,,ATL,MIN,64,76,0.3013,0.0,1,0.0908,0.3585
2024-09-10,2024,R,,DET,NYL,91,105,0.1579,0.0,1,0.0249,0.1718
2024-09-10,2024,R,,LAS,ORL,66,86,0.2162,0.0,1,0.0467,0.2435
2024-09-11,2024,R,,CHI,WAS,58,89,0.6038,0.0,0,0.3645,0.9258
2024-09-11,2024,R,,IND,UTA,75,86,0.4724,0.0,1,0.2231,0.6393
2024-09-11,2024,R,,LAS,SEA,82,90,0.2376,0.0,1,0.0565,0.2713
2024-09-12,2024,R,,DET,NYL,67,99,0.1516,0.0,1,0.023,0.1644
2024-09-13,2024,R,,ATL,WAS,69,72,0.5574,0.0,0,0.3107,0.815
2024-09-13,2024,R,,DET,SEA,81,83,0.3042,0.0,1,0.0925,0.3627
2024-09-13,2024,R,,IND,UTA,74,78,0.4339,0.0,1,0.1883,0.569
2024-09-13,2024,R,,MIN,CHI,83,66,0.8869,1.0,1,0.0128,0.12
2024-09-13,2024,R,,PHX,ORL,69,88,0.3955,0.0,1,0.1564,0.5034
2024-09-15,2024,R,,CHI,PHX,88,93,0.5709,0.0,0,0.326,0.8462
2024-09-15,2024,R,,IND,DET,110,109,0.8013,1.0,1,0.0395,0.2215
2024-09-15,2024,R,,UTA,ORL,84,71,0.637,1.0,1,0.1318,0.451
2024-09-15,2024,R,,NYL,MIN,79,88,0.7536,0.0,0,0.5679,1.4007
2024-09-15,2024,R,,SEA,LAS,90,87,0.8646,1.0,1,0.0183,0.1454
2024-09-15,2024,R,,WAS,ATL,73,76,0.7218,0.0,0,0.5211,1.2796
2024-09-17,2024,R,,ATL,CHI,86,70,0.6575,1.0,1,0.1173,0.4192
2024-09-17,2024,R,,ORL,MIN,76,78,0.5552,0.0,0,0.3082,0.81
2024-09-17,2024,R,,LAS,PHX,81,85,0.4213,0.0,1,0.1775,0.547
2024-09-17,2024,R,,SEA,UTA,72,85,0.4859,0.0,1,0.2361,0.6653
2024-09-17,2024,R,,WAS,NYL,71,87,0.26,0.0,1,0.0676,0.3011
2024-09-19,2024,R,,ORL,CHI,87,54,0.8751,1.0,1,0.0156,0.1334
2024-09-19,2024,R,,UTA,DET,98,84,0.903,1.0,1,0.0094,0.1021
2024-09-19,2024,R,,MIN,LAS,51,68,0.9403,0.0,0,0.8841,2.8176
2024-09-19,2024,R,,NYL,ATL,67,78,0.9101,0.0,0,0.8283,2.4091
2024-09-19,2024,R,,PHX,SEA,70,89,0.4593,0.0,1,0.2109,0.6149
2024-09-19,2024,R,,WAS,IND,92,91,0.4959,1.0,0,0.2542,0.7015
2024-09-22,2024,P,1.0,ORL,IND,93,69,0.7663,1.0,1,0.0546,0.2662
2024-09-22,2024,P,1.0,UTA,SEA,78,67,0.7531,1.0,1,0.061,0.2835
2024-09-22,2024,P,1.0,MIN,PHX,102,95,0.8586,1.0,1,0.02,0.1525
2024-09-22,2024,P,1.0,NYL,ATL,83,69,0.8869,1.0,1,0.0128,0.12
2024-09-24,2024,P,1.0,UTA,SEA,83,76,0.7691,1.0,1,0.0533,0.2625
2024-09-24,2024,P,1.0,NYL,ATL,91,82,0.8909,1.0,1,0.0119,0.1156
2024-09-25,2024,P,1.0,ORL,IND,87,81,0.7867,1.0,1,0.0455,0.2398
2024-09-25,2024,P,1.0,MIN,PHX,101,88,0.8632,1.0,1,0.0187,0.1471
2024-09-29,2024,P,2.0,MIN,ORL,70,73,0.6533,0.0,0,0.4268,1.0593
2024-09-29,2024,P,2.0,NYL,UTA,87,77,0.6493,1.0,1,0.123,0.4319
2024-10-01,2024,P,2.0,MIN,ORL,77,70,0.6119,1.0,1,0.1506,0.4912
2024-10-01,2024,P,2.0,NYL,UTA,88,84,0.6804,1.0,1,0.1021,0.385
2024-10-04,2024,P,2.0,ORL,MIN,81,90,0.5926,0.0,0,0.3512,0.8979
2024-10-04,2024,P,2.0,UTA,NYL,95,81,0.5298,1.0,1,0.2211,0.6352
2024-10-06,2024,P,2.0,ORL,MIN,92,82,0.537,1.0,1,0.2144,0.6218
2024-10-06,2024,P,2.0,UTA,NYL,62,76,0.5812,0.0,0,0.3378,0.8704
2024-10-08,2024,P,2.0,MIN,ORL,88,77,0.6549,1.0,1,0.1191,0.4233
2024-10-10,2024,P,3.0,NYL,MIN,93,95,0.7414,0.0,0,0.5497,1.3525
2024-10-13,2024,P,3.0,NYL,MIN,80,66,0.6655,1.0,1,0.1119,0.4072
2024-10-16,2024,P,3.0,MIN,NYL,77,80,0.5275,0.0,0,0.2782,0.7496
2024-10-18,2024,P,3.0,MIN,NYL,82,80,0.4888,1.0,0,0.2613,0.7158
2024-10-20,2024,P,3.0,NYL,MIN,67,62,0.7061,1.0,1,0.0864,0.348
2025-05-16,2025,R,,DET,MIN,84,99,0.3876,0.0,1,0.1502,0.4903
2025-05-16,2025,R,,GSV,LAS,67,84,0.7387,0.0,0,0.5456,1.3419
2025-05-16,2025,R,,WAS,ATL,94,90,0.6382,1.0,1,0.1309,0.449
2025-05-17,2025,R,,IND,CHI,93,58,0.7005,1.0,1,0.0897,0.356
2025-05-17,2025,R,,NYL,UTA,92,78,0.6721,1.0,1,0.1075,0.3974
2025-05-17,2025,R,,PHX,SEA,81,59,0.5207,1.0,1,0.2298,0.6527
2025-05-18,2025,R,,ORL,WAS,85,90,0.7304,0.0,0,0.5335,1.3108
2025-05-18,2025,R,,LAS,MIN,75,89,0.3889,0.0,1,0.1513,0.4926
2025-05-19,2025,R,,DET,SEA,71,79,0.4986,0.0,1,0.2486,0.6903
2025-05-20,2025,R,,ORL,UTA,62,87,0.5566,0.0,0,0.3098,0.8133
2025-05-20,2025,R,,IND,ATL,90,91,0.6649,0.0,0,0.4421,1.0933
2025-05-21,2025,R,,GSV,WAS,76,74,0.6205,1.0,1,0.144,0.4772
2025-05-21,2025,R,,MIN,DET,85,81,0.8602,1.0,1,0.0195,0.1506
2025-05-21,2025,R,,PHX,LAS,89,86,0.7133,1.0,1,0.0822,0.3378
2025-05-22,2025,R,,ATL,IND,76,81,0.5807,0.0,0,0.3372,0.8691
2025-05-22,2025,R,,CHI,NYL,74,99,0.307,0.0,1,0.0943,0.3668
2025-05-23,2025,R,,LAS,GSV,73,82,0.5239,0.0,0,0.2744,0.742
2025-05-23,2025,R,,UTA,WAS,75,72,0.7607,1.0,1,0.0573,0.2735
2025-05-23,2025,R,,MIN,ORL,76,70,0.7175,1.0,1,0.0798,0.332
2025-05-23,2025,R,,SEA,PHX,77,70,0.7055,1.0,1,0.0867,0.3488
2025-05-24,2025,R,,ATL,DET,83,75,0.6812,1.0,1,0.1016,0.3839
2025-05-24,2025,R,,IND,NYL,88,90,0.4214,0.0,1,0.1776,0.5472
2025-05-25,2025,R,,ATL,ORL,79,55,0.5294,1.0,1,0.2215,0.6361
2025-05-25,2025,R,,LAS,CHI,91,78,0.5982,1.0,1,0.1614,0.5138
2025-05-25,2025,R,,PHX,WAS,68,62,0.5969,1.0,1,0.1625,0.516
2025-05-25,2025,R,,SEA,UTA,102,82,0.5135,1.0,1,0.2367,0.6665
2025-05-27,2025,R,,ORL,DET,87,109,0.7334,0.0,0,0.5378,1.3219
2025-05-27,2025,R,,LAS,ATL,82,88,0.5195,0.0,0,0.2699,0.733
2025-05-27,2025,R,,MIN,SEA,82,77,0.7442,1.0,1,0.0654,0.2954
2025-05-27,2025,R,,NYL,GSV,95,67,0.7872,1.0,1,0.0453,0.2393
2025-05-27,2025,R,,PHX,CHI,94,89,0.7464,1.0,1,0.0643,0.2925
2025-05-28,2025,R,,WAS,IND,83,77,0.5688,1.0,1,0.1859,0.5642
2025-05-29,2025,R,,CHI,DET,97,92,0.5723,1.0,1,0.1829,0.5581
2025-05-29,2025,R,,NYL,GSV,82,77,0.8192,1.0,1,0.0327,0.1995
2025-05-30,2025,R,,IND,ORL,83,85,0.6408,0.0,0,0.4107,1.024
2025-05-30,2025,R,,UTA,LAS,96,81,0.8481,1.0,1,0.0231,0.1648
2025-05-30,2025,R,,PHX,MIN,71,74,0.4331,0.0,1,0.1875,0.5675
2025-05-30,2025,R,,SEA,ATL,87,94,0.6782,0.0,0,0.4599,1.1337
2025-05-30,2025,R,,WAS,NYL,63,85,0.3916,0.0,1,0.1533,0.4969
2025-05-31,2025,R,,DET,CHI,83,94,0.6356,0.0,0,0.404,1.0096
2025-06-01,2025,R,,GSV,MIN,75,86,0.43,0.0,1,0.1849,0.5621
2025-06-01,2025,R,,LAS,PHX,80,85,0.4927,0.0,1,0.2428,0.6787
2025-06-01,2025,R,,NYL,ORL,100,52,0.8479,1.0,1,0.0231,0.1649
2025-06-01,2025,R,,SEA,UTA,70,75,0.5286,0.0,0,0.2794,0.7521
2025-06-03,2025,R,,IND,WAS,85,76,0.619,1.0,1,0.1451,0.4796
2025-06-03,2025,R,,MIN,PHX,88,65,0.7927,1.0,1,0.043,0.2323
2025-06-03,2025,R,,SEA,DET,83,77,0.7592,1.0,1,0.058,0.2755
2025-06-05,2025,R,,PHX,GSV,86,77,0.5976,1.0,1,0.1619,0.5149
2025-06-05,2025,R,,WAS,NYL,78,86,0.2667,0.0,1,0.0711,0.3102
2025-06-06,2025,R,,ORL,ATL,84,76,0.4985,1.0,0,0.2515,0.6961
2025-06-06,2025,R,,DET,LAS,79,93,0.5606,0.0,0,0.3143,0.8225
2025-06-07,2025,R,,CHI,IND,52,79,0.5507,0.0,0,0.3033,0.8001
2025-06-07,2025,R,,GSV,UTA,95,68,0.3733,1.0,0,0.3928,0.9854
2025-06-07,2025,R,,PHX,SEA,77,89,0.549,0.0,0,0.3014,0.7963
2025-06-08,2025,R,,DET,MIN,65,81,0.1942,0.0,1,0.0377,0.2159
2025-06-08,2025,R,,WAS,ORL,104,67,0.6184,1.0,1,0.1456,0.4806
2025-06-09,2025,R,,LAS,GSV,81,89,0.5255,0.0,0,0.2761,0.7454
2025-06-10,2025,R,,ATL,IND,77,58,0.6207,1.0,1,0.1439,0.4769
2025-06-10,2025,R,,NYL,CHI,85,66,0.9237,1.0,1,0.0058,0.0794
2025-06-11,2025,R,,UTA,LAS,89,97,0.8469,0.0,0,0.7173,1.8767
2025-06-11,2025,R,,PHX,DET,93,80,0.7926,1.0,1,0.043,0.2325
2025-06-11,2025,R,,SEA,MIN,94,84,0.4659,1.0,0,0.2852,0.7637
2025-06-13,2025,R,,ATL,CHI,88,70,0.7801,1.0,1,0.0484,0.2484
2025-06-13,2025,R,,UTA,DET,88,84,0.8443,1.0,1,0.0242,0.1693
2025-06-14,2025,R,,GSV,SEA,76,70,0.5917,1.0,1,0.1667,0.5247
2025-06-14,2025,R,,IND,NYL,102,88,0.3349,1.0,0,0.4424,1.094
2025-06-14,2025,R,,MIN,LAS,101,78,0.86,1.0,1,0.0196,0.1508
2025-06-15,2025,R,,ORL,CHI,66,78,0.7567,0.0,0,0.5726,1.4135
2025-06-15,2025,R,,UTA,PHX,70,76,0.6645,0.0,0,0.4416,1.0923
2025-06-15,2025,R,,WAS,ATL,56,89,0.6036,0.0,0,0.3643,0.9252
2025-06-17,2025,R,,CHI,WAS,72,79,0.5445,0.0,0,0.2965,0.7864
2025-06-17,2025,R,,DET,GSV,80,71,0.3991,1.0,0,0.3611,0.9186
2025-06-17,2025,R,,IND,ORL,88,71,0.7498,1.0,1,0.0626,0.2879
2025-06-17,2025,R,,LAS,SEA,67,98,0.4295,0.0,1,0.1844,0.5612
2025-06-17,2025,R,,MIN,UTA,76,62,0.7718,1.0,1,0.0521,0.2591
2025-06-17,2025,R,,NYL,ATL,86,81,0.7855,1.0,1,0.046,0.2414
2025-06-18,2025,R,,ORL,PHX,75,83,0.4547,0.0,1,0.2067,0.6063
2025-06-19,2025,R,,GSV,IND,88,77,0.569,1.0,1,0.1857,0.5639
2025-06-19,2025,R,,NYL,PHX,81,89,0.8261,0.0,0,0.6825,1.7495
2025-06-20,2025,R,,ATL,WAS,92,91,0.729,1.0,1,0.0734,0.3161
2025-06-20,2025,R,,ORL,DET,83,86,0.6684,0.0,0,0.4468,1.104
2025-06-20,2025,R,,UTA,SEA,83,90,0.5758,0.0,0,0.3315,0.8575
2025-06-21,2025,R,,CHI,PHX,86,107,0.4446,0.0,1,0.1976,0.588
2025-06-21,2025,R,,MIN,LAS,82,66,0.8848,1.0,1,0.0133,0.1224
2025-06-22,2025,R,,ATL,CHI,93,80,0.8425,1.0,1,0.0248,0.1714
2025-06-22,2025,R,,GSV,ORL,87,63,0.7732,1.0,1,0.0515,0.2573
2025-06-22,2025,R,,UTA,IND,89,81,0.5953,1.0,1,0.1638,0.5187
2025-06-22,2025,R,,SEA,NYL,89,79,0.4691,1.0,0,0.2819,0.757
2025-06-22,2025,R,,WAS,DET,91,88,0.7329,1.0,1,0.0714,0.3108
2025-06-24,2025,R,,CHI,LAS,97,86,0.5645,1.0,1,0.1897,0.5718
2025-06-24,2025,R,,DET,ATL,68,55,0.3417,1.0,0,0.4333,1.0737
2025-06-24,2025,R,,SEA,IND,86,94,0.7289,0.0,0,0.5314,1.3054
2025-06-24,2025,R,,WAS,MIN,68,64,0.3231,1.0,0,0.4582,1.1299
2025-06-25,2025,R,,GSV,NYL,78,81,0.4291,0.0,1,0.1842,0.5606
2025-06-25,2025,R,,UTA,ORL,85,59,0.7857,1.0,1,0.0459,0.2411
2025-06-26,2025,R,,IND,LAS,75,85,0.7976,0.0,0,0.6362,1.5977
2025-06-26,2025,R,,UTA,WAS,83,94,0.6741,0.0,0,0.4544,1.1211
2025-06-27,2025,R,,ATL,MIN,92,96,0.4687,0.0,1,0.2197,0.6324
2025-06-27,2025,R,,DET,IND,86,94,0.4961,0.0,1,0.2461,0.6853
2025-06-27,2025,R,,GSV,CHI,83,78,0.7624,1.0,1,0.0564,0.2713
2025-06-27,2025,R,,PHX,NYL,106,91,0.516,1.0,1,0.2342,0.6616
2025-06-27,2025,R,,SEA,ORL,97,81,0.8469,1.0,1,0.0235,0.1662
2025-06-28,2025,R,,DET,WAS,79,71,0.4141,1.0,0,0.3433,0.8817
2025-06-29,2025,R,,ATL,NYL,90,81,0.4629,1.0,0,0.2884,0.7702
2025-06-29,2025,R,,GSV,SEA,84,57,0.5293,1.0,1,0.2215,0.6362
2025-06-29,2025,R,,LAS,CHI,85,92,0.6692,0.0,0,0.4479,1.1064
2025-06-29,2025,R,,MIN,ORL,102,63,0.8936,1.0,1,0.0113,0.1125
2025-06-29,2025,R,,PHX,UTA,81,84,0.6708,0.0,0,0.4499,1.111
2025-07-03,2025,R,,ATL,SEA,79,80,0.607,0.0,0,0.3685,0.934
2025-07-03,2025,R,,DET,PHX,98,89,0.3982,1.0,0,0.3622,0.9209
2025-07-03,2025,R,,IND,UTA,81,54,0.6426,1.0,1,0.1277,0.4422
2025-07-03,2025,R,,MIN,WAS,92,75,0.8048,1.0,1,0.0381,0.2172
2025-07-03,2025,R,,NYL,LAS,89,79,0.8751,1.0,1,0.0156,0.1335
2025-07-05,2025,R,,IND,LAS,87,89,0.8042,0.0,0,0.6468,1.6309
2025-07-05,2025,R,,MIN,GSV,82,71,0.7425,1.0,1,0.0663,0.2977
2025-07-06,2025,R,,ORL,UTA,68,86,0.4571,0.0,1,0.2089,0.6108
2025-07-06,2025,R,,MIN,CHI,80,75,0.8765,1.0,1,0.0152,0.1318
2025-07-06,2025,R,,NYL,SEA,70,79,0.7014,0.0,0,0.492,1.2088
2025-07-07,2025,R,,ATL,GSV,90,81,0.6713,1.0,1,0.1081,0.3986
2025-07-07,2025,R,,PHX,DET,102,72,0.7845,1.0,1,0.0464,0.2427
2025-07-08,2025,R,,NYL,UTA,87,78,0.7239,1.0,1,0.0762,0.3231
2025-07-08,2025,R,,WAS,CHI,81,79,0.7682,1.0,1,0.0537,0.2637
2025-07-09,2025,R,,CHI,DET,87,76,0.5819,1.0,1,0.1748,0.5415
2025-07-09,2025,R,,ORL,SEA,93,83,0.2928,1.0,0,0.5002,1.2284
2025-07-09,2025,R,,IND,GSV,61,80,0.66,0.0,0,0.4355,1.0787
2025-07-09,2025,R,,PHX,MIN,79,71,0.4163,1.0,0,0.3407,0.8763
2025-07-10,2025,R,,LAS,MIN,82,91,0.2817,0.0,1,0.0794,0.3309
2025-07-10,2025,R,,WAS,UTA,70,68,0.5642,1.0,1,0.1899,0.5724
2025-07-11,2025,R,,IND,ATL,99,82,0.4952,1.0,0,0.2548,0.7027
2025-07-11,2025,R,,SEA,ORL,79,65,0.8374,1.0,1,0.0264,0.1775
2025-07-12,2025,R,,CHI,MIN,87,81,0.2663,1.0,0,0.5383,1.323
2025-07-12,2025,R,,UTA,GSV,104,102,0.5487,1.0,1,0.2037,0.6003
2025-07-13,2025,R,,IND,DET,102,83,0.7426,1.0,1,0.0662,0.2976
2025-07-13,2025,R,,LAS,ORL,92,88,0.6598,1.0,1,0.1157,0.4158
2025-07-13,2025,R,,NYL,ATL,79,72,0.7674,1.0,1,0.0541,0.2648
2025-07-13,2025,R,,SEA,WAS,69,74,0.7057,0.0,0,0.498,1.2232
2025-07-14,2025,R,,CHI,MIN,78,91,0.283,0.0,1,0.0801,0.3327
2025-07-14,2025,R,,GSV,PHX,77,78,0.5332,0.0,0,0.2843,0.7619
2025-07-15,2025,R,,ORL,IND,77,85,0.3864,0.0,1,0.1493,0.4885
2025-07-15,2025,R,,LAS,WAS,99,80,0.4485,1.0,0,0.3041,0.8018
2025-07-16,2025,R,,CHI,ATL,49,86,0.4246,0.0,1,0.1803,0.5527
2025-07-16,2025,R,,DET,UTA,86,90,0.3811,0.0,1,0.1453,0.4799
2025-07-16,2025,R,,MIN,PHX,79,66,0.7281,1.0,1,0.074,0.3174
2025-07-16,2025,R,,NYL,IND,98,77,0.772,1.0,1,0.052,0.2587
2025-07-16,2025,R,,SEA,GSV,67,58,0.6777,1.0,1,0.1039,0.389
2025-07-22,2025,R,,UTA,ATL,87,72,0.5971,1.0,1,0.1623,0.5157
2025-07-22,2025,R,,MIN,CHI,91,68,0.8972,1.0,1,0.0106,0.1085
2025-07-22,2025,R,,NYL,IND,98,84,0.7576,1.0,1,0.0587,0.2776
2025-07-22,2025,R,,SEA,DET,63,87,0.8414,0.0,0,0.708,1.8415
2025-07-22,2025,R,,WAS,LAS,86,93,0.7188,0.0,0,0.5166,1.2685
2025-07-23,2025,R,,PHX,ATL,79,90,0.7076,0.0,0,0.5008,1.2298
2025-07-24,2025,R,,CHI,SEA,57,95,0.3943,0.0,1,0.1555,0.5013
2025-07-24,2025,R,,ORL,LAS,86,101,0.5538,0.0,0,0.3067,0.8069
2025-07-24,2025,R,,IND,UTA,80,70,0.5763,1.0,1,0.1796,0.5512
2025-07-25,2025,R,,GSV,DET,86,76,0.8007,1.0,1,0.0397,0.2223
2025-07-25,2025,R,,MIN,UTA,109,78,0.8179,1.0,1,0.0332,0.201
2025-07-25,2025,R,,NYL,PHX,89,76,0.7563,1.0,1,0.0594,0.2793
2025-07-26,2025,R,,NYL,LAS,99,101,0.8293,0.0,0,0.6878,1.7681
2025-07-26,2025,R,,WAS,SEA,69,58,0.5413,1.0,1,0.2104,0.6138
2025-07-27,2025,R,,CHI,IND,78,93,0.3794,0.0,1,0.144,0.4771
2025-07-27,2025,R,,ORL,GSV,95,64,0.3626,1.0,0,0.4063,1.0144
2025-07-27,2025,R,,DET,UTA,80,106,0.4288,0.0,1,0.1839,0.5601
2025-07-27,2025,R,,MIN,ATL,86,90,0.7428,0.0,0,0.5517,1.3577
2025-07-27,2025,R,,WAS,PHX,72,88,0.5159,0.0,0,0.2661,0.7254
2025-07-28,2025,R,,ORL,SEA,85,101,0.337,0.0,1,0.1135,0.4109
2025-07-28,2025,R,,DET,NYL,92,82,0.2423,1.0,0,0.5742,1.4177
2025-07-29,2025,R,,ATL,GSV,75,77,0.7083,0.0,0,0.5017,1.2321
2025-07-29,2025,R,,LAS,UTA,74,89,0.524,0.0,0,0.2746,0.7423
2025-07-29,2025,R,,WAS,CHI,103,86,0.7626,1.0,1,0.0564,0.2711
2025-07-30,2025,R,,DET,ATL,85,88,0.4078,0.0,1,0.1663,0.524
2025-07-30,2025,R,,IND,PHX,107,101,0.5926,1.0,1,0.166,0.5233
2025-07-30,2025,R,,MIN,NYL,100,93,0.7053,1.0,1,0.0868,0.3491
2025-07-31,2025,R,,WAS,GSV,67,68,0.5646,0.0,0,0.3187,0.8314
2025-08-01,2025,R,,ATL,PHX,95,72,0.6391,1.0,1,0.1303,0.4477
2025-08-01,2025,R,,CHI,GSV,66,73,0.4037,0.0,1,0.1629,0.517
2025-08-01,2025,R,,ORL,NYL,78,62,0.2974,1.0,0,0.4937,1.2127
2025-08-01,2025,R,,DET,IND,78,88,0.3843,0.0,1,0.1477,0.485
2025-08-01,2025,R,,SEA,LAS,106,108,0.7726,0.0,0,0.597,1.4812
2025-08-02,2025,R,,UTA,MIN,58,111,0.4736,0.0,1,0.2243,0.6417
2025-08-03,2025,R,,ATL,WAS,99,83,0.7425,1.0,1,0.0663,0.2977
2025-08-03,2025,R,,CHI,PHX,67,83,0.3336,0.0,1,0.1113,0.4059
2025-08-03,2025,R,,ORL,NYL,78,87,0.3107,0.0,1,0.0965,0.372
2025-08-03,2025,R,,UTA,GSV,101,77,0.5967,1.0,1,0.1626,0.5163
2025-08-03,2025,R,,SEA,IND,74,78,0.5937,0.0,0,0.3524,0.9005
2025-08-05,2025,R,,CHI,WAS,78,64,0.4245,1.0,0,0.3312,0.8568
2025-08-05,2025,R,,LAS,IND,100,91,0.4954,1.0,0,0.2547,0.7025
2025-08-05,2025,R,,NYL,DET,85,76,0.831,1.0,1,0.0286,0.1852
2025-08-05,2025,R,,PHX,ORL,82,66,0.8227,1.0,1,0.0314,0.1951
2025-08-05,2025,R,,SEA,MIN,87,91,0.345,0.0,1,0.119,0.4232
2025-08-06,2025,R,,GSV,UTA,72,78,0.568,0.0,0,0.3227,0.8394
2025-08-07,2025,R,,CHI,ATL,65,86,0.24,0.0,1,0.0576,0.2744
2025-08-07,2025,R,,LAS,ORL,102,91,0.7559,1.0,1,0.0596,0.2798
2025-08-07,2025,R,,PHX,IND,95,60,0.6038,1.0,1,0.157,0.5045
2025-08-08,2025,R,,DET,NYL,77,88,0.2979,0.0,1,0.0888,0.3537
2025-08-08,2025,R,,UTA,SEA,90,86,0.6516,1.0,1,0.1214,0.4283
2025-08-08,2025,R,,MIN,WAS,80,76,0.8894,1.0,1,0.0122,0.1172
2025-08-09,2025,R,,GSV,LAS,72,59,0.6719,1.0,1,0.1077,0.3977
2025-08-09,2025,R,,IND,CHI,92,70,0.8452,1.0,1,0.024,0.1682
2025-08-10,2025,R,,DET,WAS,78,91,0.5159,0.0,0,0.2662,0.7255
2025-08-10,2025,R,,LAS,SEA,94,91,0.5241,1.0,1,0.2265,0.6461
2025-08-10,2025,R,,UTA,ORL,94,86,0.842,1.0,1,0.025,0.172
2025-08-10,2025,R,,NYL,MIN,71,83,0.4676,0.0,1,0.2186,0.6303
2025-08-10,2025,R,,PHX,ATL,66,74,0.5825,0.0,0,0.3393,0.8735
2025-08-11,2025,R,,GSV,ORL,74,57,0.8218,1.0,1,0.0318,0.1963
2025-08-12,2025,R,,IND,DET,80,81,0.848,0.0,0,0.7192,1.8842
2025-08-12,2025,R,,LAS,NYL,97,105,0.4435,0.0,1,0.1967,0.586
2025-08-13,2025,R,,ORL,CHI,71,62,0.597,1.0,1,0.1624,0.5158
2025-08-13,2025,R,,UTA,NYL,83,77,0.6168,1.0,1,0.1469,0.4832
2025-08-13,2025,R,,SEA,ATL,75,85,0.4669,0.0,1,0.218,0.6291
2025-08-13,2025,R,,WAS,GSV,83,88,0.5508,0.0,0,0.3034,0.8004
2025-08-15,2025,R,,ATL,SEA,78,80,0.777,0.0,0,0.6037,1.5005
2025-08-15,2025,R,,CHI,GSV,59,90,0.3167,0.0,1,0.1003,0.3809
2025-08-15,2025,R,,DET,LAS,96,97,0.4716,0.0,1,0.2224,0.6379
2025-08-15,2025,R,,IND,WAS,84,88,0.752,0.0,0,0.5656,1.3945
2025-08-15,2025,R,,PHX,UTA,83,86,0.6228,0.0,0,0.3879,0.975
2025-08-16,2025,R,,MIN,NYL,86,80,0.8071,1.0,1,0.0372,0.2143
2025-08-17,2025,R,,ORL,IND,93,99,0.428,0.0,1,0.1832,0.5587
2025-08-17,2025,R,,GSV,ATL,63,79,0.5197,0.0,0,0.2701,0.7334
2025-08-17,2025,R,,UTA,DET,106,87,0.8695,1.0,1,0.017,0.1398
2025-08-17,2025,R,,SEA,PHX,82,85,0.5682,0.0,0,0.3228,0.8397
2025-08-17,2025,R,,WAS,LAS,95,86,0.5978,1.0,1,0.1618,0.5145
2025-08-19,2025,R,,CHI,SEA,88,94,0.3847,0.0,1,0.148,0.4857
2025-08-19,2025,R,,GSV,PHX,91,98,0.5774,0.0,0,0.3334,0.8613
2025-08-19,2025,R,,UTA,ATL,74,72,0.5776,1.0,1,0.1784,0.5489
2025-08-19,2025,R,,NYL,MIN,85,75,0.4182,1.0,0,0.3385,0.8717
2025-08-19,2025,R,,WAS,ORL,69,80,0.7684,0.0,0,0.5905,1.4628
2025-08-20,2025,R,,LAS,DET,81,80,0.7552,1.0,1,0.0599,0.2808
2025-08-21,2025,R,,ATL,MIN,75,73,0.4806,1.0,0,0.2697,0.7326
2025-08-21,2025,R,,ORL,WAS,67,56,0.5043,1.0,1,0.2457,0.6845
2025-08-21,2025,R,,UTA,PHX,83,61,0.6711,1.0,1,0.1082,0.3988
2025-08-21,2025,R,,NYL,CHI,85,91,0.9114,0.0,0,0.8306,2.4234
2025-08-22,2025,R,,DET,SEA,60,95,0.3704,0.0,1,0.1372,0.4626
2025-08-22,2025,R,,IND,MIN,90,95,0.4006,0.0,1,0.1605,0.5118
2025-08-22,2025,R,,PHX,GSV,81,72,0.6371,1.0,1,0.1317,0.4508
2025-08-23,2025,R,,ATL,NYL,78,62,0.6707,1.0,1,0.1084,0.3994
2025-08-23,2025,R,,CHI,ORL,84,94,0.5187,0.0,0,0.2691,0.7313
2025-08-23,2025,R,,WAS,UTA,81,91,0.3493,0.0,1,0.122,0.4298
2025-08-24,2025,R,,DET,GSV,81,90,0.3733,0.0,1,0.1394,0.4673
2025-08-24,2025,R,,MIN,IND,97,84,0.8386,1.0,1,0.0261,0.176
2025-08-24,2025,R,,WAS,SEA,82,84,0.4547,0.0,1,0.2068,0.6065
2025-08-25,2025,R,,CHI,UTA,74,79,0.1875,0.0,1,0.0352,0.2077
2025-08-25,2025,R,,NYL,ORL,81,79,0.8271,1.0,1,0.0299,0.1898
2025-08-26,2025,R,,IND,SEA,95,75,0.5963,1.0,1,0.163,0.517
2025-08-26,2025,R,,LAS,PHX,84,92,0.5189,0.0,0,0.2692,0.7317
2025-08-27,2025,R,,ATL,UTA,75,81,0.6724,0.0,0,0.4521,1.1159
2025-08-27,2025,R,,DET,ORL,95,101,0.5378,0.0,0,0.2892,0.7717
2025-08-28,2025,R,,MIN,SEA,79,93,0.868,0.0,0,0.7535,2.0253
2025-08-28,2025,R,,NYL,WAS,89,63,0.7975,1.0,1,0.041,0.2263
2025-08-28,2025,R,,PHX,CHI,83,79,0.8866,1.0,1,0.0129,0.1203
2025-08-29,2025,R,,ATL,DET,100,78,0.9125,1.0,1,0.0077,0.0916
2025-08-29,2025,R,,LAS,IND,75,76,0.5069,0.0,0,0.257,0.7071
2025-08-30,2025,R,,ORL,MIN,70,94,0.2443,0.0,1,0.0597,0.2801
2025-08-30,2025,R,,GSV,WAS,99,62,0.7798,1.0,1,0.0485,0.2488
2025-08-30,2025,R,,PHX,NYL,80,63,0.6032,1.0,1,0.1574,0.5054
2025-08-30,2025,R,,SEA,CHI,79,69,0.8729,1.0,1,0.0162,0.1359
2025-08-31,2025,R,,GSV,IND,75,63,0.5733,1.0,1,0.182,0.5563
2025-08-31,2025,R,,LAS,WAS,81,78,0.6999,1.0,1,0.0901,0.3568
2025-09-01,2025,R,,ORL,ATL,76,93,0.2753,0.0,1,0.0758,0.322
2025-09-01,2025,R,,MIN,DET,96,71,0.9388,1.0,1,0.0037,0.0631
2025-09-01,2025,R,,SEA,LAS,85,91,0.7532,0.0,0,0.5674,1.3993
2025-09-02,2025,R,,GSV,NYL,66,58,0.5352,1.0,1,0.216,0.6251
2025-09-02,2025,R,,PHX,IND,85,79,0.7289,1.0,1,0.0735,0.3162
2025-09-03,2025,R,,ATL,LAS,86,75,0.8156,1.0,1,0.034,0.2039
2025-09-03,2025,R,,CHI,ORL,88,64,0.5212,1.0,1,0.2292,0.6516
2025-09-04,2025,R,,GSV,DET,84,80,0.8597,1.0,1,0.0197,0.1512
2025-09-04,2025,R,,UTA,MIN,97,87,0.5824,1.0,1,0.1744,0.5406
2025-09-04,2025,R,,WAS,PHX,69,75,0.3637,0.0,1,0.1323,0.4521
2025-09-05,2025,R,,ATL,LAS,104,85,0.824,1.0,1,0.031,0.1936
2025-09-05,2025,R,,IND,CHI,97,77,0.8588,1.0,1,0.0199,0.1523
2025-09-05,2025,R,,SEA,NYL,76,84,0.5841,0.0,0,0.3412,0.8774
2025-09-06,2025,R,,ORL,PHX,87,84,0.305,1.0,0,0.4831,1.1876
2025-09-06,2025,R,,GSV,MIN,72,78,0.4071,0.0,1,0.1658,0.5228
2025-09-07,2025,R,,LAS,DET,91,77,0.7851,1.0,1,0.0462,0.2419
2025-09-07,2025,R,,UTA,CHI,80,66,0.9354,1.0,1,0.0042,0.0668
2025-09-07,2025,R,,WAS,IND,65,94,0.4411,0.0,1,0.1946,0.5818
2025-09-08,2025,R,,ATL,ORL,87,62,0.8948,1.0,1,0.0111,0.1111
2025-09-09,2025,R,,IND,MIN,83,72,0.3631,1.0,0,0.4056,1.013
2025-09-09,2025,R,,UTA,CHI,92,61,0.9308,1.0,1,0.0048,0.0717
2025-09-09,2025,R,,NYL,WAS,75,66,0.8727,1.0,1,0.0162,0.1362
2025-09-09,2025,R,,PHX,LAS,83,88,0.7969,0.0,0,0.635,1.594
2025-09-09,2025,R,,SEA,GSV,74,73,0.5983,1.0,1,0.1613,0.5136
2025-09-10,2025,R,,ORL,ATL,72,88,0.2449,0.0,1,0.06,0.281
2025-09-11,2025,R,,CHI,NYL,86,91,0.2352,0.0,1,0.0553,0.2681
2025-09-11,2025,R,,DET,PHX,97,76,0.2675,1.0,0,0.5365,1.3185
2025-09-11,2025,R,,LAS,UTA,75,103,0.3509,0.0,1,0.1232,0.4322
2025-09-11,2025,R,,MIN,GSV,72,53,0.7997,1.0,1,0.0401,0.2235
2025-09-14,2025,P,1.0,ATL,IND,80,68,0.7275,1.0,1,0.0743,0.3182
2025-09-14,2025,P,1.0,UTA,SEA,102,77,0.7783,1.0,1,0.0491,0.2506
2025-09-14,2025,P,1.0,MIN,GSV,101,72,0.8122,1.0,1,0.0353,0.2081
2025-09-14,2025,P,1.0,PHX,NYL,69,76,0.576,0.0,0,0.3317,0.8579
2025-09-16,2025,P,1.0,IND,ATL,77,60,0.4484,1.0,0,0.3043,0.8022
2025-09-16,2025,P,1.0,SEA,UTA,86,83,0.3583,1.0,0,0.4117,1.0263
2025-09-17,2025,P,1.0,GSV,MIN,74,75,0.3551,0.0,1,0.1261,0.4386
2025-09-17,2025,P,1.0,NYL,PHX,60,86,0.6953,0.0,0,0.4834,1.1884
2025-09-18,2025,P,1.0,ATL,IND,85,87,0.7192,0.0,0,0.5173,1.2703
2025-09-18,2025,P,1.0,UTA,SEA,74,73,0.8035,1.0,1,0.0386,0.2187
2025-09-19,2025,P,1.0,PHX,NYL,79,73,0.6275,1.0,1,0.1388,0.4661
2025-09-21,2025,P,2.0,UTA,IND,73,89,0.7411,0.0,0,0.5493,1.3515
2025-09-21,2025,P,2.0,MIN,PHX,82,69,0.8004,1.0,1,0.0398,0.2226
2025-09-23,2025,P,2.0,UTA,IND,90,68,0.6715,1.0,1,0.1079,0.3983
2025-09-23,2025,P,2.0,MIN,PHX,83,89,0.7834,0.0,0,0.6138,1.5298
2025-09-26,2025,P,2.0,IND,UTA,72,84,0.5177,0.0,0,0.268,0.7291
2025-09-26,2025,P,2.0,PHX,MIN,84,76,0.473,1.0,0,0.2777,0.7486
2025-09-28,2025,P,2.0,IND,UTA,90,83,0.465,1.0,0,0.2862,0.7657
2025-09-28,2025,P,2.0,PHX,MIN,86,81,0.5176,1.0,1,0.2327,0.6585
2025-09-30,2025,P,2.0,UTA,IND,107,98,0.7182,1.0,1,0.0794,0.3309
2025-10-03,2025,P,3.0,UTA,PHX,89,86,0.6497,1.0,1,0.1227,0.4312
2025-10-05,2025,P,3.0,UTA,PHX,91,78,0.7119,1.0,1,0.083,0.3398
2025-10-08,2025,P,3.0,PHX,UTA,88,90,0.4817,0.0,1,0.2321,0.6572
2025-10-10,2025,P,3.0,PHX,UTA,86,97,0.4504,0.0,1,0.2029,0.5986
