Season,Date,Team,Opponent,OT
1996,1996-09-01,ARI,IND,0
1996,1996-09-01,ATL,CAR,0
1996,1996-09-01,BAL,OAK,0
1996,1996-09-01,BUF,NYG,1
1996,1996-09-01,CAR,ATL,0
1996,1996-09-01,CIN,STL,0
1996,1996-09-01,DEN,NYJ,0
1996,1996-09-01,DET,MIN,0
1996,1996-09-01,GB,TB,0
1996,1996-09-01,IND,ARI,0
1996,1996-09-01,JAX,PIT,0
1996,1996-09-01,KC,TEN,0
1996,1996-09-01,MIA,NE,0
1996,1996-09-01,MIN,DET,0
1996,1996-09-01,NE,MIA,0
1996,1996-09-01,NO,SF,0
1996,1996-09-01,NYG,BUF,1
1996,1996-09-01,NYJ,DEN,0
1996,1996-09-01,OAK,BAL,0
1996,1996-09-01,PHI,WAS,0
1996,1996-09-01,PIT,JAX,0
1996,1996-09-01,SD,SEA,0
1996,1996-09-01,SEA,SD,0
1996,1996-09-01,SF,NO,0
1996,1996-09-01,STL,CIN,0
1996,1996-09-01,TB,GB,0
1996,1996-09-01,TEN,KC,0
1996,1996-09-01,WAS,PHI,0
1996,1996-09-02,CHI,DAL,0
1996,1996-09-02,DAL,CHI,0
1996,1996-09-08,ARI,MIA,0
1996,1996-09-08,ATL,MIN,0
1996,1996-09-08,BAL,PIT,0
1996,1996-09-08,BUF,NE,0
1996,1996-09-08,CAR,NO,0
1996,1996-09-08,CHI,WAS,0
1996,1996-09-08,CIN,SD,0
1996,1996-09-08,DAL,NYG,0
1996,1996-09-08,DEN,SEA,0
1996,1996-09-08,DET,TB,0
1996,1996-09-08,IND,NYJ,0
1996,1996-09-08,JAX,TEN,0
1996,1996-09-08,KC,OAK,0
1996,1996-09-08,MIA,ARI,0
1996,1996-09-08,MIN,ATL,0
1996,1996-09-08,NE,BUF,0
1996,1996-09-08,NO,CAR,0
1996,1996-09-08,NYG,DAL,0
1996,1996-09-08,NYJ,IND,0
1996,1996-09-08,OAK,KC,0
1996,1996-09-08,PIT,BAL,0
1996,1996-09-08,SD,CIN,0
1996,1996-09-08,SEA,DEN,0
1996,1996-09-08,SF,STL,0
1996,1996-09-08,STL,SF,0
1996,1996-09-08,TB,DET,0
1996,1996-09-08,TEN,JAX,0
1996,1996-09-08,WAS,CHI,0
1996,1996-09-09,GB,PHI,0
1996,1996-09-09,PHI,GB,0
1996,1996-09-15,ARI,NE,0
1996,1996-09-15,BAL,TEN,0
1996,1996-09-15,CHI,MIN,0
1996,1996-09-15,CIN,NO,0
1996,1996-09-15,DAL,IND,0
1996,1996-09-15,DEN,TB,0
1996,1996-09-15,DET,PHI,0
1996,1996-09-15,GB,SD,0
1996,1996-09-15,IND,DAL,0
1996,1996-09-15,JAX,OAK,0
1996,1996-09-15,KC,SEA,0
1996,1996-09-15,MIA,NYJ,0
1996,1996-09-15,MIN,CHI,0
1996,1996-09-15,NE,ARI,0
1996,1996-09-15,NO,CIN,0
1996,1996-09-15,NYG,WAS,0
1996,1996-09-15,NYJ,MIA,0
1996,1996-09-15,OAK,JAX,0
1996,1996-09-15,PHI,DET,0
1996,1996-09-15,SD,GB,0
1996,1996-09-15,SEA,KC,0
1996,1996-09-15,TB,DEN,0
1996,1996-09-15,TEN,BAL,0
1996,1996-09-15,WAS,NYG,0
1996,1996-09-16,BUF,PIT,0
1996,1996-09-16,PIT,BUF,0
1996,1996-09-22,ARI,NO,0
1996,1996-09-22,ATL,PHI,0
1996,1996-09-22,BUF,DAL,0
1996,1996-09-22,CAR,SF,0
1996,1996-09-22,CHI,DET,0
1996,1996-09-22,DAL,BUF,0
1996,1996-09-22,DEN,KC,0
1996,1996-09-22,DET,CHI,0
1996,1996-09-22,GB,MIN,0
1996,1996-09-22,JAX,NE,1
1996,1996-09-22,KC,DEN,0
1996,1996-09-22,MIN,GB,0
1996,1996-09-22,NE,JAX,1
1996,1996-09-22,NO,ARI,0
1996,1996-09-22,NYG,NYJ,0
1996,1996-09-22,NYJ,NYG,0
1996,1996-09-22,OAK,SD,0
1996,1996-09-22,PHI,ATL,0
1996,1996-09-22,SD,OAK,0
1996,1996-09-22,SEA,TB,0
1996,1996-09-22,SF,CAR,0
1996,1996-09-22,STL,WAS,0
1996,1996-09-22,TB,SEA,0
1996,1996-09-22,WAS,STL,0
1996,1996-09-23,IND,MIA,0
1996,1996-09-23,MIA,IND,0
1996,1996-09-29,ARI,STL,1
1996,1996-09-29,ATL,SF,0
1996,1996-09-29,BAL,NO,0
1996,1996-09-29,CAR,JAX,0
1996,1996-09-29,CHI,OAK,0
1996,1996-09-29,CIN,DEN,0
1996,1996-09-29,DEN,CIN,0
1996,1996-09-29,DET,TB,0
1996,1996-09-29,GB,SEA,0
1996,1996-09-29,JAX,CAR,0
1996,1996-09-29,KC,SD,0
1996,1996-09-29,MIN,NYG,0
1996,1996-09-29,NO,BAL,0
1996,1996-09-29,NYG,MIN,0
1996,1996-09-29,NYJ,WAS,0
1996,1996-09-29,OAK,CHI,0
1996,1996-09-29,PIT,TEN,0
1996,1996-09-29,SD,KC,0
1996,1996-09-29,SEA,GB,0
1996,1996-09-29,SF,ATL,0
1996,1996-09-29,STL,ARI,1
1996,1996-09-29,TB,DET,0
1996,1996-09-29,TEN,PIT,0
1996,1996-09-29,WAS,NYJ,0
1996,1996-09-30,DAL,PHI,0
1996,1996-09-30,PHI,DAL,0
1996,1996-10-06,ATL,DET,0
1996,1996-10-06,BAL,NE,0
1996,1996-10-06,BUF,IND,1
1996,1996-10-06,CAR,MIN,0
1996,1996-10-06,CHI,GB,0
1996,1996-10-06,CIN,TEN,1
1996,1996-10-06,DEN,SD,0
1996,1996-10-06,DET,ATL,0
1996,1996-10-06,GB,CHI,0
1996,1996-10-06,IND,BUF,1
1996,1996-10-06,JAX,NO,0
1996,1996-10-06,MIA,SEA,0
1996,1996-10-06,MIN,CAR,0
1996,1996-10-06,NE,BAL,0
1996,1996-10-06,NO,JAX,0
1996,1996-10-06,NYJ,OAK,0
1996,1996-10-06,OAK,NYJ,0
1996,1996-10-06,SD,DEN,0
1996,1996-10-06,SEA,MIA,0
1996,1996-10-06,SF,STL,0
1996,1996-10-06,STL,SF,0
1996,1996-10-06,TEN,CIN,1
1996,1996-10-07,KC,PIT,0
1996,1996-10-07,PIT,KC,0
1996,1996-10-13,ARI,DAL,0
1996,1996-10-13,ATL,TEN,0
1996,1996-10-13,BAL,IND,0
1996,1996-10-13,BUF,MIA,0
1996,1996-10-13,CAR,STL,0
1996,1996-10-13,CHI,NO,0
1996,1996-10-13,CIN,PIT,0
1996,1996-10-13,DAL,ARI,0
1996,1996-10-13,DET,OAK,0
1996,1996-10-13,IND,BAL,0
1996,1996-10-13,JAX,NYJ,0
1996,1996-10-13,MIA,BUF,0
1996,1996-10-13,MIN,TB,0
1996,1996-10-13,NE,WAS,0
1996,1996-10-13,NO,CHI,0
1996,1996-10-13,NYG,PHI,0
1996,1996-10-13,NYJ,JAX,0
1996,1996-10-13,OAK,DET,0
1996,1996-10-13,PHI,NYG,0
1996,1996-10-13,PIT,CIN,0
1996,1996-10-13,STL,CAR,0
1996,1996-10-13,TB,MIN,0
1996,1996-10-13,TEN,ATL,0
1996,1996-10-13,WAS,NE,0
1996,1996-10-14,GB,SF,1
1996,1996-10-14,SF,GB,1
1996,1996-10-17,KC,SEA,0
1996,1996-10-17,SEA,KC,0
1996,1996-10-20,ARI,TB,0
1996,1996-10-20,ATL,DAL,0
1996,1996-10-20,BAL,DEN,0
1996,1996-10-20,BUF,NYJ,0
1996,1996-10-20,CAR,NO,0
1996,1996-10-20,CIN,SF,0
1996,1996-10-20,DAL,ATL,0
1996,1996-10-20,DEN,BAL,0
1996,1996-10-20,IND,NE,0
1996,1996-10-20,JAX,STL,0
1996,1996-10-20,MIA,PHI,0
1996,1996-10-20,NE,IND,0
1996,1996-10-20,NO,CAR,0
1996,1996-10-20,NYG,WAS,0
1996,1996-10-20,NYJ,BUF,0
1996,1996-10-20,PHI,MIA,0
1996,1996-10-20,PIT,TEN,0
1996,1996-10-20,SF,CIN,0
1996,1996-10-20,STL,JAX,0
1996,1996-10-20,TB,ARI,0
1996,1996-10-20,TEN,PIT,0
1996,1996-10-20,WAS,NYG,0
1996,1996-10-21,OAK,SD,0
1996,1996-10-21,SD,OAK,0
1996,1996-10-27,ARI,NYJ,0
1996,1996-10-27,ATL,PIT,0
1996,1996-10-27,BAL,STL,1
1996,1996-10-27,BUF,NE,0
1996,1996-10-27,CAR,PHI,0
1996,1996-10-27,CIN,JAX,0
1996,1996-10-27,DAL,MIA,0
1996,1996-10-27,DEN,KC,0
1996,1996-10-27,DET,NYG,0
1996,1996-10-27,GB,TB,0
1996,1996-10-27,IND,WAS,0
1996,1996-10-27,JAX,CIN,0
1996,1996-10-27,KC,DEN,0
1996,1996-10-27,MIA,DAL,0
1996,1996-10-27,NE,BUF,0
1996,1996-10-27,NYG,DET,0
1996,1996-10-27,NYJ,ARI,0
1996,1996-10-27,PHI,CAR,0
1996,1996-10-27,PIT,ATL,0
1996,1996-10-27,SD,SEA,0
1996,1996-10-27,SEA,SD,0
1996,1996-10-27,SF,TEN,0
1996,1996-10-27,STL,BAL,1
1996,1996-10-27,TB,GB,0
1996,1996-10-27,TEN,SF,0
1996,1996-10-27,WAS,IND,0
1996,1996-10-28,CHI,MIN,0
1996,1996-10-28,MIN,CHI,0
1996,1996-11-03,ARI,NYG,0
1996,1996-11-03,ATL,CAR,0
1996,1996-11-03,BAL,CIN,0
1996,1996-11-03,BUF,WAS,0
1996,1996-11-03,CAR,ATL,0
1996,1996-11-03,CHI,TB,0
1996,1996-11-03,CIN,BAL,0
1996,1996-11-03,DAL,PHI,0
1996,1996-11-03,DET,GB,0
1996,1996-11-03,GB,DET,0
1996,1996-11-03,IND,SD,0
1996,1996-11-03,KC,MIN,0
1996,1996-11-03,MIA,NE,0
1996,1996-11-03,MIN,KC,0
1996,1996-11-03,NE,MIA,0
1996,1996-11-03,NO,SF,0
1996,1996-11-03,NYG,ARI,0
1996,1996-11-03,PHI,DAL,0
1996,1996-11-03,PIT,STL,0
1996,1996-11-03,SD,IND,0
1996,1996-11-03,SEA,TEN,0
1996,1996-11-03,SF,NO,0
1996,1996-11-03,STL,PIT,0
1996,1996-11-03,TB,CHI,0
1996,1996-11-03,TEN,SEA,0
1996,1996-11-03,WAS,BUF,0
1996,1996-11-04,DEN,OAK,0
1996,1996-11-04,OAK,DEN,0
1996,1996-11-10,ARI,WAS,1
1996,1996-11-10,ATL,STL,0
1996,1996-11-10,BAL,JAX,0
1996,1996-11-10,BUF,PHI,0
1996,1996-11-10,CAR,NYG,0
1996,1996-11-10,CHI,DEN,0
1996,1996-11-10,CIN,PIT,0
1996,1996-11-10,DAL,SF,1
1996,1996-11-10,DEN,CHI,0
1996,1996-11-10,GB,KC,0
1996,1996-11-10,IND,MIA,0
1996,1996-11-10,JAX,BAL,0
1996,1996-11-10,KC,GB,0
1996,1996-11-10,MIA,IND,0
1996,1996-11-10,MIN,SEA,0
1996,1996-11-10,NE,NYJ,0
1996,1996-11-10,NO,TEN,0
1996,1996-11-10,NYG,CAR,0
1996,1996-11-10,NYJ,NE,0
1996,1996-11-10,OAK,TB,1
1996,1996-11-10,PHI,BUF,0
1996,1996-11-10,PIT,CIN,0
1996,1996-11-10,SEA,MIN,0
1996,1996-11-10,SF,DAL,1
1996,1996-11-10,STL,ATL,0
1996,1996-11-10,TB,OAK,1
1996,1996-11-10,TEN,NO,0
1996,1996-11-10,WAS,ARI,1
1996,1996-11-11,DET,SD,0
1996,1996-11-11,SD,DET,0
1996,1996-11-17,ARI,NYG,0
1996,1996-11-17,ATL,NO,0
1996,1996-11-17,BAL,SF,0
1996,1996-11-17,BUF,CIN,0
1996,1996-11-17,CAR,STL,0
1996,1996-11-17,CHI,KC,0
1996,1996-11-17,CIN,BUF,0
1996,1996-11-17,DEN,NE,0
1996,1996-11-17,DET,SEA,0
1996,1996-11-17,IND,NYJ,0
1996,1996-11-17,JAX,PIT,0
1996,1996-11-17,KC,CHI,0
1996,1996-11-17,MIA,TEN,0
1996,1996-11-17,MIN,OAK,1
1996,1996-11-17,NE,DEN,0
1996,1996-11-17,NO,ATL,0
1996,1996-11-17,NYG,ARI,0
1996,1996-11-17,NYJ,IND,0
1996,1996-11-17,OAK,MIN,1
1996,1996-11-17,PHI,WAS,0
1996,1996-11-17,PIT,JAX,0
1996,1996-11-17,SD,TB,0
1996,1996-11-17,SEA,DET,0
1996,1996-11-17,SF,BAL,0
1996,1996-11-17,STL,CAR,0
1996,1996-11-17,TB,SD,0
1996,1996-11-17,TEN,MIA,0
1996,1996-11-17,WAS,PHI,0
1996,1996-11-18,DAL,GB,0
1996,1996-11-18,GB,DAL,0
1996,1996-11-24,ARI,PHI,0
1996,1996-11-24,ATL,CIN,0
1996,1996-11-24,BAL,JAX,1
1996,1996-11-24,BUF,NYJ,0
1996,1996-11-24,CAR,TEN,0
1996,1996-11-24,CHI,DET,0
1996,1996-11-24,CIN,ATL,0
1996,1996-11-24,DAL,NYG,0
1996,1996-11-24,DEN,MIN,0
1996,1996-11-24,DET,CHI,0
1996,1996-11-24,GB,STL,0
1996,1996-11-24,IND,NE,0
1996,1996-11-24,JAX,BAL,1
1996,1996-11-24,KC,SD,0
1996,1996-11-24,MIN,DEN,0
1996,1996-11-24,NE,IND,0
1996,1996-11-24,NO,TB,0
1996,1996-11-24,NYG,DAL,0
1996,1996-11-24,NYJ,BUF,0
1996,1996-11-24,OAK,SEA,0
1996,1996-11-24,PHI,ARI,0
1996,1996-11-24,SD,KC,0
1996,1996-11-24,SEA,OAK,0
1996,1996-11-24,SF,WAS,1
1996,1996-11-24,STL,GB,0
1996,1996-11-24,TB,NO,0
1996,1996-11-24,TEN,CAR,0
1996,1996-11-24,WAS,SF,1
1996,1996-11-25,MIA,PIT,0
1996,1996-11-25,PIT,MIA,0
1996,1996-11-28,DAL,WAS,0
1996,1996-11-28,DET,KC,0
1996,1996-11-28,KC,DET,0
1996,1996-11-28,WAS,DAL,0
1996,1996-12-01,ARI,MIN,0
1996,1996-12-01,BAL,PIT,0
1996,1996-12-01,BUF,IND,1
1996,1996-12-01,CAR,TB,0
1996,1996-12-01,CHI,GB,0
1996,1996-12-01,CIN,JAX,0
1996,1996-12-01,DEN,SEA,0
1996,1996-12-01,GB,CHI,0
1996,1996-12-01,IND,BUF,1
1996,1996-12-01,JAX,CIN,0
1996,1996-12-01,MIA,OAK,0
1996,1996-12-01,MIN,ARI,0
1996,1996-12-01,NE,SD,0
1996,1996-12-01,NO,STL,0
1996,1996-12-01,NYG,PHI,0
1996,1996-12-01,NYJ,TEN,0
1996,1996-12-01,OAK,MIA,0
1996,1996-12-01,PHI,NYG,0
1996,1996-12-01,PIT,BAL,0
1996,1996-12-01,SD,NE,0
1996,1996-12-01,SEA,DEN,0
1996,1996-12-01,STL,NO,0
1996,1996-12-01,TB,CAR,0
1996,1996-12-01,TEN,NYJ,0
1996,1996-12-02,ATL,SF,0
1996,1996-12-02,SF,ATL,0
1996,1996-12-05,IND,PHI,0
1996,1996-12-05,PHI,IND,0
1996,1996-12-08,ARI,DAL,0
1996,1996-12-08,ATL,NO,0
1996,1996-12-08,BAL,CIN,0
1996,1996-12-08,BUF,SEA,0
1996,1996-12-08,CAR,SF,0
1996,1996-12-08,CHI,STL,0
1996,1996-12-08,CIN,BAL,0
1996,1996-12-08,DAL,ARI,0
1996,1996-12-08,DEN,GB,0
1996,1996-12-08,DET,MIN,0
1996,1996-12-08,GB,DEN,0
1996,1996-12-08,JAX,TEN,0
1996,1996-12-08,MIA,NYG,0
1996,1996-12-08,MIN,DET,0
1996,1996-12-08,NE,NYJ,0
1996,1996-12-08,NO,ATL,0
1996,1996-12-08,NYG,MIA,0
1996,1996-12-08,NYJ,NE,0
1996,1996-12-08,PIT,SD,0
1996,1996-12-08,SD,PIT,0
1996,1996-12-08,SEA,BUF,0
1996,1996-12-08,SF,CAR,0
1996,1996-12-08,STL,CHI,0
1996,1996-12-08,TB,WAS,0
1996,1996-12-08,TEN,JAX,0
1996,1996-12-08,WAS,TB,0
1996,1996-12-09,KC,OAK,0
1996,1996-12-09,OAK,KC,0
1996,1996-12-14,CHI,SD,0
1996,1996-12-14,NYJ,PHI,0
1996,1996-12-14,PHI,NYJ,0
1996,1996-12-14,SD,CHI,0
1996,1996-12-15,ARI,WAS,0
1996,1996-12-15,ATL,STL,0
1996,1996-12-15,BAL,CAR,0
1996,1996-12-15,CAR,BAL,0
1996,1996-12-15,CIN,TEN,0
1996,1996-12-15,DAL,NE,0
1996,1996-12-15,DEN,OAK,0
1996,1996-12-15,DET,GB,0
1996,1996-12-15,GB,DET,0
1996,1996-12-15,IND,KC,0
1996,1996-12-15,JAX,SEA,0
1996,1996-12-15,KC,IND,0
1996,1996-12-15,MIN,TB,0
1996,1996-12-15,NE,DAL,0
1996,1996-12-15,NO,NYG,0
1996,1996-12-15,NYG,NO,0
1996,1996-12-15,OAK,DEN,0
1996,1996-12-15,PIT,SF,0
1996,1996-12-15,SEA,JAX,0
1996,1996-12-15,SF,PIT,0
1996,1996-12-15,STL,ATL,0
1996,1996-12-15,TB,MIN,0
1996,1996-12-15,TEN,CIN,0
1996,1996-12-15,WAS,ARI,0
1996,1996-12-16,BUF,MIA,0
1996,1996-12-16,MIA,BUF,0
1996,1996-12-21,NE,NYG,0
1996,1996-12-21,NO,STL,0
1996,1996-12-21,NYG,NE,0
1996,1996-12-21,STL,NO,0
1996,1996-12-22,ARI,PHI,0
1996,1996-12-22,ATL,JAX,0
1996,1996-12-22,BAL,TEN,0
1996,1996-12-22,BUF,KC,0
1996,1996-12-22,CAR,PIT,0
1996,1996-12-22,CHI,TB,0
1996,1996-12-22,CIN,IND,0
1996,1996-12-22,DAL,WAS,0
1996,1996-12-22,DEN,SD,0
1996,1996-12-22,GB,MIN,0
1996,1996-12-22,IND,CIN,0
1996,1996-12-22,JAX,ATL,0
1996,1996-12-22,KC,BUF,0
1996,1996-12-22,MIA,NYJ,0
1996,1996-12-22,MIN,GB,0
1996,1996-12-22,NYJ,MIA,0
1996,1996-12-22,OAK,SEA,0
1996,1996-12-22,PHI,ARI,0
1996,1996-12-22,PIT,CAR,0
1996,1996-12-22,SD,DEN,0
1996,1996-12-22,SEA,OAK,0
1996,1996-12-22,TB,CHI,0
1996,1996-12-22,TEN,BAL,0
1996,1996-12-22,WAS,DAL,0
1996,1996-12-23,DET,SF,0
1996,1996-12-23,SF,DET,0
1996,1996-12-28,BUF,JAX,0
1996,1996-12-28,DAL,MIN,0
1996,1996-12-28,JAX,BUF,0
1996,1996-12-28,MIN,DAL,0
1996,1996-12-29,IND,PIT,0
1996,1996-12-29,PHI,SF,0
1996,1996-12-29,PIT,IND,0
1996,1996-12-29,SF,PHI,0
1996,1997-01-04,DEN,JAX,0
1996,1997-01-04,GB,SF,0
1996,1997-01-04,JAX,DEN,0
1996,1997-01-04,SF,GB,0
1996,1997-01-05,CAR,DAL,0
1996,1997-01-05,DAL,CAR,0
1996,1997-01-05,NE,PIT,0
1996,1997-01-05,PIT,NE,0
1996,1997-01-12,CAR,GB,0
1996,1997-01-12,GB,CAR,0
1996,1997-01-12,JAX,NE,0
1996,1997-01-12,NE,JAX,0
1996,1997-01-26,GB,NE,0
1996,1997-01-26,NE,GB,0
1997,1997-08-31,ARI,CIN,0
1997,1997-08-31,ATL,DET,0
1997,1997-08-31,BAL,JAX,0
1997,1997-08-31,BUF,MIN,0
1997,1997-08-31,CAR,WAS,0
1997,1997-08-31,CIN,ARI,0
1997,1997-08-31,DAL,PIT,0
1997,1997-08-31,DEN,KC,0
1997,1997-08-31,DET,ATL,0
1997,1997-08-31,IND,MIA,0
1997,1997-08-31,JAX,BAL,0
1997,1997-08-31,KC,DEN,0
1997,1997-08-31,MIA,IND,0
1997,1997-08-31,MIN,BUF,0
1997,1997-08-31,NE,SD,0
1997,1997-08-31,NO,STL,0
1997,1997-08-31,NYG,PHI,0
1997,1997-08-31,NYJ,SEA,0
1997,1997-08-31,OAK,TEN,1
1997,1997-08-31,PHI,NYG,0
1997,1997-08-31,PIT,DAL,0
1997,1997-08-31,SD,NE,0
1997,1997-08-31,SEA,NYJ,0
1997,1997-08-31,SF,TB,0
1997,1997-08-31,STL,NO,0
1997,1997-08-31,TB,SF,0
1997,1997-08-31,TEN,OAK,1
1997,1997-08-31,WAS,CAR,0
1997,1997-09-01,CHI,GB,0
1997,1997-09-01,GB,CHI,0
1997,1997-09-07,ARI,DAL,1
1997,1997-09-07,ATL,CAR,0
1997,1997-09-07,BAL,CIN,0
1997,1997-09-07,BUF,NYJ,0
1997,1997-09-07,CAR,ATL,0
1997,1997-09-07,CHI,MIN,0
1997,1997-09-07,CIN,BAL,0
1997,1997-09-07,DAL,ARI,1
1997,1997-09-07,DEN,SEA,0
1997,1997-09-07,DET,TB,0
1997,1997-09-07,GB,PHI,0
1997,1997-09-07,IND,NE,0
1997,1997-09-07,JAX,NYG,0
1997,1997-09-07,MIA,TEN,1
1997,1997-09-07,MIN,CHI,0
1997,1997-09-07,NE,IND,0
1997,1997-09-07,NO,SD,0
1997,1997-09-07,NYG,JAX,0
1997,1997-09-07,NYJ,BUF,0
1997,1997-09-07,PHI,GB,0
1997,1997-09-07,PIT,WAS,0
1997,1997-09-07,SD,NO,0
1997,1997-09-07,SEA,DEN,0
1997,1997-09-07,SF,STL,0
1997,1997-09-07,STL,SF,0
1997,1997-09-07,TB,DET,0
1997,1997-09-07,TEN,MIA,1
1997,1997-09-07,WAS,PIT,0
1997,1997-09-08,KC,OAK,0
1997,1997-09-08,OAK,KC,0
1997,1997-09-14,ARI,WAS,1
1997,1997-09-14,ATL,OAK,0
1997,1997-09-14,BAL,NYG,0
1997,1997-09-14,BUF,KC,0
1997,1997-09-14,CAR,SD,0
1997,1997-09-14,CHI,DET,0
1997,1997-09-14,DEN,STL,0
1997,1997-09-14,DET,CHI,0
1997,1997-09-14,GB,MIA,0
1997,1997-09-14,IND,SEA,0
1997,1997-09-14,KC,BUF,0
1997,1997-09-14,MIA,GB,0
1997,1997-09-14,MIN,TB,0
1997,1997-09-14,NE,NYJ,1
1997,1997-09-14,NO,SF,0
1997,1997-09-14,NYG,BAL,0
1997,1997-09-14,NYJ,NE,1
1997,1997-09-14,OAK,ATL,0
1997,1997-09-14,SD,CAR,0
1997,1997-09-14,SEA,IND,0
1997,1997-09-14,SF,NO,0
1997,1997-09-14,STL,DEN,0
1997,1997-09-14,TB,MIN,0
1997,1997-09-14,WAS,ARI,0
1997,1997-09-15,DAL,PHI,0
1997,1997-09-15,PHI,DAL,0
1997,1997-09-21,ATL,SF,0
1997,1997-09-21,BAL,TEN,0
1997,1997-09-21,BUF,IND,0
1997,1997-09-21,CAR,KC,0
1997,1997-09-21,CHI,NE,0
1997,1997-09-21,CIN,DEN,0
1997,1997-09-21,DEN,CIN,0
1997,1997-09-21,DET,NO,0
1997,1997-09-21,GB,MIN,0
1997,1997-09-21,IND,BUF,0
1997,1997-09-21,KC,CAR,0
1997,1997-09-21,MIA,TB,0
1997,1997-09-21,MIN,GB,0
1997,1997-09-21,NE,CHI,0
1997,1997-09-21,NO,DET,0
1997,1997-09-21,NYG,STL,0
1997,1997-09-21,NYJ,OAK,0
1997,1997-09-21,OAK,NYJ,0
1997,1997-09-21,SD,SEA,0
1997,1997-09-21,SEA,SD,0
1997,1997-09-21,SF,ATL,0
1997,1997-09-21,STL,NYG,0
1997,1997-09-21,TB,MIA,0
1997,1997-09-21,TEN,BAL,0
1997,1997-09-22,JAX,PIT,0
1997,1997-09-22,PIT,JAX,0
1997,1997-09-28,ARI,TB,0
1997,1997-09-28,ATL,DEN,0
1997,1997-09-28,BAL,SD,0
1997,1997-09-28,CHI,DAL,0
1997,1997-09-28,CIN,NYJ,0
1997,1997-09-28,DAL,CHI,0
1997,1997-09-28,DEN,ATL,0
1997,1997-09-28,DET,GB,0
1997,1997-09-28,GB,DET,0
1997,1997-09-28,JAX,WAS,0
1997,1997-09-28,KC,SEA,1
1997,1997-09-28,MIN,PHI,0
1997,1997-09-28,NO,NYG,0
1997,1997-09-28,NYG,NO,0
1997,1997-09-28,NYJ,CIN,0
1997,1997-09-28,OAK,STL,0
1997,1997-09-28,PHI,MIN,0
1997,1997-09-28,PIT,TEN,0
1997,1997-09-28,SD,BAL,0
1997,1997-09-28,SEA,KC,1
1997,1997-09-28,STL,OAK,0
1997,1997-09-28,TB,ARI,0
1997,1997-09-28,TEN,PIT,0
1997,1997-09-28,WAS,JAX,0
1997,1997-09-29,CAR,SF,0
1997,1997-09-29,SF,CAR,0
1997,1997-10-05,ARI,MIN,0
1997,1997-10-05,BAL,PIT,0
1997,1997-10-05,BUF,DET,0
1997,1997-10-05,CHI,NO,0
1997,1997-10-05,CIN,JAX,0
1997,1997-10-05,DAL,NYG,0
1997,1997-10-05,DET,BUF,0
1997,1997-10-05,GB,TB,0
1997,1997-10-05,IND,NYJ,0
1997,1997-10-05,JAX,CIN,0
1997,1997-10-05,KC,MIA,0
1997,1997-10-05,MIA,KC,0
1997,1997-10-05,MIN,ARI,0
1997,1997-10-05,NO,CHI,0
1997,1997-10-05,NYG,DAL,0
1997,1997-10-05,NYJ,IND,0
1997,1997-10-05,OAK,SD,0
1997,1997-10-05,PHI,WAS,0
1997,1997-10-05,PIT,BAL,0
1997,1997-10-05,SD,OAK,0
1997,1997-10-05,SEA,TEN,0
1997,1997-10-05,TB,GB,0
1997,1997-10-05,TEN,SEA,0
1997,1997-10-05,WAS,PHI,0
1997,1997-10-06,DEN,NE,0
1997,1997-10-06,NE,DEN,0
1997,1997-10-12,ARI,NYG,0
1997,1997-10-12,ATL,NO,0
1997,1997-10-12,BUF,NE,0
1997,1997-10-12,CAR,MIN,0
1997,1997-10-12,CHI,GB,0
1997,1997-10-12,CIN,TEN,0
1997,1997-10-12,DET,TB,0
1997,1997-10-12,GB,CHI,0
1997,1997-10-12,IND,PIT,0
1997,1997-10-12,JAX,PHI,0
1997,1997-10-12,MIA,NYJ,0
1997,1997-10-12,MIN,CAR,0
1997,1997-10-12,NE,BUF,0
1997,1997-10-12,NO,ATL,0
1997,1997-10-12,NYG,ARI,0
1997,1997-10-12,NYJ,MIA,0
1997,1997-10-12,PHI,JAX,0
1997,1997-10-12,PIT,IND,0
1997,1997-10-12,SF,STL,0
1997,1997-10-12,STL,SF,0
1997,1997-10-12,TB,DET,0
1997,1997-10-12,TEN,CIN,0
1997,1997-10-13,DAL,WAS,0
1997,1997-10-13,WAS,DAL,0
1997,1997-10-16,KC,SD,0
1997,1997-10-16,SD,KC,0
1997,1997-10-19,ARI,PHI,1
1997,1997-10-19,ATL,SF,0
1997,1997-10-19,BAL,MIA,0
1997,1997-10-19,CAR,NO,0
1997,1997-10-19,CIN,PIT,0
1997,1997-10-19,DAL,JAX,0
1997,1997-10-19,DEN,OAK,0
1997,1997-10-19,DET,NYG,1
1997,1997-10-19,JAX,DAL,0
1997,1997-10-19,MIA,BAL,0
1997,1997-10-19,NE,NYJ,0
1997,1997-10-19,NO,CAR,0
1997,1997-10-19,NYG,DET,1
1997,1997-10-19,NYJ,NE,0
1997,1997-10-19,OAK,DEN,0
1997,1997-10-19,PHI,ARI,1
1997,1997-10-19,PIT,CIN,0
1997,1997-10-19,SEA,STL,0
1997,1997-10-19,SF,ATL,0
1997,1997-10-19,STL,SEA,0
1997,1997-10-19,TEN,WAS,0
1997,1997-10-19,WAS,TEN,0
1997,1997-10-20,BUF,IND,0
1997,1997-10-20,IND,BUF,0
1997,1997-10-26,ARI,TEN,0
1997,1997-10-26,ATL,CAR,0
1997,1997-10-26,BAL,WAS,0
1997,1997-10-26,BUF,DEN,1
1997,1997-10-26,CAR,ATL,0
1997,1997-10-26,CIN,NYG,0
1997,1997-10-26,DAL,PHI,0
1997,1997-10-26,DEN,BUF,1
1997,1997-10-26,IND,SD,0
1997,1997-10-26,JAX,PIT,1
1997,1997-10-26,KC,STL,0
1997,1997-10-26,MIN,TB,0
1997,1997-10-26,NO,SF,0
1997,1997-10-26,NYG,CIN,0
1997,1997-10-26,OAK,SEA,0
1997,1997-10-26,PHI,DAL,0
1997,1997-10-26,PIT,JAX,1
1997,1997-10-26,SD,IND,0
1997,1997-10-26,SEA,OAK,0
1997,1997-10-26,SF,NO,0
1997,1997-10-26,STL,KC,0
1997,1997-10-26,TB,MIN,0
1997,1997-10-26,TEN,ARI,0
1997,1997-10-26,WAS,BAL,0
1997,1997-10-27,CHI,MIA,1
1997,1997-10-27,GB,NE,0
1997,1997-10-27,MIA,CHI,1
1997,1997-10-27,NE,GB,0
1997,1997-11-02,ARI,PHI,0
1997,1997-11-02,ATL,STL,0
1997,1997-11-02,BAL,NYJ,1
1997,1997-11-02,BUF,MIA,0
1997,1997-11-02,CAR,OAK,0
1997,1997-11-02,CHI,WAS,0
1997,1997-11-02,CIN,SD,0
1997,1997-11-02,DAL,SF,0
1997,1997-11-02,DEN,SEA,0
1997,1997-11-02,DET,GB,0
1997,1997-11-02,GB,DET,0
1997,1997-11-02,IND,TB,0
1997,1997-11-02,JAX,TEN,0
1997,1997-11-02,MIA,BUF,0
1997,1997-11-02,MIN,NE,0
1997,1997-11-02,NE,MIN,0
1997,1997-11-02,NYJ,BAL,1
1997,1997-11-02,OAK,CAR,0
1997,1997-11-02,PHI,ARI,0
1997,1997-11-02,SD,CIN,0
1997,1997-11-02,SEA,DEN,0
1997,1997-11-02,SF,DAL,0
1997,1997-11-02,STL,ATL,0
1997,1997-11-02,TB,IND,0
1997,1997-11-02,TEN,JAX,0
1997,1997-11-02,WAS,CHI,0
1997,1997-11-03,KC,PIT,0
1997,1997-11-03,PIT,KC,0
1997,1997-11-09,ARI,DAL,0
1997,1997-11-09,ATL,TB,0
1997,1997-11-09,BAL,PIT,0
1997,1997-11-09,BUF,NE,0
1997,1997-11-09,CAR,DEN,0
1997,1997-11-09,CHI,MIN,0
1997,1997-11-09,CIN,IND,0
1997,1997-11-09,DAL,ARI,0
1997,1997-11-09,DEN,CAR,0
1997,1997-11-09,DET,WAS,0
1997,1997-11-09,GB,STL,0
1997,1997-11-09,IND,CIN,0
1997,1997-11-09,JAX,KC,0
1997,1997-11-09,KC,JAX,0
1997,1997-11-09,MIA,NYJ,0
1997,1997-11-09,MIN,CHI,0
1997,1997-11-09,NE,BUF,0
1997,1997-11-09,NO,OAK,0
1997,1997-11-09,NYG,TEN,0
1997,1997-11-09,NYJ,MIA,0
1997,1997-11-09,OAK,NO,0
1997,1997-11-09,PIT,BAL,0
1997,1997-11-09,SD,SEA,0
1997,1997-11-09,SEA,SD,0
1997,1997-11-09,STL,GB,0
1997,1997-11-09,TB,ATL,0
1997,1997-11-09,TEN,NYG,0
1997,1997-11-09,WAS,DET,0
1997,1997-11-10,PHI,SF,0
1997,1997-11-10,SF,PHI,0
1997,1997-11-16,ARI,NYG,0
1997,1997-11-16,ATL,STL,0
1997,1997-11-16,BAL,PHI,1
1997,1997-11-16,CAR,SF,0
1997,1997-11-16,CHI,NYJ,0
1997,1997-11-16,CIN,PIT,0
1997,1997-11-16,DAL,WAS,0
1997,1997-11-16,DEN,KC,0
1997,1997-11-16,DET,MIN,0
1997,1997-11-16,GB,IND,0
1997,1997-11-16,IND,GB,0
1997,1997-11-16,JAX,TEN,0
1997,1997-11-16,KC,DEN,0
1997,1997-11-16,MIN,DET,0
1997,1997-11-16,NE,TB,0
1997,1997-11-16,NO,SEA,1
1997,1997-11-16,NYG,ARI,0
1997,1997-11-16,NYJ,CHI,0
1997,1997-11-16,OAK,SD,0
1997,1997-11-16,PHI,BAL,1
1997,1997-11-16,PIT,CIN,0
1997,1997-11-16,SD,OAK,0
1997,1997-11-16,SEA,NO,1
1997,1997-11-16,SF,CAR,0
1997,1997-11-16,STL,ATL,0
1997,1997-11-16,TB,NE,0
1997,1997-11-16,TEN,JAX,0
1997,1997-11-16,WAS,DAL,0
1997,1997-11-17,BUF,MIA,0
1997,1997-11-17,MIA,BUF,0
1997,1997-11-23,ARI,BAL,0
1997,1997-11-23,ATL,NO,0
1997,1997-11-23,BAL,ARI,0
1997,1997-11-23,BUF,TEN,0
1997,1997-11-23,CAR,STL,0
1997,1997-11-23,CHI,TB,0
1997,1997-11-23,CIN,JAX,0
1997,1997-11-23,DAL,GB,0
1997,1997-11-23,DET,IND,0
1997,1997-11-23,GB,DAL,0
1997,1997-11-23,IND,DET,0
1997,1997-11-23,JAX,CIN,0
1997,1997-11-23,KC,SEA,0
1997,1997-11-23,MIA,NE,0
1997,1997-11-23,MIN,NYJ,0
1997,1997-11-23,NE,MIA,0
1997,1997-11-23,NO,ATL,0
1997,1997-11-23,NYG,WAS,1
1997,1997-11-23,NYJ,MIN,0
1997,1997-11-23,PHI,PIT,0
1997,1997-11-23,PIT,PHI,0
1997,1997-11-23,SD,SF,0
1997,1997-11-23,SEA,KC,0
1997,1997-11-23,SF,SD,0
1997,1997-11-23,STL,CAR,0
1997,1997-11-23,TB,CHI,0
1997,1997-11-23,TEN,BUF,0
1997,1997-11-23,WAS,NYG,1
1997,1997-11-24,DEN,OAK,0
1997,1997-11-24,OAK,DEN,0
1997,1997-11-27,CHI,DET,0
1997,1997-11-27,DAL,TEN,0
1997,1997-11-27,DET,CHI,0
1997,1997-11-27,TEN,DAL,0
1997,1997-11-30,ARI,PIT,1
1997,1997-11-30,ATL,SEA,0
1997,1997-11-30,BAL,JAX,0
1997,1997-11-30,BUF,NYJ,0
1997,1997-11-30,CAR,NO,0
1997,1997-11-30,CIN,PHI,0
1997,1997-11-30,DEN,SD,0
1997,1997-11-30,IND,NE,0
1997,1997-11-30,JAX,BAL,0
1997,1997-11-30,KC,SF,0
1997,1997-11-30,MIA,OAK,0
1997,1997-11-30,NE,IND,0
1997,1997-11-30,NO,CAR,0
1997,1997-11-30,NYG,TB,0
1997,1997-11-30,NYJ,BUF,0
1997,1997-11-30,OAK,MIA,0
1997,1997-11-30,PHI,CIN,0
1997,1997-11-30,PIT,ARI,1
1997,1997-11-30,SD,DEN,0
1997,1997-11-30,SEA,ATL,0
1997,1997-11-30,SF,KC,0
1997,1997-11-30,STL,WAS,0
1997,1997-11-30,TB,NYG,0
1997,1997-11-30,WAS,STL,0
1997,1997-12-01,GB,MIN,0
1997,1997-12-01,MIN,GB,0
1997,1997-12-04,CIN,TEN,0
1997,1997-12-04,TEN,CIN,0
1997,1997-12-07,ARI,WAS,0
1997,1997-12-07,ATL,SD,0
1997,1997-12-07,BAL,SEA,0
1997,1997-12-07,BUF,CHI,0
1997,1997-12-07,CHI,BUF,0
1997,1997-12-07,DEN,PIT,0
1997,1997-12-07,DET,MIA,0
1997,1997-12-07,GB,TB,0
1997,1997-12-07,IND,NYJ,0
1997,1997-12-07,JAX,NE,0
1997,1997-12-07,KC,OAK,0
1997,1997-12-07,MIA,DET,0
1997,1997-12-07,MIN,SF,0
1997,1997-12-07,NE,JAX,0
1997,1997-12-07,NO,STL,0
1997,1997-12-07,NYG,PHI,0
1997,1997-12-07,NYJ,IND,0
1997,1997-12-07,OAK,KC,0
1997,1997-12-07,PHI,NYG,0
1997,1997-12-07,PIT,DEN,0
1997,1997-12-07,SD,ATL,0
1997,1997-12-07,SEA,BAL,0
1997,1997-12-07,SF,MIN,0
1997,1997-12-07,STL,NO,0
1997,1997-12-07,TB,GB,0
1997,1997-12-07,WAS,ARI,0
1997,1997-12-08,CAR,DAL,0
1997,1997-12-08,DAL,CAR,0
1997,1997-12-13,NE,PIT,1
1997,1997-12-13,NYG,WAS,0
1997,1997-12-13,PIT,NE,1
1997,1997-12-13,WAS,NYG,0
1997,1997-12-14,ARI,NO,0
1997,1997-12-14,ATL,PHI,0
1997,1997-12-14,BAL,TEN,0
1997,1997-12-14,BUF,JAX,0
1997,1997-12-14,CAR,GB,0
1997,1997-12-14,CHI,STL,0
1997,1997-12-14,CIN,DAL,0
1997,1997-12-14,DAL,CIN,0
1997,1997-12-14,DET,MIN,0
1997,1997-12-14,GB,CAR,0
1997,1997-12-14,IND,MIA,0
1997,1997-12-14,JAX,BUF,0
1997,1997-12-14,KC,SD,0
1997,1997-12-14,MIA,IND,0
1997,1997-12-14,MIN,DET,0
1997,1997-12-14,NO,ARI,0
1997,1997-12-14,NYJ,TB,0
1997,1997-12-14,OAK,SEA,0
1997,1997-12-14,PHI,ATL,0
1997,1997-12-14,SD,KC,0
1997,1997-12-14,SEA,OAK,0
1997,1997-12-14,STL,CHI,0
1997,1997-12-14,TB,NYJ,0
1997,1997-12-14,TEN,BAL,0
1997,1997-12-15,DEN,SF,0
1997,1997-12-15,SF,DEN,0
1997,1997-12-20,BUF,GB,0
1997,1997-12-20,CAR,STL,0
1997,1997-12-20,GB,BUF,0
1997,1997-12-20,STL,CAR,0
1997,1997-12-21,ARI,ATL,0
1997,1997-12-21,ATL,ARI,0
1997,1997-12-21,BAL,CIN,0
1997,1997-12-21,CHI,TB,0
1997,1997-12-21,CIN,BAL,0
1997,1997-12-21,DAL,NYG,0
1997,1997-12-21,DEN,SD,0
1997,1997-12-21,DET,NYJ,0
1997,1997-12-21,IND,MIN,0
1997,1997-12-21,JAX,OAK,0
1997,1997-12-21,KC,NO,0
1997,1997-12-21,MIN,IND,0
1997,1997-12-21,NO,KC,0
1997,1997-12-21,NYG,DAL,0
1997,1997-12-21,NYJ,DET,0
1997,1997-12-21,OAK,JAX,0
1997,1997-12-21,PHI,WAS,0
1997,1997-12-21,PIT,TEN,0
1997,1997-12-21,SD,DEN,0
1997,1997-12-21,SEA,SF,0
1997,1997-12-21,SF,SEA,0
1997,1997-12-21,TB,CHI,0
1997,1997-12-21,TEN,PIT,0
1997,1997-12-21,WAS,PHI,0
1997,1997-12-22,MIA,NE,0
1997,1997-12-22,NE,MIA,0
1997,1997-12-27,DEN,JAX,0
1997,1997-12-27,JAX,DEN,0
1997,1997-12-27,MIN,NYG,0
1997,1997-12-27,NYG,MIN,0
1997,1997-12-28,DET,TB,0
1997,1997-12-28,MIA,NE,0
1997,1997-12-28,NE,MIA,0
1997,1997-12-28,TB,DET,0
1997,1998-01-03,MIN,SF,0
1997,1998-01-03,NE,PIT,0
1997,1998-01-03,PIT,NE,0
1997,1998-01-03,SF,MIN,0
1997,1998-01-04,DEN,KC,0
1997,1998-01-04,GB,TB,0
1997,1998-01-04,KC,DEN,0
1997,1998-01-04,TB,GB,0
1997,1998-01-11,DEN,PIT,0
1997,1998-01-11,GB,SF,0
1997,1998-01-11,PIT,DEN,0
1997,1998-01-11,SF,GB,0
1997,1998-01-25,DEN,GB,0
1997,1998-01-25,GB,DEN,0
1998,1998-09-06,ARI,DAL,0
1998,1998-09-06,ATL,CAR,0
1998,1998-09-06,BAL,PIT,0
1998,1998-09-06,BUF,SD,0
1998,1998-09-06,CAR,ATL,0
1998,1998-09-06,CHI,JAX,0
1998,1998-09-06,CIN,TEN,0
1998,1998-09-06,DAL,ARI,0
1998,1998-09-06,DET,GB,0
1998,1998-09-06,GB,DET,0
1998,1998-09-06,IND,MIA,0
1998,1998-09-06,JAX,CHI,0
1998,1998-09-06,KC,OAK,0
1998,1998-09-06,MIA,IND,0
1998,1998-09-06,MIN,TB,0
1998,1998-09-06,NO,STL,0
1998,1998-09-06,NYG,WAS,0
1998,1998-09-06,NYJ,SF,1
1998,1998-09-06,OAK,KC,0
1998,1998-09-06,PHI,SEA,0
1998,1998-09-06,PIT,BAL,0
1998,1998-09-06,SD,BUF,0
1998,1998-09-06,SEA,PHI,0
1998,1998-09-06,SF,NYJ,1
1998,1998-09-06,STL,NO,0
1998,1998-09-06,TB,MIN,0
1998,1998-09-06,TEN,CIN,0
1998,1998-09-06,WAS,NYG,0
1998,1998-09-07,DEN,NE,0
1998,1998-09-07,NE,DEN,0
1998,1998-09-13,ARI,SEA,0
1998,1998-09-13,ATL,PHI,0
1998,1998-09-13,BAL,NYJ,0
1998,1998-09-13,BUF,MIA,0
1998,1998-09-13,CAR,NO,0
1998,1998-09-13,CHI,PIT,0
1998,1998-09-13,CIN,DET,1
1998,1998-09-13,DAL,DEN,0
1998,1998-09-13,DEN,DAL,0
1998,1998-09-13,DET,CIN,1
1998,1998-09-13,GB,TB,0
1998,1998-09-13,IND,NE,0
1998,1998-09-13,JAX,KC,0
1998,1998-09-13,KC,JAX,0
1998,1998-09-13,MIA,BUF,0
1998,1998-09-13,MIN,STL,0
1998,1998-09-13,NE,IND,0
1998,1998-09-13,NO,CAR,0
1998,1998-09-13,NYG,OAK,0
1998,1998-09-13,NYJ,BAL,0
1998,1998-09-13,OAK,NYG,0
1998,1998-09-13,PHI,ATL,0
1998,1998-09-13,PIT,CHI,0
1998,1998-09-13,SD,TEN,0
1998,1998-09-13,SEA,ARI,0
1998,1998-09-13,STL,MIN,0
1998,1998-09-13,TB,GB,0
1998,1998-09-13,TEN,SD,0
1998,1998-09-14,SF,WAS,0
1998,1998-09-14,WAS,SF,0
1998,1998-09-20,ARI,PHI,0
1998,1998-09-20,BAL,JAX,0
1998,1998-09-20,BUF,STL,0
1998,1998-09-20,CHI,TB,0
1998,1998-09-20,CIN,GB,0
1998,1998-09-20,DEN,OAK,0
1998,1998-09-20,DET,MIN,0
1998,1998-09-20,GB,CIN,0
1998,1998-09-20,IND,NYJ,0
1998,1998-09-20,JAX,BAL,0
1998,1998-09-20,KC,SD,0
1998,1998-09-20,MIA,PIT,0
1998,1998-09-20,MIN,DET,0
1998,1998-09-20,NE,TEN,0
1998,1998-09-20,NYJ,IND,0
1998,1998-09-20,OAK,DEN,0
1998,1998-09-20,PHI,ARI,0
1998,1998-09-20,PIT,MIA,0
1998,1998-09-20,SD,KC,0
1998,1998-09-20,SEA,WAS,0
1998,1998-09-20,STL,BUF,0
1998,1998-09-20,TB,CHI,0
1998,1998-09-20,TEN,NE,0
1998,1998-09-20,WAS,SEA,0
1998,1998-09-21,DAL,NYG,0
1998,1998-09-21,NYG,DAL,0
1998,1998-09-27,ARI,STL,0
1998,1998-09-27,ATL,SF,0
1998,1998-09-27,BAL,CIN,0
1998,1998-09-27,CAR,GB,0
1998,1998-09-27,CHI,MIN,0
1998,1998-09-27,CIN,BAL,0
1998,1998-09-27,DAL,OAK,0
1998,1998-09-27,DEN,WAS,0
1998,1998-09-27,GB,CAR,0
1998,1998-09-27,IND,NO,1
1998,1998-09-27,JAX,TEN,0
1998,1998-09-27,KC,PHI,0
1998,1998-09-27,MIN,CHI,0
1998,1998-09-27,NO,IND,1
1998,1998-09-27,NYG,SD,0
1998,1998-09-27,OAK,DAL,0
1998,1998-09-27,PHI,KC,0
1998,1998-09-27,PIT,SEA,0
1998,1998-09-27,SD,NYG,0
1998,1998-09-27,SEA,PIT,0
1998,1998-09-27,SF,ATL,0
1998,1998-09-27,STL,ARI,0
1998,1998-09-27,TEN,JAX,0
1998,1998-09-27,WAS,DEN,0
1998,1998-09-28,DET,TB,0
1998,1998-09-28,TB,DET,0
1998,1998-10-04,ARI,OAK,0
1998,1998-10-04,ATL,CAR,0
1998,1998-10-04,BUF,SF,0
1998,1998-10-04,CAR,ATL,0
1998,1998-10-04,CHI,DET,0
1998,1998-10-04,DAL,WAS,0
1998,1998-10-04,DEN,PHI,0
1998,1998-10-04,DET,CHI,0
1998,1998-10-04,IND,SD,0
1998,1998-10-04,KC,SEA,0
1998,1998-10-04,MIA,NYJ,0
1998,1998-10-04,NE,NO,0
1998,1998-10-04,NO,NE,0
1998,1998-10-04,NYG,TB,0
1998,1998-10-04,NYJ,MIA,0
1998,1998-10-04,OAK,ARI,0
1998,1998-10-04,PHI,DEN,0
1998,1998-10-04,SD,IND,0
1998,1998-10-04,SEA,KC,0
1998,1998-10-04,SF,BUF,0
1998,1998-10-04,TB,NYG,0
1998,1998-10-04,WAS,DAL,0
1998,1998-10-05,GB,MIN,0
1998,1998-10-05,MIN,GB,0
1998,1998-10-11,ARI,CHI,0
1998,1998-10-11,ATL,NYG,0
1998,1998-10-11,BAL,TEN,0
1998,1998-10-11,BUF,IND,0
1998,1998-10-11,CAR,DAL,0
1998,1998-10-11,CHI,ARI,0
1998,1998-10-11,CIN,PIT,0
1998,1998-10-11,DAL,CAR,0
1998,1998-10-11,DEN,SEA,0
1998,1998-10-11,IND,BUF,0
1998,1998-10-11,KC,NE,0
1998,1998-10-11,NE,KC,0
1998,1998-10-11,NO,SF,0
1998,1998-10-11,NYG,ATL,0
1998,1998-10-11,NYJ,STL,0
1998,1998-10-11,OAK,SD,0
1998,1998-10-11,PHI,WAS,0
1998,1998-10-11,PIT,CIN,0
1998,1998-10-11,SD,OAK,0
1998,1998-10-11,SEA,DEN,0
1998,1998-10-11,SF,NO,0
1998,1998-10-11,STL,NYJ,0
1998,1998-10-11,TEN,BAL,0
1998,1998-10-11,WAS,PHI,0
1998,1998-10-12,JAX,MIA,0
1998,1998-10-12,MIA,JAX,0
1998,1998-10-15,DET,GB,0
1998,1998-10-15,GB,DET,0
1998,1998-10-18,ARI,NYG,0
1998,1998-10-18,ATL,NO,0
1998,1998-10-18,BAL,PIT,0
1998,1998-10-18,BUF,JAX,0
1998,1998-10-18,CAR,TB,0
1998,1998-10-18,CHI,DAL,0
1998,1998-10-18,CIN,TEN,0
1998,1998-10-18,DAL,CHI,0
1998,1998-10-18,IND,SF,0
1998,1998-10-18,JAX,BUF,0
1998,1998-10-18,MIA,STL,0
1998,1998-10-18,MIN,WAS,0
1998,1998-10-18,NO,ATL,0
1998,1998-10-18,NYG,ARI,0
1998,1998-10-18,PHI,SD,0
1998,1998-10-18,PIT,BAL,0
1998,1998-10-18,SD,PHI,0
1998,1998-10-18,SF,IND,0
1998,1998-10-18,STL,MIA,0
1998,1998-10-18,TB,CAR,0
1998,1998-10-18,TEN,CIN,0
1998,1998-10-18,WAS,MIN,0
1998,1998-10-19,NE,NYJ,0
1998,1998-10-19,NYJ,NE,0
1998,1998-10-25,ATL,NYJ,0
1998,1998-10-25,BAL,GB,0
1998,1998-10-25,BUF,CAR,0
1998,1998-10-25,CAR,BUF,0
1998,1998-10-25,CHI,TEN,0
1998,1998-10-25,CIN,OAK,0
1998,1998-10-25,DEN,JAX,0
1998,1998-10-25,DET,MIN,0
1998,1998-10-25,GB,BAL,0
1998,1998-10-25,JAX,DEN,0
1998,1998-10-25,MIA,NE,1
1998,1998-10-25,MIN,DET,0
1998,1998-10-25,NE,MIA,1
1998,1998-10-25,NO,TB,0
1998,1998-10-25,NYJ,ATL,0
1998,1998-10-25,OAK,CIN,0
1998,1998-10-25,SD,SEA,0
1998,1998-10-25,SEA,SD,0
1998,1998-10-25,SF,STL,0
1998,1998-10-25,STL,SF,0
1998,1998-10-25,TB,NO,0
1998,1998-10-25,TEN,CHI,0
1998,1998-10-26,KC,PIT,0
1998,1998-10-26,PIT,KC,0
1998,1998-11-01,ARI,DET,0
1998,1998-11-01,ATL,STL,0
1998,1998-11-01,BAL,JAX,0
1998,1998-11-01,BUF,MIA,0
1998,1998-11-01,CAR,NO,0
1998,1998-11-01,CIN,DEN,0
1998,1998-11-01,DEN,CIN,0
1998,1998-11-01,DET,ARI,0
1998,1998-11-01,GB,SF,0
1998,1998-11-01,IND,NE,0
1998,1998-11-01,JAX,BAL,0
1998,1998-11-01,KC,NYJ,0
1998,1998-11-01,MIA,BUF,0
1998,1998-11-01,MIN,TB,0
1998,1998-11-01,NE,IND,0
1998,1998-11-01,NO,CAR,0
1998,1998-11-01,NYG,WAS,0
1998,1998-11-01,NYJ,KC,0
1998,1998-11-01,OAK,SEA,0
1998,1998-11-01,PIT,TEN,0
1998,1998-11-01,SEA,OAK,0
1998,1998-11-01,SF,GB,0
1998,1998-11-01,STL,ATL,0
1998,1998-11-01,TB,MIN,0
1998,1998-11-01,TEN,PIT,0
1998,1998-11-01,WAS,NYG,0
1998,1998-11-02,DAL,PHI,0
1998,1998-11-02,PHI,DAL,0
1998,1998-11-08,ARI,WAS,0
1998,1998-11-08,ATL,NE,0
1998,1998-11-08,BAL,OAK,0
1998,1998-11-08,BUF,NYJ,0
1998,1998-11-08,CAR,SF,0
1998,1998-11-08,CHI,STL,0
1998,1998-11-08,CIN,JAX,0
1998,1998-11-08,DAL,NYG,0
1998,1998-11-08,DEN,SD,0
1998,1998-11-08,DET,PHI,0
1998,1998-11-08,IND,MIA,0
1998,1998-11-08,JAX,CIN,0
1998,1998-11-08,KC,SEA,0
1998,1998-11-08,MIA,IND,0
1998,1998-11-08,MIN,NO,0
1998,1998-11-08,NE,ATL,0
1998,1998-11-08,NO,MIN,0
1998,1998-11-08,NYG,DAL,0
1998,1998-11-08,NYJ,BUF,0
1998,1998-11-08,OAK,BAL,0
1998,1998-11-08,PHI,DET,0
1998,1998-11-08,SD,DEN,0
1998,1998-11-08,SEA,KC,0
1998,1998-11-08,SF,CAR,0
1998,1998-11-08,STL,CHI,0
1998,1998-11-08,TB,TEN,0
1998,1998-11-08,TEN,TB,0
1998,1998-11-08,WAS,ARI,0
1998,1998-11-09,GB,PIT,0
1998,1998-11-09,PIT,GB,0
1998,1998-11-15,ARI,DAL,0
1998,1998-11-15,ATL,SF,0
1998,1998-11-15,BAL,SD,0
1998,1998-11-15,BUF,NE,0
1998,1998-11-15,CAR,MIA,0
1998,1998-11-15,CHI,DET,0
1998,1998-11-15,CIN,MIN,0
1998,1998-11-15,DAL,ARI,0
1998,1998-11-15,DET,CHI,0
1998,1998-11-15,GB,NYG,0
1998,1998-11-15,IND,NYJ,0
1998,1998-11-15,JAX,TB,0
1998,1998-11-15,MIA,CAR,0
1998,1998-11-15,MIN,CIN,0
1998,1998-11-15,NE,BUF,0
1998,1998-11-15,NO,STL,0
1998,1998-11-15,NYG,GB,0
1998,1998-11-15,NYJ,IND,0
1998,1998-11-15,OAK,SEA,0
1998,1998-11-15,PHI,WAS,0
1998,1998-11-15,PIT,TEN,0
1998,1998-11-15,SD,BAL,0
1998,1998-11-15,SEA,OAK,0
1998,1998-11-15,SF,ATL,0
1998,1998-11-15,STL,NO,0
1998,1998-11-15,TB,JAX,0
1998,1998-11-15,TEN,PIT,0
1998,1998-11-15,WAS,PHI,0
1998,1998-11-16,DEN,KC,0
1998,1998-11-16,KC,DEN,0
1998,1998-11-22,ARI,WAS,0
1998,1998-11-22,ATL,CHI,0
1998,1998-11-22,BAL,CIN,0
1998,1998-11-22,BUF,IND,0
1998,1998-11-22,CAR,STL,0
1998,1998-11-22,CHI,ATL,0
1998,1998-11-22,CIN,BAL,0
1998,1998-11-22,DAL,SEA,0
1998,1998-11-22,DEN,OAK,0
1998,1998-11-22,DET,TB,0
1998,1998-11-22,GB,MIN,0
1998,1998-11-22,IND,BUF,0
1998,1998-11-22,JAX,PIT,0
1998,1998-11-22,KC,SD,0
1998,1998-11-22,MIN,GB,0
1998,1998-11-22,NO,SF,0
1998,1998-11-22,NYG,PHI,0
1998,1998-11-22,NYJ,TEN,0
1998,1998-11-22,OAK,DEN,0
1998,1998-11-22,PHI,NYG,0
1998,1998-11-22,PIT,JAX,0
1998,1998-11-22,SD,KC,0
1998,1998-11-22,SEA,DAL,0
1998,1998-11-22,SF,NO,0
1998,1998-11-22,STL,CAR,0
1998,1998-11-22,TB,DET,0
1998,1998-11-22,TEN,NYJ,0
1998,1998-11-22,WAS,ARI,0
1998,1998-11-23,MIA,NE,0
1998,1998-11-23,NE,MIA,0
1998,1998-11-26,DAL,MIN,0
1998,1998-11-26,DET,PIT,1
1998,1998-11-26,MIN,DAL,0
1998,1998-11-26,PIT,DET,1
1998,1998-11-29,ARI,KC,0
1998,1998-11-29,ATL,STL,0
1998,1998-11-29,BAL,IND,0
1998,1998-11-29,BUF,NE,0
1998,1998-11-29,CAR,NYJ,0
1998,1998-11-29,CHI,TB,0
1998,1998-11-29,CIN,JAX,0
1998,1998-11-29,DEN,SD,0
1998,1998-11-29,GB,PHI,0
1998,1998-11-29,IND,BAL,0
1998,1998-11-29,JAX,CIN,0
1998,1998-11-29,KC,ARI,0
1998,1998-11-29,MIA,NO,0
1998,1998-11-29,NE,BUF,0
1998,1998-11-29,NO,MIA,0
1998,1998-11-29,NYJ,CAR,0
1998,1998-11-29,OAK,WAS,0
1998,1998-11-29,PHI,GB,0
1998,1998-11-29,SD,DEN,0
1998,1998-11-29,SEA,TEN,0
1998,1998-11-29,STL,ATL,0
1998,1998-11-29,TB,CHI,0
1998,1998-11-29,TEN,SEA,0
1998,1998-11-29,WAS,OAK,0
1998,1998-11-30,NYG,SF,0
1998,1998-11-30,SF,NYG,0
1998,1998-12-03,PHI,STL,0
1998,1998-12-03,STL,PHI,0
1998,1998-12-06,ARI,NYG,0
1998,1998-12-06,ATL,IND,0
1998,1998-12-06,BAL,TEN,0
1998,1998-12-06,BUF,CIN,0
1998,1998-12-06,CAR,SF,1
1998,1998-12-06,CHI,MIN,0
1998,1998-12-06,CIN,BUF,0
1998,1998-12-06,DAL,NO,0
1998,1998-12-06,DEN,KC,0
1998,1998-12-06,DET,JAX,0
1998,1998-12-06,IND,ATL,0
1998,1998-12-06,JAX,DET,0
1998,1998-12-06,KC,DEN,0
1998,1998-12-06,MIA,OAK,0
1998,1998-12-06,MIN,CHI,0
1998,1998-12-06,NE,PIT,0
1998,1998-12-06,NO,DAL,0
1998,1998-12-06,NYG,ARI,0
1998,1998-12-06,NYJ,SEA,0
1998,1998-12-06,OAK,MIA,0
1998,1998-12-06,PIT,NE,0
1998,1998-12-06,SD,WAS,0
1998,1998-12-06,SEA,NYJ,0
1998,1998-12-06,SF,CAR,1
1998,1998-12-06,TEN,BAL,0
1998,1998-12-06,WAS,SD,0
1998,1998-12-07,GB,TB,0
1998,1998-12-07,TB,GB,0
1998,1998-12-13,ARI,PHI,1
1998,1998-12-13,ATL,NO,0
1998,1998-12-13,BAL,MIN,0
1998,1998-12-13,BUF,OAK,0
1998,1998-12-13,CAR,WAS,0
1998,1998-12-13,CHI,GB,0
1998,1998-12-13,CIN,IND,0
1998,1998-12-13,DAL,KC,0
1998,1998-12-13,DEN,NYG,0
1998,1998-12-13,GB,CHI,0
1998,1998-12-13,IND,CIN,0
1998,1998-12-13,JAX,TEN,0
1998,1998-12-13,KC,DAL,0
1998,1998-12-13,MIA,NYJ,0
1998,1998-12-13,MIN,BAL,0
1998,1998-12-13,NE,STL,0
1998,1998-12-13,NO,ATL,0
1998,1998-12-13,NYG,DEN,0
1998,1998-12-13,NYJ,MIA,0
1998,1998-12-13,OAK,BUF,0
1998,1998-12-13,PHI,ARI,1
1998,1998-12-13,PIT,TB,0
1998,1998-12-13,SD,SEA,0
1998,1998-12-13,SEA,SD,0
1998,1998-12-13,STL,NE,0
1998,1998-12-13,TB,PIT,0
1998,1998-12-13,TEN,JAX,0
1998,1998-12-13,WAS,CAR,0
1998,1998-12-14,DET,SF,0
1998,1998-12-14,SF,DET,0
1998,1998-12-19,BUF,NYJ,0
1998,1998-12-19,NYJ,BUF,0
1998,1998-12-19,TB,WAS,0
1998,1998-12-19,WAS,TB,0
1998,1998-12-20,ARI,NO,0
1998,1998-12-20,ATL,DET,0
1998,1998-12-20,BAL,CHI,0
1998,1998-12-20,CAR,STL,0
1998,1998-12-20,CHI,BAL,0
1998,1998-12-20,CIN,PIT,0
1998,1998-12-20,DAL,PHI,0
1998,1998-12-20,DET,ATL,0
1998,1998-12-20,GB,TEN,0
1998,1998-12-20,IND,SEA,0
1998,1998-12-20,JAX,MIN,0
1998,1998-12-20,KC,NYG,0
1998,1998-12-20,MIN,JAX,0
1998,1998-12-20,NE,SF,0
1998,1998-12-20,NO,ARI,0
1998,1998-12-20,NYG,KC,0
1998,1998-12-20,OAK,SD,0
1998,1998-12-20,PHI,DAL,0
1998,1998-12-20,PIT,CIN,0
1998,1998-12-20,SD,OAK,0
1998,1998-12-20,SEA,IND,0
1998,1998-12-20,SF,NE,0
1998,1998-12-20,STL,CAR,0
1998,1998-12-20,TEN,GB,0
1998,1998-12-21,DEN,MIA,0
1998,1998-12-21,MIA,DEN,0
1998,1998-12-26,KC,OAK,0
1998,1998-12-26,MIN,TEN,0
1998,1998-12-26,OAK,KC,0
1998,1998-12-26,TEN,MIN,0
1998,1998-12-27,ARI,SD,0
1998,1998-12-27,ATL,MIA,0
1998,1998-12-27,BAL,DET,0
1998,1998-12-27,BUF,NO,0
1998,1998-12-27,CAR,IND,0
1998,1998-12-27,CHI,GB,0
1998,1998-12-27,CIN,TB,0
1998,1998-12-27,DAL,WAS,0
1998,1998-12-27,DEN,SEA,0
1998,1998-12-27,DET,BAL,0
1998,1998-12-27,GB,CHI,0
1998,1998-12-27,IND,CAR,0
1998,1998-12-27,MIA,ATL,0
1998,1998-12-27,NE,NYJ,0
1998,1998-12-27,NO,BUF,0
1998,1998-12-27,NYG,PHI,0
1998,1998-12-27,NYJ,NE,0
1998,1998-12-27,PHI,NYG,0
1998,1998-12-27,SD,ARI,0
1998,1998-12-27,SEA,DEN,0
1998,1998-12-27,SF,STL,0
1998,1998-12-27,STL,SF,0
1998,1998-12-27,TB,CIN,0
1998,1998-12-27,WAS,DAL,0
1998,1998-12-28,JAX,PIT,0
1998,1998-12-28,PIT,JAX,0
1998,1999-01-02,ARI,DAL,0
1998,1999-01-02,BUF,MIA,0
1998,1999-01-02,DAL,ARI,0
1998,1999-01-02,MIA,BUF,0
1998,1999-01-03,GB,SF,0
1998,1999-01-03,JAX,NE,0
1998,1999-01-03,NE,JAX,0
1998,1999-01-03,SF,GB,0
1998,1999-01-09,ATL,SF,0
1998,1999-01-09,DEN,MIA,0
1998,1999-01-09,MIA,DEN,0
1998,1999-01-09,SF,ATL,0
1998,1999-01-10,ARI,MIN,0
1998,1999-01-10,JAX,NYJ,0
1998,1999-01-10,MIN,ARI,0
1998,1999-01-10,NYJ,JAX,0
1998,1999-01-17,ATL,MIN,1
1998,1999-01-17,DEN,NYJ,0
1998,1999-01-17,MIN,ATL,1
1998,1999-01-17,NYJ,DEN,0
1998,1999-01-31,ATL,DEN,0
1998,1999-01-31,DEN,ATL,0
1999,1999-09-12,ARI,PHI,0
1999,1999-09-12,ATL,MIN,0
1999,1999-09-12,BAL,STL,0
1999,1999-09-12,BUF,IND,0
1999,1999-09-12,CAR,NO,0
1999,1999-09-12,CHI,KC,0
1999,1999-09-12,CIN,TEN,0
1999,1999-09-12,CLE,PIT,0
1999,1999-09-12,DAL,WAS,1
1999,1999-09-12,DET,SEA,0
1999,1999-09-12,GB,OAK,0
1999,1999-09-12,IND,BUF,0
1999,1999-09-12,JAX,SF,0
1999,1999-09-12,KC,CHI,0
1999,1999-09-12,MIN,ATL,0
1999,1999-09-12,NE,NYJ,0
1999,1999-09-12,NO,CAR,0
1999,1999-09-12,NYG,TB,0
1999,1999-09-12,NYJ,NE,0
1999,1999-09-12,OAK,GB,0
1999,1999-09-12,PHI,ARI,0
1999,1999-09-12,PIT,CLE,0
1999,1999-09-12,SEA,DET,0
1999,1999-09-12,SF,JAX,0
1999,1999-09-12,STL,BAL,0
1999,1999-09-12,TB,NYG,0
1999,1999-09-12,TEN,CIN,0
1999,1999-09-12,WAS,DAL,1
1999,1999-09-13,DEN,MIA,0
1999,1999-09-13,MIA,DEN,0
1999,1999-09-19,ARI,MIA,0
1999,1999-09-19,BAL,PIT,0
1999,1999-09-19,BUF,NYJ,0
1999,1999-09-19,CAR,JAX,0
1999,1999-09-19,CHI,SEA,0
1999,1999-09-19,CIN,SD,0
1999,1999-09-19,CLE,TEN,0
1999,1999-09-19,DEN,KC,0
1999,1999-09-19,DET,GB,0
1999,1999-09-19,GB,DET,0
1999,1999-09-19,IND,NE,0
1999,1999-09-19,JAX,CAR,0
1999,1999-09-19,KC,DEN,0
1999,1999-09-19,MIA,ARI,0
1999,1999-09-19,MIN,OAK,0
1999,1999-09-19,NE,IND,0
1999,1999-09-19,NO,SF,0
1999,1999-09-19,NYG,WAS,0
1999,1999-09-19,NYJ,BUF,0
1999,1999-09-19,OAK,MIN,0
1999,1999-09-19,PHI,TB,0
1999,1999-09-19,PIT,BAL,0
1999,1999-09-19,SD,CIN,0
1999,1999-09-19,SEA,CHI,0
1999,1999-09-19,SF,NO,0
1999,1999-09-19,TB,PHI,0
1999,1999-09-19,TEN,CLE,0
1999,1999-09-19,WAS,NYG,0
1999,1999-09-20,ATL,DAL,0
1999,1999-09-20,DAL,ATL,0
1999,1999-09-26,ATL,STL,0
1999,1999-09-26,BAL,CLE,0
1999,1999-09-26,BUF,PHI,0
1999,1999-09-26,CAR,CIN,0
1999,1999-09-26,CHI,OAK,0
1999,1999-09-26,CIN,CAR,0
1999,1999-09-26,CLE,BAL,0
1999,1999-09-26,DEN,TB,0
1999,1999-09-26,DET,KC,0
1999,1999-09-26,GB,MIN,0
1999,1999-09-26,IND,SD,0
1999,1999-09-26,JAX,TEN,0
1999,1999-09-26,KC,DET,0
1999,1999-09-26,MIN,GB,0
1999,1999-09-26,NE,NYG,0
1999,1999-09-26,NYG,NE,0
1999,1999-09-26,NYJ,WAS,0
1999,1999-09-26,OAK,CHI,0
1999,1999-09-26,PHI,BUF,0
1999,1999-09-26,PIT,SEA,0
1999,1999-09-26,SD,IND,0
1999,1999-09-26,SEA,PIT,0
1999,1999-09-26,STL,ATL,0
1999,1999-09-26,TB,DEN,0
1999,1999-09-26,TEN,JAX,0
1999,1999-09-26,WAS,NYJ,0
1999,1999-09-27,ARI,SF,0
1999,1999-09-27,SF,ARI,0
1999,1999-10-03,ARI,DAL,0
1999,1999-10-03,ATL,BAL,1
1999,1999-10-03,BAL,ATL,1
1999,1999-10-03,CAR,WAS,0
1999,1999-10-03,CHI,NO,0
1999,1999-10-03,CIN,STL,0
1999,1999-10-03,CLE,NE,0
1999,1999-10-03,DAL,ARI,0
1999,1999-10-03,DEN,NYJ,0
1999,1999-10-03,JAX,PIT,0
1999,1999-10-03,KC,SD,0
1999,1999-10-03,MIN,TB,0
1999,1999-10-03,NE,CLE,0
1999,1999-10-03,NO,CHI,0
1999,1999-10-03,NYG,PHI,0
1999,1999-10-03,NYJ,DEN,0
1999,1999-10-03,OAK,SEA,0
1999,1999-10-03,PHI,NYG,0
1999,1999-10-03,PIT,JAX,0
1999,1999-10-03,SD,KC,0
1999,1999-10-03,SEA,OAK,0
1999,1999-10-03,SF,TEN,0
1999,1999-10-03,STL,CIN,0
1999,1999-10-03,TB,MIN,0
1999,1999-10-03,TEN,SF,0
1999,1999-10-03,WAS,CAR,0
1999,1999-10-04,BUF,MIA,0
1999,1999-10-04,MIA,BUF,0
1999,1999-10-10,ARI,NYG,0
1999,1999-10-10,ATL,NO,0
1999,1999-10-10,BAL,TEN,0
1999,1999-10-10,BUF,PIT,0
1999,1999-10-10,CHI,MIN,0
1999,1999-10-10,CIN,CLE,0
1999,1999-10-10,CLE,CIN,0
1999,1999-10-10,DAL,PHI,0
1999,1999-10-10,DEN,OAK,0
1999,1999-10-10,DET,SD,0
1999,1999-10-10,GB,TB,0
1999,1999-10-10,IND,MIA,0
1999,1999-10-10,KC,NE,0
1999,1999-10-10,MIA,IND,0
1999,1999-10-10,MIN,CHI,0
1999,1999-10-10,NE,KC,0
1999,1999-10-10,NO,ATL,0
1999,1999-10-10,NYG,ARI,0
1999,1999-10-10,OAK,DEN,0
1999,1999-10-10,PHI,DAL,0
1999,1999-10-10,PIT,BUF,0
1999,1999-10-10,SD,DET,0
1999,1999-10-10,SF,STL,0
1999,1999-10-10,STL,SF,0
1999,1999-10-10,TB,GB,0
1999,1999-10-10,TEN,BAL,0
1999,1999-10-11,JAX,NYJ,0
1999,1999-10-11,NYJ,JAX,0
1999,1999-10-17,ARI,WAS,0
1999,1999-10-17,ATL,STL,0
1999,1999-10-17,BUF,OAK,0
1999,1999-10-17,CAR,SF,0
1999,1999-10-17,CHI,PHI,0
1999,1999-10-17,CIN,PIT,0
1999,1999-10-17,CLE,JAX,0
1999,1999-10-17,DEN,GB,0
1999,1999-10-17,DET,MIN,0
1999,1999-10-17,GB,DEN,0
1999,1999-10-17,IND,NYJ,0
1999,1999-10-17,JAX,CLE,0
1999,1999-10-17,MIA,NE,0
1999,1999-10-17,MIN,DET,0
1999,1999-10-17,NE,MIA,0
1999,1999-10-17,NO,TEN,0
1999,1999-10-17,NYJ,IND,0
1999,1999-10-17,OAK,BUF,0
1999,1999-10-17,PHI,CHI,0
1999,1999-10-17,PIT,CIN,0
1999,1999-10-17,SD,SEA,0
1999,1999-10-17,SEA,SD,0
1999,1999-10-17,SF,CAR,0
1999,1999-10-17,STL,ATL,0
1999,1999-10-17,TEN,NO,0
1999,1999-10-17,WAS,ARI,0
1999,1999-10-18,DAL,NYG,0
1999,1999-10-18,NYG,DAL,0
1999,1999-10-21,BAL,KC,0
1999,1999-10-21,KC,BAL,0
1999,1999-10-24,BUF,SEA,0
1999,1999-10-24,CAR,DET,0
1999,1999-10-24,CHI,TB,0
1999,1999-10-24,CIN,IND,0
1999,1999-10-24,CLE,STL,0
1999,1999-10-24,DAL,WAS,0
1999,1999-10-24,DEN,NE,0
1999,1999-10-24,DET,CAR,0
1999,1999-10-24,GB,SD,0
1999,1999-10-24,IND,CIN,0
1999,1999-10-24,MIA,PHI,0
1999,1999-10-24,MIN,SF,0
1999,1999-10-24,NE,DEN,0
1999,1999-10-24,NO,NYG,0
1999,1999-10-24,NYG,NO,0
1999,1999-10-24,NYJ,OAK,0
1999,1999-10-24,OAK,NYJ,0
1999,1999-10-24,PHI,MIA,0
1999,1999-10-24,SD,GB,0
1999,1999-10-24,SEA,BUF,0
1999,1999-10-24,SF,MIN,0
1999,1999-10-24,STL,CLE,0
1999,1999-10-24,TB,CHI,0
1999,1999-10-24,WAS,DAL,0
1999,1999-10-25,ATL,PIT,0
1999,1999-10-25,PIT,ATL,0
1999,1999-10-31,ARI,NE,0
1999,1999-10-31,ATL,CAR,0
1999,1999-10-31,BAL,BUF,0
1999,1999-10-31,BUF,BAL,0
1999,1999-10-31,CAR,ATL,0
1999,1999-10-31,CHI,WAS,0
1999,1999-10-31,CIN,JAX,0
1999,1999-10-31,CLE,NO,0
1999,1999-10-31,DAL,IND,0
1999,1999-10-31,DEN,MIN,0
1999,1999-10-31,DET,TB,0
1999,1999-10-31,IND,DAL,0
1999,1999-10-31,JAX,CIN,0
1999,1999-10-31,KC,SD,0
1999,1999-10-31,MIA,OAK,0
1999,1999-10-31,MIN,DEN,0
1999,1999-10-31,NE,ARI,0
1999,1999-10-31,NO,CLE,0
1999,1999-10-31,NYG,PHI,1
1999,1999-10-31,OAK,MIA,0
1999,1999-10-31,PHI,NYG,1
1999,1999-10-31,SD,KC,0
1999,1999-10-31,STL,TEN,0
1999,1999-10-31,TB,DET,0
1999,1999-10-31,TEN,STL,0
1999,1999-10-31,WAS,CHI,0
1999,1999-11-01,GB,SEA,0
1999,1999-11-01,SEA,GB,0
1999,1999-11-07,ARI,NYJ,0
1999,1999-11-07,ATL,JAX,0
1999,1999-11-07,BAL,CLE,0
1999,1999-11-07,BUF,WAS,0
1999,1999-11-07,CAR,PHI,0
1999,1999-11-07,CHI,GB,0
1999,1999-11-07,CIN,SEA,0
1999,1999-11-07,CLE,BAL,0
1999,1999-11-07,DEN,SD,0
1999,1999-11-07,DET,STL,0
1999,1999-11-07,GB,CHI,0
1999,1999-11-07,IND,KC,0
1999,1999-11-07,JAX,ATL,0
1999,1999-11-07,KC,IND,0
1999,1999-11-07,MIA,TEN,0
1999,1999-11-07,NO,TB,0
1999,1999-11-07,NYJ,ARI,0
1999,1999-11-07,PHI,CAR,0
1999,1999-11-07,PIT,SF,0
1999,1999-11-07,SD,DEN,0
1999,1999-11-07,SEA,CIN,0
1999,1999-11-07,SF,PIT,0
1999,1999-11-07,STL,DET,0
1999,1999-11-07,TB,NO,0
1999,1999-11-07,TEN,MIA,0
1999,1999-11-07,WAS,BUF,0
1999,1999-11-08,DAL,MIN,0
1999,1999-11-08,MIN,DAL,0
1999,1999-11-14,ARI,DET,0
1999,1999-11-14,BAL,JAX,0
1999,1999-11-14,BUF,MIA,0
1999,1999-11-14,CAR,STL,0
1999,1999-11-14,CHI,MIN,1
1999,1999-11-14,CIN,TEN,0
1999,1999-11-14,CLE,PIT,0
1999,1999-11-14,DAL,GB,0
1999,1999-11-14,DEN,SEA,0
1999,1999-11-14,DET,ARI,0
1999,1999-11-14,GB,DAL,0
1999,1999-11-14,IND,NYG,0
1999,1999-11-14,JAX,BAL,0
1999,1999-11-14,KC,TB,0
1999,1999-11-14,MIA,BUF,0
1999,1999-11-14,MIN,CHI,1
1999,1999-11-14,NO,SF,0
1999,1999-11-14,NYG,IND,0
1999,1999-11-14,OAK,SD,0
1999,1999-11-14,PHI,WAS,0
1999,1999-11-14,PIT,CLE,0
1999,1999-11-14,SD,OAK,0
1999,1999-11-14,SEA,DEN,0
1999,1999-11-14,SF,NO,0
1999,1999-11-14,STL,CAR,0
1999,1999-11-14,TB,KC,0
1999,1999-11-14,TEN,CIN,0
1999,1999-11-14,WAS,PHI,0
1999,1999-11-15,NE,NYJ,0
1999,1999-11-15,NYJ,NE,0
1999,1999-11-21,ARI,DAL,0
1999,1999-11-21,ATL,TB,0
1999,1999-11-21,BAL,CIN,0
1999,1999-11-21,BUF,NYJ,0
1999,1999-11-21,CAR,CLE,0
1999,1999-11-21,CHI,SD,1
1999,1999-11-21,CIN,BAL,0
1999,1999-11-21,CLE,CAR,0
1999,1999-11-21,DAL,ARI,0
1999,1999-11-21,DET,GB,0
1999,1999-11-21,GB,DET,0
1999,1999-11-21,IND,PHI,0
1999,1999-11-21,JAX,NO,0
1999,1999-11-21,KC,SEA,0
1999,1999-11-21,MIA,NE,0
1999,1999-11-21,NE,MIA,0
1999,1999-11-21,NO,JAX,0
1999,1999-11-21,NYG,WAS,0
1999,1999-11-21,NYJ,BUF,0
1999,1999-11-21,PHI,IND,0
1999,1999-11-21,PIT,TEN,0
1999,1999-11-21,SD,CHI,1
1999,1999-11-21,SEA,KC,0
1999,1999-11-21,SF,STL,0
1999,1999-11-21,STL,SF,0
1999,1999-11-21,TB,ATL,0
1999,1999-11-21,TEN,PIT,0
1999,1999-11-21,WAS,NYG,0
1999,1999-11-22,DEN,OAK,1
1999,1999-11-22,OAK,DEN,1
1999,1999-11-25,CHI,DET,0
1999,1999-11-25,DAL,MIA,0
1999,1999-11-25,DET,CHI,0
1999,1999-11-25,MIA,DAL,0
1999,1999-11-28,ARI,NYG,0
1999,1999-11-28,ATL,CAR,0
1999,1999-11-28,BAL,JAX,0
1999,1999-11-28,BUF,NE,0
1999,1999-11-28,CAR,ATL,0
1999,1999-11-28,CIN,PIT,0
1999,1999-11-28,CLE,TEN,0
1999,1999-11-28,IND,NYJ,0
1999,1999-11-28,JAX,BAL,0
1999,1999-11-28,KC,OAK,0
1999,1999-11-28,MIN,SD,0
1999,1999-11-28,NE,BUF,0
1999,1999-11-28,NO,STL,0
1999,1999-11-28,NYG,ARI,0
1999,1999-11-28,NYJ,IND,0
1999,1999-11-28,OAK,KC,0
1999,1999-11-28,PHI,WAS,1
1999,1999-11-28,PIT,CIN,0
1999,1999-11-28,SD,MIN,0
1999,1999-11-28,SEA,TB,0
1999,1999-11-28,STL,NO,0
1999,1999-11-28,TB,SEA,0
1999,1999-11-28,TEN,CLE,0
1999,1999-11-28,WAS,PHI,1
1999,1999-11-29,GB,SF,0
1999,1999-11-29,SF,GB,0
1999,1999-12-02,JAX,PIT,0
1999,1999-12-02,PIT,JAX,0
1999,1999-12-05,ARI,PHI,0
1999,1999-12-05,ATL,NO,0
1999,1999-12-05,BAL,TEN,0
1999,1999-12-05,CAR,STL,0
1999,1999-12-05,CHI,GB,0
1999,1999-12-05,CIN,SF,0
1999,1999-12-05,CLE,SD,0
1999,1999-12-05,DAL,NE,0
1999,1999-12-05,DEN,KC,0
1999,1999-12-05,DET,WAS,0
1999,1999-12-05,GB,CHI,0
1999,1999-12-05,IND,MIA,0
1999,1999-12-05,KC,DEN,0
1999,1999-12-05,MIA,IND,0
1999,1999-12-05,NE,DAL,0
1999,1999-12-05,NO,ATL,0
1999,1999-12-05,NYG,NYJ,0
1999,1999-12-05,NYJ,NYG,0
1999,1999-12-05,OAK,SEA,0
1999,1999-12-05,PHI,ARI,0
1999,1999-12-05,SD,CLE,0
1999,1999-12-05,SEA,OAK,0
1999,1999-12-05,SF,CIN,0
1999,1999-12-05,STL,CAR,0
1999,1999-12-05,TEN,BAL,0
1999,1999-12-05,WAS,DET,0
1999,1999-12-06,MIN,TB,0
1999,1999-12-06,TB,MIN,0
1999,1999-12-09,OAK,TEN,0
1999,1999-12-09,TEN,OAK,0
1999,1999-12-12,ARI,WAS,0
1999,1999-12-12,ATL,SF,0
1999,1999-12-12,BAL,PIT,0
1999,1999-12-12,BUF,NYG,0
1999,1999-12-12,CAR,GB,0
1999,1999-12-12,CIN,CLE,0
1999,1999-12-12,CLE,CIN,0
1999,1999-12-12,DAL,PHI,0
1999,1999-12-12,DET,TB,0
1999,1999-12-12,GB,CAR,0
1999,1999-12-12,IND,NE,0
1999,1999-12-12,KC,MIN,0
1999,1999-12-12,MIA,NYJ,0
1999,1999-12-12,MIN,KC,0
1999,1999-12-12,NE,IND,0
1999,1999-12-12,NO,STL,0
1999,1999-12-12,NYG,BUF,0
1999,1999-12-12,NYJ,MIA,0
1999,1999-12-12,PHI,DAL,0
1999,1999-12-12,PIT,BAL,0
1999,1999-12-12,SD,SEA,0
1999,1999-12-12,SEA,SD,0
1999,1999-12-12,SF,ATL,0
1999,1999-12-12,STL,NO,0
1999,1999-12-12,TB,DET,0
1999,1999-12-12,WAS,ARI,0
1999,1999-12-13,DEN,JAX,0
1999,1999-12-13,JAX,DEN,0
1999,1999-12-18,CAR,SF,0
1999,1999-12-18,KC,PIT,0
1999,1999-12-18,PIT,KC,0
1999,1999-12-18,SF,CAR,0
1999,1999-12-19,ARI,BUF,0
1999,1999-12-19,ATL,TEN,0
1999,1999-12-19,BAL,NO,0
1999,1999-12-19,BUF,ARI,0
1999,1999-12-19,CHI,DET,0
1999,1999-12-19,CLE,JAX,0
1999,1999-12-19,DAL,NYJ,0
1999,1999-12-19,DEN,SEA,1
1999,1999-12-19,DET,CHI,0
1999,1999-12-19,IND,WAS,0
1999,1999-12-19,JAX,CLE,0
1999,1999-12-19,MIA,SD,0
1999,1999-12-19,NE,PHI,0
1999,1999-12-19,NO,BAL,0
1999,1999-12-19,NYG,STL,0
1999,1999-12-19,NYJ,DAL,0
1999,1999-12-19,OAK,TB,0
1999,1999-12-19,PHI,NE,0
1999,1999-12-19,SD,MIA,0
1999,1999-12-19,SEA,DEN,1
1999,1999-12-19,STL,NYG,0
1999,1999-12-19,TB,OAK,0
1999,1999-12-19,TEN,ATL,0
1999,1999-12-19,WAS,IND,0
1999,1999-12-20,GB,MIN,0
1999,1999-12-20,MIN,GB,0
1999,1999-12-24,DAL,NO,0
1999,1999-12-24,NO,DAL,0
1999,1999-12-25,DEN,DET,0
1999,1999-12-25,DET,DEN,0
1999,1999-12-26,ARI,ATL,0
1999,1999-12-26,ATL,ARI,0
1999,1999-12-26,BAL,CIN,0
1999,1999-12-26,BUF,NE,1
1999,1999-12-26,CAR,PIT,0
1999,1999-12-26,CHI,STL,0
1999,1999-12-26,CIN,BAL,0
1999,1999-12-26,CLE,IND,0
1999,1999-12-26,GB,TB,0
1999,1999-12-26,IND,CLE,0
1999,1999-12-26,JAX,TEN,0
1999,1999-12-26,KC,SEA,0
1999,1999-12-26,MIN,NYG,0
1999,1999-12-26,NE,BUF,1
1999,1999-12-26,NYG,MIN,0
1999,1999-12-26,OAK,SD,0
1999,1999-12-26,PIT,CAR,0
1999,1999-12-26,SD,OAK,0
1999,1999-12-26,SEA,KC,0
1999,1999-12-26,SF,WAS,1
1999,1999-12-26,STL,CHI,0
1999,1999-12-26,TB,GB,0
1999,1999-12-26,TEN,JAX,0
1999,1999-12-26,WAS,SF,1
1999,1999-12-27,MIA,NYJ,0
1999,1999-12-27,NYJ,MIA,0
1999,2000-01-02,ARI,GB,0
1999,2000-01-02,BAL,NE,0
1999,2000-01-02,BUF,IND,0
1999,2000-01-02,CAR,NO,0
1999,2000-01-02,CHI,TB,0
1999,2000-01-02,CIN,JAX,0
1999,2000-01-02,DAL,NYG,0
1999,2000-01-02,DEN,SD,0
1999,2000-01-02,DET,MIN,0
1999,2000-01-02,GB,ARI,0
1999,2000-01-02,IND,BUF,0
1999,2000-01-02,JAX,CIN,0
1999,2000-01-02,KC,OAK,1
1999,2000-01-02,MIA,WAS,0
1999,2000-01-02,MIN,DET,0
1999,2000-01-02,NE,BAL,0
1999,2000-01-02,NO,CAR,0
1999,2000-01-02,NYG,DAL,0
1999,2000-01-02,NYJ,SEA,0
1999,2000-01-02,OAK,KC,1
1999,2000-01-02,PHI,STL,0
1999,2000-01-02,PIT,TEN,0
1999,2000-01-02,SD,DEN,0
1999,2000-01-02,SEA,NYJ,0
1999,2000-01-02,STL,PHI,0
1999,2000-01-02,TB,CHI,0
1999,2000-01-02,TEN,PIT,0
1999,2000-01-02,WAS,MIA,0
1999,2000-01-03,ATL,SF,0
1999,2000-01-03,SF,ATL,0
1999,2000-01-08,BUF,TEN,0
1999,2000-01-08,DET,WAS,0
1999,2000-01-08,TEN,BUF,0
1999,2000-01-08,WAS,DET,0
1999,2000-01-09,DAL,MIN,0
1999,2000-01-09,MIA,SEA,0
1999,2000-01-09,MIN,DAL,0
1999,2000-01-09,SEA,MIA,0
1999,2000-01-15,JAX,MIA,0
1999,2000-01-15,MIA,JAX,0
1999,2000-01-15,TB,WAS,0
1999,2000-01-15,WAS,TB,0
1999,2000-01-16,IND,TEN,0
1999,2000-01-16,MIN,STL,0
1999,2000-01-16,STL,MIN,0
1999,2000-01-16,TEN,IND,0
1999,2000-01-23,JAX,TEN,0
1999,2000-01-23,STL,TB,0
1999,2000-01-23,TB,STL,0
1999,2000-01-23,TEN,JAX,0
1999,2000-01-30,STL,TEN,0
1999,2000-01-30,TEN,STL,0
2000,2000-09-03,ARI,NYG,0
2000,2000-09-03,ATL,SF,0
2000,2000-09-03,BAL,PIT,0
2000,2000-09-03,BUF,TEN,0
2000,2000-09-03,CAR,WAS,0
2000,2000-09-03,CHI,MIN,0
2000,2000-09-03,CLE,JAX,0
2000,2000-09-03,DAL,PHI,0
2000,2000-09-03,DET,NO,0
2000,2000-09-03,GB,NYJ,0
2000,2000-09-03,IND,KC,0
2000,2000-09-03,JAX,CLE,0
2000,2000-09-03,KC,IND,0
2000,2000-09-03,MIA,SEA,0
2000,2000-09-03,MIN,CHI,0
2000,2000-09-03,NE,TB,0
2000,2000-09-03,NO,DET,0
2000,2000-09-03,NYG,ARI,0
2000,2000-09-03,NYJ,GB,0
2000,2000-09-03,OAK,SD,0
2000,2000-09-03,PHI,DAL,0
2000,2000-09-03,PIT,BAL,0
2000,2000-09-03,SD,OAK,0
2000,2000-09-03,SEA,MIA,0
2000,2000-09-03,SF,ATL,0
2000,2000-09-03,TB,NE,0
2000,2000-09-03,TEN,BUF,0
2000,2000-09-03,WAS,CAR,0
2000,2000-09-04,DEN,STL,0
2000,2000-09-04,STL,DEN,0
2000,2000-09-10,ARI,DAL,0
2000,2000-09-10,ATL,DEN,0
2000,2000-09-10,BAL,JAX,0
2000,2000-09-10,BUF,GB,0
2000,2000-09-10,CAR,SF,0
2000,2000-09-10,CHI,TB,0
2000,2000-09-10,CIN,CLE,0
2000,2000-09-10,CLE,CIN,0
2000,2000-09-10,DAL,ARI,0
2000,2000-09-10,DEN,ATL,0
2000,2000-09-10,DET,WAS,0
2000,2000-09-10,GB,BUF,0
2000,2000-09-10,IND,OAK,0
2000,2000-09-10,JAX,BAL,0
2000,2000-09-10,KC,TEN,1
2000,2000-09-10,MIA,MIN,0
2000,2000-09-10,MIN,MIA,0
2000,2000-09-10,NO,SD,0
2000,2000-09-10,NYG,PHI,0
2000,2000-09-10,OAK,IND,0
2000,2000-09-10,PHI,NYG,0
2000,2000-09-10,SD,NO,0
2000,2000-09-10,SEA,STL,0
2000,2000-09-10,SF,CAR,0
2000,2000-09-10,STL,SEA,0
2000,2000-09-10,TB,CHI,0
2000,2000-09-10,TEN,KC,1
2000,2000-09-10,WAS,DET,0
2000,2000-09-11,NE,NYJ,0
2000,2000-09-11,NYJ,NE,0
2000,2000-09-17,ATL,CAR,0
2000,2000-09-17,BAL,MIA,0
2000,2000-09-17,BUF,NYJ,0
2000,2000-09-17,CAR,ATL,0
2000,2000-09-17,CHI,NYG,0
2000,2000-09-17,CIN,JAX,0
2000,2000-09-17,CLE,PIT,0
2000,2000-09-17,DEN,OAK,0
2000,2000-09-17,DET,TB,0
2000,2000-09-17,GB,PHI,0
2000,2000-09-17,JAX,CIN,0
2000,2000-09-17,KC,SD,0
2000,2000-09-17,MIA,BAL,0
2000,2000-09-17,MIN,NE,0
2000,2000-09-17,NE,MIN,0
2000,2000-09-17,NO,SEA,0
2000,2000-09-17,NYG,CHI,0
2000,2000-09-17,NYJ,BUF,0
2000,2000-09-17,OAK,DEN,0
2000,2000-09-17,PHI,GB,0
2000,2000-09-17,PIT,CLE,0
2000,2000-09-17,SD,KC,0
2000,2000-09-17,SEA,NO,0
2000,2000-09-17,SF,STL,0
2000,2000-09-17,STL,SF,0
2000,2000-09-17,TB,DET,0
2000,2000-09-18,DAL,WAS,0
2000,2000-09-18,WAS,DAL,0
2000,2000-09-24,ARI,GB,0
2000,2000-09-24,ATL,STL,0
2000,2000-09-24,BAL,CIN,0
2000,2000-09-24,CHI,DET,0
2000,2000-09-24,CIN,BAL,0
2000,2000-09-24,CLE,OAK,0
2000,2000-09-24,DAL,SF,0
2000,2000-09-24,DEN,KC,0
2000,2000-09-24,DET,CHI,0
2000,2000-09-24,GB,ARI,0
2000,2000-09-24,KC,DEN,0
2000,2000-09-24,MIA,NE,0
2000,2000-09-24,NE,MIA,0
2000,2000-09-24,NO,PHI,0
2000,2000-09-24,NYG,WAS,0
2000,2000-09-24,NYJ,TB,0
2000,2000-09-24,OAK,CLE,0
2000,2000-09-24,PHI,NO,0
2000,2000-09-24,PIT,TEN,0
2000,2000-09-24,SD,SEA,0
2000,2000-09-24,SEA,SD,0
2000,2000-09-24,SF,DAL,0
2000,2000-09-24,STL,ATL,0
2000,2000-09-24,TB,NYJ,0
2000,2000-09-24,TEN,PIT,0
2000,2000-09-24,WAS,NYG,0
2000,2000-09-25,IND,JAX,0
2000,2000-09-25,JAX,IND,0
2000,2000-10-01,ARI,SF,0
2000,2000-10-01,ATL,PHI,0
2000,2000-10-01,BAL,CLE,0
2000,2000-10-01,BUF,IND,0
2000,2000-10-01,CAR,DAL,1
2000,2000-10-01,CHI,GB,0
2000,2000-10-01,CIN,MIA,0
2000,2000-10-01,CLE,BAL,0
2000,2000-10-01,DAL,CAR,1
2000,2000-10-01,DEN,NE,0
2000,2000-10-01,DET,MIN,0
2000,2000-10-01,GB,CHI,0
2000,2000-10-01,IND,BUF,0
2000,2000-10-01,JAX,PIT,0
2000,2000-10-01,MIA,CIN,0
2000,2000-10-01,MIN,DET,0
2000,2000-10-01,NE,DEN,0
2000,2000-10-01,NYG,TEN,0
2000,2000-10-01,PHI,ATL,0
2000,2000-10-01,PIT,JAX,0
2000,2000-10-01,SD,STL,0
2000,2000-10-01,SF,ARI,0
2000,2000-10-01,STL,SD,0
2000,2000-10-01,TB,WAS,1
2000,2000-10-01,TEN,NYG,0
2000,2000-10-01,WAS,TB,1
2000,2000-10-02,KC,SEA,0
2000,2000-10-02,SEA,KC,0
2000,2000-10-08,ARI,CLE,0
2000,2000-10-08,ATL,NYG,0
2000,2000-10-08,BAL,JAX,0
2000,2000-10-08,BUF,MIA,0
2000,2000-10-08,CAR,SEA,0
2000,2000-10-08,CHI,NO,0
2000,2000-10-08,CIN,TEN,0
2000,2000-10-08,CLE,ARI,0
2000,2000-10-08,DEN,SD,0
2000,2000-10-08,DET,GB,0
2000,2000-10-08,GB,DET,0
2000,2000-10-08,IND,NE,0
2000,2000-10-08,JAX,BAL,0
2000,2000-10-08,MIA,BUF,0
2000,2000-10-08,NE,IND,0
2000,2000-10-08,NO,CHI,0
2000,2000-10-08,NYG,ATL,0
2000,2000-10-08,NYJ,PIT,0
2000,2000-10-08,OAK,SF,1
2000,2000-10-08,PHI,WAS,0
2000,2000-10-08,PIT,NYJ,0
2000,2000-10-08,SD,DEN,0
2000,2000-10-08,SEA,CAR,0
2000,2000-10-08,SF,OAK,1
2000,2000-10-08,TEN,CIN,0
2000,2000-10-08,WAS,PHI,0
2000,2000-10-09,MIN,TB,0
2000,2000-10-09,TB,MIN,0
2000,2000-10-15,ARI,PHI,0
2000,2000-10-15,ATL,STL,0
2000,2000-10-15,BAL,WAS,0
2000,2000-10-15,BUF,SD,1
2000,2000-10-15,CAR,NO,0
2000,2000-10-15,CHI,MIN,0
2000,2000-10-15,CIN,PIT,0
2000,2000-10-15,CLE,DEN,0
2000,2000-10-15,DAL,NYG,0
2000,2000-10-15,DEN,CLE,0
2000,2000-10-15,GB,SF,0
2000,2000-10-15,IND,SEA,0
2000,2000-10-15,KC,OAK,0
2000,2000-10-15,MIN,CHI,0
2000,2000-10-15,NE,NYJ,0
2000,2000-10-15,NO,CAR,0
2000,2000-10-15,NYG,DAL,0
2000,2000-10-15,NYJ,NE,0
2000,2000-10-15,OAK,KC,0
2000,2000-10-15,PHI,ARI,0
2000,2000-10-15,PIT,CIN,0
2000,2000-10-15,SD,BUF,1
2000,2000-10-15,SEA,IND,0
2000,2000-10-15,SF,GB,0
2000,2000-10-15,STL,ATL,0
2000,2000-10-15,WAS,BAL,0
2000,2000-10-16,JAX,TEN,0
2000,2000-10-16,TEN,JAX,0
2000,2000-10-19,DET,TB,0
2000,2000-10-19,TB,DET,0
2000,2000-10-22,ARI,DAL,0
2000,2000-10-22,ATL,NO,0
2000,2000-10-22,BAL,TEN,0
2000,2000-10-22,BUF,MIN,0
2000,2000-10-22,CAR,SF,0
2000,2000-10-22,CHI,PHI,0
2000,2000-10-22,CIN,DEN,0
2000,2000-10-22,CLE,PIT,0
2000,2000-10-22,DAL,ARI,0
2000,2000-10-22,DEN,CIN,0
2000,2000-10-22,IND,NE,0
2000,2000-10-22,JAX,WAS,0
2000,2000-10-22,KC,STL,0
2000,2000-10-22,MIN,BUF,0
2000,2000-10-22,NE,IND,0
2000,2000-10-22,NO,ATL,0
2000,2000-10-22,OAK,SEA,0
2000,2000-10-22,PHI,CHI,0
2000,2000-10-22,PIT,CLE,0
2000,2000-10-22,SEA,OAK,0
2000,2000-10-22,SF,CAR,0
2000,2000-10-22,STL,KC,0
2000,2000-10-22,TEN,BAL,0
2000,2000-10-22,WAS,JAX,0
2000,2000-10-23,MIA,NYJ,1
2000,2000-10-23,NYJ,MIA,1
2000,2000-10-29,ARI,NO,0
2000,2000-10-29,ATL,CAR,0
2000,2000-10-29,BAL,PIT,0
2000,2000-10-29,BUF,NYJ,0
2000,2000-10-29,CAR,ATL,0
2000,2000-10-29,CIN,CLE,0
2000,2000-10-29,CLE,CIN,0
2000,2000-10-29,DAL,JAX,1
2000,2000-10-29,DET,IND,0
2000,2000-10-29,GB,MIA,0
2000,2000-10-29,IND,DET,0
2000,2000-10-29,JAX,DAL,1
2000,2000-10-29,KC,SEA,0
2000,2000-10-29,MIA,GB,0
2000,2000-10-29,MIN,TB,0
2000,2000-10-29,NO,ARI,0
2000,2000-10-29,NYG,PHI,0
2000,2000-10-29,NYJ,BUF,0
2000,2000-10-29,OAK,SD,0
2000,2000-10-29,PHI,NYG,0
2000,2000-10-29,PIT,BAL,0
2000,2000-10-29,SD,OAK,0
2000,2000-10-29,SEA,KC,0
2000,2000-10-29,SF,STL,0
2000,2000-10-29,STL,SF,0
2000,2000-10-29,TB,MIN,0
2000,2000-10-30,TEN,WAS,0
2000,2000-10-30,WAS,TEN,0
2000,2000-11-05,ARI,WAS,0
2000,2000-11-05,ATL,TB,0
2000,2000-11-05,BAL,CIN,0
2000,2000-11-05,BUF,NE,1
2000,2000-11-05,CAR,STL,0
2000,2000-11-05,CHI,IND,0
2000,2000-11-05,CIN,BAL,0
2000,2000-11-05,CLE,NYG,0
2000,2000-11-05,DAL,PHI,1
2000,2000-11-05,DEN,NYJ,0
2000,2000-11-05,DET,MIA,0
2000,2000-11-05,IND,CHI,0
2000,2000-11-05,KC,OAK,0
2000,2000-11-05,MIA,DET,0
2000,2000-11-05,NE,BUF,1
2000,2000-11-05,NO,SF,0
2000,2000-11-05,NYG,CLE,0
2000,2000-11-05,NYJ,DEN,0
2000,2000-11-05,OAK,KC,0
2000,2000-11-05,PHI,DAL,1
2000,2000-11-05,PIT,TEN,0
2000,2000-11-05,SD,SEA,0
2000,2000-11-05,SEA,SD,0
2000,2000-11-05,SF,NO,0
2000,2000-11-05,STL,CAR,0
2000,2000-11-05,TB,ATL,0
2000,2000-11-05,TEN,PIT,0
2000,2000-11-05,WAS,ARI,0
2000,2000-11-06,GB,MIN,1
2000,2000-11-06,MIN,GB,1
2000,2000-11-12,ARI,MIN,0
2000,2000-11-12,ATL,DET,0
2000,2000-11-12,BAL,TEN,0
2000,2000-11-12,BUF,CHI,0
2000,2000-11-12,CAR,NO,0
2000,2000-11-12,CHI,BUF,0
2000,2000-11-12,CIN,DAL,0
2000,2000-11-12,CLE,NE,0
2000,2000-11-12,DAL,CIN,0
2000,2000-11-12,DET,ATL,0
2000,2000-11-12,GB,TB,0
2000,2000-11-12,IND,NYJ,0
2000,2000-11-12,JAX,SEA,0
2000,2000-11-12,KC,SF,0
2000,2000-11-12,MIA,SD,0
2000,2000-11-12,MIN,ARI,0
2000,2000-11-12,NE,CLE,0
2000,2000-11-12,NO,CAR,0
2000,2000-11-12,NYG,STL,0
2000,2000-11-12,NYJ,IND,0
2000,2000-11-12,PHI,PIT,1
2000,2000-11-12,PIT,PHI,1
2000,2000-11-12,SD,MIA,0
2000,2000-11-12,SEA,JAX,0
2000,2000-11-12,SF,KC,0
2000,2000-11-12,STL,NYG,0
2000,2000-11-12,TB,GB,0
2000,2000-11-12,TEN,BAL,0
2000,2000-11-13,DEN,OAK,0
2000,2000-11-13,OAK,DEN,0
2000,2000-11-19,ARI,PHI,0
2000,2000-11-19,ATL,SF,0
2000,2000-11-19,BAL,DAL,0
2000,2000-11-19,BUF,KC,0
2000,2000-11-19,CAR,MIN,0
2000,2000-11-19,CHI,TB,0
2000,2000-11-19,CIN,NE,0
2000,2000-11-19,CLE,TEN,0
2000,2000-11-19,DAL,BAL,0
2000,2000-11-19,DEN,SD,0
2000,2000-11-19,DET,NYG,0
2000,2000-11-19,GB,IND,0
2000,2000-11-19,IND,GB,0
2000,2000-11-19,JAX,PIT,0
2000,2000-11-19,KC,BUF,0
2000,2000-11-19,MIA,NYJ,0
2000,2000-11-19,MIN,CAR,0
2000,2000-11-19,NE,CIN,0
2000,2000-11-19,NO,OAK,0
2000,2000-11-19,NYG,DET,0
2000,2000-11-19,NYJ,MIA,0
2000,2000-11-19,OAK,NO,0
2000,2000-11-19,PHI,ARI,0
2000,2000-11-19,PIT,JAX,0
2000,2000-11-19,SD,DEN,0
2000,2000-11-19,SF,ATL,0
2000,2000-11-19,TB,CHI,0
2000,2000-11-19,TEN,CLE,0
2000,2000-11-20,STL,WAS,0
2000,2000-11-20,WAS,STL,0
2000,2000-11-23,DAL,MIN,0
2000,2000-11-23,DET,NE,0
2000,2000-11-23,MIN,DAL,0
2000,2000-11-23,NE,DET,0
2000,2000-11-26,ARI,NYG,0
2000,2000-11-26,ATL,OAK,0
2000,2000-11-26,BAL,CLE,0
2000,2000-11-26,BUF,TB,0
2000,2000-11-26,CHI,NYJ,0
2000,2000-11-26,CIN,PIT,0
2000,2000-11-26,CLE,BAL,0
2000,2000-11-26,DEN,SEA,0
2000,2000-11-26,IND,MIA,0
2000,2000-11-26,JAX,TEN,0
2000,2000-11-26,KC,SD,0
2000,2000-11-26,MIA,IND,0
2000,2000-11-26,NO,STL,0
2000,2000-11-26,NYG,ARI,0
2000,2000-11-26,NYJ,CHI,0
2000,2000-11-26,OAK,ATL,0
2000,2000-11-26,PHI,WAS,0
2000,2000-11-26,PIT,CIN,0
2000,2000-11-26,SD,KC,0
2000,2000-11-26,SEA,DEN,0
2000,2000-11-26,STL,NO,0
2000,2000-11-26,TB,BUF,0
2000,2000-11-26,TEN,JAX,0
2000,2000-11-26,WAS,PHI,0
2000,2000-11-27,CAR,GB,0
2000,2000-11-27,GB,CAR,0
2000,2000-11-30,DET,MIN,0
2000,2000-11-30,MIN,DET,0
2000,2000-12-03,ARI,CIN,0
2000,2000-12-03,ATL,SEA,0
2000,2000-12-03,BUF,MIA,0
2000,2000-12-03,CAR,STL,0
2000,2000-12-03,CHI,GB,0
2000,2000-12-03,CIN,ARI,0
2000,2000-12-03,CLE,JAX,0
2000,2000-12-03,DAL,TB,0
2000,2000-12-03,DEN,NO,0
2000,2000-12-03,GB,CHI,0
2000,2000-12-03,IND,NYJ,0
2000,2000-12-03,JAX,CLE,0
2000,2000-12-03,MIA,BUF,0
2000,2000-12-03,NO,DEN,0
2000,2000-12-03,NYG,WAS,0
2000,2000-12-03,NYJ,IND,0
2000,2000-12-03,OAK,PIT,0
2000,2000-12-03,PHI,TEN,0
2000,2000-12-03,PIT,OAK,0
2000,2000-12-03,SD,SF,0
2000,2000-12-03,SEA,ATL,0
2000,2000-12-03,SF,SD,0
2000,2000-12-03,STL,CAR,0
2000,2000-12-03,TB,DAL,0
2000,2000-12-03,TEN,PHI,0
2000,2000-12-03,WAS,NYG,0
2000,2000-12-04,KC,NE,0
2000,2000-12-04,NE,KC,0
2000,2000-12-10,ARI,JAX,0
2000,2000-12-10,BAL,SD,0
2000,2000-12-10,CAR,KC,0
2000,2000-12-10,CHI,NE,0
2000,2000-12-10,CIN,TEN,0
2000,2000-12-10,CLE,PHI,0
2000,2000-12-10,DAL,WAS,0
2000,2000-12-10,DEN,SEA,0
2000,2000-12-10,DET,GB,0
2000,2000-12-10,GB,DET,0
2000,2000-12-10,JAX,ARI,0
2000,2000-12-10,KC,CAR,0
2000,2000-12-10,MIA,TB,0
2000,2000-12-10,MIN,STL,0
2000,2000-12-10,NE,CHI,0
2000,2000-12-10,NO,SF,0
2000,2000-12-10,NYG,PIT,0
2000,2000-12-10,NYJ,OAK,0
2000,2000-12-10,OAK,NYJ,0
2000,2000-12-10,PHI,CLE,0
2000,2000-12-10,PIT,NYG,0
2000,2000-12-10,SD,BAL,0
2000,2000-12-10,SEA,DEN,0
2000,2000-12-10,SF,NO,0
2000,2000-12-10,STL,MIN,0
2000,2000-12-10,TB,MIA,0
2000,2000-12-10,TEN,CIN,0
2000,2000-12-10,WAS,DAL,0
2000,2000-12-11,BUF,IND,0
2000,2000-12-11,IND,BUF,0
2000,2000-12-16,OAK,SEA,0
2000,2000-12-16,PIT,WAS,0
2000,2000-12-16,SEA,OAK,0
2000,2000-12-16,WAS,PIT,0
2000,2000-12-17,ARI,BAL,0
2000,2000-12-17,ATL,NO,0
2000,2000-12-17,BAL,ARI,0
2000,2000-12-17,BUF,NE,1
2000,2000-12-17,CAR,SD,0
2000,2000-12-17,CHI,SF,0
2000,2000-12-17,CIN,JAX,0
2000,2000-12-17,CLE,TEN,0
2000,2000-12-17,DAL,NYG,0
2000,2000-12-17,DEN,KC,0
2000,2000-12-17,DET,NYJ,0
2000,2000-12-17,GB,MIN,0
2000,2000-12-17,IND,MIA,0
2000,2000-12-17,JAX,CIN,0
2000,2000-12-17,KC,DEN,0
2000,2000-12-17,MIA,IND,0
2000,2000-12-17,MIN,GB,0
2000,2000-12-17,NE,BUF,1
2000,2000-12-17,NO,ATL,0
2000,2000-12-17,NYG,DAL,0
2000,2000-12-17,NYJ,DET,0
2000,2000-12-17,SD,CAR,0
2000,2000-12-17,SF,CHI,0
2000,2000-12-17,TEN,CLE,0
2000,2000-12-18,STL,TB,0
2000,2000-12-18,TB,STL,0
2000,2000-12-23,BUF,SEA,0
2000,2000-12-23,DEN,SF,0
2000,2000-12-23,JAX,NYG,0
2000,2000-12-23,NYG,JAX,0
2000,2000-12-23,SEA,BUF,0
2000,2000-12-23,SF,DEN,0
2000,2000-12-24,ARI,WAS,0
2000,2000-12-24,ATL,KC,0
2000,2000-12-24,BAL,NYJ,0
2000,2000-12-24,CAR,OAK,0
2000,2000-12-24,CHI,DET,0
2000,2000-12-24,CIN,PHI,0
2000,2000-12-24,DET,CHI,0
2000,2000-12-24,GB,TB,1
2000,2000-12-24,IND,MIN,0
2000,2000-12-24,KC,ATL,0
2000,2000-12-24,MIA,NE,0
2000,2000-12-24,MIN,IND,0
2000,2000-12-24,NE,MIA,0
2000,2000-12-24,NO,STL,0
2000,2000-12-24,NYJ,BAL,0
2000,2000-12-24,OAK,CAR,0
2000,2000-12-24,PHI,CIN,0
2000,2000-12-24,PIT,SD,0
2000,2000-12-24,SD,PIT,0
2000,2000-12-24,STL,NO,0
2000,2000-12-24,TB,GB,1
2000,2000-12-24,WAS,ARI,0
2000,2000-12-25,DAL,TEN,0
2000,2000-12-25,TEN,DAL,0
2000,2000-12-30,IND,MIA,1
2000,2000-12-30,MIA,IND,1
2000,2000-12-30,NO,STL,0
2000,2000-12-30,STL,NO,0
2000,2000-12-31,BAL,DEN,0
2000,2000-12-31,DEN,BAL,0
2000,2000-12-31,PHI,TB,0
2000,2000-12-31,TB,PHI,0
2000,2001-01-06,MIA,OAK,0
2000,2001-01-06,MIN,NO,0
2000,2001-01-06,NO,MIN,0
2000,2001-01-06,OAK,MIA,0
2000,2001-01-07,BAL,TEN,0
2000,2001-01-07,NYG,PHI,0
2000,2001-01-07,PHI,NYG,0
2000,2001-01-07,TEN,BAL,0
2000,2001-01-14,BAL,OAK,0
2000,2001-01-14,MIN,NYG,0
2000,2001-01-14,NYG,MIN,0
2000,2001-01-14,OAK,BAL,0
2000,2001-01-28,BAL,NYG,0
2000,2001-01-28,NYG,BAL,0
2001,2001-09-09,ATL,SF,1
2001,2001-09-09,BAL,CHI,0
2001,2001-09-09,BUF,NO,0
2001,2001-09-09,CAR,MIN,0
2001,2001-09-09,CHI,BAL,0
2001,2001-09-09,CIN,NE,0
2001,2001-09-09,CLE,SEA,0
2001,2001-09-09,DAL,TB,0
2001,2001-09-09,DET,GB,0
2001,2001-09-09,GB,DET,0
2001,2001-09-09,IND,NYJ,0
2001,2001-09-09,JAX,PIT,0
2001,2001-09-09,KC,OAK,0
2001,2001-09-09,MIA,TEN,0
2001,2001-09-09,MIN,CAR,0
2001,2001-09-09,NE,CIN,0
2001,2001-09-09,NO,BUF,0
2001,2001-09-09,NYJ,IND,0
2001,2001-09-09,OAK,KC,0
2001,2001-09-09,PHI,STL,1
2001,2001-09-09,PIT,JAX,0
2001,2001-09-09,SD,WAS,0
2001,2001-09-09,SEA,CLE,0
2001,2001-09-09,SF,ATL,1
2001,2001-09-09,STL,PHI,1
2001,2001-09-09,TB,DAL,0
2001,2001-09-09,TEN,MIA,0
2001,2001-09-09,WAS,SD,0
2001,2001-09-10,DEN,NYG,0
2001,2001-09-10,NYG,DEN,0
2001,2001-09-23,ARI,DEN,0
2001,2001-09-23,ATL,CAR,0
2001,2001-09-23,BAL,CIN,0
2001,2001-09-23,BUF,IND,0
2001,2001-09-23,CAR,ATL,0
2001,2001-09-23,CHI,MIN,0
2001,2001-09-23,CIN,BAL,0
2001,2001-09-23,CLE,DET,0
2001,2001-09-23,DAL,SD,0
2001,2001-09-23,DEN,ARI,0
2001,2001-09-23,DET,CLE,0
2001,2001-09-23,IND,BUF,0
2001,2001-09-23,JAX,TEN,0
2001,2001-09-23,KC,NYG,0
2001,2001-09-23,MIA,OAK,0
2001,2001-09-23,MIN,CHI,0
2001,2001-09-23,NE,NYJ,0
2001,2001-09-23,NYG,KC,0
2001,2001-09-23,NYJ,NE,0
2001,2001-09-23,OAK,MIA,0
2001,2001-09-23,PHI,SEA,0
2001,2001-09-23,SD,DAL,0
2001,2001-09-23,SEA,PHI,0
2001,2001-09-23,SF,STL,0
2001,2001-09-23,STL,SF,0
2001,2001-09-23,TEN,JAX,0
2001,2001-09-24,GB,WAS,0
2001,2001-09-24,WAS,GB,0
2001,2001-09-30,ARI,ATL,0
2001,2001-09-30,ATL,ARI,0
2001,2001-09-30,BAL,DEN,0
2001,2001-09-30,BUF,PIT,0
2001,2001-09-30,CAR,GB,0
2001,2001-09-30,CIN,SD,0
2001,2001-09-30,CLE,JAX,0
2001,2001-09-30,DAL,PHI,0
2001,2001-09-30,DEN,BAL,0
2001,2001-09-30,GB,CAR,0
2001,2001-09-30,IND,NE,0
2001,2001-09-30,JAX,CLE,0
2001,2001-09-30,KC,WAS,0
2001,2001-09-30,MIA,STL,0
2001,2001-09-30,MIN,TB,0
2001,2001-09-30,NE,IND,0
2001,2001-09-30,NO,NYG,0
2001,2001-09-30,NYG,NO,0
2001,2001-09-30,OAK,SEA,0
2001,2001-09-30,PHI,DAL,0
2001,2001-09-30,PIT,BUF,0
2001,2001-09-30,SD,CIN,0
2001,2001-09-30,SEA,OAK,0
2001,2001-09-30,STL,MIA,0
2001,2001-09-30,TB,MIN,0
2001,2001-09-30,WAS,KC,0
2001,2001-10-01,NYJ,SF,0
2001,2001-10-01,SF,NYJ,0
2001,2001-10-07,ARI,PHI,0
2001,2001-10-07,ATL,CHI,0
2001,2001-10-07,BAL,TEN,0
2001,2001-10-07,BUF,NYJ,0
2001,2001-10-07,CAR,SF,0
2001,2001-10-07,CHI,ATL,0
2001,2001-10-07,CIN,PIT,0
2001,2001-10-07,CLE,SD,0
2001,2001-10-07,DAL,OAK,0
2001,2001-10-07,DEN,KC,0
2001,2001-10-07,GB,TB,0
2001,2001-10-07,JAX,SEA,0
2001,2001-10-07,KC,DEN,0
2001,2001-10-07,MIA,NE,0
2001,2001-10-07,MIN,NO,0
2001,2001-10-07,NE,MIA,0
2001,2001-10-07,NO,MIN,0
2001,2001-10-07,NYG,WAS,0
2001,2001-10-07,NYJ,BUF,0
2001,2001-10-07,OAK,DAL,0
2001,2001-10-07,PHI,ARI,0
2001,2001-10-07,PIT,CIN,0
2001,2001-10-07,SD,CLE,0
2001,2001-10-07,SEA,JAX,0
2001,2001-10-07,SF,CAR,0
2001,2001-10-07,TB,GB,0
2001,2001-10-07,TEN,BAL,0
2001,2001-10-07,WAS,NYG,0
2001,2001-10-08,DET,STL,0
2001,2001-10-08,STL,DET,0
2001,2001-10-14,ARI,CHI,0
2001,2001-10-14,ATL,SF,1
2001,2001-10-14,BAL,GB,0
2001,2001-10-14,CAR,NO,0
2001,2001-10-14,CHI,ARI,0
2001,2001-10-14,CIN,CLE,0
2001,2001-10-14,CLE,CIN,0
2001,2001-10-14,DEN,SEA,0
2001,2001-10-14,DET,MIN,0
2001,2001-10-14,GB,BAL,0
2001,2001-10-14,IND,OAK,0
2001,2001-10-14,KC,PIT,0
2001,2001-10-14,MIA,NYJ,0
2001,2001-10-14,MIN,DET,0
2001,2001-10-14,NE,SD,1
2001,2001-10-14,NO,CAR,0
2001,2001-10-14,NYG,STL,0
2001,2001-10-14,NYJ,MIA,0
2001,2001-10-14,OAK,IND,0
2001,2001-10-14,PIT,KC,0
2001,2001-10-14,SD,NE,1
2001,2001-10-14,SEA,DEN,0
2001,2001-10-14,SF,ATL,1
2001,2001-10-14,STL,NYG,0
2001,2001-10-14,TB,TEN,1
2001,2001-10-14,TEN,TB,1
2001,2001-10-15,DAL,WAS,0
2001,2001-10-15,WAS,DAL,0
2001,2001-10-18,BUF,JAX,0
2001,2001-10-18,JAX,BUF,0
2001,2001-10-21,ARI,KC,0
2001,2001-10-21,ATL,NO,0
2001,2001-10-21,BAL,CLE,0
2001,2001-10-21,CAR,WAS,1
2001,2001-10-21,CHI,CIN,0
2001,2001-10-21,CIN,CHI,0
2001,2001-10-21,CLE,BAL,0
2001,2001-10-21,DEN,SD,0
2001,2001-10-21,DET,TEN,0
2001,2001-10-21,GB,MIN,0
2001,2001-10-21,IND,NE,0
2001,2001-10-21,KC,ARI,0
2001,2001-10-21,MIN,GB,0
2001,2001-10-21,NE,IND,0
2001,2001-10-21,NO,ATL,0
2001,2001-10-21,NYJ,STL,0
2001,2001-10-21,PIT,TB,0
2001,2001-10-21,SD,DEN,0
2001,2001-10-21,STL,NYJ,0
2001,2001-10-21,TB,PIT,0
2001,2001-10-21,TEN,DET,0
2001,2001-10-21,WAS,CAR,1
2001,2001-10-22,NYG,PHI,0
2001,2001-10-22,PHI,NYG,0
2001,2001-10-25,IND,KC,0
2001,2001-10-25,KC,IND,0
2001,2001-10-28,ARI,DAL,0
2001,2001-10-28,BAL,JAX,0
2001,2001-10-28,BUF,SD,0
2001,2001-10-28,CAR,NYJ,0
2001,2001-10-28,CHI,SF,1
2001,2001-10-28,CIN,DET,0
2001,2001-10-28,DAL,ARI,0
2001,2001-10-28,DEN,NE,0
2001,2001-10-28,DET,CIN,0
2001,2001-10-28,JAX,BAL,0
2001,2001-10-28,MIA,SEA,0
2001,2001-10-28,MIN,TB,0
2001,2001-10-28,NE,DEN,0
2001,2001-10-28,NO,STL,0
2001,2001-10-28,NYG,WAS,0
2001,2001-10-28,NYJ,CAR,0
2001,2001-10-28,OAK,PHI,0
2001,2001-10-28,PHI,OAK,0
2001,2001-10-28,SD,BUF,0
2001,2001-10-28,SEA,MIA,0
2001,2001-10-28,SF,CHI,1
2001,2001-10-28,STL,NO,0
2001,2001-10-28,TB,MIN,0
2001,2001-10-28,WAS,NYG,0
2001,2001-10-29,PIT,TEN,0
2001,2001-10-29,TEN,PIT,0
2001,2001-11-04,ARI,PHI,0
2001,2001-11-04,ATL,NE,0
2001,2001-11-04,BAL,PIT,0
2001,2001-11-04,BUF,IND,0
2001,2001-11-04,CAR,MIA,0
2001,2001-11-04,CHI,CLE,1
2001,2001-11-04,CLE,CHI,1
2001,2001-11-04,DAL,NYG,1
2001,2001-11-04,DET,SF,0
2001,2001-11-04,GB,TB,0
2001,2001-11-04,IND,BUF,0
2001,2001-11-04,JAX,TEN,0
2001,2001-11-04,KC,SD,0
2001,2001-11-04,MIA,CAR,0
2001,2001-11-04,NE,ATL,0
2001,2001-11-04,NO,NYJ,0
2001,2001-11-04,NYG,DAL,1
2001,2001-11-04,NYJ,NO,0
2001,2001-11-04,PHI,ARI,0
2001,2001-11-04,PIT,BAL,0
2001,2001-11-04,SD,KC,0
2001,2001-11-04,SEA,WAS,0
2001,2001-11-04,SF,DET,0
2001,2001-11-04,TB,GB,0
2001,2001-11-04,TEN,JAX,0
2001,2001-11-04,WAS,SEA,0
2001,2001-11-05,DEN,OAK,0
2001,2001-11-05,OAK,DEN,0
2001,2001-11-11,ARI,NYG,0
2001,2001-11-11,ATL,DAL,0
2001,2001-11-11,BUF,NE,0
2001,2001-11-11,CAR,STL,0
2001,2001-11-11,CHI,GB,0
2001,2001-11-11,CIN,JAX,0
2001,2001-11-11,CLE,PIT,1
2001,2001-11-11,DAL,ATL,0
2001,2001-11-11,DEN,SD,0
2001,2001-11-11,DET,TB,0
2001,2001-11-11,GB,CHI,0
2001,2001-11-11,IND,MIA,0
2001,2001-11-11,JAX,CIN,0
2001,2001-11-11,KC,NYJ,0
2001,2001-11-11,MIA,IND,0
2001,2001-11-11,MIN,PHI,0
2001,2001-11-11,NE,BUF,0
2001,2001-11-11,NO,SF,0
2001,2001-11-11,NYG,ARI,0
2001,2001-11-11,NYJ,KC,0
2001,2001-11-11,OAK,SEA,0
2001,2001-11-11,PHI,MIN,0
2001,2001-11-11,PIT,CLE,1
2001,2001-11-11,SD,DEN,0
2001,2001-11-11,SEA,OAK,0
2001,2001-11-11,SF,NO,0
2001,2001-11-11,STL,CAR,0
2001,2001-11-11,TB,DET,0
2001,2001-11-12,BAL,TEN,0
2001,2001-11-12,TEN,BAL,0
2001,2001-11-18,ARI,DET,0
2001,2001-11-18,ATL,GB,0
2001,2001-11-18,BAL,CLE,0
2001,2001-11-18,BUF,SEA,0
2001,2001-11-18,CAR,SF,1
2001,2001-11-18,CHI,TB,0
2001,2001-11-18,CIN,TEN,0
2001,2001-11-18,CLE,BAL,0
2001,2001-11-18,DAL,PHI,0
2001,2001-11-18,DEN,WAS,0
2001,2001-11-18,DET,ARI,0
2001,2001-11-18,GB,ATL,0
2001,2001-11-18,IND,NO,0
2001,2001-11-18,JAX,PIT,0
2001,2001-11-18,MIA,NYJ,0
2001,2001-11-18,NE,STL,0
2001,2001-11-18,NO,IND,0
2001,2001-11-18,NYJ,MIA,0
2001,2001-11-18,OAK,SD,0
2001,2001-11-18,PHI,DAL,0
2001,2001-11-18,PIT,JAX,0
2001,2001-11-18,SD,OAK,0
2001,2001-11-18,SEA,BUF,0
2001,2001-11-18,SF,CAR,1
2001,2001-11-18,STL,NE,0
2001,2001-11-18,TB,CHI,0
2001,2001-11-18,TEN,CIN,0
2001,2001-11-18,WAS,DEN,0
2001,2001-11-19,MIN,NYG,0
2001,2001-11-19,NYG,MIN,0
2001,2001-11-22,DAL,DEN,0
2001,2001-11-22,DEN,DAL,0
2001,2001-11-22,DET,GB,0
2001,2001-11-22,GB,DET,0
2001,2001-11-25,ARI,SD,0
2001,2001-11-25,ATL,CAR,0
2001,2001-11-25,BAL,JAX,0
2001,2001-11-25,BUF,MIA,0
2001,2001-11-25,CAR,ATL,0
2001,2001-11-25,CHI,MIN,0
2001,2001-11-25,CIN,CLE,0
2001,2001-11-25,CLE,CIN,0
2001,2001-11-25,IND,SF,0
2001,2001-11-25,JAX,BAL,0
2001,2001-11-25,KC,SEA,0
2001,2001-11-25,MIA,BUF,0
2001,2001-11-25,MIN,CHI,0
2001,2001-11-25,NE,NO,0
2001,2001-11-25,NO,NE,0
2001,2001-11-25,NYG,OAK,0
2001,2001-11-25,OAK,NYG,0
2001,2001-11-25,PHI,WAS,0
2001,2001-11-25,PIT,TEN,0
2001,2001-11-25,SD,ARI,0
2001,2001-11-25,SEA,KC,0
2001,2001-11-25,SF,IND,0
2001,2001-11-25,TEN,PIT,0
2001,2001-11-25,WAS,PHI,0
2001,2001-11-26,STL,TB,0
2001,2001-11-26,TB,STL,0
2001,2001-11-29,KC,PHI,0
2001,2001-11-29,PHI,KC,0
2001,2001-12-02,ARI,OAK,1
2001,2001-12-02,ATL,STL,0
2001,2001-12-02,BAL,IND,0
2001,2001-12-02,BUF,SF,0
2001,2001-12-02,CAR,NO,0
2001,2001-12-02,CHI,DET,0
2001,2001-12-02,CIN,TB,1
2001,2001-12-02,CLE,TEN,0
2001,2001-12-02,DAL,WAS,0
2001,2001-12-02,DEN,MIA,0
2001,2001-12-02,DET,CHI,0
2001,2001-12-02,IND,BAL,0
2001,2001-12-02,MIA,DEN,0
2001,2001-12-02,MIN,PIT,0
2001,2001-12-02,NE,NYJ,0
2001,2001-12-02,NO,CAR,0
2001,2001-12-02,NYJ,NE,0
2001,2001-12-02,OAK,ARI,1
2001,2001-12-02,PIT,MIN,0
2001,2001-12-02,SD,SEA,1
2001,2001-12-02,SEA,SD,1
2001,2001-12-02,SF,BUF,0
2001,2001-12-02,STL,ATL,0
2001,2001-12-02,TB,CIN,1
2001,2001-12-02,TEN,CLE,0
2001,2001-12-02,WAS,DAL,0
2001,2001-12-03,GB,JAX,0
2001,2001-12-03,JAX,GB,0
2001,2001-12-09,ARI,WAS,0
2001,2001-12-09,ATL,NO,0
2001,2001-12-09,BUF,CAR,0
2001,2001-12-09,CAR,BUF,0
2001,2001-12-09,CHI,GB,0
2001,2001-12-09,CIN,JAX,0
2001,2001-12-09,CLE,NE,0
2001,2001-12-09,DAL,NYG,0
2001,2001-12-09,DEN,SEA,0
2001,2001-12-09,DET,TB,0
2001,2001-12-09,GB,CHI,0
2001,2001-12-09,JAX,CIN,0
2001,2001-12-09,KC,OAK,0
2001,2001-12-09,MIN,TEN,0
2001,2001-12-09,NE,CLE,0
2001,2001-12-09,NO,ATL,0
2001,2001-12-09,NYG,DAL,0
2001,2001-12-09,NYJ,PIT,0
2001,2001-12-09,OAK,KC,0
2001,2001-12-09,PHI,SD,0
2001,2001-12-09,PIT,NYJ,0
2001,2001-12-09,SD,PHI,0
2001,2001-12-09,SEA,DEN,0
2001,2001-12-09,SF,STL,0
2001,2001-12-09,STL,SF,0
2001,2001-12-09,TB,DET,0
2001,2001-12-09,TEN,MIN,0
2001,2001-12-09,WAS,ARI,0
2001,2001-12-10,IND,MIA,0
2001,2001-12-10,MIA,IND,0
2001,2001-12-15,ARI,NYG,0
2001,2001-12-15,NYG,ARI,0
2001,2001-12-15,OAK,SD,0
2001,2001-12-15,SD,OAK,0
2001,2001-12-16,ATL,IND,0
2001,2001-12-16,BAL,PIT,0
2001,2001-12-16,BUF,NE,1
2001,2001-12-16,CHI,TB,0
2001,2001-12-16,CIN,NYJ,0
2001,2001-12-16,CLE,JAX,0
2001,2001-12-16,DAL,SEA,0
2001,2001-12-16,DEN,KC,1
2001,2001-12-16,DET,MIN,0
2001,2001-12-16,GB,TEN,0
2001,2001-12-16,IND,ATL,0
2001,2001-12-16,JAX,CLE,0
2001,2001-12-16,KC,DEN,1
2001,2001-12-16,MIA,SF,0
2001,2001-12-16,MIN,DET,0
2001,2001-12-16,NE,BUF,1
2001,2001-12-16,NYJ,CIN,0
2001,2001-12-16,PHI,WAS,0
2001,2001-12-16,PIT,BAL,0
2001,2001-12-16,SEA,DAL,0
2001,2001-12-16,SF,MIA,0
2001,2001-12-16,TB,CHI,0
2001,2001-12-16,TEN,GB,0
2001,2001-12-16,WAS,PHI,0
2001,2001-12-17,NO,STL,0
2001,2001-12-17,STL,NO,0
2001,2001-12-22,MIA,NE,0
2001,2001-12-22,NE,MIA,0
2001,2001-12-22,OAK,TEN,0
2001,2001-12-22,PHI,SF,0
2001,2001-12-22,SF,PHI,0
2001,2001-12-22,TEN,OAK,0
2001,2001-12-23,ARI,DAL,0
2001,2001-12-23,ATL,BUF,0
2001,2001-12-23,BAL,CIN,0
2001,2001-12-23,BUF,ATL,0
2001,2001-12-23,CAR,STL,0
2001,2001-12-23,CHI,WAS,0
2001,2001-12-23,CIN,BAL,0
2001,2001-12-23,CLE,GB,0
2001,2001-12-23,DAL,ARI,0
2001,2001-12-23,DET,PIT,0
2001,2001-12-23,GB,CLE,0
2001,2001-12-23,IND,NYJ,0
2001,2001-12-23,JAX,MIN,0
2001,2001-12-23,KC,SD,0
2001,2001-12-23,MIN,JAX,0
2001,2001-12-23,NO,TB,0
2001,2001-12-23,NYG,SEA,0
2001,2001-12-23,NYJ,IND,0
2001,2001-12-23,PIT,DET,0
2001,2001-12-23,SD,KC,0
2001,2001-12-23,SEA,NYG,0
2001,2001-12-23,STL,CAR,0
2001,2001-12-23,TB,NO,0
2001,2001-12-23,WAS,CHI,0
2001,2001-12-29,BAL,TB,0
2001,2001-12-29,TB,BAL,0
2001,2001-12-30,ARI,CAR,0
2001,2001-12-30,ATL,MIA,0
2001,2001-12-30,BUF,NYJ,0
2001,2001-12-30,CAR,ARI,0
2001,2001-12-30,CHI,DET,0
2001,2001-12-30,CIN,PIT,1
2001,2001-12-30,CLE,TEN,0
2001,2001-12-30,DAL,SF,0
2001,2001-12-30,DEN,OAK,0
2001,2001-12-30,DET,CHI,0
2001,2001-12-30,GB,MIN,0
2001,2001-12-30,IND,STL,0
2001,2001-12-30,JAX,KC,0
2001,2001-12-30,KC,JAX,0
2001,2001-12-30,MIA,ATL,0
2001,2001-12-30,MIN,GB,0
2001,2001-12-30,NO,WAS,0
2001,2001-12-30,NYG,PHI,0
2001,2001-12-30,NYJ,BUF,0
2001,2001-12-30,OAK,DEN,0
2001,2001-12-30,PHI,NYG,0
2001,2001-12-30,PIT,CIN,1
2001,2001-12-30,SD,SEA,0
2001,2001-12-30,SEA,SD,0
2001,2001-12-30,SF,DAL,0
2001,2001-12-30,STL,IND,0
2001,2001-12-30,TEN,CLE,0
2001,2001-12-30,WAS,NO,0
2001,2002-01-06,ARI,WAS,0
2001,2002-01-06,ATL,STL,0
2001,2002-01-06,BUF,MIA,0
2001,2002-01-06,CAR,NE,0
2001,2002-01-06,CHI,JAX,0
2001,2002-01-06,CIN,TEN,0
2001,2002-01-06,CLE,PIT,0
2001,2002-01-06,DAL,DET,0
2001,2002-01-06,DEN,IND,0
2001,2002-01-06,DET,DAL,0
2001,2002-01-06,GB,NYG,0
2001,2002-01-06,IND,DEN,0
2001,2002-01-06,JAX,CHI,0
2001,2002-01-06,KC,SEA,0
2001,2002-01-06,MIA,BUF,0
2001,2002-01-06,NE,CAR,0
2001,2002-01-06,NO,SF,0
2001,2002-01-06,NYG,GB,0
2001,2002-01-06,NYJ,OAK,0
2001,2002-01-06,OAK,NYJ,0
2001,2002-01-06,PHI,TB,0
2001,2002-01-06,PIT,CLE,0
2001,2002-01-06,SEA,KC,0
2001,2002-01-06,SF,NO,0
2001,2002-01-06,STL,ATL,0
2001,2002-01-06,TB,PHI,0
2001,2002-01-06,TEN,CIN,0
2001,2002-01-06,WAS,ARI,0
2001,2002-01-07,BAL,MIN,0
2001,2002-01-07,MIN,BAL,0
2001,2002-01-12,NYJ,OAK,0
2001,2002-01-12,OAK,NYJ,0
2001,2002-01-12,PHI,TB,0
2001,2002-01-12,TB,PHI,0
2001,2002-01-13,BAL,MIA,0
2001,2002-01-13,GB,SF,0
2001,2002-01-13,MIA,BAL,0
2001,2002-01-13,SF,GB,0
2001,2002-01-19,CHI,PHI,0
2001,2002-01-19,NE,OAK,1
2001,2002-01-19,OAK,NE,1
2001,2002-01-19,PHI,CHI,0
2001,2002-01-20,BAL,PIT,0
2001,2002-01-20,GB,STL,0
2001,2002-01-20,PIT,BAL,0
2001,2002-01-20,STL,GB,0
2001,2002-01-27,NE,PIT,0
2001,2002-01-27,PHI,STL,0
2001,2002-01-27,PIT,NE,0
2001,2002-01-27,STL,PHI,0
2001,2002-02-03,NE,STL,0
2001,2002-02-03,STL,NE,0
2002,2002-09-05,NYG,SF,0
2002,2002-09-05,SF,NYG,0
2002,2002-09-08,ARI,WAS,0
2002,2002-09-08,ATL,GB,1
2002,2002-09-08,BAL,CAR,0
2002,2002-09-08,BUF,NYJ,1
2002,2002-09-08,CAR,BAL,0
2002,2002-09-08,CHI,MIN,0
2002,2002-09-08,CIN,SD,0
2002,2002-09-08,CLE,KC,0
2002,2002-09-08,DAL,HOU,0
2002,2002-09-08,DEN,STL,0
2002,2002-09-08,DET,MIA,0
2002,2002-09-08,GB,ATL,1
2002,2002-09-08,HOU,DAL,0
2002,2002-09-08,IND,JAX,0
2002,2002-09-08,JAX,IND,0
2002,2002-09-08,KC,CLE,0
2002,2002-09-08,MIA,DET,0
2002,2002-09-08,MIN,CHI,0
2002,2002-09-08,NO,TB,1
2002,2002-09-08,NYJ,BUF,1
2002,2002-09-08,OAK,SEA,0
2002,2002-09-08,PHI,TEN,0
2002,2002-09-08,SD,CIN,0
2002,2002-09-08,SEA,OAK,0
2002,2002-09-08,STL,DEN,0
2002,2002-09-08,TB,NO,1
2002,2002-09-08,TEN,PHI,0
2002,2002-09-08,WAS,ARI,0
2002,2002-09-09,NE,PIT,0
2002,2002-09-09,PIT,NE,0
2002,2002-09-15,ARI,SEA,0
2002,2002-09-15,ATL,CHI,0
2002,2002-09-15,BAL,TB,0
2002,2002-09-15,BUF,MIN,1
2002,2002-09-15,CAR,DET,0
2002,2002-09-15,CHI,ATL,0
2002,2002-09-15,CIN,CLE,0
2002,2002-09-15,CLE,CIN,0
2002,2002-09-15,DAL,TEN,0
2002,2002-09-15,DEN,SF,0
2002,2002-09-15,DET,CAR,0
2002,2002-09-15,GB,NO,0
2002,2002-09-15,HOU,SD,0
2002,2002-09-15,IND,MIA,0
2002,2002-09-15,JAX,KC,0
2002,2002-09-15,KC,JAX,0
2002,2002-09-15,MIA,IND,0
2002,2002-09-15,MIN,BUF,1
2002,2002-09-15,NE,NYJ,0
2002,2002-09-15,NO,GB,0
2002,2002-09-15,NYG,STL,0
2002,2002-09-15,NYJ,NE,0
2002,2002-09-15,OAK,PIT,0
2002,2002-09-15,PIT,OAK,0
2002,2002-09-15,SD,HOU,0
2002,2002-09-15,SEA,ARI,0
2002,2002-09-15,SF,DEN,0
2002,2002-09-15,STL,NYG,0
2002,2002-09-15,TB,BAL,0
2002,2002-09-15,TEN,DAL,0
2002,2002-09-16,PHI,WAS,0
2002,2002-09-16,WAS,PHI,0
2002,2002-09-22,ARI,SD,0
2002,2002-09-22,ATL,CIN,0
2002,2002-09-22,BUF,DEN,0
2002,2002-09-22,CAR,MIN,0
2002,2002-09-22,CHI,NO,0
2002,2002-09-22,CIN,ATL,0
2002,2002-09-22,CLE,TEN,1
2002,2002-09-22,DAL,PHI,0
2002,2002-09-22,DEN,BUF,0
2002,2002-09-22,DET,GB,0
2002,2002-09-22,GB,DET,0
2002,2002-09-22,HOU,IND,0
2002,2002-09-22,IND,HOU,0
2002,2002-09-22,KC,NE,1
2002,2002-09-22,MIA,NYJ,0
2002,2002-09-22,MIN,CAR,0
2002,2002-09-22,NE,KC,1
2002,2002-09-22,NO,CHI,0
2002,2002-09-22,NYG,SEA,0
2002,2002-09-22,NYJ,MIA,0
2002,2002-09-22,PHI,DAL,0
2002,2002-09-22,SD,ARI,0
2002,2002-09-22,SEA,NYG,0
2002,2002-09-22,SF,WAS,0
2002,2002-09-22,TEN,CLE,1
2002,2002-09-22,WAS,SF,0
2002,2002-09-23,STL,TB,0
2002,2002-09-23,TB,STL,0
2002,2002-09-29,ARI,NYG,0
2002,2002-09-29,BUF,CHI,1
2002,2002-09-29,CAR,GB,0
2002,2002-09-29,CHI,BUF,1
2002,2002-09-29,CIN,TB,0
2002,2002-09-29,CLE,PIT,1
2002,2002-09-29,DAL,STL,0
2002,2002-09-29,DET,NO,0
2002,2002-09-29,GB,CAR,0
2002,2002-09-29,HOU,PHI,0
2002,2002-09-29,JAX,NYJ,0
2002,2002-09-29,KC,MIA,0
2002,2002-09-29,MIA,KC,0
2002,2002-09-29,MIN,SEA,0
2002,2002-09-29,NE,SD,0
2002,2002-09-29,NO,DET,0
2002,2002-09-29,NYG,ARI,0
2002,2002-09-29,NYJ,JAX,0
2002,2002-09-29,OAK,TEN,0
2002,2002-09-29,PHI,HOU,0
2002,2002-09-29,PIT,CLE,1
2002,2002-09-29,SD,NE,0
2002,2002-09-29,SEA,MIN,0
2002,2002-09-29,STL,DAL,0
2002,2002-09-29,TB,CIN,0
2002,2002-09-29,TEN,OAK,0
2002,2002-09-30,BAL,DEN,0
2002,2002-09-30,DEN,BAL,0
2002,2002-10-06,ARI,CAR,0
2002,2002-10-06,ATL,TB,0
2002,2002-10-06,BAL,CLE,0
2002,2002-10-06,BUF,OAK,0
2002,2002-10-06,CAR,ARI,0
2002,2002-10-06,CIN,IND,0
2002,2002-10-06,CLE,BAL,0
2002,2002-10-06,DAL,NYG,0
2002,2002-10-06,DEN,SD,0
2002,2002-10-06,IND,CIN,0
2002,2002-10-06,JAX,PHI,0
2002,2002-10-06,KC,NYJ,0
2002,2002-10-06,MIA,NE,0
2002,2002-10-06,NE,MIA,0
2002,2002-10-06,NO,PIT,0
2002,2002-10-06,NYG,DAL,0
2002,2002-10-06,NYJ,KC,0
2002,2002-10-06,OAK,BUF,0
2002,2002-10-06,PHI,JAX,0
2002,2002-10-06,PIT,NO,0
2002,2002-10-06,SD,DEN,0
2002,2002-10-06,SF,STL,0
2002,2002-10-06,STL,SF,0
2002,2002-10-06,TB,ATL,0
2002,2002-10-06,TEN,WAS,0
2002,2002-10-06,WAS,TEN,0
2002,2002-10-07,CHI,GB,0
2002,2002-10-07,GB,CHI,0
2002,2002-10-13,ATL,NYG,0
2002,2002-10-13,BAL,IND,0
2002,2002-10-13,BUF,HOU,0
2002,2002-10-13,CAR,DAL,0
2002,2002-10-13,CIN,PIT,0
2002,2002-10-13,CLE,TB,0
2002,2002-10-13,DAL,CAR,0
2002,2002-10-13,DEN,MIA,0
2002,2002-10-13,DET,MIN,0
2002,2002-10-13,GB,NE,0
2002,2002-10-13,HOU,BUF,0
2002,2002-10-13,IND,BAL,0
2002,2002-10-13,JAX,TEN,0
2002,2002-10-13,KC,SD,0
2002,2002-10-13,MIA,DEN,0
2002,2002-10-13,MIN,DET,0
2002,2002-10-13,NE,GB,0
2002,2002-10-13,NO,WAS,0
2002,2002-10-13,NYG,ATL,0
2002,2002-10-13,OAK,STL,0
2002,2002-10-13,PIT,CIN,0
2002,2002-10-13,SD,KC,0
2002,2002-10-13,STL,OAK,0
2002,2002-10-13,TB,CLE,0
2002,2002-10-13,TEN,JAX,0
2002,2002-10-13,WAS,NO,0
2002,2002-10-14,SEA,SF,0
2002,2002-10-14,SF,SEA,0
2002,2002-10-20,ARI,DAL,1
2002,2002-10-20,ATL,CAR,0
2002,2002-10-20,BAL,JAX,0
2002,2002-10-20,BUF,MIA,0
2002,2002-10-20,CAR,ATL,0
2002,2002-10-20,CHI,DET,1
2002,2002-10-20,CLE,HOU,0
2002,2002-10-20,DAL,ARI,1
2002,2002-10-20,DEN,KC,1
2002,2002-10-20,DET,CHI,1
2002,2002-10-20,GB,WAS,0
2002,2002-10-20,HOU,CLE,0
2002,2002-10-20,JAX,BAL,0
2002,2002-10-20,KC,DEN,1
2002,2002-10-20,MIA,BUF,0
2002,2002-10-20,MIN,NYJ,0
2002,2002-10-20,NO,SF,0
2002,2002-10-20,NYJ,MIN,0
2002,2002-10-20,OAK,SD,1
2002,2002-10-20,PHI,TB,0
2002,2002-10-20,SD,OAK,1
2002,2002-10-20,SEA,STL,0
2002,2002-10-20,SF,NO,0
2002,2002-10-20,STL,SEA,0
2002,2002-10-20,TB,PHI,0
2002,2002-10-20,WAS,GB,0
2002,2002-10-21,IND,PIT,0
2002,2002-10-21,PIT,IND,0
2002,2002-10-27,ARI,SF,0
2002,2002-10-27,ATL,NO,0
2002,2002-10-27,BAL,PIT,0
2002,2002-10-27,BUF,DET,0
2002,2002-10-27,CAR,TB,0
2002,2002-10-27,CHI,MIN,0
2002,2002-10-27,CIN,TEN,0
2002,2002-10-27,CLE,NYJ,0
2002,2002-10-27,DAL,SEA,0
2002,2002-10-27,DEN,NE,0
2002,2002-10-27,DET,BUF,0
2002,2002-10-27,HOU,JAX,0
2002,2002-10-27,IND,WAS,0
2002,2002-10-27,JAX,HOU,0
2002,2002-10-27,KC,OAK,0
2002,2002-10-27,MIN,CHI,0
2002,2002-10-27,NE,DEN,0
2002,2002-10-27,NO,ATL,0
2002,2002-10-27,NYJ,CLE,0
2002,2002-10-27,OAK,KC,0
2002,2002-10-27,PIT,BAL,0
2002,2002-10-27,SEA,DAL,0
2002,2002-10-27,SF,ARI,0
2002,2002-10-27,TB,CAR,0
2002,2002-10-27,TEN,CIN,0
2002,2002-10-27,WAS,IND,0
2002,2002-10-28,NYG,PHI,0
2002,2002-10-28,PHI,NYG,0
2002,2002-11-03,ARI,STL,0
2002,2002-11-03,ATL,BAL,0
2002,2002-11-03,BAL,ATL,0
2002,2002-11-03,BUF,NE,0
2002,2002-11-03,CHI,PHI,0
2002,2002-11-03,CIN,HOU,0
2002,2002-11-03,CLE,PIT,0
2002,2002-11-03,DAL,DET,0
2002,2002-11-03,DET,DAL,0
2002,2002-11-03,HOU,CIN,0
2002,2002-11-03,IND,TEN,0
2002,2002-11-03,JAX,NYG,0
2002,2002-11-03,MIN,TB,0
2002,2002-11-03,NE,BUF,0
2002,2002-11-03,NYG,JAX,0
2002,2002-11-03,NYJ,SD,0
2002,2002-11-03,OAK,SF,1
2002,2002-11-03,PHI,CHI,0
2002,2002-11-03,PIT,CLE,0
2002,2002-11-03,SD,NYJ,0
2002,2002-11-03,SEA,WAS,0
2002,2002-11-03,SF,OAK,1
2002,2002-11-03,STL,ARI,0
2002,2002-11-03,TB,MIN,0
2002,2002-11-03,TEN,IND,0
2002,2002-11-03,WAS,SEA,0
2002,2002-11-04,GB,MIA,0
2002,2002-11-04,MIA,GB,0
2002,2002-11-10,ARI,SEA,0
2002,2002-11-10,ATL,PIT,1
2002,2002-11-10,BAL,CIN,0
2002,2002-11-10,CAR,NO,0
2002,2002-11-10,CHI,NE,0
2002,2002-11-10,CIN,BAL,0
2002,2002-11-10,DET,GB,0
2002,2002-11-10,GB,DET,0
2002,2002-11-10,HOU,TEN,0
2002,2002-11-10,IND,PHI,0
2002,2002-11-10,JAX,WAS,0
2002,2002-11-10,KC,SF,0
2002,2002-11-10,MIA,NYJ,0
2002,2002-11-10,MIN,NYG,0
2002,2002-11-10,NE,CHI,0
2002,2002-11-10,NO,CAR,0
2002,2002-11-10,NYG,MIN,0
2002,2002-11-10,NYJ,MIA,0
2002,2002-11-10,PHI,IND,0
2002,2002-11-10,PIT,ATL,1
2002,2002-11-10,SD,STL,0
2002,2002-11-10,SEA,ARI,0
2002,2002-11-10,SF,KC,0
2002,2002-11-10,STL,SD,0
2002,2002-11-10,TEN,HOU,0
2002,2002-11-10,WAS,JAX,0
2002,2002-11-11,DEN,OAK,0
2002,2002-11-11,OAK,DEN,0
2002,2002-11-17,ARI,PHI,0
2002,2002-11-17,ATL,NO,0
2002,2002-11-17,BAL,MIA,0
2002,2002-11-17,BUF,KC,0
2002,2002-11-17,CAR,TB,0
2002,2002-11-17,CIN,CLE,0
2002,2002-11-17,CLE,CIN,0
2002,2002-11-17,DAL,IND,0
2002,2002-11-17,DEN,SEA,0
2002,2002-11-17,DET,NYJ,0
2002,2002-11-17,GB,MIN,0
2002,2002-11-17,HOU,JAX,0
2002,2002-11-17,IND,DAL,0
2002,2002-11-17,JAX,HOU,0
2002,2002-11-17,KC,BUF,0
2002,2002-11-17,MIA,BAL,0
2002,2002-11-17,MIN,GB,0
2002,2002-11-17,NE,OAK,0
2002,2002-11-17,NO,ATL,0
2002,2002-11-17,NYG,WAS,0
2002,2002-11-17,NYJ,DET,0
2002,2002-11-17,OAK,NE,0
2002,2002-11-17,PHI,ARI,0
2002,2002-11-17,PIT,TEN,0
2002,2002-11-17,SD,SF,1
2002,2002-11-17,SEA,DEN,0
2002,2002-11-17,SF,SD,1
2002,2002-11-17,TB,CAR,0
2002,2002-11-17,TEN,PIT,0
2002,2002-11-17,WAS,NYG,0
2002,2002-11-18,CHI,STL,0
2002,2002-11-18,STL,CHI,0
2002,2002-11-24,ARI,OAK,0
2002,2002-11-24,ATL,CAR,0
2002,2002-11-24,BAL,TEN,0
2002,2002-11-24,BUF,NYJ,0
2002,2002-11-24,CAR,ATL,0
2002,2002-11-24,CHI,DET,1
2002,2002-11-24,CIN,PIT,0
2002,2002-11-24,CLE,NO,0
2002,2002-11-24,DAL,JAX,0
2002,2002-11-24,DEN,IND,1
2002,2002-11-24,DET,CHI,1
2002,2002-11-24,GB,TB,0
2002,2002-11-24,HOU,NYG,0
2002,2002-11-24,IND,DEN,1
2002,2002-11-24,JAX,DAL,0
2002,2002-11-24,KC,SEA,0
2002,2002-11-24,MIA,SD,0
2002,2002-11-24,MIN,NE,0
2002,2002-11-24,NE,MIN,0
2002,2002-11-24,NO,CLE,0
2002,2002-11-24,NYG,HOU,0
2002,2002-11-24,NYJ,BUF,0
2002,2002-11-24,OAK,ARI,0
2002,2002-11-24,PIT,CIN,0
2002,2002-11-24,SD,MIA,0
2002,2002-11-24,SEA,KC,0
2002,2002-11-24,STL,WAS,0
2002,2002-11-24,TB,GB,0
2002,2002-11-24,TEN,BAL,0
2002,2002-11-24,WAS,STL,0
2002,2002-11-25,PHI,SF,0
2002,2002-11-25,SF,PHI,0
2002,2002-11-28,DAL,WAS,0
2002,2002-11-28,DET,NE,0
2002,2002-11-28,NE,DET,0
2002,2002-11-28,WAS,DAL,0
2002,2002-12-01,ARI,KC,0
2002,2002-12-01,ATL,MIN,1
2002,2002-12-01,BAL,CIN,0
2002,2002-12-01,BUF,MIA,0
2002,2002-12-01,CAR,CLE,0
2002,2002-12-01,CHI,GB,0
2002,2002-12-01,CIN,BAL,0
2002,2002-12-01,CLE,CAR,0
2002,2002-12-01,DEN,SD,1
2002,2002-12-01,GB,CHI,0
2002,2002-12-01,HOU,IND,0
2002,2002-12-01,IND,HOU,0
2002,2002-12-01,JAX,PIT,0
2002,2002-12-01,KC,ARI,0
2002,2002-12-01,MIA,BUF,0
2002,2002-12-01,MIN,ATL,1
2002,2002-12-01,NO,TB,0
2002,2002-12-01,NYG,TEN,1
2002,2002-12-01,PHI,STL,0
2002,2002-12-01,PIT,JAX,0
2002,2002-12-01,SD,DEN,1
2002,2002-12-01,SEA,SF,0
2002,2002-12-01,SF,SEA,0
2002,2002-12-01,STL,PHI,0
2002,2002-12-01,TB,NO,0
2002,2002-12-01,TEN,NYG,1
2002,2002-12-02,NYJ,OAK,0
2002,2002-12-02,OAK,NYJ,0
2002,2002-12-08,ARI,DET,1
2002,2002-12-08,ATL,TB,0
2002,2002-12-08,BAL,NO,0
2002,2002-12-08,BUF,NE,0
2002,2002-12-08,CAR,CIN,0
2002,2002-12-08,CIN,CAR,0
2002,2002-12-08,CLE,JAX,0
2002,2002-12-08,DAL,SF,0
2002,2002-12-08,DEN,NYJ,0
2002,2002-12-08,DET,ARI,1
2002,2002-12-08,GB,MIN,0
2002,2002-12-08,HOU,PIT,0
2002,2002-12-08,IND,TEN,0
2002,2002-12-08,JAX,CLE,0
2002,2002-12-08,KC,STL,0
2002,2002-12-08,MIN,GB,0
2002,2002-12-08,NE,BUF,0
2002,2002-12-08,NO,BAL,0
2002,2002-12-08,NYG,WAS,0
2002,2002-12-08,NYJ,DEN,0
2002,2002-12-08,OAK,SD,0
2002,2002-12-08,PHI,SEA,0
2002,2002-12-08,PIT,HOU,0
2002,2002-12-08,SD,OAK,0
2002,2002-12-08,SEA,PHI,0
2002,2002-12-08,SF,DAL,0
2002,2002-12-08,STL,KC,0
2002,2002-12-08,TB,ATL,0
2002,2002-12-08,TEN,IND,0
2002,2002-12-08,WAS,NYG,0
2002,2002-12-09,CHI,MIA,0
2002,2002-12-09,MIA,CHI,0
2002,2002-12-15,ARI,STL,0
2002,2002-12-15,ATL,SEA,1
2002,2002-12-15,BAL,HOU,0
2002,2002-12-15,BUF,SD,0
2002,2002-12-15,CAR,PIT,0
2002,2002-12-15,CHI,NYJ,0
2002,2002-12-15,CIN,JAX,0
2002,2002-12-15,CLE,IND,0
2002,2002-12-15,DAL,NYG,0
2002,2002-12-15,DEN,KC,0
2002,2002-12-15,DET,TB,0
2002,2002-12-15,GB,SF,0
2002,2002-12-15,HOU,BAL,0
2002,2002-12-15,IND,CLE,0
2002,2002-12-15,JAX,CIN,0
2002,2002-12-15,KC,DEN,0
2002,2002-12-15,MIA,OAK,0
2002,2002-12-15,MIN,NO,0
2002,2002-12-15,NO,MIN,0
2002,2002-12-15,NYG,DAL,0
2002,2002-12-15,NYJ,CHI,0
2002,2002-12-15,OAK,MIA,0
2002,2002-12-15,PHI,WAS,0
2002,2002-12-15,PIT,CAR,0
2002,2002-12-15,SD,BUF,0
2002,2002-12-15,SEA,ATL,1
2002,2002-12-15,SF,GB,0
2002,2002-12-15,STL,ARI,0
2002,2002-12-15,TB,DET,0
2002,2002-12-15,WAS,PHI,0
2002,2002-12-16,NE,TEN,0
2002,2002-12-16,TEN,NE,0
2002,2002-12-21,ARI,SF,0
2002,2002-12-21,DAL,PHI,0
2002,2002-12-21,MIA,MIN,0
2002,2002-12-21,MIN,MIA,0
2002,2002-12-21,PHI,DAL,0
2002,2002-12-21,SF,ARI,0
2002,2002-12-22,ATL,DET,0
2002,2002-12-22,BAL,CLE,0
2002,2002-12-22,BUF,GB,0
2002,2002-12-22,CAR,CHI,0
2002,2002-12-22,CHI,CAR,0
2002,2002-12-22,CIN,NO,0
2002,2002-12-22,CLE,BAL,0
2002,2002-12-22,DEN,OAK,0
2002,2002-12-22,DET,ATL,0
2002,2002-12-22,GB,BUF,0
2002,2002-12-22,HOU,WAS,0
2002,2002-12-22,IND,NYG,0
2002,2002-12-22,JAX,TEN,0
2002,2002-12-22,KC,SD,0
2002,2002-12-22,NE,NYJ,0
2002,2002-12-22,NO,CIN,0
2002,2002-12-22,NYG,IND,0
2002,2002-12-22,NYJ,NE,0
2002,2002-12-22,OAK,DEN,0
2002,2002-12-22,SD,KC,0
2002,2002-12-22,SEA,STL,0
2002,2002-12-22,STL,SEA,0
2002,2002-12-22,TEN,JAX,0
2002,2002-12-22,WAS,HOU,0
2002,2002-12-23,PIT,TB,0
2002,2002-12-23,TB,PIT,0
2002,2002-12-28,KC,OAK,0
2002,2002-12-28,NYG,PHI,1
2002,2002-12-28,OAK,KC,0
2002,2002-12-28,PHI,NYG,1
2002,2002-12-29,ARI,DEN,0
2002,2002-12-29,ATL,CLE,0
2002,2002-12-29,BAL,PIT,0
2002,2002-12-29,BUF,CIN,0
2002,2002-12-29,CAR,NO,0
2002,2002-12-29,CHI,TB,0
2002,2002-12-29,CIN,BUF,0
2002,2002-12-29,CLE,ATL,0
2002,2002-12-29,DAL,WAS,0
2002,2002-12-29,DEN,ARI,0
2002,2002-12-29,DET,MIN,0
2002,2002-12-29,GB,NYJ,0
2002,2002-12-29,HOU,TEN,0
2002,2002-12-29,IND,JAX,0
2002,2002-12-29,JAX,IND,0
2002,2002-12-29,MIA,NE,1
2002,2002-12-29,MIN,DET,0
2002,2002-12-29,NE,MIA,1
2002,2002-12-29,NO,CAR,0
2002,2002-12-29,NYJ,GB,0
2002,2002-12-29,PIT,BAL,0
2002,2002-12-29,SD,SEA,1
2002,2002-12-29,SEA,SD,1
2002,2002-12-29,TB,CHI,0
2002,2002-12-29,TEN,HOU,0
2002,2002-12-29,WAS,DAL,0
2002,2002-12-30,SF,STL,0
2002,2002-12-30,STL,SF,0
2002,2003-01-04,ATL,GB,0
2002,2003-01-04,GB,ATL,0
2002,2003-01-04,IND,NYJ,0
2002,2003-01-04,NYJ,IND,0
2002,2003-01-05,CLE,PIT,0
2002,2003-01-05,NYG,SF,0
2002,2003-01-05,PIT,CLE,0
2002,2003-01-05,SF,NYG,0
2002,2003-01-11,ATL,PHI,0
2002,2003-01-11,PHI,ATL,0
2002,2003-01-11,PIT,TEN,1
2002,2003-01-11,TEN,PIT,1
2002,2003-01-12,NYJ,OAK,0
2002,2003-01-12,OAK,NYJ,0
2002,2003-01-12,SF,TB,0
2002,2003-01-12,TB,SF,0
2002,2003-01-19,OAK,TEN,0
2002,2003-01-19,PHI,TB,0
2002,2003-01-19,TB,PHI,0
2002,2003-01-19,TEN,OAK,0
2002,2003-01-26,OAK,TB,0
2002,2003-01-26,TB,OAK,0
2003,2003-09-04,NYJ,WAS,0
2003,2003-09-04,WAS,NYJ,0
2003,2003-09-07,ARI,DET,0
2003,2003-09-07,ATL,DAL,0
2003,2003-09-07,BAL,PIT,0
2003,2003-09-07,BUF,NE,0
2003,2003-09-07,CAR,JAX,0
2003,2003-09-07,CHI,SF,0
2003,2003-09-07,CIN,DEN,0
2003,2003-09-07,CLE,IND,0
2003,2003-09-07,DAL,ATL,0
2003,2003-09-07,DEN,CIN,0
2003,2003-09-07,DET,ARI,0
2003,2003-09-07,GB,MIN,0
2003,2003-09-07,HOU,MIA,0
2003,2003-09-07,IND,CLE,0
2003,2003-09-07,JAX,CAR,0
2003,2003-09-07,KC,SD,0
2003,2003-09-07,MIA,HOU,0
2003,2003-09-07,MIN,GB,0
2003,2003-09-07,NE,BUF,0
2003,2003-09-07,NO,SEA,0
2003,2003-09-07,NYG,STL,0
2003,2003-09-07,OAK,TEN,0
2003,2003-09-07,PIT,BAL,0
2003,2003-09-07,SD,KC,0
2003,2003-09-07,SEA,NO,0
2003,2003-09-07,SF,CHI,0
2003,2003-09-07,STL,NYG,0
2003,2003-09-07,TEN,OAK,0
2003,2003-09-08,PHI,TB,0
2003,2003-09-08,TB,PHI,0
2003,2003-09-14,ARI,SEA,0
2003,2003-09-14,ATL,WAS,0
2003,2003-09-14,BAL,CLE,0
2003,2003-09-14,BUF,JAX,0
2003,2003-09-14,CAR,TB,1
2003,2003-09-14,CHI,MIN,0
2003,2003-09-14,CIN,OAK,0
2003,2003-09-14,CLE,BAL,0
2003,2003-09-14,DEN,SD,0
2003,2003-09-14,DET,GB,0
2003,2003-09-14,GB,DET,0
2003,2003-09-14,HOU,NO,0
2003,2003-09-14,IND,TEN,0
2003,2003-09-14,JAX,BUF,0
2003,2003-09-14,KC,PIT,0
2003,2003-09-14,MIA,NYJ,0
2003,2003-09-14,MIN,CHI,0
2003,2003-09-14,NE,PHI,0
2003,2003-09-14,NO,HOU,0
2003,2003-09-14,NYJ,MIA,0
2003,2003-09-14,OAK,CIN,0
2003,2003-09-14,PHI,NE,0
2003,2003-09-14,PIT,KC,0
2003,2003-09-14,SD,DEN,0
2003,2003-09-14,SEA,ARI,0
2003,2003-09-14,SF,STL,1
2003,2003-09-14,STL,SF,1
2003,2003-09-14,TB,CAR,1
2003,2003-09-14,TEN,IND,0
2003,2003-09-14,WAS,ATL,0
2003,2003-09-15,DAL,NYG,1
2003,2003-09-15,NYG,DAL,1
2003,2003-09-21,ARI,GB,0
2003,2003-09-21,ATL,TB,0
2003,2003-09-21,BAL,SD,0
2003,2003-09-21,BUF,MIA,0
2003,2003-09-21,CIN,PIT,0
2003,2003-09-21,CLE,SF,0
2003,2003-09-21,DET,MIN,0
2003,2003-09-21,GB,ARI,0
2003,2003-09-21,HOU,KC,0
2003,2003-09-21,IND,JAX,0
2003,2003-09-21,JAX,IND,0
2003,2003-09-21,KC,HOU,0
2003,2003-09-21,MIA,BUF,0
2003,2003-09-21,MIN,DET,0
2003,2003-09-21,NE,NYJ,0
2003,2003-09-21,NO,TEN,0
2003,2003-09-21,NYG,WAS,1
2003,2003-09-21,NYJ,NE,0
2003,2003-09-21,PIT,CIN,0
2003,2003-09-21,SD,BAL,0
2003,2003-09-21,SEA,STL,0
2003,2003-09-21,SF,CLE,0
2003,2003-09-21,STL,SEA,0
2003,2003-09-21,TB,ATL,0
2003,2003-09-21,TEN,NO,0
2003,2003-09-21,WAS,NYG,1
2003,2003-09-22,DEN,OAK,0
2003,2003-09-22,OAK,DEN,0
2003,2003-09-28,ARI,STL,0
2003,2003-09-28,ATL,CAR,0
2003,2003-09-28,BAL,KC,0
2003,2003-09-28,BUF,PHI,0
2003,2003-09-28,CAR,ATL,0
2003,2003-09-28,CIN,CLE,0
2003,2003-09-28,CLE,CIN,0
2003,2003-09-28,DAL,NYJ,0
2003,2003-09-28,DEN,DET,0
2003,2003-09-28,DET,DEN,0
2003,2003-09-28,HOU,JAX,0
2003,2003-09-28,IND,NO,0
2003,2003-09-28,JAX,HOU,0
2003,2003-09-28,KC,BAL,0
2003,2003-09-28,MIN,SF,0
2003,2003-09-28,NE,WAS,0
2003,2003-09-28,NO,IND,0
2003,2003-09-28,NYJ,DAL,0
2003,2003-09-28,OAK,SD,1
2003,2003-09-28,PHI,BUF,0
2003,2003-09-28,PIT,TEN,0
2003,2003-09-28,SD,OAK,1
2003,2003-09-28,SF,MIN,0
2003,2003-09-28,STL,ARI,0
2003,2003-09-28,TEN,PIT,0
2003,2003-09-28,WAS,NE,0
2003,2003-09-29,CHI,GB,0
2003,2003-09-29,GB,CHI,0
2003,2003-10-05,ARI,DAL,0
2003,2003-10-05,ATL,MIN,0
2003,2003-10-05,BUF,CIN,1
2003,2003-10-05,CAR,NO,0
2003,2003-10-05,CHI,OAK,0
2003,2003-10-05,CIN,BUF,1
2003,2003-10-05,CLE,PIT,0
2003,2003-10-05,DAL,ARI,0
2003,2003-10-05,DEN,KC,0
2003,2003-10-05,DET,SF,0
2003,2003-10-05,GB,SEA,0
2003,2003-10-05,JAX,SD,0
2003,2003-10-05,KC,DEN,0
2003,2003-10-05,MIA,NYG,0
2003,2003-10-05,MIN,ATL,0
2003,2003-10-05,NE,TEN,0
2003,2003-10-05,NO,CAR,0
2003,2003-10-05,NYG,MIA,0
2003,2003-10-05,OAK,CHI,0
2003,2003-10-05,PHI,WAS,0
2003,2003-10-05,PIT,CLE,0
2003,2003-10-05,SD,JAX,0
2003,2003-10-05,SEA,GB,0
2003,2003-10-05,SF,DET,0
2003,2003-10-05,TEN,NE,0
2003,2003-10-05,WAS,PHI,0
2003,2003-10-06,IND,TB,1
2003,2003-10-06,TB,IND,1
2003,2003-10-12,ARI,BAL,0
2003,2003-10-12,BAL,ARI,0
2003,2003-10-12,BUF,NYJ,0
2003,2003-10-12,CAR,IND,1
2003,2003-10-12,CHI,NO,0
2003,2003-10-12,CLE,OAK,0
2003,2003-10-12,DAL,PHI,0
2003,2003-10-12,DEN,PIT,0
2003,2003-10-12,GB,KC,1
2003,2003-10-12,HOU,TEN,0
2003,2003-10-12,IND,CAR,1
2003,2003-10-12,JAX,MIA,0
2003,2003-10-12,KC,GB,1
2003,2003-10-12,MIA,JAX,0
2003,2003-10-12,NE,NYG,0
2003,2003-10-12,NO,CHI,0
2003,2003-10-12,NYG,NE,0
2003,2003-10-12,NYJ,BUF,0
2003,2003-10-12,OAK,CLE,0
2003,2003-10-12,PHI,DAL,0
2003,2003-10-12,PIT,DEN,0
2003,2003-10-12,SEA,SF,0
2003,2003-10-12,SF,SEA,0
2003,2003-10-12,TB,WAS,0
2003,2003-10-12,TEN,HOU,0
2003,2003-10-12,WAS,TB,0
2003,2003-10-13,ATL,STL,0
2003,2003-10-13,STL,ATL,0
2003,2003-10-19,ATL,NO,0
2003,2003-10-19,BAL,CIN,0
2003,2003-10-19,BUF,WAS,0
2003,2003-10-19,CAR,TEN,0
2003,2003-10-19,CHI,SEA,0
2003,2003-10-19,CIN,BAL,0
2003,2003-10-19,CLE,SD,0
2003,2003-10-19,DAL,DET,0
2003,2003-10-19,DEN,MIN,0
2003,2003-10-19,DET,DAL,0
2003,2003-10-19,GB,STL,0
2003,2003-10-19,HOU,NYJ,0
2003,2003-10-19,MIA,NE,1
2003,2003-10-19,MIN,DEN,0
2003,2003-10-19,NE,MIA,1
2003,2003-10-19,NO,ATL,0
2003,2003-10-19,NYG,PHI,0
2003,2003-10-19,NYJ,HOU,0
2003,2003-10-19,PHI,NYG,0
2003,2003-10-19,SD,CLE,0
2003,2003-10-19,SEA,CHI,0
2003,2003-10-19,SF,TB,0
2003,2003-10-19,STL,GB,0
2003,2003-10-19,TB,SF,0
2003,2003-10-19,TEN,CAR,0
2003,2003-10-19,WAS,BUF,0
2003,2003-10-20,KC,OAK,0
2003,2003-10-20,OAK,KC,0
2003,2003-10-26,ARI,SF,1
2003,2003-10-26,BAL,DEN,0
2003,2003-10-26,BUF,KC,0
2003,2003-10-26,CAR,NO,1
2003,2003-10-26,CHI,DET,0
2003,2003-10-26,CIN,SEA,0
2003,2003-10-26,CLE,NE,0
2003,2003-10-26,DAL,TB,0
2003,2003-10-26,DEN,BAL,0
2003,2003-10-26,DET,CHI,0
2003,2003-10-26,HOU,IND,0
2003,2003-10-26,IND,HOU,0
2003,2003-10-26,JAX,TEN,0
2003,2003-10-26,KC,BUF,0
2003,2003-10-26,MIN,NYG,0
2003,2003-10-26,NE,CLE,0
2003,2003-10-26,NO,CAR,1
2003,2003-10-26,NYG,MIN,0
2003,2003-10-26,NYJ,PHI,0
2003,2003-10-26,PHI,NYJ,0
2003,2003-10-26,PIT,STL,0
2003,2003-10-26,SEA,CIN,0
2003,2003-10-26,SF,ARI,1
2003,2003-10-26,STL,PIT,0
2003,2003-10-26,TB,DAL,0
2003,2003-10-26,TEN,JAX,0
2003,2003-10-27,MIA,SD,0
2003,2003-10-27,SD,MIA,0
2003,2003-11-02,ARI,CIN,0
2003,2003-11-02,ATL,PHI,0
2003,2003-11-02,BAL,JAX,0
2003,2003-11-02,CAR,HOU,0
2003,2003-11-02,CHI,SD,0
2003,2003-11-02,CIN,ARI,0
2003,2003-11-02,DAL,WAS,0
2003,2003-11-02,DET,OAK,0
2003,2003-11-02,GB,MIN,0
2003,2003-11-02,HOU,CAR,0
2003,2003-11-02,IND,MIA,0
2003,2003-11-02,JAX,BAL,0
2003,2003-11-02,MIA,IND,0
2003,2003-11-02,MIN,GB,0
2003,2003-11-02,NO,TB,0
2003,2003-11-02,NYG,NYJ,1
2003,2003-11-02,NYJ,NYG,1
2003,2003-11-02,OAK,DET,0
2003,2003-11-02,PHI,ATL,0
2003,2003-11-02,PIT,SEA,0
2003,2003-11-02,SD,CHI,0
2003,2003-11-02,SEA,PIT,0
2003,2003-11-02,SF,STL,0
2003,2003-11-02,STL,SF,0
2003,2003-11-02,TB,NO,0
2003,2003-11-02,WAS,DAL,0
2003,2003-11-03,DEN,NE,0
2003,2003-11-03,NE,DEN,0
2003,2003-11-09,ARI,PIT,0
2003,2003-11-09,ATL,NYG,0
2003,2003-11-09,BAL,STL,0
2003,2003-11-09,BUF,DAL,0
2003,2003-11-09,CAR,TB,0
2003,2003-11-09,CHI,DET,0
2003,2003-11-09,CIN,HOU,0
2003,2003-11-09,CLE,KC,0
2003,2003-11-09,DAL,BUF,0
2003,2003-11-09,DET,CHI,0
2003,2003-11-09,HOU,CIN,0
2003,2003-11-09,IND,JAX,0
2003,2003-11-09,JAX,IND,0
2003,2003-11-09,KC,CLE,0
2003,2003-11-09,MIA,TEN,0
2003,2003-11-09,MIN,SD,0
2003,2003-11-09,NYG,ATL,0
2003,2003-11-09,NYJ,OAK,1
2003,2003-11-09,OAK,NYJ,1
2003,2003-11-09,PIT,ARI,0
2003,2003-11-09,SD,MIN,0
2003,2003-11-09,SEA,WAS,0
2003,2003-11-09,STL,BAL,0
2003,2003-11-09,TB,CAR,0
2003,2003-11-09,TEN,MIA,0
2003,2003-11-09,WAS,SEA,0
2003,2003-11-10,GB,PHI,0
2003,2003-11-10,PHI,GB,0
2003,2003-11-16,ARI,CLE,0
2003,2003-11-16,ATL,NO,1
2003,2003-11-16,BAL,MIA,1
2003,2003-11-16,BUF,HOU,0
2003,2003-11-16,CAR,WAS,0
2003,2003-11-16,CHI,STL,0
2003,2003-11-16,CIN,KC,0
2003,2003-11-16,CLE,ARI,0
2003,2003-11-16,DAL,NE,0
2003,2003-11-16,DEN,SD,0
2003,2003-11-16,DET,SEA,0
2003,2003-11-16,GB,TB,0
2003,2003-11-16,HOU,BUF,0
2003,2003-11-16,IND,NYJ,0
2003,2003-11-16,JAX,TEN,0
2003,2003-11-16,KC,CIN,0
2003,2003-11-16,MIA,BAL,1
2003,2003-11-16,MIN,OAK,0
2003,2003-11-16,NE,DAL,0
2003,2003-11-16,NO,ATL,1
2003,2003-11-16,NYG,PHI,0
2003,2003-11-16,NYJ,IND,0
2003,2003-11-16,OAK,MIN,0
2003,2003-11-16,PHI,NYG,0
2003,2003-11-16,SD,DEN,0
2003,2003-11-16,SEA,DET,0
2003,2003-11-16,STL,CHI,0
2003,2003-11-16,TB,GB,0
2003,2003-11-16,TEN,JAX,0
2003,2003-11-16,WAS,CAR,0
2003,2003-11-17,PIT,SF,0
2003,2003-11-17,SF,PIT,0
2003,2003-11-23,ARI,STL,1
2003,2003-11-23,ATL,TEN,0
2003,2003-11-23,BAL,SEA,1
2003,2003-11-23,BUF,IND,0
2003,2003-11-23,CAR,DAL,0
2003,2003-11-23,CHI,DEN,0
2003,2003-11-23,CIN,SD,0
2003,2003-11-23,CLE,PIT,0
2003,2003-11-23,DAL,CAR,0
2003,2003-11-23,DEN,CHI,0
2003,2003-11-23,DET,MIN,0
2003,2003-11-23,GB,SF,0
2003,2003-11-23,HOU,NE,1
2003,2003-11-23,IND,BUF,0
2003,2003-11-23,JAX,NYJ,0
2003,2003-11-23,KC,OAK,0
2003,2003-11-23,MIA,WAS,0
2003,2003-11-23,MIN,DET,0
2003,2003-11-23,NE,HOU,1
2003,2003-11-23,NO,PHI,0
2003,2003-11-23,NYJ,JAX,0
2003,2003-11-23,OAK,KC,0
2003,2003-11-23,PHI,NO,0
2003,2003-11-23,PIT,CLE,0
2003,2003-11-23,SD,CIN,0
2003,2003-11-23,SEA,BAL,1
2003,2003-11-23,SF,GB,0
2003,2003-11-23,STL,ARI,1
2003,2003-11-23,TEN,ATL,0
2003,2003-11-23,WAS,MIA,0
2003,2003-11-24,NYG,TB,0
2003,2003-11-24,TB,NYG,0
2003,2003-11-27,DAL,MIA,0
2003,2003-11-27,DET,GB,0
2003,2003-11-27,GB,DET,0
2003,2003-11-27,MIA,DAL,0
2003,2003-11-30,ARI,CHI,0
2003,2003-11-30,ATL,HOU,0
2003,2003-11-30,BAL,SF,0
2003,2003-11-30,BUF,NYG,0
2003,2003-11-30,CAR,PHI,0
2003,2003-11-30,CHI,ARI,0
2003,2003-11-30,CIN,PIT,0
2003,2003-11-30,CLE,SEA,0
2003,2003-11-30,DEN,OAK,0
2003,2003-11-30,HOU,ATL,0
2003,2003-11-30,IND,NE,0
2003,2003-11-30,JAX,TB,0
2003,2003-11-30,KC,SD,0
2003,2003-11-30,MIN,STL,0
2003,2003-11-30,NE,IND,0
2003,2003-11-30,NO,WAS,0
2003,2003-11-30,NYG,BUF,0
2003,2003-11-30,OAK,DEN,0
2003,2003-11-30,PHI,CAR,0
2003,2003-11-30,PIT,CIN,0
2003,2003-11-30,SD,KC,0
2003,2003-11-30,SEA,CLE,0
2003,2003-11-30,SF,BAL,0
2003,2003-11-30,STL,MIN,0
2003,2003-11-30,TB,JAX,0
2003,2003-11-30,WAS,NO,0
2003,2003-12-01,NYJ,TEN,0
2003,2003-12-01,TEN,NYJ,0
2003,2003-12-07,ARI,SF,0
2003,2003-12-07,ATL,CAR,1
2003,2003-12-07,BAL,CIN,0
2003,2003-12-07,BUF,NYJ,0
2003,2003-12-07,CAR,ATL,1
2003,2003-12-07,CHI,GB,0
2003,2003-12-07,CIN,BAL,0
2003,2003-12-07,DAL,PHI,0
2003,2003-12-07,DEN,KC,0
2003,2003-12-07,DET,SD,0
2003,2003-12-07,GB,CHI,0
2003,2003-12-07,HOU,JAX,0
2003,2003-12-07,IND,TEN,0
2003,2003-12-07,JAX,HOU,0
2003,2003-12-07,KC,DEN,0
2003,2003-12-07,MIA,NE,0
2003,2003-12-07,MIN,SEA,0
2003,2003-12-07,NE,MIA,0
2003,2003-12-07,NO,TB,0
2003,2003-12-07,NYG,WAS,0
2003,2003-12-07,NYJ,BUF,0
2003,2003-12-07,OAK,PIT,0
2003,2003-12-07,PHI,DAL,0
2003,2003-12-07,PIT,OAK,0
2003,2003-12-07,SD,DET,0
2003,2003-12-07,SEA,MIN,0
2003,2003-12-07,SF,ARI,0
2003,2003-12-07,TB,NO,0
2003,2003-12-07,TEN,IND,0
2003,2003-12-07,WAS,NYG,0
2003,2003-12-08,CLE,STL,0
2003,2003-12-08,STL,CLE,0
2003,2003-12-14,ARI,CAR,0
2003,2003-12-14,ATL,IND,0
2003,2003-12-14,BAL,OAK,0
2003,2003-12-14,BUF,TEN,0
2003,2003-12-14,CAR,ARI,0
2003,2003-12-14,CHI,MIN,0
2003,2003-12-14,CIN,SF,0
2003,2003-12-14,CLE,DEN,1
2003,2003-12-14,DAL,WAS,0
2003,2003-12-14,DEN,CLE,1
2003,2003-12-14,DET,KC,0
2003,2003-12-14,GB,SD,0
2003,2003-12-14,HOU,TB,0
2003,2003-12-14,IND,ATL,0
2003,2003-12-14,JAX,NE,0
2003,2003-12-14,KC,DET,0
2003,2003-12-14,MIN,CHI,0
2003,2003-12-14,NE,JAX,0
2003,2003-12-14,NO,NYG,0
2003,2003-12-14,NYG,NO,0
2003,2003-12-14,NYJ,PIT,0
2003,2003-12-14,OAK,BAL,0
2003,2003-12-14,PIT,NYJ,0
2003,2003-12-14,SD,GB,0
2003,2003-12-14,SEA,STL,0
2003,2003-12-14,SF,CIN,0
2003,2003-12-14,STL,SEA,0
2003,2003-12-14,TB,HOU,0
2003,2003-12-14,TEN,BUF,0
2003,2003-12-14,WAS,DAL,0
2003,2003-12-15,MIA,PHI,0
2003,2003-12-15,PHI,MIA,0
2003,2003-12-20,ATL,TB,0
2003,2003-12-20,KC,MIN,0
2003,2003-12-20,MIN,KC,0
2003,2003-12-20,NE,NYJ,0
2003,2003-12-20,NYJ,NE,0
2003,2003-12-20,TB,ATL,0
2003,2003-12-21,ARI,SEA,0
2003,2003-12-21,BAL,CLE,0
2003,2003-12-21,BUF,MIA,0
2003,2003-12-21,CAR,DET,0
2003,2003-12-21,CHI,WAS,0
2003,2003-12-21,CIN,STL,0
2003,2003-12-21,CLE,BAL,0
2003,2003-12-21,DAL,NYG,0
2003,2003-12-21,DEN,IND,0
2003,2003-12-21,DET,CAR,0
2003,2003-12-21,HOU,TEN,0
2003,2003-12-21,IND,DEN,0
2003,2003-12-21,JAX,NO,0
2003,2003-12-21,MIA,BUF,0
2003,2003-12-21,NO,JAX,0
2003,2003-12-21,NYG,DAL,0
2003,2003-12-21,PHI,SF,1
2003,2003-12-21,PIT,SD,0
2003,2003-12-21,SD,PIT,0
2003,2003-12-21,SEA,ARI,0
2003,2003-12-21,SF,PHI,1
2003,2003-12-21,STL,CIN,0
2003,2003-12-21,TEN,HOU,0
2003,2003-12-21,WAS,CHI,0
2003,2003-12-22,GB,OAK,0
2003,2003-12-22,OAK,GB,0
2003,2003-12-27,BUF,NE,0
2003,2003-12-27,NE,BUF,0
2003,2003-12-27,PHI,WAS,0
2003,2003-12-27,SEA,SF,0
2003,2003-12-27,SF,SEA,0
2003,2003-12-27,WAS,PHI,0
2003,2003-12-28,ARI,MIN,0
2003,2003-12-28,ATL,JAX,0
2003,2003-12-28,BAL,PIT,1
2003,2003-12-28,CAR,NYG,0
2003,2003-12-28,CHI,KC,0
2003,2003-12-28,CIN,CLE,0
2003,2003-12-28,CLE,CIN,0
2003,2003-12-28,DAL,NO,0
2003,2003-12-28,DEN,GB,0
2003,2003-12-28,DET,STL,0
2003,2003-12-28,GB,DEN,0
2003,2003-12-28,HOU,IND,0
2003,2003-12-28,IND,HOU,0
2003,2003-12-28,JAX,ATL,0
2003,2003-12-28,KC,CHI,0
2003,2003-12-28,MIA,NYJ,0
2003,2003-12-28,MIN,ARI,0
2003,2003-12-28,NO,DAL,0
2003,2003-12-28,NYG,CAR,0
2003,2003-12-28,NYJ,MIA,0
2003,2003-12-28,OAK,SD,0
2003,2003-12-28,PIT,BAL,1
2003,2003-12-28,SD,OAK,0
2003,2003-12-28,STL,DET,0
2003,2003-12-28,TB,TEN,0
2003,2003-12-28,TEN,TB,0
2003,2004-01-03,BAL,TEN,0
2003,2004-01-03,CAR,DAL,0
2003,2004-01-03,DAL,CAR,0
2003,2004-01-03,TEN,BAL,0
2003,2004-01-04,DEN,IND,0
2003,2004-01-04,GB,SEA,1
2003,2004-01-04,IND,DEN,0
2003,2004-01-04,SEA,GB,1
2003,2004-01-10,CAR,STL,1
2003,2004-01-10,NE,TEN,0
2003,2004-01-10,STL,CAR,1
2003,2004-01-10,TEN,NE,0
2003,2004-01-11,GB,PHI,1
2003,2004-01-11,IND,KC,0
2003,2004-01-11,KC,IND,0
2003,2004-01-11,PHI,GB,1
2003,2004-01-18,CAR,PHI,0
2003,2004-01-18,IND,NE,0
2003,2004-01-18,NE,IND,0
2003,2004-01-18,PHI,CAR,0
2003,2004-02-01,CAR,NE,0
2003,2004-02-01,NE,CAR,0
2004,2004-09-09,IND,NE,0
2004,2004-09-09,NE,IND,0
2004,2004-09-11,MIA,TEN,0
2004,2004-09-11,TEN,MIA,0
2004,2004-09-12,ARI,STL,0
2004,2004-09-12,ATL,SF,0
2004,2004-09-12,BAL,CLE,0
2004,2004-09-12,BUF,JAX,0
2004,2004-09-12,CHI,DET,0
2004,2004-09-12,CIN,NYJ,0
2004,2004-09-12,CLE,BAL,0
2004,2004-09-12,DAL,MIN,0
2004,2004-09-12,DEN,KC,0
2004,2004-09-12,DET,CHI,0
2004,2004-09-12,HOU,SD,0
2004,2004-09-12,JAX,BUF,0
2004,2004-09-12,KC,DEN,0
2004,2004-09-12,MIN,DAL,0
2004,2004-09-12,NO,SEA,0
2004,2004-09-12,NYG,PHI,0
2004,2004-09-12,NYJ,CIN,0
2004,2004-09-12,OAK,PIT,0
2004,2004-09-12,PHI,NYG,0
2004,2004-09-12,PIT,OAK,0
2004,2004-09-12,SD,HOU,0
2004,2004-09-12,SEA,NO,0
2004,2004-09-12,SF,ATL,0
2004,2004-09-12,STL,ARI,0
2004,2004-09-12,TB,WAS,0
2004,2004-09-12,WAS,TB,0
2004,2004-09-13,CAR,GB,0
2004,2004-09-13,GB,CAR,0
2004,2004-09-19,ARI,NE,0
2004,2004-09-19,ATL,STL,0
2004,2004-09-19,BAL,PIT,0
2004,2004-09-19,BUF,OAK,0
2004,2004-09-19,CAR,KC,0
2004,2004-09-19,CHI,GB,0
2004,2004-09-19,CIN,MIA,0
2004,2004-09-19,CLE,DAL,0
2004,2004-09-19,DAL,CLE,0
2004,2004-09-19,DEN,JAX,0
2004,2004-09-19,DET,HOU,0
2004,2004-09-19,GB,CHI,0
2004,2004-09-19,HOU,DET,0
2004,2004-09-19,IND,TEN,0
2004,2004-09-19,JAX,DEN,0
2004,2004-09-19,KC,CAR,0
2004,2004-09-19,MIA,CIN,0
2004,2004-09-19,NE,ARI,0
2004,2004-09-19,NO,SF,0
2004,2004-09-19,NYG,WAS,0
2004,2004-09-19,NYJ,SD,0
2004,2004-09-19,OAK,BUF,0
2004,2004-09-19,PIT,BAL,0
2004,2004-09-19,SD,NYJ,0
2004,2004-09-19,SEA,TB,0
2004,2004-09-19,SF,NO,0
2004,2004-09-19,STL,ATL,0
2004,2004-09-19,TB,SEA,0
2004,2004-09-19,TEN,IND,0
2004,2004-09-19,WAS,NYG,0
2004,2004-09-20,MIN,PHI,0
2004,2004-09-20,PHI,MIN,0
2004,2004-09-26,ARI,ATL,0
2004,2004-09-26,ATL,ARI,0
2004,2004-09-26,BAL,CIN,0
2004,2004-09-26,CHI,MIN,0
2004,2004-09-26,CIN,BAL,0
2004,2004-09-26,CLE,NYG,0
2004,2004-09-26,DEN,SD,0
2004,2004-09-26,DET,PHI,0
2004,2004-09-26,GB,IND,0
2004,2004-09-26,HOU,KC,0
2004,2004-09-26,IND,GB,0
2004,2004-09-26,JAX,TEN,0
2004,2004-09-26,KC,HOU,0
2004,2004-09-26,MIA,PIT,0
2004,2004-09-26,MIN,CHI,0
2004,2004-09-26,NO,STL,1
2004,2004-09-26,NYG,CLE,0
2004,2004-09-26,OAK,TB,0
2004,2004-09-26,PHI,DET,0
2004,2004-09-26,PIT,MIA,0
2004,2004-09-26,SD,DEN,0
2004,2004-09-26,SEA,SF,0
2004,2004-09-26,SF,SEA,0
2004,2004-09-26,STL,NO,1
2004,2004-09-26,TB,OAK,0
2004,2004-09-26,TEN,JAX,0
2004,2004-09-27,DAL,WAS,0
2004,2004-09-27,WAS,DAL,0
2004,2004-10-03,ARI,NO,0
2004,2004-10-03,ATL,CAR,0
2004,2004-10-03,BUF,NE,0
2004,2004-10-03,CAR,ATL,0
2004,2004-10-03,CHI,PHI,0
2004,2004-10-03,CIN,PIT,0
2004,2004-10-03,CLE,WAS,0
2004,2004-10-03,DEN,TB,0
2004,2004-10-03,GB,NYG,0
2004,2004-10-03,HOU,OAK,0
2004,2004-10-03,IND,JAX,0
2004,2004-10-03,JAX,IND,0
2004,2004-10-03,MIA,NYJ,0
2004,2004-10-03,NE,BUF,0
2004,2004-10-03,NO,ARI,0
2004,2004-10-03,NYG,GB,0
2004,2004-10-03,NYJ,MIA,0
2004,2004-10-03,OAK,HOU,0
2004,2004-10-03,PHI,CHI,0
2004,2004-10-03,PIT,CIN,0
2004,2004-10-03,SD,TEN,0
2004,2004-10-03,SF,STL,0
2004,2004-10-03,STL,SF,0
2004,2004-10-03,TB,DEN,0
2004,2004-10-03,TEN,SD,0
2004,2004-10-03,WAS,CLE,0
2004,2004-10-04,BAL,KC,0
2004,2004-10-04,KC,BAL,0
2004,2004-10-10,ARI,SF,1
2004,2004-10-10,ATL,DET,0
2004,2004-10-10,BAL,WAS,0
2004,2004-10-10,BUF,NYJ,0
2004,2004-10-10,CAR,DEN,0
2004,2004-10-10,CLE,PIT,0
2004,2004-10-10,DAL,NYG,0
2004,2004-10-10,DEN,CAR,0
2004,2004-10-10,DET,ATL,0
2004,2004-10-10,HOU,MIN,1
2004,2004-10-10,IND,OAK,0
2004,2004-10-10,JAX,SD,0
2004,2004-10-10,MIA,NE,0
2004,2004-10-10,MIN,HOU,1
2004,2004-10-10,NE,MIA,0
2004,2004-10-10,NO,TB,0
2004,2004-10-10,NYG,DAL,0
2004,2004-10-10,NYJ,BUF,0
2004,2004-10-10,OAK,IND,0
2004,2004-10-10,PIT,CLE,0
2004,2004-10-10,SD,JAX,0
2004,2004-10-10,SEA,STL,1
2004,2004-10-10,SF,ARI,1
2004,2004-10-10,STL,SEA,1
2004,2004-10-10,TB,NO,0
2004,2004-10-10,WAS,BAL,0
2004,2004-10-11,GB,TEN,0
2004,2004-10-11,TEN,GB,0
2004,2004-10-17,ATL,SD,0
2004,2004-10-17,BUF,MIA,0
2004,2004-10-17,CAR,PHI,0
2004,2004-10-17,CHI,WAS,0
2004,2004-10-17,CIN,CLE,0
2004,2004-10-17,CLE,CIN,0
2004,2004-10-17,DAL,PIT,0
2004,2004-10-17,DEN,OAK,0
2004,2004-10-17,DET,GB,0
2004,2004-10-17,GB,DET,0
2004,2004-10-17,HOU,TEN,0
2004,2004-10-17,JAX,KC,0
2004,2004-10-17,KC,JAX,0
2004,2004-10-17,MIA,BUF,0
2004,2004-10-17,MIN,NO,0
2004,2004-10-17,NE,SEA,0
2004,2004-10-17,NO,MIN,0
2004,2004-10-17,NYJ,SF,0
2004,2004-10-17,OAK,DEN,0
2004,2004-10-17,PHI,CAR,0
2004,2004-10-17,PIT,DAL,0
2004,2004-10-17,SD,ATL,0
2004,2004-10-17,SEA,NE,0
2004,2004-10-17,SF,NYJ,0
2004,2004-10-17,TEN,HOU,0
2004,2004-10-17,WAS,CHI,0
2004,2004-10-18,STL,TB,0
2004,2004-10-18,TB,STL,0
2004,2004-10-24,ARI,SEA,0
2004,2004-10-24,ATL,KC,0
2004,2004-10-24,BAL,BUF,0
2004,2004-10-24,BUF,BAL,0
2004,2004-10-24,CAR,SD,0
2004,2004-10-24,CHI,TB,0
2004,2004-10-24,CLE,PHI,1
2004,2004-10-24,DAL,GB,0
2004,2004-10-24,DET,NYG,0
2004,2004-10-24,GB,DAL,0
2004,2004-10-24,IND,JAX,0
2004,2004-10-24,JAX,IND,0
2004,2004-10-24,KC,ATL,0
2004,2004-10-24,MIA,STL,0
2004,2004-10-24,MIN,TEN,0
2004,2004-10-24,NE,NYJ,0
2004,2004-10-24,NO,OAK,0
2004,2004-10-24,NYG,DET,0
2004,2004-10-24,NYJ,NE,0
2004,2004-10-24,OAK,NO,0
2004,2004-10-24,PHI,CLE,1
2004,2004-10-24,SD,CAR,0
2004,2004-10-24,SEA,ARI,0
2004,2004-10-24,STL,MIA,0
2004,2004-10-24,TB,CHI,0
2004,2004-10-24,TEN,MIN,0
2004,2004-10-25,CIN,DEN,0
2004,2004-10-25,DEN,CIN,0
2004,2004-10-31,ARI,BUF,0
2004,2004-10-31,ATL,DEN,0
2004,2004-10-31,BAL,PHI,0
2004,2004-10-31,BUF,ARI,0
2004,2004-10-31,CAR,SEA,0
2004,2004-10-31,CHI,SF,0
2004,2004-10-31,CIN,TEN,0
2004,2004-10-31,DAL,DET,0
2004,2004-10-31,DEN,ATL,0
2004,2004-10-31,DET,DAL,0
2004,2004-10-31,GB,WAS,0
2004,2004-10-31,HOU,JAX,0
2004,2004-10-31,IND,KC,0
2004,2004-10-31,JAX,HOU,0
2004,2004-10-31,KC,IND,0
2004,2004-10-31,MIN,NYG,0
2004,2004-10-31,NE,PIT,0
2004,2004-10-31,NYG,MIN,0
2004,2004-10-31,OAK,SD,0
2004,2004-10-31,PHI,BAL,0
2004,2004-10-31,PIT,NE,0
2004,2004-10-31,SD,OAK,0
2004,2004-10-31,SEA,CAR,0
2004,2004-10-31,SF,CHI,0
2004,2004-10-31,TEN,CIN,0
2004,2004-10-31,WAS,GB,0
2004,2004-11-01,MIA,NYJ,0
2004,2004-11-01,NYJ,MIA,0
2004,2004-11-07,ARI,MIA,0
2004,2004-11-07,BAL,CLE,0
2004,2004-11-07,BUF,NYJ,0
2004,2004-11-07,CAR,OAK,0
2004,2004-11-07,CHI,NYG,0
2004,2004-11-07,CIN,DAL,0
2004,2004-11-07,CLE,BAL,0
2004,2004-11-07,DAL,CIN,0
2004,2004-11-07,DEN,HOU,0
2004,2004-11-07,DET,WAS,0
2004,2004-11-07,HOU,DEN,0
2004,2004-11-07,KC,TB,0
2004,2004-11-07,MIA,ARI,0
2004,2004-11-07,NE,STL,0
2004,2004-11-07,NO,SD,0
2004,2004-11-07,NYG,CHI,0
2004,2004-11-07,NYJ,BUF,0
2004,2004-11-07,OAK,CAR,0
2004,2004-11-07,PHI,PIT,0
2004,2004-11-07,PIT,PHI,0
2004,2004-11-07,SD,NO,0
2004,2004-11-07,SEA,SF,0
2004,2004-11-07,SF,SEA,0
2004,2004-11-07,STL,NE,0
2004,2004-11-07,TB,KC,0
2004,2004-11-07,WAS,DET,0
2004,2004-11-08,IND,MIN,0
2004,2004-11-08,MIN,IND,0
2004,2004-11-14,ARI,NYG,0
2004,2004-11-14,ATL,TB,0
2004,2004-11-14,BAL,NYJ,1
2004,2004-11-14,BUF,NE,0
2004,2004-11-14,CAR,SF,0
2004,2004-11-14,CHI,TEN,1
2004,2004-11-14,CIN,WAS,0
2004,2004-11-14,CLE,PIT,0
2004,2004-11-14,DET,JAX,1
2004,2004-11-14,GB,MIN,0
2004,2004-11-14,HOU,IND,0
2004,2004-11-14,IND,HOU,0
2004,2004-11-14,JAX,DET,1
2004,2004-11-14,KC,NO,0
2004,2004-11-14,MIN,GB,0
2004,2004-11-14,NE,BUF,0
2004,2004-11-14,NO,KC,0
2004,2004-11-14,NYG,ARI,0
2004,2004-11-14,NYJ,BAL,1
2004,2004-11-14,PIT,CLE,0
2004,2004-11-14,SEA,STL,0
2004,2004-11-14,SF,CAR,0
2004,2004-11-14,STL,SEA,0
2004,2004-11-14,TB,ATL,0
2004,2004-11-14,TEN,CHI,1
2004,2004-11-14,WAS,CIN,0
2004,2004-11-15,DAL,PHI,0
2004,2004-11-15,PHI,DAL,0
2004,2004-11-21,ARI,CAR,0
2004,2004-11-21,ATL,NYG,0
2004,2004-11-21,BAL,DAL,0
2004,2004-11-21,BUF,STL,0
2004,2004-11-21,CAR,ARI,0
2004,2004-11-21,CHI,IND,0
2004,2004-11-21,CIN,PIT,0
2004,2004-11-21,CLE,NYJ,0
2004,2004-11-21,DAL,BAL,0
2004,2004-11-21,DEN,NO,0
2004,2004-11-21,DET,MIN,0
2004,2004-11-21,GB,HOU,0
2004,2004-11-21,HOU,GB,0
2004,2004-11-21,IND,CHI,0
2004,2004-11-21,JAX,TEN,0
2004,2004-11-21,MIA,SEA,0
2004,2004-11-21,MIN,DET,0
2004,2004-11-21,NO,DEN,0
2004,2004-11-21,NYG,ATL,0
2004,2004-11-21,NYJ,CLE,0
2004,2004-11-21,OAK,SD,0
2004,2004-11-21,PHI,WAS,0
2004,2004-11-21,PIT,CIN,0
2004,2004-11-21,SD,OAK,0
2004,2004-11-21,SEA,MIA,0
2004,2004-11-21,SF,TB,0
2004,2004-11-21,STL,BUF,0
2004,2004-11-21,TB,SF,0
2004,2004-11-21,TEN,JAX,0
2004,2004-11-21,WAS,PHI,0
2004,2004-11-22,KC,NE,0
2004,2004-11-22,NE,KC,0
2004,2004-11-25,CHI,DAL,0
2004,2004-11-25,DAL,CHI,0
2004,2004-11-25,DET,IND,0
2004,2004-11-25,IND,DET,0
2004,2004-11-28,ARI,NYJ,0
2004,2004-11-28,ATL,NO,0
2004,2004-11-28,BAL,NE,0
2004,2004-11-28,BUF,SEA,0
2004,2004-11-28,CAR,TB,0
2004,2004-11-28,CIN,CLE,0
2004,2004-11-28,CLE,CIN,0
2004,2004-11-28,DEN,OAK,0
2004,2004-11-28,HOU,TEN,0
2004,2004-11-28,JAX,MIN,0
2004,2004-11-28,KC,SD,0
2004,2004-11-28,MIA,SF,0
2004,2004-11-28,MIN,JAX,0
2004,2004-11-28,NE,BAL,0
2004,2004-11-28,NO,ATL,0
2004,2004-11-28,NYG,PHI,0
2004,2004-11-28,NYJ,ARI,0
2004,2004-11-28,OAK,DEN,0
2004,2004-11-28,PHI,NYG,0
2004,2004-11-28,PIT,WAS,0
2004,2004-11-28,SD,KC,0
2004,2004-11-28,SEA,BUF,0
2004,2004-11-28,SF,MIA,0
2004,2004-11-28,TB,CAR,0
2004,2004-11-28,TEN,HOU,0
2004,2004-11-28,WAS,PIT,0
2004,2004-11-29,GB,STL,0
2004,2004-11-29,STL,GB,0
2004,2004-12-05,ARI,DET,0
2004,2004-12-05,ATL,TB,0
2004,2004-12-05,BAL,CIN,0
2004,2004-12-05,BUF,MIA,0
2004,2004-12-05,CAR,NO,0
2004,2004-12-05,CHI,MIN,0
2004,2004-12-05,CIN,BAL,0
2004,2004-12-05,CLE,NE,0
2004,2004-12-05,DEN,SD,0
2004,2004-12-05,DET,ARI,0
2004,2004-12-05,GB,PHI,0
2004,2004-12-05,HOU,NYJ,0
2004,2004-12-05,IND,TEN,0
2004,2004-12-05,JAX,PIT,0
2004,2004-12-05,KC,OAK,0
2004,2004-12-05,MIA,BUF,0
2004,2004-12-05,MIN,CHI,0
2004,2004-12-05,NE,CLE,0
2004,2004-12-05,NO,CAR,0
2004,2004-12-05,NYG,WAS,0
2004,2004-12-05,NYJ,HOU,0
2004,2004-12-05,OAK,KC,0
2004,2004-12-05,PHI,GB,0
2004,2004-12-05,PIT,JAX,0
2004,2004-12-05,SD,DEN,0
2004,2004-12-05,SF,STL,0
2004,2004-12-05,STL,SF,0
2004,2004-12-05,TB,ATL,0
2004,2004-12-05,TEN,IND,0
2004,2004-12-05,WAS,NYG,0
2004,2004-12-06,DAL,SEA,0
2004,2004-12-06,SEA,DAL,0
2004,2004-12-12,ARI,SF,1
2004,2004-12-12,ATL,OAK,0
2004,2004-12-12,BAL,NYG,0
2004,2004-12-12,BUF,CLE,0
2004,2004-12-12,CAR,STL,0
2004,2004-12-12,CHI,JAX,0
2004,2004-12-12,CIN,NE,0
2004,2004-12-12,CLE,BUF,0
2004,2004-12-12,DAL,NO,0
2004,2004-12-12,DEN,MIA,0
2004,2004-12-12,DET,GB,0
2004,2004-12-12,GB,DET,0
2004,2004-12-12,HOU,IND,0
2004,2004-12-12,IND,HOU,0
2004,2004-12-12,JAX,CHI,0
2004,2004-12-12,MIA,DEN,0
2004,2004-12-12,MIN,SEA,0
2004,2004-12-12,NE,CIN,0
2004,2004-12-12,NO,DAL,0
2004,2004-12-12,NYG,BAL,0
2004,2004-12-12,NYJ,PIT,0
2004,2004-12-12,OAK,ATL,0
2004,2004-12-12,PHI,WAS,0
2004,2004-12-12,PIT,NYJ,0
2004,2004-12-12,SD,TB,0
2004,2004-12-12,SEA,MIN,0
2004,2004-12-12,SF,ARI,1
2004,2004-12-12,STL,CAR,0
2004,2004-12-12,TB,SD,0
2004,2004-12-12,WAS,PHI,0
2004,2004-12-13,KC,TEN,0
2004,2004-12-13,TEN,KC,0
2004,2004-12-18,ATL,CAR,1
2004,2004-12-18,CAR,ATL,1
2004,2004-12-18,NYG,PIT,0
2004,2004-12-18,PIT,NYG,0
2004,2004-12-18,SF,WAS,0
2004,2004-12-18,WAS,SF,0
2004,2004-12-19,ARI,STL,0
2004,2004-12-19,BAL,IND,0
2004,2004-12-19,BUF,CIN,0
2004,2004-12-19,CHI,HOU,0
2004,2004-12-19,CIN,BUF,0
2004,2004-12-19,CLE,SD,0
2004,2004-12-19,DAL,PHI,0
2004,2004-12-19,DEN,KC,0
2004,2004-12-19,DET,MIN,0
2004,2004-12-19,GB,JAX,0
2004,2004-12-19,HOU,CHI,0
2004,2004-12-19,IND,BAL,0
2004,2004-12-19,JAX,GB,0
2004,2004-12-19,KC,DEN,0
2004,2004-12-19,MIN,DET,0
2004,2004-12-19,NO,TB,0
2004,2004-12-19,NYJ,SEA,0
2004,2004-12-19,OAK,TEN,0
2004,2004-12-19,PHI,DAL,0
2004,2004-12-19,SD,CLE,0
2004,2004-12-19,SEA,NYJ,0
2004,2004-12-19,STL,ARI,0
2004,2004-12-19,TB,NO,0
2004,2004-12-19,TEN,OAK,0
2004,2004-12-20,MIA,NE,0
2004,2004-12-20,NE,MIA,0
2004,2004-12-24,GB,MIN,0
2004,2004-12-24,MIN,GB,0
2004,2004-12-25,DEN,TEN,0
2004,2004-12-25,KC,OAK,0
2004,2004-12-25,OAK,KC,0
2004,2004-12-25,TEN,DEN,0
2004,2004-12-26,ARI,SEA,0
2004,2004-12-26,ATL,NO,0
2004,2004-12-26,BAL,PIT,0
2004,2004-12-26,BUF,SF,0
2004,2004-12-26,CAR,TB,0
2004,2004-12-26,CHI,DET,0
2004,2004-12-26,CIN,NYG,0
2004,2004-12-26,CLE,MIA,0
2004,2004-12-26,DAL,WAS,0
2004,2004-12-26,DET,CHI,0
2004,2004-12-26,HOU,JAX,0
2004,2004-12-26,IND,SD,1
2004,2004-12-26,JAX,HOU,0
2004,2004-12-26,MIA,CLE,0
2004,2004-12-26,NE,NYJ,0
2004,2004-12-26,NO,ATL,0
2004,2004-12-26,NYG,CIN,0
2004,2004-12-26,NYJ,NE,0
2004,2004-12-26,PIT,BAL,0
2004,2004-12-26,SD,IND,1
2004,2004-12-26,SEA,ARI,0
2004,2004-12-26,SF,BUF,0
2004,2004-12-26,TB,CAR,0
2004,2004-12-26,WAS,DAL,0
2004,2004-12-27,PHI,STL,0
2004,2004-12-27,STL,PHI,0
2004,2005-01-02,ARI,TB,0
2004,2005-01-02,ATL,SEA,0
2004,2005-01-02,BAL,MIA,0
2004,2005-01-02,BUF,PIT,0
2004,2005-01-02,CAR,NO,0
2004,2005-01-02,CHI,GB,0
2004,2005-01-02,CIN,PHI,0
2004,2005-01-02,CLE,HOU,0
2004,2005-01-02,DAL,NYG,0
2004,2005-01-02,DEN,IND,0
2004,2005-01-02,DET,TEN,0
2004,2005-01-02,GB,CHI,0
2004,2005-01-02,HOU,CLE,0
2004,2005-01-02,IND,DEN,0
2004,2005-01-02,JAX,OAK,0
2004,2005-01-02,KC,SD,0
2004,2005-01-02,MIA,BAL,0
2004,2005-01-02,MIN,WAS,0
2004,2005-01-02,NE,SF,0
2004,2005-01-02,NO,CAR,0
2004,2005-01-02,NYG,DAL,0
2004,2005-01-02,NYJ,STL,1
2004,2005-01-02,OAK,JAX,0
2004,2005-01-02,PHI,CIN,0
2004,2005-01-02,PIT,BUF,0
2004,2005-01-02,SD,KC,0
2004,2005-01-02,SEA,ATL,0
2004,2005-01-02,SF,NE,0
2004,2005-01-02,STL,NYJ,1
2004,2005-01-02,TB,ARI,0
2004,2005-01-02,TEN,DET,0
2004,2005-01-02,WAS,MIN,0
2004,2005-01-08,NYJ,SD,1
2004,2005-01-08,SD,NYJ,1
2004,2005-01-08,SEA,STL,0
2004,2005-01-08,STL,SEA,0
2004,2005-01-09,DEN,IND,0
2004,2005-01-09,GB,MIN,0
2004,2005-01-09,IND,DEN,0
2004,2005-01-09,MIN,GB,0
2004,2005-01-15,ATL,STL,0
2004,2005-01-15,NYJ,PIT,1
2004,2005-01-15,PIT,NYJ,1
2004,2005-01-15,STL,ATL,0
2004,2005-01-16,IND,NE,0
2004,2005-01-16,MIN,PHI,0
2004,2005-01-16,NE,IND,0
2004,2005-01-16,PHI,MIN,0
2004,2005-01-23,ATL,PHI,0
2004,2005-01-23,NE,PIT,0
2004,2005-01-23,PHI,ATL,0
2004,2005-01-23,PIT,NE,0
2004,2005-02-06,NE,PHI,0
2004,2005-02-06,PHI,NE,0
2005,2005-09-08,NE,OAK,0
2005,2005-09-08,OAK,NE,0
2005,2005-09-11,ARI,NYG,0
2005,2005-09-11,BAL,IND,0
2005,2005-09-11,BUF,HOU,0
2005,2005-09-11,CAR,NO,0
2005,2005-09-11,CHI,WAS,0
2005,2005-09-11,CIN,CLE,0
2005,2005-09-11,CLE,CIN,0
2005,2005-09-11,DAL,SD,0
2005,2005-09-11,DEN,MIA,0
2005,2005-09-11,DET,GB,0
2005,2005-09-11,GB,DET,0
2005,2005-09-11,HOU,BUF,0
2005,2005-09-11,IND,BAL,0
2005,2005-09-11,JAX,SEA,0
2005,2005-09-11,KC,NYJ,0
2005,2005-09-11,MIA,DEN,0
2005,2005-09-11,MIN,TB,0
2005,2005-09-11,NO,CAR,0
2005,2005-09-11,NYG,ARI,0
2005,2005-09-11,NYJ,KC,0
2005,2005-09-11,PIT,TEN,0
2005,2005-09-11,SD,DAL,0
2005,2005-09-11,SEA,JAX,0
2005,2005-09-11,SF,STL,0
2005,2005-09-11,STL,SF,0
2005,2005-09-11,TB,MIN,0
2005,2005-09-11,TEN,PIT,0
2005,2005-09-11,WAS,CHI,0
2005,2005-09-12,ATL,PHI,0
2005,2005-09-12,PHI,ATL,0
2005,2005-09-18,ARI,STL,0
2005,2005-09-18,ATL,SEA,0
2005,2005-09-18,BAL,TEN,0
2005,2005-09-18,BUF,TB,0
2005,2005-09-18,CAR,NE,0
2005,2005-09-18,CHI,DET,0
2005,2005-09-18,CIN,MIN,0
2005,2005-09-18,CLE,GB,0
2005,2005-09-18,DEN,SD,0
2005,2005-09-18,DET,CHI,0
2005,2005-09-18,GB,CLE,0
2005,2005-09-18,HOU,PIT,0
2005,2005-09-18,IND,JAX,0
2005,2005-09-18,JAX,IND,0
2005,2005-09-18,KC,OAK,0
2005,2005-09-18,MIA,NYJ,0
2005,2005-09-18,MIN,CIN,0
2005,2005-09-18,NE,CAR,0
2005,2005-09-18,NYJ,MIA,0
2005,2005-09-18,OAK,KC,0
2005,2005-09-18,PHI,SF,0
2005,2005-09-18,PIT,HOU,0
2005,2005-09-18,SD,DEN,0
2005,2005-09-18,SEA,ATL,0
2005,2005-09-18,SF,PHI,0
2005,2005-09-18,STL,ARI,0
2005,2005-09-18,TB,BUF,0
2005,2005-09-18,TEN,BAL,0
2005,2005-09-19,DAL,WAS,0
2005,2005-09-19,NO,NYG,0
2005,2005-09-19,NYG,NO,0
2005,2005-09-19,WAS,DAL,0
2005,2005-09-25,ARI,SEA,0
2005,2005-09-25,ATL,BUF,0
2005,2005-09-25,BUF,ATL,0
2005,2005-09-25,CAR,MIA,0
2005,2005-09-25,CHI,CIN,0
2005,2005-09-25,CIN,CHI,0
2005,2005-09-25,CLE,IND,0
2005,2005-09-25,DAL,SF,0
2005,2005-09-25,GB,TB,0
2005,2005-09-25,IND,CLE,0
2005,2005-09-25,JAX,NYJ,1
2005,2005-09-25,MIA,CAR,0
2005,2005-09-25,MIN,NO,0
2005,2005-09-25,NE,PIT,0
2005,2005-09-25,NO,MIN,0
2005,2005-09-25,NYG,SD,0
2005,2005-09-25,NYJ,JAX,1
2005,2005-09-25,OAK,PHI,0
2005,2005-09-25,PHI,OAK,0
2005,2005-09-25,PIT,NE,0
2005,2005-09-25,SD,NYG,0
2005,2005-09-25,SEA,ARI,0
2005,2005-09-25,SF,DAL,0
2005,2005-09-25,STL,TEN,0
2005,2005-09-25,TB,GB,0
2005,2005-09-25,TEN,STL,0
2005,2005-09-26,DEN,KC,0
2005,2005-09-26,KC,DEN,0
2005,2005-10-02,ARI,SF,0
2005,2005-10-02,ATL,MIN,0
2005,2005-10-02,BAL,NYJ,0
2005,2005-10-02,BUF,NO,0
2005,2005-10-02,CIN,HOU,0
2005,2005-10-02,DAL,OAK,0
2005,2005-10-02,DEN,JAX,0
2005,2005-10-02,DET,TB,0
2005,2005-10-02,HOU,CIN,0
2005,2005-10-02,IND,TEN,0
2005,2005-10-02,JAX,DEN,0
2005,2005-10-02,KC,PHI,0
2005,2005-10-02,MIN,ATL,0
2005,2005-10-02,NE,SD,0
2005,2005-10-02,NO,BUF,0
2005,2005-10-02,NYG,STL,0
2005,2005-10-02,NYJ,BAL,0
2005,2005-10-02,OAK,DAL,0
2005,2005-10-02,PHI,KC,0
2005,2005-10-02,SD,NE,0
2005,2005-10-02,SEA,WAS,1
2005,2005-10-02,SF,ARI,0
2005,2005-10-02,STL,NYG,0
2005,2005-10-02,TB,DET,0
2005,2005-10-02,TEN,IND,0
2005,2005-10-02,WAS,SEA,1
2005,2005-10-03,CAR,GB,0
2005,2005-10-03,GB,CAR,0
2005,2005-10-09,ARI,CAR,0
2005,2005-10-09,ATL,NE,0
2005,2005-10-09,BAL,DET,0
2005,2005-10-09,BUF,MIA,0
2005,2005-10-09,CAR,ARI,0
2005,2005-10-09,CHI,CLE,0
2005,2005-10-09,CIN,JAX,0
2005,2005-10-09,CLE,CHI,0
2005,2005-10-09,DAL,PHI,0
2005,2005-10-09,DEN,WAS,0
2005,2005-10-09,DET,BAL,0
2005,2005-10-09,GB,NO,0
2005,2005-10-09,HOU,TEN,0
2005,2005-10-09,IND,SF,0
2005,2005-10-09,JAX,CIN,0
2005,2005-10-09,MIA,BUF,0
2005,2005-10-09,NE,ATL,0
2005,2005-10-09,NO,GB,0
2005,2005-10-09,NYJ,TB,0
2005,2005-10-09,PHI,DAL,0
2005,2005-10-09,SEA,STL,0
2005,2005-10-09,SF,IND,0
2005,2005-10-09,STL,SEA,0
2005,2005-10-09,TB,NYJ,0
2005,2005-10-09,TEN,HOU,0
2005,2005-10-09,WAS,DEN,0
2005,2005-10-10,PIT,SD,0
2005,2005-10-10,SD,PIT,0
2005,2005-10-16,ATL,NO,0
2005,2005-10-16,BAL,CLE,0
2005,2005-10-16,BUF,NYJ,0
2005,2005-10-16,CAR,DET,0
2005,2005-10-16,CHI,MIN,0
2005,2005-10-16,CIN,TEN,0
2005,2005-10-16,CLE,BAL,0
2005,2005-10-16,DAL,NYG,1
2005,2005-10-16,DEN,NE,0
2005,2005-10-16,DET,CAR,0
2005,2005-10-16,HOU,SEA,0
2005,2005-10-16,JAX,PIT,1
2005,2005-10-16,KC,WAS,0
2005,2005-10-16,MIA,TB,0
2005,2005-10-16,MIN,CHI,0
2005,2005-10-16,NE,DEN,0
2005,2005-10-16,NO,ATL,0
2005,2005-10-16,NYG,DAL,1
2005,2005-10-16,NYJ,BUF,0
2005,2005-10-16,OAK,SD,0
2005,2005-10-16,PIT,JAX,1
2005,2005-10-16,SD,OAK,0
2005,2005-10-16,SEA,HOU,0
2005,2005-10-16,TB,MIA,0
2005,2005-10-16,TEN,CIN,0
2005,2005-10-16,WAS,KC,0
2005,2005-10-17,IND,STL,0
2005,2005-10-17,STL,IND,0
2005,2005-10-21,KC,MIA,0
2005,2005-10-21,MIA,KC,0
2005,2005-10-23,ARI,TEN,0
2005,2005-10-23,BAL,CHI,0
2005,2005-10-23,BUF,OAK,0
2005,2005-10-23,CHI,BAL,0
2005,2005-10-23,CIN,PIT,0
2005,2005-10-23,CLE,DET,0
2005,2005-10-23,DAL,SEA,0
2005,2005-10-23,DEN,NYG,0
2005,2005-10-23,DET,CLE,0
2005,2005-10-23,GB,MIN,0
2005,2005-10-23,HOU,IND,0
2005,2005-10-23,IND,HOU,0
2005,2005-10-23,MIN,GB,0
2005,2005-10-23,NO,STL,0
2005,2005-10-23,NYG,DEN,0
2005,2005-10-23,OAK,BUF,0
2005,2005-10-23,PHI,SD,0
2005,2005-10-23,PIT,CIN,0
2005,2005-10-23,SD,PHI,0
2005,2005-10-23,SEA,DAL,0
2005,2005-10-23,SF,WAS,0
2005,2005-10-23,STL,NO,0
2005,2005-10-23,TEN,ARI,0
2005,2005-10-23,WAS,SF,0
2005,2005-10-24,ATL,NYJ,0
2005,2005-10-24,NYJ,ATL,0
2005,2005-10-30,ARI,DAL,0
2005,2005-10-30,BUF,NE,0
2005,2005-10-30,CAR,MIN,0
2005,2005-10-30,CHI,DET,1
2005,2005-10-30,CIN,GB,0
2005,2005-10-30,CLE,HOU,0
2005,2005-10-30,DAL,ARI,0
2005,2005-10-30,DEN,PHI,0
2005,2005-10-30,DET,CHI,1
2005,2005-10-30,GB,CIN,0
2005,2005-10-30,HOU,CLE,0
2005,2005-10-30,JAX,STL,0
2005,2005-10-30,KC,SD,0
2005,2005-10-30,MIA,NO,0
2005,2005-10-30,MIN,CAR,0
2005,2005-10-30,NE,BUF,0
2005,2005-10-30,NO,MIA,0
2005,2005-10-30,NYG,WAS,0
2005,2005-10-30,OAK,TEN,0
2005,2005-10-30,PHI,DEN,0
2005,2005-10-30,SD,KC,0
2005,2005-10-30,SF,TB,0
2005,2005-10-30,STL,JAX,0
2005,2005-10-30,TB,SF,0
2005,2005-10-30,TEN,OAK,0
2005,2005-10-30,WAS,NYG,0
2005,2005-10-31,BAL,PIT,0
2005,2005-10-31,PIT,BAL,0
2005,2005-11-06,ARI,SEA,0
2005,2005-11-06,ATL,MIA,0
2005,2005-11-06,BAL,CIN,0
2005,2005-11-06,CAR,TB,0
2005,2005-11-06,CHI,NO,0
2005,2005-11-06,CIN,BAL,0
2005,2005-11-06,CLE,TEN,0
2005,2005-11-06,DET,MIN,0
2005,2005-11-06,GB,PIT,0
2005,2005-11-06,HOU,JAX,0
2005,2005-11-06,JAX,HOU,0
2005,2005-11-06,KC,OAK,0
2005,2005-11-06,MIA,ATL,0
2005,2005-11-06,MIN,DET,0
2005,2005-11-06,NO,CHI,0
2005,2005-11-06,NYG,SF,0
2005,2005-11-06,NYJ,SD,0
2005,2005-11-06,OAK,KC,0
2005,2005-11-06,PHI,WAS,0
2005,2005-11-06,PIT,GB,0
2005,2005-11-06,SD,NYJ,0
2005,2005-11-06,SEA,ARI,0
2005,2005-11-06,SF,NYG,0
2005,2005-11-06,TB,CAR,0
2005,2005-11-06,TEN,CLE,0
2005,2005-11-06,WAS,PHI,0
2005,2005-11-07,IND,NE,0
2005,2005-11-07,NE,IND,0
2005,2005-11-13,ARI,DET,0
2005,2005-11-13,ATL,GB,0
2005,2005-11-13,BAL,JAX,0
2005,2005-11-13,BUF,KC,0
2005,2005-11-13,CAR,NYJ,0
2005,2005-11-13,CHI,SF,0
2005,2005-11-13,CLE,PIT,0
2005,2005-11-13,DEN,OAK,0
2005,2005-11-13,DET,ARI,0
2005,2005-11-13,GB,ATL,0
2005,2005-11-13,HOU,IND,0
2005,2005-11-13,IND,HOU,0
2005,2005-11-13,JAX,BAL,0
2005,2005-11-13,KC,BUF,0
2005,2005-11-13,MIA,NE,0
2005,2005-11-13,MIN,NYG,0
2005,2005-11-13,NE,MIA,0
2005,2005-11-13,NYG,MIN,0
2005,2005-11-13,NYJ,CAR,0
2005,2005-11-13,OAK,DEN,0
2005,2005-11-13,PIT,CLE,0
2005,2005-11-13,SEA,STL,0
2005,2005-11-13,SF,CHI,0
2005,2005-11-13,STL,SEA,0
2005,2005-11-13,TB,WAS,0
2005,2005-11-13,WAS,TB,0
2005,2005-11-14,DAL,PHI,0
2005,2005-11-14,PHI,DAL,0
2005,2005-11-20,ARI,STL,0
2005,2005-11-20,ATL,TB,0
2005,2005-11-20,BAL,PIT,1
2005,2005-11-20,BUF,SD,0
2005,2005-11-20,CAR,CHI,0
2005,2005-11-20,CHI,CAR,0
2005,2005-11-20,CIN,IND,0
2005,2005-11-20,CLE,MIA,0
2005,2005-11-20,DAL,DET,0
2005,2005-11-20,DEN,NYJ,0
2005,2005-11-20,DET,DAL,0
2005,2005-11-20,HOU,KC,0
2005,2005-11-20,IND,CIN,0
2005,2005-11-20,JAX,TEN,0
2005,2005-11-20,KC,HOU,0
2005,2005-11-20,MIA,CLE,0
2005,2005-11-20,NE,NO,0
2005,2005-11-20,NO,NE,0
2005,2005-11-20,NYG,PHI,0
2005,2005-11-20,NYJ,DEN,0
2005,2005-11-20,OAK,WAS,0
2005,2005-11-20,PHI,NYG,0
2005,2005-11-20,PIT,BAL,1
2005,2005-11-20,SD,BUF,0
2005,2005-11-20,SEA,SF,0
2005,2005-11-20,SF,SEA,0
2005,2005-11-20,STL,ARI,0
2005,2005-11-20,TB,ATL,0
2005,2005-11-20,TEN,JAX,0
2005,2005-11-20,WAS,OAK,0
2005,2005-11-21,GB,MIN,0
2005,2005-11-21,MIN,GB,0
2005,2005-11-24,ATL,DET,0
2005,2005-11-24,DAL,DEN,1
2005,2005-11-24,DEN,DAL,1
2005,2005-11-24,DET,ATL,0
2005,2005-11-27,ARI,JAX,0
2005,2005-11-27,BAL,CIN,0
2005,2005-11-27,BUF,CAR,0
2005,2005-11-27,CAR,BUF,0
2005,2005-11-27,CHI,TB,0
2005,2005-11-27,CIN,BAL,0
2005,2005-11-27,CLE,MIN,0
2005,2005-11-27,GB,PHI,0
2005,2005-11-27,HOU,STL,1
2005,2005-11-27,JAX,ARI,0
2005,2005-11-27,KC,NE,0
2005,2005-11-27,MIA,OAK,0
2005,2005-11-27,MIN,CLE,0
2005,2005-11-27,NE,KC,0
2005,2005-11-27,NO,NYJ,0
2005,2005-11-27,NYG,SEA,1
2005,2005-11-27,NYJ,NO,0
2005,2005-11-27,OAK,MIA,0
2005,2005-11-27,PHI,GB,0
2005,2005-11-27,SD,WAS,1
2005,2005-11-27,SEA,NYG,1
2005,2005-11-27,SF,TEN,0
2005,2005-11-27,STL,HOU,1
2005,2005-11-27,TB,CHI,0
2005,2005-11-27,TEN,SF,0
2005,2005-11-27,WAS,SD,1
2005,2005-11-28,IND,PIT,0
2005,2005-11-28,PIT,IND,0
2005,2005-12-04,ARI,SF,0
2005,2005-12-04,ATL,CAR,0
2005,2005-12-04,BAL,HOU,0
2005,2005-12-04,BUF,MIA,0
2005,2005-12-04,CAR,ATL,0
2005,2005-12-04,CHI,GB,0
2005,2005-12-04,CIN,PIT,0
2005,2005-12-04,CLE,JAX,0
2005,2005-12-04,DAL,NYG,0
2005,2005-12-04,DEN,KC,0
2005,2005-12-04,DET,MIN,0
2005,2005-12-04,GB,CHI,0
2005,2005-12-04,HOU,BAL,0
2005,2005-12-04,IND,TEN,0
2005,2005-12-04,JAX,CLE,0
2005,2005-12-04,KC,DEN,0
2005,2005-12-04,MIA,BUF,0
2005,2005-12-04,MIN,DET,0
2005,2005-12-04,NE,NYJ,0
2005,2005-12-04,NO,TB,0
2005,2005-12-04,NYG,DAL,0
2005,2005-12-04,NYJ,NE,0
2005,2005-12-04,OAK,SD,0
2005,2005-12-04,PIT,CIN,0
2005,2005-12-04,SD,OAK,0
2005,2005-12-04,SF,ARI,0
2005,2005-12-04,STL,WAS,0
2005,2005-12-04,TB,NO,0
2005,2005-12-04,TEN,IND,0
2005,2005-12-04,WAS,STL,0
2005,2005-12-05,PHI,SEA,0
2005,2005-12-05,SEA,PHI,0
2005,2005-12-11,ARI,WAS,0
2005,2005-12-11,BAL,DEN,0
2005,2005-12-11,BUF,NE,0
2005,2005-12-11,CAR,TB,0
2005,2005-12-11,CHI,PIT,0
2005,2005-12-11,CIN,CLE,0
2005,2005-12-11,CLE,CIN,0
2005,2005-12-11,DAL,KC,0
2005,2005-12-11,DEN,BAL,0
2005,2005-12-11,DET,GB,1
2005,2005-12-11,GB,DET,1
2005,2005-12-11,HOU,TEN,0
2005,2005-12-11,IND,JAX,0
2005,2005-12-11,JAX,IND,0
2005,2005-12-11,KC,DAL,0
2005,2005-12-11,MIA,SD,0
2005,2005-12-11,MIN,STL,0
2005,2005-12-11,NE,BUF,0
2005,2005-12-11,NYG,PHI,1
2005,2005-12-11,NYJ,OAK,0
2005,2005-12-11,OAK,NYJ,0
2005,2005-12-11,PHI,NYG,1
2005,2005-12-11,PIT,CHI,0
2005,2005-12-11,SD,MIA,0
2005,2005-12-11,SEA,SF,0
2005,2005-12-11,SF,SEA,0
2005,2005-12-11,STL,MIN,0
2005,2005-12-11,TB,CAR,0
2005,2005-12-11,TEN,HOU,0
2005,2005-12-11,WAS,ARI,0
2005,2005-12-12,ATL,NO,0
2005,2005-12-12,NO,ATL,0
2005,2005-12-17,BUF,DEN,0
2005,2005-12-17,DEN,BUF,0
2005,2005-12-17,KC,NYG,0
2005,2005-12-17,NE,TB,0
2005,2005-12-17,NYG,KC,0
2005,2005-12-17,TB,NE,0
2005,2005-12-18,ARI,HOU,0
2005,2005-12-18,ATL,CHI,0
2005,2005-12-18,CAR,NO,0
2005,2005-12-18,CHI,ATL,0
2005,2005-12-18,CIN,DET,0
2005,2005-12-18,CLE,OAK,0
2005,2005-12-18,DAL,WAS,0
2005,2005-12-18,DET,CIN,0
2005,2005-12-18,HOU,ARI,0
2005,2005-12-18,IND,SD,0
2005,2005-12-18,JAX,SF,0
2005,2005-12-18,MIA,NYJ,0
2005,2005-12-18,MIN,PIT,0
2005,2005-12-18,NO,CAR,0
2005,2005-12-18,NYJ,MIA,0
2005,2005-12-18,OAK,CLE,0
2005,2005-12-18,PHI,STL,0
2005,2005-12-18,PIT,MIN,0
2005,2005-12-18,SD,IND,0
2005,2005-12-18,SEA,TEN,0
2005,2005-12-18,SF,JAX,0
2005,2005-12-18,STL,PHI,0
2005,2005-12-18,TEN,SEA,0
2005,2005-12-18,WAS,DAL,0
2005,2005-12-19,BAL,GB,0
2005,2005-12-19,GB,BAL,0
2005,2005-12-24,ARI,PHI,0
2005,2005-12-24,ATL,TB,1
2005,2005-12-24,BUF,CIN,0
2005,2005-12-24,CAR,DAL,0
2005,2005-12-24,CIN,BUF,0
2005,2005-12-24,CLE,PIT,0
2005,2005-12-24,DAL,CAR,0
2005,2005-12-24,DEN,OAK,0
2005,2005-12-24,DET,NO,0
2005,2005-12-24,HOU,JAX,0
2005,2005-12-24,IND,SEA,0
2005,2005-12-24,JAX,HOU,0
2005,2005-12-24,KC,SD,0
2005,2005-12-24,MIA,TEN,0
2005,2005-12-24,NO,DET,0
2005,2005-12-24,NYG,WAS,0
2005,2005-12-24,OAK,DEN,0
2005,2005-12-24,PHI,ARI,0
2005,2005-12-24,PIT,CLE,0
2005,2005-12-24,SD,KC,0
2005,2005-12-24,SEA,IND,0
2005,2005-12-24,SF,STL,0
2005,2005-12-24,STL,SF,0
2005,2005-12-24,TB,ATL,1
2005,2005-12-24,TEN,MIA,0
2005,2005-12-24,WAS,NYG,0
2005,2005-12-25,BAL,MIN,0
2005,2005-12-25,CHI,GB,0
2005,2005-12-25,GB,CHI,0
2005,2005-12-25,MIN,BAL,0
2005,2005-12-26,NE,NYJ,0
2005,2005-12-26,NYJ,NE,0
2005,2005-12-31,DEN,SD,0
2005,2005-12-31,NYG,OAK,0
2005,2005-12-31,OAK,NYG,0
2005,2005-12-31,SD,DEN,0
2005,2006-01-01,ARI,IND,0
2005,2006-01-01,ATL,CAR,0
2005,2006-01-01,BAL,CLE,0
2005,2006-01-01,BUF,NYJ,0
2005,2006-01-01,CAR,ATL,0
2005,2006-01-01,CHI,MIN,0
2005,2006-01-01,CIN,KC,0
2005,2006-01-01,CLE,BAL,0
2005,2006-01-01,DAL,STL,0
2005,2006-01-01,DET,PIT,0
2005,2006-01-01,GB,SEA,0
2005,2006-01-01,HOU,SF,1
2005,2006-01-01,IND,ARI,0
2005,2006-01-01,JAX,TEN,0
2005,2006-01-01,KC,CIN,0
2005,2006-01-01,MIA,NE,0
2005,2006-01-01,MIN,CHI,0
2005,2006-01-01,NE,MIA,0
2005,2006-01-01,NO,TB,0
2005,2006-01-01,NYJ,BUF,0
2005,2006-01-01,PHI,WAS,0
2005,2006-01-01,PIT,DET,0
2005,2006-01-01,SEA,GB,0
2005,2006-01-01,SF,HOU,1
2005,2006-01-01,STL,DAL,0
2005,2006-01-01,TB,NO,0
2005,2006-01-01,TEN,JAX,0
2005,2006-01-01,WAS,PHI,0
2005,2006-01-07,JAX,NE,0
2005,2006-01-07,NE,JAX,0
2005,2006-01-07,TB,WAS,0
2005,2006-01-07,WAS,TB,0
2005,2006-01-08,CAR,NYG,0
2005,2006-01-08,CIN,PIT,0
2005,2006-01-08,NYG,CAR,0
2005,2006-01-08,PIT,CIN,0
2005,2006-01-14,DEN,NE,0
2005,2006-01-14,NE,DEN,0
2005,2006-01-14,SEA,WAS,0
2005,2006-01-14,WAS,SEA,0
2005,2006-01-15,CAR,CHI,0
2005,2006-01-15,CHI,CAR,0
2005,2006-01-15,IND,PIT,0
2005,2006-01-15,PIT,IND,0
2005,2006-01-22,CAR,SEA,0
2005,2006-01-22,DEN,PIT,0
2005,2006-01-22,PIT,DEN,0
2005,2006-01-22,SEA,CAR,0
2005,2006-02-05,PIT,SEA,0
2005,2006-02-05,SEA,PIT,0
2006,2006-09-07,MIA,PIT,0
2006,2006-09-07,PIT,MIA,0
2006,2006-09-10,ARI,SF,0
2006,2006-09-10,ATL,CAR,0
2006,2006-09-10,BAL,TB,0
2006,2006-09-10,BUF,NE,0
2006,2006-09-10,CAR,ATL,0
2006,2006-09-10,CHI,GB,0
2006,2006-09-10,CIN,KC,0
2006,2006-09-10,CLE,NO,0
2006,2006-09-10,DAL,JAX,0
2006,2006-09-10,DEN,STL,0
2006,2006-09-10,DET,SEA,0
2006,2006-09-10,GB,CHI,0
2006,2006-09-10,HOU,PHI,0
2006,2006-09-10,IND,NYG,0
2006,2006-09-10,JAX,DAL,0
2006,2006-09-10,KC,CIN,0
2006,2006-09-10,NE,BUF,0
2006,2006-09-10,NO,CLE,0
2006,2006-09-10,NYG,IND,0
2006,2006-09-10,NYJ,TEN,0
2006,2006-09-10,PHI,HOU,0
2006,2006-09-10,SEA,DET,0
2006,2006-09-10,SF,ARI,0
2006,2006-09-10,STL,DEN,0
2006,2006-09-10,TB,BAL,0
2006,2006-09-10,TEN,NYJ,0
2006,2006-09-11,MIN,WAS,0
2006,2006-09-11,OAK,SD,0
2006,2006-09-11,SD,OAK,0
2006,2006-09-11,WAS,MIN,0
2006,2006-09-17,ARI,SEA,0
2006,2006-09-17,ATL,TB,0
2006,2006-09-17,BAL,OAK,0
2006,2006-09-17,BUF,MIA,0
2006,2006-09-17,CAR,MIN,1
2006,2006-09-17,CHI,DET,0
2006,2006-09-17,CIN,CLE,0
2006,2006-09-17,CLE,CIN,0
2006,2006-09-17,DAL,WAS,0
2006,2006-09-17,DEN,KC,1
2006,2006-09-17,DET,CHI,0
2006,2006-09-17,GB,NO,0
2006,2006-09-17,HOU,IND,0
2006,2006-09-17,IND,HOU,0
2006,2006-09-17,KC,DEN,1
2006,2006-09-17,MIA,BUF,0
2006,2006-09-17,MIN,CAR,1
2006,2006-09-17,NE,NYJ,0
2006,2006-09-17,NO,GB,0
2006,2006-09-17,NYG,PHI,1
2006,2006-09-17,NYJ,NE,0
2006,2006-09-17,OAK,BAL,0
2006,2006-09-17,PHI,NYG,1
2006,2006-09-17,SD,TEN,0
2006,2006-09-17,SEA,ARI,0
2006,2006-09-17,SF,STL,0
2006,2006-09-17,STL,SF,0
2006,2006-09-17,TB,ATL,0
2006,2006-09-17,TEN,SD,0
2006,2006-09-17,WAS,DAL,0
2006,2006-09-18,JAX,PIT,0
2006,2006-09-18,PIT,JAX,0
2006,2006-09-24,ARI,STL,0
2006,2006-09-24,BAL,CLE,0
2006,2006-09-24,BUF,NYJ,0
2006,2006-09-24,CAR,TB,0
2006,2006-09-24,CHI,MIN,0
2006,2006-09-24,CIN,PIT,0
2006,2006-09-24,CLE,BAL,0
2006,2006-09-24,DEN,NE,0
2006,2006-09-24,DET,GB,0
2006,2006-09-24,GB,DET,0
2006,2006-09-24,HOU,WAS,0
2006,2006-09-24,IND,JAX,0
2006,2006-09-24,JAX,IND,0
2006,2006-09-24,MIA,TEN,0
2006,2006-09-24,MIN,CHI,0
2006,2006-09-24,NE,DEN,0
2006,2006-09-24,NYG,SEA,0
2006,2006-09-24,NYJ,BUF,0
2006,2006-09-24,PHI,SF,0
2006,2006-09-24,PIT,CIN,0
2006,2006-09-24,SEA,NYG,0
2006,2006-09-24,SF,PHI,0
2006,2006-09-24,STL,ARI,0
2006,2006-09-24,TB,CAR,0
2006,2006-09-24,TEN,MIA,0
2006,2006-09-24,WAS,HOU,0
2006,2006-09-25,ATL,NO,0
2006,2006-09-25,NO,ATL,0
2006,2006-10-01,ARI,ATL,0
2006,2006-10-01,ATL,ARI,0
2006,2006-10-01,BAL,SD,0
2006,2006-10-01,BUF,MIN,0
2006,2006-10-01,CAR,NO,0
2006,2006-10-01,CHI,SEA,0
2006,2006-10-01,CIN,NE,0
2006,2006-10-01,CLE,OAK,0
2006,2006-10-01,DAL,TEN,0
2006,2006-10-01,DET,STL,0
2006,2006-10-01,HOU,MIA,0
2006,2006-10-01,IND,NYJ,0
2006,2006-10-01,JAX,WAS,1
2006,2006-10-01,KC,SF,0
2006,2006-10-01,MIA,HOU,0
2006,2006-10-01,MIN,BUF,0
2006,2006-10-01,NE,CIN,0
2006,2006-10-01,NO,CAR,0
2006,2006-10-01,NYJ,IND,0
2006,2006-10-01,OAK,CLE,0
2006,2006-10-01,SD,BAL,0
2006,2006-10-01,SEA,CHI,0
2006,2006-10-01,SF,KC,0
2006,2006-10-01,STL,DET,0
2006,2006-10-01,TEN,DAL,0
2006,2006-10-01,WAS,JAX,1
2006,2006-10-02,GB,PHI,0
2006,2006-10-02,PHI,GB,0
2006,2006-10-08,ARI,KC,0
2006,2006-10-08,BUF,CHI,0
2006,2006-10-08,CAR,CLE,0
2006,2006-10-08,CHI,BUF,0
2006,2006-10-08,CLE,CAR,0
2006,2006-10-08,DAL,PHI,0
2006,2006-10-08,DET,MIN,0
2006,2006-10-08,GB,STL,0
2006,2006-10-08,IND,TEN,0
2006,2006-10-08,JAX,NYJ,0
2006,2006-10-08,KC,ARI,0
2006,2006-10-08,MIA,NE,0
2006,2006-10-08,MIN,DET,0
2006,2006-10-08,NE,MIA,0
2006,2006-10-08,NO,TB,0
2006,2006-10-08,NYG,WAS,0
2006,2006-10-08,NYJ,JAX,0
2006,2006-10-08,OAK,SF,0
2006,2006-10-08,PHI,DAL,0
2006,2006-10-08,PIT,SD,0
2006,2006-10-08,SD,PIT,0
2006,2006-10-08,SF,OAK,0
2006,2006-10-08,STL,GB,0
2006,2006-10-08,TB,NO,0
2006,2006-10-08,TEN,IND,0
2006,2006-10-08,WAS,NYG,0
2006,2006-10-09,BAL,DEN,0
2006,2006-10-09,DEN,BAL,0
2006,2006-10-15,ATL,NYG,0
2006,2006-10-15,BAL,CAR,0
2006,2006-10-15,BUF,DET,0
2006,2006-10-15,CAR,BAL,0
2006,2006-10-15,CIN,TB,0
2006,2006-10-15,DAL,HOU,0
2006,2006-10-15,DEN,OAK,0
2006,2006-10-15,DET,BUF,0
2006,2006-10-15,HOU,DAL,0
2006,2006-10-15,KC,PIT,0
2006,2006-10-15,MIA,NYJ,0
2006,2006-10-15,NO,PHI,0
2006,2006-10-15,NYG,ATL,0
2006,2006-10-15,NYJ,MIA,0
2006,2006-10-15,OAK,DEN,0
2006,2006-10-15,PHI,NO,0
2006,2006-10-15,PIT,KC,0
2006,2006-10-15,SD,SF,0
2006,2006-10-15,SEA,STL,0
2006,2006-10-15,SF,SD,0
2006,2006-10-15,STL,SEA,0
2006,2006-10-15,TB,CIN,0
2006,2006-10-15,TEN,WAS,0
2006,2006-10-15,WAS,TEN,0
2006,2006-10-16,ARI,CHI,0
2006,2006-10-16,CHI,ARI,0
2006,2006-10-22,ARI,OAK,0
2006,2006-10-22,ATL,PIT,1
2006,2006-10-22,BUF,NE,0
2006,2006-10-22,CAR,CIN,0
2006,2006-10-22,CIN,CAR,0
2006,2006-10-22,CLE,DEN,0
2006,2006-10-22,DEN,CLE,0
2006,2006-10-22,DET,NYJ,0
2006,2006-10-22,GB,MIA,0
2006,2006-10-22,HOU,JAX,0
2006,2006-10-22,IND,WAS,0
2006,2006-10-22,JAX,HOU,0
2006,2006-10-22,KC,SD,0
2006,2006-10-22,MIA,GB,0
2006,2006-10-22,MIN,SEA,0
2006,2006-10-22,NE,BUF,0
2006,2006-10-22,NYJ,DET,0
2006,2006-10-22,OAK,ARI,0
2006,2006-10-22,PHI,TB,0
2006,2006-10-22,PIT,ATL,1
2006,2006-10-22,SD,KC,0
2006,2006-10-22,SEA,MIN,0
2006,2006-10-22,TB,PHI,0
2006,2006-10-22,WAS,IND,0
2006,2006-10-23,DAL,NYG,0
2006,2006-10-23,NYG,DAL,0
2006,2006-10-29,ARI,GB,0
2006,2006-10-29,ATL,CIN,0
2006,2006-10-29,BAL,NO,0
2006,2006-10-29,CAR,DAL,0
2006,2006-10-29,CHI,SF,0
2006,2006-10-29,CIN,ATL,0
2006,2006-10-29,CLE,NYJ,0
2006,2006-10-29,DAL,CAR,0
2006,2006-10-29,DEN,IND,0
2006,2006-10-29,GB,ARI,0
2006,2006-10-29,HOU,TEN,0
2006,2006-10-29,IND,DEN,0
2006,2006-10-29,JAX,PHI,0
2006,2006-10-29,KC,SEA,0
2006,2006-10-29,NO,BAL,0
2006,2006-10-29,NYG,TB,0
2006,2006-10-29,NYJ,CLE,0
2006,2006-10-29,OAK,PIT,0
2006,2006-10-29,PHI,JAX,0
2006,2006-10-29,PIT,OAK,0
2006,2006-10-29,SD,STL,0
2006,2006-10-29,SEA,KC,0
2006,2006-10-29,SF,CHI,0
2006,2006-10-29,STL,SD,0
2006,2006-10-29,TB,NYG,0
2006,2006-10-29,TEN,HOU,0
2006,2006-10-30,MIN,NE,0
2006,2006-10-30,NE,MIN,0
2006,2006-11-05,ATL,DET,0
2006,2006-11-05,BAL,CIN,0
2006,2006-11-05,BUF,GB,0
2006,2006-11-05,CHI,MIA,0
2006,2006-11-05,CIN,BAL,0
2006,2006-11-05,CLE,SD,0
2006,2006-11-05,DAL,WAS,0
2006,2006-11-05,DEN,PIT,0
2006,2006-11-05,DET,ATL,0
2006,2006-11-05,GB,BUF,0
2006,2006-11-05,HOU,NYG,0
2006,2006-11-05,IND,NE,0
2006,2006-11-05,JAX,TEN,0
2006,2006-11-05,KC,STL,0
2006,2006-11-05,MIA,CHI,0
2006,2006-11-05,MIN,SF,0
2006,2006-11-05,NE,IND,0
2006,2006-11-05,NO,TB,0
2006,2006-11-05,NYG,HOU,0
2006,2006-11-05,PIT,DEN,0
2006,2006-11-05,SD,CLE,0
2006,2006-11-05,SF,MIN,0
2006,2006-11-05,STL,KC,0
2006,2006-11-05,TB,NO,0
2006,2006-11-05,TEN,JAX,0
2006,2006-11-05,WAS,DAL,0
2006,2006-11-06,OAK,SEA,0
2006,2006-11-06,SEA,OAK,0
2006,2006-11-12,ARI,DAL,0
2006,2006-11-12,ATL,CLE,0
2006,2006-11-12,BAL,TEN,0
2006,2006-11-12,BUF,IND,0
2006,2006-11-12,CHI,NYG,0
2006,2006-11-12,CIN,SD,0
2006,2006-11-12,CLE,ATL,0
2006,2006-11-12,DAL,ARI,0
2006,2006-11-12,DEN,OAK,0
2006,2006-11-12,DET,SF,0
2006,2006-11-12,GB,MIN,0
2006,2006-11-12,HOU,JAX,0
2006,2006-11-12,IND,BUF,0
2006,2006-11-12,JAX,HOU,0
2006,2006-11-12,KC,MIA,0
2006,2006-11-12,MIA,KC,0
2006,2006-11-12,MIN,GB,0
2006,2006-11-12,NE,NYJ,0
2006,2006-11-12,NO,PIT,0
2006,2006-11-12,NYG,CHI,0
2006,2006-11-12,NYJ,NE,0
2006,2006-11-12,OAK,DEN,0
2006,2006-11-12,PHI,WAS,0
2006,2006-11-12,PIT,NO,0
2006,2006-11-12,SD,CIN,0
2006,2006-11-12,SEA,STL,0
2006,2006-11-12,SF,DET,0
2006,2006-11-12,STL,SEA,0
2006,2006-11-12,TEN,BAL,0
2006,2006-11-12,WAS,PHI,0
2006,2006-11-13,CAR,TB,0
2006,2006-11-13,TB,CAR,0
2006,2006-11-19,ARI,DET,0
2006,2006-11-19,ATL,BAL,0
2006,2006-11-19,BAL,ATL,0
2006,2006-11-19,BUF,HOU,0
2006,2006-11-19,CAR,STL,0
2006,2006-11-19,CHI,NYJ,0
2006,2006-11-19,CIN,NO,0
2006,2006-11-19,CLE,PIT,0
2006,2006-11-19,DAL,IND,0
2006,2006-11-19,DEN,SD,0
2006,2006-11-19,DET,ARI,0
2006,2006-11-19,GB,NE,0
2006,2006-11-19,HOU,BUF,0
2006,2006-11-19,IND,DAL,0
2006,2006-11-19,KC,OAK,0
2006,2006-11-19,MIA,MIN,0
2006,2006-11-19,MIN,MIA,0
2006,2006-11-19,NE,GB,0
2006,2006-11-19,NO,CIN,0
2006,2006-11-19,NYJ,CHI,0
2006,2006-11-19,OAK,KC,0
2006,2006-11-19,PHI,TEN,0
2006,2006-11-19,PIT,CLE,0
2006,2006-11-19,SD,DEN,0
2006,2006-11-19,SEA,SF,0
2006,2006-11-19,SF,SEA,0
2006,2006-11-19,STL,CAR,0
2006,2006-11-19,TB,WAS,0
2006,2006-11-19,TEN,PHI,0
2006,2006-11-19,WAS,TB,0
2006,2006-11-20,JAX,NYG,0
2006,2006-11-20,NYG,JAX,0
2006,2006-11-23,DAL,TB,0
2006,2006-11-23,DEN,KC,0
2006,2006-11-23,DET,MIA,0
2006,2006-11-23,KC,DEN,0
2006,2006-11-23,MIA,DET,0
2006,2006-11-23,TB,DAL,0
2006,2006-11-26,ARI,MIN,0
2006,2006-11-26,ATL,NO,0
2006,2006-11-26,BAL,PIT,0
2006,2006-11-26,BUF,JAX,0
2006,2006-11-26,CAR,WAS,0
2006,2006-11-26,CHI,NE,0
2006,2006-11-26,CIN,CLE,0
2006,2006-11-26,CLE,CIN,0
2006,2006-11-26,HOU,NYJ,0
2006,2006-11-26,IND,PHI,0
2006,2006-11-26,JAX,BUF,0
2006,2006-11-26,MIN,ARI,0
2006,2006-11-26,NE,CHI,0
2006,2006-11-26,NO,ATL,0
2006,2006-11-26,NYG,TEN,0
2006,2006-11-26,NYJ,HOU,0
2006,2006-11-26,OAK,SD,0
2006,2006-11-26,PHI,IND,0
2006,2006-11-26,PIT,BAL,0
2006,2006-11-26,SD,OAK,0
2006,2006-11-26,SF,STL,0
2006,2006-11-26,STL,SF,0
2006,2006-11-26,TEN,NYG,0
2006,2006-11-26,WAS,CAR,0
2006,2006-11-27,GB,SEA,0
2006,2006-11-27,SEA,GB,0
2006,2006-11-30,BAL,CIN,0
2006,2006-11-30,CIN,BAL,0
2006,2006-12-03,ARI,STL,0
2006,2006-12-03,ATL,WAS,0
2006,2006-12-03,BUF,SD,0
2006,2006-12-03,CHI,MIN,0
2006,2006-12-03,CLE,KC,1
2006,2006-12-03,DAL,NYG,0
2006,2006-12-03,DEN,SEA,0
2006,2006-12-03,DET,NE,0
2006,2006-12-03,GB,NYJ,0
2006,2006-12-03,HOU,OAK,0
2006,2006-12-03,IND,TEN,0
2006,2006-12-03,JAX,MIA,0
2006,2006-12-03,KC,CLE,1
2006,2006-12-03,MIA,JAX,0
2006,2006-12-03,MIN,CHI,0
2006,2006-12-03,NE,DET,0
2006,2006-12-03,NO,SF,0
2006,2006-12-03,NYG,DAL,0
2006,2006-12-03,NYJ,GB,0
2006,2006-12-03,OAK,HOU,0
2006,2006-12-03,PIT,TB,0
2006,2006-12-03,SD,BUF,0
2006,2006-12-03,SEA,DEN,0
2006,2006-12-03,SF,NO,0
2006,2006-12-03,STL,ARI,0
2006,2006-12-03,TB,PIT,0
2006,2006-12-03,TEN,IND,0
2006,2006-12-03,WAS,ATL,0
2006,2006-12-04,CAR,PHI,0
2006,2006-12-04,PHI,CAR,0
2006,2006-12-07,CLE,PIT,0
2006,2006-12-07,PIT,CLE,0
2006,2006-12-10,ARI,SEA,0
2006,2006-12-10,ATL,TB,0
2006,2006-12-10,BAL,KC,0
2006,2006-12-10,BUF,NYJ,0
2006,2006-12-10,CAR,NYG,0
2006,2006-12-10,CIN,OAK,0
2006,2006-12-10,DAL,NO,0
2006,2006-12-10,DEN,SD,0
2006,2006-12-10,DET,MIN,0
2006,2006-12-10,GB,SF,0
2006,2006-12-10,HOU,TEN,1
2006,2006-12-10,IND,JAX,0
2006,2006-12-10,JAX,IND,0
2006,2006-12-10,KC,BAL,0
2006,2006-12-10,MIA,NE,0
2006,2006-12-10,MIN,DET,0
2006,2006-12-10,NE,MIA,0
2006,2006-12-10,NO,DAL,0
2006,2006-12-10,NYG,CAR,0
2006,2006-12-10,NYJ,BUF,0
2006,2006-12-10,OAK,CIN,0
2006,2006-12-10,PHI,WAS,0
2006,2006-12-10,SD,DEN,0
2006,2006-12-10,SEA,ARI,0
2006,2006-12-10,SF,GB,0
2006,2006-12-10,TB,ATL,0
2006,2006-12-10,TEN,HOU,1
2006,2006-12-10,WAS,PHI,0
2006,2006-12-11,CHI,STL,0
2006,2006-12-11,STL,CHI,0
2006,2006-12-14,SEA,SF,0
2006,2006-12-14,SF,SEA,0
2006,2006-12-16,ATL,DAL,0
2006,2006-12-16,DAL,ATL,0
2006,2006-12-17,ARI,DEN,0
2006,2006-12-17,BAL,CLE,0
2006,2006-12-17,BUF,MIA,0
2006,2006-12-17,CAR,PIT,0
2006,2006-12-17,CHI,TB,1
2006,2006-12-17,CLE,BAL,0
2006,2006-12-17,DEN,ARI,0
2006,2006-12-17,DET,GB,0
2006,2006-12-17,GB,DET,0
2006,2006-12-17,HOU,NE,0
2006,2006-12-17,JAX,TEN,0
2006,2006-12-17,KC,SD,0
2006,2006-12-17,MIA,BUF,0
2006,2006-12-17,MIN,NYJ,0
2006,2006-12-17,NE,HOU,0
2006,2006-12-17,NO,WAS,0
2006,2006-12-17,NYG,PHI,0
2006,2006-12-17,NYJ,MIN,0
2006,2006-12-17,OAK,STL,0
2006,2006-12-17,PHI,NYG,0
2006,2006-12-17,PIT,CAR,0
2006,2006-12-17,SD,KC,0
2006,2006-12-17,STL,OAK,0
2006,2006-12-17,TB,CHI,1
2006,2006-12-17,TEN,JAX,0
2006,2006-12-17,WAS,NO,0
2006,2006-12-18,CIN,IND,0
2006,2006-12-18,IND,CIN,0
2006,2006-12-21,GB,MIN,0
2006,2006-12-21,MIN,GB,0
2006,2006-12-23,KC,OAK,0
2006,2006-12-23,OAK,KC,0
2006,2006-12-24,ARI,SF,0
2006,2006-12-24,ATL,CAR,0
2006,2006-12-24,BAL,PIT,0
2006,2006-12-24,BUF,TEN,0
2006,2006-12-24,CAR,ATL,0
2006,2006-12-24,CHI,DET,0
2006,2006-12-24,CIN,DEN,0
2006,2006-12-24,CLE,TB,0
2006,2006-12-24,DEN,CIN,0
2006,2006-12-24,DET,CHI,0
2006,2006-12-24,HOU,IND,0
2006,2006-12-24,IND,HOU,0
2006,2006-12-24,JAX,NE,0
2006,2006-12-24,NE,JAX,0
2006,2006-12-24,NO,NYG,0
2006,2006-12-24,NYG,NO,0
2006,2006-12-24,PIT,BAL,0
2006,2006-12-24,SD,SEA,0
2006,2006-12-24,SEA,SD,0
2006,2006-12-24,SF,ARI,0
2006,2006-12-24,STL,WAS,1
2006,2006-12-24,TB,CLE,0
2006,2006-12-24,TEN,BUF,0
2006,2006-12-24,WAS,STL,1
2006,2006-12-25,DAL,PHI,0
2006,2006-12-25,MIA,NYJ,0
2006,2006-12-25,NYJ,MIA,0
2006,2006-12-25,PHI,DAL,0
2006,2006-12-30,NYG,WAS,0
2006,2006-12-30,WAS,NYG,0
2006,2006-12-31,ARI,SD,0
2006,2006-12-31,ATL,PHI,0
2006,2006-12-31,BAL,BUF,0
2006,2006-12-31,BUF,BAL,0
2006,2006-12-31,CAR,NO,0
2006,2006-12-31,CHI,GB,0
2006,2006-12-31,CIN,PIT,1
2006,2006-12-31,CLE,HOU,0
2006,2006-12-31,DAL,DET,0
2006,2006-12-31,DEN,SF,1
2006,2006-12-31,DET,DAL,0
2006,2006-12-31,GB,CHI,0
2006,2006-12-31,HOU,CLE,0
2006,2006-12-31,IND,MIA,0
2006,2006-12-31,JAX,KC,0
2006,2006-12-31,KC,JAX,0
2006,2006-12-31,MIA,IND,0
2006,2006-12-31,MIN,STL,0
2006,2006-12-31,NE,TEN,0
2006,2006-12-31,NO,CAR,0
2006,2006-12-31,NYJ,OAK,0
2006,2006-12-31,OAK,NYJ,0
2006,2006-12-31,PHI,ATL,0
2006,2006-12-31,PIT,CIN,1
2006,2006-12-31,SD,ARI,0
2006,2006-12-31,SEA,TB,0
2006,2006-12-31,SF,DEN,1
2006,2006-12-31,STL,MIN,0
2006,2006-12-31,TB,SEA,0
2006,2006-12-31,TEN,NE,0
2006,2007-01-06,DAL,SEA,0
2006,2007-01-06,IND,KC,0
2006,2007-01-06,KC,IND,0
2006,2007-01-06,SEA,DAL,0
2006,2007-01-07,NE,NYJ,0
2006,2007-01-07,NYG,PHI,0
2006,2007-01-07,NYJ,NE,0
2006,2007-01-07,PHI,NYG,0
2006,2007-01-13,BAL,IND,0
2006,2007-01-13,IND,BAL,0
2006,2007-01-13,NO,PHI,0
2006,2007-01-13,PHI,NO,0
2006,2007-01-14,CHI,SEA,1
2006,2007-01-14,NE,SD,0
2006,2007-01-14,SD,NE,0
2006,2007-01-14,SEA,CHI,1
2006,2007-01-21,CHI,NO,0
2006,2007-01-21,IND,NE,0
2006,2007-01-21,NE,IND,0
2006,2007-01-21,NO,CHI,0
2006,2007-02-04,CHI,IND,0
2006,2007-02-04,IND,CHI,0
2007,2007-09-06,IND,NO,0
2007,2007-09-06,NO,IND,0
2007,2007-09-09,ATL,MIN,0
2007,2007-09-09,BUF,DEN,0
2007,2007-09-09,CAR,STL,0
2007,2007-09-09,CHI,SD,0
2007,2007-09-09,CLE,PIT,0
2007,2007-09-09,DAL,NYG,0
2007,2007-09-09,DEN,BUF,0
2007,2007-09-09,DET,OAK,0
2007,2007-09-09,GB,PHI,0
2007,2007-09-09,HOU,KC,0
2007,2007-09-09,JAX,TEN,0
2007,2007-09-09,KC,HOU,0
2007,2007-09-09,MIA,WAS,1
2007,2007-09-09,MIN,ATL,0
2007,2007-09-09,NE,NYJ,0
2007,2007-09-09,NYG,DAL,0
2007,2007-09-09,NYJ,NE,0
2007,2007-09-09,OAK,DET,0
2007,2007-09-09,PHI,GB,0
2007,2007-09-09,PIT,CLE,0
2007,2007-09-09,SD,CHI,0
2007,2007-09-09,SEA,TB,0
2007,2007-09-09,STL,CAR,0
2007,2007-09-09,TB,SEA,0
2007,2007-09-09,TEN,JAX,0
2007,2007-09-09,WAS,MIA,1
2007,2007-09-10,ARI,SF,0
2007,2007-09-10,BAL,CIN,0
2007,2007-09-10,CIN,BAL,0
2007,2007-09-10,SF,ARI,0
2007,2007-09-16,ARI,SEA,0
2007,2007-09-16,ATL,JAX,0
2007,2007-09-16,BAL,NYJ,0
2007,2007-09-16,BUF,PIT,0
2007,2007-09-16,CAR,HOU,0
2007,2007-09-16,CHI,KC,0
2007,2007-09-16,CIN,CLE,0
2007,2007-09-16,CLE,CIN,0
2007,2007-09-16,DAL,MIA,0
2007,2007-09-16,DEN,OAK,1
2007,2007-09-16,DET,MIN,1
2007,2007-09-16,GB,NYG,0
2007,2007-09-16,HOU,CAR,0
2007,2007-09-16,IND,TEN,0
2007,2007-09-16,JAX,ATL,0
2007,2007-09-16,KC,CHI,0
2007,2007-09-16,MIA,DAL,0
2007,2007-09-16,MIN,DET,1
2007,2007-09-16,NE,SD,0
2007,2007-09-16,NO,TB,0
2007,2007-09-16,NYG,GB,0
2007,2007-09-16,NYJ,BAL,0
2007,2007-09-16,OAK,DEN,1
2007,2007-09-16,PIT,BUF,0
2007,2007-09-16,SD,NE,0
2007,2007-09-16,SEA,ARI,0
2007,2007-09-16,SF,STL,0
2007,2007-09-16,STL,SF,0
2007,2007-09-16,TB,NO,0
2007,2007-09-16,TEN,IND,0
2007,2007-09-17,PHI,WAS,0
2007,2007-09-17,WAS,PHI,0
2007,2007-09-23,ARI,BAL,0
2007,2007-09-23,ATL,CAR,0
2007,2007-09-23,BAL,ARI,0
2007,2007-09-23,BUF,NE,0
2007,2007-09-23,CAR,ATL,0
2007,2007-09-23,CHI,DAL,0
2007,2007-09-23,CIN,SEA,0
2007,2007-09-23,CLE,OAK,0
2007,2007-09-23,DAL,CHI,0
2007,2007-09-23,DEN,JAX,0
2007,2007-09-23,DET,PHI,0
2007,2007-09-23,GB,SD,0
2007,2007-09-23,HOU,IND,0
2007,2007-09-23,IND,HOU,0
2007,2007-09-23,JAX,DEN,0
2007,2007-09-23,KC,MIN,0
2007,2007-09-23,MIA,NYJ,0
2007,2007-09-23,MIN,KC,0
2007,2007-09-23,NE,BUF,0
2007,2007-09-23,NYG,WAS,0
2007,2007-09-23,NYJ,MIA,0
2007,2007-09-23,OAK,CLE,0
2007,2007-09-23,PHI,DET,0
2007,2007-09-23,PIT,SF,0
2007,2007-09-23,SD,GB,0
2007,2007-09-23,SEA,CIN,0
2007,2007-09-23,SF,PIT,0
2007,2007-09-23,STL,TB,0
2007,2007-09-23,TB,STL,0
2007,2007-09-23,WAS,NYG,0
2007,2007-09-24,NO,TEN,0
2007,2007-09-24,TEN,NO,0
2007,2007-09-30,ARI,PIT,0
2007,2007-09-30,ATL,HOU,0
2007,2007-09-30,BAL,CLE,0
2007,2007-09-30,BUF,NYJ,0
2007,2007-09-30,CAR,TB,0
2007,2007-09-30,CHI,DET,0
2007,2007-09-30,CLE,BAL,0
2007,2007-09-30,DAL,STL,0
2007,2007-09-30,DEN,IND,0
2007,2007-09-30,DET,CHI,0
2007,2007-09-30,GB,MIN,0
2007,2007-09-30,HOU,ATL,0
2007,2007-09-30,IND,DEN,0
2007,2007-09-30,KC,SD,0
2007,2007-09-30,MIA,OAK,0
2007,2007-09-30,MIN,GB,0
2007,2007-09-30,NYG,PHI,0
2007,2007-09-30,NYJ,BUF,0
2007,2007-09-30,OAK,MIA,0
2007,2007-09-30,PHI,NYG,0
2007,2007-09-30,PIT,ARI,0
2007,2007-09-30,SD,KC,0
2007,2007-09-30,SEA,SF,0
2007,2007-09-30,SF,SEA,0
2007,2007-09-30,STL,DAL,0
2007,2007-09-30,TB,CAR,0
2007,2007-10-01,CIN,NE,0
2007,2007-10-01,NE,CIN,0
2007,2007-10-07,ARI,STL,0
2007,2007-10-07,ATL,TEN,0
2007,2007-10-07,BAL,SF,0
2007,2007-10-07,CAR,NO,0
2007,2007-10-07,CHI,GB,0
2007,2007-10-07,CLE,NE,0
2007,2007-10-07,DEN,SD,0
2007,2007-10-07,DET,WAS,0
2007,2007-10-07,GB,CHI,0
2007,2007-10-07,HOU,MIA,0
2007,2007-10-07,IND,TB,0
2007,2007-10-07,JAX,KC,0
2007,2007-10-07,KC,JAX,0
2007,2007-10-07,MIA,HOU,0
2007,2007-10-07,NE,CLE,0
2007,2007-10-07,NO,CAR,0
2007,2007-10-07,NYG,NYJ,0
2007,2007-10-07,NYJ,NYG,0
2007,2007-10-07,PIT,SEA,0
2007,2007-10-07,SD,DEN,0
2007,2007-10-07,SEA,PIT,0
2007,2007-10-07,SF,BAL,0
2007,2007-10-07,STL,ARI,0
2007,2007-10-07,TB,IND,0
2007,2007-10-07,TEN,ATL,0
2007,2007-10-07,WAS,DET,0
2007,2007-10-08,BUF,DAL,0
2007,2007-10-08,DAL,BUF,0
2007,2007-10-14,ARI,CAR,0
2007,2007-10-14,BAL,STL,0
2007,2007-10-14,CAR,ARI,0
2007,2007-10-14,CHI,MIN,0
2007,2007-10-14,CIN,KC,0
2007,2007-10-14,CLE,MIA,0
2007,2007-10-14,DAL,NE,0
2007,2007-10-14,GB,WAS,0
2007,2007-10-14,HOU,JAX,0
2007,2007-10-14,JAX,HOU,0
2007,2007-10-14,KC,CIN,0
2007,2007-10-14,MIA,CLE,0
2007,2007-10-14,MIN,CHI,0
2007,2007-10-14,NE,DAL,0
2007,2007-10-14,NO,SEA,0
2007,2007-10-14,NYJ,PHI,0
2007,2007-10-14,OAK,SD,0
2007,2007-10-14,PHI,NYJ,0
2007,2007-10-14,SD,OAK,0
2007,2007-10-14,SEA,NO,0
2007,2007-10-14,STL,BAL,0
2007,2007-10-14,TB,TEN,0
2007,2007-10-14,TEN,TB,0
2007,2007-10-14,WAS,GB,0
2007,2007-10-15,ATL,NYG,0
2007,2007-10-15,NYG,ATL,0
2007,2007-10-21,ARI,WAS,0
2007,2007-10-21,ATL,NO,0
2007,2007-10-21,BAL,BUF,0
2007,2007-10-21,BUF,BAL,0
2007,2007-10-21,CHI,PHI,0
2007,2007-10-21,CIN,NYJ,0
2007,2007-10-21,DAL,MIN,0
2007,2007-10-21,DEN,PIT,0
2007,2007-10-21,DET,TB,0
2007,2007-10-21,HOU,TEN,0
2007,2007-10-21,KC,OAK,0
2007,2007-10-21,MIA,NE,0
2007,2007-10-21,MIN,DAL,0
2007,2007-10-21,NE,MIA,0
2007,2007-10-21,NO,ATL,0
2007,2007-10-21,NYG,SF,0
2007,2007-10-21,NYJ,CIN,0
2007,2007-10-21,OAK,KC,0
2007,2007-10-21,PHI,CHI,0
2007,2007-10-21,PIT,DEN,0
2007,2007-10-21,SEA,STL,0
2007,2007-10-21,SF,NYG,0
2007,2007-10-21,STL,SEA,0
2007,2007-10-21,TB,DET,0
2007,2007-10-21,TEN,HOU,0
2007,2007-10-21,WAS,ARI,0
2007,2007-10-22,IND,JAX,0
2007,2007-10-22,JAX,IND,0
2007,2007-10-28,BUF,NYJ,0
2007,2007-10-28,CAR,IND,0
2007,2007-10-28,CHI,DET,0
2007,2007-10-28,CIN,PIT,0
2007,2007-10-28,CLE,STL,0
2007,2007-10-28,DET,CHI,0
2007,2007-10-28,HOU,SD,0
2007,2007-10-28,IND,CAR,0
2007,2007-10-28,JAX,TB,0
2007,2007-10-28,MIA,NYG,0
2007,2007-10-28,MIN,PHI,0
2007,2007-10-28,NE,WAS,0
2007,2007-10-28,NO,SF,0
2007,2007-10-28,NYG,MIA,0
2007,2007-10-28,NYJ,BUF,0
2007,2007-10-28,OAK,TEN,0
2007,2007-10-28,PHI,MIN,0
2007,2007-10-28,PIT,CIN,0
2007,2007-10-28,SD,HOU,0
2007,2007-10-28,SF,NO,0
2007,2007-10-28,STL,CLE,0
2007,2007-10-28,TB,JAX,0
2007,2007-10-28,TEN,OAK,0
2007,2007-10-28,WAS,NE,0
2007,2007-10-29,DEN,GB,1
2007,2007-10-29,GB,DEN,1
2007,2007-11-04,ARI,TB,0
2007,2007-11-04,ATL,SF,0
2007,2007-11-04,BUF,CIN,0
2007,2007-11-04,CAR,TEN,0
2007,2007-11-04,CIN,BUF,0
2007,2007-11-04,CLE,SEA,1
2007,2007-11-04,DAL,PHI,0
2007,2007-11-04,DEN,DET,0
2007,2007-11-04,DET,DEN,0
2007,2007-11-04,GB,KC,0
2007,2007-11-04,HOU,OAK,0
2007,2007-11-04,IND,NE,0
2007,2007-11-04,JAX,NO,0
2007,2007-11-04,KC,GB,0
2007,2007-11-04,MIN,SD,0
2007,2007-11-04,NE,IND,0
2007,2007-11-04,NO,JAX,0
2007,2007-11-04,NYJ,WAS,1
2007,2007-11-04,OAK,HOU,0
2007,2007-11-04,PHI,DAL,0
2007,2007-11-04,SD,MIN,0
2007,2007-11-04,SEA,CLE,1
2007,2007-11-04,SF,ATL,0
2007,2007-11-04,TB,ARI,0
2007,2007-11-04,TEN,CAR,0
2007,2007-11-04,WAS,NYJ,1
2007,2007-11-05,BAL,PIT,0
2007,2007-11-05,PIT,BAL,0
2007,2007-11-11,ARI,DET,0
2007,2007-11-11,ATL,CAR,0
2007,2007-11-11,BAL,CIN,0
2007,2007-11-11,BUF,MIA,0
2007,2007-11-11,CAR,ATL,0
2007,2007-11-11,CHI,OAK,0
2007,2007-11-11,CIN,BAL,0
2007,2007-11-11,CLE,PIT,0
2007,2007-11-11,DAL,NYG,0
2007,2007-11-11,DEN,KC,0
2007,2007-11-11,DET,ARI,0
2007,2007-11-11,GB,MIN,0
2007,2007-11-11,IND,SD,0
2007,2007-11-11,JAX,TEN,0
2007,2007-11-11,KC,DEN,0
2007,2007-11-11,MIA,BUF,0
2007,2007-11-11,MIN,GB,0
2007,2007-11-11,NO,STL,0
2007,2007-11-11,NYG,DAL,0
2007,2007-11-11,OAK,CHI,0
2007,2007-11-11,PHI,WAS,0
2007,2007-11-11,PIT,CLE,0
2007,2007-11-11,SD,IND,0
2007,2007-11-11,STL,NO,0
2007,2007-11-11,TEN,JAX,0
2007,2007-11-11,WAS,PHI,0
2007,2007-11-12,SEA,SF,0
2007,2007-11-12,SF,SEA,0
2007,2007-11-18,ARI,CIN,0
2007,2007-11-18,ATL,TB,0
2007,2007-11-18,BAL,CLE,1
2007,2007-11-18,BUF,NE,0
2007,2007-11-18,CAR,GB,0
2007,2007-11-18,CHI,SEA,0
2007,2007-11-18,CIN,ARI,0
2007,2007-11-18,CLE,BAL,1
2007,2007-11-18,DAL,WAS,0
2007,2007-11-18,DET,NYG,0
2007,2007-11-18,GB,CAR,0
2007,2007-11-18,HOU,NO,0
2007,2007-11-18,IND,KC,0
2007,2007-11-18,JAX,SD,0
2007,2007-11-18,KC,IND,0
2007,2007-11-18,MIA,PHI,0
2007,2007-11-18,MIN,OAK,0
2007,2007-11-18,NE,BUF,0
2007,2007-11-18,NO,HOU,0
2007,2007-11-18,NYG,DET,0
2007,2007-11-18,NYJ,PIT,1
2007,2007-11-18,OAK,MIN,0
2007,2007-11-18,PHI,MIA,0
2007,2007-11-18,PIT,NYJ,1
2007,2007-11-18,SD,JAX,0
2007,2007-11-18,SEA,CHI,0
2007,2007-11-18,SF,STL,0
2007,2007-11-18,STL,SF,0
2007,2007-11-18,TB,ATL,0
2007,2007-11-18,WAS,DAL,0
2007,2007-11-19,DEN,TEN,0
2007,2007-11-19,TEN,DEN,0
2007,2007-11-22,ATL,IND,0
2007,2007-11-22,DAL,NYJ,0
2007,2007-11-22,DET,GB,0
2007,2007-11-22,GB,DET,0
2007,2007-11-22,IND,ATL,0
2007,2007-11-22,NYJ,DAL,0
2007,2007-11-25,ARI,SF,1
2007,2007-11-25,BAL,SD,0
2007,2007-11-25,BUF,JAX,0
2007,2007-11-25,CAR,NO,0
2007,2007-11-25,CHI,DEN,1
2007,2007-11-25,CIN,TEN,0
2007,2007-11-25,CLE,HOU,0
2007,2007-11-25,DEN,CHI,1
2007,2007-11-25,HOU,CLE,0
2007,2007-11-25,JAX,BUF,0
2007,2007-11-25,KC,OAK,0
2007,2007-11-25,MIN,NYG,0
2007,2007-11-25,NE,PHI,0
2007,2007-11-25,NO,CAR,0
2007,2007-11-25,NYG,MIN,0
2007,2007-11-25,OAK,KC,0
2007,2007-11-25,PHI,NE,0
2007,2007-11-25,SD,BAL,0
2007,2007-11-25,SEA,STL,0
2007,2007-11-25,SF,ARI,1
2007,2007-11-25,STL,SEA,0
2007,2007-11-25,TB,WAS,0
2007,2007-11-25,TEN,CIN,0
2007,2007-11-25,WAS,TB,0
2007,2007-11-26,MIA,PIT,0
2007,2007-11-26,PIT,MIA,0
2007,2007-11-29,DAL,GB,0
2007,2007-11-29,GB,DAL,0
2007,2007-12-02,ARI,CLE,0
2007,2007-12-02,ATL,STL,0
2007,2007-12-02,BUF,WAS,0
2007,2007-12-02,CAR,SF,0
2007,2007-12-02,CHI,NYG,0
2007,2007-12-02,CIN,PIT,0
2007,2007-12-02,CLE,ARI,0
2007,2007-12-02,DEN,OAK,0
2007,2007-12-02,DET,MIN,0
2007,2007-12-02,HOU,TEN,0
2007,2007-12-02,IND,JAX,0
2007,2007-12-02,JAX,IND,0
2007,2007-12-02,KC,SD,0
2007,2007-12-02,MIA,NYJ,0
2007,2007-12-02,MIN,DET,0
2007,2007-12-02,NO,TB,0
2007,2007-12-02,NYG,CHI,0
2007,2007-12-02,NYJ,MIA,0
2007,2007-12-02,OAK,DEN,0
2007,2007-12-02,PHI,SEA,0
2007,2007-12-02,PIT,CIN,0
2007,2007-12-02,SD,KC,0
2007,2007-12-02,SEA,PHI,0
2007,2007-12-02,SF,CAR,0
2007,2007-12-02,STL,ATL,0
2007,2007-12-02,TB,NO,0
2007,2007-12-02,TEN,HOU,0
2007,2007-12-02,WAS,BUF,0
2007,2007-12-03,BAL,NE,0
2007,2007-12-03,NE,BAL,0
2007,2007-12-06,CHI,WAS,0
2007,2007-12-06,WAS,CHI,0
2007,2007-12-09,ARI,SEA,0
2007,2007-12-09,BAL,IND,0
2007,2007-12-09,BUF,MIA,0
2007,2007-12-09,CAR,JAX,0
2007,2007-12-09,CIN,STL,0
2007,2007-12-09,CLE,NYJ,0
2007,2007-12-09,DAL,DET,0
2007,2007-12-09,DEN,KC,0
2007,2007-12-09,DET,DAL,0
2007,2007-12-09,GB,OAK,0
2007,2007-12-09,HOU,TB,0
2007,2007-12-09,IND,BAL,0
2007,2007-12-09,JAX,CAR,0
2007,2007-12-09,KC,DEN,0
2007,2007-12-09,MIA,BUF,0
2007,2007-12-09,MIN,SF,0
2007,2007-12-09,NE,PIT,0
2007,2007-12-09,NYG,PHI,0
2007,2007-12-09,NYJ,CLE,0
2007,2007-12-09,OAK,GB,0
2007,2007-12-09,PHI,NYG,0
2007,2007-12-09,PIT,NE,0
2007,2007-12-09,SD,TEN,1
2007,2007-12-09,SEA,ARI,0
2007,2007-12-09,SF,MIN,0
2007,2007-12-09,STL,CIN,0
2007,2007-12-09,TB,HOU,0
2007,2007-12-09,TEN,SD,1
2007,2007-12-10,ATL,NO,0
2007,2007-12-10,NO,ATL,0
2007,2007-12-13,DEN,HOU,0
2007,2007-12-13,HOU,DEN,0
2007,2007-12-15,CIN,SF,0
2007,2007-12-15,SF,CIN,0
2007,2007-12-16,ARI,NO,0
2007,2007-12-16,ATL,TB,0
2007,2007-12-16,BAL,MIA,1
2007,2007-12-16,BUF,CLE,0
2007,2007-12-16,CAR,SEA,0
2007,2007-12-16,CLE,BUF,0
2007,2007-12-16,DAL,PHI,0
2007,2007-12-16,DET,SD,0
2007,2007-12-16,GB,STL,0
2007,2007-12-16,IND,OAK,0
2007,2007-12-16,JAX,PIT,0
2007,2007-12-16,KC,TEN,0
2007,2007-12-16,MIA,BAL,1
2007,2007-12-16,NE,NYJ,0
2007,2007-12-16,NO,ARI,0
2007,2007-12-16,NYG,WAS,0
2007,2007-12-16,NYJ,NE,0
2007,2007-12-16,OAK,IND,0
2007,2007-12-16,PHI,DAL,0
2007,2007-12-16,PIT,JAX,0
2007,2007-12-16,SD,DET,0
2007,2007-12-16,SEA,CAR,0
2007,2007-12-16,STL,GB,0
2007,2007-12-16,TB,ATL,0
2007,2007-12-16,TEN,KC,0
2007,2007-12-16,WAS,NYG,0
2007,2007-12-17,CHI,MIN,0
2007,2007-12-17,MIN,CHI,0
2007,2007-12-20,PIT,STL,0
2007,2007-12-20,STL,PIT,0
2007,2007-12-22,CAR,DAL,0
2007,2007-12-22,DAL,CAR,0
2007,2007-12-23,ARI,ATL,1
2007,2007-12-23,ATL,ARI,1
2007,2007-12-23,BAL,SEA,0
2007,2007-12-23,BUF,NYG,0
2007,2007-12-23,CHI,GB,0
2007,2007-12-23,CIN,CLE,0
2007,2007-12-23,CLE,CIN,0
2007,2007-12-23,DET,KC,0
2007,2007-12-23,GB,CHI,0
2007,2007-12-23,HOU,IND,0
2007,2007-12-23,IND,HOU,0
2007,2007-12-23,JAX,OAK,0
2007,2007-12-23,KC,DET,0
2007,2007-12-23,MIA,NE,0
2007,2007-12-23,MIN,WAS,0
2007,2007-12-23,NE,MIA,0
2007,2007-12-23,NO,PHI,0
2007,2007-12-23,NYG,BUF,0
2007,2007-12-23,NYJ,TEN,0
2007,2007-12-23,OAK,JAX,0
2007,2007-12-23,PHI,NO,0
2007,2007-12-23,SEA,BAL,0
2007,2007-12-23,SF,TB,0
2007,2007-12-23,TB,SF,0
2007,2007-12-23,TEN,NYJ,0
2007,2007-12-23,WAS,MIN,0
2007,2007-12-24,DEN,SD,0
2007,2007-12-24,SD,DEN,0
2007,2007-12-29,NE,NYG,0
2007,2007-12-29,NYG,NE,0
2007,2007-12-30,ARI,STL,0
2007,2007-12-30,ATL,SEA,0
2007,2007-12-30,BAL,PIT,0
2007,2007-12-30,BUF,PHI,0
2007,2007-12-30,CAR,TB,0
2007,2007-12-30,CHI,NO,0
2007,2007-12-30,CIN,MIA,0
2007,2007-12-30,CLE,SF,0
2007,2007-12-30,DAL,WAS,0
2007,2007-12-30,DEN,MIN,1
2007,2007-12-30,DET,GB,0
2007,2007-12-30,GB,DET,0
2007,2007-12-30,HOU,JAX,0
2007,2007-12-30,IND,TEN,0
2007,2007-12-30,JAX,HOU,0
2007,2007-12-30,KC,NYJ,1
2007,2007-12-30,MIA,CIN,0
2007,2007-12-30,MIN,DEN,1
2007,2007-12-30,NO,CHI,0
2007,2007-12-30,NYJ,KC,1
2007,2007-12-30,OAK,SD,0
2007,2007-12-30,PHI,BUF,0
2007,2007-12-30,PIT,BAL,0
2007,2007-12-30,SD,OAK,0
2007,2007-12-30,SEA,ATL,0
2007,2007-12-30,SF,CLE,0
2007,2007-12-30,STL,ARI,0
2007,2007-12-30,TB,CAR,0
2007,2007-12-30,TEN,IND,0
2007,2007-12-30,WAS,DAL,0
2007,2008-01-05,JAX,PIT,0
2007,2008-01-05,PIT,JAX,0
2007,2008-01-05,SEA,WAS,0
2007,2008-01-05,WAS,SEA,0
2007,2008-01-06,NYG,TB,0
2007,2008-01-06,SD,TEN,0
2007,2008-01-06,TB,NYG,0
2007,2008-01-06,TEN,SD,0
2007,2008-01-12,GB,SEA,0
2007,2008-01-12,JAX,NE,0
2007,2008-01-12,NE,JAX,0
2007,2008-01-12,SEA,GB,0
2007,2008-01-13,DAL,NYG,0
2007,2008-01-13,IND,SD,0
2007,2008-01-13,NYG,DAL,0
2007,2008-01-13,SD,IND,0
2007,2008-01-20,GB,NYG,1
2007,2008-01-20,NE,SD,0
2007,2008-01-20,NYG,GB,1
2007,2008-01-20,SD,NE,0
2007,2008-02-03,NE,NYG,0
2007,2008-02-03,NYG,NE,0
2008,2008-09-04,NYG,WAS,0
2008,2008-09-04,WAS,NYG,0
2008,2008-09-07,ARI,SF,0
2008,2008-09-07,ATL,DET,0
2008,2008-09-07,BAL,CIN,0
2008,2008-09-07,BUF,SEA,0
2008,2008-09-07,CAR,SD,0
2008,2008-09-07,CHI,IND,0
2008,2008-09-07,CIN,BAL,0
2008,2008-09-07,CLE,DAL,0
2008,2008-09-07,DAL,CLE,0
2008,2008-09-07,DET,ATL,0
2008,2008-09-07,HOU,PIT,0
2008,2008-09-07,IND,CHI,0
2008,2008-09-07,JAX,TEN,0
2008,2008-09-07,KC,NE,0
2008,2008-09-07,MIA,NYJ,0
2008,2008-09-07,NE,KC,0
2008,2008-09-07,NO,TB,0
2008,2008-09-07,NYJ,MIA,0
2008,2008-09-07,PHI,STL,0
2008,2008-09-07,PIT,HOU,0
2008,2008-09-07,SD,CAR,0
2008,2008-09-07,SEA,BUF,0
2008,2008-09-07,SF,ARI,0
2008,2008-09-07,STL,PHI,0
2008,2008-09-07,TB,NO,0
2008,2008-09-07,TEN,JAX,0
2008,2008-09-08,DEN,OAK,0
2008,2008-09-08,GB,MIN,0
2008,2008-09-08,MIN,GB,0
2008,2008-09-08,OAK,DEN,0
2008,2008-09-14,ARI,MIA,0
2008,2008-09-14,ATL,TB,0
2008,2008-09-14,BUF,JAX,0
2008,2008-09-14,CAR,CHI,0
2008,2008-09-14,CHI,CAR,0
2008,2008-09-14,CIN,TEN,0
2008,2008-09-14,CLE,PIT,0
2008,2008-09-14,DEN,SD,0
2008,2008-09-14,DET,GB,0
2008,2008-09-14,GB,DET,0
2008,2008-09-14,IND,MIN,0
2008,2008-09-14,JAX,BUF,0
2008,2008-09-14,KC,OAK,0
2008,2008-09-14,MIA,ARI,0
2008,2008-09-14,MIN,IND,0
2008,2008-09-14,NE,NYJ,0
2008,2008-09-14,NO,WAS,0
2008,2008-09-14,NYG,STL,0
2008,2008-09-14,NYJ,NE,0
2008,2008-09-14,OAK,KC,0
2008,2008-09-14,PIT,CLE,0
2008,2008-09-14,SD,DEN,0
2008,2008-09-14,SEA,SF,1
2008,2008-09-14,SF,SEA,1
2008,2008-09-14,STL,NYG,0
2008,2008-09-14,TB,ATL,0
2008,2008-09-14,TEN,CIN,0
2008,2008-09-14,WAS,NO,0
2008,2008-09-15,DAL,PHI,0
2008,2008-09-15,PHI,DAL,0
2008,2008-09-21,ARI,WAS,0
2008,2008-09-21,ATL,KC,0
2008,2008-09-21,BAL,CLE,0
2008,2008-09-21,BUF,OAK,0
2008,2008-09-21,CAR,MIN,0
2008,2008-09-21,CHI,TB,1
2008,2008-09-21,CIN,NYG,1
2008,2008-09-21,CLE,BAL,0
2008,2008-09-21,DAL,GB,0
2008,2008-09-21,DEN,NO,0
2008,2008-09-21,DET,SF,0
2008,2008-09-21,GB,DAL,0
2008,2008-09-21,HOU,TEN,0
2008,2008-09-21,IND,JAX,0
2008,2008-09-21,JAX,IND,0
2008,2008-09-21,KC,ATL,0
2008,2008-09-21,MIA,NE,0
2008,2008-09-21,MIN,CAR,0
2008,2008-09-21,NE,MIA,0
2008,2008-09-21,NO,DEN,0
2008,2008-09-21,NYG,CIN,1
2008,2008-09-21,OAK,BUF,0
2008,2008-09-21,PHI,PIT,0
2008,2008-09-21,PIT,PHI,0
2008,2008-09-21,SEA,STL,0
2008,2008-09-21,SF,DET,0
2008,2008-09-21,STL,SEA,0
2008,2008-09-21,TB,CHI,1
2008,2008-09-21,TEN,HOU,0
2008,2008-09-21,WAS,ARI,0
2008,2008-09-22,NYJ,SD,0
2008,2008-09-22,SD,NYJ,0
2008,2008-09-28,ARI,NYJ,0
2008,2008-09-28,ATL,CAR,0
2008,2008-09-28,BUF,STL,0
2008,2008-09-28,CAR,ATL,0
2008,2008-09-28,CHI,PHI,0
2008,2008-09-28,CIN,CLE,0
2008,2008-09-28,CLE,CIN,0
2008,2008-09-28,DAL,WAS,0
2008,2008-09-28,DEN,KC,0
2008,2008-09-28,GB,TB,0
2008,2008-09-28,HOU,JAX,1
2008,2008-09-28,JAX,HOU,1
2008,2008-09-28,KC,DEN,0
2008,2008-09-28,MIN,TEN,0
2008,2008-09-28,NO,SF,0
2008,2008-09-28,NYJ,ARI,0
2008,2008-09-28,OAK,SD,0
2008,2008-09-28,PHI,CHI,0
2008,2008-09-28,SD,OAK,0
2008,2008-09-28,SF,NO,0
2008,2008-09-28,STL,BUF,0
2008,2008-09-28,TB,GB,0
2008,2008-09-28,TEN,MIN,0
2008,2008-09-28,WAS,DAL,0
2008,2008-09-29,BAL,PIT,1
2008,2008-09-29,PIT,BAL,1
2008,2008-10-05,ARI,BUF,0
2008,2008-10-05,ATL,GB,0
2008,2008-10-05,BAL,TEN,0
2008,2008-10-05,BUF,ARI,0
2008,2008-10-05,CAR,KC,0
2008,2008-10-05,CHI,DET,0
2008,2008-10-05,CIN,DAL,0
2008,2008-10-05,DAL,CIN,0
2008,2008-10-05,DEN,TB,0
2008,2008-10-05,DET,CHI,0
2008,2008-10-05,GB,ATL,0
2008,2008-10-05,HOU,IND,0
2008,2008-10-05,IND,HOU,0
2008,2008-10-05,JAX,PIT,0
2008,2008-10-05,KC,CAR,0
2008,2008-10-05,MIA,SD,0
2008,2008-10-05,NE,SF,0
2008,2008-10-05,NYG,SEA,0
2008,2008-10-05,PHI,WAS,0
2008,2008-10-05,PIT,JAX,0
2008,2008-10-05,SD,MIA,0
2008,2008-10-05,SEA,NYG,0
2008,2008-10-05,SF,NE,0
2008,2008-10-05,TB,DEN,0
2008,2008-10-05,TEN,BAL,0
2008,2008-10-05,WAS,PHI,0
2008,2008-10-06,MIN,NO,0
2008,2008-10-06,NO,MIN,0
2008,2008-10-12,ARI,DAL,1
2008,2008-10-12,ATL,CHI,0
2008,2008-10-12,BAL,IND,0
2008,2008-10-12,CAR,TB,0
2008,2008-10-12,CHI,ATL,0
2008,2008-10-12,CIN,NYJ,0
2008,2008-10-12,DAL,ARI,1
2008,2008-10-12,DEN,JAX,0
2008,2008-10-12,DET,MIN,0
2008,2008-10-12,GB,SEA,0
2008,2008-10-12,HOU,MIA,0
2008,2008-10-12,IND,BAL,0
2008,2008-10-12,JAX,DEN,0
2008,2008-10-12,MIA,HOU,0
2008,2008-10-12,MIN,DET,0
2008,2008-10-12,NE,SD,0
2008,2008-10-12,NO,OAK,0
2008,2008-10-12,NYJ,CIN,0
2008,2008-10-12,OAK,NO,0
2008,2008-10-12,PHI,SF,0
2008,2008-10-12,SD,NE,0
2008,2008-10-12,SEA,GB,0
2008,2008-10-12,SF,PHI,0
2008,2008-10-12,STL,WAS,0
2008,2008-10-12,TB,CAR,0
2008,2008-10-12,WAS,STL,0
2008,2008-10-13,CLE,NYG,0
2008,2008-10-13,NYG,CLE,0
2008,2008-10-19,BAL,MIA,0
2008,2008-10-19,BUF,SD,0
2008,2008-10-19,CAR,NO,0
2008,2008-10-19,CHI,MIN,0
2008,2008-10-19,CIN,PIT,0
2008,2008-10-19,CLE,WAS,0
2008,2008-10-19,DAL,STL,0
2008,2008-10-19,DET,HOU,0
2008,2008-10-19,GB,IND,0
2008,2008-10-19,HOU,DET,0
2008,2008-10-19,IND,GB,0
2008,2008-10-19,KC,TEN,0
2008,2008-10-19,MIA,BAL,0
2008,2008-10-19,MIN,CHI,0
2008,2008-10-19,NO,CAR,0
2008,2008-10-19,NYG,SF,0
2008,2008-10-19,NYJ,OAK,1
2008,2008-10-19,OAK,NYJ,1
2008,2008-10-19,PIT,CIN,0
2008,2008-10-19,SD,BUF,0
2008,2008-10-19,SEA,TB,0
2008,2008-10-19,SF,NYG,0
2008,2008-10-19,STL,DAL,0
2008,2008-10-19,TB,SEA,0
2008,2008-10-19,TEN,KC,0
2008,2008-10-19,WAS,CLE,0
2008,2008-10-20,DEN,NE,0
2008,2008-10-20,NE,DEN,0
2008,2008-10-26,ARI,CAR,0
2008,2008-10-26,ATL,PHI,0
2008,2008-10-26,BAL,OAK,0
2008,2008-10-26,BUF,MIA,0
2008,2008-10-26,CAR,ARI,0
2008,2008-10-26,CIN,HOU,0
2008,2008-10-26,CLE,JAX,0
2008,2008-10-26,DAL,TB,0
2008,2008-10-26,DET,WAS,0
2008,2008-10-26,HOU,CIN,0
2008,2008-10-26,JAX,CLE,0
2008,2008-10-26,KC,NYJ,0
2008,2008-10-26,MIA,BUF,0
2008,2008-10-26,NE,STL,0
2008,2008-10-26,NO,SD,0
2008,2008-10-26,NYG,PIT,0
2008,2008-10-26,NYJ,KC,0
2008,2008-10-26,OAK,BAL,0
2008,2008-10-26,PHI,ATL,0
2008,2008-10-26,PIT,NYG,0
2008,2008-10-26,SD,NO,0
2008,2008-10-26,SEA,SF,0
2008,2008-10-26,SF,SEA,0
2008,2008-10-26,STL,NE,0
2008,2008-10-26,TB,DAL,0
2008,2008-10-26,WAS,DET,0
2008,2008-10-27,IND,TEN,0
2008,2008-10-27,TEN,IND,0
2008,2008-11-02,ARI,STL,0
2008,2008-11-02,ATL,OAK,0
2008,2008-11-02,BAL,CLE,0
2008,2008-11-02,BUF,NYJ,0
2008,2008-11-02,CHI,DET,0
2008,2008-11-02,CIN,JAX,0
2008,2008-11-02,CLE,BAL,0
2008,2008-11-02,DAL,NYG,0
2008,2008-11-02,DEN,MIA,0
2008,2008-11-02,DET,CHI,0
2008,2008-11-02,GB,TEN,1
2008,2008-11-02,HOU,MIN,0
2008,2008-11-02,IND,NE,0
2008,2008-11-02,JAX,CIN,0
2008,2008-11-02,KC,TB,1
2008,2008-11-02,MIA,DEN,0
2008,2008-11-02,MIN,HOU,0
2008,2008-11-02,NE,IND,0
2008,2008-11-02,NYG,DAL,0
2008,2008-11-02,NYJ,BUF,0
2008,2008-11-02,OAK,ATL,0
2008,2008-11-02,PHI,SEA,0
2008,2008-11-02,SEA,PHI,0
2008,2008-11-02,STL,ARI,0
2008,2008-11-02,TB,KC,1
2008,2008-11-02,TEN,GB,1
2008,2008-11-03,PIT,WAS,0
2008,2008-11-03,WAS,PIT,0
2008,2008-11-06,CLE,DEN,0
2008,2008-11-06,DEN,CLE,0
2008,2008-11-09,ATL,NO,0
2008,2008-11-09,BAL,HOU,0
2008,2008-11-09,BUF,NE,0
2008,2008-11-09,CAR,OAK,0
2008,2008-11-09,CHI,TEN,0
2008,2008-11-09,DET,JAX,0
2008,2008-11-09,GB,MIN,0
2008,2008-11-09,HOU,BAL,0
2008,2008-11-09,IND,PIT,0
2008,2008-11-09,JAX,DET,0
2008,2008-11-09,KC,SD,0
2008,2008-11-09,MIA,SEA,0
2008,2008-11-09,MIN,GB,0
2008,2008-11-09,NE,BUF,0
2008,2008-11-09,NO,ATL,0
2008,2008-11-09,NYG,PHI,0
2008,2008-11-09,NYJ,STL,0
2008,2008-11-09,OAK,CAR,0
2008,2008-11-09,PHI,NYG,0
2008,2008-11-09,PIT,IND,0
2008,2008-11-09,SD,KC,0
2008,2008-11-09,SEA,MIA,0
2008,2008-11-09,STL,NYJ,0
2008,2008-11-09,TEN,CHI,0
2008,2008-11-10,ARI,SF,0
2008,2008-11-10,SF,ARI,0
2008,2008-11-13,NE,NYJ,1
2008,2008-11-13,NYJ,NE,1
2008,2008-11-16,ARI,SEA,0
2008,2008-11-16,ATL,DEN,0
2008,2008-11-16,BAL,NYG,0
2008,2008-11-16,CAR,DET,0
2008,2008-11-16,CHI,GB,0
2008,2008-11-16,CIN,PHI,1
2008,2008-11-16,DAL,WAS,0
2008,2008-11-16,DEN,ATL,0
2008,2008-11-16,DET,CAR,0
2008,2008-11-16,GB,CHI,0
2008,2008-11-16,HOU,IND,0
2008,2008-11-16,IND,HOU,0
2008,2008-11-16,JAX,TEN,0
2008,2008-11-16,KC,NO,0
2008,2008-11-16,MIA,OAK,0
2008,2008-11-16,MIN,TB,0
2008,2008-11-16,NO,KC,0
2008,2008-11-16,NYG,BAL,0
2008,2008-11-16,OAK,MIA,0
2008,2008-11-16,PHI,CIN,1
2008,2008-11-16,PIT,SD,0
2008,2008-11-16,SD,PIT,0
2008,2008-11-16,SEA,ARI,0
2008,2008-11-16,SF,STL,0
2008,2008-11-16,STL,SF,0
2008,2008-11-16,TB,MIN,0
2008,2008-11-16,TEN,JAX,0
2008,2008-11-16,WAS,DAL,0
2008,2008-11-17,BUF,CLE,0
2008,2008-11-17,CLE,BUF,0
2008,2008-11-20,CIN,PIT,0
2008,2008-11-20,PIT,CIN,0
2008,2008-11-23,ARI,NYG,0
2008,2008-11-23,ATL,CAR,0
2008,2008-11-23,BAL,PHI,0
2008,2008-11-23,BUF,KC,0
2008,2008-11-23,CAR,ATL,0
2008,2008-11-23,CHI,STL,0
2008,2008-11-23,CLE,HOU,0
2008,2008-11-23,DAL,SF,0
2008,2008-11-23,DEN,OAK,0
2008,2008-11-23,DET,TB,0
2008,2008-11-23,HOU,CLE,0
2008,2008-11-23,IND,SD,0
2008,2008-11-23,JAX,MIN,0
2008,2008-11-23,KC,BUF,0
2008,2008-11-23,MIA,NE,0
2008,2008-11-23,MIN,JAX,0
2008,2008-11-23,NE,MIA,0
2008,2008-11-23,NYG,ARI,0
2008,2008-11-23,NYJ,TEN,0
2008,2008-11-23,OAK,DEN,0
2008,2008-11-23,PHI,BAL,0
2008,2008-11-23,SD,IND,0
2008,2008-11-23,SEA,WAS,0
2008,2008-11-23,SF,DAL,0
2008,2008-11-23,STL,CHI,0
2008,2008-11-23,TB,DET,0
2008,2008-11-23,TEN,NYJ,0
2008,2008-11-23,WAS,SEA,0
2008,2008-11-24,GB,NO,0
2008,2008-11-24,NO,GB,0
2008,2008-11-27,ARI,PHI,0
2008,2008-11-27,DAL,SEA,0
2008,2008-11-27,DET,TEN,0
2008,2008-11-27,PHI,ARI,0
2008,2008-11-27,SEA,DAL,0
2008,2008-11-27,TEN,DET,0
2008,2008-11-30,ATL,SD,0
2008,2008-11-30,BAL,CIN,0
2008,2008-11-30,BUF,SF,0
2008,2008-11-30,CAR,GB,0
2008,2008-11-30,CHI,MIN,0
2008,2008-11-30,CIN,BAL,0
2008,2008-11-30,CLE,IND,0
2008,2008-11-30,DEN,NYJ,0
2008,2008-11-30,GB,CAR,0
2008,2008-11-30,IND,CLE,0
2008,2008-11-30,KC,OAK,0
2008,2008-11-30,MIA,STL,0
2008,2008-11-30,MIN,CHI,0
2008,2008-11-30,NE,PIT,0
2008,2008-11-30,NO,TB,0
2008,2008-11-30,NYG,WAS,0
2008,2008-11-30,NYJ,DEN,0
2008,2008-11-30,OAK,KC,0
2008,2008-11-30,PIT,NE,0
2008,2008-11-30,SD,ATL,0
2008,2008-11-30,SF,BUF,0
2008,2008-11-30,STL,MIA,0
2008,2008-11-30,TB,NO,0
2008,2008-11-30,WAS,NYG,0
2008,2008-12-01,HOU,JAX,0
2008,2008-12-01,JAX,HOU,0
2008,2008-12-04,OAK,SD,0
2008,2008-12-04,SD,OAK,0
2008,2008-12-07,ARI,STL,0
2008,2008-12-07,ATL,NO,0
2008,2008-12-07,BAL,WAS,0
2008,2008-12-07,BUF,MIA,0
2008,2008-12-07,CHI,JAX,0
2008,2008-12-07,CIN,IND,0
2008,2008-12-07,CLE,TEN,0
2008,2008-12-07,DAL,PIT,0
2008,2008-12-07,DEN,KC,0
2008,2008-12-07,DET,MIN,0
2008,2008-12-07,GB,HOU,0
2008,2008-12-07,HOU,GB,0
2008,2008-12-07,IND,CIN,0
2008,2008-12-07,JAX,CHI,0
2008,2008-12-07,KC,DEN,0
2008,2008-12-07,MIA,BUF,0
2008,2008-12-07,MIN,DET,0
2008,2008-12-07,NE,SEA,0
2008,2008-12-07,NO,ATL,0
2008,2008-12-07,NYG,PHI,0
2008,2008-12-07,NYJ,SF,0
2008,2008-12-07,PHI,NYG,0
2008,2008-12-07,PIT,DAL,0
2008,2008-12-07,SEA,NE,0
2008,2008-12-07,SF,NYJ,0
2008,2008-12-07,STL,ARI,0
2008,2008-12-07,TEN,CLE,0
2008,2008-12-07,WAS,BAL,0
2008,2008-12-08,CAR,TB,0
2008,2008-12-08,TB,CAR,0
2008,2008-12-11,CHI,NO,1
2008,2008-12-11,NO,CHI,1
2008,2008-12-14,ARI,MIN,0
2008,2008-12-14,ATL,TB,1
2008,2008-12-14,BAL,PIT,0
2008,2008-12-14,BUF,NYJ,0
2008,2008-12-14,CAR,DEN,0
2008,2008-12-14,CIN,WAS,0
2008,2008-12-14,DAL,NYG,0
2008,2008-12-14,DEN,CAR,0
2008,2008-12-14,DET,IND,0
2008,2008-12-14,GB,JAX,0
2008,2008-12-14,HOU,TEN,0
2008,2008-12-14,IND,DET,0
2008,2008-12-14,JAX,GB,0
2008,2008-12-14,KC,SD,0
2008,2008-12-14,MIA,SF,0
2008,2008-12-14,MIN,ARI,0
2008,2008-12-14,NE,OAK,0
2008,2008-12-14,NYG,DAL,0
2008,2008-12-14,NYJ,BUF,0
2008,2008-12-14,OAK,NE,0
2008,2008-12-14,PIT,BAL,0
2008,2008-12-14,SD,KC,0
2008,2008-12-14,SEA,STL,0
2008,2008-12-14,SF,MIA,0
2008,2008-12-14,STL,SEA,0
2008,2008-12-14,TB,ATL,1
2008,2008-12-14,TEN,HOU,0
2008,2008-12-14,WAS,CIN,0
2008,2008-12-15,CLE,PHI,0
2008,2008-12-15,PHI,CLE,0
2008,2008-12-18,IND,JAX,0
2008,2008-12-18,JAX,IND,0
2008,2008-12-20,BAL,DAL,0
2008,2008-12-20,DAL,BAL,0
2008,2008-12-21,ARI,NE,0
2008,2008-12-21,ATL,MIN,0
2008,2008-12-21,BUF,DEN,0
2008,2008-12-21,CAR,NYG,1
2008,2008-12-21,CIN,CLE,0
2008,2008-12-21,CLE,CIN,0
2008,2008-12-21,DEN,BUF,0
2008,2008-12-21,DET,NO,0
2008,2008-12-21,HOU,OAK,0
2008,2008-12-21,KC,MIA,0
2008,2008-12-21,MIA,KC,0
2008,2008-12-21,MIN,ATL,0
2008,2008-12-21,NE,ARI,0
2008,2008-12-21,NO,DET,0
2008,2008-12-21,NYG,CAR,1
2008,2008-12-21,NYJ,SEA,0
2008,2008-12-21,OAK,HOU,0
2008,2008-12-21,PHI,WAS,0
2008,2008-12-21,PIT,TEN,0
2008,2008-12-21,SD,TB,0
2008,2008-12-21,SEA,NYJ,0
2008,2008-12-21,SF,STL,0
2008,2008-12-21,STL,SF,0
2008,2008-12-21,TB,SD,0
2008,2008-12-21,TEN,PIT,0
2008,2008-12-21,WAS,PHI,0
2008,2008-12-22,CHI,GB,1
2008,2008-12-22,GB,CHI,1
2008,2008-12-28,ARI,SEA,0
2008,2008-12-28,ATL,STL,0
2008,2008-12-28,BAL,JAX,0
2008,2008-12-28,BUF,NE,0
2008,2008-12-28,CAR,NO,0
2008,2008-12-28,CHI,HOU,0
2008,2008-12-28,CIN,KC,0
2008,2008-12-28,CLE,PIT,0
2008,2008-12-28,DAL,PHI,0
2008,2008-12-28,DEN,SD,0
2008,2008-12-28,DET,GB,0
2008,2008-12-28,GB,DET,0
2008,2008-12-28,HOU,CHI,0
2008,2008-12-28,IND,TEN,0
2008,2008-12-28,JAX,BAL,0
2008,2008-12-28,KC,CIN,0
2008,2008-12-28,MIA,NYJ,0
2008,2008-12-28,MIN,NYG,0
2008,2008-12-28,NE,BUF,0
2008,2008-12-28,NO,CAR,0
2008,2008-12-28,NYG,MIN,0
2008,2008-12-28,NYJ,MIA,0
2008,2008-12-28,OAK,TB,0
2008,2008-12-28,PHI,DAL,0
2008,2008-12-28,PIT,CLE,0
2008,2008-12-28,SD,DEN,0
2008,2008-12-28,SEA,ARI,0
2008,2008-12-28,SF,WAS,0
2008,2008-12-28,STL,ATL,0
2008,2008-12-28,TB,OAK,0
2008,2008-12-28,TEN,IND,0
2008,2008-12-28,WAS,SF,0
2008,2009-01-03,ARI,ATL,0
2008,2009-01-03,ATL,ARI,0
2008,2009-01-03,IND,SD,1
2008,2009-01-03,SD,IND,1
2008,2009-01-04,BAL,MIA,0
2008,2009-01-04,MIA,BAL,0
2008,2009-01-04,MIN,PHI,0
2008,2009-01-04,PHI,MIN,0
2008,2009-01-10,ARI,CAR,0
2008,2009-01-10,BAL,TEN,0
2008,2009-01-10,CAR,ARI,0
2008,2009-01-10,TEN,BAL,0
2008,2009-01-11,NYG,PHI,0
2008,2009-01-11,PHI,NYG,0
2008,2009-01-11,PIT,SD,0
2008,2009-01-11,SD,PIT,0
2008,2009-01-18,ARI,PHI,0
2008,2009-01-18,BAL,PIT,0
2008,2009-01-18,PHI,ARI,0
2008,2009-01-18,PIT,BAL,0
2008,2009-02-01,ARI,PIT,0
2008,2009-02-01,PIT,ARI,0
2009,2009-09-10,PIT,TEN,1
2009,2009-09-10,TEN,PIT,1
2009,2009-09-13,ARI,SF,0
2009,2009-09-13,ATL,MIA,0
2009,2009-09-13,BAL,KC,0
2009,2009-09-13,CAR,PHI,0
2009,2009-09-13,CHI,GB,0
2009,2009-09-13,CIN,DEN,0
2009,2009-09-13,CLE,MIN,0
2009,2009-09-13,DAL,TB,0
2009,2009-09-13,DEN,CIN,0
2009,2009-09-13,DET,NO,0
2009,2009-09-13,GB,CHI,0
2009,2009-09-13,HOU,NYJ,0
2009,2009-09-13,IND,JAX,0
2009,2009-09-13,JAX,IND,0
2009,2009-09-13,KC,BAL,0
2009,2009-09-13,MIA,ATL,0
2009,2009-09-13,MIN,CLE,0
2009,2009-09-13,NO,DET,0
2009,2009-09-13,NYG,WAS,0
2009,2009-09-13,NYJ,HOU,0
2009,2009-09-13,PHI,CAR,0
2009,2009-09-13,SEA,STL,0
2009,2009-09-13,SF,ARI,0
2009,2009-09-13,STL,SEA,0
2009,2009-09-13,TB,DAL,0
2009,2009-09-13,WAS,NYG,0
2009,2009-09-14,BUF,NE,0
2009,2009-09-14,NE,BUF,0
2009,2009-09-14,OAK,SD,0
2009,2009-09-14,SD,OAK,0
2009,2009-09-20,ARI,JAX,0
2009,2009-09-20,ATL,CAR,0
2009,2009-09-20,BAL,SD,0
2009,2009-09-20,BUF,TB,0
2009,2009-09-20,CAR,ATL,0
2009,2009-09-20,CHI,PIT,0
2009,2009-09-20,CIN,GB,0
2009,2009-09-20,CLE,DEN,0
2009,2009-09-20,DAL,NYG,0
2009,2009-09-20,DEN,CLE,0
2009,2009-09-20,DET,MIN,0
2009,2009-09-20,GB,CIN,0
2009,2009-09-20,HOU,TEN,0
2009,2009-09-20,JAX,ARI,0
2009,2009-09-20,KC,OAK,0
2009,2009-09-20,MIN,DET,0
2009,2009-09-20,NE,NYJ,0
2009,2009-09-20,NO,PHI,0
2009,2009-09-20,NYG,DAL,0
2009,2009-09-20,NYJ,NE,0
2009,2009-09-20,OAK,KC,0
2009,2009-09-20,PHI,NO,0
2009,2009-09-20,PIT,CHI,0
2009,2009-09-20,SD,BAL,0
2009,2009-09-20,SEA,SF,0
2009,2009-09-20,SF,SEA,0
2009,2009-09-20,STL,WAS,0
2009,2009-09-20,TB,BUF,0
2009,2009-09-20,TEN,HOU,0
2009,2009-09-20,WAS,STL,0
2009,2009-09-21,IND,MIA,0
2009,2009-09-21,MIA,IND,0
2009,2009-09-27,ARI,IND,0
2009,2009-09-27,ATL,NE,0
2009,2009-09-27,BAL,CLE,0
2009,2009-09-27,BUF,NO,0
2009,2009-09-27,CHI,SEA,0
2009,2009-09-27,CIN,PIT,0
2009,2009-09-27,CLE,BAL,0
2009,2009-09-27,DEN,OAK,0
2009,2009-09-27,DET,WAS,0
2009,2009-09-27,GB,STL,0
2009,2009-09-27,HOU,JAX,0
2009,2009-09-27,IND,ARI,0
2009,2009-09-27,JAX,HOU,0
2009,2009-09-27,KC,PHI,0
2009,2009-09-27,MIA,SD,0
2009,2009-09-27,MIN,SF,0
2009,2009-09-27,NE,ATL,0
2009,2009-09-27,NO,BUF,0
2009,2009-09-27,NYG,TB,0
2009,2009-09-27,NYJ,TEN,0
2009,2009-09-27,OAK,DEN,0
2009,2009-09-27,PHI,KC,0
2009,2009-09-27,PIT,CIN,0
2009,2009-09-27,SD,MIA,0
2009,2009-09-27,SEA,CHI,0
2009,2009-09-27,SF,MIN,0
2009,2009-09-27,STL,GB,0
2009,2009-09-27,TB,NYG,0
2009,2009-09-27,TEN,NYJ,0
2009,2009-09-27,WAS,DET,0
2009,2009-09-28,CAR,DAL,0
2009,2009-09-28,DAL,CAR,0
2009,2009-10-04,BAL,NE,0
2009,2009-10-04,BUF,MIA,0
2009,2009-10-04,CHI,DET,0
2009,2009-10-04,CIN,CLE,1
2009,2009-10-04,CLE,CIN,1
2009,2009-10-04,DAL,DEN,0
2009,2009-10-04,DEN,DAL,0
2009,2009-10-04,DET,CHI,0
2009,2009-10-04,HOU,OAK,0
2009,2009-10-04,IND,SEA,0
2009,2009-10-04,JAX,TEN,0
2009,2009-10-04,KC,NYG,0
2009,2009-10-04,MIA,BUF,0
2009,2009-10-04,NE,BAL,0
2009,2009-10-04,NO,NYJ,0
2009,2009-10-04,NYG,KC,0
2009,2009-10-04,NYJ,NO,0
2009,2009-10-04,OAK,HOU,0
2009,2009-10-04,PIT,SD,0
2009,2009-10-04,SD,PIT,0
2009,2009-10-04,SEA,IND,0
2009,2009-10-04,SF,STL,0
2009,2009-10-04,STL,SF,0
2009,2009-10-04,TB,WAS,0
2009,2009-10-04,TEN,JAX,0
2009,2009-10-04,WAS,TB,0
2009,2009-10-05,GB,MIN,0
2009,2009-10-05,MIN,GB,0
2009,2009-10-11,ARI,HOU,0
2009,2009-10-11,ATL,SF,0
2009,2009-10-11,BAL,CIN,0
2009,2009-10-11,BUF,CLE,0
2009,2009-10-11,CAR,WAS,0
2009,2009-10-11,CIN,BAL,0
2009,2009-10-11,CLE,BUF,0
2009,2009-10-11,DAL,KC,1
2009,2009-10-11,DEN,NE,1
2009,2009-10-11,DET,PIT,0
2009,2009-10-11,HOU,ARI,0
2009,2009-10-11,IND,TEN,0
2009,2009-10-11,JAX,SEA,0
2009,2009-10-11,KC,DAL,1
2009,2009-10-11,MIN,STL,0
2009,2009-10-11,NE,DEN,1
2009,2009-10-11,NYG,OAK,0
2009,2009-10-11,OAK,NYG,0
2009,2009-10-11,PHI,TB,0
2009,2009-10-11,PIT,DET,0
2009,2009-10-11,SEA,JAX,0
2009,2009-10-11,SF,ATL,0
2009,2009-10-11,STL,MIN,0
2009,2009-10-11,TB,PHI,0
2009,2009-10-11,TEN,IND,0
2009,2009-10-11,WAS,CAR,0
2009,2009-10-12,MIA,NYJ,0
2009,2009-10-12,NYJ,MIA,0
2009,2009-10-18,ARI,SEA,0
2009,2009-10-18,ATL,CHI,0
2009,2009-10-18,BAL,MIN,0
2009,2009-10-18,BUF,NYJ,1
2009,2009-10-18,CAR,TB,0
2009,2009-10-18,CHI,ATL,0
2009,2009-10-18,CIN,HOU,0
2009,2009-10-18,CLE,PIT,0
2009,2009-10-18,DET,GB,0
2009,2009-10-18,GB,DET,0
2009,2009-10-18,HOU,CIN,0
2009,2009-10-18,JAX,STL,1
2009,2009-10-18,KC,WAS,0
2009,2009-10-18,MIN,BAL,0
2009,2009-10-18,NE,TEN,0
2009,2009-10-18,NO,NYG,0
2009,2009-10-18,NYG,NO,0
2009,2009-10-18,NYJ,BUF,1
2009,2009-10-18,OAK,PHI,0
2009,2009-10-18,PHI,OAK,0
2009,2009-10-18,PIT,CLE,0
2009,2009-10-18,SEA,ARI,0
2009,2009-10-18,STL,JAX,1
2009,2009-10-18,TB,CAR,0
2009,2009-10-18,TEN,NE,0
2009,2009-10-18,WAS,KC,0
2009,2009-10-19,DEN,SD,0
2009,2009-10-19,SD,DEN,0
2009,2009-10-25,ARI,NYG,0
2009,2009-10-25,ATL,DAL,0
2009,2009-10-25,BUF,CAR,0
2009,2009-10-25,CAR,BUF,0
2009,2009-10-25,CHI,CIN,0
2009,2009-10-25,CIN,CHI,0
2009,2009-10-25,CLE,GB,0
2009,2009-10-25,DAL,ATL,0
2009,2009-10-25,GB,CLE,0
2009,2009-10-25,HOU,SF,0
2009,2009-10-25,IND,STL,0
2009,2009-10-25,KC,SD,0
2009,2009-10-25,MIA,NO,0
2009,2009-10-25,MIN,PIT,0
2009,2009-10-25,NE,TB,0
2009,2009-10-25,NO,MIA,0
2009,2009-10-25,NYG,ARI,0
2009,2009-10-25,NYJ,OAK,0
2009,2009-10-25,OAK,NYJ,0
2009,2009-10-25,PIT,MIN,0
2009,2009-10-25,SD,KC,0
2009,2009-10-25,SF,HOU,0
2009,2009-10-25,STL,IND,0
2009,2009-10-25,TB,NE,0
2009,2009-10-26,PHI,WAS,0
2009,2009-10-26,WAS,PHI,0
2009,2009-11-01,ARI,CAR,0
2009,2009-11-01,BAL,DEN,0
2009,2009-11-01,BUF,HOU,0
2009,2009-11-01,CAR,ARI,0
2009,2009-11-01,CHI,CLE,0
2009,2009-11-01,CLE,CHI,0
2009,2009-11-01,DAL,SEA,0
2009,2009-11-01,DEN,BAL,0
2009,2009-11-01,DET,STL,0
2009,2009-11-01,GB,MIN,0
2009,2009-11-01,HOU,BUF,0
2009,2009-11-01,IND,SF,0
2009,2009-11-01,JAX,TEN,0
2009,2009-11-01,MIA,NYJ,0
2009,2009-11-01,MIN,GB,0
2009,2009-11-01,NYG,PHI,0
2009,2009-11-01,NYJ,MIA,0
2009,2009-11-01,OAK,SD,0
2009,2009-11-01,PHI,NYG,0
2009,2009-11-01,SD,OAK,0
2009,2009-11-01,SEA,DAL,0
2009,2009-11-01,SF,IND,0
2009,2009-11-01,STL,DET,0
2009,2009-11-01,TEN,JAX,0
2009,2009-11-02,ATL,NO,0
2009,2009-11-02,NO,ATL,0
2009,2009-11-08,ARI,CHI,0
2009,2009-11-08,ATL,WAS,0
2009,2009-11-08,BAL,CIN,0
2009,2009-11-08,CAR,NO,0
2009,2009-11-08,CHI,ARI,0
2009,2009-11-08,CIN,BAL,0
2009,2009-11-08,DAL,PHI,0
2009,2009-11-08,DET,SEA,0
2009,2009-11-08,GB,TB,0
2009,2009-11-08,HOU,IND,0
2009,2009-11-08,IND,HOU,0
2009,2009-11-08,JAX,KC,0
2009,2009-11-08,KC,JAX,0
2009,2009-11-08,MIA,NE,0
2009,2009-11-08,NE,MIA,0
2009,2009-11-08,NO,CAR,0
2009,2009-11-08,NYG,SD,0
2009,2009-11-08,PHI,DAL,0
2009,2009-11-08,SD,NYG,0
2009,2009-11-08,SEA,DET,0
2009,2009-11-08,SF,TEN,0
2009,2009-11-08,TB,GB,0
2009,2009-11-08,TEN,SF,0
2009,2009-11-08,WAS,ATL,0
2009,2009-11-09,DEN,PIT,0
2009,2009-11-09,PIT,DEN,0
2009,2009-11-12,CHI,SF,0
2009,2009-11-12,SF,CHI,0
2009,2009-11-15,ARI,SEA,0
2009,2009-11-15,ATL,CAR,0
2009,2009-11-15,BUF,TEN,0
2009,2009-11-15,CAR,ATL,0
2009,2009-11-15,CIN,PIT,0
2009,2009-11-15,DAL,GB,0
2009,2009-11-15,DEN,WAS,0
2009,2009-11-15,DET,MIN,0
2009,2009-11-15,GB,DAL,0
2009,2009-11-15,IND,NE,0
2009,2009-11-15,JAX,NYJ,0
2009,2009-11-15,KC,OAK,0
2009,2009-11-15,MIA,TB,0
2009,2009-11-15,MIN,DET,0
2009,2009-11-15,NE,IND,0
2009,2009-11-15,NO,STL,0
2009,2009-11-15,NYJ,JAX,0
2009,2009-11-15,OAK,KC,0
2009,2009-11-15,PHI,SD,0
2009,2009-11-15,PIT,CIN,0
2009,2009-11-15,SD,PHI,0
2009,2009-11-15,SEA,ARI,0
2009,2009-11-15,STL,NO,0
2009,2009-11-15,TB,MIA,0
2009,2009-11-15,TEN,BUF,0
2009,2009-11-15,WAS,DEN,0
2009,2009-11-16,BAL,CLE,0
2009,2009-11-16,CLE,BAL,0
2009,2009-11-19,CAR,MIA,0
2009,2009-11-19,MIA,CAR,0
2009,2009-11-22,ARI,STL,0
2009,2009-11-22,ATL,NYG,1
2009,2009-11-22,BAL,IND,0
2009,2009-11-22,BUF,JAX,0
2009,2009-11-22,CHI,PHI,0
2009,2009-11-22,CIN,OAK,0
2009,2009-11-22,CLE,DET,0
2009,2009-11-22,DAL,WAS,0
2009,2009-11-22,DEN,SD,0
2009,2009-11-22,DET,CLE,0
2009,2009-11-22,GB,SF,0
2009,2009-11-22,IND,BAL,0
2009,2009-11-22,JAX,BUF,0
2009,2009-11-22,KC,PIT,1
2009,2009-11-22,MIN,SEA,0
2009,2009-11-22,NE,NYJ,0
2009,2009-11-22,NO,TB,0
2009,2009-11-22,NYG,ATL,1
2009,2009-11-22,NYJ,NE,0
2009,2009-11-22,OAK,CIN,0
2009,2009-11-22,PHI,CHI,0
2009,2009-11-22,PIT,KC,1
2009,2009-11-22,SD,DEN,0
2009,2009-11-22,SEA,MIN,0
2009,2009-11-22,SF,GB,0
2009,2009-11-22,STL,ARI,0
2009,2009-11-22,TB,NO,0
2009,2009-11-22,WAS,DAL,0
2009,2009-11-23,HOU,TEN,0
2009,2009-11-23,TEN,HOU,0
2009,2009-11-26,DAL,OAK,0
2009,2009-11-26,DEN,NYG,0
2009,2009-11-26,DET,GB,0
2009,2009-11-26,GB,DET,0
2009,2009-11-26,NYG,DEN,0
2009,2009-11-26,OAK,DAL,0
2009,2009-11-29,ARI,TEN,0
2009,2009-11-29,ATL,TB,0
2009,2009-11-29,BAL,PIT,1
2009,2009-11-29,BUF,MIA,0
2009,2009-11-29,CAR,NYJ,0
2009,2009-11-29,CHI,MIN,0
2009,2009-11-29,CIN,CLE,0
2009,2009-11-29,CLE,CIN,0
2009,2009-11-29,HOU,IND,0
2009,2009-11-29,IND,HOU,0
2009,2009-11-29,JAX,SF,0
2009,2009-11-29,KC,SD,0
2009,2009-11-29,MIA,BUF,0
2009,2009-11-29,MIN,CHI,0
2009,2009-11-29,NYJ,CAR,0
2009,2009-11-29,PHI,WAS,0
2009,2009-11-29,PIT,BAL,1
2009,2009-11-29,SD,KC,0
2009,2009-11-29,SEA,STL,0
2009,2009-11-29,SF,JAX,0
2009,2009-11-29,STL,SEA,0
2009,2009-11-29,TB,ATL,0
2009,2009-11-29,TEN,ARI,0
2009,2009-11-29,WAS,PHI,0
2009,2009-11-30,NE,NO,0
2009,2009-11-30,NO,NE,0
2009,2009-12-03,BUF,NYJ,0
2009,2009-12-03,NYJ,BUF,0
2009,2009-12-06,ARI,MIN,0
2009,2009-12-06,ATL,PHI,0
2009,2009-12-06,CAR,TB,0
2009,2009-12-06,CHI,STL,0
2009,2009-12-06,CIN,DET,0
2009,2009-12-06,CLE,SD,0
2009,2009-12-06,DAL,NYG,0
2009,2009-12-06,DEN,KC,0
2009,2009-12-06,DET,CIN,0
2009,2009-12-06,HOU,JAX,0
2009,2009-12-06,IND,TEN,0
2009,2009-12-06,JAX,HOU,0
2009,2009-12-06,KC,DEN,0
2009,2009-12-06,MIA,NE,0
2009,2009-12-06,MIN,ARI,0
2009,2009-12-06,NE,MIA,0
2009,2009-12-06,NO,WAS,1
2009,2009-12-06,NYG,DAL,0
2009,2009-12-06,OAK,PIT,0
2009,2009-12-06,PHI,ATL,0
2009,2009-12-06,PIT,OAK,0
2009,2009-12-06,SD,CLE,0
2009,2009-12-06,SEA,SF,0
2009,2009-12-06,SF,SEA,0
2009,2009-12-06,STL,CHI,0
2009,2009-12-06,TB,CAR,0
2009,2009-12-06,TEN,IND,0
2009,2009-12-06,WAS,NO,1
2009,2009-12-07,BAL,GB,0
2009,2009-12-07,GB,BAL,0
2009,2009-12-10,CLE,PIT,0
2009,2009-12-10,PIT,CLE,0
2009,2009-12-13,ATL,NO,0
2009,2009-12-13,BAL,DET,0
2009,2009-12-13,BUF,KC,0
2009,2009-12-13,CAR,NE,0
2009,2009-12-13,CHI,GB,0
2009,2009-12-13,CIN,MIN,0
2009,2009-12-13,DAL,SD,0
2009,2009-12-13,DEN,IND,0
2009,2009-12-13,DET,BAL,0
2009,2009-12-13,GB,CHI,0
2009,2009-12-13,HOU,SEA,0
2009,2009-12-13,IND,DEN,0
2009,2009-12-13,JAX,MIA,0
2009,2009-12-13,KC,BUF,0
2009,2009-12-13,MIA,JAX,0
2009,2009-12-13,MIN,CIN,0
2009,2009-12-13,NE,CAR,0
2009,2009-12-13,NO,ATL,0
2009,2009-12-13,NYG,PHI,0
2009,2009-12-13,NYJ,TB,0
2009,2009-12-13,OAK,WAS,0
2009,2009-12-13,PHI,NYG,0
2009,2009-12-13,SD,DAL,0
2009,2009-12-13,SEA,HOU,0
2009,2009-12-13,STL,TEN,0
2009,2009-12-13,TB,NYJ,0
2009,2009-12-13,TEN,STL,0
2009,2009-12-13,WAS,OAK,0
2009,2009-12-14,ARI,SF,0
2009,2009-12-14,SF,ARI,0
2009,2009-12-17,IND,JAX,0
2009,2009-12-17,JAX,IND,0
2009,2009-12-19,DAL,NO,0
2009,2009-12-19,NO,DAL,0
2009,2009-12-20,ARI,DET,0
2009,2009-12-20,ATL,NYJ,0
2009,2009-12-20,BAL,CHI,0
2009,2009-12-20,BUF,NE,0
2009,2009-12-20,CAR,MIN,0
2009,2009-12-20,CHI,BAL,0
2009,2009-12-20,CIN,SD,0
2009,2009-12-20,CLE,KC,0
2009,2009-12-20,DEN,OAK,0
2009,2009-12-20,DET,ARI,0
2009,2009-12-20,GB,PIT,0
2009,2009-12-20,HOU,STL,0
2009,2009-12-20,KC,CLE,0
2009,2009-12-20,MIA,TEN,1
2009,2009-12-20,MIN,CAR,0
2009,2009-12-20,NE,BUF,0
2009,2009-12-20,NYJ,ATL,0
2009,2009-12-20,OAK,DEN,0
2009,2009-12-20,PHI,SF,0
2009,2009-12-20,PIT,GB,0
2009,2009-12-20,SD,CIN,0
2009,2009-12-20,SEA,TB,0
2009,2009-12-20,SF,PHI,0
2009,2009-12-20,STL,HOU,0
2009,2009-12-20,TB,SEA,0
2009,2009-12-20,TEN,MIA,1
2009,2009-12-21,NYG,WAS,0
2009,2009-12-21,WAS,NYG,0
2009,2009-12-25,SD,TEN,0
2009,2009-12-25,TEN,SD,0
2009,2009-12-27,ARI,STL,0
2009,2009-12-27,ATL,BUF,0
2009,2009-12-27,BAL,PIT,0
2009,2009-12-27,BUF,ATL,0
2009,2009-12-27,CAR,NYG,0
2009,2009-12-27,CIN,KC,0
2009,2009-12-27,CLE,OAK,0
2009,2009-12-27,DAL,WAS,0
2009,2009-12-27,DEN,PHI,0
2009,2009-12-27,DET,SF,0
2009,2009-12-27,GB,SEA,0
2009,2009-12-27,HOU,MIA,0
2009,2009-12-27,IND,NYJ,0
2009,2009-12-27,JAX,NE,0
2009,2009-12-27,KC,CIN,0
2009,2009-12-27,MIA,HOU,0
2009,2009-12-27,NE,JAX,0
2009,2009-12-27,NO,TB,1
2009,2009-12-27,NYG,CAR,0
2009,2009-12-27,NYJ,IND,0
2009,2009-12-27,OAK,CLE,0
2009,2009-12-27,PHI,DEN,0
2009,2009-12-27,PIT,BAL,0
2009,2009-12-27,SEA,GB,0
2009,2009-12-27,SF,DET,0
2009,2009-12-27,STL,ARI,0
2009,2009-12-27,TB,NO,1
2009,2009-12-27,WAS,DAL,0
2009,2009-12-28,CHI,MIN,1
2009,2009-12-28,MIN,CHI,1
2009,2010-01-03,ARI,GB,0
2009,2010-01-03,ATL,TB,0
2009,2010-01-03,BAL,OAK,0
2009,2010-01-03,BUF,IND,0
2009,2010-01-03,CAR,NO,0
2009,2010-01-03,CHI,DET,0
2009,2010-01-03,CIN,NYJ,0
2009,2010-01-03,CLE,JAX,0
2009,2010-01-03,DAL,PHI,0
2009,2010-01-03,DEN,KC,0
2009,2010-01-03,DET,CHI,0
2009,2010-01-03,GB,ARI,0
2009,2010-01-03,HOU,NE,0
2009,2010-01-03,IND,BUF,0
2009,2010-01-03,JAX,CLE,0
2009,2010-01-03,KC,DEN,0
2009,2010-01-03,MIA,PIT,0
2009,2010-01-03,MIN,NYG,0
2009,2010-01-03,NE,HOU,0
2009,2010-01-03,NO,CAR,0
2009,2010-01-03,NYG,MIN,0
2009,2010-01-03,NYJ,CIN,0
2009,2010-01-03,OAK,BAL,0
2009,2010-01-03,PHI,DAL,0
2009,2010-01-03,PIT,MIA,0
2009,2010-01-03,SD,WAS,0
2009,2010-01-03,SEA,TEN,0
2009,2010-01-03,SF,STL,0
2009,2010-01-03,STL,SF,0
2009,2010-01-03,TB,ATL,0
2009,2010-01-03,TEN,SEA,0
2009,2010-01-03,WAS,SD,0
2009,2010-01-09,CIN,NYJ,0
2009,2010-01-09,DAL,PHI,0
2009,2010-01-09,NYJ,CIN,0
2009,2010-01-09,PHI,DAL,0
2009,2010-01-10,ARI,GB,1
2009,2010-01-10,BAL,NE,0
2009,2010-01-10,GB,ARI,1
2009,2010-01-10,NE,BAL,0
2009,2010-01-16,ARI,NO,0
2009,2010-01-16,BAL,IND,0
2009,2010-01-16,IND,BAL,0
2009,2010-01-16,NO,ARI,0
2009,2010-01-17,DAL,MIN,0
2009,2010-01-17,MIN,DAL,0
2009,2010-01-17,NYJ,SD,0
2009,2010-01-17,SD,NYJ,0
2009,2010-01-24,IND,NYJ,0
2009,2010-01-24,MIN,NO,1
2009,2010-01-24,NO,MIN,1
2009,2010-01-24,NYJ,IND,0
2009,2010-02-07,IND,NO,0
2009,2010-02-07,NO,IND,0
2010,2010-09-09,MIN,NO,0
2010,2010-09-09,NO,MIN,0
2010,2010-09-12,ARI,STL,0
2010,2010-09-12,ATL,PIT,1
2010,2010-09-12,BUF,MIA,0
2010,2010-09-12,CAR,NYG,0
2010,2010-09-12,CHI,DET,0
2010,2010-09-12,CIN,NE,0
2010,2010-09-12,CLE,TB,0
2010,2010-09-12,DAL,WAS,0
2010,2010-09-12,DEN,JAX,0
2010,2010-09-12,DET,CHI,0
2010,2010-09-12,GB,PHI,0
2010,2010-09-12,HOU,IND,0
2010,2010-09-12,IND,HOU,0
2010,2010-09-12,JAX,DEN,0
2010,2010-09-12,MIA,BUF,0
2010,2010-09-12,NE,CIN,0
2010,2010-09-12,NYG,CAR,0
2010,2010-09-12,OAK,TEN,0
2010,2010-09-12,PHI,GB,0
2010,2010-09-12,PIT,ATL,1
2010,2010-09-12,SEA,SF,0
2010,2010-09-12,SF,SEA,0
2010,2010-09-12,STL,ARI,0
2010,2010-09-12,TB,CLE,0
2010,2010-09-12,TEN,OAK,0
2010,2010-09-12,WAS,DAL,0
2010,2010-09-13,BAL,NYJ,0
2010,2010-09-13,KC,SD,0
2010,2010-09-13,NYJ,BAL,0
2010,2010-09-13,SD,KC,0
2010,2010-09-19,ARI,ATL,0
2010,2010-09-19,ATL,ARI,0
2010,2010-09-19,BAL,CIN,0
2010,2010-09-19,BUF,GB,0
2010,2010-09-19,CAR,TB,0
2010,2010-09-19,CHI,DAL,0
2010,2010-09-19,CIN,BAL,0
2010,2010-09-19,CLE,KC,0
2010,2010-09-19,DAL,CHI,0
2010,2010-09-19,DEN,SEA,0
2010,2010-09-19,DET,PHI,0
2010,2010-09-19,GB,BUF,0
2010,2010-09-19,HOU,WAS,1
2010,2010-09-19,IND,NYG,0
2010,2010-09-19,JAX,SD,0
2010,2010-09-19,KC,CLE,0
2010,2010-09-19,MIA,MIN,0
2010,2010-09-19,MIN,MIA,0
2010,2010-09-19,NE,NYJ,0
2010,2010-09-19,NYG,IND,0
2010,2010-09-19,NYJ,NE,0
2010,2010-09-19,OAK,STL,0
2010,2010-09-19,PHI,DET,0
2010,2010-09-19,PIT,TEN,0
2010,2010-09-19,SD,JAX,0
2010,2010-09-19,SEA,DEN,0
2010,2010-09-19,STL,OAK,0
2010,2010-09-19,TB,CAR,0
2010,2010-09-19,TEN,PIT,0
2010,2010-09-19,WAS,HOU,1
2010,2010-09-20,NO,SF,0
2010,2010-09-20,SF,NO,0
2010,2010-09-26,ARI,OAK,0
2010,2010-09-26,ATL,NO,1
2010,2010-09-26,BAL,CLE,0
2010,2010-09-26,BUF,NE,0
2010,2010-09-26,CAR,CIN,0
2010,2010-09-26,CIN,CAR,0
2010,2010-09-26,CLE,BAL,0
2010,2010-09-26,DAL,HOU,0
2010,2010-09-26,DEN,IND,0
2010,2010-09-26,DET,MIN,0
2010,2010-09-26,HOU,DAL,0
2010,2010-09-26,IND,DEN,0
2010,2010-09-26,JAX,PHI,0
2010,2010-09-26,KC,SF,0
2010,2010-09-26,MIA,NYJ,0
2010,2010-09-26,MIN,DET,0
2010,2010-09-26,NE,BUF,0
2010,2010-09-26,NO,ATL,1
2010,2010-09-26,NYG,TEN,0
2010,2010-09-26,NYJ,MIA,0
2010,2010-09-26,OAK,ARI,0
2010,2010-09-26,PHI,JAX,0
2010,2010-09-26,PIT,TB,0
2010,2010-09-26,SD,SEA,0
2010,2010-09-26,SEA,SD,0
2010,2010-09-26,SF,KC,0
2010,2010-09-26,STL,WAS,0
2010,2010-09-26,TB,PIT,0
2010,2010-09-26,TEN,NYG,0
2010,2010-09-26,WAS,STL,0
2010,2010-09-27,CHI,GB,0
2010,2010-09-27,GB,CHI,0
2010,2010-10-03,ARI,SD,0
2010,2010-10-03,ATL,SF,0
2010,2010-10-03,BAL,PIT,0
2010,2010-10-03,BUF,NYJ,0
2010,2010-10-03,CAR,NO,0
2010,2010-10-03,CHI,NYG,0
2010,2010-10-03,CIN,CLE,0
2010,2010-10-03,CLE,CIN,0
2010,2010-10-03,DEN,TEN,0
2010,2010-10-03,DET,GB,0
2010,2010-10-03,GB,DET,0
2010,2010-10-03,HOU,OAK,0
2010,2010-10-03,IND,JAX,0
2010,2010-10-03,JAX,IND,0
2010,2010-10-03,NO,CAR,0
2010,2010-10-03,NYG,CHI,0
2010,2010-10-03,NYJ,BUF,0
2010,2010-10-03,OAK,HOU,0
2010,2010-10-03,PHI,WAS,0
2010,2010-10-03,PIT,BAL,0
2010,2010-10-03,SD,ARI,0
2010,2010-10-03,SEA,STL,0
2010,2010-10-03,SF,ATL,0
2010,2010-10-03,STL,SEA,0
2010,2010-10-03,TEN,DEN,0
2010,2010-10-03,WAS,PHI,0
2010,2010-10-04,MIA,NE,0
2010,2010-10-04,NE,MIA,0
2010,2010-10-10,ARI,NO,0
2010,2010-10-10,ATL,CLE,0
2010,2010-10-10,BAL,DEN,0
2010,2010-10-10,BUF,JAX,0
2010,2010-10-10,CAR,CHI,0
2010,2010-10-10,CHI,CAR,0
2010,2010-10-10,CIN,TB,0
2010,2010-10-10,CLE,ATL,0
2010,2010-10-10,DAL,TEN,0
2010,2010-10-10,DEN,BAL,0
2010,2010-10-10,DET,STL,0
2010,2010-10-10,GB,WAS,1
2010,2010-10-10,HOU,NYG,0
2010,2010-10-10,IND,KC,0
2010,2010-10-10,JAX,BUF,0
2010,2010-10-10,KC,IND,0
2010,2010-10-10,NO,ARI,0
2010,2010-10-10,NYG,HOU,0
2010,2010-10-10,OAK,SD,0
2010,2010-10-10,PHI,SF,0
2010,2010-10-10,SD,OAK,0
2010,2010-10-10,SF,PHI,0
2010,2010-10-10,STL,DET,0
2010,2010-10-10,TB,CIN,0
2010,2010-10-10,TEN,DAL,0
2010,2010-10-10,WAS,GB,1
2010,2010-10-11,MIN,NYJ,0
2010,2010-10-11,NYJ,MIN,0
2010,2010-10-17,ATL,PHI,0
2010,2010-10-17,BAL,NE,1
2010,2010-10-17,CHI,SEA,0
2010,2010-10-17,CLE,PIT,0
2010,2010-10-17,DAL,MIN,0
2010,2010-10-17,DEN,NYJ,0
2010,2010-10-17,DET,NYG,0
2010,2010-10-17,GB,MIA,1
2010,2010-10-17,HOU,KC,0
2010,2010-10-17,IND,WAS,0
2010,2010-10-17,KC,HOU,0
2010,2010-10-17,MIA,GB,1
2010,2010-10-17,MIN,DAL,0
2010,2010-10-17,NE,BAL,1
2010,2010-10-17,NO,TB,0
2010,2010-10-17,NYG,DET,0
2010,2010-10-17,NYJ,DEN,0
2010,2010-10-17,OAK,SF,0
2010,2010-10-17,PHI,ATL,0
2010,2010-10-17,PIT,CLE,0
2010,2010-10-17,SD,STL,0
2010,2010-10-17,SEA,CHI,0
2010,2010-10-17,SF,OAK,0
2010,2010-10-17,STL,SD,0
2010,2010-10-17,TB,NO,0
2010,2010-10-17,WAS,IND,0
2010,2010-10-18,JAX,TEN,0
2010,2010-10-18,TEN,JAX,0
2010,2010-10-24,ARI,SEA,0
2010,2010-10-24,ATL,CIN,0
2010,2010-10-24,BAL,BUF,1
2010,2010-10-24,BUF,BAL,1
2010,2010-10-24,CAR,SF,0
2010,2010-10-24,CHI,WAS,0
2010,2010-10-24,CIN,ATL,0
2010,2010-10-24,CLE,NO,0
2010,2010-10-24,DEN,OAK,0
2010,2010-10-24,GB,MIN,0
2010,2010-10-24,JAX,KC,0
2010,2010-10-24,KC,JAX,0
2010,2010-10-24,MIA,PIT,0
2010,2010-10-24,MIN,GB,0
2010,2010-10-24,NE,SD,0
2010,2010-10-24,NO,CLE,0
2010,2010-10-24,OAK,DEN,0
2010,2010-10-24,PHI,TEN,0
2010,2010-10-24,PIT,MIA,0
2010,2010-10-24,SD,NE,0
2010,2010-10-24,SEA,ARI,0
2010,2010-10-24,SF,CAR,0
2010,2010-10-24,STL,TB,0
2010,2010-10-24,TB,STL,0
2010,2010-10-24,TEN,PHI,0
2010,2010-10-24,WAS,CHI,0
2010,2010-10-25,DAL,NYG,0
2010,2010-10-25,NYG,DAL,0
2010,2010-10-31,ARI,TB,0
2010,2010-10-31,BUF,KC,1
2010,2010-10-31,CAR,STL,0
2010,2010-10-31,CIN,MIA,0
2010,2010-10-31,DAL,JAX,0
2010,2010-10-31,DEN,SF,0
2010,2010-10-31,DET,WAS,0
2010,2010-10-31,GB,NYJ,0
2010,2010-10-31,JAX,DAL,0
2010,2010-10-31,KC,BUF,1
2010,2010-10-31,MIA,CIN,0
2010,2010-10-31,MIN,NE,0
2010,2010-10-31,NE,MIN,0
2010,2010-10-31,NO,PIT,0
2010,2010-10-31,NYJ,GB,0
2010,2010-10-31,OAK,SEA,0
2010,2010-10-31,PIT,NO,0
2010,2010-10-31,SD,TEN,0
2010,2010-10-31,SEA,OAK,0
2010,2010-10-31,SF,DEN,0
2010,2010-10-31,STL,CAR,0
2010,2010-10-31,TB,ARI,0
2010,2010-10-31,TEN,SD,0
2010,2010-10-31,WAS,DET,0
2010,2010-11-01,HOU,IND,0
2010,2010-11-01,IND,HOU,0
2010,2010-11-07,ARI,MIN,1
2010,2010-11-07,ATL,TB,0
2010,2010-11-07,BAL,MIA,0
2010,2010-11-07,BUF,CHI,0
2010,2010-11-07,CAR,NO,0
2010,2010-11-07,CHI,BUF,0
2010,2010-11-07,CLE,NE,0
2010,2010-11-07,DAL,GB,0
2010,2010-11-07,DET,NYJ,1
2010,2010-11-07,GB,DAL,0
2010,2010-11-07,HOU,SD,0
2010,2010-11-07,IND,PHI,0
2010,2010-11-07,KC,OAK,1
2010,2010-11-07,MIA,BAL,0
2010,2010-11-07,MIN,ARI,1
2010,2010-11-07,NE,CLE,0
2010,2010-11-07,NO,CAR,0
2010,2010-11-07,NYG,SEA,0
2010,2010-11-07,NYJ,DET,1
2010,2010-11-07,OAK,KC,1
2010,2010-11-07,PHI,IND,0
2010,2010-11-07,SD,HOU,0
2010,2010-11-07,SEA,NYG,0
2010,2010-11-07,TB,ATL,0
2010,2010-11-08,CIN,PIT,0
2010,2010-11-08,PIT,CIN,0
2010,2010-11-11,ATL,BAL,0
2010,2010-11-11,BAL,ATL,0
2010,2010-11-14,ARI,SEA,0
2010,2010-11-14,BUF,DET,0
2010,2010-11-14,CAR,TB,0
2010,2010-11-14,CHI,MIN,0
2010,2010-11-14,CIN,IND,0
2010,2010-11-14,CLE,NYJ,1
2010,2010-11-14,DAL,NYG,0
2010,2010-11-14,DEN,KC,0
2010,2010-11-14,DET,BUF,0
2010,2010-11-14,HOU,JAX,0
2010,2010-11-14,IND,CIN,0
2010,2010-11-14,JAX,HOU,0
2010,2010-11-14,KC,DEN,0
2010,2010-11-14,MIA,TEN,0
2010,2010-11-14,MIN,CHI,0
2010,2010-11-14,NE,PIT,0
2010,2010-11-14,NYG,DAL,0
2010,2010-11-14,NYJ,CLE,1
2010,2010-11-14,PIT,NE,0
2010,2010-11-14,SEA,ARI,0
2010,2010-11-14,SF,STL,1
2010,2010-11-14,STL,SF,1
2010,2010-11-14,TB,CAR,0
2010,2010-11-14,TEN,MIA,0
2010,2010-11-15,PHI,WAS,0
2010,2010-11-15,WAS,PHI,0
2010,2010-11-18,CHI,MIA,0
2010,2010-11-18,MIA,CHI,0
2010,2010-11-21,ARI,KC,0
2010,2010-11-21,ATL,STL,0
2010,2010-11-21,BAL,CAR,0
2010,2010-11-21,BUF,CIN,0
2010,2010-11-21,CAR,BAL,0
2010,2010-11-21,CIN,BUF,0
2010,2010-11-21,CLE,JAX,0
2010,2010-11-21,DAL,DET,0
2010,2010-11-21,DET,DAL,0
2010,2010-11-21,GB,MIN,0
2010,2010-11-21,HOU,NYJ,0
2010,2010-11-21,IND,NE,0
2010,2010-11-21,JAX,CLE,0
2010,2010-11-21,KC,ARI,0
2010,2010-11-21,MIN,GB,0
2010,2010-11-21,NE,IND,0
2010,2010-11-21,NO,SEA,0
2010,2010-11-21,NYG,PHI,0
2010,2010-11-21,NYJ,HOU,0
2010,2010-11-21,OAK,PIT,0
2010,2010-11-21,PHI,NYG,0
2010,2010-11-21,PIT,OAK,0
2010,2010-11-21,SEA,NO,0
2010,2010-11-21,SF,TB,0
2010,2010-11-21,STL,ATL,0
2010,2010-11-21,TB,SF,0
2010,2010-11-21,TEN,WAS,1
2010,2010-11-21,WAS,TEN,1
2010,2010-11-22,DEN,SD,0
2010,2010-11-22,SD,DEN,0
2010,2010-11-25,CIN,NYJ,0
2010,2010-11-25,DAL,NO,0
2010,2010-11-25,DET,NE,0
2010,2010-11-25,NE,DET,0
2010,2010-11-25,NO,DAL,0
2010,2010-11-25,NYJ,CIN,0
2010,2010-11-28,ATL,GB,0
2010,2010-11-28,BAL,TB,0
2010,2010-11-28,BUF,PIT,1
2010,2010-11-28,CAR,CLE,0
2010,2010-11-28,CHI,PHI,0
2010,2010-11-28,CLE,CAR,0
2010,2010-11-28,DEN,STL,0
2010,2010-11-28,GB,ATL,0
2010,2010-11-28,HOU,TEN,0
2010,2010-11-28,IND,SD,0
2010,2010-11-28,JAX,NYG,0
2010,2010-11-28,KC,SEA,0
2010,2010-11-28,MIA,OAK,0
2010,2010-11-28,MIN,WAS,0
2010,2010-11-28,NYG,JAX,0
2010,2010-11-28,OAK,MIA,0
2010,2010-11-28,PHI,CHI,0
2010,2010-11-28,PIT,BUF,1
2010,2010-11-28,SD,IND,0
2010,2010-11-28,SEA,KC,0
2010,2010-11-28,STL,DEN,0
2010,2010-11-28,TB,BAL,0
2010,2010-11-28,TEN,HOU,0
2010,2010-11-28,WAS,MIN,0
2010,2010-11-29,ARI,SF,0
2010,2010-11-29,SF,ARI,0
2010,2010-12-02,HOU,PHI,0
2010,2010-12-02,PHI,HOU,0
2010,2010-12-05,ARI,STL,0
2010,2010-12-05,ATL,TB,0
2010,2010-12-05,BAL,PIT,0
2010,2010-12-05,BUF,MIN,0
2010,2010-12-05,CAR,SEA,0
2010,2010-12-05,CHI,DET,0
2010,2010-12-05,CIN,NO,0
2010,2010-12-05,CLE,MIA,0
2010,2010-12-05,DAL,IND,1
2010,2010-12-05,DEN,KC,0
2010,2010-12-05,DET,CHI,0
2010,2010-12-05,GB,SF,0
2010,2010-12-05,IND,DAL,1
2010,2010-12-05,JAX,TEN,0
2010,2010-12-05,KC,DEN,0
2010,2010-12-05,MIA,CLE,0
2010,2010-12-05,MIN,BUF,0
2010,2010-12-05,NO,CIN,0
2010,2010-12-05,NYG,WAS,0
2010,2010-12-05,OAK,SD,0
2010,2010-12-05,PIT,BAL,0
2010,2010-12-05,SD,OAK,0
2010,2010-12-05,SEA,CAR,0
2010,2010-12-05,SF,GB,0
2010,2010-12-05,STL,ARI,0
2010,2010-12-05,TB,ATL,0
2010,2010-12-05,TEN,JAX,0
2010,2010-12-05,WAS,NYG,0
2010,2010-12-06,NE,NYJ,0
2010,2010-12-06,NYJ,NE,0
2010,2010-12-09,IND,TEN,0
2010,2010-12-09,TEN,IND,0
2010,2010-12-12,ARI,DEN,0
2010,2010-12-12,ATL,CAR,0
2010,2010-12-12,BUF,CLE,0
2010,2010-12-12,CAR,ATL,0
2010,2010-12-12,CHI,NE,0
2010,2010-12-12,CIN,PIT,0
2010,2010-12-12,CLE,BUF,0
2010,2010-12-12,DAL,PHI,0
2010,2010-12-12,DEN,ARI,0
2010,2010-12-12,DET,GB,0
2010,2010-12-12,GB,DET,0
2010,2010-12-12,JAX,OAK,0
2010,2010-12-12,KC,SD,0
2010,2010-12-12,MIA,NYJ,0
2010,2010-12-12,NE,CHI,0
2010,2010-12-12,NO,STL,0
2010,2010-12-12,NYJ,MIA,0
2010,2010-12-12,OAK,JAX,0
2010,2010-12-12,PHI,DAL,0
2010,2010-12-12,PIT,CIN,0
2010,2010-12-12,SD,KC,0
2010,2010-12-12,SEA,SF,0
2010,2010-12-12,SF,SEA,0
2010,2010-12-12,STL,NO,0
2010,2010-12-12,TB,WAS,0
2010,2010-12-12,WAS,TB,0
2010,2010-12-13,BAL,HOU,1
2010,2010-12-13,HOU,BAL,1
2010,2010-12-13,MIN,NYG,0
2010,2010-12-13,NYG,MIN,0
2010,2010-12-16,SD,SF,0
2010,2010-12-16,SF,SD,0
2010,2010-12-19,ARI,CAR,0
2010,2010-12-19,ATL,SEA,0
2010,2010-12-19,BAL,NO,0
2010,2010-12-19,BUF,MIA,0
2010,2010-12-19,CAR,ARI,0
2010,2010-12-19,CIN,CLE,0
2010,2010-12-19,CLE,CIN,0
2010,2010-12-19,DAL,WAS,0
2010,2010-12-19,DEN,OAK,0
2010,2010-12-19,DET,TB,1
2010,2010-12-19,GB,NE,0
2010,2010-12-19,HOU,TEN,0
2010,2010-12-19,IND,JAX,0
2010,2010-12-19,JAX,IND,0
2010,2010-12-19,KC,STL,0
2010,2010-12-19,MIA,BUF,0
2010,2010-12-19,NE,GB,0
2010,2010-12-19,NO,BAL,0
2010,2010-12-19,NYG,PHI,0
2010,2010-12-19,NYJ,PIT,0
2010,2010-12-19,OAK,DEN,0
2010,2010-12-19,PHI,NYG,0
2010,2010-12-19,PIT,NYJ,0
2010,2010-12-19,SEA,ATL,0
2010,2010-12-19,STL,KC,0
2010,2010-12-19,TB,DET,1
2010,2010-12-19,TEN,HOU,0
2010,2010-12-19,WAS,DAL,0
2010,2010-12-20,CHI,MIN,0
2010,2010-12-20,MIN,CHI,0
2010,2010-12-23,CAR,PIT,0
2010,2010-12-23,PIT,CAR,0
2010,2010-12-25,ARI,DAL,0
2010,2010-12-25,DAL,ARI,0
2010,2010-12-26,BAL,CLE,0
2010,2010-12-26,BUF,NE,0
2010,2010-12-26,CHI,NYJ,0
2010,2010-12-26,CIN,SD,0
2010,2010-12-26,CLE,BAL,0
2010,2010-12-26,DEN,HOU,0
2010,2010-12-26,DET,MIA,0
2010,2010-12-26,GB,NYG,0
2010,2010-12-26,HOU,DEN,0
2010,2010-12-26,IND,OAK,0
2010,2010-12-26,JAX,WAS,1
2010,2010-12-26,KC,TEN,0
2010,2010-12-26,MIA,DET,0
2010,2010-12-26,NE,BUF,0
2010,2010-12-26,NYG,GB,0
2010,2010-12-26,NYJ,CHI,0
2010,2010-12-26,OAK,IND,0
2010,2010-12-26,SD,CIN,0
2010,2010-12-26,SEA,TB,0
2010,2010-12-26,SF,STL,0
2010,2010-12-26,STL,SF,0
2010,2010-12-26,TB,SEA,0
2010,2010-12-26,TEN,KC,0
2010,2010-12-26,WAS,JAX,1
2010,2010-12-27,ATL,NO,0
2010,2010-12-27,NO,ATL,0
2010,2010-12-28,MIN,PHI,0
2010,2010-12-28,PHI,MIN,0
2010,2011-01-02,ARI,SF,0
2010,2011-01-02,ATL,CAR,0
2010,2011-01-02,BAL,CIN,0
2010,2011-01-02,BUF,NYJ,0
2010,2011-01-02,CAR,ATL,0
2010,2011-01-02,CHI,GB,0
2010,2011-01-02,CIN,BAL,0
2010,2011-01-02,CLE,PIT,0
2010,2011-01-02,DAL,PHI,0
2010,2011-01-02,DEN,SD,0
2010,2011-01-02,DET,MIN,0
2010,2011-01-02,GB,CHI,0
2010,2011-01-02,HOU,JAX,0
2010,2011-01-02,IND,TEN,0
2010,2011-01-02,JAX,HOU,0
2010,2011-01-02,KC,OAK,0
2010,2011-01-02,MIA,NE,0
2010,2011-01-02,MIN,DET,0
2010,2011-01-02,NE,MIA,0
2010,2011-01-02,NO,TB,0
2010,2011-01-02,NYG,WAS,0
2010,2011-01-02,NYJ,BUF,0
2010,2011-01-02,OAK,KC,0
2010,2011-01-02,PHI,DAL,0
2010,2011-01-02,PIT,CLE,0
2010,2011-01-02,SD,DEN,0
2010,2011-01-02,SEA,STL,0
2010,2011-01-02,SF,ARI,0
2010,2011-01-02,STL,SEA,0
2010,2011-01-02,TB,NO,0
2010,2011-01-02,TEN,IND,0
2010,2011-01-02,WAS,NYG,0
2010,2011-01-08,IND,NYJ,0
2010,2011-01-08,NO,SEA,0
2010,2011-01-08,NYJ,IND,0
2010,2011-01-08,SEA,NO,0
2010,2011-01-09,BAL,KC,0
2010,2011-01-09,GB,PHI,0
2010,2011-01-09,KC,BAL,0
2010,2011-01-09,PHI,GB,0
2010,2011-01-15,ATL,GB,0
2010,2011-01-15,BAL,PIT,0
2010,2011-01-15,GB,ATL,0
2010,2011-01-15,PIT,BAL,0
2010,2011-01-16,CHI,SEA,0
2010,2011-01-16,NE,NYJ,0
2010,2011-01-16,NYJ,NE,0
2010,2011-01-16,SEA,CHI,0
2010,2011-01-23,CHI,GB,0
2010,2011-01-23,GB,CHI,0
2010,2011-01-23,NYJ,PIT,0
2010,2011-01-23,PIT,NYJ,0
2010,2011-02-06,GB,PIT,0
2010,2011-02-06,PIT,GB,0
2011,2011-09-08,GB,NO,0
2011,2011-09-08,NO,GB,0
2011,2011-09-11,ARI,CAR,0
2011,2011-09-11,ATL,CHI,0
2011,2011-09-11,BAL,PIT,0
2011,2011-09-11,BUF,KC,0
2011,2011-09-11,CAR,ARI,0
2011,2011-09-11,CHI,ATL,0
2011,2011-09-11,CIN,CLE,0
2011,2011-09-11,CLE,CIN,0
2011,2011-09-11,DAL,NYJ,0
2011,2011-09-11,DET,TB,0
2011,2011-09-11,HOU,IND,0
2011,2011-09-11,IND,HOU,0
2011,2011-09-11,JAX,TEN,0
2011,2011-09-11,KC,BUF,0
2011,2011-09-11,MIN,SD,0
2011,2011-09-11,NYG,WAS,0
2011,2011-09-11,NYJ,DAL,0
2011,2011-09-11,PHI,STL,0
2011,2011-09-11,PIT,BAL,0
2011,2011-09-11,SD,MIN,0
2011,2011-09-11,SEA,SF,0
2011,2011-09-11,SF,SEA,0
2011,2011-09-11,STL,PHI,0
2011,2011-09-11,TB,DET,0
2011,2011-09-11,TEN,JAX,0
2011,2011-09-11,WAS,NYG,0
2011,2011-09-12,DEN,OAK,0
2011,2011-09-12,MIA,NE,0
2011,2011-09-12,NE,MIA,0
2011,2011-09-12,OAK,DEN,0
2011,2011-09-18,ARI,WAS,0
2011,2011-09-18,ATL,PHI,0
2011,2011-09-18,BAL,TEN,0
2011,2011-09-18,BUF,OAK,0
2011,2011-09-18,CAR,GB,0
2011,2011-09-18,CHI,NO,0
2011,2011-09-18,CIN,DEN,0
2011,2011-09-18,CLE,IND,0
2011,2011-09-18,DAL,SF,1
2011,2011-09-18,DEN,CIN,0
2011,2011-09-18,DET,KC,0
2011,2011-09-18,GB,CAR,0
2011,2011-09-18,HOU,MIA,0
2011,2011-09-18,IND,CLE,0
2011,2011-09-18,JAX,NYJ,0
2011,2011-09-18,KC,DET,0
2011,2011-09-18,MIA,HOU,0
2011,2011-09-18,MIN,TB,0
2011,2011-09-18,NE,SD,0
2011,2011-09-18,NO,CHI,0
2011,2011-09-18,NYJ,JAX,0
2011,2011-09-18,OAK,BUF,0
2011,2011-09-18,PHI,ATL,0
2011,2011-09-18,PIT,SEA,0
2011,2011-09-18,SD,NE,0
2011,2011-09-18,SEA,PIT,0
2011,2011-09-18,SF,DAL,1
2011,2011-09-18,TB,MIN,0
2011,2011-09-18,TEN,BAL,0
2011,2011-09-18,WAS,ARI,0
2011,2011-09-19,NYG,STL,0
2011,2011-09-19,STL,NYG,0
2011,2011-09-25,ARI,SEA,0
2011,2011-09-25,ATL,TB,0
2011,2011-09-25,BAL,STL,0
2011,2011-09-25,BUF,NE,0
2011,2011-09-25,CAR,JAX,0
2011,2011-09-25,CHI,GB,0
2011,2011-09-25,CIN,SF,0
2011,2011-09-25,CLE,MIA,0
2011,2011-09-25,DEN,TEN,0
2011,2011-09-25,DET,MIN,1
2011,2011-09-25,GB,CHI,0
2011,2011-09-25,HOU,NO,0
2011,2011-09-25,IND,PIT,0
2011,2011-09-25,JAX,CAR,0
2011,2011-09-25,KC,SD,0
2011,2011-09-25,MIA,CLE,0
2011,2011-09-25,MIN,DET,1
2011,2011-09-25,NE,BUF,0
2011,2011-09-25,NO,HOU,0
2011,2011-09-25,NYG,PHI,0
2011,2011-09-25,NYJ,OAK,0
2011,2011-09-25,OAK,NYJ,0
2011,2011-09-25,PHI,NYG,0
2011,2011-09-25,PIT,IND,0
2011,2011-09-25,SD,KC,0
2011,2011-09-25,SEA,ARI,0
2011,2011-09-25,SF,CIN,0
2011,2011-09-25,STL,BAL,0
2011,2011-09-25,TB,ATL,0
2011,2011-09-25,TEN,DEN,0
2011,2011-09-26,DAL,WAS,0
2011,2011-09-26,WAS,DAL,0
2011,2011-10-02,ARI,NYG,0
2011,2011-10-02,ATL,SEA,0
2011,2011-10-02,BAL,NYJ,0
2011,2011-10-02,BUF,CIN,0
2011,2011-10-02,CAR,CHI,0
2011,2011-10-02,CHI,CAR,0
2011,2011-10-02,CIN,BUF,0
2011,2011-10-02,CLE,TEN,0
2011,2011-10-02,DAL,DET,0
2011,2011-10-02,DEN,GB,0
2011,2011-10-02,DET,DAL,0
2011,2011-10-02,GB,DEN,0
2011,2011-10-02,HOU,PIT,0
2011,2011-10-02,JAX,NO,0
2011,2011-10-02,KC,MIN,0
2011,2011-10-02,MIA,SD,0
2011,2011-10-02,MIN,KC,0
2011,2011-10-02,NE,OAK,0
2011,2011-10-02,NO,JAX,0
2011,2011-10-02,NYG,ARI,0
2011,2011-10-02,NYJ,BAL,0
2011,2011-10-02,OAK,NE,0
2011,2011-10-02,PHI,SF,0
2011,2011-10-02,PIT,HOU,0
2011,2011-10-02,SD,MIA,0
2011,2011-10-02,SEA,ATL,0
2011,2011-10-02,SF,PHI,0
2011,2011-10-02,STL,WAS,0
2011,2011-10-02,TEN,CLE,0
2011,2011-10-02,WAS,STL,0
2011,2011-10-03,IND,TB,0
2011,2011-10-03,TB,IND,0
2011,2011-10-09,ARI,MIN,0
2011,2011-10-09,ATL,GB,0
2011,2011-10-09,BUF,PHI,0
2011,2011-10-09,CAR,NO,0
2011,2011-10-09,CIN,JAX,0
2011,2011-10-09,DEN,SD,0
2011,2011-10-09,GB,ATL,0
2011,2011-10-09,HOU,OAK,0
2011,2011-10-09,IND,KC,0
2011,2011-10-09,JAX,CIN,0
2011,2011-10-09,KC,IND,0
2011,2011-10-09,MIN,ARI,0
2011,2011-10-09,NE,NYJ,0
2011,2011-10-09,NO,CAR,0
2011,2011-10-09,NYG,SEA,0
2011,2011-10-09,NYJ,NE,0
2011,2011-10-09,OAK,HOU,0
2011,2011-10-09,PHI,BUF,0
2011,2011-10-09,PIT,TEN,0
2011,2011-10-09,SD,DEN,0
2011,2011-10-09,SEA,NYG,0
2011,2011-10-09,SF,TB,0
2011,2011-10-09,TB,SF,0
2011,2011-10-09,TEN,PIT,0
2011,2011-10-10,CHI,DET,0
2011,2011-10-10,DET,CHI,0
2011,2011-10-16,ATL,CAR,0
2011,2011-10-16,BAL,HOU,0
2011,2011-10-16,BUF,NYG,0
2011,2011-10-16,CAR,ATL,0
2011,2011-10-16,CHI,MIN,0
2011,2011-10-16,CIN,IND,0
2011,2011-10-16,CLE,OAK,0
2011,2011-10-16,DAL,NE,0
2011,2011-10-16,DET,SF,0
2011,2011-10-16,GB,STL,0
2011,2011-10-16,HOU,BAL,0
2011,2011-10-16,IND,CIN,0
2011,2011-10-16,JAX,PIT,0
2011,2011-10-16,MIN,CHI,0
2011,2011-10-16,NE,DAL,0
2011,2011-10-16,NO,TB,0
2011,2011-10-16,NYG,BUF,0
2011,2011-10-16,OAK,CLE,0
2011,2011-10-16,PHI,WAS,0
2011,2011-10-16,PIT,JAX,0
2011,2011-10-16,SF,DET,0
2011,2011-10-16,STL,GB,0
2011,2011-10-16,TB,NO,0
2011,2011-10-16,WAS,PHI,0
2011,2011-10-17,MIA,NYJ,0
2011,2011-10-17,NYJ,MIA,0
2011,2011-10-23,ARI,PIT,0
2011,2011-10-23,ATL,DET,0
2011,2011-10-23,CAR,WAS,0
2011,2011-10-23,CHI,TB,0
2011,2011-10-23,CLE,SEA,0
2011,2011-10-23,DAL,STL,0
2011,2011-10-23,DEN,MIA,1
2011,2011-10-23,DET,ATL,0
2011,2011-10-23,GB,MIN,0
2011,2011-10-23,HOU,TEN,0
2011,2011-10-23,IND,NO,0
2011,2011-10-23,KC,OAK,0
2011,2011-10-23,MIA,DEN,1
2011,2011-10-23,MIN,GB,0
2011,2011-10-23,NO,IND,0
2011,2011-10-23,NYJ,SD,0
2011,2011-10-23,OAK,KC,0
2011,2011-10-23,PIT,ARI,0
2011,2011-10-23,SD,NYJ,0
2011,2011-10-23,SEA,CLE,0
2011,2011-10-23,STL,DAL,0
2011,2011-10-23,TB,CHI,0
2011,2011-10-23,TEN,HOU,0
2011,2011-10-23,WAS,CAR,0
2011,2011-10-24,BAL,JAX,0
2011,2011-10-24,JAX,BAL,0
2011,2011-10-30,ARI,BAL,0
2011,2011-10-30,BAL,ARI,0
2011,2011-10-30,BUF,WAS,0
2011,2011-10-30,CAR,MIN,0
2011,2011-10-30,CIN,SEA,0
2011,2011-10-30,CLE,SF,0
2011,2011-10-30,DAL,PHI,0
2011,2011-10-30,DEN,DET,0
2011,2011-10-30,DET,DEN,0
2011,2011-10-30,HOU,JAX,0
2011,2011-10-30,IND,TEN,0
2011,2011-10-30,JAX,HOU,0
2011,2011-10-30,MIA,NYG,0
2011,2011-10-30,MIN,CAR,0
2011,2011-10-30,NE,PIT,0
2011,2011-10-30,NO,STL,0
2011,2011-10-30,NYG,MIA,0
2011,2011-10-30,PHI,DAL,0
2011,2011-10-30,PIT,NE,0
2011,2011-10-30,SEA,CIN,0
2011,2011-10-30,SF,CLE,0
2011,2011-10-30,STL,NO,0
2011,2011-10-30,TEN,IND,0
2011,2011-10-30,WAS,BUF,0
2011,2011-10-31,KC,SD,1
2011,2011-10-31,SD,KC,1
2011,2011-11-06,ARI,STL,1
2011,2011-11-06,ATL,IND,0
2011,2011-11-06,BAL,PIT,0
2011,2011-11-06,BUF,NYJ,0
2011,2011-11-06,CIN,TEN,0
2011,2011-11-06,CLE,HOU,0
2011,2011-11-06,DAL,SEA,0
2011,2011-11-06,DEN,OAK,0
2011,2011-11-06,GB,SD,0
2011,2011-11-06,HOU,CLE,0
2011,2011-11-06,IND,ATL,0
2011,2011-11-06,KC,MIA,0
2011,2011-11-06,MIA,KC,0
2011,2011-11-06,NE,NYG,0
2011,2011-11-06,NO,TB,0
2011,2011-11-06,NYG,NE,0
2011,2011-11-06,NYJ,BUF,0
2011,2011-11-06,OAK,DEN,0
2011,2011-11-06,PIT,BAL,0
2011,2011-11-06,SD,GB,0
2011,2011-11-06,SEA,DAL,0
2011,2011-11-06,SF,WAS,0
2011,2011-11-06,STL,ARI,1
2011,2011-11-06,TB,NO,0
2011,2011-11-06,TEN,CIN,0
2011,2011-11-06,WAS,SF,0
2011,2011-11-07,CHI,PHI,0
2011,2011-11-07,PHI,CHI,0
2011,2011-11-10,OAK,SD,0
2011,2011-11-10,SD,OAK,0
2011,2011-11-13,ARI,PHI,0
2011,2011-11-13,ATL,NO,1
2011,2011-11-13,BAL,SEA,0
2011,2011-11-13,BUF,DAL,0
2011,2011-11-13,CAR,TEN,0
2011,2011-11-13,CHI,DET,0
2011,2011-11-13,CIN,PIT,0
2011,2011-11-13,CLE,STL,0
2011,2011-11-13,DAL,BUF,0
2011,2011-11-13,DEN,KC,0
2011,2011-11-13,DET,CHI,0
2011,2011-11-13,HOU,TB,0
2011,2011-11-13,IND,JAX,0
2011,2011-11-13,JAX,IND,0
2011,2011-11-13,KC,DEN,0
2011,2011-11-13,MIA,WAS,0
2011,2011-11-13,NE,NYJ,0
2011,2011-11-13,NO,ATL,1
2011,2011-11-13,NYG,SF,0
2011,2011-11-13,NYJ,NE,0
2011,2011-11-13,PHI,ARI,0
2011,2011-11-13,PIT,CIN,0
2011,2011-11-13,SEA,BAL,0
2011,2011-11-13,SF,NYG,0
2011,2011-11-13,STL,CLE,0
2011,2011-11-13,TB,HOU,0
2011,2011-11-13,TEN,CAR,0
2011,2011-11-13,WAS,MIA,0
2011,2011-11-14,GB,MIN,0
2011,2011-11-14,MIN,GB,0
2011,2011-11-17,DEN,NYJ,0
2011,2011-11-17,NYJ,DEN,0
2011,2011-11-20,ARI,SF,0
2011,2011-11-20,ATL,TEN,0
2011,2011-11-20,BAL,CIN,0
2011,2011-11-20,BUF,MIA,0
2011,2011-11-20,CAR,DET,0
2011,2011-11-20,CHI,SD,0
2011,2011-11-20,CIN,BAL,0
2011,2011-11-20,CLE,JAX,0
2011,2011-11-20,DAL,WAS,1
2011,2011-11-20,DET,CAR,0
2011,2011-11-20,GB,TB,0
2011,2011-11-20,JAX,CLE,0
2011,2011-11-20,MIA,BUF,0
2011,2011-11-20,MIN,OAK,0
2011,2011-11-20,NYG,PHI,0
2011,2011-11-20,OAK,MIN,0
2011,2011-11-20,PHI,NYG,0
2011,2011-11-20,SD,CHI,0
2011,2011-11-20,SEA,STL,0
2011,2011-11-20,SF,ARI,0
2011,2011-11-20,STL,SEA,0
2011,2011-11-20,TB,GB,0
2011,2011-11-20,TEN,ATL,0
2011,2011-11-20,WAS,DAL,1
2011,2011-11-21,KC,NE,0
2011,2011-11-21,NE,KC,0
2011,2011-11-24,BAL,SF,0
2011,2011-11-24,DAL,MIA,0
2011,2011-11-24,DET,GB,0
2011,2011-11-24,GB,DET,0
2011,2011-11-24,MIA,DAL,0
2011,2011-11-24,SF,BAL,0
2011,2011-11-27,ARI,STL,0
2011,2011-11-27,ATL,MIN,0
2011,2011-11-27,BUF,NYJ,0
2011,2011-11-27,CAR,IND,0
2011,2011-11-27,CHI,OAK,0
2011,2011-11-27,CIN,CLE,0
2011,2011-11-27,CLE,CIN,0
2011,2011-11-27,DEN,SD,1
2011,2011-11-27,HOU,JAX,0
2011,2011-11-27,IND,CAR,0
2011,2011-11-27,JAX,HOU,0
2011,2011-11-27,KC,PIT,0
2011,2011-11-27,MIN,ATL,0
2011,2011-11-27,NE,PHI,0
2011,2011-11-27,NYJ,BUF,0
2011,2011-11-27,OAK,CHI,0
2011,2011-11-27,PHI,NE,0
2011,2011-11-27,PIT,KC,0
2011,2011-11-27,SD,DEN,1
2011,2011-11-27,SEA,WAS,0
2011,2011-11-27,STL,ARI,0
2011,2011-11-27,TB,TEN,0
2011,2011-11-27,TEN,TB,0
2011,2011-11-27,WAS,SEA,0
2011,2011-11-28,NO,NYG,0
2011,2011-11-28,NYG,NO,0
2011,2011-12-01,PHI,SEA,0
2011,2011-12-01,SEA,PHI,0
2011,2011-12-04,ARI,DAL,1
2011,2011-12-04,ATL,HOU,0
2011,2011-12-04,BAL,CLE,0
2011,2011-12-04,BUF,TEN,0
2011,2011-12-04,CAR,TB,0
2011,2011-12-04,CHI,KC,0
2011,2011-12-04,CIN,PIT,0
2011,2011-12-04,CLE,BAL,0
2011,2011-12-04,DAL,ARI,1
2011,2011-12-04,DEN,MIN,0
2011,2011-12-04,DET,NO,0
2011,2011-12-04,GB,NYG,0
2011,2011-12-04,HOU,ATL,0
2011,2011-12-04,IND,NE,0
2011,2011-12-04,KC,CHI,0
2011,2011-12-04,MIA,OAK,0
2011,2011-12-04,MIN,DEN,0
2011,2011-12-04,NE,IND,0
2011,2011-12-04,NO,DET,0
2011,2011-12-04,NYG,GB,0
2011,2011-12-04,NYJ,WAS,0
2011,2011-12-04,OAK,MIA,0
2011,2011-12-04,PIT,CIN,0
2011,2011-12-04,SF,STL,0
2011,2011-12-04,STL,SF,0
2011,2011-12-04,TB,CAR,0
2011,2011-12-04,TEN,BUF,0
2011,2011-12-04,WAS,NYJ,0
2011,2011-12-05,JAX,SD,0
2011,2011-12-05,SD,JAX,0
2011,2011-12-08,CLE,PIT,0
2011,2011-12-08,PIT,CLE,0
2011,2011-12-11,ARI,SF,0
2011,2011-12-11,ATL,CAR,0
2011,2011-12-11,BAL,IND,0
2011,2011-12-11,BUF,SD,0
2011,2011-12-11,CAR,ATL,0
2011,2011-12-11,CHI,DEN,1
2011,2011-12-11,CIN,HOU,0
2011,2011-12-11,DAL,NYG,0
2011,2011-12-11,DEN,CHI,1
2011,2011-12-11,DET,MIN,0
2011,2011-12-11,GB,OAK,0
2011,2011-12-11,HOU,CIN,0
2011,2011-12-11,IND,BAL,0
2011,2011-12-11,JAX,TB,0
2011,2011-12-11,KC,NYJ,0
2011,2011-12-11,MIA,PHI,0
2011,2011-12-11,MIN,DET,0
2011,2011-12-11,NE,WAS,0
2011,2011-12-11,NO,TEN,0
2011,2011-12-11,NYG,DAL,0
2011,2011-12-11,NYJ,KC,0
2011,2011-12-11,OAK,GB,0
2011,2011-12-11,PHI,MIA,0
2011,2011-12-11,SD,BUF,0
2011,2011-12-11,SF,ARI,0
2011,2011-12-11,TB,JAX,0
2011,2011-12-11,TEN,NO,0
2011,2011-12-11,WAS,NE,0
2011,2011-12-12,SEA,STL,0
2011,2011-12-12,STL,SEA,0
2011,2011-12-15,ATL,JAX,0
2011,2011-12-15,JAX,ATL,0
2011,2011-12-17,DAL,TB,0
2011,2011-12-17,TB,DAL,0
2011,2011-12-18,ARI,CLE,1
2011,2011-12-18,BAL,SD,0
2011,2011-12-18,BUF,MIA,0
2011,2011-12-18,CAR,HOU,0
2011,2011-12-18,CHI,SEA,0
2011,2011-12-18,CIN,STL,0
2011,2011-12-18,CLE,ARI,1
2011,2011-12-18,DEN,NE,0
2011,2011-12-18,DET,OAK,0
2011,2011-12-18,GB,KC,0
2011,2011-12-18,HOU,CAR,0
2011,2011-12-18,IND,TEN,0
2011,2011-12-18,KC,GB,0
2011,2011-12-18,MIA,BUF,0
2011,2011-12-18,MIN,NO,0
2011,2011-12-18,NE,DEN,0
2011,2011-12-18,NO,MIN,0
2011,2011-12-18,NYG,WAS,0
2011,2011-12-18,NYJ,PHI,0
2011,2011-12-18,OAK,DET,0
2011,2011-12-18,PHI,NYJ,0
2011,2011-12-18,SD,BAL,0
2011,2011-12-18,SEA,CHI,0
2011,2011-12-18,STL,CIN,0
2011,2011-12-18,TEN,IND,0
2011,2011-12-18,WAS,NYG,0
2011,2011-12-19,PIT,SF,0
2011,2011-12-19,SF,PIT,0
2011,2011-12-22,HOU,IND,0
2011,2011-12-22,IND,HOU,0
2011,2011-12-24,ARI,CIN,0
2011,2011-12-24,BAL,CLE,0
2011,2011-12-24,BUF,DEN,0
2011,2011-12-24,CAR,TB,0
2011,2011-12-24,CIN,ARI,0
2011,2011-12-24,CLE,BAL,0
2011,2011-12-24,DAL,PHI,0
2011,2011-12-24,DEN,BUF,0
2011,2011-12-24,DET,SD,0
2011,2011-12-24,JAX,TEN,0
2011,2011-12-24,KC,OAK,1
2011,2011-12-24,MIA,NE,0
2011,2011-12-24,MIN,WAS,0
2011,2011-12-24,NE,MIA,0
2011,2011-12-24,NYG,NYJ,0
2011,2011-12-24,NYJ,NYG,0
2011,2011-12-24,OAK,KC,1
2011,2011-12-24,PHI,DAL,0
2011,2011-12-24,PIT,STL,0
2011,2011-12-24,SD,DET,0
2011,2011-12-24,SEA,SF,0
2011,2011-12-24,SF,SEA,0
2011,2011-12-24,STL,PIT,0
2011,2011-12-24,TB,CAR,0
2011,2011-12-24,TEN,JAX,0
2011,2011-12-24,WAS,MIN,0
2011,2011-12-25,CHI,GB,0
2011,2011-12-25,GB,CHI,0
2011,2011-12-26,ATL,NO,0
2011,2011-12-26,NO,ATL,0
2011,2012-01-01,ARI,SEA,1
2011,2012-01-01,ATL,TB,0
2011,2012-01-01,BAL,CIN,0
2011,2012-01-01,BUF,NE,0
2011,2012-01-01,CAR,NO,0
2011,2012-01-01,CHI,MIN,0
2011,2012-01-01,CIN,BAL,0
2011,2012-01-01,CLE,PIT,0
2011,2012-01-01,DAL,NYG,0
2011,2012-01-01,DEN,KC,0
2011,2012-01-01,DET,GB,0
2011,2012-01-01,GB,DET,0
2011,2012-01-01,HOU,TEN,0
2011,2012-01-01,IND,JAX,0
2011,2012-01-01,JAX,IND,0
2011,2012-01-01,KC,DEN,0
2011,2012-01-01,MIA,NYJ,0
2011,2012-01-01,MIN,CHI,0
2011,2012-01-01,NE,BUF,0
2011,2012-01-01,NO,CAR,0
2011,2012-01-01,NYG,DAL,0
2011,2012-01-01,NYJ,MIA,0
2011,2012-01-01,OAK,SD,0
2011,2012-01-01,PHI,WAS,0
2011,2012-01-01,PIT,CLE,0
2011,2012-01-01,SD,OAK,0
2011,2012-01-01,SEA,ARI,1
2011,2012-01-01,SF,STL,0
2011,2012-01-01,STL,SF,0
2011,2012-01-01,TB,ATL,0
2011,2012-01-01,TEN,HOU,0
2011,2012-01-01,WAS,PHI,0
2011,2012-01-07,CIN,HOU,0
2011,2012-01-07,DET,NO,0
2011,2012-01-07,HOU,CIN,0
2011,2012-01-07,NO,DET,0
2011,2012-01-08,ATL,NYG,0
2011,2012-01-08,DEN,PIT,1
2011,2012-01-08,NYG,ATL,0
2011,2012-01-08,PIT,DEN,1
2011,2012-01-14,DEN,NE,0
2011,2012-01-14,NE,DEN,0
2011,2012-01-14,NO,SF,0
2011,2012-01-14,SF,NO,0
2011,2012-01-15,BAL,HOU,0
2011,2012-01-15,GB,NYG,0
2011,2012-01-15,HOU,BAL,0
2011,2012-01-15,NYG,GB,0
2011,2012-01-22,BAL,NE,0
2011,2012-01-22,NE,BAL,0
2011,2012-01-22,NYG,SF,1
2011,2012-01-22,SF,NYG,1
2011,2012-02-05,NE,NYG,0
2011,2012-02-05,NYG,NE,0
2012,2012-09-05,DAL,NYG,0
2012,2012-09-05,NYG,DAL,0
2012,2012-09-09,ARI,SEA,0
2012,2012-09-09,ATL,KC,0
2012,2012-09-09,BUF,NYJ,0
2012,2012-09-09,CAR,TB,0
2012,2012-09-09,CHI,IND,0
2012,2012-09-09,CLE,PHI,0
2012,2012-09-09,DEN,PIT,0
2012,2012-09-09,DET,STL,0
2012,2012-09-09,GB,SF,0
2012,2012-09-09,HOU,MIA,0
2012,2012-09-09,IND,CHI,0
2012,2012-09-09,JAX,MIN,1
2012,2012-09-09,KC,ATL,0
2012,2012-09-09,MIA,HOU,0
2012,2012-09-09,MIN,JAX,1
2012,2012-09-09,NE,TEN,0
2012,2012-09-09,NO,WAS,0
2012,2012-09-09,NYJ,BUF,0
2012,2012-09-09,PHI,CLE,0
2012,2012-09-09,PIT,DEN,0
2012,2012-09-09,SEA,ARI,0
2012,2012-09-09,SF,GB,0
2012,2012-09-09,STL,DET,0
2012,2012-09-09,TB,CAR,0
2012,2012-09-09,TEN,NE,0
2012,2012-09-09,WAS,NO,0
2012,2012-09-10,BAL,CIN,0
2012,2012-09-10,CIN,BAL,0
2012,2012-09-10,OAK,SD,0
2012,2012-09-10,SD,OAK,0
2012,2012-09-13,CHI,GB,0
2012,2012-09-13,GB,CHI,0
2012,2012-09-16,ARI,NE,0
2012,2012-09-16,BAL,PHI,0
2012,2012-09-16,BUF,KC,0
2012,2012-09-16,CAR,NO,0
2012,2012-09-16,CIN,CLE,0
2012,2012-09-16,CLE,CIN,0
2012,2012-09-16,DAL,SEA,0
2012,2012-09-16,DET,SF,0
2012,2012-09-16,HOU,JAX,0
2012,2012-09-16,IND,MIN,0
2012,2012-09-16,JAX,HOU,0
2012,2012-09-16,KC,BUF,0
2012,2012-09-16,MIA,OAK,0
2012,2012-09-16,MIN,IND,0
2012,2012-09-16,NE,ARI,0
2012,2012-09-16,NO,CAR,0
2012,2012-09-16,NYG,TB,0
2012,2012-09-16,NYJ,PIT,0
2012,2012-09-16,OAK,MIA,0
2012,2012-09-16,PHI,BAL,0
2012,2012-09-16,PIT,NYJ,0
2012,2012-09-16,SD,TEN,0
2012,2012-09-16,SEA,DAL,0
2012,2012-09-16,SF,DET,0
2012,2012-09-16,STL,WAS,0
2012,2012-09-16,TB,NYG,0
2012,2012-09-16,TEN,SD,0
2012,2012-09-16,WAS,STL,0
2012,2012-09-17,ATL,DEN,0
2012,2012-09-17,DEN,ATL,0
2012,2012-09-20,CAR,NYG,0
2012,2012-09-20,NYG,CAR,0
2012,2012-09-23,ARI,PHI,0
2012,2012-09-23,ATL,SD,0
2012,2012-09-23,BAL,NE,0
2012,2012-09-23,BUF,CLE,0
2012,2012-09-23,CHI,STL,0
2012,2012-09-23,CIN,WAS,0
2012,2012-09-23,CLE,BUF,0
2012,2012-09-23,DAL,TB,0
2012,2012-09-23,DEN,HOU,0
2012,2012-09-23,DET,TEN,1
2012,2012-09-23,HOU,DEN,0
2012,2012-09-23,IND,JAX,0
2012,2012-09-23,JAX,IND,0
2012,2012-09-23,KC,NO,1
2012,2012-09-23,MIA,NYJ,1
2012,2012-09-23,MIN,SF,0
2012,2012-09-23,NE,BAL,0
2012,2012-09-23,NO,KC,1
2012,2012-09-23,NYJ,MIA,1
2012,2012-09-23,OAK,PIT,0
2012,2012-09-23,PHI,ARI,0
2012,2012-09-23,PIT,OAK,0
2012,2012-09-23,SD,ATL,0
2012,2012-09-23,SF,MIN,0
2012,2012-09-23,STL,CHI,0
2012,2012-09-23,TB,DAL,0
2012,2012-09-23,TEN,DET,1
2012,2012-09-23,WAS,CIN,0
2012,2012-09-24,GB,SEA,0
2012,2012-09-24,SEA,GB,0
2012,2012-09-27,BAL,CLE,0
2012,2012-09-27,CLE,BAL,0
2012,2012-09-30,ARI,MIA,1
2012,2012-09-30,ATL,CAR,0
2012,2012-09-30,BUF,NE,0
2012,2012-09-30,CAR,ATL,0
2012,2012-09-30,CIN,JAX,0
2012,2012-09-30,DEN,OAK,0
2012,2012-09-30,DET,MIN,0
2012,2012-09-30,GB,NO,0
2012,2012-09-30,HOU,TEN,0
2012,2012-09-30,JAX,CIN,0
2012,2012-09-30,KC,SD,0
2012,2012-09-30,MIA,ARI,1
2012,2012-09-30,MIN,DET,0
2012,2012-09-30,NE,BUF,0
2012,2012-09-30,NO,GB,0
2012,2012-09-30,NYG,PHI,0
2012,2012-09-30,NYJ,SF,0
2012,2012-09-30,OAK,DEN,0
2012,2012-09-30,PHI,NYG,0
2012,2012-09-30,SD,KC,0
2012,2012-09-30,SEA,STL,0
2012,2012-09-30,SF,NYJ,0
2012,2012-09-30,STL,SEA,0
2012,2012-09-30,TB,WAS,0
2012,2012-09-30,TEN,HOU,0
2012,2012-09-30,WAS,TB,0
2012,2012-10-01,CHI,DAL,0
2012,2012-10-01,DAL,CHI,0
2012,2012-10-04,ARI,STL,0
2012,2012-10-04,STL,ARI,0
2012,2012-10-07,ATL,WAS,0
2012,2012-10-07,BAL,KC,0
2012,2012-10-07,BUF,SF,0
2012,2012-10-07,CAR,SEA,0
2012,2012-10-07,CHI,JAX,0
2012,2012-10-07,CIN,MIA,0
2012,2012-10-07,CLE,NYG,0
2012,2012-10-07,DEN,NE,0
2012,2012-10-07,GB,IND,0
2012,2012-10-07,IND,GB,0
2012,2012-10-07,JAX,CHI,0
2012,2012-10-07,KC,BAL,0
2012,2012-10-07,MIA,CIN,0
2012,2012-10-07,MIN,TEN,0
2012,2012-10-07,NE,DEN,0
2012,2012-10-07,NO,SD,0
2012,2012-10-07,NYG,CLE,0
2012,2012-10-07,PHI,PIT,0
2012,2012-10-07,PIT,PHI,0
2012,2012-10-07,SD,NO,0
2012,2012-10-07,SEA,CAR,0
2012,2012-10-07,SF,BUF,0
2012,2012-10-07,TEN,MIN,0
2012,2012-10-07,WAS,ATL,0
2012,2012-10-08,HOU,NYJ,0
2012,2012-10-08,NYJ,HOU,0
2012,2012-10-11,PIT,TEN,0
2012,2012-10-11,TEN,PIT,0
2012,2012-10-14,ARI,BUF,1
2012,2012-10-14,ATL,OAK,0
2012,2012-10-14,BAL,DAL,0
2012,2012-10-14,BUF,ARI,1
2012,2012-10-14,CIN,CLE,0
2012,2012-10-14,CLE,CIN,0
2012,2012-10-14,DAL,BAL,0
2012,2012-10-14,DET,PHI,1
2012,2012-10-14,GB,HOU,0
2012,2012-10-14,HOU,GB,0
2012,2012-10-14,IND,NYJ,0
2012,2012-10-14,KC,TB,0
2012,2012-10-14,MIA,STL,0
2012,2012-10-14,MIN,WAS,0
2012,2012-10-14,NE,SEA,0
2012,2012-10-14,NYG,SF,0
2012,2012-10-14,NYJ,IND,0
2012,2012-10-14,OAK,ATL,0
2012,2012-10-14,PHI,DET,1
2012,2012-10-14,SEA,NE,0
2012,2012-10-14,SF,NYG,0
2012,2012-10-14,STL,MIA,0
2012,2012-10-14,TB,KC,0
2012,2012-10-14,WAS,MIN,0
2012,2012-10-15,DEN,SD,0
2012,2012-10-15,SD,DEN,0
2012,2012-10-18,SEA,SF,0
2012,2012-10-18,SF,SEA,0
2012,2012-10-21,ARI,MIN,0
2012,2012-10-21,BAL,HOU,0
2012,2012-10-21,BUF,TEN,0
2012,2012-10-21,CAR,DAL,0
2012,2012-10-21,CIN,PIT,0
2012,2012-10-21,CLE,IND,0
2012,2012-10-21,DAL,CAR,0
2012,2012-10-21,GB,STL,0
2012,2012-10-21,HOU,BAL,0
2012,2012-10-21,IND,CLE,0
2012,2012-10-21,JAX,OAK,1
2012,2012-10-21,MIN,ARI,0
2012,2012-10-21,NE,NYJ,1
2012,2012-10-21,NO,TB,0
2012,2012-10-21,NYG,WAS,0
2012,2012-10-21,NYJ,NE,1
2012,2012-10-21,OAK,JAX,1
2012,2012-10-21,PIT,CIN,0
2012,2012-10-21,STL,GB,0
2012,2012-10-21,TB,NO,0
2012,2012-10-21,TEN,BUF,0
2012,2012-10-21,WAS,NYG,0
2012,2012-10-22,CHI,DET,0
2012,2012-10-22,DET,CHI,0
2012,2012-10-25,MIN,TB,0
2012,2012-10-25,TB,MIN,0
2012,2012-10-28,ATL,PHI,0
2012,2012-10-28,CAR,CHI,0
2012,2012-10-28,CHI,CAR,0
2012,2012-10-28,CLE,SD,0
2012,2012-10-28,DAL,NYG,0
2012,2012-10-28,DEN,NO,0
2012,2012-10-28,DET,SEA,0
2012,2012-10-28,GB,JAX,0
2012,2012-10-28,IND,TEN,1
2012,2012-10-28,JAX,GB,0
2012,2012-10-28,KC,OAK,0
2012,2012-10-28,MIA,NYJ,0
2012,2012-10-28,NE,STL,0
2012,2012-10-28,NO,DEN,0
2012,2012-10-28,NYG,DAL,0
2012,2012-10-28,NYJ,MIA,0
2012,2012-10-28,OAK,KC,0
2012,2012-10-28,PHI,ATL,0
2012,2012-10-28,PIT,WAS,0
2012,2012-10-28,SD,CLE,0
2012,2012-10-28,SEA,DET,0
2012,2012-10-28,STL,NE,0
2012,2012-10-28,TEN,IND,1
2012,2012-10-28,WAS,PIT,0
2012,2012-10-29,ARI,SF,0
2012,2012-10-29,SF,ARI,0
2012,2012-11-01,KC,SD,0
2012,2012-11-01,SD,KC,0
2012,2012-11-04,ARI,GB,0
2012,2012-11-04,ATL,DAL,0
2012,2012-11-04,BAL,CLE,0
2012,2012-11-04,BUF,HOU,0
2012,2012-11-04,CAR,WAS,0
2012,2012-11-04,CHI,TEN,0
2012,2012-11-04,CIN,DEN,0
2012,2012-11-04,CLE,BAL,0
2012,2012-11-04,DAL,ATL,0
2012,2012-11-04,DEN,CIN,0
2012,2012-11-04,DET,JAX,0
2012,2012-11-04,GB,ARI,0
2012,2012-11-04,HOU,BUF,0
2012,2012-11-04,IND,MIA,0
2012,2012-11-04,JAX,DET,0
2012,2012-11-04,MIA,IND,0
2012,2012-11-04,MIN,SEA,0
2012,2012-11-04,NYG,PIT,0
2012,2012-11-04,OAK,TB,0
2012,2012-11-04,PIT,NYG,0
2012,2012-11-04,SEA,MIN,0
2012,2012-11-04,TB,OAK,0
2012,2012-11-04,TEN,CHI,0
2012,2012-11-04,WAS,CAR,0
2012,2012-11-05,NO,PHI,0
2012,2012-11-05,PHI,NO,0
2012,2012-11-08,IND,JAX,0
2012,2012-11-08,JAX,IND,0
2012,2012-11-11,ATL,NO,0
2012,2012-11-11,BAL,OAK,0
2012,2012-11-11,BUF,NE,0
2012,2012-11-11,CAR,DEN,0
2012,2012-11-11,CHI,HOU,0
2012,2012-11-11,CIN,NYG,0
2012,2012-11-11,DAL,PHI,0
2012,2012-11-11,DEN,CAR,0
2012,2012-11-11,DET,MIN,0
2012,2012-11-11,HOU,CHI,0
2012,2012-11-11,MIA,TEN,0
2012,2012-11-11,MIN,DET,0
2012,2012-11-11,NE,BUF,0
2012,2012-11-11,NO,ATL,0
2012,2012-11-11,NYG,CIN,0
2012,2012-11-11,NYJ,SEA,0
2012,2012-11-11,OAK,BAL,0
2012,2012-11-11,PHI,DAL,0
2012,2012-11-11,SD,TB,0
2012,2012-11-11,SEA,NYJ,0
2012,2012-11-11,SF,STL,1
2012,2012-11-11,STL,SF,1
2012,2012-11-11,TB,SD,0
2012,2012-11-11,TEN,MIA,0
2012,2012-11-12,KC,PIT,1
2012,2012-11-12,PIT,KC,1
2012,2012-11-15,BUF,MIA,0
2012,2012-11-15,MIA,BUF,0
2012,2012-11-18,ARI,ATL,0
2012,2012-11-18,ATL,ARI,0
2012,2012-11-18,BAL,PIT,0
2012,2012-11-18,CAR,TB,1
2012,2012-11-18,CIN,KC,0
2012,2012-11-18,CLE,DAL,1
2012,2012-11-18,DAL,CLE,1
2012,2012-11-18,DEN,SD,0
2012,2012-11-18,DET,GB,0
2012,2012-11-18,GB,DET,0
2012,2012-11-18,HOU,JAX,1
2012,2012-11-18,IND,NE,0
2012,2012-11-18,JAX,HOU,1
2012,2012-11-18,KC,CIN,0
2012,2012-11-18,NE,IND,0
2012,2012-11-18,NO,OAK,0
2012,2012-11-18,NYJ,STL,0
2012,2012-11-18,OAK,NO,0
2012,2012-11-18,PHI,WAS,0
2012,2012-11-18,PIT,BAL,0
2012,2012-11-18,SD,DEN,0
2012,2012-11-18,STL,NYJ,0
2012,2012-11-18,TB,CAR,1
2012,2012-11-18,WAS,PHI,0
2012,2012-11-19,CHI,SF,0
2012,2012-11-19,SF,CHI,0
2012,2012-11-22,DAL,WAS,0
2012,2012-11-22,DET,HOU,1
2012,2012-11-22,HOU,DET,1
2012,2012-11-22,NE,NYJ,0
2012,2012-11-22,NYJ,NE,0
2012,2012-11-22,WAS,DAL,0
2012,2012-11-25,ARI,STL,0
2012,2012-11-25,ATL,TB,0
2012,2012-11-25,BAL,SD,1
2012,2012-11-25,BUF,IND,0
2012,2012-11-25,CHI,MIN,0
2012,2012-11-25,CIN,OAK,0
2012,2012-11-25,CLE,PIT,0
2012,2012-11-25,DEN,KC,0
2012,2012-11-25,GB,NYG,0
2012,2012-11-25,IND,BUF,0
2012,2012-11-25,JAX,TEN,0
2012,2012-11-25,KC,DEN,0
2012,2012-11-25,MIA,SEA,0
2012,2012-11-25,MIN,CHI,0
2012,2012-11-25,NO,SF,0
2012,2012-11-25,NYG,GB,0
2012,2012-11-25,OAK,CIN,0
2012,2012-11-25,PIT,CLE,0
2012,2012-11-25,SD,BAL,1
2012,2012-11-25,SEA,MIA,0
2012,2012-11-25,SF,NO,0
2012,2012-11-25,STL,ARI,0
2012,2012-11-25,TB,ATL,0
2012,2012-11-25,TEN,JAX,0
2012,2012-11-26,CAR,PHI,0
2012,2012-11-26,PHI,CAR,0
2012,2012-11-29,ATL,NO,0
2012,2012-11-29,NO,ATL,0
2012,2012-12-02,ARI,NYJ,0
2012,2012-12-02,BAL,PIT,0
2012,2012-12-02,BUF,JAX,0
2012,2012-12-02,CAR,KC,0
2012,2012-12-02,CHI,SEA,1
2012,2012-12-02,CIN,SD,0
2012,2012-12-02,CLE,OAK,0
2012,2012-12-02,DAL,PHI,0
2012,2012-12-02,DEN,TB,0
2012,2012-12-02,DET,IND,0
2012,2012-12-02,GB,MIN,0
2012,2012-12-02,HOU,TEN,0
2012,2012-12-02,IND,DET,0
2012,2012-12-02,JAX,BUF,0
2012,2012-12-02,KC,CAR,0
2012,2012-12-02,MIA,NE,0
2012,2012-12-02,MIN,GB,0
2012,2012-12-02,NE,MIA,0
2012,2012-12-02,NYJ,ARI,0
2012,2012-12-02,OAK,CLE,0
2012,2012-12-02,PHI,DAL,0
2012,2012-12-02,PIT,BAL,0
2012,2012-12-02,SD,CIN,0
2012,2012-12-02,SEA,CHI,1
2012,2012-12-02,SF,STL,1
2012,2012-12-02,STL,SF,1
2012,2012-12-02,TB,DEN,0
2012,2012-12-02,TEN,HOU,0
2012,2012-12-03,NYG,WAS,0
2012,2012-12-03,WAS,NYG,0
2012,2012-12-06,DEN,OAK,0
2012,2012-12-06,OAK,DEN,0
2012,2012-12-09,ARI,SEA,0
2012,2012-12-09,ATL,CAR,0
2012,2012-12-09,BAL,WAS,1
2012,2012-12-09,BUF,STL,0
2012,2012-12-09,CAR,ATL,0
2012,2012-12-09,CHI,MIN,0
2012,2012-12-09,CIN,DAL,0
2012,2012-12-09,CLE,KC,0
2012,2012-12-09,DAL,CIN,0
2012,2012-12-09,DET,GB,0
2012,2012-12-09,GB,DET,0
2012,2012-12-09,IND,TEN,0
2012,2012-12-09,JAX,NYJ,0
2012,2012-12-09,KC,CLE,0
2012,2012-12-09,MIA,SF,0
2012,2012-12-09,MIN,CHI,0
2012,2012-12-09,NO,NYG,0
2012,2012-12-09,NYG,NO,0
2012,2012-12-09,NYJ,JAX,0
2012,2012-12-09,PHI,TB,0
2012,2012-12-09,PIT,SD,0
2012,2012-12-09,SD,PIT,0
2012,2012-12-09,SEA,ARI,0
2012,2012-12-09,SF,MIA,0
2012,2012-12-09,STL,BUF,0
2012,2012-12-09,TB,PHI,0
2012,2012-12-09,TEN,IND,0
2012,2012-12-09,WAS,BAL,1
2012,2012-12-10,HOU,NE,0
2012,2012-12-10,NE,HOU,0
2012,2012-12-13,CIN,PHI,0
2012,2012-12-13,PHI,CIN,0
2012,2012-12-16,ARI,DET,0
2012,2012-12-16,ATL,NYG,0
2012,2012-12-16,BAL,DEN,0
2012,2012-12-16,BUF,SEA,0
2012,2012-12-16,CAR,SD,0
2012,2012-12-16,CHI,GB,0
2012,2012-12-16,CLE,WAS,0
2012,2012-12-16,DAL,PIT,1
2012,2012-12-16,DEN,BAL,0
2012,2012-12-16,DET,ARI,0
2012,2012-12-16,GB,CHI,0
2012,2012-12-16,HOU,IND,0
2012,2012-12-16,IND,HOU,0
2012,2012-12-16,JAX,MIA,0
2012,2012-12-16,KC,OAK,0
2012,2012-12-16,MIA,JAX,0
2012,2012-12-16,MIN,STL,0
2012,2012-12-16,NE,SF,0
2012,2012-12-16,NO,TB,0
2012,2012-12-16,NYG,ATL,0
2012,2012-12-16,OAK,KC,0
2012,2012-12-16,PIT,DAL,1
2012,2012-12-16,SD,CAR,0
2012,2012-12-16,SEA,BUF,0
2012,2012-12-16,SF,NE,0
2012,2012-12-16,STL,MIN,0
2012,2012-12-16,TB,NO,0
2012,2012-12-16,WAS,CLE,0
2012,2012-12-17,NYJ,TEN,0
2012,2012-12-17,TEN,NYJ,0
2012,2012-12-22,ATL,DET,0
2012,2012-12-22,DET,ATL,0
2012,2012-12-23,ARI,CHI,0
2012,2012-12-23,BAL,NYG,0
2012,2012-12-23,BUF,MIA,0
2012,2012-12-23,CAR,OAK,0
2012,2012-12-23,CHI,ARI,0
2012,2012-12-23,CIN,PIT,0
2012,2012-12-23,CLE,DEN,0
2012,2012-12-23,DAL,NO,1
2012,2012-12-23,DEN,CLE,0
2012,2012-12-23,GB,TEN,0
2012,2012-12-23,HOU,MIN,0
2012,2012-12-23,IND,KC,0
2012,2012-12-23,JAX,NE,0
2012,2012-12-23,KC,IND,0
2012,2012-12-23,MIA,BUF,0
2012,2012-12-23,MIN,HOU,0
2012,2012-12-23,NE,JAX,0
2012,2012-12-23,NO,DAL,1
2012,2012-12-23,NYG,BAL,0
2012,2012-12-23,NYJ,SD,0
2012,2012-12-23,OAK,CAR,0
2012,2012-12-23,PHI,WAS,0
2012,2012-12-23,PIT,CIN,0
2012,2012-12-23,SD,NYJ,0
2012,2012-12-23,SEA,SF,0
2012,2012-12-23,SF,SEA,0
2012,2012-12-23,STL,TB,0
2012,2012-12-23,TB,STL,0
2012,2012-12-23,TEN,GB,0
2012,2012-12-23,WAS,PHI,0
2012,2012-12-30,ARI,SF,0
2012,2012-12-30,ATL,TB,0
2012,2012-12-30,BAL,CIN,0
2012,2012-12-30,BUF,NYJ,0
2012,2012-12-30,CAR,NO,0
2012,2012-12-30,CHI,DET,0
2012,2012-12-30,CIN,BAL,0
2012,2012-12-30,CLE,PIT,0
2012,2012-12-30,DAL,WAS,0
2012,2012-12-30,DEN,KC,0
2012,2012-12-30,DET,CHI,0
2012,2012-12-30,GB,MIN,0
2012,2012-12-30,HOU,IND,0
2012,2012-12-30,IND,HOU,0
2012,2012-12-30,JAX,TEN,0
2012,2012-12-30,KC,DEN,0
2012,2012-12-30,MIA,NE,0
2012,2012-12-30,MIN,GB,0
2012,2012-12-30,NE,MIA,0
2012,2012-12-30,NO,CAR,0
2012,2012-12-30,NYG,PHI,0
2012,2012-12-30,NYJ,BUF,0
2012,2012-12-30,OAK,SD,0
2012,2012-12-30,PHI,NYG,0
2012,2012-12-30,PIT,CLE,0
2012,2012-12-30,SD,OAK,0
2012,2012-12-30,SEA,STL,0
2012,2012-12-30,SF,ARI,0
2012,2012-12-30,STL,SEA,0
2012,2012-12-30,TB,ATL,0
2012,2012-12-30,TEN,JAX,0
2012,2012-12-30,WAS,DAL,0
2012,2013-01-05,CIN,HOU,0
2012,2013-01-05,GB,MIN,0
2012,2013-01-05,HOU,CIN,0
2012,2013-01-05,MIN,GB,0
2012,2013-01-06,BAL,IND,0
2012,2013-01-06,IND,BAL,0
2012,2013-01-06,SEA,WAS,0
2012,2013-01-06,WAS,SEA,0
2012,2013-01-12,BAL,DEN,1
2012,2013-01-12,DEN,BAL,1
2012,2013-01-12,GB,SF,0
2012,2013-01-12,SF,GB,0
2012,2013-01-13,ATL,SEA,0
2012,2013-01-13,HOU,NE,0
2012,2013-01-13,NE,HOU,0
2012,2013-01-13,SEA,ATL,0
2012,2013-01-20,ATL,SF,0
2012,2013-01-20,BAL,NE,0
2012,2013-01-20,NE,BAL,0
2012,2013-01-20,SF,ATL,0
2012,2013-02-03,BAL,SF,0
2012,2013-02-03,SF,BAL,0
2013,2013-09-05,BAL,DEN,0
2013,2013-09-05,DEN,BAL,0
2013,2013-09-08,ARI,STL,0
2013,2013-09-08,ATL,NO,0
2013,2013-09-08,BUF,NE,0
2013,2013-09-08,CAR,SEA,0
2013,2013-09-08,CHI,CIN,0
2013,2013-09-08,CIN,CHI,0
2013,2013-09-08,CLE,MIA,0
2013,2013-09-08,DAL,NYG,0
2013,2013-09-08,DET,MIN,0
2013,2013-09-08,GB,SF,0
2013,2013-09-08,IND,OAK,0
2013,2013-09-08,JAX,KC,0
2013,2013-09-08,KC,JAX,0
2013,2013-09-08,MIA,CLE,0
2013,2013-09-08,MIN,DET,0
2013,2013-09-08,NE,BUF,0
2013,2013-09-08,NO,ATL,0
2013,2013-09-08,NYG,DAL,0
2013,2013-09-08,NYJ,TB,0
2013,2013-09-08,OAK,IND,0
2013,2013-09-08,PIT,TEN,0
2013,2013-09-08,SEA,CAR,0
2013,2013-09-08,SF,GB,0
2013,2013-09-08,STL,ARI,0
2013,2013-09-08,TB,NYJ,0
2013,2013-09-08,TEN,PIT,0
2013,2013-09-09,HOU,SD,0
2013,2013-09-09,PHI,WAS,0
2013,2013-09-09,SD,HOU,0
2013,2013-09-09,WAS,PHI,0
2013,2013-09-12,NE,NYJ,0
2013,2013-09-12,NYJ,NE,0
2013,2013-09-15,ARI,DET,0
2013,2013-09-15,ATL,STL,0
2013,2013-09-15,BAL,CLE,0
2013,2013-09-15,BUF,CAR,0
2013,2013-09-15,CAR,BUF,0
2013,2013-09-15,CHI,MIN,0
2013,2013-09-15,CLE,BAL,0
2013,2013-09-15,DAL,KC,0
2013,2013-09-15,DEN,NYG,0
2013,2013-09-15,DET,ARI,0
2013,2013-09-15,GB,WAS,0
2013,2013-09-15,HOU,TEN,1
2013,2013-09-15,IND,MIA,0
2013,2013-09-15,JAX,OAK,0
2013,2013-09-15,KC,DAL,0
2013,2013-09-15,MIA,IND,0
2013,2013-09-15,MIN,CHI,0
2013,2013-09-15,NO,TB,0
2013,2013-09-15,NYG,DEN,0
2013,2013-09-15,OAK,JAX,0
2013,2013-09-15,PHI,SD,0
2013,2013-09-15,SD,PHI,0
2013,2013-09-15,SEA,SF,0
2013,2013-09-15,SF,SEA,0
2013,2013-09-15,STL,ATL,0
2013,2013-09-15,TB,NO,0
2013,2013-09-15,TEN,HOU,1
2013,2013-09-15,WAS,GB,0
2013,2013-09-16,CIN,PIT,0
2013,2013-09-16,PIT,CIN,0
2013,2013-09-19,KC,PHI,0
2013,2013-09-19,PHI,KC,0
2013,2013-09-22,ARI,NO,0
2013,2013-09-22,ATL,MIA,0
2013,2013-09-22,BAL,HOU,0
2013,2013-09-22,BUF,NYJ,0
2013,2013-09-22,CAR,NYG,0
2013,2013-09-22,CHI,PIT,0
2013,2013-09-22,CIN,GB,0
2013,2013-09-22,CLE,MIN,0
2013,2013-09-22,DAL,STL,0
2013,2013-09-22,DET,WAS,0
2013,2013-09-22,GB,CIN,0
2013,2013-09-22,HOU,BAL,0
2013,2013-09-22,IND,SF,0
2013,2013-09-22,JAX,SEA,0
2013,2013-09-22,MIA,ATL,0
2013,2013-09-22,MIN,CLE,0
2013,2013-09-22,NE,TB,0
2013,2013-09-22,NO,ARI,0
2013,2013-09-22,NYG,CAR,0
2013,2013-09-22,NYJ,BUF,0
2013,2013-09-22,PIT,CHI,0
2013,2013-09-22,SD,TEN,0
2013,2013-09-22,SEA,JAX,0
2013,2013-09-22,SF,IND,0
2013,2013-09-22,STL,DAL,0
2013,2013-09-22,TB,NE,0
2013,2013-09-22,TEN,SD,0
2013,2013-09-22,WAS,DET,0
2013,2013-09-23,DEN,OAK,0
2013,2013-09-23,OAK,DEN,0
2013,2013-09-26,SF,STL,0
2013,2013-09-26,STL,SF,0
2013,2013-09-29,ARI,TB,0
2013,2013-09-29,ATL,NE,0
2013,2013-09-29,BAL,BUF,0
2013,2013-09-29,BUF,BAL,0
2013,2013-09-29,CHI,DET,0
2013,2013-09-29,CIN,CLE,0
2013,2013-09-29,CLE,CIN,0
2013,2013-09-29,DAL,SD,0
2013,2013-09-29,DEN,PHI,0
2013,2013-09-29,DET,CHI,0
2013,2013-09-29,HOU,SEA,1
2013,2013-09-29,IND,JAX,0
2013,2013-09-29,JAX,IND,0
2013,2013-09-29,KC,NYG,0
2013,2013-09-29,MIN,PIT,0
2013,2013-09-29,NE,ATL,0
2013,2013-09-29,NYG,KC,0
2013,2013-09-29,NYJ,TEN,0
2013,2013-09-29,OAK,WAS,0
2013,2013-09-29,PHI,DEN,0
2013,2013-09-29,PIT,MIN,0
2013,2013-09-29,SD,DAL,0
2013,2013-09-29,SEA,HOU,1
2013,2013-09-29,TB,ARI,0
2013,2013-09-29,TEN,NYJ,0
2013,2013-09-29,WAS,OAK,0
2013,2013-09-30,MIA,NO,0
2013,2013-09-30,NO,MIA,0
2013,2013-10-03,BUF,CLE,0
2013,2013-10-03,CLE,BUF,0
2013,2013-10-06,ARI,CAR,0
2013,2013-10-06,BAL,MIA,0
2013,2013-10-06,CAR,ARI,0
2013,2013-10-06,CHI,NO,0
2013,2013-10-06,CIN,NE,0
2013,2013-10-06,DAL,DEN,0
2013,2013-10-06,DEN,DAL,0
2013,2013-10-06,DET,GB,0
2013,2013-10-06,GB,DET,0
2013,2013-10-06,HOU,SF,0
2013,2013-10-06,IND,SEA,0
2013,2013-10-06,JAX,STL,0
2013,2013-10-06,KC,TEN,0
2013,2013-10-06,MIA,BAL,0
2013,2013-10-06,NE,CIN,0
2013,2013-10-06,NO,CHI,0
2013,2013-10-06,NYG,PHI,0
2013,2013-10-06,OAK,SD,0
2013,2013-10-06,PHI,NYG,0
2013,2013-10-06,SD,OAK,0
2013,2013-10-06,SEA,IND,0
2013,2013-10-06,SF,HOU,0
2013,2013-10-06,STL,JAX,0
2013,2013-10-06,TEN,KC,0
2013,2013-10-07,ATL,NYJ,0
2013,2013-10-07,NYJ,ATL,0
2013,2013-10-10,CHI,NYG,0
2013,2013-10-10,NYG,CHI,0
2013,2013-10-13,ARI,SF,0
2013,2013-10-13,BAL,GB,0
2013,2013-10-13,BUF,CIN,1
2013,2013-10-13,CAR,MIN,0
2013,2013-10-13,CIN,BUF,1
2013,2013-10-13,CLE,DET,0
2013,2013-10-13,DAL,WAS,0
2013,2013-10-13,DEN,JAX,0
2013,2013-10-13,DET,CLE,0
2013,2013-10-13,GB,BAL,0
2013,2013-10-13,HOU,STL,0
2013,2013-10-13,JAX,DEN,0
2013,2013-10-13,KC,OAK,0
2013,2013-10-13,MIN,CAR,0
2013,2013-10-13,NE,NO,0
2013,2013-10-13,NO,NE,0
2013,2013-10-13,NYJ,PIT,0
2013,2013-10-13,OAK,KC,0
2013,2013-10-13,PHI,TB,0
2013,2013-10-13,PIT,NYJ,0
2013,2013-10-13,SEA,TEN,0
2013,2013-10-13,SF,ARI,0
2013,2013-10-13,STL,HOU,0
2013,2013-10-13,TB,PHI,0
2013,2013-10-13,TEN,SEA,0
2013,2013-10-13,WAS,DAL,0
2013,2013-10-14,IND,SD,0
2013,2013-10-14,SD,IND,0
2013,2013-10-17,ARI,SEA,0
2013,2013-10-17,SEA,ARI,0
2013,2013-10-20,ATL,TB,0
2013,2013-10-20,BAL,PIT,0
2013,2013-10-20,BUF,MIA,0
2013,2013-10-20,CAR,STL,0
2013,2013-10-20,CHI,WAS,0
2013,2013-10-20,CIN,DET,0
2013,2013-10-20,CLE,GB,0
2013,2013-10-20,DAL,PHI,0
2013,2013-10-20,DEN,IND,0
2013,2013-10-20,DET,CIN,0
2013,2013-10-20,GB,CLE,0
2013,2013-10-20,HOU,KC,0
2013,2013-10-20,IND,DEN,0
2013,2013-10-20,JAX,SD,0
2013,2013-10-20,KC,HOU,0
2013,2013-10-20,MIA,BUF,0
2013,2013-10-20,NE,NYJ,1
2013,2013-10-20,NYJ,NE,1
2013,2013-10-20,PHI,DAL,0
2013,2013-10-20,PIT,BAL,0
2013,2013-10-20,SD,JAX,0
2013,2013-10-20,SF,TEN,0
2013,2013-10-20,STL,CAR,0
2013,2013-10-20,TB,ATL,0
2013,2013-10-20,TEN,SF,0
2013,2013-10-20,WAS,CHI,0
2013,2013-10-21,MIN,NYG,0
2013,2013-10-21,NYG,MIN,0
2013,2013-10-24,CAR,TB,0
2013,2013-10-24,TB,CAR,0
2013,2013-10-27,ARI,ATL,0
2013,2013-10-27,ATL,ARI,0
2013,2013-10-27,BUF,NO,0
2013,2013-10-27,CIN,NYJ,0
2013,2013-10-27,CLE,KC,0
2013,2013-10-27,DAL,DET,0
2013,2013-10-27,DEN,WAS,0
2013,2013-10-27,DET,DAL,0
2013,2013-10-27,GB,MIN,0
2013,2013-10-27,JAX,SF,0
2013,2013-10-27,KC,CLE,0
2013,2013-10-27,MIA,NE,0
2013,2013-10-27,MIN,GB,0
2013,2013-10-27,NE,MIA,0
2013,2013-10-27,NO,BUF,0
2013,2013-10-27,NYG,PHI,0
2013,2013-10-27,NYJ,CIN,0
2013,2013-10-27,OAK,PIT,0
2013,2013-10-27,PHI,NYG,0
2013,2013-10-27,PIT,OAK,0
2013,2013-10-27,SF,JAX,0
2013,2013-10-27,WAS,DEN,0
2013,2013-10-28,SEA,STL,0
2013,2013-10-28,STL,SEA,0
2013,2013-10-31,CIN,MIA,1
2013,2013-10-31,MIA,CIN,1
2013,2013-11-03,ATL,CAR,0
2013,2013-11-03,BAL,CLE,0
2013,2013-11-03,BUF,KC,0
2013,2013-11-03,CAR,ATL,0
2013,2013-11-03,CLE,BAL,0
2013,2013-11-03,DAL,MIN,0
2013,2013-11-03,HOU,IND,0
2013,2013-11-03,IND,HOU,0
2013,2013-11-03,KC,BUF,0
2013,2013-11-03,MIN,DAL,0
2013,2013-11-03,NE,PIT,0
2013,2013-11-03,NO,NYJ,0
2013,2013-11-03,NYJ,NO,0
2013,2013-11-03,OAK,PHI,0
2013,2013-11-03,PHI,OAK,0
2013,2013-11-03,PIT,NE,0
2013,2013-11-03,SD,WAS,1
2013,2013-11-03,SEA,TB,1
2013,2013-11-03,STL,TEN,0
2013,2013-11-03,TB,SEA,1
2013,2013-11-03,TEN,STL,0
2013,2013-11-03,WAS,SD,1
2013,2013-11-04,CHI,GB,0
2013,2013-11-04,GB,CHI,0
2013,2013-11-07,MIN,WAS,0
2013,2013-11-07,WAS,MIN,0
2013,2013-11-10,ARI,HOU,0
2013,2013-11-10,ATL,SEA,0
2013,2013-11-10,BAL,CIN,1
2013,2013-11-10,BUF,PIT,0
2013,2013-11-10,CAR,SF,0
2013,2013-11-10,CHI,DET,0
2013,2013-11-10,CIN,BAL,1
2013,2013-11-10,DAL,NO,0
2013,2013-11-10,DEN,SD,0
2013,2013-11-10,DET,CHI,0
2013,2013-11-10,GB,PHI,0
2013,2013-11-10,HOU,ARI,0
2013,2013-11-10,IND,STL,0
2013,2013-11-10,JAX,TEN,0
2013,2013-11-10,NO,DAL,0
2013,2013-11-10,NYG,OAK,0
2013,2013-11-10,OAK,NYG,0
2013,2013-11-10,PHI,GB,0
2013,2013-11-10,PIT,BUF,0
2013,2013-11-10,SD,DEN,0
2013,2013-11-10,SEA,ATL,0
2013,2013-11-10,SF,CAR,0
2013,2013-11-10,STL,IND,0
2013,2013-11-10,TEN,JAX,0
2013,2013-11-11,MIA,TB,0
2013,2013-11-11,TB,MIA,0
2013,2013-11-14,IND,TEN,0
2013,2013-11-14,TEN,IND,0
2013,2013-11-17,ARI,JAX,0
2013,2013-11-17,ATL,TB,0
2013,2013-11-17,BAL,CHI,1
2013,2013-11-17,BUF,NYJ,0
2013,2013-11-17,CHI,BAL,1
2013,2013-11-17,CIN,CLE,0
2013,2013-11-17,CLE,CIN,0
2013,2013-11-17,DEN,KC,0
2013,2013-11-17,DET,PIT,0
2013,2013-11-17,GB,NYG,0
2013,2013-11-17,HOU,OAK,0
2013,2013-11-17,JAX,ARI,0
2013,2013-11-17,KC,DEN,0
2013,2013-11-17,MIA,SD,0
2013,2013-11-17,MIN,SEA,0
2013,2013-11-17,NO,SF,0
2013,2013-11-17,NYG,GB,0
2013,2013-11-17,NYJ,BUF,0
2013,2013-11-17,OAK,HOU,0
2013,2013-11-17,PHI,WAS,0
2013,2013-11-17,PIT,DET,0
2013,2013-11-17,SD,MIA,0
2013,2013-11-17,SEA,MIN,0
2013,2013-11-17,SF,NO,0
2013,2013-11-17,TB,ATL,0
2013,2013-11-17,WAS,PHI,0
2013,2013-11-18,CAR,NE,0
2013,2013-11-18,NE,CAR,0
2013,2013-11-21,ATL,NO,0
2013,2013-11-21,NO,ATL,0
2013,2013-11-24,ARI,IND,0
2013,2013-11-24,BAL,NYJ,0
2013,2013-11-24,CAR,MIA,0
2013,2013-11-24,CHI,STL,0
2013,2013-11-24,CLE,PIT,0
2013,2013-11-24,DAL,NYG,0
2013,2013-11-24,DEN,NE,1
2013,2013-11-24,DET,TB,0
2013,2013-11-24,GB,MIN,1
2013,2013-11-24,HOU,JAX,0
2013,2013-11-24,IND,ARI,0
2013,2013-11-24,JAX,HOU,0
2013,2013-11-24,KC,SD,0
2013,2013-11-24,MIA,CAR,0
2013,2013-11-24,MIN,GB,1
2013,2013-11-24,NE,DEN,1
2013,2013-11-24,NYG,DAL,0
2013,2013-11-24,NYJ,BAL,0
2013,2013-11-24,OAK,TEN,0
2013,2013-11-24,PIT,CLE,0
2013,2013-11-24,SD,KC,0
2013,2013-11-24,STL,CHI,0
2013,2013-11-24,TB,DET,0
2013,2013-11-24,TEN,OAK,0
2013,2013-11-25,SF,WAS,0
2013,2013-11-25,WAS,SF,0
2013,2013-11-28,BAL,PIT,0
2013,2013-11-28,DAL,OAK,0
2013,2013-11-28,DET,GB,0
2013,2013-11-28,GB,DET,0
2013,2013-11-28,OAK,DAL,0
2013,2013-11-28,PIT,BAL,0
2013,2013-12-01,ARI,PHI,0
2013,2013-12-01,ATL,BUF,1
2013,2013-12-01,BUF,ATL,1
2013,2013-12-01,CAR,TB,0
2013,2013-12-01,CHI,MIN,1
2013,2013-12-01,CIN,SD,0
2013,2013-12-01,CLE,JAX,0
2013,2013-12-01,DEN,KC,0
2013,2013-12-01,HOU,NE,0
2013,2013-12-01,IND,TEN,0
2013,2013-12-01,JAX,CLE,0
2013,2013-12-01,KC,DEN,0
2013,2013-12-01,MIA,NYJ,0
2013,2013-12-01,MIN,CHI,1
2013,2013-12-01,NE,HOU,0
2013,2013-12-01,NYG,WAS,0
2013,2013-12-01,NYJ,MIA,0
2013,2013-12-01,PHI,ARI,0
2013,2013-12-01,SD,CIN,0
2013,2013-12-01,SF,STL,0
2013,2013-12-01,STL,SF,0
2013,2013-12-01,TB,CAR,0
2013,2013-12-01,TEN,IND,0
2013,2013-12-01,WAS,NYG,0
2013,2013-12-02,NO,SEA,0
2013,2013-12-02,SEA,NO,0
2013,2013-12-05,HOU,JAX,0
2013,2013-12-05,JAX,HOU,0
2013,2013-12-08,ARI,STL,0
2013,2013-12-08,ATL,GB,0
2013,2013-12-08,BAL,MIN,0
2013,2013-12-08,BUF,TB,0
2013,2013-12-08,CAR,NO,0
2013,2013-12-08,CIN,IND,0
2013,2013-12-08,CLE,NE,0
2013,2013-12-08,DEN,TEN,0
2013,2013-12-08,DET,PHI,0
2013,2013-12-08,GB,ATL,0
2013,2013-12-08,IND,CIN,0
2013,2013-12-08,KC,WAS,0
2013,2013-12-08,MIA,PIT,0
2013,2013-12-08,MIN,BAL,0
2013,2013-12-08,NE,CLE,0
2013,2013-12-08,NO,CAR,0
2013,2013-12-08,NYG,SD,0
2013,2013-12-08,NYJ,OAK,0
2013,2013-12-08,OAK,NYJ,0
2013,2013-12-08,PHI,DET,0
2013,2013-12-08,PIT,MIA,0
2013,2013-12-08,SD,NYG,0
2013,2013-12-08,SEA,SF,0
2013,2013-12-08,SF,SEA,0
2013,2013-12-08,STL,ARI,0
2013,2013-12-08,TB,BUF,0
2013,2013-12-08,TEN,DEN,0
2013,2013-12-08,WAS,KC,0
2013,2013-12-09,CHI,DAL,0
2013,2013-12-09,DAL,CHI,0
2013,2013-12-12,DEN,SD,0
2013,2013-12-12,SD,DEN,0
2013,2013-12-15,ARI,TEN,1
2013,2013-12-15,ATL,WAS,0
2013,2013-12-15,BUF,JAX,0
2013,2013-12-15,CAR,NYJ,0
2013,2013-12-15,CHI,CLE,0
2013,2013-12-15,CIN,PIT,0
2013,2013-12-15,CLE,CHI,0
2013,2013-12-15,DAL,GB,0
2013,2013-12-15,GB,DAL,0
2013,2013-12-15,HOU,IND,0
2013,2013-12-15,IND,HOU,0
2013,2013-12-15,JAX,BUF,0
2013,2013-12-15,KC,OAK,0
2013,2013-12-15,MIA,NE,0
2013,2013-12-15,MIN,PHI,0
2013,2013-12-15,NE,MIA,0
2013,2013-12-15,NO,STL,0
2013,2013-12-15,NYG,SEA,0
2013,2013-12-15,NYJ,CAR,0
2013,2013-12-15,OAK,KC,0
2013,2013-12-15,PHI,MIN,0
2013,2013-12-15,PIT,CIN,0
2013,2013-12-15,SEA,NYG,0
2013,2013-12-15,SF,TB,0
2013,2013-12-15,STL,NO,0
2013,2013-12-15,TB,SF,0
2013,2013-12-15,TEN,ARI,1
2013,2013-12-15,WAS,ATL,0
2013,2013-12-16,BAL,DET,0
2013,2013-12-16,DET,BAL,0
2013,2013-12-22,ARI,SEA,0
2013,2013-12-22,BAL,NE,0
2013,2013-12-22,BUF,MIA,0
2013,2013-12-22,CAR,NO,0
2013,2013-12-22,CHI,PHI,0
2013,2013-12-22,CIN,MIN,0
2013,2013-12-22,CLE,NYJ,0
2013,2013-12-22,DAL,WAS,0
2013,2013-12-22,DEN,HOU,0
2013,2013-12-22,DET,NYG,1
2013,2013-12-22,GB,PIT,0
2013,2013-12-22,HOU,DEN,0
2013,2013-12-22,IND,KC,0
2013,2013-12-22,JAX,TEN,0
2013,2013-12-22,KC,IND,0
2013,2013-12-22,MIA,BUF,0
2013,2013-12-22,MIN,CIN,0
2013,2013-12-22,NE,BAL,0
2013,2013-12-22,NO,CAR,0
2013,2013-12-22,NYG,DET,1
2013,2013-12-22,NYJ,CLE,0
2013,2013-12-22,OAK,SD,0
2013,2013-12-22,PHI,CHI,0
2013,2013-12-22,PIT,GB,0
2013,2013-12-22,SD,OAK,0
2013,2013-12-22,SEA,ARI,0
2013,2013-12-22,STL,TB,0
2013,2013-12-22,TB,STL,0
2013,2013-12-22,TEN,JAX,0
2013,2013-12-22,WAS,DAL,0
2013,2013-12-23,ATL,SF,0
2013,2013-12-23,SF,ATL,0
2013,2013-12-29,ARI,SF,0
2013,2013-12-29,ATL,CAR,0
2013,2013-12-29,BAL,CIN,0
2013,2013-12-29,BUF,NE,0
2013,2013-12-29,CAR,ATL,0
2013,2013-12-29,CHI,GB,0
2013,2013-12-29,CIN,BAL,0
2013,2013-12-29,CLE,PIT,0
2013,2013-12-29,DAL,PHI,0
2013,2013-12-29,DEN,OAK,0
2013,2013-12-29,DET,MIN,0
2013,2013-12-29,GB,CHI,0
2013,2013-12-29,HOU,TEN,0
2013,2013-12-29,IND,JAX,0
2013,2013-12-29,JAX,IND,0
2013,2013-12-29,KC,SD,1
2013,2013-12-29,MIA,NYJ,0
2013,2013-12-29,MIN,DET,0
2013,2013-12-29,NE,BUF,0
2013,2013-12-29,NO,TB,0
2013,2013-12-29,NYG,WAS,0
2013,2013-12-29,NYJ,MIA,0
2013,2013-12-29,OAK,DEN,0
2013,2013-12-29,PHI,DAL,0
2013,2013-12-29,PIT,CLE,0
2013,2013-12-29,SD,KC,1
2013,2013-12-29,SEA,STL,0
2013,2013-12-29,SF,ARI,0
2013,2013-12-29,STL,SEA,0
2013,2013-12-29,TB,NO,0
2013,2013-12-29,TEN,HOU,0
2013,2013-12-29,WAS,NYG,0
2013,2014-01-04,IND,KC,0
2013,2014-01-04,KC,IND,0
2013,2014-01-04,NO,PHI,0
2013,2014-01-04,PHI,NO,0
2013,2014-01-05,CIN,SD,0
2013,2014-01-05,GB,SF,0
2013,2014-01-05,SD,CIN,0
2013,2014-01-05,SF,GB,0
2013,2014-01-11,IND,NE,0
2013,2014-01-11,NE,IND,0
2013,2014-01-11,NO,SEA,0
2013,2014-01-11,SEA,NO,0
2013,2014-01-12,CAR,SF,0
2013,2014-01-12,DEN,SD,0
2013,2014-01-12,SD,DEN,0
2013,2014-01-12,SF,CAR,0
2013,2014-01-19,DEN,NE,0
2013,2014-01-19,NE,DEN,0
2013,2014-01-19,SEA,SF,0
2013,2014-01-19,SF,SEA,0
2013,2014-02-02,DEN,SEA,0
2013,2014-02-02,SEA,DEN,0
2014,2014-09-04,GB,SEA,0
2014,2014-09-04,SEA,GB,0
2014,2014-09-07,ATL,NO,1
2014,2014-09-07,BAL,CIN,0
2014,2014-09-07,BUF,CHI,1
2014,2014-09-07,CAR,TB,0
2014,2014-09-07,CHI,BUF,1
2014,2014-09-07,CIN,BAL,0
2014,2014-09-07,CLE,PIT,0
2014,2014-09-07,DAL,SF,0
2014,2014-09-07,DEN,IND,0
2014,2014-09-07,HOU,WAS,0
2014,2014-09-07,IND,DEN,0
2014,2014-09-07,JAX,PHI,0
2014,2014-09-07,KC,TEN,0
2014,2014-09-07,MIA,NE,0
2014,2014-09-07,MIN,STL,0
2014,2014-09-07,NE,MIA,0
2014,2014-09-07,NO,ATL,1
2014,2014-09-07,NYJ,OAK,0
2014,2014-09-07,OAK,NYJ,0
2014,2014-09-07,PHI,JAX,0
2014,2014-09-07,PIT,CLE,0
2014,2014-09-07,SF,DAL,0
2014,2014-09-07,STL,MIN,0
2014,2014-09-07,TB,CAR,0
2014,2014-09-07,TEN,KC,0
2014,2014-09-07,WAS,HOU,0
2014,2014-09-08,ARI,SD,0
2014,2014-09-08,DET,NYG,0
2014,2014-09-08,NYG,DET,0
2014,2014-09-08,SD,ARI,0
2014,2014-09-11,BAL,PIT,0
2014,2014-09-11,PIT,BAL,0
2014,2014-09-14,ARI,NYG,0
2014,2014-09-14,ATL,CIN,0
2014,2014-09-14,BUF,MIA,0
2014,2014-09-14,CAR,DET,0
2014,2014-09-14,CHI,SF,0
2014,2014-09-14,CIN,ATL,0
2014,2014-09-14,CLE,NO,0
2014,2014-09-14,DAL,TEN,0
2014,2014-09-14,DEN,KC,0
2014,2014-09-14,DET,CAR,0
2014,2014-09-14,GB,NYJ,0
2014,2014-09-14,HOU,OAK,0
2014,2014-09-14,JAX,WAS,0
2014,2014-09-14,KC,DEN,0
2014,2014-09-14,MIA,BUF,0
2014,2014-09-14,MIN,NE,0
2014,2014-09-14,NE,MIN,0
2014,2014-09-14,NO,CLE,0
2014,2014-09-14,NYG,ARI,0
2014,2014-09-14,NYJ,GB,0
2014,2014-09-14,OAK,HOU,0
2014,2014-09-14,SD,SEA,0
2014,2014-09-14,SEA,SD,0
2014,2014-09-14,SF,CHI,0
2014,2014-09-14,STL,TB,0
2014,2014-09-14,TB,STL,0
2014,2014-09-14,TEN,DAL,0
2014,2014-09-14,WAS,JAX,0
2014,2014-09-15,IND,PHI,0
2014,2014-09-15,PHI,IND,0
2014,2014-09-18,ATL,TB,0
2014,2014-09-18,TB,ATL,0
2014,2014-09-21,ARI,SF,0
2014,2014-09-21,BAL,CLE,0
2014,2014-09-21,BUF,SD,0
2014,2014-09-21,CAR,PIT,0
2014,2014-09-21,CIN,TEN,0
2014,2014-09-21,CLE,BAL,0
2014,2014-09-21,DAL,STL,0
2014,2014-09-21,DEN,SEA,1
2014,2014-09-21,DET,GB,0
2014,2014-09-21,GB,DET,0
2014,2014-09-21,HOU,NYG,0
2014,2014-09-21,IND,JAX,0
2014,2014-09-21,JAX,IND,0
2014,2014-09-21,KC,MIA,0
2014,2014-09-21,MIA,KC,0
2014,2014-09-21,MIN,NO,0
2014,2014-09-21,NE,OAK,0
2014,2014-09-21,NO,MIN,0
2014,2014-09-21,NYG,HOU,0
2014,2014-09-21,OAK,NE,0
2014,2014-09-21,PHI,WAS,0
2014,2014-09-21,PIT,CAR,0
2014,2014-09-21,SD,BUF,0
2014,2014-09-21,SEA,DEN,1
2014,2014-09-21,SF,ARI,0
2014,2014-09-21,STL,DAL,0
2014,2014-09-21,TEN,CIN,0
2014,2014-09-21,WAS,PHI,0
2014,2014-09-22,CHI,NYJ,0
2014,2014-09-22,NYJ,CHI,0
2014,2014-09-25,NYG,WAS,0
2014,2014-09-25,WAS,NYG,0
2014,2014-09-28,ATL,MIN,0
2014,2014-09-28,BAL,CAR,0
2014,2014-09-28,BUF,HOU,0
2014,2014-09-28,CAR,BAL,0
2014,2014-09-28,CHI,GB,0
2014,2014-09-28,DAL,NO,0
2014,2014-09-28,DET,NYJ,0
2014,2014-09-28,GB,CHI,0
2014,2014-09-28,HOU,BUF,0
2014,2014-09-28,IND,TEN,0
2014,2014-09-28,JAX,SD,0
2014,2014-09-28,MIA,OAK,0
2014,2014-09-28,MIN,ATL,0
2014,2014-09-28,NO,DAL,0
2014,2014-09-28,NYJ,DET,0
2014,2014-09-28,OAK,MIA,0
2014,2014-09-28,PHI,SF,0
2014,2014-09-28,PIT,TB,0
2014,2014-09-28,SD,JAX,0
2014,2014-09-28,SF,PHI,0
2014,2014-09-28,TB,PIT,0
2014,2014-09-28,TEN,IND,0
2014,2014-09-29,KC,NE,0
2014,2014-09-29,NE,KC,0
2014,2014-10-02,GB,MIN,0
2014,2014-10-02,MIN,GB,0
2014,2014-10-05,ARI,DEN,0
2014,2014-10-05,ATL,NYG,0
2014,2014-10-05,BAL,IND,0
2014,2014-10-05,BUF,DET,0
2014,2014-10-05,CAR,CHI,0
2014,2014-10-05,CHI,CAR,0
2014,2014-10-05,CIN,NE,0
2014,2014-10-05,CLE,TEN,0
2014,2014-10-05,DAL,HOU,1
2014,2014-10-05,DEN,ARI,0
2014,2014-10-05,DET,BUF,0
2014,2014-10-05,HOU,DAL,1
2014,2014-10-05,IND,BAL,0
2014,2014-10-05,JAX,PIT,0
2014,2014-10-05,KC,SF,0
2014,2014-10-05,NE,CIN,0
2014,2014-10-05,NO,TB,1
2014,2014-10-05,NYG,ATL,0
2014,2014-10-05,NYJ,SD,0
2014,2014-10-05,PHI,STL,0
2014,2014-10-05,PIT,JAX,0
2014,2014-10-05,SD,NYJ,0
2014,2014-10-05,SF,KC,0
2014,2014-10-05,STL,PHI,0
2014,2014-10-05,TB,NO,1
2014,2014-10-05,TEN,CLE,0
2014,2014-10-06,SEA,WAS,0
2014,2014-10-06,WAS,SEA,0
2014,2014-10-09,HOU,IND,0
2014,2014-10-09,IND,HOU,0
2014,2014-10-12,ARI,WAS,0
2014,2014-10-12,ATL,CHI,0
2014,2014-10-12,BAL,TB,0
2014,2014-10-12,BUF,NE,0
2014,2014-10-12,CAR,CIN,1
2014,2014-10-12,CHI,ATL,0
2014,2014-10-12,CIN,CAR,1
2014,2014-10-12,CLE,PIT,0
2014,2014-10-12,DAL,SEA,0
2014,2014-10-12,DEN,NYJ,0
2014,2014-10-12,DET,MIN,0
2014,2014-10-12,GB,MIA,0
2014,2014-10-12,JAX,TEN,0
2014,2014-10-12,MIA,GB,0
2014,2014-10-12,MIN,DET,0
2014,2014-10-12,NE,BUF,0
2014,2014-10-12,NYG,PHI,0
2014,2014-10-12,NYJ,DEN,0
2014,2014-10-12,OAK,SD,0
2014,2014-10-12,PHI,NYG,0
2014,2014-10-12,PIT,CLE,0
2014,2014-10-12,SD,OAK,0
2014,2014-10-12,SEA,DAL,0
2014,2014-10-12,TB,BAL,0
2014,2014-10-12,TEN,JAX,0
2014,2014-10-12,WAS,ARI,0
2014,2014-10-13,SF,STL,0
2014,2014-10-13,STL,SF,0
2014,2014-10-16,NE,NYJ,0
2014,2014-10-16,NYJ,NE,0
2014,2014-10-19,ARI,OAK,0
2014,2014-10-19,ATL,BAL,0
2014,2014-10-19,BAL,ATL,0
2014,2014-10-19,BUF,MIN,0
2014,2014-10-19,CAR,GB,0
2014,2014-10-19,CHI,MIA,0
2014,2014-10-19,CIN,IND,0
2014,2014-10-19,CLE,JAX,0
2014,2014-10-19,DAL,NYG,0
2014,2014-10-19,DEN,SF,0
2014,2014-10-19,DET,NO,0
2014,2014-10-19,GB,CAR,0
2014,2014-10-19,IND,CIN,0
2014,2014-10-19,JAX,CLE,0
2014,2014-10-19,KC,SD,0
2014,2014-10-19,MIA,CHI,0
2014,2014-10-19,MIN,BUF,0
2014,2014-10-19,NO,DET,0
2014,2014-10-19,NYG,DAL,0
2014,2014-10-19,OAK,ARI,0
2014,2014-10-19,SD,KC,0
2014,2014-10-19,SEA,STL,0
2014,2014-10-19,SF,DEN,0
2014,2014-10-19,STL,SEA,0
2014,2014-10-19,TEN,WAS,0
2014,2014-10-19,WAS,TEN,0
2014,2014-10-20,HOU,PIT,0
2014,2014-10-20,PIT,HOU,0
2014,2014-10-23,DEN,SD,0
2014,2014-10-23,SD,DEN,0
2014,2014-10-26,ARI,PHI,0
2014,2014-10-26,ATL,DET,0
2014,2014-10-26,BAL,CIN,0
2014,2014-10-26,BUF,NYJ,0
2014,2014-10-26,CAR,SEA,0
2014,2014-10-26,CHI,NE,0
2014,2014-10-26,CIN,BAL,0
2014,2014-10-26,CLE,OAK,0
2014,2014-10-26,DET,ATL,0
2014,2014-10-26,GB,NO,0
2014,2014-10-26,HOU,TEN,0
2014,2014-10-26,IND,PIT,0
2014,2014-10-26,JAX,MIA,0
2014,2014-10-26,KC,STL,0
2014,2014-10-26,MIA,JAX,0
2014,2014-10-26,MIN,TB,1
2014,2014-10-26,NE,CHI,0
2014,2014-10-26,NO,GB,0
2014,2014-10-26,NYJ,BUF,0
2014,2014-10-26,OAK,CLE,0
2014,2014-10-26,PHI,ARI,0
2014,2014-10-26,PIT,IND,0
2014,2014-10-26,SEA,CAR,0
2014,2014-10-26,STL,KC,0
2014,2014-10-26,TB,MIN,1
2014,2014-10-26,TEN,HOU,0
2014,2014-10-27,DAL,WAS,1
2014,2014-10-27,WAS,DAL,1
2014,2014-10-30,CAR,NO,0
2014,2014-10-30,NO,CAR,0
2014,2014-11-02,ARI,DAL,0
2014,2014-11-02,BAL,PIT,0
2014,2014-11-02,CIN,JAX,0
2014,2014-11-02,CLE,TB,0
2014,2014-11-02,DAL,ARI,0
2014,2014-11-02,DEN,NE,0
2014,2014-11-02,HOU,PHI,0
2014,2014-11-02,JAX,CIN,0
2014,2014-11-02,KC,NYJ,0
2014,2014-11-02,MIA,SD,0
2014,2014-11-02,MIN,WAS,0
2014,2014-11-02,NE,DEN,0
2014,2014-11-02,NYJ,KC,0
2014,2014-11-02,OAK,SEA,0
2014,2014-11-02,PHI,HOU,0
2014,2014-11-02,PIT,BAL,0
2014,2014-11-02,SD,MIA,0
2014,2014-11-02,SEA,OAK,0
2014,2014-11-02,SF,STL,0
2014,2014-11-02,STL,SF,0
2014,2014-11-02,TB,CLE,0
2014,2014-11-02,WAS,MIN,0
2014,2014-11-03,IND,NYG,0
2014,2014-11-03,NYG,IND,0
2014,2014-11-06,CIN,CLE,0
2014,2014-11-06,CLE,CIN,0
2014,2014-11-09,ARI,STL,0
2014,2014-11-09,ATL,TB,0
2014,2014-11-09,BAL,TEN,0
2014,2014-11-09,BUF,KC,0
2014,2014-11-09,CHI,GB,0
2014,2014-11-09,DAL,JAX,0
2014,2014-11-09,DEN,OAK,0
2014,2014-11-09,DET,MIA,0
2014,2014-11-09,GB,CHI,0
2014,2014-11-09,JAX,DAL,0
2014,2014-11-09,KC,BUF,0
2014,2014-11-09,MIA,DET,0
2014,2014-11-09,NO,SF,1
2014,2014-11-09,NYG,SEA,0
2014,2014-11-09,NYJ,PIT,0
2014,2014-11-09,OAK,DEN,0
2014,2014-11-09,PIT,NYJ,0
2014,2014-11-09,SEA,NYG,0
2014,2014-11-09,SF,NO,1
2014,2014-11-09,STL,ARI,0
2014,2014-11-09,TB,ATL,0
2014,2014-11-09,TEN,BAL,0
2014,2014-11-10,CAR,PHI,0
2014,2014-11-10,PHI,CAR,0
2014,2014-11-13,BUF,MIA,0
2014,2014-11-13,MIA,BUF,0
2014,2014-11-16,ARI,DET,0
2014,2014-11-16,ATL,CAR,0
2014,2014-11-16,CAR,ATL,0
2014,2014-11-16,CHI,MIN,0
2014,2014-11-16,CIN,NO,0
2014,2014-11-16,CLE,HOU,0
2014,2014-11-16,DEN,STL,0
2014,2014-11-16,DET,ARI,0
2014,2014-11-16,GB,PHI,0
2014,2014-11-16,HOU,CLE,0
2014,2014-11-16,IND,NE,0
2014,2014-11-16,KC,SEA,0
2014,2014-11-16,MIN,CHI,0
2014,2014-11-16,NE,IND,0
2014,2014-11-16,NO,CIN,0
2014,2014-11-16,NYG,SF,0
2014,2014-11-16,OAK,SD,0
2014,2014-11-16,PHI,GB,0
2014,2014-11-16,SD,OAK,0
2014,2014-11-16,SEA,KC,0
2014,2014-11-16,SF,NYG,0
2014,2014-11-16,STL,DEN,0
2014,2014-11-16,TB,WAS,0
2014,2014-11-16,WAS,TB,0
2014,2014-11-17,PIT,TEN,0
2014,2014-11-17,TEN,PIT,0
2014,2014-11-20,KC,OAK,0
2014,2014-11-20,OAK,KC,0
2014,2014-11-23,ARI,SEA,0
2014,2014-11-23,ATL,CLE,0
2014,2014-11-23,CHI,TB,0
2014,2014-11-23,CIN,HOU,0
2014,2014-11-23,CLE,ATL,0
2014,2014-11-23,DAL,NYG,0
2014,2014-11-23,DEN,MIA,0
2014,2014-11-23,DET,NE,0
2014,2014-11-23,GB,MIN,0
2014,2014-11-23,HOU,CIN,0
2014,2014-11-23,IND,JAX,0
2014,2014-11-23,JAX,IND,0
2014,2014-11-23,MIA,DEN,0
2014,2014-11-23,MIN,GB,0
2014,2014-11-23,NE,DET,0
2014,2014-11-23,NYG,DAL,0
2014,2014-11-23,PHI,TEN,0
2014,2014-11-23,SD,STL,0
2014,2014-11-23,SEA,ARI,0
2014,2014-11-23,SF,WAS,0
2014,2014-11-23,STL,SD,0
2014,2014-11-23,TB,CHI,0
2014,2014-11-23,TEN,PHI,0
2014,2014-11-23,WAS,SF,0
2014,2014-11-24,BAL,NO,0
2014,2014-11-24,BUF,NYJ,0
2014,2014-11-24,NO,BAL,0
2014,2014-11-24,NYJ,BUF,0
2014,2014-11-27,CHI,DET,0
2014,2014-11-27,DAL,PHI,0
2014,2014-11-27,DET,CHI,0
2014,2014-11-27,PHI,DAL,0
2014,2014-11-27,SEA,SF,0
2014,2014-11-27,SF,SEA,0
2014,2014-11-30,ARI,ATL,0
2014,2014-11-30,ATL,ARI,0
2014,2014-11-30,BAL,SD,0
2014,2014-11-30,BUF,CLE,0
2014,2014-11-30,CAR,MIN,0
2014,2014-11-30,CIN,TB,0
2014,2014-11-30,CLE,BUF,0
2014,2014-11-30,DEN,KC,0
2014,2014-11-30,GB,NE,0
2014,2014-11-30,HOU,TEN,0
2014,2014-11-30,IND,WAS,0
2014,2014-11-30,JAX,NYG,0
2014,2014-11-30,KC,DEN,0
2014,2014-11-30,MIN,CAR,0
2014,2014-11-30,NE,GB,0
2014,2014-11-30,NO,PIT,0
2014,2014-11-30,NYG,JAX,0
2014,2014-11-30,OAK,STL,0
2014,2014-11-30,PIT,NO,0
2014,2014-11-30,SD,BAL,0
2014,2014-11-30,STL,OAK,0
2014,2014-11-30,TB,CIN,0
2014,2014-11-30,TEN,HOU,0
2014,2014-11-30,WAS,IND,0
2014,2014-12-01,MIA,NYJ,0
2014,2014-12-01,NYJ,MIA,0
2014,2014-12-04,CHI,DAL,0
2014,2014-12-04,DAL,CHI,0
2014,2014-12-07,ARI,KC,0
2014,2014-12-07,BAL,MIA,0
2014,2014-12-07,BUF,DEN,0
2014,2014-12-07,CAR,NO,0
2014,2014-12-07,CIN,PIT,0
2014,2014-12-07,CLE,IND,0
2014,2014-12-07,DEN,BUF,0
2014,2014-12-07,DET,TB,0
2014,2014-12-07,HOU,JAX,0
2014,2014-12-07,IND,CLE,0
2014,2014-12-07,JAX,HOU,0
2014,2014-12-07,KC,ARI,0
2014,2014-12-07,MIA,BAL,0
2014,2014-12-07,MIN,NYJ,1
2014,2014-12-07,NE,SD,0
2014,2014-12-07,NO,CAR,0
2014,2014-12-07,NYG,TEN,0
2014,2014-12-07,NYJ,MIN,1
2014,2014-12-07,OAK,SF,0
2014,2014-12-07,PHI,SEA,0
2014,2014-12-07,PIT,CIN,0
2014,2014-12-07,SD,NE,0
2014,2014-12-07,SEA,PHI,0
2014,2014-12-07,SF,OAK,0
2014,2014-12-07,STL,WAS,0
2014,2014-12-07,TB,DET,0
2014,2014-12-07,TEN,NYG,0
2014,2014-12-07,WAS,STL,0
2014,2014-12-08,ATL,GB,0
2014,2014-12-08,GB,ATL,0
2014,2014-12-11,ARI,STL,0
2014,2014-12-11,STL,ARI,0
2014,2014-12-14,ATL,PIT,0
2014,2014-12-14,BAL,JAX,0
2014,2014-12-14,BUF,GB,0
2014,2014-12-14,CAR,TB,0
2014,2014-12-14,CIN,CLE,0
2014,2014-12-14,CLE,CIN,0
2014,2014-12-14,DAL,PHI,0
2014,2014-12-14,DEN,SD,0
2014,2014-12-14,DET,MIN,0
2014,2014-12-14,GB,BUF,0
2014,2014-12-14,HOU,IND,0
2014,2014-12-14,IND,HOU,0
2014,2014-12-14,JAX,BAL,0
2014,2014-12-14,KC,OAK,0
2014,2014-12-14,MIA,NE,0
2014,2014-12-14,MIN,DET,0
2014,2014-12-14,NE,MIA,0
2014,2014-12-14,NYG,WAS,0
2014,2014-12-14,NYJ,TEN,0
2014,2014-12-14,OAK,KC,0
2014,2014-12-14,PHI,DAL,0
2014,2014-12-14,PIT,ATL,0
2014,2014-12-14,SD,DEN,0
2014,2014-12-14,SEA,SF,0
2014,2014-12-14,SF,SEA,0
2014,2014-12-14,TB,CAR,0
2014,2014-12-14,TEN,NYJ,0
2014,2014-12-14,WAS,NYG,0
2014,2014-12-15,CHI,NO,0
2014,2014-12-15,NO,CHI,0
2014,2014-12-18,JAX,TEN,0
2014,2014-12-18,TEN,JAX,0
2014,2014-12-20,PHI,WAS,0
2014,2014-12-20,SD,SF,1
2014,2014-12-20,SF,SD,1
2014,2014-12-20,WAS,PHI,0
2014,2014-12-21,ARI,SEA,0
2014,2014-12-21,ATL,NO,0
2014,2014-12-21,BAL,HOU,0
2014,2014-12-21,BUF,OAK,0
2014,2014-12-21,CAR,CLE,0
2014,2014-12-21,CHI,DET,0
2014,2014-12-21,CLE,CAR,0
2014,2014-12-21,DAL,IND,0
2014,2014-12-21,DET,CHI,0
2014,2014-12-21,GB,TB,0
2014,2014-12-21,HOU,BAL,0
2014,2014-12-21,IND,DAL,0
2014,2014-12-21,KC,PIT,0
2014,2014-12-21,MIA,MIN,0
2014,2014-12-21,MIN,MIA,0
2014,2014-12-21,NE,NYJ,0
2014,2014-12-21,NO,ATL,0
2014,2014-12-21,NYG,STL,0
2014,2014-12-21,NYJ,NE,0
2014,2014-12-21,OAK,BUF,0
2014,2014-12-21,PIT,KC,0
2014,2014-12-21,SEA,ARI,0
2014,2014-12-21,STL,NYG,0
2014,2014-12-21,TB,GB,0
2014,2014-12-22,CIN,DEN,0
2014,2014-12-22,DEN,CIN,0
2014,2014-12-28,ARI,SF,0
2014,2014-12-28,ATL,CAR,0
2014,2014-12-28,BAL,CLE,0
2014,2014-12-28,BUF,NE,0
2014,2014-12-28,CAR,ATL,0
2014,2014-12-28,CHI,MIN,0
2014,2014-12-28,CIN,PIT,0
2014,2014-12-28,CLE,BAL,0
2014,2014-12-28,DAL,WAS,0
2014,2014-12-28,DEN,OAK,0
2014,2014-12-28,DET,GB,0
2014,2014-12-28,GB,DET,0
2014,2014-12-28,HOU,JAX,0
2014,2014-12-28,IND,TEN,0
2014,2014-12-28,JAX,HOU,0
2014,2014-12-28,KC,SD,0
2014,2014-12-28,MIA,NYJ,0
2014,2014-12-28,MIN,CHI,0
2014,2014-12-28,NE,BUF,0
2014,2014-12-28,NO,TB,0
2014,2014-12-28,NYG,PHI,0
2014,2014-12-28,NYJ,MIA,0
2014,2014-12-28,OAK,DEN,0
2014,2014-12-28,PHI,NYG,0
2014,2014-12-28,PIT,CIN,0
2014,2014-12-28,SD,KC,0
2014,2014-12-28,SEA,STL,0
2014,2014-12-28,SF,ARI,0
2014,2014-12-28,STL,SEA,0
2014,2014-12-28,TB,NO,0
2014,2014-12-28,TEN,IND,0
2014,2014-12-28,WAS,DAL,0
2014,2015-01-03,ARI,CAR,0
2014,2015-01-03,BAL,PIT,0
2014,2015-01-03,CAR,ARI,0
2014,2015-01-03,PIT,BAL,0
2014,2015-01-04,CIN,IND,0
2014,2015-01-04,DAL,DET,0
2014,2015-01-04,DET,DAL,0
2014,2015-01-04,IND,CIN,0
2014,2015-01-10,BAL,NE,0
2014,2015-01-10,CAR,SEA,0
2014,2015-01-10,NE,BAL,0
2014,2015-01-10,SEA,CAR,0
2014,2015-01-11,DAL,GB,0
2014,2015-01-11,DEN,IND,0
2014,2015-01-11,GB,DAL,0
2014,2015-01-11,IND,DEN,0
2014,2015-01-18,GB,SEA,1
2014,2015-01-18,IND,NE,0
2014,2015-01-18,NE,IND,0
2014,2015-01-18,SEA,GB,1
2014,2015-02-01,NE,SEA,0
2014,2015-02-01,SEA,NE,0
2015,2015-09-10,NE,PIT,0
2015,2015-09-10,PIT,NE,0
2015,2015-09-13,ARI,NO,0
2015,2015-09-13,BAL,DEN,0
2015,2015-09-13,BUF,IND,0
2015,2015-09-13,CAR,JAX,0
2015,2015-09-13,CHI,GB,0
2015,2015-09-13,CIN,OAK,0
2015,2015-09-13,CLE,NYJ,0
2015,2015-09-13,DAL,NYG,0
2015,2015-09-13,DEN,BAL,0
2015,2015-09-13,DET,SD,0
2015,2015-09-13,GB,CHI,0
2015,2015-09-13,HOU,KC,0
2015,2015-09-13,IND,BUF,0
2015,2015-09-13,JAX,CAR,0
2015,2015-09-13,KC,HOU,0
2015,2015-09-13,MIA,WAS,0
2015,2015-09-13,NO,ARI,0
2015,2015-09-13,NYG,DAL,0
2015,2015-09-13,NYJ,CLE,0
2015,2015-09-13,OAK,CIN,0
2015,2015-09-13,SD,DET,0
2015,2015-09-13,SEA,STL,1
2015,2015-09-13,STL,SEA,1
2015,2015-09-13,TB,TEN,0
2015,2015-09-13,TEN,TB,0
2015,2015-09-13,WAS,MIA,0
2015,2015-09-14,ATL,PHI,0
2015,2015-09-14,MIN,SF,0
2015,2015-09-14,PHI,ATL,0
2015,2015-09-14,SF,MIN,0
2015,2015-09-17,DEN,KC,0
2015,2015-09-17,KC,DEN,0
2015,2015-09-20,ARI,CHI,0
2015,2015-09-20,ATL,NYG,0
2015,2015-09-20,BAL,OAK,0
2015,2015-09-20,BUF,NE,0
2015,2015-09-20,CAR,HOU,0
2015,2015-09-20,CHI,ARI,0
2015,2015-09-20,CIN,SD,0
2015,2015-09-20,CLE,TEN,0
2015,2015-09-20,DAL,PHI,0
2015,2015-09-20,DET,MIN,0
2015,2015-09-20,GB,SEA,0
2015,2015-09-20,HOU,CAR,0
2015,2015-09-20,JAX,MIA,0
2015,2015-09-20,MIA,JAX,0
2015,2015-09-20,MIN,DET,0
2015,2015-09-20,NE,BUF,0
2015,2015-09-20,NO,TB,0
2015,2015-09-20,NYG,ATL,0
2015,2015-09-20,OAK,BAL,0
2015,2015-09-20,PHI,DAL,0
2015,2015-09-20,PIT,SF,0
2015,2015-09-20,SD,CIN,0
2015,2015-09-20,SEA,GB,0
2015,2015-09-20,SF,PIT,0
2015,2015-09-20,STL,WAS,0
2015,2015-09-20,TB,NO,0
2015,2015-09-20,TEN,CLE,0
2015,2015-09-20,WAS,STL,0
2015,2015-09-21,IND,NYJ,0
2015,2015-09-21,NYJ,IND,0
2015,2015-09-24,NYG,WAS,0
2015,2015-09-24,WAS,NYG,0
2015,2015-09-27,ARI,SF,0
2015,2015-09-27,ATL,DAL,0
2015,2015-09-27,BAL,CIN,0
2015,2015-09-27,BUF,MIA,0
2015,2015-09-27,CAR,NO,0
2015,2015-09-27,CHI,SEA,0
2015,2015-09-27,CIN,BAL,0
2015,2015-09-27,CLE,OAK,0
2015,2015-09-27,DAL,ATL,0
2015,2015-09-27,DEN,DET,0
2015,2015-09-27,DET,DEN,0
2015,2015-09-27,HOU,TB,0
2015,2015-09-27,IND,TEN,0
2015,2015-09-27,JAX,NE,0
2015,2015-09-27,MIA,BUF,0
2015,2015-09-27,MIN,SD,0
2015,2015-09-27,NE,JAX,0
2015,2015-09-27,NO,CAR,0
2015,2015-09-27,NYJ,PHI,0
2015,2015-09-27,OAK,CLE,0
2015,2015-09-27,PHI,NYJ,0
2015,2015-09-27,PIT,STL,0
2015,2015-09-27,SD,MIN,0
2015,2015-09-27,SEA,CHI,0
2015,2015-09-27,SF,ARI,0
2015,2015-09-27,STL,PIT,0
2015,2015-09-27,TB,HOU,0
2015,2015-09-27,TEN,IND,0
2015,2015-09-28,GB,KC,0
2015,2015-09-28,KC,GB,0
2015,2015-10-01,BAL,PIT,1
2015,2015-10-01,PIT,BAL,1
2015,2015-10-04,ARI,STL,0
2015,2015-10-04,ATL,HOU,0
2015,2015-10-04,BUF,NYG,0
2015,2015-10-04,CAR,TB,0
2015,2015-10-04,CHI,OAK,0
2015,2015-10-04,CIN,KC,0
2015,2015-10-04,CLE,SD,0
2015,2015-10-04,DAL,NO,1
2015,2015-10-04,DEN,MIN,0
2015,2015-10-04,GB,SF,0
2015,2015-10-04,HOU,ATL,0
2015,2015-10-04,IND,JAX,1
2015,2015-10-04,JAX,IND,1
2015,2015-10-04,KC,CIN,0
2015,2015-10-04,MIA,NYJ,0
2015,2015-10-04,MIN,DEN,0
2015,2015-10-04,NO,DAL,1
2015,2015-10-04,NYG,BUF,0
2015,2015-10-04,NYJ,MIA,0
2015,2015-10-04,OAK,CHI,0
2015,2015-10-04,PHI,WAS,0
2015,2015-10-04,SD,CLE,0
2015,2015-10-04,SF,GB,0
2015,2015-10-04,STL,ARI,0
2015,2015-10-04,TB,CAR,0
2015,2015-10-04,WAS,PHI,0
2015,2015-10-05,DET,SEA,0
2015,2015-10-05,SEA,DET,0
2015,2015-10-08,HOU,IND,0
2015,2015-10-08,IND,HOU,0
2015,2015-10-11,ARI,DET,0
2015,2015-10-11,ATL,WAS,1
2015,2015-10-11,BAL,CLE,1
2015,2015-10-11,BUF,TEN,0
2015,2015-10-11,CHI,KC,0
2015,2015-10-11,CIN,SEA,1
2015,2015-10-11,CLE,BAL,1
2015,2015-10-11,DAL,NE,0
2015,2015-10-11,DEN,OAK,0
2015,2015-10-11,DET,ARI,0
2015,2015-10-11,GB,STL,0
2015,2015-10-11,JAX,TB,0
2015,2015-10-11,KC,CHI,0
2015,2015-10-11,NE,DAL,0
2015,2015-10-11,NO,PHI,0
2015,2015-10-11,NYG,SF,0
2015,2015-10-11,OAK,DEN,0
2015,2015-10-11,PHI,NO,0
2015,2015-10-11,SEA,CIN,1
2015,2015-10-11,SF,NYG,0
2015,2015-10-11,STL,GB,0
2015,2015-10-11,TB,JAX,0
2015,2015-10-11,TEN,BUF,0
2015,2015-10-11,WAS,ATL,1
2015,2015-10-12,PIT,SD,0
2015,2015-10-12,SD,PIT,0
2015,2015-10-15,ATL,NO,0
2015,2015-10-15,NO,ATL,0
2015,2015-10-18,ARI,PIT,0
2015,2015-10-18,BAL,SF,0
2015,2015-10-18,BUF,CIN,0
2015,2015-10-18,CAR,SEA,0
2015,2015-10-18,CHI,DET,1
2015,2015-10-18,CIN,BUF,0
2015,2015-10-18,CLE,DEN,1
2015,2015-10-18,DEN,CLE,1
2015,2015-10-18,DET,CHI,1
2015,2015-10-18,GB,SD,0
2015,2015-10-18,HOU,JAX,0
2015,2015-10-18,IND,NE,0
2015,2015-10-18,JAX,HOU,0
2015,2015-10-18,KC,MIN,0
2015,2015-10-18,MIA,TEN,0
2015,2015-10-18,MIN,KC,0
2015,2015-10-18,NE,IND,0
2015,2015-10-18,NYJ,WAS,0
2015,2015-10-18,PIT,ARI,0
2015,2015-10-18,SD,GB,0
2015,2015-10-18,SEA,CAR,0
2015,2015-10-18,SF,BAL,0
2015,2015-10-18,TEN,MIA,0
2015,2015-10-18,WAS,NYJ,0
2015,2015-10-19,NYG,PHI,0
2015,2015-10-19,PHI,NYG,0
2015,2015-10-22,SEA,SF,0
2015,2015-10-22,SF,SEA,0
2015,2015-10-25,ATL,TEN,0
2015,2015-10-25,BUF,JAX,0
2015,2015-10-25,CAR,PHI,0
2015,2015-10-25,CLE,STL,0
2015,2015-10-25,DAL,NYG,0
2015,2015-10-25,DET,MIN,0
2015,2015-10-25,HOU,MIA,0
2015,2015-10-25,IND,NO,0
2015,2015-10-25,JAX,BUF,0
2015,2015-10-25,KC,PIT,0
2015,2015-10-25,MIA,HOU,0
2015,2015-10-25,MIN,DET,0
2015,2015-10-25,NE,NYJ,0
2015,2015-10-25,NO,IND,0
2015,2015-10-25,NYG,DAL,0
2015,2015-10-25,NYJ,NE,0
2015,2015-10-25,OAK,SD,0
2015,2015-10-25,PHI,CAR,0
2015,2015-10-25,PIT,KC,0
2015,2015-10-25,SD,OAK,0
2015,2015-10-25,STL,CLE,0
2015,2015-10-25,TB,WAS,0
2015,2015-10-25,TEN,ATL,0
2015,2015-10-25,WAS,TB,0
2015,2015-10-26,ARI,BAL,0
2015,2015-10-26,BAL,ARI,0
2015,2015-10-29,MIA,NE,0
2015,2015-10-29,NE,MIA,0
2015,2015-11-01,ARI,CLE,0
2015,2015-11-01,ATL,TB,1
2015,2015-11-01,BAL,SD,0
2015,2015-11-01,CHI,MIN,0
2015,2015-11-01,CIN,PIT,0
2015,2015-11-01,CLE,ARI,0
2015,2015-11-01,DAL,SEA,0
2015,2015-11-01,DEN,GB,0
2015,2015-11-01,DET,KC,0
2015,2015-11-01,GB,DEN,0
2015,2015-11-01,HOU,TEN,0
2015,2015-11-01,KC,DET,0
2015,2015-11-01,MIN,CHI,0
2015,2015-11-01,NO,NYG,0
2015,2015-11-01,NYG,NO,0
2015,2015-11-01,NYJ,OAK,0
2015,2015-11-01,OAK,NYJ,0
2015,2015-11-01,PIT,CIN,0
2015,2015-11-01,SD,BAL,0
2015,2015-11-01,SEA,DAL,0
2015,2015-11-01,SF,STL,0
2015,2015-11-01,STL,SF,0
2015,2015-11-01,TB,ATL,1
2015,2015-11-01,TEN,HOU,0
2015,2015-11-02,CAR,IND,1
2015,2015-11-02,IND,CAR,1
2015,2015-11-05,CIN,CLE,0
2015,2015-11-05,CLE,CIN,0
2015,2015-11-08,ATL,SF,0
2015,2015-11-08,BUF,MIA,0
2015,2015-11-08,CAR,GB,0
2015,2015-11-08,DAL,PHI,1
2015,2015-11-08,DEN,IND,0
2015,2015-11-08,GB,CAR,0
2015,2015-11-08,IND,DEN,0
2015,2015-11-08,JAX,NYJ,0
2015,2015-11-08,MIA,BUF,0
2015,2015-11-08,MIN,STL,1
2015,2015-11-08,NE,WAS,0
2015,2015-11-08,NO,TEN,1
2015,2015-11-08,NYG,TB,0
2015,2015-11-08,NYJ,JAX,0
2015,2015-11-08,OAK,PIT,0
2015,2015-11-08,PHI,DAL,1
2015,2015-11-08,PIT,OAK,0
2015,2015-11-08,SF,ATL,0
2015,2015-11-08,STL,MIN,1
2015,2015-11-08,TB,NYG,0
2015,2015-11-08,TEN,NO,1
2015,2015-11-08,WAS,NE,0
2015,2015-11-09,CHI,SD,0
2015,2015-11-09,SD,CHI,0
2015,2015-11-12,BUF,NYJ,0
2015,2015-11-12,NYJ,BUF,0
2015,2015-11-15,ARI,SEA,0
2015,2015-11-15,BAL,JAX,0
2015,2015-11-15,CAR,TEN,0
2015,2015-11-15,CHI,STL,0
2015,2015-11-15,CLE,PIT,0
2015,2015-11-15,DAL,TB,0
2015,2015-11-15,DEN,KC,0
2015,2015-11-15,DET,GB,0
2015,2015-11-15,GB,DET,0
2015,2015-11-15,JAX,BAL,0
2015,2015-11-15,KC,DEN,0
2015,2015-11-15,MIA,PHI,0
2015,2015-11-15,MIN,OAK,0
2015,2015-11-15,NE,NYG,0
2015,2015-11-15,NO,WAS,0
2015,2015-11-15,NYG,NE,0
2015,2015-11-15,OAK,MIN,0
2015,2015-11-15,PHI,MIA,0
2015,2015-11-15,PIT,CLE,0
2015,2015-11-15,SEA,ARI,0
2015,2015-11-15,STL,CHI,0
2015,2015-11-15,TB,DAL,0
2015,2015-11-15,TEN,CAR,0
2015,2015-11-15,WAS,NO,0
2015,2015-11-16,CIN,HOU,0
2015,2015-11-16,HOU,CIN,0
2015,2015-11-19,JAX,TEN,0
2015,2015-11-19,TEN,JAX,0
2015,2015-11-22,ARI,CIN,0
2015,2015-11-22,ATL,IND,0
2015,2015-11-22,BAL,STL,0
2015,2015-11-22,CAR,WAS,0
2015,2015-11-22,CHI,DEN,0
2015,2015-11-22,CIN,ARI,0
2015,2015-11-22,DAL,MIA,0
2015,2015-11-22,DEN,CHI,0
2015,2015-11-22,DET,OAK,0
2015,2015-11-22,GB,MIN,0
2015,2015-11-22,HOU,NYJ,0
2015,2015-11-22,IND,ATL,0
2015,2015-11-22,KC,SD,0
2015,2015-11-22,MIA,DAL,0
2015,2015-11-22,MIN,GB,0
2015,2015-11-22,NYJ,HOU,0
2015,2015-11-22,OAK,DET,0
2015,2015-11-22,PHI,TB,0
2015,2015-11-22,SD,KC,0
2015,2015-11-22,SEA,SF,0
2015,2015-11-22,SF,SEA,0
2015,2015-11-22,STL,BAL,0
2015,2015-11-22,TB,PHI,0
2015,2015-11-22,WAS,CAR,0
2015,2015-11-23,BUF,NE,0
2015,2015-11-23,NE,BUF,0
2015,2015-11-26,CAR,DAL,0
2015,2015-11-26,CHI,GB,0
2015,2015-11-26,DAL,CAR,0
2015,2015-11-26,DET,PHI,0
2015,2015-11-26,GB,CHI,0
2015,2015-11-26,PHI,DET,0
2015,2015-11-29,ARI,SF,0
2015,2015-11-29,ATL,MIN,0
2015,2015-11-29,BUF,KC,0
2015,2015-11-29,CIN,STL,0
2015,2015-11-29,DEN,NE,1
2015,2015-11-29,HOU,NO,0
2015,2015-11-29,IND,TB,0
2015,2015-11-29,JAX,SD,0
2015,2015-11-29,KC,BUF,0
2015,2015-11-29,MIA,NYJ,0
2015,2015-11-29,MIN,ATL,0
2015,2015-11-29,NE,DEN,1
2015,2015-11-29,NO,HOU,0
2015,2015-11-29,NYG,WAS,0
2015,2015-11-29,NYJ,MIA,0
2015,2015-11-29,OAK,TEN,0
2015,2015-11-29,PIT,SEA,0
2015,2015-11-29,SD,JAX,0
2015,2015-11-29,SEA,PIT,0
2015,2015-11-29,SF,ARI,0
2015,2015-11-29,STL,CIN,0
2015,2015-11-29,TB,IND,0
2015,2015-11-29,TEN,OAK,0
2015,2015-11-29,WAS,NYG,0
2015,2015-11-30,BAL,CLE,0
2015,2015-11-30,CLE,BAL,0
2015,2015-12-03,DET,GB,0
2015,2015-12-03,GB,DET,0
2015,2015-12-06,ARI,STL,0
2015,2015-12-06,ATL,TB,0
2015,2015-12-06,BAL,MIA,0
2015,2015-12-06,BUF,HOU,0
2015,2015-12-06,CAR,NO,0
2015,2015-12-06,CHI,SF,1
2015,2015-12-06,CIN,CLE,0
2015,2015-12-06,CLE,CIN,0
2015,2015-12-06,DEN,SD,0
2015,2015-12-06,HOU,BUF,0
2015,2015-12-06,IND,PIT,0
2015,2015-12-06,JAX,TEN,0
2015,2015-12-06,KC,OAK,0
2015,2015-12-06,MIA,BAL,0
2015,2015-12-06,MIN,SEA,0
2015,2015-12-06,NE,PHI,0
2015,2015-12-06,NO,CAR,0
2015,2015-12-06,NYG,NYJ,1
2015,2015-12-06,NYJ,NYG,1
2015,2015-12-06,OAK,KC,0
2015,2015-12-06,PHI,NE,0
2015,2015-12-06,PIT,IND,0
2015,2015-12-06,SD,DEN,0
2015,2015-12-06,SEA,MIN,0
2015,2015-12-06,SF,CHI,1
2015,2015-12-06,STL,ARI,0
2015,2015-12-06,TB,ATL,0
2015,2015-12-06,TEN,JAX,0
2015,2015-12-07,DAL,WAS,0
2015,2015-12-07,WAS,DAL,0
2015,2015-12-10,ARI,MIN,0
2015,2015-12-10,MIN,ARI,0
2015,2015-12-13,ATL,CAR,0
2015,2015-12-13,BAL,SEA,0
2015,2015-12-13,BUF,PHI,0
2015,2015-12-13,CAR,ATL,0
2015,2015-12-13,CHI,WAS,0
2015,2015-12-13,CIN,PIT,0
2015,2015-12-13,CLE,SF,0
2015,2015-12-13,DAL,GB,0
2015,2015-12-13,DEN,OAK,0
2015,2015-12-13,DET,STL,0
2015,2015-12-13,GB,DAL,0
2015,2015-12-13,HOU,NE,0
2015,2015-12-13,IND,JAX,0
2015,2015-12-13,JAX,IND,0
2015,2015-12-13,KC,SD,0
2015,2015-12-13,NE,HOU,0
2015,2015-12-13,NO,TB,0
2015,2015-12-13,NYJ,TEN,0
2015,2015-12-13,OAK,DEN,0
2015,2015-12-13,PHI,BUF,0
2015,2015-12-13,PIT,CIN,0
2015,2015-12-13,SD,KC,0
2015,2015-12-13,SEA,BAL,0
2015,2015-12-13,SF,CLE,0
2015,2015-12-13,STL,DET,0
2015,2015-12-13,TB,NO,0
2015,2015-12-13,TEN,NYJ,0
2015,2015-12-13,WAS,CHI,0
2015,2015-12-14,MIA,NYG,0
2015,2015-12-14,NYG,MIA,0
2015,2015-12-17,STL,TB,0
2015,2015-12-17,TB,STL,0
2015,2015-12-19,DAL,NYJ,0
2015,2015-12-19,NYJ,DAL,0
2015,2015-12-20,ARI,PHI,0
2015,2015-12-20,ATL,JAX,0
2015,2015-12-20,BAL,KC,0
2015,2015-12-20,BUF,WAS,0
2015,2015-12-20,CAR,NYG,0
2015,2015-12-20,CHI,MIN,0
2015,2015-12-20,CIN,SF,0
2015,2015-12-20,CLE,SEA,0
2015,2015-12-20,DEN,PIT,0
2015,2015-12-20,GB,OAK,0
2015,2015-12-20,HOU,IND,0
2015,2015-12-20,IND,HOU,0
2015,2015-12-20,JAX,ATL,0
2015,2015-12-20,KC,BAL,0
2015,2015-12-20,MIA,SD,0
2015,2015-12-20,MIN,CHI,0
2015,2015-12-20,NE,TEN,0
2015,2015-12-20,NYG,CAR,0
2015,2015-12-20,OAK,GB,0
2015,2015-12-20,PHI,ARI,0
2015,2015-12-20,PIT,DEN,0
2015,2015-12-20,SD,MIA,0
2015,2015-12-20,SEA,CLE,0
2015,2015-12-20,SF,CIN,0
2015,2015-12-20,TEN,NE,0
2015,2015-12-20,WAS,BUF,0
2015,2015-12-21,DET,NO,0
2015,2015-12-21,NO,DET,0
2015,2015-12-24,OAK,SD,1
2015,2015-12-24,SD,OAK,1
2015,2015-12-26,PHI,WAS,0
2015,2015-12-26,WAS,PHI,0
2015,2015-12-27,ARI,GB,0
2015,2015-12-27,ATL,CAR,0
2015,2015-12-27,BAL,PIT,0
2015,2015-12-27,BUF,DAL,0
2015,2015-12-27,CAR,ATL,0
2015,2015-12-27,CHI,TB,0
2015,2015-12-27,CLE,KC,0
2015,2015-12-27,DAL,BUF,0
2015,2015-12-27,DET,SF,0
2015,2015-12-27,GB,ARI,0
2015,2015-12-27,HOU,TEN,0
2015,2015-12-27,IND,MIA,0
2015,2015-12-27,JAX,NO,0
2015,2015-12-27,KC,CLE,0
2015,2015-12-27,MIA,IND,0
2015,2015-12-27,MIN,NYG,0
2015,2015-12-27,NE,NYJ,1
2015,2015-12-27,NO,JAX,0
2015,2015-12-27,NYG,MIN,0
2015,2015-12-27,NYJ,NE,1
2015,2015-12-27,PIT,BAL,0
2015,2015-12-27,SEA,STL,0
2015,2015-12-27,SF,DET,0
2015,2015-12-27,STL,SEA,0
2015,2015-12-27,TB,CHI,0
2015,2015-12-27,TEN,HOU,0
2015,2015-12-28,CIN,DEN,1
2015,2015-12-28,DEN,CIN,1
2015,2016-01-03,ARI,SEA,0
2015,2016-01-03,ATL,NO,0
2015,2016-01-03,BAL,CIN,0
2015,2016-01-03,BUF,NYJ,0
2015,2016-01-03,CAR,TB,0
2015,2016-01-03,CHI,DET,0
2015,2016-01-03,CIN,BAL,0
2015,2016-01-03,CLE,PIT,0
2015,2016-01-03,DAL,WAS,0
2015,2016-01-03,DEN,SD,0
2015,2016-01-03,DET,CHI,0
2015,2016-01-03,GB,MIN,0
2015,2016-01-03,HOU,JAX,0
2015,2016-01-03,IND,TEN,0
2015,2016-01-03,JAX,HOU,0
2015,2016-01-03,KC,OAK,0
2015,2016-01-03,MIA,NE,0
2015,2016-01-03,MIN,GB,0
2015,2016-01-03,NE,MIA,0
2015,2016-01-03,NO,ATL,0
2015,2016-01-03,NYG,PHI,0
2015,2016-01-03,NYJ,BUF,0
2015,2016-01-03,OAK,KC,0
2015,2016-01-03,PHI,NYG,0
2015,2016-01-03,PIT,CLE,0
2015,2016-01-03,SD,DEN,0
2015,2016-01-03,SEA,ARI,0
2015,2016-01-03,SF,STL,1
2015,2016-01-03,STL,SF,1
2015,2016-01-03,TB,CAR,0
2015,2016-01-03,TEN,IND,0
2015,2016-01-03,WAS,DAL,0
2015,2016-01-09,CIN,PIT,0
2015,2016-01-09,HOU,KC,0
2015,2016-01-09,KC,HOU,0
2015,2016-01-09,PIT,CIN,0
2015,2016-01-10,GB,WAS,0
2015,2016-01-10,MIN,SEA,0
2015,2016-01-10,SEA,MIN,0
2015,2016-01-10,WAS,GB,0
2015,2016-01-16,ARI,GB,1
2015,2016-01-16,GB,ARI,1
2015,2016-01-16,KC,NE,0
2015,2016-01-16,NE,KC,0
2015,2016-01-17,CAR,SEA,0
2015,2016-01-17,DEN,PIT,0
2015,2016-01-17,PIT,DEN,0
2015,2016-01-17,SEA,CAR,0
2015,2016-01-24,ARI,CAR,0
2015,2016-01-24,CAR,ARI,0
2015,2016-01-24,DEN,NE,0
2015,2016-01-24,NE,DEN,0
2015,2016-02-07,CAR,DEN,0
2015,2016-02-07,DEN,CAR,0
2016,2016-09-08,CAR,DEN,0
2016,2016-09-08,DEN,CAR,0
2016,2016-09-11,ARI,NE,0
2016,2016-09-11,ATL,TB,0
2016,2016-09-11,BAL,BUF,0
2016,2016-09-11,BUF,BAL,0
2016,2016-09-11,CHI,HOU,0
2016,2016-09-11,CIN,NYJ,0
2016,2016-09-11,CLE,PHI,0
2016,2016-09-11,DAL,NYG,0
2016,2016-09-11,DET,IND,0
2016,2016-09-11,GB,JAX,0
2016,2016-09-11,HOU,CHI,0
2016,2016-09-11,IND,DET,0
2016,2016-09-11,JAX,GB,0
2016,2016-09-11,KC,SD,1
2016,2016-09-11,MIA,SEA,0
2016,2016-09-11,MIN,TEN,0
2016,2016-09-11,NE,ARI,0
2016,2016-09-11,NO,OAK,0
2016,2016-09-11,NYG,DAL,0
2016,2016-09-11,NYJ,CIN,0
2016,2016-09-11,OAK,NO,0
2016,2016-09-11,PHI,CLE,0
2016,2016-09-11,SD,KC,1
2016,2016-09-11,SEA,MIA,0
2016,2016-09-11,TB,ATL,0
2016,2016-09-11,TEN,MIN,0
2016,2016-09-12,PIT,WAS,0
2016,2016-09-12,SF,STL,0
2016,2016-09-12,STL,SF,0
2016,2016-09-12,WAS,PIT,0
2016,2016-09-15,BUF,NYJ,0
2016,2016-09-15,NYJ,BUF,0
2016,2016-09-18,ARI,TB,0
2016,2016-09-18,ATL,OAK,0
2016,2016-09-18,BAL,CLE,0
2016,2016-09-18,CAR,SF,0
2016,2016-09-18,CIN,PIT,0
2016,2016-09-18,CLE,BAL,0
2016,2016-09-18,DAL,WAS,0
2016,2016-09-18,DEN,IND,0
2016,2016-09-18,DET,TEN,0
2016,2016-09-18,GB,MIN,0
2016,2016-09-18,HOU,KC,0
2016,2016-09-18,IND,DEN,0
2016,2016-09-18,JAX,SD,0
2016,2016-09-18,KC,HOU,0
2016,2016-09-18,MIA,NE,0
2016,2016-09-18,MIN,GB,0
2016,2016-09-18,NE,MIA,0
2016,2016-09-18,NO,NYG,0
2016,2016-09-18,NYG,NO,0
2016,2016-09-18,OAK,ATL,0
2016,2016-09-18,PIT,CIN,0
2016,2016-09-18,SD,JAX,0
2016,2016-09-18,SEA,STL,0
2016,2016-09-18,SF,CAR,0
2016,2016-09-18,STL,SEA,0
2016,2016-09-18,TB,ARI,0
2016,2016-09-18,TEN,DET,0
2016,2016-09-18,WAS,DAL,0
2016,2016-09-19,CHI,PHI,0
2016,2016-09-19,PHI,CHI,0
2016,2016-09-22,HOU,NE,0
2016,2016-09-22,NE,HOU,0
2016,2016-09-25,ARI,BUF,0
2016,2016-09-25,BAL,JAX,0
2016,2016-09-25,BUF,ARI,0
2016,2016-09-25,CAR,MIN,0
2016,2016-09-25,CHI,DAL,0
2016,2016-09-25,CIN,DEN,0
2016,2016-09-25,CLE,MIA,1
2016,2016-09-25,DAL,CHI,0
2016,2016-09-25,DEN,CIN,0
2016,2016-09-25,DET,GB,0
2016,2016-09-25,GB,DET,0
2016,2016-09-25,IND,SD,0
2016,2016-09-25,JAX,BAL,0
2016,2016-09-25,KC,NYJ,0
2016,2016-09-25,MIA,CLE,1
2016,2016-09-25,MIN,CAR,0
2016,2016-09-25,NYG,WAS,0
2016,2016-09-25,NYJ,KC,0
2016,2016-09-25,OAK,TEN,0
2016,2016-09-25,PHI,PIT,0
2016,2016-09-25,PIT,PHI,0
2016,2016-09-25,SD,IND,0
2016,2016-09-25,SEA,SF,0
2016,2016-09-25,SF,SEA,0
2016,2016-09-25,STL,TB,0
2016,2016-09-25,TB,STL,0
2016,2016-09-25,TEN,OAK,0
2016,2016-09-25,WAS,NYG,0
2016,2016-09-26,ATL,NO,0
2016,2016-09-26,NO,ATL,0
2016,2016-09-29,CIN,MIA,0
2016,2016-09-29,MIA,CIN,0
2016,2016-10-02,ARI,STL,0
2016,2016-10-02,ATL,CAR,0
2016,2016-10-02,BAL,OAK,0
2016,2016-10-02,BUF,NE,0
2016,2016-10-02,CAR,ATL,0
2016,2016-10-02,CHI,DET,0
2016,2016-10-02,CLE,WAS,0
2016,2016-10-02,DAL,SF,0
2016,2016-10-02,DEN,TB,0
2016,2016-10-02,DET,CHI,0
2016,2016-10-02,HOU,TEN,0
2016,2016-10-02,IND,JAX,0
2016,2016-10-02,JAX,IND,0
2016,2016-10-02,KC,PIT,0
2016,2016-10-02,NE,BUF,0
2016,2016-10-02,NO,SD,0
2016,2016-10-02,NYJ,SEA,0
2016,2016-10-02,OAK,BAL,0
2016,2016-10-02,PIT,KC,0
2016,2016-10-02,SD,NO,0
2016,2016-10-02,SEA,NYJ,0
2016,2016-10-02,SF,DAL,0
2016,2016-10-02,STL,ARI,0
2016,2016-10-02,TB,DEN,0
2016,2016-10-02,TEN,HOU,0
2016,2016-10-02,WAS,CLE,0
2016,2016-10-03,MIN,NYG,0
2016,2016-10-03,NYG,MIN,0
2016,2016-10-06,ARI,SF,0
2016,2016-10-06,SF,ARI,0
2016,2016-10-09,ATL,DEN,0
2016,2016-10-09,BAL,WAS,0
2016,2016-10-09,BUF,STL,0
2016,2016-10-09,CHI,IND,0
2016,2016-10-09,CIN,DAL,0
2016,2016-10-09,CLE,NE,0
2016,2016-10-09,DAL,CIN,0
2016,2016-10-09,DEN,ATL,0
2016,2016-10-09,DET,PHI,0
2016,2016-10-09,GB,NYG,0
2016,2016-10-09,HOU,MIN,0
2016,2016-10-09,IND,CHI,0
2016,2016-10-09,MIA,TEN,0
2016,2016-10-09,MIN,HOU,0
2016,2016-10-09,NE,CLE,0
2016,2016-10-09,NYG,GB,0
2016,2016-10-09,NYJ,PIT,0
2016,2016-10-09,OAK,SD,0
2016,2016-10-09,PHI,DET,0
2016,2016-10-09,PIT,NYJ,0
2016,2016-10-09,SD,OAK,0
2016,2016-10-09,STL,BUF,0
2016,2016-10-09,TEN,MIA,0
2016,2016-10-09,WAS,BAL,0
2016,2016-10-10,CAR,TB,0
2016,2016-10-10,TB,CAR,0
2016,2016-10-13,DEN,SD,0
2016,2016-10-13,SD,DEN,0
2016,2016-10-16,ATL,SEA,0
2016,2016-10-16,BAL,NYG,0
2016,2016-10-16,BUF,SF,0
2016,2016-10-16,CAR,NO,0
2016,2016-10-16,CHI,JAX,0
2016,2016-10-16,CIN,NE,0
2016,2016-10-16,CLE,TEN,0
2016,2016-10-16,DAL,GB,0
2016,2016-10-16,DET,STL,0
2016,2016-10-16,GB,DAL,0
2016,2016-10-16,HOU,IND,1
2016,2016-10-16,IND,HOU,1
2016,2016-10-16,JAX,CHI,0
2016,2016-10-16,KC,OAK,0
2016,2016-10-16,MIA,PIT,0
2016,2016-10-16,NE,CIN,0
2016,2016-10-16,NO,CAR,0
2016,2016-10-16,NYG,BAL,0
2016,2016-10-16,OAK,KC,0
2016,2016-10-16,PHI,WAS,0
2016,2016-10-16,PIT,MIA,0
2016,2016-10-16,SEA,ATL,0
2016,2016-10-16,SF,BUF,0
2016,2016-10-16,STL,DET,0
2016,2016-10-16,TEN,CLE,0
2016,2016-10-16,WAS,PHI,0
2016,2016-10-17,ARI,NYJ,0
2016,2016-10-17,NYJ,ARI,0
2016,2016-10-20,CHI,GB,0
2016,2016-10-20,GB,CHI,0
2016,2016-10-23,ARI,SEA,1
2016,2016-10-23,ATL,SD,1
2016,2016-10-23,BAL,NYJ,0
2016,2016-10-23,BUF,MIA,0
2016,2016-10-23,CIN,CLE,0
2016,2016-10-23,CLE,CIN,0
2016,2016-10-23,DET,WAS,0
2016,2016-10-23,IND,TEN,0
2016,2016-10-23,JAX,OAK,0
2016,2016-10-23,KC,NO,0
2016,2016-10-23,MIA,BUF,0
2016,2016-10-23,MIN,PHI,0
2016,2016-10-23,NE,PIT,0
2016,2016-10-23,NO,KC,0
2016,2016-10-23,NYG,STL,0
2016,2016-10-23,NYJ,BAL,0
2016,2016-10-23,OAK,JAX,0
2016,2016-10-23,PHI,MIN,0
2016,2016-10-23,PIT,NE,0
2016,2016-10-23,SD,ATL,1
2016,2016-10-23,SEA,ARI,1
2016,2016-10-23,SF,TB,0
2016,2016-10-23,STL,NYG,0
2016,2016-10-23,TB,SF,0
2016,2016-10-23,TEN,IND,0
2016,2016-10-23,WAS,DET,0
2016,2016-10-24,DEN,HOU,0
2016,2016-10-24,HOU,DEN,0
2016,2016-10-27,JAX,TEN,0
2016,2016-10-27,TEN,JAX,0
2016,2016-10-30,ARI,CAR,0
2016,2016-10-30,ATL,GB,0
2016,2016-10-30,BUF,NE,0
2016,2016-10-30,CAR,ARI,0
2016,2016-10-30,CIN,WAS,1
2016,2016-10-30,CLE,NYJ,0
2016,2016-10-30,DAL,PHI,1
2016,2016-10-30,DEN,SD,0
2016,2016-10-30,DET,HOU,0
2016,2016-10-30,GB,ATL,0
2016,2016-10-30,HOU,DET,0
2016,2016-10-30,IND,KC,0
2016,2016-10-30,KC,IND,0
2016,2016-10-30,NE,BUF,0
2016,2016-10-30,NO,SEA,0
2016,2016-10-30,NYJ,CLE,0
2016,2016-10-30,OAK,TB,1
2016,2016-10-30,PHI,DAL,1
2016,2016-10-30,SD,DEN,0
2016,2016-10-30,SEA,NO,0
2016,2016-10-30,TB,OAK,1
2016,2016-10-30,WAS,CIN,1
2016,2016-10-31,CHI,MIN,0
2016,2016-10-31,MIN,CHI,0
2016,2016-11-03,ATL,TB,0
2016,2016-11-03,TB,ATL,0
2016,2016-11-06,BAL,PIT,0
2016,2016-11-06,CAR,STL,0
2016,2016-11-06,CLE,DAL,0
2016,2016-11-06,DAL,CLE,0
2016,2016-11-06,DEN,OAK,0
2016,2016-11-06,DET,MIN,1
2016,2016-11-06,GB,IND,0
2016,2016-11-06,IND,GB,0
2016,2016-11-06,JAX,KC,0
2016,2016-11-06,KC,JAX,0
2016,2016-11-06,MIA,NYJ,0
2016,2016-11-06,MIN,DET,1
2016,2016-11-06,NO,SF,0
2016,2016-11-06,NYG,PHI,0
2016,2016-11-06,NYJ,MIA,0
2016,2016-11-06,OAK,DEN,0
2016,2016-11-06,PHI,NYG,0
2016,2016-11-06,PIT,BAL,0
2016,2016-11-06,SD,TEN,0
2016,2016-11-06,SF,NO,0
2016,2016-11-06,STL,CAR,0
2016,2016-11-06,TEN,SD,0
2016,2016-11-07,BUF,SEA,0
2016,2016-11-07,SEA,BUF,0
2016,2016-11-10,BAL,CLE,0
2016,2016-11-10,CLE,BAL,0
2016,2016-11-13,ARI,SF,0
2016,2016-11-13,ATL,PHI,0
2016,2016-11-13,CAR,KC,0
2016,2016-11-13,CHI,TB,0
2016,2016-11-13,DAL,PIT,0
2016,2016-11-13,DEN,NO,0
2016,2016-11-13,GB,TEN,0
2016,2016-11-13,HOU,JAX,0
2016,2016-11-13,JAX,HOU,0
2016,2016-11-13,KC,CAR,0
2016,2016-11-13,MIA,SD,0
2016,2016-11-13,MIN,WAS,0
2016,2016-11-13,NE,SEA,0
2016,2016-11-13,NO,DEN,0
2016,2016-11-13,NYJ,STL,0
2016,2016-11-13,PHI,ATL,0
2016,2016-11-13,PIT,DAL,0
2016,2016-11-13,SD,MIA,0
2016,2016-11-13,SEA,NE,0
2016,2016-11-13,SF,ARI,0
2016,2016-11-13,STL,NYJ,0
2016,2016-11-13,TB,CHI,0
2016,2016-11-13,TEN,GB,0
2016,2016-11-13,WAS,MIN,0
2016,2016-11-14,CIN,NYG,0
2016,2016-11-14,NYG,CIN,0
2016,2016-11-17,CAR,NO,0
2016,2016-11-17,NO,CAR,0
2016,2016-11-20,ARI,MIN,0
2016,2016-11-20,BAL,DAL,0
2016,2016-11-20,BUF,CIN,0
2016,2016-11-20,CHI,NYG,0
2016,2016-11-20,CIN,BUF,0
2016,2016-11-20,CLE,PIT,0
2016,2016-11-20,DAL,BAL,0
2016,2016-11-20,DET,JAX,0
2016,2016-11-20,GB,WAS,0
2016,2016-11-20,IND,TEN,0
2016,2016-11-20,JAX,DET,0
2016,2016-11-20,KC,TB,0
2016,2016-11-20,MIA,STL,0
2016,2016-11-20,MIN,ARI,0
2016,2016-11-20,NE,SF,0
2016,2016-11-20,NYG,CHI,0
2016,2016-11-20,PHI,SEA,0
2016,2016-11-20,PIT,CLE,0
2016,2016-11-20,SEA,PHI,0
2016,2016-11-20,SF,NE,0
2016,2016-11-20,STL,MIA,0
2016,2016-11-20,TB,KC,0
2016,2016-11-20,TEN,IND,0
2016,2016-11-20,WAS,GB,0
2016,2016-11-21,HOU,OAK,0
2016,2016-11-21,OAK,HOU,0
2016,2016-11-24,DAL,WAS,0
2016,2016-11-24,DET,MIN,0
2016,2016-11-24,IND,PIT,0
2016,2016-11-24,MIN,DET,0
2016,2016-11-24,PIT,IND,0
2016,2016-11-24,WAS,DAL,0
2016,2016-11-27,ARI,ATL,0
2016,2016-11-27,ATL,ARI,0
2016,2016-11-27,BAL,CIN,0
2016,2016-11-27,BUF,JAX,0
2016,2016-11-27,CAR,OAK,0
2016,2016-11-27,CHI,TEN,0
2016,2016-11-27,CIN,BAL,0
2016,2016-11-27,CLE,NYG,0
2016,2016-11-27,DEN,KC,1
2016,2016-11-27,HOU,SD,0
2016,2016-11-27,JAX,BUF,0
2016,2016-11-27,KC,DEN,1
2016,2016-11-27,MIA,SF,0
2016,2016-11-27,NE,NYJ,0
2016,2016-11-27,NO,STL,0
2016,2016-11-27,NYG,CLE,0
2016,2016-11-27,NYJ,NE,0
2016,2016-11-27,OAK,CAR,0
2016,2016-11-27,SD,HOU,0
2016,2016-11-27,SEA,TB,0
2016,2016-11-27,SF,MIA,0
2016,2016-11-27,STL,NO,0
2016,2016-11-27,TB,SEA,0
2016,2016-11-27,TEN,CHI,0
2016,2016-11-28,GB,PHI,0
2016,2016-11-28,PHI,GB,0
2016,2016-12-01,DAL,MIN,0
2016,2016-12-01,MIN,DAL,0
2016,2016-12-04,ARI,WAS,0
2016,2016-12-04,ATL,KC,0
2016,2016-12-04,BAL,MIA,0
2016,2016-12-04,BUF,OAK,0
2016,2016-12-04,CAR,SEA,0
2016,2016-12-04,CHI,SF,0
2016,2016-12-04,CIN,PHI,0
2016,2016-12-04,DEN,JAX,0
2016,2016-12-04,DET,NO,0
2016,2016-12-04,GB,HOU,0
2016,2016-12-04,HOU,GB,0
2016,2016-12-04,JAX,DEN,0
2016,2016-12-04,KC,ATL,0
2016,2016-12-04,MIA,BAL,0
2016,2016-12-04,NE,STL,0
2016,2016-12-04,NO,DET,0
2016,2016-12-04,NYG,PIT,0
2016,2016-12-04,OAK,BUF,0
2016,2016-12-04,PHI,CIN,0
2016,2016-12-04,PIT,NYG,0
2016,2016-12-04,SD,TB,0
2016,2016-12-04,SEA,CAR,0
2016,2016-12-04,SF,CHI,0
2016,2016-12-04,STL,NE,0
2016,2016-12-04,TB,SD,0
2016,2016-12-04,WAS,ARI,0
2016,2016-12-05,IND,NYJ,0
2016,2016-12-05,NYJ,IND,0
2016,2016-12-08,KC,OAK,0
2016,2016-12-08,OAK,KC,0
2016,2016-12-11,ARI,MIA,0
2016,2016-12-11,ATL,STL,0
2016,2016-12-11,BUF,PIT,0
2016,2016-12-11,CAR,SD,0
2016,2016-12-11,CHI,DET,0
2016,2016-12-11,CIN,CLE,0
2016,2016-12-11,CLE,CIN,0
2016,2016-12-11,DAL,NYG,0
2016,2016-12-11,DEN,TEN,0
2016,2016-12-11,DET,CHI,0
2016,2016-12-11,GB,SEA,0
2016,2016-12-11,HOU,IND,0
2016,2016-12-11,IND,HOU,0
2016,2016-12-11,JAX,MIN,0
2016,2016-12-11,MIA,ARI,0
2016,2016-12-11,MIN,JAX,0
2016,2016-12-11,NO,TB,0
2016,2016-12-11,NYG,DAL,0
2016,2016-12-11,NYJ,SF,1
2016,2016-12-11,PHI,WAS,0
2016,2016-12-11,PIT,BUF,0
2016,2016-12-11,SD,CAR,0
2016,2016-12-11,SEA,GB,0
2016,2016-12-11,SF,NYJ,1
2016,2016-12-11,STL,ATL,0
2016,2016-12-11,TB,NO,0
2016,2016-12-11,TEN,DEN,0
2016,2016-12-11,WAS,PHI,0
2016,2016-12-12,BAL,NE,0
2016,2016-12-12,NE,BAL,0
2016,2016-12-15,SEA,STL,0
2016,2016-12-15,STL,SEA,0
2016,2016-12-17,MIA,NYJ,0
2016,2016-12-17,NYJ,MIA,0
2016,2016-12-18,ARI,NO,0
2016,2016-12-18,ATL,SF,0
2016,2016-12-18,BAL,PHI,0
2016,2016-12-18,BUF,CLE,0
2016,2016-12-18,CHI,GB,0
2016,2016-12-18,CIN,PIT,0
2016,2016-12-18,CLE,BUF,0
2016,2016-12-18,DAL,TB,0
2016,2016-12-18,DEN,NE,0
2016,2016-12-18,DET,NYG,0
2016,2016-12-18,GB,CHI,0
2016,2016-12-18,HOU,JAX,0
2016,2016-12-18,IND,MIN,0
2016,2016-12-18,JAX,HOU,0
2016,2016-12-18,KC,TEN,0
2016,2016-12-18,MIN,IND,0
2016,2016-12-18,NE,DEN,0
2016,2016-12-18,NO,ARI,0
2016,2016-12-18,NYG,DET,0
2016,2016-12-18,OAK,SD,0
2016,2016-12-18,PHI,BAL,0
2016,2016-12-18,PIT,CIN,0
2016,2016-12-18,SD,OAK,0
2016,2016-12-18,SF,ATL,0
2016,2016-12-18,TB,DAL,0
2016,2016-12-18,TEN,KC,0
2016,2016-12-19,CAR,WAS,0
2016,2016-12-19,WAS,CAR,0
2016,2016-12-22,NYG,PHI,0
2016,2016-12-22,PHI,NYG,0
2016,2016-12-24,ARI,SEA,0
2016,2016-12-24,ATL,CAR,0
2016,2016-12-24,BUF,MIA,1
2016,2016-12-24,CAR,ATL,0
2016,2016-12-24,CHI,WAS,0
2016,2016-12-24,CIN,HOU,0
2016,2016-12-24,CLE,SD,0
2016,2016-12-24,GB,MIN,0
2016,2016-12-24,HOU,CIN,0
2016,2016-12-24,IND,OAK,0
2016,2016-12-24,JAX,TEN,0
2016,2016-12-24,MIA,BUF,1
2016,2016-12-24,MIN,GB,0
2016,2016-12-24,NE,NYJ,0
2016,2016-12-24,NO,TB,0
2016,2016-12-24,NYJ,NE,0
2016,2016-12-24,OAK,IND,0
2016,2016-12-24,SD,CLE,0
2016,2016-12-24,SEA,ARI,0
2016,2016-12-24,SF,STL,0
2016,2016-12-24,STL,SF,0
2016,2016-12-24,TB,NO,0
2016,2016-12-24,TEN,JAX,0
2016,2016-12-24,WAS,CHI,0
2016,2016-12-25,BAL,PIT,0
2016,2016-12-25,DEN,KC,0
2016,2016-12-25,KC,DEN,0
2016,2016-12-25,PIT,BAL,0
2016,2016-12-26,DAL,DET,0
2016,2016-12-26,DET,DAL,0
2016,2017-01-01,ARI,STL,0
2016,2017-01-01,ATL,NO,0
2016,2017-01-01,BAL,CIN,0
2016,2017-01-01,BUF,NYJ,0
2016,2017-01-01,CAR,TB,0
2016,2017-01-01,CHI,MIN,0
2016,2017-01-01,CIN,BAL,0
2016,2017-01-01,CLE,PIT,1
2016,2017-01-01,DAL,PHI,0
2016,2017-01-01,DEN,OAK,0
2016,2017-01-01,DET,GB,0
2016,2017-01-01,GB,DET,0
2016,2017-01-01,HOU,TEN,0
2016,2017-01-01,IND,JAX,0
2016,2017-01-01,JAX,IND,0
2016,2017-01-01,KC,SD,0
2016,2017-01-01,MIA,NE,0
2016,2017-01-01,MIN,CHI,0
2016,2017-01-01,NE,MIA,0
2016,2017-01-01,NO,ATL,0
2016,2017-01-01,NYG,WAS,0
2016,2017-01-01,NYJ,BUF,0
2016,2017-01-01,OAK,DEN,0
2016,2017-01-01,PHI,DAL,0
2016,2017-01-01,PIT,CLE,1
2016,2017-01-01,SD,KC,0
2016,2017-01-01,SEA,SF,0
2016,2017-01-01,SF,SEA,0
2016,2017-01-01,STL,ARI,0
2016,2017-01-01,TB,CAR,0
2016,2017-01-01,TEN,HOU,0
2016,2017-01-01,WAS,NYG,0
2016,2017-01-07,DET,SEA,0
2016,2017-01-07,HOU,OAK,0
2016,2017-01-07,OAK,HOU,0
2016,2017-01-07,SEA,DET,0
2016,2017-01-08,GB,NYG,0
2016,2017-01-08,MIA,PIT,0
2016,2017-01-08,NYG,GB,0
2016,2017-01-08,PIT,MIA,0
2016,2017-01-14,ATL,SEA,0
2016,2017-01-14,HOU,NE,0
2016,2017-01-14,NE,HOU,0
2016,2017-01-14,SEA,ATL,0
2016,2017-01-15,DAL,GB,0
2016,2017-01-15,GB,DAL,0
2016,2017-01-15,KC,PIT,0
2016,2017-01-15,PIT,KC,0
2016,2017-01-22,ATL,GB,0
2016,2017-01-22,GB,ATL,0
2016,2017-01-22,NE,PIT,0
2016,2017-01-22,PIT,NE,0
2016,2017-02-05,ATL,NE,1
2016,2017-02-05,NE,ATL,1
2017,2017-09-07,KC,NE,0
2017,2017-09-07,NE,KC,0
2017,2017-09-10,ARI,DET,0
2017,2017-09-10,ATL,CHI,0
2017,2017-09-10,BAL,CIN,0
2017,2017-09-10,BUF,NYJ,0
2017,2017-09-10,CAR,SF,0
2017,2017-09-10,CHI,ATL,0
2017,2017-09-10,CIN,BAL,0
2017,2017-09-10,CLE,PIT,0
2017,2017-09-10,DAL,NYG,0
2017,2017-09-10,DET,ARI,0
2017,2017-09-10,GB,SEA,0
2017,2017-09-10,HOU,JAX,0
2017,2017-09-10,IND,STL,0
2017,2017-09-10,JAX,HOU,0
2017,2017-09-10,NYG,DAL,0
2017,2017-09-10,NYJ,BUF,0
2017,2017-09-10,OAK,TEN,0
2017,2017-09-10,PHI,WAS,0
2017,2017-09-10,PIT,CLE,0
2017,2017-09-10,SEA,GB,0
2017,2017-09-10,SF,CAR,0
2017,2017-09-10,STL,IND,0
2017,2017-09-10,TEN,OAK,0
2017,2017-09-10,WAS,PHI,0
2017,2017-09-11,DEN,SD,0
2017,2017-09-11,MIN,NO,0
2017,2017-09-11,NO,MIN,0
2017,2017-09-11,SD,DEN,0
2017,2017-09-14,CIN,HOU,0
2017,2017-09-14,HOU,CIN,0
2017,2017-09-17,ARI,IND,1
2017,2017-09-17,ATL,GB,0
2017,2017-09-17,BAL,CLE,0
2017,2017-09-17,BUF,CAR,0
2017,2017-09-17,CAR,BUF,0
2017,2017-09-17,CHI,TB,0
2017,2017-09-17,CLE,BAL,0
2017,2017-09-17,DAL,DEN,0
2017,2017-09-17,DEN,DAL,0
2017,2017-09-17,GB,ATL,0
2017,2017-09-17,IND,ARI,1
2017,2017-09-17,JAX,TEN,0
2017,2017-09-17,KC,PHI,0
2017,2017-09-17,MIA,SD,0
2017,2017-09-17,MIN,PIT,0
2017,2017-09-17,NE,NO,0
2017,2017-09-17,NO,NE,0
2017,2017-09-17,NYJ,OAK,0
2017,2017-09-17,OAK,NYJ,0
2017,2017-09-17,PHI,KC,0
2017,2017-09-17,PIT,MIN,0
2017,2017-09-17,SD,MIA,0
2017,2017-09-17,SEA,SF,0
2017,2017-09-17,SF,SEA,0
2017,2017-09-17,STL,WAS,0
2017,2017-09-17,TB,CHI,0
2017,2017-09-17,TEN,JAX,0
2017,2017-09-17,WAS,STL,0
2017,2017-09-18,DET,NYG,0
2017,2017-09-18,NYG,DET,0
2017,2017-09-21,SF,STL,0
2017,2017-09-21,STL,SF,0
2017,2017-09-24,ATL,DET,0
2017,2017-09-24,BAL,JAX,0
2017,2017-09-24,BUF,DEN,0
2017,2017-09-24,CAR,NO,0
2017,2017-09-24,CHI,PIT,1
2017,2017-09-24,CIN,GB,1
2017,2017-09-24,CLE,IND,0
2017,2017-09-24,DEN,BUF,0
2017,2017-09-24,DET,ATL,0
2017,2017-09-24,GB,CIN,1
2017,2017-09-24,HOU,NE,0
2017,2017-09-24,IND,CLE,0
2017,2017-09-24,JAX,BAL,0
2017,2017-09-24,KC,SD,0
2017,2017-09-24,MIA,NYJ,0
2017,2017-09-24,MIN,TB,0
2017,2017-09-24,NE,HOU,0
2017,2017-09-24,NO,CAR,0
2017,2017-09-24,NYG,PHI,0
2017,2017-09-24,NYJ,MIA,0
2017,2017-09-24,OAK,WAS,0
2017,2017-09-24,PHI,NYG,0
2017,2017-09-24,PIT,CHI,1
2017,2017-09-24,SD,KC,0
2017,2017-09-24,SEA,TEN,0
2017,2017-09-24,TB,MIN,0
2017,2017-09-24,TEN,SEA,0
2017,2017-09-24,WAS,OAK,0
2017,2017-09-25,ARI,DAL,0
2017,2017-09-25,DAL,ARI,0
2017,2017-09-28,CHI,GB,0
2017,2017-09-28,GB,CHI,0
2017,2017-10-01,ARI,SF,1
2017,2017-10-01,ATL,BUF,0
2017,2017-10-01,BAL,PIT,0
2017,2017-10-01,BUF,ATL,0
2017,2017-10-01,CAR,NE,0
2017,2017-10-01,CIN,CLE,0
2017,2017-10-01,CLE,CIN,0
2017,2017-10-01,DAL,STL,0
2017,2017-10-01,DEN,OAK,0
2017,2017-10-01,DET,MIN,0
2017,2017-10-01,HOU,TEN,0
2017,2017-10-01,IND,SEA,0
2017,2017-10-01,JAX,NYJ,1
2017,2017-10-01,MIA,NO,0
2017,2017-10-01,MIN,DET,0
2017,2017-10-01,NE,CAR,0
2017,2017-10-01,NO,MIA,0
2017,2017-10-01,NYG,TB,0
2017,2017-10-01,NYJ,JAX,1
2017,2017-10-01,OAK,DEN,0
2017,2017-10-01,PHI,SD,0
2017,2017-10-01,PIT,BAL,0
2017,2017-10-01,SD,PHI,0
2017,2017-10-01,SEA,IND,0
2017,2017-10-01,SF,ARI,1
2017,2017-10-01,STL,DAL,0
2017,2017-10-01,TB,NYG,0
2017,2017-10-01,TEN,HOU,0
2017,2017-10-02,KC,WAS,0
2017,2017-10-02,WAS,KC,0
2017,2017-10-05,NE,TB,0
2017,2017-10-05,TB,NE,0
2017,2017-10-08,ARI,PHI,0
2017,2017-10-08,BAL,OAK,0
2017,2017-10-08,BUF,CIN,0
2017,2017-10-08,CAR,DET,0
2017,2017-10-08,CIN,BUF,0
2017,2017-10-08,CLE,NYJ,0
2017,2017-10-08,DAL,GB,0
2017,2017-10-08,DET,CAR,0
2017,2017-10-08,GB,DAL,0
2017,2017-10-08,HOU,KC,0
2017,2017-10-08,IND,SF,1
2017,2017-10-08,JAX,PIT,0
2017,2017-10-08,KC,HOU,0
2017,2017-10-08,MIA,TEN,0
2017,2017-10-08,NYG,SD,0
2017,2017-10-08,NYJ,CLE,0
2017,2017-10-08,OAK,BAL,0
2017,2017-10-08,PHI,ARI,0
2017,2017-10-08,PIT,JAX,0
2017,2017-10-08,SD,NYG,0
2017,2017-10-08,SEA,STL,0
2017,2017-10-08,SF,IND,1
2017,2017-10-08,STL,SEA,0
2017,2017-10-08,TEN,MIA,0
2017,2017-10-09,CHI,MIN,0
2017,2017-10-09,MIN,CHI,0
2017,2017-10-12,CAR,PHI,0
2017,2017-10-12,PHI,CAR,0
2017,2017-10-15,ARI,TB,0
2017,2017-10-15,ATL,MIA,0
2017,2017-10-15,BAL,CHI,1
2017,2017-10-15,CHI,BAL,1
2017,2017-10-15,CLE,HOU,0
2017,2017-10-15,DEN,NYG,0
2017,2017-10-15,DET,NO,0
2017,2017-10-15,GB,MIN,0
2017,2017-10-15,HOU,CLE,0
2017,2017-10-15,JAX,STL,0
2017,2017-10-15,KC,PIT,0
2017,2017-10-15,MIA,ATL,0
2017,2017-10-15,MIN,GB,0
2017,2017-10-15,NE,NYJ,0
2017,2017-10-15,NO,DET,0
2017,2017-10-15,NYG,DEN,0
2017,2017-10-15,NYJ,NE,0
2017,2017-10-15,OAK,SD,0
2017,2017-10-15,PIT,KC,0
2017,2017-10-15,SD,OAK,0
2017,2017-10-15,SF,WAS,0
2017,2017-10-15,STL,JAX,0
2017,2017-10-15,TB,ARI,0
2017,2017-10-15,WAS,SF,0
2017,2017-10-16,IND,TEN,0
2017,2017-10-16,TEN,IND,0
2017,2017-10-19,KC,OAK,0
2017,2017-10-19,OAK,KC,0
2017,2017-10-22,ARI,STL,0
2017,2017-10-22,ATL,NE,0
2017,2017-10-22,BAL,MIN,0
2017,2017-10-22,BUF,TB,0
2017,2017-10-22,CAR,CHI,0
2017,2017-10-22,CHI,CAR,0
2017,2017-10-22,CIN,PIT,0
2017,2017-10-22,CLE,TEN,1
2017,2017-10-22,DAL,SF,0
2017,2017-10-22,DEN,SD,0
2017,2017-10-22,GB,NO,0
2017,2017-10-22,IND,JAX,0
2017,2017-10-22,JAX,IND,0
2017,2017-10-22,MIA,NYJ,0
2017,2017-10-22,MIN,BAL,0
2017,2017-10-22,NE,ATL,0
2017,2017-10-22,NO,GB,0
2017,2017-10-22,NYG,SEA,0
2017,2017-10-22,NYJ,MIA,0
2017,2017-10-22,PIT,CIN,0
2017,2017-10-22,SD,DEN,0
2017,2017-10-22,SEA,NYG,0
2017,2017-10-22,SF,DAL,0
2017,2017-10-22,STL,ARI,0
2017,2017-10-22,TB,BUF,0
2017,2017-10-22,TEN,CLE,1
2017,2017-10-23,PHI,WAS,0
2017,2017-10-23,WAS,PHI,0
2017,2017-10-26,BAL,MIA,0
2017,2017-10-26,MIA,BAL,0
2017,2017-10-29,ATL,NYJ,0
2017,2017-10-29,BUF,OAK,0
2017,2017-10-29,CAR,TB,0
2017,2017-10-29,CHI,NO,0
2017,2017-10-29,CIN,IND,0
2017,2017-10-29,CLE,MIN,0
2017,2017-10-29,DAL,WAS,0
2017,2017-10-29,DET,PIT,0
2017,2017-10-29,HOU,SEA,0
2017,2017-10-29,IND,CIN,0
2017,2017-10-29,MIN,CLE,0
2017,2017-10-29,NE,SD,0
2017,2017-10-29,NO,CHI,0
2017,2017-10-29,NYJ,ATL,0
2017,2017-10-29,OAK,BUF,0
2017,2017-10-29,PHI,SF,0
2017,2017-10-29,PIT,DET,0
2017,2017-10-29,SD,NE,0
2017,2017-10-29,SEA,HOU,0
2017,2017-10-29,SF,PHI,0
2017,2017-10-29,TB,CAR,0
2017,2017-10-29,WAS,DAL,0
2017,2017-10-30,DEN,KC,0
2017,2017-10-30,KC,DEN,0
2017,2017-11-02,BUF,NYJ,0
2017,2017-11-02,NYJ,BUF,0
2017,2017-11-05,ARI,SF,0
2017,2017-11-05,ATL,CAR,0
2017,2017-11-05,BAL,TEN,0
2017,2017-11-05,CAR,ATL,0
2017,2017-11-05,CIN,JAX,0
2017,2017-11-05,DAL,KC,0
2017,2017-11-05,DEN,PHI,0
2017,2017-11-05,HOU,IND,0
2017,2017-11-05,IND,HOU,0
2017,2017-11-05,JAX,CIN,0
2017,2017-11-05,KC,DAL,0
2017,2017-11-05,MIA,OAK,0
2017,2017-11-05,NO,TB,0
2017,2017-11-05,NYG,STL,0
2017,2017-11-05,OAK,MIA,0
2017,2017-11-05,PHI,DEN,0
2017,2017-11-05,SEA,WAS,0
2017,2017-11-05,SF,ARI,0
2017,2017-11-05,STL,NYG,0
2017,2017-11-05,TB,NO,0
2017,2017-11-05,TEN,BAL,0
2017,2017-11-05,WAS,SEA,0
2017,2017-11-06,DET,GB,0
2017,2017-11-06,GB,DET,0
2017,2017-11-09,ARI,SEA,0
2017,2017-11-09,SEA,ARI,0
2017,2017-11-12,ATL,DAL,0
2017,2017-11-12,BUF,NO,0
2017,2017-11-12,CHI,GB,0
2017,2017-11-12,CIN,TEN,0
2017,2017-11-12,CLE,DET,0
2017,2017-11-12,DAL,ATL,0
2017,2017-11-12,DEN,NE,0
2017,2017-11-12,DET,CLE,0
2017,2017-11-12,GB,CHI,0
2017,2017-11-12,HOU,STL,0
2017,2017-11-12,IND,PIT,0
2017,2017-11-12,JAX,SD,1
2017,2017-11-12,MIN,WAS,0
2017,2017-11-12,NE,DEN,0
2017,2017-11-12,NO,BUF,0
2017,2017-11-12,NYG,SF,0
2017,2017-11-12,NYJ,TB,0
2017,2017-11-12,PIT,IND,0
2017,2017-11-12,SD,JAX,1
2017,2017-11-12,SF,NYG,0
2017,2017-11-12,STL,HOU,0
2017,2017-11-12,TB,NYJ,0
2017,2017-11-12,TEN,CIN,0
2017,2017-11-12,WAS,MIN,0
2017,2017-11-13,CAR,MIA,0
2017,2017-11-13,MIA,CAR,0
2017,2017-11-16,PIT,TEN,0
2017,2017-11-16,TEN,PIT,0
2017,2017-11-19,ARI,HOU,0
2017,2017-11-19,BAL,GB,0
2017,2017-11-19,BUF,SD,0
2017,2017-11-19,CHI,DET,0
2017,2017-11-19,CIN,DEN,0
2017,2017-11-19,CLE,JAX,0
2017,2017-11-19,DAL,PHI,0
2017,2017-11-19,DEN,CIN,0
2017,2017-11-19,DET,CHI,0
2017,2017-11-19,GB,BAL,0
2017,2017-11-19,HOU,ARI,0
2017,2017-11-19,JAX,CLE,0
2017,2017-11-19,KC,NYG,1
2017,2017-11-19,MIA,TB,0
2017,2017-11-19,MIN,STL,0
2017,2017-11-19,NE,OAK,0
2017,2017-11-19,NO,WAS,1
2017,2017-11-19,NYG,KC,1
2017,2017-11-19,OAK,NE,0
2017,2017-11-19,PHI,DAL,0
2017,2017-11-19,SD,BUF,0
2017,2017-11-19,STL,MIN,0
2017,2017-11-19,TB,MIA,0
2017,2017-11-19,WAS,NO,1
2017,2017-11-20,ATL,SEA,0
2017,2017-11-20,SEA,ATL,0
2017,2017-11-23,DAL,SD,0
2017,2017-11-23,DET,MIN,0
2017,2017-11-23,MIN,DET,0
2017,2017-11-23,NYG,WAS,0
2017,2017-11-23,SD,DAL,0
2017,2017-11-23,WAS,NYG,0
2017,2017-11-26,ARI,JAX,0
2017,2017-11-26,ATL,TB,0
2017,2017-11-26,BUF,KC,0
2017,2017-11-26,CAR,NYJ,0
2017,2017-11-26,CHI,PHI,0
2017,2017-11-26,CIN,CLE,0
2017,2017-11-26,CLE,CIN,0
2017,2017-11-26,DEN,OAK,0
2017,2017-11-26,GB,PIT,0
2017,2017-11-26,IND,TEN,0
2017,2017-11-26,JAX,ARI,0
2017,2017-11-26,KC,BUF,0
2017,2017-11-26,MIA,NE,0
2017,2017-11-26,NE,MIA,0
2017,2017-11-26,NO,STL,0
2017,2017-11-26,NYJ,CAR,0
2017,2017-11-26,OAK,DEN,0
2017,2017-11-26,PHI,CHI,0
2017,2017-11-26,PIT,GB,0
2017,2017-11-26,SEA,SF,0
2017,2017-11-26,SF,SEA,0
2017,2017-11-26,STL,NO,0
2017,2017-11-26,TB,ATL,0
2017,2017-11-26,TEN,IND,0
2017,2017-11-27,BAL,HOU,0
2017,2017-11-27,HOU,BAL,0
2017,2017-11-30,DAL,WAS,0
2017,2017-11-30,WAS,DAL,0
2017,2017-12-03,ARI,STL,0
2017,2017-12-03,ATL,MIN,0
2017,2017-12-03,BAL,DET,0
2017,2017-12-03,BUF,NE,0
2017,2017-12-03,CAR,NO,0
2017,2017-12-03,CHI,SF,0
2017,2017-12-03,CLE,SD,0
2017,2017-12-03,DEN,MIA,0
2017,2017-12-03,DET,BAL,0
2017,2017-12-03,GB,TB,1
2017,2017-12-03,HOU,TEN,0
2017,2017-12-03,IND,JAX,0
2017,2017-12-03,JAX,IND,0
2017,2017-12-03,KC,NYJ,0
2017,2017-12-03,MIA,DEN,0
2017,2017-12-03,MIN,ATL,0
2017,2017-12-03,NE,BUF,0
2017,2017-12-03,NO,CAR,0
2017,2017-12-03,NYG,OAK,0
2017,2017-12-03,NYJ,KC,0
2017,2017-12-03,OAK,NYG,0
2017,2017-12-03,PHI,SEA,0
2017,2017-12-03,SD,CLE,0
2017,2017-12-03,SEA,PHI,0
2017,2017-12-03,SF,CHI,0
2017,2017-12-03,STL,ARI,0
2017,2017-12-03,TB,GB,1
2017,2017-12-03,TEN,HOU,0
2017,2017-12-04,CIN,PIT,0
2017,2017-12-04,PIT,CIN,0
2017,2017-12-07,ATL,NO,0
2017,2017-12-07,NO,ATL,0
2017,2017-12-10,ARI,TEN,0
2017,2017-12-10,BAL,PIT,0
2017,2017-12-10,BUF,IND,1
2017,2017-12-10,CAR,MIN,0
2017,2017-12-10,CHI,CIN,0
2017,2017-12-10,CIN,CHI,0
2017,2017-12-10,CLE,GB,1
2017,2017-12-10,DAL,NYG,0
2017,2017-12-10,DEN,NYJ,0
2017,2017-12-10,DET,TB,0
2017,2017-12-10,GB,CLE,1
2017,2017-12-10,HOU,SF,0
2017,2017-12-10,IND,BUF,1
2017,2017-12-10,JAX,SEA,0
2017,2017-12-10,KC,OAK,0
2017,2017-12-10,MIN,CAR,0
2017,2017-12-10,NYG,DAL,0
2017,2017-12-10,NYJ,DEN,0
2017,2017-12-10,OAK,KC,0
2017,2017-12-10,PHI,STL,0
2017,2017-12-10,PIT,BAL,0
2017,2017-12-10,SD,WAS,0
2017,2017-12-10,SEA,JAX,0
2017,2017-12-10,SF,HOU,0
2017,2017-12-10,STL,PHI,0
2017,2017-12-10,TB,DET,0
2017,2017-12-10,TEN,ARI,0
2017,2017-12-10,WAS,SD,0
2017,2017-12-11,MIA,NE,0
2017,2017-12-11,NE,MIA,0
2017,2017-12-14,DEN,IND,0
2017,2017-12-14,IND,DEN,0
2017,2017-12-16,CHI,DET,0
2017,2017-12-16,DET,CHI,0
2017,2017-12-16,KC,SD,0
2017,2017-12-16,SD,KC,0
2017,2017-12-17,ARI,WAS,0
2017,2017-12-17,BAL,CLE,0
2017,2017-12-17,BUF,MIA,0
2017,2017-12-17,CAR,GB,0
2017,2017-12-17,CIN,MIN,0
2017,2017-12-17,CLE,BAL,0
2017,2017-12-17,DAL,OAK,0
2017,2017-12-17,GB,CAR,0
2017,2017-12-17,HOU,JAX,0
2017,2017-12-17,JAX,HOU,0
2017,2017-12-17,MIA,BUF,0
2017,2017-12-17,MIN,CIN,0
2017,2017-12-17,NE,PIT,0
2017,2017-12-17,NO,NYJ,0
2017,2017-12-17,NYG,PHI,0
2017,2017-12-17,NYJ,NO,0
2017,2017-12-17,OAK,DAL,0
2017,2017-12-17,PHI,NYG,0
2017,2017-12-17,PIT,NE,0
2017,2017-12-17,SEA,STL,0
2017,2017-12-17,SF,TEN,0
2017,2017-12-17,STL,SEA,0
2017,2017-12-17,TEN,SF,0
2017,2017-12-17,WAS,ARI,0
2017,2017-12-18,ATL,TB,0
2017,2017-12-18,TB,ATL,0
2017,2017-12-23,BAL,IND,0
2017,2017-12-23,GB,MIN,0
2017,2017-12-23,IND,BAL,0
2017,2017-12-23,MIN,GB,0
2017,2017-12-24,ARI,NYG,0
2017,2017-12-24,ATL,NO,0
2017,2017-12-24,BUF,NE,0
2017,2017-12-24,CAR,TB,0
2017,2017-12-24,CHI,CLE,0
2017,2017-12-24,CIN,DET,0
2017,2017-12-24,CLE,CHI,0
2017,2017-12-24,DAL,SEA,0
2017,2017-12-24,DEN,WAS,0
2017,2017-12-24,DET,CIN,0
2017,2017-12-24,JAX,SF,0
2017,2017-12-24,KC,MIA,0
2017,2017-12-24,MIA,KC,0
2017,2017-12-24,NE,BUF,0
2017,2017-12-24,NO,ATL,0
2017,2017-12-24,NYG,ARI,0
2017,2017-12-24,NYJ,SD,0
2017,2017-12-24,SD,NYJ,0
2017,2017-12-24,SEA,DAL,0
2017,2017-12-24,SF,JAX,0
2017,2017-12-24,STL,TEN,0
2017,2017-12-24,TB,CAR,0
2017,2017-12-24,TEN,STL,0
2017,2017-12-24,WAS,DEN,0
2017,2017-12-25,HOU,PIT,0
2017,2017-12-25,OAK,PHI,0
2017,2017-12-25,PHI,OAK,0
2017,2017-12-25,PIT,HOU,0
2017,2017-12-31,ARI,SEA,0
2017,2017-12-31,ATL,CAR,0
2017,2017-12-31,BAL,CIN,0
2017,2017-12-31,BUF,MIA,0
2017,2017-12-31,CAR,ATL,0
2017,2017-12-31,CHI,MIN,0
2017,2017-12-31,CIN,BAL,0
2017,2017-12-31,CLE,PIT,0
2017,2017-12-31,DAL,PHI,0
2017,2017-12-31,DEN,KC,0
2017,2017-12-31,DET,GB,0
2017,2017-12-31,GB,DET,0
2017,2017-12-31,HOU,IND,0
2017,2017-12-31,IND,HOU,0
2017,2017-12-31,JAX,TEN,0
2017,2017-12-31,KC,DEN,0
2017,2017-12-31,MIA,BUF,0
2017,2017-12-31,MIN,CHI,0
2017,2017-12-31,NE,NYJ,0
2017,2017-12-31,NO,TB,0
2017,2017-12-31,NYG,WAS,0
2017,2017-12-31,NYJ,NE,0
2017,2017-12-31,OAK,SD,0
2017,2017-12-31,PHI,DAL,0
2017,2017-12-31,PIT,CLE,0
2017,2017-12-31,SD,OAK,0
2017,2017-12-31,SEA,ARI,0
2017,2017-12-31,SF,STL,0
2017,2017-12-31,STL,SF,0
2017,2017-12-31,TB,NO,0
2017,2017-12-31,TEN,JAX,0
2017,2017-12-31,WAS,NYG,0
2017,2018-01-06,ATL,STL,0
2017,2018-01-06,KC,TEN,0
2017,2018-01-06,STL,ATL,0
2017,2018-01-06,TEN,KC,0
2017,2018-01-07,BUF,JAX,0
2017,2018-01-07,CAR,NO,0
2017,2018-01-07,JAX,BUF,0
2017,2018-01-07,NO,CAR,0
2017,2018-01-13,ATL,PHI,0
2017,2018-01-13,NE,TEN,0
2017,2018-01-13,PHI,ATL,0
2017,2018-01-13,TEN,NE,0
2017,2018-01-14,JAX,PIT,0
2017,2018-01-14,MIN,NO,0
2017,2018-01-14,NO,MIN,0
2017,2018-01-14,PIT,JAX,0
2017,2018-01-21,JAX,NE,0
2017,2018-01-21,MIN,PHI,0
2017,2018-01-21,NE,JAX,0
2017,2018-01-21,PHI,MIN,0
2017,2018-02-04,NE,PHI,0
2017,2018-02-04,PHI,NE,0
2018,2018-09-06,ATL,PHI,0
2018,2018-09-06,PHI,ATL,0
2018,2018-09-09,ARI,WAS,0
2018,2018-09-09,BAL,BUF,0
2018,2018-09-09,BUF,BAL,0
2018,2018-09-09,CAR,DAL,0
2018,2018-09-09,CHI,GB,0
2018,2018-09-09,CIN,IND,0
2018,2018-09-09,CLE,PIT,1
2018,2018-09-09,DAL,CAR,0
2018,2018-09-09,DEN,SEA,0
2018,2018-09-09,GB,CHI,0
2018,2018-09-09,HOU,NE,0
2018,2018-09-09,IND,CIN,0
2018,2018-09-09,JAX,NYG,0
2018,2018-09-09,KC,SD,0
2018,2018-09-09,MIA,TEN,0
2018,2018-09-09,MIN,SF,0
2018,2018-09-09,NE,HOU,0
2018,2018-09-09,NO,TB,0
2018,2018-09-09,NYG,JAX,0
2018,2018-09-09,PIT,CLE,1
2018,2018-09-09,SD,KC,0
2018,2018-09-09,SEA,DEN,0
2018,2018-09-09,SF,MIN,0
2018,2018-09-09,TB,NO,0
2018,2018-09-09,TEN,MIA,0
2018,2018-09-09,WAS,ARI,0
2018,2018-09-10,DET,NYJ,0
2018,2018-09-10,NYJ,DET,0
2018,2018-09-10,OAK,STL,0
2018,2018-09-10,STL,OAK,0
2018,2018-09-13,BAL,CIN,0
2018,2018-09-13,CIN,BAL,0
2018,2018-09-16,ARI,STL,0
2018,2018-09-16,ATL,CAR,0
2018,2018-09-16,BUF,SD,0
2018,2018-09-16,CAR,ATL,0
2018,2018-09-16,CLE,NO,0
2018,2018-09-16,DAL,NYG,0
2018,2018-09-16,DEN,OAK,0
2018,2018-09-16,DET,SF,0
2018,2018-09-16,GB,MIN,1
2018,2018-09-16,HOU,TEN,0
2018,2018-09-16,IND,WAS,0
2018,2018-09-16,JAX,NE,0
2018,2018-09-16,KC,PIT,0
2018,2018-09-16,MIA,NYJ,0
2018,2018-09-16,MIN,GB,1
2018,2018-09-16,NE,JAX,0
2018,2018-09-16,NO,CLE,0
2018,2018-09-16,NYG,DAL,0
2018,2018-09-16,NYJ,MIA,0
2018,2018-09-16,OAK,DEN,0
2018,2018-09-16,PHI,TB,0
2018,2018-09-16,PIT,KC,0
2018,2018-09-16,SD,BUF,0
2018,2018-09-16,SF,DET,0
2018,2018-09-16,STL,ARI,0
2018,2018-09-16,TB,PHI,0
2018,2018-09-16,TEN,HOU,0
2018,2018-09-16,WAS,IND,0
2018,2018-09-17,CHI,SEA,0
2018,2018-09-17,SEA,CHI,0
2018,2018-09-20,CLE,NYJ,0
2018,2018-09-20,NYJ,CLE,0
2018,2018-09-23,ARI,CHI,0
2018,2018-09-23,ATL,NO,1
2018,2018-09-23,BAL,DEN,0
2018,2018-09-23,BUF,MIN,0
2018,2018-09-23,CAR,CIN,0
2018,2018-09-23,CHI,ARI,0
2018,2018-09-23,CIN,CAR,0
2018,2018-09-23,DAL,SEA,0
2018,2018-09-23,DEN,BAL,0
2018,2018-09-23,DET,NE,0
2018,2018-09-23,GB,WAS,0
2018,2018-09-23,HOU,NYG,0
2018,2018-09-23,IND,PHI,0
2018,2018-09-23,JAX,TEN,0
2018,2018-09-23,KC,SF,0
2018,2018-09-23,MIA,OAK,0
2018,2018-09-23,MIN,BUF,0
2018,2018-09-23,NE,DET,0
2018,2018-09-23,NO,ATL,1
2018,2018-09-23,NYG,HOU,0
2018,2018-09-23,OAK,MIA,0
2018,2018-09-23,PHI,IND,0
2018,2018-09-23,SD,STL,0
2018,2018-09-23,SEA,DAL,0
2018,2018-09-23,SF,KC,0
2018,2018-09-23,STL,SD,0
2018,2018-09-23,TEN,JAX,0
2018,2018-09-23,WAS,GB,0
2018,2018-09-24,PIT,TB,0
2018,2018-09-24,TB,PIT,0
2018,2018-09-27,MIN,STL,0
2018,2018-09-27,STL,MIN,0
2018,2018-09-30,ARI,SEA,0
2018,2018-09-30,ATL,CIN,0
2018,2018-09-30,BAL,PIT,0
2018,2018-09-30,BUF,GB,0
2018,2018-09-30,CHI,TB,0
2018,2018-09-30,CIN,ATL,0
2018,2018-09-30,CLE,OAK,1
2018,2018-09-30,DAL,DET,0
2018,2018-09-30,DET,DAL,0
2018,2018-09-30,GB,BUF,0
2018,2018-09-30,HOU,IND,1
2018,2018-09-30,IND,HOU,1
2018,2018-09-30,JAX,NYJ,0
2018,2018-09-30,MIA,NE,0
2018,2018-09-30,NE,MIA,0
2018,2018-09-30,NO,NYG,0
2018,2018-09-30,NYG,NO,0
2018,2018-09-30,NYJ,JAX,0
2018,2018-09-30,OAK,CLE,1
2018,2018-09-30,PHI,TEN,1
2018,2018-09-30,PIT,BAL,0
2018,2018-09-30,SD,SF,0
2018,2018-09-30,SEA,ARI,0
2018,2018-09-30,SF,SD,0
2018,2018-09-30,TB,CHI,0
2018,2018-09-30,TEN,PHI,1
2018,2018-10-01,DEN,KC,0
2018,2018-10-01,KC,DEN,0
2018,2018-10-04,IND,NE,0
2018,2018-10-04,NE,IND,0
2018,2018-10-07,ARI,SF,0
2018,2018-10-07,ATL,PIT,0
2018,2018-10-07,BAL,CLE,1
2018,2018-10-07,BUF,TEN,0
2018,2018-10-07,CAR,NYG,0
2018,2018-10-07,CIN,MIA,0
2018,2018-10-07,CLE,BAL,1
2018,2018-10-07,DAL,HOU,1
2018,2018-10-07,DEN,NYJ,0
2018,2018-10-07,DET,GB,0
2018,2018-10-07,GB,DET,0
2018,2018-10-07,HOU,DAL,1
2018,2018-10-07,JAX,KC,0
2018,2018-10-07,KC,JAX,0
2018,2018-10-07,MIA,CIN,0
2018,2018-10-07,MIN,PHI,0
2018,2018-10-07,NYG,CAR,0
2018,2018-10-07,NYJ,DEN,0
2018,2018-10-07,OAK,SD,0
2018,2018-10-07,PHI,MIN,0
2018,2018-10-07,PIT,ATL,0
2018,2018-10-07,SD,OAK,0
2018,2018-10-07,SEA,STL,0
2018,2018-10-07,SF,ARI,0
2018,2018-10-07,STL,SEA,0
2018,2018-10-07,TEN,BUF,0
2018,2018-10-08,NO,WAS,0
2018,2018-10-08,WAS,NO,0
2018,2018-10-11,NYG,PHI,0
2018,2018-10-11,PHI,NYG,0
2018,2018-10-14,ARI,MIN,0
2018,2018-10-14,ATL,TB,0
2018,2018-10-14,BAL,TEN,0
2018,2018-10-14,BUF,HOU,0
2018,2018-10-14,CAR,WAS,0
2018,2018-10-14,CHI,MIA,1
2018,2018-10-14,CIN,PIT,0
2018,2018-10-14,CLE,SD,0
2018,2018-10-14,DAL,JAX,0
2018,2018-10-14,DEN,STL,0
2018,2018-10-14,HOU,BUF,0
2018,2018-10-14,IND,NYJ,0
2018,2018-10-14,JAX,DAL,0
2018,2018-10-14,KC,NE,0
2018,2018-10-14,MIA,CHI,1
2018,2018-10-14,MIN,ARI,0
2018,2018-10-14,NE,KC,0
2018,2018-10-14,NYJ,IND,0
2018,2018-10-14,OAK,SEA,0
2018,2018-10-14,PIT,CIN,0
2018,2018-10-14,SD,CLE,0
2018,2018-10-14,SEA,OAK,0
2018,2018-10-14,STL,DEN,0
2018,2018-10-14,TB,ATL,0
2018,2018-10-14,TEN,BAL,0
2018,2018-10-14,WAS,CAR,0
2018,2018-10-15,GB,SF,0
2018,2018-10-15,SF,GB,0
2018,2018-10-18,ARI,DEN,0
2018,2018-10-18,DEN,ARI,0
2018,2018-10-21,BAL,NO,0
2018,2018-10-21,BUF,IND,0
2018,2018-10-21,CAR,PHI,0
2018,2018-10-21,CHI,NE,0
2018,2018-10-21,CIN,KC,0
2018,2018-10-21,CLE,TB,1
2018,2018-10-21,DAL,WAS,0
2018,2018-10-21,DET,MIA,0
2018,2018-10-21,HOU,JAX,0
2018,2018-10-21,IND,BUF,0
2018,2018-10-21,JAX,HOU,0
2018,2018-10-21,KC,CIN,0
2018,2018-10-21,MIA,DET,0
2018,2018-10-21,MIN,NYJ,0
2018,2018-10-21,NE,CHI,0
2018,2018-10-21,NO,BAL,0
2018,2018-10-21,NYJ,MIN,0
2018,2018-10-21,PHI,CAR,0
2018,2018-10-21,SD,TEN,0
2018,2018-10-21,SF,STL,0
2018,2018-10-21,STL,SF,0
2018,2018-10-21,TB,CLE,1
2018,2018-10-21,TEN,SD,0
2018,2018-10-21,WAS,DAL,0
2018,2018-10-22,ATL,NYG,0
2018,2018-10-22,NYG,ATL,0
2018,2018-10-25,HOU,MIA,0
2018,2018-10-25,MIA,HOU,0
2018,2018-10-28,ARI,SF,0
2018,2018-10-28,BAL,CAR,0
2018,2018-10-28,CAR,BAL,0
2018,2018-10-28,CHI,NYJ,0
2018,2018-10-28,CIN,TB,0
2018,2018-10-28,CLE,PIT,0
2018,2018-10-28,DEN,KC,0
2018,2018-10-28,DET,SEA,0
2018,2018-10-28,GB,STL,0
2018,2018-10-28,IND,OAK,0
2018,2018-10-28,JAX,PHI,0
2018,2018-10-28,KC,DEN,0
2018,2018-10-28,MIN,NO,0
2018,2018-10-28,NO,MIN,0
2018,2018-10-28,NYG,WAS,0
2018,2018-10-28,NYJ,CHI,0
2018,2018-10-28,OAK,IND,0
2018,2018-10-28,PHI,JAX,0
2018,2018-10-28,PIT,CLE,0
2018,2018-10-28,SEA,DET,0
2018,2018-10-28,SF,ARI,0
2018,2018-10-28,STL,GB,0
2018,2018-10-28,TB,CIN,0
2018,2018-10-28,WAS,NYG,0
2018,2018-10-29,BUF,NE,0
2018,2018-10-29,NE,BUF,0
2018,2018-11-01,OAK,SF,0
2018,2018-11-01,SF,OAK,0
2018,2018-11-04,ATL,WAS,0
2018,2018-11-04,BAL,PIT,0
2018,2018-11-04,BUF,CHI,0
2018,2018-11-04,CAR,TB,0
2018,2018-11-04,CHI,BUF,0
2018,2018-11-04,CLE,KC,0
2018,2018-11-04,DEN,HOU,0
2018,2018-11-04,DET,MIN,0
2018,2018-11-04,GB,NE,0
2018,2018-11-04,HOU,DEN,0
2018,2018-11-04,KC,CLE,0
2018,2018-11-04,MIA,NYJ,0
2018,2018-11-04,MIN,DET,0
2018,2018-11-04,NE,GB,0
2018,2018-11-04,NO,STL,0
2018,2018-11-04,NYJ,MIA,0
2018,2018-11-04,PIT,BAL,0
2018,2018-11-04,SD,SEA,0
2018,2018-11-04,SEA,SD,0
2018,2018-11-04,STL,NO,0
2018,2018-11-04,TB,CAR,0
2018,2018-11-04,WAS,ATL,0
2018,2018-11-05,DAL,TEN,0
2018,2018-11-05,TEN,DAL,0
2018,2018-11-08,CAR,PIT,0
2018,2018-11-08,PIT,CAR,0
2018,2018-11-11,ARI,KC,0
2018,2018-11-11,ATL,CLE,0
2018,2018-11-11,BUF,NYJ,0
2018,2018-11-11,CHI,DET,0
2018,2018-11-11,CIN,NO,0
2018,2018-11-11,CLE,ATL,0
2018,2018-11-11,DAL,PHI,0
2018,2018-11-11,DET,CHI,0
2018,2018-11-11,GB,MIA,0
2018,2018-11-11,IND,JAX,0
2018,2018-11-11,JAX,IND,0
2018,2018-11-11,KC,ARI,0
2018,2018-11-11,MIA,GB,0
2018,2018-11-11,NE,TEN,0
2018,2018-11-11,NO,CIN,0
2018,2018-11-11,NYJ,BUF,0
2018,2018-11-11,OAK,SD,0
2018,2018-11-11,PHI,DAL,0
2018,2018-11-11,SD,OAK,0
2018,2018-11-11,SEA,STL,0
2018,2018-11-11,STL,SEA,0
2018,2018-11-11,TB,WAS,0
2018,2018-11-11,TEN,NE,0
2018,2018-11-11,WAS,TB,0
2018,2018-11-12,NYG,SF,0
2018,2018-11-12,SF,NYG,0
2018,2018-11-15,GB,SEA,0
2018,2018-11-15,SEA,GB,0
2018,2018-11-18,ARI,OAK,0
2018,2018-11-18,ATL,DAL,0
2018,2018-11-18,BAL,CIN,0
2018,2018-11-18,CAR,DET,0
2018,2018-11-18,CHI,MIN,0
2018,2018-11-18,CIN,BAL,0
2018,2018-11-18,DAL,ATL,0
2018,2018-11-18,DEN,SD,0
2018,2018-11-18,DET,CAR,0
2018,2018-11-18,HOU,WAS,0
2018,2018-11-18,IND,TEN,0
2018,2018-11-18,JAX,PIT,0
2018,2018-11-18,MIN,CHI,0
2018,2018-11-18,NO,PHI,0
2018,2018-11-18,NYG,TB,0
2018,2018-11-18,OAK,ARI,0
2018,2018-11-18,PHI,NO,0
2018,2018-11-18,PIT,JAX,0
2018,2018-11-18,SD,DEN,0
2018,2018-11-18,TB,NYG,0
2018,2018-11-18,TEN,IND,0
2018,2018-11-18,WAS,HOU,0
2018,2018-11-19,KC,STL,0
2018,2018-11-19,STL,KC,0
2018,2018-11-22,ATL,NO,0
2018,2018-11-22,CHI,DET,0
2018,2018-11-22,DAL,WAS,0
2018,2018-11-22,DET,CHI,0
2018,2018-11-22,NO,ATL,0
2018,2018-11-22,WAS,DAL,0
2018,2018-11-25,ARI,SD,0
2018,2018-11-25,BAL,OAK,0
2018,2018-11-25,BUF,JAX,0
2018,2018-11-25,CAR,SEA,0
2018,2018-11-25,CIN,CLE,0
2018,2018-11-25,CLE,CIN,0
2018,2018-11-25,DEN,PIT,0
2018,2018-11-25,GB,MIN,0
2018,2018-11-25,IND,MIA,0
2018,2018-11-25,JAX,BUF,0
2018,2018-11-25,MIA,IND,0
2018,2018-11-25,MIN,GB,0
2018,2018-11-25,NE,NYJ,0
2018,2018-11-25,NYG,PHI,0
2018,2018-11-25,NYJ,NE,0
2018,2018-11-25,OAK,BAL,0
2018,2018-11-25,PHI,NYG,0
2018,2018-11-25,PIT,DEN,0
2018,2018-11-25,SD,ARI,0
2018,2018-11-25,SEA,CAR,0
2018,2018-11-25,SF,TB,0
2018,2018-11-25,TB,SF,0
2018,2018-11-26,HOU,TEN,0
2018,2018-11-26,TEN,HOU,0
2018,2018-11-29,DAL,NO,0
2018,2018-11-29,NO,DAL,0
2018,2018-12-02,ARI,GB,0
2018,2018-12-02,ATL,BAL,0
2018,2018-12-02,BAL,ATL,0
2018,2018-12-02,BUF,MIA,0
2018,2018-12-02,CAR,TB,0
2018,2018-12-02,CHI,NYG,1
2018,2018-12-02,CIN,DEN,0
2018,2018-12-02,CLE,HOU,0
2018,2018-12-02,DEN,CIN,0
2018,2018-12-02,DET,STL,0
2018,2018-12-02,GB,ARI,0
2018,2018-12-02,HOU,CLE,0
2018,2018-12-02,IND,JAX,0
2018,2018-12-02,JAX,IND,0
2018,2018-12-02,KC,OAK,0
2018,2018-12-02,MIA,BUF,0
2018,2018-12-02,MIN,NE,0
2018,2018-12-02,NE,MIN,0
2018,2018-12-02,NYG,CHI,1
2018,2018-12-02,NYJ,TEN,0
2018,2018-12-02,OAK,KC,0
2018,2018-12-02,PIT,SD,0
2018,2018-12-02,SD,PIT,0
2018,2018-12-02,SEA,SF,0
2018,2018-12-02,SF,SEA,0
2018,2018-12-02,STL,DET,0
2018,2018-12-02,TB,CAR,0
2018,2018-12-02,TEN,NYJ,0
2018,2018-12-03,PHI,WAS,0
2018,2018-12-03,WAS,PHI,0
2018,2018-12-06,JAX,TEN,0
2018,2018-12-06,TEN,JAX,0
2018,2018-12-09,ARI,DET,0
2018,2018-12-09,ATL,GB,0
2018,2018-12-09,BAL,KC,1
2018,2018-12-09,BUF,NYJ,0
2018,2018-12-09,CAR,CLE,0
2018,2018-12-09,CHI,STL,0
2018,2018-12-09,CIN,SD,0
2018,2018-12-09,CLE,CAR,0
2018,2018-12-09,DAL,PHI,1
2018,2018-12-09,DEN,SF,0
2018,2018-12-09,DET,ARI,0
2018,2018-12-09,GB,ATL,0
2018,2018-12-09,HOU,IND,0
2018,2018-12-09,IND,HOU,0
2018,2018-12-09,KC,BAL,1
2018,2018-12-09,MIA,NE,0
2018,2018-12-09,NE,MIA,0
2018,2018-12-09,NO,TB,0
2018,2018-12-09,NYG,WAS,0
2018,2018-12-09,NYJ,BUF,0
2018,2018-12-09,OAK,PIT,0
2018,2018-12-09,PHI,DAL,1
2018,2018-12-09,PIT,OAK,0
2018,2018-12-09,SD,CIN,0
2018,2018-12-09,SF,DEN,0
2018,2018-12-09,STL,CHI,0
2018,2018-12-09,TB,NO,0
2018,2018-12-09,WAS,NYG,0
2018,2018-12-10,MIN,SEA,0
2018,2018-12-10,SEA,MIN,0
2018,2018-12-13,KC,SD,0
2018,2018-12-13,SD,KC,0
2018,2018-12-15,CLE,DEN,0
2018,2018-12-15,DEN,CLE,0
2018,2018-12-15,HOU,NYJ,0
2018,2018-12-15,NYJ,HOU,0
2018,2018-12-16,ARI,ATL,0
2018,2018-12-16,ATL,ARI,0
2018,2018-12-16,BAL,TB,0
2018,2018-12-16,BUF,DET,0
2018,2018-12-16,CHI,GB,0
2018,2018-12-16,CIN,OAK,0
2018,2018-12-16,DAL,IND,0
2018,2018-12-16,DET,BUF,0
2018,2018-12-16,GB,CHI,0
2018,2018-12-16,IND,DAL,0
2018,2018-12-16,JAX,WAS,0
2018,2018-12-16,MIA,MIN,0
2018,2018-12-16,MIN,MIA,0
2018,2018-12-16,NE,PIT,0
2018,2018-12-16,NYG,TEN,0
2018,2018-12-16,OAK,CIN,0
2018,2018-12-16,PHI,STL,0
2018,2018-12-16,PIT,NE,0
2018,2018-12-16,SEA,SF,1
2018,2018-12-16,SF,SEA,1
2018,2018-12-16,STL,PHI,0
2018,2018-12-16,TB,BAL,0
2018,2018-12-16,TEN,NYG,0
2018,2018-12-16,WAS,JAX,0
2018,2018-12-17,CAR,NO,0
2018,2018-12-17,NO,CAR,0
2018,2018-12-22,BAL,SD,0
2018,2018-12-22,SD,BAL,0
2018,2018-12-22,TEN,WAS,0
2018,2018-12-22,WAS,TEN,0
2018,2018-12-23,ARI,STL,0
2018,2018-12-23,ATL,CAR,0
2018,2018-12-23,BUF,NE,0
2018,2018-12-23,CAR,ATL,0
2018,2018-12-23,CHI,SF,0
2018,2018-12-23,CIN,CLE,0
2018,2018-12-23,CLE,CIN,0
2018,2018-12-23,DAL,TB,0
2018,2018-12-23,DET,MIN,0
2018,2018-12-23,GB,NYJ,1
2018,2018-12-23,HOU,PHI,0
2018,2018-12-23,IND,NYG,0
2018,2018-12-23,JAX,MIA,0
2018,2018-12-23,KC,SEA,0
2018,2018-12-23,MIA,JAX,0
2018,2018-12-23,MIN,DET,0
2018,2018-12-23,NE,BUF,0
2018,2018-12-23,NO,PIT,0
2018,2018-12-23,NYG,IND,0
2018,2018-12-23,NYJ,GB,1
2018,2018-12-23,PHI,HOU,0
2018,2018-12-23,PIT,NO,0
2018,2018-12-23,SEA,KC,0
2018,2018-12-23,SF,CHI,0
2018,2018-12-23,STL,ARI,0
2018,2018-12-23,TB,DAL,0
2018,2018-12-24,DEN,OAK,0
2018,2018-12-24,OAK,DEN,0
2018,2018-12-30,ARI,SEA,0
2018,2018-12-30,ATL,TB,0
2018,2018-12-30,BAL,CLE,0
2018,2018-12-30,BUF,MIA,0
2018,2018-12-30,CAR,NO,0
2018,2018-12-30,CHI,MIN,0
2018,2018-12-30,CIN,PIT,0
2018,2018-12-30,CLE,BAL,0
2018,2018-12-30,DAL,NYG,0
2018,2018-12-30,DEN,SD,0
2018,2018-12-30,DET,GB,0
2018,2018-12-30,GB,DET,0
2018,2018-12-30,HOU,JAX,0
2018,2018-12-30,IND,TEN,0
2018,2018-12-30,JAX,HOU,0
2018,2018-12-30,KC,OAK,0
2018,2018-12-30,MIA,BUF,0
2018,2018-12-30,MIN,CHI,0
2018,2018-12-30,NE,NYJ,0
2018,2018-12-30,NO,CAR,0
2018,2018-12-30,NYG,DAL,0
2018,2018-12-30,NYJ,NE,0
2018,2018-12-30,OAK,KC,0
2018,2018-12-30,PHI,WAS,0
2018,2018-12-30,PIT,CIN,0
2018,2018-12-30,SD,DEN,0
2018,2018-12-30,SEA,ARI,0
2018,2018-12-30,SF,STL,0
2018,2018-12-30,STL,SF,0
2018,2018-12-30,TB,ATL,0
2018,2018-12-30,TEN,IND,0
2018,2018-12-30,WAS,PHI,0
2018,2019-01-05,DAL,SEA,0
2018,2019-01-05,HOU,IND,0
2018,2019-01-05,IND,HOU,0
2018,2019-01-05,SEA,DAL,0
2018,2019-01-06,BAL,SD,0
2018,2019-01-06,CHI,PHI,0
2018,2019-01-06,PHI,CHI,0
2018,2019-01-06,SD,BAL,0
2018,2019-01-12,DAL,STL,0
2018,2019-01-12,IND,KC,0
2018,2019-01-12,KC,IND,0
2018,2019-01-12,STL,DAL,0
2018,2019-01-13,NE,SD,0
2018,2019-01-13,NO,PHI,0
2018,2019-01-13,PHI,NO,0
2018,2019-01-13,SD,NE,0
2018,2019-01-20,KC,NE,1
2018,2019-01-20,NE,KC,1
2018,2019-01-20,NO,STL,1
2018,2019-01-20,STL,NO,1
2018,2019-02-03,NE,STL,0
2018,2019-02-03,STL,NE,0
2019,2019-09-05,CHI,GB,0
2019,2019-09-05,GB,CHI,0
2019,2019-09-08,ARI,DET,1
2019,2019-09-08,ATL,MIN,0
2019,2019-09-08,BAL,MIA,0
2019,2019-09-08,BUF,NYJ,0
2019,2019-09-08,CAR,STL,0
2019,2019-09-08,CIN,SEA,0
2019,2019-09-08,CLE,TEN,0
2019,2019-09-08,DAL,NYG,0
2019,2019-09-08,DET,ARI,1
2019,2019-09-08,IND,SD,1
2019,2019-09-08,JAX,KC,0
2019,2019-09-08,KC,JAX,0
2019,2019-09-08,MIA,BAL,0
2019,2019-09-08,MIN,ATL,0
2019,2019-09-08,NE,PIT,0
2019,2019-09-08,NYG,DAL,0
2019,2019-09-08,NYJ,BUF,0
2019,2019-09-08,PHI,WAS,0
2019,2019-09-08,PIT,NE,0
2019,2019-09-08,SD,IND,1
2019,2019-09-08,SEA,CIN,0
2019,2019-09-08,SF,TB,0
2019,2019-09-08,STL,CAR,0
2019,2019-09-08,TB,SF,0
2019,2019-09-08,TEN,CLE,0
2019,2019-09-08,WAS,PHI,0
2019,2019-09-09,DEN,OAK,0
2019,2019-09-09,HOU,NO,0
2019,2019-09-09,NO,HOU,0
2019,2019-09-09,OAK,DEN,0
2019,2019-09-12,CAR,TB,0
2019,2019-09-12,TB,CAR,0
2019,2019-09-15,ARI,BAL,0
2019,2019-09-15,ATL,PHI,0
2019,2019-09-15,BAL,ARI,0
2019,2019-09-15,BUF,NYG,0
2019,2019-09-15,CHI,DEN,0
2019,2019-09-15,CIN,SF,0
2019,2019-09-15,DAL,WAS,0
2019,2019-09-15,DEN,CHI,0
2019,2019-09-15,DET,SD,0
2019,2019-09-15,GB,MIN,0
2019,2019-09-15,HOU,JAX,0
2019,2019-09-15,IND,TEN,0
2019,2019-09-15,JAX,HOU,0
2019,2019-09-15,KC,OAK,0
2019,2019-09-15,MIA,NE,0
2019,2019-09-15,MIN,GB,0
2019,2019-09-15,NE,MIA,0
2019,2019-09-15,NO,STL,0
2019,2019-09-15,NYG,BUF,0
2019,2019-09-15,OAK,KC,0
2019,2019-09-15,PHI,ATL,0
2019,2019-09-15,PIT,SEA,0
2019,2019-09-15,SD,DET,0
2019,2019-09-15,SEA,PIT,0
2019,2019-09-15,SF,CIN,0
2019,2019-09-15,STL,NO,0
2019,2019-09-15,TEN,IND,0
2019,2019-09-15,WAS,DAL,0
2019,2019-09-16,CLE,NYJ,0
2019,2019-09-16,NYJ,CLE,0
2019,2019-09-19,JAX,TEN,0
2019,2019-09-19,TEN,JAX,0
2019,2019-09-22,ARI,CAR,0
2019,2019-09-22,ATL,IND,0
2019,2019-09-22,BAL,KC,0
2019,2019-09-22,BUF,CIN,0
2019,2019-09-22,CAR,ARI,0
2019,2019-09-22,CIN,BUF,0
2019,2019-09-22,CLE,STL,0
2019,2019-09-22,DAL,MIA,0
2019,2019-09-22,DEN,GB,0
2019,2019-09-22,DET,PHI,0
2019,2019-09-22,GB,DEN,0
2019,2019-09-22,HOU,SD,0
2019,2019-09-22,IND,ATL,0
2019,2019-09-22,KC,BAL,0
2019,2019-09-22,MIA,DAL,0
2019,2019-09-22,MIN,OAK,0
2019,2019-09-22,NE,NYJ,0
2019,2019-09-22,NO,SEA,0
2019,2019-09-22,NYG,TB,0
2019,2019-09-22,NYJ,NE,0
2019,2019-09-22,OAK,MIN,0
2019,2019-09-22,PHI,DET,0
2019,2019-09-22,PIT,SF,0
2019,2019-09-22,SD,HOU,0
2019,2019-09-22,SEA,NO,0
2019,2019-09-22,SF,PIT,0
2019,2019-09-22,STL,CLE,0
2019,2019-09-22,TB,NYG,0
2019,2019-09-23,CHI,WAS,0
2019,2019-09-23,WAS,CHI,0
2019,2019-09-26,GB,PHI,0
2019,2019-09-26,PHI,GB,0
2019,2019-09-29,ARI,SEA,0
2019,2019-09-29,ATL,TEN,0
2019,2019-09-29,BAL,CLE,0
2019,2019-09-29,BUF,NE,0
2019,2019-09-29,CAR,HOU,0
2019,2019-09-29,CHI,MIN,0
2019,2019-09-29,CLE,BAL,0
2019,2019-09-29,DAL,NO,0
2019,2019-09-29,DEN,JAX,0
2019,2019-09-29,DET,KC,0
2019,2019-09-29,HOU,CAR,0
2019,2019-09-29,IND,OAK,0
2019,2019-09-29,JAX,DEN,0
2019,2019-09-29,KC,DET,0
2019,2019-09-29,MIA,SD,0
2019,2019-09-29,MIN,CHI,0
2019,2019-09-29,NE,BUF,0
2019,2019-09-29,NO,DAL,0
2019,2019-09-29,NYG,WAS,0
2019,2019-09-29,OAK,IND,0
2019,2019-09-29,SD,MIA,0
2019,2019-09-29,SEA,ARI,0
2019,2019-09-29,STL,TB,0
2019,2019-09-29,TB,STL,0
2019,2019-09-29,TEN,ATL,0
2019,2019-09-29,WAS,NYG,0
2019,2019-09-30,CIN,PIT,0
2019,2019-09-30,PIT,CIN,0
2019,2019-10-03,SEA,STL,0
2019,2019-10-03,STL,SEA,0
2019,2019-10-06,ARI,CIN,0
2019,2019-10-06,ATL,HOU,0
2019,2019-10-06,BAL,PIT,1
2019,2019-10-06,BUF,TEN,0
2019,2019-10-06,CAR,JAX,0
2019,2019-10-06,CHI,OAK,0
2019,2019-10-06,CIN,ARI,0
2019,2019-10-06,DAL,GB,0
2019,2019-10-06,DEN,SD,0
2019,2019-10-06,GB,DAL,0
2019,2019-10-06,HOU,ATL,0
2019,2019-10-06,IND,KC,0
2019,2019-10-06,JAX,CAR,0
2019,2019-10-06,KC,IND,0
2019,2019-10-06,MIN,NYG,0
2019,2019-10-06,NE,WAS,0
2019,2019-10-06,NO,TB,0
2019,2019-10-06,NYG,MIN,0
2019,2019-10-06,NYJ,PHI,0
2019,2019-10-06,OAK,CHI,0
2019,2019-10-06,PHI,NYJ,0
2019,2019-10-06,PIT,BAL,1
2019,2019-10-06,SD,DEN,0
2019,2019-10-06,TB,NO,0
2019,2019-10-06,TEN,BUF,0
2019,2019-10-06,WAS,NE,0
2019,2019-10-07,CLE,SF,0
2019,2019-10-07,SF,CLE,0
2019,2019-10-10,NE,NYG,0
2019,2019-10-10,NYG,NE,0
2019,2019-10-13,ARI,ATL,0
2019,2019-10-13,ATL,ARI,0
2019,2019-10-13,BAL,CIN,0
2019,2019-10-13,CAR,TB,0
2019,2019-10-13,CIN,BAL,0
2019,2019-10-13,CLE,SEA,0
2019,2019-10-13,DAL,NYJ,0
2019,2019-10-13,DEN,TEN,0
2019,2019-10-13,HOU,KC,0
2019,2019-10-13,JAX,NO,0
2019,2019-10-13,KC,HOU,0
2019,2019-10-13,MIA,WAS,0
2019,2019-10-13,MIN,PHI,0
2019,2019-10-13,NO,JAX,0
2019,2019-10-13,NYJ,DAL,0
2019,2019-10-13,PHI,MIN,0
2019,2019-10-13,PIT,SD,0
2019,2019-10-13,SD,PIT,0
2019,2019-10-13,SEA,CLE,0
2019,2019-10-13,SF,STL,0
2019,2019-10-13,STL,SF,0
2019,2019-10-13,TB,CAR,0
2019,2019-10-13,TEN,DEN,0
2019,2019-10-13,WAS,MIA,0
2019,2019-10-14,DET,GB,0
2019,2019-10-14,GB,DET,0
2019,2019-10-17,DEN,KC,0
2019,2019-10-17,KC,DEN,0
2019,2019-10-20,ARI,NYG,0
2019,2019-10-20,ATL,STL,0
2019,2019-10-20,BAL,SEA,0
2019,2019-10-20,BUF,MIA,0
2019,2019-10-20,CHI,NO,0
2019,2019-10-20,CIN,JAX,0
2019,2019-10-20,DAL,PHI,0
2019,2019-10-20,DET,MIN,0
2019,2019-10-20,GB,OAK,0
2019,2019-10-20,HOU,IND,0
2019,2019-10-20,IND,HOU,0
2019,2019-10-20,JAX,CIN,0
2019,2019-10-20,MIA,BUF,0
2019,2019-10-20,MIN,DET,0
2019,2019-10-20,NO,CHI,0
2019,2019-10-20,NYG,ARI,0
2019,2019-10-20,OAK,GB,0
2019,2019-10-20,PHI,DAL,0
2019,2019-10-20,SD,TEN,0
2019,2019-10-20,SEA,BAL,0
2019,2019-10-20,SF,WAS,0
2019,2019-10-20,STL,ATL,0
2019,2019-10-20,TEN,SD,0
2019,2019-10-20,WAS,SF,0
2019,2019-10-21,NE,NYJ,0
2019,2019-10-21,NYJ,NE,0
2019,2019-10-24,MIN,WAS,0
2019,2019-10-24,WAS,MIN,0
2019,2019-10-27,ARI,NO,0
2019,2019-10-27,ATL,SEA,0
2019,2019-10-27,BUF,PHI,0
2019,2019-10-27,CAR,SF,0
2019,2019-10-27,CHI,SD,0
2019,2019-10-27,CIN,STL,0
2019,2019-10-27,CLE,NE,0
2019,2019-10-27,DEN,IND,0
2019,2019-10-27,DET,NYG,0
2019,2019-10-27,GB,KC,0
2019,2019-10-27,HOU,OAK,0
2019,2019-10-27,IND,DEN,0
2019,2019-10-27,JAX,NYJ,0
2019,2019-10-27,KC,GB,0
2019,2019-10-27,NE,CLE,0
2019,2019-10-27,NO,ARI,0
2019,2019-10-27,NYG,DET,0
2019,2019-10-27,NYJ,JAX,0
2019,2019-10-27,OAK,HOU,0
2019,2019-10-27,PHI,BUF,0
2019,2019-10-27,SD,CHI,0
2019,2019-10-27,SEA,ATL,0
2019,2019-10-27,SF,CAR,0
2019,2019-10-27,STL,CIN,0
2019,2019-10-27,TB,TEN,0
2019,2019-10-27,TEN,TB,0
2019,2019-10-28,MIA,PIT,0
2019,2019-10-28,PIT,MIA,0
2019,2019-10-31,ARI,SF,0
2019,2019-10-31,SF,ARI,0
2019,2019-11-03,BAL,NE,0
2019,2019-11-03,BUF,WAS,0
2019,2019-11-03,CAR,TEN,0
2019,2019-11-03,CHI,PHI,0
2019,2019-11-03,CLE,DEN,0
2019,2019-11-03,DEN,CLE,0
2019,2019-11-03,DET,OAK,0
2019,2019-11-03,GB,SD,0
2019,2019-11-03,HOU,JAX,0
2019,2019-11-03,IND,PIT,0
2019,2019-11-03,JAX,HOU,0
2019,2019-11-03,KC,MIN,0
2019,2019-11-03,MIA,NYJ,0
2019,2019-11-03,MIN,KC,0
2019,2019-11-03,NE,BAL,0
2019,2019-11-03,NYJ,MIA,0
2019,2019-11-03,OAK,DET,0
2019,2019-11-03,PHI,CHI,0
2019,2019-11-03,PIT,IND,0
2019,2019-11-03,SD,GB,0
2019,2019-11-03,SEA,TB,1
2019,2019-11-03,TB,SEA,1
2019,2019-11-03,TEN,CAR,0
2019,2019-11-03,WAS,BUF,0
2019,2019-11-04,DAL,NYG,0
2019,2019-11-04,NYG,DAL,0
2019,2019-11-07,OAK,SD,0
2019,2019-11-07,SD,OAK,0
2019,2019-11-10,ARI,TB,0
2019,2019-11-10,ATL,NO,0
2019,2019-11-10,BAL,CIN,0
2019,2019-11-10,BUF,CLE,0
2019,2019-11-10,CAR,GB,0
2019,2019-11-10,CHI,DET,0
2019,2019-11-10,CIN,BAL,0
2019,2019-11-10,CLE,BUF,0
2019,2019-11-10,DAL,MIN,0
2019,2019-11-10,DET,CHI,0
2019,2019-11-10,GB,CAR,0
2019,2019-11-10,IND,MIA,0
2019,2019-11-10,KC,TEN,0
2019,2019-11-10,MIA,IND,0
2019,2019-11-10,MIN,DAL,0
2019,2019-11-10,NO,ATL,0
2019,2019-11-10,NYG,NYJ,0
2019,2019-11-10,NYJ,NYG,0
2019,2019-11-10,PIT,STL,0
2019,2019-11-10,STL,PIT,0
2019,2019-11-10,TB,ARI,0
2019,2019-11-10,TEN,KC,0
2019,2019-11-11,SEA,SF,1
2019,2019-11-11,SF,SEA,1
2019,2019-11-14,CLE,PIT,0
2019,2019-11-14,PIT,CLE,0
2019,2019-11-17,ARI,SF,0
2019,2019-11-17,ATL,CAR,0
2019,2019-11-17,BAL,HOU,0
2019,2019-11-17,BUF,MIA,0
2019,2019-11-17,CAR,ATL,0
2019,2019-11-17,CHI,STL,0
2019,2019-11-17,CIN,OAK,0
2019,2019-11-17,DAL,DET,0
2019,2019-11-17,DEN,MIN,0
2019,2019-11-17,DET,DAL,0
2019,2019-11-17,HOU,BAL,0
2019,2019-11-17,IND,JAX,0
2019,2019-11-17,JAX,IND,0
2019,2019-11-17,MIA,BUF,0
2019,2019-11-17,MIN,DEN,0
2019,2019-11-17,NE,PHI,0
2019,2019-11-17,NO,TB,0
2019,2019-11-17,NYJ,WAS,0
2019,2019-11-17,OAK,CIN,0
2019,2019-11-17,PHI,NE,0
2019,2019-11-17,SF,ARI,0
2019,2019-11-17,STL,CHI,0
2019,2019-11-17,TB,NO,0
2019,2019-11-17,WAS,NYJ,0
2019,2019-11-18,KC,SD,0
2019,2019-11-18,SD,KC,0
2019,2019-11-21,HOU,IND,0
2019,2019-11-21,IND,HOU,0
2019,2019-11-24,ATL,TB,0
2019,2019-11-24,BUF,DEN,0
2019,2019-11-24,CAR,NO,0
2019,2019-11-24,CHI,NYG,0
2019,2019-11-24,CIN,PIT,0
2019,2019-11-24,CLE,MIA,0
2019,2019-11-24,DAL,NE,0
2019,2019-11-24,DEN,BUF,0
2019,2019-11-24,DET,WAS,0
2019,2019-11-24,GB,SF,0
2019,2019-11-24,JAX,TEN,0
2019,2019-11-24,MIA,CLE,0
2019,2019-11-24,NE,DAL,0
2019,2019-11-24,NO,CAR,0
2019,2019-11-24,NYG,CHI,0
2019,2019-11-24,NYJ,OAK,0
2019,2019-11-24,OAK,NYJ,0
2019,2019-11-24,PHI,SEA,0
2019,2019-11-24,PIT,CIN,0
2019,2019-11-24,SEA,PHI,0
2019,2019-11-24,SF,GB,0
2019,2019-11-24,TB,ATL,0
2019,2019-11-24,TEN,JAX,0
2019,2019-11-24,WAS,DET,0
2019,2019-11-25,BAL,STL,0
2019,2019-11-25,STL,BAL,0
2019,2019-11-28,ATL,NO,0
2019,2019-11-28,BUF,DAL,0
2019,2019-11-28,CHI,DET,0
2019,2019-11-28,DAL,BUF,0
2019,2019-11-28,DET,CHI,0
2019,2019-11-28,NO,ATL,0
2019,2019-12-01,ARI,STL,0
2019,2019-12-01,BAL,SF,0
2019,2019-12-01,CAR,WAS,0
2019,2019-12-01,CIN,NYJ,0
2019,2019-12-01,CLE,PIT,0
2019,2019-12-01,DEN,SD,0
2019,2019-12-01,GB,NYG,0
2019,2019-12-01,HOU,NE,0
2019,2019-12-01,IND,TEN,0
2019,2019-12-01,JAX,TB,0
2019,2019-12-01,KC,OAK,0
2019,2019-12-01,MIA,PHI,0
2019,2019-12-01,NE,HOU,0
2019,2019-12-01,NYG,GB,0
2019,2019-12-01,NYJ,CIN,0
2019,2019-12-01,OAK,KC,0
2019,2019-12-01,PHI,MIA,0
2019,2019-12-01,PIT,CLE,0
2019,2019-12-01,SD,DEN,0
2019,2019-12-01,SF,BAL,0
2019,2019-12-01,STL,ARI,0
2019,2019-12-01,TB,JAX,0
2019,2019-12-01,TEN,IND,0
2019,2019-12-01,WAS,CAR,0
2019,2019-12-02,MIN,SEA,0
2019,2019-12-02,SEA,MIN,0
2019,2019-12-05,CHI,DAL,0
2019,2019-12-05,DAL,CHI,0
2019,2019-12-08,ARI,PIT,0
2019,2019-12-08,ATL,CAR,0
2019,2019-12-08,BAL,BUF,0
2019,2019-12-08,BUF,BAL,0
2019,2019-12-08,CAR,ATL,0
2019,2019-12-08,CIN,CLE,0
2019,2019-12-08,CLE,CIN,0
2019,2019-12-08,DEN,HOU,0
2019,2019-12-08,DET,MIN,0
2019,2019-12-08,GB,WAS,0
2019,2019-12-08,HOU,DEN,0
2019,2019-12-08,IND,TB,0
2019,2019-12-08,JAX,SD,0
2019,2019-12-08,KC,NE,0
2019,2019-12-08,MIA,NYJ,0
2019,2019-12-08,MIN,DET,0
2019,2019-12-08,NE,KC,0
2019,2019-12-08,NO,SF,0
2019,2019-12-08,NYJ,MIA,0
2019,2019-12-08,OAK,TEN,0
2019,2019-12-08,PIT,ARI,0
2019,2019-12-08,SD,JAX,0
2019,2019-12-08,SEA,STL,0
2019,2019-12-08,SF,NO,0
2019,2019-12-08,STL,SEA,0
2019,2019-12-08,TB,IND,0
2019,2019-12-08,TEN,OAK,0
2019,2019-12-08,WAS,GB,0
2019,2019-12-09,NYG,PHI,1
2019,2019-12-09,PHI,NYG,1
2019,2019-12-12,BAL,NYJ,0
2019,2019-12-12,NYJ,BAL,0
2019,2019-12-15,ARI,CLE,0
2019,2019-12-15,ATL,SF,0
2019,2019-12-15,BUF,PIT,0
2019,2019-12-15,CAR,SEA,0
2019,2019-12-15,CHI,GB,0
2019,2019-12-15,CIN,NE,0
2019,2019-12-15,CLE,ARI,0
2019,2019-12-15,DAL,STL,0
2019,2019-12-15,DEN,KC,0
2019,2019-12-15,DET,TB,0
2019,2019-12-15,GB,CHI,0
2019,2019-12-15,HOU,TEN,0
2019,2019-12-15,JAX,OAK,0
2019,2019-12-15,KC,DEN,0
2019,2019-12-15,MIA,NYG,0
2019,2019-12-15,MIN,SD,0
2019,2019-12-15,NE,CIN,0
2019,2019-12-15,NYG,MIA,0
2019,2019-12-15,OAK,JAX,0
2019,2019-12-15,PHI,WAS,0
2019,2019-12-15,PIT,BUF,0
2019,2019-12-15,SD,MIN,0
2019,2019-12-15,SEA,CAR,0
2019,2019-12-15,SF,ATL,0
2019,2019-12-15,STL,DAL,0
2019,2019-12-15,TB,DET,0
2019,2019-12-15,TEN,HOU,0
2019,2019-12-15,WAS,PHI,0
2019,2019-12-16,IND,NO,0
2019,2019-12-16,NO,IND,0
2019,2019-12-21,BUF,NE,0
2019,2019-12-21,HOU,TB,0
2019,2019-12-21,NE,BUF,0
2019,2019-12-21,SF,STL,0
2019,2019-12-21,STL,SF,0
2019,2019-12-21,TB,HOU,0
2019,2019-12-22,ARI,SEA,0
2019,2019-12-22,ATL,JAX,0
2019,2019-12-22,BAL,CLE,0
2019,2019-12-22,CAR,IND,0
2019,2019-12-22,CHI,KC,0
2019,2019-12-22,CIN,MIA,1
2019,2019-12-22,CLE,BAL,0
2019,2019-12-22,DAL,PHI,0
2019,2019-12-22,DEN,DET,0
2019,2019-12-22,DET,DEN,0
2019,2019-12-22,IND,CAR,0
2019,2019-12-22,JAX,ATL,0
2019,2019-12-22,KC,CHI,0
2019,2019-12-22,MIA,CIN,1
2019,2019-12-22,NO,TEN,0
2019,2019-12-22,NYG,WAS,1
2019,2019-12-22,NYJ,PIT,0
2019,2019-12-22,OAK,SD,0
2019,2019-12-22,PHI,DAL,0
2019,2019-12-22,PIT,NYJ,0
2019,2019-12-22,SD,OAK,0
2019,2019-12-22,SEA,ARI,0
2019,2019-12-22,TEN,NO,0
2019,2019-12-22,WAS,NYG,1
2019,2019-12-23,GB,MIN,0
2019,2019-12-23,MIN,GB,0
2019,2019-12-29,ARI,STL,0
2019,2019-12-29,ATL,TB,1
2019,2019-12-29,BAL,PIT,0
2019,2019-12-29,BUF,NYJ,0
2019,2019-12-29,CAR,NO,0
2019,2019-12-29,CHI,MIN,0
2019,2019-12-29,CIN,CLE,0
2019,2019-12-29,CLE,CIN,0
2019,2019-12-29,DAL,WAS,0
2019,2019-12-29,DEN,OAK,0
2019,2019-12-29,DET,GB,0
2019,2019-12-29,GB,DET,0
2019,2019-12-29,HOU,TEN,0
2019,2019-12-29,IND,JAX,0
2019,2019-12-29,JAX,IND,0
2019,2019-12-29,KC,SD,0
2019,2019-12-29,MIA,NE,0
2019,2019-12-29,MIN,CHI,0
2019,2019-12-29,NE,MIA,0
2019,2019-12-29,NO,CAR,0
2019,2019-12-29,NYG,PHI,0
2019,2019-12-29,NYJ,BUF,0
2019,2019-12-29,OAK,DEN,0
2019,2019-12-29,PHI,NYG,0
2019,2019-12-29,PIT,BAL,0
2019,2019-12-29,SD,KC,0
2019,2019-12-29,SEA,SF,0
2019,2019-12-29,SF,SEA,0
2019,2019-12-29,STL,ARI,0
2019,2019-12-29,TB,ATL,1
2019,2019-12-29,TEN,HOU,0
2019,2019-12-29,WAS,DAL,0
2019,2020-01-04,BUF,HOU,1
2019,2020-01-04,HOU,BUF,1
2019,2020-01-04,NE,TEN,0
2019,2020-01-04,TEN,NE,0
2019,2020-01-05,MIN,NO,1
2019,2020-01-05,NO,MIN,1
2019,2020-01-05,PHI,SEA,0
2019,2020-01-05,SEA,PHI,0
2019,2020-01-11,BAL,TEN,0
2019,2020-01-11,MIN,SF,0
2019,2020-01-11,SF,MIN,0
2019,2020-01-11,TEN,BAL,0
2019,2020-01-12,GB,SEA,0
2019,2020-01-12,HOU,KC,0
2019,2020-01-12,KC,HOU,0
2019,2020-01-12,SEA,GB,0
2019,2020-01-19,GB,SF,0
2019,2020-01-19,KC,TEN,0
2019,2020-01-19,SF,GB,0
2019,2020-01-19,TEN,KC,0
2019,2020-02-02,KC,SF,0
2019,2020-02-02,SF,KC,0
2020,2020-09-10,HOU,KC,0
2020,2020-09-10,KC,HOU,0
2020,2020-09-13,ARI,SF,0
2020,2020-09-13,ATL,SEA,0
2020,2020-09-13,BAL,CLE,0
2020,2020-09-13,BUF,NYJ,0
2020,2020-09-13,CAR,OAK,0
2020,2020-09-13,CHI,DET,0
2020,2020-09-13,CIN,SD,0
2020,2020-09-13,CLE,BAL,0
2020,2020-09-13,DAL,STL,0
2020,2020-09-13,DET,CHI,0
2020,2020-09-13,GB,MIN,0
2020,2020-09-13,IND,JAX,0
2020,2020-09-13,JAX,IND,0
2020,2020-09-13,MIA,NE,0
2020,2020-09-13,MIN,GB,0
2020,2020-09-13,NE,MIA,0
2020,2020-09-13,NO,TB,0
2020,2020-09-13,NYJ,BUF,0
2020,2020-09-13,OAK,CAR,0
2020,2020-09-13,PHI,WAS,0
2020,2020-09-13,SD,CIN,0
2020,2020-09-13,SEA,ATL,0
2020,2020-09-13,SF,ARI,0
2020,2020-09-13,STL,DAL,0
2020,2020-09-13,TB,NO,0
2020,2020-09-13,WAS,PHI,0
2020,2020-09-14,DEN,TEN,0
2020,2020-09-14,NYG,PIT,0
2020,2020-09-14,PIT,NYG,0
2020,2020-09-14,TEN,DEN,0
2020,2020-09-17,CIN,CLE,0
2020,2020-09-17,CLE,CIN,0
2020,2020-09-20,ARI,WAS,0
2020,2020-09-20,ATL,DAL,0
2020,2020-09-20,BAL,HOU,0
2020,2020-09-20,BUF,MIA,0
2020,2020-09-20,CAR,TB,0
2020,2020-09-20,CHI,NYG,0
2020,2020-09-20,DAL,ATL,0
2020,2020-09-20,DEN,PIT,0
2020,2020-09-20,DET,GB,0
2020,2020-09-20,GB,DET,0
2020,2020-09-20,HOU,BAL,0
2020,2020-09-20,IND,MIN,0
2020,2020-09-20,JAX,TEN,0
2020,2020-09-20,KC,SD,1
2020,2020-09-20,MIA,BUF,0
2020,2020-09-20,MIN,IND,0
2020,2020-09-20,NE,SEA,0
2020,2020-09-20,NYG,CHI,0
2020,2020-09-20,NYJ,SF,0
2020,2020-09-20,PHI,STL,0
2020,2020-09-20,PIT,DEN,0
2020,2020-09-20,SD,KC,1
2020,2020-09-20,SEA,NE,0
2020,2020-09-20,SF,NYJ,0
2020,2020-09-20,STL,PHI,0
2020,2020-09-20,TB,CAR,0
2020,2020-09-20,TEN,JAX,0
2020,2020-09-20,WAS,ARI,0
2020,2020-09-21,NO,OAK,0
2020,2020-09-21,OAK,NO,0
2020,2020-09-24,JAX,MIA,0
2020,2020-09-24,MIA,JAX,0
2020,2020-09-27,ARI,DET,0
2020,2020-09-27,ATL,CHI,0
2020,2020-09-27,BUF,STL,0
2020,2020-09-27,CAR,SD,0
2020,2020-09-27,CHI,ATL,0
2020,2020-09-27,CIN,PHI,1
2020,2020-09-27,CLE,WAS,0
2020,2020-09-27,DAL,SEA,0
2020,2020-09-27,DEN,TB,0
2020,2020-09-27,DET,ARI,0
2020,2020-09-27,GB,NO,0
2020,2020-09-27,HOU,PIT,0
2020,2020-09-27,IND,NYJ,0
2020,2020-09-27,MIN,TEN,0
2020,2020-09-27,NE,OAK,0
2020,2020-09-27,NO,GB,0
2020,2020-09-27,NYG,SF,0
2020,2020-09-27,NYJ,IND,0
2020,2020-09-27,OAK,NE,0
2020,2020-09-27,PHI,CIN,1
2020,2020-09-27,PIT,HOU,0
2020,2020-09-27,SD,CAR,0
2020,2020-09-27,SEA,DAL,0
2020,2020-09-27,SF,NYG,0
2020,2020-09-27,STL,BUF,0
2020,2020-09-27,TB,DEN,0
2020,2020-09-27,TEN,MIN,0
2020,2020-09-27,WAS,CLE,0
2020,2020-09-28,BAL,KC,0
2020,2020-09-28,KC,BAL,0
2020,2020-10-01,DEN,NYJ,0
2020,2020-10-01,NYJ,DEN,0
2020,2020-10-04,ARI,CAR,0
2020,2020-10-04,BAL,WAS,0
2020,2020-10-04,BUF,OAK,0
2020,2020-10-04,CAR,ARI,0
2020,2020-10-04,CHI,IND,0
2020,2020-10-04,CIN,JAX,0
2020,2020-10-04,CLE,DAL,0
2020,2020-10-04,DAL,CLE,0
2020,2020-10-04,DET,NO,0
2020,2020-10-04,HOU,MIN,0
2020,2020-10-04,IND,CHI,0
2020,2020-10-04,JAX,CIN,0
2020,2020-10-04,MIA,SEA,0
2020,2020-10-04,MIN,HOU,0
2020,2020-10-04,NO,DET,0
2020,2020-10-04,NYG,STL,0
2020,2020-10-04,OAK,BUF,0
2020,2020-10-04,PHI,SF,0
2020,2020-10-04,SD,TB,0
2020,2020-10-04,SEA,MIA,0
2020,2020-10-04,SF,PHI,0
2020,2020-10-04,STL,NYG,0
2020,2020-10-04,TB,SD,0
2020,2020-10-04,WAS,BAL,0
2020,2020-10-05,ATL,GB,0
2020,2020-10-05,GB,ATL,0
2020,2020-10-05,KC,NE,0
2020,2020-10-05,NE,KC,0
2020,2020-10-08,CHI,TB,0
2020,2020-10-08,TB,CHI,0
2020,2020-10-11,ARI,NYJ,0
2020,2020-10-11,ATL,CAR,0
2020,2020-10-11,BAL,CIN,0
2020,2020-10-11,CAR,ATL,0
2020,2020-10-11,CIN,BAL,0
2020,2020-10-11,CLE,IND,0
2020,2020-10-11,DAL,NYG,0
2020,2020-10-11,HOU,JAX,0
2020,2020-10-11,IND,CLE,0
2020,2020-10-11,JAX,HOU,0
2020,2020-10-11,KC,OAK,0
2020,2020-10-11,MIA,SF,0
2020,2020-10-11,MIN,SEA,0
2020,2020-10-11,NYG,DAL,0
2020,2020-10-11,NYJ,ARI,0
2020,2020-10-11,OAK,KC,0
2020,2020-10-11,PHI,PIT,0
2020,2020-10-11,PIT,PHI,0
2020,2020-10-11,SEA,MIN,0
2020,2020-10-11,SF,MIA,0
2020,2020-10-11,STL,WAS,0
2020,2020-10-11,WAS,STL,0
2020,2020-10-12,NO,SD,1
2020,2020-10-12,SD,NO,1
2020,2020-10-13,BUF,TEN,0
2020,2020-10-13,TEN,BUF,0
2020,2020-10-18,ATL,MIN,0
2020,2020-10-18,BAL,PHI,0
2020,2020-10-18,CAR,CHI,0
2020,2020-10-18,CHI,CAR,0
2020,2020-10-18,CIN,IND,0
2020,2020-10-18,CLE,PIT,0
2020,2020-10-18,DEN,NE,0
2020,2020-10-18,DET,JAX,0
2020,2020-10-18,GB,TB,0
2020,2020-10-18,HOU,TEN,1
2020,2020-10-18,IND,CIN,0
2020,2020-10-18,JAX,DET,0
2020,2020-10-18,MIA,NYJ,0
2020,2020-10-18,MIN,ATL,0
2020,2020-10-18,NE,DEN,0
2020,2020-10-18,NYG,WAS,0
2020,2020-10-18,NYJ,MIA,0
2020,2020-10-18,PHI,BAL,0
2020,2020-10-18,PIT,CLE,0
2020,2020-10-18,SF,STL,0
2020,2020-10-18,STL,SF,0
2020,2020-10-18,TB,GB,0
2020,2020-10-18,TEN,HOU,1
2020,2020-10-18,WAS,NYG,0
2020,2020-10-19,ARI,DAL,0
2020,2020-10-19,BUF,KC,0
2020,2020-10-19,DAL,ARI,0
2020,2020-10-19,KC,BUF,0
2020,2020-10-22,NYG,PHI,0
2020,2020-10-22,PHI,NYG,0
2020,2020-10-25,ARI,SEA,1
2020,2020-10-25,ATL,DET,0
2020,2020-10-25,BUF,NYJ,0
2020,2020-10-25,CAR,NO,0
2020,2020-10-25,CIN,CLE,0
2020,2020-10-25,CLE,CIN,0
2020,2020-10-25,DAL,WAS,0
2020,2020-10-25,DEN,KC,0
2020,2020-10-25,DET,ATL,0
2020,2020-10-25,GB,HOU,0
2020,2020-10-25,HOU,GB,0
2020,2020-10-25,JAX,SD,0
2020,2020-10-25,KC,DEN,0
2020,2020-10-25,NE,SF,0
2020,2020-10-25,NO,CAR,0
2020,2020-10-25,NYJ,BUF,0
2020,2020-10-25,OAK,TB,0
2020,2020-10-25,PIT,TEN,0
2020,2020-10-25,SD,JAX,0
2020,2020-10-25,SEA,ARI,1
2020,2020-10-25,SF,NE,0
2020,2020-10-25,TB,OAK,0
2020,2020-10-25,TEN,PIT,0
2020,2020-10-25,WAS,DAL,0
2020,2020-10-26,CHI,STL,0
2020,2020-10-26,STL,CHI,0
2020,2020-10-29,ATL,CAR,0
2020,2020-10-29,CAR,ATL,0
2020,2020-11-01,BAL,PIT,0
2020,2020-11-01,BUF,NE,0
2020,2020-11-01,CHI,NO,1
2020,2020-11-01,CIN,TEN,0
2020,2020-11-01,CLE,OAK,0
2020,2020-11-01,DAL,PHI,0
2020,2020-11-01,DEN,SD,0
2020,2020-11-01,DET,IND,0
2020,2020-11-01,GB,MIN,0
2020,2020-11-01,IND,DET,0
2020,2020-11-01,KC,NYJ,0
2020,2020-11-01,MIA,STL,0
2020,2020-11-01,MIN,GB,0
2020,2020-11-01,NE,BUF,0
2020,2020-11-01,NO,CHI,1
2020,2020-11-01,NYJ,KC,0
2020,2020-11-01,OAK,CLE,0
2020,2020-11-01,PHI,DAL,0
2020,2020-11-01,PIT,BAL,0
2020,2020-11-01,SD,DEN,0
2020,2020-11-01,SEA,SF,0
2020,2020-11-01,SF,SEA,0
2020,2020-11-01,STL,MIA,0
2020,2020-11-01,TEN,CIN,0
2020,2020-11-02,NYG,TB,0
2020,2020-11-02,TB,NYG,0
2020,2020-11-05,GB,SF,0
2020,2020-11-05,SF,GB,0
2020,2020-11-08,ARI,MIA,0
2020,2020-11-08,ATL,DEN,0
2020,2020-11-08,BAL,IND,0
2020,2020-11-08,BUF,SEA,0
2020,2020-11-08,CAR,KC,0
2020,2020-11-08,CHI,TEN,0
2020,2020-11-08,DAL,PIT,0
2020,2020-11-08,DEN,ATL,0
2020,2020-11-08,DET,MIN,0
2020,2020-11-08,HOU,JAX,0
2020,2020-11-08,IND,BAL,0
2020,2020-11-08,JAX,HOU,0
2020,2020-11-08,KC,CAR,0
2020,2020-11-08,MIA,ARI,0
2020,2020-11-08,MIN,DET,0
2020,2020-11-08,NO,TB,0
2020,2020-11-08,NYG,WAS,0
2020,2020-11-08,OAK,SD,0
2020,2020-11-08,PIT,DAL,0
2020,2020-11-08,SD,OAK,0
2020,2020-11-08,SEA,BUF,0
2020,2020-11-08,TB,NO,0
2020,2020-11-08,TEN,CHI,0
2020,2020-11-08,WAS,NYG,0
2020,2020-11-09,NE,NYJ,0
2020,2020-11-09,NYJ,NE,0
2020,2020-11-12,IND,TEN,0
2020,2020-11-12,TEN,IND,0
2020,2020-11-15,ARI,BUF,0
2020,2020-11-15,BAL,NE,0
2020,2020-11-15,BUF,ARI,0
2020,2020-11-15,CAR,TB,0
2020,2020-11-15,CIN,PIT,0
2020,2020-11-15,CLE,HOU,0
2020,2020-11-15,DEN,OAK,0
2020,2020-11-15,DET,WAS,0
2020,2020-11-15,GB,JAX,0
2020,2020-11-15,HOU,CLE,0
2020,2020-11-15,JAX,GB,0
2020,2020-11-15,MIA,SD,0
2020,2020-11-15,NE,BAL,0
2020,2020-11-15,NO,SF,0
2020,2020-11-15,NYG,PHI,0
2020,2020-11-15,OAK,DEN,0
2020,2020-11-15,PHI,NYG,0
2020,2020-11-15,PIT,CIN,0
2020,2020-11-15,SD,MIA,0
2020,2020-11-15,SEA,STL,0
2020,2020-11-15,SF,NO,0
2020,2020-11-15,STL,SEA,0
2020,2020-11-15,TB,CAR,0
2020,2020-11-15,WAS,DET,0
2020,2020-11-16,CHI,MIN,0
2020,2020-11-16,MIN,CHI,0
2020,2020-11-19,ARI,SEA,0
2020,2020-11-19,SEA,ARI,0
2020,2020-11-22,ATL,NO,0
2020,2020-11-22,BAL,TEN,1
2020,2020-11-22,CAR,DET,0
2020,2020-11-22,CIN,WAS,0
2020,2020-11-22,CLE,PHI,0
2020,2020-11-22,DAL,MIN,0
2020,2020-11-22,DEN,MIA,0
2020,2020-11-22,DET,CAR,0
2020,2020-11-22,GB,IND,1
2020,2020-11-22,HOU,NE,0
2020,2020-11-22,IND,GB,1
2020,2020-11-22,JAX,PIT,0
2020,2020-11-22,KC,OAK,0
2020,2020-11-22,MIA,DEN,0
2020,2020-11-22,MIN,DAL,0
2020,2020-11-22,NE,HOU,0
2020,2020-11-22,NO,ATL,0
2020,2020-11-22,NYJ,SD,0
2020,2020-11-22,OAK,KC,0
2020,2020-11-22,PHI,CLE,0
2020,2020-11-22,PIT,JAX,0
2020,2020-11-22,SD,NYJ,0
2020,2020-11-22,TEN,BAL,1
2020,2020-11-22,WAS,CIN,0
2020,2020-11-23,STL,TB,0
2020,2020-11-23,TB,STL,0
2020,2020-11-26,DAL,WAS,0
2020,2020-11-26,DET,HOU,0
2020,2020-11-26,HOU,DET,0
2020,2020-11-26,WAS,DAL,0
2020,2020-11-29,ARI,NE,0
2020,2020-11-29,ATL,OAK,0
2020,2020-11-29,BUF,SD,0
2020,2020-11-29,CAR,MIN,0
2020,2020-11-29,CHI,GB,0
2020,2020-11-29,CIN,NYG,0
2020,2020-11-29,CLE,JAX,0
2020,2020-11-29,DEN,NO,0
2020,2020-11-29,GB,CHI,0
2020,2020-11-29,IND,TEN,0
2020,2020-11-29,JAX,CLE,0
2020,2020-11-29,KC,TB,0
2020,2020-11-29,MIA,NYJ,0
2020,2020-11-29,MIN,CAR,0
2020,2020-11-29,NE,ARI,0
2020,2020-11-29,NO,DEN,0
2020,2020-11-29,NYG,CIN,0
2020,2020-11-29,NYJ,MIA,0
2020,2020-11-29,OAK,ATL,0
2020,2020-11-29,SD,BUF,0
2020,2020-11-29,SF,STL,0
2020,2020-11-29,STL,SF,0
2020,2020-11-29,TB,KC,0
2020,2020-11-29,TEN,IND,0
2020,2020-11-30,PHI,SEA,0
2020,2020-11-30,SEA,PHI,0
2020,2020-12-02,BAL,PIT,0
2020,2020-12-02,PIT,BAL,0
2020,2020-12-06,ARI,STL,0
2020,2020-12-06,ATL,NO,0
2020,2020-12-06,CHI,DET,0
2020,2020-12-06,CIN,MIA,0
2020,2020-12-06,CLE,TEN,0
2020,2020-12-06,DEN,KC,0
2020,2020-12-06,DET,CHI,0
2020,2020-12-06,GB,PHI,0
2020,2020-12-06,HOU,IND,0
2020,2020-12-06,IND,HOU,0
2020,2020-12-06,JAX,MIN,1
2020,2020-12-06,KC,DEN,0
2020,2020-12-06,MIA,CIN,0
2020,2020-12-06,MIN,JAX,1
2020,2020-12-06,NE,SD,0
2020,2020-12-06,NO,ATL,0
2020,2020-12-06,NYG,SEA,0
2020,2020-12-06,NYJ,OAK,0
2020,2020-12-06,OAK,NYJ,0
2020,2020-12-06,PHI,GB,0
2020,2020-12-06,SD,NE,0
2020,2020-12-06,SEA,NYG,0
2020,2020-12-06,STL,ARI,0
2020,2020-12-06,TEN,CLE,0
2020,2020-12-07,BUF,SF,0
2020,2020-12-07,PIT,WAS,0
2020,2020-12-07,SF,BUF,0
2020,2020-12-07,WAS,PIT,0
2020,2020-12-08,BAL,DAL,0
2020,2020-12-08,DAL,BAL,0
2020,2020-12-10,NE,STL,0
2020,2020-12-10,STL,NE,0
2020,2020-12-13,ARI,NYG,0
2020,2020-12-13,ATL,SD,0
2020,2020-12-13,BUF,PIT,0
2020,2020-12-13,CAR,DEN,0
2020,2020-12-13,CHI,HOU,0
2020,2020-12-13,CIN,DAL,0
2020,2020-12-13,DAL,CIN,0
2020,2020-12-13,DEN,CAR,0
2020,2020-12-13,DET,GB,0
2020,2020-12-13,GB,DET,0
2020,2020-12-13,HOU,CHI,0
2020,2020-12-13,IND,OAK,0
2020,2020-12-13,JAX,TEN,0
2020,2020-12-13,KC,MIA,0
2020,2020-12-13,MIA,KC,0
2020,2020-12-13,MIN,TB,0
2020,2020-12-13,NO,PHI,0
2020,2020-12-13,NYG,ARI,0
2020,2020-12-13,NYJ,SEA,0
2020,2020-12-13,OAK,IND,0
2020,2020-12-13,PHI,NO,0
2020,2020-12-13,PIT,BUF,0
2020,2020-12-13,SD,ATL,0
2020,2020-12-13,SEA,NYJ,0
2020,2020-12-13,SF,WAS,0
2020,2020-12-13,TB,MIN,0
2020,2020-12-13,TEN,JAX,0
2020,2020-12-13,WAS,SF,0
2020,2020-12-14,BAL,CLE,0
2020,2020-12-14,CLE,BAL,0
2020,2020-12-17,OAK,SD,1
2020,2020-12-17,SD,OAK,1
2020,2020-12-19,BUF,DEN,0
2020,2020-12-19,CAR,GB,0
2020,2020-12-19,DEN,BUF,0
2020,2020-12-19,GB,CAR,0
2020,2020-12-20,ARI,PHI,0
2020,2020-12-20,ATL,TB,0
2020,2020-12-20,BAL,JAX,0
2020,2020-12-20,CHI,MIN,0
2020,2020-12-20,CLE,NYG,0
2020,2020-12-20,DAL,SF,0
2020,2020-12-20,DET,TEN,0
2020,2020-12-20,HOU,IND,0
2020,2020-12-20,IND,HOU,0
2020,2020-12-20,JAX,BAL,0
2020,2020-12-20,KC,NO,0
2020,2020-12-20,MIA,NE,0
2020,2020-12-20,MIN,CHI,0
2020,2020-12-20,NE,MIA,0
2020,2020-12-20,NO,KC,0
2020,2020-12-20,NYG,CLE,0
2020,2020-12-20,NYJ,STL,0
2020,2020-12-20,PHI,ARI,0
2020,2020-12-20,SEA,WAS,0
2020,2020-12-20,SF,DAL,0
2020,2020-12-20,STL,NYJ,0
2020,2020-12-20,TB,ATL,0
2020,2020-12-20,TEN,DET,0
2020,2020-12-20,WAS,SEA,0
2020,2020-12-21,CIN,PIT,0
2020,2020-12-21,PIT,CIN,0
2020,2020-12-25,MIN,NO,0
2020,2020-12-25,NO,MIN,0
2020,2020-12-26,ARI,SF,0
2020,2020-12-26,DET,TB,0
2020,2020-12-26,MIA,OAK,0
2020,2020-12-26,OAK,MIA,0
2020,2020-12-26,SF,ARI,0
2020,2020-12-26,TB,DET,0
2020,2020-12-27,ATL,KC,0
2020,2020-12-27,BAL,NYG,0
2020,2020-12-27,CAR,WAS,0
2020,2020-12-27,CHI,JAX,0
2020,2020-12-27,CIN,HOU,0
2020,2020-12-27,CLE,NYJ,0
2020,2020-12-27,DAL,PHI,0
2020,2020-12-27,DEN,SD,0
2020,2020-12-27,GB,TEN,0
2020,2020-12-27,HOU,CIN,0
2020,2020-12-27,IND,PIT,0
2020,2020-12-27,JAX,CHI,0
2020,2020-12-27,KC,ATL,0
2020,2020-12-27,NYG,BAL,0
2020,2020-12-27,NYJ,CLE,0
2020,2020-12-27,PHI,DAL,0
2020,2020-12-27,PIT,IND,0
2020,2020-12-27,SD,DEN,0
2020,2020-12-27,SEA,STL,0
2020,2020-12-27,STL,SEA,0
2020,2020-12-27,TEN,GB,0
2020,2020-12-27,WAS,CAR,0
2020,2020-12-28,BUF,NE,0
2020,2020-12-28,NE,BUF,0
2020,2021-01-03,ARI,STL,0
2020,2021-01-03,ATL,TB,0
2020,2021-01-03,BAL,CIN,0
2020,2021-01-03,BUF,MIA,0
2020,2021-01-03,CAR,NO,0
2020,2021-01-03,CHI,GB,0
2020,2021-01-03,CIN,BAL,0
2020,2021-01-03,CLE,PIT,0
2020,2021-01-03,DAL,NYG,0
2020,2021-01-03,DEN,OAK,0
2020,2021-01-03,DET,MIN,0
2020,2021-01-03,GB,CHI,0
2020,2021-01-03,HOU,TEN,0
2020,2021-01-03,IND,JAX,0
2020,2021-01-03,JAX,IND,0
2020,2021-01-03,KC,SD,0
2020,2021-01-03,MIA,BUF,0
2020,2021-01-03,MIN,DET,0
2020,2021-01-03,NE,NYJ,0
2020,2021-01-03,NO,CAR,0
2020,2021-01-03,NYG,DAL,0
2020,2021-01-03,NYJ,NE,0
2020,2021-01-03,OAK,DEN,0
2020,2021-01-03,PHI,WAS,0
2020,2021-01-03,PIT,CLE,0
2020,2021-01-03,SD,KC,0
2020,2021-01-03,SEA,SF,0
2020,2021-01-03,SF,SEA,0
2020,2021-01-03,STL,ARI,0
2020,2021-01-03,TB,ATL,0
2020,2021-01-03,TEN,HOU,0
2020,2021-01-03,WAS,PHI,0
2020,2021-01-09,BUF,IND,0
2020,2021-01-09,IND,BUF,0
2020,2021-01-09,SEA,STL,0
2020,2021-01-09,STL,SEA,0
2020,2021-01-09,TB,WAS,0
2020,2021-01-09,WAS,TB,0
2020,2021-01-10,BAL,TEN,0
2020,2021-01-10,CHI,NO,0
2020,2021-01-10,CLE,PIT,0
2020,2021-01-10,NO,CHI,0
2020,2021-01-10,PIT,CLE,0
2020,2021-01-10,TEN,BAL,0
2020,2021-01-16,BAL,BUF,0
2020,2021-01-16,BUF,BAL,0
2020,2021-01-16,GB,STL,0
2020,2021-01-16,STL,GB,0
2020,2021-01-17,CLE,KC,0
2020,2021-01-17,KC,CLE,0
2020,2021-01-17,NO,TB,0
2020,2021-01-17,TB,NO,0
2020,2021-01-24,BUF,KC,0
2020,2021-01-24,GB,TB,0
2020,2021-01-24,KC,BUF,0
2020,2021-01-24,TB,GB,0
2020,2021-02-07,KC,TB,0
2020,2021-02-07,TB,KC,0
2021,2021-09-09,DAL,TB,0
2021,2021-09-09,TB,DAL,0
2021,2021-09-12,ARI,TEN,0
2021,2021-09-12,ATL,PHI,0
2021,2021-09-12,BUF,PIT,0
2021,2021-09-12,CAR,NYJ,0
2021,2021-09-12,CHI,STL,0
2021,2021-09-12,CIN,MIN,1
2021,2021-09-12,CLE,KC,0
2021,2021-09-12,DEN,NYG,0
2021,2021-09-12,DET,SF,0
2021,2021-09-12,GB,NO,0
2021,2021-09-12,HOU,JAX,0
2021,2021-09-12,IND,SEA,0
2021,2021-09-12,JAX,HOU,0
2021,2021-09-12,KC,CLE,0
2021,2021-09-12,MIA,NE,0
2021,2021-09-12,MIN,CIN,1
2021,2021-09-12,NE,MIA,0
2021,2021-09-12,NO,GB,0
2021,2021-09-12,NYG,DEN,0
2021,2021-09-12,NYJ,CAR,0
2021,2021-09-12,PHI,ATL,0
2021,2021-09-12,PIT,BUF,0
2021,2021-09-12,SD,WAS,0
2021,2021-09-12,SEA,IND,0
2021,2021-09-12,SF,DET,0
2021,2021-09-12,STL,CHI,0
2021,2021-09-12,TEN,ARI,0
2021,2021-09-12,WAS,SD,0
2021,2021-09-13,BAL,OAK,1
2021,2021-09-13,OAK,BAL,1
2021,2021-09-16,NYG,WAS,0
2021,2021-09-16,WAS,NYG,0
2021,2021-09-19,ARI,MIN,0
2021,2021-09-19,ATL,TB,0
2021,2021-09-19,BAL,KC,0
2021,2021-09-19,BUF,MIA,0
2021,2021-09-19,CAR,NO,0
2021,2021-09-19,CHI,CIN,0
2021,2021-09-19,CIN,CHI,0
2021,2021-09-19,CLE,HOU,0
2021,2021-09-19,DAL,SD,0
2021,2021-09-19,DEN,JAX,0
2021,2021-09-19,HOU,CLE,0
2021,2021-09-19,IND,STL,0
2021,2021-09-19,JAX,DEN,0
2021,2021-09-19,KC,BAL,0
2021,2021-09-19,MIA,BUF,0
2021,2021-09-19,MIN,ARI,0
2021,2021-09-19,NE,NYJ,0
2021,2021-09-19,NO,CAR,0
2021,2021-09-19,NYJ,NE,0
2021,2021-09-19,OAK,PIT,0
2021,2021-09-19,PHI,SF,0
2021,2021-09-19,PIT,OAK,0
2021,2021-09-19,SD,DAL,0
2021,2021-09-19,SEA,TEN,1
2021,2021-09-19,SF,PHI,0
2021,2021-09-19,STL,IND,0
2021,2021-09-19,TB,ATL,0
2021,2021-09-19,TEN,SEA,1
2021,2021-09-20,DET,GB,0
2021,2021-09-20,GB,DET,0
2021,2021-09-23,CAR,HOU,0
2021,2021-09-23,HOU,CAR,0
2021,2021-09-26,ARI,JAX,0
2021,2021-09-26,ATL,NYG,0
2021,2021-09-26,BAL,DET,0
2021,2021-09-26,BUF,WAS,0
2021,2021-09-26,CHI,CLE,0
2021,2021-09-26,CIN,PIT,0
2021,2021-09-26,CLE,CHI,0
2021,2021-09-26,DEN,NYJ,0
2021,2021-09-26,DET,BAL,0
2021,2021-09-26,GB,SF,0
2021,2021-09-26,IND,TEN,0
2021,2021-09-26,JAX,ARI,0
2021,2021-09-26,KC,SD,0
2021,2021-09-26,MIA,OAK,1
2021,2021-09-26,MIN,SEA,0
2021,2021-09-26,NE,NO,0
2021,2021-09-26,NO,NE,0
2021,2021-09-26,NYG,ATL,0
2021,2021-09-26,NYJ,DEN,0
2021,2021-09-26,OAK,MIA,1
2021,2021-09-26,PIT,CIN,0
2021,2021-09-26,SD,KC,0
2021,2021-09-26,SEA,MIN,0
2021,2021-09-26,SF,GB,0
2021,2021-09-26,STL,TB,0
2021,2021-09-26,TB,STL,0
2021,2021-09-26,TEN,IND,0
2021,2021-09-26,WAS,BUF,0
2021,2021-09-27,DAL,PHI,0
2021,2021-09-27,PHI,DAL,0
2021,2021-09-30,CIN,JAX,0
2021,2021-09-30,JAX,CIN,0
2021,2021-10-03,ARI,STL,0
2021,2021-10-03,ATL,WAS,0
2021,2021-10-03,BAL,DEN,0
2021,2021-10-03,BUF,HOU,0
2021,2021-10-03,CAR,DAL,0
2021,2021-10-03,CHI,DET,0
2021,2021-10-03,CLE,MIN,0
2021,2021-10-03,DAL,CAR,0
2021,2021-10-03,DEN,BAL,0
2021,2021-10-03,DET,CHI,0
2021,2021-10-03,GB,PIT,0
2021,2021-10-03,HOU,BUF,0
2021,2021-10-03,IND,MIA,0
2021,2021-10-03,KC,PHI,0
2021,2021-10-03,MIA,IND,0
2021,2021-10-03,MIN,CLE,0
2021,2021-10-03,NE,TB,0
2021,2021-10-03,NO,NYG,1
2021,2021-10-03,NYG,NO,1
2021,2021-10-03,NYJ,TEN,1
2021,2021-10-03,PHI,KC,0
2021,2021-10-03,PIT,GB,0
2021,2021-10-03,SEA,SF,0
2021,2021-10-03,SF,SEA,0
2021,2021-10-03,STL,ARI,0
2021,2021-10-03,TB,NE,0
2021,2021-10-03,TEN,NYJ,1
2021,2021-10-03,WAS,ATL,0
2021,2021-10-04,OAK,SD,0
2021,2021-10-04,SD,OAK,0
2021,2021-10-07,SEA,STL,0
2021,2021-10-07,STL,SEA,0
2021,2021-10-10,ARI,SF,0
2021,2021-10-10,ATL,NYJ,0
2021,2021-10-10,BUF,KC,0
2021,2021-10-10,CAR,PHI,0
2021,2021-10-10,CHI,OAK,0
2021,2021-10-10,CIN,GB,1
2021,2021-10-10,CLE,SD,0
2021,2021-10-10,DAL,NYG,0
2021,2021-10-10,DEN,PIT,0
2021,2021-10-10,DET,MIN,0
2021,2021-10-10,GB,CIN,1
2021,2021-10-10,HOU,NE,0
2021,2021-10-10,JAX,TEN,0
2021,2021-10-10,KC,BUF,0
2021,2021-10-10,MIA,TB,0
2021,2021-10-10,MIN,DET,0
2021,2021-10-10,NE,HOU,0
2021,2021-10-10,NO,WAS,0
2021,2021-10-10,NYG,DAL,0
2021,2021-10-10,NYJ,ATL,0
2021,2021-10-10,OAK,CHI,0
2021,2021-10-10,PHI,CAR,0
2021,2021-10-10,PIT,DEN,0
2021,2021-10-10,SD,CLE,0
2021,2021-10-10,SF,ARI,0
2021,2021-10-10,TB,MIA,0
2021,2021-10-10,TEN,JAX,0
2021,2021-10-10,WAS,NO,0
2021,2021-10-11,BAL,IND,1
2021,2021-10-11,IND,BAL,1
2021,2021-10-14,PHI,TB,0
2021,2021-10-14,TB,PHI,0
2021,2021-10-17,ARI,CLE,0
2021,2021-10-17,BAL,SD,0
2021,2021-10-17,CAR,MIN,1
2021,2021-10-17,CHI,GB,0
2021,2021-10-17,CIN,DET,0
2021,2021-10-17,CLE,ARI,0
2021,2021-10-17,DAL,NE,1
2021,2021-10-17,DEN,OAK,0
2021,2021-10-17,DET,CIN,0
2021,2021-10-17,GB,CHI,0
2021,2021-10-17,HOU,IND,0
2021,2021-10-17,IND,HOU,0
2021,2021-10-17,JAX,MIA,0
2021,2021-10-17,KC,WAS,0
2021,2021-10-17,MIA,JAX,0
2021,2021-10-17,MIN,CAR,1
2021,2021-10-17,NE,DAL,1
2021,2021-10-17,NYG,STL,0
2021,2021-10-17,OAK,DEN,0
2021,2021-10-17,PIT,SEA,1
2021,2021-10-17,SD,BAL,0
2021,2021-10-17,SEA,PIT,1
2021,2021-10-17,STL,NYG,0
2021,2021-10-17,WAS,KC,0
2021,2021-10-18,BUF,TEN,0
2021,2021-10-18,TEN,BUF,0
2021,2021-10-21,CLE,DEN,0
2021,2021-10-21,DEN,CLE,0
2021,2021-10-24,ARI,HOU,0
2021,2021-10-24,ATL,MIA,0
2021,2021-10-24,BAL,CIN,0
2021,2021-10-24,CAR,NYG,0
2021,2021-10-24,CHI,TB,0
2021,2021-10-24,CIN,BAL,0
2021,2021-10-24,DET,STL,0
2021,2021-10-24,GB,WAS,0
2021,2021-10-24,HOU,ARI,0
2021,2021-10-24,IND,SF,0
2021,2021-10-24,KC,TEN,0
2021,2021-10-24,MIA,ATL,0
2021,2021-10-24,NE,NYJ,0
2021,2021-10-24,NYG,CAR,0
2021,2021-10-24,NYJ,NE,0
2021,2021-10-24,OAK,PHI,0
2021,2021-10-24,PHI,OAK,0
2021,2021-10-24,SF,IND,0
2021,2021-10-24,STL,DET,0
2021,2021-10-24,TB,CHI,0
2021,2021-10-24,TEN,KC,0
2021,2021-10-24,WAS,GB,0
2021,2021-10-25,NO,SEA,0
2021,2021-10-25,SEA,NO,0
2021,2021-10-28,ARI,GB,0
2021,2021-10-28,GB,ARI,0
2021,2021-10-31,ATL,CAR,0
2021,2021-10-31,BUF,MIA,0
2021,2021-10-31,CAR,ATL,0
2021,2021-10-31,CHI,SF,0
2021,2021-10-31,CIN,NYJ,0
2021,2021-10-31,CLE,PIT,0
2021,2021-10-31,DAL,MIN,0
2021,2021-10-31,DEN,WAS,0
2021,2021-10-31,DET,PHI,0
2021,2021-10-31,HOU,STL,0
2021,2021-10-31,IND,TEN,1
2021,2021-10-31,JAX,SEA,0
2021,2021-10-31,MIA,BUF,0
2021,2021-10-31,MIN,DAL,0
2021,2021-10-31,NE,SD,0
2021,2021-10-31,NO,TB,0
2021,2021-10-31,NYJ,CIN,0
2021,2021-10-31,PHI,DET,0
2021,2021-10-31,PIT,CLE,0
2021,2021-10-31,SD,NE,0
2021,2021-10-31,SEA,JAX,0
2021,2021-10-31,SF,CHI,0
2021,2021-10-31,STL,HOU,0
2021,2021-10-31,TB,NO,0
2021,2021-10-31,TEN,IND,1
2021,2021-10-31,WAS,DEN,0
2021,2021-11-01,KC,NYG,0
2021,2021-11-01,NYG,KC,0
2021,2021-11-04,IND,NYJ,0
2021,2021-11-04,NYJ,IND,0
2021,2021-11-07,ARI,SF,0
2021,2021-11-07,ATL,NO,0
2021,2021-11-07,BAL,MIN,1
2021,2021-11-07,BUF,JAX,0
2021,2021-11-07,CAR,NE,0
2021,2021-11-07,CIN,CLE,0
2021,2021-11-07,CLE,CIN,0
2021,2021-11-07,DAL,DEN,0
2021,2021-11-07,DEN,DAL,0
2021,2021-11-07,GB,KC,0
2021,2021-11-07,HOU,MIA,0
2021,2021-11-07,JAX,BUF,0
2021,2021-11-07,KC,GB,0
2021,2021-11-07,MIA,HOU,0
2021,2021-11-07,MIN,BAL,1
2021,2021-11-07,NE,CAR,0
2021,2021-11-07,NO,ATL,0
2021,2021-11-07,NYG,OAK,0
2021,2021-11-07,OAK,NYG,0
2021,2021-11-07,PHI,SD,0
2021,2021-11-07,SD,PHI,0
2021,2021-11-07,SF,ARI,0
2021,2021-11-07,STL,TEN,0
2021,2021-11-07,TEN,STL,0
2021,2021-11-08,CHI,PIT,0
2021,2021-11-08,PIT,CHI,0
2021,2021-11-11,BAL,MIA,0
2021,2021-11-11,MIA,BAL,0
2021,2021-11-14,ARI,CAR,0
2021,2021-11-14,ATL,DAL,0
2021,2021-11-14,BUF,NYJ,0
2021,2021-11-14,CAR,ARI,0
2021,2021-11-14,CLE,NE,0
2021,2021-11-14,DAL,ATL,0
2021,2021-11-14,DEN,PHI,0
2021,2021-11-14,DET,PIT,1
2021,2021-11-14,GB,SEA,0
2021,2021-11-14,IND,JAX,0
2021,2021-11-14,JAX,IND,0
2021,2021-11-14,KC,OAK,0
2021,2021-11-14,MIN,SD,0
2021,2021-11-14,NE,CLE,0
2021,2021-11-14,NO,TEN,0
2021,2021-11-14,NYJ,BUF,0
2021,2021-11-14,OAK,KC,0
2021,2021-11-14,PHI,DEN,0
2021,2021-11-14,PIT,DET,1
2021,2021-11-14,SD,MIN,0
2021,2021-11-14,SEA,GB,0
2021,2021-11-14,TB,WAS,0
2021,2021-11-14,TEN,NO,0
2021,2021-11-14,WAS,TB,0
2021,2021-11-15,SF,STL,0
2021,2021-11-15,STL,SF,0
2021,2021-11-18,ATL,NE,0
2021,2021-11-18,NE,ATL,0
2021,2021-11-21,ARI,SEA,0
2021,2021-11-21,BAL,CHI,0
2021,2021-11-21,BUF,IND,0
2021,2021-11-21,CAR,WAS,0
2021,2021-11-21,CHI,BAL,0
2021,2021-11-21,CIN,OAK,0
2021,2021-11-21,CLE,DET,0
2021,2021-11-21,DAL,KC,0
2021,2021-11-21,DET,CLE,0
2021,2021-11-21,GB,MIN,0
2021,2021-11-21,HOU,TEN,0
2021,2021-11-21,IND,BUF,0
2021,2021-11-21,JAX,SF,0
2021,2021-11-21,KC,DAL,0
2021,2021-11-21,MIA,NYJ,0
2021,2021-11-21,MIN,GB,0
2021,2021-11-21,NO,PHI,0
2021,2021-11-21,NYJ,MIA,0
2021,2021-11-21,OAK,CIN,0
2021,2021-11-21,PHI,NO,0
2021,2021-11-21,PIT,SD,0
2021,2021-11-21,SD,PIT,0
2021,2021-11-21,SEA,ARI,0
2021,2021-11-21,SF,JAX,0
2021,2021-11-21,TEN,HOU,0
2021,2021-11-21,WAS,CAR,0
2021,2021-11-22,NYG,TB,0
2021,2021-11-22,TB,NYG,0
2021,2021-11-25,BUF,NO,0
2021,2021-11-25,CHI,DET,0
2021,2021-11-25,DAL,OAK,0
2021,2021-11-25,DET,CHI,0
2021,2021-11-25,NO,BUF,0
2021,2021-11-25,OAK,DAL,0
2021,2021-11-28,ATL,JAX,0
2021,2021-11-28,BAL,CLE,0
2021,2021-11-28,CAR,MIA,0
2021,2021-11-28,CIN,PIT,0
2021,2021-11-28,CLE,BAL,0
2021,2021-11-28,DEN,SD,0
2021,2021-11-28,GB,STL,0
2021,2021-11-28,HOU,NYJ,0
2021,2021-11-28,IND,TB,0
2021,2021-11-28,JAX,ATL,0
2021,2021-11-28,MIA,CAR,0
2021,2021-11-28,MIN,SF,0
2021,2021-11-28,NE,TEN,0
2021,2021-11-28,NYG,PHI,0
2021,2021-11-28,NYJ,HOU,0
2021,2021-11-28,PHI,NYG,0
2021,2021-11-28,PIT,CIN,0
2021,2021-11-28,SD,DEN,0
2021,2021-11-28,SF,MIN,0
2021,2021-11-28,STL,GB,0
2021,2021-11-28,TB,IND,0
2021,2021-11-28,TEN,NE,0
2021,2021-11-29,SEA,WAS,0
2021,2021-11-29,WAS,SEA,0
2021,2021-12-02,DAL,NO,0
2021,2021-12-02,NO,DAL,0
2021,2021-12-05,ARI,CHI,0
2021,2021-12-05,ATL,TB,0
2021,2021-12-05,BAL,PIT,0
2021,2021-12-05,CHI,ARI,0
2021,2021-12-05,CIN,SD,0
2021,2021-12-05,DEN,KC,0
2021,2021-12-05,DET,MIN,0
2021,2021-12-05,HOU,IND,0
2021,2021-12-05,IND,HOU,0
2021,2021-12-05,JAX,STL,0
2021,2021-12-05,KC,DEN,0
2021,2021-12-05,MIA,NYG,0
2021,2021-12-05,MIN,DET,0
2021,2021-12-05,NYG,MIA,0
2021,2021-12-05,NYJ,PHI,0
2021,2021-12-05,OAK,WAS,0
2021,2021-12-05,PHI,NYJ,0
2021,2021-12-05,PIT,BAL,0
2021,2021-12-05,SD,CIN,0
2021,2021-12-05,SEA,SF,0
2021,2021-12-05,SF,SEA,0
2021,2021-12-05,STL,JAX,0
2021,2021-12-05,TB,ATL,0
2021,2021-12-05,WAS,OAK,0
2021,2021-12-06,BUF,NE,0
2021,2021-12-06,NE,BUF,0
2021,2021-12-09,MIN,PIT,0
2021,2021-12-09,PIT,MIN,0
2021,2021-12-12,ATL,CAR,0
2021,2021-12-12,BAL,CLE,0
2021,2021-12-12,BUF,TB,1
2021,2021-12-12,CAR,ATL,0
2021,2021-12-12,CHI,GB,0
2021,2021-12-12,CIN,SF,1
2021,2021-12-12,CLE,BAL,0
2021,2021-12-12,DAL,WAS,0
2021,2021-12-12,DEN,DET,0
2021,2021-12-12,DET,DEN,0
2021,2021-12-12,GB,CHI,0
2021,2021-12-12,HOU,SEA,0
2021,2021-12-12,JAX,TEN,0
2021,2021-12-12,KC,OAK,0
2021,2021-12-12,NO,NYJ,0
2021,2021-12-12,NYG,SD,0
2021,2021-12-12,NYJ,NO,0
2021,2021-12-12,OAK,KC,0
2021,2021-12-12,SD,NYG,0
2021,2021-12-12,SEA,HOU,0
2021,2021-12-12,SF,CIN,1
2021,2021-12-12,TB,BUF,1
2021,2021-12-12,TEN,JAX,0
2021,2021-12-12,WAS,DAL,0
2021,2021-12-13,ARI,STL,0
2021,2021-12-13,STL,ARI,0
2021,2021-12-16,KC,SD,1
2021,2021-12-16,SD,KC,1
2021,2021-12-18,IND,NE,0
2021,2021-12-18,NE,IND,0
2021,2021-12-19,ARI,DET,0
2021,2021-12-19,ATL,SF,0
2021,2021-12-19,BAL,GB,0
2021,2021-12-19,BUF,CAR,0
2021,2021-12-19,CAR,BUF,0
2021,2021-12-19,CIN,DEN,0
2021,2021-12-19,DAL,NYG,0
2021,2021-12-19,DEN,CIN,0
2021,2021-12-19,DET,ARI,0
2021,2021-12-19,GB,BAL,0
2021,2021-12-19,HOU,JAX,0
2021,2021-12-19,JAX,HOU,0
2021,2021-12-19,MIA,NYJ,0
2021,2021-12-19,NO,TB,0
2021,2021-12-19,NYG,DAL,0
2021,2021-12-19,NYJ,MIA,0
2021,2021-12-19,PIT,TEN,0
2021,2021-12-19,SF,ATL,0
2021,2021-12-19,TB,NO,0
2021,2021-12-19,TEN,PIT,0
2021,2021-12-20,CHI,MIN,0
2021,2021-12-20,CLE,OAK,0
2021,2021-12-20,MIN,CHI,0
2021,2021-12-20,OAK,CLE,0
2021,2021-12-21,PHI,WAS,0
2021,2021-12-21,SEA,STL,0
2021,2021-12-21,STL,SEA,0
2021,2021-12-21,WAS,PHI,0
2021,2021-12-23,SF,TEN,0
2021,2021-12-23,TEN,SF,0
2021,2021-12-25,ARI,IND,0
2021,2021-12-25,CLE,GB,0
2021,2021-12-25,GB,CLE,0
2021,2021-12-25,IND,ARI,0
2021,2021-12-26,ATL,DET,0
2021,2021-12-26,BAL,CIN,0
2021,2021-12-26,BUF,NE,0
2021,2021-12-26,CAR,TB,0
2021,2021-12-26,CHI,SEA,0
2021,2021-12-26,CIN,BAL,0
2021,2021-12-26,DAL,WAS,0
2021,2021-12-26,DEN,OAK,0
2021,2021-12-26,DET,ATL,0
2021,2021-12-26,HOU,SD,0
2021,2021-12-26,JAX,NYJ,0
2021,2021-12-26,KC,PIT,0
2021,2021-12-26,MIN,STL,0
2021,2021-12-26,NE,BUF,0
2021,2021-12-26,NYG,PHI,0
2021,2021-12-26,NYJ,JAX,0
2021,2021-12-26,OAK,DEN,0
2021,2021-12-26,PHI,NYG,0
2021,2021-12-26,PIT,KC,0
2021,2021-12-26,SD,HOU,0
2021,2021-12-26,SEA,CHI,0
2021,2021-12-26,STL,MIN,0
2021,2021-12-26,TB,CAR,0
2021,2021-12-26,WAS,DAL,0
2021,2021-12-27,MIA,NO,0
2021,2021-12-27,NO,MIA,0
2021,2022-01-02,ARI,DAL,0
2021,2022-01-02,ATL,BUF,0
2021,2022-01-02,BAL,STL,0
2021,2022-01-02,BUF,ATL,0
2021,2022-01-02,CAR,NO,0
2021,2022-01-02,CHI,NYG,0
2021,2022-01-02,CIN,KC,0
2021,2022-01-02,DAL,ARI,0
2021,2022-01-02,DEN,SD,0
2021,2022-01-02,DET,SEA,0
2021,2022-01-02,GB,MIN,0
2021,2022-01-02,HOU,SF,0
2021,2022-01-02,IND,OAK,0
2021,2022-01-02,JAX,NE,0
2021,2022-01-02,KC,CIN,0
2021,2022-01-02,MIA,TEN,0
2021,2022-01-02,MIN,GB,0
2021,2022-01-02,NE,JAX,0
2021,2022-01-02,NO,CAR,0
2021,2022-01-02,NYG,CHI,0
2021,2022-01-02,NYJ,TB,0
2021,2022-01-02,OAK,IND,0
2021,2022-01-02,PHI,WAS,0
2021,2022-01-02,SD,DEN,0
2021,2022-01-02,SEA,DET,0
2021,2022-01-02,SF,HOU,0
2021,2022-01-02,STL,BAL,0
2021,2022-01-02,TB,NYJ,0
2021,2022-01-02,TEN,MIA,0
2021,2022-01-02,WAS,PHI,0
2021,2022-01-03,CLE,PIT,0
2021,2022-01-03,PIT,CLE,0
2021,2022-01-08,DAL,PHI,0
2021,2022-01-08,DEN,KC,0
2021,2022-01-08,KC,DEN,0
2021,2022-01-08,PHI,DAL,0
2021,2022-01-09,ARI,SEA,0
2021,2022-01-09,ATL,NO,0
2021,2022-01-09,BAL,PIT,1
2021,2022-01-09,BUF,NYJ,0
2021,2022-01-09,CAR,TB,0
2021,2022-01-09,CHI,MIN,0
2021,2022-01-09,CIN,CLE,0
2021,2022-01-09,CLE,CIN,0
2021,2022-01-09,DET,GB,0
2021,2022-01-09,GB,DET,0
2021,2022-01-09,HOU,TEN,0
2021,2022-01-09,IND,JAX,0
2021,2022-01-09,JAX,IND,0
2021,2022-01-09,MIA,NE,0
2021,2022-01-09,MIN,CHI,0
2021,2022-01-09,NE,MIA,0
2021,2022-01-09,NO,ATL,0
2021,2022-01-09,NYG,WAS,0
2021,2022-01-09,NYJ,BUF,0
2021,2022-01-09,OAK,SD,1
2021,2022-01-09,PIT,BAL,1
2021,2022-01-09,SD,OAK,1
2021,2022-01-09,SEA,ARI,0
2021,2022-01-09,SF,STL,1
2021,2022-01-09,STL,SF,1
2021,2022-01-09,TB,CAR,0
2021,2022-01-09,TEN,HOU,0
2021,2022-01-09,WAS,NYG,0
2021,2022-01-15,BUF,NE,0
2021,2022-01-15,CIN,OAK,0
2021,2022-01-15,NE,BUF,0
2021,2022-01-15,OAK,CIN,0
2021,2022-01-16,DAL,SF,0
2021,2022-01-16,KC,PIT,0
2021,2022-01-16,PHI,TB,0
2021,2022-01-16,PIT,KC,0
2021,2022-01-16,SF,DAL,0
2021,2022-01-16,TB,PHI,0
2021,2022-01-17,ARI,STL,0
2021,2022-01-17,STL,ARI,0
2021,2022-01-22,CIN,TEN,0
2021,2022-01-22,GB,SF,0
2021,2022-01-22,SF,GB,0
2021,2022-01-22,TEN,CIN,0
2021,2022-01-23,BUF,KC,1
2021,2022-01-23,KC,BUF,1
2021,2022-01-23,STL,TB,0
2021,2022-01-23,TB,STL,0
2021,2022-01-30,CIN,KC,1
2021,2022-01-30,KC,CIN,1
2021,2022-01-30,SF,STL,0
2021,2022-01-30,STL,SF,0
2021,2022-02-13,CIN,STL,0
2021,2022-02-13,STL,CIN,0
2022,2022-09-08,BUF,STL,0
2022,2022-09-08,STL,BUF,0
2022,2022-09-11,ARI,KC,0
2022,2022-09-11,ATL,NO,0
2022,2022-09-11,BAL,NYJ,0
2022,2022-09-11,CAR,CLE,0
2022,2022-09-11,CHI,SF,0
2022,2022-09-11,CIN,PIT,1
2022,2022-09-11,CLE,CAR,0
2022,2022-09-11,DAL,TB,0
2022,2022-09-11,DET,PHI,0
2022,2022-09-11,GB,MIN,0
2022,2022-09-11,HOU,IND,1
2022,2022-09-11,IND,HOU,1
2022,2022-09-11,JAX,WAS,0
2022,2022-09-11,KC,ARI,0
2022,2022-09-11,MIA,NE,0
2022,2022-09-11,MIN,GB,0
2022,2022-09-11,NE,MIA,0
2022,2022-09-11,NO,ATL,0
2022,2022-09-11,NYG,TEN,0
2022,2022-09-11,NYJ,BAL,0
2022,2022-09-11,OAK,SD,0
2022,2022-09-11,PHI,DET,0
2022,2022-09-11,PIT,CIN,1
2022,2022-09-11,SD,OAK,0
2022,2022-09-11,SF,CHI,0
2022,2022-09-11,TB,DAL,0
2022,2022-09-11,TEN,NYG,0
2022,2022-09-11,WAS,JAX,0
2022,2022-09-12,DEN,SEA,0
2022,2022-09-12,SEA,DEN,0
2022,2022-09-15,KC,SD,0
2022,2022-09-15,SD,KC,0
2022,2022-09-18,ARI,OAK,1
2022,2022-09-18,ATL,STL,0
2022,2022-09-18,BAL,MIA,0
2022,2022-09-18,CAR,NYG,0
2022,2022-09-18,CHI,GB,0
2022,2022-09-18,CIN,DAL,0
2022,2022-09-18,CLE,NYJ,0
2022,2022-09-18,DAL,CIN,0
2022,2022-09-18,DEN,HOU,0
2022,2022-09-18,DET,WAS,0
2022,2022-09-18,GB,CHI,0
2022,2022-09-18,HOU,DEN,0
2022,2022-09-18,IND,JAX,0
2022,2022-09-18,JAX,IND,0
2022,2022-09-18,MIA,BAL,0
2022,2022-09-18,NE,PIT,0
2022,2022-09-18,NO,TB,0
2022,2022-09-18,NYG,CAR,0
2022,2022-09-18,NYJ,CLE,0
2022,2022-09-18,OAK,ARI,1
2022,2022-09-18,PIT,NE,0
2022,2022-09-18,SEA,SF,0
2022,2022-09-18,SF,SEA,0
2022,2022-09-18,STL,ATL,0
2022,2022-09-18,TB,NO,0
2022,2022-09-18,WAS,DET,0
2022,2022-09-19,BUF,TEN,0
2022,2022-09-19,MIN,PHI,0
2022,2022-09-19,PHI,MIN,0
2022,2022-09-19,TEN,BUF,0
2022,2022-09-22,CLE,PIT,0
2022,2022-09-22,PIT,CLE,0
2022,2022-09-25,ARI,STL,0
2022,2022-09-25,ATL,SEA,0
2022,2022-09-25,BAL,NE,0
2022,2022-09-25,BUF,MIA,0
2022,2022-09-25,CAR,NO,0
2022,2022-09-25,CHI,HOU,0
2022,2022-09-25,CIN,NYJ,0
2022,2022-09-25,DEN,SF,0
2022,2022-09-25,DET,MIN,0
2022,2022-09-25,GB,TB,0
2022,2022-09-25,HOU,CHI,0
2022,2022-09-25,IND,KC,0
2022,2022-09-25,JAX,SD,0
2022,2022-09-25,KC,IND,0
2022,2022-09-25,MIA,BUF,0
2022,2022-09-25,MIN,DET,0
2022,2022-09-25,NE,BAL,0
2022,2022-09-25,NO,CAR,0
2022,2022-09-25,NYJ,CIN,0
2022,2022-09-25,OAK,TEN,0
2022,2022-09-25,PHI,WAS,0
2022,2022-09-25,SD,JAX,0
2022,2022-09-25,SEA,ATL,0
2022,2022-09-25,SF,DEN,0
2022,2022-09-25,STL,ARI,0
2022,2022-09-25,TB,GB,0
2022,2022-09-25,TEN,OAK,0
2022,2022-09-25,WAS,PHI,0
2022,2022-09-26,DAL,NYG,0
2022,2022-09-26,NYG,DAL,0
2022,2022-09-29,CIN,MIA,0
2022,2022-09-29,MIA,CIN,0
2022,2022-10-02,ARI,CAR,0
2022,2022-10-02,ATL,CLE,0
2022,2022-10-02,BAL,BUF,0
2022,2022-10-02,BUF,BAL,0
2022,2022-10-02,CAR,ARI,0
2022,2022-10-02,CHI,NYG,0
2022,2022-10-02,CLE,ATL,0
2022,2022-10-02,DAL,WAS,0
2022,2022-10-02,DEN,OAK,0
2022,2022-10-02,DET,SEA,0
2022,2022-10-02,GB,NE,1
2022,2022-10-02,HOU,SD,0
2022,2022-10-02,IND,TEN,0
2022,2022-10-02,JAX,PHI,0
2022,2022-10-02,KC,TB,0
2022,2022-10-02,MIN,NO,0
2022,2022-10-02,NE,GB,1
2022,2022-10-02,NO,MIN,0
2022,2022-10-02,NYG,CHI,0
2022,2022-10-02,NYJ,PIT,0
2022,2022-10-02,OAK,DEN,0
2022,2022-10-02,PHI,JAX,0
2022,2022-10-02,PIT,NYJ,0
2022,2022-10-02,SD,HOU,0
2022,2022-10-02,SEA,DET,0
2022,2022-10-02,TB,KC,0
2022,2022-10-02,TEN,IND,0
2022,2022-10-02,WAS,DAL,0
2022,2022-10-03,SF,STL,0
2022,2022-10-03,STL,SF,0
2022,2022-10-06,DEN,IND,1
2022,2022-10-06,IND,DEN,1
2022,2022-10-09,ARI,PHI,0
2022,2022-10-09,ATL,TB,0
2022,2022-10-09,BAL,CIN,0
2022,2022-10-09,BUF,PIT,0
2022,2022-10-09,CAR,SF,0
2022,2022-10-09,CHI,MIN,0
2022,2022-10-09,CIN,BAL,0
2022,2022-10-09,CLE,SD,0
2022,2022-10-09,DAL,STL,0
2022,2022-10-09,DET,NE,0
2022,2022-10-09,GB,NYG,0
2022,2022-10-09,HOU,JAX,0
2022,2022-10-09,JAX,HOU,0
2022,2022-10-09,MIA,NYJ,0
2022,2022-10-09,MIN,CHI,0
2022,2022-10-09,NE,DET,0
2022,2022-10-09,NO,SEA,0
2022,2022-10-09,NYG,GB,0
2022,2022-10-09,NYJ,MIA,0
2022,2022-10-09,PHI,ARI,0
2022,2022-10-09,PIT,BUF,0
2022,2022-10-09,SD,CLE,0
2022,2022-10-09,SEA,NO,0
2022,2022-10-09,SF,CAR,0
2022,2022-10-09,STL,DAL,0
2022,2022-10-09,TB,ATL,0
2022,2022-10-09,TEN,WAS,0
2022,2022-10-09,WAS,TEN,0
2022,2022-10-10,KC,OAK,0
2022,2022-10-10,OAK,KC,0
2022,2022-10-13,CHI,WAS,0
2022,2022-10-13,WAS,CHI,0
2022,2022-10-16,ARI,SEA,0
2022,2022-10-16,ATL,SF,0
2022,2022-10-16,BAL,NYG,0
2022,2022-10-16,BUF,KC,0
2022,2022-10-16,CAR,STL,0
2022,2022-10-16,CIN,NO,0
2022,2022-10-16,CLE,NE,0
2022,2022-10-16,DAL,PHI,0
2022,2022-10-16,GB,NYJ,0
2022,2022-10-16,IND,JAX,0
2022,2022-10-16,JAX,IND,0
2022,2022-10-16,KC,BUF,0
2022,2022-10-16,MIA,MIN,0
2022,2022-10-16,MIN,MIA,0
2022,2022-10-16,NE,CLE,0
2022,2022-10-16,NO,CIN,0
2022,2022-10-16,NYG,BAL,0
2022,2022-10-16,NYJ,GB,0
2022,2022-10-16,PHI,DAL,0
2022,2022-10-16,PIT,TB,0
2022,2022-10-16,SEA,ARI,0
2022,2022-10-16,SF,ATL,0
2022,2022-10-16,STL,CAR,0
2022,2022-10-16,TB,PIT,0
2022,2022-10-17,DEN,SD,1
2022,2022-10-17,SD,DEN,1
2022,2022-10-20,ARI,NO,0
2022,2022-10-20,NO,ARI,0
2022,2022-10-23,ATL,CIN,0
2022,2022-10-23,BAL,CLE,0
2022,2022-10-23,CAR,TB,0
2022,2022-10-23,CIN,ATL,0
2022,2022-10-23,CLE,BAL,0
2022,2022-10-23,DAL,DET,0
2022,2022-10-23,DEN,NYJ,0
2022,2022-10-23,DET,DAL,0
2022,2022-10-23,GB,WAS,0
2022,2022-10-23,HOU,OAK,0
2022,2022-10-23,IND,TEN,0
2022,2022-10-23,JAX,NYG,0
2022,2022-10-23,KC,SF,0
2022,2022-10-23,MIA,PIT,0
2022,2022-10-23,NYG,JAX,0
2022,2022-10-23,NYJ,DEN,0
2022,2022-10-23,OAK,HOU,0
2022,2022-10-23,PIT,MIA,0
2022,2022-10-23,SD,SEA,0
2022,2022-10-23,SEA,SD,0
2022,2022-10-23,SF,KC,0
2022,2022-10-23,TB,CAR,0
2022,2022-10-23,TEN,IND,0
2022,2022-10-23,WAS,GB,0
2022,2022-10-24,CHI,NE,0
2022,2022-10-24,NE,CHI,0
2022,2022-10-27,BAL,TB,0
2022,2022-10-27,TB,BAL,0
2022,2022-10-30,ARI,MIN,0
2022,2022-10-30,ATL,CAR,1
2022,2022-10-30,BUF,GB,0
2022,2022-10-30,CAR,ATL,1
2022,2022-10-30,CHI,DAL,0
2022,2022-10-30,DAL,CHI,0
2022,2022-10-30,DEN,JAX,0
2022,2022-10-30,DET,MIA,0
2022,2022-10-30,GB,BUF,0
2022,2022-10-30,HOU,TEN,0
2022,2022-10-30,IND,WAS,0
2022,2022-10-30,JAX,DEN,0
2022,2022-10-30,MIA,DET,0
2022,2022-10-30,MIN,ARI,0
2022,2022-10-30,NE,NYJ,0
2022,2022-10-30,NO,OAK,0
2022,2022-10-30,NYG,SEA,0
2022,2022-10-30,NYJ,NE,0
2022,2022-10-30,OAK,NO,0
2022,2022-10-30,PHI,PIT,0
2022,2022-10-30,PIT,PHI,0
2022,2022-10-30,SEA,NYG,0
2022,2022-10-30,SF,STL,0
2022,2022-10-30,STL,SF,0
2022,2022-10-30,TEN,HOU,0
2022,2022-10-30,WAS,IND,0
2022,2022-10-31,CIN,CLE,0
2022,2022-10-31,CLE,CIN,0
2022,2022-11-03,HOU,PHI,0
2022,2022-11-03,PHI,HOU,0
2022,2022-11-06,ARI,SEA,0
2022,2022-11-06,ATL,SD,0
2022,2022-11-06,BUF,NYJ,0
2022,2022-11-06,CAR,CIN,0
2022,2022-11-06,CHI,MIA,0
2022,2022-11-06,CIN,CAR,0
2022,2022-11-06,DET,GB,0
2022,2022-11-06,GB,DET,0
2022,2022-11-06,IND,NE,0
2022,2022-11-06,JAX,OAK,0
2022,2022-11-06,KC,TEN,1
2022,2022-11-06,MIA,CHI,0
2022,2022-11-06,MIN,WAS,0
2022,2022-11-06,NE,IND,0
2022,2022-11-06,NYJ,BUF,0
2022,2022-11-06,OAK,JAX,0
2022,2022-11-06,SD,ATL,0
2022,2022-11-06,SEA,ARI,0
2022,2022-11-06,STL,TB,0
2022,2022-11-06,TB,STL,0
2022,2022-11-06,TEN,KC,1
2022,2022-11-06,WAS,MIN,0
2022,2022-11-07,BAL,NO,0
2022,2022-11-07,NO,BAL,0
2022,2022-11-10,ATL,CAR,0
2022,2022-11-10,CAR,ATL,0
2022,2022-11-13,ARI,STL,0
2022,2022-11-13,BUF,MIN,1
2022,2022-11-13,CHI,DET,0
2022,2022-11-13,CLE,MIA,0
2022,2022-11-13,DAL,GB,1
2022,2022-11-13,DEN,TEN,0
2022,2022-11-13,DET,CHI,0
2022,2022-11-13,GB,DAL,1
2022,2022-11-13,HOU,NYG,0
2022,2022-11-13,IND,OAK,0
2022,2022-11-13,JAX,KC,0
2022,2022-11-13,KC,JAX,0
2022,2022-11-13,MIA,CLE,0
2022,2022-11-13,MIN,BUF,1
2022,2022-11-13,NO,PIT,0
2022,2022-11-13,NYG,HOU,0
2022,2022-11-13,OAK,IND,0
2022,2022-11-13,PIT,NO,0
2022,2022-11-13,SD,SF,0
2022,2022-11-13,SEA,TB,0
2022,2022-11-13,SF,SD,0
2022,2022-11-13,STL,ARI,0
2022,2022-11-13,TB,SEA,0
2022,2022-11-13,TEN,DEN,0
2022,2022-11-14,PHI,WAS,0
2022,2022-11-14,WAS,PHI,0
2022,2022-11-17,GB,TEN,0
2022,2022-11-17,TEN,GB,0
2022,2022-11-20,ATL,CHI,0
2022,2022-11-20,BAL,CAR,0
2022,2022-11-20,BUF,CLE,0
2022,2022-11-20,CAR,BAL,0
2022,2022-11-20,CHI,ATL,0
2022,2022-11-20,CIN,PIT,0
2022,2022-11-20,CLE,BUF,0
2022,2022-11-20,DAL,MIN,0
2022,2022-11-20,DEN,OAK,1
2022,2022-11-20,DET,NYG,0
2022,2022-11-20,HOU,WAS,0
2022,2022-11-20,IND,PHI,0
2022,2022-11-20,KC,SD,0
2022,2022-11-20,MIN,DAL,0
2022,2022-11-20,NE,NYJ,0
2022,2022-11-20,NO,STL,0
2022,2022-11-20,NYG,DET,0
2022,2022-11-20,NYJ,NE,0
2022,2022-11-20,OAK,DEN,1
2022,2022-11-20,PHI,IND,0
2022,2022-11-20,PIT,CIN,0
2022,2022-11-20,SD,KC,0
2022,2022-11-20,STL,NO,0
2022,2022-11-20,WAS,HOU,0
2022,2022-11-21,ARI,SF,0
2022,2022-11-21,SF,ARI,0
2022,2022-11-24,BUF,DET,0
2022,2022-11-24,DAL,NYG,0
2022,2022-11-24,DET,BUF,0
2022,2022-11-24,MIN,NE,0
2022,2022-11-24,NE,MIN,0
2022,2022-11-24,NYG,DAL,0
2022,2022-11-27,ARI,SD,0
2022,2022-11-27,ATL,WAS,0
2022,2022-11-27,BAL,JAX,0
2022,2022-11-27,CAR,DEN,0
2022,2022-11-27,CHI,NYJ,0
2022,2022-11-27,CIN,TEN,0
2022,2022-11-27,CLE,TB,1
2022,2022-11-27,DEN,CAR,0
2022,2022-11-27,GB,PHI,0
2022,2022-11-27,HOU,MIA,0
2022,2022-11-27,JAX,BAL,0
2022,2022-11-27,KC,STL,0
2022,2022-11-27,MIA,HOU,0
2022,2022-11-27,NO,SF,0
2022,2022-11-27,NYJ,CHI,0
2022,2022-11-27,OAK,SEA,1
2022,2022-11-27,PHI,GB,0
2022,2022-11-27,SD,ARI,0
2022,2022-11-27,SEA,OAK,1
2022,2022-11-27,SF,NO,0
2022,2022-11-27,STL,KC,0
2022,2022-11-27,TB,CLE,1
2022,2022-11-27,TEN,CIN,0
2022,2022-11-27,WAS,ATL,0
2022,2022-11-28,IND,PIT,0
2022,2022-11-28,PIT,IND,0
2022,2022-12-01,BUF,NE,0
2022,2022-12-01,NE,BUF,0
2022,2022-12-04,ATL,PIT,0
2022,2022-12-04,BAL,DEN,0
2022,2022-12-04,CHI,GB,0
2022,2022-12-04,CIN,KC,0
2022,2022-12-04,CLE,HOU,0
2022,2022-12-04,DAL,IND,0
2022,2022-12-04,DEN,BAL,0
2022,2022-12-04,DET,JAX,0
2022,2022-12-04,GB,CHI,0
2022,2022-12-04,HOU,CLE,0
2022,2022-12-04,IND,DAL,0
2022,2022-12-04,JAX,DET,0
2022,2022-12-04,KC,CIN,0
2022,2022-12-04,MIA,SF,0
2022,2022-12-04,MIN,NYJ,0
2022,2022-12-04,NYG,WAS,1
2022,2022-12-04,NYJ,MIN,0
2022,2022-12-04,OAK,SD,0
2022,2022-12-04,PHI,TEN,0
2022,2022-12-04,PIT,ATL,0
2022,2022-12-04,SD,OAK,0
2022,2022-12-04,SEA,STL,0
2022,2022-12-04,SF,MIA,0
2022,2022-12-04,STL,SEA,0
2022,2022-12-04,TEN,PHI,0
2022,2022-12-04,WAS,NYG,1
2022,2022-12-05,NO,TB,0
2022,2022-12-05,TB,NO,0
2022,2022-12-08,OAK,STL,0
2022,2022-12-08,STL,OAK,0
2022,2022-12-11,BAL,PIT,0
2022,2022-12-11,BUF,NYJ,0
2022,2022-12-11,CAR,SEA,0
2022,2022-12-11,CIN,CLE,0
2022,2022-12-11,CLE,CIN,0
2022,2022-12-11,DAL,HOU,0
2022,2022-12-11,DEN,KC,0
2022,2022-12-11,DET,MIN,0
2022,2022-12-11,HOU,DAL,0
2022,2022-12-11,JAX,TEN,0
2022,2022-12-11,KC,DEN,0
2022,2022-12-11,MIA,SD,0
2022,2022-12-11,MIN,DET,0
2022,2022-12-11,NYG,PHI,0
2022,2022-12-11,NYJ,BUF,0
2022,2022-12-11,PHI,NYG,0
2022,2022-12-11,PIT,BAL,0
2022,2022-12-11,SD,MIA,0
2022,2022-12-11,SEA,CAR,0
2022,2022-12-11,SF,TB,0
2022,2022-12-11,TB,SF,0
2022,2022-12-11,TEN,JAX,0
2022,2022-12-12,ARI,NE,0
2022,2022-12-12,NE,ARI,0
2022,2022-12-15,SEA,SF,0
2022,2022-12-15,SF,SEA,0
2022,2022-12-17,BAL,CLE,0
2022,2022-12-17,BUF,MIA,0
2022,2022-12-17,CLE,BAL,0
2022,2022-12-17,IND,MIN,1
2022,2022-12-17,MIA,BUF,0
2022,2022-12-17,MIN,IND,1
2022,2022-12-18,ARI,DEN,0
2022,2022-12-18,ATL,NO,0
2022,2022-12-18,CAR,PIT,0
2022,2022-12-18,CHI,PHI,0
2022,2022-12-18,CIN,TB,0
2022,2022-12-18,DAL,JAX,1
2022,2022-12-18,DEN,ARI,0
2022,2022-12-18,DET,NYJ,0
2022,2022-12-18,HOU,KC,1
2022,2022-12-18,JAX,DAL,1
2022,2022-12-18,KC,HOU,1
2022,2022-12-18,NE,OAK,0
2022,2022-12-18,NO,ATL,0
2022,2022-12-18,NYG,WAS,0
2022,2022-12-18,NYJ,DET,0
2022,2022-12-18,OAK,NE,0
2022,2022-12-18,PHI,CHI,0
2022,2022-12-18,PIT,CAR,0
2022,2022-12-18,SD,TEN,0
2022,2022-12-18,TB,CIN,0
2022,2022-12-18,TEN,SD,0
2022,2022-12-18,WAS,NYG,0
2022,2022-12-19,GB,STL,0
2022,2022-12-19,STL,GB,0
2022,2022-12-22,JAX,NYJ,0
2022,2022-12-22,NYJ,JAX,0
2022,2022-12-24,ATL,BAL,0
2022,2022-12-24,BAL,ATL,0
2022,2022-12-24,BUF,CHI,0
2022,2022-12-24,CAR,DET,0
2022,2022-12-24,CHI,BUF,0
2022,2022-12-24,CIN,NE,0
2022,2022-12-24,CLE,NO,0
2022,2022-12-24,DAL,PHI,0
2022,2022-12-24,DET,CAR,0
2022,2022-12-24,HOU,TEN,0
2022,2022-12-24,KC,SEA,0
2022,2022-12-24,MIN,NYG,0
2022,2022-12-24,NE,CIN,0
2022,2022-12-24,NO,CLE,0
2022,2022-12-24,NYG,MIN,0
2022,2022-12-24,OAK,PIT,0
2022,2022-12-24,PHI,DAL,0
2022,2022-12-24,PIT,OAK,0
2022,2022-12-24,SEA,KC,0
2022,2022-12-24,SF,WAS,0
2022,2022-12-24,TEN,HOU,0
2022,2022-12-24,WAS,SF,0
2022,2022-12-25,ARI,TB,1
2022,2022-12-25,DEN,STL,0
2022,2022-12-25,GB,MIA,0
2022,2022-12-25,MIA,GB,0
2022,2022-12-25,STL,DEN,0
2022,2022-12-25,TB,ARI,1
2022,2022-12-26,IND,SD,0
2022,2022-12-26,SD,IND,0
2022,2022-12-29,DAL,TEN,0
2022,2022-12-29,TEN,DAL,0
2022,2023-01-01,ARI,ATL,0
2022,2023-01-01,ATL,ARI,0
2022,2023-01-01,BAL,PIT,0
2022,2023-01-01,CAR,TB,0
2022,2023-01-01,CHI,DET,0
2022,2023-01-01,CLE,WAS,0
2022,2023-01-01,DEN,KC,0
2022,2023-01-01,DET,CHI,0
2022,2023-01-01,GB,MIN,0
2022,2023-01-01,HOU,JAX,0
2022,2023-01-01,IND,NYG,0
2022,2023-01-01,JAX,HOU,0
2022,2023-01-01,KC,DEN,0
2022,2023-01-01,MIA,NE,0
2022,2023-01-01,MIN,GB,0
2022,2023-01-01,NE,MIA,0
2022,2023-01-01,NO,PHI,0
2022,2023-01-01,NYG,IND,0
2022,2023-01-01,NYJ,SEA,0
2022,2023-01-01,OAK,SF,1
2022,2023-01-01,PHI,NO,0
2022,2023-01-01,PIT,BAL,0
2022,2023-01-01,SD,STL,0
2022,2023-01-01,SEA,NYJ,0
2022,2023-01-01,SF,OAK,1
2022,2023-01-01,STL,SD,0
2022,2023-01-01,TB,CAR,0
2022,2023-01-01,WAS,CLE,0
2022,2023-01-07,JAX,TEN,0
2022,2023-01-07,KC,OAK,0
2022,2023-01-07,OAK,KC,0
2022,2023-01-07,TEN,JAX,0
2022,2023-01-08,ARI,SF,0
2022,2023-01-08,ATL,TB,0
2022,2023-01-08,BAL,CIN,0
2022,2023-01-08,BUF,NE,0
2022,2023-01-08,CAR,NO,0
2022,2023-01-08,CHI,MIN,0
2022,2023-01-08,CIN,BAL,0
2022,2023-01-08,CLE,PIT,0
2022,2023-01-08,DAL,WAS,0
2022,2023-01-08,DEN,SD,0
2022,2023-01-08,DET,GB,0
2022,2023-01-08,GB,DET,0
2022,2023-01-08,HOU,IND,0
2022,2023-01-08,IND,HOU,0
2022,2023-01-08,MIA,NYJ,0
2022,2023-01-08,MIN,CHI,0
2022,2023-01-08,NE,BUF,0
2022,2023-01-08,NO,CAR,0
2022,2023-01-08,NYG,PHI,0
2022,2023-01-08,NYJ,MIA,0
2022,2023-01-08,PHI,NYG,0
2022,2023-01-08,PIT,CLE,0
2022,2023-01-08,SD,DEN,0
2022,2023-01-08,SEA,STL,1
2022,2023-01-08,SF,ARI,0
2022,2023-01-08,STL,SEA,1
2022,2023-01-08,TB,ATL,0
2022,2023-01-08,WAS,DAL,0
2022,2023-01-14,JAX,SD,0
2022,2023-01-14,SD,JAX,0
2022,2023-01-14,SEA,SF,0
2022,2023-01-14,SF,SEA,0
2022,2023-01-15,BAL,CIN,0
2022,2023-01-15,BUF,MIA,0
2022,2023-01-15,CIN,BAL,0
2022,2023-01-15,MIA,BUF,0
2022,2023-01-15,MIN,NYG,0
2022,2023-01-15,NYG,MIN,0
2022,2023-01-16,DAL,TB,0
2022,2023-01-16,TB,DAL,0
2022,2023-01-21,JAX,KC,0
2022,2023-01-21,KC,JAX,0
2022,2023-01-21,NYG,PHI,0
2022,2023-01-21,PHI,NYG,0
2022,2023-01-22,BUF,CIN,0
2022,2023-01-22,CIN,BUF,0
2022,2023-01-22,DAL,SF,0
2022,2023-01-22,SF,DAL,0
2022,2023-01-29,CIN,KC,0
2022,2023-01-29,KC,CIN,0
2022,2023-01-29,PHI,SF,0
2022,2023-01-29,SF,PHI,0
2022,2023-02-12,KC,PHI,0
2022,2023-02-12,PHI,KC,0
2023,2023-09-07,DET,KC,0
2023,2023-09-07,KC,DET,0
2023,2023-09-10,ARI,WAS,0
2023,2023-09-10,ATL,CAR,0
2023,2023-09-10,BAL,HOU,0
2023,2023-09-10,CAR,ATL,0
2023,2023-09-10,CHI,GB,0
2023,2023-09-10,CIN,CLE,0
2023,2023-09-10,CLE,CIN,0
2023,2023-09-10,DAL,NYG,0
2023,2023-09-10,DEN,OAK,0
2023,2023-09-10,GB,CHI,0
2023,2023-09-10,HOU,BAL,0
2023,2023-09-10,IND,JAX,0
2023,2023-09-10,JAX,IND,0
2023,2023-09-10,MIA,SD,0
2023,2023-09-10,MIN,TB,0
2023,2023-09-10,NE,PHI,0
2023,2023-09-10,NO,TEN,0
2023,2023-09-10,NYG,DAL,0
2023,2023-09-10,OAK,DEN,0
2023,2023-09-10,PHI,NE,0
2023,2023-09-10,PIT,SF,0
2023,2023-09-10,SD,MIA,0
2023,2023-09-10,SEA,STL,0
2023,2023-09-10,SF,PIT,0
2023,2023-09-10,STL,SEA,0
2023,2023-09-10,TB,MIN,0
2023,2023-09-10,TEN,NO,0
2023,2023-09-10,WAS,ARI,0
2023,2023-09-11,BUF,NYJ,1
2023,2023-09-11,NYJ,BUF,1
2023,2023-09-14,MIN,PHI,0
2023,2023-09-14,PHI,MIN,0
2023,2023-09-17,ARI,NYG,0
2023,2023-09-17,ATL,GB,0
2023,2023-09-17,BAL,CIN,0
2023,2023-09-17,BUF,OAK,0
2023,2023-09-17,CHI,TB,0
2023,2023-09-17,CIN,BAL,0
2023,2023-09-17,DAL,NYJ,0
2023,2023-09-17,DEN,WAS,0
2023,2023-09-17,DET,SEA,1
2023,2023-09-17,GB,ATL,0
2023,2023-09-17,HOU,IND,0
2023,2023-09-17,IND,HOU,0
2023,2023-09-17,JAX,KC,0
2023,2023-09-17,KC,JAX,0
2023,2023-09-17,MIA,NE,0
2023,2023-09-17,NE,MIA,0
2023,2023-09-17,NYG,ARI,0
2023,2023-09-17,NYJ,DAL,0
2023,2023-09-17,OAK,BUF,0
2023,2023-09-17,SD,TEN,1
2023,2023-09-17,SEA,DET,1
2023,2023-09-17,SF,STL,0
2023,2023-09-17,STL,SF,0
2023,2023-09-17,TB,CHI,0
2023,2023-09-17,TEN,SD,1
2023,2023-09-17,WAS,DEN,0
2023,2023-09-18,CAR,NO,0
2023,2023-09-18,CLE,PIT,0
2023,2023-09-18,NO,CAR,0
2023,2023-09-18,PIT,CLE,0
2023,2023-09-21,NYG,SF,0
2023,2023-09-21,SF,NYG,0
2023,2023-09-24,ARI,DAL,0
2023,2023-09-24,ATL,DET,0
2023,2023-09-24,BAL,IND,1
2023,2023-09-24,BUF,WAS,0
2023,2023-09-24,CAR,SEA,0
2023,2023-09-24,CHI,KC,0
2023,2023-09-24,CLE,TEN,0
2023,2023-09-24,DAL,ARI,0
2023,2023-09-24,DEN,MIA,0
2023,2023-09-24,DET,ATL,0
2023,2023-09-24,GB,NO,0
2023,2023-09-24,HOU,JAX,0
2023,2023-09-24,IND,BAL,1
2023,2023-09-24,JAX,HOU,0
2023,2023-09-24,KC,CHI,0
2023,2023-09-24,MIA,DEN,0
2023,2023-09-24,MIN,SD,0
2023,2023-09-24,NE,NYJ,0
2023,2023-09-24,NO,GB,0
2023,2023-09-24,NYJ,NE,0
2023,2023-09-24,OAK,PIT,0
2023,2023-09-24,PIT,OAK,0
2023,2023-09-24,SD,MIN,0
2023,2023-09-24,SEA,CAR,0
2023,2023-09-24,TEN,CLE,0
2023,2023-09-24,WAS,BUF,0
2023,2023-09-25,CIN,STL,0
2023,2023-09-25,PHI,TB,0
2023,2023-09-25,STL,CIN,0
2023,2023-09-25,TB,PHI,0
2023,2023-09-28,DET,GB,0
2023,2023-09-28,GB,DET,0
2023,2023-10-01,ARI,SF,0
2023,2023-10-01,ATL,JAX,0
2023,2023-10-01,BAL,CLE,0
2023,2023-10-01,BUF,MIA,0
2023,2023-10-01,CAR,MIN,0
2023,2023-10-01,CHI,DEN,0
2023,2023-10-01,CIN,TEN,0
2023,2023-10-01,CLE,BAL,0
2023,2023-10-01,DAL,NE,0
2023,2023-10-01,DEN,CHI,0
2023,2023-10-01,HOU,PIT,0
2023,2023-10-01,IND,STL,1
2023,2023-10-01,JAX,ATL,0
2023,2023-10-01,KC,NYJ,0
2023,2023-10-01,MIA,BUF,0
2023,2023-10-01,MIN,CAR,0
2023,2023-10-01,NE,DAL,0
2023,2023-10-01,NO,TB,0
2023,2023-10-01,NYJ,KC,0
2023,2023-10-01,OAK,SD,0
2023,2023-10-01,PHI,WAS,1
2023,2023-10-01,PIT,HOU,0
2023,2023-10-01,SD,OAK,0
2023,2023-10-01,SF,ARI,0
2023,2023-10-01,STL,IND,1
2023,2023-10-01,TB,NO,0
2023,2023-10-01,TEN,CIN,0
2023,2023-10-01,WAS,PHI,1
2023,2023-10-02,NYG,SEA,0
2023,2023-10-02,SEA,NYG,0
2023,2023-10-05,CHI,WAS,0
2023,2023-10-05,WAS,CHI,0
2023,2023-10-08,ARI,CIN,0
2023,2023-10-08,ATL,HOU,0
2023,2023-10-08,BAL,PIT,0
2023,2023-10-08,BUF,JAX,0
2023,2023-10-08,CAR,DET,0
2023,2023-10-08,CIN,ARI,0
2023,2023-10-08,DAL,SF,0
2023,2023-10-08,DEN,NYJ,0
2023,2023-10-08,DET,CAR,0
2023,2023-10-08,HOU,ATL,0
2023,2023-10-08,IND,TEN,0
2023,2023-10-08,JAX,BUF,0
2023,2023-10-08,KC,MIN,0
2023,2023-10-08,MIA,NYG,0
2023,2023-10-08,MIN,KC,0
2023,2023-10-08,NE,NO,0
2023,2023-10-08,NO,NE,0
2023,2023-10-08,NYG,MIA,0
2023,2023-10-08,NYJ,DEN,0
2023,2023-10-08,PHI,STL,0
2023,2023-10-08,PIT,BAL,0
2023,2023-10-08,SF,DAL,0
2023,2023-10-08,STL,PHI,0
2023,2023-10-08,TEN,IND,0
2023,2023-10-09,GB,OAK,0
2023,2023-10-09,OAK,GB,0
2023,2023-10-12,DEN,KC,0
2023,2023-10-12,KC,DEN,0
2023,2023-10-15,ARI,STL,0
2023,2023-10-15,ATL,WAS,0
2023,2023-10-15,BAL,TEN,0
2023,2023-10-15,BUF,NYG,0
2023,2023-10-15,CAR,MIA,0
2023,2023-10-15,CHI,MIN,0
2023,2023-10-15,CIN,SEA,0
2023,2023-10-15,CLE,SF,0
2023,2023-10-15,DET,TB,0
2023,2023-10-15,HOU,NO,0
2023,2023-10-15,IND,JAX,0
2023,2023-10-15,JAX,IND,0
2023,2023-10-15,MIA,CAR,0
2023,2023-10-15,MIN,CHI,0
2023,2023-10-15,NE,OAK,0
2023,2023-10-15,NO,HOU,0
2023,2023-10-15,NYG,BUF,0
2023,2023-10-15,NYJ,PHI,0
2023,2023-10-15,OAK,NE,0
2023,2023-10-15,PHI,NYJ,0
2023,2023-10-15,SEA,CIN,0
2023,2023-10-15,SF,CLE,0
2023,2023-10-15,STL,ARI,0
2023,2023-10-15,TB,DET,0
2023,2023-10-15,TEN,BAL,0
2023,2023-10-15,WAS,ATL,0
2023,2023-10-16,DAL,SD,0
2023,2023-10-16,SD,DAL,0
2023,2023-10-19,JAX,NO,0
2023,2023-10-19,NO,JAX,0
2023,2023-10-22,ARI,SEA,0
2023,2023-10-22,ATL,TB,0
2023,2023-10-22,BAL,DET,0
2023,2023-10-22,BUF,NE,0
2023,2023-10-22,CHI,OAK,0
2023,2023-10-22,CLE,IND,0
2023,2023-10-22,DEN,GB,0
2023,2023-10-22,DET,BAL,0
2023,2023-10-22,GB,DEN,0
2023,2023-10-22,IND,CLE,0
2023,2023-10-22,KC,SD,0
2023,2023-10-22,MIA,PHI,0
2023,2023-10-22,NE,BUF,0
2023,2023-10-22,NYG,WAS,0
2023,2023-10-22,OAK,CHI,0
2023,2023-10-22,PHI,MIA,0
2023,2023-10-22,PIT,STL,0
2023,2023-10-22,SD,KC,0
2023,2023-10-22,SEA,ARI,0
2023,2023-10-22,STL,PIT,0
2023,2023-10-22,TB,ATL,0
2023,2023-10-22,WAS,NYG,0
2023,2023-10-23,MIN,SF,0
2023,2023-10-23,SF,MIN,0
2023,2023-10-26,BUF,TB,0
2023,2023-10-26,TB,BUF,0
2023,2023-10-29,ARI,BAL,0
2023,2023-10-29,ATL,TEN,0
2023,2023-10-29,BAL,ARI,0
2023,2023-10-29,CAR,HOU,0
2023,2023-10-29,CHI,SD,0
2023,2023-10-29,CIN,SF,0
2023,2023-10-29,CLE,SEA,0
2023,2023-10-29,DAL,STL,0
2023,2023-10-29,DEN,KC,0
2023,2023-10-29,GB,MIN,0
2023,2023-10-29,HOU,CAR,0
2023,2023-10-29,IND,NO,0
2023,2023-10-29,JAX,PIT,0
2023,2023-10-29,KC,DEN,0
2023,2023-10-29,MIA,NE,0
2023,2023-10-29,MIN,GB,0
2023,2023-10-29,NE,MIA,0
2023,2023-10-29,NO,IND,0
2023,2023-10-29,NYG,NYJ,1
2023,2023-10-29,NYJ,NYG,1
2023,2023-10-29,PHI,WAS,0
2023,2023-10-29,PIT,JAX,0
2023,2023-10-29,SD,CHI,0
2023,2023-10-29,SEA,CLE,0
2023,2023-10-29,SF,CIN,0
2023,2023-10-29,STL,DAL,0
2023,2023-10-29,TEN,ATL,0
2023,2023-10-29,WAS,PHI,0
2023,2023-10-30,DET,OAK,0
2023,2023-10-30,OAK,DET,0
2023,2023-11-02,PIT,TEN,0
2023,2023-11-02,TEN,PIT,0
2023,2023-11-05,ARI,CLE,0
2023,2023-11-05,ATL,MIN,0
2023,2023-11-05,BAL,SEA,0
2023,2023-11-05,BUF,CIN,0
2023,2023-11-05,CAR,IND,0
2023,2023-11-05,CHI,NO,0
2023,2023-11-05,CIN,BUF,0
2023,2023-11-05,CLE,ARI,0
2023,2023-11-05,DAL,PHI,0
2023,2023-11-05,GB,STL,0
2023,2023-11-05,HOU,TB,0
2023,2023-11-05,IND,CAR,0
2023,2023-11-05,KC,MIA,0
2023,2023-11-05,MIA,KC,0
2023,2023-11-05,MIN,ATL,0
2023,2023-11-05,NE,WAS,0
2023,2023-11-05,NO,CHI,0
2023,2023-11-05,NYG,OAK,0
2023,2023-11-05,OAK,NYG,0
2023,2023-11-05,PHI,DAL,0
2023,2023-11-05,SEA,BAL,0
2023,2023-11-05,STL,GB,0
2023,2023-11-05,TB,HOU,0
2023,2023-11-05,WAS,NE,0
2023,2023-11-06,NYJ,SD,0
2023,2023-11-06,SD,NYJ,0
2023,2023-11-09,CAR,CHI,0
2023,2023-11-09,CHI,CAR,0
2023,2023-11-12,ARI,ATL,0
2023,2023-11-12,ATL,ARI,0
2023,2023-11-12,BAL,CLE,0
2023,2023-11-12,CIN,HOU,0
2023,2023-11-12,CLE,BAL,0
2023,2023-11-12,DAL,NYG,0
2023,2023-11-12,DET,SD,0
2023,2023-11-12,GB,PIT,0
2023,2023-11-12,HOU,CIN,0
2023,2023-11-12,IND,NE,0
2023,2023-11-12,JAX,SF,0
2023,2023-11-12,MIN,NO,0
2023,2023-11-12,NE,IND,0
2023,2023-11-12,NO,MIN,0
2023,2023-11-12,NYG,DAL,0
2023,2023-11-12,NYJ,OAK,0
2023,2023-11-12,OAK,NYJ,0
2023,2023-11-12,PIT,GB,0
2023,2023-11-12,SD,DET,0
2023,2023-11-12,SEA,WAS,0
2023,2023-11-12,SF,JAX,0
2023,2023-11-12,TB,TEN,0
2023,2023-11-12,TEN,TB,0
2023,2023-11-12,WAS,SEA,0
2023,2023-11-13,BUF,DEN,0
2023,2023-11-13,DEN,BUF,0
2023,2023-11-16,BAL,CIN,0
2023,2023-11-16,CIN,BAL,0
2023,2023-11-19,ARI,HOU,0
2023,2023-11-19,BUF,NYJ,0
2023,2023-11-19,CAR,DAL,0
2023,2023-11-19,CHI,DET,0
2023,2023-11-19,CLE,PIT,0
2023,2023-11-19,DAL,CAR,0
2023,2023-11-19,DEN,MIN,0
2023,2023-11-19,DET,CHI,0
2023,2023-11-19,GB,SD,0
2023,2023-11-19,HOU,ARI,0
2023,2023-11-19,JAX,TEN,0
2023,2023-11-19,MIA,OAK,0
2023,2023-11-19,MIN,DEN,0
2023,2023-11-19,NYG,WAS,0
2023,2023-11-19,NYJ,BUF,0
2023,2023-11-19,OAK,MIA,0
2023,2023-11-19,PIT,CLE,0
2023,2023-11-19,SD,GB,0
2023,2023-11-19,SEA,STL,0
2023,2023-11-19,SF,TB,0
2023,2023-11-19,STL,SEA,0
2023,2023-11-19,TB,SF,0
2023,2023-11-19,TEN,JAX,0
2023,2023-11-19,WAS,NYG,0
2023,2023-11-20,KC,PHI,0
2023,2023-11-20,PHI,KC,0
2023,2023-11-23,DAL,WAS,0
2023,2023-11-23,DET,GB,0
2023,2023-11-23,GB,DET,0
2023,2023-11-23,SEA,SF,0
2023,2023-11-23,SF,SEA,0
2023,2023-11-23,WAS,DAL,0
2023,2023-11-24,MIA,NYJ,0
2023,2023-11-24,NYJ,MIA,0
2023,2023-11-26,ARI,STL,0
2023,2023-11-26,ATL,NO,0
2023,2023-11-26,BAL,SD,0
2023,2023-11-26,BUF,PHI,1
2023,2023-11-26,CAR,TEN,0
2023,2023-11-26,CIN,PIT,0
2023,2023-11-26,CLE,DEN,0
2023,2023-11-26,DEN,CLE,0
2023,2023-11-26,HOU,JAX,0
2023,2023-11-26,IND,TB,0
2023,2023-11-26,JAX,HOU,0
2023,2023-11-26,KC,OAK,0
2023,2023-11-26,NE,NYG,0
2023,2023-11-26,NO,ATL,0
2023,2023-11-26,NYG,NE,0
2023,2023-11-26,OAK,KC,0
2023,2023-11-26,PHI,BUF,1
2023,2023-11-26,PIT,CIN,0
2023,2023-11-26,SD,BAL,0
2023,2023-11-26,STL,ARI,0
2023,2023-11-26,TB,IND,0
2023,2023-11-26,TEN,CAR,0
2023,2023-11-27,CHI,MIN,0
2023,2023-11-27,MIN,CHI,0
2023,2023-11-30,DAL,SEA,0
2023,2023-11-30,SEA,DAL,0
2023,2023-12-03,ARI,PIT,0
2023,2023-12-03,ATL,NYJ,0
2023,2023-12-03,CAR,TB,0
2023,2023-12-03,CLE,STL,0
2023,2023-12-03,DEN,HOU,0
2023,2023-12-03,DET,NO,0
2023,2023-12-03,GB,KC,0
2023,2023-12-03,HOU,DEN,0
2023,2023-12-03,IND,TEN,1
2023,2023-12-03,KC,GB,0
2023,2023-12-03,MIA,WAS,0
2023,2023-12-03,NE,SD,0
2023,2023-12-03,NO,DET,0
2023,2023-12-03,NYJ,ATL,0
2023,2023-12-03,PHI,SF,0
2023,2023-12-03,PIT,ARI,0
2023,2023-12-03,SD,NE,0
2023,2023-12-03,SF,PHI,0
2023,2023-12-03,STL,CLE,0
2023,2023-12-03,TB,CAR,0
2023,2023-12-03,TEN,IND,1
2023,2023-12-03,WAS,MIA,0
2023,2023-12-04,CIN,JAX,1
2023,2023-12-04,JAX,CIN,1
2023,2023-12-07,NE,PIT,0
2023,2023-12-07,PIT,NE,0
2023,2023-12-10,ATL,TB,0
2023,2023-12-10,BAL,STL,1
2023,2023-12-10,BUF,KC,0
2023,2023-12-10,CAR,NO,0
2023,2023-12-10,CHI,DET,0
2023,2023-12-10,CIN,IND,0
2023,2023-12-10,CLE,JAX,0
2023,2023-12-10,DAL,PHI,0
2023,2023-12-10,DEN,SD,0
2023,2023-12-10,DET,CHI,0
2023,2023-12-10,HOU,NYJ,0
2023,2023-12-10,IND,CIN,0
2023,2023-12-10,JAX,CLE,0
2023,2023-12-10,KC,BUF,0
2023,2023-12-10,MIN,OAK,0
2023,2023-12-10,NO,CAR,0
2023,2023-12-10,NYJ,HOU,0
2023,2023-12-10,OAK,MIN,0
2023,2023-12-10,PHI,DAL,0
2023,2023-12-10,SD,DEN,0
2023,2023-12-10,SEA,SF,0
2023,2023-12-10,SF,SEA,0
2023,2023-12-10,STL,BAL,1
2023,2023-12-10,TB,ATL,0
2023,2023-12-11,GB,NYG,0
2023,2023-12-11,MIA,TEN,0
2023,2023-12-11,NYG,GB,0
2023,2023-12-11,TEN,MIA,0
2023,2023-12-14,OAK,SD,0
2023,2023-12-14,SD,OAK,0
2023,2023-12-16,CIN,MIN,1
2023,2023-12-16,DEN,DET,0
2023,2023-12-16,DET,DEN,0
2023,2023-12-16,IND,PIT,0
2023,2023-12-16,MIN,CIN,1
2023,2023-12-16,PIT,IND,0
2023,2023-12-17,ARI,SF,0
2023,2023-12-17,ATL,CAR,0
2023,2023-12-17,BAL,JAX,0
2023,2023-12-17,BUF,DAL,0
2023,2023-12-17,CAR,ATL,0
2023,2023-12-17,CHI,CLE,0
2023,2023-12-17,CLE,CHI,0
2023,2023-12-17,DAL,BUF,0
2023,2023-12-17,GB,TB,0
2023,2023-12-17,HOU,TEN,1
2023,2023-12-17,JAX,BAL,0
2023,2023-12-17,KC,NE,0
2023,2023-12-17,MIA,NYJ,0
2023,2023-12-17,NE,KC,0
2023,2023-12-17,NO,NYG,0
2023,2023-12-17,NYG,NO,0
2023,2023-12-17,NYJ,MIA,0
2023,2023-12-17,SF,ARI,0
2023,2023-12-17,STL,WAS,0
2023,2023-12-17,TB,GB,0
2023,2023-12-17,TEN,HOU,1
2023,2023-12-17,WAS,STL,0
2023,2023-12-18,PHI,SEA,0
2023,2023-12-18,SEA,PHI,0
2023,2023-12-21,NO,STL,0
2023,2023-12-21,STL,NO,0
2023,2023-12-23,BUF,SD,0
2023,2023-12-23,CIN,PIT,0
2023,2023-12-23,PIT,CIN,0
2023,2023-12-23,SD,BUF,0
2023,2023-12-24,ARI,CHI,0
2023,2023-12-24,ATL,IND,0
2023,2023-12-24,CAR,GB,0
2023,2023-12-24,CHI,ARI,0
2023,2023-12-24,CLE,HOU,0
2023,2023-12-24,DAL,MIA,0
2023,2023-12-24,DEN,NE,0
2023,2023-12-24,DET,MIN,0
2023,2023-12-24,GB,CAR,0
2023,2023-12-24,HOU,CLE,0
2023,2023-12-24,IND,ATL,0
2023,2023-12-24,JAX,TB,0
2023,2023-12-24,MIA,DAL,0
2023,2023-12-24,MIN,DET,0
2023,2023-12-24,NE,DEN,0
2023,2023-12-24,NYJ,WAS,0
2023,2023-12-24,SEA,TEN,0
2023,2023-12-24,TB,JAX,0
2023,2023-12-24,TEN,SEA,0
2023,2023-12-24,WAS,NYJ,0
2023,2023-12-25,BAL,SF,0
2023,2023-12-25,KC,OAK,0
2023,2023-12-25,NYG,PHI,0
2023,2023-12-25,OAK,KC,0
2023,2023-12-25,PHI,NYG,0
2023,2023-12-25,SF,BAL,0
2023,2023-12-28,CLE,NYJ,0
2023,2023-12-28,NYJ,CLE,0
2023,2023-12-30,DAL,DET,0
2023,2023-12-30,DET,DAL,0
2023,2023-12-31,ARI,PHI,0
2023,2023-12-31,ATL,CHI,0
2023,2023-12-31,BAL,MIA,0
2023,2023-12-31,BUF,NE,0
2023,2023-12-31,CAR,JAX,0
2023,2023-12-31,CHI,ATL,0
2023,2023-12-31,CIN,KC,0
2023,2023-12-31,DEN,SD,0
2023,2023-12-31,GB,MIN,0
2023,2023-12-31,HOU,TEN,0
2023,2023-12-31,IND,OAK,0
2023,2023-12-31,JAX,CAR,0
2023,2023-12-31,KC,CIN,0
2023,2023-12-31,MIA,BAL,0
2023,2023-12-31,MIN,GB,0
2023,2023-12-31,NE,BUF,0
2023,2023-12-31,NO,TB,0
2023,2023-12-31,NYG,STL,0
2023,2023-12-31,OAK,IND,0
2023,2023-12-31,PHI,ARI,0
2023,2023-12-31,PIT,SEA,0
2023,2023-12-31,SD,DEN,0
2023,2023-12-31,SEA,PIT,0
2023,2023-12-31,SF,WAS,0
2023,2023-12-31,STL,NYG,0
2023,2023-12-31,TB,NO,0
2023,2023-12-31,TEN,HOU,0
2023,2023-12-31,WAS,SF,0
2023,2024-01-06,BAL,PIT,0
2023,2024-01-06,HOU,IND,0
2023,2024-01-06,IND,HOU,0
2023,2024-01-06,PIT,BAL,0
2023,2024-01-07,ARI,SEA,0
2023,2024-01-07,ATL,NO,0
2023,2024-01-07,BUF,MIA,0
2023,2024-01-07,CAR,TB,0
2023,2024-01-07,CHI,GB,0
2023,2024-01-07,CIN,CLE,0
2023,2024-01-07,CLE,CIN,0
2023,2024-01-07,DAL,WAS,0
2023,2024-01-07,DEN,OAK,0
2023,2024-01-07,DET,MIN,0
2023,2024-01-07,GB,CHI,0
2023,2024-01-07,JAX,TEN,0
2023,2024-01-07,KC,SD,0
2023,2024-01-07,MIA,BUF,0
2023,2024-01-07,MIN,DET,0
2023,2024-01-07,NE,NYJ,0
2023,2024-01-07,NO,ATL,0
2023,2024-01-07,NYG,PHI,0
2023,2024-01-07,NYJ,NE,0
2023,2024-01-07,OAK,DEN,0
2023,2024-01-07,PHI,NYG,0
2023,2024-01-07,SD,KC,0
2023,2024-01-07,SEA,ARI,0
2023,2024-01-07,SF,STL,0
2023,2024-01-07,STL,SF,0
2023,2024-01-07,TB,CAR,0
2023,2024-01-07,TEN,JAX,0
2023,2024-01-07,WAS,DAL,0
2023,2024-01-13,CLE,HOU,0
2023,2024-01-13,HOU,CLE,0
2023,2024-01-13,KC,MIA,0
2023,2024-01-13,MIA,KC,0
2023,2024-01-14,DAL,GB,0
2023,2024-01-14,DET,STL,0
2023,2024-01-14,GB,DAL,0
2023,2024-01-14,STL,DET,0
2023,2024-01-15,BUF,PIT,0
2023,2024-01-15,PHI,TB,0
2023,2024-01-15,PIT,BUF,0
2023,2024-01-15,TB,PHI,0
2023,2024-01-20,BAL,HOU,0
2023,2024-01-20,GB,SF,0
2023,2024-01-20,HOU,BAL,0
2023,2024-01-20,SF,GB,0
2023,2024-01-21,BUF,KC,0
2023,2024-01-21,DET,TB,0
2023,2024-01-21,KC,BUF,0
2023,2024-01-21,TB,DET,0
2023,2024-01-28,BAL,KC,0
2023,2024-01-28,DET,SF,0
2023,2024-01-28,KC,BAL,0
2023,2024-01-28,SF,DET,0
2023,2024-02-11,KC,SF,1
2023,2024-02-11,SF,KC,1
2024,2024-09-05,BAL,KC,0
2024,2024-09-05,KC,BAL,0
2024,2024-09-06,GB,PHI,0
2024,2024-09-06,PHI,GB,0
2024,2024-09-08,ARI,BUF,0
2024,2024-09-08,ATL,PIT,0
2024,2024-09-08,BUF,ARI,0
2024,2024-09-08,CAR,NO,0
2024,2024-09-08,CHI,TEN,0
2024,2024-09-08,CIN,NE,0
2024,2024-09-08,CLE,DAL,0
2024,2024-09-08,DAL,CLE,0
2024,2024-09-08,DEN,SEA,0
2024,2024-09-08,DET,STL,1
2024,2024-09-08,HOU,IND,0
2024,2024-09-08,IND,HOU,0
2024,2024-09-08,JAX,MIA,0
2024,2024-09-08,MIA,JAX,0
2024,2024-09-08,MIN,NYG,0
2024,2024-09-08,NE,CIN,0
2024,2024-09-08,NO,CAR,0
2024,2024-09-08,NYG,MIN,0
2024,2024-09-08,OAK,SD,0
2024,2024-09-08,PIT,ATL,0
2024,2024-09-08,SD,OAK,0
2024,2024-09-08,SEA,DEN,0
2024,2024-09-08,STL,DET,1
2024,2024-09-08,TB,WAS,0
2024,2024-09-08,TEN,CHI,0
2024,2024-09-08,WAS,TB,0
2024,2024-09-09,NYJ,SF,0
2024,2024-09-09,SF,NYJ,0
2024,2024-09-12,BUF,MIA,0
2024,2024-09-12,MIA,BUF,0
2024,2024-09-15,ARI,STL,0
2024,2024-09-15,BAL,OAK,0
2024,2024-09-15,CAR,SD,0
2024,2024-09-15,CHI,HOU,0
2024,2024-09-15,CIN,KC,0
2024,2024-09-15,CLE,JAX,0
2024,2024-09-15,DAL,NO,0
2024,2024-09-15,DEN,PIT,0
2024,2024-09-15,DET,TB,0
2024,2024-09-15,GB,IND,0
2024,2024-09-15,HOU,CHI,0
2024,2024-09-15,IND,GB,0
2024,2024-09-15,JAX,CLE,0
2024,2024-09-15,KC,CIN,0
2024,2024-09-15,MIN,SF,0
2024,2024-09-15,NE,SEA,1
2024,2024-09-15,NO,DAL,0
2024,2024-09-15,NYG,WAS,0
2024,2024-09-15,NYJ,TEN,0
2024,2024-09-15,OAK,BAL,0
2024,2024-09-15,PIT,DEN,0
2024,2024-09-15,SD,CAR,0
2024,2024-09-15,SEA,NE,1
2024,2024-09-15,SF,MIN,0
2024,2024-09-15,STL,ARI,0
2024,2024-09-15,TB,DET,0
2024,2024-09-15,TEN,NYJ,0
2024,2024-09-15,WAS,NYG,0
2024,2024-09-16,ATL,PHI,0
2024,2024-09-16,PHI,ATL,0
2024,2024-09-19,NE,NYJ,0
2024,2024-09-19,NYJ,NE,0
2024,2024-09-22,ARI,DET,0
2024,2024-09-22,ATL,KC,0
2024,2024-09-22,BAL,DAL,0
2024,2024-09-22,CAR,OAK,0
2024,2024-09-22,CHI,IND,0
2024,2024-09-22,CLE,NYG,0
2024,2024-09-22,DAL,BAL,0
2024,2024-09-22,DEN,TB,0
2024,2024-09-22,DET,ARI,0
2024,2024-09-22,GB,TEN,0
2024,2024-09-22,HOU,MIN,0
2024,2024-09-22,IND,CHI,0
2024,2024-09-22,KC,ATL,0
2024,2024-09-22,MIA,SEA,0
2024,2024-09-22,MIN,HOU,0
2024,2024-09-22,NO,PHI,0
2024,2024-09-22,NYG,CLE,0
2024,2024-09-22,OAK,CAR,0
2024,2024-09-22,PHI,NO,0
2024,2024-09-22,PIT,SD,0
2024,2024-09-22,SD,PIT,0
2024,2024-09-22,SEA,MIA,0
2024,2024-09-22,SF,STL,0
2024,2024-09-22,STL,SF,0
2024,2024-09-22,TB,DEN,0
2024,2024-09-22,TEN,GB,0
2024,2024-09-23,BUF,JAX,0
2024,2024-09-23,CIN,WAS,0
2024,2024-09-23,JAX,BUF,0
2024,2024-09-23,WAS,CIN,0
2024,2024-09-26,DAL,NYG,0
2024,2024-09-26,NYG,DAL,0
2024,2024-09-29,ARI,WAS,0
2024,2024-09-29,ATL,NO,0
2024,2024-09-29,BAL,BUF,0
2024,2024-09-29,BUF,BAL,0
2024,2024-09-29,CAR,CIN,0
2024,2024-09-29,CHI,STL,0
2024,2024-09-29,CIN,CAR,0
2024,2024-09-29,CLE,OAK,0
2024,2024-09-29,DEN,NYJ,0
2024,2024-09-29,GB,MIN,0
2024,2024-09-29,HOU,JAX,0
2024,2024-09-29,IND,PIT,0
2024,2024-09-29,JAX,HOU,0
2024,2024-09-29,KC,SD,0
2024,2024-09-29,MIN,GB,0
2024,2024-09-29,NE,SF,0
2024,2024-09-29,NO,ATL,0
2024,2024-09-29,NYJ,DEN,0
2024,2024-09-29,OAK,CLE,0
2024,2024-09-29,PHI,TB,0
2024,2024-09-29,PIT,IND,0
2024,2024-09-29,SD,KC,0
2024,2024-09-29,SF,NE,0
2024,2024-09-29,STL,CHI,0
2024,2024-09-29,TB,PHI,0
2024,2024-09-29,WAS,ARI,0
2024,2024-09-30,DET,SEA,0
2024,2024-09-30,MIA,TEN,0
2024,2024-09-30,SEA,DET,0
2024,2024-09-30,TEN,MIA,0
2024,2024-10-03,ATL,TB,1
2024,2024-10-03,TB,ATL,1
2024,2024-10-06,ARI,SF,0
2024,2024-10-06,BAL,CIN,1
2024,2024-10-06,BUF,HOU,0
2024,2024-10-06,CAR,CHI,0
2024,2024-10-06,CHI,CAR,0
2024,2024-10-06,CIN,BAL,1
2024,2024-10-06,CLE,WAS,0
2024,2024-10-06,DAL,PIT,0
2024,2024-10-06,DEN,OAK,0
2024,2024-10-06,GB,STL,0
2024,2024-10-06,HOU,BUF,0
2024,2024-10-06,IND,JAX,0
2024,2024-10-06,JAX,IND,0
2024,2024-10-06,MIA,NE,0
2024,2024-10-06,MIN,NYJ,0
2024,2024-10-06,NE,MIA,0
2024,2024-10-06,NYG,SEA,0
2024,2024-10-06,NYJ,MIN,0
2024,2024-10-06,OAK,DEN,0
2024,2024-10-06,PIT,DAL,0
2024,2024-10-06,SEA,NYG,0
2024,2024-10-06,SF,ARI,0
2024,2024-10-06,STL,GB,0
2024,2024-10-06,WAS,CLE,0
2024,2024-10-07,KC,NO,0
2024,2024-10-07,NO,KC,0
2024,2024-10-10,SEA,SF,0
2024,2024-10-10,SF,SEA,0
2024,2024-10-13,ARI,GB,0
2024,2024-10-13,ATL,CAR,0
2024,2024-10-13,BAL,WAS,0
2024,2024-10-13,CAR,ATL,0
2024,2024-10-13,CHI,JAX,0
2024,2024-10-13,CIN,NYG,0
2024,2024-10-13,CLE,PHI,0
2024,2024-10-13,DAL,DET,0
2024,2024-10-13,DEN,SD,0
2024,2024-10-13,DET,DAL,0
2024,2024-10-13,GB,ARI,0
2024,2024-10-13,HOU,NE,0
2024,2024-10-13,IND,TEN,0
2024,2024-10-13,JAX,CHI,0
2024,2024-10-13,NE,HOU,0
2024,2024-10-13,NO,TB,0
2024,2024-10-13,NYG,CIN,0
2024,2024-10-13,OAK,PIT,0
2024,2024-10-13,PHI,CLE,0
2024,2024-10-13,PIT,OAK,0
2024,2024-10-13,SD,DEN,0
2024,2024-10-13,TB,NO,0
2024,2024-10-13,TEN,IND,0
2024,2024-10-13,WAS,BAL,0
2024,2024-10-14,BUF,NYJ,0
2024,2024-10-14,NYJ,BUF,0
2024,2024-10-17,DEN,NO,0
2024,2024-10-17,NO,DEN,0
2024,2024-10-20,ATL,SEA,0
2024,2024-10-20,BUF,TEN,0
2024,2024-10-20,CAR,WAS,0
2024,2024-10-20,CIN,CLE,0
2024,2024-10-20,CLE,CIN,0
2024,2024-10-20,DET,MIN,0
2024,2024-10-20,GB,HOU,0
2024,2024-10-20,HOU,GB,0
2024,2024-10-20,IND,MIA,0
2024,2024-10-20,JAX,NE,0
2024,2024-10-20,KC,SF,0
2024,2024-10-20,MIA,IND,0
2024,2024-10-20,MIN,DET,0
2024,2024-10-20,NE,JAX,0
2024,2024-10-20,NYG,PHI,0
2024,2024-10-20,NYJ,PIT,0
2024,2024-10-20,OAK,STL,0
2024,2024-10-20,PHI,NYG,0
2024,2024-10-20,PIT,NYJ,0
2024,2024-10-20,SEA,ATL,0
2024,2024-10-20,SF,KC,0
2024,2024-10-20,STL,OAK,0
2024,2024-10-20,TEN,BUF,0
2024,2024-10-20,WAS,CAR,0
2024,2024-10-21,ARI,SD,0
2024,2024-10-21,BAL,TB,0
2024,2024-10-21,SD,ARI,0
2024,2024-10-21,TB,BAL,0
2024,2024-10-24,MIN,STL,0
2024,2024-10-24,STL,MIN,0
2024,2024-10-27,ARI,MIA,0
2024,2024-10-27,ATL,TB,0
2024,2024-10-27,BAL,CLE,0
2024,2024-10-27,BUF,SEA,0
2024,2024-10-27,CAR,DEN,0
2024,2024-10-27,CHI,WAS,0
2024,2024-10-27,CIN,PHI,0
2024,2024-10-27,CLE,BAL,0
2024,2024-10-27,DAL,SF,0
2024,2024-10-27,DEN,CAR,0
2024,2024-10-27,DET,TEN,0
2024,2024-10-27,GB,JAX,0
2024,2024-10-27,HOU,IND,0
2024,2024-10-27,IND,HOU,0
2024,2024-10-27,JAX,GB,0
2024,2024-10-27,KC,OAK,0
2024,2024-10-27,MIA,ARI,0
2024,2024-10-27,NE,NYJ,0
2024,2024-10-27,NO,SD,0
2024,2024-10-27,NYJ,NE,0
2024,2024-10-27,OAK,KC,0
2024,2024-10-27,PHI,CIN,0
2024,2024-10-27,SD,NO,0
2024,2024-10-27,SEA,BUF,0
2024,2024-10-27,SF,DAL,0
2024,2024-10-27,TB,ATL,0
2024,2024-10-27,TEN,DET,0
2024,2024-10-27,WAS,CHI,0
2024,2024-10-28,NYG,PIT,0
2024,2024-10-28,PIT,NYG,0
2024,2024-10-31,HOU,NYJ,0
2024,2024-10-31,NYJ,HOU,0
2024,2024-11-03,ARI,CHI,0
2024,2024-11-03,ATL,DAL,0
2024,2024-11-03,BAL,DEN,0
2024,2024-11-03,BUF,MIA,0
2024,2024-11-03,CAR,NO,0
2024,2024-11-03,CHI,ARI,0
2024,2024-11-03,CIN,OAK,0
2024,2024-11-03,CLE,SD,0
2024,2024-11-03,DAL,ATL,0
2024,2024-11-03,DEN,BAL,0
2024,2024-11-03,DET,GB,0
2024,2024-11-03,GB,DET,0
2024,2024-11-03,IND,MIN,0
2024,2024-11-03,JAX,PHI,0
2024,2024-11-03,MIA,BUF,0
2024,2024-11-03,MIN,IND,0
2024,2024-11-03,NE,TEN,1
2024,2024-11-03,NO,CAR,0
2024,2024-11-03,NYG,WAS,0
2024,2024-11-03,OAK,CIN,0
2024,2024-11-03,PHI,JAX,0
2024,2024-11-03,SD,CLE,0
2024,2024-11-03,SEA,STL,1
2024,2024-11-03,STL,SEA,1
2024,2024-11-03,TEN,NE,1
2024,2024-11-03,WAS,NYG,0
2024,2024-11-04,KC,TB,1
2024,2024-11-04,TB,KC,1
2024,2024-11-07,BAL,CIN,0
2024,2024-11-07,CIN,BAL,0
2024,2024-11-10,ARI,NYJ,0
2024,2024-11-10,ATL,NO,0
2024,2024-11-10,BUF,IND,0
2024,2024-11-10,CAR,NYG,1
2024,2024-11-10,CHI,NE,0
2024,2024-11-10,DAL,PHI,0
2024,2024-11-10,DEN,KC,0
2024,2024-11-10,DET,HOU,0
2024,2024-11-10,HOU,DET,0
2024,2024-11-10,IND,BUF,0
2024,2024-11-10,JAX,MIN,0
2024,2024-11-10,KC,DEN,0
2024,2024-11-10,MIN,JAX,0
2024,2024-11-10,NE,CHI,0
2024,2024-11-10,NO,ATL,0
2024,2024-11-10,NYG,CAR,1
2024,2024-11-10,NYJ,ARI,0
2024,2024-11-10,PHI,DAL,0
2024,2024-11-10,PIT,WAS,0
2024,2024-11-10,SD,TEN,0
2024,2024-11-10,SF,TB,0
2024,2024-11-10,TB,SF,0
2024,2024-11-10,TEN,SD,0
2024,2024-11-10,WAS,PIT,0
2024,2024-11-11,MIA,STL,0
2024,2024-11-11,STL,MIA,0
2024,2024-11-14,PHI,WAS,0
2024,2024-11-14,WAS,PHI,0
2024,2024-11-17,ATL,DEN,0
2024,2024-11-17,BAL,PIT,0
2024,2024-11-17,BUF,KC,0
2024,2024-11-17,CHI,GB,0
2024,2024-11-17,CIN,SD,0
2024,2024-11-17,CLE,NO,0
2024,2024-11-17,DEN,ATL,0
2024,2024-11-17,DET,JAX,0
2024,2024-11-17,GB,CHI,0
2024,2024-11-17,IND,NYJ,0
2024,2024-11-17,JAX,DET,0
2024,2024-11-17,KC,BUF,0
2024,2024-11-17,MIA,OAK,0
2024,2024-11-17,MIN,TEN,0
2024,2024-11-17,NE,STL,0
2024,2024-11-17,NO,CLE,0
2024,2024-11-17,NYJ,IND,0
2024,2024-11-17,OAK,MIA,0
2024,2024-11-17,PIT,BAL,0
2024,2024-11-17,SD,CIN,0
2024,2024-11-17,SEA,SF,0
2024,2024-11-17,SF,SEA,0
2024,2024-11-17,STL,NE,0
2024,2024-11-17,TEN,MIN,0
2024,2024-11-18,DAL,HOU,0
2024,2024-11-18,HOU,DAL,0
2024,2024-11-21,CLE,PIT,0
2024,2024-11-21,PIT,CLE,0
2024,2024-11-24,ARI,SEA,0
2024,2024-11-24,CAR,KC,0
2024,2024-11-24,CHI,MIN,1
2024,2024-11-24,DAL,WAS,0
2024,2024-11-24,DEN,OAK,0
2024,2024-11-24,DET,IND,0
2024,2024-11-24,GB,SF,0
2024,2024-11-24,HOU,TEN,0
2024,2024-11-24,IND,DET,0
2024,2024-11-24,KC,CAR,0
2024,2024-11-24,MIA,NE,0
2024,2024-11-24,MIN,CHI,1
2024,2024-11-24,NE,MIA,0
2024,2024-11-24,NYG,TB,0
2024,2024-11-24,OAK,DEN,0
2024,2024-11-24,PHI,STL,0
2024,2024-11-24,SEA,ARI,0
2024,2024-11-24,SF,GB,0
2024,2024-11-24,STL,PHI,0
2024,2024-11-24,TB,NYG,0
2024,2024-11-24,TEN,HOU,0
2024,2024-11-24,WAS,DAL,0
2024,2024-11-25,BAL,SD,0
2024,2024-11-25,SD,BAL,0
2024,2024-11-28,CHI,DET,0
2024,2024-11-28,DAL,NYG,0
2024,2024-11-28,DET,CHI,0
2024,2024-11-28,GB,MIA,0
2024,2024-11-28,MIA,GB,0
2024,2024-11-28,NYG,DAL,0
2024,2024-11-29,KC,OAK,0
2024,2024-11-29,OAK,KC,0
2024,2024-12-01,ARI,MIN,0
2024,2024-12-01,ATL,SD,0
2024,2024-12-01,BAL,PHI,0
2024,2024-12-01,BUF,SF,0
2024,2024-12-01,CAR,TB,1
2024,2024-12-01,CIN,PIT,0
2024,2024-12-01,HOU,JAX,0
2024,2024-12-01,IND,NE,0
2024,2024-12-01,JAX,HOU,0
2024,2024-12-01,MIN,ARI,0
2024,2024-12-01,NE,IND,0
2024,2024-12-01,NO,STL,0
2024,2024-12-01,NYJ,SEA,0
2024,2024-12-01,PHI,BAL,0
2024,2024-12-01,PIT,CIN,0
2024,2024-12-01,SD,ATL,0
2024,2024-12-01,SEA,NYJ,0
2024,2024-12-01,SF,BUF,0
2024,2024-12-01,STL,NO,0
2024,2024-12-01,TB,CAR,1
2024,2024-12-01,TEN,WAS,0
2024,2024-12-01,WAS,TEN,0
2024,2024-12-02,CLE,DEN,0
2024,2024-12-02,DEN,CLE,0
2024,2024-12-05,DET,GB,0
2024,2024-12-05,GB,DET,0
2024,2024-12-08,ARI,SEA,0
2024,2024-12-08,ATL,MIN,0
2024,2024-12-08,BUF,STL,0
2024,2024-12-08,CAR,PHI,0
2024,2024-12-08,CHI,SF,0
2024,2024-12-08,CLE,PIT,0
2024,2024-12-08,JAX,TEN,0
2024,2024-12-08,KC,SD,0
2024,2024-12-08,MIA,NYJ,1
2024,2024-12-08,MIN,ATL,0
2024,2024-12-08,NO,NYG,0
2024,2024-12-08,NYG,NO,0
2024,2024-12-08,NYJ,MIA,1
2024,2024-12-08,OAK,TB,0
2024,2024-12-08,PHI,CAR,0
2024,2024-12-08,PIT,CLE,0
2024,2024-12-08,SD,KC,0
2024,2024-12-08,SEA,ARI,0
2024,2024-12-08,SF,CHI,0
2024,2024-12-08,STL,BUF,0
2024,2024-12-08,TB,OAK,0
2024,2024-12-08,TEN,JAX,0
2024,2024-12-09,CIN,DAL,0
2024,2024-12-09,DAL,CIN,0
2024,2024-12-12,SF,STL,0
2024,2024-12-12,STL,SF,0
2024,2024-12-15,ARI,NE,0
2024,2024-12-15,BAL,NYG,0
2024,2024-12-15,BUF,DET,0
2024,2024-12-15,CAR,DAL,0
2024,2024-12-15,CIN,TEN,0
2024,2024-12-15,CLE,KC,0
2024,2024-12-15,DAL,CAR,0
2024,2024-12-15,DEN,IND,0
2024,2024-12-15,DET,BUF,0
2024,2024-12-15,GB,SEA,0
2024,2024-12-15,HOU,MIA,0
2024,2024-12-15,IND,DEN,0
2024,2024-12-15,JAX,NYJ,0
2024,2024-12-15,KC,CLE,0
2024,2024-12-15,MIA,HOU,0
2024,2024-12-15,NE,ARI,0
2024,2024-12-15,NO,WAS,0
2024,2024-12-15,NYG,BAL,0
2024,2024-12-15,NYJ,JAX,0
2024,2024-12-15,PHI,PIT,0
2024,2024-12-15,PIT,PHI,0
2024,2024-12-15,SD,TB,0
2024,2024-12-15,SEA,GB,0
2024,2024-12-15,TB,SD,0
2024,2024-12-15,TEN,CIN,0
2024,2024-12-15,WAS,NO,0
2024,2024-12-16,ATL,OAK,0
2024,2024-12-16,CHI,MIN,0
2024,2024-12-16,MIN,CHI,0
2024,2024-12-16,OAK,ATL,0
2024,2024-12-19,DEN,SD,0
2024,2024-12-19,SD,DEN,0
2024,2024-12-21,BAL,PIT,0
2024,2024-12-21,HOU,KC,0
2024,2024-12-21,KC,HOU,0
2024,2024-12-21,PIT,BAL,0
2024,2024-12-22,ARI,CAR,1
2024,2024-12-22,ATL,NYG,0
2024,2024-12-22,BUF,NE,0
2024,2024-12-22,CAR,ARI,1
2024,2024-12-22,CHI,DET,0
2024,2024-12-22,CIN,CLE,0
2024,2024-12-22,CLE,CIN,0
2024,2024-12-22,DAL,TB,0
2024,2024-12-22,DET,CHI,0
2024,2024-12-22,IND,TEN,0
2024,2024-12-22,JAX,OAK,0
2024,2024-12-22,MIA,SF,0
2024,2024-12-22,MIN,SEA,0
2024,2024-12-22,NE,BUF,0
2024,2024-12-22,NYG,ATL,0
2024,2024-12-22,NYJ,STL,0
2024,2024-12-22,OAK,JAX,0
2024,2024-12-22,PHI,WAS,0
2024,2024-12-22,SEA,MIN,0
2024,2024-12-22,SF,MIA,0
2024,2024-12-22,STL,NYJ,0
2024,2024-12-22,TB,DAL,0
2024,2024-12-22,TEN,IND,0
2024,2024-12-22,WAS,PHI,0
2024,2024-12-23,GB,NO,0
2024,2024-12-23,NO,GB,0
2024,2024-12-25,BAL,HOU,0
2024,2024-12-25,HOU,BAL,0
2024,2024-12-25,KC,PIT,0
2024,2024-12-25,PIT,KC,0
2024,2024-12-26,CHI,SEA,0
2024,2024-12-26,SEA,CHI,0
2024,2024-12-28,ARI,STL,0
2024,2024-12-28,CIN,DEN,1
2024,2024-12-28,DEN,CIN,1
2024,2024-12-28,NE,SD,0
2024,2024-12-28,SD,NE,0
2024,2024-12-28,STL,ARI,0
2024,2024-12-29,ATL,WAS,1
2024,2024-12-29,BUF,NYJ,0
2024,2024-12-29,CAR,TB,0
2024,2024-12-29,CLE,MIA,0
2024,2024-12-29,DAL,PHI,0
2024,2024-12-29,GB,MIN,0
2024,2024-12-29,IND,NYG,0
2024,2024-12-29,JAX,TEN,0
2024,2024-12-29,MIA,CLE,0
2024,2024-12-29,MIN,GB,0
2024,2024-12-29,NO,OAK,0
2024,2024-12-29,NYG,IND,0
2024,2024-12-29,NYJ,BUF,0
2024,2024-12-29,OAK,NO,0
2024,2024-12-29,PHI,DAL,0
2024,2024-12-29,TB,CAR,0
2024,2024-12-29,TEN,JAX,0
2024,2024-12-29,WAS,ATL,1
2024,2024-12-30,DET,SF,0
2024,2024-12-30,SF,DET,0
2024,2025-01-04,BAL,CLE,0
2024,2025-01-04,CIN,PIT,0
2024,2025-01-04,CLE,BAL,0
2024,2025-01-04,PIT,CIN,0
2024,2025-01-05,ARI,SF,0
2024,2025-01-05,ATL,CAR,1
2024,2025-01-05,BUF,NE,0
2024,2025-01-05,CAR,ATL,1
2024,2025-01-05,CHI,GB,0
2024,2025-01-05,DAL,WAS,0
2024,2025-01-05,DEN,KC,0
2024,2025-01-05,DET,MIN,0
2024,2025-01-05,GB,CHI,0
2024,2025-01-05,HOU,TEN,0
2024,2025-01-05,IND,JAX,1
2024,2025-01-05,JAX,IND,1
2024,2025-01-05,KC,DEN,0
2024,2025-01-05,MIA,NYJ,0
2024,2025-01-05,MIN,DET,0
2024,2025-01-05,NE,BUF,0
2024,2025-01-05,NO,TB,0
2024,2025-01-05,NYG,PHI,0
2024,2025-01-05,NYJ,MIA,0
2024,2025-01-05,OAK,SD,0
2024,2025-01-05,PHI,NYG,0
2024,2025-01-05,SD,OAK,0
2024,2025-01-05,SEA,STL,0
2024,2025-01-05,SF,ARI,0
2024,2025-01-05,STL,SEA,0
2024,2025-01-05,TB,NO,0
2024,2025-01-05,TEN,HOU,0
2024,2025-01-05,WAS,DAL,0
2024,2025-01-11,BAL,PIT,0
2024,2025-01-11,HOU,SD,0
2024,2025-01-11,PIT,BAL,0
2024,2025-01-11,SD,HOU,0
2024,2025-01-12,BUF,DEN,0
2024,2025-01-12,DEN,BUF,0
2024,2025-01-12,GB,PHI,0
2024,2025-01-12,PHI,GB,0
2024,2025-01-12,TB,WAS,0
2024,2025-01-12,WAS,TB,0
2024,2025-01-13,MIN,STL,0
2024,2025-01-13,STL,MIN,0
2024,2025-01-18,DET,WAS,0
2024,2025-01-18,HOU,KC,0
2024,2025-01-18,KC,HOU,0
2024,2025-01-18,WAS,DET,0
2024,2025-01-19,BAL,BUF,0
2024,2025-01-19,BUF,BAL,0
2024,2025-01-19,PHI,STL,0
2024,2025-01-19,STL,PHI,0
2024,2025-01-26,BUF,KC,0
2024,2025-01-26,KC,BUF,0
2024,2025-01-26,PHI,WAS,0
2024,2025-01-26,WAS,PHI,0
2024,2025-02-09,KC,PHI,0
2024,2025-02-09,PHI,KC,0
2025,2025-09-04,DAL,PHI,0
2025,2025-09-04,PHI,DAL,0
2025,2025-09-05,KC,SD,0
2025,2025-09-05,SD,KC,0
2025,2025-09-07,ARI,NO,0
2025,2025-09-07,ATL,TB,0
2025,2025-09-07,BAL,BUF,0
2025,2025-09-07,BUF,BAL,0
2025,2025-09-07,CAR,JAX,0
2025,2025-09-07,CIN,CLE,0
2025,2025-09-07,CLE,CIN,0
2025,2025-09-07,DEN,TEN,0
2025,2025-09-07,DET,GB,0
2025,2025-09-07,GB,DET,0
2025,2025-09-07,HOU,STL,0
2025,2025-09-07,IND,MIA,0
2025,2025-09-07,JAX,CAR,0
2025,2025-09-07,MIA,IND,0
2025,2025-09-07,NE,OAK,0
2025,2025-09-07,NO,ARI,0
2025,2025-09-07,NYG,WAS,0
2025,2025-09-07,NYJ,PIT,0
2025,2025-09-07,OAK,NE,0
2025,2025-09-07,PIT,NYJ,0
2025,2025-09-07,SEA,SF,0
2025,2025-09-07,SF,SEA,0
2025,2025-09-07,STL,HOU,0
2025,2025-09-07,TB,ATL,0
2025,2025-09-07,TEN,DEN,0
2025,2025-09-07,WAS,NYG,0
2025,2025-09-08,CHI,MIN,0
2025,2025-09-08,MIN,CHI,0
2025,2025-09-11,GB,WAS,0
2025,2025-09-11,WAS,GB,0
2025,2025-09-14,ARI,CAR,0
2025,2025-09-14,ATL,MIN,0
2025,2025-09-14,BAL,CLE,0
2025,2025-09-14,BUF,NYJ,0
2025,2025-09-14,CAR,ARI,0
2025,2025-09-14,CHI,DET,0
2025,2025-09-14,CIN,JAX,0
2025,2025-09-14,CLE,BAL,0
2025,2025-09-14,DAL,NYG,1
2025,2025-09-14,DEN,IND,0
2025,2025-09-14,DET,CHI,0
2025,2025-09-14,IND,DEN,0
2025,2025-09-14,JAX,CIN,0
2025,2025-09-14,KC,PHI,0
2025,2025-09-14,MIA,NE,0
2025,2025-09-14,MIN,ATL,0
2025,2025-09-14,NE,MIA,0
2025,2025-09-14,NO,SF,0
2025,2025-09-14,NYG,DAL,1
2025,2025-09-14,NYJ,BUF,0
2025,2025-09-14,PHI,KC,0
2025,2025-09-14,PIT,SEA,0
2025,2025-09-14,SEA,PIT,0
2025,2025-09-14,SF,NO,0
2025,2025-09-14,STL,TEN,0
2025,2025-09-14,TEN,STL,0
2025,2025-09-15,HOU,TB,0
2025,2025-09-15,OAK,SD,0
2025,2025-09-15,SD,OAK,0
2025,2025-09-15,TB,HOU,0
2025,2025-09-18,BUF,MIA,0
2025,2025-09-18,MIA,BUF,0
2025,2025-09-21,ARI,SF,0
2025,2025-09-21,ATL,CAR,0
2025,2025-09-21,CAR,ATL,0
2025,2025-09-21,CHI,DAL,0
2025,2025-09-21,CIN,MIN,0
2025,2025-09-21,CLE,GB,0
2025,2025-09-21,DAL,CHI,0
2025,2025-09-21,DEN,SD,0
2025,2025-09-21,GB,CLE,0
2025,2025-09-21,HOU,JAX,0
2025,2025-09-21,IND,TEN,0
2025,2025-09-21,JAX,HOU,0
2025,2025-09-21,KC,NYG,0
2025,2025-09-21,MIN,CIN,0
2025,2025-09-21,NE,PIT,0
2025,2025-09-21,NO,SEA,0
2025,2025-09-21,NYG,KC,0
2025,2025-09-21,NYJ,TB,0
2025,2025-09-21,OAK,WAS,0
2025,2025-09-21,PHI,STL,0
2025,2025-09-21,PIT,NE,0
2025,2025-09-21,SD,DEN,0
2025,2025-09-21,SEA,NO,0
2025,2025-09-21,SF,ARI,0
2025,2025-09-21,STL,PHI,0
2025,2025-09-21,TB,NYJ,0
2025,2025-09-21,TEN,IND,0
2025,2025-09-21,WAS,OAK,0
2025,2025-09-22,BAL,DET,0
2025,2025-09-22,DET,BAL,0
2025,2025-09-25,ARI,SEA,0
2025,2025-09-25,SEA,ARI,0
2025,2025-09-28,ATL,WAS,0
2025,2025-09-28,BAL,KC,0
2025,2025-09-28,BUF,NO,0
2025,2025-09-28,CAR,NE,0
2025,2025-09-28,CHI,OAK,0
2025,2025-09-28,CLE,DET,0
2025,2025-09-28,DAL,GB,1
2025,2025-09-28,DET,CLE,0
2025,2025-09-28,GB,DAL,1
2025,2025-09-28,HOU,TEN,0
2025,2025-09-28,IND,STL,0
2025,2025-09-28,JAX,SF,0
2025,2025-09-28,KC,BAL,0
2025,2025-09-28,MIN,PIT,0
2025,2025-09-28,NE,CAR,0
2025,2025-09-28,NO,BUF,0
2025,2025-09-28,NYG,SD,0
2025,2025-09-28,OAK,CHI,0
2025,2025-09-28,PHI,TB,0
2025,2025-09-28,PIT,MIN,0
2025,2025-09-28,SD,NYG,0
2025,2025-09-28,SF,JAX,0
2025,2025-09-28,STL,IND,0
2025,2025-09-28,TB,PHI,0
2025,2025-09-28,TEN,HOU,0
2025,2025-09-28,WAS,ATL,0
2025,2025-09-29,CIN,DEN,0
2025,2025-09-29,DEN,CIN,0
2025,2025-09-29,MIA,NYJ,0
2025,2025-09-29,NYJ,MIA,0
2025,2025-10-02,SF,STL,1
2025,2025-10-02,STL,SF,1
2025,2025-10-05,ARI,TEN,0
2025,2025-10-05,BAL,HOU,0
2025,2025-10-05,BUF,NE,0
2025,2025-10-05,CAR,MIA,0
2025,2025-10-05,CIN,DET,0
2025,2025-10-05,CLE,MIN,0
2025,2025-10-05,DAL,NYJ,0
2025,2025-10-05,DEN,PHI,0
2025,2025-10-05,DET,CIN,0
2025,2025-10-05,HOU,BAL,0
2025,2025-10-05,IND,OAK,0
2025,2025-10-05,MIA,CAR,0
2025,2025-10-05,MIN,CLE,0
2025,2025-10-05,NE,BUF,0
2025,2025-10-05,NO,NYG,0
2025,2025-10-05,NYG,NO,0
2025,2025-10-05,NYJ,DAL,0
2025,2025-10-05,OAK,IND,0
2025,2025-10-05,PHI,DEN,0
2025,2025-10-05,SD,WAS,0
2025,2025-10-05,SEA,TB,0
2025,2025-10-05,TB,SEA,0
2025,2025-10-05,TEN,ARI,0
2025,2025-10-05,WAS,SD,0
2025,2025-10-06,JAX,KC,0
2025,2025-10-06,KC,JAX,0
2025,2025-10-09,NYG,PHI,0
2025,2025-10-09,PHI,NYG,0
2025,2025-10-12,ARI,IND,0
2025,2025-10-12,BAL,STL,0
2025,2025-10-12,CAR,DAL,0
2025,2025-10-12,CIN,GB,0
2025,2025-10-12,CLE,PIT,0
2025,2025-10-12,DAL,CAR,0
2025,2025-10-12,DEN,NYJ,0
2025,2025-10-12,DET,KC,0
2025,2025-10-12,GB,CIN,0
2025,2025-10-12,IND,ARI,0
2025,2025-10-12,JAX,SEA,0
2025,2025-10-12,KC,DET,0
2025,2025-10-12,MIA,SD,0
2025,2025-10-12,NE,NO,0
2025,2025-10-12,NO,NE,0
2025,2025-10-12,NYJ,DEN,0
2025,2025-10-12,OAK,TEN,0
2025,2025-10-12,PIT,CLE,0
2025,2025-10-12,SD,MIA,0
2025,2025-10-12,SEA,JAX,0
2025,2025-10-12,SF,TB,0
2025,2025-10-12,STL,BAL,0
2025,2025-10-12,TB,SF,0
2025,2025-10-12,TEN,OAK,0
2025,2025-10-13,ATL,BUF,0
2025,2025-10-13,BUF,ATL,0
2025,2025-10-13,CHI,WAS,0
2025,2025-10-13,WAS,CHI,0
2025,2025-10-16,CIN,PIT,0
2025,2025-10-16,PIT,CIN,0
2025,2025-10-19,ARI,GB,0
2025,2025-10-19,ATL,SF,0
2025,2025-10-19,CAR,NYJ,0
2025,2025-10-19,CHI,NO,0
2025,2025-10-19,CLE,MIA,0
2025,2025-10-19,DAL,WAS,0
2025,2025-10-19,DEN,NYG,0
2025,2025-10-19,GB,ARI,0
2025,2025-10-19,IND,SD,0
2025,2025-10-19,JAX,STL,0
2025,2025-10-19,KC,OAK,0
2025,2025-10-19,MIA,CLE,0
2025,2025-10-19,MIN,PHI,0
2025,2025-10-19,NE,TEN,0
2025,2025-10-19,NO,CHI,0
2025,2025-10-19,NYG,DEN,0
2025,2025-10-19,NYJ,CAR,0
2025,2025-10-19,OAK,KC,0
2025,2025-10-19,PHI,MIN,0
2025,2025-10-19,SD,IND,0
2025,2025-10-19,SF,ATL,0
2025,2025-10-19,STL,JAX,0
2025,2025-10-19,TEN,NE,0
2025,2025-10-19,WAS,DAL,0
2025,2025-10-20,DET,TB,0
2025,2025-10-20,HOU,SEA,0
2025,2025-10-20,SEA,HOU,0
2025,2025-10-20,TB,DET,0
2025,2025-10-23,MIN,SD,0
2025,2025-10-23,SD,MIN,0
2025,2025-10-26,ATL,MIA,0
2025,2025-10-26,BAL,CHI,0
2025,2025-10-26,BUF,CAR,0
2025,2025-10-26,CAR,BUF,0
2025,2025-10-26,CHI,BAL,0
2025,2025-10-26,CIN,NYJ,0
2025,2025-10-26,CLE,NE,0
2025,2025-10-26,DAL,DEN,0
2025,2025-10-26,DEN,DAL,0
2025,2025-10-26,GB,PIT,0
2025,2025-10-26,HOU,SF,0
2025,2025-10-26,IND,TEN,0
2025,2025-10-26,MIA,ATL,0
2025,2025-10-26,NE,CLE,0
2025,2025-10-26,NO,TB,0
2025,2025-10-26,NYG,PHI,0
2025,2025-10-26,NYJ,CIN,0
2025,2025-10-26,PHI,NYG,0
2025,2025-10-26,PIT,GB,0
2025,2025-10-26,SF,HOU,0
2025,2025-10-26,TB,NO,0
2025,2025-10-26,TEN,IND,0
2025,2025-10-27,KC,WAS,0
2025,2025-10-27,WAS,KC,0
2025,2025-10-30,BAL,MIA,0
2025,2025-10-30,MIA,BAL,0
2025,2025-11-02,ATL,NE,0
2025,2025-11-02,BUF,KC,0
2025,2025-11-02,CAR,GB,0
2025,2025-11-02,CHI,CIN,0
2025,2025-11-02,CIN,CHI,0
2025,2025-11-02,DEN,HOU,0
2025,2025-11-02,DET,MIN,0
2025,2025-11-02,GB,CAR,0
2025,2025-11-02,HOU,DEN,0
2025,2025-11-02,IND,PIT,0
2025,2025-11-02,JAX,OAK,1
2025,2025-11-02,KC,BUF,0
2025,2025-11-02,MIN,DET,0
2025,2025-11-02,NE,ATL,0
2025,2025-11-02,NO,STL,0
2025,2025-11-02,NYG,SF,0
2025,2025-11-02,OAK,JAX,1
2025,2025-11-02,PIT,IND,0
2025,2025-11-02,SD,TEN,0
2025,2025-11-02,SEA,WAS,0
2025,2025-11-02,SF,NYG,0
2025,2025-11-02,STL,NO,0
2025,2025-11-02,TEN,SD,0
2025,2025-11-02,WAS,SEA,0
2025,2025-11-03,ARI,DAL,0
2025,2025-11-03,DAL,ARI,0
2025,2025-11-06,DEN,OAK,0
2025,2025-11-06,OAK,DEN,0
2025,2025-11-09,ARI,SEA,0
2025,2025-11-09,ATL,IND,1
2025,2025-11-09,BAL,MIN,0
2025,2025-11-09,BUF,MIA,0
2025,2025-11-09,CAR,NO,0
2025,2025-11-09,CHI,NYG,0
2025,2025-11-09,CLE,NYJ,0
2025,2025-11-09,DET,WAS,0
2025,2025-11-09,HOU,JAX,0
2025,2025-11-09,IND,ATL,1
2025,2025-11-09,JAX,HOU,0
2025,2025-11-09,MIA,BUF,0
2025,2025-11-09,MIN,BAL,0
2025,2025-11-09,NE,TB,0
2025,2025-11-09,NO,CAR,0
2025,2025-11-09,NYG,CHI,0
2025,2025-11-09,NYJ,CLE,0
2025,2025-11-09,PIT,SD,0
2025,2025-11-09,SD,PIT,0
2025,2025-11-09,SEA,ARI,0
2025,2025-11-09,SF,STL,0
2025,2025-11-09,STL,SF,0
2025,2025-11-09,TB,NE,0
2025,2025-11-09,WAS,DET,0
2025,2025-11-10,GB,PHI,0
2025,2025-11-10,PHI,GB,0
2025,2025-11-13,NE,NYJ,0
2025,2025-11-13,NYJ,NE,0
2025,2025-11-16,ARI,SF,0
2025,2025-11-16,ATL,CAR,1
2025,2025-11-16,BAL,CLE,0
2025,2025-11-16,BUF,TB,0
2025,2025-11-16,CAR,ATL,1
2025,2025-11-16,CHI,MIN,0
2025,2025-11-16,CIN,PIT,0
2025,2025-11-16,CLE,BAL,0
2025,2025-11-16,DEN,KC,0
2025,2025-11-16,DET,PHI,0
2025,2025-11-16,GB,NYG,0
2025,2025-11-16,HOU,TEN,0
2025,2025-11-16,JAX,SD,0
2025,2025-11-16,KC,DEN,0
2025,2025-11-16,MIA,WAS,1
2025,2025-11-16,MIN,CHI,0
2025,2025-11-16,NYG,GB,0
2025,2025-11-16,PHI,DET,0
2025,2025-11-16,PIT,CIN,0
2025,2025-11-16,SD,JAX,0
2025,2025-11-16,SEA,STL,0
2025,2025-11-16,SF,ARI,0
2025,2025-11-16,STL,SEA,0
2025,2025-11-16,TB,BUF,0
2025,2025-11-16,TEN,HOU,0
2025,2025-11-16,WAS,MIA,1
2025,2025-11-17,DAL,OAK,0
2025,2025-11-17,OAK,DAL,0
2025,2025-11-20,BUF,HOU,0
2025,2025-11-20,HOU,BUF,0
2025,2025-11-23,ARI,JAX,1
2025,2025-11-23,ATL,NO,0
2025,2025-11-23,BAL,NYJ,0
2025,2025-11-23,CHI,PIT,0
2025,2025-11-23,CIN,NE,0
2025,2025-11-23,CLE,OAK,0
2025,2025-11-23,DAL,PHI,0
2025,2025-11-23,DET,NYG,1
2025,2025-11-23,GB,MIN,0
2025,2025-11-23,IND,KC,1
2025,2025-11-23,JAX,ARI,1
2025,2025-11-23,KC,IND,1
2025,2025-11-23,MIN,GB,0
2025,2025-11-23,NE,CIN,0
2025,2025-11-23,NO,ATL,0
2025,2025-11-23,NYG,DET,1
2025,2025-11-23,NYJ,BAL,0
2025,2025-11-23,OAK,CLE,0
2025,2025-11-23,PHI,DAL,0
2025,2025-11-23,PIT,CHI,0
2025,2025-11-23,SEA,TEN,0
2025,2025-11-23,STL,TB,0
2025,2025-11-23,TB,STL,0
2025,2025-11-23,TEN,SEA,0
2025,2025-11-24,CAR,SF,0
2025,2025-11-24,SF,CAR,0
2025,2025-11-27,BAL,CIN,0
2025,2025-11-27,CIN,BAL,0
2025,2025-11-27,DAL,KC,0
2025,2025-11-27,DET,GB,0
2025,2025-11-27,GB,DET,0
2025,2025-11-27,KC,DAL,0
2025,2025-11-28,CHI,PHI,0
2025,2025-11-28,PHI,CHI,0
2025,2025-11-30,ARI,TB,0
2025,2025-11-30,ATL,NYJ,0
2025,2025-11-30,BUF,PIT,0
2025,2025-11-30,CAR,STL,0
2025,2025-11-30,CLE,SF,0
2025,2025-11-30,DEN,WAS,1
2025,2025-11-30,HOU,IND,0
2025,2025-11-30,IND,HOU,0
2025,2025-11-30,JAX,TEN,0
2025,2025-11-30,MIA,NO,0
2025,2025-11-30,MIN,SEA,0
2025,2025-11-30,NO,MIA,0
2025,2025-11-30,NYJ,ATL,0
2025,2025-11-30,OAK,SD,0
2025,2025-11-30,PIT,BUF,0
2025,2025-11-30,SD,OAK,0
2025,2025-11-30,SEA,MIN,0
2025,2025-11-30,SF,CLE,0
2025,2025-11-30,STL,CAR,0
2025,2025-11-30,TB,ARI,0
2025,2025-11-30,TEN,JAX,0
2025,2025-11-30,WAS,DEN,1
2025,2025-12-01,NE,NYG,0
2025,2025-12-01,NYG,NE,0
2025,2025-12-04,DAL,DET,0
2025,2025-12-04,DET,DAL,0
2025,2025-12-07,ARI,STL,0
2025,2025-12-07,ATL,SEA,0
2025,2025-12-07,BAL,PIT,0
2025,2025-12-07,BUF,CIN,0
2025,2025-12-07,CHI,GB,0
2025,2025-12-07,CIN,BUF,0
2025,2025-12-07,CLE,TEN,0
2025,2025-12-07,DEN,OAK,0
2025,2025-12-07,GB,CHI,0
2025,2025-12-07,HOU,KC,0
2025,2025-12-07,IND,JAX,0
2025,2025-12-07,JAX,IND,0
2025,2025-12-07,KC,HOU,0
2025,2025-12-07,MIA,NYJ,0
2025,2025-12-07,MIN,WAS,0
2025,2025-12-07,NO,TB,0
2025,2025-12-07,NYJ,MIA,0
2025,2025-12-07,OAK,DEN,0
2025,2025-12-07,PIT,BAL,0
2025,2025-12-07,SEA,ATL,0
2025,2025-12-07,STL,ARI,0
2025,2025-12-07,TB,NO,0
2025,2025-12-07,TEN,CLE,0
2025,2025-12-07,WAS,MIN,0
2025,2025-12-08,PHI,SD,1
2025,2025-12-08,SD,PHI,1
2025,2025-12-11,ATL,TB,0
2025,2025-12-11,TB,ATL,0
2025,2025-12-14,ARI,HOU,0
2025,2025-12-14,BAL,CIN,0
2025,2025-12-14,BUF,NE,0
2025,2025-12-14,CAR,NO,0
2025,2025-12-14,CHI,CLE,0
2025,2025-12-14,CIN,BAL,0
2025,2025-12-14,CLE,CHI,0
2025,2025-12-14,DAL,MIN,0
2025,2025-12-14,DEN,GB,0
2025,2025-12-14,DET,STL,0
2025,2025-12-14,GB,DEN,0
2025,2025-12-14,HOU,ARI,0
2025,2025-12-14,IND,SEA,0
2025,2025-12-14,JAX,NYJ,0
2025,2025-12-14,KC,SD,0
2025,2025-12-14,MIN,DAL,0
2025,2025-12-14,NE,BUF,0
2025,2025-12-14,NO,CAR,0
2025,2025-12-14,NYG,WAS,0
2025,2025-12-14,NYJ,JAX,0
2025,2025-12-14,OAK,PHI,0
2025,2025-12-14,PHI,OAK,0
2025,2025-12-14,SD,KC,0
2025,2025-12-14,SEA,IND,0
2025,2025-12-14,SF,TEN,0
2025,2025-12-14,STL,DET,0
2025,2025-12-14,TEN,SF,0
2025,2025-12-14,WAS,NYG,0
2025,2025-12-15,MIA,PIT,0
2025,2025-12-15,PIT,MIA,0
2025,2025-12-18,SEA,STL,1
2025,2025-12-18,STL,SEA,1
2025,2025-12-20,CHI,GB,1
2025,2025-12-20,GB,CHI,1
2025,2025-12-20,PHI,WAS,0
2025,2025-12-20,WAS,PHI,0
2025,2025-12-21,ARI,ATL,0
2025,2025-12-21,ATL,ARI,0
2025,2025-12-21,BAL,NE,0
2025,2025-12-21,BUF,CLE,0
2025,2025-12-21,CAR,TB,0
2025,2025-12-21,CIN,MIA,0
2025,2025-12-21,CLE,BUF,0
2025,2025-12-21,DAL,SD,0
2025,2025-12-21,DEN,JAX,0
2025,2025-12-21,DET,PIT,0
2025,2025-12-21,HOU,OAK,0
2025,2025-12-21,JAX,DEN,0
2025,2025-12-21,KC,TEN,0
2025,2025-12-21,MIA,CIN,0
2025,2025-12-21,MIN,NYG,0
2025,2025-12-21,NE,BAL,0
2025,2025-12-21,NO,NYJ,0
2025,2025-12-21,NYG,MIN,0
2025,2025-12-21,NYJ,NO,0
2025,2025-12-21,OAK,HOU,0
2025,2025-12-21,PIT,DET,0
2025,2025-12-21,SD,DAL,0
2025,2025-12-21,TB,CAR,0
2025,2025-12-21,TEN,KC,0
2025,2025-12-22,IND,SF,0
2025,2025-12-22,SF,IND,0
2025,2025-12-25,DAL,WAS,0
2025,2025-12-25,DEN,KC,0
2025,2025-12-25,DET,MIN,0
2025,2025-12-25,KC,DEN,0
2025,2025-12-25,MIN,DET,0
2025,2025-12-25,WAS,DAL,0
2025,2025-12-27,BAL,GB,0
2025,2025-12-27,GB,BAL,0
2025,2025-12-27,HOU,SD,0
2025,2025-12-27,SD,HOU,0
2025,2025-12-28,ARI,CIN,0
2025,2025-12-28,BUF,PHI,0
2025,2025-12-28,CAR,SEA,0
2025,2025-12-28,CHI,SF,0
2025,2025-12-28,CIN,ARI,0
2025,2025-12-28,CLE,PIT,0
2025,2025-12-28,IND,JAX,0
2025,2025-12-28,JAX,IND,0
2025,2025-12-28,MIA,TB,0
2025,2025-12-28,NE,NYJ,0
2025,2025-12-28,NO,TEN,0
2025,2025-12-28,NYG,OAK,0
2025,2025-12-28,NYJ,NE,0
2025,2025-12-28,OAK,NYG,0
2025,2025-12-28,PHI,BUF,0
2025,2025-12-28,PIT,CLE,0
2025,2025-12-28,SEA,CAR,0
2025,2025-12-28,SF,CHI,0
2025,2025-12-28,TB,MIA,0
2025,2025-12-28,TEN,NO,0
2025,2025-12-29,ATL,STL,0
2025,2025-12-29,STL,ATL,0
2025,2026-01-03,CAR,TB,0
2025,2026-01-03,SEA,SF,0
2025,2026-01-03,SF,SEA,0
2025,2026-01-03,TB,CAR,0
2025,2026-01-04,ARI,STL,0
2025,2026-01-04,ATL,NO,0
2025,2026-01-04,BAL,PIT,0
2025,2026-01-04,BUF,NYJ,0
2025,2026-01-04,CHI,DET,0
2025,2026-01-04,CIN,CLE,0
2025,2026-01-04,CLE,CIN,0
2025,2026-01-04,DAL,NYG,0
2025,2026-01-04,DEN,SD,0
2025,2026-01-04,DET,CHI,0
2025,2026-01-04,GB,MIN,0
2025,2026-01-04,HOU,IND,0
2025,2026-01-04,IND,HOU,0
2025,2026-01-04,JAX,TEN,0
2025,2026-01-04,KC,OAK,0
2025,2026-01-04,MIA,NE,0
2025,2026-01-04,MIN,GB,0
2025,2026-01-04,NE,MIA,0
2025,2026-01-04,NO,ATL,0
2025,2026-01-04,NYG,DAL,0
2025,2026-01-04,NYJ,BUF,0
2025,2026-01-04,OAK,KC,0
2025,2026-01-04,PHI,WAS,0
2025,2026-01-04,PIT,BAL,0
2025,2026-01-04,SD,DEN,0
2025,2026-01-04,STL,ARI,0
2025,2026-01-04,TEN,JAX,0
2025,2026-01-04,WAS,PHI,0
2025,2026-01-10,CAR,STL,0
2025,2026-01-10,CHI,GB,0
2025,2026-01-10,GB,CHI,0
2025,2026-01-10,STL,CAR,0
2025,2026-01-11,BUF,JAX,0
2025,2026-01-11,JAX,BUF,0
2025,2026-01-11,NE,SD,0
2025,2026-01-11,PHI,SF,0
2025,2026-01-11,SD,NE,0
2025,2026-01-11,SF,PHI,0
2025,2026-01-12,HOU,PIT,0
2025,2026-01-12,PIT,HOU,0
2025,2026-01-17,BUF,DEN,1
2025,2026-01-17,DEN,BUF,1
2025,2026-01-17,SEA,SF,0
2025,2026-01-17,SF,SEA,0
2025,2026-01-18,CHI,STL,1
2025,2026-01-18,HOU,NE,0
2025,2026-01-18,NE,HOU,0
2025,2026-01-18,STL,CHI,1
2025,2026-01-25,DEN,NE,0
2025,2026-01-25,NE,DEN,0
2025,2026-01-25,SEA,STL,0
2025,2026-01-25,STL,SEA,0
2025,2026-02-08,NE,SEA,0
2025,2026-02-08,SEA,NE,0
