Week,Season,Type,Round,Team,Opponent,Conf,OppConf,Div,OppDiv,ConfG,DivG,HomeAway,PreGmRate,OppPreGmRate,ExpectedWin%,PointsFor,PointsAgainst,OT,MOV,Result,Accuracy,Test,MOVMult,POMult,Keff,RatingChange,PostGmRate,W,L,T
1,1996,R,RS,CAR,ATL,NFC,NFC,West,West,1,1,H,1500.0,1500.0,0.5784967523447427,29,6,0,23,1.0,1,0.5473223462885498,1.8068305082139833,1.0,22.44,17.089965765802354,1517.0899657658024,1,0,0
1,1996,R,RS,ATL,CAR,NFC,NFC,West,West,1,1,A,1500.0,1500.0,0.42150324765525726,6,29,0,-23,0.0,1,0.5473223462885498,1.8068305082139833,1.0,22.44,-17.089965765802354,1482.9100342341976,0,1,0
1,1996,R,RS,STL,CIN,NFC,AFC,West,Central,0,0,H,1500.0,1500.0,0.5784967523447427,26,16,0,10,1.0,1,0.5473223462885498,1.0377516162719296,1.0,20.0,8.748313530362212,1508.748313530362,1,0,0
1,1996,R,RS,CIN,STL,AFC,NFC,Central,West,0,0,A,1500.0,1500.0,0.42150324765525726,16,26,0,-10,0.0,1,0.5473223462885498,1.0377516162719296,1.0,20.0,-8.748313530362212,1491.251686469638,0,1,0
1,1996,R,RS,IND,ARI,AFC,NFC,East,East,0,0,H,1500.0,1500.0,0.5784967523447427,20,13,0,7,1.0,1,0.5473223462885498,0.8412764593069244,1.0,20.0,7.092015195475691,1507.0920151954756,1,0,0
1,1996,R,RS,ARI,IND,NFC,AFC,East,East,0,0,A,1500.0,1500.0,0.42150324765525726,13,20,0,-7,0.0,1,0.5473223462885498,0.8412764593069244,1.0,20.0,-7.092015195475691,1492.9079848045244,0,1,0
1,1996,R,RS,MIN,DET,NFC,NFC,Central,Central,1,1,H,1500.0,1500.0,0.5784967523447427,17,13,0,4,1.0,1,0.5473223462885498,0.6324368525071156,1.0,22.44,5.981924762307792,1505.9819247623077,1,0,0
1,1996,R,RS,DET,MIN,NFC,NFC,Central,Central,1,1,A,1500.0,1500.0,0.42150324765525726,13,17,0,-4,0.0,1,0.5473223462885498,0.6324368525071156,1.0,22.44,-5.981924762307792,1494.0180752376923,0,1,0
1,1996,R,RS,JAX,PIT,AFC,AFC,Central,Central,1,1,H,1500.0,1500.0,0.5784967523447427,24,9,0,15,1.0,1,0.5473223462885498,1.3463461745354397,1.0,22.44,12.734459556183598,1512.7344595561835,1,0,0
1,1996,R,RS,PIT,JAX,AFC,AFC,Central,Central,1,1,A,1500.0,1500.0,0.42150324765525726,9,24,0,-15,0.0,1,0.5473223462885498,1.3463461745354397,1.0,22.44,-12.734459556183598,1487.2655404438165,0,1,0
1,1996,R,RS,KC,TEN,AFC,AFC,West,Central,1,0,A,1500.0,1500.0,0.42150324765525726,20,19,0,1,1.0,0,0.8639277965752311,0.40419108440277285,1.0,20.4,4.769993884935559,1504.7699938849355,1,0,0
1,1996,R,RS,TEN,KC,AFC,AFC,Central,West,1,0,H,1500.0,1500.0,0.5784967523447427,19,20,0,-1,0.0,0,0.8639277965752311,0.40419108440277285,1.0,20.4,-4.769993884935559,1495.2300061150645,0,1,0
1,1996,R,RS,PHI,WAS,NFC,NFC,East,East,1,1,A,1500.0,1500.0,0.42150324765525726,17,14,0,3,1.0,0,0.8639277965752311,0.5590616950172634,1.0,22.44,7.2574410133805936,1507.2574410133807,1,0,0
1,1996,R,RS,WAS,PHI,NFC,NFC,East,East,1,1,H,1500.0,1500.0,0.5784967523447427,14,17,0,-3,0.0,0,0.8639277965752311,0.5590616950172634,1.0,22.44,-7.2574410133805936,1492.7425589866193,0,1,0
1,1996,R,RS,BAL,OAK,AFC,AFC,Central,West,1,0,H,1500.0,1500.0,0.5784967523447427,19,14,0,5,1.0,1,0.5473223462885498,0.7037375524122104,1.0,20.4,6.051204342309653,1506.0512043423096,1,0,0
1,1996,R,RS,OAK,BAL,AFC,AFC,West,Central,1,0,A,1500.0,1500.0,0.42150324765525726,14,19,0,-5,0.0,1,0.5473223462885498,0.7037375524122104,1.0,20.4,-6.051204342309653,1493.9487956576904,0,1,0
1,1996,R,RS,DEN,NYJ,AFC,AFC,West,East,1,0,H,1500.0,1500.0,0.5784967523447427,31,6,0,25,1.0,1,0.5473223462885498,1.9171900292334567,1.0,20.4,16.485277203361264,1516.4852772033612,1,0,0
1,1996,R,RS,NYJ,DEN,AFC,AFC,East,West,1,0,A,1500.0,1500.0,0.42150324765525726,6,31,0,-25,0.0,1,0.5473223462885498,1.9171900292334567,1.0,20.4,-16.485277203361264,1483.5147227966388,0,1,0
1,1996,R,RS,GB,TB,NFC,NFC,Central,Central,1,1,A,1500.0,1500.0,0.42150324765525726,34,3,0,31,1.0,0,0.8639277965752311,2.2393494490417982,1.0,22.44,29.070041248784417,1529.0700412487845,1,0,0
1,1996,R,RS,TB,GB,NFC,NFC,Central,Central,1,1,H,1500.0,1500.0,0.5784967523447427,3,34,0,-31,0.0,0,0.8639277965752311,2.2393494490417982,1.0,22.44,-29.070041248784417,1470.9299587512155,0,1,0
1,1996,R,RS,MIA,NE,AFC,AFC,East,East,1,1,H,1500.0,1500.0,0.5784967523447427,24,10,0,14,1.0,1,0.5473223462885498,1.2861685141889152,1.0,22.44,12.16526717731195,1512.165267177312,1,0,0
1,1996,R,RS,NE,MIA,AFC,AFC,East,East,1,1,A,1500.0,1500.0,0.42150324765525726,10,24,0,-14,0.0,1,0.5473223462885498,1.2861685141889152,1.0,22.44,-12.16526717731195,1487.834732822688,0,1,0
1,1996,R,RS,SF,NO,NFC,NFC,West,West,1,1,H,1500.0,1500.0,0.5784967523447427,27,11,0,16,1.0,1,0.5473223462885498,1.4058585204984977,1.0,22.44,13.297359037085432,1513.2973590370855,1,0,0
1,1996,R,RS,NO,SF,NFC,NFC,West,West,1,1,A,1500.0,1500.0,0.42150324765525726,11,27,0,-16,0.0,1,0.5473223462885498,1.4058585204984977,1.0,22.44,-13.297359037085432,1486.7026409629145,0,1,0
1,1996,R,RS,SD,SEA,AFC,AFC,West,West,1,1,H,1500.0,1500.0,0.5784967523447427,29,7,0,22,1.0,1,0.5473223462885498,1.7510185362691784,1.0,22.44,16.562066394210785,1516.562066394211,1,0,0
1,1996,R,RS,SEA,SD,AFC,AFC,West,West,1,1,A,1500.0,1500.0,0.42150324765525726,7,29,0,-22,0.0,1,0.5473223462885498,1.7510185362691784,1.0,22.44,-16.562066394210785,1483.437933605789,0,1,0
1,1996,R,RS,BUF,NYG,AFC,NFC,East,East,0,0,A,1500.0,1500.0,0.42150324765525726,23,20,1,3,1.0,0,0.8639277965752311,0.3913431865120844,1.0,20.0,4.5278152489896755,1504.5278152489898,1,0,0
1,1996,R,RS,NYG,BUF,NFC,AFC,East,East,0,0,H,1500.0,1500.0,0.5784967523447427,20,23,1,-3,0.0,0,0.8639277965752311,0.3913431865120844,1.0,20.0,-4.5278152489896755,1495.4721847510102,0,1,0
1,1996,R,RS,CHI,DAL,NFC,NFC,Central,East,1,0,H,1500.0,1500.0,0.5784967523447427,22,6,0,16,1.0,1,0.5473223462885498,1.4058585204984977,1.0,20.4,12.088508215532208,1512.088508215532,1,0,0
1,1996,R,RS,DAL,CHI,NFC,NFC,East,Central,1,0,A,1500.0,1500.0,0.42150324765525726,6,22,0,-16,0.0,1,0.5473223462885498,1.4058585204984977,1.0,20.4,-12.088508215532208,1487.911491784468,0,1,0
2,1996,R,RS,MIN,ATL,NFC,NFC,Central,West,1,0,A,1505.9819247623077,1482.9100342341976,0.45418066524904654,23,17,0,6,1.0,0,0.7892602190211452,0.7592587894348286,1.0,20.4,8.454129798003901,1514.4360545603115,1,0,0
2,1996,R,RS,ATL,MIN,NFC,NFC,West,Central,1,0,H,1482.9100342341976,1505.9819247623077,0.5458193347509535,17,23,0,-6,0.0,0,0.7892602190211452,0.7592587894348286,1.0,20.4,-8.454129798003901,1474.4559044361938,0,1,0
2,1996,R,RS,BUF,NE,AFC,AFC,East,East,1,1,H,1504.5278152489898,1487.834732822688,0.601734765375728,17,10,0,7,1.0,1,0.5079385198380654,0.8301897189802007,1.0,22.44,7.419465180084193,1511.947280429074,1,0,0
2,1996,R,RS,NE,BUF,AFC,AFC,East,East,1,1,A,1487.834732822688,1504.5278152489898,0.39826523462427194,10,17,0,-7,0.0,1,0.5079385198380653,0.8301897189802007,1.0,22.44,-7.419465180084192,1480.4152676426038,0,1,0
2,1996,R,RS,CAR,NO,NFC,NFC,West,West,1,1,A,1517.0899657658024,1486.7026409629145,0.4646386463252367,22,20,0,2,1.0,0,0.7664952801740507,0.47171901920985343,1.0,22.44,5.667000577301474,1522.7569663431038,1,0,0
2,1996,R,RS,NO,CAR,NFC,NFC,West,West,1,1,H,1486.7026409629145,1517.0899657658024,0.5353613536747633,20,22,0,-2,0.0,0,0.7664952801740509,0.47171901920985343,1.0,22.44,-5.667000577301475,1481.035640385613,0,1,0
2,1996,R,RS,WAS,CHI,NFC,NFC,East,Central,1,0,H,1492.7425589866193,1512.088508215532,0.5511309430496891,10,3,0,7,1.0,1,0.5957828518744215,0.8284546657847425,1.0,20.4,7.586100356960398,1500.3286593435796,1,0,0
2,1996,R,RS,CHI,WAS,NFC,NFC,Central,East,1,0,A,1512.088508215532,1492.7425589866193,0.4488690569503108,3,10,0,-7,0.0,1,0.5957828518744215,0.8284546657847425,1.0,20.4,-7.586100356960397,1504.5024078585718,0,1,0
2,1996,R,RS,IND,NYJ,AFC,AFC,East,East,1,1,A,1507.0920151954756,1483.5147227966388,0.4549019847786247,21,7,0,14,1.0,0,0.7876733013059483,1.2623581248908362,1.0,22.44,15.441163903970274,1522.5331790994458,1,0,0
2,1996,R,RS,NYJ,IND,AFC,AFC,East,East,1,1,H,1483.5147227966388,1507.0920151954756,0.5450980152213754,7,21,0,-14,0.0,0,0.7876733013059484,1.2623581248908362,1.0,22.44,-15.441163903970274,1468.0735588926686,0,1,0
2,1996,R,RS,DET,TB,NFC,NFC,Central,Central,1,1,H,1494.0180752376923,1470.9299587512155,0.6105230425702717,21,6,0,15,1.0,1,0.493439242375807,1.3219294849864198,1.0,22.44,11.553482494931119,1505.5715577326234,1,0,0
2,1996,R,RS,TB,DET,NFC,NFC,Central,Central,1,1,A,1470.9299587512155,1494.0180752376923,0.3894769574297283,6,21,0,-15,0.0,1,0.493439242375807,1.3219294849864198,1.0,22.44,-11.553482494931119,1459.3764762562844,0,1,0
2,1996,R,RS,TEN,JAX,AFC,AFC,Central,Central,1,1,A,1495.2300061150645,1512.7344595561835,0.39714645232652795,34,27,0,7,1.0,0,0.9234501687729885,0.82965828741564,1.0,22.44,11.22364519680184,1506.4536513118665,1,0,0
2,1996,R,RS,JAX,TEN,AFC,AFC,Central,Central,1,1,H,1512.7344595561835,1495.2300061150645,0.602853547673472,27,34,0,-7,0.0,0,0.9234501687729884,0.82965828741564,1.0,22.44,-11.22364519680184,1501.5108143593816,0,1,0
2,1996,R,RS,KC,OAK,AFC,AFC,West,West,1,1,H,1504.7699938849355,1493.9487956576904,0.5936071114693552,19,3,0,16,1.0,1,0.5215376069625968,1.393792516412299,1.0,22.44,12.710630110031353,1517.480623994967,1,0,0
2,1996,R,RS,OAK,KC,AFC,AFC,West,West,1,1,A,1493.9487956576904,1504.7699938849355,0.40639288853064476,3,19,0,-16,0.0,1,0.5215376069625965,1.393792516412299,1.0,22.44,-12.710630110031351,1481.238165547659,0,1,0
2,1996,R,RS,PIT,BAL,AFC,AFC,Central,Central,1,1,H,1487.2655404438165,1506.0512043423096,0.5519286941685153,31,17,0,14,1.0,1,0.5943364182800893,1.2671254794889975,1.0,22.44,12.74059203146226,1500.0061324752787,1,0,0
2,1996,R,RS,BAL,PIT,AFC,AFC,Central,Central,1,1,A,1506.0512043423096,1487.2655404438165,0.4480713058314847,17,31,0,-14,0.0,1,0.5943364182800893,1.2671254794889975,1.0,22.44,-12.74059203146226,1493.3106123108473,0,1,0
2,1996,R,RS,SD,CIN,AFC,AFC,West,Central,1,0,H,1516.562066394211,1491.251686469638,0.6135605374762506,27,14,0,13,1.0,1,0.48847634410637647,1.2009608255155098,1.0,20.4,9.467612580855555,1526.0296789750664,1,0,0
2,1996,R,RS,CIN,SD,AFC,AFC,Central,West,1,0,A,1491.251686469638,1516.562066394211,0.3864394625237494,14,27,0,-13,0.0,1,0.48847634410637647,1.2009608255155098,1.0,20.4,-9.467612580855555,1481.7840738887824,0,1,0
2,1996,R,RS,DAL,NYG,NFC,NFC,East,East,1,1,H,1487.911491784468,1495.4721847510102,0.5678495224227609,27,0,0,27,1.0,1,0.5658988206719361,2.0138021446794445,1.0,22.44,19.528759134294877,1507.4402509187628,1,0,0
2,1996,R,RS,NYG,DAL,NFC,NFC,East,East,1,1,A,1495.4721847510102,1487.911491784468,0.4321504775772391,0,27,0,-27,0.0,1,0.5658988206719361,2.0138021446794445,1.0,22.44,-19.528759134294877,1475.9434256167153,0,1,0
2,1996,R,RS,DEN,SEA,AFC,AFC,West,West,1,1,A,1516.4852772033612,1483.437933605789,0.4684495632155293,30,20,0,10,1.0,0,0.7583268389889837,1.0110223342988156,1.0,22.44,12.059466114592567,1528.5447433179538,1,0,0
2,1996,R,RS,SEA,DEN,AFC,AFC,West,West,1,1,H,1483.437933605789,1516.4852772033612,0.5315504367844708,20,30,0,-10,0.0,0,0.7583268389889838,1.0110223342988156,1.0,22.44,-12.059466114592567,1471.3784674911965,0,1,0
2,1996,R,RS,SF,STL,NFC,NFC,West,West,1,1,H,1513.2973590370855,1508.748313530362,0.5848685395964477,34,0,0,34,1.0,1,0.536368175641848,2.3873851300953284,1.0,22.44,22.239805480513333,1535.5371645175987,1,0,0
2,1996,R,RS,STL,SF,NFC,NFC,West,West,1,1,A,1508.748313530362,1513.2973590370855,0.4151314604035523,0,34,0,-34,0.0,1,0.536368175641848,2.3873851300953284,1.0,22.44,-22.239805480513333,1486.5085080498488,0,1,0
2,1996,R,RS,MIA,ARI,AFC,NFC,East,East,0,0,A,1512.165267177312,1492.9079848045244,0.44874279278065865,38,10,0,28,1.0,0,0.801305399964536,2.048275832592059,1.0,20.0,22.582536301791393,1534.7478034791034,1,0,0
2,1996,R,RS,ARI,MIA,NFC,AFC,East,East,0,0,H,1492.9079848045244,1512.165267177312,0.5512572072193413,10,38,0,-28,0.0,0,0.801305399964536,2.048275832592059,1.0,20.0,-22.582536301791393,1470.325448502733,0,1,0
2,1996,R,RS,GB,PHI,NFC,NFC,Central,East,1,0,H,1529.0700412487845,1507.2574410133807,0.6087757076860355,39,13,0,26,1.0,1,0.4963053751919423,1.9379565003092807,1.0,20.4,15.46678347152241,1544.5368247203069,1,0,0
2,1996,R,RS,PHI,GB,NFC,NFC,East,Central,1,0,A,1507.2574410133807,1529.0700412487845,0.39122429231396444,13,39,0,-26,0.0,1,0.4963053751919421,1.9379565003092807,1.0,20.4,-15.466783471522406,1491.7906575418583,0,1,0
3,1996,R,RS,MIN,CHI,NFC,NFC,Central,Central,1,1,A,1514.4360545603115,1504.5024078585718,0.4355056061493893,20,14,0,6,1.0,0,0.8312476098691297,0.7671761326449437,1.0,22.44,9.718015086857978,1524.1540696471695,1,0,0
3,1996,R,RS,CHI,MIN,NFC,NFC,Central,Central,1,1,H,1504.5024078585718,1514.4360545603115,0.5644943938506106,14,20,0,-6,0.0,0,0.8312476098691296,0.7671761326449437,1.0,22.44,-9.718015086857978,1494.7843927717138,0,1,0
3,1996,R,RS,CIN,NO,AFC,NFC,Central,West,0,0,H,1481.7840738887824,1481.035640385613,0.579546931145469,30,15,0,15,1.0,1,0.5455086338982781,1.3455405364415636,1.0,20.0,11.314732956300547,1493.098806845083,1,0,0
3,1996,R,RS,NO,CIN,NFC,AFC,West,Central,0,0,A,1481.035640385613,1481.7840738887824,0.42045306885453104,15,30,0,-15,0.0,1,0.5455086338982781,1.3455405364415636,1.0,20.0,-11.314732956300547,1469.7209074293125,0,1,0
3,1996,R,RS,NE,ARI,AFC,NFC,East,East,0,0,H,1480.4152676426038,1470.325448502733,0.5925910640477398,31,0,0,31,1.0,1,0.5232507231873137,2.221418480480189,1.0,20.0,18.100514788742412,1498.5157824313462,1,0,0
3,1996,R,RS,ARI,NE,NFC,AFC,East,East,0,0,A,1470.325448502733,1480.4152676426038,0.40740893595226024,0,31,0,-31,0.0,1,0.5232507231873137,2.221418480480189,1.0,20.0,-18.100514788742412,1452.2249337139906,0,1,0
3,1996,R,RS,PHI,DET,NFC,NFC,East,Central,1,0,H,1491.7906575418583,1505.5715577326234,0.5590423057350228,24,17,0,7,1.0,1,0.5815301275904883,0.8321027592479989,1.0,20.4,7.48521112783427,1499.2758686696925,1,0,0
3,1996,R,RS,DET,PHI,NFC,NFC,Central,East,1,0,A,1505.5715577326234,1491.7906575418583,0.4409576942649772,17,24,0,-7,0.0,1,0.5815301275904883,0.8321027592479989,1.0,20.4,-7.48521112783427,1498.0863466047892,0,1,0
3,1996,R,RS,GB,SD,NFC,AFC,Central,West,0,0,H,1544.5368247203069,1526.0296789750664,0.6042346534214357,42,10,0,32,1.0,1,0.503792657451423,2.2584488920448376,1.0,20.0,17.876316169801996,1562.413140890109,1,0,0
3,1996,R,RS,SD,GB,AFC,NFC,West,Central,0,0,A,1526.0296789750664,1544.5368247203069,0.3957653465785643,10,42,0,-32,0.0,1,0.503792657451423,2.2584488920448376,1.0,20.0,-17.876316169801996,1508.1533628052644,0,1,0
3,1996,R,RS,MIA,NYJ,AFC,AFC,East,East,1,1,H,1534.7478034791034,1468.0735588926686,0.6682793896339064,36,27,0,9,1.0,1,0.4030489449318369,0.9240924160163733,1.0,22.44,6.878768826185124,1541.6265723052884,1,0,0
3,1996,R,RS,NYJ,MIA,AFC,AFC,East,East,1,1,A,1468.0735588926686,1534.7478034791034,0.3317206103660936,27,36,0,-9,0.0,1,0.40304894493183707,0.9240924160163733,1.0,22.44,-6.878768826185125,1461.1947900664836,0,1,0
3,1996,R,RS,TEN,BAL,AFC,AFC,Central,Central,1,1,H,1506.4536513118665,1493.3106123108473,0.5968273189631341,29,13,0,16,1.0,1,0.5161274553977463,1.3912305228811892,1.0,22.44,12.586733778241403,1519.0403850901077,1,0,0
3,1996,R,RS,BAL,TEN,AFC,AFC,Central,Central,1,1,A,1493.3106123108473,1506.4536513118665,0.4031726810368659,13,29,0,-16,0.0,1,0.5161274553977463,1.3912305228811892,1.0,22.44,-12.586733778241403,1480.723878532606,0,1,0
3,1996,R,RS,IND,DAL,AFC,NFC,East,East,0,0,A,1522.5331790994458,1507.4402509187628,0.4428203476145206,25,24,0,1,1.0,0,0.8145911270477759,0.3993689666972092,1.0,20.0,4.450405240757983,1526.9835843402038,1,0,0
3,1996,R,RS,DAL,IND,NFC,AFC,East,East,0,0,H,1507.4402509187628,1522.5331790994458,0.5571796523854793,24,25,0,-1,0.0,0,0.8145911270477757,0.3993689666972092,1.0,20.0,-4.450405240757982,1502.9898456780047,0,1,0
3,1996,R,RS,OAK,JAX,AFC,AFC,West,Central,1,0,H,1481.238165547659,1501.5108143593816,0.5498109046299698,17,3,0,14,1.0,1,0.5981808696354386,1.2656421786614693,1.0,20.4,11.623477472464723,1492.8616430201237,1,0,0
3,1996,R,RS,JAX,OAK,AFC,AFC,Central,West,1,0,A,1501.5108143593816,1481.238165547659,0.4501890953700301,3,17,0,-14,0.0,1,0.5981808696354385,1.2656421786614693,1.0,20.4,-11.623477472464721,1489.887336886917,0,1,0
3,1996,R,RS,KC,SEA,AFC,AFC,West,West,1,1,A,1517.480623994967,1471.3784674911965,0.4871977726422434,35,17,0,18,1.0,0,0.7190851343492742,1.4688753818962854,1.0,22.44,16.902763215763446,1534.3833872107302,1,0,0
3,1996,R,RS,SEA,KC,AFC,AFC,West,West,1,1,H,1471.3784674911965,1517.480623994967,0.5128022273577567,17,35,0,-18,0.0,0,0.7190851343492745,1.4688753818962854,1.0,22.44,-16.90276321576345,1454.4757042754331,0,1,0
3,1996,R,RS,WAS,NYG,NFC,NFC,East,East,1,1,A,1500.3286593435796,1475.9434256167153,0.4560554865653063,31,10,0,21,1.0,0,0.7851407958060229,1.6623291184113533,1.0,22.44,20.29058019014925,1520.619239533729,1,0,0
3,1996,R,RS,NYG,WAS,NFC,NFC,East,East,1,1,H,1475.9434256167153,1500.3286593435796,0.5439445134346936,10,31,0,-21,0.0,0,0.7851407958060228,1.6623291184113533,1.0,22.44,-20.29058019014925,1455.652845426566,0,1,0
3,1996,R,RS,DEN,TB,AFC,NFC,West,Central,0,0,H,1528.5447433179538,1459.3764762562844,0.6714542978575663,27,23,0,4,1.0,1,0.39830932511526057,0.5992761388922475,1.0,20.0,3.937791996591202,1532.482535314545,1,0,0
3,1996,R,RS,TB,DEN,NFC,AFC,Central,West,0,0,A,1459.3764762562844,1528.5447433179538,0.3285457021424338,23,27,0,-4,0.0,1,0.39830932511526074,0.5992761388922475,1.0,20.0,-3.9377919965912027,1455.4386842596932,0,1,0
3,1996,R,RS,PIT,BUF,AFC,AFC,Central,East,1,0,H,1500.0061324752787,1511.947280429074,0.5616513479540279,24,6,0,18,1.0,1,0.5768739989080718,1.5086381430687614,1.0,20.4,13.49071372736233,1513.496846202641,1,0,0
3,1996,R,RS,BUF,PIT,AFC,AFC,East,Central,1,0,A,1511.947280429074,1500.0061324752787,0.43834865204597206,6,24,0,-18,0.0,1,0.5768739989080718,1.5086381430687614,1.0,20.4,-13.49071372736233,1498.4565667017116,0,1,0
4,1996,R,RS,CAR,SF,NFC,NFC,West,West,1,1,H,1522.7569663431038,1535.5371645175987,0.5604618638833638,23,7,0,16,1.0,1,0.5789940782434736,1.3916302719693818,1.0,22.44,13.725977483306172,1536.48294382641,1,0,0
4,1996,R,RS,SF,CAR,NFC,NFC,West,West,1,1,A,1535.5371645175987,1522.7569663431038,0.4395381361166362,7,23,0,-16,0.0,1,0.5789940782434736,1.3916302719693818,1.0,22.44,-13.725977483306174,1521.8111870342925,0,1,0
4,1996,R,RS,WAS,STL,NFC,NFC,East,West,1,0,A,1520.619239533729,1486.5085080498488,0.4699740976963539,17,10,0,7,1.0,0,0.7550776970810689,0.8189290443188362,1.0,20.4,8.854693555010176,1529.4739330887392,1,0,0
4,1996,R,RS,STL,WAS,NFC,NFC,West,East,1,0,H,1486.5085080498488,1520.619239533729,0.5300259023036461,10,17,0,-7,0.0,0,0.7550776970810689,0.8189290443188362,1.0,20.4,-8.854693555010176,1477.6538144948386,0,1,0
4,1996,R,RS,ARI,NO,NFC,NFC,East,West,1,0,A,1452.2249337139906,1469.7209074293125,0.397158139303683,28,14,0,14,1.0,0,0.9234207418320416,1.2684147926904845,1.0,20.4,15.598932088709406,1467.8238658027,1,0,0
4,1996,R,RS,NO,ARI,NFC,NFC,West,East,1,0,H,1469.7209074293125,1452.2249337139906,0.6028418606963171,14,28,0,-14,0.0,0,0.9234207418320417,1.2684147926904845,1.0,20.4,-15.598932088709406,1454.121975340603,0,1,0
4,1996,R,RS,KC,DEN,AFC,AFC,West,West,1,1,H,1534.3833872107302,1532.482535314545,0.5811625589026637,17,14,0,3,1.0,1,0.5427247696937383,0.558212831082513,1.0,22.44,5.246481733536239,1539.6298689442665,1,0,0
4,1996,R,RS,DEN,KC,AFC,AFC,West,West,1,1,A,1532.482535314545,1534.3833872107302,0.4188374410973363,14,17,0,-3,0.0,1,0.5427247696937383,0.558212831082513,1.0,22.44,-5.246481733536238,1527.2360535810087,0,1,0
4,1996,R,RS,MIN,GB,NFC,NFC,Central,Central,1,1,H,1524.1540696471695,1562.413140890109,0.5240735053328849,30,21,0,9,1.0,1,0.646123327146209,0.9444751532876738,1.0,22.44,10.086796807658486,1534.240866454828,1,0,0
4,1996,R,RS,GB,MIN,NFC,NFC,Central,Central,1,1,A,1562.413140890109,1524.1540696471695,0.4759264946671152,21,30,0,-9,0.0,1,0.646123327146209,0.9444751532876738,1.0,22.44,-10.086796807658487,1552.3263440824505,0,1,0
4,1996,R,RS,NE,JAX,AFC,AFC,East,Central,1,0,H,1498.5157824313462,1489.887336886917,0.5905585271132503,28,25,1,3,1.0,1,0.5266865337545438,0.3886603587196915,1.0,20.4,3.2463268624284125,1501.7621092937745,1,0,0
4,1996,R,RS,JAX,NE,AFC,AFC,Central,East,1,0,A,1489.887336886917,1498.5157824313462,0.4094414728867497,25,28,1,-3,0.0,1,0.5266865337545438,0.3886603587196915,1.0,20.4,-3.2463268624284125,1486.6410100244887,0,1,0
4,1996,R,RS,NYG,NYJ,NFC,AFC,East,East,0,0,A,1455.652845426566,1461.1947900664836,0.4137444077680644,13,6,0,7,1.0,0,0.8825068683506303,0.8375630767439214,1.0,20.0,9.820520751762194,1465.4733661783282,1,0,0
4,1996,R,RS,NYJ,NYG,AFC,NFC,East,East,0,0,H,1461.1947900664836,1455.652845426566,0.5862555922319356,6,13,0,-7,0.0,0,0.8825068683506303,0.8375630767439214,1.0,20.0,-9.820520751762194,1451.3742693147215,0,1,0
4,1996,R,RS,BUF,DAL,AFC,NFC,East,East,0,0,H,1498.4565667017116,1502.9898456780047,0.5721209355359205,10,7,0,3,1.0,1,0.5584048841875171,0.5570415153449151,1.0,20.0,4.766928049068709,1503.2234947507802,1,0,0
4,1996,R,RS,DAL,BUF,NFC,AFC,East,East,0,0,A,1502.9898456780047,1498.4565667017116,0.42787906446407953,7,10,0,-3,0.0,1,0.5584048841875171,0.5570415153449151,1.0,20.0,-4.766928049068709,1498.222917628936,0,1,0
4,1996,R,RS,DET,CHI,NFC,NFC,Central,Central,1,1,H,1498.0863466047892,1494.7843927717138,0.583124482105753,35,16,0,19,1.0,1,0.5393545955168237,1.5766350517234122,1.0,22.44,14.748926825418916,1512.8352734302082,1,0,0
4,1996,R,RS,CHI,DET,NFC,NFC,Central,Central,1,1,A,1494.7843927717138,1498.0863466047892,0.41687551789424704,16,35,0,-19,0.0,1,0.5393545955168237,1.5766350517234122,1.0,22.44,-14.748926825418916,1480.0354659462948,0,1,0
4,1996,R,RS,SD,OAK,AFC,AFC,West,West,1,1,A,1508.1533628052644,1492.8616430201237,0.4431027087524879,40,34,0,6,1.0,0,0.8139536876098948,0.7639274068987177,1.0,22.44,9.546629085045021,1517.6999918903093,1,0,0
4,1996,R,RS,OAK,SD,AFC,AFC,West,West,1,1,H,1492.8616430201237,1508.1533628052644,0.5568972912475121,34,40,0,-6,0.0,0,0.8139536876098948,0.7639274068987177,1.0,22.44,-9.546629085045021,1483.3150139350787,0,1,0
4,1996,R,RS,SEA,TB,AFC,NFC,West,Central,0,0,A,1454.4757042754331,1455.4386842596932,0.4201521561590616,17,13,0,4,1.0,0,0.8671383567418405,0.6319500083398482,1.0,20.0,7.32869699502248,1461.8044012704556,1,0,0
4,1996,R,RS,TB,SEA,NFC,AFC,Central,West,0,0,H,1455.4386842596932,1454.4757042754331,0.5798478438409383,13,17,0,-4,0.0,0,0.8671383567418404,0.6319500083398482,1.0,20.0,-7.328696995022479,1448.1099872646707,0,1,0
4,1996,R,RS,PHI,ATL,NFC,NFC,East,West,1,0,A,1499.2758686696925,1474.4559044361938,0.4566763493608964,33,18,0,15,1.0,0,0.783780346072791,1.32013363877713,1.0,20.4,14.632100490218228,1513.9079691599106,1,0,0
4,1996,R,RS,ATL,PHI,NFC,NFC,West,East,1,0,H,1474.4559044361938,1499.2758686696925,0.5433236506391036,18,33,0,-15,0.0,0,0.783780346072791,1.32013363877713,1.0,20.4,-14.632100490218228,1459.8238039459757,0,1,0
4,1996,R,RS,IND,MIA,AFC,AFC,East,East,1,1,H,1526.9835843402038,1541.6265723052884,0.557818605173495,10,6,0,4,1.0,1,0.5837214497851303,0.6251140228167862,1.0,22.44,6.202725459599435,1533.1863097998032,1,0,0
4,1996,R,RS,MIA,IND,AFC,AFC,East,East,1,1,A,1541.6265723052884,1526.9835843402038,0.4421813948265049,6,10,0,-4,0.0,1,0.5837214497851303,0.6251140228167862,1.0,22.44,-6.202725459599434,1535.423846845689,0,1,0
5,1996,R,RS,JAX,CAR,AFC,NFC,Central,West,0,0,H,1486.6410100244887,1536.48294382641,0.5074225086441548,24,14,0,10,1.0,1,0.6784112720516433,0.99795943384112,1.0,20.0,9.831447087927168,1496.472457112416,1,0,0
5,1996,R,RS,CAR,JAX,NFC,AFC,West,Central,0,0,A,1536.48294382641,1486.6410100244887,0.49257749135584517,14,24,0,-10,0.0,1,0.6784112720516433,0.99795943384112,1.0,20.0,-9.831447087927168,1526.6514967384828,0,1,0
5,1996,R,RS,DEN,CIN,AFC,AFC,West,Central,1,0,A,1527.2360535810087,1493.098806845083,0.4700121187776197,14,10,0,4,1.0,0,0.7549967999772172,0.6156242782018337,1.0,20.4,6.655977499398239,1533.892031080407,1,0,0
5,1996,R,RS,CIN,DEN,AFC,AFC,Central,West,1,0,H,1493.098806845083,1527.2360535810087,0.5299878812223803,10,14,0,-4,0.0,0,0.7549967999772172,0.6156242782018337,1.0,20.4,-6.655977499398239,1486.4428293456847,0,1,0
5,1996,R,RS,PIT,TEN,AFC,AFC,Central,Central,1,1,H,1513.496846202641,1519.0403850901077,0.5706967103524762,30,16,0,14,1.0,1,0.5608973656886511,1.2804897583724826,1.0,22.44,12.335682368720812,1525.832528571362,1,0,0
5,1996,R,RS,TEN,PIT,AFC,AFC,Central,Central,1,1,A,1519.0403850901077,1513.496846202641,0.42930328964752384,16,30,0,-14,0.0,1,0.5608973656886511,1.2804897583724826,1.0,22.44,-12.335682368720812,1506.7047027213869,0,1,0
5,1996,R,RS,CHI,OAK,NFC,AFC,Central,West,0,0,H,1480.0354659462948,1483.3150139350787,0.5738867336933485,19,17,0,2,1.0,1,0.5553232301946823,0.4819220532514041,1.0,20.0,4.107067604323276,1484.142533550618,1,0,0
5,1996,R,RS,OAK,CHI,AFC,NFC,West,Central,0,0,A,1483.3150139350787,1480.0354659462948,0.4261132663066515,17,19,0,-2,0.0,1,0.5553232301946823,0.4819220532514041,1.0,20.0,-4.107067604323276,1479.2079463307555,0,1,0
5,1996,R,RS,DET,TB,NFC,NFC,Central,Central,1,1,A,1512.8352734302082,1448.1099872646707,0.5139921576048125,27,0,0,27,1.0,1,0.6655472712215557,1.9262415100775099,1.0,22.44,21.007620696693724,1533.842894126902,1,0,0
5,1996,R,RS,TB,DET,NFC,NFC,Central,Central,1,1,H,1448.1099872646707,1512.8352734302082,0.4860078423951874,0,27,0,-27,0.0,1,0.6655472712215557,1.9262415100775099,1.0,22.44,-21.00762069669372,1427.102366567977,0,1,0
5,1996,R,RS,NYG,MIN,NFC,NFC,East,Central,1,0,H,1465.4733661783282,1534.240866454828,0.48019733822098615,15,10,0,5,1.0,0,0.7335581382736829,0.6670409608447481,1.0,20.4,7.073285206039713,1472.5466513843678,1,0,0
5,1996,R,RS,MIN,NYG,NFC,NFC,Central,East,1,0,A,1534.240866454828,1465.4733661783282,0.5198026617790138,10,15,0,-5,0.0,0,0.7335581382736828,0.6670409608447481,1.0,20.4,-7.073285206039711,1527.1675812487883,0,1,0
5,1996,R,RS,BAL,NO,AFC,NFC,Central,West,0,0,H,1480.723878532606,1454.121975340603,0.6153218171024992,17,10,0,7,1.0,1,0.4856098681973102,0.8237458925168889,1.0,20.0,6.337541462053537,1487.0614199946594,1,0,0
5,1996,R,RS,NO,BAL,NFC,AFC,West,Central,0,0,A,1454.121975340603,1480.723878532606,0.3846781828975008,10,17,0,-7,0.0,1,0.4856098681973102,0.8237458925168889,1.0,20.0,-6.337541462053537,1447.7844338785494,0,1,0
5,1996,R,RS,SF,ATL,NFC,NFC,West,West,1,1,H,1521.8111870342925,1459.8238039459757,0.6622715528920877,39,17,0,22,1.0,1,0.41207960641111846,1.6682882766633549,1.0,22.44,12.643333498091273,1534.4545205323839,1,0,0
5,1996,R,RS,ATL,SF,NFC,NFC,West,West,1,1,A,1459.8238039459757,1521.8111870342925,0.3377284471079123,17,39,0,-22,0.0,1,0.41207960641111846,1.6682882766633549,1.0,22.44,-12.643333498091273,1447.1804704478843,0,1,0
5,1996,R,RS,ARI,STL,NFC,NFC,East,West,1,0,H,1467.8238658027,1477.6538144948386,0.5646411386668069,31,28,1,3,1.0,1,0.5715649024328004,0.3882896923096126,1.0,20.4,3.4485253095511084,1471.2723911122512,1,0,0
5,1996,R,RS,STL,ARI,NFC,NFC,West,East,1,0,A,1477.6538144948386,1467.8238658027,0.43535886133319307,28,31,1,-3,0.0,1,0.5715649024328004,0.3882896923096126,1.0,20.4,-3.448525309551108,1474.2052891852875,0,1,0
5,1996,R,RS,GB,SEA,NFC,AFC,Central,West,0,0,A,1552.3263440824505,1461.8044012704556,0.5509428052718225,31,10,0,21,1.0,1,0.5961242769015229,1.580315558023456,1.0,20.0,14.19304142542615,1566.5193855078767,1,0,0
5,1996,R,RS,SEA,GB,AFC,NFC,West,Central,0,0,H,1461.8044012704556,1552.3263440824505,0.44905719472817746,10,31,0,-21,0.0,1,0.5961242769015227,1.580315558023456,1.0,20.0,-14.193041425426149,1447.6113598450295,0,1,0
5,1996,R,RS,SD,KC,AFC,AFC,West,West,1,1,H,1517.6999918903093,1539.6298689442665,0.547448526206042,22,19,0,3,1.0,1,0.6024868377732919,0.5494226776009083,1.0,22.44,5.579527433343512,1523.2795193236527,1,0,0
5,1996,R,RS,KC,SD,AFC,AFC,West,West,1,1,A,1539.6298689442665,1517.6999918903093,0.45255147379395794,19,22,0,-3,0.0,1,0.6024868377732919,0.5494226776009083,1.0,22.44,-5.579527433343511,1534.050341510923,0,1,0
5,1996,R,RS,WAS,NYJ,NFC,AFC,East,East,0,0,H,1529.4739330887392,1451.3742693147215,0.6826946772557099,31,16,0,15,1.0,1,0.3817075511963086,1.2671735142127543,1.0,20.0,8.041618018005886,1537.515551106745,1,0,0
5,1996,R,RS,NYJ,WAS,AFC,NFC,East,East,0,0,A,1451.3742693147215,1529.4739330887392,0.31730532274429013,16,31,0,-15,0.0,1,0.3817075511963086,1.2671735142127543,1.0,20.0,-8.041618018005886,1443.3326512967155,0,1,0
5,1996,R,RS,DAL,PHI,NFC,NFC,East,East,1,1,A,1498.222917628936,1513.9079691599106,0.3996566675554074,23,19,0,4,1.0,0,0.9171494315627076,0.6245993540633578,1.0,22.44,8.414417853915896,1506.637335482852,1,0,0
5,1996,R,RS,PHI,DAL,NFC,NFC,East,East,1,1,H,1513.9079691599106,1498.222917628936,0.6003433324445925,19,23,0,-4,0.0,0,0.9171494315627072,0.6245993540633578,1.0,22.44,-8.414417853915895,1505.4935513059947,0,1,0
6,1996,R,RS,DET,ATL,NFC,NFC,Central,West,1,0,H,1533.842894126902,1447.1804704478843,0.693274850575916,28,24,0,4,1.0,1,0.36632874864344583,0.5914328491841662,1.0,20.4,3.700709512422632,1537.5436036393246,1,0,0
6,1996,R,RS,ATL,DET,NFC,NFC,West,Central,1,0,A,1447.1804704478843,1533.842894126902,0.306725149424084,24,28,0,-4,0.0,1,0.36632874864344583,0.5914328491841662,1.0,20.4,-3.700709512422632,1443.4797609354616,0,1,0
6,1996,R,RS,MIN,CAR,NFC,NFC,Central,West,1,0,H,1527.1675812487883,1526.6514967384828,0.5792209828057546,14,12,0,2,1.0,1,0.5460712113469401,0.4829870327507722,1.0,20.4,4.145908502752069,1531.3134897515404,1,0,0
6,1996,R,RS,CAR,MIN,NFC,NFC,West,Central,1,0,A,1526.6514967384828,1527.1675812487883,0.42077901719424543,12,14,0,-2,0.0,1,0.5460712113469401,0.4829870327507722,1.0,20.4,-4.145908502752069,1522.5055882357308,0,1,0
6,1996,R,RS,SEA,MIA,AFC,AFC,West,East,1,0,A,1447.6113598450295,1535.423846845689,0.30531918167667743,22,15,0,7,1.0,0,1.1863975522707173,0.7860560312838052,1.0,20.4,11.139584160028429,1458.7509440050578,1,0,0
6,1996,R,RS,MIA,SEA,AFC,AFC,East,West,1,0,H,1535.423846845689,1447.6113598450295,0.6946808183233225,15,22,0,-7,0.0,0,1.186397552270717,0.7860560312838052,1.0,20.4,-11.139584160028427,1524.2842626856607,0,1,0
6,1996,R,RS,NE,BAL,AFC,AFC,East,Central,1,0,A,1501.7621092937745,1487.0614199946594,0.44226332490079484,46,38,0,8,1.0,0,0.815849816603496,0.8973774302408333,1.0,20.4,10.210206206732462,1511.972315500507,1,0,0
6,1996,R,RS,BAL,NE,AFC,AFC,Central,East,1,0,H,1487.0614199946594,1501.7621092937745,0.5577366750992052,38,46,0,-8,0.0,0,0.8158498166034961,0.8973774302408333,1.0,20.4,-10.210206206732462,1476.851213787927,0,1,0
6,1996,R,RS,GB,CHI,NFC,NFC,Central,Central,1,1,A,1566.5193855078767,1484.142533550618,0.5393171179478058,37,6,0,31,1.0,1,0.6174515360935436,2.100897210267687,1.0,22.44,21.718495245831196,1588.237880753708,1,0,0
6,1996,R,RS,CHI,GB,NFC,NFC,Central,Central,1,1,H,1484.142533550618,1566.5193855078767,0.46068288205219415,6,37,0,-31,0.0,1,0.6174515360935436,2.100897210267687,1.0,22.44,-21.718495245831193,1462.4240383047868,0,1,0
6,1996,R,RS,OAK,NYJ,AFC,AFC,West,East,1,0,A,1479.2079463307555,1443.3326512967155,0.4725051012772202,34,13,0,21,1.0,0,0.7497067357527147,1.6474752180704624,1.0,20.4,17.72830937540911,1496.9362557061645,1,0,0
6,1996,R,RS,NYJ,OAK,AFC,AFC,East,West,1,0,H,1443.3326512967155,1479.2079463307555,0.5274948987227799,13,34,0,-21,0.0,0,0.7497067357527148,1.6474752180704624,1.0,20.4,-17.72830937540911,1425.6043419213065,0,1,0
6,1996,R,RS,BUF,IND,AFC,AFC,East,East,1,1,H,1503.2234947507802,1533.1863097998032,0.5359691638622494,16,13,1,3,1.0,1,0.6236786496739989,0.38218218325457354,1.0,22.44,3.979606497099689,1507.2031012478799,1,0,0
6,1996,R,RS,IND,BUF,AFC,AFC,East,East,1,1,A,1533.1863097998032,1503.2234947507802,0.46403083613775065,13,16,1,-3,0.0,1,0.6236786496739989,0.38218218325457354,1.0,22.44,-3.979606497099689,1529.2067033027035,0,1,0
6,1996,R,RS,SF,STL,NFC,NFC,West,West,1,1,A,1534.4545205323839,1474.2052891852875,0.5075536764133974,28,11,0,17,1.0,1,0.6781528073272411,1.3973938660212804,1.0,22.44,15.441894629989125,1549.896415162373,1,0,0
6,1996,R,RS,STL,SF,NFC,NFC,West,West,1,1,H,1474.2052891852875,1534.4545205323839,0.4924463235866026,11,28,0,-17,0.0,1,0.6781528073272411,1.3973938660212804,1.0,22.44,-15.441894629989125,1458.7633945552984,0,1,0
6,1996,R,RS,DEN,SD,AFC,AFC,West,West,1,1,H,1533.892031080407,1523.2795193236527,0.5933172810448353,28,17,0,11,1.0,1,0.5220259791489102,1.091866559042875,1.0,22.44,9.9643307761169,1543.8563618565238,1,0,0
6,1996,R,RS,SD,DEN,AFC,AFC,West,West,1,1,A,1523.2795193236527,1533.892031080407,0.4066827189551648,17,28,0,-11,0.0,1,0.5220259791489102,1.091866559042875,1.0,22.44,-9.964330776116903,1513.3151885475359,0,1,0
6,1996,R,RS,NO,JAX,NFC,AFC,West,Central,0,0,H,1447.7844338785494,1496.472457112416,0.5090826655274043,17,13,0,4,1.0,1,0.6751448679023976,0.6087266930092676,1.0,20.0,5.976689711088554,1453.761123589638,1,0,0
6,1996,R,RS,JAX,NO,AFC,NFC,Central,West,0,0,A,1496.472457112416,1447.7844338785494,0.4909173344725956,13,17,0,-4,0.0,1,0.6751448679023976,0.6087266930092676,1.0,20.0,-5.976689711088554,1490.4957674013274,0,1,0
6,1996,R,RS,TEN,CIN,AFC,AFC,Central,Central,1,1,A,1506.7047027213869,1486.4428293456847,0.45017374221878154,30,27,1,3,1.0,0,0.7981216769132966,0.3851008940700704,1.0,22.44,4.751413812724552,1511.4561165341115,1,0,0
6,1996,R,RS,CIN,TEN,AFC,AFC,Central,Central,1,1,H,1486.4428293456847,1506.7047027213869,0.5498262577812185,27,30,1,-3,0.0,0,0.7981216769132967,0.3851008940700704,1.0,22.44,-4.751413812724552,1481.69141553296,0,1,0
6,1996,R,RS,PIT,KC,AFC,AFC,Central,West,1,0,A,1525.832528571362,1534.050341510923,0.4100131577276285,17,7,0,10,1.0,0,0.8915660277801153,1.0309737368200993,1.0,20.4,12.408523164825644,1538.2410517361877,1,0,0
6,1996,R,RS,KC,PIT,AFC,AFC,West,Central,1,0,H,1534.050341510923,1525.832528571362,0.5899868422723715,7,17,0,-10,0.0,0,0.8915660277801153,1.0309737368200993,1.0,20.4,-12.408523164825644,1521.6418183460974,0,1,0
7,1996,R,RS,TEN,ATL,AFC,NFC,Central,West,0,0,A,1511.4561165341115,1443.4797609354616,0.518665798408842,23,13,0,10,1.0,1,0.6564955369322533,0.9842282183815838,1.0,20.0,9.474854073563751,1520.9309706076754,1,0,0
7,1996,R,RS,ATL,TEN,NFC,AFC,West,Central,0,0,H,1443.4797609354616,1511.4561165341115,0.481334201591158,13,23,0,-10,0.0,1,0.656495536932253,0.9842282183815838,1.0,20.0,-9.47485407356375,1434.0049068618978,0,1,0
7,1996,R,RS,MIA,BUF,AFC,AFC,East,East,1,1,A,1524.2842626856607,1507.2031012478799,0.44564604346147213,21,7,0,14,1.0,0,0.8082302665745823,1.2688300415672225,1.0,22.44,15.783868601425963,1540.0681312870865,1,0,0
7,1996,R,RS,BUF,MIA,AFC,AFC,East,East,1,1,H,1507.2031012478799,1524.2842626856607,0.5543539565385279,7,21,0,-14,0.0,0,0.8082302665745824,1.2688300415672225,1.0,22.44,-15.783868601425967,1491.419232646454,0,1,0
7,1996,R,RS,CAR,STL,NFC,NFC,West,West,1,1,H,1522.5055882357308,1458.7633945552984,0.664527218379936,45,13,0,32,1.0,1,0.40867944097554976,2.180685504081613,1.0,22.44,16.41622057967466,1538.9218088154055,1,0,0
7,1996,R,RS,STL,CAR,NFC,NFC,West,West,1,1,A,1458.7633945552984,1522.5055882357308,0.33547278162006405,13,45,0,-32,0.0,1,0.40867944097554976,2.180685504081613,1.0,22.44,-16.41622057967466,1442.3471739756237,0,1,0
7,1996,R,RS,PIT,CIN,AFC,AFC,Central,Central,1,1,H,1538.2410517361877,1481.69141553296,0.6552350901862548,20,10,0,10,1.0,1,0.422761191427045,0.9928360043859369,1.0,22.44,7.681100148088308,1545.922151884276,1,0,0
7,1996,R,RS,CIN,PIT,AFC,AFC,Central,Central,1,1,A,1481.69141553296,1538.2410517361877,0.34476490981374525,10,20,0,-10,0.0,1,0.42276119142704516,0.9928360043859369,1.0,22.44,-7.6811001480883085,1474.0103153848718,0,1,0
7,1996,R,RS,DAL,ARI,NFC,NFC,East,East,1,1,H,1506.637335482852,1471.2723911122512,0.6271904246329042,17,3,0,14,1.0,1,0.4665050769105266,1.2507814607651253,1.0,22.44,10.463846170143956,1517.101181652996,1,0,0
7,1996,R,RS,ARI,DAL,NFC,NFC,East,East,1,1,A,1471.2723911122512,1506.637335482852,0.3728095753670957,3,17,0,-14,0.0,1,0.46650507691052645,1.2507814607651253,1.0,22.44,-10.463846170143952,1460.8085449421071,0,1,0
7,1996,R,RS,WAS,NE,NFC,AFC,East,East,0,0,A,1537.515551106745,1511.972315500507,0.45770959081176643,27,22,0,5,1.0,0,0.7815203771794706,0.689644941825256,1.0,20.0,7.479756753940272,1544.9953078606854,1,0,0
7,1996,R,RS,NE,WAS,AFC,NFC,East,East,0,0,H,1511.972315500507,1537.515551106745,0.5422904091882336,22,27,0,-5,0.0,0,0.7815203771794706,0.689644941825256,1.0,20.0,-7.479756753940272,1504.4925587465666,0,1,0
7,1996,R,RS,NO,CHI,NFC,NFC,West,Central,1,0,H,1453.761123589638,1462.4240383047868,0.5662918415707111,27,24,0,3,1.0,1,0.5686457125161952,0.5552138786338459,1.0,20.4,4.912336092268027,1458.673459681906,1,0,0
7,1996,R,RS,CHI,NO,NFC,NFC,Central,West,1,0,A,1462.4240383047868,1453.761123589638,0.43370815842928884,24,27,0,-3,0.0,1,0.5686457125161951,0.5552138786338459,1.0,20.4,-4.912336092268026,1457.5117022125187,0,1,0
7,1996,R,RS,JAX,NYJ,AFC,AFC,Central,East,1,0,H,1490.4957674013274,1425.6043419213065,0.6660004104438818,21,17,0,4,1.0,1,0.406464992159833,0.6012253561888532,1.0,20.4,4.096504052835281,1494.5922714541628,1,0,0
7,1996,R,RS,NYJ,JAX,AFC,AFC,East,Central,1,0,A,1425.6043419213065,1490.4957674013274,0.3339995895561182,17,21,0,-4,0.0,1,0.406464992159833,0.6012253561888532,1.0,20.4,-4.096504052835281,1421.5078378684711,0,1,0
7,1996,R,RS,TB,MIN,NFC,NFC,Central,Central,1,1,H,1427.102366567977,1531.3134897515404,0.4296493351978663,24,13,0,11,1.0,0,0.844785902535015,1.0164003396032282,1.0,22.44,13.008571434886985,1440.110938002864,1,0,0
7,1996,R,RS,MIN,TB,NFC,NFC,Central,Central,1,1,A,1531.3134897515404,1427.102366567977,0.5703506648021337,13,24,0,-11,0.0,0,0.844785902535015,1.0164003396032282,1.0,22.44,-13.008571434886985,1518.3049183166534,0,1,0
7,1996,R,RS,PHI,NYG,NFC,NFC,East,East,1,1,A,1505.4935513059947,1472.5466513843678,0.46830559133455757,19,10,0,9,1.0,0,0.7586342232214717,0.9483858481288193,1.0,22.44,11.3154025987569,1516.8089539047517,1,0,0
7,1996,R,RS,NYG,PHI,NFC,NFC,East,East,1,1,H,1472.5466513843678,1505.4935513059947,0.5316944086654424,10,19,0,-9,0.0,0,0.7586342232214716,0.9483858481288193,1.0,22.44,-11.315402598756899,1461.231248785611,0,1,0
7,1996,R,RS,OAK,DET,AFC,NFC,West,Central,0,0,H,1496.9362557061645,1537.5436036393246,0.5207008513485374,37,21,0,16,1.0,1,0.6525795838068665,1.3616249383961612,1.0,20.0,13.052513475117607,1509.9887691812821,1,0,0
7,1996,R,RS,DET,OAK,NFC,AFC,Central,West,0,0,A,1537.5436036393246,1496.9362557061645,0.47929914865146256,21,37,0,-16,0.0,1,0.6525795838068665,1.3616249383961612,1.0,20.0,-13.052513475117605,1524.491090164207,0,1,0
7,1996,R,RS,IND,BAL,AFC,AFC,East,Central,1,0,H,1529.2067033027035,1476.851213787927,0.6497607838383975,26,21,0,5,1.0,1,0.4311510086942283,0.6754468711480655,1.0,20.4,4.8259868472779885,1534.0326901499816,1,0,0
7,1996,R,RS,BAL,IND,AFC,AFC,Central,East,1,0,A,1476.851213787927,1529.2067033027035,0.3502392161616026,21,26,0,-5,0.0,1,0.43115100869422845,0.6754468711480655,1.0,20.4,-4.82598684727799,1472.025226940649,0,1,0
7,1996,R,RS,GB,SF,NFC,NFC,Central,West,1,0,H,1588.237880753708,1549.896415162373,0.6311879858561641,23,20,1,3,1.0,1,0.4601515434463136,0.37969668461736383,1.0,20.4,2.856748659956322,1591.0946294136643,1,0,0
7,1996,R,RS,SF,GB,NFC,NFC,West,Central,1,0,A,1549.896415162373,1588.237880753708,0.36881201414383596,20,23,1,-3,0.0,1,0.46015154344631376,0.37969668461736383,1.0,20.4,-2.8567486599563225,1547.0396665024166,0,1,0
8,1996,R,RS,KC,SEA,AFC,AFC,West,West,1,1,H,1521.6418183460974,1458.7509440050578,0.6634338470173001,34,16,0,18,1.0,1,0.4103261332441576,1.4500919972245432,1.0,22.44,10.951884298880838,1532.5937026449783,1,0,0
8,1996,R,RS,SEA,KC,AFC,AFC,West,West,1,1,A,1458.7509440050578,1521.6418183460974,0.3365661529827,16,34,0,-18,0.0,1,0.4103261332441578,1.4500919972245432,1.0,22.44,-10.951884298880842,1447.7990597061769,0,1,0
8,1996,R,RS,DAL,ATL,NFC,NFC,East,West,1,0,H,1517.101181652996,1434.0049068618978,0.6888923575477567,32,28,0,4,1.0,1,0.37267025014788047,0.5930149836760862,1.0,20.4,3.7636264676105835,1520.8648081206065,1,0,0
8,1996,R,RS,ATL,DAL,NFC,NFC,West,East,1,0,A,1434.0049068618978,1517.101181652996,0.31110764245224326,28,32,0,-4,0.0,1,0.3726702501478803,0.5930149836760862,1.0,20.4,-3.7636264676105826,1430.2412803942873,0,1,0
8,1996,R,RS,CAR,NO,NFC,NFC,West,West,1,1,H,1538.9218088154055,1458.673459681906,0.6853679704679904,19,7,0,12,1.0,1,0.3777994017861886,1.0934250727160637,1.0,22.44,7.719955776835217,1546.6417645922406,1,0,0
8,1996,R,RS,NO,CAR,NFC,NFC,West,West,1,1,A,1458.673459681906,1538.9218088154055,0.3146320295320097,7,19,0,-12,0.0,1,0.37779940178618876,1.0934250727160637,1.0,22.44,-7.719955776835219,1450.9535039050709,0,1,0
8,1996,R,RS,NE,IND,AFC,AFC,East,East,1,1,A,1504.4925587465666,1534.0326901499816,0.38068256013233975,27,9,0,18,1.0,0,0.9657894266447299,1.4878881118194787,1.0,22.44,20.677900261611953,1525.1704590081786,1,0,0
8,1996,R,RS,IND,NE,AFC,AFC,East,East,1,1,H,1534.0326901499816,1504.4925587465666,0.6193174398676603,9,27,0,-18,0.0,0,0.96578942664473,1.4878881118194787,1.0,22.44,-20.677900261611956,1513.3547898883696,0,1,0
8,1996,R,RS,PHI,MIA,NFC,AFC,East,East,0,0,H,1516.8089539047517,1540.0681312870865,0.5455520575206882,35,28,0,7,1.0,1,0.6059570474268852,0.8259084975107798,1.0,20.0,7.506648347399072,1524.3156022521507,1,0,0
8,1996,R,RS,MIA,PHI,AFC,NFC,East,East,0,0,A,1540.0681312870865,1516.8089539047517,0.4544479424793118,28,35,0,-7,0.0,1,0.6059570474268852,0.8259084975107798,1.0,20.0,-7.506648347399073,1532.5614829396875,0,1,0
8,1996,R,RS,WAS,NYG,NFC,NFC,East,East,1,1,H,1544.9953078606854,1461.231248785611,0.6897156197368621,31,21,0,10,1.0,1,0.3714759116549487,0.9725779544842991,1.0,22.44,6.771847782085014,1551.7671556427704,1,0,0
8,1996,R,RS,NYG,WAS,NFC,NFC,East,East,1,1,A,1461.231248785611,1544.9953078606854,0.31028438026313787,21,31,0,-10,0.0,1,0.3714759116549487,0.9725779544842991,1.0,22.44,-6.771847782085014,1454.459401003526,0,1,0
8,1996,R,RS,BUF,NYJ,AFC,AFC,East,East,1,1,A,1491.419232646454,1421.5078378684711,0.5214460558717386,25,22,0,3,1.0,1,0.6511494502142778,0.5294500233397306,1.0,22.44,5.685631706167351,1497.1048643526215,1,0,0
8,1996,R,RS,NYJ,BUF,AFC,AFC,East,East,1,1,H,1421.5078378684711,1491.419232646454,0.47855394412826135,22,25,0,-3,0.0,1,0.6511494502142778,0.5294500233397306,1.0,22.44,-5.685631706167351,1415.8222061623037,0,1,0
8,1996,R,RS,SF,CIN,NFC,AFC,West,Central,0,0,H,1547.0396665024166,1474.0103153848718,0.6763386564257369,28,21,0,7,1.0,1,0.3910613573392828,0.7948391872375221,1.0,20.0,5.145174385335434,1552.184840887752,1,0,0
8,1996,R,RS,CIN,SF,AFC,NFC,Central,West,0,0,A,1474.0103153848718,1547.0396665024166,0.3236613435742631,21,28,0,-7,0.0,1,0.3910613573392828,0.7948391872375221,1.0,20.0,-5.145174385335434,1468.8651409995364,0,1,0
8,1996,R,RS,ARI,TB,NFC,NFC,East,Central,1,0,H,1460.8085449421071,1440.110938002864,0.6072459843010901,13,9,0,4,1.0,1,0.498821324047056,0.6221354800046408,1.0,20.4,4.984662644844067,1465.7932075869512,1,0,0
8,1996,R,RS,TB,ARI,NFC,NFC,Central,East,1,0,A,1440.110938002864,1460.8085449421071,0.3927540156989099,9,13,0,-4,0.0,1,0.498821324047056,0.6221354800046408,1.0,20.4,-4.984662644844067,1435.12627535802,0,1,0
8,1996,R,RS,DEN,BAL,AFC,AFC,West,Central,1,0,H,1543.8563618565238,1472.025226940649,0.6748269315650492,45,34,0,11,1.0,1,0.39329901866652084,1.0412983997277705,1.0,20.4,6.907484794236013,1550.76384665076,1,0,0
8,1996,R,RS,BAL,DEN,AFC,AFC,Central,West,1,0,A,1472.025226940649,1543.8563618565238,0.3251730684349507,34,45,0,-11,0.0,1,0.39329901866652084,1.0412983997277705,1.0,20.4,-6.907484794236012,1465.1177421464129,0,1,0
8,1996,R,RS,TEN,PIT,AFC,AFC,Central,Central,1,1,H,1520.9309706076754,1545.922151884276,0.5430790890034627,23,13,0,10,1.0,1,0.610500317714337,1.0174105824332722,1.0,22.44,10.431821258904913,1531.3627918665802,1,0,0
8,1996,R,RS,PIT,TEN,AFC,AFC,Central,Central,1,1,A,1545.922151884276,1520.9309706076754,0.4569209109965372,13,23,0,-10,0.0,1,0.6105003177143368,1.0174105824332722,1.0,22.44,-10.43182125890491,1535.4903306253711,0,1,0
8,1996,R,RS,STL,JAX,NFC,AFC,West,Central,0,0,H,1442.3471739756237,1494.5922714541628,0.5039645403369969,17,14,0,3,1.0,1,0.6852493698601138,0.536632558743878,1.0,20.0,5.323775558933061,1447.6709495345567,1,0,0
8,1996,R,RS,JAX,STL,AFC,NFC,Central,West,0,0,A,1494.5922714541628,1442.3471739756237,0.496035459663003,14,17,0,-3,0.0,1,0.6852493698601135,0.536632558743878,1.0,20.0,-5.323775558933059,1489.2684958952298,0,1,0
8,1996,R,RS,OAK,SD,AFC,AFC,West,West,1,1,A,1509.9887691812821,1513.3151885475359,0.4168412826868287,23,14,0,9,1.0,0,0.875049746694358,0.9707995179752552,1.0,22.44,12.703961725490393,1522.6927309067726,1,0,0
8,1996,R,RS,SD,OAK,AFC,AFC,West,West,1,1,H,1513.3151885475359,1509.9887691812821,0.5831587173131714,14,23,0,-9,0.0,0,0.8750497466943581,0.9707995179752552,1.0,22.44,-12.703961725490393,1500.6112268220454,0,1,0
9,1996,R,RS,PIT,ATL,AFC,NFC,Central,West,0,0,A,1535.4903306253711,1430.2412803942873,0.5718141718656294,20,17,0,3,1.0,1,0.5589412147462343,0.5156447950673141,1.0,20.0,4.415835871981514,1539.9061664973526,1,0,0
9,1996,R,RS,ATL,PIT,NFC,AFC,West,Central,0,0,H,1430.2412803942873,1535.4903306253711,0.42818582813437056,17,20,0,-3,0.0,1,0.5589412147462343,0.5156447950673141,1.0,20.0,-4.415835871981514,1425.8254445223058,0,1,0
9,1996,R,RS,PHI,CAR,NFC,NFC,East,West,1,0,H,1524.3156022521507,1546.6417645922406,0.5468833007128702,20,9,0,11,1.0,1,0.6035198435390584,1.0818143069279502,1.0,20.4,9.99983781113445,1534.3154400632852,1,0,0
9,1996,R,RS,CAR,PHI,NFC,NFC,West,East,1,0,A,1546.6417645922406,1524.3156022521507,0.45311669928712983,9,20,0,-11,0.0,1,0.6035198435390584,1.0818143069279502,1.0,20.4,-9.99983781113445,1536.6419267811061,0,1,0
9,1996,R,RS,CIN,JAX,AFC,AFC,Central,Central,1,1,H,1468.8651409995364,1489.2684958952298,0.5496246632945216,28,21,0,7,1.0,1,0.5985196640908176,0.8277651110422303,1.0,22.44,8.365743989034652,1477.230884988571,1,0,0
9,1996,R,RS,JAX,CIN,AFC,AFC,Central,Central,1,1,A,1489.2684958952298,1468.8651409995364,0.45037533670547836,21,28,0,-7,0.0,1,0.5985196640908176,0.8277651110422303,1.0,22.44,-8.365743989034652,1480.9027519061951,0,1,0
9,1996,R,RS,WAS,IND,NFC,AFC,East,East,0,0,H,1551.7671556427704,1513.3547898883696,0.6312829901986458,31,16,0,15,1.0,1,0.4600010380573376,1.3062065864168388,1.0,20.0,9.632411734529022,1561.3995673772995,1,0,0
9,1996,R,RS,IND,WAS,AFC,NFC,East,East,0,0,A,1513.3547898883696,1551.7671556427704,0.36871700980135425,16,31,0,-15,0.0,1,0.4600010380573376,1.3062065864168388,1.0,20.0,-9.632411734529022,1503.7223781538405,0,1,0
9,1996,R,RS,NYG,DET,NFC,NFC,East,Central,1,0,A,1454.459401003526,1524.491090164207,0.3274501822280721,35,7,0,28,1.0,0,1.1164193508116722,1.9694898525342872,1.0,20.4,27.021432845082156,1481.4808338486082,1,0,0
9,1996,R,RS,DET,NYG,NFC,NFC,Central,East,1,0,H,1524.491090164207,1454.459401003526,0.6725498177719279,7,35,0,-28,0.0,0,1.1164193508116722,1.9694898525342872,1.0,20.4,-27.021432845082156,1497.4696573191247,0,1,0
9,1996,R,RS,GB,TB,NFC,NFC,Central,Central,1,1,H,1591.0946294136643,1435.12627535802,0.7710821068602302,13,7,0,6,1.0,1,0.25996041710674883,0.6874913078076482,1.0,22.44,3.5315861453386024,1594.626215559003,1,0,0
9,1996,R,RS,TB,GB,NFC,NFC,Central,Central,1,1,A,1435.12627535802,1591.0946294136643,0.22891789313976987,7,13,0,-6,0.0,1,0.25996041710674883,0.6874913078076482,1.0,22.44,-3.531586145338603,1431.5946892126813,0,1,0
9,1996,R,RS,SF,TEN,NFC,AFC,West,Central,0,0,A,1552.184840887752,1531.3627918665802,0.45097202169685574,10,9,0,1,1.0,0,0.7963499775526588,0.39756853124528124,1.0,20.0,4.365524938930943,1556.550365826683,1,0,0
9,1996,R,RS,TEN,SF,AFC,NFC,Central,West,0,0,H,1531.3627918665802,1552.184840887752,0.5490279783031442,9,10,0,-1,0.0,0,0.7963499775526587,0.39756853124528124,1.0,20.0,-4.365524938930943,1526.9972669276492,0,1,0
9,1996,R,RS,BAL,STL,AFC,NFC,Central,West,0,0,H,1465.1177421464129,1447.6709495345567,0.6027740757155735,37,31,1,6,1.0,1,0.5062128195985726,0.5338399368480028,1.0,20.0,4.241101246687755,1469.3588433931006,1,0,0
9,1996,R,RS,STL,BAL,NFC,AFC,West,Central,0,0,A,1447.6709495345567,1465.1177421464129,0.3972259242844265,31,37,1,-6,0.0,1,0.5062128195985726,0.5338399368480028,1.0,20.0,-4.241101246687755,1443.429848287869,0,1,0
9,1996,R,RS,NYJ,ARI,AFC,NFC,East,East,0,0,A,1415.8222061623037,1465.7932075869512,0.353369299973228,31,21,0,10,1.0,0,1.040241593347566,0.997860351437311,1.0,20.0,12.90494275157738,1428.7271489138811,1,0,0
9,1996,R,RS,ARI,NYJ,NFC,AFC,East,East,0,0,H,1465.7932075869512,1415.8222061623037,0.646630700026772,21,31,0,-10,0.0,0,1.0402415933475662,0.997860351437311,1.0,20.0,-12.904942751577382,1452.8882648353738,0,1,0
9,1996,R,RS,DAL,MIA,NFC,AFC,East,East,0,0,A,1520.8648081206065,1532.5614829396875,0.40517771113245127,29,10,0,19,1.0,0,0.903429515197426,1.5661448827151818,1.0,20.0,18.631557676696865,1539.4963657973035,1,0,0
9,1996,R,RS,MIA,DAL,AFC,NFC,East,East,0,0,H,1532.5614829396875,1520.8648081206065,0.5948222888675487,10,29,0,-19,0.0,0,0.903429515197426,1.5661448827151818,1.0,20.0,-18.631557676696865,1513.9299252629905,0,1,0
9,1996,R,RS,DEN,KC,AFC,AFC,West,West,1,1,H,1550.76384665076,1532.5937026449783,0.6037706524134373,34,7,0,27,1.0,1,0.5045608677044348,1.996954771826773,1.0,22.44,17.75569681883385,1568.5195434695938,1,0,0
9,1996,R,RS,KC,DEN,AFC,AFC,West,West,1,1,A,1532.5937026449783,1550.76384665076,0.3962293475865627,7,34,0,-27,0.0,1,0.5045608677044348,1.996954771826773,1.0,22.44,-17.75569681883385,1514.8380058261444,0,1,0
9,1996,R,RS,SEA,SD,AFC,AFC,West,West,1,1,H,1447.7990597061769,1500.6112268220454,0.5031485029994996,32,13,0,19,1.0,1,0.6868699178641032,1.5167188645321612,1.0,22.44,16.910425821061022,1464.7094855272378,1,0,0
9,1996,R,RS,SD,SEA,AFC,AFC,West,West,1,1,A,1500.6112268220454,1447.7990597061769,0.4968514970005004,13,32,0,-19,0.0,1,0.6868699178641035,1.5167188645321612,1.0,22.44,-16.910425821061025,1483.7008010009845,0,1,0
9,1996,R,RS,NE,BUF,AFC,AFC,East,East,1,1,H,1525.1704590081786,1497.1048643526215,0.6173142364775748,28,25,0,3,1.0,1,0.4823770873541758,0.5467850176812838,1.0,22.44,4.695499133896221,1529.8659581420748,1,0,0
9,1996,R,RS,BUF,NE,AFC,AFC,East,East,1,1,A,1497.1048643526215,1525.1704590081786,0.38268576352242517,25,28,0,-3,0.0,1,0.4823770873541758,0.5467850176812838,1.0,22.44,-4.69549913389622,1492.4093652187253,0,1,0
9,1996,R,RS,CHI,MIN,NFC,NFC,Central,Central,1,1,A,1457.5117022125187,1518.3049183166534,0.3392676912439623,15,13,0,2,1.0,0,1.080965833523766,0.4607767614634676,1.0,22.44,6.831860096409585,1464.3435623089283,1,0,0
9,1996,R,RS,MIN,CHI,NFC,NFC,Central,Central,1,1,H,1518.3049183166534,1457.5117022125187,0.6607323087560377,13,15,0,-2,0.0,0,1.080965833523766,0.4607767614634676,1.0,22.44,-6.831860096409585,1511.4730582202437,0,1,0
10,1996,R,RS,ATL,CAR,NFC,NFC,West,West,1,1,H,1425.8254445223058,1536.6419267811061,0.42035762049151354,20,17,0,3,1.0,0,0.8666494526451782,0.5135351664844666,1.0,22.44,6.679641777150976,1432.5050862994567,1,0,0
10,1996,R,RS,CAR,ATL,NFC,NFC,West,West,1,1,A,1536.6419267811061,1425.8254445223058,0.5796423795084865,17,20,0,-3,0.0,0,0.8666494526451783,0.5135351664844666,1.0,22.44,-6.679641777150977,1529.9622850039552,0,1,0
10,1996,R,RS,CHI,TB,NFC,NFC,Central,Central,1,1,H,1464.3435623089283,1431.5946892126813,0.6236625254181064,13,10,0,3,1.0,1,0.4721458815615814,0.5447887216496077,1.0,22.44,4.600747798240831,1468.944310107169,1,0,0
10,1996,R,RS,TB,CHI,NFC,NFC,Central,Central,1,1,A,1431.5946892126813,1464.3435623089283,0.37633747458189354,10,13,0,-3,0.0,1,0.4721458815615812,0.5447887216496077,1.0,22.44,-4.60074779824083,1426.9939414144405,0,1,0
10,1996,R,RS,CIN,BAL,AFC,AFC,Central,Central,1,1,A,1477.230884988571,1469.3588433931006,0.4325903468408396,24,21,0,3,1.0,0,0.8379640799959195,0.555562963213011,1.0,22.44,7.073801328661438,1484.3046863172324,1,0,0
10,1996,R,RS,BAL,CIN,AFC,AFC,Central,Central,1,1,H,1469.3588433931006,1477.230884988571,0.5674096531591604,21,24,0,-3,0.0,0,0.8379640799959194,0.555562963213011,1.0,22.44,-7.073801328661438,1462.2850420644393,0,1,0
10,1996,R,RS,SD,IND,AFC,AFC,West,East,1,0,A,1483.7008010009845,1503.7223781538405,0.39368252777819374,26,19,0,7,1.0,0,0.9322104615493928,0.8280139432679013,1.0,20.4,10.241602149350722,1493.9424031503352,1,0,0
10,1996,R,RS,IND,SD,AFC,AFC,East,West,1,0,H,1503.7223781538405,1483.7008010009845,0.6063174722218062,19,26,0,-7,0.0,0,0.9322104615493926,0.8280139432679013,1.0,20.4,-10.24160214935072,1493.4807760044898,0,1,0
10,1996,R,RS,NYG,ARI,NFC,NFC,East,East,1,1,H,1481.4808338486082,1452.8882648353738,0.6180306090009156,16,8,0,8,1.0,1,0.481217293623278,0.8876274444977656,1.0,22.44,7.608203783335383,1489.0890376319435,1,0,0
10,1996,R,RS,ARI,NYG,NFC,NFC,East,East,1,1,A,1452.8882648353738,1481.4808338486082,0.38196939099908434,8,16,0,-8,0.0,1,0.48121729362327775,0.8876274444977656,1.0,22.44,-7.608203783335381,1445.2800610520385,0,1,0
10,1996,R,RS,PHI,DAL,NFC,NFC,East,East,1,1,A,1534.3154400632852,1539.4963657973035,0.4142485841283853,31,21,0,10,1.0,0,0.8812890405970928,1.033468158848357,1.0,22.44,13.584176013094039,1547.8996160763793,1,0,0
10,1996,R,RS,DAL,PHI,NFC,NFC,East,East,1,1,H,1539.4963657973035,1534.3154400632852,0.5857514158716147,21,31,0,-10,0.0,0,0.8812890405970928,1.033468158848357,1.0,22.44,-13.584176013094039,1525.9121897842094,0,1,0
10,1996,R,RS,GB,DET,NFC,NFC,Central,Central,1,1,H,1594.626215559003,1497.4696573191247,0.7059684673135558,28,18,0,10,1.0,1,0.34818470634817394,0.9629092568385291,1.0,22.44,6.353340363011877,1600.979555922015,1,0,0
10,1996,R,RS,DET,GB,NFC,NFC,Central,Central,1,1,A,1497.4696573191247,1594.626215559003,0.2940315326864442,18,28,0,-10,0.0,1,0.34818470634817394,0.9629092568385291,1.0,22.44,-6.353340363011877,1491.1163169561128,0,1,0
10,1996,R,RS,PIT,STL,AFC,NFC,Central,West,0,0,H,1539.9061664973526,1443.429848287869,0.705154987182573,42,6,0,36,1.0,1,0.34933766035585395,2.3200733515492686,1.0,20.0,13.6812411414983,1553.587407638851,1,0,0
10,1996,R,RS,STL,PIT,NFC,AFC,West,Central,0,0,A,1443.429848287869,1539.9061664973526,0.29484501281742703,6,42,0,-36,0.0,1,0.34933766035585395,2.3200733515492686,1.0,20.0,-13.6812411414983,1429.7486071463707,0,1,0
10,1996,R,RS,BUF,WAS,AFC,NFC,East,East,0,0,H,1492.4093652187253,1561.3995673772995,0.4798773553375566,38,13,0,25,1.0,0,0.7342247174417924,1.8169107948033913,1.0,20.0,18.900328954177642,1511.309694172903,1,0,0
10,1996,R,RS,WAS,BUF,NFC,AFC,East,East,0,0,A,1561.3995673772995,1492.4093652187253,0.5201226446624433,13,38,0,-25,0.0,0,0.7342247174417922,1.8169107948033913,1.0,20.0,-18.900328954177635,1542.4992384231218,0,1,0
10,1996,R,RS,KC,MIN,AFC,NFC,West,Central,0,0,A,1514.8380058261444,1511.4730582202437,0.4262334868338417,21,6,0,15,1.0,0,0.8527679917006129,1.3427315973563265,1.0,20.0,15.408288534663308,1530.2462943608077,1,0,0
10,1996,R,RS,MIN,KC,NFC,AFC,Central,West,0,0,H,1511.4730582202437,1514.8380058261444,0.5737665131661582,6,21,0,-15,0.0,0,0.8527679917006127,1.3427315973563265,1.0,20.0,-15.408288534663308,1496.0647696855804,0,1,0
10,1996,R,RS,NE,MIA,AFC,AFC,East,East,1,1,H,1529.8659581420748,1513.9299252629905,0.600689926306958,42,23,0,19,1.0,1,0.5096764071901305,1.5609001872809491,1.0,22.44,13.986474308110736,1543.8524324501855,1,0,0
10,1996,R,RS,MIA,NE,AFC,AFC,East,East,1,1,A,1513.9299252629905,1529.8659581420748,0.39931007369304206,23,42,0,-19,0.0,1,0.5096764071901307,1.5609001872809491,1.0,22.44,-13.98647430811074,1499.9434509548798,0,1,0
10,1996,R,RS,SEA,TEN,AFC,AFC,West,Central,1,0,H,1464.7094855272378,1526.9972669276492,0.48951357741751045,23,16,0,7,1.0,0,0.7143430800775304,0.8013452453328815,1.0,20.4,8.345147697886791,1473.0546332251247,1,0,0
10,1996,R,RS,TEN,SEA,AFC,AFC,Central,West,1,0,A,1526.9972669276492,1464.7094855272378,0.5104864225824897,16,23,0,-7,0.0,0,0.7143430800775307,0.8013452453328815,1.0,20.4,-8.345147697886793,1518.6521192297623,0,1,0
10,1996,R,RS,SF,NO,NFC,NFC,West,West,1,1,A,1556.550365826683,1450.9535039050709,0.5723043167693574,24,17,0,7,1.0,1,0.5580844067519884,0.7757435884315763,1.0,22.44,7.445192210441791,1563.9955580371247,1,0,0
10,1996,R,RS,NO,SF,NFC,NFC,West,West,1,1,H,1450.9535039050709,1556.550365826683,0.4276956832306426,17,24,0,-7,0.0,1,0.5580844067519887,0.7757435884315763,1.0,22.44,-7.445192210441792,1443.5083116946291,0,1,0
10,1996,R,RS,DEN,OAK,AFC,AFC,West,West,1,1,A,1568.5195434695938,1522.6927309067726,0.4868017887545816,22,21,0,1,1.0,0,0.71989824335912,0.38989689872540145,1.0,22.44,4.490118133950511,1573.0096616035444,1,0,0
10,1996,R,RS,OAK,DEN,AFC,AFC,West,West,1,1,H,1522.6927309067726,1568.5195434695938,0.5131982112454184,21,22,0,-1,0.0,0,0.71989824335912,0.38989689872540145,1.0,22.44,-4.490118133950511,1518.202612772822,0,1,0
11,1996,R,RS,STL,ATL,NFC,NFC,West,West,1,1,H,1429.7486071463707,1432.5050862994567,0.5746228879827763,59,16,0,43,1.0,1,0.554041300332978,2.8456950432686976,1.0,22.44,27.16347501936452,1456.9120821657352,1,0,0
11,1996,R,RS,ATL,STL,NFC,NFC,West,West,1,1,A,1432.5050862994567,1429.7486071463707,0.4253771120172237,16,59,0,-43,0.0,1,0.554041300332978,2.8456950432686976,1.0,22.44,-27.16347501936452,1405.3416112800921,0,1,0
11,1996,R,RS,BUF,PHI,AFC,NFC,East,East,0,0,A,1511.309694172903,1547.8996160763793,0.3711622508517739,24,17,0,7,1.0,0,0.9911159781449952,0.8173510115622912,1.0,20.0,10.279623407497139,1521.5893175804001,1,0,0
11,1996,R,RS,PHI,BUF,NFC,AFC,East,East,0,0,H,1547.8996160763793,1511.309694172903,0.6288377491482261,17,24,0,-7,0.0,0,0.9911159781449952,0.8173510115622912,1.0,20.0,-10.279623407497139,1537.619992668882,0,1,0
11,1996,R,RS,CIN,PIT,AFC,AFC,Central,Central,1,1,H,1484.3046863172324,1553.587407638851,0.4794570825985728,34,24,0,10,1.0,0,0.7351008931512235,0.9832536266680016,1.0,22.44,11.485368963171869,1495.7900552804042,1,0,0
11,1996,R,RS,PIT,CIN,AFC,AFC,Central,Central,1,1,A,1553.587407638851,1484.3046863172324,0.5205429174014272,24,34,0,-10,0.0,0,0.7351008931512235,0.9832536266680016,1.0,22.44,-11.485368963171869,1542.102038675679,0,1,0
11,1996,R,RS,MIA,IND,AFC,AFC,East,East,1,1,H,1499.9434509548798,1493.4807760044898,0.5875406059288962,37,13,0,24,1.0,1,0.5318099188775395,1.8526362997332562,1.0,22.44,17.147239791760164,1517.09069074664,1,0,0
11,1996,R,RS,IND,MIA,AFC,AFC,East,East,1,1,A,1493.4807760044898,1499.9434509548798,0.4124593940711037,13,37,0,-24,0.0,1,0.5318099188775394,1.8526362997332562,1.0,22.44,-17.14723979176016,1476.3335362127298,0,1,0
11,1996,R,RS,ARI,WAS,NFC,NFC,East,East,1,1,A,1445.2800610520385,1542.4992384231218,0.29395671406552987,37,34,1,3,1.0,0,1.2243227535526395,0.3631027462767212,1.0,22.44,5.752858787176761,1451.0329198392153,1,0,0
11,1996,R,RS,WAS,ARI,NFC,NFC,East,East,1,1,H,1542.4992384231218,1445.2800610520385,0.7060432859344702,34,37,1,-3,0.0,0,1.2243227535526398,0.3631027462767212,1.0,22.44,-5.752858787176762,1536.746379635945,0,1,0
11,1996,R,RS,KC,GB,AFC,NFC,West,Central,0,0,H,1530.2462943608077,1600.979555922015,0.4773734806908528,27,20,0,7,1.0,0,0.7394561160739324,0.796221012023722,1.0,20.0,8.32252432229529,1538.568818683103,1,0,0
11,1996,R,RS,GB,KC,NFC,AFC,Central,West,0,0,A,1600.979555922015,1530.2462943608077,0.5226265193091473,20,27,0,-7,0.0,0,0.7394561160739325,0.796221012023722,1.0,20.0,-8.32252432229529,1592.6570315997196,0,1,0
11,1996,R,RS,TEN,NO,AFC,NFC,Central,West,0,0,A,1518.6521192297623,1443.5083116946291,0.5289568303763762,31,14,0,17,1.0,1,0.6368484565476029,1.381687201368133,1.0,20.0,13.016686375216791,1531.668805604979,1,0,0
11,1996,R,RS,NO,TEN,NFC,AFC,West,Central,0,0,H,1443.5083116946291,1518.6521192297623,0.4710431696236238,14,31,0,-17,0.0,1,0.6368484565476029,1.381687201368133,1.0,20.0,-13.016686375216791,1430.4916253194124,0,1,0
11,1996,R,RS,NE,NYJ,AFC,AFC,East,East,1,1,A,1543.8524324501855,1428.7271489138811,0.5856736934583014,31,27,0,4,1.0,1,0.5349924815983546,0.5791014752770642,1.0,22.44,5.3841857271770195,1549.2366181773625,1,0,0
11,1996,R,RS,NYJ,NE,AFC,AFC,East,East,1,1,H,1428.7271489138811,1543.8524324501855,0.4143263065416986,27,31,0,-4,0.0,1,0.5349924815983548,0.5791014752770642,1.0,22.44,-5.38418572717702,1423.342963186704,0,1,0
11,1996,R,RS,TB,OAK,NFC,AFC,Central,West,0,0,H,1426.9939414144405,1518.202612772822,0.44807937013304877,20,17,1,3,1.0,0,0.8027848967835461,0.36472995857137064,1.0,20.0,4.026039769321158,1431.0199811837617,1,0,0
11,1996,R,RS,OAK,TB,AFC,NFC,West,Central,0,0,A,1518.202612772822,1426.9939414144405,0.5519206298669512,17,20,1,-3,0.0,0,0.8027848967835461,0.36472995857137064,1.0,20.0,-4.026039769321158,1514.1765730035008,0,1,0
11,1996,R,RS,DEN,CHI,AFC,NFC,West,Central,0,0,H,1573.0096616035444,1468.944310107169,0.7141557039006915,17,12,0,5,1.0,1,0.3366542677269013,0.6496524998170428,1.0,20.0,3.7139892303871744,1576.7236508339315,1,0,0
11,1996,R,RS,CHI,DEN,NFC,AFC,Central,West,0,0,A,1468.944310107169,1573.0096616035444,0.2858442960993085,12,17,0,-5,0.0,1,0.3366542677269013,0.6496524998170428,1.0,20.0,-3.7139892303871744,1465.230320876782,0,1,0
11,1996,R,RS,DAL,SF,NFC,NFC,East,West,1,0,A,1525.9121897842094,1563.9955580371247,0.3691579436314484,20,17,1,3,1.0,0,0.9965306949994296,0.3797727656429573,1.0,20.4,4.887363301591894,1530.7995530858013,1,0,0
11,1996,R,RS,SF,DAL,NFC,NFC,West,East,1,0,H,1563.9955580371247,1525.9121897842094,0.6308420563685515,17,20,1,-3,0.0,0,0.9965306949994294,0.3797727656429573,1.0,20.4,-4.887363301591893,1559.1081947355328,0,1,0
11,1996,R,RS,JAX,BAL,AFC,AFC,Central,Central,1,1,H,1480.9027519061951,1462.2850420644393,0.6043868428151312,30,27,0,3,1.0,1,0.5035408178226,0.5508571363541419,1.0,22.44,4.8902668647424985,1485.7930187709376,1,0,0
11,1996,R,RS,BAL,JAX,AFC,AFC,Central,Central,1,1,A,1462.2850420644393,1480.9027519061951,0.3956131571848687,27,30,0,-3,0.0,1,0.5035408178225997,0.5508571363541419,1.0,22.44,-4.890266864742498,1457.3947751996968,0,1,0
11,1996,R,RS,SEA,MIN,AFC,NFC,West,Central,0,0,H,1473.0546332251247,1496.0647696855804,0.5459074582526686,42,23,0,19,1.0,1,0.6053058079820774,1.5522262817960257,1.0,20.0,14.097087553355335,1487.15172077848,1,0,0
11,1996,R,RS,MIN,SEA,NFC,AFC,Central,West,0,0,A,1496.0647696855804,1473.0546332251247,0.4540925417473314,23,42,0,-19,0.0,1,0.6053058079820774,1.5522262817960257,1.0,20.0,-14.097087553355335,1481.967682132225,0,1,0
11,1996,R,RS,CAR,NYG,NFC,NFC,West,East,1,0,H,1529.9622850039552,1489.0890376319435,0.6345741540284043,27,17,0,10,1.0,1,0.4548011286353377,1.0048930233706206,1.0,20.4,7.491163216793735,1537.453448220749,1,0,0
11,1996,R,RS,NYG,CAR,NFC,NFC,East,West,1,0,A,1489.0890376319435,1529.9622850039552,0.36542584597159566,17,27,0,-10,0.0,1,0.4548011286353377,1.0048930233706206,1.0,20.4,-7.491163216793735,1481.5978744151498,0,1,0
11,1996,R,RS,SD,DET,AFC,NFC,West,Central,0,0,H,1493.9424031503352,1491.1163169561128,0.5824584300614445,27,21,0,6,1.0,1,0.5404974607902457,0.771528493154343,1.0,20.0,6.4429043656798495,1500.385307516015,1,0,0
11,1996,R,RS,DET,SD,NFC,AFC,Central,West,0,0,A,1491.1163169561128,1493.9424031503352,0.41754156993855557,21,27,0,-6,0.0,1,0.540497460790246,0.771528493154343,1.0,20.0,-6.44290436567985,1484.673412590433,0,1,0
12,1996,R,RS,ATL,NO,NFC,NFC,West,West,1,1,H,1405.3416112800921,1430.4916253194124,0.5428521981554872,17,15,0,2,1.0,1,0.6109181910254019,0.4736564689761451,1.0,22.44,4.858955945674952,1410.2005672257671,1,0,0
12,1996,R,RS,NO,ATL,NFC,NFC,West,West,1,1,A,1430.4916253194124,1405.3416112800921,0.45714780184451287,15,17,0,-2,0.0,1,0.6109181910254021,0.4736564689761451,1.0,22.44,-4.8589559456749525,1425.6326693737374,0,1,0
12,1996,R,RS,BUF,CIN,AFC,AFC,East,Central,1,0,H,1521.5893175804001,1495.7900552804042,0.6142275898103583,31,17,0,14,1.0,1,0.48738975207162,1.2601595644739456,1.0,20.4,9.91714976517712,1531.5064673455772,1,0,0
12,1996,R,RS,CIN,BUF,AFC,AFC,Central,East,1,0,A,1495.7900552804042,1521.5893175804001,0.38577241018964165,17,31,0,-14,0.0,1,0.48738975207161983,1.2601595644739456,1.0,20.4,-9.917149765177118,1485.872905515227,0,1,0
12,1996,R,RS,CAR,STL,NFC,NFC,West,West,1,1,A,1537.453448220749,1456.9120821657352,0.5366909080048022,20,10,0,10,1.0,1,0.6223329404965969,0.9749336273444935,1.0,22.44,10.136049570094206,1547.589497790843,1,0,0
12,1996,R,RS,STL,CAR,NFC,NFC,West,West,1,1,H,1456.9120821657352,1537.453448220749,0.4633090919951979,10,20,0,-10,0.0,1,0.6223329404965972,0.9749336273444935,1.0,22.44,-10.13604957009421,1446.776032595641,0,1,0
12,1996,R,RS,KC,CHI,AFC,NFC,West,Central,0,0,H,1538.568818683103,1465.230320876782,0.6767280949942079,14,10,0,4,1.0,1,0.3904857189551217,0.5973876426510458,1.0,20.0,3.8623728253344587,1542.4311915084375,1,0,0
12,1996,R,RS,CHI,KC,NFC,AFC,Central,West,0,0,A,1465.230320876782,1538.568818683103,0.32327190500579206,10,14,0,-4,0.0,1,0.3904857189551217,0.5973876426510458,1.0,20.0,-3.8623728253344587,1461.3679480514475,0,1,0
12,1996,R,RS,IND,NYJ,AFC,AFC,East,East,1,1,H,1476.3335362127298,1423.342963186704,0.6505922921755809,34,29,0,5,1.0,1,0.4298721122685511,0.6751176552815263,1.0,22.44,5.293401051236953,1481.6269372639667,1,0,0
12,1996,R,RS,NYJ,IND,AFC,AFC,East,East,1,1,A,1423.342963186704,1476.3335362127298,0.34940770782441916,29,34,0,-5,0.0,1,0.4298721122685511,0.6751176552815263,1.0,22.44,-5.293401051236954,1418.049562135467,0,1,0
12,1996,R,RS,DEN,NE,AFC,AFC,West,East,1,0,A,1576.7236508339315,1549.2366181773625,0.46048821350130686,34,8,0,26,1.0,0,0.7754680186169242,1.929348347807494,1.0,20.4,21.234485947640028,1597.9581367815715,1,0,0
12,1996,R,RS,NE,DEN,AFC,AFC,East,West,1,0,H,1549.2366181773625,1576.7236508339315,0.5395117864986931,8,34,0,-26,0.0,0,0.7754680186169242,1.929348347807494,1.0,20.4,-21.234485947640028,1528.0021322297225,0,1,0
12,1996,R,RS,DET,SEA,NFC,AFC,Central,West,0,0,H,1484.673412590433,1487.15172077848,0.5750142444806292,17,16,0,1,1.0,1,0.5533604654818426,0.4033913020293279,1.0,20.0,3.4287111452575325,1488.1021237356904,1,0,0
12,1996,R,RS,SEA,DET,AFC,NFC,West,Central,0,0,A,1487.15172077848,1484.673412590433,0.4249857555193708,16,17,0,-1,0.0,1,0.5533604654818426,0.4033913020293279,1.0,20.0,-3.4287111452575325,1483.7230096332225,0,1,0
12,1996,R,RS,PIT,JAX,AFC,AFC,Central,Central,1,1,H,1542.102038675679,1485.7930187709376,0.6549221262726065,28,3,0,25,1.0,1,0.4232389416018629,1.8345487170536245,1.0,22.44,14.205915106697294,1556.3079537823764,1,0,0
12,1996,R,RS,JAX,PIT,AFC,AFC,Central,Central,1,1,A,1485.7930187709376,1542.102038675679,0.3450778737273935,3,28,0,-25,0.0,1,0.4232389416018629,1.8345487170536245,1.0,22.44,-14.205915106697294,1471.5871036642402,0,1,0
12,1996,R,RS,WAS,PHI,NFC,NFC,East,East,1,1,A,1536.746379635945,1537.619992668882,0.4202774907977412,26,21,0,5,1.0,0,0.8668400934902701,0.7032460604731775,1.0,22.44,9.148509087946717,1545.8948887238917,1,0,0
12,1996,R,RS,PHI,WAS,NFC,NFC,East,East,1,1,H,1537.619992668882,1536.746379635945,0.5797225092022588,21,26,0,-5,0.0,0,0.8668400934902699,0.7032460604731775,1.0,22.44,-9.148509087946715,1528.4714835809355,0,1,0
12,1996,R,RS,ARI,NYG,NFC,NFC,East,East,1,1,H,1451.0329198392153,1481.5978744151498,0.5351069932915408,31,23,0,8,1.0,1,0.6252885646201332,0.8862602795208329,1.0,22.44,9.245643664271826,1460.2785635034872,1,0,0
12,1996,R,RS,NYG,ARI,NFC,NFC,East,East,1,1,A,1481.5978744151498,1451.0329198392153,0.4648930067084592,23,31,0,-8,0.0,1,0.6252885646201329,0.8862602795208329,1.0,22.44,-9.245643664271826,1472.3522307508779,0,1,0
12,1996,R,RS,MIA,TEN,AFC,AFC,East,Central,1,0,A,1517.09069074664,1531.668805604979,0.4011864917681062,23,20,0,3,1.0,0,0.9133288930322107,0.5526168060008404,1.0,20.4,6.750653929509048,1523.841344676149,1,0,0
12,1996,R,RS,TEN,MIA,AFC,AFC,Central,East,1,0,H,1531.668805604979,1517.09069074664,0.5988135082318938,20,23,0,-3,0.0,0,0.9133288930322109,0.5526168060008404,1.0,20.4,-6.750653929509049,1524.91815167547,0,1,0
12,1996,R,RS,SF,BAL,NFC,AFC,West,Central,0,0,H,1559.1081947355328,1457.3947751996968,0.711383933415441,38,20,0,18,1.0,1,0.3405430041824143,1.4084439220591771,1.0,20.0,8.129990895792977,1567.238185631326,1,0,0
12,1996,R,RS,BAL,SF,AFC,NFC,Central,West,0,0,A,1457.3947751996968,1559.1081947355328,0.28861606658455896,20,38,0,-18,0.0,1,0.3405430041824143,1.4084439220591771,1.0,20.0,-8.129990895792977,1449.2647843039038,0,1,0
12,1996,R,RS,TB,SD,NFC,AFC,Central,West,0,0,A,1431.0199811837617,1500.385307516015,0.32829550617151876,25,17,0,8,1.0,0,1.113841142745189,0.860196817315212,1.0,20.0,11.555961355351702,1442.5759425391134,1,0,0
12,1996,R,RS,SD,TB,AFC,NFC,West,Central,0,0,H,1500.385307516015,1431.0199811837617,0.6717044938284812,17,25,0,-8,0.0,0,1.113841142745189,0.860196817315212,1.0,20.0,-11.555961355351698,1488.8293461606634,0,1,0
12,1996,R,RS,MIN,OAK,NFC,AFC,Central,West,0,0,A,1481.967682132225,1514.1765730035008,0.37706731665897186,16,13,1,3,1.0,0,0.9753315486967337,0.3815127056307515,1.0,20.0,4.753134668945196,1486.7208168011703,1,0,0
12,1996,R,RS,OAK,MIN,AFC,NFC,West,Central,0,0,H,1514.1765730035008,1481.967682132225,0.6229326833410281,13,16,1,-3,0.0,0,0.9753315486967337,0.3815127056307515,1.0,20.0,-4.753134668945196,1509.4234383345556,0,1,0
12,1996,R,RS,DAL,GB,NFC,NFC,East,Central,1,0,H,1530.7995530858013,1592.6570315997196,0.49013257642609537,21,6,0,15,1.0,0,0.7130793603384509,1.2828624646602145,1.0,20.4,13.343431504981845,1544.1429845907833,1,0,0
12,1996,R,RS,GB,DAL,NFC,NFC,Central,East,1,0,A,1592.6570315997196,1530.7995530858013,0.5098674235739046,6,21,0,-15,0.0,0,0.7130793603384508,1.2828624646602145,1.0,20.4,-13.343431504981842,1579.3136000947377,0,1,0
13,1996,R,RS,CIN,ATL,AFC,NFC,Central,West,0,0,H,1485.872905515227,1410.2005672257671,0.6796601533073078,41,31,0,10,1.0,1,0.38616238028898686,0.9785144359379936,1.0,20.0,6.2691432878992615,1492.1420488031263,1,0,0
13,1996,R,RS,ATL,CIN,NFC,AFC,West,Central,0,0,A,1410.2005672257671,1485.872905515227,0.32033984669269217,31,41,0,-10,0.0,1,0.3861623802889867,0.9785144359379936,1.0,20.0,-6.269143287899261,1403.931423937868,0,1,0
13,1996,R,RS,BUF,NYJ,AFC,AFC,East,East,1,1,H,1531.5064673455772,1418.049562135467,0.7250628663884512,35,10,0,25,1.0,1,0.3214969156268203,1.7576555059307282,1.0,22.44,10.84401256423527,1542.3504799098125,1,0,0
13,1996,R,RS,NYJ,BUF,AFC,AFC,East,East,1,1,A,1418.049562135467,1531.5064673455772,0.27493713361154876,10,35,0,-25,0.0,1,0.32149691562682015,1.7576555059307282,1.0,22.44,-10.844012564235268,1407.2055495712318,0,1,0
13,1996,R,RS,CAR,TEN,NFC,AFC,West,Central,0,0,A,1547.589497790843,1524.91815167547,0.45360913678888753,31,6,0,25,1.0,0,0.7905193839388144,1.8830372380557776,1.0,20.0,20.57748683919931,1568.1669846300424,1,0,0
13,1996,R,RS,TEN,CAR,AFC,NFC,Central,West,0,0,H,1524.91815167547,1547.589497790843,0.5463908632111124,6,31,0,-25,0.0,0,0.7905193839388143,1.8830372380557776,1.0,20.0,-20.577486839199306,1504.3406648362707,0,1,0
13,1996,R,RS,CHI,DET,NFC,NFC,Central,Central,1,1,H,1461.3679480514475,1488.1021237356904,0.5405882829183664,31,14,0,17,1.0,1,0.6150973195915375,1.4340763126061642,1.0,22.44,14.78417798933912,1476.1521260407865,1,0,0
13,1996,R,RS,DET,CHI,NFC,NFC,Central,Central,1,1,A,1488.1021237356904,1461.3679480514475,0.45941171708163353,14,31,0,-17,0.0,1,0.6150973195915372,1.4340763126061642,1.0,22.44,-14.784177989339117,1473.3179457463514,0,1,0
13,1996,R,RS,NE,IND,AFC,AFC,East,East,1,1,H,1528.0021322297225,1481.6269372639667,0.6418867322349274,27,13,0,14,1.0,1,0.4433434203983096,1.240158442539941,1.0,22.44,9.965989797555213,1537.9681220272778,1,0,0
13,1996,R,RS,IND,NE,AFC,AFC,East,East,1,1,A,1481.6269372639667,1528.0021322297225,0.3581132677650727,13,27,0,-14,0.0,1,0.44334342039830976,1.240158442539941,1.0,22.44,-9.965989797555217,1471.6609474664115,0,1,0
13,1996,R,RS,DEN,MIN,AFC,NFC,West,Central,0,0,A,1597.9581367815715,1486.7208168011703,0.580232533594106,21,17,0,4,1.0,1,0.5443263357987789,0.5807555038567973,1.0,20.0,4.875645329104924,1602.8337821106763,1,0,0
13,1996,R,RS,MIN,DEN,NFC,AFC,Central,West,0,0,H,1486.7208168011703,1597.9581367815715,0.41976746640589396,17,21,0,-4,0.0,1,0.5443263357987786,0.5807555038567973,1.0,20.0,-4.875645329104923,1481.8451714720654,0,1,0
13,1996,R,RS,JAX,BAL,AFC,AFC,Central,Central,1,1,A,1471.5871036642402,1449.2647843039038,0.45311121742544275,28,25,1,3,1.0,0,0.7916176705520598,0.3844772473896721,1.0,22.44,4.718375631807326,1476.3054792960475,1,0,0
13,1996,R,RS,BAL,JAX,AFC,AFC,Central,Central,1,1,H,1449.2647843039038,1471.5871036642402,0.5468887825745572,25,28,1,-3,0.0,0,0.7916176705520597,0.3844772473896721,1.0,22.44,-4.718375631807326,1444.5464086720965,0,1,0
13,1996,R,RS,SD,KC,AFC,AFC,West,West,1,1,A,1488.8293461606634,1542.4311915084375,0.3486082394204003,28,14,0,14,1.0,0,1.053806510431416,1.2332834971610829,1.0,22.44,18.02718989895371,1506.8565360596172,1,0,0
13,1996,R,RS,KC,SD,AFC,AFC,West,West,1,1,H,1542.4311915084375,1488.8293461606634,0.6513917605795997,14,28,0,-14,0.0,0,1.053806510431416,1.2332834971610829,1.0,22.44,-18.02718989895371,1524.4040016094837,0,1,0
13,1996,R,RS,TB,NO,NFC,NFC,Central,West,1,0,H,1442.5759425391134,1425.6326693737374,0.6020798620115515,13,7,0,6,1.0,1,0.5073651813232714,0.7629315715540415,1.0,20.4,6.193151059061972,1448.7690935981755,1,0,0
13,1996,R,RS,NO,TB,NFC,NFC,West,Central,1,0,A,1425.6326693737374,1442.5759425391134,0.3979201379884485,7,13,0,-6,0.0,1,0.5073651813232714,0.7629315715540415,1.0,20.4,-6.193151059061972,1419.4395183146753,0,1,0
13,1996,R,RS,SF,WAS,NFC,NFC,West,East,1,0,A,1567.238185631326,1545.8948887238917,0.45171505391953387,19,16,1,3,1.0,0,0.7947037096253498,0.384773321517518,1.0,20.4,4.303694564765258,1571.5418801960911,1,0,0
13,1996,R,RS,WAS,SF,NFC,NFC,East,West,1,0,H,1545.8948887238917,1567.238185631326,0.5482849460804661,16,19,1,-3,0.0,0,0.7947037096253496,0.384773321517518,1.0,20.4,-4.303694564765257,1541.5911941591264,0,1,0
13,1996,R,RS,ARI,PHI,NFC,NFC,East,East,1,1,H,1460.2785635034872,1528.4714835809355,0.48102298188182413,36,30,0,6,1.0,0,0.7318402306376823,0.7332697723858895,1.0,22.44,8.539545589256065,1468.8181090927433,1,0,0
13,1996,R,RS,PHI,ARI,NFC,NFC,East,East,1,1,A,1528.4714835809355,1460.2785635034872,0.5189770181181759,30,36,0,-6,0.0,0,0.7318402306376823,0.7332697723858895,1.0,22.44,-8.539545589256065,1519.9319379916794,0,1,0
13,1996,R,RS,NYG,DAL,NFC,NFC,East,East,1,1,H,1472.3522307508779,1544.1429845907833,0.47585495732307337,20,6,0,14,1.0,0,0.7426421826908494,1.2163125200154556,1.0,22.44,14.306042547856858,1486.6582732987347,1,0,0
13,1996,R,RS,DAL,NYG,NFC,NFC,East,East,1,1,A,1544.1429845907833,1472.3522307508779,0.5241450426769266,6,20,0,-14,0.0,0,0.7426421826908494,1.2163125200154556,1.0,22.44,-14.306042547856858,1529.8369420429265,0,1,0
13,1996,R,RS,OAK,SEA,AFC,AFC,West,West,1,1,A,1509.4234383345556,1483.7230096332225,0.45793420008831753,27,21,0,6,1.0,0,0.7810297731186153,0.757694362029708,1.0,22.44,9.216561297923093,1518.6399996324787,1,0,0
13,1996,R,RS,SEA,OAK,AFC,AFC,West,West,1,1,H,1483.7230096332225,1509.4234383345556,0.5420657999116825,21,27,0,-6,0.0,0,0.7810297731186153,0.757694362029708,1.0,22.44,-9.216561297923093,1474.5064483352994,0,1,0
13,1996,R,RS,GB,STL,NFC,NFC,Central,West,1,0,A,1579.3136000947377,1446.776032595641,0.6097691885105232,24,9,0,15,1.0,1,0.49467477290930806,1.2172781107233088,1.0,20.4,9.690396269101052,1589.0039963638387,1,0,0
13,1996,R,RS,STL,GB,NFC,NFC,West,Central,1,0,H,1446.776032595641,1579.3136000947377,0.3902308114894768,9,24,0,-15,0.0,1,0.49467477290930806,1.2172781107233088,1.0,20.4,-9.690396269101052,1437.08563632654,0,1,0
13,1996,R,RS,PIT,MIA,AFC,AFC,Central,East,1,0,A,1556.3079537823764,1523.841344676149,0.4676172353632934,24,17,0,7,1.0,0,0.7601051908605703,0.8199789114716447,1.0,20.4,8.905469852594658,1565.2134236349712,1,0,0
13,1996,R,RS,MIA,PIT,AFC,AFC,East,Central,1,0,H,1523.841344676149,1556.3079537823764,0.5323827646367066,17,24,0,-7,0.0,0,0.7601051908605704,0.8199789114716447,1.0,20.4,-8.90546985259466,1514.9358748235543,0,1,0
14,1996,R,RS,KC,DET,AFC,NFC,West,Central,0,0,A,1524.4040016094837,1473.3179457463514,0.4943676198678751,28,24,0,4,1.0,0,0.7044758687782193,0.6076047484110889,1.0,20.0,6.144492702373597,1530.5484943118572,1,0,0
14,1996,R,RS,DET,KC,NFC,AFC,Central,West,0,0,H,1473.3179457463514,1524.4040016094837,0.505632380132125,24,28,0,-4,0.0,0,0.7044758687782194,0.6076047484110889,1.0,20.0,-6.144492702373597,1467.1734530439778,0,1,0
14,1996,R,RS,DAL,WAS,NFC,NFC,East,East,1,1,H,1529.8369420429265,1541.5911941591264,0.561916205871906,21,10,0,11,1.0,1,0.5764025400769902,1.0908785472208444,1.0,22.44,10.723991017463673,1540.5609330603902,1,0,0
14,1996,R,RS,WAS,DAL,NFC,NFC,East,East,1,1,A,1541.5911941591264,1529.8369420429265,0.43808379412809406,10,21,0,-11,0.0,1,0.5764025400769904,1.0908785472208444,1.0,22.44,-10.723991017463675,1530.8672031416627,0,1,0
14,1996,R,RS,IND,BUF,AFC,AFC,East,East,1,1,H,1471.6609474664115,1542.3504799098125,0.47743628343447525,13,10,1,3,1.0,0,0.7393245657985316,0.37039665350801865,1.0,22.44,4.343393315751486,1476.004340782163,1,0,0
14,1996,R,RS,BUF,IND,AFC,AFC,East,East,1,1,A,1542.3504799098125,1471.6609474664115,0.5225637165655247,10,13,1,-3,0.0,0,0.7393245657985315,0.37039665350801865,1.0,22.44,-4.343393315751485,1538.007086594061,0,1,0
14,1996,R,RS,CAR,TB,NFC,NFC,West,Central,1,0,H,1568.1669846300424,1448.7690935981755,0.7318276099162351,24,0,0,24,1.0,1,0.3122102983355329,1.6998480690802167,1.0,20.4,9.299387317076095,1577.4663719471184,1,0,0
14,1996,R,RS,TB,CAR,NFC,NFC,Central,West,1,0,A,1448.7690935981755,1568.1669846300424,0.2681723900837649,0,24,0,-24,0.0,1,0.3122102983355329,1.6998480690802167,1.0,20.4,-9.299387317076095,1439.4697062810994,0,1,0
14,1996,R,RS,GB,CHI,NFC,NFC,Central,Central,1,1,H,1589.0039963638387,1476.1521260407865,0.724368025606722,28,17,0,11,1.0,1,0.32245569308740096,1.0099561628601461,1.0,22.44,6.246762179772338,1595.250758543611,1,0,0
14,1996,R,RS,CHI,GB,NFC,NFC,Central,Central,1,1,A,1476.1521260407865,1589.0039963638387,0.275631974393278,17,28,0,-11,0.0,1,0.32245569308740096,1.0099561628601461,1.0,22.44,-6.246762179772338,1469.9053638610142,0,1,0
14,1996,R,RS,JAX,CIN,AFC,AFC,Central,Central,1,1,H,1476.3054792960475,1492.1420488031263,0.5561232054605616,30,27,0,3,1.0,1,0.5867654167245916,0.5520674118647916,1.0,22.44,5.498920051046228,1481.8043993470937,1,0,0
14,1996,R,RS,CIN,JAX,AFC,AFC,Central,Central,1,1,A,1492.1420488031263,1476.3054792960475,0.44387679453943846,27,30,0,-3,0.0,1,0.5867654167245916,0.5520674118647916,1.0,22.44,-5.498920051046229,1486.64312875208,0,1,0
14,1996,R,RS,MIN,ARI,NFC,NFC,Central,East,1,0,H,1481.8451714720654,1468.8181090927433,0.5966666640538679,41,17,0,24,1.0,1,0.5163966731944384,1.8430075096632776,1.0,20.4,15.164265887743765,1497.0094373598092,1,0,0
14,1996,R,RS,ARI,MIN,NFC,NFC,East,Central,1,0,A,1468.8181090927433,1481.8451714720654,0.403333335946132,17,41,0,-24,0.0,1,0.5163966731944382,1.8430075096632776,1.0,20.4,-15.164265887743763,1453.6538432049995,0,1,0
14,1996,R,RS,PHI,NYG,NFC,NFC,East,East,1,1,H,1519.9319379916794,1486.6582732987347,0.6243712983808003,24,0,0,24,1.0,1,0.4710100581161316,1.813929814752348,1.0,22.44,15.289810429666423,1535.2217484213459,1,0,0
14,1996,R,RS,NYG,PHI,NFC,NFC,East,East,1,1,A,1486.6582732987347,1519.9319379916794,0.37562870161919976,0,24,0,-24,0.0,1,0.4710100581161316,1.813929814752348,1.0,22.44,-15.289810429666424,1471.3684628690683,0,1,0
14,1996,R,RS,BAL,PIT,AFC,AFC,Central,Central,1,1,H,1444.5464086720965,1565.2134236349712,0.40660701688687345,31,17,0,14,1.0,0,0.8999081204678532,1.1729403459670253,1.0,22.44,15.618566971155683,1460.164975643252,1,0,0
14,1996,R,RS,PIT,BAL,AFC,AFC,Central,Central,1,1,A,1565.2134236349712,1444.5464086720965,0.5933929831131266,17,31,0,-14,0.0,0,0.8999081204678533,1.1729403459670253,1.0,22.44,-15.618566971155683,1549.5948566638156,0,1,0
14,1996,R,RS,DEN,SEA,AFC,AFC,West,West,1,1,H,1602.8337821106763,1474.5064483352994,0.7417945945410495,34,7,0,27,1.0,1,0.29868290090244237,1.837356307535365,1.0,22.44,10.645880013272322,1613.4796621239486,1,0,0
14,1996,R,RS,SEA,DEN,AFC,AFC,West,West,1,1,A,1474.5064483352994,1602.8337821106763,0.25820540545895054,7,34,0,-27,0.0,1,0.29868290090244237,1.837356307535365,1.0,22.44,-10.645880013272322,1463.8605683220271,0,1,0
14,1996,R,RS,OAK,MIA,AFC,AFC,West,East,1,0,H,1518.6399996324787,1514.9358748235543,0.583687147657407,17,7,0,10,1.0,1,0.5383901457617549,1.0346855327907731,1.0,20.4,8.787358862848341,1527.427358495327,1,0,0
14,1996,R,RS,MIA,OAK,AFC,AFC,East,West,1,0,A,1514.9358748235543,1518.6399996324787,0.416312852342593,7,17,0,-10,0.0,1,0.5383901457617549,1.0346855327907731,1.0,20.4,-8.787358862848343,1506.148515960706,0,1,0
14,1996,R,RS,STL,NO,NFC,NFC,West,West,1,1,A,1437.08563632654,1419.4395183146753,0.4464496146622771,26,10,0,16,1.0,0,0.8064287301343538,1.38628843306778,1.0,22.44,17.220018337283864,1454.3056546638238,1,0,0
14,1996,R,RS,NO,STL,NFC,NFC,West,West,1,1,H,1419.4395183146753,1437.08563632654,0.5535503853377228,10,26,0,-16,0.0,0,0.8064287301343537,1.38628843306778,1.0,22.44,-17.220018337283864,1402.2194999773915,0,1,0
14,1996,R,RS,TEN,NYJ,AFC,AFC,Central,East,1,0,A,1504.3406648362707,1407.2055495712318,0.5603417686934955,35,10,0,25,1.0,1,0.5792083801726203,1.778951130726282,1.0,20.4,15.955462357402794,1520.2961271936736,1,0,0
14,1996,R,RS,NYJ,TEN,AFC,AFC,East,Central,1,0,H,1407.2055495712318,1504.3406648362707,0.43965823130650444,10,35,0,-25,0.0,1,0.5792083801726203,1.778951130726282,1.0,20.4,-15.955462357402793,1391.250087213829,0,1,0
14,1996,R,RS,NE,SD,AFC,AFC,East,West,1,0,A,1537.9681220272778,1506.8565360596172,0.4656758800896293,45,7,0,38,1.0,0,0.7642654231424231,2.5379839782621123,1.0,20.4,27.664563532843104,1565.632685560121,1,0,0
14,1996,R,RS,SD,NE,AFC,AFC,West,East,1,0,H,1506.8565360596172,1537.9681220272778,0.5343241199103708,7,45,0,-38,0.0,0,0.7642654231424232,2.5379839782621123,1.0,20.4,-27.664563532843104,1479.191972526774,0,1,0
14,1996,R,RS,SF,ATL,NFC,NFC,West,West,1,1,A,1571.5418801960911,1403.931423937868,0.6566132664908589,34,10,0,24,1.0,1,0.4206600692895501,1.6420366755879992,1.0,22.44,12.65287501585843,1584.1947552119495,1,0,0
14,1996,R,RS,ATL,SF,NFC,NFC,West,West,1,1,H,1403.931423937868,1571.5418801960911,0.343386733509141,10,34,0,-24,0.0,1,0.4206600692895499,1.6420366755879992,1.0,22.44,-12.652875015858429,1391.2785489220096,0,1,0
15,1996,R,RS,IND,PHI,AFC,NFC,East,East,0,0,H,1476.004340782163,1535.2217484213459,0.49393096060719294,37,10,0,27,1.0,0,0.7053595274168589,1.9343452094234115,1.0,20.0,19.578244439739684,1495.5825852219025,1,0,0
15,1996,R,RS,PHI,IND,NFC,AFC,East,East,0,0,A,1535.2217484213459,1476.004340782163,0.5060690393928069,10,37,0,-27,0.0,0,0.7053595274168586,1.9343452094234115,1.0,20.0,-19.578244439739677,1515.6435039816063,0,1,0
15,1996,R,RS,ATL,NO,NFC,NFC,West,West,1,1,A,1391.2785489220096,1402.2194999773915,0.40622660140349837,31,15,0,16,1.0,0,0.9008441435421694,1.3936601465376142,1.0,22.44,18.56951113890621,1409.8480600609157,1,0,0
15,1996,R,RS,NO,ATL,NFC,NFC,West,West,1,1,H,1402.2194999773915,1391.2785489220096,0.5937733985965016,15,31,0,-16,0.0,0,0.9008441435421691,1.3936601465376142,1.0,22.44,-18.569511138906208,1383.6499888384853,0,1,0
15,1996,R,RS,CHI,STL,NFC,NFC,Central,West,1,0,H,1469.9053638610142,1454.3056546638238,0.600225455636497,35,9,0,26,1.0,1,0.5104499349517101,1.9474700238078413,1.0,20.4,15.882398405158945,1485.787762266173,1,0,0
15,1996,R,RS,STL,CHI,NFC,NFC,West,Central,1,0,A,1454.3056546638238,1469.9053638610142,0.3997745443635029,9,35,0,-26,0.0,1,0.5104499349517099,1.9474700238078413,1.0,20.4,-15.88239840515894,1438.4232562586649,0,1,0
15,1996,R,RS,CIN,BAL,AFC,AFC,Central,Central,1,1,H,1486.64312875208,1460.164975643252,0.6151531863696249,21,14,0,7,1.0,1,0.4858839586639254,0.8238257517941244,1.0,22.44,7.114528297270007,1493.75765704935,1,0,0
15,1996,R,RS,BAL,CIN,AFC,AFC,Central,Central,1,1,A,1460.164975643252,1486.64312875208,0.38484681363037515,14,21,0,-7,0.0,1,0.4858839586639254,0.8238257517941244,1.0,22.44,-7.114528297270008,1453.050447345982,0,1,0
15,1996,R,RS,GB,DEN,NFC,AFC,Central,West,0,0,H,1595.250758543611,1613.4796621239486,0.5527211616176879,41,6,0,35,1.0,1,0.5929016331652044,2.4125592065429045,1.0,20.0,21.58173358862126,1616.8324921322323,1,0,0
15,1996,R,RS,DEN,GB,AFC,NFC,West,Central,0,0,A,1613.4796621239486,1595.250758543611,0.447278838382312,6,41,0,-35,0.0,1,0.5929016331652044,2.4125592065429045,1.0,20.0,-21.581733588621255,1591.8979285353273,0,1,0
15,1996,R,RS,JAX,TEN,AFC,AFC,Central,Central,1,1,A,1481.8043993470937,1520.2961271936736,0.3686106787734213,23,17,0,6,1.0,0,0.9980142629956382,0.7501724703202542,1.0,22.44,10.628725900653047,1492.4331252477468,1,0,0
15,1996,R,RS,TEN,JAX,AFC,AFC,Central,Central,1,1,H,1520.2961271936736,1481.8043993470937,0.6313893212265788,17,23,0,-6,0.0,0,0.9980142629956383,0.7501724703202542,1.0,22.44,-10.628725900653048,1509.6674012930205,0,1,0
15,1996,R,RS,NYG,MIA,NFC,AFC,East,East,0,0,A,1471.3684628690683,1506.148515960706,0.37359717033330836,17,7,0,10,1.0,0,0.9845771467104466,1.0096588262079667,1.0,20.0,12.649062914692417,1484.0175257837607,1,0,0
15,1996,R,RS,MIA,NYG,AFC,NFC,East,East,0,0,H,1506.148515960706,1471.3684628690683,0.6264028296666917,7,17,0,-10,0.0,0,0.9845771467104467,1.0096588262079667,1.0,20.0,-12.649062914692417,1493.4994530460135,0,1,0
15,1996,R,RS,PIT,SD,AFC,AFC,Central,West,1,0,H,1549.5948566638156,1479.191972526774,0.6730202176748304,16,3,0,13,1.0,1,0.39597990866704413,1.1599473350618283,1.0,20.4,7.737298273394413,1557.33215493721,1,0,0
15,1996,R,RS,SD,PIT,AFC,AFC,West,Central,1,0,A,1479.191972526774,1549.5948566638156,0.32697978232516955,3,16,0,-13,0.0,1,0.39597990866704413,1.1599473350618283,1.0,20.4,-7.737298273394413,1471.4546742533796,0,1,0
15,1996,R,RS,TB,WAS,NFC,NFC,Central,East,1,0,H,1439.4697062810994,1530.8672031416627,0.44781057378090655,24,10,0,14,1.0,0,0.8033849623653374,1.1985341008156536,1.0,20.4,13.50108429164162,1452.970790572741,1,0,0
15,1996,R,RS,WAS,TB,NFC,NFC,East,Central,1,0,A,1530.8672031416627,1439.4697062810994,0.5521894262190935,10,24,0,-14,0.0,0,0.8033849623653376,1.1985341008156536,1.0,20.4,-13.501084291641622,1517.3661188500212,0,1,0
15,1996,R,RS,SEA,BUF,AFC,AFC,West,East,1,0,H,1463.8605683220271,1538.007086594061,0.472473804439623,26,18,0,8,1.0,0,0.7497729739246343,0.8570908422340409,1.0,20.4,9.223612573568602,1473.0841808955956,1,0,0
15,1996,R,RS,BUF,SEA,AFC,AFC,East,West,1,0,A,1538.007086594061,1463.8605683220271,0.527526195560377,18,26,0,-8,0.0,0,0.7497729739246344,0.8570908422340409,1.0,20.4,-9.223612573568603,1528.7834740204926,0,1,0
15,1996,R,RS,CAR,SF,NFC,NFC,West,West,1,1,A,1577.4663719471184,1584.1947552119495,0.41208878017713696,30,24,0,6,1.0,0,0.886516466979518,0.7691328017552947,1.0,22.44,10.146959674707821,1587.6133316218263,1,0,0
15,1996,R,RS,SF,CAR,NFC,NFC,West,West,1,1,H,1584.1947552119495,1577.4663719471184,0.5879112198228631,24,30,0,-6,0.0,0,0.8865164669795181,0.7691328017552947,1.0,22.44,-10.146959674707821,1574.0477955372417,0,1,0
15,1996,R,RS,DAL,ARI,NFC,NFC,East,East,1,1,A,1540.5609330603902,1453.6538432049995,0.5457893389508605,10,6,0,4,1.0,1,0.6055222037845963,0.5913246115849423,1.0,22.44,6.027068554695646,1546.588001615086,1,0,0
15,1996,R,RS,ARI,DAL,NFC,NFC,East,East,1,1,H,1453.6538432049995,1540.5609330603902,0.4542106610491395,6,10,0,-4,0.0,1,0.6055222037845961,0.5913246115849423,1.0,22.44,-6.027068554695645,1447.6267746503038,0,1,0
15,1996,R,RS,NE,NYJ,AFC,AFC,East,East,1,1,H,1565.632685560121,1391.250087213829,0.7892536341025389,34,10,0,24,1.0,1,0.23666754705347876,1.6342297101744843,1.0,22.44,7.728514902023351,1573.3612004621443,1,0,0
15,1996,R,RS,NYJ,NE,AFC,AFC,East,East,1,1,A,1391.250087213829,1565.632685560121,0.21074636589746115,10,34,0,-24,0.0,1,0.23666754705347876,1.6342297101744843,1.0,22.44,-7.7285149020233535,1383.5215723118056,0,1,0
15,1996,R,RS,MIN,DET,NFC,NFC,Central,Central,1,1,A,1497.0094373598092,1467.1734530439778,0.46384926140155763,24,22,0,2,1.0,0,0.7681956472058713,0.4719222310252674,1.0,22.44,5.677801399153979,1502.6872387589633,1,0,0
15,1996,R,RS,DET,MIN,NFC,NFC,Central,Central,1,1,H,1467.1734530439778,1497.0094373598092,0.5361507385984424,22,24,0,-2,0.0,0,0.7681956472058714,0.4719222310252674,1.0,22.44,-5.677801399153981,1461.4956516448237,0,1,0
15,1996,R,RS,OAK,KC,AFC,AFC,West,West,1,1,H,1527.427358495327,1530.5484943118572,0.5741097138401752,26,7,0,19,1.0,1,0.5549347618329381,1.5768625508970515,1.0,22.44,15.0700407417336,1542.4973992370608,1,0,0
15,1996,R,RS,KC,OAK,AFC,AFC,West,West,1,1,A,1530.5484943118572,1527.427358495327,0.4258902861598248,7,26,0,-19,0.0,1,0.5549347618329381,1.5768625508970515,1.0,22.44,-15.0700407417336,1515.4784535701235,0,1,0
16,1996,R,RS,PHI,NYJ,NFC,AFC,East,East,0,0,A,1515.6435039816063,1383.5215723118056,0.6091997201809686,21,20,0,1,1.0,1,0.4956091172833491,0.3655530267818451,1.0,20.0,2.857164503100779,1518.5006684847071,1,0,0
16,1996,R,RS,NYJ,PHI,AFC,NFC,East,East,0,0,H,1383.5215723118056,1515.6435039816063,0.3908002798190315,20,21,0,-1,0.0,1,0.4956091172833493,0.3655530267818451,1.0,20.0,-2.8571645031007793,1380.6644078087047,0,1,0
16,1996,R,RS,CHI,SD,NFC,AFC,Central,West,0,0,H,1485.787762266173,1471.4546742533796,0.5984746112362357,27,14,0,13,1.0,1,0.5133711755418094,1.2113879017988776,1.0,20.0,9.728059964270301,1495.5158222304435,1,0,0
16,1996,R,RS,SD,CHI,AFC,NFC,West,Central,0,0,A,1471.4546742533796,1485.787762266173,0.40152538876376426,14,27,0,-13,0.0,1,0.5133711755418092,1.2113879017988776,1.0,20.0,-9.7280599642703,1461.7266142891094,0,1,0
16,1996,R,RS,STL,ATL,NFC,NFC,West,West,1,1,A,1438.4232562586649,1409.8480600609157,0.4620448076906086,34,27,0,7,1.0,0,0.7720934062599608,0.8224745617316136,1.0,22.44,9.92867810542148,1448.3519343640864,1,0,0
16,1996,R,RS,ATL,STL,NFC,NFC,West,West,1,1,H,1409.8480600609157,1438.4232562586649,0.5379551923093914,27,34,0,-7,0.0,0,0.7720934062599608,0.8224745617316136,1.0,22.44,-9.92867810542148,1399.9193819554941,0,1,0
16,1996,R,RS,CAR,BAL,NFC,AFC,West,Central,0,0,H,1587.6133316218263,1453.050447345982,0.7486098199488753,27,16,0,11,1.0,1,0.2895373658462086,0.9941192712371028,1.0,20.0,4.998236451771762,1592.6115680735982,1,0,0
16,1996,R,RS,BAL,CAR,AFC,NFC,Central,West,0,0,A,1453.050447345982,1587.6133316218263,0.2513901800511246,16,27,0,-11,0.0,1,0.2895373658462086,0.9941192712371028,1.0,20.0,-4.998236451771761,1448.0522108942102,0,1,0
16,1996,R,RS,CIN,TEN,AFC,AFC,Central,Central,1,1,A,1493.75765704935,1509.6674012930205,0.39934637238480014,21,13,0,8,1.0,0,0.9179261374591704,0.8965203560109375,1.0,22.44,12.083899699304773,1505.8415567486547,1,0,0
16,1996,R,RS,TEN,CIN,AFC,AFC,Central,Central,1,1,H,1509.6674012930205,1493.75765704935,0.6006536276151998,13,21,0,-8,0.0,0,0.9179261374591702,0.8965203560109375,1.0,22.44,-12.08389969930477,1497.5835015937157,0,1,0
16,1996,R,RS,DAL,NE,NFC,AFC,East,East,0,0,H,1546.588001615086,1573.3612004621443,0.5405324936306114,12,6,0,6,1.0,1,0.6152005259844117,0.7570577322101724,1.0,20.0,6.9568685679254445,1553.5448701830114,1,0,0
16,1996,R,RS,NE,DAL,AFC,NFC,East,East,0,0,A,1573.3612004621443,1546.588001615086,0.4594675063693886,6,12,0,-6,0.0,1,0.6152005259844117,0.7570577322101724,1.0,20.0,-6.9568685679254445,1566.4043318942188,0,1,0
16,1996,R,RS,GB,DET,NFC,NFC,Central,Central,1,1,A,1616.8324921322323,1461.4956516448237,0.6405115909141574,31,3,0,28,1.0,1,0.4454880611437396,1.8499401296019384,1.0,22.44,14.923318845084133,1631.7558109773165,1,0,0
16,1996,R,RS,DET,GB,NFC,NFC,Central,Central,1,1,H,1461.4956516448237,1616.8324921322323,0.35948840908584256,3,31,0,-28,0.0,1,0.4454880611437396,1.8499401296019384,1.0,22.44,-14.923318845084133,1446.5723327997396,0,1,0
16,1996,R,RS,MIN,TB,NFC,NFC,Central,Central,1,1,H,1502.6872387589633,1452.970790572741,0.6462958019100196,21,10,0,11,1.0,1,0.4364979823091638,1.0590161011034853,1.0,22.44,8.405540211668374,1511.0927789706316,1,0,0
16,1996,R,RS,TB,MIN,NFC,NFC,Central,Central,1,1,A,1452.970790572741,1502.6872387589633,0.35370419808998044,10,21,0,-11,0.0,1,0.4364979823091638,1.0590161011034853,1.0,22.44,-8.405540211668374,1444.5652503610727,0,1,0
16,1996,R,RS,NO,NYG,NFC,NFC,West,East,1,0,A,1383.6499888384853,1484.0175257837607,0.29020936484084636,17,3,0,14,1.0,0,1.2371526687534606,1.1905726394852587,1.0,20.4,17.239169123660375,1400.8891579621456,1,0,0
16,1996,R,RS,NYG,NO,NFC,NFC,East,West,1,0,H,1484.0175257837607,1383.6499888384853,0.7097906351591536,3,17,0,-14,0.0,0,1.2371526687534606,1.1905726394852587,1.0,20.4,-17.239169123660375,1466.7783566601004,0,1,0
16,1996,R,RS,SF,PIT,NFC,AFC,West,Central,0,0,A,1574.0477955372417,1557.33215493721,0.445126292599432,25,15,0,10,1.0,0,0.8093972334862898,1.0240573959641368,1.0,20.0,11.364450477791843,1585.4122460150336,1,0,0
16,1996,R,RS,PIT,SF,AFC,NFC,Central,West,0,0,H,1557.33215493721,1574.0477955372417,0.554873707400568,15,25,0,-10,0.0,0,0.8093972334862896,1.0240573959641368,1.0,20.0,-11.364450477791841,1545.967704459418,0,1,0
16,1996,R,RS,IND,KC,AFC,AFC,East,West,1,0,A,1495.5825852219025,1515.4784535701235,0.39385527099910667,24,19,0,5,1.0,0,0.9317717696568855,0.6927118690916523,1.0,20.4,8.565626422591741,1504.1482116444943,1,0,0
16,1996,R,RS,KC,IND,AFC,AFC,West,East,1,0,H,1515.4784535701235,1495.5825852219025,0.6061447290008933,19,24,0,-5,0.0,0,0.9317717696568855,0.6927118690916523,1.0,20.4,-8.565626422591741,1506.9128271475317,0,1,0
16,1996,R,RS,ARI,WAS,NFC,NFC,East,East,1,1,H,1447.6267746503038,1517.3661188500212,0.47880109452384906,27,26,0,1,1.0,0,0.7364700193279805,0.3828323052760393,1.0,22.44,4.47749310933318,1452.104267759637,1,0,0
16,1996,R,RS,WAS,ARI,NFC,NFC,East,East,1,1,A,1517.3661188500212,1447.6267746503038,0.521198905476151,26,27,0,-1,0.0,0,0.7364700193279806,0.3828323052760393,1.0,22.44,-4.47749310933318,1512.888625740688,0,1,0
16,1996,R,RS,DEN,OAK,AFC,AFC,West,West,1,1,H,1591.8979285353273,1542.4973992370608,0.6458799695544368,24,19,0,5,1.0,1,0.4371415981068289,0.6769829014848289,1.0,22.44,5.379613135569904,1597.277541670897,1,0,0
16,1996,R,RS,OAK,DEN,AFC,AFC,West,West,1,1,A,1542.4973992370608,1591.8979285353273,0.3541200304455633,19,24,0,-5,0.0,1,0.43714159810682907,0.6769829014848289,1.0,22.44,-5.3796131355699055,1537.117786101491,0,1,0
16,1996,R,RS,JAX,SEA,AFC,AFC,Central,West,1,0,H,1492.4331252477468,1473.0841808955956,0.605392862961667,20,13,0,7,1.0,1,0.5018776714272284,0.8284527109843446,1.0,20.4,6.6690323900448245,1499.1021576377916,1,0,0
16,1996,R,RS,SEA,JAX,AFC,AFC,West,Central,1,0,A,1473.0841808955956,1492.4331252477468,0.39460713703833294,13,20,0,-7,0.0,1,0.5018776714272284,0.8284527109843446,1.0,20.4,-6.6690323900448245,1466.4151485055509,0,1,0
16,1996,R,RS,MIA,BUF,AFC,AFC,East,East,1,1,H,1493.4994530460135,1528.7834740204926,0.5283431572402508,16,14,0,2,1.0,1,0.6380092873661496,0.4699218563433297,1.0,22.44,4.9736433183542434,1498.4730963643678,1,0,0
16,1996,R,RS,BUF,MIA,AFC,AFC,East,East,1,1,A,1528.7834740204926,1493.4994530460135,0.4716568427597492,14,16,0,-2,0.0,1,0.6380092873661496,0.4699218563433297,1.0,22.44,-4.9736433183542434,1523.8098307021382,0,1,0
17,1996,R,RS,NE,NYG,AFC,NFC,East,East,0,0,A,1566.4043318942188,1466.7783566601004,0.5638710817810308,23,22,0,1,1.0,1,0.5729296320145304,0.3743547210669406,1.0,20.0,3.265338390581775,1569.6696702848005,1,0,0
17,1996,R,RS,NYG,NE,NFC,AFC,East,East,0,0,H,1466.7783566601004,1566.4043318942188,0.43612891821896915,22,23,0,-1,0.0,1,0.5729296320145304,0.3743547210669406,1.0,20.0,-3.265338390581775,1463.5130182695186,0,1,0
17,1996,R,RS,STL,NO,NFC,NFC,West,West,1,1,H,1448.3519343640864,1400.8891579621456,0.6433245679412567,14,13,0,1,1.0,1,0.44110591080591327,0.38940527982203027,1.0,22.44,3.116720691810177,1451.4686550558965,1,0,0
17,1996,R,RS,NO,STL,NFC,NFC,West,West,1,1,A,1400.8891579621456,1448.3519343640864,0.3566754320587434,13,14,0,-1,0.0,1,0.4411059108059135,0.38940527982203027,1.0,22.44,-3.116720691810178,1397.7724372703356,0,1,0
17,1996,R,RS,JAX,ATL,AFC,NFC,Central,West,0,0,H,1499.1021576377916,1399.9193819554941,0.708383783296638,19,17,0,2,1.0,1,0.3447692653503944,0.4476658492466338,1.0,20.0,2.610932426092019,1501.7130900638836,1,0,0
17,1996,R,RS,ATL,JAX,NFC,AFC,West,Central,0,0,A,1399.9193819554941,1499.1021576377916,0.2916162167033621,17,19,0,-2,0.0,1,0.3447692653503944,0.4476658492466338,1.0,20.0,-2.6109324260920195,1397.3084495294022,0,1,0
17,1996,R,RS,BUF,KC,AFC,AFC,East,West,1,0,H,1523.8098307021382,1506.9128271475317,0.6020160483934316,20,9,0,11,1.0,1,0.5074711755677966,1.0864503125639573,1.0,20.4,8.82075168781526,1532.6305823899536,1,0,0
17,1996,R,RS,KC,BUF,AFC,AFC,West,East,1,0,A,1506.9128271475317,1523.8098307021382,0.3979839516065684,9,20,0,-11,0.0,1,0.5074711755677966,1.0864503125639573,1.0,20.4,-8.82075168781526,1498.0920754597164,0,1,0
17,1996,R,RS,CAR,PIT,NFC,AFC,West,Central,0,0,H,1592.6115680735982,1545.967704459418,0.6422421639040153,18,14,0,4,1.0,1,0.4427898440723919,0.6096863509077798,1.0,20.0,4.362401391960489,1596.9739694655586,1,0,0
17,1996,R,RS,PIT,CAR,AFC,NFC,Central,West,0,0,A,1545.967704459418,1592.6115680735982,0.3577578360959847,14,18,0,-4,0.0,1,0.4427898440723921,0.6096863509077798,1.0,20.0,-4.36240139196049,1541.6053030674575,0,1,0
17,1996,R,RS,TB,CHI,NFC,NFC,Central,Central,1,1,H,1444.5652503610727,1495.5158222304435,0.5058273316645157,34,19,0,15,1.0,1,0.681559909700625,1.2936177242699147,1.0,22.44,14.345230527335652,1458.9104808884083,1,0,0
17,1996,R,RS,CHI,TB,NFC,NFC,Central,Central,1,1,A,1495.5158222304435,1444.5652503610727,0.49417266833548434,19,34,0,-15,0.0,1,0.681559909700625,1.2936177242699147,1.0,22.44,-14.345230527335652,1481.170591703108,0,1,0
17,1996,R,RS,CIN,IND,AFC,AFC,Central,East,1,0,H,1505.8415567486547,1504.1482116444943,0.5808717731034334,31,24,0,7,1.0,1,0.543225246826454,0.84013834398564,1.0,20.4,7.183364167035388,1513.02492091569,1,0,0
17,1996,R,RS,IND,CIN,AFC,AFC,East,Central,1,0,A,1504.1482116444943,1505.8415567486547,0.4191282268965667,24,31,0,-7,0.0,1,0.5432252468264542,0.84013834398564,1.0,20.4,-7.18336416703539,1496.964847477459,0,1,0
17,1996,R,RS,PHI,ARI,NFC,NFC,East,East,1,1,H,1518.5006684847071,1452.104267759637,0.6679247364704245,29,19,0,10,1.0,1,0.4035797817476818,0.9854095009872565,1.0,22.44,7.343043886626548,1525.8437123713336,1,0,0
17,1996,R,RS,ARI,PHI,NFC,NFC,East,East,1,1,A,1452.104267759637,1518.5006684847071,0.33207526352957545,19,29,0,-10,0.0,1,0.4035797817476816,0.9854095009872565,1.0,22.44,-7.343043886626546,1444.7612238730105,0,1,0
17,1996,R,RS,GB,MIN,NFC,NFC,Central,Central,1,1,H,1631.7558109773165,1511.0927789706316,0.7332544750880723,38,10,0,28,1.0,1,0.310262468056842,1.8967382617881652,1.0,22.44,11.35343818678181,1643.1092491640984,1,0,0
17,1996,R,RS,MIN,GB,NFC,NFC,Central,Central,1,1,A,1511.0927789706316,1631.7558109773165,0.2667455249119278,10,38,0,-28,0.0,1,0.31026246805684216,1.8967382617881652,1.0,22.44,-11.353438186781815,1499.7393407838497,0,1,0
17,1996,R,RS,MIA,NYJ,AFC,AFC,East,East,1,1,A,1498.4730963643678,1380.6644078087047,0.5894170152634226,31,28,0,3,1.0,1,0.5286213403076192,0.5109099866221098,1.0,22.44,4.707260056043849,1503.1803564204117,1,0,0
17,1996,R,RS,NYJ,MIA,AFC,AFC,East,East,1,1,H,1380.6644078087047,1498.4730963643678,0.41058298473657734,28,31,0,-3,0.0,1,0.5286213403076192,0.5109099866221098,1.0,22.44,-4.7072600560438485,1375.9571477526608,0,1,0
17,1996,R,RS,TEN,BAL,AFC,AFC,Central,Central,1,1,A,1497.5835015937157,1448.0522108942102,0.4921305445654531,24,21,0,3,1.0,0,0.7090112632021691,0.5377532066930208,1.0,22.44,6.128553129736249,1503.712054723452,1,0,0
17,1996,R,RS,BAL,TEN,AFC,AFC,Central,Central,1,1,H,1448.0522108942102,1497.5835015937157,0.507869455434547,21,24,0,-3,0.0,0,0.7090112632021692,0.5377532066930208,1.0,22.44,-6.128553129736251,1441.923657764474,0,1,0
17,1996,R,RS,WAS,DAL,NFC,NFC,East,East,1,1,H,1512.888625740688,1553.5448701830114,0.5206306038239048,37,10,0,27,1.0,1,0.6527145024716013,1.9621633811990302,1.0,22.44,21.1070881284804,1533.9957138691684,1,0,0
17,1996,R,RS,DAL,WAS,NFC,NFC,East,East,1,1,A,1553.5448701830114,1512.888625740688,0.4793693961760952,10,37,0,-27,0.0,1,0.6527145024716013,1.9621633811990302,1.0,22.44,-21.1070881284804,1532.437782054531,0,1,0
17,1996,R,RS,SEA,OAK,AFC,AFC,West,West,1,1,A,1466.4151485055509,1537.117786101491,0.326600170996285,28,21,0,7,1.0,0,1.119018574881044,0.7962394745026503,1.0,22.44,12.03204808290352,1478.4471965884543,1,0,0
17,1996,R,RS,OAK,SEA,AFC,AFC,West,West,1,1,H,1537.117786101491,1466.4151485055509,0.673399829003715,21,28,0,-7,0.0,0,1.119018574881044,0.7962394745026503,1.0,22.44,-12.03204808290352,1525.0857380185876,0,1,0
17,1996,R,RS,SD,DEN,AFC,AFC,West,West,1,1,H,1461.7266142891094,1597.277541670897,0.3861111956942421,16,10,0,6,1.0,0,0.9516298792552637,0.6976221540210034,1.0,22.44,9.610208928956773,1471.3368232180662,1,0,0
17,1996,R,RS,DEN,SD,AFC,AFC,West,West,1,1,A,1597.277541670897,1461.7266142891094,0.6138888043057579,10,16,0,-6,0.0,0,0.9516298792552637,0.6976221540210034,1.0,22.44,-9.610208928956773,1587.6673327419403,0,1,0
17,1996,R,RS,SF,DET,NFC,NFC,West,Central,1,0,H,1585.4122460150336,1446.5723327997396,0.753214821014839,24,14,0,10,1.0,1,0.28340480499650894,0.9340093901368351,1.0,20.4,4.702193360182293,1590.1144393752159,1,0,0
17,1996,R,RS,DET,SF,NFC,NFC,Central,West,1,0,A,1446.5723327997396,1585.4122460150336,0.246785178985161,14,24,0,-10,0.0,1,0.28340480499650894,0.9340093901368351,1.0,20.4,-4.702193360182294,1441.8701394395573,0,1,0
18,1996,P,WC,JAX,BUF,AFC,AFC,Central,East,1,0,A,1501.7130900638836,1532.6305823899536,0.3788150334772146,30,27,0,3,1.0,0,0.9707072313478673,0.5455676286398047,1.1,22.44,7.6048803009340284,1509.3179703648175,0,0,0
18,1996,P,WC,BUF,JAX,AFC,AFC,East,Central,1,0,H,1532.6305823899536,1501.7130900638836,0.6211849665227853,27,30,0,-3,0.0,0,0.9707072313478672,0.5455676286398047,1.1,22.44,-7.6048803009340284,1525.0257020890197,0,0,0
18,1996,P,WC,DAL,MIN,NFC,NFC,East,Central,1,0,H,1532.437782054531,1499.7393407838497,0.6235943852672883,40,15,0,25,1.0,1,0.4722551455797675,1.868317181525367,1.1,22.44,15.780819532990556,1548.2186015875216,0,0,0
18,1996,P,WC,MIN,DAL,NFC,NFC,Central,East,1,0,A,1499.7393407838497,1532.437782054531,0.37640561473271167,15,40,0,-25,0.0,1,0.4722551455797675,1.868317181525367,1.1,22.44,-15.780819532990552,1483.9585212508591,0,0,0
18,1996,P,WC,PIT,IND,AFC,AFC,Central,East,1,0,H,1541.6053030674575,1496.964847477459,0.6395880395820442,42,14,0,28,1.0,1,0.44693099803763825,2.008116620796366,1.1,22.44,16.240933126221783,1557.8462361936793,0,0,0
18,1996,P,WC,IND,PIT,AFC,AFC,East,Central,1,0,A,1496.964847477459,1541.6053030674575,0.36041196041795587,14,42,0,-28,0.0,1,0.4469309980376384,2.008116620796366,1.1,22.44,-16.240933126221787,1480.7239143512372,0,0,0
18,1996,P,WC,SF,PHI,NFC,NFC,West,East,1,0,H,1590.1144393752159,1525.8437123713336,0.6652051415220221,14,0,0,14,1.0,1,0.4076598024057696,1.2232720471536418,1.1,22.44,9.190194106390157,1599.304633481606,0,0,0
18,1996,P,WC,PHI,SF,NFC,NFC,East,West,1,0,A,1525.8437123713336,1590.1144393752159,0.33479485847797785,0,14,0,-14,0.0,1,0.4076598024057696,1.2232720471536418,1.1,22.44,-9.190194106390157,1516.6535182649434,0,0,0
19,1996,P,DV,GB,SF,NFC,NFC,Central,West,1,0,H,1643.1092491640984,1599.304633481606,0.6384781768423424,35,14,0,21,1.0,1,0.44866778288403114,1.6373783617862012,1.2,24.479999999999997,14.490887298309191,1657.6001364624076,0,0,0
19,1996,P,DV,SF,GB,NFC,NFC,West,Central,1,0,A,1599.304633481606,1643.1092491640984,0.3615218231576576,14,35,0,-21,0.0,1,0.44866778288403114,1.6373783617862012,1.2,24.479999999999997,-14.490887298309191,1584.8137461832969,0,0,0
19,1996,P,DV,JAX,DEN,AFC,AFC,Central,West,1,0,A,1509.3179703648175,1587.6673327419403,0.31699403531850734,30,27,0,3,1.0,0,1.1488723213118255,0.5260868402277894,1.2,24.479999999999997,8.79616461149616,1518.1141349763136,0,0,0
19,1996,P,DV,DEN,JAX,AFC,AFC,West,Central,1,0,H,1587.6673327419403,1509.3179703648175,0.6830059646814927,27,30,0,-3,0.0,0,1.1488723213118255,0.5260868402277894,1.2,24.479999999999997,-8.79616461149616,1578.8711681304442,0,0,0
19,1996,P,DV,NE,PIT,AFC,AFC,East,Central,1,0,H,1569.6696702848005,1557.8462361936793,0.5949981371566059,28,3,0,25,1.0,1,0.5191970042706422,1.8992257330107256,1.2,24.479999999999997,18.829770216625043,1588.4994405014256,0,0,0
19,1996,P,DV,PIT,NE,AFC,AFC,Central,East,1,0,A,1557.8462361936793,1569.6696702848005,0.4050018628433942,3,28,0,-25,0.0,1,0.5191970042706423,1.8992257330107256,1.2,24.479999999999997,-18.829770216625047,1539.0164659770542,0,0,0
19,1996,P,DV,CAR,DAL,NFC,NFC,West,East,1,0,H,1596.9739694655586,1548.2186015875216,0.6450300824290992,26,17,0,9,1.0,1,0.4384583238489887,0.936842082719824,1.2,24.479999999999997,8.14084252842257,1605.1148119939812,0,0,0
19,1996,P,DV,DAL,CAR,NFC,NFC,East,West,1,0,A,1548.2186015875216,1596.9739694655586,0.3549699175709008,17,26,0,-9,0.0,1,0.4384583238489887,0.936842082719824,1.2,24.479999999999997,-8.14084252842257,1540.077759059099,0,0,0
20,1996,P,CC,GB,CAR,NFC,NFC,Central,West,1,0,H,1657.6001364624076,1605.1148119939812,0.6499308496300239,30,13,0,17,1.0,1,0.430889306936338,1.4057235075495191,1.35,27.54,13.552445950789197,1671.1525824131968,0,0,0
20,1996,P,CC,CAR,GB,NFC,NFC,West,Central,1,0,A,1605.1148119939812,1657.6001364624076,0.35006915036997616,13,30,0,-17,0.0,1,0.4308893069363382,1.4057235075495191,1.35,27.54,-13.552445950789199,1591.562366043192,0,0,0
20,1996,P,CC,NE,JAX,AFC,AFC,East,Central,1,0,H,1588.4994405014256,1518.1141349763136,0.6729979488709525,20,6,0,14,1.0,1,0.3960129970820944,1.2176071908773354,1.35,27.54,10.965327746330528,1599.4647682477562,0,0,0
20,1996,P,CC,JAX,NE,AFC,AFC,Central,East,1,0,A,1518.1141349763136,1588.4994405014256,0.3270020511290475,6,20,0,-14,0.0,1,0.3960129970820944,1.2176071908773354,1.35,27.54,-10.96532774633053,1507.148807229983,0,0,0
21,1996,P,SB,GB,NE,NFC,AFC,Central,East,0,0,N,1671.1525824131968,1599.4647682477562,0.6017274975951046,35,21,0,14,1.0,1,0.5079505979577491,1.2164072525336158,1.5,30.0,14.533846812300801,1685.6864292254977,0,0,0
21,1996,P,SB,NE,GB,AFC,NFC,East,Central,0,0,N,1599.4647682477562,1671.1525824131968,0.3982725024048955,21,35,0,-14,0.0,1,0.5079505979577491,1.2164072525336158,1.5,30.0,-14.533846812300803,1584.9309214354553,0,0,0
