Week,Season,Type,Round,Team,Opponent,Conf,OppConf,Div,OppDiv,ConfG,DivG,HomeAway,PreGmRate,OppPreGmRate,ExpectedWin%,PointsFor,PointsAgainst,OT,MOV,Result,Accuracy,Test,MOVMult,POMult,Keff,RatingChange,PostGmRate,W,L,T
1,1997,R,RS,DET,ATL,NFC,NFC,Central,West,1,0,H,1482.5610418318672,1469.1925348588206,0.5971395856896662,28,17,0,11,1.0,1,0.5156043810437838,1.089484689464092,1.0,20.4,8.953769168998296,1491.5148110008656,1,0,0
1,1997,R,RS,ATL,DET,NFC,NFC,West,Central,1,0,A,1469.1925348588206,1482.5610418318672,0.4028604143103338,17,28,0,-11,0.0,1,0.5156043810437838,1.089484689464092,1.0,20.4,-8.953769168998296,1460.2387656898222,0,1,0
1,1997,R,RS,MIN,BUF,NFC,AFC,Central,East,0,0,A,1495.1875563752578,1507.5077106267058,0.4043130172846472,34,13,0,21,1.0,0,0.9055659057608575,1.678217427617527,1.0,20.0,19.99384551595611,1515.181401891214,1,0,0
1,1997,R,RS,BUF,MIN,AFC,NFC,East,Central,0,0,H,1507.5077106267058,1495.1875563752578,0.5956869827153528,13,34,0,-21,0.0,0,0.9055659057608575,1.678217427617527,1.0,20.0,-19.99384551595611,1487.5138651107497,0,1,0
1,1997,R,RS,CIN,ARI,AFC,NFC,Central,East,0,0,H,1503.907476274707,1483.4283671619032,0.6069459667696431,24,21,0,3,1.0,1,0.49931550873883934,0.5500500667496859,1.0,20.0,4.323987944291822,1508.2314642189988,1,0,0
1,1997,R,RS,ARI,CIN,NFC,AFC,East,Central,0,0,A,1483.4283671619032,1503.907476274707,0.393054033230357,21,24,0,-3,0.0,1,0.49931550873883934,0.5500500667496859,1.0,20.0,-4.323987944291822,1479.1043792176115,0,1,0
1,1997,R,RS,MIA,IND,AFC,AFC,East,East,1,1,H,1500.9541069261236,1494.2171743053711,0.587923142938466,16,10,0,6,1.0,1,0.5311590489150367,0.7691275694828102,1.0,22.44,7.112126228725982,1508.0662331548497,1,0,0
1,1997,R,RS,IND,MIA,AFC,AFC,East,East,1,1,A,1494.2171743053711,1500.9541069261236,0.4120768570615339,10,16,0,-6,0.0,1,0.5311590489150365,0.7691275694828102,1.0,22.44,-7.11212622872598,1487.105048076645,0,1,0
1,1997,R,RS,DAL,PIT,NFC,AFC,East,Central,0,0,A,1512.0233277177297,1511.7049397931162,0.4219502157253969,37,7,0,30,1.0,0,0.8628679441200935,2.18594526536579,1.0,20.0,25.2717037816157,1537.2950314993454,1,0,0
1,1997,R,RS,PIT,DAL,AFC,NFC,Central,East,0,0,H,1511.7049397931162,1512.0233277177297,0.5780497842746031,7,37,0,-30,0.0,0,0.8628679441200935,2.18594526536579,1.0,20.0,-25.2717037816157,1486.4332360115004,0,1,0
1,1997,R,RS,STL,NO,NFC,NFC,West,West,1,1,H,1485.440596516769,1469.3317311811006,0.6009285414908417,38,24,0,14,1.0,1,0.5092792508656985,1.269804427370399,1.0,22.44,11.371306296880936,1496.8119028136498,1,0,0
1,1997,R,RS,NO,STL,NFC,NFC,West,West,1,1,A,1469.3317311811006,1485.440596516769,0.39907145850915826,24,38,0,-14,0.0,1,0.5092792508656985,1.269804427370399,1.0,22.44,-11.371306296880936,1457.9604248842197,0,1,0
1,1997,R,RS,NE,SD,AFC,AFC,East,West,1,0,H,1525.4792764306367,1491.40104696542,0.6254568926566658,41,7,0,34,1.0,1,0.46927286806607216,2.3324838530012393,1.0,20.4,17.82176130267723,1543.301037733314,1,0,0
1,1997,R,RS,SD,NE,AFC,AFC,West,East,1,0,A,1491.40104696542,1525.4792764306367,0.3745431073433341,7,41,0,-34,0.0,1,0.469272868066072,2.3324838530012393,1.0,20.4,-17.82176130267723,1473.5792856627427,0,1,0
1,1997,R,RS,NYG,PHI,NFC,NFC,East,East,1,1,H,1489.0539054808555,1504.996055479483,0.5559731721694139,31,17,0,14,1.0,1,0.5870352373895553,1.2699716513411667,1.0,22.44,12.653949296018475,1501.707854776874,1,0,0
1,1997,R,RS,PHI,NYG,NFC,NFC,East,East,1,1,A,1504.996055479483,1489.0539054808555,0.4440268278305861,17,31,0,-14,0.0,1,0.5870352373895553,1.2699716513411667,1.0,22.44,-12.653949296018475,1492.3421061834645,0,1,0
1,1997,R,RS,TEN,OAK,AFC,AFC,Central,West,1,0,H,1501.1136164170357,1507.5257214055762,0.5694713021236311,24,21,1,3,1.0,1,0.5630468887190542,0.3893459647498121,1.0,20.4,3.4195420690339664,1504.5331584860696,1,0,0
1,1997,R,RS,OAK,TEN,AFC,AFC,West,Central,1,0,A,1507.5257214055762,1501.1136164170357,0.430528697876369,21,24,1,-3,0.0,1,0.5630468887190542,0.3893459647498121,1.0,20.4,-3.419542069033967,1504.1061793365423,0,1,0
1,1997,R,RS,DEN,KC,AFC,AFC,West,West,1,1,H,1523.6613504391332,1499.427622637915,0.6120900058583987,19,3,0,16,1.0,1,0.4908759388872311,1.3791215161566233,1.0,22.44,12.00483943203445,1535.6661898711677,1,0,0
1,1997,R,RS,KC,DEN,AFC,AFC,West,West,1,1,A,1499.427622637915,1523.6613504391332,0.3879099941416013,3,19,0,-16,0.0,1,0.4908759388872311,1.3791215161566233,1.0,22.44,-12.00483943203445,1487.4227832058805,0,1,0
1,1997,R,RS,JAX,BAL,AFC,AFC,Central,Central,1,1,A,1502.1446421689948,1482.5770973293422,0.44918464429718996,28,27,0,1,1.0,0,0.8003212412587215,0.3979613826433143,1.0,22.44,4.918920717642634,1507.0635628866373,1,0,0
1,1997,R,RS,BAL,JAX,AFC,AFC,Central,Central,1,1,H,1482.5770973293422,1502.1446421689948,0.55081535570281,27,28,0,-1,0.0,0,0.8003212412587215,0.3979613826433143,1.0,22.44,-4.918920717642634,1477.6581766116997,0,1,0
1,1997,R,RS,NYJ,SEA,AFC,AFC,East,West,1,0,A,1462.7871443257982,1493.5341589765362,0.37904598613854873,41,3,0,38,1.0,0,0.9700977458023498,2.538706428637322,1.0,20.4,32.15896691631559,1494.9461112421138,1,0,0
1,1997,R,RS,SEA,NYJ,AFC,AFC,West,East,1,0,H,1493.5341589765362,1462.7871443257982,0.6209540138614512,3,41,0,-38,0.0,0,0.9700977458023496,2.538706428637322,1.0,20.4,-32.158966916315585,1461.3751920602206,0,1,0
1,1997,R,RS,TB,SF,NFC,NFC,Central,West,1,0,H,1487.6731442665225,1525.444123854989,0.5247742495241405,13,6,0,7,1.0,1,0.644787109773813,0.8166013917084188,1.0,20.4,7.916628187970998,1495.5897724544934,1,0,0
1,1997,R,RS,SF,TB,NFC,NFC,West,Central,1,0,A,1525.444123854989,1487.6731442665225,0.4752257504758594,6,13,0,-7,0.0,1,0.644787109773813,0.8166013917084188,1.0,20.4,-7.916628187970997,1517.527495667018,0,1,0
1,1997,R,RS,WAS,CAR,NFC,NFC,East,West,1,0,A,1510.1987141607506,1527.4687098129575,0.3974696312991741,24,10,0,14,1.0,0,0.9226367470536824,1.268640974892432,1.0,20.4,15.59365217275861,1525.792366333509,1,0,0
1,1997,R,RS,CAR,WAS,NFC,NFC,West,East,1,0,H,1527.4687098129575,1510.1987141607506,0.6025303687008259,10,24,0,-14,0.0,0,0.9226367470536824,1.268640974892432,1.0,20.4,-15.59365217275861,1511.875057640199,0,1,0
1,1997,R,RS,GB,CHI,NFC,NFC,Central,Central,1,1,H,1555.7059287676493,1494.3511775109323,0.6614565357890589,38,24,0,14,1.0,1,0.4133110031201323,1.2259921590213623,1.0,22.44,9.313758635780584,1565.01968740343,1,0,0
1,1997,R,RS,CHI,GB,NFC,NFC,Central,Central,1,1,A,1494.3511775109323,1555.7059287676493,0.33854346421094106,24,38,0,-14,0.0,1,0.4133110031201323,1.2259921590213623,1.0,22.44,-9.313758635780584,1485.0374188751516,0,1,0
2,1997,R,RS,CAR,ATL,NFC,NFC,West,West,1,1,A,1511.875057640199,1460.2387656898222,0.49515938623157524,9,6,0,3,1.0,0,0.7028755758548495,0.5368835542565075,1.0,22.44,6.082151581309962,1517.957209221509,1,0,0
2,1997,R,RS,ATL,CAR,NFC,NFC,West,West,1,1,H,1460.2387656898222,1511.875057640199,0.5048406137684247,6,9,0,-3,0.0,0,0.7028755758548493,0.5368835542565075,1.0,22.44,-6.082151581309962,1454.1566141085123,0,1,0
2,1997,R,RS,BUF,NYJ,AFC,AFC,East,East,1,1,A,1487.5138651107497,1494.9461112421138,0.4111075045094151,28,22,0,6,1.0,0,0.8889005305394583,0.768702270392469,1.0,22.44,10.158206481867698,1497.6720715926174,1,0,0
2,1997,R,RS,NYJ,BUF,AFC,AFC,East,East,1,1,H,1494.9461112421138,1487.5138651107497,0.588892495490585,22,28,0,-6,0.0,0,0.8889005305394584,0.768702270392469,1.0,22.44,-10.158206481867698,1484.7879047602462,0,1,0
2,1997,R,RS,MIN,CHI,NFC,NFC,Central,Central,1,1,A,1515.181401891214,1485.0374188751516,0.4642902182400947,27,24,0,3,1.0,0,0.7672454519359005,0.5458972803396062,1.0,22.44,6.562409989791422,1521.7438118810053,1,0,0
2,1997,R,RS,CHI,MIN,NFC,NFC,Central,Central,1,1,H,1485.0374188751516,1515.181401891214,0.5357097817599054,24,27,0,-3,0.0,0,0.7672454519359007,0.5458972803396062,1.0,22.44,-6.562409989791423,1478.4750088853602,0,1,0
2,1997,R,RS,BAL,CIN,AFC,AFC,Central,Central,1,1,H,1477.6581766116997,1508.2314642189988,0.5350950601968963,23,10,0,13,1.0,1,0.6253108652587948,1.196025109601063,1.0,22.44,12.477492306701937,1490.1356689184015,1,0,0
2,1997,R,RS,CIN,BAL,AFC,AFC,Central,Central,1,1,A,1508.2314642189988,1477.6581766116997,0.4649049398031036,10,23,0,-13,0.0,1,0.6253108652587946,1.196025109601063,1.0,22.44,-12.477492306701935,1495.753971912297,0,1,0
2,1997,R,RS,NE,IND,AFC,AFC,East,East,1,1,A,1543.301037733314,1487.105048076645,0.5017211606733731,31,6,0,25,1.0,1,0.6897107704396498,1.8347074677298107,1.0,22.44,20.514556164845402,1563.8155938981592,1,0,0
2,1997,R,RS,IND,NE,AFC,AFC,East,East,1,1,H,1487.105048076645,1543.301037733314,0.49827883932662687,6,31,0,-25,0.0,1,0.6897107704396498,1.8347074677298107,1.0,22.44,-20.514556164845402,1466.5904919117997,0,1,0
2,1997,R,RS,TB,DET,NFC,NFC,Central,Central,1,1,A,1495.5897724544934,1491.5148110008656,0.42723333863715823,24,17,0,7,1.0,0,0.8504249545001167,0.8385428355213522,1.0,22.44,10.77769369418547,1506.367466148679,1,0,0
2,1997,R,RS,DET,TB,NFC,NFC,Central,Central,1,1,H,1491.5148110008656,1495.5897724544934,0.5727666613628418,17,24,0,-7,0.0,0,0.8504249545001168,0.8385428355213522,1.0,22.44,-10.777693694185471,1480.7371173066801,0,1,0
2,1997,R,RS,MIA,TEN,AFC,AFC,East,Central,1,0,H,1508.0662331548497,1504.5331584860696,0.5834478630105597,16,13,1,3,1.0,1,0.5388001834146618,0.3902401883327736,1.0,20.4,3.3161298415392406,1511.382362996389,1,0,0
2,1997,R,RS,TEN,MIA,AFC,AFC,Central,East,1,0,A,1504.5331584860696,1508.0662331548497,0.41655213698944027,13,16,1,-3,0.0,1,0.5388001834146618,0.3902401883327736,1.0,20.4,-3.3161298415392406,1501.2170286445303,0,1,0
2,1997,R,RS,SD,NO,AFC,NFC,West,West,0,0,A,1473.5792856627427,1457.9604248842197,0.44356745574029194,20,6,0,14,1.0,0,0.8129053901730905,1.2702960524365048,1.0,20.0,14.136681288406157,1487.7159669511489,1,0,0
2,1997,R,RS,NO,SD,NFC,AFC,West,West,0,0,H,1457.9604248842197,1473.5792856627427,0.5564325442597081,6,20,0,-14,0.0,0,0.8129053901730907,1.2702960524365048,1.0,20.0,-14.136681288406159,1443.8237435958135,0,1,0
2,1997,R,RS,PIT,WAS,AFC,NFC,Central,East,0,0,H,1486.4332360115004,1525.792366333509,0.5224938273931571,14,13,0,1,1.0,1,0.6491421088145654,0.3918526992377105,1.0,20.0,3.7422416527731897,1490.1754776642736,1,0,0
2,1997,R,RS,WAS,PIT,NFC,AFC,East,Central,0,0,A,1525.792366333509,1486.4332360115004,0.4775061726068429,13,14,0,-1,0.0,1,0.6491421088145654,0.3918526992377105,1.0,20.0,-3.7422416527731897,1522.050124680736,0,1,0
2,1997,R,RS,SF,STL,NFC,NFC,West,West,1,1,A,1517.527495667018,1496.8119028136498,0.4508202965593679,15,12,0,3,1.0,0,0.7966864744064197,0.5499477008874787,1.0,22.44,6.777331386911093,1524.304827053929,1,0,0
2,1997,R,RS,STL,SF,NFC,NFC,West,West,1,1,H,1496.8119028136498,1517.527495667018,0.549179703440632,12,15,0,-3,0.0,0,0.7966864744064196,0.5499477008874787,1.0,22.44,-6.777331386911093,1490.0345714267387,0,1,0
2,1997,R,RS,DEN,SEA,AFC,AFC,West,West,1,1,A,1535.6661898711677,1461.3751920602206,0.5277334834080527,35,14,0,21,1.0,1,0.6391638889858838,1.599684424042313,1.0,22.44,16.95291264481399,1552.6191025159817,1,0,0
2,1997,R,RS,SEA,DEN,AFC,AFC,West,West,1,1,H,1461.3751920602206,1535.6661898711677,0.47226651659194735,14,35,0,-21,0.0,1,0.6391638889858838,1.599684424042313,1.0,22.44,-16.95291264481399,1444.4222794154066,0,1,0
2,1997,R,RS,PHI,GB,NFC,NFC,East,Central,1,0,H,1492.3421061834645,1565.01968740343,0.47458184594310615,10,9,0,1,1.0,0,0.7453211869908207,0.38198186971420606,1.0,20.4,4.094284260916157,1496.4363904443805,1,0,0
2,1997,R,RS,GB,PHI,NFC,NFC,Central,East,1,0,A,1565.01968740343,1492.3421061834645,0.5254181540568938,9,10,0,-1,0.0,0,0.7453211869908207,0.38198186971420606,1.0,20.4,-4.094284260916157,1560.925403142514,0,1,0
2,1997,R,RS,JAX,NYG,AFC,NFC,Central,East,0,0,H,1507.0635628866373,1501.707854776874,0.5859955284797187,40,13,0,27,1.0,1,0.5344431200149223,2.0173393120375738,1.0,20.0,16.703749915144073,1523.7673128017814,1,0,0
2,1997,R,RS,NYG,JAX,NFC,AFC,East,Central,0,0,A,1501.707854776874,1507.0635628866373,0.41400447152028125,13,40,0,-27,0.0,1,0.5344431200149223,2.0173393120375738,1.0,20.0,-16.70374991514407,1485.00410486173,0,1,0
2,1997,R,RS,ARI,DAL,NFC,NFC,East,East,1,1,H,1479.1043792176115,1537.2950314993454,0.4954084113391997,25,22,1,3,1.0,0,0.702372783186884,0.3739355439414615,1.0,22.44,4.234085345108208,1483.3384645627198,1,0,0
2,1997,R,RS,DAL,ARI,NFC,NFC,East,East,1,1,A,1537.2950314993454,1479.1043792176115,0.5045915886608002,22,25,1,-3,0.0,0,0.7023727831868839,0.3739355439414615,1.0,22.44,-4.234085345108207,1533.0609461542372,0,1,0
2,1997,R,RS,KC,OAK,AFC,AFC,West,West,1,1,A,1487.4227832058805,1504.1061793365423,0.3982785972985497,28,27,0,1,1.0,0,0.9206035253662417,0.3988675126292958,1.0,22.44,5.385759754653633,1492.8085429605342,1,0,0
2,1997,R,RS,OAK,KC,AFC,AFC,West,West,1,1,H,1504.1061793365423,1487.4227832058805,0.6017214027014502,27,28,0,-1,0.0,0,0.9206035253662415,0.3988675126292958,1.0,22.44,-5.385759754653632,1498.7204195818886,0,1,0
3,1997,R,RS,OAK,ATL,AFC,NFC,West,West,0,0,A,1498.7204195818886,1454.1566141085123,0.4849856241785151,36,31,0,5,1.0,0,0.7236360293529941,0.6795122316845541,1.0,20.0,6.999171357281697,1505.7195909391703,1,0,0
3,1997,R,RS,ATL,OAK,NFC,AFC,West,West,0,0,H,1454.1566141085123,1498.7204195818886,0.5150143758214849,31,36,0,-5,0.0,0,0.7236360293529941,0.6795122316845541,1.0,20.0,-6.999171357281697,1447.1574427512305,0,1,0
3,1997,R,RS,KC,BUF,AFC,AFC,West,East,1,0,H,1492.8085429605342,1497.6720715926174,0.5716554926820899,22,16,0,6,1.0,1,0.5592187545699441,0.7702758112027964,1.0,20.4,6.730845622110733,1499.539388582645,1,0,0
3,1997,R,RS,BUF,KC,AFC,AFC,East,West,1,0,A,1497.6720715926174,1492.8085429605342,0.42834450731791013,16,22,0,-6,0.0,1,0.5592187545699443,0.7702758112027964,1.0,20.4,-6.730845622110734,1490.9412259705066,0,1,0
3,1997,R,RS,DET,CHI,NFC,NFC,Central,Central,1,1,A,1480.7371173066801,1478.4750088853602,0.4246816507045861,32,7,0,25,1.0,0,0.8564154479068928,1.9137267832554508,1.0,22.44,24.70648788572464,1505.443605192405,1,0,0
3,1997,R,RS,CHI,DET,NFC,NFC,Central,Central,1,1,H,1478.4750088853602,1480.7371173066801,0.5753183492954139,7,32,0,-25,0.0,0,0.8564154479068928,1.9137267832554508,1.0,22.44,-24.70648788572464,1453.7685209996357,0,1,0
3,1997,R,RS,WAS,ARI,NFC,NFC,East,East,1,1,H,1522.050124680736,1483.3384645627198,0.6316839244593321,19,13,0,6,1.0,1,0.45936612946313543,0.7500444454559867,1.0,22.44,6.19912689360919,1528.2492515743452,1,0,0
3,1997,R,RS,ARI,WAS,NFC,NFC,East,East,1,1,A,1483.3384645627198,1522.050124680736,0.3683160755406679,13,19,1,-6,0.0,1,0.45936612946313543,0.5250311118191906,1.0,22.44,-4.339388825526433,1478.9990757371934,0,1,0
3,1997,R,RS,GB,MIA,NFC,AFC,Central,East,0,0,H,1560.925403142514,1511.382362996389,0.6460675786696809,23,18,0,5,1.0,1,0.4368511697270999,0.6769086619988745,1.0,20.0,4.7915984352145635,1565.7170015777285,1,0,0
3,1997,R,RS,MIA,GB,AFC,NFC,East,Central,0,0,A,1511.382362996389,1560.925403142514,0.35393242133031916,18,23,0,-5,0.0,1,0.4368511697271001,0.6769086619988745,1.0,20.0,-4.791598435214564,1506.5907645611744,0,1,0
3,1997,R,RS,TB,MIN,NFC,NFC,Central,Central,1,1,A,1506.367466148679,1521.7438118810053,0.40008311407375147,28,14,0,14,1.0,0,0.9160829682741279,1.270539510366534,1.0,22.44,17.104174309980092,1523.471640458659,1,0,0
3,1997,R,RS,MIN,TB,NFC,NFC,Central,Central,1,1,H,1521.7438118810053,1506.367466148679,0.5999168859262486,14,28,0,-14,0.0,0,0.916082968274128,1.270539510366534,1.0,22.44,-17.104174309980092,1504.639637571025,0,1,0
3,1997,R,RS,BAL,NYG,AFC,NFC,Central,East,0,0,A,1490.1356689184015,1485.00410486173,0.4287223607821154,24,23,0,1,1.0,0,0.8469457472280495,0.4025385624679052,1.0,20.0,4.599225593216517,1494.734894511618,1,0,0
3,1997,R,RS,NYG,BAL,NFC,AFC,East,Central,0,0,H,1485.00410486173,1490.1356689184015,0.5712776392178847,23,24,0,-1,0.0,0,0.8469457472280496,0.4025385624679052,1.0,20.0,-4.599225593216517,1480.4048792685135,0,1,0
3,1997,R,RS,CAR,SD,NFC,AFC,West,West,0,0,A,1517.957209221509,1487.7159669511489,0.46442947439990206,26,7,0,19,1.0,0,0.7669455634723423,1.5434589400529364,1.0,20.0,16.532622315326424,1534.4898315368355,1,0,0
3,1997,R,RS,SD,CAR,AFC,NFC,West,West,0,0,H,1487.7159669511489,1517.957209221509,0.5355705256000979,7,26,0,-19,0.0,0,0.7669455634723422,1.5434589400529364,1.0,20.0,-16.53262231532642,1471.1833446358223,0,1,0
3,1997,R,RS,SEA,IND,AFC,AFC,West,East,1,0,A,1444.4222794154066,1466.5904919117997,0.39073685507421535,31,3,0,28,1.0,0,0.939720950491527,2.0435890405751094,1.0,20.4,25.39970311025182,1469.8219825256583,1,0,0
3,1997,R,RS,IND,SEA,AFC,AFC,East,West,1,0,H,1466.5904919117997,1444.4222794154066,0.6092631449257846,3,31,0,-28,0.0,0,0.9397209504915269,2.0435890405751094,1.0,20.4,-25.39970311025182,1441.190788801548,0,1,0
3,1997,R,RS,DEN,STL,AFC,NFC,West,West,0,0,H,1552.6191025159817,1490.0345714267387,0.6630399731645014,35,14,0,21,1.0,1,0.4109199992645524,1.6139514308763334,1.0,20.0,10.876742349185616,1563.4958448651673,1,0,0
3,1997,R,RS,STL,DEN,NFC,AFC,West,West,0,0,A,1490.0345714267387,1552.6191025159817,0.33696002683549864,14,35,0,-21,0.0,1,0.4109199992645524,1.6139514308763334,1.0,20.0,-10.876742349185616,1479.157829077553,0,1,0
3,1997,R,RS,SF,NO,NFC,NFC,West,West,1,1,H,1524.304827053929,1443.8237435958135,0.6856567955916032,33,7,0,26,1.0,1,0.3773780744184627,1.8525009685934706,1.0,22.44,13.067285273901696,1537.3721123278308,1,0,0
3,1997,R,RS,NO,SF,NFC,NFC,West,West,1,1,A,1443.8237435958135,1524.304827053929,0.3143432044083968,7,33,0,-26,0.0,1,0.3773780744184627,1.8525009685934706,1.0,22.44,-13.067285273901696,1430.7564583219119,0,1,0
3,1997,R,RS,NE,NYJ,AFC,AFC,East,East,1,1,H,1563.8155938981592,1484.7879047602462,0.6838507754671431,27,24,1,3,1.0,1,0.3800155496826482,0.36807283033916044,1.0,22.44,2.6112516909821353,1566.4268455891413,1,0,0
3,1997,R,RS,NYJ,NE,AFC,AFC,East,East,1,1,A,1484.7879047602462,1563.8155938981592,0.31614922453285677,24,27,1,-3,0.0,1,0.38001554968264806,0.36807283033916044,1.0,22.44,-2.6112516909821344,1482.1766530692641,0,1,0
3,1997,R,RS,DAL,PHI,NFC,NFC,East,East,1,1,H,1533.0609461542372,1496.4363904443805,0.6288842806607554,21,20,0,1,1.0,1,0.46380801271921157,0.3926855377206101,1.0,22.44,3.2702210490709835,1536.3311672033083,1,0,0
3,1997,R,RS,PHI,DAL,NFC,NFC,East,East,1,1,A,1496.4363904443805,1533.0609461542372,0.3711157193392446,20,21,0,-1,0.0,1,0.46380801271921157,0.3926855377206101,1.0,22.44,-3.2702210490709835,1493.1661693953095,0,1,0
4,1997,R,RS,BAL,TEN,AFC,AFC,Central,Central,1,1,A,1494.734894511618,1501.2170286445303,0.41243224874169615,36,10,0,26,1.0,0,0.8856833321718425,1.9616017043507985,1.0,22.44,25.863758367384346,1520.5986528790024,1,0,0
4,1997,R,RS,TEN,BAL,AFC,AFC,Central,Central,1,1,H,1501.2170286445303,1494.734894511618,0.5875677512583038,10,36,0,-26,0.0,0,0.8856833321718425,1.9616017043507985,1.0,22.44,-25.863758367384346,1475.3532702771458,0,1,0
4,1997,R,RS,KC,CAR,AFC,NFC,West,West,0,0,A,1499.539388582645,1534.4898315368355,0.3733676596726217,35,14,0,21,1.0,0,0.9851916620361744,1.6486609998959698,1.0,20.0,20.662086015425743,1520.2014745980707,1,0,0
4,1997,R,RS,CAR,KC,NFC,AFC,West,West,0,0,H,1534.4898315368355,1499.539388582645,0.6266323403273782,14,35,0,-21,0.0,0,0.9851916620361743,1.6486609998959698,1.0,20.0,-20.66208601542574,1513.8277455214097,0,1,0
4,1997,R,RS,NE,CHI,AFC,NFC,East,Central,0,0,H,1566.4268455891413,1453.7685209996357,0.7241455221820257,31,3,0,28,1.0,1,0.3227629093047239,1.9078803320772506,1.0,20.0,10.52594665488707,1576.9527922440284,1,0,0
4,1997,R,RS,CHI,NE,NFC,AFC,Central,East,0,0,A,1453.7685209996357,1566.4268455891413,0.2758544778179744,3,31,0,-28,0.0,1,0.3227629093047239,1.9078803320772506,1.0,20.0,-10.525946654887072,1443.2425743447486,0,1,0
4,1997,R,RS,NO,DET,NFC,NFC,West,Central,1,0,H,1430.7564583219119,1505.443605192405,0.471698202430273,35,17,0,18,1.0,0,0.7514158995317602,1.4371790007993483,1.0,20.4,15.488990690855902,1446.2454490127677,1,0,0
4,1997,R,RS,DET,NO,NFC,NFC,Central,West,1,0,A,1505.443605192405,1430.7564583219119,0.5283017975697271,17,35,0,-18,0.0,0,0.7514158995317604,1.4371790007993483,1.0,20.4,-15.488990690855902,1489.954614501549,0,1,0
4,1997,R,RS,GB,MIN,NFC,NFC,Central,Central,1,1,H,1565.7170015777285,1504.639637571025,0.6610988762393557,38,32,0,6,1.0,1,0.4138518644786346,0.7372494171602062,1.0,22.44,5.606738479910115,1571.3237400576386,1,0,0
4,1997,R,RS,MIN,GB,NFC,NFC,Central,Central,1,1,A,1504.639637571025,1565.7170015777285,0.33890112376064424,32,38,0,-6,0.0,1,0.4138518644786346,0.7372494171602062,1.0,22.44,-5.606738479910114,1499.032899091115,0,1,0
4,1997,R,RS,NYJ,OAK,AFC,AFC,East,West,1,0,H,1482.1766530692641,1505.7195909391703,0.5451470527136756,23,22,0,1,1.0,1,0.6066996992211826,0.3967191372035835,1.0,20.4,3.681156923559528,1485.8578099928236,1,0,0
4,1997,R,RS,OAK,NYJ,AFC,AFC,West,East,1,0,A,1505.7195909391703,1482.1766530692641,0.4548529472863244,22,23,0,-1,0.0,1,0.6066996992211826,0.3967191372035835,1.0,20.4,-3.681156923559528,1502.0384340156108,0,1,0
4,1997,R,RS,DEN,CIN,AFC,AFC,West,Central,1,0,H,1563.4958448651673,1495.753971912297,0.6696403831045524,38,20,0,18,1.0,1,0.4010144523294774,1.4447537785567246,1.0,20.4,9.736681417761895,1573.2325262829293,1,0,0
4,1997,R,RS,CIN,DEN,AFC,AFC,Central,West,1,0,A,1495.753971912297,1563.4958448651673,0.3303596168954475,20,38,0,-18,0.0,1,0.40101445232947724,1.4447537785567246,1.0,20.4,-9.736681417761893,1486.017290494535,0,1,0
4,1997,R,RS,SF,ATL,NFC,NFC,West,West,1,1,H,1537.3721123278308,1447.1574427512305,0.6976058234314261,34,7,0,27,1.0,1,0.36010105861339964,1.8896065518822072,1.0,22.44,12.82235102809985,1550.1944633559306,1,0,0
4,1997,R,RS,ATL,SF,NFC,NFC,West,West,1,1,A,1447.1574427512305,1537.3721123278308,0.302394176568574,7,34,0,-27,0.0,1,0.3601010586133998,1.8896065518822072,1.0,22.44,-12.822351028099854,1434.3350917231307,0,1,0
4,1997,R,RS,BUF,IND,AFC,AFC,East,East,1,1,H,1490.9412259705066,1441.190788801548,0.6463405271810585,37,35,0,2,1.0,1,0.43642878222550496,0.46469155600386436,1.0,22.44,3.6878472869509724,1494.6290732574575,1,0,0
4,1997,R,RS,IND,BUF,AFC,AFC,East,East,1,1,A,1441.190788801548,1490.9412259705066,0.35365947281894144,35,37,0,-2,0.0,1,0.43642878222550496,0.46469155600386436,1.0,22.44,-3.687847286950972,1437.502941514597,0,1,0
4,1997,R,RS,STL,NYG,NFC,NFC,West,East,1,0,H,1479.157829077553,1480.4048792685135,0.5767453561276008,13,3,0,10,1.0,1,0.5503544337550534,1.036717345421066,1.0,20.4,8.95142678898366,1488.1092558665366,1,0,0
4,1997,R,RS,NYG,STL,NFC,NFC,East,West,1,0,A,1480.4048792685135,1479.157829077553,0.4232546438723992,3,13,0,-10,0.0,1,0.5503544337550534,1.036717345421066,1.0,20.4,-8.95142678898366,1471.45345247953,0,1,0
4,1997,R,RS,SEA,SD,AFC,AFC,West,West,1,1,H,1469.8219825256583,1471.1833446358223,0.5765847156565643,26,22,0,4,1.0,1,0.5506330018354414,0.6317488213802613,1.0,22.44,6.002522877452658,1475.824505403111,1,0,0
4,1997,R,RS,SD,SEA,AFC,AFC,West,West,1,1,A,1471.1833446358223,1469.8219825256583,0.4234152843434357,22,26,0,-4,0.0,1,0.5506330018354416,0.6317488213802613,1.0,22.44,-6.002522877452658,1465.1808217583696,0,1,0
4,1997,R,RS,TB,MIA,NFC,AFC,Central,East,0,0,H,1523.471640458659,1506.5907645611744,0.601993804811675,31,21,0,10,1.0,1,0.5075081247367755,1.0239238313712455,1.0,20.0,8.15056056573443,1531.6222010243935,1,0,0
4,1997,R,RS,MIA,TB,AFC,NFC,East,Central,0,0,A,1506.5907645611744,1523.471640458659,0.3980061951883251,21,31,0,-10,0.0,1,0.5075081247367758,1.0239238313712455,1.0,20.0,-8.150560565734432,1498.44020399544,0,1,0
4,1997,R,RS,JAX,PIT,AFC,AFC,Central,Central,1,1,H,1523.7673128017814,1490.1754776642736,0.6248007539052401,30,21,0,9,1.0,1,0.47032247382288156,0.9479093357243634,1.0,22.44,7.980895240836432,1531.7482080426178,1,0,0
4,1997,R,RS,PIT,JAX,AFC,AFC,Central,Central,1,1,A,1490.1754776642736,1523.7673128017814,0.3751992460947599,21,30,0,-9,0.0,1,0.4703224738228817,0.9479093357243634,1.0,22.44,-7.980895240836434,1482.1945824234372,0,1,0
5,1997,R,RS,TB,ARI,NFC,NFC,Central,East,1,0,H,1531.6222010243935,1478.9990757371934,0.6501113079111706,19,18,0,1,1.0,1,0.4306116878125905,0.387862648601507,1.0,20.4,2.7684585985175265,1534.390659622911,1,0,0
5,1997,R,RS,ARI,TB,NFC,NFC,East,Central,1,0,A,1478.9990757371934,1531.6222010243935,0.3498886920888295,18,19,0,-1,0.0,1,0.4306116878125907,0.387862648601507,1.0,20.4,-2.768458598517527,1476.2306171386758,0,1,0
5,1997,R,RS,WAS,JAX,NFC,AFC,East,Central,0,0,H,1528.2492515743452,1531.7482080426178,0.5735778458484734,24,12,0,12,1.0,1,0.5558616134403936,1.1603734413787172,1.0,20.0,9.896178849858657,1538.1454304242038,1,0,0
5,1997,R,RS,JAX,WAS,AFC,NFC,Central,East,0,0,A,1531.7482080426178,1528.2492515743452,0.42642215415152657,12,24,0,-12,0.0,1,0.5558616134403934,1.1603734413787172,1.0,20.0,-9.896178849858655,1521.8520291927591,0,1,0
5,1997,R,RS,PIT,TEN,AFC,AFC,Central,Central,1,1,H,1482.1945824234372,1475.3532702771458,0.5880687045450897,37,24,0,13,1.0,1,0.5309114934448546,1.2186087391153813,1.0,22.44,11.264500237927273,1493.4590826613644,1,0,0
5,1997,R,RS,TEN,PIT,AFC,AFC,Central,Central,1,1,A,1475.3532702771458,1482.1945824234372,0.4119312954549103,24,37,0,-13,0.0,1,0.5309114934448547,1.2186087391153813,1.0,22.44,-11.264500237927274,1464.0887700392186,0,1,0
5,1997,R,RS,DEN,ATL,AFC,NFC,West,West,0,0,A,1573.2325262829293,1434.3350917231307,0.6184448113239712,29,21,0,8,1.0,1,0.4805473210031345,0.8171329475792094,1.0,20.0,6.235626319739695,1579.4681526026689,1,0,0
5,1997,R,RS,ATL,DEN,NFC,AFC,West,West,0,0,H,1434.3350917231307,1573.2325262829293,0.3815551886760287,21,29,0,-8,0.0,1,0.4805473210031343,0.8171329475792094,1.0,20.0,-6.235626319739694,1428.0994654033912,0,1,0
5,1997,R,RS,DET,GB,NFC,NFC,Central,Central,1,1,H,1489.954614501549,1571.3237400576386,0.4621244743710697,26,15,0,11,1.0,0,0.7719209991432026,1.0338384893245414,1.0,22.44,12.47835488411763,1502.4329693856666,1,0,0
5,1997,R,RS,GB,DET,NFC,NFC,Central,Central,1,1,A,1571.3237400576386,1489.954614501549,0.5378755256289303,15,26,0,-11,0.0,0,0.7719209991432024,1.0338384893245414,1.0,22.44,-12.47835488411763,1558.845385173521,0,1,0
5,1997,R,RS,NYG,NO,NFC,NFC,East,West,1,0,H,1471.45345247953,1446.2454490127677,0.6134207965111745,14,9,0,5,1.0,1,0.48870412420670795,0.6898262386401273,1.0,20.4,5.4401185487355335,1476.8935710282653,1,0,0
5,1997,R,RS,NO,NYG,NFC,NFC,West,East,1,0,A,1446.2454490127677,1471.45345247953,0.38657920348882546,9,14,0,-5,0.0,1,0.48870412420670795,0.6898262386401273,1.0,20.4,-5.4401185487355335,1440.8053304640323,0,1,0
5,1997,R,RS,NYJ,CIN,AFC,AFC,East,Central,1,0,A,1485.8578099928236,1486.017290494535,0.4212794096562214,31,14,0,17,1.0,0,0.8644589845448865,1.46456053599557,1.0,20.4,17.290455294905364,1503.148265287729,1,0,0
5,1997,R,RS,CIN,NYJ,AFC,AFC,Central,East,1,0,H,1486.017290494535,1485.8578099928236,0.5787205903437787,14,31,0,-17,0.0,0,0.8644589845448867,1.46456053599557,1.0,20.4,-17.290455294905364,1468.7268351996297,0,1,0
5,1997,R,RS,DAL,CHI,NFC,NFC,East,Central,1,0,H,1536.3311672033083,1443.2425743447486,0.7010842838959609,27,3,0,24,1.0,1,0.35512716537196876,1.7331458053103845,1.0,20.4,10.568516197944128,1546.8996834012523,1,0,0
5,1997,R,RS,CHI,DAL,NFC,NFC,Central,East,1,0,A,1443.2425743447486,1536.3311672033083,0.2989157161040391,3,27,0,-24,0.0,1,0.35512716537196876,1.7331458053103845,1.0,20.4,-10.568516197944128,1432.6740581468046,0,1,0
5,1997,R,RS,KC,SEA,AFC,AFC,West,West,1,1,H,1520.2014745980707,1475.824505403111,0.6392383317999392,20,17,1,3,1.0,1,0.4474779179302023,0.3779262106651599,1.0,22.44,3.059498552449076,1523.2609731505197,1,0,0
5,1997,R,RS,SEA,KC,AFC,AFC,West,West,1,1,A,1475.824505403111,1520.2014745980707,0.3607616682000609,17,20,1,-3,0.0,1,0.4474779179302025,0.3779262106651599,1.0,22.44,-3.0594985524490763,1472.765006850662,0,1,0
5,1997,R,RS,OAK,STL,AFC,NFC,West,West,0,0,H,1502.0384340156108,1488.1092558665366,0.5979157575089493,35,17,0,18,1.0,1,0.5143054086859953,1.5062652109187478,1.0,20.0,12.112910126457749,1514.1513441420686,1,0,0
5,1997,R,RS,STL,OAK,NFC,AFC,West,West,0,0,A,1488.1092558665366,1502.0384340156108,0.4020842424910506,17,35,0,-18,0.0,1,0.5143054086859953,1.5062652109187478,1.0,20.0,-12.112910126457747,1475.9963457400788,0,1,0
5,1997,R,RS,SD,BAL,AFC,AFC,West,Central,1,0,H,1465.1808217583696,1520.5986528790024,0.49939869297128764,21,17,0,4,1.0,0,0.6943505183379515,0.6055885301913273,1.0,20.4,6.184431558601655,1471.3652533169711,1,0,0
5,1997,R,RS,BAL,SD,AFC,AFC,Central,West,1,0,A,1520.5986528790024,1465.1808217583696,0.5006013070287124,17,21,0,-4,0.0,0,0.6943505183379516,0.6055885301913273,1.0,20.4,-6.1844315586016565,1514.4142213204009,0,1,0
5,1997,R,RS,MIN,PHI,NFC,NFC,Central,East,1,0,H,1499.032899091115,1493.1661693953095,0.5867090122747576,28,19,0,9,1.0,1,0.5332263022091098,0.9688358286879103,1.0,20.4,8.168386778273415,1507.2012858693884,1,0,0
5,1997,R,RS,PHI,MIN,NFC,NFC,East,Central,1,0,A,1493.1661693953095,1499.032899091115,0.41329098772524236,19,28,0,-9,0.0,1,0.5332263022091098,0.9688358286879103,1.0,20.4,-8.168386778273414,1484.9977826170361,0,1,0
5,1997,R,RS,SF,CAR,NFC,NFC,West,West,1,1,A,1550.1944633559306,1513.8277455214097,0.4732102313811029,34,21,0,13,1.0,0,0.7482155254271559,1.1906385523103524,1.0,22.44,14.074731695858139,1564.2691950517888,1,0,0
5,1997,R,RS,CAR,SF,NFC,NFC,West,West,1,1,H,1513.8277455214097,1550.1944633559306,0.5267897686188971,21,34,0,-13,0.0,0,0.748215525427156,1.1906385523103524,1.0,22.44,-14.074731695858139,1499.7530138255515,0,1,0
6,1997,R,RS,BUF,DET,AFC,NFC,East,Central,0,0,H,1494.6290732574575,1502.4329693856666,0.567505937292495,22,13,0,9,1.0,1,0.5665040674918892,0.9673437071802402,1.0,20.0,8.367408199058424,1502.996481456516,1,0,0
6,1997,R,RS,DET,BUF,NFC,AFC,Central,East,0,0,A,1502.4329693856666,1494.6290732574575,0.43249406270750496,13,22,0,-9,0.0,1,0.566504067491889,0.9673437071802402,1.0,20.0,-8.367408199058422,1494.0655611866082,0,1,0
6,1997,R,RS,JAX,CIN,AFC,AFC,Central,Central,1,1,H,1521.8520291927591,1468.7268351996297,0.650768432623915,21,13,0,8,1.0,1,0.4296014103085901,0.870916976986199,1.0,22.44,6.82516416880933,1528.6771933615685,1,0,0
6,1997,R,RS,CIN,JAX,AFC,AFC,Central,Central,1,1,A,1468.7268351996297,1521.8520291927591,0.349231567376085,13,21,0,-8,0.0,1,0.4296014103085903,0.870916976986199,1.0,22.44,-6.825164168809331,1461.9016710308204,0,1,0
6,1997,R,RS,NYG,DAL,NFC,NFC,East,East,1,1,H,1476.8935710282653,1546.8996834012523,0.47841788691939974,20,17,0,3,1.0,0,0.7372706879991,0.5294120324301312,1.0,22.44,6.196398636923158,1483.0899696651884,1,0,0
6,1997,R,RS,DAL,NYG,NFC,NFC,East,East,1,1,A,1546.8996834012523,1476.8935710282653,0.5215821130806003,17,20,0,-3,0.0,0,0.7372706879991001,0.5294120324301312,1.0,22.44,-6.196398636923159,1540.7032847643293,0,1,0
6,1997,R,RS,PHI,WAS,NFC,NFC,East,East,1,1,H,1484.9977826170361,1538.1454304242038,0.5026657238337966,24,10,0,14,1.0,1,0.6878298947463127,1.2337133443332153,1.0,22.44,13.768464418776247,1498.7662470358123,1,0,0
6,1997,R,RS,WAS,PHI,NFC,NFC,East,East,1,1,A,1538.1454304242038,1484.9977826170361,0.49733427616620335,10,24,0,-14,0.0,1,0.6878298947463127,1.2337133443332153,1.0,22.44,-13.768464418776245,1524.3769660054277,0,1,0
6,1997,R,RS,PIT,BAL,AFC,AFC,Central,Central,1,1,A,1493.4590826613644,1514.4142213204009,0.39240050497816353,42,34,0,8,1.0,0,0.9354722643953158,0.8929613800409029,1.0,22.44,12.175111107689021,1505.6341937690534,1,0,0
6,1997,R,RS,BAL,PIT,AFC,AFC,Central,Central,1,1,H,1514.4142213204009,1493.4590826613644,0.6075994950218364,34,42,0,-8,0.0,0,0.9354722643953157,0.8929613800409029,1.0,22.44,-12.175111107689021,1502.239110212712,0,1,0
6,1997,R,RS,GB,TB,NFC,NFC,Central,Central,1,1,H,1558.845385173521,1534.390659622911,0.6123920203779257,21,16,0,5,1.0,1,0.4903826453652679,0.6902339666363694,1.0,22.44,6.003601937078734,1564.8489871105996,1,0,0
6,1997,R,RS,TB,GB,NFC,NFC,Central,Central,1,1,A,1534.390659622911,1558.845385173521,0.3876079796220743,16,21,0,-5,0.0,1,0.4903826453652679,0.6902339666363694,1.0,22.44,-6.003601937078734,1528.3870576858324,0,1,0
6,1997,R,RS,MIA,KC,AFC,AFC,East,West,1,0,H,1498.44020399544,1523.2609731505197,0.5433225009603994,17,14,0,3,1.0,1,0.6100522109308816,0.5481767599650459,1.0,20.4,5.10693583215836,1503.5471398275984,1,0,0
6,1997,R,RS,KC,MIA,AFC,AFC,West,East,1,0,A,1523.2609731505197,1498.44020399544,0.45667749903960064,14,17,0,-3,0.0,1,0.6100522109308816,0.5481767599650459,1.0,20.4,-5.10693583215836,1518.1540373183614,0,1,0
6,1997,R,RS,NYJ,IND,AFC,AFC,East,East,1,1,A,1503.148265287729,1437.502941514597,0.5153150601442612,16,12,0,4,1.0,1,0.6629767981013025,0.6008808387405595,1.0,22.44,6.535378323081139,1509.6836436108101,1,0,0
6,1997,R,RS,IND,NYJ,AFC,AFC,East,East,1,1,H,1437.502941514597,1503.148265287729,0.4846849398557389,12,16,0,-4,0.0,1,0.6629767981013027,0.6008808387405595,1.0,22.44,-6.53537832308114,1430.9675631915159,0,1,0
6,1997,R,RS,MIN,ARI,NFC,NFC,Central,East,1,0,A,1507.2012858693884,1476.2306171386758,0.4654740452082242,20,19,0,1,1.0,0,0.7646989406224391,0.3944187543373627,1.0,20.4,4.300872049499217,1511.5021579188876,1,0,0
6,1997,R,RS,ARI,MIN,NFC,NFC,East,Central,1,0,H,1476.2306171386758,1507.2012858693884,0.5345259547917758,19,20,0,-1,0.0,0,0.7646989406224391,0.3944187543373627,1.0,20.4,-4.300872049499217,1471.9297450891765,0,1,0
6,1997,R,RS,SEA,TEN,AFC,AFC,West,Central,1,0,H,1472.765006850662,1464.0887700392186,0.5906250464936003,16,13,0,3,1.0,1,0.5265739020148098,0.5552080021323763,1.0,20.4,4.636680301210181,1477.4016871518722,1,0,0
6,1997,R,RS,TEN,SEA,AFC,AFC,Central,West,1,0,A,1464.0887700392186,1472.765006850662,0.40937495350639963,13,16,0,-3,0.0,1,0.5265739020148096,0.5552080021323763,1.0,20.4,-4.6366803012101805,1459.4520897380085,0,1,0
6,1997,R,RS,SD,OAK,AFC,AFC,West,West,1,1,A,1471.3652533169711,1514.1513441420686,0.3628762620404156,25,10,0,15,1.0,0,1.0136933787504097,1.3017874574247608,1.0,22.44,18.611729063871554,1489.9769823808426,1,0,0
6,1997,R,RS,OAK,SD,AFC,AFC,West,West,1,1,H,1514.1513441420686,1471.3652533169711,0.6371237379595844,10,25,0,-15,0.0,0,1.0136933787504097,1.3017874574247608,1.0,22.44,-18.611729063871554,1495.5396150781971,0,1,0
6,1997,R,RS,NO,CHI,NFC,NFC,West,Central,1,0,A,1440.8053304640323,1432.6740581468046,0.43295666573433883,20,17,0,3,1.0,0,0.8371176351233742,0.5554484926556819,1.0,20.4,6.425252651881593,1447.230583115914,1,0,0
6,1997,R,RS,CHI,NO,NFC,NFC,Central,West,1,0,H,1432.6740581468046,1440.8053304640323,0.5670433342656611,17,20,0,-3,0.0,0,0.837117635123374,0.5554484926556819,1.0,20.4,-6.425252651881593,1426.2488054949229,0,1,0
6,1997,R,RS,DEN,NE,AFC,AFC,West,East,1,0,H,1579.4681526026689,1576.9527922440284,0.5820233575338594,34,13,0,21,1.0,1,0.5412446988363258,1.6913546525218155,1.0,20.4,14.421713473163308,1593.889866075832,1,0,0
6,1997,R,RS,NE,DEN,AFC,AFC,East,West,1,0,A,1576.9527922440284,1579.4681526026689,0.41797664246614064,13,34,0,-21,0.0,1,0.5412446988363258,1.6913546525218155,1.0,20.4,-14.421713473163308,1562.5310787708652,0,1,0
7,1997,R,RS,ATL,NO,NFC,NFC,West,West,1,1,A,1428.0994654033912,1447.230583115914,0.3949067263133179,23,17,0,6,1.0,0,0.9291056778811412,0.7616163601819658,1.0,22.44,10.34145013900587,1438.440915542397,1,0,0
7,1997,R,RS,NO,ATL,NFC,NFC,West,West,1,1,H,1447.230583115914,1428.0994654033912,0.6050932736866821,17,23,0,-6,0.0,0,0.9291056778811412,0.7616163601819658,1.0,22.44,-10.34145013900587,1436.889132976908,0,1,0
7,1997,R,RS,NE,BUF,AFC,AFC,East,East,1,1,H,1562.5310787708652,1502.996481456516,0.6591063029206103,33,6,0,27,1.0,1,0.4168704480491291,1.9338766808867127,1.0,22.44,14.793488575182952,1577.324567346048,1,0,0
7,1997,R,RS,BUF,NE,AFC,AFC,East,East,1,1,A,1502.996481456516,1562.5310787708652,0.34089369707938966,6,33,0,-27,0.0,1,0.4168704480491291,1.9338766808867127,1.0,22.44,-14.793488575182952,1488.202992881333,0,1,0
7,1997,R,RS,TEN,CIN,AFC,AFC,Central,Central,1,1,H,1459.4520897380085,1461.9016710308204,0.57505465477153,30,7,0,23,1.0,1,0.5532901909253467,1.80329665082099,1.0,22.44,17.195828500160616,1476.647918238169,1,0,0
7,1997,R,RS,CIN,TEN,AFC,AFC,Central,Central,1,1,A,1461.9016710308204,1459.4520897380085,0.42494534522847005,7,30,0,-23,0.0,1,0.5532901909253467,1.80329665082099,1.0,22.44,-17.195828500160616,1444.7058425306598,0,1,0
7,1997,R,RS,JAX,PHI,AFC,NFC,Central,East,0,0,H,1528.6771933615685,1498.7662470358123,0.6198205677998474,38,21,0,17,1.0,1,0.4783252496036617,1.4305168997105602,1.0,20.0,10.877062053693669,1539.554255415262,1,0,0
7,1997,R,RS,PHI,JAX,NFC,AFC,East,Central,0,0,A,1498.7662470358123,1528.6771933615685,0.3801794322001526,21,38,0,-17,0.0,1,0.4783252496036617,1.4305168997105602,1.0,20.0,-10.877062053693669,1487.8891849821186,0,1,0
7,1997,R,RS,MIA,NYJ,AFC,AFC,East,East,1,1,A,1503.5471398275984,1509.6836436108101,0.4129144781192456,31,20,0,11,1.0,0,0.8845147822358476,1.0957572217292957,1.0,22.44,14.435723816382444,1517.9828636439809,1,0,0
7,1997,R,RS,NYJ,MIA,AFC,AFC,East,East,1,1,H,1509.6836436108101,1503.5471398275984,0.5870855218807544,20,31,0,-11,0.0,0,0.8845147822358475,1.0957572217292957,1.0,22.44,-14.43572381638244,1495.2479197944276,0,1,0
7,1997,R,RS,GB,CHI,NFC,NFC,Central,Central,1,1,A,1564.8489871105996,1426.2488054949229,0.6180409538735494,24,23,0,1,1.0,1,0.48120055531629835,0.3638476086871931,1.0,22.44,3.11859643173191,1567.9675835423316,1,0,0
7,1997,R,RS,CHI,GB,NFC,NFC,Central,Central,1,1,H,1426.2488054949229,1564.8489871105996,0.38195904612645054,23,24,0,-1,0.0,1,0.48120055531629835,0.3638476086871931,1.0,22.44,-3.1185964317319095,1423.130209063191,0,1,0
7,1997,R,RS,DET,TB,NFC,NFC,Central,Central,1,1,A,1494.0655611866082,1528.3870576858324,0.3742151164493709,27,9,0,18,1.0,0,0.9829244692467665,1.4823488941829954,1.0,22.44,20.816051536065803,1514.881612722674,1,0,0
7,1997,R,RS,TB,DET,NFC,NFC,Central,Central,1,1,H,1528.3870576858324,1494.0655611866082,0.6257848835506291,9,27,0,-18,0.0,0,0.9829244692467665,1.4823488941829954,1.0,22.44,-20.816051536065803,1507.5710061497666,0,1,0
7,1997,R,RS,MIN,CAR,NFC,NFC,Central,West,1,0,H,1511.5021579188876,1499.7530138255515,0.5948950804387735,21,14,0,7,1.0,1,0.5193702243824406,0.8334426688985852,1.0,20.4,6.8876871969983275,1518.389845115886,1,0,0
7,1997,R,RS,CAR,MIN,NFC,NFC,West,Central,1,0,A,1499.7530138255515,1511.5021579188876,0.4051049195612265,14,21,0,-7,0.0,1,0.5193702243824406,0.8334426688985852,1.0,20.4,-6.8876871969983275,1492.8653266285532,0,1,0
7,1997,R,RS,NYG,ARI,NFC,NFC,East,East,1,1,A,1483.0899696651884,1471.9297450891765,0.43724220782326145,27,13,0,14,1.0,0,0.8272679861152634,1.2747869869402506,1.0,22.44,16.098373202372013,1499.1883428675603,1,0,0
7,1997,R,RS,ARI,NYG,NFC,NFC,East,East,1,1,H,1471.9297450891765,1483.0899696651884,0.5627577921767386,13,27,0,-14,0.0,0,0.8272679861152635,1.2747869869402506,1.0,22.44,-16.098373202372013,1455.8313718868046,0,1,0
7,1997,R,RS,SF,STL,NFC,NFC,West,West,1,1,H,1564.2691950517888,1475.9963457400788,0.6952426039199645,30,10,0,20,1.0,1,0.3634944239398004,1.5299821051359177,1.0,22.44,10.463174252486537,1574.7323693042754,1,0,0
7,1997,R,RS,STL,SF,NFC,NFC,West,West,1,1,A,1475.9963457400788,1564.2691950517888,0.30475739608003555,10,30,0,-20,0.0,1,0.3634944239398006,1.5299821051359177,1.0,22.44,-10.463174252486539,1465.5331714875922,0,1,0
7,1997,R,RS,PIT,IND,AFC,AFC,Central,East,1,0,H,1505.6341937690534,1430.9675631915159,0.6783983810186375,24,22,0,2,1.0,1,0.38802058097746017,0.4559509835326776,1.0,20.4,2.9913453193971753,1508.6255390884505,1,0,0
7,1997,R,RS,IND,PIT,AFC,AFC,East,Central,1,0,A,1430.9675631915159,1505.6341937690534,0.32160161898136247,22,24,0,-2,0.0,1,0.38802058097746,0.4559509835326776,1.0,20.4,-2.9913453193971744,1427.9762178721187,0,1,0
7,1997,R,RS,WAS,DAL,NFC,NFC,East,East,1,1,H,1524.3769660054277,1540.7032847643293,0.555427169992674,21,16,0,5,1.0,1,0.5880177856216418,0.6946645011511803,1.0,22.44,6.930121933813226,1531.307087939241,1,0,0
7,1997,R,RS,DAL,WAS,NFC,NFC,East,East,1,1,A,1540.7032847643293,1524.3769660054277,0.44457283000732606,16,21,0,-5,0.0,1,0.5880177856216419,0.6946645011511803,1.0,22.44,-6.930121933813227,1533.773162830516,0,1,0
8,1997,R,RS,KC,SD,AFC,AFC,West,West,1,1,H,1518.1540373183614,1489.9769823808426,0.6174657989670974,31,3,0,28,1.0,1,0.48213159830198327,2.0339819172804203,1.0,22.44,17.459838013091797,1535.613875331453,1,0,0
8,1997,R,RS,SD,KC,AFC,AFC,West,West,1,1,A,1489.9769823808426,1518.1540373183614,0.3825342010329026,3,31,0,-28,0.0,1,0.48213159830198327,2.0339819172804203,1.0,22.44,-17.459838013091797,1472.517144367751,0,1,0
8,1997,R,RS,SF,ATL,NFC,NFC,West,West,1,1,A,1574.7323693042754,1438.440915542397,0.6148987241106191,35,28,0,7,1.0,1,0.4862977009791362,0.758567450791114,1.0,22.44,6.555291578236928,1581.2876608825122,1,0,0
8,1997,R,RS,ATL,SF,NFC,NFC,West,West,1,1,H,1438.440915542397,1574.7323693042754,0.3851012758893809,28,35,0,-7,0.0,1,0.4862977009791362,0.758567450791114,1.0,22.44,-6.555291578236928,1431.8856239641602,0,1,0
8,1997,R,RS,CAR,NO,NFC,NFC,West,West,1,1,A,1492.8653266285532,1436.889132976908,0.5014048518969909,13,0,0,13,1.0,1,0.6903414166055389,1.1727608926623745,1.0,22.44,13.121406073286325,1505.9867327018396,1,0,0
8,1997,R,RS,NO,CAR,NFC,NFC,West,West,1,1,H,1436.889132976908,1492.8653266285532,0.49859514810300903,0,13,0,-13,0.0,1,0.6903414166055389,1.1727608926623745,1.0,22.44,-13.121406073286325,1423.7677269036217,0,1,0
8,1997,R,RS,PHI,ARI,NFC,NFC,East,East,1,1,H,1487.8891849821186,1455.8313718868046,0.6227283860093852,13,10,1,3,1.0,1,0.47364483277353725,0.38155766311276146,1.0,22.44,3.230257643819791,1491.1194426259385,1,0,0
8,1997,R,RS,ARI,PHI,NFC,NFC,East,East,1,1,A,1455.8313718868046,1487.8891849821186,0.3772716139906149,10,13,1,-3,0.0,1,0.47364483277353747,0.38155766311276146,1.0,22.44,-3.2302576438197916,1452.6011142429847,0,1,0
8,1997,R,RS,DAL,JAX,NFC,AFC,East,Central,0,0,H,1533.773162830516,1539.554255415262,0.5703616454048365,26,22,0,4,1.0,1,0.5614846537192406,0.6295253769163948,1.0,20.0,5.409364942285199,1539.1825277728012,1,0,0
8,1997,R,RS,JAX,DAL,AFC,NFC,Central,East,0,0,A,1539.554255415262,1533.773162830516,0.4296383545951635,22,26,0,-4,0.0,1,0.5614846537192405,0.6295253769163948,1.0,20.0,-5.409364942285199,1534.1448904729768,0,1,0
8,1997,R,RS,NYJ,NE,AFC,AFC,East,East,1,1,H,1495.2479197944276,1577.324567346048,0.4611122686053917,24,19,0,5,1.0,0,0.7741137328682028,0.660376369582122,1.0,22.44,7.985694159170894,1503.2336139535985,1,0,0
8,1997,R,RS,NE,NYJ,AFC,AFC,East,East,1,1,A,1577.324567346048,1495.2479197944276,0.5388877313946083,19,24,0,-5,0.0,0,0.7741137328682028,0.660376369582122,1.0,22.44,-7.985694159170894,1569.3388731868772,0,1,0
8,1997,R,RS,TEN,WAS,AFC,NFC,Central,East,0,0,H,1476.647918238169,1531.307087939241,0.5004904940711299,28,14,0,14,1.0,1,0.6921666732721039,1.232284017215399,1.0,20.0,12.310751612066145,1488.958669850235,1,0,0
8,1997,R,RS,WAS,TEN,NFC,AFC,East,Central,0,0,A,1531.307087939241,1476.647918238169,0.49950950592887017,14,28,0,-14,0.0,1,0.6921666732721039,1.232284017215399,1.0,20.0,-12.310751612066145,1518.996336327175,0,1,0
8,1997,R,RS,SEA,STL,AFC,NFC,West,West,0,0,A,1477.4016871518722,1465.5331714875922,0.438245717604673,17,9,0,8,1.0,0,0.8249755268094299,0.8993915297027618,1.0,20.0,10.104740867212207,1487.5064280190845,1,0,0
8,1997,R,RS,STL,SEA,NFC,AFC,West,West,0,0,H,1465.5331714875922,1477.4016871518722,0.561754282395327,9,17,0,-8,0.0,0,0.8249755268094299,0.8993915297027618,1.0,20.0,-10.104740867212207,1455.42843062038,0,1,0
8,1997,R,RS,PIT,CIN,AFC,AFC,Central,Central,1,1,A,1508.6255390884505,1444.7058425306598,0.5128336557730724,26,10,0,16,1.0,1,0.6678037441465753,1.3374661748560133,1.0,22.44,14.621197295549072,1523.2467363839996,1,0,0
8,1997,R,RS,CIN,PIT,AFC,AFC,Central,Central,1,1,H,1444.7058425306598,1508.6255390884505,0.48716634422692756,10,26,0,-16,0.0,1,0.6678037441465753,1.3374661748560133,1.0,22.44,-14.62119729554907,1430.0846452351107,0,1,0
8,1997,R,RS,OAK,DEN,AFC,AFC,West,West,1,1,H,1495.5396150781971,1593.889866075832,0.43793571376014323,28,25,0,3,1.0,0,0.8256831516149057,0.5182830783429765,1.0,22.44,6.536960686718478,1502.0765757649156,1,0,0
8,1997,R,RS,DEN,OAK,AFC,AFC,West,West,1,1,A,1593.889866075832,1495.5396150781971,0.5620642862398567,25,28,0,-3,0.0,0,0.8256831516149056,0.5182830783429765,1.0,22.44,-6.536960686718476,1587.3529053891136,0,1,0
8,1997,R,RS,MIA,BAL,AFC,AFC,East,Central,1,0,A,1517.9828636439809,1502.239110212712,0.44374490834840735,24,13,0,11,1.0,0,0.8125054124027742,1.087440204043625,1.0,20.4,12.33984066746463,1530.3227043114455,1,0,0
8,1997,R,RS,BAL,MIA,AFC,AFC,Central,East,1,0,H,1502.239110212712,1517.9828636439809,0.5562550916515927,13,24,0,-11,0.0,0,0.8125054124027743,1.087440204043625,1.0,20.4,-12.33984066746463,1489.8992695452473,0,1,0
8,1997,R,RS,NYG,DET,NFC,NFC,East,Central,1,0,A,1499.1883428675603,1514.881612722674,0.3996453168289848,26,20,1,6,1.0,0,0.9171778331597138,0.5345795318984119,1.0,20.4,6.547121440252646,1505.735464307813,1,0,0
8,1997,R,RS,DET,NYG,NFC,NFC,Central,East,1,0,H,1514.881612722674,1499.1883428675603,0.6003546831710151,20,26,1,-6,0.0,0,0.9171778331597136,0.5345795318984119,1.0,20.4,-6.547121440252646,1508.3344912824214,0,1,0
8,1997,R,RS,BUF,IND,AFC,AFC,East,East,1,1,A,1488.202992881333,1427.9762178721187,0.5075213664897,9,6,0,3,1.0,1,0.6782164674948992,0.5333634849331061,1.0,22.44,5.8943174978298725,1494.097310379163,1,0,0
8,1997,R,RS,IND,BUF,AFC,AFC,East,East,1,1,H,1427.9762178721187,1488.202992881333,0.4924786335103001,6,9,0,-3,0.0,1,0.6782164674948994,0.5333634849331061,1.0,22.44,-5.894317497829873,1422.0819003742888,0,1,0
9,1997,R,RS,DEN,BUF,AFC,AFC,West,East,1,0,A,1587.3529053891136,1494.097310379163,0.5548328103295818,23,20,1,3,1.0,1,0.589088453267786,0.3641741638429444,1.0,20.4,3.3072151369981744,1590.6601205261118,1,0,0
9,1997,R,RS,BUF,DEN,AFC,AFC,East,West,1,0,H,1494.097310379163,1587.3529053891136,0.44516718967041824,20,23,1,-3,0.0,1,0.589088453267786,0.3641741638429444,1.0,20.4,-3.3072151369981744,1490.7900952421649,0,1,0
9,1997,R,RS,NYG,CIN,NFC,AFC,East,Central,0,0,H,1505.735464307813,1430.0846452351107,0.6796331824597145,29,27,0,2,1.0,1,0.38620206392001355,0.4556124768113784,1.0,20.0,2.9192623845541683,1508.6547266923671,1,0,0
9,1997,R,RS,CIN,NYG,AFC,NFC,Central,East,0,0,A,1430.0846452351107,1505.735464307813,0.3203668175402855,27,29,0,-2,0.0,1,0.38620206392001355,0.4556124768113784,1.0,20.0,-2.9192623845541683,1427.1653828505564,0,1,0
9,1997,R,RS,PHI,DAL,NFC,NFC,East,East,1,1,H,1491.1194426259385,1539.1825277728012,0.5099816966150826,13,12,0,1,1.0,1,0.6733804428978248,0.3892251935092226,1.0,22.44,4.279924403418764,1495.3993670293573,1,0,0
9,1997,R,RS,DAL,PHI,NFC,NFC,East,East,1,1,A,1539.1825277728012,1491.1194426259385,0.49001830338491736,12,13,0,-1,0.0,1,0.6733804428978248,0.3892251935092226,1.0,22.44,-4.279924403418764,1534.9026033693824,0,1,0
9,1997,R,RS,KC,STL,AFC,NFC,West,West,0,0,A,1535.613875331453,1455.42843062038,0.5361814161001003,28,20,0,8,1.0,1,0.6232827123036507,0.8531997242185752,1.0,20.0,7.91459775741689,1543.52847308887,1,0,0
9,1997,R,RS,STL,KC,NFC,AFC,West,West,0,0,H,1455.42843062038,1535.613875331453,0.4638185838998998,20,28,0,-8,0.0,1,0.623282712303651,0.8531997242185752,1.0,20.0,-7.914597757416891,1447.513832862963,0,1,0
9,1997,R,RS,BAL,WAS,AFC,NFC,Central,East,0,0,A,1489.8992695452473,1518.996336327175,0.3812840537309017,20,17,0,3,1.0,0,0.9642106337880405,0.5463440867156033,1.0,20.0,6.760635972015415,1496.6599055172628,1,0,0
9,1997,R,RS,WAS,BAL,NFC,AFC,East,Central,0,0,H,1518.996336327175,1489.8992695452473,0.6187159462690982,17,20,0,-3,0.0,0,0.9642106337880403,0.5463440867156033,1.0,20.0,-6.7606359720154146,1512.2357003551595,0,1,0
9,1997,R,RS,SF,NO,NFC,NFC,West,West,1,1,A,1581.2876608825122,1423.7677269036217,0.6434000619272862,23,0,0,23,1.0,1,0.4409885679271595,1.604622485795183,1.0,22.44,12.840353782210666,1594.128014664723,1,0,0
9,1997,R,RS,NO,SF,NFC,NFC,West,West,1,1,H,1423.7677269036217,1581.2876608825122,0.35659993807271384,0,23,0,-23,0.0,1,0.4409885679271595,1.604622485795183,1.0,22.44,-12.840353782210666,1410.927373121411,0,1,0
9,1997,R,RS,SD,IND,AFC,AFC,West,East,1,0,H,1472.517144367751,1422.0819003742888,0.6472411012402994,35,19,0,16,1.0,1,0.4350364090115541,1.3513346079629607,1.0,20.4,9.724584286482068,1482.241728654233,1,0,0
9,1997,R,RS,IND,SD,AFC,AFC,East,West,1,0,A,1422.0819003742888,1472.517144367751,0.35275889875970057,19,35,0,-16,0.0,1,0.4350364090115541,1.3513346079629607,1.0,20.4,-9.724584286482068,1412.3573160878068,0,1,0
9,1997,R,RS,TEN,ARI,AFC,NFC,Central,East,0,0,A,1488.958669850235,1452.6011142429847,0.4731970837472355,41,14,0,27,1.0,0,0.7482433097302948,1.9687204459766905,1.0,20.0,20.742553444539272,1509.7012232947743,1,0,0
9,1997,R,RS,ARI,TEN,NFC,AFC,East,Central,0,0,H,1452.6011142429847,1488.958669850235,0.5268029162527645,14,41,0,-27,0.0,0,0.748243309730295,1.9687204459766905,1.0,20.0,-20.742553444539272,1431.8585607984455,0,1,0
9,1997,R,RS,PIT,JAX,AFC,AFC,Central,Central,1,1,H,1523.2467363839996,1534.1448904729768,0.5631289650348338,23,17,1,6,1.0,1,0.5742466095169825,0.5366125039773598,1.0,22.44,5.260619522127098,1528.5073559061268,1,0,0
9,1997,R,RS,JAX,PIT,AFC,AFC,Central,Central,1,1,A,1534.1448904729768,1523.2467363839996,0.4368710349651662,17,23,1,-6,0.0,1,0.5742466095169825,0.5366125039773598,1.0,22.44,-5.260619522127098,1528.8842709508497,0,1,0
9,1997,R,RS,MIN,TB,NFC,NFC,Central,Central,1,1,A,1518.389845115886,1507.5710061497666,0.43675871413846534,10,6,0,4,1.0,0,0.8283743779324056,0.6270100360192492,1.0,22.44,7.92486414971417,1526.3147092656002,1,0,0
9,1997,R,RS,TB,MIN,NFC,NFC,Central,Central,1,1,H,1507.5710061497666,1518.389845115886,0.5632412858615347,6,10,0,-4,0.0,0,0.8283743779324056,0.6270100360192492,1.0,22.44,-7.92486414971417,1499.6461420000524,0,1,0
9,1997,R,RS,SEA,OAK,AFC,AFC,West,West,1,1,H,1487.5064280190845,1502.0765757649156,0.5579220264436991,45,34,0,11,1.0,1,0.5835360639211228,1.0884494212929128,1.0,22.44,10.797668305014213,1498.3040963240987,1,0,0
9,1997,R,RS,OAK,SEA,AFC,AFC,West,West,1,1,A,1502.0765757649156,1487.5064280190845,0.44207797355630085,34,45,0,-11,0.0,1,0.5835360639211228,1.0884494212929128,1.0,22.44,-10.797668305014213,1491.2789074599013,0,1,0
9,1997,R,RS,CAR,ATL,NFC,NFC,West,West,1,1,H,1505.9867327018396,1431.8856239641602,0.6776877240515532,21,12,0,9,1.0,1,0.3890686811378892,0.9189091948925031,1.0,22.44,6.6461830220648,1512.6329157239045,1,0,0
9,1997,R,RS,ATL,CAR,NFC,NFC,West,West,1,1,A,1431.8856239641602,1505.9867327018396,0.3223122759484468,12,21,0,-9,0.0,1,0.3890686811378892,0.9189091948925031,1.0,22.44,-6.6461830220648,1425.2394409420954,0,1,0
9,1997,R,RS,CHI,MIA,NFC,AFC,Central,East,0,0,A,1423.130209063191,1530.3227043114455,0.28218377191726746,36,33,1,3,1.0,0,1.2651967468254834,0.3604344887352372,1.0,20.0,5.1745145034971225,1428.3047235666882,1,0,0
9,1997,R,RS,MIA,CHI,AFC,NFC,East,Central,0,0,H,1530.3227043114455,1423.130209063191,0.7178162280827325,33,36,1,-3,0.0,0,1.2651967468254832,0.3604344887352372,1.0,20.0,-5.1745145034971225,1525.1481898079483,0,1,0
9,1997,R,RS,GB,NE,NFC,AFC,Central,East,0,0,A,1567.9675835423316,1569.3388731868772,0.4195796445508688,28,10,0,18,1.0,0,0.8685019151932752,1.5213810368398786,1.0,20.0,17.660810443523403,1585.628393985855,1,0,0
9,1997,R,RS,NE,GB,AFC,NFC,East,Central,0,0,H,1569.3388731868772,1567.9675835423316,0.5804203554491312,10,28,0,-18,0.0,0,0.8685019151932752,1.5213810368398786,1.0,20.0,-17.660810443523403,1551.6780627433538,0,1,0
10,1997,R,RS,ATL,STL,NFC,NFC,West,West,1,1,H,1425.2394409420954,1447.513832862963,0.5469571482538323,34,31,0,3,1.0,1,0.603384819201379,0.5492739012977357,1.0,22.44,5.584073152379537,1430.8235140944748,1,0,0
10,1997,R,RS,STL,ATL,NFC,NFC,West,West,1,1,A,1447.513832862963,1425.2394409420954,0.45304285174616765,31,34,0,-3,0.0,1,0.603384819201379,0.5492739012977357,1.0,22.44,-5.584073152379537,1441.9297597105835,0,1,0
10,1997,R,RS,BUF,MIA,AFC,AFC,East,East,1,1,H,1490.7900952421649,1525.1481898079483,0.5296711868638146,9,6,0,3,1.0,1,0.6354988671087599,0.5441061349855386,1.0,22.44,5.742593307915701,1496.5326885500806,1,0,0
10,1997,R,RS,MIA,BUF,AFC,AFC,East,East,1,1,A,1525.1481898079483,1490.7900952421649,0.4703288131361854,6,9,0,-3,0.0,1,0.6354988671087599,0.5441061349855386,1.0,22.44,-5.742593307915701,1519.4055965000325,0,1,0
10,1997,R,RS,CAR,OAK,NFC,AFC,West,West,0,0,H,1512.6329157239045,1491.2789074599013,0.6081467958803055,38,14,0,24,1.0,1,0.49733898556545153,1.830936423484077,1.0,20.0,14.34916608163379,1526.9820818055382,1,0,0
10,1997,R,RS,OAK,CAR,AFC,NFC,West,West,0,0,A,1491.2789074599013,1512.6329157239045,0.3918532041196945,14,38,0,-24,0.0,1,0.49733898556545153,1.830936423484077,1.0,20.0,-14.34916608163379,1476.9297413782676,0,1,0
10,1997,R,RS,WAS,CHI,NFC,NFC,East,Central,1,0,A,1512.2357003551595,1428.3047235666882,0.5415390575474275,31,8,0,23,1.0,1,0.6133400867074531,1.6931446788236837,1.0,20.4,15.835310385306109,1528.0710107404655,1,0,0
10,1997,R,RS,CHI,WAS,NFC,NFC,Central,East,1,0,H,1428.3047235666882,1512.2357003551595,0.45846094245257246,8,31,0,-23,0.0,1,0.6133400867074531,1.6931446788236837,1.0,20.4,-15.835310385306107,1412.4694131813822,0,1,0
10,1997,R,RS,CIN,SD,AFC,AFC,Central,West,1,0,H,1427.1653828505564,1482.241728654233,0.49989012955835693,38,31,0,7,1.0,0,0.6933669455897967,0.8057732235473738,1.0,20.4,8.220692905645894,1435.3860757562022,1,0,0
10,1997,R,RS,SD,CIN,AFC,AFC,West,Central,1,0,A,1482.241728654233,1427.1653828505564,0.500109870441643,31,38,0,-7,0.0,0,0.6933669455897966,0.8057732235473738,1.0,20.4,-8.220692905645892,1474.021035748587,0,1,0
10,1997,R,RS,TB,IND,NFC,AFC,Central,East,0,0,A,1499.6461420000524,1412.3573160878068,0.5463340389582717,31,28,0,3,1.0,1,0.6045246973423852,0.5225700725457473,1.0,20.0,4.741445083462242,1504.3875870835145,1,0,0
10,1997,R,RS,IND,TB,AFC,NFC,East,Central,0,0,H,1412.3573160878068,1499.6461420000524,0.45366596104172835,28,31,0,-3,0.0,1,0.6045246973423855,0.5225700725457473,1.0,20.0,-4.741445083462243,1407.6158710043446,0,1,0
10,1997,R,RS,MIN,NE,NFC,AFC,Central,East,0,0,H,1526.3147092656002,1551.6780627433538,0.5425474171603664,23,18,0,5,1.0,1,0.6114797924832074,0.6897422119872815,1.0,20.0,6.31048712734208,1532.6251963929424,1,0,0
10,1997,R,RS,NE,MIN,AFC,NFC,East,Central,0,0,A,1551.6780627433538,1526.3147092656002,0.4574525828396337,18,23,0,-5,0.0,1,0.6114797924832074,0.6897422119872815,1.0,20.0,-6.310487127342081,1545.3675756160117,0,1,0
10,1997,R,RS,NYJ,BAL,AFC,AFC,East,Central,1,0,H,1503.2336139535985,1496.6599055172628,0.5876954891758517,19,16,1,3,1.0,1,0.5315463407786413,0.38929589235862144,1.0,20.4,3.2743724302813426,1506.5079863838798,1,0,0
10,1997,R,RS,BAL,NYJ,AFC,AFC,Central,East,1,0,A,1496.6599055172628,1503.2336139535985,0.41230451082414826,16,19,1,-3,0.0,1,0.5315463407786413,0.38929589235862144,1.0,20.4,-3.274372430281342,1493.3855330869815,0,1,0
10,1997,R,RS,ARI,PHI,NFC,NFC,East,East,1,1,H,1431.8585607984455,1495.3993670293573,0.48771126704763845,31,21,0,10,1.0,0,0.7180317141183088,0.9875517488201083,1.0,22.44,11.352657069831022,1443.2112178682764,1,0,0
10,1997,R,RS,PHI,ARI,NFC,NFC,East,East,1,1,A,1495.3993670293573,1431.8585607984455,0.5122887329523615,21,31,0,-10,0.0,0,0.7180317141183088,0.9875517488201083,1.0,22.44,-11.352657069831022,1484.0467099595264,0,1,0
10,1997,R,RS,SF,DAL,NFC,NFC,West,East,1,0,H,1594.128014664723,1534.9026033693824,0.6587062910611527,17,10,0,7,1.0,1,0.4174775326582303,0.8032196480919299,1.0,20.4,5.592329780912949,1599.7203444456359,1,0,0
10,1997,R,RS,DAL,SF,NFC,NFC,East,West,1,0,A,1534.9026033693824,1594.128014664723,0.3412937089388473,10,17,0,-7,0.0,1,0.4174775326582303,0.8032196480919299,1.0,20.4,-5.59232978091295,1529.3102735884695,0,1,0
10,1997,R,RS,DEN,SEA,AFC,AFC,West,West,1,1,H,1590.6601205261118,1498.3040963240987,0.7001997982404286,30,27,0,3,1.0,1,0.35638955860724514,0.5205974467071873,1.0,22.44,3.5023279268889813,1594.1624484530007,1,0,0
10,1997,R,RS,SEA,DEN,AFC,AFC,West,West,1,1,A,1498.3040963240987,1590.6601205261118,0.29980020175957145,27,30,0,-3,0.0,1,0.35638955860724514,0.5205974467071873,1.0,22.44,-3.5023279268889813,1494.8017683972098,0,1,0
10,1997,R,RS,JAX,TEN,AFC,AFC,Central,Central,1,1,A,1528.8842709508497,1509.7012232947743,0.4486370854756296,30,24,0,6,1.0,0,0.8015409909513171,0.7615851978569835,1.0,22.44,9.422776682792586,1538.3070476336422,1,0,0
10,1997,R,RS,TEN,JAX,AFC,AFC,Central,Central,1,1,H,1509.7012232947743,1528.8842709508497,0.5513629145243704,24,30,0,-6,0.0,0,0.801540990951317,0.7615851978569835,1.0,22.44,-9.422776682792586,1500.2784466119817,0,1,0
10,1997,R,RS,GB,DET,NFC,NFC,Central,Central,1,1,H,1585.628393985855,1508.3344912824214,0.681689058765524,20,10,0,10,1.0,1,0.3831816506680842,0.9773189778825888,1.0,22.44,6.980889304638598,1592.6092832904935,1,0,0
10,1997,R,RS,DET,GB,NFC,NFC,Central,Central,1,1,A,1508.3344912824214,1585.628393985855,0.31831094123447595,10,20,0,-10,0.0,1,0.3831816506680842,0.9773189778825888,1.0,22.44,-6.9808893046385965,1501.3536019777828,0,1,0
10,1997,R,RS,KC,PIT,AFC,AFC,West,Central,1,0,H,1543.52847308887,1528.5073559061268,0.5994259854435378,13,10,0,3,1.0,1,0.5117827726142755,0.5524232831210736,1.0,20.4,4.5142428099871,1548.042715898857,1,0,0
10,1997,R,RS,PIT,KC,AFC,AFC,Central,West,1,0,A,1528.5073559061268,1543.52847308887,0.4005740145564622,10,13,0,-3,0.0,1,0.5117827726142755,0.5524232831210736,1.0,20.4,-4.514242809987099,1523.9931130961397,0,1,0
11,1997,R,RS,TB,ATL,NFC,NFC,Central,West,1,0,A,1504.3875870835145,1430.8235140944748,0.5266904534773924,31,10,0,21,1.0,1,0.6411422778186426,1.6005629990495878,1.0,20.4,15.454259644124912,1519.8418467276394,1,0,0
11,1997,R,RS,ATL,TB,NFC,NFC,West,Central,1,0,H,1430.8235140944748,1504.3875870835145,0.47330954652260754,10,31,0,-21,0.0,1,0.6411422778186426,1.6005629990495878,1.0,20.4,-15.45425964412491,1415.36925445035,0,1,0
11,1997,R,RS,MIN,CHI,NFC,NFC,Central,Central,1,1,H,1532.6251963929424,1412.4694131813822,0.7326829646418412,29,22,0,7,1.0,1,0.3110421882000033,0.7675007375210873,1.0,22.44,4.603925528952732,1537.229121921895,1,0,0
11,1997,R,RS,CHI,MIN,NFC,NFC,Central,Central,1,1,A,1412.4694131813822,1532.6251963929424,0.2673170353581588,22,29,0,-7,0.0,1,0.31104218820000346,0.7675007375210873,1.0,22.44,-4.6039255289527325,1407.8654876524295,0,1,0
11,1997,R,RS,CIN,IND,AFC,AFC,Central,East,1,0,A,1435.3860757562022,1407.6158710043446,0.4608932120655556,28,13,0,15,1.0,0,0.7745889069285531,1.3170855854289734,1.0,20.4,14.48501549966557,1449.871091255868,1,0,0
11,1997,R,RS,IND,CIN,AFC,AFC,East,Central,1,0,H,1407.6158710043446,1435.3860757562022,0.5391067879344444,13,28,0,-15,0.0,0,0.7745889069285532,1.3170855854289734,1.0,20.4,-14.48501549966557,1393.130855504679,0,1,0
11,1997,R,RS,DAL,ARI,NFC,NFC,East,East,1,1,H,1529.3102735884695,1443.2112178682764,0.6925848100623142,24,6,0,18,1.0,1,0.3673245790153449,1.4249037464403185,1.0,22.44,9.829551533383297,1539.1398251218527,1,0,0
11,1997,R,RS,ARI,DAL,NFC,NFC,East,East,1,1,A,1443.2112178682764,1529.3102735884695,0.30741518993768585,6,24,0,-18,0.0,1,0.3673245790153449,1.4249037464403185,1.0,22.44,-9.829551533383299,1433.3816663348932,0,1,0
11,1997,R,RS,WAS,DET,NFC,NFC,East,Central,1,0,H,1528.0710107404655,1501.3536019777828,0.6154791882754611,30,7,0,23,1.0,1,0.4853541466417836,1.7690196121444899,1.0,20.4,13.876587087255933,1541.9475978277214,1,0,0
11,1997,R,RS,DET,WAS,NFC,NFC,Central,East,1,0,A,1501.3536019777828,1528.0710107404655,0.38452081172453884,7,30,0,-23,0.0,1,0.4853541466417836,1.7690196121444899,1.0,20.4,-13.876587087255931,1487.4770148905268,0,1,0
11,1997,R,RS,GB,STL,NFC,NFC,Central,West,1,0,H,1592.6092832904935,1441.9297597105835,0.7656638320586523,17,7,0,10,1.0,1,0.26701206711168585,0.9261144312472747,1.0,20.4,4.4272509806308085,1597.0365342711243,1,0,0
11,1997,R,RS,STL,GB,NFC,NFC,West,Central,1,0,A,1441.9297597105835,1592.6092832904935,0.23433616794134765,7,17,0,-10,0.0,1,0.26701206711168574,0.9261144312472747,1.0,20.4,-4.427250980630808,1437.5025087299528,0,1,0
11,1997,R,RS,JAX,KC,AFC,AFC,Central,West,1,0,H,1538.3070476336422,1548.042715898857,0.5647745466739853,24,10,0,14,1.0,1,0.5713286599057479,1.2762285638463555,1.0,20.4,11.33112196705183,1549.638169600694,1,0,0
11,1997,R,RS,KC,JAX,AFC,AFC,West,Central,1,0,A,1548.042715898857,1538.3070476336422,0.4352254533260147,10,24,0,-14,0.0,1,0.5713286599057479,1.2762285638463555,1.0,20.4,-11.33112196705183,1536.7115939318053,0,1,0
11,1997,R,RS,MIA,NYJ,AFC,AFC,East,East,1,1,H,1519.4055965000325,1506.5079863838798,0.5964873177202027,24,17,0,7,1.0,1,0.5166972988265958,0.8326847447568905,1.0,22.44,7.53981430284121,1526.9454108028738,1,0,0
11,1997,R,RS,NYJ,MIA,AFC,AFC,East,East,1,1,A,1506.5079863838798,1519.4055965000325,0.4035126822797973,17,24,0,-7,0.0,1,0.5166972988265958,0.8326847447568905,1.0,22.44,-7.53981430284121,1498.9681720810386,0,1,0
11,1997,R,RS,NE,BUF,AFC,AFC,East,East,1,1,A,1545.3675756160117,1496.5326885500806,0.49112862038395616,31,10,0,21,1.0,0,0.7110492295166215,1.6310369417957349,1.0,22.44,18.624931141340813,1563.9925067573524,1,0,0
11,1997,R,RS,BUF,NE,AFC,AFC,East,East,1,1,H,1496.5326885500806,1545.3675756160117,0.5088713796160439,10,31,0,-21,0.0,0,0.7110492295166216,1.6310369417957349,1.0,22.44,-18.624931141340817,1477.9077574087398,0,1,0
11,1997,R,RS,DEN,CAR,AFC,NFC,West,West,0,0,H,1594.1624484530007,1526.9820818055382,0.6689249372901827,34,0,0,34,1.0,1,0.4020834265089182,2.273866064251519,1.0,20.0,15.056406996315946,1609.2188554493166,1,0,0
11,1997,R,RS,CAR,DEN,NFC,AFC,West,West,0,0,A,1526.9820818055382,1594.1624484530007,0.33107506270981746,0,34,0,-34,0.0,1,0.4020834265089184,2.273866064251519,1.0,20.0,-15.056406996315951,1511.9256748092223,0,1,0
11,1997,R,RS,NO,OAK,NFC,AFC,West,West,0,0,A,1410.927373121411,1476.9297413782676,0.33257855205037384,13,10,0,3,1.0,0,1.1008792000200598,0.5310226908612847,1.0,20.0,7.088318664574906,1418.0156917859858,1,0,0
11,1997,R,RS,OAK,NO,AFC,NFC,West,West,0,0,H,1476.9297413782676,1410.927373121411,0.6674214479496262,10,13,0,-3,0.0,0,1.10087920002006,0.5310226908612847,1.0,20.0,-7.088318664574908,1469.8414227136927,0,1,0
11,1997,R,RS,TEN,NYG,AFC,NFC,Central,East,0,0,H,1500.2784466119817,1508.6547266923671,0.5666970464443917,10,6,0,4,1.0,1,0.5679304276705217,0.6282270876747567,1.0,20.0,5.444253051862203,1505.722699663844,1,0,0
11,1997,R,RS,NYG,TEN,NFC,AFC,East,Central,0,0,A,1508.6547266923671,1500.2784466119817,0.43330295355560844,6,10,0,-4,0.0,1,0.5679304276705218,0.6282270876747567,1.0,20.0,-5.444253051862205,1503.210473640505,0,1,0
11,1997,R,RS,SEA,SD,AFC,AFC,West,West,1,1,A,1494.8017683972098,1474.021035748587,0.45091313504100367,37,31,0,6,1.0,0,0.7964805632608187,0.7606276973142846,1.0,22.44,9.372081208020665,1504.1738496052305,1,0,0
11,1997,R,RS,SD,SEA,AFC,AFC,West,West,1,1,H,1474.021035748587,1494.8017683972098,0.5490868649589964,31,37,0,-6,0.0,0,0.7964805632608188,0.7606276973142846,1.0,22.44,-9.372081208020665,1464.6489545405664,0,1,0
11,1997,R,RS,PIT,BAL,AFC,AFC,Central,Central,1,1,H,1523.9931130961397,1493.3855330869815,0.6207650756218794,37,0,0,37,1.0,1,0.4768025687480003,2.489319691473318,1.0,22.44,21.1841894934522,1545.1773025895918,1,0,0
11,1997,R,RS,BAL,PIT,AFC,AFC,Central,Central,1,1,A,1493.3855330869815,1523.9931130961397,0.37923492437812056,0,37,0,-37,0.0,1,0.4768025687480003,2.489319691473318,1.0,22.44,-21.1841894934522,1472.2013435935294,0,1,0
11,1997,R,RS,SF,PHI,NFC,NFC,West,East,1,0,A,1599.7203444456359,1484.0467099595264,0.5864394570793758,24,12,0,12,1.0,1,0.5336858437030757,1.0650618574979267,1.0,20.4,8.985538224630176,1608.705882670266,1,0,0
11,1997,R,RS,PHI,SF,NFC,NFC,East,West,1,0,H,1484.0467099595264,1599.7203444456359,0.41356054292062416,12,24,0,-12,0.0,1,0.5336858437030757,1.0650618574979267,1.0,20.4,-8.985538224630176,1475.0611717348963,0,1,0
12,1997,R,RS,ATL,STL,NFC,NFC,West,West,1,1,A,1415.36925445035,1437.5025087299528,0.390784762606505,27,21,0,6,1.0,0,0.9395983498333601,0.7598190041917054,1.0,22.44,10.387325988930739,1425.7565804392807,1,0,0
12,1997,R,RS,STL,ATL,NFC,NFC,West,West,1,1,H,1437.5025087299528,1415.36925445035,0.609215237393495,21,27,0,-6,0.0,0,0.9395983498333602,0.7598190041917054,1.0,22.44,-10.38732598893074,1427.115182741022,0,1,0
12,1997,R,RS,PIT,CIN,AFC,AFC,Central,Central,1,1,H,1545.1773025895918,1449.871091255868,0.7037526304601142,20,3,0,17,1.0,1,0.35132836175886123,1.3609795475695892,1.0,22.44,9.047507550056277,1554.224810139648,1,0,0
12,1997,R,RS,CIN,PIT,AFC,AFC,Central,Central,1,1,A,1449.871091255868,1545.1773025895918,0.29624736953988595,3,20,0,-17,0.0,1,0.3513283617588614,1.3609795475695892,1.0,22.44,-9.047507550056281,1440.8235837058116,0,1,0
12,1997,R,RS,IND,GB,AFC,NFC,East,Central,0,0,H,1393.130855504679,1597.0365342711243,0.29793095466251407,41,38,0,3,1.0,0,1.2108935150857183,0.48065505828720173,1.0,20.0,6.749060758166587,1399.8799162628454,1,0,0
12,1997,R,RS,GB,IND,NFC,AFC,Central,East,0,0,A,1597.0365342711243,1393.130855504679,0.702069045337486,38,41,0,-3,0.0,0,1.2108935150857187,0.48065505828720173,1.0,20.0,-6.749060758166588,1590.2874735129578,0,1,0
12,1997,R,RS,NYG,ARI,NFC,NFC,East,East,1,1,H,1503.210473640505,1433.3816663348932,0.6722925673605532,19,10,0,9,1.0,1,0.39706166510811736,0.921883714805653,1.0,22.44,6.779306782126957,1509.9897804226318,1,0,0
12,1997,R,RS,ARI,NYG,NFC,NFC,East,East,1,1,A,1433.3816663348932,1503.210473640505,0.32770743263944674,10,19,0,-9,0.0,1,0.3970616651081172,0.921883714805653,1.0,22.44,-6.779306782126956,1426.6023595527663,0,1,0
12,1997,R,RS,KC,DEN,AFC,AFC,West,West,1,1,H,1536.7115939318053,1609.2188554493166,0.47482632832665406,24,22,0,2,1.0,0,0.7448061663799229,0.4566954531287078,1.0,22.44,5.382108963335467,1542.0937028951407,1,0,0
12,1997,R,RS,DEN,KC,AFC,AFC,West,West,1,1,A,1609.2188554493166,1536.7115939318053,0.5251736716733459,22,24,0,-2,0.0,0,0.7448061663799229,0.4566954531287078,1.0,22.44,-5.382108963335467,1603.8367464859812,0,1,0
12,1997,R,RS,DET,MIN,NFC,NFC,Central,Central,1,1,H,1487.4770148905268,1537.229121921895,0.5075517507714405,38,15,0,23,1.0,1,0.6781566013015522,1.7376683777231772,1.0,22.44,19.202171677845243,1506.679186568372,1,0,0
12,1997,R,RS,MIN,DET,NFC,NFC,Central,Central,1,1,A,1537.229121921895,1487.4770148905268,0.4924482492285595,15,38,0,-23,0.0,1,0.6781566013015524,1.7376683777231772,1.0,22.44,-19.202171677845246,1518.0269502440499,0,1,0
12,1997,R,RS,JAX,TEN,AFC,AFC,Central,Central,1,1,H,1549.638169600694,1505.722699663844,0.6386254590374656,17,9,0,8,1.0,1,0.4484371325411173,0.8771159175045957,1.0,22.44,7.11274760460745,1556.7509172053014,1,0,0
12,1997,R,RS,TEN,JAX,AFC,AFC,Central,Central,1,1,A,1505.722699663844,1549.638169600694,0.3613745409625344,9,17,0,-8,0.0,1,0.4484371325411173,0.8771159175045957,1.0,22.44,-7.11274760460745,1498.6099520592365,0,1,0
12,1997,R,RS,NO,SEA,NFC,AFC,West,West,0,0,H,1418.0156917859858,1504.1738496052305,0.4552796311198004,20,17,1,3,1.0,0,0.786843474914709,0.36610859296664305,1.0,20.0,3.988536156220013,1422.004227942206,1,0,0
12,1997,R,RS,SEA,NO,AFC,NFC,West,West,0,0,A,1504.1738496052305,1418.0156917859858,0.5447203688801995,17,20,1,-3,0.0,0,0.7868434749147086,0.36610859296664305,1.0,20.0,-3.988536156220012,1500.1853134490104,0,1,0
12,1997,R,RS,TB,NE,NFC,AFC,Central,East,0,0,H,1519.8418467276394,1563.9925067573524,0.5156083822842357,27,7,0,20,1.0,1,0.6624077507097743,1.5821446254095044,1.0,20.0,15.327551891248236,1535.1693986188877,1,0,0
12,1997,R,RS,NE,TB,AFC,NFC,East,Central,0,0,A,1563.9925067573524,1519.8418467276394,0.48439161771576433,7,27,0,-20,0.0,1,0.6624077507097743,1.5821446254095044,1.0,20.0,-15.327551891248236,1548.6649548661042,0,1,0
12,1997,R,RS,BAL,PHI,AFC,NFC,Central,East,0,0,H,1472.2013435935294,1475.0611717348963,0.5744774632635625,10,10,1,0,0.5,0,0.7043658889834994,0.2242545736603972,1.0,20.0,-0.3340382354295622,1471.8673053580999,0,0,1
12,1997,R,RS,PHI,BAL,NFC,AFC,East,Central,0,0,A,1475.0611717348963,1472.2013435935294,0.4255225367364375,10,10,1,0,0.5,0,0.7043658889834994,0.2242545736603972,1.0,20.0,0.3340382354295622,1475.3952099703258,0,0,1
12,1997,R,RS,SF,CAR,NFC,NFC,West,West,1,1,H,1608.705882670266,1511.9256748092223,0.7055185621992031,27,19,0,8,1.0,1,0.34882219733488834,0.8426867635584877,1.0,22.44,5.568611882754179,1614.27449455302,1,0,0
12,1997,R,RS,CAR,SF,NFC,NFC,West,West,1,1,A,1511.9256748092223,1608.705882670266,0.29448143780079694,19,27,0,-8,0.0,1,0.34882219733488834,0.8426867635584877,1.0,22.44,-5.568611882754179,1506.3570629264682,0,1,0
12,1997,R,RS,NYJ,CHI,AFC,NFC,East,Central,0,0,A,1498.9681720810386,1407.8654876524295,0.551769742343709,23,15,0,8,1.0,1,0.5946244531647042,0.846254256116557,1.0,20.0,7.586335265237144,1506.5545073462756,1,0,0
12,1997,R,RS,CHI,NYJ,NFC,AFC,Central,East,0,0,H,1407.8654876524295,1498.9681720810386,0.4482302576562911,15,23,0,-8,0.0,1,0.5946244531647045,0.846254256116557,1.0,20.0,-7.586335265237146,1400.2791523871924,0,1,0
12,1997,R,RS,DAL,WAS,NFC,NFC,East,East,1,1,H,1539.1398251218527,1541.9475978277214,0.5745507132668204,17,14,0,3,1.0,1,0.5541669118436712,0.5578087349044955,1.0,22.44,5.325445729265816,1544.4652708511185,1,0,0
12,1997,R,RS,WAS,DAL,NFC,NFC,East,East,1,1,A,1541.9475978277214,1539.1398251218527,0.4254492867331796,14,17,0,-3,0.0,1,0.5541669118436712,0.5578087349044955,1.0,22.44,-5.325445729265816,1536.6221520984557,0,1,0
12,1997,R,RS,OAK,SD,AFC,AFC,West,West,1,1,A,1469.8414227136927,1464.6489545405664,0.42880822981149636,38,13,0,25,1.0,0,0.8467454767523139,1.9092590158940292,1.0,22.44,24.472010151107387,1494.3134328648002,1,0,0
12,1997,R,RS,SD,OAK,AFC,AFC,West,West,1,1,H,1464.6489545405664,1469.8414227136927,0.5711917701885036,13,38,0,-25,0.0,0,0.8467454767523139,1.9092590158940292,1.0,22.44,-24.472010151107387,1440.1769443894589,0,1,0
12,1997,R,RS,MIA,BUF,AFC,AFC,East,East,1,1,H,1526.9454108028738,1477.9077574087398,0.6454020571089052,30,13,0,17,1.0,1,0.4378818120298677,1.409454324945588,1.0,22.44,11.21527871880142,1538.1606895216753,1,0,0
12,1997,R,RS,BUF,MIA,AFC,AFC,East,East,1,1,A,1477.9077574087398,1526.9454108028738,0.3545979428910948,13,30,0,-17,0.0,1,0.4378818120298677,1.409454324945588,1.0,22.44,-11.21527871880142,1466.6924786899383,0,1,0
13,1997,R,RS,ATL,NO,NFC,NFC,West,West,1,1,H,1425.7565804392807,1422.004227942206,0.5837546069834098,20,3,0,17,1.0,1,0.5382745779815044,1.4603635520179825,1.0,22.44,13.640593838739239,1439.39717427802,1,0,0
13,1997,R,RS,NO,ATL,NFC,NFC,West,West,1,1,A,1422.004227942206,1425.7565804392807,0.41624539301659014,3,20,0,-17,0.0,1,0.5382745779815041,1.4603635520179825,1.0,22.44,-13.640593838739235,1408.3636341034667,0,1,0
13,1997,R,RS,TEN,BUF,AFC,AFC,Central,East,1,0,H,1498.6099520592365,1466.6924786899383,0.6225385703000891,31,14,0,17,1.0,1,0.47394969224130756,1.4282777767520682,1.0,20.4,10.998043341077496,1509.607995400314,1,0,0
13,1997,R,RS,BUF,TEN,AFC,AFC,East,Central,1,0,A,1466.6924786899383,1498.6099520592365,0.377461429699911,14,31,0,-17,0.0,1,0.47394969224130773,1.4282777767520682,1.0,20.4,-10.998043341077498,1455.694435348861,0,1,0
13,1997,R,RS,CHI,TB,NFC,NFC,Central,Central,1,1,H,1400.2791523871924,1535.1693986188877,0.3870130520052034,13,7,0,6,1.0,0,0.9492968604094311,0.6979549643706341,1.0,22.44,9.600668640559029,1409.8798210277514,1,0,0
13,1997,R,RS,TB,CHI,NFC,NFC,Central,Central,1,1,A,1535.1693986188877,1400.2791523871924,0.6129869479947966,7,13,0,-6,0.0,0,0.9492968604094311,0.6979549643706341,1.0,22.44,-9.600668640559029,1525.5687299783287,0,1,0
13,1997,R,RS,DET,IND,NFC,AFC,Central,East,0,0,H,1506.679186568372,1399.8799162628454,0.7173574992306904,32,10,0,22,1.0,1,0.3321809584173967,1.6131886405301508,1.0,20.0,9.119113431441694,1515.7982999998137,1,0,0
13,1997,R,RS,IND,DET,AFC,NFC,East,Central,0,0,A,1399.8799162628454,1506.679186568372,0.28264250076930963,10,32,0,-22,0.0,1,0.3321809584173967,1.6131886405301508,1.0,20.0,-9.119113431441694,1390.7608028314037,0,1,0
13,1997,R,RS,ARI,BAL,NFC,AFC,East,Central,0,0,A,1426.6023595527663,1471.8673053580999,0.35958370836154835,16,13,0,3,1.0,0,1.0228082823009907,0.5395244587099377,1.0,20.0,6.910405061905225,1433.5127646146716,1,0,0
13,1997,R,RS,BAL,ARI,AFC,NFC,Central,East,0,0,H,1471.8673053580999,1426.6023595527663,0.6404162916384516,13,16,0,-3,0.0,0,1.0228082823009905,0.5395244587099377,1.0,20.0,-6.910405061905224,1464.9569002961946,0,1,0
13,1997,R,RS,GB,DAL,NFC,NFC,Central,East,1,0,H,1590.2874735129578,1544.4652708511185,0.641154667598412,45,17,0,28,1.0,1,0.4444845600623169,2.006285284729067,1.0,20.4,14.68690064177674,1604.9743741547345,1,0,0
13,1997,R,RS,DAL,GB,NFC,NFC,East,Central,1,0,A,1544.4652708511185,1590.2874735129578,0.3588453324015881,17,45,0,-28,0.0,1,0.44448456006231707,2.006285284729067,1.0,20.4,-14.686900641776745,1529.7783702093418,0,1,0
13,1997,R,RS,NE,MIA,AFC,AFC,East,East,1,1,H,1548.6649548661042,1538.1606895216753,0.593166919366489,27,24,0,3,1.0,1,0.5222794366818451,0.5544028195577958,1.0,22.44,5.061328692914002,1553.7262835590182,1,0,0
13,1997,R,RS,MIA,NE,AFC,AFC,East,East,1,1,A,1538.1606895216753,1548.6649548661042,0.4068330806335109,24,27,0,-3,0.0,1,0.5222794366818451,0.5544028195577958,1.0,22.44,-5.061328692914001,1533.0993608287613,0,1,0
13,1997,R,RS,NYJ,MIN,AFC,NFC,East,Central,0,0,H,1506.5545073462756,1518.0269502440499,0.562315502758274,23,21,0,2,1.0,1,0.5756921938021201,0.47879211033521657,1.0,20.0,4.191197681907485,1510.745705028183,1,0,0
13,1997,R,RS,MIN,NYJ,NFC,AFC,Central,East,0,0,A,1518.0269502440499,1506.5545073462756,0.4376844972417259,21,23,0,-2,0.0,1,0.5756921938021201,0.47879211033521657,1.0,20.0,-4.191197681907485,1513.8357525621425,0,1,0
13,1997,R,RS,PHI,PIT,NFC,AFC,East,Central,0,0,H,1475.3952099703258,1554.224810139648,0.4657601221478164,23,20,0,3,1.0,0,0.7640845367300138,0.525896712928831,1.0,20.0,5.61909991355927,1481.014309883885,1,0,0
13,1997,R,RS,PIT,PHI,AFC,NFC,Central,East,0,0,A,1554.224810139648,1475.3952099703258,0.5342398778521836,20,23,0,-3,0.0,0,0.7640845367300139,0.525896712928831,1.0,20.0,-5.619099913559271,1548.6057102260888,0,1,0
13,1997,R,RS,CAR,STL,NFC,NFC,West,West,1,1,A,1506.3570629264682,1427.115182741022,0.5348303658745718,16,10,0,6,1.0,1,0.6258056554960857,0.7271746676617123,1.0,22.44,7.590544842837179,1513.9476077693055,1,0,0
13,1997,R,RS,STL,CAR,NFC,NFC,West,West,1,1,H,1427.115182741022,1506.3570629264682,0.4651696341254283,10,16,0,-6,0.0,1,0.6258056554960859,0.7271746676617123,1.0,22.44,-7.59054484283718,1419.5246378981847,0,1,0
13,1997,R,RS,CIN,JAX,AFC,AFC,Central,Central,1,1,H,1440.8235837058116,1556.7509172053014,0.4132063973146314,31,26,0,5,1.0,0,0.8838080594880836,0.6440107895502418,1.0,22.44,8.480107671107685,1449.3036913769192,1,0,0
13,1997,R,RS,JAX,CIN,AFC,AFC,Central,Central,1,1,A,1556.7509172053014,1440.8235837058116,0.5867936026853686,26,31,0,-5,0.0,0,0.8838080594880836,0.6440107895502418,1.0,22.44,-8.480107671107685,1548.2708095341939,0,1,0
13,1997,R,RS,KC,SEA,AFC,AFC,West,West,1,1,A,1542.0937028951407,1500.1853134490104,0.4811685695925537,19,14,0,5,1.0,0,0.7315376137385472,0.680908915602288,1.0,22.44,7.927534683030612,1550.0212375781714,1,0,0
13,1997,R,RS,SEA,KC,AFC,AFC,West,West,1,1,H,1500.1853134490104,1542.0937028951407,0.5188314304074464,14,19,0,-5,0.0,0,0.7315376137385474,0.680908915602288,1.0,22.44,-7.927534683030614,1492.2577787659798,0,1,0
13,1997,R,RS,SF,SD,NFC,AFC,West,West,0,0,H,1614.27449455302,1440.1769443894589,0.7889805749499315,17,10,0,7,1.0,1,0.23701357827465727,0.7384294524015417,1.0,20.0,3.1164591697162054,1617.3909537227362,1,0,0
13,1997,R,RS,SD,SF,AFC,NFC,West,West,0,0,A,1440.1769443894589,1614.27449455302,0.21101942505006854,10,17,0,-7,0.0,1,0.23701357827465727,0.7384294524015417,1.0,20.0,-3.1164591697162054,1437.0604852197428,0,1,0
13,1997,R,RS,WAS,NYG,NFC,NFC,East,East,1,1,H,1536.6221520984557,1509.9897804226318,0.6153633313934989,7,7,1,0,0.5,0,0.7204992555235181,0.22007866387350625,1.0,22.44,-0.5697293357742647,1536.0524227626813,0,0,1
13,1997,R,RS,NYG,WAS,NFC,NFC,East,East,1,1,A,1509.9897804226318,1536.6221520984557,0.3846366686065012,7,7,1,0,0.5,0,0.7204992555235181,0.22007866387350625,1.0,22.44,0.5697293357742644,1510.5595097584062,0,0,1
13,1997,R,RS,DEN,OAK,AFC,AFC,West,West,1,1,H,1603.8367464859812,1494.3134328648002,0.720526017651511,31,3,0,28,1.0,1,0.3277737536442029,1.9122798342464202,1.0,22.44,11.992664416796504,1615.8294109027777,1,0,0
13,1997,R,RS,OAK,DEN,AFC,AFC,West,West,1,1,A,1494.3134328648002,1603.8367464859812,0.27947398234848897,3,31,0,-28,0.0,1,0.3277737536442029,1.9122798342464202,1.0,22.44,-11.992664416796504,1482.3207684480037,0,1,0
14,1997,R,RS,DET,CHI,NFC,NFC,Central,Central,1,1,H,1515.7982999998137,1409.8798210277514,0.7163283465990572,55,20,0,35,1.0,1,0.33361663250373497,2.2565348616357337,1.0,22.44,14.364180042524792,1530.1624800423385,1,0,0
14,1997,R,RS,CHI,DET,NFC,NFC,Central,Central,1,1,A,1409.8798210277514,1515.7982999998137,0.2836716534009428,20,55,0,-35,0.0,1,0.33361663250373497,2.2565348616357337,1.0,22.44,-14.364180042524792,1395.5156409852266,0,1,0
14,1997,R,RS,TEN,DAL,AFC,NFC,Central,East,0,0,A,1509.607995400314,1529.7783702093418,0.39347809127800193,27,14,0,13,1.0,0,0.9327298892235908,1.2058207599850466,1.0,20.0,14.627134178454815,1524.2351295787687,1,0,0
14,1997,R,RS,DAL,TEN,NFC,AFC,East,Central,0,0,H,1529.7783702093418,1509.607995400314,0.6065219087219981,14,27,0,-13,0.0,0,0.9327298892235908,1.2058207599850466,1.0,20.0,-14.627134178454815,1515.151236030887,0,1,0
14,1997,R,RS,BUF,NYJ,AFC,AFC,East,East,1,1,H,1455.694435348861,1510.745705028183,0.4999262170009546,20,10,0,10,1.0,0,0.6932947574469693,0.9939759076734648,1.0,22.44,11.154055400562426,1466.8484907494233,1,0,0
14,1997,R,RS,NYJ,BUF,AFC,AFC,East,East,1,1,A,1510.745705028183,1455.694435348861,0.5000737829990455,10,20,0,-10,0.0,0,0.6932947574469694,0.9939759076734648,1.0,22.44,-11.154055400562427,1499.5916496276207,0,1,0
14,1997,R,RS,NO,CAR,NFC,NFC,West,West,1,1,A,1408.3636341034667,1513.9476077693055,0.2840630955589659,16,13,0,3,1.0,0,1.258558898035319,0.515517394973161,1.0,22.44,8.282108703031737,1416.6457428064984,1,0,0
14,1997,R,RS,CAR,NO,NFC,NFC,West,West,1,1,H,1513.9476077693055,1408.3636341034667,0.7159369044410341,13,16,0,-3,0.0,0,1.258558898035319,0.515517394973161,1.0,22.44,-8.282108703031737,1505.6654990662737,0,1,0
14,1997,R,RS,PHI,CIN,NFC,AFC,East,Central,0,0,H,1481.014309883885,1449.3036913769192,0.6222587214038712,44,42,0,2,1.0,1,0.4743993219164324,0.4712319960088275,1.0,20.0,3.560075533755607,1484.5743854176408,1,0,0
14,1997,R,RS,CIN,PHI,AFC,NFC,Central,East,0,0,A,1449.3036913769192,1481.014309883885,0.3777412785961289,42,44,0,-2,0.0,1,0.47439932191643264,0.4712319960088275,1.0,20.0,-3.5600755337556076,1445.7436158431635,0,1,0
14,1997,R,RS,NE,IND,AFC,AFC,East,East,1,1,H,1553.7262835590182,1390.7608028314037,0.7781141485218276,20,17,0,3,1.0,1,0.25088204510106615,0.4945818764176138,1.0,22.44,2.4625817741819005,1556.1888653332,1,0,0
14,1997,R,RS,IND,NE,AFC,AFC,East,East,1,1,A,1390.7608028314037,1553.7262835590182,0.2218858514781724,17,20,0,-3,0.0,1,0.25088204510106615,0.4945818764176138,1.0,22.44,-2.4625817741819005,1388.2982210572218,0,1,0
14,1997,R,RS,JAX,BAL,AFC,AFC,Central,Central,1,1,H,1548.2708095341939,1464.9569002961946,0.6891607946621644,29,27,0,2,1.0,1,0.37228066123054077,0.4529938890459247,1.0,22.44,3.1597373654838097,1551.4305468996777,1,0,0
14,1997,R,RS,BAL,JAX,AFC,AFC,Central,Central,1,1,A,1464.9569002961946,1548.2708095341939,0.31083920533783566,27,29,0,-2,0.0,1,0.37228066123054093,0.4529938890459247,1.0,22.44,-3.15973736548381,1461.7971629307108,0,1,0
14,1997,R,RS,KC,SF,AFC,NFC,West,West,0,0,H,1550.0212375781714,1617.3909537227362,0.4822060651992703,44,9,0,35,1.0,0,0.7293837351323579,2.322565396668642,1.0,20.0,24.052205511461473,1574.073443089633,1,0,0
14,1997,R,RS,SF,KC,NFC,AFC,West,West,0,0,A,1617.3909537227362,1550.0212375781714,0.5177939348007297,9,44,0,-35,0.0,0,0.7293837351323578,2.322565396668642,1.0,20.0,-24.052205511461473,1593.3387482112746,0,1,0
14,1997,R,RS,STL,WAS,NFC,NFC,West,East,1,0,A,1419.5246378981847,1536.0524227626813,0.2714272568336905,23,20,0,3,1.0,0,1.304061106138945,0.5113888839376027,1.0,20.4,7.600713640701604,1427.1253515388862,1,0,0
14,1997,R,RS,WAS,STL,NFC,NFC,East,West,1,0,H,1536.0524227626813,1419.5246378981847,0.7285727431663095,20,23,0,-3,0.0,0,1.304061106138945,0.5113888839376027,1.0,20.4,-7.600713640701604,1528.4517091219798,0,1,0
14,1997,R,RS,ATL,SEA,NFC,AFC,West,West,0,0,A,1439.39717427802,1492.2577787659798,0.3495777999620803,24,17,0,7,1.0,0,1.0510291384696773,0.8071435812175359,1.0,20.0,10.4996820768399,1449.89685635486,1,0,0
14,1997,R,RS,SEA,ATL,AFC,NFC,West,West,0,0,H,1492.2577787659798,1439.39717427802,0.6504222000379196,17,24,0,-7,0.0,0,1.051029138469677,0.8071435812175359,1.0,20.0,-10.4996820768399,1481.7580966891398,0,1,0
14,1997,R,RS,PIT,ARI,AFC,NFC,Central,East,0,0,A,1548.6057102260888,1433.5127646146716,0.5856285210758623,26,20,1,6,1.0,1,0.5350696134980488,0.4956539537482304,1.0,20.0,4.1076972369850075,1552.7134074630737,1,0,0
14,1997,R,RS,ARI,PIT,NFC,AFC,East,Central,0,0,H,1433.5127646146716,1548.6057102260888,0.4143714789241377,20,26,1,-6,0.0,1,0.5350696134980488,0.4956539537482304,1.0,20.0,-4.1076972369850075,1429.4050673776867,0,1,0
14,1997,R,RS,MIA,OAK,AFC,AFC,East,West,1,0,A,1533.0993608287613,1482.3207684480037,0.4939252050220743,34,16,0,18,1.0,0,0.7053711800952931,1.4635946203777932,1.0,20.4,15.110042287745125,1548.2094031165063,1,0,0
14,1997,R,RS,OAK,MIA,AFC,AFC,West,East,1,0,H,1482.3207684480037,1533.0993608287613,0.5060747949779256,16,34,0,-18,0.0,0,0.705371180095293,1.4635946203777932,1.0,20.4,-15.110042287745125,1467.2107261602587,0,1,0
14,1997,R,RS,TB,NYG,NFC,NFC,Central,East,1,0,A,1525.5687299783287,1510.5595097584062,0.442701460906444,20,8,0,12,1.0,0,0.8148596392575191,1.1498152540175557,1.0,20.4,13.072123370345983,1538.6408533486747,1,0,0
14,1997,R,RS,NYG,TB,NFC,NFC,East,Central,1,0,H,1510.5595097584062,1525.5687299783287,0.557298539093556,8,20,0,-12,0.0,0,0.8148596392575191,1.1498152540175557,1.0,20.4,-13.072123370345983,1497.4873863880603,0,1,0
14,1997,R,RS,DEN,SD,AFC,AFC,West,West,1,1,A,1615.8294109027777,1437.0604852197428,0.670946976351509,38,28,0,10,1.0,1,0.39906516696368066,0.907907147910415,1.0,22.44,6.703940849237275,1622.533351752015,1,0,0
14,1997,R,RS,SD,DEN,AFC,AFC,West,West,1,1,H,1437.0604852197428,1615.8294109027777,0.329053023648491,28,38,0,-10,0.0,1,0.39906516696368066,0.907907147910415,1.0,22.44,-6.703940849237275,1430.3565443705054,0,1,0
14,1997,R,RS,GB,MIN,NFC,NFC,Central,Central,1,1,A,1604.9743741547345,1513.8357525621425,0.5518209050957783,27,11,0,16,1.0,1,0.5945317326397077,1.3103217835426393,1.0,22.44,13.17808816722319,1618.1524623219577,1,0,0
14,1997,R,RS,MIN,GB,NFC,NFC,Central,Central,1,1,H,1513.8357525621425,1604.9743741547345,0.44817909490422164,11,27,0,-16,0.0,1,0.5945317326397077,1.3103217835426393,1.0,22.44,-13.178088167223189,1500.6576643949193,0,1,0
15,1997,R,RS,CIN,TEN,AFC,AFC,Central,Central,1,1,H,1445.7436158431635,1524.2351295787687,0.46624441811216255,41,14,0,27,1.0,0,0.7630452799731746,1.906281217739568,1.0,22.44,22.83243611943288,1468.5760519625965,1,0,0
15,1997,R,RS,TEN,CIN,AFC,AFC,Central,Central,1,1,A,1524.2351295787687,1445.7436158431635,0.5337555818878374,14,41,0,-27,0.0,0,0.7630452799731746,1.906281217739568,1.0,22.44,-22.83243611943288,1501.4026934593358,0,1,0
15,1997,R,RS,CHI,BUF,NFC,AFC,Central,East,0,0,H,1395.5156409852266,1466.8484907494233,0.4765124390343114,20,3,0,17,1.0,0,0.7412614512248085,1.3856722317698194,1.0,20.0,14.5076435381413,1410.023284523368,1,0,0
15,1997,R,RS,BUF,CHI,AFC,NFC,East,Central,0,0,A,1466.8484907494233,1395.5156409852266,0.5234875609656887,3,20,0,-17,0.0,0,0.7412614512248087,1.3856722317698194,1.0,20.0,-14.507643538141304,1452.340847211282,0,1,0
15,1997,R,RS,PIT,DEN,AFC,AFC,Central,West,1,0,H,1552.7134074630737,1622.533351752015,0.47868531131804926,35,24,0,11,1.0,0,0.736711867579105,1.0428851688855147,1.0,20.4,11.090895685830944,1563.8043031489046,1,0,0
15,1997,R,RS,DEN,PIT,AFC,AFC,West,Central,1,0,A,1622.533351752015,1552.7134074630737,0.5213146886819507,24,35,0,-11,0.0,0,0.736711867579105,1.0428851688855147,1.0,20.4,-11.090895685830944,1611.4424560661841,0,1,0
15,1997,R,RS,GB,TB,NFC,NFC,Central,Central,1,1,A,1618.1524623219577,1538.6408533486747,0.5352166321911831,17,6,0,11,1.0,1,0.6250836940605837,1.0352829085570645,1.0,22.44,10.797730293053904,1628.9501926150117,1,0,0
15,1997,R,RS,TB,GB,NFC,NFC,Central,Central,1,1,H,1538.6408533486747,1618.1524623219577,0.4647833678088169,6,17,0,-11,0.0,1,0.6250836940605837,1.0352829085570645,1.0,22.44,-10.797730293053904,1527.8431230556207,0,1,0
15,1997,R,RS,NE,JAX,AFC,AFC,East,Central,1,0,A,1556.1888653332,1551.4305468996777,0.4281962137683727,26,20,0,6,1.0,0,0.8481737450693541,0.7703403980398412,1.0,20.4,8.985864548241745,1565.1747298814419,1,0,0
15,1997,R,RS,JAX,NE,AFC,AFC,Central,East,1,0,H,1551.4305468996777,1556.1888653332,0.5718037862316273,20,26,0,-6,0.0,0,0.8481737450693541,0.7703403980398412,1.0,20.4,-8.985864548241745,1542.4446823514359,0,1,0
15,1997,R,RS,KC,OAK,AFC,AFC,West,West,1,1,H,1574.073443089633,1467.2107261602587,0.7174315454423874,30,0,0,30,1.0,1,0.3320777429488403,2.0142992553209473,1.0,22.44,12.77234147517772,1586.8457845648106,1,0,0
15,1997,R,RS,OAK,KC,AFC,AFC,West,West,1,1,A,1467.2107261602587,1574.073443089633,0.28256845455761254,0,30,0,-30,0.0,1,0.3320777429488403,2.0142992553209473,1.0,22.44,-12.772341475177718,1454.438384685081,0,1,0
15,1997,R,RS,STL,NO,NFC,NFC,West,West,1,1,A,1427.1253515388862,1416.6457428064984,0.4362783920698981,34,27,0,7,1.0,0,0.8294747254745998,0.8342820993282087,1.0,22.44,10.55359587547344,1437.6789474143598,1,0,0
15,1997,R,RS,NO,STL,NFC,NFC,West,West,1,1,H,1416.6457428064984,1427.1253515388862,0.563721607930102,27,34,0,-7,0.0,0,0.8294747254745999,0.8342820993282087,1.0,22.44,-10.55359587547344,1406.092146931025,0,1,0
15,1997,R,RS,NYG,PHI,NFC,NFC,East,East,1,1,A,1497.4873863880603,1484.5743854176408,0.439726468758176,31,21,0,10,1.0,0,0.8216024072949544,1.027140839743636,1.0,22.44,12.913767281209884,1510.4011536692701,1,0,0
15,1997,R,RS,PHI,NYG,NFC,NFC,East,East,1,1,H,1484.5743854176408,1497.4873863880603,0.560273531241824,21,31,0,-10,0.0,0,0.8216024072949544,1.027140839743636,1.0,22.44,-12.913767281209884,1471.660618136431,0,1,0
15,1997,R,RS,BAL,SEA,AFC,AFC,Central,West,1,0,H,1461.7971629307108,1481.7580966891398,0.5502550067654858,31,24,0,7,1.0,1,0.597373459542931,0.8280534827331069,1.0,20.4,7.597223322988188,1469.394386253699,1,0,0
15,1997,R,RS,SEA,BAL,AFC,AFC,West,Central,1,0,A,1481.7580966891398,1461.7971629307108,0.44974499323451417,24,31,0,-7,0.0,1,0.5973734595429308,0.8280534827331069,1.0,20.4,-7.597223322988187,1474.1608733661517,0,1,0
15,1997,R,RS,ATL,SD,NFC,AFC,West,West,0,0,A,1449.89685635486,1430.3565443705054,0.449145858175513,14,3,0,11,1.0,0,0.8004075928221924,1.0841882156123341,1.0,20.0,11.944591381747085,1461.841447736607,1,0,0
15,1997,R,RS,SD,ATL,AFC,NFC,West,West,0,0,H,1430.3565443705054,1449.89685635486,0.550854141824487,3,14,0,-11,0.0,0,0.8004075928221924,1.0841882156123341,1.0,20.0,-11.944591381747085,1418.4119529887582,0,1,0
15,1997,R,RS,IND,NYJ,AFC,AFC,East,East,1,1,A,1388.2982210572218,1499.5916496276207,0.2774267380384896,22,14,0,8,1.0,0,1.2821983877201548,0.8337025881179141,1.0,22.44,13.518107296631456,1401.8163283538534,1,0,0
15,1997,R,RS,NYJ,IND,AFC,AFC,East,East,1,1,H,1499.5916496276207,1388.2982210572218,0.7225732619615104,14,22,0,-8,0.0,0,1.2821983877201548,0.8337025881179141,1.0,22.44,-13.518107296631456,1486.0735423309893,0,1,0
15,1997,R,RS,WAS,ARI,NFC,NFC,East,East,1,1,A,1528.4517091219798,1429.4050673776867,0.5630507847257935,38,28,0,10,1.0,1,0.5743854511347305,0.9615601716058306,1.0,22.44,9.428232476751903,1537.8799415987316,1,0,0
15,1997,R,RS,ARI,WAS,NFC,NFC,East,East,1,1,H,1429.4050673776867,1528.4517091219798,0.43694921527420655,28,38,0,-10,0.0,1,0.5743854511347305,0.9615601716058306,1.0,22.44,-9.428232476751905,1419.9768349009348,0,1,0
15,1997,R,RS,SF,MIN,NFC,NFC,West,Central,1,0,H,1593.3387482112746,1500.6576643949193,0.700592452060351,28,17,0,11,1.0,1,0.35582894181325286,1.0251285000500554,1.0,20.4,6.261396694669962,1599.6001449059445,1,0,0
15,1997,R,RS,MIN,SF,NFC,NFC,Central,West,1,0,A,1500.6576643949193,1593.3387482112746,0.29940754793964897,17,28,0,-11,0.0,1,0.35582894181325286,1.0251285000500554,1.0,20.4,-6.261396694669962,1494.3962677002494,0,1,0
15,1997,R,RS,MIA,DET,AFC,NFC,East,Central,0,0,H,1548.2094031165063,1530.1624800423385,0.6036009489234294,33,30,0,3,1.0,1,0.5048419799832684,0.551105094027112,1.0,20.0,4.369150726316229,1552.5785538428227,1,0,0
15,1997,R,RS,DET,MIA,NFC,AFC,Central,East,0,0,A,1530.1624800423385,1548.2094031165063,0.39639905107657053,30,33,0,-3,0.0,1,0.5048419799832682,0.551105094027112,1.0,20.0,-4.369150726316228,1525.7933293160222,0,1,0
15,1997,R,RS,CAR,DAL,NFC,NFC,West,East,1,0,A,1505.6654990662737,1515.151236030887,0.408248737718043,23,13,0,10,1.0,0,0.8958786390701013,1.0299358557772678,1.0,20.4,12.433103191603173,1518.0986022578768,1,0,0
15,1997,R,RS,DAL,CAR,NFC,NFC,East,West,1,0,H,1515.151236030887,1505.6654990662737,0.591751262281957,13,23,0,-10,0.0,0,0.8958786390701012,1.0299358557772678,1.0,20.4,-12.433103191603173,1502.718132839284,0,1,0
16,1997,R,RS,NYG,WAS,NFC,NFC,East,East,1,1,H,1510.4011536692701,1537.8799415987316,0.5395235774982753,30,10,0,20,1.0,1,0.617068792739754,1.602792571260472,1.0,22.44,16.56180136623958,1526.9629550355096,1,0,0
16,1997,R,RS,WAS,NYG,NFC,NFC,East,East,1,1,A,1537.8799415987316,1510.4011536692701,0.46047642250172477,10,30,0,-20,0.0,1,0.6170687927397542,1.602792571260472,1.0,22.44,-16.561801366239585,1521.3181402324922,0,1,0
16,1997,R,RS,PIT,NE,AFC,AFC,Central,East,1,0,A,1563.8043031489046,1565.1747298814419,0.41958085425573904,24,21,1,3,1.0,0,0.8684990320621652,0.39091461064602945,1.0,20.4,4.6286442171504225,1568.432947366055,1,0,0
16,1997,R,RS,NE,PIT,AFC,AFC,East,Central,1,0,H,1565.1747298814419,1563.8043031489046,0.5804191457442609,21,24,1,-3,0.0,0,0.868499032062165,0.39091461064602945,1.0,20.4,-4.6286442171504225,1560.5460856642915,0,1,0
16,1997,R,RS,ATL,PHI,NFC,NFC,West,East,1,0,H,1461.841447736607,1471.660618136431,0.5646563905622225,20,17,0,3,1.0,1,0.5715378911359158,0.5547043061345028,1.0,20.4,4.926334285986756,1466.7677820225938,1,0,0
16,1997,R,RS,PHI,ATL,NFC,NFC,East,West,1,0,A,1471.660618136431,1461.841447736607,0.43534360943777756,17,20,0,-3,0.0,1,0.571537891135916,0.5547043061345028,1.0,20.4,-4.926334285986757,1466.7342838504442,0,1,0
16,1997,R,RS,JAX,BUF,AFC,AFC,Central,East,1,0,A,1542.4446823514359,1452.340847211282,0.5503472733420531,20,14,0,6,1.0,1,0.5972057939321083,0.7212806926746772,1.0,20.4,6.616246934996784,1549.0609292864326,1,0,0
16,1997,R,RS,BUF,JAX,AFC,AFC,East,Central,1,0,H,1452.340847211282,1542.4446823514359,0.44965272665794687,14,20,0,-6,0.0,1,0.5972057939321083,0.7212806926746772,1.0,20.4,-6.616246934996784,1445.7246002762852,0,1,0
16,1997,R,RS,CIN,DAL,AFC,NFC,Central,East,0,0,H,1468.5760519625965,1502.718132839284,0.5299809493533776,31,24,0,7,1.0,1,0.6349142176982614,0.8189090520386406,1.0,20.0,7.698057104102547,1476.274109066699,1,0,0
16,1997,R,RS,DAL,CIN,NFC,AFC,East,Central,0,0,A,1502.718132839284,1468.5760519625965,0.47001905064662236,24,31,0,-7,0.0,1,0.6349142176982614,0.8189090520386406,1.0,20.0,-7.6980571041025465,1495.0200757351813,0,1,0
16,1997,R,RS,IND,MIA,AFC,AFC,East,East,1,1,H,1401.8163283538534,1552.5785538428227,0.3655740579367036,41,0,0,41,1.0,0,1.0062863994232907,2.4561023986198456,1.0,22.44,34.96634635140425,1436.7826747052577,1,0,0
16,1997,R,RS,MIA,IND,AFC,AFC,East,East,1,1,A,1552.5785538428227,1401.8163283538534,0.6344259420632964,0,41,0,-41,0.0,0,1.0062863994232907,2.4561023986198456,1.0,22.44,-34.96634635140425,1517.6122074914183,0,1,0
16,1997,R,RS,DET,MIN,NFC,NFC,Central,Central,1,1,A,1525.7933293160222,1494.3962677002494,0.4660847994641172,14,13,0,1,1.0,0,0.7633876883126233,0.39428750903048504,1.0,22.44,4.723981159520948,1530.5173104755431,1,0,0
16,1997,R,RS,MIN,DET,NFC,NFC,Central,Central,1,1,H,1494.3962677002494,1525.7933293160222,0.5339152005358828,13,14,0,-1,0.0,0,0.7633876883126233,0.39428750903048504,1.0,22.44,-4.723981159520948,1489.6722865407285,0,1,0
16,1997,R,RS,NYJ,TB,AFC,NFC,East,Central,0,0,H,1486.0735423309893,1527.8431230556207,0.5190309058430049,31,0,0,31,1.0,1,0.655791848758757,2.1669397182522405,1.0,20.0,20.844620667611885,1506.9181629986012,1,0,0
16,1997,R,RS,TB,NYJ,NFC,AFC,Central,East,0,0,A,1527.8431230556207,1486.0735423309893,0.48096909415699507,0,31,0,-31,0.0,1,0.655791848758757,2.1669397182522405,1.0,20.0,-20.844620667611885,1506.9985023880088,0,1,0
16,1997,R,RS,BAL,TEN,AFC,AFC,Central,Central,1,1,H,1469.394386253699,1501.4026934593358,0.5330394910741582,21,19,0,2,1.0,1,0.6291597654893832,0.47112257359800885,1.0,22.44,4.936702088305991,1474.331088342005,1,0,0
16,1997,R,RS,TEN,BAL,AFC,AFC,Central,Central,1,1,A,1501.4026934593358,1469.394386253699,0.4669605089258418,19,21,0,-2,0.0,1,0.629159765489383,0.47112257359800885,1.0,22.44,-4.936702088305991,1496.4659913710298,0,1,0
16,1997,R,RS,GB,CAR,NFC,NFC,Central,West,1,0,A,1628.9501926150117,1518.0986022578768,0.5796916214385975,31,10,0,21,1.0,1,0.5452590040122509,1.556707356708655,1.0,20.4,13.347661757853558,1642.2978543728652,1,0,0
16,1997,R,RS,CAR,GB,NFC,NFC,West,Central,1,0,H,1518.0986022578768,1628.9501926150117,0.42030837856140246,10,31,0,-21,0.0,1,0.5452590040122509,1.556707356708655,1.0,20.4,-13.347661757853558,1504.7509405000233,0,1,0
16,1997,R,RS,NO,ARI,NFC,NFC,West,East,1,0,H,1406.092146931025,1419.9768349009348,0.558895020631978,27,10,0,17,1.0,1,0.5817936219750537,1.4486560809470936,1.0,20.4,13.035791978229556,1419.1279389092545,1,0,0
16,1997,R,RS,ARI,NO,NFC,NFC,East,West,1,0,A,1419.9768349009348,1406.092146931025,0.44110497936802195,10,27,0,-17,0.0,1,0.5817936219750537,1.4486560809470936,1.0,20.4,-13.035791978229556,1406.9410429227053,0,1,0
16,1997,R,RS,KC,SD,AFC,AFC,West,West,1,1,A,1586.8457845648106,1418.4119529887582,0.6576811493990204,29,7,0,22,1.0,1,0.4190350404828399,1.5430914869708654,1.0,22.44,11.853465586069,1598.6992501508796,1,0,0
16,1997,R,RS,SD,KC,AFC,AFC,West,West,1,1,H,1418.4119529887582,1586.8457845648106,0.3423188506009795,7,29,0,-22,0.0,1,0.4190350404828399,1.5430914869708654,1.0,22.44,-11.853465586068996,1406.5584874026893,0,1,0
16,1997,R,RS,SEA,OAK,AFC,AFC,West,West,1,1,A,1474.1608733661517,1454.438384685081,0.449405333259204,22,21,0,1,1.0,0,0.7998300517908593,0.3979128195392404,1.0,22.44,4.916349895411252,1479.077223261563,1,0,0
16,1997,R,RS,OAK,SEA,AFC,AFC,West,West,1,1,H,1454.438384685081,1474.1608733661517,0.5505946667407959,21,22,0,-1,0.0,0,0.7998300517908592,0.3979128195392404,1.0,22.44,-4.916349895411252,1449.5220347896698,0,1,0
16,1997,R,RS,CHI,STL,NFC,NFC,Central,West,1,0,A,1410.023284523368,1437.6789474143598,0.383243380400218,13,10,0,3,1.0,0,0.9590850336553941,0.5469604519188849,1.0,20.4,6.881766179357315,1416.9050507027252,1,0,0
16,1997,R,RS,STL,CHI,NFC,NFC,West,Central,1,0,H,1437.6789474143598,1410.023284523368,0.616756619599782,10,13,0,-3,0.0,0,0.9590850336553941,0.5469604519188849,1.0,20.4,-6.881766179357315,1430.7971812350024,0,1,0
16,1997,R,RS,SF,DEN,NFC,AFC,West,West,0,0,H,1599.6001449059445,1611.4424560661841,0.561791418099907,34,17,0,17,1.0,1,0.5766246401497315,1.451000828431582,1.0,20.0,12.716820307257274,1612.3169652132017,1,0,0
16,1997,R,RS,DEN,SF,AFC,NFC,West,West,0,0,A,1611.4424560661841,1599.6001449059445,0.43820858190009304,17,34,0,-17,0.0,1,0.5766246401497315,1.451000828431582,1.0,20.0,-12.716820307257274,1598.725635758927,0,1,0
17,1997,R,RS,GB,BUF,NFC,AFC,Central,East,0,0,H,1642.2978543728652,1445.7246002762852,0.8097169530800238,31,21,0,10,1.0,1,0.21107053302620665,0.8967326864826062,1.0,20.0,3.4126605571329214,1645.7105149299982,1,0,0
17,1997,R,RS,BUF,GB,AFC,NFC,East,Central,0,0,A,1445.7246002762852,1642.2978543728652,0.19028304691997613,21,31,0,-10,0.0,1,0.2110705330262065,0.8967326864826062,1.0,20.0,-3.41266055713292,1442.3119397191522,0,1,0
17,1997,R,RS,STL,CAR,NFC,NFC,West,West,1,1,A,1430.7971812350024,1504.7509405000233,0.3224975762743778,30,18,0,12,1.0,0,1.1316596582028366,1.0986236397630575,1.0,22.44,16.702544810066964,1447.4997260450693,1,0,0
17,1997,R,RS,CAR,STL,NFC,NFC,West,West,1,1,H,1504.7509405000233,1430.7971812350024,0.6775024237256222,18,30,0,-12,0.0,0,1.1316596582028366,1.0986236397630575,1.0,22.44,-16.702544810066964,1488.0483956899564,0,1,0
17,1997,R,RS,TB,CHI,NFC,NFC,Central,Central,1,1,H,1506.9985023880088,1416.9050507027252,0.6974586037706116,31,15,0,16,1.0,1,0.36031211648067846,1.311343733836723,1.0,22.44,8.90275054801119,1515.90125293602,1,0,0
17,1997,R,RS,CHI,TB,NFC,NFC,Central,Central,1,1,A,1416.9050507027252,1506.9985023880088,0.3025413962293883,15,31,0,-16,0.0,1,0.36031211648067846,1.311343733836723,1.0,22.44,-8.902750548011188,1408.002300154714,0,1,0
17,1997,R,RS,CIN,BAL,AFC,AFC,Central,Central,1,1,H,1476.274109066699,1474.331088342005,0.5812216445230621,16,14,0,2,1.0,1,0.5426231068867675,0.4824365351029533,1.0,22.44,4.533642484101609,1480.8077515508007,1,0,0
17,1997,R,RS,BAL,CIN,AFC,AFC,Central,Central,1,1,A,1474.331088342005,1476.274109066699,0.41877835547693787,14,16,0,-2,0.0,1,0.5426231068867675,0.4824365351029533,1.0,22.44,-4.533642484101609,1469.7974458579033,0,1,0
17,1997,R,RS,MIN,IND,NFC,AFC,Central,East,0,0,H,1489.6722865407285,1436.7826747052577,0.6504601657899544,39,28,0,11,1.0,1,0.4300752191998233,1.0564368868972591,1.0,20.0,7.385335485988894,1497.0576220267174,1,0,0
17,1997,R,RS,IND,MIN,AFC,NFC,East,Central,0,0,A,1436.7826747052577,1489.6722865407285,0.3495398342100457,28,39,0,-11,0.0,1,0.43007521919982344,1.0564368868972591,1.0,20.0,-7.385335485988895,1429.3973392192688,0,1,0
17,1997,R,RS,NYG,DAL,NFC,NFC,East,East,1,1,A,1526.9629550355096,1495.0200757351813,0.46686676290477147,20,7,0,13,1.0,0,0.7617113662926844,1.1947473100350963,1.0,22.44,14.29337120041653,1541.256326235926,1,0,0
17,1997,R,RS,DAL,NYG,NFC,NFC,East,East,1,1,H,1495.0200757351813,1526.9629550355096,0.5331332370952285,7,20,0,-13,0.0,0,0.7617113662926844,1.1947473100350963,1.0,22.44,-14.29337120041653,1480.7267045347648,0,1,0
17,1997,R,RS,KC,NO,AFC,NFC,West,West,0,0,H,1598.6992501508796,1419.1279389092545,0.7941788355012827,25,13,0,12,1.0,1,0.23044660946746756,1.0174566923971218,1.0,20.0,4.188282425123777,1602.8875325760034,1,0,0
17,1997,R,RS,NO,KC,NFC,AFC,West,West,0,0,A,1419.1279389092545,1598.6992501508796,0.2058211644987174,13,25,0,-12,0.0,1,0.23044660946746756,1.0174566923971218,1.0,20.0,-4.188282425123778,1414.9396564841306,0,1,0
17,1997,R,RS,TEN,PIT,AFC,AFC,Central,Central,1,1,H,1496.4659913710298,1568.432947366055,0.4756019795758497,16,6,0,10,1.0,0,0.7431739519036727,0.9812571444825081,1.0,22.44,11.546935183862217,1508.012926554892,1,0,0
17,1997,R,RS,PIT,TEN,AFC,AFC,Central,Central,1,1,A,1568.432947366055,1496.4659913710298,0.5243980204241503,6,16,0,-10,0.0,0,0.7431739519036727,0.9812571444825081,1.0,22.44,-11.546935183862217,1556.8860121821929,0,1,0
17,1997,R,RS,WAS,PHI,NFC,NFC,East,East,1,1,H,1521.3181402324922,1466.7342838504442,0.6526743253485104,35,32,0,3,1.0,1,0.42667701018250465,0.5356705246296773,1.0,22.44,4.1750097154717265,1525.493149947964,1,0,0
17,1997,R,RS,PHI,WAS,NFC,NFC,East,East,1,1,A,1466.7342838504442,1521.3181402324922,0.34732567465148956,32,35,0,-3,0.0,1,0.42667701018250465,0.5356705246296773,1.0,22.44,-4.1750097154717265,1462.5592741349724,0,1,0
17,1997,R,RS,ARI,ATL,NFC,NFC,East,West,1,0,H,1406.9410429227053,1466.7677820225938,0.49305421090482526,29,26,0,3,1.0,0,0.70713614971735,0.5335263801774367,1.0,20.4,5.517566616763713,1412.458609539469,1,0,0
17,1997,R,RS,ATL,ARI,NFC,NFC,West,East,1,0,A,1466.7677820225938,1406.9410429227053,0.5069457890951747,26,29,0,-3,0.0,0,0.70713614971735,0.5335263801774367,1.0,20.4,-5.517566616763713,1461.25021540583,0,1,0
17,1997,R,RS,DEN,SD,AFC,AFC,West,West,1,1,H,1598.725635758927,1406.5584874026893,0.8057783196658015,38,3,0,35,1.0,1,0.21594661194077783,2.1215830084771627,1.0,22.44,9.246568434673176,1607.9722041936002,1,0,0
17,1997,R,RS,SD,DEN,AFC,AFC,West,West,1,1,A,1406.5584874026893,1598.725635758927,0.1942216803341986,3,38,0,-35,0.0,1,0.21594661194077797,2.1215830084771627,1.0,22.44,-9.24656843467318,1397.311918968016,0,1,0
17,1997,R,RS,DET,NYJ,NFC,AFC,Central,East,0,0,H,1530.5173104755431,1506.9181629986012,0.6112223131745617,13,10,0,3,1.0,1,0.4922945346388638,0.5487025648187562,1.0,20.0,4.266466278108424,1534.7837767536516,1,0,0
17,1997,R,RS,NYJ,DET,AFC,NFC,East,Central,0,0,A,1506.9181629986012,1530.5173104755431,0.38877768682543834,10,13,0,-3,0.0,1,0.4922945346388638,0.5487025648187562,1.0,20.0,-4.266466278108424,1502.6516967204927,0,1,0
17,1997,R,RS,JAX,OAK,AFC,AFC,Central,West,1,0,A,1549.0609292864326,1449.5220347896698,0.5637478035489374,20,9,0,11,1.0,1,0.5731482843166307,1.0199192117478797,1.0,20.4,9.076816725084038,1558.1377460115166,1,0,0
17,1997,R,RS,OAK,JAX,AFC,AFC,West,Central,1,0,H,1449.5220347896698,1549.0609292864326,0.4362521964510626,9,20,0,-11,0.0,1,0.5731482843166307,1.0199192117478797,1.0,20.4,-9.076816725084038,1440.4452180645858,0,1,0
17,1997,R,RS,SEA,SF,AFC,NFC,West,West,0,0,H,1479.077223261563,1612.3169652132017,0.38926943275046216,38,9,0,29,1.0,0,0.9434835459420122,1.927841274213404,1.0,20.0,23.547831899348477,1502.6250551609114,1,0,0
17,1997,R,RS,SF,SEA,NFC,AFC,West,West,0,0,A,1612.3169652132017,1479.077223261563,0.6107305672495379,9,38,0,-29,0.0,0,0.9434835459420124,1.927841274213404,1.0,20.0,-23.54783189934848,1588.7691333138532,0,1,0
17,1997,R,RS,NE,MIA,AFC,AFC,East,East,1,1,A,1560.5460856642915,1517.6122074914183,0.48264243265994117,14,12,0,2,1.0,0,0.7284792045425479,0.4671414859345112,1.0,22.44,5.423280861284726,1565.969366525576,1,0,0
17,1997,R,RS,MIA,NE,AFC,AFC,East,East,1,1,H,1517.6122074914183,1560.5460856642915,0.5173575673400589,12,14,0,-2,0.0,0,0.728479204542548,0.4671414859345112,1.0,22.44,-5.423280861284727,1512.1889266301337,0,1,0
18,1997,P,WC,MIN,NYG,NFC,NFC,Central,East,1,0,A,1497.0576220267174,1541.256326235926,0.36099835114356227,23,22,0,1,1.0,0,1.0188818881290436,0.3903873909471892,1.1,22.44,5.597841705239895,1502.6554637319573,0,0,0
18,1997,P,WC,NYG,MIN,NFC,NFC,East,Central,1,0,H,1541.256326235926,1497.0576220267174,0.6390016488564377,22,23,0,-1,0.0,0,1.0188818881290436,0.3903873909471892,1.1,22.44,-5.597841705239895,1535.658484530686,0,0,0
18,1997,P,WC,DEN,JAX,AFC,AFC,West,Central,1,0,H,1607.9722041936002,1558.1377460115166,0.6464510773850008,42,17,0,25,1.0,1,0.4362577566652811,1.8436867259954697,1.1,22.44,14.627142744006738,1622.599346937607,0,0,0
18,1997,P,WC,JAX,DEN,AFC,AFC,Central,West,1,0,A,1558.1377460115166,1607.9722041936002,0.35354892261499915,17,42,0,-25,0.0,1,0.4362577566652811,1.8436867259954697,1.1,22.44,-14.627142744006738,1543.5106032675099,0,0,0
18,1997,P,WC,NE,MIA,AFC,AFC,East,East,1,1,H,1565.969366525576,1512.1889266301337,0.6516251795637088,17,3,0,14,1.0,1,0.4282857603309527,1.2331145594307853,1.1,24.684000000000005,10.603902384499678,1576.5732689100757,0,0,0
18,1997,P,WC,MIA,NE,AFC,AFC,East,East,1,1,A,1512.1889266301337,1565.969366525576,0.3483748204362912,3,17,0,-14,0.0,1,0.4282857603309527,1.2331145594307853,1.1,24.684000000000005,-10.603902384499678,1501.585024245634,0,0,0
18,1997,P,WC,TB,DET,NFC,NFC,Central,Central,1,1,H,1515.90125293602,1534.7837767536516,0.551790801089518,20,10,0,10,1.0,1,0.5945862880709325,1.0223086030353024,1.1,24.684000000000005,11.310409234221858,1527.2116621702419,0,0,0
18,1997,P,WC,DET,TB,NFC,NFC,Central,Central,1,1,A,1534.7837767536516,1515.90125293602,0.4482091989104821,10,20,0,-10,0.0,1,0.5945862880709327,1.0223086030353024,1.1,24.684000000000005,-11.310409234221858,1523.4733675194298,0,0,0
19,1997,P,DV,PIT,NE,AFC,AFC,Central,East,1,0,H,1556.8860121821929,1576.5732689100757,0.5506448499212604,7,6,0,1,1.0,1,0.5966652331412257,0.3979238610345035,1.2,24.479999999999997,4.377247656503333,1561.2632598386963,0,0,0
19,1997,P,DV,NE,PIT,AFC,AFC,East,Central,1,0,A,1576.5732689100757,1556.8860121821929,0.4493551500787396,6,7,0,-1,0.0,1,0.5966652331412257,0.3979238610345035,1.2,24.479999999999997,-4.377247656503333,1572.1960212535723,0,0,0
19,1997,P,DV,SF,MIN,NFC,NFC,West,Central,1,0,H,1588.7691333138532,1502.6554637319573,0.69260272073674,38,22,0,16,1.0,1,0.36729871872707553,1.3152497355805315,1.2,24.479999999999997,9.897366577789464,1598.6664998916426,0,0,0
19,1997,P,DV,MIN,SF,NFC,NFC,Central,West,1,0,A,1502.6554637319573,1588.7691333138532,0.30739727926326,22,38,0,-16,0.0,1,0.36729871872707553,1.3152497355805315,1.2,24.479999999999997,-9.897366577789464,1492.758097154168,0,0,0
19,1997,P,DV,GB,TB,NFC,NFC,Central,Central,1,1,H,1645.7105149299982,1527.2116621702419,0.7308107125385421,21,7,0,14,1.0,1,0.3136007959396603,1.1747986777584694,1.2,26.928,8.515797400598256,1654.2263123305966,0,0,0
19,1997,P,DV,TB,GB,NFC,NFC,Central,Central,1,1,A,1527.2116621702419,1645.7105149299982,0.2691892874614578,7,21,0,-14,0.0,1,0.3136007959396603,1.1747986777584694,1.2,26.928,-8.515797400598254,1518.6958647696435,0,0,0
19,1997,P,DV,DEN,KC,AFC,AFC,West,West,1,1,A,1622.599346937607,1602.8875325760034,0.44939012901746783,14,10,0,4,1.0,0,0.7998638842752804,0.6226185002707657,1.2,26.928,9.231454054614858,1631.8308009922218,0,0,0
19,1997,P,DV,KC,DEN,AFC,AFC,West,West,1,1,H,1602.8875325760034,1622.599346937607,0.5506098709825321,10,14,0,-4,0.0,0,0.7998638842752803,0.6226185002707657,1.2,26.928,-9.231454054614856,1593.6560785213885,0,0,0
20,1997,P,CC,DEN,PIT,AFC,AFC,West,Central,1,0,A,1631.8308009922218,1561.2632598386963,0.5223885117426086,24,21,0,3,1.0,1,0.649343692566076,0.5291869571178076,1.35,27.54,6.96061851008072,1638.7914195023025,0,0,0
20,1997,P,CC,PIT,DEN,AFC,AFC,Central,West,1,0,H,1561.2632598386963,1631.8308009922218,0.4776114882573913,21,24,0,-3,0.0,1,0.6493436925660758,0.5291869571178076,1.35,27.54,-6.960618510080718,1554.3026413286157,0,0,0
20,1997,P,CC,GB,SF,NFC,NFC,Central,West,1,0,A,1654.2263123305966,1598.6664998916426,0.500805634163312,23,10,0,13,1.0,1,0.6915372089334304,1.1731349204150912,1.35,27.54,16.128039316236332,1670.3543516468328,0,0,0
20,1997,P,CC,SF,GB,NFC,NFC,West,Central,1,0,H,1598.6664998916426,1654.2263123305966,0.4991943658366881,10,23,0,-13,0.0,1,0.6915372089334306,1.1731349204150912,1.35,27.54,-16.128039316236336,1582.5384605754064,0,0,0
21,1997,P,SB,DEN,GB,AFC,NFC,West,Central,0,0,N,1638.7914195023025,1670.3543516468328,0.45470183443903794,31,24,0,7,1.0,0,0.7881133837651209,0.8205571086344905,1.5,30.0,13.423448582291844,1652.2148680845944,0,0,0
21,1997,P,SB,GB,DEN,NFC,AFC,Central,West,0,0,N,1670.3543516468328,1638.7914195023025,0.5452981655609619,24,31,0,-7,0.0,0,0.7881133837651205,0.8205571086344905,1.5,30.0,-13.423448582291837,1656.9309030645409,0,0,0
