Week,Season,Type,Round,Team,Opponent,Conf,OppConf,Div,OppDiv,ConfG,DivG,HomeAway,PreGmRate,OppPreGmRate,ExpectedWin%,PointsFor,PointsAgainst,OT,MOV,Result,Accuracy,Test,MOVMult,POMult,Keff,RatingChange,PostGmRate,W,L,T
1,1998,R,RS,ATL,CAR,NFC,NFC,West,West,1,1,A,1488.375064621749,1496.4145187069869,0.4102615457101822,19,14,0,5,1.0,0,0.8909604062996415,0.6992403439007416,1.0,22.44,9.253558555579495,1497.6286231773286,1,0,0
1,1998,R,RS,CAR,ATL,NFC,NFC,West,West,1,1,H,1496.4145187069869,1488.375064621749,0.5897384542898179,14,19,0,-5,0.0,0,0.8909604062996416,0.6992403439007416,1.0,22.44,-9.253558555579495,1487.1609601514074,0,1,0
1,1998,R,RS,JAX,CHI,AFC,NFC,Central,Central,0,0,A,1513.0531809802528,1472.4006900464142,0.4793640036419535,24,23,0,1,1.0,0,0.7352950460714032,0.39146002433072097,1.0,20.0,4.076163596035401,1517.1293445762883,1,0,0
1,1998,R,RS,CHI,JAX,NFC,AFC,Central,Central,0,0,H,1472.4006900464142,1513.0531809802528,0.5206359963580465,23,24,0,-1,0.0,0,0.7352950460714031,0.39146002433072097,1.0,20.0,-4.076163596035401,1468.3245264503787,0,1,0
1,1998,R,RS,TEN,CIN,AFC,AFC,Central,Central,1,1,A,1502.4038779664675,1494.2423254652401,0.43299945944650964,23,14,0,9,1.0,0,0.8370187993718592,0.9670687213160766,1.0,22.44,12.304491264853919,1514.7083692313213,1,0,0
1,1998,R,RS,CIN,TEN,AFC,AFC,Central,Central,1,1,H,1494.2423254652401,1502.4038779664675,0.5670005405534904,14,23,0,-9,0.0,0,0.8370187993718592,0.9670687213160766,1.0,22.44,-12.304491264853919,1481.9378342003863,0,1,0
1,1998,R,RS,GB,DET,NFC,NFC,Central,Central,1,1,H,1547.0792709193622,1507.042010255829,0.6334575036475473,38,19,0,19,1.0,1,0.4565623633217854,1.5317385404746409,1.0,22.44,12.598876702555751,1559.678147621918,1,0,0
1,1998,R,RS,DET,GB,NFC,NFC,Central,Central,1,1,A,1507.042010255829,1547.0792709193622,0.36654249635245273,19,38,0,-19,0.0,1,0.4565623633217854,1.5317385404746409,1.0,22.44,-12.598876702555751,1494.4431335532731,0,1,0
1,1998,R,RS,MIN,TB,NFC,NFC,Central,Central,1,1,H,1497.8274291462503,1505.608759430893,0.5675378199138156,31,7,0,24,1.0,1,0.5664478888271873,1.8506939996845502,1.0,22.44,17.959969830253463,1515.7873989765037,1,0,0
1,1998,R,RS,TB,MIN,NFC,NFC,Central,Central,1,1,A,1505.608759430893,1497.8274291462503,0.4324621800861844,7,31,0,-24,0.0,1,0.5664478888271873,1.8506939996845502,1.0,22.44,-17.959969830253463,1487.6487896006397,0,1,0
1,1998,R,RS,NO,STL,NFC,NFC,West,West,1,1,A,1474.4818969452392,1484.2499178135208,0.40785623649432623,24,17,0,7,1.0,0,0.8968405282054014,0.8347533488021506,1.0,22.44,11.091957125696553,1485.5738540709358,1,0,0
1,1998,R,RS,STL,NO,NFC,NFC,West,West,1,1,H,1484.2499178135208,1474.4818969452392,0.5921437635056738,17,24,0,-7,0.0,0,0.8968405282054014,0.8347533488021506,1.0,22.44,-11.091957125696553,1473.1579606878242,0,1,0
1,1998,R,RS,NYG,WAS,NFC,NFC,East,East,1,1,H,1510.6975453592058,1507.6479449843891,0.5827713111400383,31,24,0,7,1.0,1,0.5399604317820592,0.8392290088270237,1.0,22.44,7.857375402497878,1518.5549207617037,1,0,0
1,1998,R,RS,WAS,NYG,NFC,NFC,East,East,1,1,A,1507.6479449843891,1510.6975453592058,0.41722868885996167,24,31,0,-7,0.0,1,0.5399604317820592,0.8392290088270237,1.0,22.44,-7.857375402497878,1499.7905695818913,0,1,0
1,1998,R,RS,SEA,PHI,AFC,NFC,West,East,0,0,A,1500.7875165482733,1488.7677822404917,0.43846003056107824,38,0,0,38,1.0,0,0.824486621698171,2.5763786343129604,1.0,20.0,28.934791591503817,1529.7223081397772,1,0,0
1,1998,R,RS,PHI,SEA,NFC,AFC,East,West,0,0,H,1488.7677822404917,1500.7875165482733,0.5615399694389218,0,38,0,-38,0.0,0,0.8244866216981711,2.5763786343129604,1.0,20.0,-28.934791591503817,1459.8329906489878,0,1,0
1,1998,R,RS,PIT,BAL,AFC,AFC,Central,Central,1,1,A,1516.2907923985847,1490.9392337573709,0.45743573166600254,20,13,0,7,1.0,0,0.782118881367193,0.8245534864551759,1.0,22.44,10.039055933773136,1526.3298483323579,1,0,0
1,1998,R,RS,BAL,PIT,AFC,AFC,Central,Central,1,1,H,1490.9392337573709,1516.2907923985847,0.5425642683339974,13,20,0,-7,0.0,0,0.7821188813671929,0.8245534864551759,1.0,22.44,-10.039055933773135,1480.9001778235977,0,1,0
1,1998,R,RS,DAL,ARI,NFC,NFC,East,East,1,1,H,1494.2180113604295,1473.7375828618408,0.606947778649647,38,10,0,28,1.0,1,0.4993125235022636,2.046303869393722,1.0,22.44,18.048588075132685,1512.2665994355623,1,0,0
1,1998,R,RS,ARI,DAL,NFC,NFC,East,East,1,1,A,1473.7375828618408,1494.2180113604295,0.3930522213503529,10,38,0,-28,0.0,1,0.49931252350226346,2.046303869393722,1.0,22.44,-18.048588075132677,1455.688994786708,0,1,0
1,1998,R,RS,SD,BUF,AFC,AFC,West,East,1,0,H,1469.1935756904047,1482.6935819157457,0.5594408698112338,16,14,0,2,1.0,1,0.5808174407985992,0.4780237832124142,1.0,20.4,4.296193939688733,1473.4897696300934,1,0,0
1,1998,R,RS,BUF,SD,AFC,AFC,East,West,1,0,A,1482.6935819157457,1469.1935756904047,0.4405591301887662,14,16,0,-2,0.0,1,0.580817440798599,0.4780237832124142,1.0,20.4,-4.296193939688732,1478.397387976057,0,1,0
1,1998,R,RS,MIA,IND,AFC,AFC,East,East,1,1,A,1500.4755072736903,1478.8192017657807,0.45216134737910685,24,15,0,9,1.0,0,0.7937161996180088,0.956806236493626,1.0,22.44,11.762496860583358,1512.2380041342735,1,0,0
1,1998,R,RS,IND,MIA,AFC,AFC,East,East,1,1,H,1478.8192017657807,1500.4755072736903,0.5478386526208932,15,24,0,-9,0.0,0,0.7937161996180088,0.956806236493626,1.0,22.44,-11.762496860583358,1467.0567049051974,0,1,0
1,1998,R,RS,SF,NYJ,NFC,AFC,West,East,0,0,H,1524.7615381726218,1500.795509016148,0.6117240547527272,36,30,1,6,1.0,1,0.49147398907860745,0.531108130233363,1.0,20.0,4.124330225897414,1528.8858683985193,1,0,0
1,1998,R,RS,NYJ,SF,AFC,NFC,East,West,0,0,A,1500.795509016148,1524.7615381726218,0.3882759452472727,30,36,1,-6,0.0,1,0.4914739890786073,0.531108130233363,1.0,20.0,-4.124330225897412,1496.6711787902505,0,1,0
1,1998,R,RS,KC,OAK,AFC,AFC,West,West,1,1,H,1528.0968235564164,1482.1335654193758,0.6413414629041679,28,8,0,20,1.0,1,0.4441932604589354,1.5799317599323932,1.0,22.44,12.715760948069684,1540.812584504486,1,0,0
1,1998,R,RS,OAK,KC,AFC,AFC,West,West,1,1,A,1482.1335654193758,1528.0968235564164,0.3586585370958321,8,28,0,-20,0.0,1,0.4441932604589356,1.5799317599323932,1.0,22.44,-12.715760948069686,1469.4178044713062,0,1,0
1,1998,R,RS,DEN,NE,AFC,AFC,West,East,1,0,H,1545.6644604253784,1521.6588063760717,0.6117782309818119,27,21,0,6,1.0,1,0.4913854298176206,0.7587023019824624,1.0,20.4,6.008712896609582,1551.6731733219879,1,0,0
1,1998,R,RS,NE,DEN,AFC,AFC,East,West,1,0,A,1521.6588063760717,1545.6644604253784,0.388221769018188,21,27,0,-6,0.0,1,0.49138542981762046,0.7587023019824624,1.0,20.4,-6.008712896609581,1515.6500934794622,0,1,0
2,1998,R,RS,ATL,PHI,NFC,NFC,West,East,1,0,H,1497.6286231773286,1459.8329906489878,0.6304562438002889,17,12,0,5,1.0,1,0.4613115251919196,0.6830834942250853,1.0,20.4,5.149556501180818,1502.7781796785093,1,0,0
2,1998,R,RS,PHI,ATL,NFC,NFC,East,West,1,0,A,1459.8329906489878,1497.6286231773286,0.36954375619971114,12,17,0,-5,0.0,1,0.4613115251919196,0.6830834942250853,1.0,20.4,-5.149556501180818,1454.683434147807,0,1,0
2,1998,R,RS,MIA,BUF,AFC,AFC,East,East,1,1,H,1512.2380041342735,1478.397387976057,0.6251364132614289,13,7,0,6,1.0,1,0.46978539184296375,0.7528902032701867,1.0,22.44,6.333266378088276,1518.5712705123617,1,0,0
2,1998,R,RS,BUF,MIA,AFC,AFC,East,East,1,1,A,1478.397387976057,1512.2380041342735,0.3748635867385712,7,13,0,-6,0.0,1,0.469785391842964,0.7528902032701867,1.0,22.44,-6.333266378088277,1472.0641215979688,0,1,0
2,1998,R,RS,NO,CAR,NFC,NFC,West,West,1,1,H,1485.5738540709358,1487.1609601514074,0.5762674342110254,19,14,0,5,1.0,1,0.5511834305328003,0.7028451605498593,1.0,22.44,6.683044519729573,1492.2568985906653,1,0,0
2,1998,R,RS,CAR,NO,NFC,NFC,West,West,1,1,A,1487.1609601514074,1485.5738540709358,0.42373256578897456,14,19,0,-5,0.0,1,0.5511834305328003,0.7028451605498593,1.0,22.44,-6.683044519729573,1480.477915631678,0,1,0
2,1998,R,RS,PIT,CHI,AFC,NFC,Central,Central,0,0,H,1526.3298483323579,1468.3245264503787,0.6571255889881211,17,12,0,5,1.0,1,0.4198801235322991,0.6725293282825308,1.0,20.0,4.611861946461746,1530.9417102788195,1,0,0
2,1998,R,RS,CHI,PIT,NFC,AFC,Central,Central,0,0,A,1468.3245264503787,1526.3298483323579,0.3428744110118789,12,17,0,-5,0.0,1,0.4198801235322991,0.6725293282825308,1.0,20.0,-4.611861946461746,1463.712664503917,0,1,0
2,1998,R,RS,CIN,DET,AFC,NFC,Central,Central,0,0,A,1481.9378342003863,1494.4431335532731,0.4040563565526965,34,28,1,6,1.0,0,0.9062009143321419,0.5359294064531246,1.0,20.0,6.387674462244519,1488.325508662631,1,0,0
2,1998,R,RS,DET,CIN,NFC,AFC,Central,Central,0,0,H,1494.4431335532731,1481.9378342003863,0.5959436434473034,28,34,1,-6,0.0,0,0.9062009143321418,0.5359294064531246,1.0,20.0,-6.387674462244518,1488.0554590910285,0,1,0
2,1998,R,RS,GB,TB,NFC,NFC,Central,Central,1,1,H,1559.678147621918,1487.6487896006397,0.6750772715796799,23,15,0,8,1.0,1,0.3929281182471913,0.8584634279874923,1.0,22.44,6.259285226835787,1565.9374328487538,1,0,0
2,1998,R,RS,TB,GB,NFC,NFC,Central,Central,1,1,A,1487.6487896006397,1559.678147621918,0.32492272842032016,15,23,0,-8,0.0,1,0.3929281182471915,0.8584634279874923,1.0,22.44,-6.259285226835789,1481.389504373804,0,1,0
2,1998,R,RS,JAX,KC,AFC,AFC,Central,West,1,0,H,1517.1293445762883,1540.812584504486,0.5449467807142868,21,16,0,5,1.0,1,0.6070671391524998,0.690652049849422,1.0,20.4,6.411382149281229,1523.5407267255696,1,0,0
2,1998,R,RS,KC,JAX,AFC,AFC,West,Central,1,0,A,1540.812584504486,1517.1293445762883,0.45505321928571313,16,21,0,-5,0.0,1,0.6070671391524997,0.690652049849422,1.0,20.4,-6.411382149281228,1534.4012023552048,0,1,0
2,1998,R,RS,MIN,STL,NFC,NFC,Central,West,1,0,A,1515.7873989765037,1473.1579606878242,0.4822048498721557,38,31,0,7,1.0,0,0.7293862554835807,0.8135321252824551,1.0,20.4,8.593356974466841,1524.3807559509705,1,0,0
2,1998,R,RS,STL,MIN,NFC,NFC,West,Central,1,0,H,1473.1579606878242,1515.7873989765037,0.5177951501278443,31,38,0,-7,0.0,0,0.7293862554835807,0.8135321252824551,1.0,20.4,-8.593356974466841,1464.5646037133574,0,1,0
2,1998,R,RS,BAL,NYJ,AFC,AFC,Central,East,1,0,A,1480.9001778235977,1496.6711787902505,0.3995379639495001,24,10,0,14,1.0,0,0.91744648963117,1.270143368356801,1.0,20.4,15.558526610007123,1496.458704433605,1,0,0
2,1998,R,RS,NYJ,BAL,AFC,AFC,East,Central,1,0,H,1496.6711787902505,1480.9001778235977,0.6004620360504999,10,24,0,-14,0.0,0,0.9174464896311699,1.270143368356801,1.0,20.4,-15.558526610007121,1481.1126521802432,0,1,0
2,1998,R,RS,SD,TEN,AFC,AFC,West,Central,1,0,A,1473.4897696300934,1514.7083692313213,0.36496497082856366,13,7,0,6,1.0,0,1.0079539003377949,0.7485882117593393,1.0,20.4,9.697746632596502,1483.18751626269,1,0,0
2,1998,R,RS,TEN,SD,AFC,AFC,Central,West,1,0,H,1514.7083692313213,1473.4897696300934,0.6350350291714364,7,13,0,-6,0.0,0,1.007953900337795,0.7485882117593393,1.0,20.4,-9.697746632596502,1505.0106225987247,0,1,0
2,1998,R,RS,SEA,ARI,AFC,NFC,West,East,0,0,H,1529.7223081397772,1455.688994786708,0.6776024744410636,33,14,0,19,1.0,1,0.3891944838784342,1.4924094211817922,1.0,20.0,9.622982090197088,1539.3452902299744,1,0,0
2,1998,R,RS,ARI,SEA,NFC,AFC,East,West,0,0,A,1455.688994786708,1529.7223081397772,0.32239752555893647,14,33,0,-19,0.0,1,0.3891944838784342,1.4924094211817922,1.0,20.0,-9.62298209019709,1446.0660126965108,0,1,0
2,1998,R,RS,DEN,DAL,AFC,NFC,West,East,0,0,H,1551.6731733219879,1512.2665994355623,0.6326141276442353,42,23,0,19,1.0,1,0.4578946356943956,1.5324877589624541,1.0,20.0,11.260287044019043,1562.933460366007,1,0,0
2,1998,R,RS,DAL,DEN,NFC,AFC,East,West,0,0,A,1512.2665994355623,1551.6731733219879,0.36738587235576464,23,42,0,-19,0.0,1,0.4578946356943954,1.5324877589624541,1.0,20.0,-11.26028704401904,1501.0063123915431,0,1,0
2,1998,R,RS,OAK,NYG,AFC,NFC,West,East,0,0,H,1469.4178044713062,1518.5549207617037,0.5084365671203136,20,17,0,3,1.0,1,0.6764148163676339,0.5379163677249368,1.0,20.0,5.288400326420834,1474.706204797727,1,0,0
2,1998,R,RS,NYG,OAK,NFC,AFC,East,West,0,0,A,1518.5549207617037,1469.4178044713062,0.4915634328796864,17,20,0,-3,0.0,1,0.6764148163676339,0.5379163677249368,1.0,20.0,-5.288400326420834,1513.266520435283,0,1,0
2,1998,R,RS,NE,IND,AFC,AFC,East,East,1,1,H,1515.6500934794622,1467.0567049051974,0.6448165590436724,29,6,0,23,1.0,1,0.4387894072204715,1.7392188772400456,1.0,22.44,13.862124766648543,1529.5122182461107,1,0,0
2,1998,R,RS,IND,NE,AFC,AFC,East,East,1,1,A,1467.0567049051974,1515.6500934794622,0.3551834409563277,6,29,0,-23,0.0,1,0.43878940722047166,1.7392188772400456,1.0,22.44,-13.862124766648549,1453.1945801385489,0,1,0
2,1998,R,RS,SF,WAS,NFC,NFC,West,East,1,0,A,1528.8858683985193,1499.7905695818913,0.46278906646871953,45,10,0,35,1.0,0,0.7704839086851597,2.3920636094646412,1.0,20.4,26.214871584016763,1555.100739982536,1,0,0
2,1998,R,RS,WAS,SF,NFC,NFC,East,West,1,0,H,1499.7905695818913,1528.8858683985193,0.5372109335312805,10,45,0,-35,0.0,0,0.7704839086851597,2.3920636094646412,1.0,20.4,-26.214871584016763,1473.5756979978746,0,1,0
3,1998,R,RS,STL,BUF,NFC,AFC,West,East,0,0,A,1464.5646037133574,1472.0641215979688,0.41101375588297323,34,33,0,1,1.0,0,0.889128595744349,0.4017805560302624,1.0,20.0,4.732864413110298,1469.2974681264677,1,0,0
3,1998,R,RS,BUF,STL,AFC,NFC,East,West,0,0,H,1472.0641215979688,1464.5646037133574,0.5889862441170267,33,34,0,-1,0.0,0,0.8891285957443489,0.4017805560302624,1.0,20.0,-4.732864413110297,1467.3312571848585,0,1,0
3,1998,R,RS,GB,CIN,NFC,AFC,Central,Central,0,0,A,1565.9374328487538,1488.325508662631,0.5324953074154929,13,6,0,7,1.0,1,0.6301811938026576,0.7920956078925881,1.0,20.0,7.406168273307254,1573.343601122061,1,0,0
3,1998,R,RS,CIN,GB,AFC,NFC,Central,Central,0,0,H,1488.325508662631,1565.9374328487538,0.4675046925845071,6,13,0,-7,0.0,1,0.6301811938026576,0.7920956078925881,1.0,20.0,-7.406168273307254,1480.9193403893237,0,1,0
3,1998,R,RS,NYJ,IND,AFC,AFC,East,East,1,1,H,1481.1126521802432,1453.1945801385489,0.617113601735792,44,6,0,38,1.0,1,0.48270215251770915,2.5443263935982614,1.0,22.44,21.8607780210703,1502.9734302013135,1,0,0
3,1998,R,RS,IND,NYJ,AFC,AFC,East,East,1,1,A,1453.1945801385489,1481.1126521802432,0.382886398264208,6,44,0,-38,0.0,1,0.48270215251770915,2.5443263935982614,1.0,22.44,-21.8607780210703,1431.3338021174786,0,1,0
3,1998,R,RS,MIN,DET,NFC,NFC,Central,Central,1,1,H,1524.3807559509705,1488.0554590910285,0.6284821389536659,29,6,0,23,1.0,1,0.46444766988601355,1.7558063584544383,1.0,22.44,14.63791320549001,1539.0186691564606,1,0,0
3,1998,R,RS,DET,MIN,NFC,NFC,Central,Central,1,1,A,1488.0554590910285,1524.3807559509705,0.37151786104633405,6,29,0,-23,0.0,1,0.46444766988601355,1.7558063584544383,1.0,22.44,-14.637913205490008,1473.4175458855384,0,1,0
3,1998,R,RS,KC,SD,AFC,AFC,West,West,1,1,H,1534.4012023552048,1483.18751626269,0.6482635437561137,23,7,0,16,1.0,1,0.4334579619839075,1.3505261813686291,1.0,22.44,10.659657337145816,1545.0608596923505,1,0,0
3,1998,R,RS,SD,KC,AFC,AFC,West,West,1,1,A,1483.18751626269,1534.4012023552048,0.3517364562438862,7,23,0,-16,0.0,1,0.4334579619839075,1.3505261813686291,1.0,22.44,-10.659657337145815,1472.5278589255443,0,1,0
3,1998,R,RS,MIA,PIT,AFC,AFC,East,Central,1,0,H,1518.5712705123617,1530.9417102788195,0.5610428477416409,21,0,0,21,1.0,1,0.5779579989399685,1.6781505771709482,1.0,20.4,15.027378447679894,1533.5986489600416,1,0,0
3,1998,R,RS,PIT,MIA,AFC,AFC,Central,East,1,0,A,1530.9417102788195,1518.5712705123617,0.4389571522583591,0,21,0,-21,0.0,1,0.5779579989399685,1.6781505771709482,1.0,20.4,-15.027378447679894,1515.9143318311396,0,1,0
3,1998,R,RS,NE,TEN,AFC,AFC,East,Central,1,0,H,1529.5122182461107,1505.0106225987247,0.6124560617470372,27,16,0,11,1.0,1,0.4902780750596041,1.079967769517846,1.0,20.4,8.538113236738369,1538.050331482849,1,0,0
3,1998,R,RS,TEN,NE,AFC,AFC,Central,East,1,0,A,1505.0106225987247,1529.5122182461107,0.3875439382529629,16,27,0,-11,0.0,1,0.4902780750596041,1.079967769517846,1.0,20.4,-8.538113236738369,1496.4725093619863,0,1,0
3,1998,R,RS,TB,CHI,NFC,NFC,Central,Central,1,1,H,1481.389504373804,1463.712664503917,0.6030911096438409,27,15,0,12,1.0,1,0.5056869997317728,1.1473956548981454,1.0,22.44,10.219434871993675,1491.6089392457975,1,0,0
3,1998,R,RS,CHI,TB,NFC,NFC,Central,Central,1,1,A,1463.712664503917,1481.389504373804,0.39690889035615895,15,27,0,-12,0.0,1,0.5056869997317727,1.1473956548981454,1.0,22.44,-10.219434871993672,1453.4932296319234,0,1,0
3,1998,R,RS,SEA,WAS,AFC,NFC,West,East,0,0,H,1539.3452902299744,1473.5756979978746,0.6671239488081308,24,14,0,10,1.0,1,0.4047794200337766,0.9858789319939609,1.0,20.0,6.563509716708142,1545.9087999466824,1,0,0
3,1998,R,RS,WAS,SEA,NFC,AFC,East,West,0,0,A,1473.5756979978746,1539.3452902299744,0.33287605119186925,14,24,0,-10,0.0,1,0.4047794200337766,0.9858789319939609,1.0,20.0,-6.563509716708142,1467.0121882811666,0,1,0
3,1998,R,RS,DEN,OAK,AFC,AFC,West,West,1,1,A,1562.933460366007,1474.706204797727,0.5476726121735819,34,17,0,17,1.0,1,0.6020775936032835,1.3681788584301557,1.0,22.44,13.887325418896687,1576.8207857849036,1,0,0
3,1998,R,RS,OAK,DEN,AFC,AFC,West,West,1,1,H,1474.706204797727,1562.933460366007,0.4523273878264182,17,34,0,-17,0.0,1,0.6020775936032837,1.3681788584301557,1.0,22.44,-13.887325418896689,1460.8188793788304,0,1,0
3,1998,R,RS,JAX,BAL,AFC,AFC,Central,Central,1,1,H,1523.5407267255696,1496.458704433605,0.6159757992237642,24,10,0,14,1.0,1,0.4845476031947794,1.2588938021778773,1.0,22.44,10.8485211993045,1534.389247924874,1,0,0
3,1998,R,RS,BAL,JAX,AFC,AFC,Central,Central,1,1,A,1496.458704433605,1523.5407267255696,0.3840242007762357,10,24,0,-14,0.0,1,0.4845476031947794,1.2588938021778773,1.0,22.44,-10.848521199304498,1485.6101832343004,0,1,0
3,1998,R,RS,ARI,PHI,NFC,NFC,East,East,1,1,H,1446.0660126965108,1454.683434147807,0.5663561596620021,17,3,0,14,1.0,1,0.5685321413249864,1.277362457673844,1.0,22.44,12.429972915409596,1458.4959856119203,1,0,0
3,1998,R,RS,PHI,ARI,NFC,NFC,East,East,1,1,A,1454.683434147807,1446.0660126965108,0.43364384033799785,3,17,0,-14,0.0,1,0.5685321413249864,1.277362457673844,1.0,22.44,-12.429972915409596,1442.2534612323975,0,1,0
3,1998,R,RS,DAL,NYG,NFC,NFC,East,East,1,1,A,1501.0063123915431,1513.266520435283,0.40439613002109964,31,7,0,24,1.0,0,0.9053603615623729,1.8441271823664886,1.0,22.44,24.64740679019919,1525.6537191817424,1,0,0
3,1998,R,RS,NYG,DAL,NFC,NFC,East,East,1,1,H,1513.266520435283,1501.0063123915431,0.5956038699789004,7,31,0,-24,0.0,0,0.9053603615623729,1.8441271823664886,1.0,22.44,-24.64740679019919,1488.6191136450836,0,1,0
4,1998,R,RS,GB,CAR,NFC,NFC,Central,West,1,0,A,1573.343601122061,1480.477915631678,0.554278365816818,37,30,0,7,1.0,1,0.5900882530549911,0.7830981054144946,1.0,20.4,7.120492852330486,1580.4640939743915,1,0,0
4,1998,R,RS,CAR,GB,NFC,NFC,West,Central,1,0,H,1480.477915631678,1573.343601122061,0.4457216341831819,30,37,0,-7,0.0,1,0.5900882530549909,0.7830981054144946,1.0,20.4,-7.120492852330484,1473.3574227793474,0,1,0
4,1998,R,RS,NO,IND,NFC,AFC,West,East,0,0,A,1492.2568985906653,1431.3338021174786,0.5085231953281472,19,13,1,6,1.0,1,0.6762444493359344,0.5161353229235415,1.0,20.0,5.073370785774742,1497.3302693764401,1,0,0
4,1998,R,RS,IND,NO,AFC,NFC,East,West,0,0,H,1431.3338021174786,1492.2568985906653,0.49147680467185284,13,19,1,-6,0.0,1,0.6762444493359344,0.5161353229235415,1.0,20.0,-5.073370785774742,1426.2604313317038,0,1,0
4,1998,R,RS,ARI,STL,NFC,NFC,East,West,1,0,A,1458.4959856119203,1469.2974681264677,0.4064202675561572,20,17,0,3,1.0,0,0.9003675130062685,0.5542721264713584,1.0,20.4,6.711695890851753,1465.2076815027722,1,0,0
4,1998,R,RS,STL,ARI,NFC,NFC,West,East,1,0,H,1469.2974681264677,1458.4959856119203,0.5935797324438428,17,20,0,-3,0.0,0,0.9003675130062684,0.5542721264713584,1.0,20.4,-6.711695890851753,1462.5857722356159,0,1,0
4,1998,R,RS,OAK,DAL,AFC,NFC,West,East,0,0,A,1460.8188793788304,1525.6537191817424,0.3340720508566184,13,12,0,1,1.0,0,1.0963985881422933,0.38426031940194033,1.0,20.0,5.117793728730297,1465.9366731075606,1,0,0
4,1998,R,RS,DAL,OAK,NFC,AFC,East,West,0,0,H,1525.6537191817424,1460.8188793788304,0.6659279491433817,12,13,0,-1,0.0,0,1.0963985881422937,0.38426031940194033,1.0,20.0,-5.117793728730298,1520.5359254530122,0,1,0
4,1998,R,RS,DEN,WAS,AFC,NFC,West,East,0,0,A,1576.8207857849036,1467.0121882811666,0.5782280678133319,38,16,0,22,1.0,1,0.5477869071444436,1.6096185701094288,1.0,20.0,13.577838687971914,1590.3986244728756,1,0,0
4,1998,R,RS,WAS,DEN,NFC,AFC,East,West,0,0,H,1467.0121882811666,1576.8207857849036,0.42177193218666803,16,38,0,-22,0.0,1,0.5477869071444433,1.6096185701094288,1.0,20.0,-13.577838687971912,1453.4343495931946,0,1,0
4,1998,R,RS,JAX,TEN,AFC,AFC,Central,Central,1,1,A,1534.389247924874,1496.4725093619863,0.47543500385741494,27,22,0,5,1.0,0,0.7435250964397089,0.6830192621743842,1.0,22.44,8.039982644328218,1542.4292305692022,1,0,0
4,1998,R,RS,TEN,JAX,AFC,AFC,Central,Central,1,1,H,1496.4725093619863,1534.389247924874,0.524564996142585,22,27,0,-5,0.0,0,0.7435250964397088,0.6830192621743842,1.0,22.44,-8.039982644328218,1488.4325267176582,0,1,0
4,1998,R,RS,KC,PHI,AFC,NFC,West,East,0,0,A,1545.0608596923505,1442.2534612323975,0.568369419129646,24,21,0,3,1.0,1,0.5649836858785343,0.5165754708076921,1.0,20.0,4.459395410562014,1549.5202551029124,1,0,0
4,1998,R,RS,PHI,KC,NFC,AFC,East,West,0,0,H,1442.2534612323975,1545.0608596923505,0.431630580870354,21,24,0,-3,0.0,1,0.5649836858785343,0.5165754708076921,1.0,20.0,-4.459395410562014,1437.7940658218356,0,1,0
4,1998,R,RS,PIT,SEA,AFC,AFC,Central,West,1,0,H,1515.9143318311396,1545.9087999466824,0.5359238468803222,13,10,0,3,1.0,1,0.6237632047210044,0.5459610460664096,1.0,20.4,5.168697041038568,1521.0830288721781,1,0,0
4,1998,R,RS,SEA,PIT,AFC,AFC,West,Central,1,0,A,1545.9087999466824,1515.9143318311396,0.4640761531196778,10,13,0,-3,0.0,1,0.6237632047210044,0.5459610460664096,1.0,20.4,-5.168697041038569,1540.7401029056439,0,1,0
4,1998,R,RS,SF,ATL,NFC,NFC,West,West,1,1,H,1555.100739982536,1502.7781796785093,0.6497176450826117,31,20,0,11,1.0,1,0.4312174026486667,1.0568968759758859,1.0,22.44,8.307564609390147,1563.408304591926,1,0,0
4,1998,R,RS,ATL,SF,NFC,NFC,West,West,1,1,A,1502.7781796785093,1555.100739982536,0.3502823549173884,20,31,0,-11,0.0,1,0.4312174026486667,1.0568968759758859,1.0,22.44,-8.307564609390147,1494.4706150691193,0,1,0
4,1998,R,RS,MIN,CHI,NFC,NFC,Central,Central,1,1,A,1539.0186691564606,1453.4932296319234,0.5438169520240446,31,28,0,3,1.0,1,0.6091425739999766,0.5232600578693357,1.0,22.44,5.356481139780465,1544.3751502962411,1,0,0
4,1998,R,RS,CHI,MIN,NFC,NFC,Central,Central,1,1,H,1453.4932296319234,1539.0186691564606,0.45618304797595544,28,31,0,-3,0.0,1,0.6091425739999766,0.5232600578693357,1.0,22.44,-5.356481139780465,1448.136748492143,0,1,0
4,1998,R,RS,NYG,SD,NFC,AFC,East,West,0,0,A,1488.6191136450836,1472.5278589255443,0.4442387278402343,34,16,0,18,1.0,0,0.8113931857296497,1.5036929944933564,1.0,20.0,16.713886631147105,1505.3330002762307,1,0,0
4,1998,R,RS,SD,NYG,AFC,NFC,West,East,0,0,H,1472.5278589255443,1488.6191136450836,0.5557612721597656,16,34,0,-18,0.0,0,0.8113931857296495,1.5036929944933564,1.0,20.0,-16.7138866311471,1455.8139722943972,0,1,0
4,1998,R,RS,BAL,CIN,AFC,AFC,Central,Central,1,1,H,1485.6101832343004,1480.9193403893237,0.5850667094442683,31,24,0,7,1.0,1,0.5360294050135105,0.8381312258159084,1.0,22.44,7.803926204672619,1493.414109438973,1,0,0
4,1998,R,RS,CIN,BAL,AFC,AFC,Central,Central,1,1,A,1480.9193403893237,1485.6101832343004,0.41493329055573164,24,31,0,-7,0.0,1,0.5360294050135105,0.8381312258159084,1.0,22.44,-7.803926204672618,1473.1154141846512,0,1,0
4,1998,R,RS,DET,TB,NFC,NFC,Central,Central,1,1,H,1473.4175458855384,1491.6089392457975,0.5527745423844552,27,6,0,21,1.0,1,0.5928050597156368,1.6704479254385154,1.0,22.44,16.764179841963863,1490.1817257275022,1,0,0
4,1998,R,RS,TB,DET,NFC,NFC,Central,Central,1,1,A,1491.6089392457975,1473.4175458855384,0.4472254576155448,6,27,0,-21,0.0,1,0.5928050597156368,1.6704479254385154,1.0,22.44,-16.764179841963863,1474.8447594038337,0,1,0
5,1998,R,RS,ATL,CAR,NFC,NFC,West,West,1,1,H,1494.4706150691193,1473.3574227793474,0.6078163975388847,51,23,0,28,1.0,1,0.4978824203525241,2.045285213461139,1.0,22.44,17.999737129817376,1512.4703521989366,1,0,0
5,1998,R,RS,CAR,ATL,NFC,NFC,West,West,1,1,A,1473.3574227793474,1494.4706150691193,0.3921836024611153,23,51,0,-28,0.0,1,0.4978824203525241,2.045285213461139,1.0,22.44,-17.999737129817376,1455.3576856495301,0,1,0
5,1998,R,RS,BUF,SF,AFC,NFC,East,West,0,0,H,1467.3312571848585,1563.408304591926,0.441159283261582,26,21,0,5,1.0,0,0.8183492822132458,0.6535078673317881,1.0,20.0,7.304136099477828,1474.6353932843363,1,0,0
5,1998,R,RS,SF,BUF,NFC,AFC,West,East,0,0,A,1563.408304591926,1467.3312571848585,0.5588407167384181,21,26,0,-5,0.0,0,0.8183492822132459,0.6535078673317881,1.0,20.0,-7.304136099477829,1556.1041684924483,0,1,0
5,1998,R,RS,NYJ,MIA,AFC,AFC,East,East,1,1,H,1502.9734302013135,1533.5986489600416,0.5350206926758627,20,9,0,11,1.0,1,0.6254498549352924,1.0748036391414864,1.0,22.44,11.214646974744834,1514.1880771760584,1,0,0
5,1998,R,RS,MIA,NYJ,AFC,AFC,East,East,1,1,A,1533.5986489600416,1502.9734302013135,0.4649793073241373,9,20,0,-11,0.0,1,0.6254498549352924,1.0748036391414864,1.0,22.44,-11.214646974744834,1522.3840019852967,0,1,0
5,1998,R,RS,NE,NO,AFC,NFC,East,West,0,0,A,1538.050331482849,1497.3302693764401,0.4794610815130533,30,27,0,3,1.0,0,0.7350925526804093,0.5414242323243341,1.0,20.0,5.636647686734685,1543.6869791695838,1,0,0
5,1998,R,RS,NO,NE,NFC,AFC,West,East,0,0,H,1497.3302693764401,1538.050331482849,0.5205389184869468,27,30,0,-3,0.0,0,0.7350925526804094,0.5414242323243341,1.0,20.0,-5.636647686734686,1491.6936216897054,0,1,0
5,1998,R,RS,CHI,DET,NFC,NFC,Central,Central,1,1,H,1448.136748492143,1490.1817257275022,0.5186351407081963,31,27,0,4,1.0,1,0.6565546474555325,0.6118564597692703,1.0,22.44,6.609167898011542,1454.7459163901544,1,0,0
5,1998,R,RS,DET,CHI,NFC,NFC,Central,Central,1,1,A,1490.1817257275022,1448.136748492143,0.4813648592918037,27,31,0,-4,0.0,1,0.6565546474555325,0.6118564597692703,1.0,22.44,-6.609167898011542,1483.5725578294907,0,1,0
5,1998,R,RS,IND,SD,AFC,AFC,East,West,1,0,H,1426.2604313317038,1455.8139722943972,0.5365550585875469,17,12,0,5,1.0,1,0.6225860966643525,0.6874834951051967,1.0,20.4,6.499659261465549,1432.7600905931693,1,0,0
5,1998,R,RS,SD,IND,AFC,AFC,West,East,1,0,A,1455.8139722943972,1426.2604313317038,0.46344494141245307,12,17,0,-5,0.0,1,0.6225860966643525,0.6874834951051967,1.0,20.4,-6.499659261465549,1449.3143130329318,0,1,0
5,1998,R,RS,DAL,WAS,NFC,NFC,East,East,1,1,A,1520.5359254530122,1453.4343495931946,0.5174085281245983,31,10,0,21,1.0,1,0.6589225267131693,1.6084163294047238,1.0,22.44,17.418107605179024,1537.9540330581913,1,0,0
5,1998,R,RS,WAS,DAL,NFC,NFC,East,East,1,1,H,1453.4343495931946,1520.5359254530122,0.48259147187540175,10,31,0,-21,0.0,1,0.6589225267131693,1.6084163294047238,1.0,22.44,-17.418107605179024,1436.0162419880155,0,1,0
5,1998,R,RS,OAK,ARI,AFC,NFC,West,East,0,0,A,1465.9366731075606,1465.2076815027722,0.4225268293707879,23,20,0,3,1.0,0,0.861502332731721,0.5587358440255923,1.0,20.0,6.453099187872954,1472.3897722954337,1,0,0
5,1998,R,RS,ARI,OAK,NFC,AFC,East,West,0,0,H,1465.2076815027722,1465.9366731075606,0.5774731706292121,20,23,0,-3,0.0,0,0.861502332731721,0.5587358440255923,1.0,20.0,-6.453099187872954,1458.7545823148992,0,1,0
5,1998,R,RS,DEN,PHI,AFC,NFC,West,East,0,0,H,1590.3986244728756,1437.7940658218356,0.7676462294451717,41,16,0,25,1.0,1,0.26442629070434875,1.7085981374869132,1.0,20.0,7.939984392160825,1598.3386088650363,1,0,0
5,1998,R,RS,PHI,DEN,NFC,AFC,East,West,0,0,A,1437.7940658218356,1590.3986244728756,0.23235377055482823,16,41,0,-25,0.0,1,0.2644262907043486,1.7085981374869132,1.0,20.0,-7.939984392160821,1429.8540814296748,0,1,0
5,1998,R,RS,TB,NYG,NFC,NFC,Central,East,1,0,H,1474.8447594038337,1505.3330002762307,0.5352168472086271,20,3,0,17,1.0,1,0.6250832923215721,1.4298719663338055,1.0,20.4,13.55744017225277,1488.4021995760866,1,0,0
5,1998,R,RS,NYG,TB,NFC,NFC,East,Central,1,0,A,1505.3330002762307,1474.8447594038337,0.46478315279137283,3,20,0,-17,0.0,1,0.625083292321572,1.4298719663338055,1.0,20.4,-13.557440172252766,1491.775560103978,0,1,0
5,1998,R,RS,KC,SEA,AFC,AFC,West,West,1,1,H,1549.5202551029124,1540.7401029056439,0.5907696720771184,17,6,0,11,1.0,1,0.526329063296696,1.0934559486782713,1.0,22.44,10.041346549866969,1559.5616016527795,1,0,0
5,1998,R,RS,SEA,KC,AFC,AFC,West,West,1,1,A,1540.7401029056439,1549.5202551029124,0.4092303279228816,6,17,0,-11,0.0,1,0.526329063296696,1.0934559486782713,1.0,22.44,-10.041346549866969,1530.6987563557768,0,1,0
5,1998,R,RS,MIN,GB,NFC,NFC,Central,Central,1,1,A,1544.3751502962411,1580.4640939743915,0.3718355964769271,37,24,0,13,1.0,0,0.9893034673499413,1.1908957107448728,1.0,22.44,16.786876912832483,1561.1620272090736,1,0,0
5,1998,R,RS,GB,MIN,NFC,NFC,Central,Central,1,1,H,1580.4640939743915,1544.3751502962411,0.6281644035230729,24,37,0,-13,0.0,0,0.9893034673499413,1.1908957107448728,1.0,22.44,-16.786876912832483,1563.677217061559,0,1,0
6,1998,R,RS,BUF,IND,AFC,AFC,East,East,1,1,A,1474.6353932843363,1432.7600905931693,0.4811210216376662,31,24,0,7,1.0,0,0.7316364362871013,0.8140070267950991,1.0,22.44,9.47800825690545,1484.1134015412417,1,0,0
6,1998,R,RS,IND,BUF,AFC,AFC,East,East,1,1,H,1432.7600905931693,1474.6353932843363,0.5188789783623338,24,31,0,-7,0.0,0,0.7316364362871012,0.8140070267950991,1.0,22.44,-9.47800825690545,1423.2820823362638,0,1,0
6,1998,R,RS,DAL,CAR,NFC,NFC,East,West,1,0,H,1537.9540330581913,1455.3576856495301,0.6882752504886216,27,20,0,7,1.0,1,0.37356644767218683,0.7891328654611476,1.0,20.4,5.018241794268279,1542.9722748524596,1,0,0
6,1998,R,RS,CAR,DAL,NFC,NFC,West,East,1,0,A,1455.3576856495301,1537.9540330581913,0.3117247495113783,20,27,0,-7,0.0,1,0.37356644767218666,0.7891328654611476,1.0,20.4,-5.0182417942682775,1450.3394438552618,0,1,0
6,1998,R,RS,CIN,PIT,AFC,AFC,Central,Central,1,1,H,1473.1154141846512,1521.0830288721781,0.5101190341373258,25,20,0,5,1.0,1,0.6731111802281046,0.6777302688919826,1.0,22.44,7.450240641658272,1480.5656548263094,1,0,0
6,1998,R,RS,PIT,CIN,AFC,AFC,Central,Central,1,1,A,1521.0830288721781,1473.1154141846512,0.48988096586267404,20,25,0,-5,0.0,1,0.6731111802281043,0.6777302688919826,1.0,22.44,-7.4502406416582705,1513.63278823052,0,1,0
6,1998,R,RS,SF,NO,NFC,NFC,West,West,1,1,A,1556.1041684924483,1491.6936216897054,0.5135395546138931,31,0,0,31,1.0,1,0.6664282231470459,2.1296137786714895,1.0,22.44,23.247231141604388,1579.3513996340525,1,0,0
6,1998,R,RS,NO,SF,NFC,NFC,West,West,1,1,H,1491.6936216897054,1556.1041684924483,0.48646044538610694,0,31,0,-31,0.0,1,0.6664282231470461,2.1296137786714895,1.0,22.44,-23.24723114160439,1468.4463905481011,0,1,0
6,1998,R,RS,TEN,BAL,AFC,AFC,Central,Central,1,1,A,1488.4325267176582,1493.414109438973,0.4145270511590929,12,8,0,4,1.0,0,0.8806170443912917,0.6299264280194984,1.0,22.44,8.275981582719469,1496.7085083003776,1,0,0
6,1998,R,RS,BAL,TEN,AFC,AFC,Central,Central,1,1,H,1493.414109438973,1488.4325267176582,0.5854729488409071,8,12,0,-4,0.0,0,0.8806170443912916,0.6299264280194984,1.0,22.44,-8.275981582719467,1485.1381278562535,0,1,0
6,1998,R,RS,NE,KC,AFC,AFC,East,West,1,0,H,1543.6869791695838,1559.5616016527795,0.5560691321297868,40,10,0,30,1.0,1,0.5868626540980023,2.15908235439792,1.0,20.4,19.55305938917909,1563.2400385587628,1,0,0
6,1998,R,RS,KC,NE,AFC,AFC,West,East,1,0,A,1559.5616016527795,1543.6869791695838,0.4439308678702133,10,40,0,-30,0.0,1,0.5868626540980025,2.15908235439792,1.0,20.4,-19.553059389179094,1540.0085422636005,0,1,0
6,1998,R,RS,PHI,WAS,NFC,NFC,East,East,1,1,H,1429.8540814296748,1436.0162419880155,0.5698240217508727,17,12,0,5,1.0,1,0.562427699592022,0.7002853358711785,1.0,22.44,6.759958656003101,1436.614040085678,1,0,0
6,1998,R,RS,WAS,PHI,NFC,NFC,East,East,1,1,A,1436.0162419880155,1429.8540814296748,0.4301759782491274,12,17,0,-5,0.0,1,0.5624276995920222,0.7002853358711785,1.0,22.44,-6.759958656003102,1429.2562833320123,0,1,0
6,1998,R,RS,ARI,CHI,NFC,NFC,East,Central,1,0,H,1458.7545823148992,1454.7459163901544,0.584113077195356,20,7,0,13,1.0,1,0.537660689562362,1.221361421400757,1.0,20.4,10.362144160844805,1469.116726475744,1,0,0
6,1998,R,RS,CHI,ARI,NFC,NFC,Central,East,1,0,A,1454.7459163901544,1458.7545823148992,0.41588692280464407,7,20,0,-13,0.0,1,0.537660689562362,1.221361421400757,1.0,20.4,-10.362144160844805,1444.3837722293097,0,1,0
6,1998,R,RS,STL,NYJ,NFC,AFC,West,East,0,0,H,1462.5857722356159,1514.1880771760584,0.504889520376708,30,10,0,20,1.0,1,0.6834156451720308,1.5730868818105403,1.0,20.0,15.57703601084651,1478.1628082464624,1,0,0
6,1998,R,RS,NYJ,STL,AFC,NFC,East,West,0,0,A,1514.1880771760584,1462.5857722356159,0.4951104796232921,10,30,0,-20,0.0,1,0.683415645172031,1.5730868818105403,1.0,20.0,-15.577036010846511,1498.6110411652119,0,1,0
6,1998,R,RS,DEN,SEA,AFC,AFC,West,West,1,1,A,1598.3386088650363,1530.6987563557768,0.5181821890984986,21,16,0,5,1.0,1,0.6574283821540022,0.6676118203620296,1.0,22.44,7.218213444973862,1605.5568223100101,1,0,0
6,1998,R,RS,SEA,DEN,AFC,AFC,West,West,1,1,H,1530.6987563557768,1598.3386088650363,0.48181781090150144,16,21,0,-5,0.0,1,0.6574283821540022,0.6676118203620296,1.0,22.44,-7.218213444973862,1523.480542910803,0,1,0
6,1998,R,RS,OAK,SD,AFC,AFC,West,West,1,1,H,1472.3897722954337,1449.3143130329318,0.6105057172413593,7,6,0,1,1.0,1,0.49346762062451627,0.39686481412197916,1.0,22.44,3.4686983683253705,1475.8584706637591,1,0,0
6,1998,R,RS,SD,OAK,AFC,AFC,West,West,1,1,A,1449.3143130329318,1472.3897722954337,0.3894942827586408,6,7,0,-1,0.0,1,0.49346762062451627,0.39686481412197916,1.0,22.44,-3.468698368325371,1445.8456146646063,0,1,0
6,1998,R,RS,ATL,NYG,NFC,NFC,West,East,1,0,A,1512.4703521989366,1491.775560103978,0.45079065164174104,34,20,0,14,1.0,0,0.7967522342947545,1.2652217139298705,1.0,20.4,14.17538049793733,1526.645732696874,1,0,0
6,1998,R,RS,NYG,ATL,NFC,NFC,East,West,1,0,H,1491.775560103978,1512.4703521989366,0.549209348358259,20,34,0,-14,0.0,0,0.7967522342947545,1.2652217139298705,1.0,20.4,-14.17538049793733,1477.6001796060407,0,1,0
6,1998,R,RS,JAX,MIA,AFC,AFC,Central,East,1,0,H,1542.4292305692022,1522.3840019852967,0.6063499699541617,28,21,0,7,1.0,1,0.5002979514313096,0.8279985235692587,1.0,20.4,6.649209531091349,1549.0784401002936,1,0,0
6,1998,R,RS,MIA,JAX,AFC,AFC,East,Central,1,0,A,1522.3840019852967,1542.4292305692022,0.3936500300458382,21,28,0,-7,0.0,1,0.5002979514313094,0.8279985235692587,1.0,20.4,-6.649209531091347,1515.7347924542053,0,1,0
7,1998,R,RS,DET,GB,NFC,NFC,Central,Central,1,1,H,1483.5725578294907,1563.677217061559,0.46393423671392064,27,20,0,7,1.0,0,0.7680124680206989,0.7906111499081515,1.0,22.44,9.510511140432678,1493.0830689699235,1,0,0
7,1998,R,RS,GB,DET,NFC,NFC,Central,Central,1,1,A,1563.677217061559,1483.5725578294907,0.5360657632860795,20,27,0,-7,0.0,0,0.7680124680206991,0.7906111499081515,1.0,22.44,-9.51051114043268,1554.1667059211263,0,1,0
7,1998,R,RS,ATL,NO,NFC,NFC,West,West,1,1,H,1526.645732696874,1468.4463905481011,0.657377188617112,31,23,0,8,1.0,1,0.41949731774999144,0.8675389277622677,1.0,22.44,6.670034776730257,1533.3157674736042,1,0,0
7,1998,R,RS,NO,ATL,NFC,NFC,West,West,1,1,A,1468.4463905481011,1526.645732696874,0.34262281138288797,23,31,0,-8,0.0,1,0.41949731774999144,0.8675389277622677,1.0,22.44,-6.670034776730257,1461.7763557713708,0,1,0
7,1998,R,RS,BUF,JAX,AFC,AFC,East,Central,1,0,H,1484.1134015412417,1549.0784401002936,0.48566308787953794,17,16,0,1,1.0,0,0.7222401302957718,0.3842222725990574,1.0,20.4,4.031441824032714,1488.1448433652745,1,0,0
7,1998,R,RS,JAX,BUF,AFC,AFC,Central,East,1,0,A,1549.0784401002936,1484.1134015412417,0.5143369121204621,16,17,0,-1,0.0,0,0.7222401302957718,0.3842222725990574,1.0,20.4,-4.031441824032714,1545.0469982762609,0,1,0
7,1998,R,RS,TB,CAR,NFC,NFC,Central,West,1,0,H,1488.4021995760866,1450.3394438552618,0.6308144234573752,16,13,0,3,1.0,1,0.4607435588132299,0.542541204353434,1.0,20.4,4.086087101477992,1492.4882866775645,1,0,0
7,1998,R,RS,CAR,TB,NFC,NFC,West,Central,1,0,A,1450.3394438552618,1488.4021995760866,0.36918557654262485,13,16,0,-3,0.0,1,0.4607435588132299,0.542541204353434,1.0,20.4,-4.086087101477992,1446.253356753784,0,1,0
7,1998,R,RS,TEN,CIN,AFC,AFC,Central,Central,1,1,H,1496.7085083003776,1480.5656548263094,0.600975460409897,44,14,0,30,1.0,1,0.5092011765452786,2.1586249551418195,1.0,22.44,19.328566739913963,1516.0370750402915,1,0,0
7,1998,R,RS,CIN,TEN,AFC,AFC,Central,Central,1,1,A,1480.5656548263094,1496.7085083003776,0.39902453959010287,14,44,0,-30,0.0,1,0.5092011765452785,2.1586249551418195,1.0,22.44,-19.328566739913956,1461.2370880863955,0,1,0
7,1998,R,RS,MIN,WAS,NFC,NFC,Central,East,1,0,H,1561.1620272090736,1429.2562833320123,0.7457203368735139,41,7,0,34,1.0,1,0.2934046326123485,2.1673632586655573,1.0,20.4,11.2427745454385,1572.4048017545122,1,0,0
7,1998,R,RS,WAS,MIN,NFC,NFC,East,Central,1,0,A,1429.2562833320123,1561.1620272090736,0.2542796631264861,7,41,0,-34,0.0,1,0.2934046326123485,2.1673632586655573,1.0,20.4,-11.2427745454385,1418.0135087865738,0,1,0
7,1998,R,RS,PIT,BAL,AFC,AFC,Central,Central,1,1,H,1513.63278823052,1485.1381278562535,0.6178975500368616,16,6,0,10,1.0,1,0.4814326119062946,1.014622556155356,1.0,22.44,8.699758315263837,1522.3325465457838,1,0,0
7,1998,R,RS,BAL,PIT,AFC,AFC,Central,Central,1,1,A,1485.1381278562535,1513.63278823052,0.38210244996313836,6,16,0,-10,0.0,1,0.4814326119062946,1.014622556155356,1.0,22.44,-8.699758315263837,1476.4383695409897,0,1,0
7,1998,R,RS,NYG,ARI,NFC,NFC,East,East,1,1,H,1477.6001796060407,1469.116726475744,0.5903566957955378,34,7,0,27,1.0,1,0.5270283556156939,2.012325560786211,1.0,22.44,18.498092925238783,1496.0982725312795,1,0,0
7,1998,R,RS,ARI,NYG,NFC,NFC,East,East,1,1,A,1469.116726475744,1477.6001796060407,0.4096433042044621,7,34,0,-27,0.0,1,0.5270283556156938,2.012325560786211,1.0,22.44,-18.49809292523878,1450.6186335505051,0,1,0
7,1998,R,RS,SF,IND,NFC,AFC,West,East,0,0,H,1579.3513996340525,1423.2820823362638,0.7711846793555749,34,31,0,3,1.0,1,0.2598274018639741,0.4970075871612068,1.0,20.0,2.274459008380072,1581.6258586424326,1,0,0
7,1998,R,RS,IND,SF,AFC,NFC,East,West,0,0,A,1423.2820823362638,1579.3513996340525,0.22881532064442517,31,34,0,-3,0.0,1,0.25982740186397424,0.4970075871612068,1.0,20.0,-2.2744590083800724,1421.0076233278837,0,1,0
7,1998,R,RS,MIA,STL,AFC,NFC,East,West,0,0,H,1515.7347924542053,1478.1628082464624,0.6301562480900059,14,0,0,14,1.0,1,0.46178747750537996,1.2486374839270722,1.0,20.0,9.236015436620866,1524.970807890826,1,0,0
7,1998,R,RS,STL,MIA,NFC,AFC,West,East,0,0,A,1478.1628082464624,1515.7347924542053,0.3698437519099941,0,14,0,-14,0.0,1,0.46178747750537996,1.2486374839270722,1.0,20.0,-9.236015436620866,1468.9267928098416,0,1,0
7,1998,R,RS,CHI,DAL,NFC,NFC,Central,East,1,0,H,1444.3837722293097,1542.9722748524596,0.43759815382843015,13,12,0,1,1.0,0,0.826454246739686,0.3746427131187327,1.0,20.4,4.298274971659102,1448.6820472009688,1,0,0
7,1998,R,RS,DAL,CHI,NFC,NFC,East,Central,1,0,A,1542.9722748524596,1444.3837722293097,0.5624018461715699,12,13,0,-1,0.0,0,0.826454246739686,0.3746427131187327,1.0,20.4,-4.298274971659102,1538.6739998808005,0,1,0
7,1998,R,RS,SD,PHI,AFC,NFC,West,East,0,0,H,1445.8456146646063,1436.614040085678,0.5913977624228529,13,10,0,3,1.0,1,0.5252664550966991,0.554963148065326,1.0,20.0,4.535183681446996,1450.3807983460533,1,0,0
7,1998,R,RS,PHI,SD,NFC,AFC,East,West,0,0,A,1436.614040085678,1445.8456146646063,0.4086022375771471,10,13,0,-3,0.0,1,0.5252664550966991,0.554963148065326,1.0,20.0,-4.535183681446996,1432.078856404231,0,1,0
7,1998,R,RS,NYJ,NE,AFC,AFC,East,East,1,1,A,1498.6110411652119,1563.2400385587628,0.33433571027212433,24,14,0,10,1.0,0,1.0956096702256741,0.9867342975940624,1.0,22.44,14.739350143435448,1513.3503913086474,1,0,0
7,1998,R,RS,NE,NYJ,AFC,AFC,East,East,1,1,H,1563.2400385587628,1498.6110411652119,0.6656642897278756,14,24,0,-10,0.0,0,1.0956096702256741,0.9867342975940624,1.0,22.44,-14.739350143435447,1548.5006884153272,0,1,0
8,1998,R,RS,NYJ,ATL,AFC,NFC,East,West,0,0,H,1513.3503913086474,1533.3157674736042,0.5502486782055974,28,3,0,25,1.0,1,0.5973849607491056,1.8870495066398876,1.0,20.0,16.97406019805529,1530.3244515067026,1,0,0
8,1998,R,RS,ATL,NYJ,NFC,AFC,West,East,0,0,A,1533.3157674736042,1513.3503913086474,0.4497513217944025,3,28,0,-25,0.0,1,0.5973849607491054,1.8870495066398876,1.0,20.0,-16.97406019805529,1516.341707275549,0,1,0
8,1998,R,RS,MIN,DET,NFC,NFC,Central,Central,1,1,A,1572.4048017545122,1493.0830689699235,0.5349447235205371,34,13,0,21,1.0,1,0.6255918579464239,1.59363051836971,1.0,22.44,16.630873752967453,1589.0356755074797,1,0,0
8,1998,R,RS,DET,MIN,NFC,NFC,Central,Central,1,1,H,1493.0830689699235,1572.4048017545122,0.46505527647946293,13,34,0,-21,0.0,1,0.6255918579464239,1.59363051836971,1.0,22.44,-16.630873752967453,1476.452195216956,0,1,0
8,1998,R,RS,GB,BAL,NFC,AFC,Central,Central,0,0,H,1554.1667059211263,1476.4383695409897,0.6822314586151712,28,10,0,18,1.0,1,0.38238629658208245,1.4338871122548686,1.0,20.0,9.112884323434677,1563.279590244561,1,0,0
8,1998,R,RS,BAL,GB,AFC,NFC,Central,Central,0,0,A,1476.4383695409897,1554.1667059211263,0.3177685413848288,10,28,0,-18,0.0,1,0.38238629658208245,1.4338871122548686,1.0,20.0,-9.112884323434677,1467.325485217555,0,1,0
8,1998,R,RS,MIA,NE,AFC,AFC,East,East,1,1,H,1524.970807890826,1548.5006884153272,0.5451656904772222,12,9,1,3,1.0,1,0.606665511299112,0.3841126860240122,1.0,22.44,3.9204391796505003,1528.8912470704765,1,0,0
8,1998,R,RS,NE,MIA,AFC,AFC,East,East,1,1,A,1548.5006884153272,1524.970807890826,0.4548343095227778,9,12,1,-3,0.0,1,0.606665511299112,0.3841126860240122,1.0,22.44,-3.9204391796505003,1544.5802492356768,0,1,0
8,1998,R,RS,NO,TB,NFC,NFC,West,Central,1,0,H,1461.7763557713708,1492.4882866775645,0.5348965138847757,9,3,0,6,1.0,1,0.6256819827875845,0.7547294587799698,1.0,20.4,7.160956967989377,1468.9373127393603,1,0,0
8,1998,R,RS,TB,NO,NFC,NFC,Central,West,1,0,A,1492.4882866775645,1461.7763557713708,0.46510348611522434,3,9,0,-6,0.0,1,0.6256819827875845,0.7547294587799698,1.0,20.4,-7.160956967989377,1485.327329709575,0,1,0
8,1998,R,RS,SF,STL,NFC,NFC,West,West,1,1,A,1581.6258586424326,1468.9267928098416,0.5822805939868578,28,10,0,18,1.0,1,0.5408028271809939,1.3970894952862323,1.0,22.44,13.095790884011635,1594.7216495264443,1,0,0
8,1998,R,RS,STL,SF,NFC,NFC,West,West,1,1,H,1468.9267928098416,1581.6258586424326,0.41771940601314217,10,28,0,-18,0.0,1,0.5408028271809939,1.3970894952862323,1.0,22.44,-13.095790884011635,1455.83100192583,0,1,0
8,1998,R,RS,CHI,TEN,NFC,AFC,Central,Central,0,0,A,1448.6820472009688,1516.0370750402915,0.33085243348124166,23,20,0,3,1.0,0,1.1060828233108533,0.5304774369880911,1.0,20.0,7.099353721073783,1455.7814009220426,1,0,0
8,1998,R,RS,TEN,CHI,AFC,NFC,Central,Central,0,0,H,1516.0370750402915,1448.6820472009688,0.6691475665187584,20,23,0,-3,0.0,0,1.1060828233108535,0.5304774369880911,1.0,20.0,-7.0993537210737845,1508.9377213192176,0,1,0
8,1998,R,RS,OAK,CIN,AFC,AFC,West,Central,1,0,H,1475.8584706637591,1461.2370880863955,0.5988733420749274,27,10,0,17,1.0,1,0.5127051521818857,1.4478121784656142,1.0,20.4,11.847423633203064,1487.7058942969622,1,0,0
8,1998,R,RS,CIN,OAK,AFC,AFC,Central,West,1,0,A,1461.2370880863955,1475.8584706637591,0.4011266579250725,10,27,0,-17,0.0,1,0.5127051521818856,1.4478121784656142,1.0,20.4,-11.84742363320306,1449.3896644531924,0,1,0
8,1998,R,RS,DEN,JAX,AFC,AFC,West,Central,1,0,H,1605.5568223100101,1545.0469982762609,0.6603665243114225,37,24,0,13,1.0,1,0.4149602582399918,1.1687037964724716,1.0,20.4,8.09739102190618,1613.6542133319163,1,0,0
8,1998,R,RS,JAX,DEN,AFC,AFC,Central,West,1,0,A,1545.0469982762609,1605.5568223100101,0.3396334756885774,24,37,0,-13,0.0,1,0.4149602582399916,1.1687037964724716,1.0,20.4,-8.097391021906176,1536.9496072543548,0,1,0
8,1998,R,RS,SEA,SD,AFC,AFC,West,West,1,1,A,1523.480542910803,1450.3807983460533,0.5260240881313628,27,20,0,7,1.0,1,0.6424082723664376,0.7947968990649236,1.0,22.44,8.453475287055824,1531.934018197859,1,0,0
8,1998,R,RS,SD,SEA,AFC,AFC,West,West,1,1,H,1450.3807983460533,1523.480542910803,0.47397591186863725,20,27,0,-7,0.0,1,0.6424082723664378,0.7947968990649236,1.0,22.44,-8.453475287055824,1441.9273230589974,0,1,0
8,1998,R,RS,BUF,CAR,AFC,NFC,East,West,0,0,A,1488.1448433652745,1446.253356753784,0.48114427900764783,30,14,0,16,1.0,0,0.7315880974974336,1.3602714847455297,1.0,20.0,14.115692839259584,1502.260536204534,1,0,0
8,1998,R,RS,CAR,BUF,NFC,AFC,West,East,0,0,H,1446.253356753784,1488.1448433652745,0.5188557209923522,14,30,0,-16,0.0,0,0.7315880974974337,1.3602714847455297,1.0,20.0,-14.115692839259586,1432.1376639145244,0,1,0
8,1998,R,RS,PIT,KC,AFC,AFC,Central,West,1,0,A,1522.3325465457838,1540.0085422636005,0.39691005354535047,20,13,0,7,1.0,0,0.92404558934171,0.8295460178199505,1.0,20.4,10.205933614761515,1532.5384801605453,1,0,0
8,1998,R,RS,KC,PIT,AFC,AFC,West,Central,1,0,H,1540.0085422636005,1522.3325465457838,0.6030899464546494,13,20,0,-7,0.0,0,0.9240455893417097,0.8295460178199505,1.0,20.4,-10.205933614761513,1529.802608648839,0,1,0
9,1998,R,RS,ATL,STL,NFC,NFC,West,West,1,1,H,1516.341707275549,1455.83100192583,0.6603676621548967,37,15,0,22,1.0,1,0.41495853519308973,1.6701680966065693,1.0,22.44,12.72893505729321,1529.0706423328422,1,0,0
9,1998,R,RS,STL,ATL,NFC,NFC,West,West,1,1,A,1455.83100192583,1516.341707275549,0.3396323378451034,15,37,0,-22,0.0,1,0.4149585351930899,1.6701680966065693,1.0,22.44,-12.728935057293215,1443.1020668685367,0,1,0
9,1998,R,RS,BUF,MIA,AFC,AFC,East,East,1,1,H,1502.260536204534,1528.8912470704765,0.5407361959985941,30,24,0,6,1.0,1,0.6148237419854918,0.7571422293375974,1.0,22.44,7.803016778128081,1510.063552982662,1,0,0
9,1998,R,RS,MIA,BUF,AFC,AFC,East,East,1,1,A,1528.8912470704765,1502.260536204534,0.4592638040014058,24,30,0,-6,0.0,1,0.6148237419854918,0.7571422293375974,1.0,22.44,-7.80301677812808,1521.0882302923485,0,1,0
9,1998,R,RS,CAR,NO,NFC,NFC,West,West,1,1,H,1432.1376639145244,1468.9373127393603,0.5261684782788375,31,17,0,14,1.0,1,0.6421338166194754,1.2493869144309906,1.0,22.44,13.284455380702243,1445.4221192952266,1,0,0
9,1998,R,RS,NO,CAR,NFC,NFC,West,West,1,1,A,1468.9373127393603,1432.1376639145244,0.4738315217211625,17,31,0,-14,0.0,1,0.6421338166194754,1.2493869144309906,1.0,22.44,-13.284455380702243,1455.6528573586581,0,1,0
9,1998,R,RS,DEN,CIN,AFC,AFC,West,Central,1,0,A,1613.6542133319163,1449.3896644531924,0.6522575327402432,33,26,0,7,1.0,1,0.4273158061776468,0.7435635539103314,1.0,20.4,5.274799945944721,1618.929013277861,1,0,0
9,1998,R,RS,CIN,DEN,AFC,AFC,Central,West,1,0,H,1449.3896644531924,1613.6542133319163,0.3477424672597567,26,33,0,-7,0.0,1,0.42731580617764664,0.7435635539103314,1.0,20.4,-5.27479994594472,1444.1148645072476,0,1,0
9,1998,R,RS,NE,IND,AFC,AFC,East,East,1,1,A,1544.5802492356768,1421.0076233278837,0.5974222167129091,21,16,0,5,1.0,1,0.5151311848844086,0.6404262315098835,1.0,22.44,5.7855116020450605,1550.3657608377218,1,0,0
9,1998,R,RS,IND,NE,AFC,AFC,East,East,1,1,H,1421.0076233278837,1544.5802492356768,0.4025777832870909,16,21,0,-5,0.0,1,0.5151311848844086,0.6404262315098835,1.0,22.44,-5.78551160204506,1415.2221117258387,0,1,0
9,1998,R,RS,ARI,DET,NFC,NFC,East,Central,1,0,A,1450.6186335505051,1476.452195216956,0.38572562671392496,17,15,0,2,1.0,0,0.9526289738856203,0.4734027001734019,1.0,20.4,5.932302598003423,1456.5509361485085,1,0,0
9,1998,R,RS,DET,ARI,NFC,NFC,Central,East,1,0,H,1476.452195216956,1450.6186335505051,0.614274373286075,15,17,0,-2,0.0,0,0.9526289738856203,0.4734027001734019,1.0,20.4,-5.932302598003423,1470.5198926189526,0,1,0
9,1998,R,RS,JAX,BAL,AFC,AFC,Central,Central,1,1,A,1536.9496072543548,1467.325485217555,0.5210333832033982,45,19,0,26,1.0,1,0.6519411640350553,1.867742074915418,1.0,22.44,20.074512143935063,1557.0241193982897,1,0,0
9,1998,R,RS,BAL,JAX,AFC,AFC,Central,Central,1,1,H,1467.325485217555,1536.9496072543548,0.47896661679660185,19,45,0,-26,0.0,1,0.6519411640350553,1.867742074915418,1.0,22.44,-20.074512143935067,1447.2509730736201,0,1,0
9,1998,R,RS,TB,MIN,NFC,NFC,Central,Central,1,1,H,1485.327329709575,1589.0356755074797,0.43035870984296776,27,24,0,3,1.0,0,0.8431362091162811,0.5162316690599079,1.0,22.44,6.598860652183099,1491.926190361758,1,0,0
9,1998,R,RS,MIN,TB,NFC,NFC,Central,Central,1,1,A,1589.0356755074797,1485.327329709575,0.5696412901570322,24,27,0,-3,0.0,0,0.8431362091162811,0.5162316690599079,1.0,22.44,-6.598860652183099,1582.4368148552967,0,1,0
9,1998,R,RS,WAS,NYG,NFC,NFC,East,East,1,1,H,1418.0135087865738,1496.0982725312795,0.46682715626454907,21,14,0,7,1.0,0,0.7617962048879307,0.7918135971747365,1.0,22.44,9.473573504127307,1427.487082290701,1,0,0
9,1998,R,RS,NYG,WAS,NFC,NFC,East,East,1,1,A,1496.0982725312795,1418.0135087865738,0.5331728437354509,14,21,0,-7,0.0,0,0.7617962048879307,0.7918135971747365,1.0,22.44,-9.473573504127307,1486.6246990271522,0,1,0
9,1998,R,RS,TEN,PIT,AFC,AFC,Central,Central,1,1,A,1508.9377213192176,1532.5384801605453,0.3887754826328305,41,31,0,10,1.0,0,0.9447532674560979,1.018521315518094,1.0,22.44,13.969914276908394,1522.907635596126,1,0,0
9,1998,R,RS,PIT,TEN,AFC,AFC,Central,Central,1,1,H,1532.5384801605453,1508.9377213192176,0.6112245173671695,31,41,0,-10,0.0,0,0.944753267456098,1.018521315518094,1.0,22.44,-13.969914276908394,1518.568565883637,0,1,0
9,1998,R,RS,NYJ,KC,AFC,AFC,East,West,1,0,A,1530.3244515067026,1529.802608648839,0.4222359024304006,20,17,0,3,1.0,0,0.8621911106357099,0.5588283985304279,1.0,20.4,6.586568101613222,1536.9110196083159,1,0,0
9,1998,R,RS,KC,NYJ,AFC,AFC,West,East,1,0,H,1529.802608648839,1530.3244515067026,0.5777640975695995,17,20,0,-3,0.0,0,0.86219111063571,0.5588283985304279,1.0,20.4,-6.586568101613222,1523.2160405472257,0,1,0
9,1998,R,RS,GB,SF,NFC,NFC,Central,West,1,0,H,1563.279590244561,1594.7216495264443,0.5338507410668427,36,22,0,14,1.0,1,0.6276389902032348,1.254610484407778,1.0,20.4,11.930649250151685,1575.2102394947126,1,0,0
9,1998,R,RS,SF,GB,NFC,NFC,West,Central,1,0,A,1594.7216495264443,1563.279590244561,0.4661492589331574,22,36,0,-14,0.0,1,0.627638990203235,1.254610484407778,1.0,20.4,-11.930649250151687,1582.7910002762926,0,1,0
9,1998,R,RS,OAK,SEA,AFC,AFC,West,West,1,1,A,1487.7058942969622,1531.934018197859,0.3609592858774412,31,18,0,13,1.0,0,1.018990108512501,1.1834063704676479,1.0,22.44,16.97013448069385,1504.676028777656,1,0,0
9,1998,R,RS,SEA,OAK,AFC,AFC,West,West,1,1,H,1531.934018197859,1487.7058942969622,0.6390407141225588,18,31,0,-13,0.0,0,1.018990108512501,1.1834063704676479,1.0,22.44,-16.97013448069385,1514.9638837171651,0,1,0
9,1998,R,RS,DAL,PHI,NFC,NFC,East,East,1,1,A,1538.6739998808005,1432.078856404231,0.5737103287634294,34,0,0,34,1.0,1,0.5556306637653659,2.207800721254586,1.0,22.44,21.119689722821153,1559.7936896036217,1,0,0
9,1998,R,RS,PHI,DAL,NFC,NFC,East,East,1,1,H,1432.078856404231,1538.6739998808005,0.4262896712365706,0,34,0,-34,0.0,1,0.5556306637653659,2.207800721254586,1.0,22.44,-21.119689722821153,1410.9591666814097,0,1,0
10,1998,R,RS,ATL,NE,NFC,AFC,West,East,0,0,A,1529.0706423328422,1550.3657608377218,0.3919339914428935,41,10,0,31,1.0,0,0.9366618425470158,2.201838715934237,1.0,20.0,26.77726558969273,1555.847907922535,1,0,0
10,1998,R,RS,NE,ATL,AFC,NFC,East,West,0,0,H,1550.3657608377218,1529.0706423328422,0.6080660085571066,10,41,0,-31,0.0,0,0.9366618425470159,2.201838715934237,1.0,20.0,-26.77726558969273,1523.5884952480292,0,1,0
10,1998,R,RS,STL,CHI,NFC,NFC,West,Central,1,0,A,1443.1020668685367,1455.7814009220426,0.4038151456661129,20,12,0,8,1.0,0,0.9067980659660068,0.898813993370512,1.0,20.4,10.931529510101504,1454.033596378638,1,0,0
10,1998,R,RS,CHI,STL,NFC,NFC,Central,West,1,0,H,1455.7814009220426,1443.1020668685367,0.596184854333887,12,20,0,-8,0.0,0,0.9067980659660065,0.898813993370512,1.0,20.4,-10.931529510101502,1444.8498714119412,0,1,0
10,1998,R,RS,JAX,CIN,AFC,AFC,Central,Central,1,1,H,1557.0241193982897,1444.1148645072476,0.7244339744968065,24,11,0,13,1.0,1,0.32236465388380336,1.1237709342469446,1.0,22.44,6.949064137949341,1563.973183536239,1,0,0
10,1998,R,RS,CIN,JAX,AFC,AFC,Central,Central,1,1,A,1444.1148645072476,1557.0241193982897,0.2755660255031936,11,24,0,-13,0.0,1,0.32236465388380336,1.1237709342469446,1.0,22.44,-6.949064137949342,1437.1658003692983,0,1,0
10,1998,R,RS,MIA,IND,AFC,AFC,East,East,1,1,H,1521.0882302923485,1415.2221117258387,0.7162670953299298,27,14,0,13,1.0,1,0.33370214341263776,1.1296084367695507,1.0,22.44,7.192178940375677,1528.2804092327242,1,0,0
10,1998,R,RS,IND,MIA,AFC,AFC,East,East,1,1,A,1415.2221117258387,1521.0882302923485,0.2837329046700702,14,27,0,-13,0.0,1,0.33370214341263776,1.1296084367695507,1.0,22.44,-7.192178940375677,1408.029932785463,0,1,0
10,1998,R,RS,DAL,NYG,NFC,NFC,East,East,1,1,H,1559.7936896036217,1486.6246990271522,0.6765145934811786,16,6,0,10,1.0,1,0.3908012595697048,0.9803657201600235,1.0,22.44,7.116487039057968,1566.9101766426797,1,0,0
10,1998,R,RS,NYG,DAL,NFC,NFC,East,East,1,1,A,1486.6246990271522,1559.7936896036217,0.3234854065188214,6,16,0,-10,0.0,1,0.3908012595697048,0.9803657201600235,1.0,22.44,-7.116487039057968,1479.5082119880942,0,1,0
10,1998,R,RS,PHI,DET,NFC,NFC,East,Central,1,0,H,1410.9591666814097,1470.5198926189526,0.49343696473910303,10,9,0,1,1.0,0,0.7063601592920233,0.38580788618393747,1.0,20.4,3.986894682599691,1414.9460613640094,1,0,0
10,1998,R,RS,DET,PHI,NFC,NFC,Central,East,1,0,A,1470.5198926189526,1410.9591666814097,0.506563035260897,9,10,0,-1,0.0,0,0.7063601592920233,0.38580788618393747,1.0,20.4,-3.986894682599691,1466.5329979363528,0,1,0
10,1998,R,RS,MIN,NO,NFC,NFC,Central,West,1,0,H,1582.4368148552967,1455.6528573586581,0.7400892677956709,31,24,0,7,1.0,1,0.30098446790308314,0.7638058014895361,1.0,20.4,4.04983503259202,1586.4866498878887,1,0,0
10,1998,R,RS,NO,MIN,NFC,NFC,West,Central,1,0,A,1455.6528573586581,1582.4368148552967,0.2599107322043291,24,31,0,-7,0.0,1,0.300984467903083,0.7638058014895361,1.0,20.4,-4.049835032592019,1451.6030223260661,0,1,0
10,1998,R,RS,BAL,OAK,AFC,AFC,Central,West,1,0,H,1447.2509730736201,1504.676028777656,0.49651012097770725,13,10,0,3,1.0,0,0.7001514110567237,0.5345064451095957,1.0,20.4,5.490019141851268,1452.7409922154714,1,0,0
10,1998,R,RS,OAK,BAL,AFC,AFC,West,Central,1,0,A,1504.676028777656,1447.2509730736201,0.5034898790222927,10,13,0,-3,0.0,0,0.7001514110567236,0.5345064451095957,1.0,20.4,-5.490019141851267,1499.1860096358048,0,1,0
10,1998,R,RS,SF,CAR,NFC,NFC,West,West,1,1,H,1582.7910002762926,1445.4221192952266,0.751637407945334,25,23,0,2,1.0,1,0.2855012415992293,0.43534424142312095,1.0,22.44,2.4262851518540143,1585.2172854281466,1,0,0
10,1998,R,RS,CAR,SF,NFC,NFC,West,West,1,1,A,1445.4221192952266,1582.7910002762926,0.24836259205466601,23,25,0,-2,0.0,1,0.2855012415992293,0.43534424142312095,1.0,22.44,-2.426285151854014,1442.9958341433726,0,1,0
10,1998,R,RS,ARI,WAS,NFC,NFC,East,East,1,1,H,1456.5509361485085,1427.487082290701,0.6186708425225232,29,27,0,2,1.0,1,0.48018190455987086,0.4722071155736769,1.0,22.44,4.040688704080848,1460.5916248525893,1,0,0
10,1998,R,RS,WAS,ARI,NFC,NFC,East,East,1,1,A,1427.487082290701,1456.5509361485085,0.3813291574774768,27,29,0,-2,0.0,1,0.48018190455987103,0.4722071155736769,1.0,22.44,-4.040688704080849,1423.4463935866202,0,1,0
10,1998,R,RS,NYJ,BUF,AFC,AFC,East,East,1,1,H,1536.9110196083159,1510.063552982662,0.6156563573708598,34,12,0,22,1.0,1,0.4850663325221309,1.714200973528013,1.0,22.44,14.784420008412086,1551.695439616728,1,0,0
10,1998,R,RS,BUF,NYJ,AFC,AFC,East,East,1,1,A,1510.063552982662,1536.9110196083159,0.3843436426291402,12,34,0,-22,0.0,1,0.4850663325221309,1.714200973528013,1.0,22.44,-14.784420008412086,1495.27913297425,0,1,0
10,1998,R,RS,DEN,SD,AFC,AFC,West,West,1,1,H,1618.929013277861,1441.9273230589974,0.7917504417590329,27,10,0,17,1.0,1,0.23350903561086545,1.2830638193306654,1.0,22.44,5.995911306923796,1624.9249245847848,1,0,0
10,1998,R,RS,SD,DEN,AFC,AFC,West,West,1,1,A,1441.9273230589974,1618.929013277861,0.20824955824096708,10,27,0,-17,0.0,1,0.23350903561086545,1.2830638193306654,1.0,22.44,-5.995911306923794,1435.9314117520737,0,1,0
10,1998,R,RS,SEA,KC,AFC,AFC,West,West,1,1,H,1514.9638837171651,1523.2160405472257,0.5668724872936155,24,12,0,12,1.0,1,0.5676208906806802,1.155989989753833,1.0,22.44,11.23550758781149,1526.1993913049766,1,0,0
10,1998,R,RS,KC,SEA,AFC,AFC,West,West,1,1,A,1523.2160405472257,1514.9638837171651,0.4331275127063845,12,24,0,-12,0.0,1,0.5676208906806802,1.155989989753833,1.0,22.44,-11.23550758781149,1511.9805329594142,0,1,0
10,1998,R,RS,TEN,TB,AFC,NFC,Central,Central,0,0,A,1522.907635596126,1491.926190361758,0.4654894799289458,31,22,0,9,1.0,0,0.7646657820285603,0.9498409897450147,1.0,20.0,10.154000028268253,1533.0616356243943,1,0,0
10,1998,R,RS,TB,TEN,NFC,AFC,Central,Central,0,0,H,1491.926190361758,1522.907635596126,0.5345105200710543,22,31,0,-9,0.0,0,0.7646657820285604,0.9498409897450147,1.0,20.0,-10.154000028268253,1481.7721903334898,0,1,0
10,1998,R,RS,PIT,GB,AFC,NFC,Central,Central,0,0,H,1518.568565883637,1575.2102394947126,0.49763745934230763,27,20,0,7,1.0,0,0.6978834603618133,0.8048079250583162,1.0,20.0,8.086107079474829,1526.6546729631118,1,0,0
10,1998,R,RS,GB,PIT,NFC,AFC,Central,Central,0,0,A,1575.2102394947126,1518.568565883637,0.5023625406576925,20,27,0,-7,0.0,0,0.6978834603618135,0.8048079250583162,1.0,20.0,-8.08610707947483,1567.1241324152377,0,1,0
11,1998,R,RS,ATL,SF,NFC,NFC,West,West,1,1,H,1555.847907922535,1585.2172854281466,0.5368186642441962,31,19,0,12,1.0,1,0.6220949244727072,1.1369092644046346,1.0,22.44,11.816795204598751,1567.6647031271336,1,0,0
11,1998,R,RS,SF,ATL,NFC,NFC,West,West,1,1,A,1585.2172854281466,1555.847907922535,0.4631813357558038,19,31,0,-12,0.0,1,0.6220949244727072,1.1369092644046346,1.0,22.44,-11.816795204598751,1573.4004902235479,0,1,0
11,1998,R,RS,BUF,NE,AFC,AFC,East,East,1,1,H,1495.27913297425,1523.5884952480292,0.5383355314218022,13,10,0,3,1.0,1,0.6192732488653511,0.5466807483350884,1.0,22.44,5.663476251516403,1500.9426092257663,1,0,0
11,1998,R,RS,NE,BUF,AFC,AFC,East,East,1,1,A,1523.5884952480292,1495.27913297425,0.46166446857819776,10,13,0,-3,0.0,1,0.6192732488653511,0.5466807483350884,1.0,22.44,-5.663476251516403,1517.9250189965128,0,1,0
11,1998,R,RS,MIA,CAR,AFC,NFC,East,West,0,0,A,1528.2804092327242,1442.9958341433726,0.5434729614228985,13,9,0,4,1.0,1,0.6097753226503022,0.5920431347609887,1.0,20.0,5.4056739804467595,1533.686083213171,1,0,0
11,1998,R,RS,CAR,MIA,NFC,AFC,West,East,0,0,H,1442.9958341433726,1528.2804092327242,0.45652703857710153,9,13,0,-4,0.0,1,0.6097753226503022,0.5920431347609887,1.0,20.0,-5.4056739804467595,1437.5901601629257,0,1,0
11,1998,R,RS,MIN,CIN,NFC,AFC,Central,Central,0,0,H,1586.4866498878887,1437.1658003692983,0.7642576241544278,24,3,0,21,1.0,1,0.26885034226562726,1.513911325502251,1.0,20.0,7.137861053868401,1593.624510941757,1,0,0
11,1998,R,RS,CIN,MIN,AFC,NFC,Central,Central,0,0,A,1437.1658003692983,1586.4866498878887,0.2357423758455722,3,24,0,-21,0.0,1,0.26885034226562726,1.513911325502251,1.0,20.0,-7.137861053868401,1430.0279393154299,0,1,0
11,1998,R,RS,IND,NYJ,AFC,AFC,East,East,1,1,H,1408.029932785463,1551.695439616728,0.37509983454083856,24,23,0,1,1.0,0,0.9805630630011947,0.36252519203995537,1.0,22.44,5.083603657850521,1413.1135364433135,1,0,0
11,1998,R,RS,NYJ,IND,AFC,AFC,East,East,1,1,A,1551.695439616728,1408.029932785463,0.6249001654591615,23,24,0,-1,0.0,0,0.9805630630011949,0.36252519203995537,1.0,22.44,-5.083603657850521,1546.6118359588775,0,1,0
11,1998,R,RS,NO,STL,NFC,NFC,West,West,1,1,H,1451.6030223260661,1454.033596378638,0.5750813918157346,24,3,0,21,1.0,1,0.5532436972182956,1.6914691528511832,1.0,22.44,16.128451956770256,1467.7314742828364,1,0,0
11,1998,R,RS,STL,NO,NFC,NFC,West,West,1,1,A,1454.033596378638,1451.6030223260661,0.42491860818426547,3,24,0,-21,0.0,1,0.5532436972182958,1.6914691528511832,1.0,22.44,-16.12845195677026,1437.9051444218678,0,1,0
11,1998,R,RS,TEN,PIT,AFC,AFC,Central,Central,1,1,H,1533.0616356243943,1526.6546729631118,0.5874628850011815,23,14,0,9,1.0,1,0.5319422094254878,0.9684192462680837,1.0,22.44,8.96497931128934,1542.0266149356837,1,0,0
11,1998,R,RS,PIT,TEN,AFC,AFC,Central,Central,1,1,A,1526.6546729631118,1533.0616356243943,0.4125371149988185,14,23,0,-9,0.0,1,0.5319422094254878,0.9684192462680837,1.0,22.44,-8.96497931128934,1517.6896936518224,0,1,0
11,1998,R,RS,WAS,PHI,NFC,NFC,East,East,1,1,H,1423.4463935866202,1414.9460613640094,0.5903801932775858,28,3,0,25,1.0,1,0.5269885542301888,1.9042406864600783,1.0,22.44,17.503529911550082,1440.9499234981702,1,0,0
11,1998,R,RS,PHI,WAS,NFC,NFC,East,East,1,1,A,1414.9460613640094,1423.4463935866202,0.40961980672241416,3,28,0,-25,0.0,1,0.5269885542301888,1.9042406864600783,1.0,22.44,-17.503529911550082,1397.4425314524594,0,1,0
11,1998,R,RS,OAK,SEA,AFC,AFC,West,West,1,1,H,1499.1860096358048,1526.1993913049766,0.5401890950307944,20,17,0,3,1.0,1,0.6158360247381645,0.5472355488226358,1.0,22.44,5.646462148671635,1504.8324717844764,1,0,0
11,1998,R,RS,SEA,OAK,AFC,AFC,West,West,1,1,A,1526.1993913049766,1499.1860096358048,0.4598109049692056,17,20,0,-3,0.0,1,0.6158360247381645,0.5472355488226358,1.0,22.44,-5.646462148671635,1520.552929156305,0,1,0
11,1998,R,RS,SD,BAL,AFC,AFC,West,Central,1,0,H,1435.9314117520737,1452.7409922154714,0.5547401414090707,14,13,0,1,1.0,1,0.5892554885593031,0.3988277822454186,1.0,20.4,3.622672839264472,1439.554084591338,1,0,0
11,1998,R,RS,BAL,SD,AFC,AFC,Central,West,1,0,A,1452.7409922154714,1435.9314117520737,0.44525985859092937,13,14,0,-1,0.0,1,0.5892554885593031,0.3988277822454186,1.0,20.4,-3.6226728392644723,1449.118319376207,0,1,0
11,1998,R,RS,DAL,ARI,NFC,NFC,East,East,1,1,A,1566.9101766426797,1460.5916248525893,0.5733208864118692,35,28,0,7,1.0,1,0.5563097078251478,0.7753308194050309,1.0,22.44,7.423543954123522,1574.3337205968032,1,0,0
11,1998,R,RS,ARI,DAL,NFC,NFC,East,East,1,1,H,1460.5916248525893,1566.9101766426797,0.4266791135881309,28,35,0,-7,0.0,1,0.556309707825148,0.7753308194050309,1.0,22.44,-7.423543954123523,1453.1680808984659,0,1,0
11,1998,R,RS,GB,NYG,NFC,NFC,Central,East,1,0,A,1567.1241324152377,1479.5082119880942,0.5468006826485472,37,3,0,34,1.0,1,0.6036709256902777,2.239126860318476,1.0,20.4,20.701323597016557,1587.8254560122543,1,0,0
11,1998,R,RS,NYG,GB,NFC,NFC,East,Central,1,0,H,1479.5082119880942,1567.1241324152377,0.4531993173514528,3,37,0,-34,0.0,1,0.6036709256902777,2.239126860318476,1.0,20.4,-20.701323597016557,1458.8068883910776,0,1,0
11,1998,R,RS,JAX,TB,AFC,NFC,Central,Central,0,0,H,1563.973183536239,1481.7721903334898,0.6877867540078028,29,24,0,5,1.0,1,0.37427643966345336,0.6603147310380248,1.0,20.0,4.123180111076929,1568.096363647316,1,0,0
11,1998,R,RS,TB,JAX,NFC,AFC,Central,Central,0,0,A,1481.7721903334898,1563.973183536239,0.31221324599219724,24,29,0,-5,0.0,1,0.37427643966345336,0.6603147310380248,1.0,20.0,-4.123180111076929,1477.649010222413,0,1,0
11,1998,R,RS,DET,CHI,NFC,NFC,Central,Central,1,1,H,1466.5329979363528,1444.8498714119412,0.6085981842842293,26,3,0,23,1.0,1,0.49659702495416486,1.7760227278002838,1.0,22.44,15.5989083980791,1482.131906334432,1,0,0
11,1998,R,RS,CHI,DET,NFC,NFC,Central,Central,1,1,A,1444.8498714119412,1466.5329979363528,0.39140181571577076,3,26,0,-23,0.0,1,0.4965970249541651,1.7760227278002838,1.0,22.44,-15.598908398079102,1429.250963013862,0,1,0
11,1998,R,RS,DEN,KC,AFC,AFC,West,West,1,1,A,1624.9249245847848,1511.9805329594142,0.5826240454282411,30,7,0,23,1.0,1,0.5402131626887873,1.6571021893080127,1.0,22.44,15.520280605436005,1640.4452051902208,1,0,0
11,1998,R,RS,KC,DEN,AFC,AFC,West,West,1,1,H,1511.9805329594142,1624.9249245847848,0.4173759545717589,7,30,0,-23,0.0,1,0.5402131626887873,1.6571021893080127,1.0,22.44,-15.520280605436005,1496.4602523539781,0,1,0
12,1998,R,RS,ATL,CHI,NFC,NFC,West,Central,1,0,H,1567.6647031271336,1429.250963013862,0.7527585222288037,20,13,0,7,1.0,1,0.2840107902246618,0.7574079280199739,1.0,20.4,3.820158170145276,1571.484861297279,1,0,0
12,1998,R,RS,CHI,ATL,NFC,NFC,Central,West,1,0,A,1429.250963013862,1567.6647031271336,0.24724147777119626,13,20,0,-7,0.0,1,0.28401079022466164,0.7574079280199739,1.0,20.4,-3.820158170145275,1425.4308048437167,0,1,0
12,1998,R,RS,BUF,IND,AFC,AFC,East,East,1,1,H,1500.9426092257663,1413.1135364433135,0.6947010682273423,34,11,0,23,1.0,1,0.36427364360297787,1.6882112829033613,1.0,22.44,11.565780232654628,1512.5083894584209,1,0,0
12,1998,R,RS,IND,BUF,AFC,AFC,East,East,1,1,A,1413.1135364433135,1500.9426092257663,0.3052989317726577,11,34,0,-23,0.0,1,0.36427364360297804,1.6882112829033613,1.0,22.44,-11.56578023265463,1401.547756210659,0,1,0
12,1998,R,RS,DAL,SEA,NFC,AFC,East,West,0,0,H,1574.3337205968032,1520.552929156305,0.6516256389533244,30,22,0,8,1.0,1,0.4282850553406177,0.8704790422116335,1.0,20.0,6.0650516027000005,1580.3987721995031,1,0,0
12,1998,R,RS,SEA,DAL,AFC,NFC,West,East,0,0,A,1520.552929156305,1574.3337205968032,0.3483743610466755,22,30,0,-8,0.0,1,0.42828505534061756,0.8704790422116335,1.0,20.0,-6.065051602699999,1514.4878775536051,0,1,0
12,1998,R,RS,DET,TB,NFC,NFC,Central,Central,1,1,A,1482.131906334432,1477.649010222413,0.4278080677348471,28,25,0,3,1.0,0,0.8490806238514225,0.5570638873893244,1.0,22.44,7.152693049982565,1489.2845993844146,1,0,0
12,1998,R,RS,TB,DET,NFC,NFC,Central,Central,1,1,H,1477.649010222413,1482.131906334432,0.572191932265153,25,28,0,-3,0.0,0,0.8490806238514226,0.5570638873893244,1.0,22.44,-7.152693049982565,1470.4963171724303,0,1,0
12,1998,R,RS,MIN,GB,NFC,NFC,Central,Central,1,1,H,1593.624510941757,1587.8254560122543,0.5866145462105826,28,14,0,14,1.0,1,0.5333873252512126,1.2802292185403792,1.0,22.44,11.875879382180035,1605.5003903239372,1,0,0
12,1998,R,RS,GB,MIN,NFC,NFC,Central,Central,1,1,A,1587.8254560122543,1593.624510941757,0.4133854537894174,14,28,0,-14,0.0,1,0.5333873252512126,1.2802292185403792,1.0,22.44,-11.875879382180035,1575.9495766300743,0,1,0
12,1998,R,RS,PIT,JAX,AFC,AFC,Central,Central,1,1,H,1517.6896936518224,1568.096363647316,0.5066099481428757,30,15,0,15,1.0,1,0.6800139045310233,1.2941587866318247,1.0,22.44,14.328502589820795,1532.0181962416432,1,0,0
12,1998,R,RS,JAX,PIT,AFC,AFC,Central,Central,1,1,A,1568.096363647316,1517.6896936518224,0.4933900518571242,15,30,0,-15,0.0,1,0.6800139045310231,1.2941587866318247,1.0,22.44,-14.328502589820793,1553.767861057495,0,1,0
12,1998,R,RS,NYG,PHI,NFC,NFC,East,East,1,1,H,1458.8068883910776,1397.4425314524594,0.6614689179306679,20,0,0,20,1.0,1,0.4132922837862885,1.5613765162995148,1.0,22.44,11.861211366666845,1470.6680997577444,1,0,0
12,1998,R,RS,PHI,NYG,NFC,NFC,East,East,1,1,A,1397.4425314524594,1458.8068883910776,0.3385310820693322,0,20,0,-20,0.0,1,0.4132922837862885,1.5613765162995148,1.0,22.44,-11.861211366666847,1385.5813200857926,0,1,0
12,1998,R,RS,ARI,WAS,NFC,NFC,East,East,1,1,A,1453.1680808984659,1440.9499234981702,0.43874127832383353,45,42,0,3,1.0,0,0.8238453828638379,0.5536500284633091,1.0,22.44,6.973025958270148,1460.141106856736,1,0,0
12,1998,R,RS,WAS,ARI,NFC,NFC,East,East,1,1,H,1440.9499234981702,1453.1680808984659,0.5612587216761664,42,45,0,-3,0.0,0,0.8238453828638377,0.5536500284633091,1.0,22.44,-6.973025958270148,1433.9768975399,0,1,0
12,1998,R,RS,CAR,STL,NFC,NFC,West,West,1,1,A,1437.5901601629257,1437.9051444218678,0.42106118434553497,24,20,0,4,1.0,0,0.8649771248722615,0.632277526532603,1.0,22.44,8.214162053311153,1445.8043222162369,1,0,0
12,1998,R,RS,STL,CAR,NFC,NFC,West,West,1,1,H,1437.9051444218678,1437.5901601629257,0.578938815654465,20,24,0,-4,0.0,0,0.8649771248722615,0.632277526532603,1.0,22.44,-8.214162053311153,1429.6909823685567,0,1,0
12,1998,R,RS,BAL,CIN,AFC,AFC,Central,Central,1,1,A,1449.118319376207,1430.0279393154299,0.44850513699204814,20,13,0,7,1.0,0,0.8018351438319383,0.8286214998204418,1.0,22.44,10.254642431868925,1459.3729618080758,1,0,0
12,1998,R,RS,CIN,BAL,AFC,AFC,Central,Central,1,1,H,1430.0279393154299,1449.118319376207,0.5514948630079518,13,20,0,-7,0.0,0,0.8018351438319382,0.8286214998204418,1.0,22.44,-10.254642431868923,1419.773296883561,0,1,0
12,1998,R,RS,DEN,OAK,AFC,AFC,West,West,1,1,H,1640.4452051902208,1504.8324717844764,0.749745440077217,40,14,0,26,1.0,1,0.28802154329586566,1.778792469482679,1.0,22.44,9.989186793899176,1650.4343919841199,1,0,0
12,1998,R,RS,OAK,DEN,AFC,AFC,West,West,1,1,A,1504.8324717844764,1640.4452051902208,0.25025455992278306,14,40,0,-26,0.0,1,0.28802154329586566,1.778792469482679,1.0,22.44,-9.989186793899178,1494.8432849905773,0,1,0
12,1998,R,RS,SD,KC,AFC,AFC,West,West,1,1,H,1439.554084591338,1496.4602523539781,0.4972568316016452,38,37,0,1,1.0,0,0.6986486225759253,0.3865915304144677,1.0,22.44,4.361354269669522,1443.9154388610077,1,0,0
12,1998,R,RS,KC,SD,AFC,AFC,West,West,1,1,A,1496.4602523539781,1439.554084591338,0.5027431683983548,37,38,0,-1,0.0,0,0.6986486225759252,0.3865915304144677,1.0,22.44,-4.361354269669522,1492.0988980843085,0,1,0
12,1998,R,RS,NYJ,TEN,AFC,AFC,East,Central,1,0,A,1546.6118359588775,1542.0266149356837,0.4279522614161315,24,3,0,21,1.0,0,0.8487436283686052,1.6885641936463245,1.0,20.4,19.705162299953095,1566.3169982588306,1,0,0
12,1998,R,RS,TEN,NYJ,AFC,AFC,Central,East,1,0,H,1542.0266149356837,1546.6118359588775,0.5720477385838684,3,24,0,-21,0.0,0,0.848743628368605,1.6885641936463245,1.0,20.4,-19.70516229995309,1522.3214526357306,0,1,0
12,1998,R,RS,SF,NO,NFC,NFC,West,West,1,1,H,1573.4004902235479,1467.7314742828364,0.7160364528253471,31,20,0,11,1.0,1,0.3340242015502069,1.0153072979565976,1.0,22.44,6.469682274793518,1579.8701724983414,1,0,0
12,1998,R,RS,NO,SF,NFC,NFC,West,West,1,1,A,1467.7314742828364,1573.4004902235479,0.2839635471746529,20,31,0,-11,0.0,1,0.3340242015502069,1.0153072979565976,1.0,22.44,-6.469682274793518,1461.261792008043,0,1,0
12,1998,R,RS,NE,MIA,AFC,AFC,East,East,1,1,H,1517.9250189965128,1533.686083213171,0.5562304946433888,26,23,0,3,1.0,1,0.586572511926145,0.5521003438386395,1.0,22.44,5.497918853291431,1523.4229378498042,1,0,0
12,1998,R,RS,MIA,NE,AFC,AFC,East,East,1,1,A,1533.686083213171,1517.9250189965128,0.44376950535661114,23,26,0,-3,0.0,1,0.5865725119261449,0.5521003438386395,1.0,22.44,-5.497918853291431,1528.1881643598797,0,1,0
13,1998,R,RS,DET,PIT,NFC,AFC,Central,Central,0,0,H,1489.2845993844146,1532.0181962416432,0.5176454421744372,19,16,1,3,1.0,1,0.658464745649042,0.3784066449029801,1.0,20.0,3.6505233976086346,1492.9351227820232,1,0,0
13,1998,R,RS,PIT,DET,AFC,NFC,Central,Central,0,0,A,1532.0181962416432,1489.2845993844146,0.48235455782556275,16,19,1,-3,0.0,1,0.658464745649042,0.3784066449029801,1.0,20.0,-3.650523397608634,1528.3676728440346,0,1,0
13,1998,R,RS,MIN,DAL,NFC,NFC,Central,East,1,0,A,1605.5003903239372,1580.3987721995031,0.4570786669267208,46,36,0,10,1.0,0,0.7828997652066939,1.017322464265999,1.0,20.4,11.267451796679667,1616.767842120617,1,0,0
13,1998,R,RS,DAL,MIN,NFC,NFC,East,Central,1,0,H,1580.3987721995031,1605.5003903239372,0.5429213330732793,36,46,0,-10,0.0,0,0.782899765206694,1.017322464265999,1.0,20.4,-11.26745179667967,1569.1313204028233,0,1,0
13,1998,R,RS,ATL,STL,NFC,NFC,West,West,1,1,A,1571.484861297279,1429.6909823685567,0.6223713722054345,21,10,0,11,1.0,1,0.4742183029896857,0.9889543748803437,1.0,22.44,8.380385930581422,1579.8652472278604,1,0,0
13,1998,R,RS,STL,ATL,NFC,NFC,West,West,1,1,H,1429.6909823685567,1571.484861297279,0.3776286277945655,10,21,0,-11,0.0,1,0.4742183029896857,0.9889543748803437,1.0,22.44,-8.380385930581422,1421.3105964379752,0,1,0
13,1998,R,RS,NYJ,CAR,AFC,NFC,East,West,0,0,H,1566.3169982588306,1445.8043222162369,0.733085152116677,48,21,0,27,1.0,1,0.3104934145156384,1.8478329057657583,1.0,20.0,9.864280779125322,1576.1812790379558,1,0,0
13,1998,R,RS,CAR,NYJ,NFC,AFC,West,East,0,0,A,1445.8043222162369,1566.3169982588306,0.26691484788332304,21,48,0,-27,0.0,1,0.3104934145156384,1.8478329057657583,1.0,20.0,-9.864280779125323,1435.9400414371116,0,1,0
13,1998,R,RS,TB,CHI,NFC,NFC,Central,Central,1,1,A,1470.4963171724303,1425.4308048437167,0.48570701810336375,31,17,0,14,1.0,0,0.7221496802735091,1.2414125983829571,1.0,22.44,14.326813219975318,1484.8231303924056,1,0,0
13,1998,R,RS,CHI,TB,NFC,NFC,Central,Central,1,1,H,1425.4308048437167,1470.4963171724303,0.5142929818966362,17,31,0,-14,0.0,0,0.722149680273509,1.2414125983829571,1.0,22.44,-14.326813219975318,1411.1039916237414,0,1,0
13,1998,R,RS,JAX,CIN,AFC,AFC,Central,Central,1,1,A,1553.767861057495,1419.773296883561,0.6117630688815063,34,17,0,17,1.0,1,0.4914102137792377,1.3229345593104704,1.0,22.44,11.525454477786475,1565.2933155352816,1,0,0
13,1998,R,RS,CIN,JAX,AFC,AFC,Central,Central,1,1,H,1419.773296883561,1553.767861057495,0.3882369311184937,17,34,0,-17,0.0,1,0.4914102137792377,1.3229345593104704,1.0,22.44,-11.525454477786477,1408.2478424057745,0,1,0
13,1998,R,RS,BAL,IND,AFC,AFC,Central,East,1,0,H,1459.3729618080758,1401.547756210659,0.6568919405673108,38,31,0,7,1.0,1,0.4202357480472198,0.8040796045472184,1.0,20.4,5.628078332010244,1465.0010401400862,1,0,0
13,1998,R,RS,IND,BAL,AFC,AFC,East,Central,1,0,A,1401.547756210659,1459.3729618080758,0.3431080594326892,31,38,0,-7,0.0,1,0.4202357480472198,0.8040796045472184,1.0,20.4,-5.628078332010244,1395.9196778786486,0,1,0
13,1998,R,RS,KC,ARI,AFC,NFC,West,East,0,0,H,1492.0988980843085,1460.141106856736,0.6225931058432228,34,24,0,10,1.0,1,0.4738620942077606,1.0118816151487748,1.0,20.0,7.637821952552849,1499.7367200368615,1,0,0
13,1998,R,RS,ARI,KC,NFC,AFC,East,West,0,0,A,1460.141106856736,1492.0988980843085,0.37740689415677714,24,34,0,-10,0.0,1,0.4738620942077606,1.0118816151487748,1.0,20.0,-7.637821952552848,1452.5032849041831,0,1,0
13,1998,R,RS,NE,BUF,AFC,AFC,East,East,1,1,H,1523.4229378498042,1512.5083894584209,0.593736738067148,25,21,0,4,1.0,1,0.5213192597696443,0.6269624429684285,1.0,22.44,5.715732953337843,1529.138670803142,1,0,0
13,1998,R,RS,BUF,NE,AFC,AFC,East,East,1,1,A,1512.5083894584209,1523.4229378498042,0.40626326193285206,21,25,0,-4,0.0,1,0.5213192597696445,0.6269624429684285,1.0,22.44,-5.715732953337844,1506.792656505083,0,1,0
13,1998,R,RS,SEA,TEN,AFC,AFC,West,Central,1,0,H,1514.4878775536051,1522.3214526357306,0.5674640039140207,20,18,0,2,1.0,1,0.5665779608646929,0.4801772388889457,1.0,20.4,4.236956382541165,1518.7248339361463,1,0,0
13,1998,R,RS,TEN,SEA,AFC,AFC,Central,West,1,0,A,1522.3214526357306,1514.4878775536051,0.43253599608597937,18,20,0,-2,0.0,1,0.5665779608646931,0.4801772388889457,1.0,20.4,-4.236956382541166,1518.0844962531894,0,1,0
13,1998,R,RS,GB,PHI,NFC,NFC,Central,East,1,0,H,1575.9495766300743,1385.5813200857926,0.804152593216184,24,16,0,8,1.0,1,0.21796623525405676,0.7879331201799222,1.0,20.4,3.1480190294488986,1579.0975956595232,1,0,0
13,1998,R,RS,PHI,GB,NFC,NFC,East,Central,1,0,A,1385.5813200857926,1575.9495766300743,0.19584740678381596,16,24,0,-8,0.0,1,0.21796623525405676,0.7879331201799222,1.0,20.4,-3.1480190294488986,1382.4333010563437,0,1,0
13,1998,R,RS,MIA,NO,AFC,NFC,East,West,0,0,H,1528.1881643598797,1461.261792008043,0.6686010523776714,30,10,0,20,1.0,1,0.40256773099547594,1.5547820699949833,1.0,20.0,10.305062835568062,1538.4932271954478,1,0,0
13,1998,R,RS,NO,MIA,NFC,AFC,West,East,0,0,A,1461.261792008043,1528.1881643598797,0.3313989476223286,10,30,0,-20,0.0,1,0.40256773099547594,1.5547820699949833,1.0,20.0,-10.305062835568062,1450.9567291724748,0,1,0
13,1998,R,RS,WAS,OAK,NFC,AFC,East,West,0,0,A,1433.9768975399,1494.8432849905773,0.3391732774643785,29,19,0,10,1.0,0,1.0812441592279847,0.9895665437441236,1.0,20.0,13.078640316666638,1447.0555378565666,1,0,0
13,1998,R,RS,OAK,WAS,AFC,NFC,West,East,0,0,H,1494.8432849905773,1433.9768975399,0.6608267225356216,19,29,0,-10,0.0,0,1.081244159227985,0.9895665437441236,1.0,20.0,-13.07864031666664,1481.7646446739107,0,1,0
13,1998,R,RS,DEN,SD,AFC,AFC,West,West,1,1,A,1650.4343919841199,1443.9154388610077,0.7052060115447268,31,16,0,15,1.0,1,0.34926530389928406,1.1554485539379382,1.0,22.44,7.643496815320245,1658.0778887994402,1,0,0
13,1998,R,RS,SD,DEN,AFC,AFC,West,West,1,1,H,1443.9154388610077,1650.4343919841199,0.2947939884552731,16,31,0,-15,0.0,1,0.3492653038992839,1.1554485539379382,1.0,22.44,-7.643496815320243,1436.2719420456874,0,1,0
13,1998,R,RS,SF,NYG,NFC,NFC,West,East,1,0,H,1579.8701724983414,1470.6680997577444,0.7201534933807393,31,7,0,24,1.0,1,0.3282909044417558,1.7125991841518424,1.0,20.4,9.777003938047335,1589.6471764363887,1,0,0
13,1998,R,RS,NYG,SF,NFC,NFC,East,West,1,0,A,1470.6680997577444,1579.8701724983414,0.27984650661926064,7,31,0,-24,0.0,1,0.3282909044417556,1.7125991841518424,1.0,20.4,-9.777003938047333,1460.891095819697,0,1,0
14,1998,R,RS,PHI,STL,NFC,NFC,East,West,1,0,H,1382.4333010563437,1421.3105964379752,0.5231857965991976,17,14,0,3,1.0,1,0.6478186263804268,0.542198331273001,1.0,20.4,5.273968454388078,1387.7072695107317,1,0,0
14,1998,R,RS,STL,PHI,NFC,NFC,West,East,1,0,A,1421.3105964379752,1382.4333010563437,0.4768142034008024,14,17,0,-3,0.0,1,0.6478186263804268,0.542198331273001,1.0,20.4,-5.273968454388078,1416.036627983587,0,1,0
14,1998,R,RS,ATL,IND,NFC,AFC,West,East,0,0,H,1579.8652472278604,1395.9196778786486,0.798264291024635,28,21,0,7,1.0,1,0.22531554460401879,0.7333580831878551,1.0,20.0,2.9588902568943327,1582.8241374847548,1,0,0
14,1998,R,RS,IND,ATL,AFC,NFC,East,West,0,0,A,1395.9196778786486,1579.8652472278604,0.201735708975365,21,28,0,-7,0.0,1,0.22531554460401879,0.7333580831878551,1.0,20.0,-2.958890256894333,1392.9607876217542,0,1,0
14,1998,R,RS,BUF,CIN,AFC,AFC,East,Central,1,0,A,1506.792656505083,1408.2478424057745,0.5623399516656608,33,20,0,13,1.0,1,0.5756487157621668,1.1357411267683128,1.0,20.4,10.140197735309021,1516.932854240392,1,0,0
14,1998,R,RS,CIN,BUF,AFC,AFC,Central,East,1,0,H,1408.2478424057745,1506.792656505083,0.4376600483343392,20,33,0,-13,0.0,1,0.5756487157621666,1.1357411267683128,1.0,20.4,-10.14019773530902,1398.1076446704653,0,1,0
14,1998,R,RS,SF,CAR,NFC,NFC,West,West,1,1,A,1589.6471764363887,1435.9400414371116,0.6383486414111251,31,28,1,3,1.0,1,0.44887068500013627,0.34849077200163797,1.0,22.44,2.828161696207755,1592.4753381325963,1,0,0
14,1998,R,RS,CAR,SF,NFC,NFC,West,West,1,1,H,1435.9400414371116,1589.6471764363887,0.3616513585888748,28,31,1,-3,0.0,1,0.4488706850001361,0.34849077200163797,1.0,22.44,-2.8281616962077547,1433.111879740904,0,1,0
14,1998,R,RS,NO,DAL,NFC,NFC,West,East,1,0,H,1450.9567291724748,1569.1313204028233,0.4100733453899847,22,3,0,19,1.0,0,0.8914192440878208,1.4442599676037846,1.0,20.4,17.380952001943662,1468.3376811744183,1,0,0
14,1998,R,RS,DAL,NO,NFC,NFC,East,West,1,0,A,1569.1313204028233,1450.9567291724748,0.5899266546100154,3,22,0,-19,0.0,0,0.8914192440878209,1.4442599676037846,1.0,20.4,-17.380952001943662,1551.7503684008798,0,1,0
14,1998,R,RS,JAX,DET,AFC,NFC,Central,Central,0,0,H,1565.2933155352816,1492.9351227820232,0.6754923430876193,37,22,0,15,1.0,1,0.3923134568235967,1.2726753820500747,1.0,20.0,8.259858124782774,1573.5531736600644,1,0,0
14,1998,R,RS,DET,JAX,NFC,AFC,Central,Central,0,0,A,1492.9351227820232,1565.2933155352816,0.3245076569123807,22,37,0,-15,0.0,1,0.3923134568235967,1.2726753820500747,1.0,20.0,-8.259858124782774,1484.6752646572404,0,1,0
14,1998,R,RS,NE,PIT,AFC,AFC,East,Central,1,0,A,1529.138670803142,1528.3676728440346,0.42258583112512704,23,9,0,14,1.0,0,0.8613627022251791,1.285375696557929,1.0,20.4,15.140760446207132,1544.2794312493493,1,0,0
14,1998,R,RS,PIT,NE,AFC,AFC,Central,East,1,0,H,1528.3676728440346,1529.138670803142,0.5774141688748728,9,23,0,-14,0.0,0,0.8613627022251789,1.285375696557929,1.0,20.4,-15.140760446207128,1513.2269123978274,0,1,0
14,1998,R,RS,NYJ,SEA,AFC,AFC,East,West,1,0,H,1576.1812790379558,1518.7248339361463,0.6564133441532968,32,31,0,1,1.0,1,0.42096459067165526,0.3864288232286957,1.0,20.4,2.7085444567568575,1578.8898234947128,1,0,0
14,1998,R,RS,SEA,NYJ,AFC,AFC,West,East,1,0,A,1518.7248339361463,1576.1812790379558,0.34358665584670334,31,32,0,-1,0.0,1,0.4209645906716554,0.3864288232286957,1.0,20.4,-2.7085444567568584,1516.0162894793893,0,1,0
14,1998,R,RS,WAS,SD,NFC,AFC,East,West,0,0,H,1447.0555378565666,1436.2719420456874,0.5935548928428844,24,20,0,4,1.0,1,0.521625579162372,0.6270275630652149,1.0,20.0,5.097045701210126,1452.1525835577768,1,0,0
14,1998,R,RS,SD,WAS,AFC,NFC,West,East,0,0,A,1436.2719420456874,1447.0555378565666,0.40644510715711557,20,24,0,-4,0.0,1,0.521625579162372,0.6270275630652149,1.0,20.0,-5.097045701210126,1431.1748963444772,0,1,0
14,1998,R,RS,NYG,ARI,NFC,NFC,East,East,1,1,A,1460.891095819697,1452.5032849041831,0.4333192525564027,23,19,0,4,1.0,0,0.8362805188291725,0.6282213311163186,1.0,22.44,7.988660947224039,1468.879756766921,1,0,0
14,1998,R,RS,ARI,NYG,NFC,NFC,East,East,1,1,H,1452.5032849041831,1460.891095819697,0.5666807474435973,19,23,0,-4,0.0,0,0.8362805188291725,0.6282213311163186,1.0,22.44,-7.988660947224039,1444.5146239569592,0,1,0
14,1998,R,RS,DEN,KC,AFC,AFC,West,West,1,1,H,1658.0778887994402,1499.7367200368615,0.773484190149697,35,31,0,4,1.0,1,0.25685004854481047,0.5613313614402807,1.0,22.44,2.8532556027720513,1660.9311444022123,1,0,0
14,1998,R,RS,KC,DEN,AFC,AFC,West,West,1,1,A,1499.7367200368615,1658.0778887994402,0.22651580985030292,31,35,0,-4,0.0,1,0.25685004854481047,0.5613313614402807,1.0,22.44,-2.853255602772051,1496.8834644340893,0,1,0
14,1998,R,RS,MIA,OAK,AFC,AFC,East,West,1,0,A,1538.4932271954478,1481.7646446739107,0.5024876096909004,27,17,0,10,1.0,1,0.6881842966844446,0.9927000432153874,1.0,20.4,10.075163655744689,1548.5683908511926,1,0,0
14,1998,R,RS,OAK,MIA,AFC,AFC,West,East,1,0,H,1481.7646446739107,1538.4932271954478,0.4975123903090996,17,27,0,-10,0.0,1,0.6881842966844448,0.9927000432153874,1.0,20.4,-10.075163655744689,1471.689481018166,0,1,0
14,1998,R,RS,TEN,BAL,AFC,AFC,Central,Central,1,1,H,1518.0844962531894,1465.0010401400862,0.6507138264453396,16,14,0,2,1.0,1,0.4296853241356545,0.46350297076622743,1.0,22.44,3.632927818783038,1521.7174240719723,1,0,0
14,1998,R,RS,BAL,TEN,AFC,AFC,Central,Central,1,1,A,1465.0010401400862,1518.0844962531894,0.3492861735546605,14,16,0,-2,0.0,1,0.4296853241356547,0.46350297076622743,1.0,22.44,-3.632927818783039,1461.3681123213032,0,1,0
14,1998,R,RS,MIN,CHI,NFC,NFC,Central,Central,1,1,H,1616.767842120617,1411.1039916237414,0.8176492971737173,48,22,0,26,1.0,1,0.20132176637272764,1.6931913882179215,1.0,22.44,6.928454113991659,1623.6962962346086,1,0,0
14,1998,R,RS,CHI,MIN,NFC,NFC,Central,Central,1,1,A,1411.1039916237414,1616.767842120617,0.18235070282628268,22,48,0,-26,0.0,1,0.20132176637272764,1.6931913882179215,1.0,22.44,-6.928454113991657,1404.1755375097498,0,1,0
14,1998,R,RS,TB,GB,NFC,NFC,Central,Central,1,1,H,1484.8231303924056,1579.0975956595232,0.4437190215785311,24,22,0,2,1.0,0,0.8125637511566336,0.4493003985943676,1.0,22.44,5.608592234122578,1490.4317226265282,1,0,0
14,1998,R,RS,GB,TB,NFC,NFC,Central,Central,1,1,A,1579.0975956595232,1484.8231303924056,0.5562809784214688,22,24,0,-2,0.0,0,0.8125637511566335,0.4493003985943676,1.0,22.44,-5.608592234122578,1573.4890034254006,0,1,0
15,1998,R,RS,ATL,NO,NFC,NFC,West,West,1,1,A,1582.8241374847548,1468.3376811744183,0.5847810588950753,27,17,0,10,1.0,1,0.5365177601014134,0.9506796599854864,1.0,22.44,8.857970127251232,1591.6821076120061,1,0,0
15,1998,R,RS,NO,ATL,NFC,NFC,West,West,1,1,H,1468.3376811744183,1582.8241374847548,0.41521894110492474,17,27,0,-10,0.0,1,0.5365177601014134,0.9506796599854864,1.0,22.44,-8.857970127251232,1459.479711047167,0,1,0
15,1998,R,RS,BUF,OAK,AFC,AFC,East,West,1,0,H,1516.932854240392,1471.689481018166,0.6403876941562141,44,21,0,23,1.0,1,0.4456815139152007,1.7437171901129498,1.0,20.4,12.792068053309686,1529.7249222937019,1,0,0
15,1998,R,RS,OAK,BUF,AFC,AFC,West,East,1,0,A,1471.689481018166,1516.932854240392,0.3596123058437858,21,44,0,-23,0.0,1,0.44568151391520056,1.7437171901129498,1.0,20.4,-12.792068053309682,1458.8974129648561,0,1,0
15,1998,R,RS,WAS,CAR,NFC,NFC,East,West,1,0,A,1452.1525835577768,1433.111879740904,0.4484344064570334,28,25,0,3,1.0,0,0.8019928591109177,0.5506735258134184,1.0,20.4,6.196144430318996,1458.3487279880958,1,0,0
15,1998,R,RS,CAR,WAS,NFC,NFC,West,East,1,0,H,1433.111879740904,1452.1525835577768,0.5515655935429665,25,28,0,-3,0.0,0,0.8019928591109176,0.5506735258134184,1.0,20.4,-6.196144430318995,1426.915735310585,0,1,0
15,1998,R,RS,GB,CHI,NFC,NFC,Central,Central,1,1,H,1573.4890034254006,1404.1755375097498,0.7843590458645909,26,20,0,6,1.0,1,0.24288839680243685,0.6810271625530576,1.0,22.44,3.2954788694866086,1576.7844822948873,1,0,0
15,1998,R,RS,CHI,GB,NFC,NFC,Central,Central,1,1,A,1404.1755375097498,1573.4890034254006,0.21564095413540907,20,26,0,-6,0.0,1,0.24288839680243685,0.6810271625530576,1.0,22.44,-3.2954788694866086,1400.880058640263,0,1,0
15,1998,R,RS,IND,CIN,AFC,AFC,East,Central,1,0,H,1392.9607876217542,1398.1076446704653,0.5712560779524761,39,26,0,13,1.0,1,0.5599176970885718,1.2202538675546184,1.0,20.4,10.672799153008148,1403.6335867747623,1,0,0
15,1998,R,RS,CIN,IND,AFC,AFC,Central,East,1,0,A,1398.1076446704653,1392.9607876217542,0.4287439220475239,26,39,0,-13,0.0,1,0.5599176970885718,1.2202538675546184,1.0,20.4,-10.672799153008148,1387.4348455174572,0,1,0
15,1998,R,RS,ARI,PHI,NFC,NFC,East,East,1,1,A,1444.5146239569592,1387.7072695107317,0.5026009686672748,20,17,1,3,1.0,1,0.6879587265619781,0.3743313668045585,1.0,22.44,4.178149809481193,1448.6927737664405,1,0,0
15,1998,R,RS,PHI,ARI,NFC,NFC,East,East,1,1,H,1387.7072695107317,1444.5146239569592,0.49739903133272517,17,20,1,-3,0.0,1,0.6879587265619781,0.3743313668045585,1.0,22.44,-4.178149809481192,1383.5291197012505,0,1,0
15,1998,R,RS,NYG,DEN,NFC,AFC,East,West,0,0,H,1468.879756766921,1660.9311444022123,0.3123982064104957,20,16,0,4,1.0,0,1.163476602356725,0.5482093581493305,1.0,20.0,7.538994758520611,1476.4187515254416,1,0,0
15,1998,R,RS,DEN,NYG,AFC,NFC,West,East,0,0,A,1660.9311444022123,1468.879756766921,0.6876017935895044,16,20,0,-4,0.0,0,1.1634766023567251,0.5482093581493305,1.0,20.0,-7.538994758520612,1653.3921496436917,0,1,0
15,1998,R,RS,TEN,JAX,AFC,AFC,Central,Central,1,1,A,1521.7174240719723,1573.5531736600644,0.3509203843502116,16,13,0,3,1.0,0,1.047195906458073,0.5368012969321914,1.0,22.44,7.818696931824149,1529.5361210037966,1,0,0
15,1998,R,RS,JAX,TEN,AFC,AFC,Central,Central,1,1,H,1573.5531736600644,1521.7174240719723,0.6490796156497883,13,16,0,-3,0.0,0,1.0471959064580727,0.5368012969321914,1.0,22.44,-7.818696931824147,1565.7344767282402,0,1,0
15,1998,R,RS,STL,NE,NFC,AFC,West,East,0,0,H,1416.036627983587,1544.2794312493493,0.3961292908230687,32,18,0,14,1.0,0,0.9260146290371178,1.1664930438429681,1.0,20.0,14.088219632708208,1430.1248476162953,1,0,0
15,1998,R,RS,NE,STL,AFC,NFC,East,West,0,0,A,1544.2794312493493,1416.036627983587,0.6038707091769313,18,32,0,-14,0.0,0,0.9260146290371178,1.1664930438429681,1.0,20.0,-14.088219632708208,1530.191211616641,0,1,0
15,1998,R,RS,TB,PIT,NFC,AFC,Central,Central,0,0,H,1490.4317226265282,1513.2269123978274,0.5462141662711283,16,3,0,13,1.0,1,0.604744134227734,1.2033340626765858,1.0,20.0,10.921119017720898,1501.352841644249,1,0,0
15,1998,R,RS,PIT,TB,AFC,NFC,Central,Central,0,0,A,1513.2269123978274,1490.4317226265282,0.45378583372887177,3,16,0,-13,0.0,1,0.6047441342277342,1.2033340626765858,1.0,20.0,-10.921119017720898,1502.3057933801065,0,1,0
15,1998,R,RS,SEA,SD,AFC,AFC,West,West,1,1,H,1516.0162894793893,1431.1748963444772,0.6910412548683472,38,17,0,21,1.0,1,0.36955575385864414,1.5870407473073573,1.0,22.44,11.003007842554183,1527.0192973219434,1,0,0
15,1998,R,RS,SD,SEA,AFC,AFC,West,West,1,1,A,1431.1748963444772,1516.0162894793893,0.3089587451316528,17,38,0,-21,0.0,1,0.36955575385864414,1.5870407473073573,1.0,22.44,-11.003007842554183,1420.1718885019231,0,1,0
15,1998,R,RS,KC,DAL,AFC,NFC,West,East,0,0,H,1496.8834644340893,1551.7503684008798,0.5001915405793835,20,17,0,3,1.0,1,0.6927641727580315,0.5355543286806858,1.0,20.0,5.35349167907872,1502.236956113168,1,0,0
15,1998,R,RS,DAL,KC,NFC,AFC,East,West,0,0,A,1551.7503684008798,1496.8834644340893,0.49980845942061647,17,20,0,-3,0.0,1,0.6927641727580315,0.5355543286806858,1.0,20.0,-5.35349167907872,1546.3968767218012,0,1,0
15,1998,R,RS,MIN,BAL,NFC,AFC,Central,Central,0,0,A,1623.6962962346086,1461.3681123213032,0.6497250124385702,38,28,0,10,1.0,1,0.43120606339346224,0.9184759853376537,1.0,20.0,6.434383286792373,1630.130679521401,1,0,0
15,1998,R,RS,BAL,MIN,AFC,NFC,Central,Central,0,0,H,1461.3681123213032,1623.6962962346086,0.3502749875614299,28,38,0,-10,0.0,1,0.4312060633934624,0.9184759853376537,1.0,20.0,-6.434383286792374,1454.9337290345109,0,1,0
15,1998,R,RS,NYJ,MIA,AFC,AFC,East,East,1,1,A,1578.8898234947128,1548.5683908511926,0.46454429544546455,21,16,0,5,1.0,0,0.7666983637130503,0.6870711667295738,1.0,22.44,8.25559018181692,1587.1454136765296,1,0,0
15,1998,R,RS,MIA,NYJ,AFC,AFC,East,East,1,1,H,1548.5683908511926,1578.8898234947128,0.5354557045545354,16,21,0,-5,0.0,0,0.7666983637130502,0.6870711667295738,1.0,22.44,-8.25559018181692,1540.3128006693757,0,1,0
15,1998,R,RS,SF,DET,NFC,NFC,West,Central,1,0,H,1592.4753381325963,1484.6752646572404,0.7185241282892674,35,13,0,22,1.0,1,0.3305559925526264,1.6119995963280518,1.0,20.4,9.256275428105264,1601.7316135607016,1,0,0
15,1998,R,RS,DET,SF,NFC,NFC,Central,West,1,0,A,1484.6752646572404,1592.4753381325963,0.2814758717107326,13,35,0,-22,0.0,1,0.3305559925526264,1.6119995963280518,1.0,20.4,-9.256275428105262,1475.4189892291351,0,1,0
16,1998,R,RS,NYJ,BUF,AFC,AFC,East,East,1,1,A,1587.1454136765296,1529.7249222937019,0.5034833107554594,17,10,0,7,1.0,1,0.6862047138367107,0.8043285087427441,1.0,22.44,8.961695133390226,1596.10710880992,1,0,0
16,1998,R,RS,BUF,NYJ,AFC,AFC,East,East,1,1,H,1529.7249222937019,1587.1454136765296,0.4965166892445406,10,17,0,-7,0.0,1,0.6862047138367107,0.8043285087427441,1.0,22.44,-8.961695133390226,1520.7632271603115,0,1,0
16,1998,R,RS,WAS,TB,NFC,NFC,East,Central,1,0,H,1458.3487279880958,1501.352841644249,0.5172566114594221,20,16,0,4,1.0,1,0.6592161804963225,0.6114025912868234,1.0,20.4,6.021071397077939,1464.3697993851738,1,0,0
16,1998,R,RS,TB,WAS,NFC,NFC,Central,East,1,0,A,1501.352841644249,1458.3487279880958,0.4827433885405778,16,20,0,-4,0.0,1,0.6592161804963225,0.6114025912868234,1.0,20.4,-6.021071397077938,1495.331770247171,0,1,0
16,1998,R,RS,CAR,STL,NFC,NFC,West,West,1,1,H,1426.915735310585,1430.1248476162953,0.5739858823084762,20,13,0,7,1.0,1,0.5551504782464398,0.8391221894316447,1.0,22.44,8.021804057287325,1434.9375393678722,1,0,0
16,1998,R,RS,STL,CAR,NFC,NFC,West,West,1,1,A,1430.1248476162953,1426.915735310585,0.4260141176915238,13,20,0,-7,0.0,1,0.5551504782464398,0.8391221894316447,1.0,22.44,-8.021804057287326,1422.103043559008,0,1,0
16,1998,R,RS,CHI,BAL,NFC,AFC,Central,Central,0,0,H,1400.880058640263,1454.9337290345109,0.5013618744091969,24,3,0,21,1.0,1,0.690427134423438,1.6245095813097674,1.0,20.0,16.200848252572055,1417.0809068928352,1,0,0
16,1998,R,RS,BAL,CHI,AFC,NFC,Central,Central,0,0,A,1454.9337290345109,1400.880058640263,0.4986381255908031,3,24,0,-21,0.0,1,0.690427134423438,1.6245095813097674,1.0,20.0,-16.200848252572055,1438.7328807819388,0,1,0
16,1998,R,RS,CIN,PIT,AFC,AFC,Central,Central,1,1,A,1387.4348455174572,1502.3057933801065,0.27331745075978103,25,24,0,1,1.0,0,1.2971213360566345,0.37017335323508527,1.0,22.44,6.036326698808235,1393.4711722162654,1,0,0
16,1998,R,RS,PIT,CIN,AFC,AFC,Central,Central,1,1,H,1502.3057933801065,1387.4348455174572,0.726682549240219,24,25,0,-1,0.0,0,1.2971213360566347,0.37017335323508527,1.0,22.44,-6.036326698808237,1496.2694666812984,0,1,0
16,1998,R,RS,GB,TEN,NFC,AFC,Central,Central,0,0,H,1576.7844822948873,1529.5361210037966,0.6430413040621022,30,22,0,8,1.0,1,0.4415463203190976,0.8748624307048833,1.0,20.0,6.245795047789493,1583.0302773426768,1,0,0
16,1998,R,RS,TEN,GB,AFC,NFC,Central,Central,0,0,A,1529.5361210037966,1576.7844822948873,0.3569586959378978,22,30,0,-8,0.0,1,0.4415463203190978,0.8748624307048833,1.0,20.0,-6.2457950477894935,1523.290325956007,0,1,0
16,1998,R,RS,NYG,KC,NFC,AFC,East,West,0,0,H,1476.4187515254416,1502.236956113168,0.5418975016868646,28,7,0,21,1.0,1,0.6126784067051311,1.6604620270191157,1.0,20.0,15.213236058630997,1491.6319875840727,1,0,0
16,1998,R,RS,KC,NYG,AFC,NFC,West,East,0,0,A,1502.236956113168,1476.4187515254416,0.45810249831313543,7,28,0,-21,0.0,1,0.6126784067051311,1.6604620270191157,1.0,20.0,-15.213236058630997,1487.0237200545369,0,1,0
16,1998,R,RS,NE,SF,AFC,NFC,East,West,0,0,H,1530.191211616641,1601.7316135607016,0.4762144149472722,24,21,0,3,1.0,0,0.7418870746036696,0.5287973926060567,1.0,20.0,5.539529033210409,1535.7307406498514,1,0,0
16,1998,R,RS,SF,NE,NFC,AFC,West,East,0,0,A,1601.7316135607016,1530.191211616641,0.5237855850527278,21,24,0,-3,0.0,0,0.7418870746036695,0.5287973926060567,1.0,20.0,-5.539529033210409,1596.1920845274913,0,1,0
16,1998,R,RS,SEA,IND,AFC,AFC,West,East,1,0,H,1527.0192973219434,1403.6335867747623,0.7363087651226953,27,23,0,4,1.0,1,0.30610573039651323,0.5756183856892809,1.0,20.4,3.0964246679859375,1530.1157219899294,1,0,0
16,1998,R,RS,IND,SEA,AFC,AFC,East,West,1,0,A,1403.6335867747623,1527.0192973219434,0.2636912348773047,23,27,0,-4,0.0,1,0.30610573039651323,0.5756183856892809,1.0,20.4,-3.0964246679859375,1400.5371621067763,0,1,0
16,1998,R,RS,OAK,SD,AFC,AFC,West,West,1,1,A,1458.8974129648561,1420.1718885019231,0.4765962615851968,17,10,0,7,1.0,0,0.74108555827357,0.815996544005676,1.0,22.44,9.584026198987964,1468.481439163844,1,0,0
16,1998,R,RS,SD,OAK,AFC,AFC,West,West,1,1,H,1420.1718885019231,1458.8974129648561,0.5234037384148031,10,17,0,-7,0.0,0,0.7410855582735699,0.815996544005676,1.0,22.44,-9.584026198987964,1410.5878623029353,0,1,0
16,1998,R,RS,ATL,DET,NFC,NFC,West,Central,1,0,A,1591.6821076120061,1475.4189892291351,0.5872621961813334,24,17,0,7,1.0,1,0.5322838873636119,0.7696874489141883,1.0,20.4,6.480653788749338,1598.1627614007555,1,0,0
16,1998,R,RS,DET,ATL,NFC,NFC,Central,West,1,0,H,1475.4189892291351,1591.6821076120061,0.4127378038186667,17,24,0,-7,0.0,1,0.5322838873636119,0.7696874489141883,1.0,20.4,-6.480653788749339,1468.9383354403858,0,1,0
16,1998,R,RS,ARI,NO,NFC,NFC,East,West,1,0,H,1448.6927737664405,1459.479711047167,0.5632864610881938,19,17,0,2,1.0,1,0.5739669683637564,0.4790524355902837,1.0,20.4,4.267857163207439,1452.960630929648,1,0,0
16,1998,R,RS,NO,ARI,NFC,NFC,West,East,1,0,A,1459.479711047167,1448.6927737664405,0.4367135389118062,17,19,0,-2,0.0,1,0.5739669683637564,0.4790524355902837,1.0,20.4,-4.267857163207439,1455.2118538839595,0,1,0
16,1998,R,RS,DAL,PHI,NFC,NFC,East,East,1,1,H,1546.3968767218012,1383.5291197012505,0.7780170088811029,13,9,0,4,1.0,1,0.25100689272768006,0.5595329511241693,1.0,22.44,2.7872005498156445,1549.1840772716168,1,0,0
16,1998,R,RS,PHI,DAL,NFC,NFC,East,East,1,1,A,1383.5291197012505,1546.3968767218012,0.22198299111889716,9,13,0,-4,0.0,1,0.2510068927276802,0.5595329511241693,1.0,22.44,-2.7872005498156454,1380.7419191514348,0,1,0
16,1998,R,RS,MIN,JAX,NFC,AFC,Central,Central,0,0,H,1630.130679521401,1565.7344767282402,0.6653659830431851,50,10,0,40,1.0,1,0.4074180392726655,2.569787535602621,1.0,20.0,17.198766515285186,1647.329446036686,1,0,0
16,1998,R,RS,JAX,MIN,AFC,NFC,Central,Central,0,0,A,1565.7344767282402,1630.130679521401,0.3346340169568149,10,50,0,-40,0.0,1,0.4074180392726655,2.569787535602621,1.0,20.0,-17.198766515285183,1548.535710212955,0,1,0
16,1998,R,RS,MIA,DEN,AFC,AFC,East,West,1,0,H,1540.3128006693757,1653.3921496436917,0.41718705100073605,31,21,0,10,1.0,0,0.8742205942069645,0.951661046964005,1.0,20.4,11.314663777067903,1551.6274644464436,1,0,0
16,1998,R,RS,DEN,MIA,AFC,AFC,West,East,1,0,A,1653.3921496436917,1540.3128006693757,0.5828129489992638,21,31,0,-10,0.0,0,0.8742205942069642,0.951661046964005,1.0,20.4,-11.314663777067901,1642.0774858666239,0,1,0
17,1998,R,RS,MIN,TEN,NFC,AFC,Central,Central,0,0,A,1647.329446036686,1523.290325956007,0.5980678995319438,26,16,0,10,1.0,1,0.5140509871093801,0.9440702971133351,1.0,20.0,7.589043150165293,1654.9184891868513,1,0,0
17,1998,R,RS,TEN,MIN,AFC,NFC,Central,Central,0,0,H,1523.290325956007,1647.329446036686,0.4019321004680562,16,26,0,-10,0.0,1,0.5140509871093802,0.9440702971133351,1.0,20.0,-7.589043150165294,1515.7012828058419,0,1,0
17,1998,R,RS,KC,OAK,AFC,AFC,West,West,1,1,A,1487.0237200545369,1468.481439163844,0.44772485277983587,31,24,0,7,1.0,0,0.8035764031476674,0.8289795223816185,1.0,22.44,10.273588237464772,1497.2973082920016,1,0,0
17,1998,R,RS,OAK,KC,AFC,AFC,West,West,1,1,H,1468.481439163844,1487.0237200545369,0.5522751472201641,24,31,0,-7,0.0,0,0.8035764031476674,0.8289795223816185,1.0,22.44,-10.273588237464772,1458.2078509263793,0,1,0
17,1998,R,RS,ATL,MIA,NFC,AFC,West,East,0,0,H,1598.1627614007555,1551.6274644464436,0.6420985558697252,38,16,0,22,1.0,1,0.4430134732584446,1.688170908634817,1.0,20.0,12.083976122782385,1610.2467375235378,1,0,0
17,1998,R,RS,MIA,ATL,AFC,NFC,East,West,0,0,A,1551.6274644464436,1598.1627614007555,0.35790144413027486,16,38,0,-22,0.0,1,0.4430134732584446,1.688170908634817,1.0,20.0,-12.083976122782387,1539.5434883236612,0,1,0
17,1998,R,RS,BUF,NO,AFC,NFC,East,West,0,0,A,1520.7632271603115,1455.2118538839595,0.5151799802458727,45,33,0,12,1.0,1,0.663238963165408,1.105640515017861,1.0,20.0,10.720733126638455,1531.48396028695,1,0,0
17,1998,R,RS,NO,BUF,NFC,AFC,West,East,0,0,H,1455.2118538839595,1520.7632271603115,0.48482001975412714,33,45,0,-12,0.0,1,0.6632389631654078,1.105640515017861,1.0,20.0,-10.720733126638452,1444.4911207573211,0,1,0
17,1998,R,RS,CAR,IND,NFC,AFC,West,East,0,0,A,1434.9375393678722,1400.5371621067763,0.47038944898050555,27,19,0,8,1.0,0,0.7541943125376547,0.8836137661429092,1.0,20.0,9.359423471507135,1444.2969628393794,1,0,0
17,1998,R,RS,IND,CAR,AFC,NFC,East,West,0,0,H,1400.5371621067763,1434.9375393678722,0.5296105510194945,19,27,0,-8,0.0,0,0.7541943125376548,0.8836137661429092,1.0,20.0,-9.359423471507137,1391.1777386352692,0,1,0
17,1998,R,RS,GB,CHI,NFC,NFC,Central,Central,1,1,A,1583.0302773426768,1417.0809068928352,0.6544540883515688,16,13,0,3,1.0,1,0.4239538437602252,0.4935396232067003,1.0,22.44,3.826931042358471,1586.8572083850352,1,0,0
17,1998,R,RS,CHI,GB,NFC,NFC,Central,Central,1,1,H,1417.0809068928352,1583.0302773426768,0.34554591164843124,13,16,0,-3,0.0,1,0.4239538437602252,0.4935396232067003,1.0,22.44,-3.8269310423584715,1413.2539758504768,0,1,0
17,1998,R,RS,TB,CIN,NFC,AFC,Central,Central,0,0,A,1495.331770247171,1393.4711722162654,0.5670318450683434,35,0,0,35,1.0,1,0.5673398126898322,2.263308303972484,1.0,20.0,19.598808408249266,1514.9305786554203,1,0,0
17,1998,R,RS,CIN,TB,AFC,NFC,Central,Central,0,0,H,1393.4711722162654,1495.331770247171,0.4329681549316566,0,35,0,-35,0.0,1,0.5673398126898322,2.263308303972484,1.0,20.0,-19.598808408249266,1373.8723638080162,0,1,0
17,1998,R,RS,BAL,DET,AFC,NFC,Central,Central,0,0,H,1438.7328807819388,1468.9383354403858,0.5356217670812372,19,10,0,9,1.0,1,0.6243270254359634,0.9504167314386496,1.0,20.0,8.827056845638129,1447.5599376275768,1,0,0
17,1998,R,RS,DET,BAL,NFC,AFC,Central,Central,0,0,A,1468.9383354403858,1438.7328807819388,0.46437823291876285,10,19,0,-9,0.0,1,0.6243270254359636,0.9504167314386496,1.0,20.0,-8.82705684563813,1460.1112785947478,0,1,0
17,1998,R,RS,NYJ,NE,AFC,AFC,East,East,1,1,H,1596.10710880992,1535.7307406498514,0.660194201641079,31,10,0,21,1.0,1,0.41522124233248375,1.6166711591969483,1.0,22.44,12.327509009496044,1608.434617819416,1,0,0
17,1998,R,RS,NE,NYJ,AFC,AFC,East,East,1,1,A,1535.7307406498514,1596.10710880992,0.33980579835892105,10,31,0,-21,0.0,1,0.4152212423324839,1.6166711591969483,1.0,22.44,-12.327509009496046,1523.4032316403554,0,1,0
17,1998,R,RS,NYG,PHI,NFC,NFC,East,East,1,1,A,1491.6319875840727,1380.7419191514348,0.5797455882107604,20,10,0,10,1.0,1,0.5451659126887145,0.9531919957604723,1.0,22.44,8.989085695271863,1500.6210732793445,1,0,0
17,1998,R,RS,PHI,NYG,NFC,NFC,East,East,1,1,H,1380.7419191514348,1491.6319875840727,0.4202544117892398,10,20,0,-10,0.0,1,0.5451659126887146,0.9531919957604723,1.0,22.44,-8.989085695271866,1371.752833456163,0,1,0
17,1998,R,RS,SF,STL,NFC,NFC,West,West,1,1,H,1596.1920845274913,1422.103043559008,0.7889724196662748,38,19,0,19,1.0,1,0.23702391481026322,1.387553540516569,1.0,22.44,6.570702766396542,1602.7627872938879,1,0,0
17,1998,R,RS,STL,SF,NFC,NFC,West,West,1,1,A,1422.103043559008,1596.1920845274913,0.2110275803337252,19,38,0,-19,0.0,1,0.23702391481026322,1.387553540516569,1.0,22.44,-6.570702766396543,1415.5323407926114,0,1,0
17,1998,R,RS,ARI,SD,NFC,AFC,East,West,0,0,H,1452.960630929648,1410.5878623029353,0.6365734775304673,16,13,0,3,1.0,1,0.45165542769375305,0.5407318505435235,1.0,20.0,3.9303259206309566,1456.890956850279,1,0,0
17,1998,R,RS,SD,ARI,AFC,NFC,West,East,0,0,A,1410.5878623029353,1452.960630929648,0.36342652246953266,13,16,0,-3,0.0,1,0.45165542769375305,0.5407318505435235,1.0,20.0,-3.9303259206309566,1406.6575363823042,0,1,0
17,1998,R,RS,DEN,SEA,AFC,AFC,West,West,1,1,H,1642.0774858666239,1530.1157219899294,0.7233438247705478,28,21,0,7,1.0,1,0.3238706169298478,0.7721182796941294,1.0,22.44,4.7934373495056555,1646.8709232161295,1,0,0
17,1998,R,RS,SEA,DEN,AFC,AFC,West,West,1,1,A,1530.1157219899294,1642.0774858666239,0.27665617522945213,21,28,0,-7,0.0,1,0.32387061692984764,0.7721182796941294,1.0,22.44,-4.793437349505655,1525.3222846404237,0,1,0
17,1998,R,RS,DAL,WAS,NFC,NFC,East,East,1,1,H,1549.1840772716168,1464.3697993851738,0.6910079285987497,23,7,0,16,1.0,1,0.3696039811865897,1.3165300819269654,1.0,22.44,9.128532692800492,1558.3126099644173,1,0,0
17,1998,R,RS,WAS,DAL,NFC,NFC,East,East,1,1,A,1464.3697993851738,1549.1840772716168,0.3089920714012503,7,23,0,-16,0.0,1,0.3696039811865897,1.3165300819269654,1.0,22.44,-9.128532692800492,1455.2412666923733,0,1,0
17,1998,R,RS,JAX,PIT,AFC,AFC,Central,Central,1,1,H,1548.535710212955,1496.2694666812984,0.6496438618885294,21,3,0,18,1.0,1,0.4313309710340093,1.4619226748503178,1.0,22.44,11.493623993053653,1560.0293342060088,1,0,0
17,1998,R,RS,PIT,JAX,AFC,AFC,Central,Central,1,1,A,1496.2694666812984,1548.535710212955,0.3503561381114705,3,21,0,-18,0.0,1,0.43133097103400914,1.4619226748503178,1.0,22.44,-11.49362399305365,1484.7758426882447,0,1,0
18,1998,P,WC,MIA,BUF,AFC,AFC,East,East,1,1,H,1539.5434883236612,1531.48396028695,0.5897664121753529,24,17,0,7,1.0,1,0.528028732043247,0.8358869756940221,1.1,24.684000000000005,8.464363609845977,1548.0078519335073,0,0,0
18,1998,P,WC,BUF,MIA,AFC,AFC,East,East,1,1,A,1531.48396028695,1539.5434883236612,0.4102335878246471,17,24,0,-7,0.0,1,0.5280287320432467,0.8358869756940221,1.1,24.684000000000005,-8.464363609845975,1523.019596677104,0,0,0
18,1998,P,WC,ARI,DAL,NFC,NFC,East,East,1,1,A,1456.890956850279,1558.3126099644173,0.28896102732756623,20,7,0,13,1.0,0,1.2414634535010938,1.1333234177011946,1.1,24.684000000000005,19.891283436210323,1476.7822402864895,0,0,0
18,1998,P,WC,DAL,ARI,NFC,NFC,East,East,1,1,H,1558.3126099644173,1456.890956850279,0.7110389726724337,7,20,0,-13,0.0,0,1.2414634535010936,1.1333234177011946,1.1,24.684000000000005,-19.89128343621032,1538.421326528207,0,0,0
18,1998,P,WC,JAX,NE,AFC,AFC,Central,East,1,0,H,1560.0293342060088,1523.4032316403554,0.6288863588501187,25,10,0,15,1.0,1,0.4638047081590668,1.3080200338026513,1.1,22.44,10.892916297787098,1570.9222505037958,0,0,0
18,1998,P,WC,NE,JAX,AFC,AFC,East,Central,1,0,A,1523.4032316403554,1560.0293342060088,0.37111364114988127,10,25,0,-15,0.0,1,0.46380470815906666,1.3080200338026513,1.1,22.44,-10.892916297787098,1512.5103153425684,0,0,0
18,1998,P,WC,SF,GB,NFC,NFC,West,Central,1,0,H,1602.7627872938879,1586.8572083850352,0.6006478761233316,30,27,0,3,1.0,1,0.5097464127848244,0.5520373165381998,1.1,22.44,4.9470612469317805,1607.7098485408196,0,0,0
18,1998,P,WC,GB,SF,NFC,NFC,Central,West,1,0,A,1586.8572083850352,1602.7627872938879,0.39935212387666846,27,30,0,-3,0.0,1,0.5097464127848244,0.5520373165381998,1.1,22.44,-4.947061246931781,1581.9101471381034,0,0,0
19,1998,P,DV,ATL,SF,NFC,NFC,West,West,1,1,H,1610.2467375235378,1607.7098485408196,0.5820535056363888,20,18,0,2,1.0,1,0.5411929013932358,0.48220779633507443,1.2,26.928,5.426989898713878,1615.6737274222517,0,0,0
19,1998,P,DV,SF,ATL,NFC,NFC,West,West,1,1,A,1607.7098485408196,1610.2467375235378,0.41794649436361125,18,20,0,-2,0.0,1,0.541192901393236,0.48220779633507443,1.2,26.928,-5.426989898713879,1602.2828586421058,0,0,0
19,1998,P,DV,DEN,MIA,AFC,AFC,West,East,1,0,H,1646.8709232161295,1548.0078519335073,0.7080034616414098,38,3,0,35,1.0,1,0.3453062959763448,2.2683379673424793,1.2,24.479999999999997,16.214250503452607,1663.0851737195821,0,0,0
19,1998,P,DV,MIA,DEN,AFC,AFC,East,West,1,0,A,1548.0078519335073,1646.8709232161295,0.2919965383585902,3,38,0,-35,0.0,1,0.3453062959763448,2.2683379673424793,1.2,24.479999999999997,-16.214250503452607,1531.7936014300547,0,0,0
19,1998,P,DV,NYJ,JAX,AFC,AFC,East,Central,1,0,H,1608.434617819416,1570.9222505037958,0.6300762626464749,34,24,0,10,1.0,1,0.4619144151029376,1.0075161631607998,1.2,24.479999999999997,9.123797457862501,1617.5584152772785,0,0,0
19,1998,P,DV,JAX,NYJ,AFC,AFC,Central,East,1,0,A,1570.9222505037958,1608.434617819416,0.36992373735352524,24,34,0,-10,0.0,1,0.4619144151029378,1.0075161631607998,1.2,24.479999999999997,-9.123797457862505,1561.7984530459332,0,0,0
19,1998,P,DV,MIN,ARI,NFC,NFC,Central,East,1,0,H,1654.9184891868513,1476.7822402864895,0.7928252396126979,41,21,0,20,1.0,1,0.2321524604328803,1.433710202939485,1.2,24.479999999999997,7.271259338735866,1662.1897485255872,0,0,0
19,1998,P,DV,ARI,MIN,NFC,NFC,East,Central,1,0,A,1476.7822402864895,1654.9184891868513,0.20717476038730218,21,41,0,-20,0.0,1,0.23215246043288043,1.433710202939485,1.2,24.479999999999997,-7.271259338735868,1469.5109809477535,0,0,0
20,1998,P,CC,ATL,MIN,NFC,NFC,West,Central,1,0,A,1615.6737274222517,1662.1897485255872,0.357926944192996,30,27,1,3,1.0,0,1.0274263799058494,0.3773026905782576,1.35,27.54,6.671727252014276,1622.345454674266,0,0,0
20,1998,P,CC,MIN,ATL,NFC,NFC,Central,West,1,0,H,1662.1897485255872,1615.6737274222517,0.642073055807004,27,30,1,-3,0.0,0,1.0274263799058494,0.3773026905782576,1.35,27.54,-6.671727252014276,1655.518021273573,0,0,0
20,1998,P,CC,DEN,NYJ,AFC,AFC,West,East,1,0,H,1663.0851737195821,1617.5584152772785,0.6407632814326498,23,10,0,13,1.0,1,0.44509518600482617,1.1822201252749527,1.35,27.54,11.696152031908651,1674.7813257514908,0,0,0
20,1998,P,CC,NYJ,DEN,AFC,AFC,East,West,1,0,A,1617.5584152772785,1663.0851737195821,0.35923671856735007,10,23,0,-13,0.0,1,0.445095186004826,1.1822201252749527,1.35,27.54,-11.696152031908648,1605.8622632453698,0,0,0
21,1998,P,SB,DEN,ATL,AFC,NFC,West,West,0,0,N,1674.7813257514908,1622.345454674266,0.5748935139835561,34,19,0,15,1.0,1,0.5535704484072173,1.2921424812857554,1.5,30.0,16.478944489558682,1691.2602702410495,0,0,0
21,1998,P,SB,ATL,DEN,NFC,AFC,West,West,0,0,N,1622.345454674266,1674.7813257514908,0.42510648601644385,19,34,0,-15,0.0,1,0.5535704484072173,1.2921424812857554,1.5,30.0,-16.478944489558682,1605.8665101847073,0,0,0
