Week,Season,Type,Round,Team,Opponent,Conf,OppConf,Div,OppDiv,ConfG,DivG,HomeAway,PreGmRate,OppPreGmRate,ExpectedWin%,PointsFor,PointsAgainst,OT,MOV,Result,Accuracy,Test,MOVMult,POMult,Keff,RatingChange,PostGmRate,W,L,T
1,1999,R,RS,DAL,WAS,NFC,NFC,East,East,1,1,A,1511.526397958462,1486.572380007712,0.45686782617258204,41,35,1,6,1.0,0,0.7833611505492079,0.5306965633267676,1.0,22.44,6.468069204169219,1517.9944671626313,1,0,0
1,1999,R,RS,WAS,DAL,NFC,NFC,East,East,1,1,H,1486.572380007712,1511.526397958462,0.543132173827418,35,41,1,-6,0.0,0,0.7833611505492079,0.5306965633267676,1.0,22.44,-6.468069204169219,1480.1043108035426,0,1,0
1,1999,R,RS,IND,BUF,AFC,AFC,East,East,1,1,H,1467.3533215905807,1506.905879003131,0.5222160198821642,31,14,0,17,1.0,1,0.6496739455121243,1.4198213390520864,1.0,22.44,15.222575461216465,1482.575897051797,1,0,0
1,1999,R,RS,BUF,IND,AFC,AFC,East,East,1,1,A,1506.905879003131,1467.3533215905807,0.47778398011783585,14,31,0,-17,0.0,1,0.6496739455121243,1.4198213390520864,1.0,22.44,-15.222575461216465,1491.6833035419147,0,1,0
1,1999,R,RS,NO,CAR,NFC,NFC,West,West,1,1,H,1483.3473362271964,1483.2890888518139,0.5785785088792166,19,10,0,9,1.0,1,0.5471810304427277,0.9733375915410746,1.0,22.44,9.204559909049445,1492.551896136246,1,0,0
1,1999,R,RS,CAR,NO,NFC,NFC,West,West,1,1,A,1483.2890888518139,1483.3473362271964,0.42142149112078336,10,19,0,-9,0.0,1,0.5471810304427277,0.9733375915410746,1.0,22.44,-9.204559909049443,1474.0845289427643,0,1,0
1,1999,R,RS,CHI,KC,NFC,AFC,Central,West,0,0,H,1473.976192755143,1499.1891924876004,0.542762218859691,20,17,0,3,1.0,1,0.6110839576080707,0.5480081515152331,1.0,20.0,5.0114006249125485,1478.9875933800556,1,0,0
1,1999,R,RS,KC,CHI,AFC,NFC,West,Central,0,0,A,1499.1891924876004,1473.976192755143,0.45723778114030894,17,20,0,-3,0.0,1,0.6110839576080707,0.5480081515152331,1.0,20.0,-5.0114006249125485,1494.1777918626879,0,1,0
1,1999,R,RS,GB,OAK,NFC,AFC,Central,West,0,0,H,1524.573044141431,1487.4623552779137,0.6295371618184746,28,24,0,4,1.0,1,0.4627703933744391,0.6142020825978257,1.0,20.0,4.550780934723884,1529.1238250761548,1,0,0
1,1999,R,RS,OAK,GB,AFC,NFC,West,Central,0,0,A,1487.4623552779137,1524.573044141431,0.37046283818152537,24,28,0,-4,0.0,1,0.4627703933744391,0.6142020825978257,1.0,20.0,-4.550780934723884,1482.9115743431898,0,1,0
1,1999,R,RS,NE,NYJ,AFC,AFC,East,East,1,1,A,1503.7530946027705,1531.758678973611,0.38276737431201757,30,28,0,2,1.0,0,0.960327852105506,0.47259813294328124,1.0,22.44,6.545815016876434,1510.298909619647,1,0,0
1,1999,R,RS,NYJ,NE,AFC,AFC,East,East,1,1,H,1531.758678973611,1503.7530946027705,0.6172326256879824,28,30,0,-2,0.0,0,0.960327852105506,0.47259813294328124,1.0,22.44,-6.545815016876434,1525.2128639567345,0,1,0
1,1999,R,RS,STL,BAL,NFC,AFC,West,Central,0,0,H,1474.6597022377834,1484.267981288273,0.5649547891363734,27,10,0,17,1.0,1,0.5710095702650629,1.453574312979043,1.0,20.0,12.647410869918378,1487.3071131077018,1,0,0
1,1999,R,RS,BAL,STL,AFC,NFC,Central,West,0,0,A,1484.267981288273,1474.6597022377834,0.4350452108636265,10,27,0,-17,0.0,1,0.5710095702650627,1.453574312979043,1.0,20.0,-12.647410869918376,1471.6205704183546,0,1,0
1,1999,R,RS,TEN,CIN,AFC,AFC,Central,Central,1,1,H,1504.7103848417526,1462.1617091424048,0.636807708363873,36,35,0,1,1.0,1,0.4512875396824614,0.39088574767221124,1.0,22.44,3.1857325340339555,1507.8961173757866,1,0,0
1,1999,R,RS,CIN,TEN,AFC,AFC,Central,Central,1,1,A,1462.1617091424048,1504.7103848417526,0.363192291636127,35,36,0,-1,0.0,1,0.4512875396824614,0.39088574767221124,1.0,22.44,-3.1857325340339555,1458.9759766083707,0,1,0
1,1999,R,RS,ARI,PHI,NFC,NFC,East,East,1,1,A,1490.853294284326,1461.5258500368489,0.46312131670801965,25,24,0,1,1.0,0,0.7697662360904951,0.3949253631470842,1.0,22.44,4.757886081174909,1495.611180365501,1,0,0
1,1999,R,RS,PHI,ARI,NFC,NFC,East,East,1,1,H,1461.5258500368489,1490.853294284326,0.5368786832919803,24,25,0,-1,0.0,0,0.769766236090495,0.3949253631470842,1.0,22.44,-4.757886081174909,1456.7679639556738,0,1,0
1,1999,R,RS,MIN,ATL,NFC,NFC,Central,West,1,0,A,1546.6554063820718,1531.759953055412,0.4425398933548223,17,14,0,3,1.0,0,0.8152246641236486,0.552478164842535,1.0,20.4,6.282884548521931,1552.9382909305937,1,0,0
1,1999,R,RS,ATL,MIN,NFC,NFC,West,Central,1,0,H,1531.759953055412,1546.6554063820718,0.5574601066451776,14,17,0,-3,0.0,0,0.8152246641236484,0.552478164842535,1.0,20.4,-6.282884548521931,1525.4770685068902,0,1,0
1,1999,R,RS,DET,SEA,NFC,AFC,Central,West,0,0,A,1488.0333835784243,1507.596685392127,0.39431239641032106,28,20,0,8,1.0,0,0.9306117995607428,0.8939403438691937,1.0,20.0,10.82897169260531,1498.8623552710296,1,0,0
1,1999,R,RS,SEA,DET,AFC,NFC,West,Central,0,0,H,1507.596685392127,1488.0333835784243,0.605687603589679,20,28,0,-8,0.0,0,0.9306117995607429,0.8939403438691937,1.0,20.0,-10.82897169260531,1496.7677136995217,0,1,0
1,1999,R,RS,NYG,TB,NFC,NFC,East,Central,1,0,A,1500.1863219838033,1504.479173596626,0.415489575527029,17,13,0,4,1.0,0,0.8782977539856545,0.6302723200705297,1.0,20.4,7.515375123294987,1507.7016971070982,1,0,0
1,1999,R,RS,TB,NYG,NFC,NFC,Central,East,1,0,H,1504.479173596626,1500.1863219838033,0.584510424472971,13,17,0,-4,0.0,0,0.8782977539856544,0.6302723200705297,1.0,20.4,-7.5153751232949855,1496.963798473331,0,1,0
1,1999,R,RS,JAX,SF,AFC,NFC,Central,West,0,0,H,1518.53953591378,1530.6848575926317,0.5613619646634065,41,3,0,38,1.0,1,0.5773893682162987,2.5761222766542917,1.0,20.0,22.59970428436942,1541.1392401981493,1,0,0
1,1999,R,RS,SF,JAX,NFC,AFC,West,Central,0,0,A,1530.6848575926317,1518.53953591378,0.43863803533659346,3,41,0,-38,0.0,1,0.5773893682162987,2.5761222766542917,1.0,20.0,-22.599704284369416,1508.0851533082623,0,1,0
1,1999,R,RS,PIT,CLE,AFC,AFC,Central,Central,1,1,A,1495.4327528064734,1500.0,0.4151060209732936,43,0,0,43,1.0,0,0.879221319154107,2.8415877356303723,1.0,22.44,37.29589838909581,1532.7286511955692,1,0,0
1,1999,R,RS,CLE,PIT,AFC,AFC,Central,Central,1,1,H,1500.0,1495.4327528064734,0.5848939790267065,0,43,0,-43,0.0,0,0.8792213191541071,2.8415877356303723,1.0,22.44,-37.29589838909581,1462.7041016109042,0,1,0
1,1999,R,RS,MIA,DEN,AFC,AFC,East,West,1,0,A,1509.5380804290164,1557.378081072315,0.3561773242950737,38,21,0,17,1.0,0,1.0323265701892512,1.410754975910739,1.0,20.4,18.52883128443977,1528.0669117134562,1,0,0
1,1999,R,RS,DEN,MIA,AFC,AFC,West,East,1,0,H,1557.378081072315,1509.5380804290164,0.6438226757049262,21,38,0,-17,0.0,0,1.0323265701892512,1.410754975910739,1.0,20.4,-18.52883128443977,1538.8492497878751,0,1,0
2,1999,R,RS,SD,CIN,AFC,AFC,West,Central,1,0,A,1471.9972609146912,1458.9759766083707,0.43988004227892635,34,7,0,27,1.0,0,0.8212532204247259,2.005095600547607,1.0,20.4,22.9111188853109,1494.9083798000022,1,0,0
2,1999,R,RS,CIN,SD,AFC,AFC,Central,West,1,0,H,1458.9759766083707,1471.9972609146912,0.5601199577210737,7,34,0,-27,0.0,0,0.821253220424726,2.005095600547607,1.0,20.4,-22.911118885310906,1436.0648577230597,0,1,0
2,1999,R,RS,OAK,MIN,AFC,NFC,West,Central,0,0,A,1482.9115743431898,1552.9382909305937,0.32745648611957606,22,17,0,5,1.0,0,1.1164000995448617,0.6664046488312243,1.0,20.0,8.96372248382403,1491.875296827014,1,0,0
2,1999,R,RS,MIN,OAK,NFC,AFC,Central,West,0,0,H,1552.9382909305937,1482.9115743431898,0.672543513880424,17,22,0,-5,0.0,0,1.116400099544862,0.6664046488312243,1.0,20.0,-8.963722483824032,1543.9745684467696,0,1,0
2,1999,R,RS,JAX,CAR,AFC,NFC,Central,West,0,0,A,1541.1392401981493,1474.0845289427643,0.5173411659783915,22,20,0,2,1.0,1,0.6590527265995492,0.45858615280229637,1.0,20.0,4.426813156200231,1545.5660533543496,1,0,0
2,1999,R,RS,CAR,JAX,NFC,AFC,West,Central,0,0,H,1474.0845289427643,1541.1392401981493,0.4826588340216085,20,22,0,-2,0.0,1,0.6590527265995492,0.45858615280229637,1.0,20.0,-4.426813156200231,1469.657715786564,0,1,0
2,1999,R,RS,MIA,ARI,AFC,NFC,East,East,0,0,H,1528.0669117134562,1495.611180365501,0.623266383300093,19,16,0,3,1.0,1,0.4727812700405415,0.5449132486133152,1.0,20.0,4.105742778755797,1532.172654492212,1,0,0
2,1999,R,RS,ARI,MIA,NFC,AFC,East,East,0,0,A,1495.611180365501,1528.0669117134562,0.37673361669990707,16,19,0,-3,0.0,1,0.47278127004054166,0.5449132486133152,1.0,20.0,-4.105742778755797,1491.5054375867453,0,1,0
2,1999,R,RS,DET,GB,NFC,NFC,Central,Central,1,1,H,1498.8623552710296,1529.1238250761548,0.5355415630436015,23,15,0,8,1.0,1,0.6244767767120387,0.8864703666820506,1.0,22.44,9.239190702184452,1508.1015459732141,1,0,0
2,1999,R,RS,GB,DET,NFC,NFC,Central,Central,1,1,A,1529.1238250761548,1498.8623552710296,0.46445843695639855,15,23,0,-8,0.0,1,0.6244767767120387,0.8864703666820506,1.0,22.44,-9.239190702184452,1519.8846343739704,0,1,0
2,1999,R,RS,PIT,BAL,AFC,AFC,Central,Central,1,1,A,1532.7286511955692,1471.6205704183546,0.5087893293443738,23,20,0,3,1.0,1,0.6757212393766675,0.5330049665755398,1.0,22.44,5.875189795997225,1538.6038409915664,1,0,0
2,1999,R,RS,BAL,PIT,AFC,AFC,Central,Central,1,1,H,1471.6205704183546,1532.7286511955692,0.49121067065562624,20,23,0,-3,0.0,1,0.6757212393766677,0.5330049665755398,1.0,22.44,-5.875189795997226,1465.7453806223575,0,1,0
2,1999,R,RS,NE,IND,AFC,AFC,East,East,1,1,H,1510.298909619647,1482.575897051797,0.6168482543143793,31,28,0,3,1.0,1,0.4831322264688636,0.5469316212495391,1.0,22.44,4.702477154352477,1515.0013867739995,1,0,0
2,1999,R,RS,IND,NE,AFC,AFC,East,East,1,1,A,1482.575897051797,1510.298909619647,0.38315174568562077,28,31,0,-3,0.0,1,0.4831322264688638,0.5469316212495391,1.0,22.44,-4.7024771543524775,1477.8734198974446,0,1,0
2,1999,R,RS,SEA,CHI,AFC,NFC,West,Central,0,0,A,1496.7677136995217,1478.9875933800556,0.44664025530917184,14,13,0,1,1.0,0,0.8060018063583706,0.3985224625356577,1.0,20.0,4.410525762445833,1501.1782394619675,1,0,0
2,1999,R,RS,CHI,SEA,NFC,AFC,Central,West,0,0,H,1478.9875933800556,1496.7677136995217,0.5533597446908282,13,14,0,-1,0.0,0,0.8060018063583706,0.3985224625356577,1.0,20.0,-4.410525762445833,1474.5770676176098,0,1,0
2,1999,R,RS,WAS,NYG,NFC,NFC,East,East,1,1,A,1480.1043108035426,1507.7016971070982,0.38332267713380697,50,21,0,29,1.0,0,0.9588781454607174,2.087251191380467,1.0,22.44,28.883881100509033,1508.9881919040517,1,0,0
2,1999,R,RS,NYG,WAS,NFC,NFC,East,East,1,1,H,1507.7016971070982,1480.1043108035426,0.616677322866193,21,50,0,-29,0.0,0,0.9588781454607174,2.087251191380467,1.0,22.44,-28.883881100509033,1478.817816006589,0,1,0
2,1999,R,RS,TB,PHI,NFC,NFC,Central,East,1,0,A,1496.963798473331,1456.7679639556738,0.47870797762438394,19,5,0,14,1.0,0,0.7366645175368586,1.2460981501596542,1.0,20.4,13.2514529054149,1510.215251378746,1,0,0
2,1999,R,RS,PHI,TB,NFC,NFC,East,Central,1,0,H,1456.7679639556738,1496.963798473331,0.5212920223756161,5,19,0,-14,0.0,0,0.7366645175368587,1.2460981501596542,1.0,20.4,-13.2514529054149,1443.516511050259,0,1,0
2,1999,R,RS,SF,NO,NFC,NFC,West,West,1,1,H,1508.0851533082623,1492.551896136246,0.6001336625209017,28,21,0,7,1.0,1,0.5106028777075665,0.83095056425745,1.0,22.44,7.456119922480525,1515.5412732307427,1,0,0
2,1999,R,RS,NO,SF,NFC,NFC,West,West,1,1,A,1492.551896136246,1508.0851533082623,0.39986633747909817,21,28,0,-7,0.0,1,0.5106028777075663,0.83095056425745,1.0,22.44,-7.456119922480523,1485.0957762137655,0,1,0
2,1999,R,RS,TEN,CLE,AFC,AFC,Central,Central,1,1,H,1507.8961173757866,1462.7041016109042,0.6403196086366142,26,9,0,17,1.0,1,0.44578783878664574,1.413639226120663,1.0,22.44,11.409804478592699,1519.3059218543792,1,0,0
2,1999,R,RS,CLE,TEN,AFC,AFC,Central,Central,1,1,A,1462.7041016109042,1507.8961173757866,0.35968039136338575,9,26,0,-17,0.0,1,0.4457878387866456,1.413639226120663,1.0,22.44,-11.409804478592697,1451.2942971323116,0,1,0
2,1999,R,RS,KC,DEN,AFC,AFC,West,West,1,1,H,1494.1777918626879,1538.8492497878751,0.5148595897538105,26,10,0,16,1.0,1,0.6638610567465215,1.3573506543809737,1.0,22.44,14.776866860373326,1508.9546587230611,1,0,0
2,1999,R,RS,DEN,KC,AFC,AFC,West,West,1,1,A,1538.8492497878751,1494.1777918626879,0.4851404102461894,10,26,0,-16,0.0,1,0.6638610567465213,1.3573506543809737,1.0,22.44,-14.776866860373325,1524.0723829275018,0,1,0
2,1999,R,RS,BUF,NYJ,AFC,AFC,East,East,1,1,H,1491.6833035419147,1525.2128639567345,0.5308591740810136,17,3,0,14,1.0,1,0.6332585018012743,1.252570016553848,1.0,22.44,13.186456068041947,1504.8697596099566,1,0,0
2,1999,R,RS,NYJ,BUF,AFC,AFC,East,East,1,1,A,1525.2128639567345,1491.6833035419147,0.4691408259189864,3,17,0,-14,0.0,1,0.6332585018012743,1.252570016553848,1.0,22.44,-13.186456068041947,1512.0264078886926,0,1,0
2,1999,R,RS,DAL,ATL,NFC,NFC,East,West,1,0,H,1517.9944671626313,1525.4770685068902,0.567959832490483,24,7,0,17,1.0,1,0.5657045802079149,1.4560314686551104,1.0,20.4,12.83290722418439,1530.8273743868156,1,0,0
2,1999,R,RS,ATL,DAL,NFC,NFC,West,East,1,0,A,1525.4770685068902,1517.9944671626313,0.43204016750951707,7,24,0,-17,0.0,1,0.5657045802079151,1.4560314686551104,1.0,20.4,-12.832907224184392,1512.644161282706,0,1,0
3,1999,R,RS,STL,ATL,NFC,NFC,West,West,1,1,H,1487.3071131077018,1512.644161282706,0.5425849991689436,35,7,0,28,1.0,1,0.6114105253448807,2.0385113257283085,1.0,22.44,20.924080604837844,1508.2311937125396,1,0,0
3,1999,R,RS,ATL,STL,NFC,NFC,West,West,1,1,A,1512.644161282706,1487.3071131077018,0.45741500083105624,7,35,0,-28,0.0,1,0.6114105253448805,2.0385113257283085,1.0,22.44,-20.924080604837837,1491.720080677868,0,1,0
3,1999,R,RS,CAR,CIN,NFC,AFC,West,Central,0,0,H,1469.657715786564,1436.0648577230597,0.6248021342993453,27,3,0,24,1.0,1,0.47032026449043174,1.8134787415262137,1.0,20.0,13.608267066282895,1483.265982852847,1,0,0
3,1999,R,RS,CIN,CAR,AFC,NFC,Central,West,0,0,A,1436.0648577230597,1469.657715786564,0.37519786570065466,3,27,0,-24,0.0,1,0.47032026449043174,1.8134787415262137,1.0,20.0,-13.608267066282892,1422.4565906567768,0,1,0
3,1999,R,RS,BUF,PHI,AFC,NFC,East,East,0,0,H,1504.8697596099566,1443.516511050259,0.6614545987272673,26,0,0,26,1.0,1,0.41331393160374863,1.8795221642288449,1.0,20.0,12.726071705796986,1517.5958313157537,1,0,0
3,1999,R,RS,PHI,BUF,NFC,AFC,East,East,0,0,A,1443.516511050259,1504.8697596099566,0.3385454012727328,0,26,0,-26,0.0,1,0.4133139316037488,1.8795221642288449,1.0,20.0,-12.72607170579699,1430.790439344462,0,1,0
3,1999,R,RS,BAL,CLE,AFC,AFC,Central,Central,1,1,H,1465.7453806223575,1451.2942971323116,0.5986378227288306,17,10,0,7,1.0,1,0.5130985002458632,0.8316617288437271,1.0,22.44,7.4904172967065135,1473.235797919064,1,0,0
3,1999,R,RS,CLE,BAL,AFC,AFC,Central,Central,1,1,A,1451.2942971323116,1465.7453806223575,0.4013621772711694,10,17,0,-7,0.0,1,0.5130985002458632,0.8316617288437271,1.0,22.44,-7.4904172967065135,1443.8038798356051,0,1,0
3,1999,R,RS,TB,DEN,NFC,AFC,Central,West,0,0,H,1510.215251378746,1524.0723829275018,0.5589341269252973,13,10,0,3,1.0,1,0.5817236536915809,0.5529320532576515,1.0,20.0,4.877589176421481,1515.0928405551674,1,0,0
3,1999,R,RS,DEN,TB,AFC,NFC,West,Central,0,0,A,1524.0723829275018,1510.215251378746,0.44106587307470263,10,13,0,-3,0.0,1,0.5817236536915806,0.5529320532576515,1.0,20.0,-4.8775891764214805,1519.1947937510804,0,1,0
3,1999,R,RS,KC,DET,AFC,NFC,West,Central,0,0,H,1508.9546587230611,1508.1015459732141,0.5796937566808813,31,21,0,10,1.0,1,0.5452553206083991,1.0370438440115484,1.0,20.0,8.71752004467424,1517.6721787677354,1,0,0
3,1999,R,RS,DET,KC,NFC,AFC,Central,West,0,0,A,1508.1015459732141,1508.9546587230611,0.42030624331911864,21,31,0,-10,0.0,1,0.5452553206083991,1.0370438440115484,1.0,20.0,-8.71752004467424,1499.3840259285398,0,1,0
3,1999,R,RS,SEA,PIT,AFC,AFC,West,Central,1,0,A,1501.1782394619675,1538.6038409915664,0.37004016007007307,29,10,0,19,1.0,0,0.9941437385040586,1.534845810475546,1.0,20.4,19.72458091011959,1520.902820372087,1,0,0
3,1999,R,RS,PIT,SEA,AFC,AFC,Central,West,1,0,H,1538.6038409915664,1501.1782394619675,0.629959839929927,10,29,0,-19,0.0,0,0.9941437385040587,1.534845810475546,1.0,20.4,-19.724580910119595,1518.8792600814468,0,1,0
3,1999,R,RS,WAS,NYJ,NFC,AFC,East,East,0,0,A,1508.9881919040517,1512.0264078886926,0.41724462342275476,27,20,0,7,1.0,0,0.8740826022685596,0.8392366335828864,1.0,20.0,9.781393208820292,1518.769585112872,1,0,0
3,1999,R,RS,NYJ,WAS,AFC,NFC,East,East,0,0,H,1512.0264078886926,1508.9881919040517,0.5827553765772452,20,27,0,-7,0.0,0,0.8740826022685595,0.8392366335828864,1.0,20.0,-9.78139320882029,1502.2450146798724,0,1,0
3,1999,R,RS,IND,SD,AFC,AFC,East,West,1,0,A,1477.8734198974446,1494.9083798000022,0.3977936967248286,27,19,0,8,1.0,0,0.9218217580250875,0.8957241832335328,1.0,20.4,11.003979282440456,1488.877399179885,1,0,0
3,1999,R,RS,SD,IND,AFC,AFC,West,East,1,0,H,1494.9083798000022,1477.8734198974446,0.6022063032751713,19,27,0,-8,0.0,0,0.9218217580250873,0.8957241832335328,1.0,20.4,-11.003979282440454,1483.9044005175617,0,1,0
3,1999,R,RS,TEN,JAX,AFC,AFC,Central,Central,1,1,A,1519.3059218543792,1545.5660533543496,0.38514397279088447,20,19,0,1,1.0,0,0.9541380592972111,0.39587451102908466,1.0,22.44,5.462026805558137,1524.7679486599372,1,0,0
3,1999,R,RS,JAX,TEN,AFC,AFC,Central,Central,1,1,H,1545.5660533543496,1519.3059218543792,0.6148560272091156,19,20,0,-1,0.0,0,0.9541380592972112,0.39587451102908466,1.0,22.44,-5.462026805558138,1540.1040265487916,0,1,0
3,1999,R,RS,GB,MIN,NFC,NFC,Central,Central,1,1,H,1519.8846343739704,1543.9745684467696,0.5443661695231228,23,20,0,3,1.0,1,0.6081331528192255,0.5484912015101514,1.0,22.44,5.608006141528422,1525.4926405154988,1,0,0
3,1999,R,RS,MIN,GB,NFC,NFC,Central,Central,1,1,A,1543.9745684467696,1519.8846343739704,0.4556338304768773,20,23,0,-3,0.0,1,0.6081331528192255,0.5484912015101514,1.0,22.44,-5.608006141528423,1538.3665623052411,0,1,0
3,1999,R,RS,OAK,CHI,AFC,NFC,West,Central,0,0,H,1491.875296827014,1474.5770676176098,0.6025692908624447,24,17,0,7,1.0,1,0.5065526146491407,0.8297932956078434,1.0,20.0,6.595706758220285,1498.4710035852343,1,0,0
3,1999,R,RS,CHI,OAK,NFC,AFC,Central,West,0,0,A,1474.5770676176098,1491.875296827014,0.3974307091375553,17,24,0,-7,0.0,1,0.5065526146491407,0.8297932956078434,1.0,20.0,-6.595706758220285,1467.9813608593895,0,1,0
3,1999,R,RS,NE,NYG,AFC,NFC,East,East,0,0,H,1515.0013867739995,1478.817816006589,0.6282916263774153,16,14,0,2,1.0,1,0.4647508470893659,0.46959319555324097,1.0,20.0,3.491034459666551,1518.492421233666,1,0,0
3,1999,R,RS,NYG,NE,NFC,AFC,East,East,0,0,A,1478.817816006589,1515.0013867739995,0.37170837362258474,14,16,0,-2,0.0,1,0.4647508470893661,0.46959319555324097,1.0,20.0,-3.491034459666552,1475.3267815469226,0,1,0
3,1999,R,RS,SF,ARI,NFC,NFC,West,East,1,0,A,1515.5412732307427,1491.5054375867453,0.45555659062440534,24,10,0,14,1.0,0,0.7862353315261853,1.2619037846164516,1.0,20.4,14.015518055531158,1529.556791286274,1,0,0
3,1999,R,RS,ARI,SF,NFC,NFC,East,West,1,0,H,1491.5054375867453,1515.5412732307427,0.5444434093755947,10,24,0,-14,0.0,0,0.7862353315261853,1.2619037846164516,1.0,20.4,-14.015518055531158,1477.4899195312141,0,1,0
4,1999,R,RS,WAS,CAR,NFC,NFC,East,West,1,0,H,1518.769585112872,1483.265982852847,0.6273770379573306,38,36,0,2,1.0,1,0.46620758262446027,0.46984158737703463,1.0,20.4,3.57150478517691,1522.341089898049,1,0,0
4,1999,R,RS,CAR,WAS,NFC,NFC,West,East,1,0,A,1483.265982852847,1518.769585112872,0.3726229620426693,36,38,0,-2,0.0,1,0.46620758262446005,0.46984158737703463,1.0,20.4,-3.5715047851769093,1479.69447806767,0,1,0
4,1999,R,RS,STL,CIN,NFC,AFC,West,Central,0,0,A,1508.2311937125396,1422.4565906567768,0.5441727509977597,38,10,0,28,1.0,1,0.6084885255555647,1.9462782200517146,1.0,20.0,17.743332936783,1525.9745266493226,1,0,0
4,1999,R,RS,CIN,STL,AFC,NFC,Central,West,0,0,H,1422.4565906567768,1508.2311937125396,0.4558272490022402,10,38,0,-28,0.0,1,0.6084885255555645,1.9462782200517146,1.0,20.0,-17.743332936782995,1404.7132577199939,0,1,0
4,1999,R,RS,MIN,TB,NFC,NFC,Central,Central,1,1,H,1538.3665623052411,1515.0928405551674,0.6107770687586505,21,14,0,7,1.0,1,0.49302324930467617,0.8258990633123814,1.0,22.44,7.21353669120851,1545.5800989964496,1,0,0
4,1999,R,RS,TB,MIN,NFC,NFC,Central,Central,1,1,A,1515.0928405551674,1538.3665623052411,0.3892229312413495,14,21,0,-7,0.0,1,0.49302324930467617,0.8258990633123814,1.0,22.44,-7.213536691208509,1507.879303863959,0,1,0
4,1999,R,RS,JAX,PIT,AFC,AFC,Central,Central,1,1,A,1540.1040265487916,1518.8792600814468,0.4515460712543044,17,3,0,14,1.0,0,0.7950778709005145,1.2646942422337102,1.0,22.44,15.564979239291713,1555.6690057880833,1,0,0
4,1999,R,RS,PIT,JAX,AFC,AFC,Central,Central,1,1,H,1518.8792600814468,1540.1040265487916,0.5484539287456955,3,17,0,-14,0.0,0,0.7950778709005143,1.2646942422337102,1.0,22.44,-15.564979239291713,1503.314280842155,0,1,0
4,1999,R,RS,BAL,ATL,AFC,NFC,Central,West,0,0,A,1473.235797919064,1491.720080677868,0.3957968195687702,19,13,1,6,1.0,0,0.9268542812962587,0.533403310488453,1.0,20.0,6.445679532993402,1479.6814774520574,1,0,0
4,1999,R,RS,ATL,BAL,NFC,AFC,West,Central,0,0,H,1491.720080677868,1473.235797919064,0.6042031804312297,13,19,1,-6,0.0,0,0.9268542812962585,0.533403310488453,1.0,20.0,-6.4456795329934,1485.2744011448747,0,1,0
4,1999,R,RS,CHI,NO,NFC,NFC,Central,West,1,0,H,1467.9813608593895,1485.0957762137655,0.554306665350467,14,10,0,4,1.0,1,0.5900371978217712,0.6238947770259572,1.0,20.4,5.6725411703197635,1473.6539020297093,1,0,0
4,1999,R,RS,NO,CHI,NFC,NFC,West,Central,1,0,A,1485.0957762137655,1467.9813608593895,0.4456933346495331,10,14,0,-4,0.0,1,0.5900371978217714,0.6238947770259572,1.0,20.4,-5.672541170319765,1479.4232350434456,0,1,0
4,1999,R,RS,NE,CLE,AFC,AFC,East,Central,1,0,A,1518.492421233666,1443.8038798356051,0.5283037980257678,19,7,0,12,1.0,1,0.6380837856918299,1.0980142519739995,1.0,20.4,10.565754708342148,1529.0581759420081,1,0,0
4,1999,R,RS,CLE,NE,AFC,AFC,Central,East,1,0,H,1443.8038798356051,1518.492421233666,0.47169620197423223,7,19,0,-12,0.0,1,0.6380837856918299,1.0980142519739995,1.0,20.4,-10.565754708342148,1433.238125127263,0,1,0
4,1999,R,RS,NYG,PHI,NFC,NFC,East,East,1,1,H,1475.3267815469226,1430.790439344462,0.6394498745556751,16,15,0,1,1.0,1,0.44714704327817306,0.3902855710051967,1.0,22.44,3.157700959968155,1478.4844825068908,1,0,0
4,1999,R,RS,PHI,NYG,NFC,NFC,East,East,1,1,A,1430.790439344462,1475.3267815469226,0.36055012544432485,15,16,0,-1,0.0,1,0.44714704327817306,0.3902855710051967,1.0,22.44,-3.157700959968155,1427.6327383844937,0,1,0
4,1999,R,RS,DAL,ARI,NFC,NFC,East,East,1,1,H,1530.8273743868156,1477.4899195312141,0.6510460748647185,35,7,0,28,1.0,1,0.4291748637561958,1.9947167229331944,1.0,22.44,15.619681321211758,1546.4470557080274,1,0,0
4,1999,R,RS,ARI,DAL,NFC,NFC,East,East,1,1,A,1477.4899195312141,1530.8273743868156,0.34895392513528145,7,35,0,-28,0.0,1,0.4291748637561958,1.9947167229331944,1.0,22.44,-15.619681321211758,1461.8702382100023,0,1,0
4,1999,R,RS,NYJ,DEN,AFC,AFC,East,West,1,0,A,1502.2450146798724,1519.1947937510804,0.39791116552227096,21,13,0,8,1.0,0,0.9215265008163681,0.8957844054553195,1.0,20.4,11.002572487927942,1513.2475871678002,1,0,0
4,1999,R,RS,DEN,NYJ,AFC,AFC,West,East,1,0,H,1519.1947937510804,1502.2450146798724,0.6020888344777291,13,21,0,-8,0.0,0,0.9215265008163683,0.8957844054553195,1.0,20.4,-11.002572487927942,1508.1922212631525,0,1,0
4,1999,R,RS,SD,KC,AFC,AFC,West,West,1,1,H,1483.9044005175617,1517.6721787677354,0.5305176425249651,21,14,0,7,1.0,1,0.633902065072099,0.8191478178140769,1.0,22.44,8.629873067209697,1492.5342735847714,1,0,0
4,1999,R,RS,KC,SD,AFC,AFC,West,West,1,1,A,1517.6721787677354,1483.9044005175617,0.46948235747503486,14,21,0,-7,0.0,1,0.633902065072099,0.8191478178140769,1.0,22.44,-8.629873067209697,1509.0423057005257,0,1,0
4,1999,R,RS,SF,TEN,NFC,AFC,West,Central,0,0,H,1529.556791286274,1524.7679486599372,0.585203653636684,24,22,0,2,1.0,1,0.5357953664573597,0.4813423841102852,1.0,20.0,3.9931812455750824,1533.5499725318489,1,0,0
4,1999,R,RS,TEN,SF,AFC,NFC,Central,West,0,0,A,1524.7679486599372,1529.556791286274,0.4147963463633161,22,24,0,-2,0.0,1,0.5357953664573598,0.4813423841102852,1.0,20.0,-3.9931812455750837,1520.7747674143623,0,1,0
4,1999,R,RS,SEA,OAK,AFC,AFC,West,West,1,1,H,1520.902820372087,1498.4710035852343,0.6096243263229356,22,21,0,1,1.0,1,0.4949123700205062,0.3970655628364404,1.0,22.44,3.478306288995184,1524.3811266610821,1,0,0
4,1999,R,RS,OAK,SEA,AFC,AFC,West,West,1,1,A,1498.4710035852343,1520.902820372087,0.3903756736770643,21,22,0,-1,0.0,1,0.494912370020506,0.3970655628364404,1.0,22.44,-3.4783062889951837,1494.9926972962392,0,1,0
4,1999,R,RS,BUF,MIA,AFC,AFC,East,East,1,1,A,1517.5958313157537,1532.172654492212,0.4011882780478539,23,18,0,5,1.0,0,0.9133244405498674,0.695625543971016,1.0,22.44,9.347353497142453,1526.943184812896,1,0,0
4,1999,R,RS,MIA,BUF,AFC,AFC,East,East,1,1,H,1532.172654492212,1517.5958313157537,0.5988117219521462,18,23,0,-5,0.0,0,0.9133244405498675,0.695625543971016,1.0,22.44,-9.347353497142455,1522.8253009950695,0,1,0
5,1999,R,RS,CHI,MIN,NFC,NFC,Central,Central,1,1,A,1473.6539020297093,1545.5800989964496,0.32505300015334454,24,22,0,2,1.0,0,1.1237670325531661,0.45689619772316425,1.0,22.44,6.920063309554691,1480.573965339264,1,0,0
5,1999,R,RS,MIN,CHI,NFC,NFC,Central,Central,1,1,H,1545.5800989964496,1473.6539020297093,0.6749469998466554,22,24,0,-2,0.0,0,1.1237670325531661,0.45689619772316425,1.0,22.44,-6.920063309554689,1538.6600356868948,0,1,0
5,1999,R,RS,SD,DET,AFC,NFC,West,Central,0,0,A,1492.5342735847714,1499.3840259285398,0.41191952591996567,20,10,0,10,1.0,0,0.8869272741480847,1.0320959350319465,1.0,20.0,12.139109335393268,1504.6733829201646,1,0,0
5,1999,R,RS,DET,SD,NFC,AFC,Central,West,0,0,H,1499.3840259285398,1492.5342735847714,0.5880804740800343,10,20,0,-10,0.0,0,0.8869272741480846,1.0320959350319465,1.0,20.0,-12.139109335393268,1487.2449165931466,0,1,0
5,1999,R,RS,BUF,PIT,AFC,AFC,East,Central,1,0,H,1526.943184812896,1503.314280842155,0.6112630164830161,24,21,0,3,1.0,1,0.4922279435600476,0.5486897451784224,1.0,20.4,4.351238327118194,1531.2944231400143,1,0,0
5,1999,R,RS,PIT,BUF,AFC,AFC,Central,East,1,0,A,1503.314280842155,1526.943184812896,0.38873698351698394,21,24,0,-3,0.0,1,0.4922279435600476,0.5486897451784224,1.0,20.4,-4.351238327118194,1498.963042515037,0,1,0
5,1999,R,RS,KC,NE,AFC,AFC,West,East,1,0,H,1509.0423057005257,1529.0581759420081,0.5501767442524402,16,14,0,2,1.0,1,0.5975156991922415,0.47557126427869306,1.0,20.4,4.364029494531628,1513.4063351950574,1,0,0
5,1999,R,RS,NE,KC,AFC,AFC,East,West,1,0,A,1529.0581759420081,1509.0423057005257,0.44982325574755977,14,16,0,-2,0.0,1,0.5975156991922415,0.47557126427869306,1.0,20.4,-4.364029494531628,1524.6941464474764,0,1,0
5,1999,R,RS,STL,SF,NFC,NFC,West,West,1,1,H,1525.9745266493226,1533.5499725318489,0.5678286821052717,42,20,0,22,1.0,1,0.5659355217680889,1.7404706632137381,1.0,22.44,16.87895286624265,1542.8534795155651,1,0,0
5,1999,R,RS,SF,STL,NFC,NFC,West,West,1,1,A,1533.5499725318489,1525.9745266493226,0.4321713178947282,20,42,0,-22,0.0,1,0.5659355217680887,1.7404706632137381,1.0,22.44,-16.878952866242646,1516.6710196656063,0,1,0
5,1999,R,RS,CIN,CLE,AFC,AFC,Central,Central,1,1,A,1404.7132577199939,1433.238125127263,0.3820613963714448,18,17,0,1,1.0,0,0.9621739598047399,0.3951732722477616,1.0,22.44,5.4796868817898,1410.1929446017837,1,0,0
5,1999,R,RS,CLE,CIN,AFC,AFC,Central,Central,1,1,H,1433.238125127263,1404.7132577199939,0.6179386036285551,17,18,0,-1,0.0,0,0.9621739598047397,0.3951732722477616,1.0,22.44,-5.479686881789799,1427.7584382454731,0,1,0
5,1999,R,RS,PHI,DAL,NFC,NFC,East,East,1,1,H,1427.6327383844937,1546.4470557080274,0.409182781595428,13,10,0,3,1.0,0,0.89359332400252,0.5105346356531454,1.0,22.44,6.768636740854971,1434.4013751253487,1,0,0
5,1999,R,RS,DAL,PHI,NFC,NFC,East,East,1,1,A,1546.4470557080274,1427.6327383844937,0.590817218404572,10,13,0,-3,0.0,0,0.89359332400252,0.5105346356531454,1.0,22.44,-6.768636740854971,1539.6784189671723,0,1,0
5,1999,R,RS,ATL,NO,NFC,NFC,West,West,1,1,A,1485.2744011448747,1479.4232350434456,0.4297372042800374,20,17,0,3,1.0,0,0.8445814099616714,0.5564569573486692,1.0,22.44,7.1208111523864845,1492.3952122972612,1,0,0
5,1999,R,RS,NO,ATL,NFC,NFC,West,West,1,1,H,1479.4232350434456,1485.2744011448747,0.5702627957199626,17,20,0,-3,0.0,0,0.8445814099616715,0.5564569573486692,1.0,22.44,-7.1208111523864845,1472.302423891059,0,1,0
5,1999,R,RS,ARI,NYG,NFC,NFC,East,East,1,1,H,1461.8702382100023,1478.4844825068908,0.5550178662444047,14,3,0,11,1.0,1,0.5887549743224757,1.086692851983762,1.0,22.44,10.851061806044711,1472.721300016047,1,0,0
5,1999,R,RS,NYG,ARI,NFC,NFC,East,East,1,1,A,1478.4844825068908,1461.8702382100023,0.44498213375559525,3,14,0,-11,0.0,1,0.5887549743224757,1.086692851983762,1.0,22.44,-10.851061806044711,1467.633420700846,0,1,0
5,1999,R,RS,MIA,IND,AFC,AFC,East,East,1,1,A,1522.8253009950695,1488.877399179885,0.46974061860256433,34,31,0,3,1.0,0,0.7555746119309574,0.5442799647739684,1.0,22.44,6.476398468685725,1529.3016994637553,1,0,0
5,1999,R,RS,IND,MIA,AFC,AFC,East,East,1,1,H,1488.877399179885,1522.8253009950695,0.5302593813974358,31,34,0,-3,0.0,0,0.7555746119309577,0.5442799647739684,1.0,22.44,-6.476398468685726,1482.4010007111992,0,1,0
5,1999,R,RS,TEN,BAL,AFC,AFC,Central,Central,1,1,H,1520.7747674143623,1479.6814774520574,0.6348678310755228,14,11,0,3,1.0,1,0.45433844179213617,0.5412677179911473,1.0,22.44,4.434912701025137,1525.2096801153873,1,0,0
5,1999,R,RS,BAL,TEN,AFC,AFC,Central,Central,1,1,A,1479.6814774520574,1520.7747674143623,0.3651321689244772,11,14,0,-3,0.0,1,0.45433844179213617,0.5412677179911473,1.0,22.44,-4.434912701025137,1475.2465647510323,0,1,0
5,1999,R,RS,DEN,OAK,AFC,AFC,West,West,1,1,A,1508.1922212631525,1494.9926972962392,0.44013285685023734,16,13,0,3,1.0,0,0.8206786502598651,0.5532199035169075,1.0,22.44,6.950333276786027,1515.1425545399386,1,0,0
5,1999,R,RS,OAK,DEN,AFC,AFC,West,West,1,1,H,1494.9926972962392,1508.1922212631525,0.5598671431497627,13,16,0,-3,0.0,0,0.8206786502598652,0.5532199035169075,1.0,22.44,-6.950333276786028,1488.042364019453,0,1,0
5,1999,R,RS,GB,TB,NFC,NFC,Central,Central,1,1,H,1525.4926405154988,1507.879303863959,0.6030036028950343,26,23,0,3,1.0,1,0.505832107322496,0.5512935992118574,1.0,22.44,4.91125368991002,1530.4038942054087,1,0,0
5,1999,R,RS,TB,GB,NFC,NFC,Central,Central,1,1,A,1507.879303863959,1525.4926405154988,0.39699639710496576,23,26,0,-3,0.0,1,0.505832107322496,0.5512935992118574,1.0,22.44,-4.91125368991002,1502.968050174049,0,1,0
5,1999,R,RS,JAX,NYJ,AFC,AFC,Central,East,1,0,A,1555.6690057880833,1513.2475871678002,0.4819058711073185,16,6,0,10,1.0,0,0.7300064721618426,1.003689277855453,1.0,20.4,10.608112650624685,1566.277118438708,1,0,0
5,1999,R,RS,NYJ,JAX,AFC,AFC,East,Central,1,0,H,1513.2475871678002,1555.6690057880833,0.5180941288926815,6,16,0,-10,0.0,0,0.7300064721618424,1.003689277855453,1.0,20.4,-10.608112650624685,1502.6394745171756,0,1,0
6,1999,R,RS,PIT,CIN,AFC,AFC,Central,Central,1,1,A,1498.963042515037,1410.1929446017837,0.5484466073923039,17,3,0,14,1.0,1,0.6006653469542937,1.200886280058159,1.0,22.44,12.168410306232918,1511.13145282127,1,0,0
6,1999,R,RS,CIN,PIT,AFC,AFC,Central,Central,1,1,H,1410.1929446017837,1498.963042515037,0.45155339260769617,3,17,0,-14,0.0,1,0.600665346954294,1.200886280058159,1.0,22.44,-12.16841030623292,1398.0245342955507,0,1,0
6,1999,R,RS,DET,MIN,NFC,NFC,Central,Central,1,1,H,1487.2449165931466,1538.6600356868948,0.5051588752582487,25,23,0,2,1.0,1,0.6828822947126075,0.46409715409279645,1.0,22.44,5.153443787253076,1492.3983603803997,1,0,0
6,1999,R,RS,MIN,DET,NFC,NFC,Central,Central,1,1,A,1538.6600356868948,1487.2449165931466,0.4948411247417513,23,25,0,-2,0.0,1,0.6828822947126073,0.46409715409279645,1.0,22.44,-5.153443787253075,1533.5065918996418,0,1,0
6,1999,R,RS,OAK,BUF,AFC,AFC,West,East,1,0,A,1488.042364019453,1531.2944231400143,0.3622563437617097,20,14,0,6,1.0,0,1.015403185825061,0.7474111606079203,1.0,20.4,9.723797216099742,1497.7661612355528,1,0,0
6,1999,R,RS,BUF,OAK,AFC,AFC,East,West,1,0,H,1531.2944231400143,1488.042364019453,0.6377436562382904,14,20,0,-6,0.0,0,1.0154031858250612,0.7474111606079203,1.0,20.4,-9.723797216099744,1521.5706259239146,0,1,0
6,1999,R,RS,IND,NYJ,AFC,AFC,East,East,1,1,A,1482.4010007111992,1502.6394745171756,0.39338454094855907,16,13,0,3,1.0,0,0.9329676698121007,0.550154268810411,1.0,22.44,7.488947972220178,1489.8899486834193,1,0,0
6,1999,R,RS,NYJ,IND,AFC,AFC,East,East,1,1,H,1502.6394745171756,1482.4010007111992,0.606615459051441,13,16,0,-3,0.0,0,0.9329676698121008,0.550154268810411,1.0,22.44,-7.488947972220178,1495.1505265449555,0,1,0
6,1999,R,RS,MIA,NE,AFC,AFC,East,East,1,1,A,1529.3016994637553,1524.6941464474764,0.42798373272481044,31,30,0,1,1.0,0,0.8486700917749614,0.4027066904617228,1.0,22.44,5.169161215731768,1534.470860679487,1,0,0
6,1999,R,RS,NE,MIA,AFC,AFC,East,East,1,1,H,1524.6941464474764,1529.3016994637553,0.5720162672751895,30,31,0,-1,0.0,0,0.8486700917749613,0.4027066904617228,1.0,22.44,-5.1691612157317675,1519.5249852317447,0,1,0
6,1999,R,RS,TEN,NO,AFC,NFC,Central,West,0,0,A,1525.2096801153873,1472.302423891059,0.4969883360340066,24,21,0,3,1.0,0,0.6991887219053571,0.5363598333136144,1.0,20.0,5.395905044792081,1530.6055851601793,1,0,0
6,1999,R,RS,NO,TEN,NFC,AFC,West,Central,0,0,H,1472.302423891059,1525.2096801153873,0.5030116639659934,21,24,0,-3,0.0,0,0.6991887219053571,0.5363598333136144,1.0,20.0,-5.395905044792081,1466.906518846267,0,1,0
6,1999,R,RS,STL,ATL,NFC,NFC,West,West,1,1,A,1542.8534795155651,1492.3952122972612,0.49346429339777226,41,13,0,28,1.0,0,0.7063047765301698,1.99913298439529,1.0,22.44,22.72346743962545,1565.5769469551906,1,0,0
6,1999,R,RS,ATL,STL,NFC,NFC,West,West,1,1,H,1492.3952122972612,1542.8534795155651,0.5065357066022277,13,41,0,-28,0.0,0,0.7063047765301697,1.99913298439529,1.0,22.44,-22.72346743962544,1469.6717448576358,0,1,0
6,1999,R,RS,PHI,CHI,NFC,NFC,East,Central,1,0,A,1434.4013751253487,1480.573965339264,0.35838140427903425,20,16,0,4,1.0,0,1.0261574846096135,0.6099080258312095,1.0,20.4,7.983097953476449,1442.3844730788253,1,0,0
6,1999,R,RS,CHI,PHI,NFC,NFC,Central,East,1,0,H,1480.573965339264,1434.4013751253487,0.6416185957209657,16,20,0,-4,0.0,0,1.0261574846096133,0.6099080258312095,1.0,20.4,-7.983097953476449,1472.5908673857875,0,1,0
6,1999,R,RS,JAX,CLE,AFC,AFC,Central,Central,1,1,H,1566.277118438708,1427.7584382454731,0.7528709329619994,24,7,0,17,1.0,1,0.2838614696424734,1.3186241315736031,1.0,22.44,7.312530685630938,1573.5896491243388,1,0,0
6,1999,R,RS,CLE,JAX,AFC,AFC,Central,Central,1,1,A,1427.7584382454731,1566.277118438708,0.24712906703800055,7,24,0,-17,0.0,1,0.2838614696424733,1.3186241315736031,1.0,22.44,-7.312530685630936,1420.4459075598422,0,1,0
6,1999,R,RS,SD,SEA,AFC,AFC,West,West,1,1,H,1504.6733829201646,1524.3811266610821,0.5506156690509963,13,10,0,3,1.0,1,0.5967182285401674,0.5503842299273038,1.0,22.44,5.550176058006345,1510.223558978171,1,0,0
6,1999,R,RS,SEA,SD,AFC,AFC,West,West,1,1,A,1524.3811266610821,1504.6733829201646,0.44938433094900376,10,13,0,-3,0.0,1,0.5967182285401677,0.5503842299273038,1.0,22.44,-5.550176058006347,1518.8309506030757,0,1,0
6,1999,R,RS,CAR,SF,NFC,NFC,West,West,1,1,A,1479.69447806767,1516.6710196656063,0.37064295197222646,31,29,0,2,1.0,0,0.9925160733786249,0.46930385562026533,1.0,22.44,6.627871425675435,1486.3223494933454,1,0,0
6,1999,R,RS,SF,CAR,NFC,NFC,West,West,1,1,H,1516.6710196656063,1479.69447806767,0.6293570480277736,29,31,0,-2,0.0,0,0.992516073378625,0.46930385562026533,1.0,22.44,-6.627871425675436,1510.0431482399308,0,1,0
6,1999,R,RS,DEN,GB,AFC,NFC,West,Central,0,0,H,1515.1425545399386,1530.4038942054087,0.5569404451787887,31,10,0,21,1.0,1,0.5852969654556778,1.6743162978944206,1.0,20.0,14.83643667150001,1529.9789912114386,1,0,0
6,1999,R,RS,GB,DEN,NFC,AFC,Central,West,0,0,A,1530.4038942054087,1515.1425545399386,0.4430595548212113,10,31,0,-21,0.0,1,0.5852969654556778,1.6743162978944206,1.0,20.0,-14.83643667150001,1515.5674575339087,0,1,0
6,1999,R,RS,WAS,ARI,NFC,NFC,East,East,1,1,A,1522.341089898049,1472.721300016047,0.4922578740857345,24,10,0,14,1.0,0,0.708752565479646,1.2370622971831746,1.0,22.44,14.094757896414215,1536.4358477944631,1,0,0
6,1999,R,RS,ARI,WAS,NFC,NFC,East,East,1,1,H,1472.721300016047,1522.341089898049,0.5077421259142654,10,24,0,-14,0.0,0,0.7087525654796458,1.2370622971831746,1.0,22.44,-14.094757896414212,1458.6265421196329,0,1,0
6,1999,R,RS,NYG,DAL,NFC,NFC,East,East,1,1,H,1467.633420700846,1539.6784189671723,0.4754899363697864,13,10,0,3,1.0,0,0.7434095615323597,0.5285955619422875,1.0,22.44,6.22157284464271,1473.8549935454887,1,0,0
6,1999,R,RS,DAL,NYG,NFC,NFC,East,East,1,1,A,1539.6784189671723,1467.633420700846,0.5245100636302135,10,13,0,-3,0.0,0,0.7434095615323595,0.5285955619422875,1.0,22.44,-6.221572844642709,1533.4568461225297,0,1,0
7,1999,R,RS,KC,BAL,AFC,AFC,West,Central,1,0,A,1513.4063351950574,1475.2465647510323,0.4757839225696692,35,8,0,27,1.0,0,0.7427914719959354,1.965966084849594,1.0,20.4,21.024056998962745,1534.4303921940202,1,0,0
7,1999,R,RS,BAL,KC,AFC,AFC,Central,West,1,0,H,1475.2465647510323,1513.4063351950574,0.5242160774303306,8,35,0,-27,0.0,0,0.7427914719959351,1.965966084849594,1.0,20.4,-21.024056998962738,1454.2225077520695,0,1,0
7,1999,R,RS,TB,CHI,NFC,NFC,Central,Central,1,1,H,1502.968050174049,1472.5908673857875,0.6204528000328706,6,3,0,3,1.0,1,0.4773057448651389,0.5457978540743378,1.0,22.44,4.6485817005588945,1507.616631874608,1,0,0
7,1999,R,RS,CHI,TB,NFC,NFC,Central,Central,1,1,A,1472.5908673857875,1502.968050174049,0.3795471999671294,3,6,0,-3,0.0,1,0.4773057448651389,0.5457978540743378,1.0,22.44,-4.6485817005588945,1467.9422856852286,0,1,0
7,1999,R,RS,IND,CIN,AFC,AFC,East,Central,1,0,H,1489.8899486834193,1398.0245342955507,0.699606611872922,31,10,0,21,1.0,1,0.3572370849490709,1.578733350888261,1.0,20.4,9.674517628539812,1499.5644663119592,1,0,0
7,1999,R,RS,CIN,IND,AFC,AFC,Central,East,1,0,A,1398.0245342955507,1489.8899486834193,0.30039338812707805,10,31,0,-21,0.0,1,0.3572370849490709,1.578733350888261,1.0,20.4,-9.674517628539812,1388.3500166670108,0,1,0
7,1999,R,RS,MIN,SF,NFC,NFC,Central,West,1,0,H,1533.5065918996418,1510.0431482399308,0.6110366669994266,40,16,0,24,1.0,1,0.49259831015546707,1.827903558961568,1.0,20.4,14.504144198224953,1548.0107360978668,1,0,0
7,1999,R,RS,SF,MIN,NFC,NFC,West,Central,1,0,A,1510.0431482399308,1533.5065918996418,0.3889633330005734,16,40,0,-24,0.0,1,0.49259831015546707,1.827903558961568,1.0,20.4,-14.504144198224953,1495.5390040417058,0,1,0
7,1999,R,RS,MIA,PHI,AFC,NFC,East,East,0,0,H,1534.470860679487,1442.3844730788253,0.6998738689954447,16,13,0,3,1.0,1,0.35685514732375184,0.5207020391741845,1.0,20.0,3.1255257684706073,1537.5963864479577,1,0,0
7,1999,R,RS,PHI,MIA,NFC,AFC,East,East,0,0,A,1442.3844730788253,1534.470860679487,0.30012613100455526,13,16,0,-3,0.0,1,0.35685514732375184,0.5207020391741845,1.0,20.0,-3.125525768470607,1439.2589473103546,0,1,0
7,1999,R,RS,DET,CAR,NFC,NFC,Central,West,1,0,A,1492.3983603803997,1486.3223494933454,0.4300544209103214,24,9,0,15,1.0,0,0.8438435180460411,1.3398335001882526,1.0,20.4,15.578096475030309,1507.9764568554301,1,0,0
7,1999,R,RS,CAR,DET,NFC,NFC,West,Central,1,0,H,1486.3223494933454,1492.3983603803997,0.5699455790896786,9,24,0,-15,0.0,0,0.8438435180460411,1.3398335001882526,1.0,20.4,-15.578096475030309,1470.744253018315,0,1,0
7,1999,R,RS,STL,CLE,NFC,AFC,West,Central,0,0,H,1565.5769469551906,1420.4459075598422,0.7598845874757485,34,3,0,31,1.0,1,0.27458871581798405,2.0063970568065197,1.0,20.0,9.635337139650831,1575.2122840948414,1,0,0
7,1999,R,RS,CLE,STL,AFC,NFC,Central,West,0,0,A,1420.4459075598422,1565.5769469551906,0.24011541252425142,3,34,0,-31,0.0,1,0.27458871581798394,2.0063970568065197,1.0,20.0,-9.635337139650828,1410.8105704201914,0,1,0
7,1999,R,RS,NE,DEN,AFC,AFC,East,West,1,0,H,1519.5249852317447,1529.9789912114386,0.5637578544791833,24,23,0,1,1.0,1,0.5731304557049965,0.4008387875373261,1.0,20.4,3.5672005627382175,1523.092185794483,1,0,0
7,1999,R,RS,DEN,NE,AFC,AFC,West,East,1,0,A,1529.9789912114386,1519.5249852317447,0.43624214552081675,23,24,0,-1,0.0,1,0.5731304557049965,0.4008387875373261,1.0,20.4,-3.5672005627382175,1526.4117906487004,0,1,0
7,1999,R,RS,NYG,NO,NFC,NFC,East,West,1,0,H,1473.8549935454887,1466.906518846267,0.5882181311733741,31,3,0,28,1.0,1,0.5306574284930916,2.0683338013897234,1.0,20.4,17.374728105108208,1491.229721650597,1,0,0
7,1999,R,RS,NO,NYG,NFC,NFC,West,East,1,0,A,1466.906518846267,1473.8549935454887,0.41178186882662604,3,31,0,-28,0.0,1,0.5306574284930917,2.0683338013897234,1.0,20.4,-17.374728105108215,1449.5317907411588,0,1,0
7,1999,R,RS,DAL,WAS,NFC,NFC,East,East,1,1,H,1533.4568461225297,1536.4358477944631,0.5743097554726673,38,20,0,18,1.0,1,0.5545863845372536,1.519428935018616,1.0,22.44,14.51432832053114,1547.9711744430608,1,0,0
7,1999,R,RS,WAS,DAL,NFC,NFC,East,East,1,1,A,1536.4358477944631,1533.4568461225297,0.42569024452733273,20,38,0,-18,0.0,1,0.5545863845372536,1.519428935018616,1.0,22.44,-14.51432832053114,1521.921519473932,0,1,0
7,1999,R,RS,GB,SD,NFC,AFC,Central,West,0,0,A,1515.5674575339087,1510.223558978171,0.42902175086086525,31,3,0,28,1.0,0,0.8462476600320097,2.0709775383595606,1.0,20.0,23.649662577180344,1539.2171201110891,1,0,0
7,1999,R,RS,SD,GB,AFC,NFC,West,Central,0,0,H,1510.223558978171,1515.5674575339087,0.5709782491391348,3,31,0,-28,0.0,0,0.8462476600320097,2.0709775383595606,1.0,20.0,-23.649662577180344,1486.5738964009906,0,1,0
7,1999,R,RS,SEA,BUF,AFC,AFC,West,East,1,0,H,1518.8309506030757,1521.5706259239146,0.5746465318187821,26,16,0,10,1.0,1,0.554000154478748,1.0354821084497776,1.0,20.4,8.985096483801742,1527.8160470868775,1,0,0
7,1999,R,RS,BUF,SEA,AFC,AFC,East,West,1,0,A,1521.5706259239146,1518.8309506030757,0.4253534681812179,16,26,0,-10,0.0,1,0.554000154478748,1.0354821084497776,1.0,20.4,-8.985096483801742,1512.5855294401129,0,1,0
7,1999,R,RS,OAK,NYJ,AFC,AFC,West,East,1,0,H,1497.7661612355528,1495.1505265449555,0.582163773770137,24,23,0,1,1.0,1,0.5410034726052795,0.4033470775161311,1.0,20.4,3.4380736228957582,1501.2042348584484,1,0,0
7,1999,R,RS,NYJ,OAK,AFC,AFC,East,West,1,0,A,1495.1505265449555,1497.7661612355528,0.41783622622986305,23,24,0,-1,0.0,1,0.5410034726052795,0.4033470775161311,1.0,20.4,-3.4380736228957582,1491.7124529220598,0,1,0
7,1999,R,RS,PIT,ATL,AFC,NFC,Central,West,0,0,H,1511.13145282127,1469.6717448576358,0.6353566434921564,13,9,0,4,1.0,1,0.45356879445727555,0.6121337435144784,1.0,20.0,4.464210057336617,1515.5956628786066,1,0,0
7,1999,R,RS,ATL,PIT,NFC,AFC,West,Central,0,0,A,1469.6717448576358,1511.13145282127,0.3646433565078436,9,13,0,-4,0.0,1,0.4535687944572754,0.6121337435144784,1.0,20.0,-4.464210057336617,1465.207534800299,0,1,0
8,1999,R,RS,JAX,CIN,AFC,AFC,Central,Central,1,1,A,1573.5896491243388,1388.3500166670108,0.6791175962867501,41,10,0,31,1.0,1,0.3869609760115834,1.9503271425898783,1.0,22.44,14.043527844989791,1587.6331769693286,1,0,0
8,1999,R,RS,CIN,JAX,AFC,AFC,Central,Central,1,1,H,1388.3500166670108,1573.5896491243388,0.3208824037132499,10,41,0,-31,0.0,1,0.38696097601158325,1.9503271425898783,1.0,22.44,-14.043527844989788,1374.306488822021,0,1,0
8,1999,R,RS,KC,SD,AFC,AFC,West,West,1,1,H,1534.4303921940202,1486.5738964009906,0.6438444497222419,34,0,0,34,1.0,1,0.4402981197510935,2.3077218058595506,1.0,22.44,18.44361394143329,1552.8740061354536,1,0,0
8,1999,R,RS,SD,KC,AFC,AFC,West,West,1,1,A,1486.5738964009906,1534.4303921940202,0.3561555502777581,0,34,0,-34,0.0,1,0.44029811975109334,2.3077218058595506,1.0,22.44,-18.443613941433288,1468.1302824595573,0,1,0
8,1999,R,RS,BUF,BAL,AFC,AFC,East,Central,1,0,A,1512.5855294401129,1454.2225077520695,0.5048396261072703,13,10,0,3,1.0,1,0.6835144722082752,0.5341232572210396,1.0,20.4,5.395324103707601,1517.9808535438206,1,0,0
8,1999,R,RS,BAL,BUF,AFC,AFC,Central,East,1,0,H,1454.2225077520695,1512.5855294401129,0.49516037389272977,10,13,0,-3,0.0,1,0.6835144722082752,0.5341232572210396,1.0,20.4,-5.395324103707602,1448.8271836483618,0,1,0
8,1999,R,RS,WAS,CHI,NFC,NFC,East,Central,1,0,H,1521.921519473932,1467.9422856852286,0.6518849130565155,48,22,0,26,1.0,1,0.42788724635286446,1.8901508796579747,1.0,20.4,13.422996771292164,1535.3445162452242,1,0,0
8,1999,R,RS,CHI,WAS,NFC,NFC,Central,East,1,0,A,1467.9422856852286,1521.921519473932,0.34811508694348436,22,48,0,-26,0.0,1,0.42788724635286424,1.8901508796579747,1.0,20.4,-13.42299677129216,1454.5192889139364,0,1,0
8,1999,R,RS,CLE,NO,AFC,NFC,Central,West,0,0,A,1410.8105704201914,1449.5317907411588,0.36830327170294636,21,16,0,5,1.0,0,0.9988485723152207,0.6825928887057302,1.0,20.0,8.62383389108489,1419.4344043112762,1,0,0
8,1999,R,RS,NO,CLE,NFC,AFC,West,Central,0,0,H,1449.5317907411588,1410.8105704201914,0.6316967282970537,16,21,0,-5,0.0,0,0.9988485723152208,0.6825928887057302,1.0,20.0,-8.623833891084892,1440.907956850074,0,1,0
8,1999,R,RS,NYG,PHI,NFC,NFC,East,East,1,1,A,1491.229721650597,1439.2589473103546,0.495640704305963,23,17,1,6,1.0,0,0.7019040012317816,0.5196842579427198,1.0,22.44,5.881694237004384,1497.1114158876014,1,0,0
8,1999,R,RS,PHI,NYG,NFC,NFC,East,East,1,1,H,1439.2589473103546,1491.229721650597,0.504359295694037,17,23,1,-6,0.0,0,0.7019040012317818,0.5196842579427198,1.0,22.44,-5.881694237004384,1433.3772530733502,0,1,0
8,1999,R,RS,TEN,STL,AFC,NFC,Central,West,0,0,H,1530.6055851601793,1575.2122840948414,0.5149527026026459,24,21,0,3,1.0,1,0.6636802221424286,0.5397987816273834,1.0,20.0,5.236558803334937,1535.8421439635142,1,0,0
8,1999,R,RS,STL,TEN,NFC,AFC,West,Central,0,0,A,1575.2122840948414,1530.6055851601793,0.485047297397354,21,24,0,-3,0.0,1,0.6636802221424286,0.5397987816273834,1.0,20.0,-5.236558803334936,1569.9757252915065,0,1,0
8,1999,R,RS,ATL,CAR,NFC,NFC,West,West,1,1,H,1465.207534800299,1470.744253018315,0.570706329821052,27,20,0,7,1.0,1,0.5608805101726985,0.8375665632672104,1.0,22.44,8.0685718177555,1473.2761066180547,1,0,0
8,1999,R,RS,CAR,ATL,NFC,NFC,West,West,1,1,A,1470.744253018315,1465.207534800299,0.4292936701789481,20,27,0,-7,0.0,1,0.5608805101726985,0.8375665632672104,1.0,22.44,-8.068571817755501,1462.6756812005594,0,1,0
8,1999,R,RS,NE,ARI,AFC,NFC,East,East,0,0,A,1523.092185794483,1458.6265421196329,0.5136187869035347,27,3,0,24,1.0,1,0.6662739484133535,1.7708856614656738,1.0,20.0,17.226510325576218,1540.3186961200593,1,0,0
8,1999,R,RS,ARI,NE,NFC,AFC,East,East,0,0,H,1458.6265421196329,1523.092185794483,0.4863812130964653,3,27,0,-24,0.0,1,0.6662739484133535,1.7708856614656738,1.0,20.0,-17.226510325576218,1441.4000317940565,0,1,0
8,1999,R,RS,MIA,OAK,AFC,AFC,East,West,1,0,A,1537.5963864479577,1501.2042348584484,0.4732467285637343,16,9,0,7,1.0,0,0.748138401618691,0.8174766713511652,1.0,20.4,8.784413623523927,1546.3808000714816,1,0,0
8,1999,R,RS,OAK,MIA,AFC,AFC,West,East,1,0,H,1501.2042348584484,1537.5963864479577,0.5267532714362657,9,16,0,-7,0.0,0,0.748138401618691,0.8174766713511652,1.0,20.4,-8.784413623523927,1492.4198212349245,0,1,0
8,1999,R,RS,MIN,DEN,NFC,AFC,Central,West,0,0,A,1548.0107360978668,1526.4117906487004,0.452079556565996,23,20,0,3,1.0,0,0.7938971045361054,0.5495656639796386,1.0,20.0,6.022365246076528,1554.0331013439434,1,0,0
8,1999,R,RS,DEN,MIN,AFC,NFC,West,Central,0,0,H,1526.4117906487004,1548.0107360978668,0.547920443434004,20,23,0,-3,0.0,0,0.7938971045361055,0.5495656639796386,1.0,20.0,-6.022365246076529,1520.3894254026238,0,1,0
8,1999,R,RS,IND,DAL,AFC,NFC,East,East,0,0,H,1499.5644663119592,1547.9711744430608,0.5094873708722863,34,24,0,10,1.0,1,0.674350213923356,0.9990625527551829,1.0,20.0,9.801055988299796,1509.365522300259,1,0,0
8,1999,R,RS,DAL,IND,NFC,AFC,East,East,0,0,A,1547.9711744430608,1499.5644663119592,0.4905126291277136,24,34,0,-10,0.0,1,0.6743502139233558,0.9990625527551829,1.0,20.0,-9.801055988299796,1538.170118454761,0,1,0
8,1999,R,RS,DET,TB,NFC,NFC,Central,Central,1,1,H,1507.9764568554301,1507.616631874608,0.579001736900946,20,3,0,17,1.0,1,0.546449801584719,1.4643258702522792,1.0,22.44,13.833780860833222,1521.8102377162634,1,0,0
8,1999,R,RS,TB,DET,NFC,NFC,Central,Central,1,1,A,1507.616631874608,1507.9764568554301,0.4209982630990539,3,20,0,-17,0.0,1,0.5464498015847188,1.4643258702522792,1.0,22.44,-13.83378086083322,1493.7828510137747,0,1,0
8,1999,R,RS,SEA,GB,AFC,NFC,West,Central,0,0,A,1527.8160470868775,1539.2171201110891,0.4055878826689768,27,7,0,20,1.0,0,0.9024177022279198,1.6232216342794186,1.0,20.0,19.29725217059106,1547.1132992574685,1,0,0
8,1999,R,RS,GB,SEA,NFC,AFC,Central,West,0,0,H,1539.2171201110891,1527.8160470868775,0.5944121173310232,7,27,0,-20,0.0,0,0.9024177022279197,1.6232216342794186,1.0,20.0,-19.297252170591058,1519.919867940498,0,1,0
9,1999,R,RS,DET,STL,NFC,NFC,Central,West,1,0,H,1521.8102377162634,1569.9757252915065,0.5098343855438884,31,27,0,4,1.0,1,0.6736693402290121,0.6089717167805029,1.0,20.4,6.089338713139011,1527.8995764294025,1,0,0
9,1999,R,RS,STL,DET,NFC,NFC,West,Central,1,0,A,1569.9757252915065,1521.8102377162634,0.4901656144561117,27,31,0,-4,0.0,1,0.6736693402290124,0.6089717167805029,1.0,20.4,-6.0893387131390115,1563.8863865783674,0,1,0
9,1999,R,RS,CAR,PHI,NFC,NFC,West,East,1,0,H,1462.6756812005594,1433.3772530733502,0.6189893547277581,33,7,0,26,1.0,1,0.47966720397731344,1.9266165279430532,1.0,20.4,14.974852692676478,1477.650533893236,1,0,0
9,1999,R,RS,PHI,CAR,NFC,NFC,East,West,1,0,A,1433.3772530733502,1462.6756812005594,0.381010645272242,7,33,0,-26,0.0,1,0.47966720397731344,1.9266165279430532,1.0,20.4,-14.974852692676482,1418.4024003806737,0,1,0
9,1999,R,RS,JAX,ATL,AFC,NFC,Central,West,0,0,A,1587.6331769693286,1473.2761066180547,0.5846001996535845,30,7,0,23,1.0,1,0.5368270847833522,1.6553863972618144,1.0,20.0,13.752943578374595,1601.3861205477033,1,0,0
9,1999,R,RS,ATL,JAX,NFC,AFC,West,Central,0,0,H,1473.2761066180547,1587.6331769693286,0.41539980034641555,7,30,0,-23,0.0,1,0.5368270847833522,1.6553863972618144,1.0,20.0,-13.752943578374595,1459.52316303968,0,1,0
9,1999,R,RS,CHI,GB,NFC,NFC,Central,Central,1,1,A,1454.5192889139364,1519.919867940498,0.3333479411431261,14,13,0,1,1.0,0,1.0985684661989499,0.38409505329346816,1.0,22.44,5.745936091199213,1460.2652250051356,1,0,0
9,1999,R,RS,GB,CHI,NFC,NFC,Central,Central,1,1,H,1519.919867940498,1454.5192889139364,0.666652058856874,13,14,0,-1,0.0,0,1.0985684661989499,0.38409505329346816,1.0,22.44,-5.745936091199214,1514.173931849299,0,1,0
9,1999,R,RS,NYJ,ARI,AFC,NFC,East,East,0,0,H,1491.7124529220598,1441.4000317940565,0.6470796563944642,12,7,0,5,1.0,1,0.4352858755301434,0.6765081423679392,1.0,20.0,4.775069721128717,1496.4875226431886,1,0,0
9,1999,R,RS,ARI,NYJ,NFC,AFC,East,East,0,0,A,1441.4000317940565,1491.7124529220598,0.35292034360553587,7,12,0,-5,0.0,1,0.4352858755301436,0.6765081423679392,1.0,20.0,-4.775069721128718,1436.6249620729277,0,1,0
9,1999,R,RS,BAL,CLE,AFC,AFC,Central,Central,1,1,A,1448.8271836483618,1419.4344043112762,0.46321483124740814,41,9,0,32,1.0,0,0.76956433413533,2.239233020639461,1.0,22.44,26.972589959865783,1475.7997736082275,1,0,0
9,1999,R,RS,CLE,BAL,AFC,AFC,Central,Central,1,1,H,1419.4344043112762,1448.8271836483618,0.5367851687525919,9,41,0,-32,0.0,0,0.76956433413533,2.239233020639461,1.0,22.44,-26.972589959865783,1392.4618143514106,0,1,0
9,1999,R,RS,IND,KC,AFC,AFC,East,West,1,0,H,1509.365522300259,1552.8740061354536,0.5165315932104505,25,17,0,8,1.0,1,0.6606188244122888,0.8773918909461512,1.0,20.4,8.65350169677444,1518.0190239970334,1,0,0
9,1999,R,RS,KC,IND,AFC,AFC,West,East,1,0,A,1552.8740061354536,1509.365522300259,0.48346840678954955,17,25,0,-8,0.0,1,0.660618824412289,0.8773918909461512,1.0,20.4,-8.653501696774441,1544.2205044386792,0,1,0
9,1999,R,RS,BUF,WAS,AFC,NFC,East,East,0,0,A,1517.9808535438206,1535.3445162452242,0.397340508952576,34,17,0,17,1.0,0,0.9229616607436187,1.4446794497333681,1.0,20.0,17.412995638059684,1535.3938491818803,1,0,0
9,1999,R,RS,WAS,BUF,NFC,AFC,East,East,0,0,H,1535.3445162452242,1517.9808535438206,0.6026594910474241,17,34,0,-17,0.0,0,0.9229616607436191,1.4446794497333681,1.0,20.0,-17.412995638059687,1517.9315206071644,0,1,0
9,1999,R,RS,TB,NO,NFC,NFC,Central,West,1,0,A,1493.7828510137747,1440.907956850074,0.4969417650009642,31,16,0,15,1.0,0,0.6992824327870941,1.291707074645531,1.0,20.4,13.255999174581751,1507.0388501883565,1,0,0
9,1999,R,RS,NO,TB,NFC,NFC,West,Central,1,0,H,1440.907956850074,1493.7828510137747,0.5030582349990357,16,31,0,-15,0.0,0,0.6992824327870939,1.291707074645531,1.0,20.4,-13.255999174581747,1427.6519576754922,0,1,0
9,1999,R,RS,PIT,SF,AFC,NFC,Central,West,0,0,A,1515.5956628786066,1495.5390040417058,0.44988136478692925,27,6,0,21,1.0,0,0.7987713647820965,1.667994626348141,1.0,20.0,18.351898547787506,1533.947561426394,1,0,0
9,1999,R,RS,SF,PIT,NFC,AFC,West,Central,0,0,H,1495.5390040417058,1515.5956628786066,0.5501186352130707,6,27,0,-21,0.0,0,0.7987713647820964,1.667994626348141,1.0,20.0,-18.351898547787506,1477.1871054939184,0,1,0
9,1999,R,RS,DEN,SD,AFC,AFC,West,West,1,1,A,1520.3894254026238,1468.1302824595573,0.4960556714469481,33,17,0,16,1.0,0,0.7010671177352792,1.3494419756206315,1.0,22.44,15.260179064502939,1535.6496044671267,1,0,0
9,1999,R,RS,SD,DEN,AFC,AFC,West,West,1,1,H,1468.1302824595573,1520.3894254026238,0.5039443285530518,17,33,0,-16,0.0,0,0.7010671177352791,1.3494419756206315,1.0,22.44,-15.260179064502939,1452.8701033950545,0,1,0
9,1999,R,RS,SEA,CIN,AFC,AFC,West,Central,1,0,H,1547.1132992574685,1374.306488822021,0.7877408806104448,37,20,0,17,1.0,1,0.23858607491389422,1.2868466930399185,1.0,20.4,5.572156895421893,1552.6854561528903,1,0,0
9,1999,R,RS,CIN,SEA,AFC,AFC,Central,West,1,0,A,1374.306488822021,1547.1132992574685,0.21225911938955522,20,37,0,-17,0.0,1,0.23858607491389422,1.2868466930399185,1.0,20.4,-5.572156895421893,1368.7343319265992,0,1,0
9,1999,R,RS,MIA,TEN,AFC,AFC,East,Central,1,0,H,1546.3808000714816,1535.8421439635142,0.5932146923853309,17,0,0,17,1.0,1,0.5221989010120497,1.452501460365137,1.0,20.4,12.053467568653922,1558.4342676401357,1,0,0
9,1999,R,RS,TEN,MIA,AFC,AFC,Central,East,1,0,A,1535.8421439635142,1546.3808000714816,0.40678530761466913,0,17,0,-17,0.0,1,0.5221989010120497,1.452501460365137,1.0,20.4,-12.053467568653922,1523.7886763948602,0,1,0
9,1999,R,RS,MIN,DAL,NFC,NFC,Central,East,1,0,H,1554.0331013439434,1538.170118454761,0.600589057971177,27,17,0,10,1.0,1,0.5098443420950748,1.0247471787027302,1.0,20.4,8.349622814135536,1562.3827241580789,1,0,0
9,1999,R,RS,DAL,MIN,NFC,NFC,East,Central,1,0,A,1538.170118454761,1554.0331013439434,0.399410942028823,17,27,0,-10,0.0,1,0.5098443420950748,1.0247471787027302,1.0,20.4,-8.349622814135536,1529.8204956406255,0,1,0
10,1999,R,RS,STL,CAR,NFC,NFC,West,West,1,1,H,1563.8863865783674,1477.650533893236,0.6927524450105138,35,10,0,25,1.0,1,0.36708256581833604,1.7934614849063817,1.0,22.44,12.365262565246912,1576.2516491436143,1,0,0
10,1999,R,RS,CAR,STL,NFC,NFC,West,West,1,1,A,1477.650533893236,1563.8863865783674,0.3072475549894862,10,35,0,-25,0.0,1,0.36708256581833604,1.7934614849063817,1.0,22.44,-12.365262565246912,1465.285271327989,0,1,0
10,1999,R,RS,MIN,CHI,NFC,NFC,Central,Central,1,1,A,1562.3827241580789,1460.2652250051356,0.5673948746163646,27,24,1,3,1.0,1,0.5666997897529352,0.36178733242233746,1.0,22.44,3.51210805859918,1565.894832216678,1,0,0
10,1999,R,RS,CHI,MIN,NFC,NFC,Central,Central,1,1,H,1460.2652250051356,1562.3827241580789,0.4326051253836354,24,27,1,-3,0.0,1,0.5666997897529352,0.36178733242233746,1.0,22.44,-3.51210805859918,1456.7531169465365,0,1,0
10,1999,R,RS,TB,KC,NFC,AFC,Central,West,0,0,H,1507.0388501883565,1544.2205044386792,0.5256202028022592,17,10,0,7,1.0,1,0.6431763749510142,0.8169752658152383,1.0,20.0,7.751131218260063,1514.7899814066166,1,0,0
10,1999,R,RS,KC,TB,AFC,NFC,West,Central,0,0,A,1544.2205044386792,1507.0388501883565,0.4743797971977408,10,17,0,-7,0.0,1,0.6431763749510142,0.8169752658152383,1.0,20.0,-7.751131218260063,1536.4693732204191,0,1,0
10,1999,R,RS,BUF,MIA,AFC,AFC,East,East,1,1,H,1535.3938491818803,1558.4342676401357,0.5458642459815858,23,3,0,20,1.0,1,0.6053849678850824,1.6083805993496147,1.0,22.44,16.39069517709604,1551.7845443589763,1,0,0
10,1999,R,RS,MIA,BUF,AFC,AFC,East,East,1,1,A,1558.4342676401357,1535.3938491818803,0.4541357540184142,3,23,0,-20,0.0,1,0.6053849678850824,1.6083805993496147,1.0,22.44,-16.39069517709604,1542.0435724630397,0,1,0
10,1999,R,RS,CLE,PIT,AFC,AFC,Central,Central,1,1,A,1392.4618143514106,1533.947561426394,0.24396500341615837,16,15,0,1,1.0,0,1.4107304925981055,0.363093087058577,1.0,22.44,6.160028653913789,1398.6218430053243,1,0,0
10,1999,R,RS,PIT,CLE,AFC,AFC,Central,Central,1,1,H,1533.947561426394,1392.4618143514106,0.7560349965838415,15,16,0,-1,0.0,0,1.410730492598105,0.363093087058577,1.0,22.44,-6.1600286539137885,1527.7875327724803,0,1,0
10,1999,R,RS,NO,SF,NFC,NFC,West,West,1,1,H,1427.6519576754922,1477.1871054939184,0.5078639059682643,24,6,0,18,1.0,1,0.6775417689329843,1.464995043271488,1.0,22.44,16.1787224970561,1443.8306801725482,1,0,0
10,1999,R,RS,SF,NO,NFC,NFC,West,West,1,1,A,1477.1871054939184,1427.6519576754922,0.49213609403173575,6,24,0,-18,0.0,1,0.6775417689329843,1.464995043271488,1.0,22.44,-16.1787224970561,1461.0083829968623,0,1,0
10,1999,R,RS,TEN,CIN,AFC,AFC,Central,Central,1,1,A,1523.7886763948602,1368.7343319265992,0.6401370674208823,24,14,0,10,1.0,1,0.44607295771394995,0.9232308525623824,1.0,22.44,7.455388452415868,1531.2440648472761,1,0,0
10,1999,R,RS,CIN,TEN,AFC,AFC,Central,Central,1,1,H,1368.7343319265992,1523.7886763948602,0.3598629325791177,14,24,0,-10,0.0,1,0.44607295771394995,0.9232308525623824,1.0,22.44,-7.455388452415868,1361.2789434741833,0,1,0
10,1999,R,RS,PHI,WAS,NFC,NFC,East,East,1,1,H,1418.4024003806737,1517.9315206071644,0.4362660341567071,35,28,0,7,1.0,0,0.8295030516269889,0.7792314803530633,1.0,22.44,9.857426431247116,1428.259826811921,1,0,0
10,1999,R,RS,WAS,PHI,NFC,NFC,East,East,1,1,A,1517.9315206071644,1418.4024003806737,0.5637339658432929,28,35,0,-7,0.0,0,0.829503051626989,0.7792314803530633,1.0,22.44,-9.857426431247116,1508.0740941759173,0,1,0
10,1999,R,RS,IND,NYG,AFC,NFC,East,East,0,0,A,1518.0190239970334,1497.1114158876014,0.4510939701790356,27,19,0,8,1.0,0,0.7960796015845566,0.8929947758164087,1.0,20.0,9.803404340884942,1527.8224283379184,1,0,0
10,1999,R,RS,NYG,IND,NFC,AFC,East,East,0,0,H,1497.1114158876014,1518.0190239970334,0.5489060298209645,19,27,0,-8,0.0,0,0.7960796015845568,0.8929947758164087,1.0,20.0,-9.803404340884942,1487.3080115467164,0,1,0
10,1999,R,RS,JAX,BAL,AFC,AFC,Central,Central,1,1,H,1601.3861205477033,1475.7997736082275,0.7387609642298228,6,3,0,3,1.0,1,0.30278086877491156,0.5080212669501923,1.0,22.44,2.9781242842425417,1604.3642448319458,1,0,0
10,1999,R,RS,BAL,JAX,AFC,AFC,Central,Central,1,1,A,1475.7997736082275,1601.3861205477033,0.26123903577017715,3,6,0,-3,0.0,1,0.30278086877491156,0.5080212669501923,1.0,22.44,-2.9781242842425417,1472.821649323985,0,1,0
10,1999,R,RS,OAK,SD,AFC,AFC,West,West,1,1,H,1492.4198212349245,1452.8701033950545,0.6328056160854842,28,9,0,19,1.0,1,0.4575919875910142,1.5323176481451757,1.0,22.44,12.62605527628385,1505.0458765112082,1,0,0
10,1999,R,RS,SD,OAK,AFC,AFC,West,West,1,1,A,1452.8701033950545,1492.4198212349245,0.3671943839145157,9,28,0,-19,0.0,1,0.4575919875910142,1.5323176481451757,1.0,22.44,-12.626055276283848,1440.2440481187707,0,1,0
10,1999,R,RS,ARI,DET,NFC,NFC,East,Central,1,0,H,1436.6249620729277,1527.8995764294025,0.44798549568470014,23,19,0,4,1.0,0,0.8029944227950506,0.5893991112425457,1.0,20.4,6.637279908023215,1443.2622419809509,1,0,0
10,1999,R,RS,DET,ARI,NFC,NFC,Central,East,1,0,A,1527.8995764294025,1436.6249620729277,0.5520145043152999,19,23,0,-4,0.0,0,0.8029944227950506,0.5893991112425457,1.0,20.4,-6.637279908023215,1521.2622965213793,0,1,0
10,1999,R,RS,DAL,GB,NFC,NFC,East,Central,1,0,H,1529.8204956406255,1514.173931849299,0.600290173725071,27,13,0,14,1.0,1,0.5103421177987237,1.2702682476537068,1.0,20.4,10.35786949208132,1540.1783651327069,1,0,0
10,1999,R,RS,GB,DAL,NFC,NFC,Central,East,1,0,A,1514.173931849299,1529.8204956406255,0.399709826274929,13,27,0,-14,0.0,1,0.5103421177987237,1.2702682476537068,1.0,20.4,-10.35786949208132,1503.8160623572176,0,1,0
10,1999,R,RS,SEA,DEN,AFC,AFC,West,West,1,1,H,1552.6854561528903,1535.6496044671267,0.6022075330283483,20,17,0,3,1.0,1,0.5071531538324898,0.551544865791923,1.0,22.44,4.923344814632111,1557.6088009675225,1,0,0
10,1999,R,RS,DEN,SEA,AFC,AFC,West,West,1,1,A,1535.6496044671267,1552.6854561528903,0.3977924669716518,17,20,0,-3,0.0,1,0.50715315383249,0.551544865791923,1.0,22.44,-4.923344814632112,1530.7262596524945,0,1,0
10,1999,R,RS,NYJ,NE,AFC,AFC,East,East,1,1,A,1496.4875226431886,1540.3186961200593,0.3614865358045996,24,17,0,7,1.0,0,1.0175304834307477,0.8127765010544126,1.0,22.44,11.645658510001272,1508.13318115319,1,0,0
10,1999,R,RS,NE,NYJ,AFC,AFC,East,East,1,1,H,1540.3186961200593,1496.4875226431886,0.6385134641954003,17,24,0,-7,0.0,0,1.0175304834307477,0.8127765010544126,1.0,22.44,-11.64565851000127,1528.673037610058,0,1,0
11,1999,R,RS,TB,ATL,NFC,NFC,Central,West,1,0,H,1514.7899814066166,1459.52316303968,0.6535650110636207,19,10,0,9,1.0,1,0.42531326951366616,0.9321685548619875,1.0,20.4,6.587890381005247,1521.3778717876219,1,0,0
11,1999,R,RS,ATL,TB,NFC,NFC,West,Central,1,0,A,1459.52316303968,1514.7899814066166,0.34643498893637925,10,19,0,-9,0.0,1,0.42531326951366616,0.9321685548619875,1.0,20.4,-6.587890381005247,1452.9352726586746,0,1,0
11,1999,R,RS,SEA,KC,AFC,AFC,West,West,1,1,A,1557.6088009675225,1536.4693732204191,0.45142441520838356,31,19,0,12,1.0,0,0.7953473283157474,1.144270145454966,1.0,22.44,14.086006824705134,1571.6948077922277,1,0,0
11,1999,R,RS,KC,SEA,AFC,AFC,West,West,1,1,H,1536.4693732204191,1557.6088009675225,0.5485755847916164,19,31,0,-12,0.0,0,0.7953473283157473,1.144270145454966,1.0,22.44,-14.08600682470513,1522.383366395714,0,1,0
11,1999,R,RS,MIA,NE,AFC,AFC,East,East,1,1,H,1542.0435724630397,1528.673037610058,0.5971423938887966,27,17,0,10,1.0,1,0.5155996783032611,1.0267688572385976,1.0,22.44,9.28211848814384,1551.3256909511836,1,0,0
11,1999,R,RS,NE,MIA,AFC,AFC,East,East,1,1,A,1528.673037610058,1542.0435724630397,0.40285760611120336,17,27,0,-10,0.0,1,0.5155996783032611,1.0267688572385976,1.0,22.44,-9.28211848814384,1519.390919121914,0,1,0
11,1999,R,RS,NYJ,BUF,AFC,AFC,East,East,1,1,H,1508.13318115319,1551.7845443589763,0.5163261952646772,17,7,0,10,1.0,1,0.6610165518647472,1.0027350159670205,1.0,22.44,10.883325057448483,1519.0165062106385,1,0,0
11,1999,R,RS,BUF,NYJ,AFC,AFC,East,East,1,1,A,1551.7845443589763,1508.13318115319,0.48367380473532284,7,17,0,-10,0.0,1,0.6610165518647472,1.0027350159670205,1.0,22.44,-10.883325057448483,1540.9012193015278,0,1,0
11,1999,R,RS,CAR,CLE,NFC,AFC,West,Central,0,0,A,1465.285271327989,1398.6218430053243,0.5167787201768967,31,17,0,14,1.0,1,0.6601405034898008,1.2210490609466176,1.0,20.0,11.80073779914846,1477.0860091271375,1,0,0
11,1999,R,RS,CLE,CAR,AFC,NFC,Central,West,0,0,H,1398.6218430053243,1465.285271327989,0.48322127982310326,17,31,0,-14,0.0,1,0.6601405034898008,1.2210490609466176,1.0,20.0,-11.80073779914846,1386.8211052061758,0,1,0
11,1999,R,RS,IND,PHI,AFC,NFC,East,East,0,0,A,1527.8224283379184,1428.259826811921,0.5637813658356537,44,17,0,27,1.0,1,0.5730887518670275,1.8765179308444302,1.0,20.0,16.37144177555725,1544.1938701134757,1,0,0
11,1999,R,RS,PHI,IND,NFC,AFC,East,East,0,0,H,1428.259826811921,1527.8224283379184,0.4362186341643463,17,44,0,-27,0.0,1,0.5730887518670277,1.8765179308444302,1.0,20.0,-16.37144177555725,1411.8883850363636,0,1,0
11,1999,R,RS,GB,DET,NFC,NFC,Central,Central,1,1,H,1503.8160623572176,1521.2622965213793,0.553834724186945,26,17,0,9,1.0,1,0.5908889685371531,0.9599844561365581,1.0,22.44,9.61131521331039,1513.427377570528,1,0,0
11,1999,R,RS,DET,GB,NFC,NFC,Central,Central,1,1,A,1521.2622965213793,1503.8160623572176,0.44616527581305504,17,26,0,-9,0.0,1,0.5908889685371531,0.9599844561365581,1.0,22.44,-9.611315213310391,1511.6509813080688,0,1,0
11,1999,R,RS,TEN,PIT,AFC,AFC,Central,Central,1,1,H,1531.2440648472761,1527.7875327724803,0.5833407736672586,16,10,0,6,1.0,1,0.538983745955872,0.7711404406389127,1.0,22.44,7.210034369522791,1538.454099216799,1,0,0
11,1999,R,RS,PIT,TEN,AFC,AFC,Central,Central,1,1,A,1527.7875327724803,1531.2440648472761,0.4166592263327415,10,16,0,-6,0.0,1,0.5389837459558722,0.7711404406389127,1.0,22.44,-7.210034369522792,1520.5774984029574,0,1,0
11,1999,R,RS,WAS,NYG,NFC,NFC,East,East,1,1,H,1508.0740941759173,1487.3080115467164,0.6073399910503999,23,13,0,10,1.0,1,0.49866652767791414,1.0207933136333331,1.0,22.44,8.994506529806504,1517.0686007057238,1,0,0
11,1999,R,RS,NYG,WAS,NFC,NFC,East,East,1,1,A,1487.3080115467164,1508.0740941759173,0.3926600089496001,13,23,0,-10,0.0,1,0.4986665276779143,1.0207933136333331,1.0,22.44,-8.994506529806506,1478.3135050169099,0,1,0
11,1999,R,RS,STL,SF,NFC,NFC,West,West,1,1,A,1576.2516491436143,1461.0083829968623,0.5858384894477622,23,7,0,16,1.0,1,0.5347111426708516,1.287186829042543,1.0,22.44,11.962836738793355,1588.2144858824076,1,0,0
11,1999,R,RS,SF,STL,NFC,NFC,West,West,1,1,H,1461.0083829968623,1576.2516491436143,0.4141615105522379,7,23,0,-16,0.0,1,0.5347111426708516,1.287186829042543,1.0,22.44,-11.962836738793357,1449.045546258069,0,1,0
11,1999,R,RS,CHI,SD,NFC,AFC,Central,West,0,0,A,1456.7531169465365,1440.2440481187707,0.4448326117156649,23,20,1,3,1.0,0,0.8100572210272949,0.3862419900339692,1.0,20.0,4.288579137058057,1461.0416960835946,1,0,0
11,1999,R,RS,SD,CHI,AFC,NFC,West,Central,0,0,H,1440.2440481187707,1456.7531169465365,0.5551673882843351,20,23,1,-3,0.0,0,0.8100572210272949,0.3862419900339692,1.0,20.0,-4.288579137058057,1435.9554689817126,0,1,0
11,1999,R,RS,ARI,DAL,NFC,NFC,East,East,1,1,H,1443.2622419809509,1540.1783651327069,0.43996881979605595,13,9,0,4,1.0,0,0.821051418680682,0.5869304346762387,1.0,22.44,7.376013280018567,1450.6382552609693,1,0,0
11,1999,R,RS,DAL,ARI,NFC,NFC,East,East,1,1,A,1540.1783651327069,1443.2622419809509,0.560031180203944,9,13,0,-4,0.0,0,0.821051418680682,0.5869304346762387,1.0,22.44,-7.376013280018567,1532.8023518526884,0,1,0
11,1999,R,RS,BAL,CIN,AFC,AFC,Central,Central,1,1,A,1472.821649323985,1361.2789434741833,0.5806606423644978,34,31,0,3,1.0,1,0.543588785094434,0.5132612556103475,1.0,22.44,4.829775678890165,1477.6514250028752,1,0,0
11,1999,R,RS,CIN,BAL,AFC,AFC,Central,Central,1,1,H,1361.2789434741833,1472.821649323985,0.4193393576355022,31,34,0,-3,0.0,1,0.543588785094434,0.5132612556103475,1.0,22.44,-4.829775678890164,1356.449167795293,0,1,0
11,1999,R,RS,JAX,NO,AFC,NFC,Central,West,0,0,H,1604.3642448319458,1443.8306801725482,0.7756877381278333,41,23,0,18,1.0,1,0.2540052391030531,1.3497109163586545,1.0,20.0,6.055134170439292,1610.419379002385,1,0,0
11,1999,R,RS,NO,JAX,NFC,AFC,West,Central,0,0,A,1443.8306801725482,1604.3642448319458,0.22431226187216677,23,41,0,-18,0.0,1,0.2540052391030532,1.3497109163586545,1.0,20.0,-6.055134170439294,1437.775546002109,0,1,0
11,1999,R,RS,DEN,OAK,AFC,AFC,West,West,1,1,H,1530.7262596524945,1505.0458765112082,0.6140654252916453,27,21,1,6,1.0,1,0.4876538006620807,0.5303943877070496,1.0,22.44,4.593412628120069,1535.3196722806147,1,0,0
11,1999,R,RS,OAK,DEN,AFC,AFC,West,West,1,1,A,1505.0458765112082,1530.7262596524945,0.38593457470835457,21,27,1,-6,0.0,1,0.48765380066208047,0.5303943877070496,1.0,22.44,-4.593412628120068,1500.452463883088,0,1,0
12,1999,R,RS,DET,CHI,NFC,NFC,Central,Central,1,1,H,1511.6509813080688,1461.0416960835946,0.6474698126408942,21,17,0,4,1.0,1,0.43468310789928005,0.607827481023598,1.0,22.44,4.808387902617366,1516.4593692106862,1,0,0
12,1999,R,RS,CHI,DET,NFC,NFC,Central,Central,1,1,A,1461.0416960835946,1511.6509813080688,0.3525301873591058,17,21,0,-4,0.0,1,0.43468310789928005,0.607827481023598,1.0,22.44,-4.808387902617366,1456.2333081809772,0,1,0
12,1999,R,RS,DAL,MIA,NFC,AFC,East,East,0,0,H,1532.8023518526884,1551.3256909511836,0.5523021085302767,20,0,0,20,1.0,1,0.593660084355908,1.6141078749810778,1.0,20.0,14.452653844674083,1547.2550056973625,1,0,0
12,1999,R,RS,MIA,DAL,AFC,NFC,East,East,0,0,A,1551.3256909511836,1532.8023518526884,0.4476978914697232,0,20,0,-20,0.0,1,0.5936600843559078,1.6141078749810778,1.0,20.0,-14.452653844674082,1536.8730371065094,0,1,0
12,1999,R,RS,CAR,ATL,NFC,NFC,West,West,1,1,H,1477.0860091271375,1452.9352726586746,0.6119765680199848,34,28,0,6,1.0,1,0.49106128475184235,0.7586159116031764,1.0,22.44,6.6054552204610335,1483.6914643475984,1,0,0
12,1999,R,RS,ATL,CAR,NFC,NFC,West,West,1,1,A,1452.9352726586746,1477.0860091271375,0.38802343198001515,28,34,0,-6,0.0,1,0.4910612847518422,0.7586159116031764,1.0,22.44,-6.605455220461033,1446.3298174382137,0,1,0
12,1999,R,RS,WAS,PHI,NFC,NFC,East,East,1,1,H,1517.0686007057238,1411.8883850363636,0.7154639882055743,20,17,1,3,1.0,1,0.33482401220185787,0.3609696905872307,1.0,22.44,2.304787180544764,1519.3733878862686,1,0,0
12,1999,R,RS,PHI,WAS,NFC,NFC,East,East,1,1,A,1411.8883850363636,1517.0686007057238,0.2845360117944257,17,20,1,-3,0.0,1,0.334824012201858,0.3609696905872307,1.0,22.44,-2.3047871805447646,1409.5835978558189,0,1,0
12,1999,R,RS,JAX,BAL,AFC,AFC,Central,Central,1,1,A,1610.419379002385,1477.6514250028752,0.6100847154723186,30,23,0,7,1.0,1,0.4941574536339392,0.7605003942216239,1.0,22.44,6.654149527261833,1617.0735285296469,1,0,0
12,1999,R,RS,BAL,JAX,AFC,AFC,Central,Central,1,1,H,1477.6514250028752,1610.419379002385,0.3899152845276814,23,30,0,-7,0.0,1,0.4941574536339392,0.7605003942216239,1.0,22.44,-6.654149527261833,1470.9972754756134,0,1,0
12,1999,R,RS,CIN,PIT,AFC,AFC,Central,Central,1,1,A,1356.449167795293,1520.5774984029574,0.22073228429450908,27,20,0,7,1.0,0,1.5108046950649643,0.7436351789103716,1.0,22.44,13.003775508492646,1369.4529433037858,1,0,0
12,1999,R,RS,PIT,CIN,AFC,AFC,Central,Central,1,1,H,1520.5774984029574,1356.449167795293,0.7792677157054909,20,27,0,-7,0.0,0,1.5108046950649643,0.7436351789103716,1.0,22.44,-13.003775508492646,1507.5737228944647,0,1,0
12,1999,R,RS,STL,NO,NFC,NFC,West,West,1,1,H,1588.2144858824076,1437.775546002109,0.7654152561139064,43,12,0,31,1.0,1,0.26733677397869254,1.9987924725525743,1.0,22.44,10.521806782526632,1598.7362926649344,1,0,0
12,1999,R,RS,NO,STL,NFC,NFC,West,West,1,1,A,1437.775546002109,1588.2144858824076,0.23458474388609366,12,43,0,-31,0.0,1,0.26733677397869254,1.9987924725525743,1.0,22.44,-10.521806782526633,1427.2537392195823,0,1,0
12,1999,R,RS,BUF,NE,AFC,AFC,East,East,1,1,H,1540.9012193015278,1519.390919121914,0.6083611746397087,17,7,0,10,1.0,1,0.49698653614988253,1.0201958412422383,1.0,22.44,8.965863872231106,1549.8670831737588,1,0,0
12,1999,R,RS,NE,BUF,AFC,AFC,East,East,1,1,A,1519.390919121914,1540.9012193015278,0.39163882536029127,7,17,0,-10,0.0,1,0.49698653614988253,1.0201958412422383,1.0,22.44,-8.965863872231106,1510.425055249683,0,1,0
12,1999,R,RS,TEN,CLE,AFC,AFC,Central,Central,1,1,A,1538.454099216799,1386.8211052061758,0.6355877150553577,33,21,0,12,1.0,1,0.4532051726131038,1.037737342155272,1.0,22.44,8.486005456449982,1546.940104673249,1,0,0
12,1999,R,RS,CLE,TEN,AFC,AFC,Central,Central,1,1,H,1386.8211052061758,1538.454099216799,0.36441228494464223,21,33,0,-12,0.0,1,0.4532051726131038,1.037737342155272,1.0,22.44,-8.48600545644998,1378.335099749726,0,1,0
12,1999,R,RS,ARI,NYG,NFC,NFC,East,East,1,1,A,1450.6382552609693,1478.3135050169099,0.3832167300211788,34,24,0,10,1.0,0,0.9591545751192944,1.015273263364614,1.0,22.44,14.052007960454144,1464.6902632214235,1,0,0
12,1999,R,RS,NYG,ARI,NFC,NFC,East,East,1,1,H,1478.3135050169099,1450.6382552609693,0.6167832699788213,24,34,0,-10,0.0,0,0.9591545751192946,1.015273263364614,1.0,22.44,-14.052007960454146,1464.2614970564557,0,1,0
12,1999,R,RS,MIN,SD,NFC,AFC,Central,West,0,0,H,1565.894832216678,1435.9554689817126,0.7435679720567672,35,27,0,8,1.0,1,0.29629509552995015,0.822437481547373,1.0,20.0,4.21798622499436,1570.1128184416723,1,0,0
12,1999,R,RS,SD,MIN,AFC,NFC,West,Central,0,0,A,1435.9554689817126,1565.894832216678,0.2564320279432328,27,35,0,-8,0.0,1,0.29629509552995015,0.822437481547373,1.0,20.0,-4.217986224994359,1431.7374827567182,0,1,0
12,1999,R,RS,TB,SEA,NFC,AFC,Central,West,0,0,A,1521.3778717876219,1571.6948077922277,0.35291440841915106,16,3,0,13,1.0,0,1.041529720516778,1.1778649991045633,1.0,20.0,15.243589394959047,1536.621461182581,1,0,0
12,1999,R,RS,SEA,TB,AFC,NFC,West,Central,0,0,H,1571.6948077922277,1521.3778717876219,0.6470855915808489,3,16,0,-13,0.0,0,1.0415297205167777,1.1778649991045633,1.0,20.0,-15.243589394959047,1556.4512183972686,0,1,0
12,1999,R,RS,KC,OAK,AFC,AFC,West,West,1,1,A,1522.383366395714,1500.452463883088,0.4525529362581935,37,34,0,3,1.0,0,0.7928505364785563,0.5494222346442615,1.0,22.44,6.749493979638785,1529.1328603753527,1,0,0
12,1999,R,RS,OAK,KC,AFC,AFC,West,West,1,1,H,1500.452463883088,1522.383366395714,0.5474470637418065,34,37,0,-3,0.0,0,0.7928505364785563,0.5494222346442615,1.0,22.44,-6.749493979638785,1493.7029699034492,0,1,0
12,1999,R,RS,IND,NYJ,AFC,AFC,East,East,1,1,H,1544.1938701134757,1519.0165062106385,0.6133789707410083,13,6,0,7,1.0,1,0.48877231099855273,0.8246661240245967,1.0,22.44,7.154618481531865,1551.3484885950074,1,0,0
12,1999,R,RS,NYJ,IND,AFC,AFC,East,East,1,1,A,1519.0165062106385,1544.1938701134757,0.3866210292589917,6,13,0,-7,0.0,1,0.4887723109985529,0.8246661240245967,1.0,22.44,-7.154618481531866,1511.8618877291067,0,1,0
12,1999,R,RS,GB,SF,NFC,NFC,Central,West,1,0,A,1513.427377570528,1449.045546258069,0.5134982599118059,20,3,0,17,1.0,1,0.6665086383012406,1.3930002646303123,1.0,20.4,13.825019874793622,1527.2523974453218,1,0,0
12,1999,R,RS,SF,GB,NFC,NFC,West,Central,1,0,H,1449.045546258069,1513.427377570528,0.48650174008819413,3,20,0,-17,0.0,1,0.6665086383012406,1.3930002646303123,1.0,20.4,-13.825019874793622,1435.2205263832752,0,1,0
13,1999,R,RS,JAX,PIT,AFC,AFC,Central,Central,1,1,H,1617.0735285296469,1507.5737228944647,0.7204987671103337,20,6,0,14,1.0,1,0.3278115747024786,1.1825751177544255,1.0,22.44,7.417120204228776,1624.4906487338756,1,0,0
13,1999,R,RS,PIT,JAX,AFC,AFC,Central,Central,1,1,A,1507.5737228944647,1617.0735285296469,0.27950123288966633,6,20,0,-14,0.0,1,0.3278115747024786,1.1825751177544255,1.0,22.44,-7.417120204228776,1500.156602690236,0,1,0
13,1999,R,RS,CIN,SF,AFC,NFC,Central,West,0,0,H,1369.4529433037858,1435.2205263832752,0.4845091615450429,44,30,0,14,1.0,0,0.7246189385523999,1.221880416732396,1.0,20.0,12.597363210261502,1382.0503065140472,1,0,0
13,1999,R,RS,SF,CIN,NFC,AFC,West,Central,0,0,A,1435.2205263832752,1369.4529433037858,0.515490838454957,30,44,0,-14,0.0,0,0.7246189385523998,1.221880416732396,1.0,20.0,-12.597363210261502,1422.6231631730138,0,1,0
13,1999,R,RS,IND,MIA,AFC,AFC,East,East,1,1,A,1551.3484885950074,1536.8730371065094,0.4419435277768299,37,34,0,3,1.0,0,0.8165731702779009,0.5526616732250069,1.0,22.44,6.920864547668717,1558.2693531426762,1,0,0
13,1999,R,RS,MIA,IND,AFC,AFC,East,East,1,1,H,1536.8730371065094,1551.3484885950074,0.5580564722231701,34,37,0,-3,0.0,0,0.8165731702779009,0.5526616732250069,1.0,22.44,-6.920864547668717,1529.9521725588406,0,1,0
13,1999,R,RS,DET,WAS,NFC,NFC,Central,East,1,0,H,1516.4593692106862,1519.3733878862686,0.5744012053745978,33,17,0,16,1.0,1,0.5544271627569438,1.4025887845685816,1.0,20.4,12.177577959776922,1528.6369471704631,1,0,0
13,1999,R,RS,WAS,DET,NFC,NFC,East,Central,1,0,A,1519.3733878862686,1516.4593692106862,0.4255987946254021,17,33,0,-16,0.0,1,0.5544271627569437,1.4025887845685816,1.0,20.4,-12.17757795977692,1507.1958099264916,0,1,0
13,1999,R,RS,STL,CAR,NFC,NFC,West,West,1,1,A,1598.7362926649344,1483.6914643475984,0.585561304054014,34,21,0,13,1.0,1,0.5351843976610937,1.122012826897915,1.0,22.44,10.434724156351574,1609.171016821286,1,0,0
13,1999,R,RS,CAR,STL,NFC,NFC,West,West,1,1,H,1483.6914643475984,1598.7362926649344,0.41443869594598615,21,34,0,-13,0.0,1,0.5351843976610939,1.122012826897915,1.0,22.44,-10.434724156351578,1473.2567401912468,0,1,0
13,1999,R,RS,BAL,TEN,AFC,AFC,Central,Central,1,1,H,1470.9972754756134,1546.940104673249,0.469897296358629,41,14,0,27,1.0,0,0.7552411265425497,1.9099454100091657,1.0,22.44,22.719764543659732,1493.717040019273,1,0,0
13,1999,R,RS,TEN,BAL,AFC,AFC,Central,Central,1,1,A,1546.940104673249,1470.9972754756134,0.530102703641371,14,41,0,-27,0.0,0,0.7552411265425497,1.9099454100091657,1.0,22.44,-22.719764543659732,1524.2203401295892,0,1,0
13,1999,R,RS,GB,CHI,NFC,NFC,Central,Central,1,1,A,1527.2523974453218,1456.2333081809772,0.5230370007094151,35,19,0,16,1.0,1,0.6481030703653381,1.3302783925717143,1.0,22.44,14.238035755959672,1541.4904332012813,1,0,0
13,1999,R,RS,CHI,GB,NFC,NFC,Central,Central,1,1,H,1456.2333081809772,1527.2523974453218,0.47696299929058494,19,35,0,-16,0.0,1,0.6481030703653381,1.3302783925717143,1.0,22.44,-14.238035755959672,1441.9952724250177,0,1,0
13,1999,R,RS,ATL,NO,NFC,NFC,West,West,1,1,H,1446.3298174382137,1427.2537392195823,0.605017562257782,35,12,0,23,1.0,1,0.5024977928473555,1.7796711907435285,1.0,22.44,15.773948137320213,1462.103765575534,1,0,0
13,1999,R,RS,NO,ATL,NFC,NFC,West,West,1,1,A,1427.2537392195823,1446.3298174382137,0.3949824377422179,12,35,0,-23,0.0,1,0.5024977928473555,1.7796711907435285,1.0,22.44,-15.773948137320211,1411.479791082262,0,1,0
13,1999,R,RS,NYG,NYJ,NFC,AFC,East,East,0,0,H,1464.2614970564557,1511.8618877291067,0.5106472840263435,41,28,0,13,1.0,1,0.6720761736320312,1.1803308766489835,1.0,20.0,11.551962404714939,1475.8134594611706,1,0,0
13,1999,R,RS,NYJ,NYG,AFC,NFC,East,East,0,0,A,1511.8618877291067,1464.2614970564557,0.48935271597365654,28,41,0,-13,0.0,1,0.6720761736320314,1.1803308766489835,1.0,20.0,-11.55196240471494,1500.3099253243918,0,1,0
13,1999,R,RS,SD,CLE,AFC,AFC,West,Central,1,0,H,1431.7374827567182,1378.335099749726,0.6511309819682336,23,10,0,13,1.0,1,0.4290444558317283,1.1750767273643208,1.0,20.4,8.362936425346474,1440.1004191820648,1,0,0
13,1999,R,RS,CLE,SD,AFC,AFC,Central,West,1,0,A,1378.335099749726,1431.7374827567182,0.34886901803176634,10,23,0,-13,0.0,1,0.4290444558317283,1.1750767273643208,1.0,20.4,-8.362936425346472,1369.9721633243794,0,1,0
13,1999,R,RS,ARI,PHI,NFC,NFC,East,East,1,1,H,1464.6902632214235,1409.5835978558189,0.6533562436169279,21,17,0,4,1.0,1,0.42563274927990435,0.6057329156406045,1.0,22.44,4.711806085962366,1469.4020693073858,1,0,0
13,1999,R,RS,PHI,ARI,NFC,NFC,East,East,1,1,A,1409.5835978558189,1464.6902632214235,0.34664375638307204,17,21,0,-4,0.0,1,0.4256327492799042,0.6057329156406045,1.0,22.44,-4.711806085962365,1404.8717917698566,0,1,0
13,1999,R,RS,KC,DEN,AFC,AFC,West,West,1,1,A,1529.1328603753527,1535.3196722806147,0.41284427695271403,16,10,0,6,1.0,0,0.8846848105068638,0.7694643927998657,1.0,22.44,10.138289267739971,1539.2711496430927,1,0,0
13,1999,R,RS,DEN,KC,AFC,AFC,West,West,1,1,H,1535.3196722806147,1529.1328603753527,0.5871557230472859,10,16,0,-6,0.0,0,0.8846848105068637,0.7694643927998657,1.0,22.44,-10.138289267739971,1525.1813830128747,0,1,0
13,1999,R,RS,OAK,SEA,AFC,AFC,West,West,1,1,H,1493.7029699034492,1556.4512183972686,0.48885122228059574,30,21,0,9,1.0,0,0.7156970847152933,0.9268560709811834,1.0,22.44,10.6312046447182,1504.3341745481675,1,0,0
13,1999,R,RS,SEA,OAK,AFC,AFC,West,West,1,1,A,1556.4512183972686,1493.7029699034492,0.5111487777194041,21,30,0,-9,0.0,0,0.715697084715293,0.9268560709811834,1.0,22.44,-10.631204644718197,1545.8200137525503,0,1,0
13,1999,R,RS,NE,DAL,AFC,NFC,East,East,0,0,H,1510.425055249683,1547.2550056973625,0.5261249899876853,13,6,0,7,1.0,1,0.642216470921699,0.8171985535212423,1.0,20.0,7.744999454638555,1518.1700547043215,1,0,0
13,1999,R,RS,DAL,NE,NFC,AFC,East,East,0,0,A,1547.2550056973625,1510.425055249683,0.47387501001231463,6,13,0,-7,0.0,1,0.6422164709216988,0.8171985535212423,1.0,20.0,-7.744999454638554,1539.510006242724,0,1,0
13,1999,R,RS,TB,MIN,NFC,NFC,Central,Central,1,1,H,1536.621461182581,1570.1128184416723,0.5309139430470694,24,17,0,7,1.0,1,0.6331553366990111,0.819324234780473,1.0,22.44,8.62444541535131,1545.2459065979324,1,0,0
13,1999,R,RS,MIN,TB,NFC,NFC,Central,Central,1,1,A,1570.1128184416723,1536.621461182581,0.46908605695293054,17,24,0,-7,0.0,1,0.6331553366990109,0.819324234780473,1.0,22.44,-8.624445415351309,1561.488373026321,0,1,0
14,1999,R,RS,TEN,OAK,AFC,AFC,Central,West,1,0,H,1524.2203401295892,1504.3341745481675,0.6061313948040983,21,14,0,7,1.0,1,0.5006584933064826,0.8281022367482671,1.0,20.4,6.653734848131984,1530.8740749777212,1,0,0
14,1999,R,RS,OAK,TEN,AFC,AFC,West,Central,1,0,A,1504.3341745481675,1524.2203401295892,0.3938686051959018,14,21,0,-7,0.0,1,0.5006584933064826,0.8281022367482671,1.0,20.4,-6.653734848131985,1497.6804397000355,0,1,0
14,1999,R,RS,DAL,PHI,NFC,NFC,East,East,1,1,H,1539.510006242724,1404.8717917698566,0.748691418379402,20,10,0,10,1.0,1,0.28942837183950015,0.9368436511292971,1.0,22.44,5.283202895275302,1544.7932091379994,1,0,0
14,1999,R,RS,PHI,DAL,NFC,NFC,East,East,1,1,A,1404.8717917698566,1539.510006242724,0.251308581620598,10,20,0,-10,0.0,1,0.28942837183950015,0.9368436511292971,1.0,22.44,-5.283202895275302,1399.5885888745813,0,1,0
14,1999,R,RS,STL,NO,NFC,NFC,West,West,1,1,A,1609.171016821286,1411.479791082262,0.6945327452190592,30,14,0,16,1.0,1,0.36451596855573626,1.2138798104036554,1.0,22.44,8.320763967656225,1617.4917807889422,1,0,0
14,1999,R,RS,NO,STL,NFC,NFC,West,West,1,1,H,1411.479791082262,1609.171016821286,0.3054672547809408,14,30,0,-16,0.0,1,0.3645159685557361,1.2138798104036554,1.0,22.44,-8.320763967656223,1403.1590271146058,0,1,0
14,1999,R,RS,CIN,CLE,AFC,AFC,Central,Central,1,1,H,1382.0503065140472,1369.9721633243794,0.5953514115970673,44,28,0,16,1.0,1,0.5186034400504459,1.3924043927912535,1.0,22.44,12.643469552331286,1394.6937760663784,1,0,0
14,1999,R,RS,CLE,CIN,AFC,AFC,Central,Central,1,1,A,1369.9721633243794,1382.0503065140472,0.4046485884029329,28,44,0,-16,0.0,1,0.5186034400504462,1.3924043927912535,1.0,22.44,-12.643469552331291,1357.3286937720482,0,1,0
14,1999,R,RS,WAS,ARI,NFC,NFC,East,East,1,1,H,1507.1958099264916,1469.4020693073858,0.6304537064675069,28,3,0,25,1.0,1,0.46131554979777106,1.8609249765336735,1.0,22.44,15.431941495794165,1522.6277514222859,1,0,0
14,1999,R,RS,ARI,WAS,NFC,NFC,East,East,1,1,A,1469.4020693073858,1507.1958099264916,0.3695462935324932,3,28,0,-25,0.0,1,0.46131554979777106,1.8609249765336735,1.0,22.44,-15.431941495794169,1453.9701278115915,0,1,0
14,1999,R,RS,BAL,PIT,AFC,AFC,Central,Central,1,1,A,1493.717040019273,1500.156602690236,0.4124916361191371,31,24,0,7,1.0,0,0.8855393494877829,0.8369647099444671,1.0,22.44,11.034281339681705,1504.7513213589548,1,0,0
14,1999,R,RS,PIT,BAL,AFC,AFC,Central,Central,1,1,H,1500.156602690236,1493.717040019273,0.5875083638808629,24,31,0,-7,0.0,0,0.8855393494877829,0.8369647099444671,1.0,22.44,-11.034281339681705,1489.1223213505543,0,1,0
14,1999,R,RS,NYG,BUF,NFC,AFC,East,East,0,0,A,1475.8134594611706,1549.8670831737588,0.3223719849661272,19,17,0,2,1.0,0,1.132049167391631,0.45616207852005597,1.0,20.0,6.1821640760254235,1481.995623537196,1,0,0
14,1999,R,RS,BUF,NYG,AFC,NFC,East,East,0,0,H,1549.8670831737588,1475.8134594611706,0.6776280150338727,17,19,0,-2,0.0,0,1.1320491673916309,0.45616207852005597,1.0,20.0,-6.182164076025423,1543.6849190977334,0,1,0
14,1999,R,RS,CAR,GB,NFC,NFC,West,Central,1,0,A,1473.2567401912468,1541.4904332012813,0.32973360627372605,33,31,0,2,1.0,0,1.1094702042423312,0.4581760095098318,1.0,20.4,6.264839624355419,1479.521579815602,1,0,0
14,1999,R,RS,GB,CAR,NFC,NFC,Central,West,1,0,H,1541.4904332012813,1473.2567401912468,0.6702663937262738,31,33,0,-2,0.0,0,1.109470204242331,0.4581760095098318,1.0,20.4,-6.264839624355417,1535.225593576926,0,1,0
14,1999,R,RS,IND,NE,AFC,AFC,East,East,1,1,H,1558.2693531426762,1518.1700547043215,0.6335404186322782,20,15,0,5,1.0,1,0.45643147915316723,0.6818637461318615,1.0,22.44,5.607206286362004,1563.8765594290383,1,0,0
14,1999,R,RS,NE,IND,AFC,AFC,East,East,1,1,A,1518.1700547043215,1558.2693531426762,0.36645958136772183,15,20,0,-5,0.0,1,0.45643147915316723,0.6818637461318615,1.0,22.44,-5.607206286362004,1512.5628484179595,0,1,0
14,1999,R,RS,NYJ,MIA,AFC,AFC,East,East,1,1,H,1500.3099253243918,1529.9521725588406,0.5364280799797531,28,20,0,8,1.0,1,0.6228227799892297,0.886899332246818,1.0,22.44,9.226018094493618,1509.5359434188854,1,0,0
14,1999,R,RS,MIA,NYJ,AFC,AFC,East,East,1,1,A,1529.9521725588406,1500.3099253243918,0.4635719200202469,20,28,0,-8,0.0,1,0.6228227799892295,0.886899332246818,1.0,22.44,-9.226018094493616,1520.726154464347,0,1,0
14,1999,R,RS,SD,SEA,AFC,AFC,West,West,1,1,A,1440.1004191820648,1545.8200137525503,0.2839043510654306,19,16,0,3,1.0,0,1.2591178895712334,0.5154658246220741,1.0,22.44,8.283116399141404,1448.3835355812062,1,0,0
14,1999,R,RS,SEA,SD,AFC,AFC,West,West,1,1,H,1545.8200137525503,1440.1004191820648,0.7160956489345693,16,19,0,-3,0.0,0,1.2591178895712332,0.5154658246220741,1.0,22.44,-8.283116399141404,1537.536897353409,0,1,0
14,1999,R,RS,SF,ATL,NFC,NFC,West,West,1,1,H,1422.6231631730138,1462.103765575534,0.5223193660809332,26,7,0,19,1.0,1,0.6494760657648316,1.5323997795120323,1.0,22.44,16.426028345246095,1439.04919151826,1,0,0
14,1999,R,RS,ATL,SF,NFC,NFC,West,West,1,1,A,1462.103765575534,1422.6231631730138,0.47768063391906673,7,26,0,-19,0.0,1,0.6494760657648314,1.5323997795120323,1.0,22.44,-16.426028345246095,1445.677737230288,0,1,0
14,1999,R,RS,TB,DET,NFC,NFC,Central,Central,1,1,H,1545.2459065979324,1528.6369471704631,0.6016187089122543,23,16,0,7,1.0,1,0.5081314082392099,0.8302448567938413,1.0,22.44,7.422120163212939,1552.6680267611453,1,0,0
14,1999,R,RS,DET,TB,NFC,NFC,Central,Central,1,1,A,1528.6369471704631,1545.2459065979324,0.39838129108774567,16,23,0,-7,0.0,1,0.5081314082392099,0.8302448567938413,1.0,22.44,-7.422120163212939,1521.2148270072503,0,1,0
14,1999,R,RS,KC,MIN,AFC,NFC,West,Central,0,0,H,1539.2711496430927,1561.488373026321,0.5470386935004352,31,28,0,3,1.0,1,0.6032357414011871,0.5492985835494169,1.0,20.0,4.976220081258084,1544.2473697243508,1,0,0
14,1999,R,RS,MIN,KC,NFC,AFC,Central,West,0,0,A,1561.488373026321,1539.2711496430927,0.45296130649956473,28,31,0,-3,0.0,1,0.6032357414011871,0.5492985835494169,1.0,20.0,-4.9762200812580835,1556.5121529450628,0,1,0
14,1999,R,RS,JAX,DEN,AFC,AFC,Central,West,1,0,H,1624.4906487338756,1525.1813830128747,0.7085341758712886,27,24,0,3,1.0,1,0.3445569840757556,0.5179147112712981,1.0,20.4,3.079470538241078,1627.5701192721167,1,0,0
14,1999,R,RS,DEN,JAX,AFC,AFC,West,Central,1,0,A,1525.1813830128747,1624.4906487338756,0.2914658241287114,24,27,0,-3,0.0,1,0.3445569840757556,0.5179147112712981,1.0,20.4,-3.079470538241079,1522.1019124746335,0,1,0
15,1999,R,RS,KC,PIT,AFC,AFC,West,Central,1,0,H,1544.2473697243508,1489.1223213505543,0.6533802097881541,35,19,0,16,1.0,1,0.4255960683238226,1.3464787552830824,1.0,20.4,9.521010147090958,1553.7683798714418,1,0,0
15,1999,R,RS,PIT,KC,AFC,AFC,Central,West,1,0,A,1489.1223213505543,1544.2473697243508,0.34661979021184586,19,35,0,-16,0.0,1,0.4255960683238226,1.3464787552830824,1.0,20.4,-9.521010147090958,1479.6013112034634,0,1,0
15,1999,R,RS,CAR,SF,NFC,NFC,West,West,1,1,H,1479.521579815602,1439.04919151826,0.6340388953112804,41,24,0,17,1.0,1,0.4556449773552682,1.4188093100227248,1.0,22.44,11.651499263521204,1491.1730790791232,1,0,0
15,1999,R,RS,SF,CAR,NFC,NFC,West,West,1,1,A,1439.04919151826,1479.521579815602,0.36596110468871956,24,41,0,-17,0.0,1,0.4556449773552682,1.4188093100227248,1.0,22.44,-11.651499263521204,1427.3976922547388,0,1,0
15,1999,R,RS,TEN,ATL,AFC,NFC,Central,West,0,0,H,1530.8740749777212,1445.677737230288,0.6914773197509781,30,17,0,13,1.0,1,0.36892492703997126,1.1470955719116356,1.0,20.0,7.078100006959248,1537.9521749846804,1,0,0
15,1999,R,RS,ATL,TEN,NFC,AFC,West,Central,0,0,A,1445.677737230288,1530.8740749777212,0.30852268024902185,17,30,0,-13,0.0,1,0.36892492703997126,1.1470955719116356,1.0,20.0,-7.078100006959248,1438.5996372233287,0,1,0
15,1999,R,RS,IND,WAS,AFC,NFC,East,East,0,0,H,1563.8765594290383,1522.6277514222859,0.6350753307601172,24,21,0,3,1.0,1,0.4540116560072652,0.5412025276912588,1.0,20.0,3.949963068190422,1567.8265224972288,1,0,0
15,1999,R,RS,WAS,IND,NFC,AFC,East,East,0,0,A,1522.6277514222859,1563.8765594290383,0.3649246692398828,21,24,0,-3,0.0,1,0.45401165600726534,0.5412025276912588,1.0,20.0,-3.9499630681904225,1518.6777883540954,0,1,0
15,1999,R,RS,STL,NYG,NFC,NFC,West,East,1,0,H,1617.4917807889422,1481.995623537196,0.7496195086779482,31,10,0,21,1.0,1,0.2881895229457427,1.5290173639310214,1.0,20.4,7.8098568239483495,1625.3016376128905,1,0,0
15,1999,R,RS,NYG,STL,NFC,NFC,East,West,1,0,A,1481.995623537196,1617.4917807889422,0.2503804913220518,10,31,0,-21,0.0,1,0.2881895229457427,1.5290173639310214,1.0,20.4,-7.809856823948351,1474.1857667132476,0,1,0
15,1999,R,RS,MIA,SD,AFC,AFC,East,West,1,0,H,1520.726154464347,1448.3835355812062,0.6754726911916028,12,9,0,3,1.0,1,0.39234254994668905,0.5284765905539771,1.0,20.4,3.4987037482946755,1524.2248582126417,1,0,0
15,1999,R,RS,SD,MIA,AFC,AFC,West,East,1,0,A,1448.3835355812062,1520.726154464347,0.3245273088083972,9,12,0,-3,0.0,1,0.39234254994668905,0.5284765905539771,1.0,20.4,-3.4987037482946755,1444.8848318329115,0,1,0
15,1999,R,RS,CHI,DET,NFC,NFC,Central,Central,1,1,H,1441.9952724250177,1521.2148270072503,0.46520160748386635,28,10,0,18,1.0,0,0.7652844028752694,1.4322784701353828,1.0,22.44,17.188596214529245,1459.183868639547,1,0,0
15,1999,R,RS,DET,CHI,NFC,NFC,Central,Central,1,1,A,1521.2148270072503,1441.9952724250177,0.5347983925161336,10,28,0,-18,0.0,0,0.7652844028752693,1.4322784701353828,1.0,22.44,-17.18859621452924,1504.026230792721,0,1,0
15,1999,R,RS,BAL,NO,AFC,NFC,Central,West,0,0,H,1504.7513213589548,1403.1590271146058,0.711240754494337,31,8,0,23,1.0,1,0.340744292579564,1.6710202809569783,1.0,20.0,9.650451111075961,1514.4017724700307,1,0,0
15,1999,R,RS,NO,BAL,NFC,AFC,West,Central,0,0,A,1403.1590271146058,1504.7513213589548,0.28875924550566295,8,31,0,-23,0.0,1,0.34074429257956385,1.6710202809569783,1.0,20.0,-9.65045111107596,1393.50857600353,0,1,0
15,1999,R,RS,JAX,CLE,AFC,AFC,Central,Central,1,1,A,1627.5701192721167,1357.3286937720482,0.7753949950020497,24,14,0,10,1.0,1,0.2543827084965378,0.8532786296842386,1.0,22.44,4.300640605856541,1631.8707598779733,1,0,0
15,1999,R,RS,CLE,JAX,AFC,AFC,Central,Central,1,1,H,1357.3286937720482,1627.5701192721167,0.22460500499795039,14,24,0,-10,0.0,1,0.25438270849653793,0.8532786296842386,1.0,22.44,-4.300640605856542,1353.0280531661915,0,1,0
15,1999,R,RS,PHI,NE,NFC,AFC,East,East,0,0,H,1399.5885888745813,1512.5628484179595,0.4173341455210346,24,9,0,15,1.0,0,0.8738680698554323,1.234750184301436,1.0,20.0,14.388935424081122,1413.9775242986625,1,0,0
15,1999,R,RS,NE,PHI,AFC,NFC,East,East,0,0,A,1512.5628484179595,1399.5885888745813,0.5826658544789654,9,24,0,-15,0.0,0,0.8738680698554321,1.234750184301436,1.0,20.0,-14.388935424081122,1498.1739129938783,0,1,0
15,1999,R,RS,DEN,SEA,AFC,AFC,West,West,1,1,H,1522.1019124746335,1537.536897353409,0.5566937764696999,36,30,1,6,1.0,1,0.5857399631802945,0.5346886436768891,1.0,22.44,5.318971228137574,1527.420883702771,1,0,0
15,1999,R,RS,SEA,DEN,AFC,AFC,West,West,1,1,A,1537.536897353409,1522.1019124746335,0.4433062235303002,30,36,1,-6,0.0,1,0.5857399631802948,0.5346886436768891,1.0,22.44,-5.318971228137575,1532.2179261252713,0,1,0
15,1999,R,RS,OAK,TB,AFC,NFC,West,Central,0,0,H,1497.6804397000355,1552.6680267611453,0.500017863655023,45,0,0,45,1.0,1,0.6931114538881045,2.8264112873544063,1.0,20.0,28.263103072820257,1525.9435427728558,1,0,0
15,1999,R,RS,TB,OAK,NFC,AFC,Central,West,0,0,A,1552.6680267611453,1497.6804397000355,0.4999821363449769,0,45,0,-45,0.0,1,0.6931114538881042,2.8264112873544063,1.0,20.0,-28.26310307282025,1524.404923688325,0,1,0
15,1999,R,RS,NYJ,DAL,AFC,NFC,East,East,0,0,A,1509.5359434188854,1544.7932091379994,0.37295452129197876,22,21,0,1,1.0,0,0.986298793603158,0.3931032867733138,1.0,20.0,4.929872772729382,1514.4658161916147,1,0,0
15,1999,R,RS,DAL,NYJ,NFC,AFC,East,East,0,0,H,1544.7932091379994,1509.5359434188854,0.6270454787080212,21,22,0,-1,0.0,0,0.9862987936031579,0.3931032867733138,1.0,20.0,-4.929872772729381,1539.86333636527,0,1,0
15,1999,R,RS,BUF,ARI,AFC,NFC,East,East,0,0,A,1543.6849190977334,1453.9701278115915,0.5497930088003223,31,21,0,10,1.0,1,0.5982134192279428,0.9682579671264171,1.0,20.0,8.718330121702014,1552.4032492194353,1,0,0
15,1999,R,RS,ARI,BUF,NFC,AFC,East,East,0,0,H,1453.9701278115915,1543.6849190977334,0.4502069911996776,21,31,0,-10,0.0,1,0.5982134192279426,0.9682579671264171,1.0,20.0,-8.718330121702012,1445.2517976898896,0,1,0
15,1999,R,RS,MIN,GB,NFC,NFC,Central,Central,1,1,H,1556.5121529450628,1535.225593576926,0.6080542662987531,24,20,0,4,1.0,1,0.49749114721800775,0.6218472615857882,1.0,22.44,5.4693097539563995,1561.9814626990192,1,0,0
15,1999,R,RS,GB,MIN,NFC,NFC,Central,Central,1,1,A,1535.225593576926,1556.5121529450628,0.39194573370124686,20,24,0,-4,0.0,1,0.49749114721800775,0.6218472615857882,1.0,22.44,-5.4693097539563995,1529.7562838229696,0,1,0
16,1999,R,RS,NO,DAL,NFC,NFC,West,East,1,0,H,1393.50857600353,1539.86333636527,0.3714782603126223,31,24,0,7,1.0,0,0.9902649352105718,0.7531005758602699,1.0,20.4,9.65613771562496,1403.1647137191549,1,0,0
16,1999,R,RS,DAL,NO,NFC,NFC,East,West,1,0,A,1539.86333636527,1393.50857600353,0.6285217396873778,24,31,0,-7,0.0,0,0.990264935210572,0.7531005758602699,1.0,20.4,-9.656137715624961,1530.207198649645,0,1,0
16,1999,R,RS,DEN,DET,AFC,NFC,West,Central,0,0,A,1527.420883702771,1504.026230792721,0.4546412960935648,17,7,0,10,1.0,0,0.7882465311844611,1.0186861687973041,1.0,20.0,11.110987374054195,1538.5318710768254,1,0,0
16,1999,R,RS,DET,DEN,NFC,AFC,Central,West,0,0,H,1504.026230792721,1527.420883702771,0.5453587039064353,7,17,0,-10,0.0,0,0.7882465311844612,1.0186861687973041,1.0,20.0,-11.110987374054197,1492.9152434186667,0,1,0
16,1999,R,RS,TEN,JAX,AFC,AFC,Central,Central,1,1,H,1537.9521749846804,1631.8707598779733,0.4442247436593606,41,14,0,27,1.0,0,0.8114246652025228,1.88439868979241,1.0,22.44,23.50146057962315,1561.4536355643036,1,0,0
16,1999,R,RS,JAX,TEN,AFC,AFC,Central,Central,1,1,A,1631.8707598779733,1537.9521749846804,0.5557752563406394,14,41,0,-27,0.0,0,0.8114246652025228,1.88439868979241,1.0,22.44,-23.50146057962315,1608.3692992983501,0,1,0
16,1999,R,RS,PIT,CAR,AFC,NFC,Central,West,0,0,H,1479.6013112034634,1491.1730790791232,0.5621747778877604,30,20,0,10,1.0,1,0.575942484753799,1.0282328388849635,1.0,20.0,9.003725421358157,1488.6050366248217,1,0,0
16,1999,R,RS,CAR,PIT,NFC,AFC,West,Central,0,0,A,1491.1730790791232,1479.6013112034634,0.4378252221122396,20,30,0,-10,0.0,1,0.575942484753799,1.0282328388849635,1.0,20.0,-9.003725421358157,1482.169353657765,0,1,0
16,1999,R,RS,STL,CHI,NFC,NFC,West,Central,1,0,H,1625.3016376128905,1459.183868639547,0.7812312895949736,34,12,0,22,1.0,1,0.24688402753674915,1.5456152152679286,1.0,20.4,6.897897847501661,1632.199535460392,1,0,0
16,1999,R,RS,CHI,STL,NFC,NFC,Central,West,1,0,A,1459.183868639547,1625.3016376128905,0.21876871040502646,12,34,0,-22,0.0,1,0.24688402753674915,1.5456152152679286,1.0,20.4,-6.897897847501662,1452.2859707920454,0,1,0
16,1999,R,RS,BAL,CIN,AFC,AFC,Central,Central,1,1,H,1514.4017724700307,1394.6937760663784,0.7321778033785299,22,0,0,22,1.0,1,0.3117318937261048,1.5979852465513698,1.0,22.44,9.603779620118006,1524.0055520901487,1,0,0
16,1999,R,RS,CIN,BAL,AFC,AFC,Central,Central,1,1,A,1394.6937760663784,1514.4017724700307,0.2678221966214701,0,22,0,-22,0.0,1,0.3117318937261048,1.5979852465513698,1.0,22.44,-9.603779620118006,1385.0899964462603,0,1,0
16,1999,R,RS,MIN,NYG,NFC,NFC,Central,East,1,0,A,1561.9814626990192,1474.1857667132476,0.547057121348862,34,17,0,17,1.0,1,0.6032020554146795,1.368620219318603,1.0,20.4,12.646098351133725,1574.627561050153,1,0,0
16,1999,R,RS,NYG,MIN,NFC,NFC,East,Central,1,0,H,1474.1857667132476,1561.9814626990192,0.452942878651138,17,34,0,-17,0.0,1,0.6032020554146795,1.368620219318603,1.0,20.4,-12.646098351133725,1461.5396683621138,0,1,0
16,1999,R,RS,IND,CLE,AFC,AFC,East,Central,1,0,A,1567.8265224972288,1353.0280531661915,0.7150164180684453,29,28,0,1,1.0,1,0.3354497742182698,0.3449203873992338,1.0,20.4,2.005251608637964,1569.8317741058668,1,0,0
16,1999,R,RS,CLE,IND,AFC,AFC,Central,East,1,0,H,1353.0280531661915,1567.8265224972288,0.28498358193155465,28,29,0,-1,0.0,1,0.3354497742182698,0.3449203873992338,1.0,20.4,-2.0052516086379635,1351.0228015575535,0,1,0
16,1999,R,RS,ATL,ARI,NFC,NFC,West,East,1,0,H,1438.5996372233287,1445.2517976898896,0.5691324713148517,37,14,0,23,1.0,1,0.5636420576912384,1.7972659470294032,1.0,20.4,15.797424154525245,1454.397061377854,1,0,0
16,1999,R,RS,ARI,ATL,NFC,NFC,East,West,1,0,A,1445.2517976898896,1438.5996372233287,0.4308675286851483,14,37,0,-23,0.0,1,0.5636420576912384,1.7972659470294032,1.0,20.4,-15.797424154525245,1429.4543735353643,0,1,0
16,1999,R,RS,BUF,NE,AFC,AFC,East,East,1,1,A,1552.4032492194353,1498.1739129938783,0.49889092749473185,13,10,1,3,1.0,0,0.6953677892980697,0.37507129271895595,1.0,22.44,4.217634523742264,1556.6208837431775,1,0,0
16,1999,R,RS,NE,BUF,AFC,AFC,East,East,1,1,H,1498.1739129938783,1552.4032492194353,0.5011090725052681,10,13,1,-3,0.0,0,0.6953677892980697,0.37507129271895595,1.0,22.44,-4.217634523742264,1493.956278470136,0,1,0
16,1999,R,RS,SD,OAK,AFC,AFC,West,West,1,1,H,1444.8848318329115,1525.9435427728558,0.46256866346468095,23,20,0,3,1.0,0,0.7709602715037257,0.5250159989397414,1.0,22.44,6.3316715222829885,1451.2165033551944,1,0,0
16,1999,R,RS,OAK,SD,AFC,AFC,West,West,1,1,A,1525.9435427728558,1444.8848318329115,0.537431336535319,20,23,0,-3,0.0,0,0.7709602715037257,0.5250159989397414,1.0,22.44,-6.3316715222829885,1519.611871250573,0,1,0
16,1999,R,RS,SEA,KC,AFC,AFC,West,West,1,1,H,1532.2179261252713,1553.7683798714418,0.5479895866689616,23,14,0,9,1.0,1,0.6014989946435721,0.9568858869907632,1.0,22.44,9.705802325892614,1541.923728451164,1,0,0
16,1999,R,RS,KC,SEA,AFC,AFC,West,West,1,1,A,1553.7683798714418,1532.2179261252713,0.45201041333103836,14,23,0,-9,0.0,1,0.6014989946435719,0.9568858869907632,1.0,22.44,-9.705802325892613,1544.0625775455492,0,1,0
16,1999,R,RS,TB,GB,NFC,NFC,Central,Central,1,1,H,1524.404923688325,1529.7562838229696,0.570967727421739,29,10,0,19,1.0,1,0.5604225903249164,1.5740611382256562,1.0,22.44,15.15424873283814,1539.559172421163,1,0,0
16,1999,R,RS,GB,TB,NFC,NFC,Central,Central,1,1,A,1529.7562838229696,1524.404923688325,0.42903227257826104,10,29,0,-19,0.0,1,0.5604225903249164,1.5740611382256562,1.0,22.44,-15.15424873283814,1514.6020350901315,0,1,0
16,1999,R,RS,WAS,SF,NFC,NFC,East,West,1,0,A,1518.6777883540954,1427.3976922547388,0.5520223077911035,26,20,1,6,1.0,1,0.5941668208565689,0.5044537063465051,1.0,20.4,4.610073746784767,1523.2878621008801,1,0,0
16,1999,R,RS,SF,WAS,NFC,NFC,West,East,1,0,H,1427.3976922547388,1518.6777883540954,0.44797769220889644,20,26,1,-6,0.0,1,0.5941668208565689,0.5044537063465051,1.0,20.4,-4.610073746784766,1422.787618507954,0,1,0
16,1999,R,RS,NYJ,MIA,AFC,AFC,East,East,1,1,A,1514.4658161916147,1524.2248582126417,0.4078687193116861,38,31,0,7,1.0,0,0.8968099227488145,0.8347592984501103,1.0,22.44,11.091802354751737,1525.5576185463665,1,0,0
16,1999,R,RS,MIA,NYJ,AFC,AFC,East,East,1,1,H,1524.2248582126417,1514.4658161916147,0.5921312806883138,31,38,0,-7,0.0,0,0.8968099227488143,0.8347592984501103,1.0,22.44,-11.091802354751735,1513.13305585789,0,1,0
17,1999,R,RS,JAX,CIN,AFC,AFC,Central,Central,1,1,H,1608.3692992983501,1385.0899964462603,0.8322843880672312,24,7,0,17,1.0,1,0.1835810839847334,1.242761121600679,1.0,22.44,4.677179118379291,1613.0464784167295,1,0,0
17,1999,R,RS,CIN,JAX,AFC,AFC,Central,Central,1,1,A,1385.0899964462603,1608.3692992983501,0.16771561193276877,7,24,0,-17,0.0,1,0.18358108398473327,1.242761121600679,1.0,22.44,-4.677179118379288,1380.412817327881,0,1,0
17,1999,R,RS,OAK,KC,AFC,AFC,West,West,1,1,A,1519.611871250573,1544.0625775455492,0.3876134715482184,41,38,1,3,1.0,0,0.9477466432531597,0.3838351540188038,1.0,22.44,5.274644914366888,1524.8865161649398,1,0,0
17,1999,R,RS,KC,OAK,AFC,AFC,West,West,1,1,H,1544.0625775455492,1519.611871250573,0.6123865284517815,38,41,1,-3,0.0,0,0.9477466432531596,0.3838351540188038,1.0,22.44,-5.274644914366888,1538.7879326311822,0,1,0
17,1999,R,RS,BUF,IND,AFC,AFC,East,East,1,1,H,1556.6208837431775,1569.8317741058668,0.5598510200350442,31,6,0,25,1.0,1,0.5800845662984104,1.8971397055116812,1.0,22.44,18.737940943845704,1575.3588246870231,1,0,0
17,1999,R,RS,IND,BUF,AFC,AFC,East,East,1,1,A,1569.8317741058668,1556.6208837431775,0.44014897996495583,6,31,0,-25,0.0,1,0.5800845662984104,1.8971397055116812,1.0,22.44,-18.737940943845704,1551.0938331620212,0,1,0
17,1999,R,RS,CAR,NO,NFC,NFC,West,West,1,1,H,1482.169353657765,1403.1647137191549,0.6838220890969431,45,13,0,32,1.0,1,0.3800574988518502,2.15564225418478,1.0,22.44,15.294351465231305,1497.4637051229963,1,0,0
17,1999,R,RS,NO,CAR,NFC,NFC,West,West,1,1,A,1403.1647137191549,1482.169353657765,0.31617791090305697,13,45,0,-32,0.0,1,0.3800574988518502,2.15564225418478,1.0,22.44,-15.294351465231308,1387.8703622539235,0,1,0
17,1999,R,RS,TB,CHI,NFC,NFC,Central,Central,1,1,A,1539.559172421163,1452.2859707920454,0.5463117468028716,20,6,0,14,1.0,1,0.6045655013352138,1.2022305096502115,1.0,22.44,12.239625575336891,1551.7987979965,1,0,0
17,1999,R,RS,CHI,TB,NFC,NFC,Central,Central,1,1,H,1452.2859707920454,1539.559172421163,0.45368825319712835,6,20,0,-14,0.0,1,0.6045655013352138,1.2022305096502115,1.0,22.44,-12.239625575336891,1440.0463452167085,0,1,0
17,1999,R,RS,GB,ARI,NFC,NFC,Central,East,1,0,H,1514.6020350901315,1429.4543735353643,0.6914175391009466,49,24,0,25,1.0,1,0.3690113842998072,1.794923217519726,1.0,20.4,11.299189201176512,1525.901224291308,1,0,0
17,1999,R,RS,ARI,GB,NFC,NFC,East,Central,1,0,A,1429.4543735353643,1514.6020350901315,0.3085824608990533,24,49,0,-25,0.0,1,0.36901138429980707,1.794923217519726,1.0,20.4,-11.299189201176508,1418.1551843341879,0,1,0
17,1999,R,RS,NE,BAL,AFC,AFC,East,Central,1,0,H,1493.956278470136,1524.0055520901487,0.5358453816723532,20,3,0,17,1.0,1,0.6239096265551435,1.4303623122769331,1.0,20.4,13.543749171753065,1507.5000276418891,1,0,0
17,1999,R,RS,BAL,NE,AFC,AFC,Central,East,1,0,A,1524.0055520901487,1493.956278470136,0.4641546183276468,3,20,0,-17,0.0,1,0.6239096265551435,1.4303623122769331,1.0,20.4,-13.543749171753065,1510.4618029183957,0,1,0
17,1999,R,RS,NYJ,SEA,AFC,AFC,East,West,1,0,H,1525.5576185463665,1541.923728451164,0.5553706089127207,19,9,0,10,1.0,1,0.5881196242840452,1.0243400468427188,1.0,20.4,9.29121450239746,1534.848833048764,1,0,0
17,1999,R,RS,SEA,NYJ,AFC,AFC,West,East,1,0,A,1541.923728451164,1525.5576185463665,0.4446293910872793,9,19,0,-10,0.0,1,0.5881196242840452,1.0243400468427188,1.0,20.4,-9.29121450239746,1532.6325139487665,0,1,0
17,1999,R,RS,PHI,STL,NFC,NFC,East,West,1,0,H,1413.9775242986625,1632.199535460392,0.2809849006631712,38,31,0,7,1.0,0,1.2694543453868945,0.7162374396645786,1.0,20.4,10.505704890115329,1424.4832291887778,1,0,0
17,1999,R,RS,STL,PHI,NFC,NFC,West,East,1,0,A,1632.199535460392,1413.9775242986625,0.7190150993368287,31,38,0,-7,0.0,0,1.2694543453868943,0.7162374396645786,1.0,20.4,-10.505704890115329,1621.6938305702768,0,1,0
17,1999,R,RS,MIN,DET,NFC,NFC,Central,Central,1,1,H,1574.627561050153,1492.9152434186667,0.6871823732207935,24,17,0,7,1.0,1,0.37515555878542545,0.7896567150508664,1.0,22.44,5.5430960280063655,1580.1706570781594,1,0,0
17,1999,R,RS,DET,MIN,NFC,NFC,Central,Central,1,1,A,1492.9152434186667,1574.627561050153,0.31281762677920655,17,24,0,-7,0.0,1,0.37515555878542545,0.7896567150508664,1.0,22.44,-5.5430960280063655,1487.3721473906603,0,1,0
17,1999,R,RS,DAL,NYG,NFC,NFC,East,East,1,1,H,1530.207198649645,1461.5396683621138,0.6708181005617181,26,18,0,8,1.0,1,0.39925726585253196,0.8606520055434944,1.0,22.44,6.35750022993751,1536.5646988795827,1,0,0
17,1999,R,RS,NYG,DAL,NFC,NFC,East,East,1,1,A,1461.5396683621138,1530.207198649645,0.32918189943828186,18,26,0,-8,0.0,1,0.3992572658525318,0.8606520055434944,1.0,22.44,-6.357500229937509,1455.1821681321762,0,1,0
17,1999,R,RS,SD,DEN,AFC,AFC,West,West,1,1,A,1451.2165033551944,1538.5318710768254,0.30592647348104424,12,6,0,6,1.0,0,1.1844104886439648,0.7227846518451753,1.0,22.44,11.257378133415823,1462.4738814886102,1,0,0
17,1999,R,RS,DEN,SD,AFC,AFC,West,West,1,1,H,1538.5318710768254,1451.2165033551944,0.6940735265189558,6,12,0,-6,0.0,0,1.184410488643965,0.7227846518451753,1.0,22.44,-11.257378133415825,1527.2744929434095,0,1,0
17,1999,R,RS,WAS,MIA,NFC,AFC,East,East,0,0,H,1523.2878621008801,1513.13305585789,0.5926813777147623,21,10,0,11,1.0,1,0.5230983300935149,1.0922631399565,1.0,20.0,8.897982346800587,1532.1858444476807,1,0,0
17,1999,R,RS,MIA,WAS,AFC,NFC,East,East,0,0,A,1513.13305585789,1523.2878621008801,0.40731862228523774,10,21,0,-11,0.0,1,0.5230983300935149,1.0922631399565,1.0,20.0,-8.897982346800587,1504.2350735110895,0,1,0
17,1999,R,RS,TEN,PIT,AFC,AFC,Central,Central,1,1,A,1561.4536355643036,1488.6050366248217,0.5256636261362704,47,36,0,11,1.0,1,0.6430937648454641,1.0404974889807568,1.0,22.44,11.075167885236338,1572.52880344954,1,0,0
17,1999,R,RS,PIT,TEN,AFC,AFC,Central,Central,1,1,H,1488.6050366248217,1561.4536355643036,0.4743363738637296,36,47,0,-11,0.0,1,0.6430937648454641,1.0404974889807568,1.0,22.44,-11.075167885236338,1477.5298687395853,0,1,0
17,1999,R,RS,ATL,SF,NFC,NFC,West,West,1,1,H,1454.397061377854,1422.787618507954,0.6221218136655314,34,29,0,5,1.0,1,0.4746193635114812,0.6863806641010846,1.0,22.44,5.8202242140961,1460.21728559195,1,0,0
17,1999,R,RS,SF,ATL,NFC,NFC,West,West,1,1,A,1422.787618507954,1454.397061377854,0.37787818633446857,29,34,0,-5,0.0,1,0.4746193635114812,0.6863806641010846,1.0,22.44,-5.8202242140961,1416.967394293858,0,1,0
18,1999,P,WC,TEN,BUF,AFC,AFC,Central,East,1,0,H,1572.52880344954,1575.3588246870231,0.5745194065615571,22,16,0,6,1.0,1,0.5542214023481771,0.7715260698423645,1.1,22.44,7.366364663916587,1579.8951681134565,0,0,0
18,1999,P,WC,BUF,TEN,AFC,AFC,East,Central,1,0,A,1575.3588246870231,1572.52880344954,0.42548059343844286,16,22,0,-6,0.0,1,0.5542214023481771,0.7715260698423645,1.1,22.44,-7.3663646639165865,1567.9924600231066,0,0,0
18,1999,P,WC,WAS,DET,NFC,NFC,East,Central,1,0,H,1532.1858444476807,1487.3721473906603,0.6398178906842988,27,13,0,14,1.0,1,0.44657168892504157,1.241654028212944,1.1,22.44,10.03565196173137,1542.221496409412,0,0,0
18,1999,P,WC,DET,WAS,NFC,NFC,Central,East,1,0,A,1487.3721473906603,1532.1858444476807,0.36018210931570116,13,27,0,-14,0.0,1,0.44657168892504157,1.241654028212944,1.1,22.44,-10.03565196173137,1477.3364954289289,0,0,0
18,1999,P,WC,MIN,DAL,NFC,NFC,Central,East,1,0,H,1580.1706570781594,1536.5646988795827,0.6382141731891062,27,10,0,17,1.0,1,0.4490813573164192,1.4153724534426348,1.1,22.44,11.490664397968558,1591.661321476128,0,0,0
18,1999,P,WC,DAL,MIN,NFC,NFC,East,Central,1,0,A,1536.5646988795827,1580.1706570781594,0.3617858268108938,10,27,0,-17,0.0,1,0.4490813573164192,1.4153724534426348,1.1,22.44,-11.490664397968558,1525.074034481614,0,0,0
18,1999,P,WC,MIA,SEA,AFC,AFC,East,West,1,0,A,1504.2350735110895,1532.6325139487665,0.3822345904708064,20,17,0,3,1.0,0,0.9617207476845463,0.5466430834939142,1.1,22.44,7.577924906370224,1511.8129984174598,0,0,0
18,1999,P,WC,SEA,MIA,AFC,AFC,West,East,1,0,H,1532.6325139487665,1504.2350735110895,0.6177654095291936,17,20,0,-3,0.0,0,0.9617207476845462,0.5466430834939142,1.1,22.44,-7.577924906370224,1525.0545890423962,0,0,0
19,1999,P,DV,JAX,MIA,AFC,AFC,Central,East,1,0,H,1613.0464784167295,1511.8129984174598,0.7108163624016415,62,7,0,55,1.0,1,0.3413411632681636,3.175855595787819,1.2,24.479999999999997,22.482565995613534,1635.5290444123432,0,0,0
19,1999,P,DV,MIA,JAX,AFC,AFC,East,Central,1,0,A,1511.8129984174598,1613.0464784167295,0.2891836375983586,7,62,0,-55,0.0,1,0.3413411632681636,3.175855595787819,1.2,24.479999999999997,-22.482565995613538,1489.3304324218461,0,0,0
19,1999,P,DV,TB,WAS,NFC,NFC,Central,East,1,0,H,1551.7987979965,1542.221496409412,0.5918785910208311,14,13,0,1,1.0,1,0.5244537478655538,0.4011177836142783,1.2,24.479999999999997,4.007492402773581,1555.8062903992736,0,0,0
19,1999,P,DV,WAS,TB,NFC,NFC,East,Central,1,0,A,1542.221496409412,1551.7987979965,0.408121408979169,13,14,0,-1,0.0,1,0.5244537478655538,0.4011177836142783,1.2,24.479999999999997,-4.007492402773581,1538.2140040066386,0,0,0
19,1999,P,DV,STL,MIN,NFC,NFC,West,Central,1,0,H,1621.6938305702768,1591.661321476128,0.6199854502566737,49,37,0,12,1.0,1,0.4780592685463075,1.1363202790146771,1.2,24.479999999999997,10.570910495468468,1632.2647410657453,0,0,0
19,1999,P,DV,MIN,STL,NFC,NFC,Central,West,1,0,A,1591.661321476128,1621.6938305702768,0.3800145497433262,37,49,0,-12,0.0,1,0.4780592685463075,1.1363202790146771,1.2,24.479999999999997,-10.570910495468466,1581.0904109806595,0,0,0
19,1999,P,DV,TEN,IND,AFC,AFC,Central,East,1,0,A,1579.8951681134565,1551.0938331620212,0.4623683881494754,19,16,0,3,1.0,0,0.7713933286895871,0.546470432640046,1.2,24.479999999999997,7.192218602867997,1587.0873867163245,0,0,0
19,1999,P,DV,IND,TEN,AFC,AFC,East,Central,1,0,H,1551.0938331620212,1579.8951681134565,0.5376316118505245,16,19,0,-3,0.0,0,0.771393328689587,0.546470432640046,1.2,24.479999999999997,-7.192218602867996,1543.9016145591531,0,0,0
20,1999,P,CC,TEN,JAX,AFC,AFC,Central,Central,1,1,A,1587.0873867163245,1635.5290444123432,0.35538350703948507,33,14,0,19,1.0,0,1.0345577710928162,1.52182408743179,1.35,30.294000000000004,29.718199098699575,1616.8055858150242,0,0,0
20,1999,P,CC,JAX,TEN,AFC,AFC,Central,Central,1,1,H,1635.5290444123432,1587.0873867163245,0.6446164929605149,14,33,0,-19,0.0,0,1.0345577710928162,1.52182408743179,1.35,30.294000000000004,-29.718199098699575,1605.8108453136435,0,0,0
20,1999,P,CC,STL,TB,NFC,NFC,West,Central,1,0,H,1632.2647410657453,1555.8062903992736,0.6806445936983856,11,6,0,5,1.0,1,0.38471499790631897,0.6631733847926233,1.35,27.54,5.832641678323745,1638.0973827440691,0,0,0
20,1999,P,CC,TB,STL,NFC,NFC,Central,West,1,0,A,1555.8062903992736,1632.2647410657453,0.31935540630161435,6,11,0,-5,0.0,1,0.38471499790631897,0.6631733847926233,1.35,27.54,-5.8326416783237445,1549.9736487209498,0,0,0
21,1999,P,SB,STL,TEN,NFC,AFC,West,Central,0,0,N,1638.0973827440691,1616.8055858150242,0.530603057813675,23,16,0,7,1.0,1,0.6337410743594174,0.8271866275499523,1.5,30.0,11.648366207680983,1649.74574895175,0,0,0
21,1999,P,SB,TEN,STL,AFC,NFC,Central,West,0,0,N,1616.8055858150242,1638.0973827440691,0.46939694218632505,16,23,0,-7,0.0,1,0.6337410743594176,0.8271866275499523,1.5,30.0,-11.648366207680985,1605.1572196073432,0,0,0
