Week,Season,Type,Round,Team,Opponent,Conf,OppConf,Div,OppDiv,ConfG,DivG,HomeAway,PreGmRate,OppPreGmRate,ExpectedWin%,PointsFor,PointsAgainst,OT,MOV,Result,Accuracy,Test,MOVMult,POMult,Keff,RatingChange,PostGmRate,W,L,T
1,2000,R,RS,MIN,CHI,NFC,NFC,Central,Central,1,1,H,1524.327123294198,1482.0139035650125,0.6364941699118272,30,27,0,3,1.0,1,0.45178002063098166,0.5407567670924422,1.0,22.44,4.4109912494491725,1528.738114543647,1,0,0
1,2000,R,RS,CHI,MIN,NFC,NFC,Central,Central,1,1,A,1482.0139035650125,1524.327123294198,0.36350583008817294,27,30,0,-3,0.0,1,0.4517800206309818,0.5407567670924422,1.0,22.44,-4.410991249449174,1477.6029123155633,0,1,0
1,2000,R,RS,IND,KC,AFC,AFC,East,West,1,0,A,1513.170484367746,1511.6363797893546,0.4236580669187656,27,14,0,13,1.0,0,0.8588285950489501,1.223776324640125,1.0,20.4,14.388397697083613,1527.5588820648295,1,0,0
1,2000,R,RS,KC,IND,AFC,AFC,West,East,1,0,H,1511.6363797893546,1513.170484367746,0.5763419330812345,14,27,0,-13,0.0,0,0.8588285950489504,1.223776324640125,1.0,20.4,-14.388397697083615,1497.247982092271,0,1,0
1,2000,R,RS,WAS,CAR,NFC,NFC,East,West,1,0,H,1511.4642012019915,1499.239111536899,0.5955551773695217,20,17,0,3,1.0,1,0.5182612372675732,0.5536469877626975,1.0,20.4,4.567961018417889,1516.0321622204094,1,0,0
1,2000,R,RS,CAR,WAS,NFC,NFC,West,East,1,0,A,1499.239111536899,1511.4642012019915,0.4044448226304783,17,20,0,-3,0.0,1,0.5182612372675732,0.5536469877626975,1.0,20.4,-4.567961018417889,1494.671150518481,0,1,0
1,2000,R,RS,ATL,SF,NFC,NFC,West,West,1,1,H,1488.065185677585,1475.0902182881573,0.5965944934839577,36,28,0,8,1.0,1,0.5165176367731862,0.8986036017268972,1.0,22.44,8.13453682654832,1496.1997225041334,1,0,0
1,2000,R,RS,SF,ATL,NFC,NFC,West,West,1,1,A,1475.0902182881573,1488.065185677585,0.40340550651604234,28,36,0,-8,0.0,1,0.5165176367731862,0.8986036017268972,1.0,22.44,-8.13453682654832,1466.955681461609,0,1,0
1,2000,R,RS,JAX,CLE,AFC,AFC,Central,Central,1,1,A,1531.743253594093,1455.306840467266,0.5308103923031684,27,7,0,20,1.0,1,0.63335039814911,1.5436348783651785,1.0,22.44,16.25233702108391,1547.9955906151768,1,0,0
1,2000,R,RS,CLE,JAX,AFC,AFC,Central,Central,1,1,H,1455.306840467266,1531.743253594093,0.4691896076968316,7,27,0,-20,0.0,1,0.63335039814911,1.5436348783651785,1.0,22.44,-16.25233702108391,1439.0545034461823,0,1,0
1,2000,R,RS,TB,NE,NFC,AFC,Central,East,0,0,A,1514.992094616285,1502.2500082925667,0.4394840914797556,21,16,0,5,1.0,0,0.8221537593726519,0.6966362727928822,1.0,20.0,7.809514267053185,1522.801608883338,1,0,0
1,2000,R,RS,NE,TB,AFC,NFC,East,Central,0,0,H,1502.2500082925667,1514.992094616285,0.5605159085202444,16,21,0,-5,0.0,0,0.8221537593726518,0.6966362727928822,1.0,20.0,-7.809514267053183,1494.4404940255135,0,1,0
1,2000,R,RS,BAL,PIT,AFC,AFC,Central,Central,1,1,A,1503.1385408755186,1493.2589606218755,0.43542909438816735,16,0,0,16,1.0,0,0.8314233102089407,1.3948342192111185,1.0,22.44,17.671114443064777,1520.8096553185835,1,0,0
1,2000,R,RS,PIT,BAL,AFC,AFC,Central,Central,1,1,H,1493.2589606218755,1503.1385408755186,0.5645709056118327,0,16,0,-16,0.0,0,0.8314233102089407,1.3948342192111185,1.0,22.44,-17.671114443064777,1475.5878461788107,0,1,0
1,2000,R,RS,DET,NO,NFC,NFC,Central,West,1,0,A,1493.2009486286786,1466.361108676177,0.4595627818717095,14,10,0,4,1.0,0,0.777479715677951,0.6191426997322568,1.0,20.4,6.825998268661902,1500.0269468973404,1,0,0
1,2000,R,RS,NO,DET,NFC,NFC,West,Central,1,0,H,1466.361108676177,1493.2009486286786,0.5404372181282904,10,14,0,-4,0.0,0,0.7774797156779507,0.6191426997322568,1.0,20.4,-6.8259982686619,1459.5351104075153,0,1,0
1,2000,R,RS,NYG,ARI,NFC,NFC,East,East,1,1,H,1486.554650439653,1475.4465553002565,0.5940054566192247,21,16,0,5,1.0,1,0.5208667734340343,0.6975388897317549,1.0,22.44,6.354940299125361,1492.9095907387784,1,0,0
1,2000,R,RS,ARI,NYG,NFC,NFC,East,East,1,1,A,1475.4465553002565,1486.554650439653,0.40599454338077534,16,21,0,-5,0.0,1,0.5208667734340343,0.6975388897317549,1.0,22.44,-6.354940299125361,1469.091615001131,0,1,0
1,2000,R,RS,PHI,DAL,NFC,NFC,East,East,1,1,A,1477.3449687566333,1507.5222103444842,0.379818276984295,41,14,0,27,1.0,0,0.9680623591070042,1.978224841287965,1.0,22.44,27.530713504669947,1504.8756822613032,1,0,0
1,2000,R,RS,DAL,PHI,NFC,NFC,East,East,1,1,H,1507.5222103444842,1477.3449687566333,0.6201817230157051,14,41,0,-27,0.0,0,0.9680623591070043,1.978224841287965,1.0,22.44,-27.53071350466995,1479.9914968398143,0,1,0
1,2000,R,RS,OAK,SD,AFC,AFC,West,West,1,1,H,1507.465954849482,1488.742164446583,0.6045328416997109,9,6,0,3,1.0,1,0.5032992817021122,0.5508110780752824,1.0,22.44,4.888053404143484,1512.3540082536254,1,0,0
1,2000,R,RS,SD,OAK,AFC,AFC,West,West,1,1,A,1488.742164446583,1507.465954849482,0.395467158300289,6,9,0,-3,0.0,1,0.503299281702112,0.5508110780752824,1.0,22.44,-4.888053404143482,1483.8541110424396,0,1,0
1,2000,R,RS,MIA,SEA,AFC,AFC,East,West,1,0,H,1496.799129726554,1507.5163767127187,0.5633851442224579,23,0,0,23,1.0,1,0.5737917919697632,1.7914708001867008,1.0,20.4,15.956528407085164,1512.7556581336391,1,0,0
1,2000,R,RS,SEA,MIA,AFC,AFC,West,East,1,0,A,1507.5163767127187,1496.799129726554,0.4366148557775421,0,23,0,-23,0.0,1,0.5737917919697632,1.7914708001867008,1.0,20.4,-15.956528407085164,1491.5598483056335,0,1,0
1,2000,R,RS,NYJ,GB,AFC,NFC,East,Central,0,0,A,1510.454649914629,1507.7703672873924,0.4252755302974907,20,16,0,4,1.0,0,0.8550180135353176,0.6310816512967606,1.0,20.0,7.253961347610293,1517.7086112622394,1,0,0
1,2000,R,RS,GB,NYJ,NFC,AFC,Central,East,0,0,H,1507.7703672873924,1510.454649914629,0.5747244697025092,16,20,0,-4,0.0,0,0.8550180135353175,0.6310816512967606,1.0,20.0,-7.253961347610292,1500.516405939782,0,1,0
1,2000,R,RS,BUF,TEN,AFC,AFC,East,Central,1,0,H,1520.3977380069318,1531.547165882203,0.5627730850349835,16,13,0,3,1.0,1,0.5748787782063994,0.5541192053259957,1.0,20.4,4.942426945618053,1525.34016495255,1,0,0
1,2000,R,RS,TEN,BUF,AFC,AFC,Central,East,1,0,A,1531.547165882203,1520.3977380069318,0.4372269149650165,13,16,0,-3,0.0,1,0.5748787782063994,0.5541192053259957,1.0,20.4,-4.9424269456180525,1526.604738936585,0,1,0
1,2000,R,RS,STL,DEN,NFC,AFC,West,West,0,0,H,1544.923724685525,1508.1823478830229,0.629041215510214,41,36,0,5,1.0,1,0.46355849897495494,0.6836431596699024,1.0,20.0,5.0720687107180735,1549.995793396243,1,0,0
1,2000,R,RS,DEN,STL,AFC,NFC,West,West,0,0,A,1508.1823478830229,1544.923724685525,0.3709587844897861,36,41,0,-5,0.0,1,0.4635584989749551,0.6836431596699024,1.0,20.0,-5.072068710718074,1503.110279172305,0,1,0
2,2000,R,RS,MIN,MIA,NFC,AFC,Central,East,0,0,H,1528.738114543647,1512.7556581336391,0.6007540240582618,13,7,0,6,1.0,1,0.5095697059972116,0.7635105980906548,1.0,20.0,6.096570677531274,1534.8346852211782,1,0,0
2,2000,R,RS,MIA,MIN,AFC,NFC,East,Central,0,0,A,1512.7556581336391,1528.738114543647,0.39924597594173805,7,13,0,-6,0.0,1,0.5095697059972114,0.7635105980906548,1.0,20.0,-6.096570677531272,1506.659087456108,0,1,0
2,2000,R,RS,CLE,CIN,AFC,AFC,Central,Central,1,1,A,1439.0545034461823,1464.1238451983643,0.3867685025858808,24,7,0,17,1.0,0,0.949928949468711,1.4359487589337583,1.0,22.44,19.759968531686077,1458.8144719778684,1,0,0
2,2000,R,RS,CIN,CLE,AFC,AFC,Central,Central,1,1,H,1464.1238451983643,1439.0545034461823,0.6132314974141192,7,24,0,-17,0.0,0,0.949928949468711,1.4359487589337583,1.0,22.44,-19.759968531686077,1444.3638766666782,0,1,0
2,2000,R,RS,OAK,IND,AFC,AFC,West,East,1,0,A,1512.3540082536254,1527.5588820648295,0.4003200510372111,38,31,0,7,1.0,0,0.915490924212564,0.831166237105862,1.0,20.4,10.168048023603626,1522.522056277229,1,0,0
2,2000,R,RS,IND,OAK,AFC,AFC,East,West,1,0,H,1527.5588820648295,1512.3540082536254,0.5996799489627889,31,38,0,-7,0.0,0,0.9154909242125638,0.831166237105862,1.0,20.4,-10.168048023603626,1517.3908340412258,0,1,0
2,2000,R,RS,BUF,GB,AFC,NFC,East,Central,0,0,H,1525.34016495255,1500.516405939782,0.6128961472356341,27,18,0,9,1.0,1,0.48955977463252215,0.95442893590927,1.0,20.0,7.389262365605449,1532.7294273181553,1,0,0
2,2000,R,RS,GB,BUF,NFC,AFC,Central,East,0,0,A,1500.516405939782,1525.34016495255,0.387103852764366,18,27,0,-9,0.0,1,0.4895597746325223,0.95442893590927,1.0,20.0,-7.38926236560545,1493.1271435741767,0,1,0
2,2000,R,RS,TB,CHI,NFC,NFC,Central,Central,1,1,H,1522.801608883338,1477.6029123155633,0.6403284658187619,41,0,0,41,1.0,1,0.4457740064429683,2.6562839130679294,1.0,22.44,21.438945097652862,1544.2405539809909,1,0,0
2,2000,R,RS,CHI,TB,NFC,NFC,Central,Central,1,1,A,1477.6029123155633,1522.801608883338,0.3596715341812382,0,41,0,-41,0.0,1,0.44577400644296844,2.6562839130679294,1.0,22.44,-21.438945097652866,1456.1639672179106,0,1,0
2,2000,R,RS,BAL,JAX,AFC,AFC,Central,Central,1,1,H,1520.8096553185835,1547.9955906151768,0.5399423649096531,39,36,0,3,1.0,1,0.6162928767688353,0.5471616148116248,1.0,22.44,5.648728714043811,1526.4583840326272,1,0,0
2,2000,R,RS,JAX,BAL,AFC,AFC,Central,Central,1,1,A,1547.9955906151768,1520.8096553185835,0.460057635090347,36,39,0,-3,0.0,1,0.6162928767688353,0.5471616148116248,1.0,22.44,-5.648728714043812,1542.346861901133,0,1,0
2,2000,R,RS,NYG,PHI,NFC,NFC,East,East,1,1,A,1492.9095907387784,1504.8756822613032,0.40480398880343904,33,18,0,15,1.0,0,0.9043523072939929,1.3335799824374768,1.0,22.44,17.811558949393735,1510.721149688172,1,0,0
2,2000,R,RS,PHI,NYG,NFC,NFC,East,East,1,1,H,1504.8756822613032,1492.9095907387784,0.595196011196561,18,33,0,-15,0.0,0,0.9043523072939929,1.3335799824374768,1.0,22.44,-17.811558949393735,1487.0641233119095,0,1,0
2,2000,R,RS,TEN,KC,AFC,AFC,Central,West,1,0,H,1526.604738936585,1497.247982092271,0.6190685393878785,17,14,1,3,1.0,1,0.4795392864371002,0.3823632309933031,1.0,20.4,2.971345354959638,1529.5760842915445,1,0,0
2,2000,R,RS,KC,TEN,AFC,AFC,West,Central,1,0,A,1497.247982092271,1526.604738936585,0.38093146061212135,14,17,1,-3,0.0,1,0.47953928643710003,0.3823632309933031,1.0,20.4,-2.971345354959637,1494.2766367373115,0,1,0
2,2000,R,RS,CAR,SF,NFC,NFC,West,West,1,1,A,1494.671150518481,1466.955681461609,0.46081492390460216,38,22,0,16,1.0,0,0.7747587831791501,1.3753634460732216,1.0,22.44,16.640952970761127,1511.3121034892422,1,0,0
2,2000,R,RS,SF,CAR,NFC,NFC,West,West,1,1,H,1466.955681461609,1494.671150518481,0.5391850760953979,22,38,0,-16,0.0,0,0.7747587831791503,1.3753634460732216,1.0,22.44,-16.64095297076113,1450.3147284908478,0,1,0
2,2000,R,RS,NO,SD,NFC,AFC,West,West,0,0,A,1459.5351104075153,1483.8541110424396,0.3877934504564812,28,27,0,1,1.0,0,0.9472824252886628,0.3964775344727128,1.0,20.0,4.8545228670212195,1464.3896332745364,1,0,0
2,2000,R,RS,SD,NO,AFC,NFC,West,West,0,0,H,1483.8541110424396,1459.5351104075153,0.6122065495435187,27,28,0,-1,0.0,0,0.9472824252886627,0.3964775344727128,1.0,20.0,-4.8545228670212195,1478.9995881754185,0,1,0
2,2000,R,RS,STL,SEA,NFC,AFC,West,West,0,0,A,1549.995793396243,1491.5598483056335,0.5049445612727455,37,34,0,3,1.0,1,0.6833066353909347,0.5340934887899196,1.0,20.0,5.288117728285273,1555.2839111245282,1,0,0
2,2000,R,RS,SEA,STL,AFC,NFC,West,West,0,0,H,1491.5598483056335,1549.995793396243,0.49505543872725455,34,37,0,-3,0.0,1,0.6833066353909347,0.5340934887899196,1.0,20.0,-5.288117728285273,1486.2717305773483,0,1,0
2,2000,R,RS,DEN,ATL,AFC,NFC,West,West,0,0,H,1503.110279172305,1496.1997225041334,0.5881652604243002,42,14,0,28,1.0,1,0.5307473154287405,2.0683961981488936,1.0,20.0,17.036748192080342,1520.1470273643852,1,0,0
2,2000,R,RS,ATL,DEN,NFC,AFC,West,West,0,0,A,1496.1997225041334,1503.110279172305,0.4118347395756998,14,42,0,-28,0.0,1,0.5307473154287405,2.0683961981488936,1.0,20.0,-17.036748192080342,1479.1629743120532,0,1,0
2,2000,R,RS,DET,WAS,NFC,NFC,Central,East,1,0,H,1500.0269468973404,1516.0321622204094,0.5558835494333212,15,10,0,5,1.0,1,0.5871964501331499,0.6948406924933413,1.0,20.4,6.295239714012492,1506.322186611353,1,0,0
2,2000,R,RS,WAS,DET,NFC,NFC,East,Central,1,0,A,1516.0321622204094,1500.0269468973404,0.4441164505666788,10,15,0,-5,0.0,1,0.5871964501331499,0.6948406924933413,1.0,20.4,-6.295239714012492,1509.736922506397,0,1,0
2,2000,R,RS,ARI,DAL,NFC,NFC,East,East,1,1,H,1469.091615001131,1479.9914968398143,0.5631265182379681,32,31,0,1,1.0,1,0.5742509545291081,0.4006970440561158,1.0,22.44,3.9282098025262524,1473.0198248036572,1,0,0
2,2000,R,RS,DAL,ARI,NFC,NFC,East,East,1,1,A,1479.9914968398143,1469.091615001131,0.43687348176203195,31,32,0,-1,0.0,1,0.5742509545291081,0.4006970440561158,1.0,22.44,-3.928209802526253,1476.063287037288,0,1,0
2,2000,R,RS,NYJ,NE,AFC,AFC,East,East,1,1,H,1517.7086112622394,1494.4404940255135,0.610769399095334,20,19,0,1,1.0,1,0.4930358066056359,0.3968047645769584,1.0,22.44,3.465825618140304,1521.1744368803797,1,0,0
2,2000,R,RS,NE,NYJ,AFC,AFC,East,East,1,1,A,1494.4404940255135,1517.7086112622394,0.389230600904666,19,20,0,-1,0.0,1,0.4930358066056359,0.3968047645769584,1.0,22.44,-3.465825618140304,1490.9746684073732,0,1,0
3,2000,R,RS,JAX,CIN,AFC,AFC,Central,Central,1,1,H,1542.346861901133,1444.3638766666782,0.7069550040190303,13,0,0,13,1.0,1,0.34678825864833956,1.1362144948708848,1.0,22.44,7.471666653541575,1549.8185285546747,1,0,0
3,2000,R,RS,CIN,JAX,AFC,AFC,Central,Central,1,1,A,1444.3638766666782,1542.346861901133,0.2930449959809696,0,13,0,-13,0.0,1,0.3467882586483394,1.1362144948708848,1.0,22.44,-7.4716666535415746,1436.8922100131365,0,1,0
3,2000,R,RS,ATL,CAR,NFC,NFC,West,West,1,1,A,1479.1629743120532,1511.3121034892422,0.3771481251446194,15,10,0,5,1.0,0,0.975117263808152,0.6860917505593025,1.0,22.44,9.589364484080594,1488.7523387961337,1,0,0
3,2000,R,RS,CAR,ATL,NFC,NFC,West,West,1,1,H,1511.3121034892422,1479.1629743120532,0.6228518748553806,10,15,0,-5,0.0,0,0.975117263808152,0.6860917505593025,1.0,22.44,-9.589364484080594,1501.7227390051617,0,1,0
3,2000,R,RS,CLE,PIT,AFC,AFC,Central,Central,1,1,H,1458.8144719778684,1475.5878461788107,0.5547916212946747,23,20,0,3,1.0,1,0.5891626928640892,0.5516591467770523,1.0,22.44,5.511337476067852,1464.3258094539362,1,0,0
3,2000,R,RS,PIT,CLE,AFC,AFC,Central,Central,1,1,A,1475.5878461788107,1458.8144719778684,0.44520837870532526,20,23,0,-3,0.0,1,0.5891626928640892,0.5516591467770523,1.0,22.44,-5.511337476067852,1470.0765087027428,0,1,0
3,2000,R,RS,GB,PHI,NFC,NFC,Central,East,1,0,H,1493.1271435741767,1487.0641233119095,0.5869829748409824,6,3,0,3,1.0,1,0.5327594632527093,0.5563631024068072,1.0,20.4,4.6876636426717475,1497.8148072168485,1,0,0
3,2000,R,RS,PHI,GB,NFC,NFC,East,Central,1,0,A,1487.0641233119095,1493.1271435741767,0.41301702515901756,3,6,0,-3,0.0,1,0.5327594632527091,0.5563631024068072,1.0,20.4,-4.6876636426717475,1482.3764596692376,0,1,0
3,2000,R,RS,STL,SF,NFC,NFC,West,West,1,1,H,1555.2839111245282,1450.3147284908478,0.7152166194757188,41,24,0,17,1.0,1,0.3351698178708415,1.3512737133140598,1.0,22.44,8.635367444285999,1563.9192785688142,1,0,0
3,2000,R,RS,SF,STL,NFC,NFC,West,West,1,1,A,1450.3147284908478,1555.2839111245282,0.28478338052428115,24,41,0,-17,0.0,1,0.3351698178708415,1.3512737133140598,1.0,22.44,-8.635367444285997,1441.6793610465618,0,1,0
3,2000,R,RS,NYJ,BUF,AFC,AFC,East,East,1,1,H,1521.1744368803797,1532.7294273181553,0.5621985490744285,27,14,0,13,1.0,1,0.5759002013127006,1.214055525341174,1.0,22.44,11.92720266998798,1533.1016395503677,1,0,0
3,2000,R,RS,BUF,NYJ,AFC,AFC,East,East,1,1,A,1532.7294273181553,1521.1744368803797,0.4378014509255717,14,27,0,-13,0.0,1,0.5759002013127008,1.214055525341174,1.0,22.44,-11.927202669987983,1520.8022246481673,0,1,0
3,2000,R,RS,TB,DET,NFC,NFC,Central,Central,1,1,A,1544.2405539809909,1506.322186611353,0.47543734224134837,31,10,0,21,1.0,0,0.7435201780425276,1.6448617674614012,1.0,22.44,19.361973875042676,1563.6025278560335,1,0,0
3,2000,R,RS,DET,TB,NFC,NFC,Central,Central,1,1,H,1506.322186611353,1544.2405539809909,0.5245626577586516,10,31,0,-21,0.0,0,0.7435201780425276,1.6448617674614012,1.0,22.44,-19.361973875042676,1486.9602127363103,0,1,0
3,2000,R,RS,NYG,CHI,NFC,NFC,East,Central,1,0,A,1510.721149688172,1456.1639672179106,0.4993627346932566,14,7,0,7,1.0,0,0.6944225240783627,0.8060938901446948,1.0,20.4,8.232637071147295,1518.9537867593194,1,0,0
3,2000,R,RS,CHI,NYG,NFC,NFC,Central,East,1,0,H,1456.1639672179106,1510.721149688172,0.5006372653067434,7,14,0,-7,0.0,0,0.6944225240783626,0.8060938901446948,1.0,20.4,-8.232637071147293,1447.9313301467632,0,1,0
3,2000,R,RS,DEN,OAK,AFC,AFC,West,West,1,1,A,1520.1470273643852,1522.522056277229,0.41817317383428027,33,24,0,9,1.0,0,0.8718596407828263,0.9715370042491377,1.0,22.44,12.684575585407522,1532.8316029497928,1,0,0
3,2000,R,RS,OAK,DEN,AFC,AFC,West,West,1,1,H,1522.522056277229,1520.1470273643852,0.5818268261657197,24,33,0,-9,0.0,0,0.8718596407828262,0.9715370042491377,1.0,22.44,-12.68457558540752,1509.8374806918214,0,1,0
3,2000,R,RS,KC,SD,AFC,AFC,West,West,1,1,H,1494.2766367373115,1478.9995881754185,0.5997796844857519,42,10,0,32,1.0,1,0.5111928837214197,2.264214435182777,1.0,22.44,20.33478277497879,1514.6114195122902,1,0,0
3,2000,R,RS,SD,KC,AFC,AFC,West,West,1,1,A,1478.9995881754185,1494.2766367373115,0.4002203155142481,10,42,0,-32,0.0,1,0.5111928837214197,2.264214435182777,1.0,22.44,-20.33478277497879,1458.6648054004397,0,1,0
3,2000,R,RS,MIN,NE,NFC,AFC,Central,East,0,0,A,1534.8346852211782,1490.9746684073732,0.4839737671124415,21,13,0,8,1.0,0,0.7257245739152942,0.8771535095286679,1.0,20.0,9.05268442372359,1543.8873696449018,1,0,0
3,2000,R,RS,NE,MIN,AFC,NFC,East,Central,0,0,H,1490.9746684073732,1534.8346852211782,0.5160262328875584,13,21,0,-8,0.0,0,0.7257245739152941,0.8771535095286679,1.0,20.0,-9.05268442372359,1481.9219839836496,0,1,0
3,2000,R,RS,SEA,NO,AFC,NFC,West,West,0,0,H,1486.2717305773483,1464.3896332745364,0.6088709843187342,20,10,0,10,1.0,1,0.49614888212458746,1.0198976171539544,1.0,20.0,7.978231021861894,1494.24996159921,1,0,0
3,2000,R,RS,NO,SEA,NFC,AFC,West,West,0,0,A,1464.3896332745364,1486.2717305773483,0.3911290156812659,10,20,0,-10,0.0,1,0.49614888212458763,1.0198976171539544,1.0,20.0,-7.978231021861896,1456.4114022526746,0,1,0
3,2000,R,RS,MIA,BAL,AFC,AFC,East,Central,1,0,H,1506.659087456108,1526.4583840326272,0.5504852606517595,19,6,0,13,1.0,1,0.5969550976523963,1.2061731415287629,1.0,20.4,11.060729148592264,1517.7198166047003,1,0,0
3,2000,R,RS,BAL,MIA,AFC,AFC,Central,East,1,0,A,1526.4583840326272,1506.659087456108,0.44951473934824054,6,19,0,-13,0.0,1,0.5969550976523965,1.2061731415287629,1.0,20.4,-11.060729148592266,1515.3976548840349,0,1,0
3,2000,R,RS,DAL,WAS,NFC,NFC,East,East,1,1,A,1476.063287037288,1509.736922506397,0.3750888665154727,27,21,0,6,1.0,0,0.9805923037118351,0.7529881394756917,1.0,22.44,10.559157073849187,1486.6224441111374,1,0,0
3,2000,R,RS,WAS,DAL,NFC,NFC,East,East,1,1,H,1509.736922506397,1476.063287037288,0.6249111334845273,21,27,0,-6,0.0,0,0.9805923037118351,0.7529881394756917,1.0,22.44,-10.559157073849187,1499.1777654325476,0,1,0
4,2000,R,RS,TEN,PIT,AFC,AFC,Central,Central,1,1,A,1529.5760842915445,1470.0765087027428,0.5064750477948965,23,20,0,3,1.0,1,0.6802802204853953,0.5336596756492721,1.0,22.44,5.91012077121334,1535.4862050627578,1,0,0
4,2000,R,RS,PIT,TEN,AFC,AFC,Central,Central,1,1,H,1470.0765087027428,1529.5760842915445,0.4935249522051035,20,23,0,-3,0.0,1,0.6802802204853953,0.5336596756492721,1.0,22.44,-5.91012077121334,1464.1663879315295,0,1,0
4,2000,R,RS,BAL,CIN,AFC,AFC,Central,Central,1,1,H,1515.3976548840349,1436.8922100131365,0.6832004621916353,37,0,0,37,1.0,1,0.3809669599980009,2.3995698913199255,1.0,22.44,17.058498273502416,1532.4561531575373,1,0,0
4,2000,R,RS,CIN,BAL,AFC,AFC,Central,Central,1,1,A,1436.8922100131365,1515.3976548840349,0.3167995378083647,0,37,0,-37,0.0,1,0.3809669599980009,2.3995698913199255,1.0,22.44,-17.058498273502416,1419.833711739634,0,1,0
4,2000,R,RS,STL,ATL,NFC,NFC,West,West,1,1,A,1563.9192785688142,1488.7523387961337,0.5289900085599533,41,20,0,21,1.0,1,0.6367857347125033,1.598627024653229,1.0,22.44,16.896631118877394,1580.8159096876916,1,0,0
4,2000,R,RS,ATL,STL,NFC,NFC,West,West,1,1,H,1488.7523387961337,1563.9192785688142,0.4710099914400467,20,41,0,-21,0.0,1,0.6367857347125033,1.598627024653229,1.0,22.44,-16.89663111887739,1471.8557076772563,0,1,0
4,2000,R,RS,DET,CHI,NFC,NFC,Central,Central,1,1,A,1486.9602127363103,1447.9313301467632,0.4770318902229059,21,14,0,7,1.0,0,0.7401719345153263,0.8158045086011505,1.0,22.44,9.573795806233788,1496.5340085425441,1,0,0
4,2000,R,RS,CHI,DET,NFC,NFC,Central,Central,1,1,H,1447.9313301467632,1486.9602127363103,0.5229681097770941,14,21,0,-7,0.0,0,0.7401719345153261,0.8158045086011505,1.0,22.44,-9.573795806233786,1438.3575343405294,0,1,0
4,2000,R,RS,PHI,NO,NFC,NFC,East,West,1,0,A,1482.3764596692376,1456.4114022526746,0.4583123600097287,21,7,0,14,1.0,0,0.7802043185753686,1.2599958230762713,1.0,20.4,13.92349294151561,1496.2999526107533,1,0,0
4,2000,R,RS,NO,PHI,NFC,NFC,West,East,1,0,H,1456.4114022526746,1482.3764596692376,0.5416876399902714,7,21,0,-14,0.0,0,0.7802043185753688,1.2599958230762713,1.0,20.4,-13.923492941515612,1442.487909311159,0,1,0
4,2000,R,RS,MIA,NE,AFC,AFC,East,East,1,1,H,1517.7198166047003,1481.9219839836496,0.6277729034316358,10,3,0,7,1.0,1,0.4655767966531951,0.8178545238251159,1.0,22.44,6.831355676532188,1524.5511722812325,1,0,0
4,2000,R,RS,NE,MIA,AFC,AFC,East,East,1,1,A,1481.9219839836496,1517.7198166047003,0.37222709656836417,3,10,0,-7,0.0,1,0.4655767966531951,0.8178545238251159,1.0,22.44,-6.831355676532188,1475.0906283071174,0,1,0
4,2000,R,RS,SF,DAL,NFC,NFC,West,East,1,0,A,1441.6793610465618,1486.6224441111374,0.3600104860022742,41,24,0,17,1.0,0,1.021622120172092,1.413910976311401,1.0,20.4,18.459719250737905,1460.1390802972996,1,0,0
4,2000,R,RS,DAL,SF,NFC,NFC,East,West,1,0,H,1486.6224441111374,1441.6793610465618,0.6399895139977259,24,41,0,-17,0.0,0,1.021622120172092,1.413910976311401,1.0,20.4,-18.459719250737905,1468.1627248603995,0,1,0
4,2000,R,RS,GB,ARI,NFC,NFC,Central,East,1,0,A,1497.8148072168485,1473.0198248036572,0.4566406677706351,29,3,0,26,1.0,0,0.7838584823378778,1.9334226521159745,1.0,20.4,21.431082119885613,1519.245889336734,1,0,0
4,2000,R,RS,ARI,GB,NFC,NFC,East,Central,1,0,H,1473.0198248036572,1497.8148072168485,0.5433593322293649,3,29,0,-26,0.0,0,0.783858482337878,1.9334226521159745,1.0,20.4,-21.431082119885616,1451.5887426837717,0,1,0
4,2000,R,RS,NYJ,TB,AFC,NFC,East,Central,0,0,A,1533.1016395503677,1563.6025278560335,0.3793795196681419,21,17,0,4,1.0,0,0.9692182037813044,0.6173725241846024,1.0,20.0,7.663080650062793,1540.7647202004305,1,0,0
4,2000,R,RS,TB,NYJ,NFC,AFC,Central,East,0,0,H,1563.6025278560335,1533.1016395503677,0.620620480331858,17,21,0,-4,0.0,0,0.9692182037813042,0.6173725241846024,1.0,20.0,-7.663080650062792,1555.9394472059707,0,1,0
4,2000,R,RS,SEA,SD,AFC,AFC,West,West,1,1,A,1494.24996159921,1458.6648054004397,0.4720888397411838,20,12,0,8,1.0,0,0.7505880913170604,0.882799438928475,1.0,22.44,10.457930331247839,1504.707891930458,1,0,0
4,2000,R,RS,SD,SEA,AFC,AFC,West,West,1,1,H,1458.6648054004397,1494.24996159921,0.5279111602588161,12,20,0,-8,0.0,0,0.7505880913170603,0.882799438928475,1.0,22.44,-10.457930331247837,1448.206875069192,0,1,0
4,2000,R,RS,KC,DEN,AFC,AFC,West,West,1,1,A,1514.6114195122902,1532.8316029497928,0.3961604389398959,23,22,0,1,1.0,0,0.925936000940165,0.3983841781590476,1.0,22.44,5.398169256002746,1520.009588768293,1,0,0
4,2000,R,RS,DEN,KC,AFC,AFC,West,West,1,1,H,1532.8316029497928,1514.6114195122902,0.6038395610601041,22,23,0,-1,0.0,0,0.9259360009401649,0.3983841781590476,1.0,22.44,-5.398169256002745,1527.43343369379,0,1,0
4,2000,R,RS,OAK,CLE,AFC,AFC,West,Central,1,0,H,1509.8374806918214,1464.3258094539362,0.6407432898066436,36,10,0,26,1.0,1,0.44512638619756256,1.902505049179809,1.0,20.4,13.943149183929592,1523.780629875751,1,0,0
4,2000,R,RS,CLE,OAK,AFC,AFC,Central,West,1,0,A,1464.3258094539362,1509.8374806918214,0.3592567101933563,10,36,0,-26,0.0,1,0.44512638619756256,1.902505049179809,1.0,20.4,-13.94314918392959,1450.3826602700067,0,1,0
4,2000,R,RS,WAS,NYG,NFC,NFC,East,East,1,1,A,1499.1777654325476,1518.9537867593194,0.39401998394101023,16,6,0,10,1.0,0,0.93135365030799,1.0215892397971857,1.0,22.44,13.891766178768492,1513.069531611316,1,0,0
4,2000,R,RS,NYG,WAS,NFC,NFC,East,East,1,1,H,1518.9537867593194,1499.1777654325476,0.6059800160589898,6,16,0,-10,0.0,0,0.93135365030799,1.0215892397971857,1.0,22.44,-13.891766178768492,1505.062020580551,0,1,0
4,2000,R,RS,IND,JAX,AFC,AFC,East,Central,1,0,H,1517.3908340412258,1549.8185285546747,0.5324385319256623,43,14,0,29,1.0,1,0.6302878210649099,2.079389487668852,1.0,20.4,19.833744991676983,1537.2245790329027,1,0,0
4,2000,R,RS,JAX,IND,AFC,AFC,Central,East,1,0,A,1549.8185285546747,1517.3908340412258,0.46756146807433774,14,43,0,-29,0.0,1,0.6302878210649099,2.079389487668852,1.0,20.4,-19.833744991676983,1529.9847835629978,0,1,0
5,2000,R,RS,IND,BUF,AFC,AFC,East,East,1,1,A,1537.2245790329027,1520.8022246481673,0.4447093421875019,18,16,0,2,1.0,0,0.8103343738437779,0.47692071367310845,1.0,22.44,5.942776601439599,1543.1673556343424,1,0,0
5,2000,R,RS,BUF,IND,AFC,AFC,East,East,1,1,H,1520.8022246481673,1537.2245790329027,0.5552906578124982,16,18,0,-2,0.0,0,0.8103343738437783,0.47692071367310845,1.0,22.44,-5.9427766014396,1514.8594480467277,0,1,0
5,2000,R,RS,MIN,DET,NFC,NFC,Central,Central,1,1,A,1543.8873696449018,1496.5340085425441,0.4889973784911732,31,24,0,7,1.0,0,0.715398150480381,0.8105698922613632,1.0,22.44,9.294722946496186,1553.182092591398,1,0,0
5,2000,R,RS,DET,MIN,NFC,NFC,Central,Central,1,1,H,1496.5340085425441,1543.8873696449018,0.5110026215088268,24,31,0,-7,0.0,0,0.715398150480381,0.8105698922613632,1.0,22.44,-9.294722946496186,1487.239285596048,0,1,0
5,2000,R,RS,DAL,CAR,NFC,NFC,East,West,1,0,A,1468.1627248603995,1501.7227390051617,0.37524218815244614,16,13,1,3,1.0,0,0.9801836264002577,0.3811111110889865,1.0,20.4,4.857283734228802,1473.0200085946283,1,0,0
5,2000,R,RS,CAR,DAL,NFC,NFC,West,East,1,0,H,1501.7227390051617,1468.1627248603995,0.6247578118475539,13,16,1,-3,0.0,0,0.9801836264002577,0.3811111110889865,1.0,20.4,-4.857283734228802,1496.865455270933,0,1,0
5,2000,R,RS,STL,SD,NFC,AFC,West,West,0,0,H,1580.8159096876916,1448.206875069192,0.7464872493480998,57,31,0,26,1.0,1,0.29237674272733355,1.7826568712402011,1.0,20.0,9.038524937932271,1589.854434625624,1,0,0
5,2000,R,RS,SD,STL,AFC,NFC,West,West,0,0,A,1448.206875069192,1580.8159096876916,0.2535127506519001,31,57,0,-26,0.0,1,0.29237674272733355,1.7826568712402011,1.0,20.0,-9.03852493793227,1439.1683501312596,0,1,0
5,2000,R,RS,BAL,CLE,AFC,AFC,Central,Central,1,1,A,1532.4561531575373,1450.3826602700067,0.5388832189269736,12,0,0,12,1.0,1,0.6182563940209918,1.0919269136785748,1.0,22.44,11.2986706816394,1543.7548238391767,1,0,0
5,2000,R,RS,CLE,BAL,AFC,AFC,Central,Central,1,1,H,1450.3826602700067,1532.4561531575373,0.46111678107302645,0,12,0,-12,0.0,1,0.6182563940209918,1.0919269136785748,1.0,22.44,-11.2986706816394,1439.0839895883673,0,1,0
5,2000,R,RS,PIT,JAX,AFC,AFC,Central,Central,1,1,A,1464.1663879315295,1529.9847835629978,0.3328136670133818,24,13,0,11,1.0,0,1.1001725041313588,1.0460566975412222,1.0,22.44,15.661206588966236,1479.8275945204957,1,0,0
5,2000,R,RS,JAX,PIT,AFC,AFC,Central,Central,1,1,H,1529.9847835629978,1464.1663879315295,0.6671863329866182,13,24,0,-11,0.0,0,1.1001725041313588,1.0460566975412222,1.0,22.44,-15.661206588966236,1514.3235769740315,0,1,0
5,2000,R,RS,TEN,NYG,AFC,NFC,Central,East,0,0,H,1535.4862050627578,1505.062020580551,0.6205165132584041,28,14,0,14,1.0,1,0.4772030618657979,1.2556078385744402,1.0,20.0,9.529648811246151,1545.015853874004,1,0,0
5,2000,R,RS,NYG,TEN,NFC,AFC,East,Central,0,0,A,1505.062020580551,1535.4862050627578,0.379483486741596,14,28,0,-14,0.0,1,0.4772030618657979,1.2556078385744402,1.0,20.0,-9.529648811246153,1495.5323717693047,0,1,0
5,2000,R,RS,MIA,CIN,AFC,AFC,East,Central,1,0,A,1524.5511722812325,1419.833711739634,0.571064770360717,31,16,0,15,1.0,1,0.5602526425530271,1.242275800812728,1.0,20.4,10.870259460297405,1535.42143174153,1,0,0
5,2000,R,RS,CIN,MIA,AFC,AFC,Central,East,1,0,H,1419.833711739634,1524.5511722812325,0.42893522963928293,16,31,0,-15,0.0,1,0.5602526425530271,1.242275800812728,1.0,20.4,-10.870259460297403,1408.9634522793367,0,1,0
5,2000,R,RS,NE,DEN,AFC,AFC,East,West,1,0,A,1475.0906283071174,1527.43343369379,0.3502558326532676,28,19,0,9,1.0,0,1.0490914410749335,0.934261454629189,1.0,20.4,12.383430990812663,1487.4740592979301,1,0,0
5,2000,R,RS,DEN,NE,AFC,AFC,West,East,1,0,H,1527.43343369379,1475.0906283071174,0.6497441673467323,19,28,0,-9,0.0,0,1.0490914410749332,0.934261454629189,1.0,20.4,-12.383430990812663,1515.0500027029773,0,1,0
5,2000,R,RS,SF,ARI,NFC,NFC,West,East,1,0,H,1460.1390802972996,1451.5887426837717,0.5904498036487905,27,20,0,7,1.0,1,0.5268706534799258,0.8355609964140953,1.0,20.4,6.980965070954022,1467.1200453682536,1,0,0
5,2000,R,RS,ARI,SF,NFC,NFC,East,West,1,0,A,1451.5887426837717,1460.1390802972996,0.4095501963512095,20,27,0,-7,0.0,1,0.5268706534799258,0.8355609964140953,1.0,20.4,-6.980965070954022,1444.6077776128177,0,1,0
5,2000,R,RS,CHI,GB,NFC,NFC,Central,Central,1,1,A,1438.3575343405294,1519.245889336734,0.31383812294589697,27,24,0,3,1.0,0,1.1588779580256408,0.5250832018690044,1.0,22.44,8.084954172066087,1446.4424885125954,1,0,0
5,2000,R,RS,GB,CHI,NFC,NFC,Central,Central,1,1,H,1519.245889336734,1438.3575343405294,0.6861618770541029,24,27,0,-3,0.0,0,1.1588779580256405,0.5250832018690044,1.0,22.44,-8.084954172066086,1511.160935164668,0,1,0
5,2000,R,RS,WAS,TB,NFC,NFC,East,Central,1,0,H,1513.069531611316,1555.9394472059707,0.5174495053682421,20,17,1,3,1.0,1,0.6588433327709299,0.37836674613556,1.0,20.4,3.724653634198434,1516.7941852455144,1,0,0
5,2000,R,RS,TB,WAS,NFC,NFC,Central,East,1,0,A,1555.9394472059707,1513.069531611316,0.482550494631758,17,20,1,-3,0.0,1,0.6588433327709301,0.37836674613556,1.0,20.4,-3.7246536341984346,1552.2147935717724,0,1,0
5,2000,R,RS,PHI,ATL,NFC,NFC,East,West,1,0,H,1496.2999526107533,1471.8557076772563,0.6123776995630835,38,10,0,28,1.0,1,0.49040603068351946,2.039939390962778,1.0,20.4,16.13081038932824,1512.4307630000815,1,0,0
5,2000,R,RS,ATL,PHI,NFC,NFC,West,East,1,0,A,1471.8557076772563,1496.2999526107533,0.3876223004369165,10,38,0,-28,0.0,1,0.49040603068351946,2.039939390962778,1.0,20.4,-16.13081038932824,1455.7248972879281,0,1,0
5,2000,R,RS,KC,SEA,AFC,AFC,West,West,1,1,H,1520.009588768293,1504.707891930458,0.5998137431002529,24,17,0,7,1.0,1,0.5111361001250329,0.831102634859132,1.0,22.44,7.463450931082722,1527.4730396993757,1,0,0
5,2000,R,RS,SEA,KC,AFC,AFC,West,West,1,1,A,1504.707891930458,1520.009588768293,0.4001862568997471,17,24,0,-7,0.0,1,0.5111361001250329,0.831102634859132,1.0,22.44,-7.463450931082722,1497.2444409993752,0,1,0
6,2000,R,RS,TEN,CIN,AFC,AFC,Central,Central,1,1,A,1545.015853874004,1408.9634522793367,0.6145728157243046,23,14,0,9,1.0,1,0.4868278611062944,0.8778374341305948,1.0,22.44,7.592403691367695,1552.6082575653718,1,0,0
6,2000,R,RS,CIN,TEN,AFC,AFC,Central,Central,1,1,H,1408.9634522793367,1545.015853874004,0.3854271842756954,14,23,0,-9,0.0,1,0.4868278611062942,0.8778374341305948,1.0,22.44,-7.592403691367694,1401.371048587969,0,1,0
6,2000,R,RS,PIT,NYJ,AFC,AFC,Central,East,1,0,A,1479.8275945204957,1540.7647202004305,0.33908201532196974,20,3,0,17,1.0,0,1.081513267759625,1.396660604827933,1.0,20.4,18.830793489330354,1498.658388009826,1,0,0
6,2000,R,RS,NYJ,PIT,AFC,AFC,East,Central,1,0,H,1540.7647202004305,1479.8275945204957,0.6609179846780302,3,20,0,-17,0.0,0,1.0815132677596249,1.396660604827933,1.0,20.4,-18.830793489330354,1521.9339267111002,0,1,0
6,2000,R,RS,DET,GB,NFC,NFC,Central,Central,1,1,H,1487.239285596048,1511.160935164668,0.5446064332537026,31,24,0,7,1.0,1,0.6076918860070656,0.8254790037438728,1.0,22.44,8.43559605558746,1495.6748816516354,1,0,0
6,2000,R,RS,GB,DET,NFC,NFC,Central,Central,1,1,A,1511.160935164668,1487.239285596048,0.45539356674629733,24,31,0,-7,0.0,1,0.6076918860070656,0.8254790037438728,1.0,22.44,-8.435596055587459,1502.7253391090806,0,1,0
6,2000,R,RS,MIA,BUF,AFC,AFC,East,East,1,1,H,1535.42143174153,1514.8594480467277,0.6070597706760332,22,13,0,9,1.0,1,0.49912802378186877,0.9576303237471004,1.0,22.44,8.443980789226083,1543.865412530756,1,0,0
6,2000,R,RS,BUF,MIA,AFC,AFC,East,East,1,1,A,1514.8594480467277,1535.42143174153,0.3929402293239668,13,22,0,-9,0.0,1,0.49912802378186877,0.9576303237471004,1.0,22.44,-8.443980789226085,1506.4154672575016,0,1,0
6,2000,R,RS,NE,IND,AFC,AFC,East,East,1,1,H,1487.4740592979301,1543.1673556343424,0.499002267693505,24,16,0,8,1.0,0,0.6951446387649826,0.8692040142746046,1.0,22.44,9.771929747019986,1497.2459890449502,1,0,0
6,2000,R,RS,IND,NE,AFC,AFC,East,East,1,1,A,1543.1673556343424,1487.4740592979301,0.5009977323064951,16,24,0,-8,0.0,0,0.6951446387649828,0.8692040142746046,1.0,22.44,-9.771929747019987,1533.3954258873223,0,1,0
6,2000,R,RS,WAS,PHI,NFC,NFC,East,East,1,1,A,1516.7941852455144,1512.4307630000815,0.42763972369777603,17,14,0,3,1.0,0,0.849474204946447,0.5571169458374436,1.0,22.44,7.155478907130704,1523.949664152645,1,0,0
6,2000,R,RS,PHI,WAS,NFC,NFC,East,East,1,1,H,1512.4307630000815,1516.7941852455144,0.5723602763022239,14,17,0,-3,0.0,0,0.8494742049464468,0.5571169458374436,1.0,22.44,-7.155478907130703,1505.2752840929509,0,1,0
6,2000,R,RS,NO,CHI,NFC,NFC,West,Central,1,0,A,1442.487909311159,1446.4424885125954,0.41596255904498886,31,10,0,21,1.0,0,0.8771600250670233,1.6894134103698788,1.0,20.4,20.12828597211304,1462.616195283272,1,0,0
6,2000,R,RS,CHI,NO,NFC,NFC,Central,West,1,0,H,1446.4424885125954,1442.487909311159,0.5840374409550112,10,31,0,-21,0.0,0,0.8771600250670234,1.6894134103698788,1.0,20.4,-20.128285972113044,1426.3142025404825,0,1,0
6,2000,R,RS,OAK,SF,AFC,NFC,West,West,0,0,A,1523.780629875751,1467.1200453682536,0.5023897550106766,34,28,1,6,1.0,1,0.6883790561326529,0.5178190294774555,1.0,20.0,5.1534410823682055,1528.9340709581193,1,0,0
6,2000,R,RS,SF,OAK,NFC,AFC,West,West,0,0,H,1467.1200453682536,1523.780629875751,0.4976102449893234,28,34,1,-6,0.0,1,0.6883790561326529,0.5178190294774555,1.0,20.0,-5.1534410823682055,1461.9666042858853,0,1,0
6,2000,R,RS,NYG,ATL,NFC,NFC,East,West,1,0,A,1495.5323717693047,1455.7248972879281,0.4781501228924221,13,6,0,7,1.0,0,0.7378305311701547,0.8153120484562981,1.0,20.4,8.679598042741434,1504.2119698120462,1,0,0
6,2000,R,RS,ATL,NYG,NFC,NFC,West,East,1,0,H,1455.7248972879281,1495.5323717693047,0.5218498771075779,6,13,0,-7,0.0,0,0.7378305311701547,0.8153120484562981,1.0,20.4,-8.679598042741434,1447.0452992451867,0,1,0
6,2000,R,RS,CAR,SEA,NFC,AFC,West,West,0,0,H,1496.865455270933,1497.2444409993752,0.5779646996947219,26,3,0,23,1.0,1,0.5482424853673257,1.8062828638724333,1.0,20.0,15.246302617813605,1512.1117578887465,1,0,0
6,2000,R,RS,SEA,CAR,AFC,NFC,West,West,0,0,A,1497.2444409993752,1496.865455270933,0.4220353003052782,3,26,0,-23,0.0,1,0.5482424853673257,1.8062828638724333,1.0,20.0,-15.246302617813607,1481.9981383815616,0,1,0
6,2000,R,RS,ARI,CLE,NFC,AFC,East,Central,0,0,H,1444.6077776128177,1439.0839895883673,0.5862302401492032,29,21,0,8,1.0,1,0.5340426652921163,0.9039365605113878,1.0,20.0,7.480432271263044,1452.0882098840807,1,0,0
6,2000,R,RS,CLE,ARI,AFC,NFC,Central,East,0,0,A,1439.0839895883673,1444.6077776128177,0.4137697598507968,21,29,0,-8,0.0,1,0.5340426652921163,0.9039365605113878,1.0,20.0,-7.480432271263044,1431.6035573171043,0,1,0
6,2000,R,RS,DEN,SD,AFC,AFC,West,West,1,1,A,1515.0500027029773,1439.1683501312596,0.5300149815892156,21,7,0,14,1.0,1,0.6348500056860146,1.2125596878256688,1.0,22.44,12.78821686892333,1527.8382195719007,1,0,0
6,2000,R,RS,SD,DEN,AFC,AFC,West,West,1,1,H,1439.1683501312596,1515.0500027029773,0.46998501841078444,7,21,0,-14,0.0,1,0.6348500056860146,1.2125596878256688,1.0,22.44,-12.78821686892333,1426.3801332623361,0,1,0
6,2000,R,RS,BAL,JAX,AFC,AFC,Central,Central,1,1,A,1543.7548238391767,1514.3235769740315,0.4632698912815723,15,10,0,5,1.0,0,0.7694454761922034,0.6875492080333585,1.0,22.44,8.28099642481218,1552.0358202639889,1,0,0
6,2000,R,RS,JAX,BAL,AFC,AFC,Central,Central,1,1,H,1514.3235769740315,1543.7548238391767,0.5367301087184277,10,15,0,-5,0.0,0,0.7694454761922035,0.6875492080333585,1.0,22.44,-8.28099642481218,1506.0425805492193,0,1,0
6,2000,R,RS,MIN,TB,NFC,NFC,Central,Central,1,1,H,1553.182092591398,1552.2147935717724,0.5798539009059993,30,23,0,7,1.0,1,0.5449791021622,0.8406259499810935,1.0,22.44,7.925487415018358,1561.1075800064164,1,0,0
6,2000,R,RS,TB,MIN,NFC,NFC,Central,Central,1,1,A,1552.2147935717724,1553.182092591398,0.42014609909400075,23,30,0,-7,0.0,1,0.5449791021622,0.8406259499810935,1.0,22.44,-7.925487415018359,1544.289306156754,0,1,0
7,2000,R,RS,OAK,KC,AFC,AFC,West,West,1,1,A,1528.9340709581193,1527.4730396993757,0.4235553608086131,20,17,0,3,1.0,0,0.8590710513351569,0.5584090125992062,1.0,22.44,7.223253827344442,1536.1573247854637,1,0,0
7,2000,R,RS,KC,OAK,AFC,AFC,West,West,1,1,H,1527.4730396993757,1528.9340709581193,0.5764446391913869,17,20,0,-3,0.0,0,0.8590710513351569,0.5584090125992062,1.0,22.44,-7.223253827344442,1520.2497858720312,0,1,0
7,2000,R,RS,BUF,SD,AFC,AFC,East,West,1,0,H,1506.4154672575016,1426.3801332623361,0.6851034912364389,27,24,1,3,1.0,1,0.37818537003467134,0.3677939755710908,1.0,20.4,2.362667592572782,1508.7781348500744,1,0,0
7,2000,R,RS,SD,BUF,AFC,AFC,West,East,1,0,A,1426.3801332623361,1506.4154672575016,0.31489650876356107,24,27,1,-3,0.0,1,0.37818537003467134,0.3677939755710908,1.0,20.4,-2.3626675925727816,1424.0174656697634,0,1,0
7,2000,R,RS,PIT,CIN,AFC,AFC,Central,Central,1,1,H,1498.658388009826,1401.371048587969,0.706124714717159,15,0,0,15,1.0,1,0.34796340734860487,1.2491267964348818,1.0,22.44,8.237443357657295,1506.8958313674832,1,0,0
7,2000,R,RS,CIN,PIT,AFC,AFC,Central,Central,1,1,A,1401.371048587969,1498.658388009826,0.293875285282841,0,15,0,-15,0.0,1,0.34796340734860487,1.2491267964348818,1.0,22.44,-8.237443357657295,1393.1336052303118,0,1,0
7,2000,R,RS,WAS,BAL,NFC,AFC,East,Central,0,0,H,1523.949664152645,1552.0358202639889,0.53865484686514,10,3,0,7,1.0,1,0.6186802715108046,0.8227892690217381,1.0,20.0,7.591796826291066,1531.5414609789361,1,0,0
7,2000,R,RS,BAL,WAS,AFC,NFC,Central,East,0,0,A,1552.0358202639889,1523.949664152645,0.46134515313486013,3,10,0,-7,0.0,1,0.6186802715108048,0.8227892690217381,1.0,20.0,-7.591796826291068,1544.4440234376978,0,1,0
7,2000,R,RS,STL,ATL,NFC,NFC,West,West,1,1,H,1589.854434625624,1447.0452992451867,0.7574373712747914,45,29,0,16,1.0,1,0.27781442320173627,1.2617113902998058,1.0,22.44,6.867628067390899,1596.7220626930148,1,0,0
7,2000,R,RS,ATL,STL,NFC,NFC,West,West,1,1,A,1447.0452992451867,1589.854434625624,0.24256262872520853,29,45,0,-16,0.0,1,0.2778144232017361,1.2617113902998058,1.0,22.44,-6.867628067390896,1440.177671177796,0,1,0
7,2000,R,RS,NYG,DAL,NFC,NFC,East,East,1,1,H,1504.2119698120462,1473.0200085946283,0.6215566846427131,19,14,0,5,1.0,1,0.47552816600743675,0.6866043240541242,1.0,22.44,5.830827927504043,1510.0427977395502,1,0,0
7,2000,R,RS,DAL,NYG,NFC,NFC,East,East,1,1,A,1473.0200085946283,1504.2119698120462,0.37844331535728687,14,19,0,-5,0.0,1,0.4755281660074366,0.6866043240541242,1.0,22.44,-5.830827927504042,1467.1891806671242,0,1,0
7,2000,R,RS,NO,CAR,NFC,NFC,West,West,1,1,H,1462.616195283272,1512.1117578887465,0.5079208594749758,24,6,0,18,1.0,1,0.6774296319750209,1.465039669926961,1.0,22.44,16.17734295858953,1478.7935382418616,1,0,0
7,2000,R,RS,CAR,NO,NFC,NFC,West,West,1,1,A,1512.1117578887465,1462.616195283272,0.4920791405250243,6,24,0,-18,0.0,1,0.6774296319750209,1.465039669926961,1.0,22.44,-16.17734295858953,1495.934414930157,0,1,0
7,2000,R,RS,IND,SEA,AFC,AFC,East,West,1,0,A,1533.3954258873223,1481.9981383815616,0.4948154657692768,37,24,0,13,1.0,0,0.7035703823450126,1.1768871976044701,1.0,20.4,12.12872229958387,1545.5241481869061,1,0,0
7,2000,R,RS,SEA,IND,AFC,AFC,West,East,1,0,H,1481.9981383815616,1533.3954258873223,0.5051845342307232,24,37,0,-13,0.0,0,0.7035703823450126,1.1768871976044701,1.0,20.4,-12.12872229958387,1469.8694160819778,0,1,0
7,2000,R,RS,NYJ,NE,AFC,AFC,East,East,1,1,A,1521.9339267111002,1497.2459890449502,0.45648778055987815,34,17,0,17,1.0,0,0.784193346972673,1.4363784144657568,1.0,22.44,17.51866609684862,1539.4525928079488,1,0,0
7,2000,R,RS,NE,NYJ,AFC,AFC,East,East,1,1,H,1497.2459890449502,1521.9339267111002,0.5435122194401218,17,34,0,-17,0.0,0,0.784193346972673,1.4363784144657568,1.0,22.44,-17.51866609684862,1479.7273229481016,0,1,0
7,2000,R,RS,DEN,CLE,AFC,AFC,West,Central,1,0,H,1527.8382195719007,1431.6035573171043,0.7048656825043469,44,10,0,34,1.0,1,0.3497480155917811,2.224791724796022,1.0,20.4,13.394892700260078,1541.2331122721607,1,0,0
7,2000,R,RS,CLE,DEN,AFC,AFC,Central,West,1,0,A,1431.6035573171043,1527.8382195719007,0.29513431749565305,10,44,0,-34,0.0,1,0.3497480155917811,2.224791724796022,1.0,20.4,-13.394892700260074,1418.2086646168443,0,1,0
7,2000,R,RS,PHI,ARI,NFC,NFC,East,East,1,1,A,1505.2752840929509,1452.0882098840807,0.49739101374053274,33,14,0,19,1.0,0,0.6983788142405835,1.516282527592012,1.0,22.44,17.10146170826463,1522.3767458012155,1,0,0
7,2000,R,RS,ARI,PHI,NFC,NFC,East,East,1,1,H,1452.0882098840807,1505.2752840929509,0.5026089862594673,14,33,0,-19,0.0,0,0.6983788142405835,1.516282527592012,1.0,22.44,-17.10146170826463,1434.986748175816,0,1,0
7,2000,R,RS,GB,SF,NFC,NFC,Central,West,1,0,H,1502.7253391090806,1461.9666042858853,0.6344212816821035,31,28,0,3,1.0,1,0.4550420630669966,0.5414080105894482,1.0,20.4,4.037715830605984,1506.7630549396865,1,0,0
7,2000,R,RS,SF,GB,NFC,NFC,West,Central,1,0,A,1461.9666042858853,1502.7253391090806,0.36557871831789635,28,31,0,-3,0.0,1,0.45504206306699646,0.5414080105894482,1.0,20.4,-4.0377158306059835,1457.9288884552793,0,1,0
7,2000,R,RS,MIN,CHI,NFC,NFC,Central,Central,1,1,A,1561.1075800064164,1426.3142025404825,0.6128546529265189,28,16,0,12,1.0,1,0.48962747894750297,1.050356624714218,1.0,22.44,9.125016859781558,1570.2325968661978,1,0,0
7,2000,R,RS,CHI,MIN,NFC,NFC,Central,Central,1,1,H,1426.3142025404825,1561.1075800064164,0.3871453470734811,16,28,0,-12,0.0,1,0.48962747894750297,1.050356624714218,1.0,22.44,-9.125016859781557,1417.189185680701,0,1,0
7,2000,R,RS,TEN,JAX,AFC,AFC,Central,Central,1,1,H,1552.6082575653718,1506.0425805492193,0.6421387440832893,27,13,0,14,1.0,1,0.44295088636180374,1.2399762474324048,1.0,22.44,9.95751341986085,1562.5657709852326,1,0,0
7,2000,R,RS,JAX,TEN,AFC,AFC,Central,Central,1,1,A,1506.0425805492193,1552.6082575653718,0.3578612559167107,13,27,0,-14,0.0,1,0.44295088636180374,1.2399762474324048,1.0,22.44,-9.95751341986085,1496.0850671293585,0,1,0
8,2000,R,RS,DET,TB,NFC,NFC,Central,Central,1,1,A,1495.6748816516354,1544.289306156754,0.35515570783780825,28,14,0,14,1.0,0,1.0351989720419317,1.2380200099416092,1.0,22.44,17.914528274132493,1513.5894099257678,1,0,0
8,2000,R,RS,TB,DET,NFC,NFC,Central,Central,1,1,H,1544.289306156754,1495.6748816516354,0.6448442921621917,14,28,0,-14,0.0,0,1.0351989720419317,1.2380200099416092,1.0,22.44,-17.914528274132493,1526.3747778826216,0,1,0
8,2000,R,RS,CIN,DEN,AFC,AFC,Central,West,1,0,H,1393.1336052303118,1541.2331122721607,0.3691363087650968,31,21,0,10,1.0,0,0.9965893027057406,0.9278234587783768,1.0,20.4,11.94073469319294,1405.0743399235048,1,0,0
8,2000,R,RS,DEN,CIN,AFC,AFC,West,Central,1,0,A,1541.2331122721607,1393.1336052303118,0.6308636912349033,21,31,0,-10,0.0,0,0.9965893027057408,0.9278234587783768,1.0,20.4,-11.94073469319294,1529.2923775789677,0,1,0
8,2000,R,RS,IND,NE,AFC,AFC,East,East,1,1,H,1545.5241481869061,1479.7273229481016,0.6671587608096495,30,23,0,7,1.0,1,0.4047272391859312,0.7992081710204773,1.0,22.44,5.969251789023146,1551.4933999759294,1,0,0
8,2000,R,RS,NE,IND,AFC,AFC,East,East,1,1,A,1479.7273229481016,1545.5241481869061,0.3328412391903505,23,30,0,-7,0.0,1,0.40472723918593134,0.7992081710204773,1.0,22.44,-5.969251789023147,1473.7580711590783,0,1,0
8,2000,R,RS,DAL,ARI,NFC,NFC,East,East,1,1,H,1467.1891806671242,1434.986748175816,0.6229239507869753,48,7,0,41,1.0,1,0.4733308370085555,2.6832077172360633,1.0,22.44,22.70419431583466,1489.893374982959,1,0,0
8,2000,R,RS,ARI,DAL,NFC,NFC,East,East,1,1,A,1434.986748175816,1467.1891806671242,0.3770760492130247,7,48,0,-41,0.0,1,0.4733308370085555,2.6832077172360633,1.0,22.44,-22.70419431583466,1412.2825538599814,0,1,0
8,2000,R,RS,KC,STL,AFC,NFC,West,West,0,0,H,1520.2497858720312,1596.7220626930148,0.4691381919963727,54,34,0,20,1.0,0,0.7568579014930723,1.5435931432681587,1.0,20.0,16.38869293714674,1536.638478809178,1,0,0
8,2000,R,RS,STL,KC,NFC,AFC,West,West,0,0,A,1596.7220626930148,1520.2497858720312,0.5308618080036273,34,54,0,-20,0.0,0,0.7568579014930722,1.5435931432681587,1.0,20.0,-16.388692937146736,1580.333369755868,0,1,0
8,2000,R,RS,MIN,BUF,NFC,AFC,Central,East,0,0,H,1570.2325968661978,1508.7781348500744,0.6615850565267729,31,27,0,4,1.0,1,0.41311672239779573,0.6028010034130908,1.0,20.0,4.079937349912914,1574.3125342161106,1,0,0
8,2000,R,RS,BUF,MIN,AFC,NFC,East,Central,0,0,A,1508.7781348500744,1570.2325968661978,0.3384149434732272,27,31,0,-4,0.0,1,0.4131167223977959,0.6028010034130908,1.0,20.0,-4.079937349912915,1504.6981975001615,0,1,0
8,2000,R,RS,CAR,SF,NFC,NFC,West,West,1,1,H,1495.934414930157,1457.9288884552793,0.6307376981258048,34,16,0,18,1.0,1,0.46086519521707286,1.4781089917537777,1.0,22.44,12.247974800385823,1508.1823897305428,1,0,0
8,2000,R,RS,SF,CAR,NFC,NFC,West,West,1,1,A,1457.9288884552793,1495.934414930157,0.3692623018741951,16,34,0,-18,0.0,1,0.46086519521707286,1.4781089917537777,1.0,22.44,-12.24797480038582,1445.6809136548934,0,1,0
8,2000,R,RS,TEN,BAL,AFC,AFC,Central,Central,1,1,A,1562.5657709852326,1544.4440234376978,0.4471263479377193,14,6,0,8,1.0,0,0.8049140667299052,0.8949565424470483,1.0,22.44,11.103264697820366,1573.669035683053,1,0,0
8,2000,R,RS,BAL,TEN,AFC,AFC,Central,Central,1,1,H,1544.4440234376978,1562.5657709852326,0.5528736520622807,6,14,0,-8,0.0,0,0.8049140667299052,0.8949565424470483,1.0,22.44,-11.103264697820366,1533.3407587398774,0,1,0
8,2000,R,RS,PHI,CHI,NFC,NFC,East,Central,1,0,H,1522.3767458012155,1417.189185680701,0.7154725948945114,13,9,0,4,1.0,1,0.3348119827533989,0.5833480832450916,1.0,20.4,3.385961734539323,1525.7627075357548,1,0,0
8,2000,R,RS,CHI,PHI,NFC,NFC,Central,East,1,0,A,1417.189185680701,1522.3767458012155,0.28452740510548846,9,13,0,-4,0.0,1,0.33481198275339874,0.5833480832450916,1.0,20.4,-3.3859617345393223,1413.8032239461618,0,1,0
8,2000,R,RS,NO,ATL,NFC,NFC,West,West,1,1,A,1478.7935382418616,1440.177671177796,0.47643879998570793,21,19,0,2,1.0,0,0.741416000682818,0.4687068260620124,1.0,22.44,5.506702134429664,1484.3002403762912,1,0,0
8,2000,R,RS,ATL,NO,NFC,NFC,West,West,1,1,H,1440.177671177796,1478.7935382418616,0.5235612000142921,19,21,0,-2,0.0,0,0.741416000682818,0.4687068260620124,1.0,22.44,-5.506702134429664,1434.6709690433663,0,1,0
8,2000,R,RS,OAK,SEA,AFC,AFC,West,West,1,1,H,1536.1573247854637,1469.8694160819778,0.6677862003289915,31,3,0,28,1.0,1,0.4037872160631658,1.9750914671748292,1.0,22.44,14.724065264218106,1550.8813900496818,1,0,0
8,2000,R,RS,SEA,OAK,AFC,AFC,West,West,1,1,A,1469.8694160819778,1536.1573247854637,0.3322137996710085,3,31,0,-28,0.0,1,0.4037872160631658,1.9750914671748292,1.0,22.44,-14.724065264218106,1455.1453508177597,0,1,0
8,2000,R,RS,PIT,CLE,AFC,AFC,Central,Central,1,1,H,1506.8958313674832,1418.2086646168443,0.6957477036690558,22,0,0,22,1.0,1,0.36276817909318143,1.6350146805763635,1.0,22.44,11.162934431487676,1518.0587657989709,1,0,0
8,2000,R,RS,CLE,PIT,AFC,AFC,Central,Central,1,1,A,1418.2086646168443,1506.8958313674832,0.3042522963309442,0,22,0,-22,0.0,1,0.36276817909318143,1.6350146805763635,1.0,22.44,-11.162934431487676,1407.0457301853567,0,1,0
8,2000,R,RS,WAS,JAX,NFC,AFC,East,Central,0,0,A,1531.5414609789361,1496.0850671293585,0.4719041170864635,35,16,0,19,1.0,0,0.7509794557986321,1.5371970611069155,1.0,20.0,16.235748783947002,1547.777209762883,1,0,0
8,2000,R,RS,JAX,WAS,AFC,NFC,Central,East,0,0,H,1496.0850671293585,1531.5414609789361,0.5280958829135365,16,35,0,-19,0.0,0,0.7509794557986321,1.5371970611069155,1.0,20.0,-16.235748783947002,1479.8493183454116,0,1,0
8,2000,R,RS,NYJ,MIA,AFC,AFC,East,East,1,1,H,1539.4525928079488,1543.865412530756,0.572290675070315,40,37,1,3,1.0,1,0.5581082434787615,0.38996650500447005,1.0,22.44,3.7428194498785987,1543.1954122578275,1,0,0
8,2000,R,RS,MIA,NYJ,AFC,AFC,East,East,1,1,A,1543.865412530756,1539.4525928079488,0.42770932492968505,37,40,1,-3,0.0,1,0.5581082434787615,0.38996650500447005,1.0,22.44,-3.7428194498785987,1540.1225930808773,0,1,0
9,2000,R,RS,BUF,NYJ,AFC,AFC,East,East,1,1,H,1504.6981975001615,1543.1954122578275,0.5237315724972426,23,20,0,3,1.0,1,0.646775992140901,0.5423582688170663,1.0,22.44,5.796434209044037,1510.4946317092056,1,0,0
9,2000,R,RS,NYJ,BUF,AFC,AFC,East,East,1,1,A,1543.1954122578275,1504.6981975001615,0.4762684275027574,20,23,0,-3,0.0,1,0.6467759921409008,0.5423582688170663,1.0,22.44,-5.796434209044036,1537.3989780487834,0,1,0
9,2000,R,RS,TB,MIN,NFC,NFC,Central,Central,1,1,H,1526.3747778826216,1574.3125342161106,0.5101619860886106,41,13,0,28,1.0,1,0.6730269839126608,2.0030151709044453,1.0,22.44,22.01707271749084,1548.3918506001125,1,0,0
9,2000,R,RS,MIN,TB,NFC,NFC,Central,Central,1,1,A,1574.3125342161106,1526.3747778826216,0.4898380139113893,13,41,0,-28,0.0,1,0.6730269839126608,2.0030151709044453,1.0,22.44,-22.017072717490837,1552.2954614986197,0,1,0
9,2000,R,RS,MIA,GB,AFC,NFC,East,Central,0,0,H,1540.1225930808773,1506.7630549396865,0.6244872267138554,28,20,0,8,1.0,1,0.47082440324641084,0.8843304006847932,1.0,20.0,6.6415472252478835,1546.7641403061252,1,0,0
9,2000,R,RS,GB,MIA,NFC,AFC,Central,East,0,0,A,1506.7630549396865,1540.1225930808773,0.37551277328614463,20,28,0,-8,0.0,1,0.47082440324641084,0.8843304006847932,1.0,20.0,-6.6415472252478835,1500.1215077144386,0,1,0
9,2000,R,RS,PIT,BAL,AFC,AFC,Central,Central,1,1,A,1518.0587657989709,1533.3407587398774,0.40021348336885676,9,6,0,3,1.0,0,0.9157571658236987,0.5523093845248592,1.0,22.44,7.433647678243449,1525.4924134772143,1,0,0
9,2000,R,RS,BAL,PIT,AFC,AFC,Central,Central,1,1,H,1533.3407587398774,1518.0587657989709,0.5997865166311434,6,9,0,-3,0.0,0,0.915757165823699,0.5523093845248592,1.0,22.44,-7.43364767824345,1525.907111061634,0,1,0
9,2000,R,RS,ATL,CAR,NFC,NFC,West,West,1,1,H,1434.6709690433663,1508.1823897305428,0.473385103970556,13,12,0,1,1.0,0,0.7478460484502225,0.38174121326519606,1.0,22.44,4.511126873450585,1439.182095916817,1,0,0
9,2000,R,RS,CAR,ATL,NFC,NFC,West,West,1,1,A,1508.1823897305428,1434.6709690433663,0.526614896029444,12,13,0,-1,0.0,0,0.7478460484502225,0.38174121326519606,1.0,22.44,-4.511126873450585,1503.6712628570922,0,1,0
9,2000,R,RS,CIN,CLE,AFC,AFC,Central,Central,1,1,A,1405.0743399235048,1407.0457301853567,0.4187386062952441,12,3,0,9,1.0,0,0.8705084050602064,0.9718502301653481,1.0,22.44,12.676333992153966,1417.7506739156588,1,0,0
9,2000,R,RS,CLE,CIN,AFC,AFC,Central,Central,1,1,H,1407.0457301853567,1405.0743399235048,0.5812613937047558,3,12,0,-9,0.0,0,0.8705084050602063,0.9718502301653481,1.0,22.44,-12.676333992153962,1394.3693961932026,0,1,0
9,2000,R,RS,IND,DET,AFC,NFC,East,Central,0,0,H,1551.4933999759294,1513.5894099257678,0.6306015553812884,30,18,0,12,1.0,1,0.4610810653640878,1.1293752555460823,1.0,20.0,8.343789255791656,1559.8371892317211,1,0,0
9,2000,R,RS,DET,IND,NFC,AFC,Central,East,0,0,A,1513.5894099257678,1551.4933999759294,0.3693984446187116,18,30,0,-12,0.0,1,0.46108106536408766,1.1293752555460823,1.0,20.0,-8.343789255791656,1505.245620669976,0,1,0
9,2000,R,RS,NO,ARI,NFC,NFC,West,East,1,0,A,1484.3002403762912,1412.2825538599814,0.5244708531597074,21,10,0,11,1.0,1,0.645365423405419,1.041151460783624,1.0,20.4,10.099996463910404,1494.4002368402016,1,0,0
9,2000,R,RS,ARI,NO,NFC,NFC,East,West,1,0,H,1412.2825538599814,1484.3002403762912,0.4755291468402925,10,21,0,-11,0.0,1,0.6453654234054188,1.041151460783624,1.0,20.4,-10.099996463910404,1402.182557396071,0,1,0
9,2000,R,RS,STL,SF,NFC,NFC,West,West,1,1,A,1580.333369755868,1445.6809136548934,0.6126621648612813,34,24,0,10,1.0,1,0.48994161264852865,0.9368340153692079,1.0,22.44,8.142831060878152,1588.476200816746,1,0,0
9,2000,R,RS,SF,STL,NFC,NFC,West,West,1,1,H,1445.6809136548934,1580.333369755868,0.3873378351387187,24,34,0,-10,0.0,1,0.48994161264852865,0.9368340153692079,1.0,22.44,-8.142831060878152,1437.5380825940153,0,1,0
9,2000,R,RS,NYG,PHI,NFC,NFC,East,East,1,1,H,1510.0427977395502,1525.7627075357548,0.5562889707771,24,7,0,17,1.0,1,0.5864673881317618,1.446555612085087,1.0,22.44,14.403174127226825,1524.445971866777,1,0,0
9,2000,R,RS,PHI,NYG,NFC,NFC,East,East,1,1,A,1525.7627075357548,1510.0427977395502,0.4437110292228999,7,24,0,-17,0.0,1,0.5864673881317617,1.446555612085087,1.0,22.44,-14.403174127226823,1511.359533408528,0,1,0
9,2000,R,RS,JAX,DAL,AFC,NFC,Central,East,0,0,A,1479.8493183454116,1489.893374982959,0.4074725366237061,23,17,1,6,1.0,0,0.8977817433608017,0.5369762367926041,1.0,20.0,6.363463349601398,1486.212781695013,1,0,0
9,2000,R,RS,DAL,JAX,NFC,AFC,East,Central,0,0,H,1489.893374982959,1479.8493183454116,0.5925274633762939,17,23,1,-6,0.0,0,0.8977817433608017,0.5369762367926041,1.0,20.0,-6.363463349601398,1483.5299116333574,0,1,0
9,2000,R,RS,KC,SEA,AFC,AFC,West,West,1,1,A,1536.638478809178,1455.1453508177597,0.5380529506661733,24,19,0,5,1.0,1,0.6197983023508224,0.6606657759039765,1.0,22.44,6.8485220735839345,1543.487000882762,1,0,0
9,2000,R,RS,SEA,KC,AFC,AFC,West,West,1,1,H,1455.1453508177597,1536.638478809178,0.4619470493338267,19,24,0,-5,0.0,1,0.6197983023508224,0.6606657759039765,1.0,22.44,-6.8485220735839345,1448.2968287441756,0,1,0
9,2000,R,RS,OAK,SD,AFC,AFC,West,West,1,1,A,1550.8813900496818,1424.0174656697634,0.6019704244913209,15,13,0,2,1.0,1,0.5075469636321314,0.4386657551048516,1.0,22.44,3.918067629970337,1554.7994576796523,1,0,0
9,2000,R,RS,SD,OAK,AFC,AFC,West,West,1,1,H,1424.0174656697634,1550.8813900496818,0.39802957550867907,13,15,0,-2,0.0,1,0.5075469636321314,0.4386657551048516,1.0,22.44,-3.9180676299703365,1420.099398039793,0,1,0
9,2000,R,RS,TEN,WAS,AFC,NFC,Central,East,0,0,A,1573.669035683053,1547.777209762883,0.45820770585768283,27,21,0,6,1.0,0,0.7804326914313445,0.7575806998910575,1.0,20.0,8.209027707838366,1581.8780633908914,1,0,0
9,2000,R,RS,WAS,TEN,NFC,AFC,East,Central,0,0,H,1547.777209762883,1573.669035683053,0.5417922941423172,21,27,0,-6,0.0,0,0.7804326914313446,0.7575806998910575,1.0,20.0,-8.209027707838366,1539.5681820550446,0,1,0
10,2000,R,RS,MIA,DET,AFC,NFC,East,Central,0,0,A,1546.7641403061252,1505.245620669976,0.4806083216170665,23,8,0,15,1.0,0,0.7327026407712735,1.3030651071448986,1.0,20.0,13.53602346084452,1560.3001637669697,1,0,0
10,2000,R,RS,DET,MIA,NFC,AFC,Central,East,0,0,H,1505.245620669976,1546.7641403061252,0.5193916783829334,8,23,0,-15,0.0,0,0.7327026407712733,1.3030651071448986,1.0,20.0,-13.536023460844516,1491.7095972091315,0,1,0
10,2000,R,RS,BUF,NE,AFC,AFC,East,East,1,1,A,1510.4946317092056,1473.7580711590783,0.47374097994876246,16,13,1,3,1.0,0,0.7470945624527476,0.3801702680546851,1.0,22.44,4.489526654216042,1514.9841583634216,1,0,0
10,2000,R,RS,NE,BUF,AFC,AFC,East,East,1,1,H,1473.7580711590783,1510.4946317092056,0.5262590200512376,13,16,1,-3,0.0,0,0.7470945624527477,0.3801702680546851,1.0,22.44,-4.489526654216042,1469.2685445048623,0,1,0
10,2000,R,RS,CHI,IND,NFC,AFC,Central,East,0,0,H,1413.8032239461618,1559.8371892317211,0.3719095211876186,27,24,0,3,1.0,0,0.989104676906336,0.50058031262057,1.0,20.0,6.288194564758108,1420.09141851092,1,0,0
10,2000,R,RS,IND,CHI,AFC,NFC,East,Central,0,0,A,1559.8371892317211,1413.8032239461618,0.6280904788123814,24,27,0,-3,0.0,0,0.9891046769063361,0.50058031262057,1.0,20.0,-6.288194564758109,1553.548994666963,0,1,0
10,2000,R,RS,NO,SF,NFC,NFC,West,West,1,1,H,1494.4002368402016,1437.5380825940153,0.6556413740866517,31,15,0,16,1.0,1,0.4221413253687567,1.3446889902759234,1.0,22.44,10.390959876696725,1504.7911967168984,1,0,0
10,2000,R,RS,SF,NO,NFC,NFC,West,West,1,1,A,1437.5380825940153,1494.4002368402016,0.3443586259133483,15,31,0,-16,0.0,1,0.4221413253687567,1.3446889902759234,1.0,22.44,-10.390959876696725,1427.1471227173186,0,1,0
10,2000,R,RS,TB,ATL,NFC,NFC,Central,West,1,0,A,1548.3918506001125,1439.182095916817,0.5773871334682912,27,14,0,13,1.0,1,0.5492422955687978,1.1268296165366951,1.0,20.4,9.714738964482938,1558.1065895645954,1,0,0
10,2000,R,RS,ATL,TB,NFC,NFC,West,Central,1,0,H,1439.182095916817,1548.3918506001125,0.4226128665317088,14,27,0,-13,0.0,1,0.5492422955687978,1.1268296165366951,1.0,20.4,-9.714738964482938,1429.467356952334,0,1,0
10,2000,R,RS,BAL,CIN,AFC,AFC,Central,Central,1,1,A,1525.907111061634,1417.7506739156588,0.57590690985144,27,7,0,20,1.0,1,0.5518092461885815,1.5075829670541134,1.0,22.44,14.347137849800358,1540.2542489114344,1,0,0
10,2000,R,RS,CIN,BAL,AFC,AFC,Central,Central,1,1,H,1417.7506739156588,1525.907111061634,0.42409309014856006,7,27,0,-20,0.0,1,0.5518092461885815,1.5075829670541134,1.0,22.44,-14.34713784980036,1403.4035360658584,0,1,0
10,2000,R,RS,PHI,DAL,NFC,NFC,East,East,1,1,H,1511.359533408528,1483.5299116333574,0.6169932878401913,16,13,1,3,1.0,1,0.48289713383901633,0.38282019355642605,1.0,22.44,3.2902134706336925,1514.6497468791617,1,0,0
10,2000,R,RS,DAL,PHI,NFC,NFC,East,East,1,1,A,1483.5299116333574,1511.359533408528,0.3830067121598087,13,16,1,-3,0.0,1,0.48289713383901617,0.38282019355642605,1.0,22.44,-3.290213470633692,1480.2396981627237,0,1,0
10,2000,R,RS,TEN,PIT,AFC,AFC,Central,Central,1,1,H,1581.8780633908914,1525.4924134772143,0.65502181169762,9,7,0,2,1.0,1,0.423086743599618,0.4623313591240505,1.0,22.44,3.5790506259048604,1585.4571140167961,1,0,0
10,2000,R,RS,PIT,TEN,AFC,AFC,Central,Central,1,1,A,1525.4924134772143,1581.8780633908914,0.34497818830238003,7,9,0,-2,0.0,1,0.423086743599618,0.4623313591240505,1.0,22.44,-3.5790506259048604,1521.9133628513096,0,1,0
10,2000,R,RS,NYG,CLE,NFC,AFC,East,Central,0,0,A,1524.445971866777,1394.3693961932026,0.6063930402879397,24,3,0,21,1.0,1,0.5002269218175622,1.5350218382365293,1.0,20.0,12.083905576797966,1536.5298774435748,1,0,0
10,2000,R,RS,CLE,NYG,AFC,NFC,Central,East,0,0,H,1394.3693961932026,1524.445971866777,0.39360695971206033,3,24,0,-21,0.0,1,0.5002269218175625,1.5350218382365293,1.0,20.0,-12.083905576797967,1382.2854906164048,0,1,0
10,2000,R,RS,OAK,KC,AFC,AFC,West,West,1,1,H,1554.7994576796523,1543.487000882762,0.5942891294024365,49,31,0,18,1.0,1,0.5203893282080146,1.5093901117458373,1.0,22.44,13.741716908346074,1568.5411745879983,1,0,0
10,2000,R,RS,KC,OAK,AFC,AFC,West,West,1,1,A,1543.487000882762,1554.7994576796523,0.40571087059756356,31,49,0,-18,0.0,1,0.5203893282080149,1.5093901117458373,1.0,22.44,-13.741716908346076,1529.745283974416,0,1,0
10,2000,R,RS,ARI,WAS,NFC,NFC,East,East,1,1,H,1402.182557396071,1539.5681820550446,0.38361087264326177,16,15,0,1,1.0,0,0.9581265926746808,0.3641661312640862,1.0,22.44,5.0370629042800985,1407.219620300351,1,0,0
10,2000,R,RS,WAS,ARI,NFC,NFC,East,East,1,1,A,1539.5681820550446,1402.182557396071,0.6163891273567382,15,16,0,-1,0.0,0,0.9581265926746808,0.3641661312640862,1.0,22.44,-5.0370629042800985,1534.5311191507647,0,1,0
10,2000,R,RS,DEN,NYJ,AFC,AFC,West,East,1,0,A,1529.2923775789677,1537.3989780487834,0.41016803022728093,30,23,0,7,1.0,0,0.8911883734184509,0.8358557007339104,1.0,20.4,10.05749405395663,1539.3498716329243,1,0,0
10,2000,R,RS,NYJ,DEN,AFC,AFC,East,West,1,0,H,1537.3989780487834,1529.2923775789677,0.589831969772719,23,30,0,-7,0.0,0,0.8911883734184507,0.8358557007339104,1.0,20.4,-10.05749405395663,1527.3414839948268,0,1,0
10,2000,R,RS,SEA,SD,AFC,AFC,West,West,1,1,H,1448.2968287441756,1420.099398039793,0.6174935032461749,17,15,0,2,1.0,1,0.4820867315941776,0.4725272000679162,1.0,22.44,4.055911604739498,1452.3527403489152,1,0,0
10,2000,R,RS,SD,SEA,AFC,AFC,West,West,1,1,A,1420.099398039793,1448.2968287441756,0.3825064967538251,15,17,0,-2,0.0,1,0.4820867315941776,0.4725272000679162,1.0,22.44,-4.055911604739498,1416.0434864350534,0,1,0
10,2000,R,RS,CAR,STL,NFC,NFC,West,West,1,1,A,1503.6712628570922,1588.476200816746,0.3090035511926246,27,24,0,3,1.0,0,1.1744025096176645,0.5235425034011242,1.0,22.44,8.118029278983759,1511.789292136076,1,0,0
10,2000,R,RS,STL,CAR,NFC,NFC,West,West,1,1,H,1588.476200816746,1503.6712628570922,0.6909964488073753,24,27,0,-3,0.0,0,1.1744025096176642,0.5235425034011242,1.0,22.44,-8.118029278983757,1580.3581715377622,0,1,0
10,2000,R,RS,GB,MIN,NFC,NFC,Central,Central,1,1,H,1500.1215077144386,1552.2954614986197,0.5040669177387342,26,20,1,6,1.0,1,0.6850462464332223,0.5196031711123115,1.0,22.44,5.782527745423124,1505.9040354598617,1,0,0
10,2000,R,RS,MIN,GB,NFC,NFC,Central,Central,1,1,A,1552.2954614986197,1500.1215077144386,0.49593308226126576,20,26,1,-6,0.0,1,0.6850462464332223,0.5196031711123115,1.0,22.44,-5.782527745423124,1546.5129337531966,0,1,0
11,2000,R,RS,DAL,CIN,NFC,AFC,East,Central,0,0,H,1480.2396981627237,1403.4035360658584,0.6811170262140095,23,6,0,17,1.0,1,0.38402114293542017,1.3799248853377746,1.0,20.0,8.80069102075603,1489.0403891834796,1,0,0
11,2000,R,RS,CIN,DAL,AFC,NFC,Central,East,0,0,A,1403.4035360658584,1480.2396981627237,0.3188829737859905,6,23,0,-17,0.0,1,0.38402114293542017,1.3799248853377746,1.0,20.0,-8.80069102075603,1394.6028450451024,0,1,0
11,2000,R,RS,MIN,ARI,NFC,NFC,Central,East,1,0,H,1546.5129337531966,1407.219620300351,0.7536996495814882,31,14,0,17,1.0,1,0.28276133306384366,1.3178889015833979,1.0,20.4,6.621768564762235,1553.134702317959,1,0,0
11,2000,R,RS,ARI,MIN,NFC,NFC,East,Central,1,0,A,1407.219620300351,1546.5129337531966,0.2463003504185118,14,31,0,-17,0.0,1,0.28276133306384366,1.3178889015833979,1.0,20.4,-6.621768564762234,1400.5978517355886,0,1,0
11,2000,R,RS,DET,ATL,NFC,NFC,Central,West,1,0,H,1491.7095972091315,1429.467356952334,0.6625996125587367,13,10,0,3,1.0,1,0.4115843738452528,0.532544295049383,1.0,20.4,3.665485290177644,1495.3750824993092,1,0,0
11,2000,R,RS,ATL,DET,NFC,NFC,West,Central,1,0,A,1429.467356952334,1491.7095972091315,0.3374003874412634,10,13,0,-3,0.0,1,0.411584373845253,0.532544295049383,1.0,20.4,-3.6654852901776445,1425.8018716621564,0,1,0
11,2000,R,RS,PHI,PIT,NFC,AFC,East,Central,0,0,A,1514.6497468791617,1521.9133628513096,0.41134253262279064,26,23,1,3,1.0,0,0.8883289988739174,0.38908227115270494,1.0,20.0,4.580723686762479,1519.2304705659242,1,0,0
11,2000,R,RS,PIT,PHI,AFC,NFC,Central,East,0,0,H,1521.9133628513096,1514.6497468791617,0.5886574673772094,23,26,1,-3,0.0,0,0.8883289988739174,0.38908227115270494,1.0,20.0,-4.580723686762479,1517.3326391645471,0,1,0
11,2000,R,RS,BUF,CHI,AFC,NFC,East,Central,0,0,H,1514.9841583634216,1420.09141851092,0.7032561681863859,20,3,0,17,1.0,1,0.3520340606781707,1.361397964750954,1.0,20.0,8.079728973669072,1523.0638873370906,1,0,0
11,2000,R,RS,CHI,BUF,NFC,AFC,Central,East,0,0,A,1420.09141851092,1514.9841583634216,0.29674383181361413,3,20,0,-17,0.0,1,0.35203406067817083,1.361397964750954,1.0,20.0,-8.079728973669074,1412.011689537251,0,1,0
11,2000,R,RS,NO,CAR,NFC,NFC,West,West,1,1,A,1504.7911967168984,1511.789292136076,0.41171268358859253,20,10,0,10,1.0,0,0.88742954283873,1.0319741335068067,1.0,22.44,13.623263268534503,1518.4144599854328,1,0,0
11,2000,R,RS,CAR,NO,NFC,NFC,West,West,1,1,H,1511.789292136076,1504.7911967168984,0.5882873164114075,10,20,0,-10,0.0,0,0.8874295428387301,1.0319741335068067,1.0,22.44,-13.623263268534503,1498.1660288675416,0,1,0
11,2000,R,RS,SEA,JAX,AFC,AFC,West,Central,1,0,A,1452.3527403489152,1486.212781695013,0.3748373830215434,28,21,0,7,1.0,0,0.9812629923389141,0.8190889507169969,1.0,20.4,10.446101356154866,1462.7988417050701,1,0,0
11,2000,R,RS,JAX,SEA,AFC,AFC,Central,West,1,0,H,1486.212781695013,1452.3527403489152,0.6251626169784567,21,28,0,-7,0.0,0,0.9812629923389142,0.8190889507169969,1.0,20.4,-10.446101356154868,1475.7666803388581,0,1,0
11,2000,R,RS,BAL,TEN,AFC,AFC,Central,Central,1,1,A,1540.2542489114344,1585.4571140167961,0.35966600772375773,24,23,0,1,1.0,0,1.0225794344871424,0.39008472658247717,1.0,22.44,5.605164411099328,1545.8594133225338,1,0,0
11,2000,R,RS,TEN,BAL,AFC,AFC,Central,Central,1,1,H,1585.4571140167961,1540.2542489114344,0.6403339922762422,23,24,0,-1,0.0,0,1.0225794344871422,0.39008472658247717,1.0,22.44,-5.605164411099327,1579.8519496056967,0,1,0
11,2000,R,RS,CLE,NE,AFC,AFC,Central,East,1,0,H,1382.2854906164048,1469.2685445048623,0.45410225902774737,19,11,0,8,1.0,0,0.7894328661543198,0.8488618096439496,1.0,20.4,9.453191583357908,1391.7386821997627,1,0,0
11,2000,R,RS,NE,CLE,AFC,AFC,East,Central,1,0,A,1469.2685445048623,1382.2854906164048,0.5458977409722527,11,19,0,-8,0.0,0,0.7894328661543201,0.8488618096439496,1.0,20.4,-9.453191583357912,1459.8153529215044,0,1,0
11,2000,R,RS,SF,KC,NFC,AFC,West,West,0,0,H,1427.1471227173186,1529.745283974416,0.4319260915801721,21,7,0,14,1.0,0,0.839500789679773,1.1886092180119086,1.0,20.0,13.504357681197202,1440.6514803985158,1,0,0
11,2000,R,RS,KC,SF,AFC,NFC,West,West,0,0,A,1529.745283974416,1427.1471227173186,0.5680739084198279,7,21,0,-14,0.0,0,0.8395007896797729,1.1886092180119086,1.0,20.0,-13.504357681197202,1516.2409262932188,0,1,0
11,2000,R,RS,MIA,SD,AFC,AFC,East,West,1,0,A,1560.3001637669697,1416.0434864350534,0.6256975007582847,17,7,0,10,1.0,1,0.46888825029891035,0.9303807121241446,1.0,20.4,7.104174046204826,1567.4043378131746,1,0,0
11,2000,R,RS,SD,MIA,AFC,AFC,West,East,1,0,H,1416.0434864350534,1560.3001637669697,0.37430249924171527,7,17,0,-10,0.0,1,0.4688882502989102,0.9303807121241446,1.0,20.4,-7.104174046204825,1408.9393123888485,0,1,0
11,2000,R,RS,TB,GB,NFC,NFC,Central,Central,1,1,H,1558.1065895645954,1505.9040354598617,0.6495604108143843,20,15,0,5,1.0,1,0.4314594359352003,0.6755261980883142,1.0,22.44,5.312246407798736,1563.4188359723942,1,0,0
11,2000,R,RS,GB,TB,NFC,NFC,Central,Central,1,1,A,1505.9040354598617,1558.1065895645954,0.3504395891856157,15,20,0,-5,0.0,1,0.4314594359352003,0.6755261980883142,1.0,22.44,-5.312246407798736,1500.591789052063,0,1,0
11,2000,R,RS,STL,NYG,NFC,NFC,West,East,1,0,A,1580.3581715377622,1536.5298774435748,0.4839281614844689,38,24,0,14,1.0,0,0.7258188099668175,1.2425996943139248,1.0,20.4,13.081922459181854,1593.4400939969441,1,0,0
11,2000,R,RS,NYG,STL,NFC,NFC,East,West,1,0,H,1536.5298774435748,1580.3581715377622,0.5160718385155312,24,38,0,-14,0.0,0,0.7258188099668176,1.2425996943139248,1.0,20.4,-13.081922459181854,1523.447954984393,0,1,0
11,2000,R,RS,IND,NYJ,AFC,AFC,East,East,1,1,H,1553.548994666963,1527.3414839948268,0.6147842932137304,23,15,0,8,1.0,1,0.4864838154421431,0.8892862995214069,1.0,22.44,7.687204611099085,1561.236199278062,1,0,0
11,2000,R,RS,NYJ,IND,AFC,AFC,East,East,1,1,A,1527.3414839948268,1553.548994666963,0.3852157067862696,15,23,0,-8,0.0,1,0.4864838154421431,0.8892862995214069,1.0,22.44,-7.687204611099085,1519.6542793837277,0,1,0
11,2000,R,RS,DEN,OAK,AFC,AFC,West,West,1,1,H,1539.3498716329243,1568.5411745879983,0.5370735348688023,27,24,0,3,1.0,1,0.6216202574072384,0.5463038383369329,1.0,22.44,5.675042447014602,1545.024914079939,1,0,0
11,2000,R,RS,OAK,DEN,AFC,AFC,West,West,1,1,A,1568.5411745879983,1539.3498716329243,0.4629264651311977,24,27,0,-3,0.0,1,0.6216202574072384,0.5463038383369329,1.0,22.44,-5.675042447014601,1562.8661321409836,0,1,0
12,2000,R,RS,BUF,KC,AFC,AFC,East,West,1,0,A,1523.0638873370906,1516.2409262932188,0.43110864780387265,21,17,0,4,1.0,0,0.8413951375743579,0.6290035193002007,1.0,20.4,7.299827117668607,1530.3637144547592,1,0,0
12,2000,R,RS,KC,BUF,AFC,AFC,West,East,1,0,H,1516.2409262932188,1523.0638873370906,0.5688913521961274,17,21,0,-4,0.0,0,0.841395137574358,0.6290035193002007,1.0,20.4,-7.299827117668607,1508.94109917555,0,1,0
12,2000,R,RS,MIN,CAR,NFC,NFC,Central,West,1,0,H,1553.134702317959,1498.1660288675416,0.6531763169011764,31,17,0,14,1.0,1,0.42590817558358196,1.2319917523270947,1.0,20.4,8.716591908624915,1561.8512942265838,1,0,0
12,2000,R,RS,CAR,MIN,NFC,NFC,West,Central,1,0,A,1498.1660288675416,1553.134702317959,0.34682368309882367,17,31,0,-14,0.0,1,0.42590817558358196,1.2319917523270947,1.0,20.4,-8.716591908624917,1489.4494369589167,0,1,0
12,2000,R,RS,NE,CIN,AFC,AFC,East,Central,1,0,H,1459.8153529215044,1394.6028450451024,0.6664114269567214,16,13,0,3,1.0,1,0.4058480409825176,0.5313416003775202,1.0,20.4,3.615889519876766,1463.4312424413813,1,0,0
12,2000,R,RS,CIN,NE,AFC,AFC,Central,East,1,0,A,1394.6028450451024,1459.8153529215044,0.3335885730432786,13,16,0,-3,0.0,1,0.4058480409825176,0.5313416003775202,1.0,20.4,-3.615889519876766,1390.9869555252255,0,1,0
12,2000,R,RS,GB,IND,NFC,AFC,Central,East,0,0,H,1500.591789052063,1561.236199278062,0.49187775527688576,26,24,0,2,1.0,0,0.7095250582467207,0.46082907640875637,1.0,20.0,4.683150094769935,1505.2749391468328,1,0,0
12,2000,R,RS,IND,GB,AFC,NFC,East,Central,0,0,A,1561.236199278062,1500.591789052063,0.5081222447231142,24,26,0,-2,0.0,0,0.7095250582467206,0.46082907640875637,1.0,20.0,-4.683150094769935,1556.5530491832922,0,1,0
12,2000,R,RS,PHI,ARI,NFC,NFC,East,East,1,1,H,1519.2304705659242,1400.5978517355886,0.7309621687689922,34,9,0,25,1.0,1,0.3133935732815732,1.7510086370657405,1.0,22.44,10.571204985144941,1529.8016755510691,1,0,0
12,2000,R,RS,ARI,PHI,NFC,NFC,East,East,1,1,A,1400.5978517355886,1519.2304705659242,0.2690378312310077,9,34,0,-25,0.0,1,0.3133935732815732,1.7510086370657405,1.0,22.44,-10.57120498514494,1390.0266467504437,0,1,0
12,2000,R,RS,OAK,NO,AFC,NFC,West,West,0,0,A,1562.8661321409836,1518.4144599854328,0.4848243984444252,31,22,0,9,1.0,0,0.7239685186690751,0.9399568249313526,1.0,20.0,9.684856454405553,1572.550988595389,1,0,0
12,2000,R,RS,NO,OAK,NFC,AFC,West,West,0,0,H,1518.4144599854328,1562.8661321409836,0.5151756015555748,22,31,0,-9,0.0,0,0.7239685186690752,0.9399568249313526,1.0,20.0,-9.684856454405553,1508.7296035310274,0,1,0
12,2000,R,RS,DET,NYG,NFC,NFC,Central,East,1,0,A,1495.3750824993092,1523.447954984393,0.3826758665117131,31,21,0,10,1.0,0,0.9605669496528093,1.014957400525729,1.0,20.4,12.781777035264222,1508.1568595345734,1,0,0
12,2000,R,RS,NYG,DET,NFC,NFC,East,Central,1,0,H,1523.447954984393,1495.3750824993092,0.617324133488287,21,31,0,-10,0.0,0,0.9605669496528094,1.014957400525729,1.0,20.4,-12.781777035264223,1510.6661779491287,0,1,0
12,2000,R,RS,TEN,CLE,AFC,AFC,Central,Central,1,1,H,1579.8519496056967,1391.7386821997627,0.8021001631532442,24,10,0,14,1.0,1,0.22052178720166862,1.1179304712459328,1.0,22.44,4.964586506503772,1584.8165361122005,1,0,0
12,2000,R,RS,CLE,TEN,AFC,AFC,Central,Central,1,1,A,1391.7386821997627,1579.8519496056967,0.19789983684675577,10,24,0,-14,0.0,1,0.22052178720166848,1.1179304712459328,1.0,22.44,-4.96458650650377,1386.774095693259,0,1,0
12,2000,R,RS,CHI,TB,NFC,NFC,Central,Central,1,1,H,1412.011689537251,1563.4188359723942,0.36471345801378885,13,10,0,3,1.0,0,1.0086432802476126,0.4986610212094568,1.0,22.44,7.108826747070794,1419.1205162843219,1,0,0
12,2000,R,RS,TB,CHI,NFC,NFC,Central,Central,1,1,A,1563.4188359723942,1412.011689537251,0.6352865419862112,10,13,0,-3,0.0,0,1.0086432802476126,0.4986610212094568,1.0,22.44,-7.108826747070794,1556.3100092253233,0,1,0
12,2000,R,RS,DEN,SD,AFC,AFC,West,West,1,1,H,1545.024914079939,1408.9393123888485,0.7502558232037818,38,37,0,1,1.0,1,0.28734103300730135,0.36450768616819235,1.0,22.44,2.0427956000832346,1547.0677096800223,1,0,0
12,2000,R,RS,SD,DEN,AFC,AFC,West,West,1,1,A,1408.9393123888485,1545.024914079939,0.2497441767962181,37,38,0,-1,0.0,1,0.2873410330073012,0.36450768616819235,1.0,22.44,-2.0427956000832337,1406.8965167887652,0,1,0
12,2000,R,RS,NYJ,MIA,AFC,AFC,East,East,1,1,A,1519.6542793837277,1567.4043378131746,0.3562960607660894,20,3,0,17,1.0,0,1.0319932623784487,1.4108527500737307,1.0,22.44,20.37936785190868,1540.0336472356364,1,0,0
12,2000,R,RS,MIA,NYJ,AFC,AFC,East,East,1,1,H,1567.4043378131746,1519.6542793837277,0.6437039392339107,3,20,0,-17,0.0,0,1.031993262378449,1.4108527500737307,1.0,22.44,-20.379367851908682,1547.024969961266,0,1,0
12,2000,R,RS,BAL,DAL,AFC,NFC,Central,East,0,0,H,1545.8594133225338,1489.0403891834796,0.6555853170246284,27,0,0,27,1.0,1,0.4222268286039142,1.937895281428899,1.0,20.0,13.348791779856056,1559.20820510239,1,0,0
12,2000,R,RS,DAL,BAL,NFC,AFC,East,Central,0,0,A,1489.0403891834796,1545.8594133225338,0.3444146829753716,0,27,0,-27,0.0,1,0.4222268286039142,1.937895281428899,1.0,20.0,-13.348791779856056,1475.6915974036235,0,1,0
12,2000,R,RS,SF,ATL,NFC,NFC,West,West,1,1,H,1440.6514803985158,1425.8018716621564,0.5991889014975608,16,6,0,10,1.0,1,0.5121783691509979,1.025568187221769,1.0,22.44,9.22416646676146,1449.8756468652773,1,0,0
12,2000,R,RS,ATL,SF,NFC,NFC,West,West,1,1,A,1425.8018716621564,1440.6514803985158,0.4008110985024393,6,16,0,-10,0.0,1,0.5121783691509981,1.025568187221769,1.0,22.44,-9.224166466761462,1416.5777051953949,0,1,0
12,2000,R,RS,JAX,PIT,AFC,AFC,Central,Central,1,1,A,1475.7666803388581,1517.3326391645471,0.3645016668752495,34,24,0,10,1.0,0,1.0092241544979286,1.0043540645181883,1.0,22.44,14.322674092006377,1490.0893544308644,1,0,0
12,2000,R,RS,PIT,JAX,AFC,AFC,Central,Central,1,1,H,1517.3326391645471,1475.7666803388581,0.6354983331247506,24,34,0,-10,0.0,0,1.0092241544979288,1.0043540645181883,1.0,22.44,-14.322674092006377,1503.0099650725408,0,1,0
12,2000,R,RS,WAS,STL,NFC,NFC,East,West,1,0,A,1534.5311191507647,1593.4400939969441,0.34170333515454804,33,20,0,13,1.0,0,1.0738123594328202,1.170133168994967,1.0,20.4,15.714013156518298,1550.245132307283,1,0,0
12,2000,R,RS,STL,WAS,NFC,NFC,West,East,1,0,H,1593.4400939969441,1534.5311191507647,0.6582966648454519,20,33,0,-13,0.0,0,1.07381235943282,1.170133168994967,1.0,20.4,-15.714013156518297,1577.7260808404258,0,1,0
13,2000,R,RS,DET,NE,NFC,AFC,Central,East,0,0,H,1508.1568595345734,1463.4312424413813,0.6397010370776037,34,9,0,25,1.0,1,0.44675434133366887,1.8509617056332068,1.0,20.0,13.337991658974284,1521.4948511935477,1,0,0
13,2000,R,RS,NE,DET,AFC,NFC,East,Central,0,0,A,1463.4312424413813,1508.1568595345734,0.36029896292239627,9,34,0,-25,0.0,1,0.44675434133366887,1.8509617056332068,1.0,20.0,-13.337991658974284,1450.093250782407,0,1,0
13,2000,R,RS,MIN,DAL,NFC,NFC,Central,East,1,0,A,1561.8512942265838,1475.6915974036235,0.5447225659660625,27,15,0,12,1.0,1,0.6074786672037783,1.0885876151931586,1.0,20.4,10.110431273791797,1571.9617255003757,1,0,0
13,2000,R,RS,DAL,MIN,NFC,NFC,East,Central,1,0,H,1475.6915974036235,1561.8512942265838,0.4552774340339375,15,27,0,-12,0.0,1,0.6074786672037783,1.0885876151931586,1.0,20.4,-10.110431273791797,1465.5811661298317,0,1,0
13,2000,R,RS,TB,BUF,NFC,AFC,Central,East,0,0,H,1556.3100092253233,1530.3637144547592,0.6144281235370613,31,17,0,14,1.0,1,0.4870633242101691,1.2600143511723874,1.0,20.0,9.716521955035391,1566.0265311803587,1,0,0
13,2000,R,RS,BUF,TB,AFC,NFC,East,Central,0,0,A,1530.3637144547592,1556.3100092253233,0.38557187646293867,17,31,0,-14,0.0,1,0.4870633242101691,1.2600143511723874,1.0,20.0,-9.716521955035391,1520.6471924997238,0,1,0
13,2000,R,RS,BAL,CLE,AFC,AFC,Central,Central,1,1,H,1559.20820510239,1386.774095693259,0.787381930535965,44,7,0,37,1.0,1,0.23904184900103642,2.2411172826072043,1.0,22.44,10.692705554780405,1569.9009106571702,1,0,0
13,2000,R,RS,CLE,BAL,AFC,AFC,Central,Central,1,1,A,1386.774095693259,1559.20820510239,0.21261806946403508,7,44,0,-37,0.0,1,0.23904184900103642,2.2411172826072043,1.0,22.44,-10.692705554780407,1376.0813901384786,0,1,0
13,2000,R,RS,PHI,WAS,NFC,NFC,East,East,1,1,A,1529.8016755510691,1550.245132307283,0.3931029948478429,23,20,0,3,1.0,0,0.9336836280439312,0.5500655027622199,1.0,22.44,7.491214904562071,1537.292890455631,1,0,0
13,2000,R,RS,WAS,PHI,NFC,NFC,East,East,1,1,H,1550.245132307283,1529.8016755510691,0.6068970051521572,20,23,0,-3,0.0,0,0.9336836280439313,0.5500655027622199,1.0,22.44,-7.491214904562071,1542.753917402721,0,1,0
13,2000,R,RS,NYJ,CHI,AFC,NFC,East,Central,0,0,H,1540.0336472356364,1419.1205162843219,0.7335359719310578,17,10,0,7,1.0,1,0.30987864111412705,0.7670767391394991,1.0,20.0,4.087967154982003,1544.1216143906183,1,0,0
13,2000,R,RS,CHI,NYJ,NFC,AFC,Central,East,0,0,A,1419.1205162843219,1540.0336472356364,0.26646402806894226,10,17,0,-7,0.0,1,0.3098786411141272,0.7670767391394991,1.0,20.0,-4.087967154982004,1415.03254912934,0,1,0
13,2000,R,RS,PIT,CIN,AFC,AFC,Central,Central,1,1,A,1503.0099650725408,1390.9869555252255,0.5813337159130292,48,28,0,20,1.0,1,0.5424303050742634,1.503303172474814,1.0,22.44,14.123340003029591,1517.1333050755704,1,0,0
13,2000,R,RS,CIN,PIT,AFC,AFC,Central,Central,1,1,H,1390.9869555252255,1503.0099650725408,0.41866628408697076,28,48,0,-20,0.0,1,0.5424303050742634,1.503303172474814,1.0,22.44,-14.12334000302959,1376.863615522196,0,1,0
13,2000,R,RS,NO,STL,NFC,NFC,West,West,1,1,A,1508.7296035310274,1577.7260808404258,0.3287638941334262,31,24,0,7,1.0,0,1.1124154328595104,0.7972694334095494,1.0,22.44,12.008901308897704,1520.738504839925,1,0,0
13,2000,R,RS,STL,NO,NFC,NFC,West,West,1,1,H,1577.7260808404258,1508.7296035310274,0.6712361058665738,24,31,0,-7,0.0,0,1.1124154328595104,0.7972694334095494,1.0,22.44,-12.008901308897704,1565.717179531528,0,1,0
13,2000,R,RS,OAK,ATL,AFC,NFC,West,West,0,0,H,1572.550988595389,1416.5777051953949,0.7710871155240164,41,14,0,27,1.0,1,0.25995392149820784,1.8012279823955308,1.0,20.0,8.246485860980341,1580.7974744563694,1,0,0
13,2000,R,RS,ATL,OAK,NFC,AFC,West,West,0,0,A,1416.5777051953949,1572.550988595389,0.2289128844759836,14,41,0,-27,0.0,1,0.25995392149820784,1.8012279823955308,1.0,20.0,-8.246485860980343,1408.3312193344145,0,1,0
13,2000,R,RS,MIA,IND,AFC,AFC,East,East,1,1,A,1547.024969961266,1556.5530491832922,0.40818985551715725,17,14,0,3,1.0,0,0.8960228806615099,0.5548325045704614,1.0,22.44,7.368297525324884,1554.3932674865907,1,0,0
13,2000,R,RS,IND,MIA,AFC,AFC,East,East,1,1,H,1556.5530491832922,1547.024969961266,0.5918101444828427,14,17,0,-3,0.0,0,0.8960228806615099,0.5548325045704614,1.0,22.44,-7.368297525324884,1549.1847516579674,0,1,0
13,2000,R,RS,JAX,TEN,AFC,AFC,Central,Central,1,1,H,1490.0893544308644,1584.8165361122005,0.4430758597584074,16,13,0,3,1.0,0,0.8140142826074331,0.5196794772139754,1.0,22.44,6.494630713330439,1496.583985144195,1,0,0
13,2000,R,RS,TEN,JAX,AFC,AFC,Central,Central,1,1,A,1584.8165361122005,1490.0893544308644,0.5569241402415926,13,16,0,-3,0.0,0,0.8140142826074332,0.5196794772139754,1.0,22.44,-6.494630713330441,1578.32190539887,0,1,0
13,2000,R,RS,SD,KC,AFC,AFC,West,West,1,1,H,1406.8965167887652,1508.94109917555,0.4327081574583699,17,16,0,1,1.0,0,0.837691779471481,0.37368505601461766,1.0,22.44,4.757021579990698,1411.653538368756,1,0,0
13,2000,R,RS,KC,SD,AFC,AFC,West,West,1,1,A,1508.94109917555,1406.8965167887652,0.5672918425416301,16,17,0,-1,0.0,0,0.837691779471481,0.37368505601461766,1.0,22.44,-4.757021579990698,1504.1840775955593,0,1,0
13,2000,R,RS,DEN,SEA,AFC,AFC,West,West,1,1,A,1547.0677096800223,1462.7988417050701,0.5420219267024192,38,31,0,7,1.0,1,0.6124488231902641,0.7881436788146636,1.0,22.44,8.099774627456846,1555.167484307479,1,0,0
13,2000,R,RS,SEA,DEN,AFC,AFC,West,West,1,1,H,1462.7988417050701,1547.0677096800223,0.4579780732975808,31,38,0,-7,0.0,1,0.6124488231902641,0.7881436788146636,1.0,22.44,-8.099774627456846,1454.6990670776133,0,1,0
13,2000,R,RS,NYG,ARI,NFC,NFC,East,East,1,1,A,1510.6661779491287,1390.0266467504437,0.5933548101737444,31,7,0,24,1.0,1,0.5219627280971676,1.6983082042273383,1.0,22.44,15.497262865333559,1526.1634408144623,1,0,0
13,2000,R,RS,ARI,NYG,NFC,NFC,East,East,1,1,H,1390.0266467504437,1510.6661779491287,0.40664518982625564,7,31,0,-24,0.0,1,0.5219627280971676,1.6983082042273383,1.0,22.44,-15.497262865333559,1374.52938388511,0,1,0
13,2000,R,RS,CAR,GB,NFC,NFC,West,Central,1,0,H,1489.4494369589167,1505.2749391468328,0.5561389318866183,31,14,0,17,1.0,1,0.5867371384518181,1.4464349435833388,1.0,20.4,13.09712964391456,1502.5465666028313,1,0,0
13,2000,R,RS,GB,CAR,NFC,NFC,Central,West,1,0,A,1505.2749391468328,1489.4494369589167,0.4438610681133817,14,31,0,-17,0.0,1,0.5867371384518181,1.4464349435833388,1.0,20.4,-13.097129643914561,1492.1778095029183,0,1,0
14,2000,R,RS,MIN,DET,NFC,NFC,Central,Central,1,1,H,1571.9617255003757,1521.4948511935477,0.6472826723496399,24,17,0,7,1.0,1,0.4349721829074024,0.8086292660812101,1.0,22.44,6.400281907093298,1578.362007407469,1,0,0
14,2000,R,RS,DET,MIN,NFC,NFC,Central,Central,1,1,A,1521.4948511935477,1571.9617255003757,0.35271732765036007,17,24,0,-7,0.0,1,0.4349721829074024,0.8086292660812101,1.0,22.44,-6.400281907093297,1515.0945692864543,0,1,0
14,2000,R,RS,TB,DAL,NFC,NFC,Central,East,1,0,H,1566.0265311803587,1465.5811661298317,0.7098829120638548,27,7,0,20,1.0,1,0.3426552351324717,1.5161912982385366,1.0,20.4,8.973409285661388,1574.99994046602,1,0,0
14,2000,R,RS,DAL,TB,NFC,NFC,East,Central,1,0,A,1465.5811661298317,1566.0265311803587,0.29011708793614516,7,27,0,-20,0.0,1,0.3426552351324717,1.5161912982385366,1.0,20.4,-8.973409285661386,1456.6077568441704,0,1,0
14,2000,R,RS,NYG,WAS,NFC,NFC,East,East,1,1,A,1526.1634408144623,1542.753917402721,0.39840679162591575,9,7,0,2,1.0,0,0.920281706163192,0.47685740910642277,1.0,22.44,6.437456569608061,1532.6008973840703,1,0,0
14,2000,R,RS,WAS,NYG,NFC,NFC,East,East,1,1,H,1542.753917402721,1526.1634408144623,0.6015932083740844,7,9,0,-2,0.0,0,0.9202817061631924,0.47685740910642277,1.0,22.44,-6.437456569608062,1536.316460833113,0,1,0
14,2000,R,RS,PIT,OAK,AFC,AFC,Central,West,1,0,H,1517.1333050755704,1580.7974744563694,0.4875338419993448,21,20,0,1,1.0,0,0.7183955714678207,0.38460275257535,1.0,20.4,4.02075625736283,1521.1540613329332,1,0,0
14,2000,R,RS,OAK,PIT,AFC,AFC,West,Central,1,0,A,1580.7974744563694,1517.1333050755704,0.5124661580006552,20,21,0,-1,0.0,0,0.7183955714678207,0.38460275257535,1.0,20.4,-4.02075625736283,1576.7767181990066,0,1,0
14,2000,R,RS,MIA,BUF,AFC,AFC,East,East,1,1,A,1554.3932674865907,1520.6471924997238,0.4694512404414855,33,6,0,27,1.0,0,0.7561908399517808,1.9727253464720422,1.0,22.44,23.486309555077394,1577.8795770416682,1,0,0
14,2000,R,RS,BUF,MIA,AFC,AFC,East,East,1,1,H,1520.6471924997238,1554.3932674865907,0.5305487595585145,6,33,0,-27,0.0,0,0.7561908399517809,1.9727253464720422,1.0,22.44,-23.486309555077394,1497.1608829446463,0,1,0
14,2000,R,RS,CIN,ARI,AFC,NFC,Central,East,0,0,H,1376.863615522196,1374.52938388511,0.5817696855237217,24,13,0,11,1.0,1,0.5416806389129026,1.0990841028907659,1.0,20.0,9.193405799757665,1386.0570213219535,1,0,0
14,2000,R,RS,ARI,CIN,NFC,AFC,East,Central,0,0,A,1374.52938388511,1376.863615522196,0.4182303144762783,13,24,0,-11,0.0,1,0.5416806389129024,1.0990841028907659,1.0,20.0,-9.193405799757663,1365.3359780853525,0,1,0
14,2000,R,RS,DEN,NO,AFC,NFC,West,West,0,0,A,1555.167484307479,1520.738504839925,0.47043046670382727,38,23,0,15,1.0,0,0.7541071168423598,1.310257511370493,1.0,20.0,13.877449175885534,1569.0449334833645,1,0,0
14,2000,R,RS,NO,DEN,NFC,AFC,West,West,0,0,H,1520.738504839925,1555.167484307479,0.5295695332961727,23,38,0,-15,0.0,0,0.7541071168423598,1.310257511370493,1.0,20.0,-13.877449175885534,1506.8610556640397,0,1,0
14,2000,R,RS,TEN,PHI,AFC,NFC,Central,East,0,0,A,1578.32190539887,1537.292890455631,0.47990496623822776,15,13,0,2,1.0,0,0.7341671816859068,0.4678307350755404,1.0,20.0,4.866328839078157,1583.188234237948,1,0,0
14,2000,R,RS,PHI,TEN,NFC,AFC,East,Central,0,0,H,1537.292890455631,1578.32190539887,0.5200950337617724,13,15,0,-2,0.0,0,0.734167181685907,0.4678307350755404,1.0,20.0,-4.866328839078159,1532.426561616553,0,1,0
14,2000,R,RS,CAR,STL,NFC,NFC,West,West,1,1,H,1502.5465666028313,1565.717179531528,0.48824370996720357,16,3,0,13,1.0,0,0.7169405921199999,1.1663357309275066,1.0,22.44,13.393979269527863,1515.940545872359,1,0,0
14,2000,R,RS,STL,CAR,NFC,NFC,West,West,1,1,A,1565.717179531528,1502.5465666028313,0.5117562900327964,3,16,0,-13,0.0,0,0.7169405921199999,1.1663357309275066,1.0,22.44,-13.393979269527863,1552.3232002620002,0,1,0
14,2000,R,RS,SEA,ATL,AFC,NFC,West,West,0,0,A,1454.6990670776133,1408.3312193344145,0.4875798898082913,30,10,0,20,1.0,0,0.7183011254406986,1.5794386715164621,1.0,20.0,16.186722761990232,1470.8857898396036,1,0,0
14,2000,R,RS,ATL,SEA,NFC,AFC,West,West,0,0,H,1408.3312193344145,1454.6990670776133,0.5124201101917086,10,30,0,-20,0.0,0,0.7183011254406985,1.5794386715164621,1.0,20.0,-16.18672276199023,1392.1444965724243,0,1,0
14,2000,R,RS,SF,SD,NFC,AFC,West,West,0,0,A,1449.8756468652773,1411.653538368756,0.47587342458117543,45,17,0,28,1.0,0,0.7426033748577416,2.0181217195999364,1.0,20.0,21.15502451344528,1471.0306713787227,1,0,0
14,2000,R,RS,SD,SF,AFC,NFC,West,West,0,0,H,1411.653538368756,1449.8756468652773,0.5241265754188245,17,45,0,-28,0.0,0,0.7426033748577414,2.0181217195999364,1.0,20.0,-21.155024513445273,1390.4985138553106,0,1,0
14,2000,R,RS,NYJ,IND,AFC,AFC,East,East,1,1,H,1544.1216143906183,1549.1847516579674,0.571374109383109,27,17,0,10,1.0,1,0.5597111010571333,1.0335651504866001,1.0,22.44,9.941206853614476,1554.0628212442327,1,0,0
14,2000,R,RS,IND,NYJ,AFC,AFC,East,East,1,1,A,1549.1847516579674,1544.1216143906183,0.42862589061689094,17,27,0,-10,0.0,1,0.5597111010571331,1.0335651504866001,1.0,22.44,-9.941206853614474,1539.243544804353,0,1,0
14,2000,R,RS,JAX,CLE,AFC,AFC,Central,Central,1,1,H,1496.583985144195,1376.0813901384786,0.7330737969390607,48,0,0,48,1.0,1,0.3105089042108366,2.825042776813947,1.0,22.44,16.921509016228807,1513.5054941604237,1,0,0
14,2000,R,RS,CLE,JAX,AFC,AFC,Central,Central,1,1,A,1376.0813901384786,1496.583985144195,0.2669262030609393,0,48,0,-48,0.0,1,0.3105089042108366,2.825042776813947,1.0,22.44,-16.921509016228807,1359.1598811222498,0,1,0
14,2000,R,RS,GB,CHI,NFC,NFC,Central,Central,1,1,A,1492.1778095029183,1415.03254912934,0.5318265028439592,28,6,0,22,1.0,1,0.6314379653037521,1.649234063285849,1.0,22.44,17.326545117599327,1509.5043546205177,1,0,0
14,2000,R,RS,CHI,GB,NFC,NFC,Central,Central,1,1,H,1415.03254912934,1492.1778095029183,0.4681734971560409,6,28,0,-22,0.0,1,0.6314379653037523,1.649234063285849,1.0,22.44,-17.32654511759933,1397.7060040117406,0,1,0
14,2000,R,RS,NE,KC,AFC,AFC,East,West,1,0,H,1450.093250782407,1504.1840775955593,0.5013084024053521,30,24,0,6,1.0,1,0.6905337936216449,0.7411991577518955,1.0,20.4,7.540447759148043,1457.633698541555,1,0,0
14,2000,R,RS,KC,NE,AFC,AFC,West,East,1,0,A,1504.1840775955593,1450.093250782407,0.4986915975946479,24,30,0,-6,0.0,1,0.6905337936216449,0.7411991577518955,1.0,20.4,-7.540447759148043,1496.6436298364113,0,1,0
15,2000,R,RS,KC,CAR,AFC,NFC,West,West,0,0,H,1496.6436298364113,1515.940545872359,0.5512007685513556,15,14,0,1,1.0,1,0.5956561649597206,0.39804623261934813,1.0,20.0,3.5728568656118354,1500.216486702023,1,0,0
15,2000,R,RS,CAR,KC,NFC,AFC,West,West,0,0,A,1515.940545872359,1496.6436298364113,0.4487992314486445,14,15,0,-1,0.0,1,0.5956561649597206,0.39804623261934813,1.0,20.0,-3.572856865611836,1512.3676890067472,0,1,0
15,2000,R,RS,CHI,NE,NFC,AFC,Central,East,0,0,H,1397.7060040117406,1457.633698541555,0.4929089529895548,24,17,0,7,1.0,0,0.7074308015291837,0.8027890230316226,1.0,20.0,8.14174252435196,1405.8477465360925,1,0,0
15,2000,R,RS,NE,CHI,AFC,NFC,East,Central,0,0,A,1457.633698541555,1397.7060040117406,0.5070910470104452,17,24,0,-7,0.0,0,0.7074308015291836,0.8027890230316226,1.0,20.0,-8.141742524351958,1449.4919560172032,0,1,0
15,2000,R,RS,JAX,ARI,AFC,NFC,Central,East,0,0,H,1513.5054941604237,1365.3359780853525,0.7630614512808261,44,10,0,34,1.0,1,0.27041671190954675,2.142152079402956,1.0,20.0,10.151168096589938,1523.6566622570137,1,0,0
15,2000,R,RS,ARI,JAX,NFC,AFC,East,Central,0,0,A,1365.3359780853525,1513.5054941604237,0.23693854871917389,10,44,0,-34,0.0,1,0.27041671190954675,2.142152079402956,1.0,20.0,-10.15116809658994,1355.1848099887625,0,1,0
15,2000,R,RS,GB,DET,NFC,NFC,Central,Central,1,1,H,1509.5043546205177,1515.0945692864543,0.5706308801637888,26,13,0,13,1.0,1,0.5610127229082739,1.2198229874467537,1.0,22.44,11.753046996361222,1521.257401616879,1,0,0
15,2000,R,RS,DET,GB,NFC,NFC,Central,Central,1,1,A,1515.0945692864543,1509.5043546205177,0.4293691198362112,13,26,0,-13,0.0,1,0.5610127229082739,1.2198229874467537,1.0,22.44,-11.753046996361222,1503.341522290093,0,1,0
15,2000,R,RS,TB,MIA,NFC,AFC,Central,East,0,0,A,1574.99994046602,1577.8795770416682,0.4174666026370331,16,13,0,3,1.0,0,0.8735507315746452,0.5577767395769981,1.0,20.0,6.498471581516553,1581.4984120475365,1,0,0
15,2000,R,RS,MIA,TB,AFC,NFC,East,Central,0,0,H,1577.8795770416682,1574.99994046602,0.5825333973629669,13,16,0,-3,0.0,0,0.8735507315746454,0.5577767395769981,1.0,20.0,-6.498471581516553,1571.3811054601517,0,1,0
15,2000,R,RS,BAL,SD,AFC,AFC,Central,West,1,0,H,1569.9009106571702,1390.4985138553106,0.7940198509132572,24,3,0,21,1.0,1,0.23064681689732686,1.4820513011853296,1.0,20.4,6.227572218636048,1576.1284828758062,1,0,0
15,2000,R,RS,SD,BAL,AFC,AFC,West,Central,1,0,A,1390.4985138553106,1569.9009106571702,0.20598014908674286,3,24,0,-21,0.0,1,0.230646816897327,1.4820513011853296,1.0,20.4,-6.227572218636051,1384.2709416366747,0,1,0
15,2000,R,RS,TEN,CIN,AFC,AFC,Central,Central,1,1,H,1583.188234237948,1386.0570213219535,0.8102113309155126,35,3,0,32,1.0,1,0.21046016297992554,1.9796812702882398,1.0,22.44,8.431180889328612,1591.6194151272766,1,0,0
15,2000,R,RS,CIN,TEN,AFC,AFC,Central,Central,1,1,A,1386.0570213219535,1583.188234237948,0.1897886690844875,3,35,0,-32,0.0,1,0.21046016297992554,1.9796812702882398,1.0,22.44,-8.431180889328614,1377.625840432625,0,1,0
15,2000,R,RS,NYG,PIT,NFC,AFC,East,Central,0,0,H,1532.6008973840703,1521.1540613329332,0.5944756258904478,30,10,0,20,1.0,1,0.5200755630350299,1.623162746712196,1.0,20.0,13.164641138768099,1545.7655385228384,1,0,0
15,2000,R,RS,PIT,NYG,AFC,NFC,Central,East,0,0,A,1521.1540613329332,1532.6008973840703,0.4055243741095523,10,30,0,-20,0.0,1,0.5200755630350299,1.623162746712196,1.0,20.0,-13.1646411387681,1507.9894201941652,0,1,0
15,2000,R,RS,PHI,CLE,NFC,AFC,East,Central,0,0,A,1532.426561616553,1359.1598811222498,0.6639167211672012,35,24,0,11,1.0,1,0.409598557300354,0.9670855535100489,1.0,20.0,6.500425674709787,1538.9269872912628,1,0,0
15,2000,R,RS,CLE,PHI,AFC,NFC,Central,East,0,0,H,1359.1598811222498,1532.426561616553,0.3360832788327988,24,35,0,-11,0.0,1,0.409598557300354,0.9670855535100489,1.0,20.0,-6.5004256747097875,1352.65945544754,0,1,0
15,2000,R,RS,DEN,SEA,AFC,AFC,West,West,1,1,H,1569.0449334833645,1470.8857898396036,0.7071650401406192,31,24,0,7,1.0,1,0.34649120307091413,0.7800233222403085,1.0,22.44,5.125702124901029,1574.1706356082655,1,0,0
15,2000,R,RS,SEA,DEN,AFC,AFC,West,West,1,1,A,1470.8857898396036,1569.0449334833645,0.29283495985938085,24,31,0,-7,0.0,1,0.3464912030709143,0.7800233222403085,1.0,22.44,-5.1257021249010295,1465.7600877147026,0,1,0
15,2000,R,RS,DAL,WAS,NFC,NFC,East,East,1,1,H,1456.6077568441704,1536.316460833113,0.4645011436940046,32,13,0,19,1.0,0,0.7667912585267442,1.4860396001612517,1.0,22.44,17.8571350416361,1474.4648918858065,1,0,0
15,2000,R,RS,WAS,DAL,NFC,NFC,East,East,1,1,A,1536.316460833113,1456.6077568441704,0.5354988563059955,13,32,0,-19,0.0,0,0.7667912585267443,1.4860396001612517,1.0,22.44,-17.8571350416361,1518.4593257914769,0,1,0
15,2000,R,RS,STL,MIN,NFC,NFC,West,Central,1,0,H,1552.3232002620002,1578.362007407469,0.5415822415215904,40,29,0,11,1.0,1,0.6132603468404171,1.0786667598122122,1.0,20.4,10.08739196283698,1562.4105922248373,1,0,0
15,2000,R,RS,MIN,STL,NFC,NFC,Central,West,1,0,A,1578.362007407469,1552.3232002620002,0.4584177584784097,29,40,0,-11,0.0,1,0.6132603468404173,1.0786667598122122,1.0,20.4,-10.087391962836982,1568.274615444632,0,1,0
15,2000,R,RS,NO,SF,NFC,NFC,West,West,1,1,A,1506.8610556640397,1471.0306713787227,0.4724406654113268,31,27,0,4,1.0,0,0.7498431157826905,0.614813645170853,1.0,22.44,7.278429204050825,1514.1394848680904,1,0,0
15,2000,R,RS,SF,NO,NFC,NFC,West,West,1,1,H,1471.0306713787227,1506.8610556640397,0.5275593345886732,27,31,0,-4,0.0,0,0.7498431157826905,0.614813645170853,1.0,22.44,-7.278429204050825,1463.752242174672,0,1,0
15,2000,R,RS,OAK,NYJ,AFC,AFC,West,East,1,0,H,1576.7767181990066,1554.0628212442327,0.610010689644103,31,7,0,24,1.0,1,0.4942787979615975,1.8289800767027826,1.0,20.4,14.550966646867073,1591.3276848458736,1,0,0
15,2000,R,RS,NYJ,OAK,AFC,AFC,East,West,1,0,A,1554.0628212442327,1576.7767181990066,0.389989310355897,7,31,0,-24,0.0,1,0.4942787979615975,1.8289800767027826,1.0,20.4,-14.550966646867073,1539.5118545973658,0,1,0
15,2000,R,RS,IND,BUF,AFC,AFC,East,East,1,1,H,1539.243544804353,1497.1608829446463,0.6361870414418486,44,20,0,24,1.0,1,0.45226266856072367,1.8015630343051434,1.0,22.44,14.70789357598761,1553.9514383803405,1,0,0
15,2000,R,RS,BUF,IND,AFC,AFC,East,East,1,1,A,1497.1608829446463,1539.243544804353,0.3638129585581514,20,44,0,-24,0.0,1,0.4522626685607235,1.8015630343051434,1.0,22.44,-14.707893575987606,1482.4529893686588,0,1,0
16,2000,R,RS,PIT,WAS,AFC,NFC,Central,East,0,0,H,1507.9894201941652,1518.4593257914769,0.5637353450160207,24,3,0,21,1.0,1,0.5731703840401308,1.6806808894764802,1.0,20.0,14.664433367712482,1522.6538535618777,1,0,0
16,2000,R,RS,WAS,PIT,NFC,AFC,East,Central,0,0,A,1518.4593257914769,1507.9894201941652,0.43626465498397926,3,24,0,-21,0.0,1,0.5731703840401308,1.6806808894764802,1.0,20.0,-14.664433367712482,1503.7948924237644,0,1,0
16,2000,R,RS,SEA,OAK,AFC,AFC,West,West,1,1,H,1465.7600877147026,1591.3276848458736,0.39981890129930747,27,24,0,3,1.0,0,0.9167435811466421,0.5080281915836237,1.0,22.44,6.842156124308933,1472.6022438390116,1,0,0
16,2000,R,RS,OAK,SEA,AFC,AFC,West,West,1,1,A,1591.3276848458736,1465.7600877147026,0.6001810987006925,24,27,0,-3,0.0,0,0.916743581146642,0.5080281915836237,1.0,22.44,-6.842156124308931,1584.4855287215646,0,1,0
16,2000,R,RS,KC,DEN,AFC,AFC,West,West,1,1,H,1500.216486702023,1574.1706356082655,0.4727498155533782,20,7,0,13,1.0,0,0.7491889616004349,1.15683598856351,1.0,22.44,13.687098218452839,1513.9035849204759,1,0,0
16,2000,R,RS,DEN,KC,AFC,AFC,West,West,1,1,A,1574.1706356082655,1500.216486702023,0.5272501844466218,7,20,0,-13,0.0,0,0.7491889616004348,1.15683598856351,1.0,22.44,-13.687098218452839,1560.4835373898127,0,1,0
16,2000,R,RS,GB,MIN,NFC,NFC,Central,Central,1,1,A,1521.257401616879,1568.274615444632,0.35726417698314206,33,28,0,5,1.0,0,1.029279779311832,0.6782268817536954,1.0,22.44,9.782060800530502,1531.0394624174094,1,0,0
16,2000,R,RS,MIN,GB,NFC,NFC,Central,Central,1,1,H,1568.274615444632,1521.257401616879,0.6427358230168579,28,33,0,-5,0.0,0,1.029279779311832,0.6782268817536954,1.0,22.44,-9.782060800530502,1558.4925546441016,0,1,0
16,2000,R,RS,NE,BUF,AFC,AFC,East,East,1,1,A,1449.4919560172032,1482.4529893686588,0.37605087127172754,13,10,1,3,1.0,0,0.9780308488084666,0.38128904185206014,1.0,22.44,5.338587424860258,1454.8305434420633,1,0,0
16,2000,R,RS,BUF,NE,AFC,AFC,East,East,1,1,H,1482.4529893686588,1449.4919560172032,0.6239491287282725,10,13,1,-3,0.0,0,0.9780308488084666,0.38128904185206014,1.0,22.44,-5.338587424860258,1477.1144019437986,0,1,0
16,2000,R,RS,CIN,JAX,AFC,AFC,Central,Central,1,1,H,1377.625840432625,1523.6566622570137,0.37191374811036904,17,14,0,3,1.0,0,0.9890933115110198,0.5005814397839183,1.0,22.44,7.055322707069652,1384.6811631396947,1,0,0
16,2000,R,RS,JAX,CIN,AFC,AFC,Central,Central,1,1,A,1523.6566622570137,1377.625840432625,0.628086251889631,14,17,0,-3,0.0,0,0.9890933115110198,0.5005814397839183,1.0,22.44,-7.055322707069652,1516.601339549944,0,1,0
16,2000,R,RS,DET,NYJ,NFC,AFC,Central,East,0,0,A,1503.341522290093,1539.5118545973658,0.37172617120577406,10,7,0,3,1.0,0,0.9895977946720252,0.5433394793969061,1.0,20.0,6.827319501115113,1510.1688417912083,1,0,0
16,2000,R,RS,NYJ,DET,AFC,NFC,East,Central,0,0,H,1539.5118545973658,1503.341522290093,0.628273828794226,7,10,0,-3,0.0,0,0.9895977946720254,0.5433394793969061,1.0,20.0,-6.827319501115113,1532.6845350962506,0,1,0
16,2000,R,RS,NO,ATL,NFC,NFC,West,West,1,1,H,1514.1394848680904,1392.1444965724243,0.7347514667882393,23,7,0,16,1.0,1,0.3082229773758286,1.2808524561785186,1.0,22.44,7.6238606392800214,1521.7633455073706,1,0,0
16,2000,R,RS,ATL,NO,NFC,NFC,West,West,1,1,A,1392.1444965724243,1514.1394848680904,0.2652485332117607,7,23,0,-16,0.0,1,0.3082229773758286,1.2808524561785186,1.0,22.44,-7.6238606392800214,1384.5206359331441,0,1,0
16,2000,R,RS,TEN,CLE,AFC,AFC,Central,Central,1,1,A,1591.6194151272766,1352.65945544754,0.7424914920908529,24,0,0,24,1.0,1,0.2977438668344289,1.5633518858181545,1.0,22.44,9.03381467302741,1600.653229800304,1,0,0
16,2000,R,RS,CLE,TEN,AFC,AFC,Central,Central,1,1,H,1352.65945544754,1591.6194151272766,0.2575085079091471,0,24,0,-24,0.0,1,0.29774386683442877,1.5633518858181545,1.0,22.44,-9.033814673027408,1343.6256407745127,0,1,0
16,2000,R,RS,CAR,SD,NFC,AFC,West,West,0,0,H,1512.3676890067472,1384.2709416366747,0.7415402761686617,30,22,0,8,1.0,1,0.29902580172666154,0.8235371404459763,1.0,20.0,4.257023637690342,1516.6247126444375,1,0,0
16,2000,R,RS,SD,CAR,AFC,NFC,West,West,0,0,A,1384.2709416366747,1512.3676890067472,0.25845972383133825,22,30,0,-8,0.0,1,0.2990258017266614,0.8235371404459763,1.0,20.0,-4.257023637690341,1380.0139179989844,0,1,0
16,2000,R,RS,SF,CHI,NFC,NFC,West,Central,1,0,H,1463.752242174672,1405.8477465360925,0.6569948056755462,17,0,0,17,1.0,1,0.4200791666542805,1.3998990331091288,1.0,20.4,9.795521853678718,1473.5477640283507,1,0,0
16,2000,R,RS,CHI,SF,NFC,NFC,Central,West,1,0,A,1405.8477465360925,1463.752242174672,0.3430051943244538,0,17,0,-17,0.0,1,0.4200791666542807,1.3998990331091288,1.0,20.4,-9.795521853678718,1396.0522246824137,0,1,0
16,2000,R,RS,BAL,ARI,AFC,NFC,Central,East,0,0,A,1576.1284828758062,1355.1848099887625,0.7221694815999259,13,7,0,6,1.0,1,0.3254954285781436,0.6571230702320087,1.0,20.0,3.6513768651041456,1579.7798597409103,1,0,0
16,2000,R,RS,ARI,BAL,NFC,AFC,East,Central,0,0,H,1355.1848099887625,1576.1284828758062,0.27783051840007406,7,13,0,-6,0.0,1,0.32549542857814345,0.6571230702320087,1.0,20.0,-3.6513768651041447,1351.5334331236584,0,1,0
16,2000,R,RS,IND,MIA,AFC,AFC,East,East,1,1,A,1553.9514383803405,1571.3811054601517,0.3972495288667424,20,13,0,7,1.0,0,0.9231906595528182,0.8297072424985581,1.0,22.44,11.222388318791223,1565.1738266991317,1,0,0
16,2000,R,RS,MIA,IND,AFC,AFC,East,East,1,1,H,1571.3811054601517,1553.9514383803405,0.6027504711332576,13,20,0,-7,0.0,0,0.9231906595528183,0.8297072424985581,1.0,22.44,-11.222388318791223,1560.1587171413605,0,1,0
16,2000,R,RS,NYG,DAL,NFC,NFC,East,East,1,1,A,1545.7655385228384,1474.4648918858065,0.523441319004737,17,13,0,4,1.0,1,0.6473303485462171,0.5983089977636722,1.0,22.44,6.39830254223359,1552.163841065072,1,0,0
16,2000,R,RS,DAL,NYG,NFC,NFC,East,East,1,1,H,1474.4648918858065,1545.7655385228384,0.47655868099526294,13,17,0,-4,0.0,1,0.6473303485462168,0.5983089977636722,1.0,22.44,-6.39830254223359,1468.066589343573,0,1,0
16,2000,R,RS,TB,STL,NFC,NFC,Central,West,1,0,H,1581.4984120475365,1562.4105922248373,0.6050337142394663,38,35,0,3,1.0,1,0.5024710964882856,0.5506530815725664,1.0,20.4,4.436783808374699,1585.9351958559112,1,0,0
16,2000,R,RS,STL,TB,NFC,NFC,West,Central,1,0,A,1562.4105922248373,1581.4984120475365,0.3949662857605337,35,38,0,-3,0.0,1,0.5024710964882856,0.5506530815725664,1.0,20.4,-4.436783808374699,1557.9738084164626,0,1,0
17,2000,R,RS,NYG,JAX,NFC,AFC,East,Central,0,0,H,1552.163841065072,1516.601339549944,0.6274562962975094,28,25,0,3,1.0,1,0.46608125773633263,0.5435963774207487,1.0,20.0,4.050268155271653,1556.2141092203435,1,0,0
17,2000,R,RS,JAX,NYG,AFC,NFC,Central,East,0,0,A,1516.601339549944,1552.163841065072,0.3725437037024905,25,28,0,-3,0.0,1,0.46608125773633263,0.5435963774207487,1.0,20.0,-4.050268155271652,1512.5510713946724,0,1,0
17,2000,R,RS,DEN,SF,AFC,NFC,West,West,0,0,H,1560.4835373898127,1473.5477640283507,0.6936093512175237,38,9,0,29,1.0,1,0.3658463714591628,1.9946109003889232,1.0,20.0,12.22260255677523,1572.7061399465879,1,0,0
17,2000,R,RS,SF,DEN,NFC,AFC,West,West,0,0,A,1473.5477640283507,1560.4835373898127,0.3063906487824763,9,38,0,-29,0.0,1,0.3658463714591628,1.9946109003889232,1.0,20.0,-12.222602556775229,1461.3251614715755,0,1,0
17,2000,R,RS,BUF,SEA,AFC,AFC,East,West,1,0,A,1477.1144019437986,1472.6022438390116,0.42784930174529917,42,23,0,19,1.0,0,0.8489842441275873,1.5751141015578847,1.0,20.4,18.384533713958255,1495.4989356577569,1,0,0
17,2000,R,RS,SEA,BUF,AFC,AFC,West,East,1,0,H,1472.6022438390116,1477.1144019437986,0.5721506982547009,23,42,0,-19,0.0,0,0.8489842441275874,1.5751141015578847,1.0,20.4,-18.384533713958255,1454.2177101250534,0,1,0
17,2000,R,RS,WAS,ARI,NFC,NFC,East,East,1,1,H,1503.7948924237644,1351.5334331236584,0.7672937644985827,20,3,0,17,1.0,1,0.2648855463810198,1.3057010350675844,1.0,22.44,6.818276696266185,1510.6131691200305,1,0,0
17,2000,R,RS,ARI,WAS,NFC,NFC,East,East,1,1,A,1351.5334331236584,1503.7948924237644,0.23270623550141734,3,20,0,-17,0.0,1,0.2648855463810198,1.3057010350675844,1.0,22.44,-6.818276696266185,1344.7151564273922,0,1,0
17,2000,R,RS,CHI,DET,NFC,NFC,Central,Central,1,1,A,1396.0522246824137,1510.1688417912083,0.2741807405713524,23,20,0,3,1.0,0,1.2939677529372822,0.5122927981426713,1.0,22.44,8.343909616805712,1404.3961342992193,1,0,0
17,2000,R,RS,DET,CHI,NFC,NFC,Central,Central,1,1,H,1510.1688417912083,1396.0522246824137,0.7258192594286477,20,23,0,-3,0.0,0,1.2939677529372824,0.5122927981426713,1.0,22.44,-8.343909616805712,1501.8249321744026,0,1,0
17,2000,R,RS,GB,TB,NFC,NFC,Central,Central,1,1,H,1531.0394624174094,1585.9351958559112,0.5001500516393725,17,14,1,3,1.0,1,0.6928471223031819,0.374879747557363,1.0,22.44,4.204888487957362,1535.2443509053667,1,0,0
17,2000,R,RS,TB,GB,NFC,NFC,Central,Central,1,1,A,1585.9351958559112,1531.0394624174094,0.4998499483606275,14,17,1,-3,0.0,1,0.6928471223031821,0.374879747557363,1.0,22.44,-4.204888487957362,1581.7303073679539,0,1,0
17,2000,R,RS,MIA,NE,AFC,AFC,East,East,1,1,A,1560.1587171413605,1454.8305434420633,0.5719256870492713,27,24,0,3,1.0,1,0.5587462137884098,0.5156146919488639,1.0,22.44,4.952988328274311,1565.111705469635,1,0,0
17,2000,R,RS,NE,MIA,AFC,AFC,East,East,1,1,H,1454.8305434420633,1560.1587171413605,0.42807431295072873,24,27,0,-3,0.0,1,0.5587462137884098,0.5156146919488639,1.0,22.44,-4.952988328274311,1449.877555113789,0,1,0
17,2000,R,RS,STL,NO,NFC,NFC,West,West,1,1,A,1557.9738084164626,1521.7633455073706,0.47298601343160734,26,21,0,5,1.0,0,0.7486894608394378,0.6839253496085401,1.0,22.44,8.088233769277773,1566.0620421857404,1,0,0
17,2000,R,RS,NO,STL,NFC,NFC,West,West,1,1,H,1521.7633455073706,1557.9738084164626,0.5270139865683926,21,26,0,-5,0.0,0,0.7486894608394377,0.6839253496085401,1.0,22.44,-8.088233769277771,1513.6751117380927,0,1,0
17,2000,R,RS,BAL,NYJ,AFC,AFC,Central,East,1,0,H,1579.7798597409103,1532.6845350962506,0.6428390661023647,34,20,0,14,1.0,1,0.4418608720707184,1.2394699234434274,1.0,20.4,9.030880802059734,1588.81074054297,1,0,0
17,2000,R,RS,NYJ,BAL,AFC,AFC,East,Central,1,0,A,1532.6845350962506,1579.7798597409103,0.3571609338976352,20,34,0,-14,0.0,1,0.4418608720707182,1.2394699234434274,1.0,20.4,-9.030880802059732,1523.6536542941908,0,1,0
17,2000,R,RS,PHI,CIN,NFC,AFC,East,Central,0,0,H,1538.9269872912628,1384.6811631396947,0.7693271428907319,16,7,0,9,1.0,1,0.2622389865571447,0.8664641637952154,1.0,20.0,3.997395284908704,1542.9243825761714,1,0,0
17,2000,R,RS,CIN,PHI,AFC,NFC,Central,East,0,0,A,1384.6811631396947,1538.9269872912628,0.23067285710926808,7,16,0,-9,0.0,1,0.2622389865571447,0.8664641637952154,1.0,20.0,-3.9973952849087038,1380.683767854786,0,1,0
17,2000,R,RS,ATL,KC,NFC,AFC,West,West,0,0,H,1384.5206359331441,1513.9035849204759,0.39456037568315194,29,13,0,16,1.0,0,0.9299831068493929,1.2739922237789394,1.0,20.0,15.426507466946138,1399.9471434000902,1,0,0
17,2000,R,RS,KC,ATL,AFC,NFC,West,West,0,0,A,1513.9035849204759,1384.5206359331441,0.605439624316848,13,29,0,-16,0.0,0,0.9299831068493926,1.2739922237789394,1.0,20.0,-15.426507466946134,1498.4770774535298,0,1,0
17,2000,R,RS,PIT,SD,AFC,AFC,Central,West,1,0,A,1522.6538535618777,1380.0139179989844,0.6235153300934385,34,21,0,13,1.0,1,0.4723819270056227,1.099780185496156,1.0,20.4,8.446627754168464,1531.1004813160462,1,0,0
17,2000,R,RS,SD,PIT,AFC,AFC,West,Central,1,0,H,1380.0139179989844,1522.6538535618777,0.37648466990656154,21,34,0,-13,0.0,1,0.47238192700562287,1.099780185496156,1.0,20.4,-8.446627754168464,1371.567290244816,0,1,0
17,2000,R,RS,OAK,CAR,AFC,NFC,West,West,0,0,H,1584.4855287215646,1516.6247126444375,0.6697918344623659,52,9,0,43,1.0,1,0.400788309705054,2.7051133622445036,1.0,20.0,17.86501041836198,1602.3505391399267,1,0,0
17,2000,R,RS,CAR,OAK,NFC,AFC,West,West,0,0,A,1516.6247126444375,1584.4855287215646,0.33020816553763405,9,52,0,-43,0.0,1,0.400788309705054,2.7051133622445036,1.0,20.0,-17.865010418361976,1498.7597022260757,0,1,0
17,2000,R,RS,IND,MIN,AFC,NFC,East,Central,0,0,H,1565.1738266991317,1558.4925546441016,0.5878455156663299,31,10,0,21,1.0,1,0.5312910940613005,1.685747793975924,1.0,20.0,13.895770254855377,1579.069596953987,1,0,0
17,2000,R,RS,MIN,IND,NFC,AFC,Central,East,0,0,A,1558.4925546441016,1565.1738266991317,0.4121544843336701,10,31,0,-21,0.0,1,0.5312910940613005,1.685747793975924,1.0,20.0,-13.895770254855377,1544.5967843892463,0,1,0
17,2000,R,RS,TEN,DAL,AFC,NFC,Central,East,0,0,H,1600.653229800304,1468.066589343573,0.7464628529051909,31,0,0,31,1.0,1,0.29240942492196864,2.0246013735367425,1.0,20.0,10.266233125014754,1610.9194629253186,1,0,0
17,2000,R,RS,DAL,TEN,NFC,AFC,East,Central,0,0,A,1468.066589343573,1600.653229800304,0.253537147094809,0,31,0,-31,0.0,1,0.2924094249219685,2.0246013735367425,1.0,20.0,-10.26623312501475,1457.8003562185584,0,1,0
18,2000,P,WC,MIA,IND,AFC,AFC,East,East,1,1,H,1565.111705469635,1579.069596953987,0.5587911313841959,23,17,1,6,1.0,1,0.5819795225481151,0.5353134944483975,1.1,24.684000000000005,5.8299920516568005,1570.9416975212916,0,0,0
18,2000,P,WC,IND,MIA,AFC,AFC,East,East,1,1,A,1579.069596953987,1565.111705469635,0.441208868615804,17,23,1,-6,0.0,1,0.5819795225481149,0.5353134944483975,1.1,24.684000000000005,-5.829992051656799,1573.2396049023303,0,0,0
18,2000,P,WC,NO,STL,NFC,NFC,West,West,1,1,H,1513.6751117380927,1566.0620421857404,0.5037604384701706,31,28,0,3,1.0,1,0.6856544444070576,0.5365741182087747,1.1,24.684000000000005,6.572591528277607,1520.2477032663703,0,0,0
18,2000,P,WC,STL,NO,NFC,NFC,West,West,1,1,A,1566.0620421857404,1513.6751117380927,0.4962395615298294,28,31,0,-3,0.0,1,0.6856544444070576,0.5365741182087747,1.1,24.684000000000005,-6.572591528277607,1559.4894506574628,0,0,0
18,2000,P,WC,BAL,DEN,AFC,AFC,Central,West,1,0,H,1588.81074054297,1572.7061399465879,0.6009226541014615,21,3,0,18,1.0,1,0.5092890480675515,1.5036771442219772,1.1,22.44,13.465873376570748,1602.2766139195408,0,0,0
18,2000,P,WC,DEN,BAL,AFC,AFC,West,Central,1,0,A,1572.7061399465879,1588.81074054297,0.3990773458985385,3,21,0,-18,0.0,1,0.5092890480675515,1.5036771442219772,1.1,22.44,-13.465873376570748,1559.2402665700172,0,0,0
18,2000,P,WC,PHI,TB,NFC,NFC,East,Central,1,0,H,1542.9243825761714,1581.7303073679539,0.5232882852956483,21,3,0,18,1.0,1,0.6476227520658087,1.4771910289120156,1.1,22.44,15.80211938151667,1558.726501957688,0,0,0
18,2000,P,WC,TB,PHI,NFC,NFC,Central,East,1,0,A,1581.7303073679539,1542.9243825761714,0.47671171470435164,3,21,0,-18,0.0,1,0.6476227520658084,1.4771910289120156,1.1,22.44,-15.802119381516668,1565.9281879864373,0,0,0
19,2000,P,DV,MIN,NO,NFC,NFC,Central,West,1,0,H,1544.5967843892463,1520.2477032663703,0.6122476579437884,34,16,0,18,1.0,1,0.4906184084837777,1.493949011548355,1.2,24.479999999999997,14.180828944877893,1558.7776133341242,0,0,0
19,2000,P,DV,NO,MIN,NFC,NFC,West,Central,1,0,A,1520.2477032663703,1544.5967843892463,0.3877523420562116,16,34,0,-18,0.0,1,0.49061840848377786,1.493949011548355,1.2,24.479999999999997,-14.180828944877895,1506.0668743214924,0,0,0
19,2000,P,DV,OAK,MIA,AFC,AFC,West,East,1,0,H,1602.3505391399267,1570.9416975212916,0.6218503086934797,27,0,0,27,1.0,1,0.47505587647102887,1.9763235107396673,1.2,24.479999999999997,18.295033152436417,1620.645572292363,0,0,0
19,2000,P,DV,MIA,OAK,AFC,AFC,East,West,1,0,A,1570.9416975212916,1602.3505391399267,0.3781496913065203,0,27,0,-27,0.0,1,0.47505587647102887,1.9763235107396673,1.2,24.479999999999997,-18.295033152436417,1552.6466643688552,0,0,0
19,2000,P,DV,BAL,TEN,AFC,AFC,Central,Central,1,1,A,1602.2766139195408,1610.9194629253186,0.40942142474689314,24,10,0,14,1.0,0,0.8930102750604875,1.2773366519391107,1.2,26.928,20.313612349039396,1622.5902262685802,0,0,0
19,2000,P,DV,TEN,BAL,AFC,AFC,Central,Central,1,1,H,1610.9194629253186,1602.2766139195408,0.5905785752531069,10,24,0,-14,0.0,0,0.8930102750604875,1.2773366519391107,1.2,26.928,-20.313612349039396,1590.6058505762792,0,0,0
19,2000,P,DV,NYG,PHI,NFC,NFC,East,East,1,1,H,1556.2141092203435,1558.726501957688,0.5749662962461027,20,10,0,10,1.0,1,0.5534438551268952,1.0356700084259656,1.2,26.928,11.853561792311726,1568.0676710126552,0,0,0
19,2000,P,DV,PHI,NYG,NFC,NFC,East,East,1,1,A,1558.726501957688,1556.2141092203435,0.42503370375389726,10,20,0,-10,0.0,1,0.5534438551268952,1.0356700084259656,1.2,26.928,-11.853561792311726,1546.8729401653763,0,0,0
20,2000,P,CC,NYG,MIN,NFC,NFC,East,Central,1,0,H,1568.0676710126552,1558.7776133341242,0.5914791115935927,41,0,0,41,1.0,1,0.5251289104838066,2.7320278127676545,1.35,27.54,30.737130420797453,1598.8048014334527,0,0,0
20,2000,P,CC,MIN,NYG,NFC,NFC,Central,East,1,0,A,1558.7776133341242,1568.0676710126552,0.40852088840640743,0,41,0,-41,0.0,1,0.5251289104838068,2.7320278127676545,1.35,27.54,-30.737130420797463,1528.0404829133267,0,0,0
20,2000,P,CC,BAL,OAK,AFC,AFC,Central,West,1,0,A,1622.5902262685802,1620.645572292363,0.42423522525945534,16,3,0,13,1.0,0,0.8574672010264811,1.2233750124642562,1.35,27.54,19.39852160759306,1641.9887478761732,0,0,0
20,2000,P,CC,OAK,BAL,AFC,AFC,West,Central,1,0,H,1620.645572292363,1622.5902262685802,0.5757647747405447,3,16,0,-13,0.0,0,0.8574672010264811,1.2233750124642562,1.35,27.54,-19.39852160759306,1601.24705068477,0,0,0
21,2000,P,SB,BAL,NYG,AFC,NFC,Central,East,0,0,N,1641.9887478761732,1598.8048014334527,0.5618286283592254,34,7,0,27,1.0,1,0.5765584073347344,1.958328068892992,1.5,30.0,25.74249888208415,1667.7312467582574,0,0,0
21,2000,P,SB,NYG,BAL,NFC,AFC,East,Central,0,0,N,1598.8048014334527,1641.9887478761732,0.43817137164077463,7,34,0,-27,0.0,1,0.5765584073347346,1.958328068892992,1.5,30.0,-25.742498882084153,1573.0623025513685,0,0,0
