Week,Season,Type,Round,Team,Opponent,Conf,OppConf,Div,OppDiv,ConfG,DivG,HomeAway,PreGmRate,OppPreGmRate,ExpectedWin%,PointsFor,PointsAgainst,OT,MOV,Result,Accuracy,Test,MOVMult,POMult,Keff,RatingChange,PostGmRate,W,L,T
1,2004,R,RS,NE,IND,AFC,AFC,East,South,1,0,H,1538.5285336403576,1527.1544589197938,0.5943746484112894,27,24,0,3,1.0,1,0.5202454372094049,0.5540205183988681,1.0,20.4,4.584385258283172,1543.1129188986408,1,0,0
1,2004,R,RS,IND,NE,AFC,AFC,South,East,1,0,A,1527.1544589197938,1538.5285336403576,0.4056253515887105,24,27,0,-3,0.0,1,0.5202454372094046,0.5540205183988681,1.0,20.4,-4.584385258283171,1522.5700736615106,0,1,0
1,2004,R,RS,TEN,MIA,AFC,AFC,South,East,1,0,A,1528.05635192392,1517.5845307747556,0.43626736689358336,17,7,0,10,1.0,0,0.8294999967596918,1.0291301230020933,1.0,20.4,11.83514637460165,1539.8914982985216,1,0,0
1,2004,R,RS,MIA,TEN,AFC,AFC,East,South,1,0,H,1517.5845307747556,1528.05635192392,0.5637326331064167,7,17,0,-10,0.0,0,0.8294999967596921,1.0291301230020933,1.0,20.4,-11.835146374601651,1505.749384400154,0,1,0
1,2004,R,RS,JAX,BUF,AFC,AFC,South,East,1,0,A,1486.0601530685738,1490.5842182956003,0.41516637461211064,13,10,0,3,1.0,0,0.8790759364116618,0.5570456064907094,1.0,20.4,6.645891631627287,1492.7060447002011,1,0,0
1,2004,R,RS,BUF,JAX,AFC,AFC,East,South,1,0,H,1490.5842182956003,1486.0601530685738,0.5848336253878894,10,13,0,-3,0.0,0,0.8790759364116619,0.5570456064907094,1.0,20.4,-6.645891631627287,1483.938326663973,0,1,0
1,2004,R,RS,STL,ARI,NFC,NFC,West,West,1,1,H,1518.6756444570824,1456.985649523822,0.661888548580744,17,10,0,7,1.0,1,0.41265809283673827,0.8017104485020956,1.0,22.44,6.082754326621429,1524.7583987837038,1,0,0
1,2004,R,RS,ARI,STL,NFC,NFC,West,West,1,1,A,1456.985649523822,1518.6756444570824,0.33811145141925597,10,17,0,-7,0.0,1,0.41265809283673827,0.8017104485020956,1.0,22.44,-6.082754326621428,1450.9028951972007,0,1,0
1,2004,R,RS,PIT,OAK,AFC,AFC,North,West,1,0,H,1494.3848357116542,1481.7985484513524,0.5960558979000968,24,21,0,3,1.0,1,0.5174208278916652,0.5534886017873448,1.0,20.4,4.561000507939005,1498.9458362195933,1,0,0
1,2004,R,RS,OAK,PIT,AFC,AFC,West,North,1,0,A,1481.7985484513524,1494.3848357116542,0.40394410209990317,21,24,0,-3,0.0,1,0.5174208278916652,0.5534886017873448,1.0,20.4,-4.561000507939005,1477.2375479434133,0,1,0
1,2004,R,RS,DET,CHI,NFC,NFC,North,North,1,1,A,1473.731706579149,1487.0695641518898,0.4029028582392386,20,16,0,4,1.0,0,0.9090597926446016,0.625759816263858,1.0,22.44,8.384468084834305,1482.1161746639832,1,0,0
1,2004,R,RS,CHI,DET,NFC,NFC,North,North,1,1,H,1487.0695641518898,1473.731706579149,0.5970971417607615,16,20,0,-4,0.0,0,0.9090597926446017,0.625759816263858,1.0,22.44,-8.384468084834307,1478.6850960670556,0,1,0
1,2004,R,RS,SD,HOU,AFC,AFC,West,South,1,0,A,1473.204365354249,1470.7731267788834,0.424919542945664,27,20,0,7,1.0,0,0.8558554386953404,0.8396433606445655,1.0,20.4,9.850394747083152,1483.054760101332,1,0,0
1,2004,R,RS,HOU,SD,AFC,AFC,South,West,1,0,H,1470.7731267788834,1473.204365354249,0.5750804570543361,20,27,0,-7,0.0,0,0.8558554386953406,0.8396433606445655,1.0,20.4,-9.850394747083154,1460.9227320318003,0,1,0
1,2004,R,RS,SEA,NO,NFC,NFC,West,South,1,0,A,1509.7951937622524,1503.342811043632,0.43058554410099564,21,7,0,14,1.0,0,0.8426092661411988,1.2795635273160901,1.0,20.4,14.863480181776007,1524.6586739440284,1,0,0
1,2004,R,RS,NO,SEA,NFC,NFC,South,West,1,0,H,1503.342811043632,1509.7951937622524,0.5694144558990044,7,21,0,-14,0.0,0,0.8426092661411989,1.2795635273160901,1.0,20.4,-14.863480181776007,1488.4793308618562,0,1,0
1,2004,R,RS,WAS,TB,NFC,NFC,East,South,1,0,H,1478.7128212805503,1514.9546336397245,0.5269690025570359,16,10,0,6,1.0,1,0.6406135508480121,0.75148468443348,1.0,20.4,7.251701216749875,1485.9645224973,1,0,0
1,2004,R,RS,TB,WAS,NFC,NFC,South,East,1,0,A,1514.9546336397245,1478.7128212805503,0.47303099744296395,10,16,0,-6,0.0,1,0.6406135508480119,0.75148468443348,1.0,20.4,-7.251701216749873,1507.7029324229748,0,1,0
1,2004,R,RS,NYJ,CIN,AFC,AFC,East,North,1,0,H,1496.7629372902616,1486.6703182926185,0.5925949551860539,31,24,0,7,1.0,1,0.5232441568960295,0.8345383174850758,1.0,20.4,6.935900460932834,1503.6988377511943,1,0,0
1,2004,R,RS,CIN,NYJ,AFC,AFC,North,East,1,0,A,1486.6703182926185,1496.7629372902616,0.4074050448139462,24,31,0,-7,0.0,1,0.5232441568960295,0.8345383174850758,1.0,20.4,-6.935900460932835,1479.7344178316857,0,1,0
1,2004,R,RS,CLE,BAL,AFC,AFC,North,North,1,1,H,1484.1288066541638,1517.1953506053853,0.531522915179491,20,3,0,17,1.0,1,0.6320089679630304,1.426998659948799,1.0,22.44,15.001502905415352,1499.1303095595792,1,0,0
1,2004,R,RS,BAL,CLE,AFC,AFC,North,North,1,1,A,1517.1953506053853,1484.1288066541638,0.4684770848205089,3,20,0,-17,0.0,1,0.6320089679630302,1.426998659948799,1.0,22.44,-15.00150290541535,1502.1938476999699,0,1,0
1,2004,R,RS,MIN,DAL,NFC,NFC,North,East,1,0,H,1508.2474072678915,1499.2140597328453,0.5911219941694766,35,17,0,18,1.0,1,0.525732862963186,1.512122418233311,1.0,20.4,12.61278141835284,1520.8601886862443,1,0,0
1,2004,R,RS,DAL,MIN,NFC,NFC,East,North,1,0,A,1499.2140597328453,1508.2474072678915,0.4088780058305233,17,35,0,-18,0.0,1,0.5257328629631858,1.512122418233311,1.0,20.4,-12.61278141835284,1486.6012783144924,0,1,0
1,2004,R,RS,ATL,SF,NFC,NFC,South,West,1,0,A,1482.159488702446,1502.9187497886783,0.39266937353808967,21,19,0,2,1.0,0,0.9347873099019752,0.47529305633269014,1.0,20.4,5.888664604972786,1488.0481533074187,1,0,0
1,2004,R,RS,SF,ATL,NFC,NFC,West,South,1,0,H,1502.9187497886783,1482.159488702446,0.6073306264619104,19,21,0,-2,0.0,0,0.9347873099019753,0.47529305633269014,1.0,20.4,-5.888664604972787,1497.0300851837055,0,1,0
1,2004,R,RS,PHI,NYG,NFC,NFC,East,East,1,1,H,1524.9063676646615,1470.1151724530803,0.6529448398642308,31,17,0,14,1.0,1,0.426262625150791,1.2321593283555552,1.0,22.44,9.595955557661515,1534.502323222323,1,0,0
1,2004,R,RS,NYG,PHI,NFC,NFC,East,East,1,1,A,1470.1151724530803,1524.9063676646615,0.3470551601357692,17,31,0,-14,0.0,1,0.426262625150791,1.2321593283555552,1.0,22.44,-9.595955557661515,1460.5192168954188,0,1,0
1,2004,R,RS,DEN,KC,AFC,AFC,West,West,1,1,H,1512.8441907069764,1521.9680935440147,0.5656399738435911,34,24,0,10,1.0,1,0.569797491784711,1.0302318281918919,1.0,22.44,10.041709794982955,1522.8859005019594,1,0,0
1,2004,R,RS,KC,DEN,AFC,AFC,West,West,1,1,A,1521.9680935440147,1512.8441907069764,0.43436002615640895,24,34,0,-10,0.0,1,0.569797491784711,1.0302318281918919,1.0,22.44,-10.041709794982957,1511.9263837490316,0,1,0
1,2004,R,RS,GB,CAR,NFC,NFC,North,South,1,0,A,1527.943900832205,1513.5284158322443,0.44185839426759554,24,14,0,10,1.0,0,0.8167658231956513,1.0259203052546864,1.0,20.4,11.681219653177914,1539.625120485383,1,0,0
1,2004,R,RS,CAR,GB,NFC,NFC,South,North,1,0,H,1513.5284158322443,1527.943900832205,0.5581416057324045,14,24,0,-10,0.0,0,0.8167658231956513,1.0259203052546864,1.0,20.4,-11.681219653177914,1501.8471961790663,0,1,0
2,2004,R,RS,CAR,KC,NFC,AFC,South,West,0,0,A,1501.8471961790663,1511.9263837490316,0.4074237114189118,28,17,0,11,1.0,0,0.8979015750693659,1.0923286878125809,1.0,20.0,12.945761594692584,1514.7929577737589,1,0,0
2,2004,R,RS,KC,CAR,AFC,NFC,West,South,0,0,H,1511.9263837490316,1501.8471961790663,0.5925762885810881,17,28,0,-11,0.0,0,0.8979015750693657,1.0923286878125809,1.0,20.0,-12.945761594692584,1498.980622154339,0,1,0
2,2004,R,RS,CHI,GB,NFC,NFC,North,North,1,1,A,1478.6850960670556,1539.625120485383,0.33907827580180494,21,10,0,11,1.0,0,1.0815242961852458,1.0499493644714752,1.0,22.44,15.57188668580671,1494.2569827528623,1,0,0
2,2004,R,RS,GB,CHI,NFC,NFC,North,North,1,1,H,1539.625120485383,1478.6850960670556,0.6609217241981951,10,21,0,-11,0.0,0,1.0815242961852458,1.0499493644714752,1.0,22.44,-15.57188668580671,1524.0532337995762,0,1,0
2,2004,R,RS,IND,TEN,AFC,AFC,South,South,1,1,A,1522.5700736615106,1539.8914982985216,0.3973987334016481,31,17,0,14,1.0,0,0.9228151360822624,1.2685894923591527,1.0,22.44,17.15433956690884,1539.7244132284195,1,0,0
2,2004,R,RS,TEN,IND,AFC,AFC,South,South,1,1,H,1539.8914982985216,1522.5700736615106,0.6026012665983519,17,31,0,-14,0.0,0,0.9228151360822624,1.2685894923591527,1.0,22.44,-17.15433956690884,1522.7371587316127,0,1,0
2,2004,R,RS,JAX,DEN,AFC,AFC,South,West,1,0,H,1492.7060447002011,1522.8859005019594,0.5356584196197262,7,6,0,1,1.0,1,0.6242585978873944,0.3946624009225971,1.0,20.4,3.738466524405868,1496.444511224607,1,0,0
2,2004,R,RS,DEN,JAX,AFC,AFC,West,South,1,0,A,1522.8859005019594,1492.7060447002011,0.4643415803802739,6,7,0,-1,0.0,1,0.6242585978873946,0.3946624009225971,1.0,20.4,-3.7384665244058684,1519.1474339775536,0,1,0
2,2004,R,RS,BAL,PIT,AFC,AFC,North,North,1,1,H,1502.1938476999699,1498.9458362195933,0.5830489964461476,30,13,0,17,1.0,1,0.5394840542313274,1.4609512419499249,1.0,22.44,13.66921574048258,1515.8630634404524,1,0,0
2,2004,R,RS,PIT,BAL,AFC,AFC,North,North,1,1,A,1498.9458362195933,1502.1938476999699,0.4169510035538524,13,30,0,-17,0.0,1,0.5394840542313274,1.4609512419499249,1.0,22.44,-13.66921574048258,1485.2766204791108,0,1,0
2,2004,R,RS,ATL,STL,NFC,NFC,South,West,1,0,H,1488.0481533074187,1524.7583987837038,0.5262967858842759,34,17,0,17,1.0,1,0.6418899936441376,1.4229576901875034,1.0,20.4,13.750816480407144,1501.7989697878259,1,0,0
2,2004,R,RS,STL,ATL,NFC,NFC,West,South,1,0,A,1524.7583987837038,1488.0481533074187,0.47370321411572414,17,34,0,-17,0.0,1,0.6418899936441376,1.4229576901875034,1.0,20.4,-13.750816480407144,1511.0075823032967,0,1,0
2,2004,R,RS,NO,SF,NFC,NFC,South,West,1,0,H,1488.4793308618562,1497.0300851837055,0.5664504091931668,30,27,0,3,1.0,1,0.5683657412811071,0.5552633585668395,1.0,20.4,4.910977718692295,1493.3903085805484,1,0,0
2,2004,R,RS,SF,NO,NFC,NFC,West,South,1,0,A,1497.0300851837055,1488.4793308618562,0.43354959080683314,27,30,0,-3,0.0,1,0.5683657412811071,0.5552633585668395,1.0,20.4,-4.910977718692295,1492.1191074650133,0,1,0
2,2004,R,RS,DET,HOU,NFC,AFC,North,South,0,0,H,1482.1161746639832,1460.9227320318003,0.6079265116043343,28,16,0,12,1.0,1,0.49770127339304354,1.1442215237280644,1.0,20.0,8.972378486109324,1491.0885531500926,1,0,0
2,2004,R,RS,HOU,DET,AFC,NFC,South,North,0,0,A,1460.9227320318003,1482.1161746639832,0.3920734883956657,16,28,0,-12,0.0,1,0.49770127339304354,1.1442215237280644,1.0,20.0,-8.972378486109324,1451.9503535456909,0,1,0
2,2004,R,RS,NYG,WAS,NFC,NFC,East,East,1,1,H,1460.5192168954188,1485.9645224973,0.5424303302340191,20,14,0,6,1.0,1,0.6116956253462923,0.7578459211230137,1.0,22.44,7.781458388417738,1468.3006752838367,1,0,0
2,2004,R,RS,WAS,NYG,NFC,NFC,East,East,1,1,A,1485.9645224973,1460.5192168954188,0.45756966976598096,14,20,0,-6,0.0,1,0.6116956253462925,0.7578459211230137,1.0,22.44,-7.781458388417739,1478.1830641088823,0,1,0
2,2004,R,RS,SEA,TB,NFC,NFC,West,South,1,0,A,1524.6586739440284,1507.7029324229748,0.44546768966801537,10,6,0,4,1.0,0,0.8086305606991312,0.6239729137537182,1.0,20.4,7.0586680855479615,1531.7173420295762,1,0,0
2,2004,R,RS,TB,SEA,NFC,NFC,South,West,1,0,H,1507.7029324229748,1524.6586739440284,0.5545323103319847,6,10,0,-4,0.0,0,0.8086305606991313,0.6239729137537182,1.0,20.4,-7.058668085547963,1500.6442643374269,0,1,0
2,2004,R,RS,OAK,BUF,AFC,AFC,West,East,1,0,H,1477.2375479434133,1483.938326663973,0.569063840273924,13,10,0,3,1.0,1,0.5637626538314862,0.5560807557412765,1.0,20.4,4.888560229685083,1482.1261081730984,1,0,0
2,2004,R,RS,BUF,OAK,AFC,AFC,East,West,1,0,A,1483.938326663973,1477.2375479434133,0.430936159726076,10,13,0,-3,0.0,1,0.5637626538314862,0.5560807557412765,1.0,20.4,-4.888560229685083,1479.049766434288,0,1,0
2,2004,R,RS,DAL,CLE,NFC,AFC,East,North,0,0,H,1486.6012783144924,1499.1303095595792,0.5608180055145718,19,12,0,7,1.0,1,0.5783588369394886,0.8329278361992105,1.0,20.0,7.316138167288027,1493.9174164817805,1,0,0
2,2004,R,RS,CLE,DAL,AFC,NFC,North,East,0,0,A,1499.1303095595792,1486.6012783144924,0.43918199448542816,12,19,0,-7,0.0,1,0.5783588369394886,0.8329278361992105,1.0,20.0,-7.316138167288027,1491.8141713922912,0,1,0
2,2004,R,RS,NYJ,SD,AFC,AFC,East,West,1,0,A,1503.6988377511943,1483.054760101332,0.450718375667348,34,28,0,6,1.0,0,0.796912578722505,0.7607095011638929,1.0,20.4,8.524012509069523,1512.2228502602638,1,0,0
2,2004,R,RS,SD,NYJ,AFC,AFC,West,East,1,0,H,1483.054760101332,1503.6988377511943,0.549281624332652,28,34,0,-6,0.0,0,0.7969125787225051,0.7607095011638929,1.0,20.4,-8.524012509069525,1474.5307475922625,0,1,0
2,2004,R,RS,NE,ARI,AFC,NFC,East,West,0,0,A,1543.1129188986408,1450.9028951972007,0.5533457222953648,23,12,0,11,1.0,1,0.5917722968598849,1.0254882776858272,1.0,20.0,9.16077451928667,1552.2736934179275,1,0,0
2,2004,R,RS,ARI,NE,NFC,AFC,West,East,0,0,H,1450.9028951972007,1543.1129188986408,0.44665427770463517,12,23,0,-11,0.0,1,0.5917722968598849,1.0254882776858272,1.0,20.0,-9.16077451928667,1441.742120677914,0,1,0
2,2004,R,RS,CIN,MIA,AFC,AFC,North,East,1,0,H,1479.7344178316857,1505.749384400154,0.5416163133805401,16,13,0,3,1.0,1,0.6131974371202985,0.5476637320727552,1.0,20.4,5.1212184589197465,1484.8556362906054,1,0,0
2,2004,R,RS,MIA,CIN,AFC,AFC,East,North,1,0,A,1505.749384400154,1479.7344178316857,0.4583836866194599,13,16,0,-3,0.0,1,0.6131974371202985,0.5476637320727552,1.0,20.4,-5.121218458919746,1500.6281659412343,0,1,0
2,2004,R,RS,PHI,MIN,NFC,NFC,East,North,1,0,H,1534.502323222323,1520.8601886862443,0.5975184463069931,27,16,0,11,1.0,1,0.5149701231726933,1.0892487737468242,1.0,20.4,8.943411791842815,1543.4457350141658,1,0,0
2,2004,R,RS,MIN,PHI,NFC,NFC,North,East,1,0,A,1520.8601886862443,1534.502323222323,0.40248155369300687,16,27,0,-11,0.0,1,0.5149701231726933,1.0892487737468242,1.0,20.4,-8.943411791842815,1511.9167768944014,0,1,0
3,2004,R,RS,MIN,CHI,NFC,NFC,North,North,1,1,H,1511.9167768944014,1494.2569827528623,0.603067621461681,27,22,0,5,1.0,1,0.5057259468148675,0.6939337703859085,1.0,22.44,6.180980908693563,1518.097757803095,1,0,0
3,2004,R,RS,CHI,MIN,NFC,NFC,North,North,1,1,A,1494.2569827528623,1511.9167768944014,0.39693237853831903,22,27,0,-5,0.0,1,0.5057259468148675,0.6939337703859085,1.0,22.44,-6.180980908693564,1488.0760018441688,0,1,0
3,2004,R,RS,HOU,KC,AFC,AFC,South,West,1,0,A,1451.9503535456909,1498.980622154339,0.35724692088494203,24,21,0,3,1.0,0,1.0293280811457848,0.5387901390468135,1.0,20.4,7.064704025731059,1459.015057571422,1,0,0
3,2004,R,RS,KC,HOU,AFC,AFC,West,South,1,0,H,1498.980622154339,1451.9503535456909,0.642753079115058,21,24,0,-3,0.0,0,1.0293280811457848,0.5387901390468135,1.0,20.4,-7.064704025731059,1491.915918128608,0,1,0
3,2004,R,RS,BAL,CIN,AFC,AFC,North,North,1,1,A,1515.8630634404524,1484.8556362906054,0.4655266929759476,23,9,0,14,1.0,0,0.7645858413183887,1.255036160339202,1.0,22.44,15.052377859030322,1530.9154412994826,1,0,0
3,2004,R,RS,CIN,BAL,AFC,AFC,North,North,1,1,H,1484.8556362906054,1515.8630634404524,0.5344733070240524,9,23,0,-14,0.0,0,0.7645858413183887,1.255036160339202,1.0,22.44,-15.052377859030322,1469.8032584315752,0,1,0
3,2004,R,RS,NYG,CLE,NFC,AFC,East,North,0,0,H,1468.3006752838367,1491.8141713922912,0.5451890770481579,27,10,0,17,1.0,1,0.6066226141217238,1.4377030509990014,1.0,20.0,13.077661031110702,1481.3783363149473,1,0,0
3,2004,R,RS,CLE,NYG,AFC,NFC,North,East,0,0,A,1491.8141713922912,1468.3006752838367,0.45481092295184217,10,27,0,-17,0.0,1,0.606622614121724,1.4377030509990014,1.0,20.0,-13.077661031110704,1478.7365103611805,0,1,0
3,2004,R,RS,JAX,TEN,AFC,AFC,South,South,1,1,A,1496.444511224607,1522.7371587316127,0.3850996486722198,15,12,0,3,1.0,0,0.954253150464417,0.5475445777554269,1.0,22.44,7.555219326468478,1503.9997305510753,1,0,0
3,2004,R,RS,TEN,JAX,AFC,AFC,South,South,1,1,H,1522.7371587316127,1496.444511224607,0.6149003513277802,12,15,0,-3,0.0,0,0.954253150464417,0.5475445777554269,1.0,22.44,-7.555219326468478,1515.1819394051442,0,1,0
3,2004,R,RS,NO,STL,NFC,NFC,South,West,1,0,A,1493.3903085805484,1511.0075823032967,0.39699097167170244,28,25,1,3,1.0,0,0.9238417399346379,0.3859043208708263,1.0,20.4,4.747157306942574,1498.137465887491,1,0,0
3,2004,R,RS,STL,NO,NFC,NFC,West,South,1,0,H,1511.0075823032967,1493.3903085805484,0.6030090283282975,25,28,1,-3,0.0,0,0.9238417399346378,0.3859043208708263,1.0,20.4,-4.747157306942573,1506.260424996354,0,1,0
3,2004,R,RS,PHI,DET,NFC,NFC,East,North,1,0,A,1543.4457350141658,1491.0885531500926,0.49619675232590965,30,13,0,17,1.0,0,0.700782752836727,1.4058618206588307,1.0,20.4,14.448866120990141,1557.8946011351559,1,0,0
3,2004,R,RS,DET,PHI,NFC,NFC,North,East,1,0,H,1491.0885531500926,1543.4457350141658,0.5038032476740903,13,30,0,-17,0.0,0,0.700782752836727,1.4058618206588307,1.0,20.4,-14.448866120990141,1476.6396870291026,0,1,0
3,2004,R,RS,ATL,ARI,NFC,NFC,South,West,1,0,H,1501.7989697878259,1441.742120677914,0.6597814557068082,6,3,0,3,1.0,1,0.41584662651351073,0.5334326668696717,1.0,20.4,3.7022671821770294,1505.501236970003,1,0,0
3,2004,R,RS,ARI,ATL,NFC,NFC,West,South,1,0,A,1441.742120677914,1501.7989697878259,0.3402185442931919,3,6,0,-3,0.0,1,0.41584662651351106,0.5334326668696717,1.0,20.4,-3.7022671821770317,1438.039853495737,0,1,0
3,2004,R,RS,DEN,SD,AFC,AFC,West,West,1,1,H,1519.1474339775536,1474.5307475922625,0.6395564983850403,23,13,0,10,1.0,1,0.4469803141173684,1.0019873326071553,1.0,22.44,8.104426422257694,1527.2518603998114,1,0,0
3,2004,R,RS,SD,DEN,AFC,AFC,West,West,1,1,A,1474.5307475922625,1519.1474339775536,0.3604435016149598,13,23,0,-10,0.0,1,0.44698031411736855,1.0019873326071553,1.0,22.44,-8.104426422257696,1466.4263211700047,0,1,0
3,2004,R,RS,IND,GB,AFC,NFC,South,North,0,0,H,1539.7244132284195,1524.0532337995762,0.600324172766457,45,31,0,14,1.0,1,0.5102854817248762,1.2702435426092678,1.0,20.0,10.153712773608506,1549.878126002028,1,0,0
3,2004,R,RS,GB,IND,NFC,AFC,North,South,0,0,A,1524.0532337995762,1539.7244132284195,0.399675827233543,31,45,0,-14,0.0,1,0.5102854817248762,1.2702435426092678,1.0,20.0,-10.153712773608506,1513.8995210259677,0,1,0
3,2004,R,RS,SEA,SF,NFC,NFC,West,West,1,1,H,1531.7173420295762,1492.1191074650133,0.6328705090203524,34,0,0,34,1.0,1,0.4574894448731139,2.322499873171229,1.0,22.44,19.133649923572857,1550.850991953149,1,0,0
3,2004,R,RS,SF,SEA,NFC,NFC,West,West,1,1,A,1492.1191074650133,1531.7173420295762,0.3671294909796476,0,34,0,-34,0.0,1,0.4574894448731139,2.322499873171229,1.0,22.44,-19.133649923572854,1472.9854575414404,0,1,0
3,2004,R,RS,OAK,TB,AFC,NFC,West,South,0,0,H,1482.1261081730984,1500.6442643374269,0.5523094857456459,30,20,0,10,1.0,1,0.5936467272348938,1.022602249748067,1.0,20.0,9.15618654134743,1491.2822947144457,1,0,0
3,2004,R,RS,TB,OAK,NFC,AFC,South,West,0,0,A,1500.6442643374269,1482.1261081730984,0.4476905142543542,20,30,0,-10,0.0,1,0.5936467272348938,1.022602249748067,1.0,20.0,-9.156186541347433,1491.4880777960796,0,1,0
3,2004,R,RS,PIT,MIA,AFC,AFC,North,East,1,0,A,1485.2766204791108,1500.6281659412343,0.40011737977407014,13,3,0,10,1.0,0,0.9159973254868439,1.025161367204211,1.0,20.4,12.54552033710232,1497.822140816213,1,0,0
3,2004,R,RS,MIA,PIT,AFC,AFC,East,North,1,0,H,1500.6281659412343,1485.2766204791108,0.5998826202259299,3,13,0,-10,0.0,0,0.9159973254868439,1.025161367204211,1.0,20.4,-12.54552033710232,1488.082645604132,0,1,0
3,2004,R,RS,DAL,WAS,NFC,NFC,East,East,1,1,A,1493.9174164817805,1478.1830641088823,0.44373155043860846,21,18,0,3,1.0,0,0.8125355155332125,0.5521119952709459,1.0,22.44,6.891828531840731,1500.8092450136212,1,0,0
3,2004,R,RS,WAS,DAL,NFC,NFC,East,East,1,1,H,1478.1830641088823,1493.9174164817805,0.5562684495613915,18,21,0,-3,0.0,0,0.8125355155332125,0.5521119952709459,1.0,22.44,-6.891828531840731,1471.2912355770416,0,1,0
4,2004,R,RS,PIT,CIN,AFC,AFC,North,North,1,1,H,1497.822140816213,1469.8032584315752,0.6172507108484243,28,17,0,11,1.0,1,0.48247999911972383,1.0769955471471586,1.0,22.44,9.250200645219314,1507.0723414614324,1,0,0
4,2004,R,RS,CIN,PIT,AFC,AFC,North,North,1,1,A,1469.8032584315752,1497.822140816213,0.38274928915157563,17,28,0,-11,0.0,1,0.48247999911972367,1.0769955471471586,1.0,22.44,-9.250200645219314,1460.5530577863558,0,1,0
4,2004,R,RS,NE,BUF,AFC,AFC,East,East,1,1,A,1552.2736934179275,1479.049766434288,0.5262023135393578,31,17,0,14,1.0,1,0.6420695136935581,1.21499514175277,1.0,22.44,12.917852749292702,1565.1915461672202,1,0,0
4,2004,R,RS,BUF,NE,AFC,AFC,East,East,1,1,H,1479.049766434288,1552.2736934179275,0.4737976864606422,17,31,0,-14,0.0,1,0.6420695136935579,1.21499514175277,1.0,22.44,-12.917852749292702,1466.1319136849952,0,1,0
4,2004,R,RS,CLE,WAS,AFC,NFC,North,East,0,0,H,1478.7365103611805,1471.2912355770416,0.5889106524756474,17,13,0,4,1.0,1,0.5294808004269193,0.6286922234207009,1.0,20.0,5.168973518393008,1483.9054838795735,1,0,0
4,2004,R,RS,WAS,CLE,NFC,AFC,East,North,0,0,A,1471.2912355770416,1478.7365103611805,0.41108934752435256,13,17,0,-4,0.0,1,0.5294808004269193,0.6286922234207009,1.0,20.0,-5.168973518393008,1466.1222620586486,0,1,0
4,2004,R,RS,IND,JAX,AFC,AFC,South,South,1,1,A,1549.878126002028,1503.9997305510753,0.4868759710641199,24,17,0,7,1.0,0,0.7197458678756835,0.8114924809497351,1.0,22.44,9.343932776235706,1559.2220587782638,1,0,0
4,2004,R,RS,JAX,IND,AFC,AFC,South,South,1,1,H,1503.9997305510753,1549.878126002028,0.51312402893588,17,24,0,-7,0.0,0,0.7197458678756834,0.8114924809497351,1.0,22.44,-9.343932776235706,1494.6557977748396,0,1,0
4,2004,R,RS,NYG,GB,NFC,NFC,East,North,1,0,A,1481.3783363149473,1513.8995210259677,0.37664515086789363,14,7,0,7,1.0,0,0.9764517791650236,0.8199440186016129,1.0,20.4,10.426768032248502,1491.8051043471958,1,0,0
4,2004,R,RS,GB,NYG,NFC,NFC,North,East,1,0,H,1513.8995210259677,1481.3783363149473,0.6233548491321064,7,14,0,-7,0.0,0,0.9764517791650236,0.8199440186016129,1.0,20.4,-10.426768032248502,1503.4727529937193,0,1,0
4,2004,R,RS,HOU,OAK,AFC,AFC,South,West,1,0,H,1459.015057571422,1491.2822947144457,0.5326684698018926,30,17,0,13,1.0,1,0.6298560562198201,1.194445090927547,1.0,20.4,11.387317782448076,1470.40237535387,1,0,0
4,2004,R,RS,OAK,HOU,AFC,AFC,West,South,1,0,A,1491.2822947144457,1459.015057571422,0.46733153019810736,17,30,0,-13,0.0,1,0.6298560562198201,1.194445090927547,1.0,20.4,-11.387317782448076,1479.8949769319977,0,1,0
4,2004,R,RS,PHI,CHI,NFC,NFC,East,North,1,0,A,1557.8946011351559,1488.0760018441688,0.5213127565914919,19,9,0,10,1.0,1,0.6514051167775897,0.9828544021403914,1.0,20.4,9.597789234423026,1567.492390369579,1,0,0
4,2004,R,RS,CHI,PHI,NFC,NFC,North,East,1,0,H,1488.0760018441688,1557.8946011351559,0.478687243408508,9,19,0,-10,0.0,1,0.6514051167775896,0.9828544021403914,1.0,20.4,-9.597789234423024,1478.4782126097457,0,1,0
4,2004,R,RS,ATL,CAR,NFC,NFC,South,South,1,1,A,1505.501236970003,1514.7929577737589,0.4085185750958108,27,10,0,17,1.0,0,0.8952178942451025,1.4539397095971673,1.0,22.44,19.29791375117016,1524.7991507211732,1,0,0
4,2004,R,RS,CAR,ATL,NFC,NFC,South,South,1,1,H,1514.7929577737589,1505.501236970003,0.5914814249041892,10,27,0,-17,0.0,0,0.8952178942451025,1.4539397095971673,1.0,22.44,-19.29791375117016,1495.4950440225887,0,1,0
4,2004,R,RS,ARI,NO,NFC,NFC,West,South,1,0,H,1438.039853495737,1498.137465887491,0.49266447242783895,34,10,0,24,1.0,0,0.7079269199520741,1.776790018434882,1.0,20.4,18.389145508307255,1456.4289990040443,1,0,0
4,2004,R,RS,NO,ARI,NFC,NFC,South,West,1,0,A,1498.137465887491,1438.039853495737,0.507335527572161,10,34,0,-24,0.0,0,0.7079269199520741,1.776790018434882,1.0,20.4,-18.389145508307255,1479.7483203791837,0,1,0
4,2004,R,RS,DEN,TB,AFC,NFC,West,South,0,0,A,1527.2518603998114,1491.4880777960796,0.47234511008890867,16,13,0,3,1.0,0,0.7500453951252078,0.5435112796196683,1.0,20.0,5.735727688263049,1532.9875880880745,1,0,0
4,2004,R,RS,TB,DEN,NFC,AFC,South,West,0,0,H,1491.4880777960796,1527.2518603998114,0.5276548899110913,13,16,0,-3,0.0,0,0.7500453951252078,0.5435112796196683,1.0,20.0,-5.735727688263049,1485.7523501078165,0,1,0
4,2004,R,RS,NYJ,MIA,AFC,AFC,East,East,1,1,A,1512.2228502602638,1488.082645604132,0.45570560697816426,17,9,0,8,1.0,0,0.7859082766884465,0.8907291759884022,1.0,22.44,10.879336030536079,1523.1021862907999,1,0,0
4,2004,R,RS,MIA,NYJ,AFC,AFC,East,East,1,1,H,1488.082645604132,1512.2228502602638,0.5442943930218357,9,17,0,-8,0.0,0,0.7859082766884463,0.8907291759884022,1.0,22.44,-10.879336030536077,1477.203309573596,0,1,0
4,2004,R,RS,SD,TEN,AFC,AFC,West,South,1,0,H,1466.4263211700047,1515.1819394051442,0.5089854202579208,38,17,0,21,1.0,1,0.6753359067359237,1.6311364912333186,1.0,20.4,16.33860069439591,1482.7649218644005,1,0,0
4,2004,R,RS,TEN,SD,AFC,AFC,South,West,1,0,A,1515.1819394051442,1466.4263211700047,0.4910145797420792,17,38,0,-21,0.0,1,0.6753359067359237,1.6311364912333186,1.0,20.4,-16.33860069439591,1498.8433387107484,0,1,0
4,2004,R,RS,STL,SF,NFC,NFC,West,West,1,1,A,1506.260424996354,1472.9854575414404,0.4687758494005062,24,14,0,10,1.0,0,0.7576305578302209,1.0108430018802554,1.0,22.44,12.049925786020031,1518.3103507823741,1,0,0
4,2004,R,RS,SF,STL,NFC,NFC,West,West,1,1,H,1472.9854575414404,1506.260424996354,0.5312241505994938,14,24,0,-10,0.0,0,0.7576305578302209,1.0108430018802554,1.0,22.44,-12.049925786020031,1460.9355317554202,0,1,0
4,2004,R,RS,KC,BAL,AFC,AFC,West,North,1,0,A,1491.915918128608,1530.9154412994826,0.3679306262354327,27,24,0,3,1.0,0,0.9998608742491025,0.5421469179852755,1.0,20.4,6.990559043962603,1498.9064771725705,1,0,0
4,2004,R,RS,BAL,KC,AFC,AFC,North,West,1,0,H,1530.9154412994826,1491.915918128608,0.6320693737645674,24,27,0,-3,0.0,0,0.9998608742491029,0.5421469179852755,1.0,20.4,-6.990559043962604,1523.92488225552,0,1,0
5,2004,R,RS,IND,OAK,AFC,AFC,South,West,1,0,H,1559.2220587782638,1479.8949769319977,0.6842232638103865,35,14,0,21,1.0,1,0.37947100553992846,1.593624105780927,1.0,20.4,10.265880144266488,1569.4879389225302,1,0,0
5,2004,R,RS,OAK,IND,AFC,AFC,West,South,1,0,A,1479.8949769319977,1559.2220587782638,0.3157767361896135,14,35,0,-21,0.0,1,0.37947100553992846,1.593624105780927,1.0,20.4,-10.265880144266486,1469.6290967877312,0,1,0
5,2004,R,RS,PIT,CLE,AFC,AFC,North,North,1,1,H,1507.0723414614324,1483.9054838795735,0.6106308178637939,34,23,0,11,1.0,1,0.49326272851085673,1.0810999652571034,1.0,22.44,9.446050888235105,1516.5183923496675,1,0,0
5,2004,R,RS,CLE,PIT,AFC,AFC,North,North,1,1,A,1483.9054838795735,1507.0723414614324,0.38936918213620614,23,34,0,-11,0.0,1,0.4932627285108569,1.0810999652571034,1.0,22.44,-9.446050888235105,1474.4594329913384,0,1,0
5,2004,R,RS,MIN,HOU,NFC,AFC,North,South,0,0,A,1518.097757803095,1470.40237535387,0.4894893589315587,34,28,1,6,1.0,0,0.714392555896361,0.5213964115747255,1.0,20.0,5.323568326475959,1523.4213261295708,1,0,0
5,2004,R,RS,HOU,MIN,AFC,NFC,South,North,0,0,H,1470.40237535387,1518.097757803095,0.5105106410684412,28,34,1,-6,0.0,0,0.7143925558963609,0.5213964115747255,1.0,20.0,-5.323568326475959,1465.078807027394,0,1,0
5,2004,R,RS,NE,MIA,AFC,AFC,East,East,1,1,H,1565.1915461672202,1477.203309573596,0.6948953561396546,24,10,0,14,1.0,1,0.3639940114591822,1.2015880250406419,1.0,22.44,8.226730339868007,1573.4182765070882,1,0,0
5,2004,R,RS,MIA,NE,AFC,AFC,East,East,1,1,A,1477.203309573596,1565.1915461672202,0.3051046438603454,10,24,0,-14,0.0,1,0.3639940114591822,1.2015880250406419,1.0,22.44,-8.226730339868007,1468.976579233728,0,1,0
5,2004,R,RS,NYG,DAL,NFC,NFC,East,East,1,1,A,1491.8051043471958,1500.8092450136212,0.4089186425101881,26,10,0,16,1.0,0,0.8942390607941579,1.395804107278728,1.0,22.44,18.513758169512517,1510.3188625167084,1,0,0
5,2004,R,RS,DAL,NYG,NFC,NFC,East,East,1,1,H,1500.8092450136212,1491.8051043471958,0.5910813574898119,10,26,0,-16,0.0,0,0.894239060794158,1.395804107278728,1.0,22.44,-18.513758169512517,1482.2954868441086,0,1,0
5,2004,R,RS,TB,NO,NFC,NFC,South,South,1,1,A,1485.7523501078165,1479.7483203791837,0.4299528618340959,20,17,0,3,1.0,0,0.8440796999452769,0.5563892330206657,1.0,22.44,7.117251939370052,1492.8696020471866,1,0,0
5,2004,R,RS,NO,TB,NFC,NFC,South,South,1,1,H,1479.7483203791837,1485.7523501078165,0.5700471381659041,17,20,0,-3,0.0,0,0.844079699945277,0.5563892330206657,1.0,22.44,-7.117251939370053,1472.6310684398136,0,1,0
5,2004,R,RS,DET,ATL,NFC,NFC,North,South,1,0,A,1476.6396870291026,1524.7991507211732,0.35575573080829004,17,10,0,7,1.0,0,1.0335109330532675,0.8100665623488448,1.0,20.4,10.646367105324273,1487.2860541344269,1,0,0
5,2004,R,RS,ATL,DET,NFC,NFC,South,North,1,0,H,1524.7991507211732,1476.6396870291026,0.64424426919171,10,17,0,-7,0.0,0,1.0335109330532675,0.8100665623488448,1.0,20.4,-10.646367105324273,1514.1527836158489,0,1,0
5,2004,R,RS,SD,JAX,AFC,AFC,West,South,1,0,H,1482.7649218644005,1494.6557977748396,0.5617225940325006,34,21,0,13,1.0,1,0.5767471558758359,1.2137323725062075,1.0,20.4,10.851810105520306,1493.616731969921,1,0,0
5,2004,R,RS,JAX,SD,AFC,AFC,South,West,1,0,A,1494.6557977748396,1482.7649218644005,0.4382774059674994,21,34,0,-13,0.0,1,0.5767471558758359,1.2137323725062075,1.0,20.4,-10.851810105520306,1483.8039876693192,0,1,0
5,2004,R,RS,NYJ,BUF,AFC,AFC,East,East,1,1,H,1523.1021862907999,1466.1319136849952,0.6557818786346251,16,14,0,2,1.0,1,0.4219270474104858,0.46212455304016975,1.0,22.44,3.5695677246677096,1526.6717540154675,1,0,0
5,2004,R,RS,BUF,NYJ,AFC,AFC,East,East,1,1,A,1466.1319136849952,1523.1021862907999,0.3442181213653749,14,16,0,-2,0.0,1,0.4219270474104858,0.46212455304016975,1.0,22.44,-3.5695677246677096,1462.5623459603275,0,1,0
5,2004,R,RS,DEN,CAR,AFC,NFC,West,South,0,0,H,1532.9875880880745,1495.4950440225887,0.6300496650542866,20,17,0,3,1.0,1,0.46195662928424686,0.5427814879338321,1.0,20.0,4.0160438652690775,1537.0036319533435,1,0,0
5,2004,R,RS,CAR,DEN,NFC,AFC,South,West,0,0,A,1495.4950440225887,1532.9875880880745,0.3699503349457134,17,20,0,-3,0.0,1,0.46195662928424686,0.5427814879338321,1.0,20.0,-4.0160438652690775,1491.4790001573197,0,1,0
5,2004,R,RS,SF,ARI,NFC,NFC,West,West,1,1,H,1460.9355317554202,1456.4289990040443,0.5848091202491236,31,28,1,3,1.0,1,0.5364697751669396,0.3899373740742833,1.0,22.44,3.6330010247837077,1464.568532780204,1,0,0
5,2004,R,RS,ARI,SF,NFC,NFC,West,West,1,1,A,1456.4289990040443,1460.9355317554202,0.41519087975087643,28,31,1,-3,0.0,1,0.5364697751669396,0.3899373740742833,1.0,22.44,-3.6330010247837077,1452.7959979792606,0,1,0
5,2004,R,RS,STL,SEA,NFC,NFC,West,West,1,1,A,1518.3103507823741,1550.850991953149,0.37661885537961504,33,27,1,6,1.0,0,0.9765215966209784,0.5275573295739511,1.0,22.44,7.3798269116426125,1525.6901776940167,1,0,0
5,2004,R,RS,SEA,STL,NFC,NFC,West,West,1,1,H,1550.850991953149,1518.3103507823741,0.6233811446203851,27,33,1,-6,0.0,0,0.9765215966209787,0.5275573295739511,1.0,22.44,-7.379826911642614,1543.4711650415065,0,1,0
5,2004,R,RS,BAL,WAS,AFC,NFC,North,East,0,0,A,1523.92488225552,1466.1222620586486,0.5040332071994484,17,10,0,7,1.0,1,0.6851131257807483,0.8040934907863638,1.0,20.0,7.976073394742254,1531.9009556502624,1,0,0
5,2004,R,RS,WAS,BAL,NFC,AFC,East,North,0,0,H,1466.1222620586486,1523.92488225552,0.4959667928005516,10,17,0,-7,0.0,1,0.6851131257807483,0.8040934907863638,1.0,20.0,-7.976073394742255,1458.1461886639063,0,1,0
5,2004,R,RS,TEN,GB,AFC,NFC,South,North,0,0,A,1498.8433387107484,1503.4727529937193,0.4150191370912612,48,27,0,21,1.0,0,0.8794306463417138,1.688504715401027,1.0,20.0,19.75485890881534,1518.5981976195637,1,0,0
5,2004,R,RS,GB,TEN,NFC,AFC,North,South,0,0,H,1503.4727529937193,1498.8433387107484,0.5849808629087387,27,48,0,-21,0.0,0,0.8794306463417135,1.688504715401027,1.0,20.0,-19.75485890881534,1483.717894084904,0,1,0
6,2004,R,RS,BUF,MIA,AFC,AFC,East,East,1,1,H,1462.5623459603275,1468.976579233728,0.5694682984013822,20,13,0,7,1.0,1,0.5630521633135057,0.8369815832107216,1.0,22.44,8.0861890412808,1470.6485350016083,1,0,0
6,2004,R,RS,MIA,BUF,AFC,AFC,East,East,1,1,A,1468.976579233728,1462.5623459603275,0.43053170159861787,13,20,0,-7,0.0,1,0.5630521633135059,0.8369815832107216,1.0,22.44,-8.086189041280802,1460.8903901924473,0,1,0
6,2004,R,RS,NE,SEA,AFC,NFC,East,West,0,0,H,1573.4182765070882,1543.4711650415065,0.6198696235151172,30,20,0,10,1.0,1,0.47824610770895426,1.013471188551367,1.0,20.0,7.705023689212256,1581.1233001963005,1,0,0
6,2004,R,RS,SEA,NE,NFC,AFC,West,East,0,0,A,1543.4711650415065,1573.4182765070882,0.3801303764848828,20,30,0,-10,0.0,1,0.47824610770895426,1.013471188551367,1.0,20.0,-7.705023689212256,1535.7661413522942,0,1,0
6,2004,R,RS,ATL,SD,NFC,AFC,South,West,0,0,H,1514.1527836158489,1493.616731969921,0.6070241618696257,21,20,0,1,1.0,1,0.4991866833283189,0.3976580238309252,1.0,20.0,3.1253999040845235,1517.2781835199335,1,0,0
6,2004,R,RS,SD,ATL,AFC,NFC,West,South,0,0,A,1493.616731969921,1514.1527836158489,0.3929758381303742,20,21,0,-1,0.0,1,0.49918668332831867,0.3976580238309252,1.0,20.0,-3.1253999040845226,1490.4913320658363,0,1,0
6,2004,R,RS,HOU,TEN,AFC,AFC,South,South,1,1,A,1465.078807027394,1518.5981976195637,0.3487160304238695,20,10,0,10,1.0,0,1.0534973543931447,0.9951440152728513,1.0,22.44,14.543842972079714,1479.6226499994739,1,0,0
6,2004,R,RS,TEN,HOU,AFC,AFC,South,South,1,1,H,1518.5981976195637,1465.078807027394,0.6512839695761304,10,20,0,-10,0.0,0,1.0534973543931447,0.9951440152728513,1.0,22.44,-14.54384297207971,1504.054354647484,0,1,0
6,2004,R,RS,JAX,KC,AFC,AFC,South,West,1,0,H,1483.8039876693192,1498.9064771725705,0.5571660724454902,22,16,0,6,1.0,1,0.5848919282959145,0.7640416728967296,1.0,20.4,6.9022089264132065,1490.7061965957323,1,0,0
6,2004,R,RS,KC,JAX,AFC,AFC,West,South,1,0,A,1498.9064771725705,1483.8039876693192,0.44283392755450984,16,22,0,-6,0.0,1,0.5848919282959147,0.7640416728967296,1.0,20.4,-6.902208926413207,1492.0042682461574,0,1,0
6,2004,R,RS,WAS,CHI,NFC,NFC,East,North,1,0,A,1458.1461886639063,1478.4782126097457,0.39325604011142934,13,10,0,3,1.0,0,0.933294377692082,0.5501137541986219,1.0,20.4,6.809075231277448,1464.9552638951836,1,0,0
6,2004,R,RS,CHI,WAS,NFC,NFC,North,East,1,0,H,1478.4782126097457,1458.1461886639063,0.6067439598885707,10,13,0,-3,0.0,0,0.933294377692082,0.5501137541986219,1.0,20.4,-6.809075231277448,1471.6691373784683,0,1,0
6,2004,R,RS,CLE,CIN,AFC,AFC,North,North,1,1,H,1474.4594329913384,1460.5530577863558,0.5978841995247952,34,17,0,17,1.0,1,0.5143581900629737,1.4486312236114687,1.0,22.44,13.071692791463223,1487.5311257828016,1,0,0
6,2004,R,RS,CIN,CLE,AFC,AFC,North,North,1,1,A,1460.5530577863558,1474.4594329913384,0.4021158004752048,17,34,0,-17,0.0,1,0.5143581900629737,1.4486312236114687,1.0,22.44,-13.071692791463223,1447.4813649948926,0,1,0
6,2004,R,RS,GB,DET,NFC,NFC,North,North,1,1,A,1483.717894084904,1487.2860541344269,0.41650305230643847,38,10,0,28,1.0,0,0.8758614889352537,2.073911175857362,1.0,22.44,27.155111669803535,1510.8730057547075,1,0,0
6,2004,R,RS,DET,GB,NFC,NFC,North,North,1,1,H,1487.2860541344269,1483.717894084904,0.5834969476935615,10,38,0,-28,0.0,0,0.8758614889352537,2.073911175857362,1.0,22.44,-27.155111669803535,1460.1309424646233,0,1,0
6,2004,R,RS,NYJ,SF,AFC,NFC,East,West,0,0,H,1526.6717540154675,1464.568532780204,0.6624206825550051,22,14,0,8,1.0,1,0.4118544527345786,0.8649577534903081,1.0,20.0,5.839836960840287,1532.5115909763078,1,0,0
6,2004,R,RS,SF,NYJ,NFC,AFC,West,East,0,0,A,1464.568532780204,1526.6717540154675,0.3375793174449949,14,22,0,-8,0.0,1,0.4118544527345786,0.8649577534903081,1.0,20.0,-5.839836960840287,1458.7286958193636,0,1,0
6,2004,R,RS,PHI,CAR,NFC,NFC,East,South,1,0,H,1567.492390369579,1491.4790001573197,0.6800874462069907,30,8,0,22,1.0,1,0.38553389171669517,1.6506418309894357,1.0,20.4,10.772445288407743,1578.2648356579866,1,0,0
6,2004,R,RS,CAR,PHI,NFC,NFC,South,East,1,0,A,1491.4790001573197,1567.492390369579,0.31991255379300937,8,30,0,-22,0.0,1,0.38553389171669533,1.6506418309894357,1.0,20.4,-10.772445288407747,1480.706554868912,0,1,0
6,2004,R,RS,PIT,DAL,AFC,NFC,North,East,0,0,A,1516.5183923496675,1482.2954868441086,0.4701349500462883,24,20,0,4,1.0,0,0.7547354977332585,0.6155832155342852,1.0,20.0,6.523520624994809,1523.0419129746622,1,0,0
6,2004,R,RS,DAL,PIT,NFC,AFC,East,North,0,0,H,1482.2954868441086,1516.5183923496675,0.5298650499537116,20,24,0,-4,0.0,0,0.7547354977332583,0.6155832155342852,1.0,20.0,-6.523520624994809,1475.771966219114,0,1,0
6,2004,R,RS,DEN,OAK,AFC,AFC,West,West,1,1,A,1537.0036319533435,1469.6290967877312,0.517800861142761,31,3,0,28,1.0,1,0.6581645485862043,1.9734623278556283,1.0,22.44,21.35394517872814,1558.3575771320716,1,0,0
6,2004,R,RS,OAK,DEN,AFC,AFC,West,West,1,1,H,1469.6290967877312,1537.0036319533435,0.482199138857239,3,31,0,-28,0.0,1,0.6581645485862043,1.9734623278556283,1.0,22.44,-21.35394517872814,1448.2751516090032,0,1,0
6,2004,R,RS,MIN,NO,NFC,NFC,North,South,1,0,A,1523.4213261295708,1472.6310684398136,0.4939419902799658,38,31,0,7,1.0,0,0.7053371972725555,0.8084282365408556,1.0,20.4,8.345876321460985,1531.7672024510318,1,0,0
6,2004,R,RS,NO,MIN,NFC,NFC,South,North,1,0,H,1472.6310684398136,1523.4213261295708,0.5060580097200342,31,38,0,-7,0.0,0,0.7053371972725556,0.8084282365408556,1.0,20.4,-8.345876321460985,1464.2851921183526,0,1,0
6,2004,R,RS,STL,TB,NFC,NFC,West,South,1,0,H,1525.6901776940167,1492.8696020471866,0.6237593967440471,28,21,0,7,1.0,1,0.4719905671095674,0.8197526560590244,1.0,20.4,6.291854370260865,1531.9820320642775,1,0,0
6,2004,R,RS,TB,STL,NFC,NFC,South,West,1,0,A,1492.8696020471866,1525.6901776940167,0.3762406032559529,21,28,0,-7,0.0,1,0.4719905671095674,0.8197526560590244,1.0,20.4,-6.291854370260865,1486.5777476769258,0,1,0
7,2004,R,RS,JAX,IND,AFC,AFC,South,South,1,1,A,1490.7061965957323,1569.4879389225302,0.3164553950331906,27,24,0,3,1.0,0,1.1505729792943913,0.5259156537987043,1.0,22.44,8.066883967518875,1498.7730805632511,1,0,0
7,2004,R,RS,IND,JAX,AFC,AFC,South,South,1,1,H,1569.4879389225302,1490.7061965957323,0.6835446049668095,24,27,0,-3,0.0,0,1.1505729792943915,0.5259156537987043,1.0,22.44,-8.066883967518875,1561.4210549550114,0,1,0
7,2004,R,RS,MIN,TEN,NFC,AFC,North,South,0,0,H,1531.7672024510318,1504.054354647484,0.6168344248573892,20,3,0,17,1.0,1,0.483154646264852,1.432977872916436,1.0,20.0,10.981355816853226,1542.748558267885,1,0,0
7,2004,R,RS,TEN,MIN,AFC,NFC,South,North,0,0,A,1504.054354647484,1531.7672024510318,0.38316557514261085,3,20,0,-17,0.0,1,0.483154646264852,1.432977872916436,1.0,20.0,-10.981355816853226,1493.0729988306307,0,1,0
7,2004,R,RS,KC,ATL,AFC,NFC,West,South,0,0,H,1492.0042682461574,1517.2781835199335,0.5426751942606783,56,10,0,46,1.0,1,0.6112443069716492,2.9403710421932185,1.0,20.0,26.89409231345081,1518.8983605596081,1,0,0
7,2004,R,RS,ATL,KC,NFC,AFC,South,West,0,0,A,1517.2781835199335,1492.0042682461574,0.4573248057393217,10,56,0,-46,0.0,1,0.6112443069716494,2.9403710421932185,1.0,20.0,-26.894092313450813,1490.3840912064827,0,1,0
7,2004,R,RS,BAL,BUF,AFC,AFC,North,East,1,0,H,1531.9009556502624,1470.6485350016083,0.6613246134653865,20,6,0,14,1.0,1,0.41351046517654905,1.2260878358881022,1.0,20.4,8.471013743593732,1540.371969393856,1,0,0
7,2004,R,RS,BUF,BAL,AFC,AFC,East,North,1,0,A,1470.6485350016083,1531.9009556502624,0.3386753865346134,6,20,0,-14,0.0,1,0.4135104651765489,1.2260878358881022,1.0,20.4,-8.471013743593728,1462.1775212580146,0,1,0
7,2004,R,RS,SD,CAR,AFC,NFC,West,South,0,0,A,1490.4913320658363,1480.706554868912,0.43529494192183815,17,6,0,11,1.0,0,0.8317314502436621,1.092583963874241,1.0,20.0,12.339753815497431,1502.8310858813338,1,0,0
7,2004,R,RS,CAR,SD,NFC,AFC,South,West,0,0,H,1480.706554868912,1490.4913320658363,0.5647050580781618,6,17,0,-11,0.0,0,0.8317314502436621,1.092583963874241,1.0,20.0,-12.339753815497431,1468.3668010534145,0,1,0
7,2004,R,RS,TB,CHI,NFC,NFC,South,North,1,0,H,1486.5777476769258,1471.6691373784683,0.5992704672922574,19,7,0,12,1.0,1,0.5120422514035853,1.1499067094962079,1.0,20.4,9.40035219841983,1495.9780998753456,1,0,0
7,2004,R,RS,CHI,TB,NFC,NFC,North,South,1,0,A,1471.6691373784683,1486.5777476769258,0.4007295327077425,7,19,0,-12,0.0,1,0.5120422514035852,1.1499067094962079,1.0,20.4,-9.400352198419828,1462.2687851800486,0,1,0
7,2004,R,RS,MIA,STL,AFC,NFC,East,West,0,0,H,1460.8903901924473,1531.9820320642775,0.4768588103456057,31,14,0,17,1.0,0,0.7405348269915742,1.3859252309319838,1.0,20.0,14.500691481635982,1475.3910816740834,1,0,0
7,2004,R,RS,STL,MIA,NFC,AFC,West,East,0,0,A,1531.9820320642775,1460.8903901924473,0.5231411896543943,14,31,0,-17,0.0,0,0.7405348269915741,1.3859252309319838,1.0,20.0,-14.500691481635982,1517.4813405826415,0,1,0
7,2004,R,RS,DET,NYG,NFC,NFC,North,East,1,0,A,1460.1309424646233,1510.3188625167084,0.35308402865134403,28,13,0,15,1.0,0,1.0410492088710002,1.2943765222044838,1.0,20.4,17.0819980411173,1477.2129405057406,1,0,0
7,2004,R,RS,NYG,DET,NFC,NFC,East,North,1,0,H,1510.3188625167084,1460.1309424646233,0.646915971348656,13,28,0,-15,0.0,0,1.0410492088710002,1.2943765222044838,1.0,20.4,-17.0819980411173,1493.2368644755911,0,1,0
7,2004,R,RS,PHI,CLE,NFC,AFC,East,North,0,0,A,1578.2648356579866,1487.5311257828016,0.551244380220939,34,31,1,3,1.0,1,0.5955770468835881,0.36485916594552203,1.0,20.0,3.27465202291908,1581.5394876809057,1,0,0
7,2004,R,RS,CLE,PHI,AFC,NFC,North,East,0,0,H,1487.5311257828016,1578.2648356579866,0.448755619779061,31,34,1,-3,0.0,1,0.5955770468835881,0.36485916594552203,1.0,20.0,-3.27465202291908,1484.2564737598825,0,1,0
7,2004,R,RS,NE,NYJ,AFC,AFC,East,East,1,1,H,1581.1233001963005,1532.5115909763078,0.6448407124692122,13,7,0,6,1.0,1,0.43875195009744183,0.7443264338394588,1.0,22.44,5.932113766731008,1587.0554139630315,1,0,0
7,2004,R,RS,NYJ,NE,AFC,AFC,East,East,1,1,A,1532.5115909763078,1581.1233001963005,0.35515928753078796,7,13,0,-6,0.0,1,0.438751950097442,0.7443264338394588,1.0,22.44,-5.9321137667310095,1526.579477209577,0,1,0
7,2004,R,RS,GB,DAL,NFC,NFC,North,East,1,0,H,1510.8730057547075,1475.771966219114,0.6268351425043674,41,20,0,21,1.0,1,0.4670717035365747,1.6484677989702536,1.0,20.4,12.549065126293023,1523.4220708810005,1,0,0
7,2004,R,RS,DAL,GB,NFC,NFC,East,North,1,0,A,1475.771966219114,1510.8730057547075,0.3731648574956326,20,41,0,-21,0.0,1,0.4670717035365747,1.6484677989702536,1.0,20.4,-12.549065126293025,1463.2229010928208,0,1,0
7,2004,R,RS,NO,OAK,NFC,AFC,South,West,0,0,A,1464.2851921183526,1448.2751516090032,0.44412330783491166,31,26,0,5,1.0,0,0.8116530347581696,0.6948380442238417,1.0,20.0,7.72488547227217,1472.0100775906249,1,0,0
7,2004,R,RS,OAK,NO,AFC,NFC,West,South,0,0,H,1448.2751516090032,1464.2851921183526,0.5558766921650883,26,31,0,-5,0.0,0,0.8116530347581695,0.6948380442238417,1.0,20.0,-7.7248854722721685,1440.550266136731,0,1,0
7,2004,R,RS,ARI,SEA,NFC,NFC,West,West,1,1,H,1452.7959979792606,1535.7661413522942,0.4598344612510884,25,17,0,8,1.0,0,0.7768887211120685,0.8514173106047156,1.0,22.44,10.320297153949301,1463.1162951332099,1,0,0
7,2004,R,RS,SEA,ARI,NFC,NFC,West,West,1,1,A,1535.7661413522942,1452.7959979792606,0.5401655387489116,17,25,0,-8,0.0,0,0.7768887211120685,0.8514173106047156,1.0,22.44,-10.320297153949301,1525.445844198345,0,1,0
7,2004,R,RS,CIN,DEN,AFC,AFC,North,West,1,0,H,1447.4813649948926,1558.3575771320716,0.42027384548182867,23,10,0,13,1.0,0,0.8668487671209103,1.1254497602375062,1.0,20.4,13.3100342967601,1460.7913992916526,1,0,0
7,2004,R,RS,DEN,CIN,AFC,AFC,West,North,1,0,A,1558.3575771320716,1447.4813649948926,0.5797261545181713,10,23,0,-13,0.0,0,0.8668487671209103,1.1254497602375062,1.0,20.4,-13.3100342967601,1545.0475428353116,0,1,0
8,2004,R,RS,KC,IND,AFC,AFC,West,South,1,0,H,1518.8983605596081,1561.4210549550114,0.5179485706746008,45,35,0,10,1.0,1,0.6578793260636451,1.0036106336583062,1.0,20.4,9.869355584999585,1528.7677161446077,1,0,0
8,2004,R,RS,IND,KC,AFC,AFC,South,West,1,0,A,1561.4210549550114,1518.8983605596081,0.4820514293253992,35,45,0,-10,0.0,1,0.6578793260636451,1.0036106336583062,1.0,20.4,-9.869355584999584,1551.5516993700119,0,1,0
8,2004,R,RS,NYG,MIN,NFC,NFC,East,North,1,0,A,1493.2368644755911,1542.748558267885,0.35397368353882946,34,13,0,21,1.0,0,1.0385327088975311,1.6301874713535474,1.0,20.4,21.484137748097517,1514.7210022236886,1,0,0
8,2004,R,RS,MIN,NYG,NFC,NFC,North,East,1,0,H,1542.748558267885,1493.2368644755911,0.6460263164611706,13,34,0,-21,0.0,0,1.0385327088975311,1.6301874713535474,1.0,20.4,-21.484137748097517,1521.2644205197876,0,1,0
8,2004,R,RS,BUF,ARI,AFC,NFC,East,West,0,0,H,1462.1775212580146,1463.1162951332099,0.5771784902897005,38,14,0,24,1.0,1,0.5496037183871609,1.8608171794547623,1.0,20.0,15.735870582238478,1477.913391840253,1,0,0
8,2004,R,RS,ARI,BUF,NFC,AFC,West,East,0,0,A,1463.1162951332099,1462.1775212580146,0.4228215097102995,14,38,0,-24,0.0,1,0.5496037183871609,1.8608171794547623,1.0,20.0,-15.735870582238478,1447.3804245509714,0,1,0
8,2004,R,RS,HOU,JAX,AFC,AFC,South,South,1,1,H,1479.6226499994739,1498.7730805632511,0.551409358508982,20,6,0,14,1.0,1,0.5952778082677302,1.266761294815125,1.0,22.44,12.751692956073539,1492.3743429555475,1,0,0
8,2004,R,RS,JAX,HOU,AFC,AFC,South,South,1,1,A,1498.7730805632511,1479.6226499994739,0.44859064149101807,6,20,0,-14,0.0,1,0.5952778082677305,1.266761294815125,1.0,22.44,-12.75169295607354,1486.0213876071775,0,1,0
8,2004,R,RS,TEN,CIN,AFC,AFC,South,North,1,0,H,1493.0729988306307,1460.7913992916526,0.6230309892313175,27,20,0,7,1.0,1,0.47315901948744354,0.8200972192939042,1.0,20.4,6.306685244823956,1499.3796840754546,1,0,0
8,2004,R,RS,CIN,TEN,AFC,AFC,North,South,1,0,A,1460.7913992916526,1493.0729988306307,0.3769690107686825,20,27,0,-7,0.0,1,0.47315901948744354,0.8200972192939042,1.0,20.4,-6.306685244823956,1454.4847140468287,0,1,0
8,2004,R,RS,DAL,DET,NFC,NFC,East,North,1,0,H,1463.2229010928208,1477.2129405057406,0.5587455059349085,31,21,0,10,1.0,1,0.5820611761562192,1.0262656191044133,1.0,20.4,9.238024057300041,1472.4609251501208,1,0,0
8,2004,R,RS,DET,DAL,NFC,NFC,North,East,1,0,A,1477.2129405057406,1463.2229010928208,0.4412544940650915,21,31,0,-10,0.0,1,0.5820611761562192,1.0262656191044133,1.0,20.4,-9.238024057300041,1467.9749164484406,0,1,0
8,2004,R,RS,PHI,BAL,NFC,AFC,East,North,0,0,H,1581.5394876809057,1540.371969393856,0.6349668763458736,15,10,0,5,1.0,1,0.45418244468483904,0.6812996207357317,1.0,20.0,4.973938574030716,1586.5134262549363,1,0,0
8,2004,R,RS,BAL,PHI,AFC,NFC,North,East,0,0,A,1540.371969393856,1581.5394876809057,0.3650331236541264,10,15,0,-5,0.0,1,0.45418244468483904,0.6812996207357317,1.0,20.0,-4.973938574030715,1535.3980308198254,0,1,0
8,2004,R,RS,GB,WAS,NFC,NFC,North,East,1,0,A,1523.4220708810005,1464.9552638951836,0.5049889707275821,28,14,0,14,1.0,1,0.6832186900886784,1.2286980717834677,1.0,20.4,12.407669582442818,1535.8297404634434,1,0,0
8,2004,R,RS,WAS,GB,NFC,NFC,East,North,1,0,H,1464.9552638951836,1523.4220708810005,0.4950110292724179,14,28,0,-14,0.0,1,0.6832186900886784,1.2286980717834677,1.0,20.4,-12.407669582442818,1452.5475943127408,0,1,0
8,2004,R,RS,ATL,DEN,NFC,AFC,South,West,0,0,A,1490.3840912064827,1545.0475428353116,0.34722181523914797,41,28,0,13,1.0,0,1.0577914662597954,1.173940915375965,1.0,20.0,15.32646039511231,1505.710551601595,1,0,0
8,2004,R,RS,DEN,ATL,AFC,NFC,West,South,0,0,H,1545.0475428353116,1490.3840912064827,0.652778184760852,28,41,0,-13,0.0,0,1.0577914662597954,1.173940915375965,1.0,20.0,-15.32646039511231,1529.7210824401993,0,1,0
8,2004,R,RS,SEA,CAR,NFC,NFC,West,South,1,0,H,1525.445844198345,1468.3668010534145,0.6559232032287158,23,17,0,6,1.0,1,0.4217115651399792,0.7395046439886228,1.0,20.4,5.190706337662323,1530.6365505360072,1,0,0
8,2004,R,RS,CAR,SEA,NFC,NFC,South,West,1,0,A,1468.3668010534145,1525.445844198345,0.3440767967712842,17,23,0,-6,0.0,1,0.4217115651399792,0.7395046439886228,1.0,20.4,-5.190706337662323,1463.1760947157522,0,1,0
8,2004,R,RS,PIT,NE,AFC,AFC,North,East,1,0,H,1523.0419129746622,1587.0554139630315,0.4870314386743575,34,20,0,14,1.0,0,0.7194266021836812,1.2235115099859042,1.0,20.4,12.803507956473808,1535.845420931136,1,0,0
8,2004,R,RS,NE,PIT,AFC,AFC,East,North,1,0,A,1587.0554139630315,1523.0419129746622,0.5129685613256425,20,34,0,-14,0.0,0,0.7194266021836812,1.2235115099859042,1.0,20.4,-12.803507956473808,1574.2519060065576,0,1,0
8,2004,R,RS,SD,OAK,AFC,AFC,West,West,1,1,H,1502.8310858813338,1440.550266136731,0.6626492595832837,42,14,0,28,1.0,1,0.4115094490132249,1.9811224683841897,1.0,22.44,14.997395472332043,1517.828481353666,1,0,0
8,2004,R,RS,OAK,SD,AFC,AFC,West,West,1,1,A,1440.550266136731,1502.8310858813338,0.3373507404167163,14,42,0,-28,0.0,1,0.4115094490132249,1.9811224683841897,1.0,22.44,-14.997395472332043,1425.5528706643988,0,1,0
8,2004,R,RS,CHI,SF,NFC,NFC,North,West,1,0,H,1462.2687851800486,1458.7286958193636,0.583457676743947,23,13,0,10,1.0,1,0.5387833633155995,1.0348209294219608,1.0,20.4,8.793352967546396,1471.0621381475949,1,0,0
8,2004,R,RS,SF,CHI,NFC,NFC,West,North,1,0,A,1458.7286958193636,1462.2687851800486,0.416542323256053,13,23,0,-10,0.0,1,0.5387833633155995,1.0348209294219608,1.0,20.4,-8.793352967546396,1449.9353428518173,0,1,0
8,2004,R,RS,NYJ,MIA,AFC,AFC,East,East,1,1,H,1526.579477209577,1475.3910816740834,0.6482303472445652,41,14,0,27,1.0,1,0.43350917165297914,1.9462811298116214,1.0,22.44,15.363380778729615,1541.9428579883065,1,0,0
8,2004,R,RS,MIA,NYJ,AFC,AFC,East,East,1,1,A,1475.3910816740834,1526.579477209577,0.35176965275543487,14,41,0,-27,0.0,1,0.43350917165297914,1.9462811298116214,1.0,22.44,-15.363380778729617,1460.0277008953537,0,1,0
9,2004,R,RS,TB,KC,NFC,AFC,South,West,0,0,H,1495.9780998753456,1528.7677161446077,0.5319198420478641,34,31,0,3,1.0,1,0.6312624738351463,0.5447714184060662,1.0,20.0,5.099933831506411,1501.078033706852,1,0,0
9,2004,R,RS,KC,TB,AFC,NFC,West,South,0,0,A,1528.7677161446077,1495.9780998753456,0.4680801579521358,31,34,0,-3,0.0,1,0.6312624738351463,0.5447714184060662,1.0,20.0,-5.09993383150641,1523.6677823131013,0,1,0
9,2004,R,RS,BUF,NYJ,AFC,AFC,East,East,1,1,H,1477.913391840253,1541.9428579883065,0.4870084784466039,22,17,0,5,1.0,0,0.7194737465098104,0.6694461297690177,1.0,22.44,7.706349034612922,1485.619740874866,1,0,0
9,2004,R,RS,NYJ,BUF,AFC,AFC,East,East,1,1,A,1541.9428579883065,1477.913391840253,0.5129915215533962,17,22,0,-5,0.0,0,0.7194737465098107,0.6694461297690177,1.0,22.44,-7.7063490346129235,1534.2365089536936,0,1,0
9,2004,R,RS,OAK,CAR,AFC,NFC,West,South,0,0,A,1425.5528706643988,1463.1760947157522,0.3697750113050093,27,24,0,3,1.0,0,0.9948605358520332,0.5427264014179574,1.0,20.0,6.840794803962104,1432.393665468361,1,0,0
9,2004,R,RS,CAR,OAK,NFC,AFC,South,West,0,0,H,1463.1760947157522,1425.5528706643988,0.6302249886949908,24,27,0,-3,0.0,0,0.9948605358520334,0.5427264014179574,1.0,20.0,-6.840794803962105,1456.3352999117901,0,1,0
9,2004,R,RS,CIN,DAL,AFC,NFC,North,East,0,0,H,1454.4847140468287,1472.4609251501208,0.5530807445526704,26,3,0,23,1.0,1,0.5922512762691812,1.7812149119913523,1.0,20.0,15.921184845177118,1470.4058988920058,1,0,0
9,2004,R,RS,DAL,CIN,NFC,AFC,East,North,0,0,A,1472.4609251501208,1454.4847140468287,0.4469192554473295,3,26,0,-23,0.0,1,0.5922512762691812,1.7812149119913523,1.0,20.0,-15.921184845177116,1456.5397403049437,0,1,0
9,2004,R,RS,ARI,MIA,NFC,AFC,West,East,0,0,A,1447.3804245509714,1460.0277008953537,0.4038595739390804,24,23,0,1,1.0,0,0.9066880507038377,0.4001425140410029,1.0,20.0,4.770822576109818,1452.1512471270812,1,0,0
9,2004,R,RS,MIA,ARI,AFC,NFC,East,West,0,0,H,1460.0277008953537,1447.3804245509714,0.5961404260609195,23,24,0,-1,0.0,0,0.9066880507038376,0.4001425140410029,1.0,20.0,-4.770822576109818,1455.256878319244,0,1,0
9,2004,R,RS,PIT,PHI,AFC,NFC,North,East,0,0,H,1535.845420931136,1586.5134262549363,0.5062339184330381,27,3,0,24,1.0,1,0.6807564271241364,1.7896714237185711,1.0,20.0,17.673580923637697,1553.5190018547737,1,0,0
9,2004,R,RS,PHI,PIT,NFC,AFC,East,North,0,0,A,1586.5134262549363,1535.845420931136,0.49376608156696195,3,27,0,-24,0.0,1,0.6807564271241366,1.7896714237185711,1.0,20.0,-17.673580923637697,1568.8398453312986,0,1,0
9,2004,R,RS,WAS,DET,NFC,NFC,East,North,1,0,A,1452.5475943127408,1467.9749164484406,0.40001268475950796,17,10,0,7,1.0,0,0.9162590204781967,0.8310201271447546,1.0,20.4,10.171471313926428,1462.7190656266673,1,0,0
9,2004,R,RS,DET,WAS,NFC,NFC,North,East,1,0,H,1467.9749164484406,1452.5475943127408,0.5999873152404921,10,17,0,-7,0.0,0,0.916259020478197,0.8310201271447546,1.0,20.4,-10.17147131392643,1457.803445134514,0,1,0
9,2004,R,RS,SD,NO,AFC,NFC,West,South,0,0,H,1517.828481353666,1472.0100775906249,0.6411496362444442,43,17,0,26,1.0,1,0.44449240742577456,1.9020547081627637,1.0,20.0,13.651060478143505,1531.4795418318095,1,0,0
9,2004,R,RS,NO,SD,NFC,AFC,South,West,0,0,A,1472.0100775906249,1517.828481353666,0.3588503637555558,17,43,0,-26,0.0,1,0.44449240742577456,1.9020547081627637,1.0,20.0,-13.651060478143505,1458.3590171124813,0,1,0
9,2004,R,RS,SEA,SF,NFC,NFC,West,West,1,1,A,1530.6365505360072,1449.9353428518173,0.5369196921705776,42,27,0,15,1.0,1,0.6219067446874255,1.2646961680436855,1.0,22.44,13.142118189739618,1543.778668725747,1,0,0
9,2004,R,RS,SF,SEA,NFC,NFC,West,West,1,1,H,1449.9353428518173,1530.6365505360072,0.46308030782942244,27,42,0,-15,0.0,1,0.6219067446874255,1.2646961680436855,1.0,22.44,-13.142118189739618,1436.7932246620776,0,1,0
9,2004,R,RS,CHI,NYG,NFC,NFC,North,East,1,0,A,1471.0621381475949,1514.7210022236886,0.3617155099735104,28,21,0,7,1.0,0,1.0168972601761996,0.8128847591398717,1.0,20.4,10.584575372333138,1481.646713519928,1,0,0
9,2004,R,RS,NYG,CHI,NFC,NFC,East,North,1,0,H,1514.7210022236886,1471.0621381475949,0.6382844900264896,21,28,0,-7,0.0,0,1.0168972601761994,0.8128847591398717,1.0,20.4,-10.584575372333136,1504.1364268513555,0,1,0
9,2004,R,RS,NE,STL,AFC,NFC,East,West,0,0,A,1574.2519060065576,1517.4813405826415,0.5025480264119997,40,22,0,18,1.0,1,0.6880640686666476,1.4568835574387753,1.0,20.0,14.494592018716512,1588.7464980252741,1,0,0
9,2004,R,RS,STL,NE,NFC,AFC,West,East,0,0,H,1517.4813405826415,1574.2519060065576,0.49745197358800036,22,40,0,-18,0.0,1,0.6880640686666476,1.4568835574387753,1.0,20.0,-14.494592018716514,1502.986748563925,0,1,0
9,2004,R,RS,DEN,HOU,AFC,AFC,West,South,1,0,H,1529.7210824401993,1492.3743429555475,0.6298540093754628,31,13,0,18,1.0,1,0.4622672176004294,1.4788653994441352,1.0,20.4,11.166880404863067,1540.8879628450625,1,0,0
9,2004,R,RS,HOU,DEN,AFC,AFC,South,West,1,0,A,1492.3743429555475,1529.7210824401993,0.3701459906245373,13,31,0,-18,0.0,1,0.4622672176004294,1.4788653994441352,1.0,20.4,-11.166880404863068,1481.2074625506843,0,1,0
9,2004,R,RS,BAL,CLE,AFC,AFC,North,North,1,1,H,1535.3980308198254,1484.2564737598825,0.6481688630436699,27,13,0,14,1.0,1,0.43360402546105525,1.2356154747442885,1.0,22.44,9.75529625986346,1545.1533270796888,1,0,0
9,2004,R,RS,CLE,BAL,AFC,AFC,North,North,1,1,A,1484.2564737598825,1535.3980308198254,0.3518311369563301,13,27,0,-14,0.0,1,0.43360402546105525,1.2356154747442885,1.0,22.44,-9.755296259863462,1474.5011775000191,0,1,0
9,2004,R,RS,IND,MIN,AFC,NFC,South,North,0,0,H,1551.5516993700119,1521.2644205197876,0.6203309190304148,31,28,0,3,1.0,1,0.47750220296009166,0.5458361809227446,1.0,20.0,4.144742423417734,1555.6964417934296,1,0,0
9,2004,R,RS,MIN,IND,NFC,AFC,North,South,0,0,A,1521.2644205197876,1551.5516993700119,0.37966908096958524,28,31,0,-3,0.0,1,0.4775022029600919,0.5458361809227446,1.0,20.0,-4.144742423417734,1517.1196780963699,0,1,0
10,2004,R,RS,IND,HOU,AFC,AFC,South,South,1,1,H,1555.6964417934296,1481.2074625506843,0.6781752261313856,49,14,0,35,1.0,1,0.38834957881154536,2.310081371221282,1.0,22.44,16.68282535061154,1572.379267144041,1,0,0
10,2004,R,RS,HOU,IND,AFC,AFC,South,South,1,1,A,1481.2074625506843,1555.6964417934296,0.3218247738686143,14,49,0,-35,0.0,1,0.3883495788115452,2.310081371221282,1.0,22.44,-16.682825350611537,1464.524637200073,0,1,0
10,2004,R,RS,NO,KC,NFC,AFC,South,West,0,0,H,1458.3590171124813,1523.6677823131013,0.4851688463662938,27,20,0,7,1.0,0,0.7232583117925026,0.7995047261570244,1.0,20.0,8.232198810060426,1466.5912159225418,1,0,0
10,2004,R,RS,KC,NO,AFC,NFC,West,South,0,0,A,1523.6677823131013,1458.3590171124813,0.5148311536337061,20,27,0,-7,0.0,0,0.7232583117925024,0.7995047261570244,1.0,20.0,-8.232198810060424,1515.4355835030408,0,1,0
10,2004,R,RS,BAL,NYJ,AFC,AFC,North,East,1,0,A,1545.1533270796888,1534.2365089536936,0.4368974666804422,20,17,1,3,1.0,0,0.8280567414383482,0.3879549991784034,1.0,20.4,4.456552234167457,1549.6098793138563,1,0,0
10,2004,R,RS,NYJ,BAL,AFC,AFC,East,North,1,0,H,1534.2365089536936,1545.1533270796888,0.5631025333195577,17,20,1,-3,0.0,0,0.8280567414383481,0.3879549991784034,1.0,20.4,-4.456552234167456,1529.7799567195261,0,1,0
10,2004,R,RS,STL,SEA,NFC,NFC,West,West,1,1,H,1502.986748563925,1543.778668725747,0.5204356800531446,23,12,0,11,1.0,1,0.6530889719478621,1.0663381324277936,1.0,22.44,11.475316066221865,1514.4620646301469,1,0,0
10,2004,R,RS,SEA,STL,NFC,NFC,West,West,1,1,A,1543.778668725747,1502.986748563925,0.47956431994685544,12,23,0,-11,0.0,1,0.6530889719478621,1.0663381324277936,1.0,22.44,-11.475316066221865,1532.303352659525,0,1,0
10,2004,R,RS,CHI,TEN,NFC,AFC,North,South,0,0,A,1481.646713519928,1499.3796840754546,0.39683154836872764,19,17,1,2,1.0,0,0.9242433997542914,0.33349936221983295,1.0,20.0,4.02312587860307,1485.669839398531,1,0,0
10,2004,R,RS,TEN,CHI,AFC,NFC,South,North,0,0,H,1499.3796840754546,1481.646713519928,0.6031684516312723,17,19,1,-2,0.0,0,0.9242433997542912,0.33349936221983295,1.0,20.0,-4.02312587860307,1495.3565581968517,0,1,0
10,2004,R,RS,PIT,CLE,AFC,AFC,North,North,1,1,A,1553.5190018547737,1474.5011775000191,0.5345094739327111,24,10,0,14,1.0,1,0.6264058238233982,1.2096983300556532,1.0,22.44,12.636033834184936,1566.1550356889586,1,0,0
10,2004,R,RS,CLE,PIT,AFC,AFC,North,North,1,1,H,1474.5011775000191,1553.5190018547737,0.4654905260672889,10,24,0,-14,0.0,1,0.6264058238233982,1.2096983300556532,1.0,22.44,-12.636033834184936,1461.8651436658342,0,1,0
10,2004,R,RS,JAX,DET,AFC,NFC,South,North,0,0,H,1486.0213876071775,1457.803445134514,0.6175213916707909,23,17,1,6,1.0,1,0.48204156869819065,0.5293414317258243,1.0,20.0,4.049235482749687,1490.0706230899273,1,0,0
10,2004,R,RS,DET,JAX,NFC,AFC,North,South,0,0,A,1457.803445134514,1486.0213876071775,0.38247860832920916,17,23,1,-6,0.0,1,0.48204156869819065,0.5293414317258243,1.0,20.0,-4.049235482749688,1453.7542096517643,0,1,0
10,2004,R,RS,ATL,TB,NFC,NFC,South,South,1,1,H,1505.710551601595,1501.078033706852,0.5849852003360562,24,14,0,10,1.0,1,0.536168730641139,1.033919894342113,1.0,22.44,9.628825777457418,1515.3393773790524,1,0,0
10,2004,R,RS,TB,ATL,NFC,NFC,South,South,1,1,A,1501.078033706852,1505.710551601595,0.41501479966394395,14,24,0,-10,0.0,1,0.5361687306411391,1.033919894342113,1.0,22.44,-9.628825777457422,1491.4492079293946,0,1,0
10,2004,R,RS,CIN,WAS,AFC,NFC,North,East,0,0,A,1470.4058988920058,1462.7190656266673,0.4323286740867001,17,10,0,7,1.0,0,0.8385691603694383,0.836134677027184,1.0,20.0,9.492993615002208,1479.898892507008,1,0,0
10,2004,R,RS,WAS,CIN,NFC,AFC,East,North,0,0,H,1462.7190656266673,1470.4058988920058,0.5676713259132999,10,17,0,-7,0.0,0,0.8385691603694384,0.836134677027184,1.0,20.0,-9.492993615002208,1453.226072011665,0,1,0
10,2004,R,RS,CAR,SF,NFC,NFC,South,West,1,0,A,1456.3352999117901,1436.7932246620776,0.44914836946983755,37,27,0,10,1.0,0,0.8004020015710249,1.0217774941289453,1.0,20.4,11.482095093071042,1467.817395004861,1,0,0
10,2004,R,RS,SF,CAR,NFC,NFC,West,South,1,0,H,1436.7932246620776,1456.3352999117901,0.5508516305301625,27,37,0,-10,0.0,0,0.800402001571025,1.0217774941289453,1.0,20.4,-11.482095093071042,1425.3111295690067,0,1,0
10,2004,R,RS,ARI,NYG,NFC,NFC,West,East,1,0,H,1452.1512471270812,1504.1364268513555,0.5043385662483175,17,14,0,3,1.0,1,0.6845074780102657,0.5367396877125531,1.0,20.4,5.4272397285259,1457.578486855607,1,0,0
10,2004,R,RS,NYG,ARI,NFC,NFC,East,West,1,0,A,1504.1364268513555,1452.1512471270812,0.49566143375168253,14,17,0,-3,0.0,1,0.6845074780102657,0.5367396877125531,1.0,20.4,-5.427239728525901,1498.7091871228297,0,1,0
10,2004,R,RS,GB,MIN,NFC,NFC,North,North,1,1,H,1535.8297404634434,1517.1196780963699,0.6045139488264583,34,31,0,3,1.0,1,0.5033305342117789,0.5508170381085769,1.0,22.44,4.888339817395775,1540.718080280839,1,0,0
10,2004,R,RS,MIN,GB,NFC,NFC,North,North,1,1,A,1517.1196780963699,1535.8297404634434,0.3954860511735417,31,34,0,-3,0.0,1,0.5033305342117788,0.5508170381085769,1.0,22.44,-4.888339817395774,1512.2313382789741,0,1,0
10,2004,R,RS,NE,BUF,AFC,AFC,East,East,1,1,H,1588.7464980252741,1485.619740874866,0.7130514782857335,29,6,0,23,1.0,1,0.33820166161487036,1.6691253227626694,1.0,22.44,10.747706305623055,1599.4942043308972,1,0,0
10,2004,R,RS,BUF,NE,AFC,AFC,East,East,1,1,A,1485.619740874866,1588.7464980252741,0.28694852171426644,6,29,0,-23,0.0,1,0.33820166161487025,1.6691253227626694,1.0,22.44,-10.747706305623051,1474.872034569243,0,1,0
10,2004,R,RS,PHI,DAL,NFC,NFC,East,East,1,1,A,1568.8398453312986,1456.5397403049437,0.5817218861257191,49,21,0,28,1.0,1,0.5417628043521618,1.9083820130626505,1.0,22.44,17.91238058620907,1586.7522259175078,1,0,0
10,2004,R,RS,DAL,PHI,NFC,NFC,East,East,1,1,H,1456.5397403049437,1568.8398453312986,0.4182781138742809,21,49,0,-28,0.0,1,0.5417628043521616,1.9083820130626505,1.0,22.44,-17.91238058620907,1438.6273597187346,0,1,0
11,2004,R,RS,MIN,DET,NFC,NFC,North,North,1,1,H,1512.2313382789741,1453.7542096517643,0.6577372597720352,22,19,0,3,1.0,1,0.4189497286571005,0.5340766785161576,1.0,22.44,4.1019096454689254,1516.333247924443,1,0,0
11,2004,R,RS,DET,MIN,NFC,NFC,North,North,1,1,A,1453.7542096517643,1512.2313382789741,0.3422627402279649,19,22,0,-3,0.0,1,0.4189497286571007,0.5340766785161576,1.0,22.44,-4.101909645468926,1449.6523000062955,0,1,0
11,2004,R,RS,TB,SF,NFC,NFC,South,West,1,0,H,1491.4492079293946,1425.3111295690067,0.6675948305275285,35,3,0,32,1.0,1,0.4040738305924291,2.1767158058585063,1.0,20.4,14.760452361332002,1506.2096602907266,1,0,0
11,2004,R,RS,SF,TB,NFC,NFC,West,South,1,0,A,1425.3111295690067,1491.4492079293946,0.33240516947247156,3,35,0,-32,0.0,1,0.40407383059242924,2.1767158058585063,1.0,20.4,-14.760452361332007,1410.5506772076747,0,1,0
11,2004,R,RS,BUF,STL,AFC,NFC,East,West,0,0,H,1474.872034569243,1514.4620646301469,0.5221621986124712,37,17,0,20,1.0,1,0.6497770140533625,1.5877398735313373,1.0,20.0,15.173642606870546,1490.0456771761135,1,0,0
11,2004,R,RS,STL,BUF,NFC,AFC,West,East,0,0,A,1514.4620646301469,1474.872034569243,0.47783780138752885,17,37,0,-20,0.0,1,0.6497770140533625,1.5877398735313373,1.0,20.0,-15.173642606870546,1499.2884220232763,0,1,0
11,2004,R,RS,IND,CHI,AFC,NFC,South,North,0,0,A,1572.379267144041,1485.669839398531,0.5455072512983247,41,10,0,31,1.0,1,0.6060391808581782,2.094087730063629,1.0,20.0,19.034953769181413,1591.4142209132224,1,0,0
11,2004,R,RS,CHI,IND,NFC,AFC,North,South,0,0,H,1485.669839398531,1572.379267144041,0.45449274870167533,10,41,0,-31,0.0,1,0.6060391808581782,2.094087730063629,1.0,20.0,-19.034953769181413,1466.6348856293496,0,1,0
11,2004,R,RS,NYJ,CLE,AFC,AFC,East,North,1,0,A,1529.7799567195261,1461.8651436658342,0.5185773544142991,10,7,0,3,1.0,1,0.6566660735986395,0.5302521163354653,1.0,20.4,5.2076176841421855,1534.9875744036683,1,0,0
11,2004,R,RS,CLE,NYJ,AFC,AFC,North,East,1,0,H,1461.8651436658342,1529.7799567195261,0.4814226455857009,7,10,0,-3,0.0,1,0.6566660735986395,0.5302521163354653,1.0,20.4,-5.2076176841421855,1456.657525981692,0,1,0
11,2004,R,RS,BAL,DAL,AFC,NFC,North,East,0,0,H,1549.6098793138563,1438.6273597187346,0.7222143465741386,30,10,0,20,1.0,1,0.32543330523758546,1.504452468533757,1.0,20.0,8.358306240395997,1557.9681855542522,1,0,0
11,2004,R,RS,DAL,BAL,NFC,AFC,East,North,0,0,A,1438.6273597187346,1549.6098793138563,0.2777856534258613,10,30,0,-20,0.0,1,0.32543330523758546,1.504452468533757,1.0,20.0,-8.358306240395995,1430.2690534783387,0,1,0
11,2004,R,RS,TEN,JAX,AFC,AFC,South,South,1,1,A,1495.3565581968517,1490.0706230899273,0.42894001766107004,18,15,0,3,1.0,0,0.8464381888015684,0.5567075191614043,1.0,22.44,7.133976383192257,1502.490534580044,1,0,0
11,2004,R,RS,JAX,TEN,AFC,AFC,South,South,1,1,H,1490.0706230899273,1495.3565581968517,0.57105998233893,15,18,0,-3,0.0,0,0.8464381888015684,0.5567075191614043,1.0,22.44,-7.133976383192257,1482.936646706735,0,1,0
11,2004,R,RS,PIT,CIN,AFC,AFC,North,North,1,1,A,1566.1550356889586,1479.898892507008,0.5448602495720606,19,14,0,5,1.0,1,0.6072259400043999,0.6583108672717121,1.0,22.44,6.7235500796360235,1572.8785857685946,1,0,0
11,2004,R,RS,CIN,PIT,AFC,AFC,North,North,1,1,H,1479.898892507008,1566.1550356889586,0.4551397504279394,14,19,0,-5,0.0,1,0.6072259400043999,0.6583108672717121,1.0,22.44,-6.7235500796360235,1473.175342427372,0,1,0
11,2004,R,RS,DEN,NO,AFC,NFC,West,South,0,0,A,1540.8879628450625,1466.5912159225418,0.5277417315825695,34,13,0,21,1.0,1,0.6391482596761666,1.599677479402256,1.0,20.0,15.109218328977384,1555.99718117404,1,0,0
11,2004,R,RS,NO,DEN,NFC,AFC,South,West,0,0,H,1466.5912159225418,1540.8879628450625,0.47225826841743046,13,34,0,-21,0.0,1,0.6391482596761666,1.599677479402256,1.0,20.0,-15.109218328977384,1451.4819975935643,0,1,0
11,2004,R,RS,CAR,ARI,NFC,NFC,South,West,1,0,H,1467.817395004861,1457.578486855607,0.5927982462471242,35,10,0,25,1.0,1,0.5229011634271661,1.901613671062755,1.0,20.4,15.796544605070839,1483.613939609932,1,0,0
11,2004,R,RS,ARI,CAR,NFC,NFC,West,South,1,0,A,1457.578486855607,1467.817395004861,0.40720175375287576,10,35,0,-25,0.0,1,0.5229011634271661,1.901613671062755,1.0,20.4,-15.796544605070837,1441.781942250536,0,1,0
11,2004,R,RS,SD,OAK,AFC,AFC,West,West,1,1,A,1531.4795418318095,1432.393665468361,0.5631063492352103,23,17,0,6,1.0,1,0.5742867712830717,0.7164784980711476,1.0,22.44,7.024278906724477,1538.503820738534,1,0,0
11,2004,R,RS,OAK,SD,AFC,AFC,West,West,1,1,H,1432.393665468361,1531.4795418318095,0.4368936507647897,17,23,0,-6,0.0,1,0.5742867712830717,0.7164784980711476,1.0,22.44,-7.024278906724477,1425.3693865616365,0,1,0
11,2004,R,RS,SEA,MIA,NFC,AFC,West,East,0,0,H,1532.303352659525,1455.256878319244,0.6813799186260884,24,17,0,7,1.0,1,0.3836352449466769,0.7924331170514874,1.0,20.0,5.0497020847665475,1537.3530547442915,1,0,0
11,2004,R,RS,MIA,SEA,AFC,NFC,East,West,0,0,A,1455.256878319244,1532.303352659525,0.3186200813739116,17,24,0,-7,0.0,1,0.3836352449466769,0.7924331170514874,1.0,20.0,-5.0497020847665475,1450.2071762344774,0,1,0
11,2004,R,RS,ATL,NYG,NFC,NFC,South,East,1,0,A,1515.3393773790524,1498.7091871228297,0.4450048040980323,14,10,0,4,1.0,0,0.809670201148255,0.6241332882441222,1.0,20.4,7.066375922190911,1522.4057533012433,1,0,0
11,2004,R,RS,NYG,ATL,NFC,NFC,East,South,1,0,H,1498.7091871228297,1515.3393773790524,0.5549951959019678,10,14,0,-4,0.0,0,0.8096702011482552,0.6241332882441222,1.0,20.4,-7.066375922190913,1491.6428112006388,0,1,0
11,2004,R,RS,PHI,WAS,NFC,NFC,East,East,1,1,H,1586.7522259175078,1453.226072011665,0.7474850365753355,28,6,0,22,1.0,1,0.291040991877075,1.5820251494034514,1.0,22.44,8.964443910252207,1595.71666982776,1,0,0
11,2004,R,RS,WAS,PHI,NFC,NFC,East,East,1,1,A,1453.226072011665,1586.7522259175078,0.2525149634246645,6,28,0,-22,0.0,1,0.291040991877075,1.5820251494034514,1.0,22.44,-8.964443910252207,1444.261628101413,0,1,0
11,2004,R,RS,GB,HOU,NFC,AFC,North,South,0,0,A,1540.718080280839,1464.524637200073,0.5304620430537346,16,13,0,3,1.0,1,0.6340068728682089,0.5269420704932714,1.0,20.0,4.948386064168912,1545.666466345008,1,0,0
11,2004,R,RS,HOU,GB,AFC,NFC,South,North,0,0,H,1464.524637200073,1540.718080280839,0.4695379569462655,13,16,0,-3,0.0,1,0.6340068728682089,0.5269420704932714,1.0,20.0,-4.948386064168912,1459.576251135904,0,1,0
11,2004,R,RS,NE,KC,AFC,AFC,East,West,1,0,A,1599.4942043308972,1515.4355835030408,0.5417214786555143,27,19,0,8,1.0,1,0.6130032866418831,0.850722627078242,1.0,20.4,7.953305315278945,1607.447509646176,1,0,0
11,2004,R,RS,KC,NE,AFC,AFC,West,East,1,0,H,1515.4355835030408,1599.4942043308972,0.4582785213444856,19,27,0,-8,0.0,1,0.6130032866418829,0.850722627078242,1.0,20.4,-7.953305315278944,1507.482278187762,0,1,0
12,2004,R,RS,IND,DET,AFC,NFC,South,North,0,0,A,1591.4142209132224,1449.6523000062955,0.62232813477463,41,9,0,32,1.0,1,0.474287777478234,2.0584401073370673,1.0,20.0,15.54829829585402,1606.9625192090764,1,0,0
12,2004,R,RS,DET,IND,NFC,AFC,North,South,0,0,H,1449.6523000062955,1591.4142209132224,0.37767186522536994,9,41,0,-32,0.0,1,0.4742877774782338,2.0584401073370673,1.0,20.0,-15.548298295854018,1434.1040017104415,0,1,0
12,2004,R,RS,DAL,CHI,NFC,NFC,East,North,1,0,H,1430.2690534783387,1466.6348856293496,0.5267910395606706,21,7,0,14,1.0,1,0.6409513184439434,1.2498082602581202,1.0,20.4,12.064977538738729,1442.3340310170775,1,0,0
12,2004,R,RS,CHI,DAL,NFC,NFC,North,East,1,0,A,1466.6348856293496,1430.2690534783387,0.47320896043932925,7,21,0,-14,0.0,1,0.6409513184439432,1.2498082602581202,1.0,20.4,-12.064977538738725,1454.5699080906109,0,1,0
12,2004,R,RS,MIN,JAX,NFC,AFC,North,South,0,0,H,1516.333247924443,1482.936646706735,0.6245372571053717,27,16,0,11,1.0,1,0.4707442921001664,1.0724826948990456,1.0,20.0,8.05354588667637,1524.3867938111193,1,0,0
12,2004,R,RS,JAX,MIN,AFC,NFC,South,North,0,0,A,1482.936646706735,1516.333247924443,0.37546274289462833,16,27,0,-11,0.0,1,0.4707442921001664,1.0724826948990456,1.0,20.0,-8.05354588667637,1474.8831008200586,0,1,0
12,2004,R,RS,SD,KC,AFC,AFC,West,West,1,1,A,1538.503820738534,1507.482278187762,0.46554691016350935,34,31,0,3,1.0,0,0.7645424136291131,0.5455233152286212,1.0,22.44,6.542530584255999,1545.0463513227899,1,0,0
12,2004,R,RS,KC,SD,AFC,AFC,West,West,1,1,H,1507.482278187762,1538.503820738534,0.5344530898364908,31,34,0,-3,0.0,0,0.7645424136291133,0.5455233152286212,1.0,22.44,-6.542530584256001,1500.939747603506,0,1,0
12,2004,R,RS,CIN,CLE,AFC,AFC,North,North,1,1,H,1473.175342427372,1456.657525981692,0.6014929547572595,58,48,0,10,1.0,1,0.5083404564252597,1.024217348935768,1.0,22.44,9.159061691977136,1482.334404119349,1,0,0
12,2004,R,RS,CLE,CIN,AFC,AFC,North,North,1,1,A,1456.657525981692,1473.175342427372,0.39850704524274055,48,58,0,-10,0.0,1,0.5083404564252599,1.024217348935768,1.0,22.44,-9.159061691977138,1447.498464289715,0,1,0
12,2004,R,RS,PIT,WAS,AFC,NFC,North,East,0,0,H,1572.8785857685946,1444.261628101413,0.7421137953163831,16,7,0,9,1.0,1,0.2982526846135681,0.8825719696972913,1.0,20.0,4.552062712507572,1577.4306484811023,1,0,0
12,2004,R,RS,WAS,PIT,NFC,AFC,East,North,0,0,A,1444.261628101413,1572.8785857685946,0.2578862046836169,7,16,0,-9,0.0,1,0.2982526846135681,0.8825719696972913,1.0,20.0,-4.552062712507572,1439.7095653889053,0,1,0
12,2004,R,RS,PHI,NYG,NFC,NFC,East,East,1,1,A,1595.71666982776,1491.6428112006388,0.5701570251363719,27,6,0,21,1.0,1,0.5618434733965423,1.564499357697883,1.0,22.44,15.090654463429496,1610.8073242911894,1,0,0
12,2004,R,RS,NYG,PHI,NFC,NFC,East,East,1,1,H,1491.6428112006388,1595.71666982776,0.4298429748636281,6,27,0,-21,0.0,1,0.5618434733965423,1.564499357697883,1.0,22.44,-15.090654463429496,1476.5521567372093,0,1,0
12,2004,R,RS,CAR,TB,NFC,NFC,South,South,1,1,H,1483.613939609932,1506.2096602907266,0.5464987578896083,21,14,0,7,1.0,1,0.6042232442142231,0.826339077716754,1.0,22.44,8.409295710461393,1492.0232353203935,1,0,0
12,2004,R,RS,TB,CAR,NFC,NFC,South,South,1,1,A,1506.2096602907266,1483.613939609932,0.45350124211039167,14,21,0,-7,0.0,1,0.6042232442142231,0.826339077716754,1.0,22.44,-8.409295710461393,1497.800364580265,0,1,0
12,2004,R,RS,HOU,TEN,AFC,AFC,South,South,1,1,H,1459.576251135904,1502.490534580044,0.5173857323824548,31,21,0,10,1.0,1,0.6589665852144911,1.0033066669233348,1.0,22.44,10.865674918957447,1470.4419260548614,1,0,0
12,2004,R,RS,TEN,HOU,AFC,AFC,South,South,1,1,A,1502.490534580044,1459.576251135904,0.4826142676175453,21,31,0,-10,0.0,1,0.6589665852144914,1.0033066669233348,1.0,22.44,-10.865674918957447,1491.6248596610865,0,1,0
12,2004,R,RS,ATL,NO,NFC,NFC,South,South,1,1,H,1522.4057533012433,1451.4819975935643,0.6736797100709472,24,21,0,3,1.0,1,0.39500048862662046,0.5290442508524542,1.0,22.44,3.8739938773786986,1526.279747178622,1,0,0
12,2004,R,RS,NO,ATL,NFC,NFC,South,South,1,1,A,1451.4819975935643,1522.4057533012433,0.3263202899290528,21,24,0,-3,0.0,1,0.39500048862662046,0.5290442508524542,1.0,22.44,-3.8739938773786986,1447.6080037161855,0,1,0
12,2004,R,RS,MIA,SF,AFC,NFC,East,West,0,0,A,1450.2071762344774,1410.5506772076747,0.47793327079538134,24,17,0,7,1.0,0,0.7382841570822688,0.8154074941096392,1.0,20.0,8.513942468375072,1458.7211187028524,1,0,0
12,2004,R,RS,SF,MIA,NFC,AFC,West,East,0,0,H,1410.5506772076747,1450.2071762344774,0.5220667292046186,17,24,0,-7,0.0,0,0.7382841570822687,0.8154074941096392,1.0,20.0,-8.513942468375072,1402.0367347392996,0,1,0
12,2004,R,RS,BUF,SEA,AFC,NFC,East,West,0,0,A,1490.0456771761135,1537.3530547442915,0.3568807195282289,38,9,0,29,1.0,0,1.0303536720012232,2.055539583583787,1.0,20.0,26.439142759512983,1516.4848199356265,1,0,0
12,2004,R,RS,SEA,BUF,NFC,AFC,West,East,0,0,H,1537.3530547442915,1490.0456771761135,0.6431192804717711,9,38,0,-29,0.0,0,1.0303536720012234,2.055539583583787,1.0,20.0,-26.439142759512983,1510.9139119847785,0,1,0
12,2004,R,RS,NYJ,ARI,AFC,NFC,East,West,0,0,A,1534.9875744036683,1441.781942250536,0.5547617716157981,13,3,0,10,1.0,1,0.5892164977175998,0.9657415732098612,1.0,20.0,8.599701342658612,1543.587275746327,1,0,0
12,2004,R,RS,ARI,NYJ,NFC,AFC,West,East,0,0,H,1441.781942250536,1534.9875744036683,0.4452382283842019,3,13,0,-10,0.0,1,0.5892164977175998,0.9657415732098612,1.0,20.0,-8.599701342658612,1433.1822409078775,0,1,0
12,2004,R,RS,NE,BAL,AFC,AFC,East,North,1,0,H,1607.447509646176,1557.9681855542522,0.6459837049066863,24,3,0,21,1.0,1,0.4369810001203336,1.6302280789099866,1.0,20.4,11.773397014917194,1619.2209066610933,1,0,0
12,2004,R,RS,BAL,NE,AFC,AFC,North,East,1,0,A,1557.9681855542522,1607.447509646176,0.35401629509331367,3,24,0,-21,0.0,1,0.4369810001203336,1.6302280789099866,1.0,20.4,-11.773397014917194,1546.194788539335,0,1,0
12,2004,R,RS,OAK,DEN,AFC,AFC,West,West,1,1,A,1425.3693865616365,1555.99718117404,0.2556771274128528,25,24,0,1,1.0,0,1.3638398515547443,0.36594863400190086,1.0,22.44,6.112295579483063,1431.4816821411196,1,0,0
12,2004,R,RS,DEN,OAK,AFC,AFC,West,West,1,1,H,1555.99718117404,1425.3693865616365,0.7443228725871471,24,25,0,-1,0.0,0,1.363839851554744,0.36594863400190086,1.0,22.44,-6.112295579483063,1549.8848855945569,0,1,0
12,2004,R,RS,GB,STL,NFC,NFC,North,West,1,0,H,1545.666466345008,1499.2884220232763,0.6418905025722487,45,17,0,28,1.0,1,0.44333754657967656,2.005425059621302,1.0,20.4,14.650499908692055,1560.3169662537002,1,0,0
12,2004,R,RS,STL,GB,NFC,NFC,West,North,1,0,A,1499.2884220232763,1545.666466345008,0.3581094974277512,17,45,0,-28,0.0,1,0.4433375465796764,2.005425059621302,1.0,20.4,-14.65049990869205,1484.6379221145842,0,1,0
13,2004,R,RS,TB,ATL,NFC,NFC,South,South,1,1,H,1497.800364580265,1526.279747178622,0.5380922817322732,27,0,0,27,1.0,1,0.6197252061460848,1.9808519832471843,1.0,22.44,20.531945196487218,1518.3323097767523,1,0,0
13,2004,R,RS,ATL,TB,NFC,NFC,South,South,1,1,A,1526.279747178622,1497.800364580265,0.46190771826772686,0,27,0,-27,0.0,1,0.6197252061460851,1.9808519832471843,1.0,22.44,-20.53194519648722,1505.747801982135,0,1,0
13,2004,R,RS,CIN,BAL,AFC,AFC,North,North,1,1,A,1482.334404119349,1546.194788539335,0.33532112527572444,27,26,0,1,1.0,0,1.0926666233916635,0.38454531508422624,1.0,22.44,5.735644865651558,1488.0700489850005,1,0,0
13,2004,R,RS,BAL,CIN,AFC,AFC,North,North,1,1,H,1546.194788539335,1482.334404119349,0.6646788747242756,26,27,0,-1,0.0,0,1.0926666233916635,0.38454531508422624,1.0,22.44,-5.735644865651558,1540.4591436736835,0,1,0
13,2004,R,RS,NE,CLE,AFC,AFC,East,North,1,0,A,1619.2209066610933,1447.498464289715,0.6619303477571197,42,15,0,27,1.0,1,0.41259494344900066,1.7812748431659522,1.0,20.4,12.284777322273335,1631.5056839833667,1,0,0
13,2004,R,RS,CLE,NE,AFC,AFC,North,East,1,0,H,1447.498464289715,1619.2209066610933,0.33806965224288044,15,42,0,-27,0.0,1,0.41259494344900083,1.7812748431659522,1.0,20.4,-12.284777322273339,1435.2136869674416,0,1,0
13,2004,R,RS,IND,TEN,AFC,AFC,South,South,1,1,H,1606.9625192090764,1491.6248596610865,0.7272158249414786,51,24,0,27,1.0,1,0.31853197488496515,1.8548367159219767,1.0,22.44,11.35396912076799,1618.3164883298443,1,0,0
13,2004,R,RS,TEN,IND,AFC,AFC,South,South,1,1,A,1491.6248596610865,1606.9625192090764,0.2727841750585213,24,51,0,-27,0.0,1,0.31853197488496515,1.8548367159219767,1.0,22.44,-11.353969120767987,1480.2708905403185,0,1,0
13,2004,R,RS,STL,SF,NFC,NFC,West,West,1,1,H,1484.6379221145842,1402.0367347392996,0.6882812281212911,16,6,0,10,1.0,1,0.3735577627649383,0.973426658049795,1.0,22.44,6.809089531387079,1491.4470116459713,1,0,0
13,2004,R,RS,SF,STL,NFC,NFC,West,West,1,1,A,1402.0367347392996,1484.6379221145842,0.3117187718787089,6,16,0,-10,0.0,1,0.3735577627649383,0.973426658049795,1.0,22.44,-6.809089531387079,1395.2276452079125,0,1,0
13,2004,R,RS,BUF,MIA,AFC,AFC,East,East,1,1,A,1516.4848199356265,1458.7211187028524,0.503977201901807,42,32,0,10,1.0,1,0.6852242462556828,0.9919143031092741,1.0,22.44,11.040751705806217,1527.5255716414329,1,0,0
13,2004,R,RS,MIA,BUF,AFC,AFC,East,East,1,1,H,1458.7211187028524,1516.4848199356265,0.496022798098193,32,42,0,-10,0.0,1,0.6852242462556828,0.9919143031092741,1.0,22.44,-11.040751705806215,1447.6803669970461,0,1,0
13,2004,R,RS,CAR,NO,NFC,NFC,South,South,1,1,A,1492.0232353203935,1447.6080037161855,0.4847720047519582,32,21,0,11,1.0,0,0.7240765918680788,1.0633532516396638,1.0,22.44,12.29418853001782,1504.3174238504114,1,0,0
13,2004,R,RS,NO,CAR,NFC,NFC,South,South,1,1,H,1447.6080037161855,1492.0232353203935,0.5152279952480419,21,32,0,-11,0.0,0,0.7240765918680789,1.0633532516396638,1.0,22.44,-12.29418853001782,1435.3138151861676,0,1,0
13,2004,R,RS,CHI,MIN,NFC,NFC,North,North,1,1,H,1454.5699080906109,1524.3867938111193,0.47868970495456775,24,14,0,10,1.0,0,0.7367026890723677,0.9828556782191463,1.0,22.44,11.497645263972815,1466.0675533545837,1,0,0
13,2004,R,RS,MIN,CHI,NFC,NFC,North,North,1,1,A,1524.3867938111193,1454.5699080906109,0.5213102950454322,14,24,0,-10,0.0,0,0.7367026890723677,0.9828556782191463,1.0,22.44,-11.497645263972815,1512.8891485471465,0,1,0
13,2004,R,RS,DET,ARI,NFC,NFC,North,West,1,0,H,1434.1040017104415,1433.1822409078775,0.5797900363749323,26,12,0,14,1.0,1,0.545089247231869,1.285220781277857,1.0,20.4,11.017276586119367,1445.1212782965608,1,0,0
13,2004,R,RS,ARI,DET,NFC,NFC,West,North,1,0,A,1433.1822409078775,1434.1040017104415,0.4202099636250677,12,26,0,-14,0.0,1,0.545089247231869,1.285220781277857,1.0,20.4,-11.017276586119367,1422.1649643217581,0,1,0
13,2004,R,RS,NYJ,HOU,AFC,AFC,East,South,1,0,H,1543.587275746327,1470.4419260548614,0.6764848109419738,29,7,0,22,1.0,1,0.39084528403728735,1.6542197505715126,1.0,20.4,10.917370393133142,1554.50464613946,1,0,0
13,2004,R,RS,HOU,NYJ,AFC,AFC,South,East,1,0,A,1470.4419260548614,1543.587275746327,0.32351518905802623,7,29,0,-22,0.0,1,0.39084528403728735,1.6542197505715126,1.0,20.4,-10.917370393133142,1459.5245556617283,0,1,0
13,2004,R,RS,SD,DEN,AFC,AFC,West,West,1,1,H,1545.0463513227899,1549.8848855945569,0.5716907233460875,20,17,0,3,1.0,1,0.5591571272806509,0.5569060079726804,1.0,22.44,5.352568531811087,1550.398919854601,1,0,0
13,2004,R,RS,DEN,SD,AFC,AFC,West,West,1,1,A,1549.8848855945569,1545.0463513227899,0.42830927665391244,17,20,0,-3,0.0,1,0.5591571272806509,0.5569060079726804,1.0,22.44,-5.352568531811087,1544.5323170627457,0,1,0
13,2004,R,RS,KC,OAK,AFC,AFC,West,West,1,1,A,1500.939747603506,1431.4816821411196,0.5207948266972312,34,27,0,7,1.0,1,0.6523991215141661,0.7969905233518262,1.0,22.44,8.570329273016407,1509.5100768765224,1,0,0
13,2004,R,RS,OAK,KC,AFC,AFC,West,West,1,1,H,1431.4816821411196,1500.939747603506,0.47920517330276885,27,34,0,-7,0.0,1,0.6523991215141663,0.7969905233518262,1.0,22.44,-8.570329273016409,1422.9113528681032,0,1,0
13,2004,R,RS,PHI,GB,NFC,NFC,East,North,1,0,H,1610.8073242911894,1560.3169662537002,0.6473135351207004,47,17,0,30,1.0,1,0.4349245035292483,2.1016130903177435,1.0,20.4,15.120694023911788,1625.928018315101,1,0,0
13,2004,R,RS,GB,PHI,NFC,NFC,North,East,1,0,A,1560.3169662537002,1610.8073242911894,0.35268646487929955,17,47,0,-30,0.0,1,0.4349245035292483,2.1016130903177435,1.0,20.4,-15.120694023911788,1545.1962722297885,0,1,0
13,2004,R,RS,WAS,NYG,NFC,NFC,East,East,1,1,H,1439.7095653889053,1476.5521567372093,0.526106847899357,31,7,0,24,1.0,1,0.6422509539846074,1.808899065451427,1.0,22.44,19.23612630627287,1458.945691695178,1,0,0
13,2004,R,RS,NYG,WAS,NFC,NFC,East,East,1,1,A,1476.5521567372093,1439.7095653889053,0.473893152100643,7,31,0,-24,0.0,1,0.6422509539846074,1.808899065451427,1.0,22.44,-19.23612630627287,1457.3160304309365,0,1,0
13,2004,R,RS,PIT,JAX,AFC,AFC,North,South,1,0,A,1577.4306484811023,1474.8831008200586,0.5680024183395355,17,16,0,1,1.0,1,0.5656296026300222,0.3735460955714082,1.0,20.4,3.291968602481365,1580.7226170835836,1,0,0
13,2004,R,RS,JAX,PIT,AFC,AFC,South,North,1,0,H,1474.8831008200586,1577.4306484811023,0.4319975816604646,16,17,0,-1,0.0,1,0.5656296026300224,0.3735460955714082,1.0,20.4,-3.2919686024813655,1471.5911322175773,0,1,0
13,2004,R,RS,DAL,SEA,NFC,NFC,East,West,1,0,A,1442.3340310170775,1510.9139119847785,0.32929332437335623,43,39,0,4,1.0,0,1.110806361978529,0.599543552153788,1.0,20.4,8.203204400272512,1450.53723541735,1,0,0
13,2004,R,RS,SEA,DAL,NFC,NFC,West,East,1,0,H,1510.9139119847785,1442.3340310170775,0.6707066756266438,39,43,0,-4,0.0,0,1.110806361978529,0.599543552153788,1.0,20.4,-8.203204400272512,1502.710707584506,0,1,0
14,2004,R,RS,SEA,MIN,NFC,NFC,West,North,1,0,A,1502.710707584506,1512.8891485471465,0.40728577827161844,27,23,0,4,1.0,0,0.8982401820215535,0.6273286702397499,1.0,20.4,7.585263140800699,1510.2959707253067,1,0,0
14,2004,R,RS,MIN,SEA,NFC,NFC,North,West,1,0,H,1512.8891485471465,1502.710707584506,0.5927142217283815,23,27,0,-4,0.0,0,0.8982401820215534,0.6273286702397499,1.0,20.4,-7.5852631408006985,1505.303885406346,0,1,0
14,2004,R,RS,BAL,NYG,AFC,NFC,North,East,0,0,H,1540.4591436736835,1457.3160304309365,0.6889501402906285,37,14,0,23,1.0,1,0.372586375912623,1.6941452968044777,1.0,20.0,10.539273137966488,1550.99841681165,1,0,0
14,2004,R,RS,NYG,BAL,NFC,AFC,East,North,0,0,A,1457.3160304309365,1540.4591436736835,0.31104985970937155,14,37,0,-23,0.0,1,0.37258637591262317,1.6941452968044777,1.0,20.0,-10.53927313796649,1446.77675729297,0,1,0
14,2004,R,RS,BUF,CLE,AFC,AFC,East,North,1,0,H,1527.5255716414329,1435.2136869674416,0.7001464574589047,37,7,0,30,1.0,1,0.3564657408819255,2.0361345164930835,1.0,20.4,12.455059816357286,1539.9806314577902,1,0,0
14,2004,R,RS,CLE,BUF,AFC,AFC,North,East,1,0,A,1435.2136869674416,1527.5255716414329,0.2998535425410953,7,37,0,-30,0.0,1,0.3564657408819255,2.0361345164930835,1.0,20.4,-12.455059816357286,1422.7586271510843,0,1,0
14,2004,R,RS,NE,CIN,AFC,AFC,East,North,1,0,H,1631.5056839833667,1488.0700489850005,0.7580993493917197,35,28,0,7,1.0,1,0.2769408341292964,0.7546782554724091,1.0,20.4,3.7241660843734326,1635.22985006774,1,0,0
14,2004,R,RS,CIN,NE,AFC,AFC,North,East,1,0,A,1488.0700489850005,1631.5056839833667,0.2419006506082802,28,35,0,-7,0.0,1,0.2769408341292962,0.7546782554724091,1.0,20.4,-3.7241660843734317,1484.3458829006272,0,1,0
14,2004,R,RS,IND,HOU,AFC,AFC,South,South,1,1,A,1618.3164883298443,1459.5245556617283,0.6450782746612268,23,14,0,9,1.0,1,0.4383836134854985,0.8636681227170607,1.0,22.44,6.8786359804697765,1625.1951243103142,1,0,0
14,2004,R,RS,HOU,IND,AFC,AFC,South,South,1,1,H,1459.5245556617283,1618.3164883298443,0.3549217253387732,14,23,0,-9,0.0,1,0.4383836134854985,0.8636681227170607,1.0,22.44,-6.8786359804697765,1452.6459196812584,0,1,0
14,2004,R,RS,ATL,OAK,NFC,AFC,South,West,0,0,H,1505.747801982135,1422.9113528681032,0.6885717140438693,35,10,0,25,1.0,1,0.37313580640635813,1.7980357140854182,1.0,20.0,11.199183610510586,1516.9469855926454,1,0,0
14,2004,R,RS,OAK,ATL,AFC,NFC,West,South,0,0,A,1422.9113528681032,1505.747801982135,0.31142828595613065,10,35,0,-25,0.0,1,0.37313580640635796,1.7980357140854182,1.0,20.0,-11.199183610510584,1411.7121692575927,0,1,0
14,2004,R,RS,JAX,CHI,AFC,NFC,South,North,0,0,H,1471.5911322175773,1466.0675533545837,0.5862299480943921,22,3,0,19,1.0,1,0.5340431634835501,1.5738452260658746,1.0,20.0,13.024200417613404,1484.6153326351907,1,0,0
14,2004,R,RS,CHI,JAX,NFC,AFC,North,South,0,0,A,1466.0675533545837,1471.5911322175773,0.41377005190560795,3,22,0,-19,0.0,1,0.5340431634835503,1.5738452260658746,1.0,20.0,-13.024200417613406,1453.0433529369702,0,1,0
14,2004,R,RS,NO,DAL,NFC,NFC,South,East,1,0,A,1435.3138151861676,1450.53723541735,0.40029442166097373,27,13,0,14,1.0,0,0.9155549484767264,1.2706930784148636,1.0,20.4,15.545651240636541,1450.8594664268041,1,0,0
14,2004,R,RS,DAL,NO,NFC,NFC,East,South,1,0,H,1450.53723541735,1435.3138151861676,0.5997055783390263,13,27,0,-14,0.0,0,0.9155549484767264,1.2706930784148636,1.0,20.4,-15.545651240636541,1434.9915841767136,0,1,0
14,2004,R,RS,DEN,MIA,AFC,AFC,West,East,1,0,H,1544.5323170627457,1447.6803669970461,0.7056043567924948,20,17,0,3,1.0,1,0.34870059971608025,0.5188596406141673,1.0,20.4,3.116100359713665,1547.6484174224595,1,0,0
14,2004,R,RS,MIA,DEN,AFC,AFC,East,West,1,0,A,1447.6803669970461,1544.5323170627457,0.2943956432075053,17,20,0,-3,0.0,1,0.34870059971608025,0.5188596406141673,1.0,20.4,-3.1161003597136654,1444.5642666373324,0,1,0
14,2004,R,RS,PIT,NYJ,AFC,AFC,North,East,1,0,H,1580.7226170835836,1554.50464613946,0.614798553308866,17,6,0,11,1.0,1,0.48646062042901067,1.0785153295404477,1.0,20.4,8.475091570437929,1589.1977086540214,1,0,0
14,2004,R,RS,NYJ,PIT,AFC,AFC,East,North,1,0,A,1554.50464613946,1580.7226170835836,0.38520144669113393,6,17,0,-11,0.0,1,0.48646062042901067,1.0785153295404477,1.0,20.4,-8.475091570437929,1546.0295545690221,0,1,0
14,2004,R,RS,CAR,STL,NFC,NFC,South,West,1,0,H,1504.3174238504114,1491.4470116459713,0.5964496337874461,20,7,0,13,1.0,1,0.5167604772413837,1.2127909497770153,1.0,20.4,9.984213531204425,1514.3016373816158,1,0,0
14,2004,R,RS,STL,CAR,NFC,NFC,West,South,1,0,A,1491.4470116459713,1504.3174238504114,0.4035503662125539,7,20,0,-13,0.0,1,0.5167604772413837,1.2127909497770153,1.0,20.4,-9.984213531204425,1481.4627981147669,0,1,0
14,2004,R,RS,SF,ARI,NFC,NFC,West,West,1,1,A,1395.2276452079125,1422.1649643217581,0.38422126053318,31,28,1,3,1.0,0,0.956536693028334,0.38308770197082215,1.0,22.44,5.293534564325268,1400.5211797722377,1,0,0
14,2004,R,RS,ARI,SF,NFC,NFC,West,West,1,1,H,1422.1649643217581,1395.2276452079125,0.61577873946682,28,31,1,-3,0.0,0,0.9565366930283341,0.38308770197082215,1.0,22.44,-5.2935345643252685,1416.871429757433,0,1,0
14,2004,R,RS,GB,DET,NFC,NFC,North,North,1,1,H,1545.1962722297885,1445.1212782965608,0.7094436263738049,16,13,0,3,1.0,1,0.3432742409668305,0.5176209632145383,1.0,22.44,3.3749326904525034,1548.571204920241,1,0,0
14,2004,R,RS,DET,GB,NFC,NFC,North,North,1,1,A,1445.1212782965608,1545.1962722297885,0.29055637362619513,13,16,0,-3,0.0,1,0.3432742409668305,0.5176209632145383,1.0,22.44,-3.3749326904525034,1441.7463456061084,0,1,0
14,2004,R,RS,SD,TB,AFC,NFC,West,South,0,0,H,1550.398919854601,1518.3323097767523,0.6227402830657917,31,24,0,7,1.0,1,0.4736257282280722,0.8202347412119261,1.0,20.0,6.188830525784297,1556.5877503803854,1,0,0
14,2004,R,RS,TB,SD,NFC,AFC,South,West,0,0,A,1518.3323097767523,1550.398919854601,0.3772597169342084,24,31,0,-7,0.0,1,0.47362572822807236,0.8202347412119261,1.0,20.0,-6.188830525784298,1512.1434792509679,0,1,0
14,2004,R,RS,PHI,WAS,NFC,NFC,East,East,1,1,A,1625.928018315101,1458.945691695178,0.6557975416668018,17,14,0,3,1.0,1,0.4219031631806252,0.493179841161862,1.0,22.44,3.8092733360628075,1629.737291651164,1,0,0
14,2004,R,RS,WAS,PHI,NFC,NFC,East,East,1,1,H,1458.945691695178,1625.928018315101,0.34420245833319824,14,17,0,-3,0.0,1,0.4219031631806252,0.493179841161862,1.0,22.44,-3.809273336062808,1455.1364183591152,0,1,0
14,2004,R,RS,KC,TEN,AFC,AFC,West,South,1,0,A,1509.5100768765224,1480.2708905403185,0.4629949967047721,49,38,0,11,1.0,0,0.770039031207483,1.0759681693619558,1.0,20.4,11.787125922809057,1521.2972027993314,1,0,0
14,2004,R,RS,TEN,KC,AFC,AFC,South,West,1,0,H,1480.2708905403185,1509.5100768765224,0.5370050032952279,38,49,0,-11,0.0,0,0.7700390312074831,1.0759681693619558,1.0,20.4,-11.787125922809059,1468.4837646175095,0,1,0
15,2004,R,RS,PIT,NYG,AFC,NFC,North,East,0,0,A,1589.1977086540214,1446.77675729297,0.6232193718219707,33,30,0,3,1.0,1,0.4728567004703741,0.5018792040499649,1.0,20.0,3.781967235428702,1592.9796758894502,1,0,0
15,2004,R,RS,NYG,PIT,NFC,AFC,East,North,0,0,H,1446.77675729297,1589.1977086540214,0.3767806281780293,30,33,0,-3,0.0,1,0.4728567004703741,0.5018792040499649,1.0,20.0,-3.781967235428703,1442.9947900575412,0,1,0
15,2004,R,RS,WAS,SF,NFC,NFC,East,West,1,0,A,1455.1364183591152,1400.5211797722377,0.4994462840424757,26,16,0,10,1.0,0,0.6942552261308137,0.99430811627265,1.0,20.4,10.153174297102822,1465.289592656218,1,0,0
15,2004,R,RS,SF,WAS,NFC,NFC,West,East,1,0,H,1400.5211797722377,1455.1364183591152,0.5005537159575243,16,26,0,-10,0.0,0,0.6942552261308137,0.99430811627265,1.0,20.4,-10.153174297102822,1390.3680054751349,0,1,0
15,2004,R,RS,ATL,CAR,NFC,NFC,South,South,1,1,H,1516.9469855926454,1514.3016373816158,0.5822053796748585,34,31,1,3,1.0,1,0.5409320074610575,0.3905167442953653,1.0,22.44,3.661216037858772,1520.6082016305043,1,0,0
15,2004,R,RS,CAR,ATL,NFC,NFC,South,South,1,1,A,1514.3016373816158,1516.9469855926454,0.4177946203251415,31,34,1,-3,0.0,1,0.5409320074610575,0.3905167442953653,1.0,22.44,-3.661216037858772,1510.640421343757,0,1,0
15,2004,R,RS,KC,DEN,AFC,AFC,West,West,1,1,H,1521.2972027993314,1547.6484174224595,0.5411357272678291,45,17,0,28,1.0,1,0.6140851494057133,2.0368915601285362,1.0,22.44,20.973697792522888,1542.2709005918543,1,0,0
15,2004,R,RS,DEN,KC,AFC,AFC,West,West,1,1,A,1547.6484174224595,1521.2972027993314,0.4588642727321709,17,45,0,-28,0.0,1,0.6140851494057133,2.0368915601285362,1.0,22.44,-20.973697792522888,1526.6747196299366,0,1,0
15,2004,R,RS,HOU,CHI,AFC,NFC,South,North,0,0,A,1452.6459196812584,1453.0433529369702,0.4209454925210453,24,5,0,19,1.0,0,0.8652519251283551,1.580297382458369,1.0,20.0,18.301566449394244,1470.9474861306526,1,0,0
15,2004,R,RS,CHI,HOU,NFC,AFC,North,South,0,0,H,1453.0433529369702,1452.6459196812584,0.5790545074789547,5,24,0,-19,0.0,0,0.8652519251283551,1.580297382458369,1.0,20.0,-18.301566449394244,1434.741786487576,0,1,0
15,2004,R,RS,PHI,DAL,NFC,NFC,East,East,1,1,H,1629.737291651164,1434.9915841767136,0.8080907647550425,12,7,0,5,1.0,1,0.21308089415225087,0.6088766597223612,1.0,22.44,2.622092774583458,1632.3593844257475,1,0,0
15,2004,R,RS,DAL,PHI,NFC,NFC,East,East,1,1,A,1434.9915841767136,1629.737291651164,0.1919092352449575,7,12,0,-5,0.0,1,0.21308089415225087,0.6088766597223612,1.0,22.44,-2.622092774583458,1432.36949140213,0,1,0
15,2004,R,RS,NYJ,SEA,AFC,NFC,East,West,0,0,H,1546.0295545690221,1510.2959707253067,0.6276864759945805,37,14,0,23,1.0,1,0.4657144792235884,1.7566144056963597,1.0,20.0,13.080225994069947,1559.109780563092,1,0,0
15,2004,R,RS,SEA,NYJ,NFC,AFC,West,East,0,0,A,1510.2959707253067,1546.0295545690221,0.3723135240054195,14,37,0,-23,0.0,1,0.4657144792235884,1.7566144056963597,1.0,20.0,-13.080225994069947,1497.2157447312368,0,1,0
15,2004,R,RS,BUF,CIN,AFC,AFC,East,North,1,0,A,1539.9806314577902,1484.3458829006272,0.500913475587132,33,17,0,16,1.0,1,0.6913218962311233,1.3459531102133373,1.0,20.4,13.703640019900915,1553.684271477691,1,0,0
15,2004,R,RS,CIN,BUF,AFC,AFC,North,East,1,0,H,1484.3458829006272,1539.9806314577902,0.4990865244128681,17,33,0,-16,0.0,1,0.6913218962311235,1.3459531102133373,1.0,20.4,-13.703640019900917,1470.6422428807264,0,1,0
15,2004,R,RS,SD,CLE,AFC,AFC,West,North,1,0,A,1556.5877503803854,1422.7586271510843,0.6115368520085233,21,0,0,21,1.0,1,0.49178006073450786,1.5308592994155372,1.0,20.4,12.131521420692918,1568.7192718010783,1,0,0
15,2004,R,RS,CLE,SD,AFC,AFC,North,West,1,0,H,1422.7586271510843,1556.5877503803854,0.38846314799147674,0,21,0,-21,0.0,1,0.49178006073450786,1.5308592994155372,1.0,20.4,-12.131521420692918,1410.6271057303913,0,1,0
15,2004,R,RS,MIN,DET,NFC,NFC,North,North,1,1,A,1505.303885406346,1441.7463456061084,0.5123127999194058,28,27,0,1,1.0,1,0.6688199031462833,0.3846339731568223,1.0,22.44,4.209319108130831,1509.5132045144767,1,0,0
15,2004,R,RS,DET,MIN,NFC,NFC,North,North,1,1,H,1441.7463456061084,1505.303885406346,0.4876872000805942,27,28,0,-1,0.0,1,0.6688199031462833,0.3846339731568223,1.0,22.44,-4.209319108130831,1437.5370264979776,0,1,0
15,2004,R,RS,ARI,STL,NFC,NFC,West,West,1,1,H,1416.871429757433,1481.4627981147669,0.4862004167551078,31,7,0,24,1.0,0,0.7211343599324276,1.7707162977813669,1.0,22.44,20.41576155876191,1437.2871913161948,1,0,0
15,2004,R,RS,STL,ARI,NFC,NFC,West,West,1,1,A,1481.4627981147669,1416.871429757433,0.5137995832448923,7,31,0,-24,0.0,0,0.7211343599324277,1.7707162977813669,1.0,22.44,-20.41576155876191,1461.047036556005,0,1,0
15,2004,R,RS,NO,TB,NFC,NFC,South,South,1,1,A,1450.8594664268041,1512.1434792509679,0.3386346559343762,21,17,0,4,1.0,0,1.0828334638579153,0.6028793593931374,1.0,22.44,8.947355675592561,1459.8068221023966,1,0,0
15,2004,R,RS,TB,NO,NFC,NFC,South,South,1,1,H,1512.1434792509679,1450.8594664268041,0.6613653440656239,17,21,0,-4,0.0,0,1.0828334638579153,0.6028793593931374,1.0,22.44,-8.947355675592563,1503.1961235753754,0,1,0
15,2004,R,RS,JAX,GB,AFC,NFC,South,North,0,0,A,1484.6153326351907,1548.571204920241,0.3351986249198419,28,25,0,3,1.0,0,1.093032012650398,0.5318497626227553,1.0,20.0,7.071489070553267,1491.686821705744,1,0,0
15,2004,R,RS,GB,JAX,NFC,AFC,North,South,0,0,H,1548.571204920241,1484.6153326351907,0.664801375080158,25,28,0,-3,0.0,0,1.0930320126503978,0.5318497626227553,1.0,20.0,-7.071489070553267,1541.4997158496876,0,1,0
15,2004,R,RS,OAK,TEN,AFC,AFC,West,South,1,0,H,1411.7121692575927,1468.4837646175095,0.49745049142946396,40,35,0,5,1.0,0,0.6982592420500526,0.6731642650014747,1.0,20.4,6.901286759500239,1418.6134560170929,1,0,0
15,2004,R,RS,TEN,OAK,AFC,AFC,South,West,1,0,A,1468.4837646175095,1411.7121692575927,0.502549508570536,35,40,0,-5,0.0,0,0.6982592420500526,0.6731642650014747,1.0,20.4,-6.901286759500239,1461.5824778580093,0,1,0
15,2004,R,RS,IND,BAL,AFC,AFC,South,North,1,0,H,1625.1951243103142,1550.99841681165,0.6778079150521829,20,10,0,10,1.0,1,0.38889134231439565,0.9796048525073232,1.0,20.4,6.438666969028399,1631.6337912793426,1,0,0
15,2004,R,RS,BAL,IND,AFC,AFC,North,South,1,0,A,1550.99841681165,1625.1951243103142,0.3221920849478172,10,20,0,-10,0.0,1,0.3888913423143958,0.9796048525073232,1.0,20.4,-6.438666969028401,1544.5597498426216,0,1,0
15,2004,R,RS,MIA,NE,AFC,AFC,East,East,1,1,H,1444.5642666373324,1635.22985006774,0.3141143405597916,29,28,0,1,1.0,0,1.1579982174472943,0.3506982198467101,1.0,22.44,5.3976924623544855,1449.961959099687,1,0,0
15,2004,R,RS,NE,MIA,AFC,AFC,East,East,1,1,A,1635.22985006774,1444.5642666373324,0.6858856594402084,28,29,0,-1,0.0,0,1.1579982174472943,0.3506982198467101,1.0,22.44,-5.3976924623544855,1629.8321576053854,0,1,0
16,2004,R,RS,GB,MIN,NFC,NFC,North,North,1,1,A,1541.4997158496876,1509.5132045144767,0.46692927923728794,34,31,0,3,1.0,0,0.7615774691036014,0.5451126923665827,1.0,22.44,6.520696338928023,1548.0204121886156,1,0,0
16,2004,R,RS,MIN,GB,NFC,NFC,North,North,1,1,H,1509.5132045144767,1541.4997158496876,0.5330707207627121,31,34,0,-3,0.0,0,0.7615774691036015,0.5451126923665827,1.0,22.44,-6.520696338928023,1502.9925081755487,0,1,0
16,2004,R,RS,KC,OAK,AFC,AFC,West,West,1,1,H,1542.2709005918543,1418.6134560170929,0.7366123602493856,31,30,0,1,1.0,1,0.3056934949743171,0.3678055671731689,1.0,22.44,2.173884878646241,1544.4447854705006,1,0,0
16,2004,R,RS,OAK,KC,AFC,AFC,West,West,1,1,A,1418.6134560170929,1542.2709005918543,0.2633876397506144,30,31,0,-1,0.0,1,0.3056934949743171,0.3678055671731689,1.0,22.44,-2.173884878646241,1416.4395711384466,0,1,0
16,2004,R,RS,DEN,TEN,AFC,AFC,West,South,1,0,A,1526.6747196299366,1461.5824778580093,0.5145198198208192,37,16,0,21,1.0,1,0.6645212019605603,1.6108738344036413,1.0,20.4,15.953765315193035,1542.6284849451297,1,0,0
16,2004,R,RS,TEN,DEN,AFC,AFC,South,West,1,0,H,1461.5824778580093,1526.6747196299366,0.48548018017918093,16,37,0,-21,0.0,1,0.6645212019605605,1.6108738344036413,1.0,20.4,-15.953765315193039,1445.6287125428162,0,1,0
16,2004,R,RS,IND,SD,AFC,AFC,South,West,1,0,H,1631.6337912793426,1568.7192718010783,0.6634642387833756,34,31,1,3,1.0,1,0.41028032450209073,0.37259012363919863,1.0,20.4,2.557953977966564,1634.191745257309,1,0,0
16,2004,R,RS,SD,IND,AFC,AFC,West,South,1,0,A,1568.7192718010783,1631.6337912793426,0.3365357612166243,31,34,1,-3,0.0,1,0.41028032450209057,0.37259012363919863,1.0,20.4,-2.557953977966563,1566.1613178231119,0,1,0
16,2004,R,RS,PIT,BAL,AFC,AFC,North,North,1,1,H,1592.9796758894502,1544.5597498426216,0.6445878343637869,20,7,0,13,1.0,1,0.4391441829346757,1.179585876601431,1.0,22.44,9.407726996270716,1602.3874028857208,1,0,0
16,2004,R,RS,BAL,PIT,AFC,AFC,North,North,1,1,A,1544.5597498426216,1592.9796758894502,0.35541216563621314,7,20,0,-13,0.0,1,0.4391441829346757,1.179585876601431,1.0,22.44,-9.407726996270716,1535.152022846351,0,1,0
16,2004,R,RS,NO,ATL,NFC,NFC,South,South,1,1,H,1459.8068221023966,1520.6082016305043,0.4916519195757361,26,13,0,13,1.0,0,0.7099842934094066,1.1684438470869576,1.0,22.44,13.328825630674423,1473.135647733071,1,0,0
16,2004,R,RS,ATL,NO,NFC,NFC,South,South,1,1,A,1520.6082016305043,1459.8068221023966,0.5083480804242639,13,26,0,-13,0.0,0,0.7099842934094067,1.1684438470869576,1.0,22.44,-13.328825630674423,1507.2793759998299,0,1,0
16,2004,R,RS,DET,CHI,NFC,NFC,North,North,1,1,H,1437.5370264979776,1434.741786487576,0.5824152455358954,19,13,0,6,1.0,1,0.5405716053545423,0.7715474896423267,1.0,22.44,7.229864364801782,1444.7668908627795,1,0,0
16,2004,R,RS,CHI,DET,NFC,NFC,North,North,1,1,A,1434.741786487576,1437.5370264979776,0.41758475446410454,13,19,0,-6,0.0,1,0.5405716053545421,0.7715474896423267,1.0,22.44,-7.229864364801781,1427.5119221227742,0,1,0
16,2004,R,RS,CIN,NYG,AFC,NFC,North,East,0,0,H,1470.6422428807264,1442.9947900575412,0.6167454485671782,23,22,0,1,1.0,1,0.48329890330451697,0.3954446544600802,1.0,20.0,3.0311192732321053,1473.6733621539586,1,0,0
16,2004,R,RS,NYG,CIN,NFC,AFC,East,North,0,0,A,1442.9947900575412,1470.6422428807264,0.3832545514328218,22,23,0,-1,0.0,1,0.48329890330451697,0.3954446544600802,1.0,20.0,-3.031119273232105,1439.963670784309,0,1,0
16,2004,R,RS,HOU,JAX,AFC,AFC,South,South,1,1,A,1470.9474861306526,1491.686821705744,0.39269672765673475,21,0,0,21,1.0,0,0.9347176503671047,1.667098532948845,1.0,22.44,22.719027809853323,1493.6665139405059,1,0,0
16,2004,R,RS,JAX,HOU,AFC,AFC,South,South,1,1,H,1491.686821705744,1470.9474861306526,0.6073032723432652,0,21,0,-21,0.0,0,0.9347176503671045,1.667098532948845,1.0,22.44,-22.719027809853323,1468.9677938958907,0,1,0
16,2004,R,RS,NE,NYJ,AFC,AFC,East,East,1,1,A,1629.8321576053854,1559.109780563092,0.5226108872826132,23,7,0,16,1.0,1,0.6489180931952655,1.3305772516390457,1.0,22.44,14.253957419529108,1644.0861150249145,1,0,0
16,2004,R,RS,NYJ,NE,AFC,AFC,East,East,1,1,H,1559.109780563092,1629.8321576053854,0.4773891127173869,7,23,0,-16,0.0,1,0.6489180931952655,1.3305772516390457,1.0,22.44,-14.25395741952911,1544.855823143563,0,1,0
16,2004,R,RS,BUF,SF,AFC,NFC,East,West,0,0,A,1553.684271477691,1390.3680054751349,0.6510183639437498,41,7,0,34,1.0,1,0.4292174283484648,2.119194272552596,1.0,20.0,14.791197687128799,1568.4754691648197,1,0,0
16,2004,R,RS,SF,BUF,NFC,AFC,West,East,0,0,H,1390.3680054751349,1553.684271477691,0.3489816360562503,7,41,0,-34,0.0,1,0.429217428348465,2.119194272552596,1.0,20.0,-14.791197687128802,1375.5768077880061,0,1,0
16,2004,R,RS,CAR,TB,NFC,NFC,South,South,1,1,A,1510.640421343757,1503.1961235753754,0.4319860633996812,37,20,0,17,1.0,0,0.8393619519072988,1.4560758214840495,1.0,22.44,18.559481303807225,1529.1999026475642,1,0,0
16,2004,R,RS,TB,CAR,NFC,NFC,South,South,1,1,H,1503.1961235753754,1510.640421343757,0.5680139366003187,20,37,0,-17,0.0,0,0.8393619519072987,1.4560758214840495,1.0,22.44,-18.559481303807225,1484.6366422715682,0,1,0
16,2004,R,RS,DAL,WAS,NFC,NFC,East,East,1,1,H,1432.36949140213,1465.289592656218,0.5317328198950936,13,10,0,3,1.0,1,0.631614134036619,0.5447160100527364,1.0,22.44,5.723829816872168,1438.0933212190023,1,0,0
16,2004,R,RS,WAS,DAL,NFC,NFC,East,East,1,1,A,1465.289592656218,1432.36949140213,0.4682671801049065,10,13,0,-3,0.0,1,0.6316141340366193,0.5447160100527364,1.0,22.44,-5.723829816872169,1459.5657628393458,0,1,0
16,2004,R,RS,SEA,ARI,NFC,NFC,West,West,1,1,H,1497.2157447312368,1437.2871913161948,0.6596156585422863,24,21,0,3,1.0,1,0.41609794912685294,0.5334849117913385,1.0,22.44,4.074877588876064,1501.2906223201128,1,0,0
16,2004,R,RS,ARI,SEA,NFC,NFC,West,West,1,1,A,1437.2871913161948,1497.2157447312368,0.34038434145771373,21,24,0,-3,0.0,1,0.41609794912685294,0.5334849117913385,1.0,22.44,-4.074877588876065,1433.2123137273188,0,1,0
16,2004,R,RS,MIA,CLE,AFC,AFC,East,North,1,0,H,1449.961959099687,1410.6271057303913,0.6325181689741846,10,7,0,3,1.0,1,0.4580463331421507,0.542005916419153,1.0,20.4,4.063217462487722,1454.0251765621747,1,0,0
16,2004,R,RS,CLE,MIA,AFC,AFC,North,East,1,0,A,1410.6271057303913,1449.961959099687,0.3674818310258154,7,10,0,-3,0.0,1,0.4580463331421507,0.542005916419153,1.0,20.4,-4.063217462487722,1406.5638882679036,0,1,0
16,2004,R,RS,STL,PHI,NFC,NFC,West,East,1,0,H,1461.047036556005,1632.3593844257475,0.3385981266623796,20,7,0,13,1.0,0,1.0829413418962228,1.0775941044614623,1.0,20.4,14.539544291523084,1475.586580847528,1,0,0
16,2004,R,RS,PHI,STL,NFC,NFC,East,West,1,0,A,1632.3593844257475,1461.047036556005,0.6614018733376205,7,20,0,-13,0.0,0,1.0829413418962228,1.0775941044614623,1.0,20.4,-14.539544291523086,1617.8198401342245,0,1,0
17,2004,R,RS,PIT,BUF,AFC,AFC,North,East,1,0,A,1602.3874028857208,1568.4754691648197,0.4696890462575874,29,24,0,5,1.0,0,0.7556844069416065,0.6851497500812914,1.0,20.4,7.4121853154085,1609.7995882011294,1,0,0
17,2004,R,RS,BUF,PIT,AFC,AFC,East,North,1,0,H,1568.4754691648197,1602.3874028857208,0.5303109537424125,24,29,0,-5,0.0,0,0.7556844069416064,0.6851497500812914,1.0,20.4,-7.4121853154084985,1561.0632838494112,0,1,0
17,2004,R,RS,NO,CAR,NFC,NFC,South,South,1,1,A,1473.135647733071,1529.1999026475642,0.34539637158114767,21,18,0,3,1.0,0,1.0630626183011473,0.5350633524667826,1.0,22.44,7.85970900435348,1480.9953567374246,1,0,0
17,2004,R,RS,CAR,NO,NFC,NFC,South,South,1,1,H,1529.1999026475642,1473.135647733071,0.6546036284188523,18,21,0,-3,0.0,0,1.0630626183011473,0.5350633524667826,1.0,22.44,-7.85970900435348,1521.3401936432106,0,1,0
17,2004,R,RS,CLE,HOU,AFC,AFC,North,South,1,0,A,1406.5638882679036,1493.6665139405059,0.3061865701273585,22,14,0,8,1.0,0,1.1835606565265677,0.8487858992993564,1.0,20.4,12.013540742816588,1418.5774290107202,1,0,0
17,2004,R,RS,HOU,CLE,AFC,AFC,South,North,1,0,H,1493.6665139405059,1406.5638882679036,0.6938134298726415,14,22,0,-8,0.0,0,1.1835606565265677,0.8487858992993564,1.0,20.4,-12.013540742816588,1481.6529731976893,0,1,0
17,2004,R,RS,BAL,MIA,AFC,AFC,North,East,1,0,H,1535.152022846351,1454.0251765621747,0.6864574396349397,30,23,0,7,1.0,1,0.3762110518577304,0.7900040308473766,1.0,20.4,5.053077685224332,1540.2051005315752,1,0,0
17,2004,R,RS,MIA,BAL,AFC,AFC,East,North,1,0,A,1454.0251765621747,1535.152022846351,0.3135425603650604,23,30,0,-7,0.0,1,0.3762110518577304,0.7900040308473766,1.0,20.4,-5.053077685224333,1448.9720988769504,0,1,0
17,2004,R,RS,NE,SF,AFC,NFC,East,West,0,0,H,1644.0861150249145,1375.5768077880061,0.8655612308291828,21,7,0,14,1.0,1,0.14437716067625908,1.0587426992209532,1.0,20.0,2.846721307037074,1646.9328363319516,1,0,0
17,2004,R,RS,SF,NE,NFC,AFC,West,East,0,0,A,1375.5768077880061,1644.0861150249145,0.13443876917081726,7,21,0,-14,0.0,1,0.14437716067625922,1.0587426992209532,1.0,20.0,-2.846721307037075,1372.730086480969,0,1,0
17,2004,R,RS,STL,NYJ,NFC,AFC,West,East,0,0,H,1475.586580847528,1544.855823143563,0.4794764477620354,32,29,1,3,1.0,0,0.7350605041923393,0.3707954126852425,1.0,20.0,3.860154907289289,1479.4467357548174,1,0,0
17,2004,R,RS,NYJ,STL,AFC,NFC,East,West,0,0,A,1544.855823143563,1475.586580847528,0.5205235522379646,29,32,1,-3,0.0,0,0.7350605041923394,0.3707954126852425,1.0,20.0,-3.86015490728929,1540.9956682362736,0,1,0
17,2004,R,RS,GB,CHI,NFC,NFC,North,North,1,1,A,1548.0204121886156,1427.5119221227742,0.5931727881213746,31,14,0,17,1.0,1,0.5222695427958888,1.3359524965478828,1.0,22.44,12.19618105112707,1560.2165932397427,1,0,0
17,2004,R,RS,CHI,GB,NFC,NFC,North,North,1,1,H,1427.5119221227742,1548.0204121886156,0.4068272118786253,14,31,0,-17,0.0,1,0.5222695427958888,1.3359524965478828,1.0,22.44,-12.196181051127068,1415.3157410716472,0,1,0
17,2004,R,RS,TEN,DET,AFC,NFC,South,North,0,0,H,1445.6287125428162,1444.7668908627795,0.5797059713929954,24,19,0,5,1.0,1,0.5452342498563214,0.7032526896806017,1.0,20.0,5.911458121491434,1451.5401706643077,1,0,0
17,2004,R,RS,DET,TEN,NFC,AFC,North,South,0,0,A,1444.7668908627795,1445.6287125428162,0.42029402860700454,19,24,0,-5,0.0,1,0.5452342498563213,0.7032526896806017,1.0,20.0,-5.9114581214914335,1438.855432741288,0,1,0
17,2004,R,RS,WAS,MIN,NFC,NFC,East,North,1,0,H,1459.5657628393458,1502.9925081755487,0.5166490948587511,21,18,0,3,1.0,1,0.6603913682661102,0.5402912235203021,1.0,20.4,5.327465139339582,1464.8932279786854,1,0,0
17,2004,R,RS,MIN,WAS,NFC,NFC,North,East,1,0,A,1502.9925081755487,1459.5657628393458,0.4833509051412488,18,21,0,-3,0.0,1,0.66039136826611,0.5402912235203021,1.0,20.4,-5.32746513933958,1497.665043036209,0,1,0
17,2004,R,RS,CIN,PHI,AFC,NFC,North,East,0,0,A,1473.6733621539586,1617.8198401342245,0.24115104383142644,38,10,0,28,1.0,0,1.4223318039199147,1.8647890002146932,1.0,20.0,28.301863725751154,1501.9752258797098,1,0,0
17,2004,R,RS,PHI,CIN,NFC,AFC,East,North,0,0,H,1617.8198401342245,1473.6733621539586,0.7588489561685736,10,38,0,-28,0.0,0,1.4223318039199149,1.8647890002146932,1.0,20.0,-28.301863725751154,1589.5179764084733,0,1,0
17,2004,R,RS,SEA,ATL,NFC,NFC,West,South,1,0,H,1501.2906223201128,1507.2793759998299,0.5700686905677592,28,26,0,2,1.0,1,0.5619984156462614,0.4808825328214402,1.0,20.4,4.217627723187892,1505.5082500433007,1,0,0
17,2004,R,RS,ATL,SEA,NFC,NFC,South,West,1,0,A,1507.2793759998299,1501.2906223201128,0.4299313094322408,26,28,0,-2,0.0,1,0.5619984156462614,0.4808825328214402,1.0,20.4,-4.217627723187892,1503.061748276642,0,1,0
17,2004,R,RS,ARI,TB,NFC,NFC,West,South,1,0,H,1433.2123137273188,1484.6366422715682,0.5051456232008887,12,7,0,5,1.0,1,0.6829085285012938,0.6759301491614566,1.0,20.4,6.823534651549666,1440.0358483788684,1,0,0
17,2004,R,RS,TB,ARI,NFC,NFC,South,West,1,0,A,1484.6366422715682,1433.2123137273188,0.49485437679911126,7,12,0,-5,0.0,1,0.6829085285012938,0.6759301491614566,1.0,20.4,-6.823534651549666,1477.8131076200186,0,1,0
17,2004,R,RS,DEN,IND,AFC,AFC,West,South,1,0,H,1542.6284849451297,1634.191745257309,0.4475746317851581,33,14,0,19,1.0,0,0.8039119802337203,1.472908396691523,1.0,20.4,16.598908053136558,1559.2273929982662,1,0,0
17,2004,R,RS,IND,DEN,AFC,AFC,South,West,1,0,A,1634.191745257309,1542.6284849451297,0.5524253682148418,14,33,0,-19,0.0,0,0.80391198023372,1.472908396691523,1.0,20.4,-16.598908053136554,1617.5928372041726,0,1,0
17,2004,R,RS,JAX,OAK,AFC,AFC,South,West,1,0,A,1468.9677938958907,1416.4395711384466,0.49644288661801605,13,6,0,7,1.0,0,0.7002868341014794,0.8073495497145039,1.0,20.4,8.293550818387393,1477.261344714278,1,0,0
17,2004,R,RS,OAK,JAX,AFC,AFC,West,South,1,0,H,1416.4395711384466,1468.9677938958907,0.5035571133819841,6,13,0,-7,0.0,0,0.7002868341014796,0.8073495497145039,1.0,20.4,-8.293550818387395,1408.1460203200593,0,1,0
17,2004,R,RS,SD,KC,AFC,AFC,West,West,1,1,H,1566.1613178231119,1544.4447854705006,0.6086439902831201,24,17,0,7,1.0,1,0.49652176302211964,0.8269103588582409,1.0,22.44,7.261950634510895,1573.4232684576227,1,0,0
17,2004,R,RS,KC,SD,AFC,AFC,West,West,1,1,A,1544.4447854705006,1566.1613178231119,0.39135600971687995,17,24,0,-7,0.0,1,0.4965217630221198,0.8269103588582409,1.0,22.44,-7.261950634510896,1537.1828348359898,0,1,0
17,2004,R,RS,NYG,DAL,NFC,NFC,East,East,1,1,H,1439.963670784309,1438.0933212190023,0.5811198185562161,28,24,0,4,1.0,1,0.542798315240493,0.6314919639309292,1.0,22.44,5.935816871606879,1445.899487655916,1,0,0
17,2004,R,RS,DAL,NYG,NFC,NFC,East,East,1,1,A,1438.0933212190023,1439.963670784309,0.41888018144378397,24,28,0,-4,0.0,1,0.542798315240493,0.6314919639309292,1.0,22.44,-5.93581687160688,1432.1575043473954,0,1,0
18,2004,P,WC,STL,SEA,NFC,NFC,West,West,1,1,A,1479.4467357548174,1505.5082500433007,0.3854147587276194,27,20,0,7,1.0,0,0.9534352291642036,0.8240947339596029,1.1,24.684000000000005,12.501864960901536,1491.9486007157188,0,0,0
18,2004,P,WC,SEA,STL,NFC,NFC,West,West,1,1,H,1505.5082500433007,1479.4467357548174,0.6145852412723807,20,27,0,-7,0.0,0,0.9534352291642038,0.8240947339596029,1.1,24.684000000000005,-12.501864960901536,1493.0063850823992,0,0,0
18,2004,P,WC,NYJ,SD,AFC,AFC,East,West,1,0,A,1540.9956682362736,1573.4232684576227,0.3767716408546808,20,17,1,3,1.0,0,0.9761160022368603,0.38144764122019237,1.1,22.44,5.33463848034179,1546.3303067166153,0,0,0
18,2004,P,WC,SD,NYJ,AFC,AFC,West,East,1,0,H,1573.4232684576227,1540.9956682362736,0.6232283591453192,17,20,1,-3,0.0,0,0.9761160022368602,0.38144764122019237,1.1,22.44,-5.33463848034179,1568.088629977281,0,0,0
18,2004,P,WC,IND,DEN,AFC,AFC,South,West,1,0,H,1617.5928372041726,1559.2273929982662,0.657592514498074,49,24,0,25,1.0,1,0.419169818367494,1.8316652638256847,1.1,22.44,14.073827134688864,1631.6666643388614,0,0,0
18,2004,P,WC,DEN,IND,AFC,AFC,West,South,1,0,A,1559.2273929982662,1617.5928372041726,0.3424074855019261,24,49,0,-25,0.0,1,0.4191698183674942,1.8316652638256847,1.1,22.44,-14.073827134688868,1545.1535658635773,0,0,0
18,2004,P,WC,MIN,GB,NFC,NFC,North,North,1,1,A,1497.665043036209,1560.2165932397427,0.3370024447731813,31,17,0,14,1.0,0,1.0876650941362633,1.2248742858799266,1.1,24.684000000000005,20.04559640935312,1517.710639445562,0,0,0
18,2004,P,WC,GB,MIN,NFC,NFC,North,North,1,1,H,1560.2165932397427,1497.665043036209,0.6629975552268188,17,31,0,-14,0.0,0,1.0876650941362638,1.2248742858799266,1.1,24.684000000000005,-20.045596409353124,1540.1709968303896,0,0,0
19,2004,P,DV,PIT,NYJ,AFC,AFC,North,East,1,0,H,1609.7995882011294,1546.3303067166153,0.6641769016455449,20,17,1,3,1.0,1,0.4092067468478332,0.3724327550220465,1.2,24.479999999999997,3.061750851710236,1612.8613390528396,0,0,0
19,2004,P,DV,NYJ,PIT,AFC,AFC,East,North,1,0,A,1546.3303067166153,1609.7995882011294,0.33582309835445523,17,20,1,-3,0.0,1,0.40920674684783337,0.3724327550220465,1.2,24.479999999999997,-3.0617508517102374,1543.268555864905,0,0,0
19,2004,P,DV,ATL,STL,NFC,NFC,South,West,1,0,H,1503.061748276642,1491.9486007157188,0.5940124706023702,47,17,0,30,1.0,1,0.5208549655597845,2.1672342133373577,1.2,24.479999999999997,21.539219164243836,1524.6009674408858,0,0,0
19,2004,P,DV,STL,ATL,NFC,NFC,West,South,1,0,A,1491.9486007157188,1503.061748276642,0.4059875293976299,17,47,0,-30,0.0,1,0.5208549655597845,2.1672342133373577,1.2,24.479999999999997,-21.53921916424384,1470.409381551475,0,0,0
19,2004,P,DV,PHI,MIN,NFC,NFC,East,North,1,0,H,1589.5179764084733,1517.710639445562,0.6747968699246404,27,14,0,13,1.0,1,0.3933435668441399,1.158714862471435,1.2,24.479999999999997,9.224497299440674,1598.7424737079139,0,0,0
19,2004,P,DV,MIN,PHI,NFC,NFC,North,East,1,0,A,1517.710639445562,1589.5179764084733,0.32520313007535967,14,27,0,-13,0.0,1,0.39334356684414007,1.158714862471435,1.2,24.479999999999997,-9.224497299440676,1508.4861421461214,0,0,0
19,2004,P,DV,NE,IND,AFC,AFC,East,South,1,0,H,1646.9328363319516,1631.6666643388614,0.5997646551009747,20,3,0,17,1.0,1,0.5112179422111846,1.4470743621947786,1.2,24.479999999999997,14.178089101836374,1661.110925433788,0,0,0
19,2004,P,DV,IND,NE,AFC,AFC,South,East,1,0,A,1631.6666643388614,1646.9328363319516,0.40023534489902535,3,20,0,-17,0.0,1,0.5112179422111846,1.4470743621947786,1.2,24.479999999999997,-14.178089101836374,1617.488575237025,0,0,0
20,2004,P,CC,PHI,ATL,NFC,NFC,East,South,1,0,H,1598.7424737079139,1524.6009674408858,0.677738516485105,27,10,0,17,1.0,1,0.3889937343321443,1.382733061517899,1.35,27.54,12.271868276329288,1611.0143419842432,0,0,0
20,2004,P,CC,ATL,PHI,NFC,NFC,South,East,1,0,A,1524.6009674408858,1598.7424737079139,0.3222614835148951,10,27,0,-17,0.0,1,0.38899373433214446,1.382733061517899,1.35,27.54,-12.27186827632929,1512.3290991645565,0,0,0
20,2004,P,CC,NE,PIT,AFC,AFC,East,North,1,0,A,1661.110925433788,1612.8613390528396,0.49028659611903286,41,27,0,14,1.0,0,0.712765168820134,1.2383679221634583,1.35,27.54,17.38359855288528,1678.4945239866734,0,0,0
20,2004,P,CC,PIT,NE,AFC,AFC,North,East,1,0,H,1612.8613390528396,1661.110925433788,0.5097134038809672,27,41,0,-14,0.0,0,0.7127651688201341,1.2383679221634583,1.35,27.54,-17.38359855288528,1595.4777404999543,0,0,0
21,2004,P,SB,NE,PHI,AFC,NFC,East,East,0,0,N,1678.4945239866734,1611.0143419842432,0.5959088271420234,24,21,0,3,1.0,1,0.5176675982125143,0.5304270442303247,1.5,30.0,6.430226592558652,1684.924750579232,0,0,0
21,2004,P,SB,PHI,NE,NFC,AFC,East,East,0,0,N,1611.0143419842432,1678.4945239866734,0.4040911728579766,21,24,0,-3,0.0,1,0.5176675982125143,0.5304270442303247,1.5,30.0,-6.430226592558652,1604.5841153916845,0,0,0
