Date,Season,Type,Round,Team,Opp,HomeAway,PointsFor,PointsAgainst,OT,TeamAPRank,OppAPRank,Notes
2014-08-27,2014,R,,georgia-state,abilene-christian,H,38,37,0,,,
2014-08-27,2014,R,,abilene-christian,georgia-state,A,37,38,0,,,
2014-08-28,2014,R,,akron,howard,H,41,0,0,,,
2014-08-28,2014,R,,howard,akron,A,0,41,0,,,
2014-08-28,2014,R,,arizona-state,weber-state,H,45,14,0,19.0,,
2014-08-28,2014,R,,weber-state,arizona-state,A,14,45,0,,19.0,
2014-08-28,2014,R,,central-michigan,chattanooga,H,20,16,0,,,
2014-08-28,2014,R,,chattanooga,central-michigan,A,16,20,0,,,
2014-08-28,2014,R,,louisiana-monroe,wake-forest,H,17,10,0,,,
2014-08-28,2014,R,,wake-forest,louisiana-monroe,A,10,17,0,,,
2014-08-28,2014,R,,minnesota,eastern-illinois,H,42,20,0,,,
2014-08-28,2014,R,,eastern-illinois,minnesota,A,20,42,0,,,
2014-08-28,2014,R,,mississippi,boise-state,N,35,13,0,18.0,,Georgia Dome - Atlanta GA
2014-08-28,2014,R,,boise-state,mississippi,N,13,35,0,,18.0,Georgia Dome - Atlanta GA
2014-08-28,2014,R,,new-mexico-state,cal-poly,H,28,10,0,,,
2014-08-28,2014,R,,cal-poly,new-mexico-state,A,10,28,0,,,
2014-08-28,2014,R,,northern-illinois,presbyterian,H,55,3,0,,,
2014-08-28,2014,R,,presbyterian,northern-illinois,A,3,55,0,,,
2014-08-28,2014,R,,rutgers,washington-state,N,41,38,0,,,CenturyLink Field - Seattle WA
2014-08-28,2014,R,,washington-state,rutgers,N,38,41,0,,,CenturyLink Field - Seattle WA
2014-08-28,2014,R,,san-jose-state,north-dakota,H,42,10,0,,,
2014-08-28,2014,R,,north-dakota,san-jose-state,A,10,42,0,,,
2014-08-28,2014,R,,temple,vanderbilt,A,37,7,0,,,
2014-08-28,2014,R,,vanderbilt,temple,H,7,37,0,,,
2014-08-28,2014,R,,texas-a-m,south-carolina,A,52,28,0,21.0,9.0,
2014-08-28,2014,R,,south-carolina,texas-a-m,H,28,52,0,9.0,21.0,
2014-08-28,2014,R,,tulsa,tulane,H,38,31,0,,,
2014-08-28,2014,R,,tulane,tulsa,A,31,38,0,,,
2014-08-28,2014,R,,utah,idaho-state,H,56,14,0,,,
2014-08-28,2014,R,,idaho-state,utah,A,14,56,0,,,
2014-08-29,2014,R,,arizona,nevada-las-vegas,H,58,13,0,,,
2014-08-29,2014,R,,nevada-las-vegas,arizona,A,13,58,0,,,
2014-08-29,2014,R,,brigham-young,connecticut,A,35,10,0,,,
2014-08-29,2014,R,,connecticut,brigham-young,H,10,35,0,,,
2014-08-29,2014,R,,colorado-state,colorado,N,31,17,0,,,Sports Authority Field at Mile High Stadium - Denver CO
2014-08-29,2014,R,,colorado,colorado-state,N,17,31,0,,,Sports Authority Field at Mile High Stadium - Denver CO
2014-08-29,2014,R,,michigan-state,jacksonville-state,H,45,7,0,8.0,,
2014-08-29,2014,R,,jacksonville-state,michigan-state,A,7,45,0,,8.0,
2014-08-29,2014,R,,syracuse,villanova,H,27,26,0,,,
2014-08-29,2014,R,,villanova,syracuse,A,26,27,0,,,
2014-08-29,2014,R,,texas-san-antonio,houston,A,27,7,0,,,
2014-08-29,2014,R,,houston,texas-san-antonio,H,7,27,0,,,
2014-08-29,2014,R,,western-kentucky,bowling-green,H,59,31,0,,,
2014-08-29,2014,R,,bowling-green,western-kentucky,A,31,59,0,,,
2014-08-30,2014,R,,air-force,nicholls-state,H,44,16,0,,,
2014-08-30,2014,R,,nicholls-state,air-force,A,16,44,0,,,
2014-08-30,2014,R,,alabama,west-virginia,N,33,23,0,2.0,,Georgia Dome - Atlanta GA
2014-08-30,2014,R,,west-virginia,alabama,N,23,33,0,,2.0,Georgia Dome - Atlanta GA
2014-08-30,2014,R,,alabama-birmingham,troy,H,48,10,0,,,
2014-08-30,2014,R,,troy,alabama-birmingham,A,10,48,0,,,
2014-08-30,2014,R,,arkansas-state,montana-state,H,37,10,0,,,
2014-08-30,2014,R,,montana-state,arkansas-state,A,10,37,0,,,
2014-08-30,2014,R,,auburn,arkansas,H,45,21,0,6.0,,
2014-08-30,2014,R,,arkansas,auburn,A,21,45,0,,6.0,
2014-08-30,2014,R,,ball-state,colgate,H,30,10,0,,,
2014-08-30,2014,R,,colgate,ball-state,A,10,30,0,,,
2014-08-30,2014,R,,bethune-cookman,florida-international,A,14,12,0,,,
2014-08-30,2014,R,,florida-international,bethune-cookman,H,12,14,0,,,
2014-08-30,2014,R,,boston-college,massachusetts,N,30,7,0,,,Gillette Stadium - Foxborough MA
2014-08-30,2014,R,,massachusetts,boston-college,N,7,30,0,,,Gillette Stadium - Foxborough MA
2014-08-30,2014,R,,buffalo,duquesne,H,38,28,0,,,
2014-08-30,2014,R,,duquesne,buffalo,A,28,38,0,,,
2014-08-30,2014,R,,california,northwestern,A,31,24,0,,,
2014-08-30,2014,R,,northwestern,california,H,24,31,0,,,
2014-08-30,2014,R,,duke,elon,H,52,13,0,,,
2014-08-30,2014,R,,elon,duke,A,13,52,0,,,
2014-08-30,2014,R,,east-carolina,north-carolina-central,H,52,7,0,,,
2014-08-30,2014,R,,north-carolina-central,east-carolina,A,7,52,0,,,
2014-08-30,2014,R,,eastern-michigan,morgan-state,H,31,28,0,,,
2014-08-30,2014,R,,morgan-state,eastern-michigan,A,28,31,0,,,
2014-08-30,2014,R,,florida-state,oklahoma-state,N,37,31,0,1.0,,AT&T Stadium - Arlington TX
2014-08-30,2014,R,,oklahoma-state,florida-state,N,31,37,0,,1.0,AT&T Stadium - Arlington TX
2014-08-30,2014,R,,georgia,clemson,H,45,21,0,12.0,16.0,
2014-08-30,2014,R,,clemson,georgia,A,21,45,0,16.0,12.0,
2014-08-30,2014,R,,georgia-tech,wofford,H,38,19,0,,,
2014-08-30,2014,R,,wofford,georgia-tech,A,19,38,0,,,
2014-08-30,2014,R,,illinois,youngstown-state,H,28,17,0,,,
2014-08-30,2014,R,,youngstown-state,illinois,A,17,28,0,,,
2014-08-30,2014,R,,indiana,indiana-state,H,28,10,0,,,
2014-08-30,2014,R,,indiana-state,indiana,A,10,28,0,,,
2014-08-30,2014,R,,iowa,northern-iowa,H,31,23,0,,,
2014-08-30,2014,R,,northern-iowa,iowa,A,23,31,0,,,
2014-08-30,2014,R,,kansas-state,stephen-f-austin,H,55,16,0,20.0,,
2014-08-30,2014,R,,stephen-f-austin,kansas-state,A,16,55,0,,20.0,
2014-08-30,2014,R,,kentucky,tennessee-martin,H,59,14,0,,,
2014-08-30,2014,R,,tennessee-martin,kentucky,A,14,59,0,,,
2014-08-30,2014,R,,louisiana,southern,H,45,6,0,,,
2014-08-30,2014,R,,southern,louisiana,A,6,45,0,,,
2014-08-30,2014,R,,louisiana-state,wisconsin,N,28,24,0,13.0,14.0,NRG Stadium - Houston TX
2014-08-30,2014,R,,wisconsin,louisiana-state,N,24,28,0,14.0,13.0,NRG Stadium - Houston TX
2014-08-30,2014,R,,marshall,miami-oh,A,42,27,0,,,
2014-08-30,2014,R,,miami-oh,marshall,H,27,42,0,,,
2014-08-30,2014,R,,maryland,james-madison,H,52,7,0,,,
2014-08-30,2014,R,,james-madison,maryland,A,7,52,0,,,
2014-08-30,2014,R,,memphis,austin-peay,H,63,0,0,,,
2014-08-30,2014,R,,austin-peay,memphis,A,0,63,0,,,
2014-08-30,2014,R,,michigan,appalachian-state,H,52,14,0,,,
2014-08-30,2014,R,,appalachian-state,michigan,A,14,52,0,,,
2014-08-30,2014,R,,middle-tennessee-state,savannah-state,H,61,7,0,,,
2014-08-30,2014,R,,savannah-state,middle-tennessee-state,A,7,61,0,,,
2014-08-30,2014,R,,mississippi-state,southern-mississippi,H,49,0,0,,,
2014-08-30,2014,R,,southern-mississippi,mississippi-state,A,0,49,0,,,
2014-08-30,2014,R,,missouri,south-dakota-state,H,38,18,0,24.0,,
2014-08-30,2014,R,,south-dakota-state,missouri,A,18,38,0,,24.0,
2014-08-30,2014,R,,nebraska,florida-atlantic,H,55,7,0,22.0,,
2014-08-30,2014,R,,florida-atlantic,nebraska,A,7,55,0,,22.0,
2014-08-30,2014,R,,nevada,southern-utah,H,28,19,0,,,
2014-08-30,2014,R,,southern-utah,nevada,A,19,28,0,,,
2014-08-30,2014,R,,north-carolina,liberty,H,56,29,0,23.0,,
2014-08-30,2014,R,,liberty,north-carolina,A,29,56,0,,23.0,
2014-08-30,2014,R,,north-carolina-state,georgia-southern,H,24,23,0,,,
2014-08-30,2014,R,,georgia-southern,north-carolina-state,A,23,24,0,,,
2014-08-30,2014,R,,north-dakota-state,iowa-state,A,34,14,0,,,
2014-08-30,2014,R,,iowa-state,north-dakota-state,H,14,34,0,,,
2014-08-30,2014,R,,notre-dame,rice,H,48,17,0,17.0,,
2014-08-30,2014,R,,rice,notre-dame,A,17,48,0,,17.0,
2014-08-30,2014,R,,ohio,kent-state,A,17,14,0,,,
2014-08-30,2014,R,,kent-state,ohio,H,14,17,0,,,
2014-08-30,2014,R,,ohio-state,navy,N,34,17,0,5.0,,M&T Bank Stadium - Baltimore MD
2014-08-30,2014,R,,navy,ohio-state,N,17,34,0,,5.0,M&T Bank Stadium - Baltimore MD
2014-08-30,2014,R,,oklahoma,louisiana-tech,H,48,16,0,4.0,,
2014-08-30,2014,R,,louisiana-tech,oklahoma,A,16,48,0,,4.0,
2014-08-30,2014,R,,old-dominion,hampton,H,41,28,0,,,
2014-08-30,2014,R,,hampton,old-dominion,A,28,41,0,,,
2014-08-30,2014,R,,oregon,south-dakota,H,62,13,0,3.0,,
2014-08-30,2014,R,,south-dakota,oregon,A,13,62,0,,3.0,
2014-08-30,2014,R,,oregon-state,portland-state,H,29,14,0,,,
2014-08-30,2014,R,,portland-state,oregon-state,A,14,29,0,,,
2014-08-30,2014,R,,penn-state,central-florida,N,26,24,0,,,Croke Park Stadium - Dublin Ireland
2014-08-30,2014,R,,central-florida,penn-state,N,24,26,0,,,Croke Park Stadium - Dublin Ireland
2014-08-30,2014,R,,pittsburgh,delaware,H,62,0,0,,,
2014-08-30,2014,R,,delaware,pittsburgh,A,0,62,0,,,
2014-08-30,2014,R,,purdue,western-michigan,H,43,34,0,,,
2014-08-30,2014,R,,western-michigan,purdue,A,34,43,0,,,
2014-08-30,2014,R,,san-diego-state,northern-arizona,H,38,7,0,,,
2014-08-30,2014,R,,northern-arizona,san-diego-state,A,7,38,0,,,
2014-08-30,2014,R,,south-florida,western-carolina,H,36,31,0,,,
2014-08-30,2014,R,,western-carolina,south-florida,A,31,36,0,,,
2014-08-30,2014,R,,southern-california,fresno-state,H,52,13,0,15.0,,
2014-08-30,2014,R,,fresno-state,southern-california,A,13,52,0,,15.0,
2014-08-30,2014,R,,stanford,california-davis,H,45,0,0,11.0,,
2014-08-30,2014,R,,california-davis,stanford,A,0,45,0,,11.0,
2014-08-30,2014,R,,texas,north-texas,H,38,7,0,,,
2014-08-30,2014,R,,north-texas,texas,A,7,38,0,,,
2014-08-30,2014,R,,texas-christian,samford,H,48,14,0,,,
2014-08-30,2014,R,,samford,texas-christian,A,14,48,0,,,
2014-08-30,2014,R,,texas-state,arkansas-pine-bluff,H,65,0,0,,,
2014-08-30,2014,R,,arkansas-pine-bluff,texas-state,A,0,65,0,,,
2014-08-30,2014,R,,texas-tech,central-arkansas,H,42,35,0,,,
2014-08-30,2014,R,,central-arkansas,texas-tech,A,35,42,0,,,
2014-08-30,2014,R,,texas-el-paso,new-mexico,A,31,24,0,,,
2014-08-30,2014,R,,new-mexico,texas-el-paso,H,24,31,0,,,
2014-08-30,2014,R,,toledo,new-hampshire,H,54,20,0,,,
2014-08-30,2014,R,,new-hampshire,toledo,A,20,54,0,,,
2014-08-30,2014,R,,ucla,virginia,A,28,20,0,7.0,,
2014-08-30,2014,R,,virginia,ucla,H,20,28,0,,7.0,
2014-08-30,2014,R,,virginia-tech,william-mary,H,34,9,0,,,
2014-08-30,2014,R,,william-mary,virginia-tech,A,9,34,0,,,
2014-08-30,2014,R,,washington,hawaii,A,17,16,0,25.0,,
2014-08-30,2014,R,,hawaii,washington,H,16,17,0,,25.0,
2014-08-30,2014,R,,wyoming,montana,H,17,12,0,,,
2014-08-30,2014,R,,montana,wyoming,A,12,17,0,,,
2014-08-31,2014,R,,baylor,southern-methodist,H,45,0,0,10.0,,
2014-08-31,2014,R,,southern-methodist,baylor,A,0,45,0,,10.0,
2014-08-31,2014,R,,tennessee,utah-state,H,38,7,0,,,
2014-08-31,2014,R,,utah-state,tennessee,A,7,38,0,,,
2014-09-01,2014,R,,louisville,miami-fl,H,31,13,0,25.0,,
2014-09-01,2014,R,,miami-fl,louisville,A,13,31,0,,25.0,
2014-09-04,2014,R,,arizona,texas-san-antonio,A,26,23,0,,,
2014-09-04,2014,R,,texas-san-antonio,arizona,H,23,26,0,,,
2014-09-05,2014,R,,nevada,washington-state,H,24,13,0,,,
2014-09-05,2014,R,,washington-state,nevada,A,13,24,0,,,
2014-09-05,2014,R,,pittsburgh,boston-college,A,30,20,0,,,
2014-09-05,2014,R,,boston-college,pittsburgh,H,20,30,0,,,
2014-09-06,2014,R,,alabama,florida-atlantic,H,41,0,0,2.0,,
2014-09-06,2014,R,,florida-atlantic,alabama,A,0,41,0,,2.0,
2014-09-06,2014,R,,appalachian-state,campbell,H,66,0,0,,,
2014-09-06,2014,R,,campbell,appalachian-state,A,0,66,0,,,
2014-09-06,2014,R,,arizona-state,new-mexico,A,58,23,0,17.0,,
2014-09-06,2014,R,,new-mexico,arizona-state,H,23,58,0,,17.0,
2014-09-06,2014,R,,arkansas,nicholls-state,H,73,7,0,,,
2014-09-06,2014,R,,nicholls-state,arkansas,A,7,73,0,,,
2014-09-06,2014,R,,army,buffalo,H,47,39,0,,,
2014-09-06,2014,R,,buffalo,army,A,39,47,0,,,
2014-09-06,2014,R,,auburn,san-jose-state,H,59,13,0,5.0,,
2014-09-06,2014,R,,san-jose-state,auburn,A,13,59,0,,5.0,
2014-09-06,2014,R,,baylor,northwestern-state,H,70,6,0,10.0,,
2014-09-06,2014,R,,northwestern-state,baylor,A,6,70,0,,10.0,
2014-09-06,2014,R,,boise-state,colorado-state,H,37,24,0,,,
2014-09-06,2014,R,,colorado-state,boise-state,A,24,37,0,,,
2014-09-06,2014,R,,bowling-green,virginia-military-institute,H,48,7,0,,,
2014-09-06,2014,R,,virginia-military-institute,bowling-green,A,7,48,0,,,
2014-09-06,2014,R,,brigham-young,texas,A,41,7,0,,,
2014-09-06,2014,R,,texas,brigham-young,H,7,41,0,,,
2014-09-06,2014,R,,california,sacramento-state,H,55,14,0,,,
2014-09-06,2014,R,,sacramento-state,california,A,14,55,0,,,
2014-09-06,2014,R,,central-michigan,purdue,A,38,17,0,,,
2014-09-06,2014,R,,purdue,central-michigan,H,17,38,0,,,
2014-09-06,2014,R,,clemson,south-carolina-state,H,73,7,0,23.0,,
2014-09-06,2014,R,,south-carolina-state,clemson,A,7,73,0,,23.0,
2014-09-06,2014,R,,colorado,massachusetts,N,41,38,0,,,Gillette Stadium - Foxborough MA
2014-09-06,2014,R,,massachusetts,colorado,N,38,41,0,,,Gillette Stadium - Foxborough MA
2014-09-06,2014,R,,connecticut,stony-brook,H,19,16,0,,,
2014-09-06,2014,R,,stony-brook,connecticut,A,16,19,0,,,
2014-09-06,2014,R,,duke,troy,A,34,17,0,,,
2014-09-06,2014,R,,troy,duke,H,17,34,0,,,
2014-09-06,2014,R,,eastern-kentucky,miami-oh,A,17,10,0,,,
2014-09-06,2014,R,,miami-oh,eastern-kentucky,H,10,17,0,,,
2014-09-06,2014,R,,florida,eastern-michigan,H,65,0,0,,,
2014-09-06,2014,R,,eastern-michigan,florida,A,0,65,0,,,
2014-09-06,2014,R,,florida-international,wagner,H,34,3,0,,,
2014-09-06,2014,R,,wagner,florida-international,A,3,34,0,,,
2014-09-06,2014,R,,florida-state,citadel,H,37,12,0,1.0,,
2014-09-06,2014,R,,citadel,florida-state,A,12,37,0,,1.0,
2014-09-06,2014,R,,georgia-southern,savannah-state,H,83,9,0,,,
2014-09-06,2014,R,,savannah-state,georgia-southern,A,9,83,0,,,
2014-09-06,2014,R,,georgia-tech,tulane,A,38,21,0,,,
2014-09-06,2014,R,,tulane,georgia-tech,H,21,38,0,,,
2014-09-06,2014,R,,houston,grambling-state,H,47,0,0,,,
2014-09-06,2014,R,,grambling-state,houston,A,0,47,0,,,
2014-09-06,2014,R,,illinois,western-kentucky,H,42,34,0,,,
2014-09-06,2014,R,,western-kentucky,illinois,A,34,42,0,,,
2014-09-06,2014,R,,iowa,ball-state,H,17,13,0,,,
2014-09-06,2014,R,,ball-state,iowa,A,13,17,0,,,
2014-09-06,2014,R,,kansas,southeast-missouri-state,H,34,28,0,,,
2014-09-06,2014,R,,southeast-missouri-state,kansas,A,28,34,0,,,
2014-09-06,2014,R,,kansas-state,iowa-state,A,32,28,0,20.0,,
2014-09-06,2014,R,,iowa-state,kansas-state,H,28,32,0,,20.0,
2014-09-06,2014,R,,kentucky,ohio,H,20,3,0,,,
2014-09-06,2014,R,,ohio,kentucky,A,3,20,0,,,
2014-09-06,2014,R,,louisiana-state,sam-houston,H,56,0,0,12.0,,
2014-09-06,2014,R,,sam-houston,louisiana-state,A,0,56,0,,12.0,
2014-09-06,2014,R,,louisiana-tech,louisiana,A,48,20,0,,,
2014-09-06,2014,R,,louisiana,louisiana-tech,H,20,48,0,,,
2014-09-06,2014,R,,louisiana-monroe,idaho,H,38,31,0,,,
2014-09-06,2014,R,,idaho,louisiana-monroe,A,31,38,0,,,
2014-09-06,2014,R,,louisville,murray-state,H,66,21,0,25.0,,
2014-09-06,2014,R,,murray-state,louisville,A,21,66,0,,25.0,
2014-09-06,2014,R,,marshall,rhode-island,H,48,7,0,,,
2014-09-06,2014,R,,rhode-island,marshall,A,7,48,0,,,
2014-09-06,2014,R,,maryland,south-florida,A,24,17,0,,,
2014-09-06,2014,R,,south-florida,maryland,H,17,24,0,,,
2014-09-06,2014,R,,miami-fl,florida-a-m,H,41,7,0,,,
2014-09-06,2014,R,,florida-a-m,miami-fl,A,7,41,0,,,
2014-09-06,2014,R,,minnesota,middle-tennessee-state,H,35,24,0,,,
2014-09-06,2014,R,,middle-tennessee-state,minnesota,A,24,35,0,,,
2014-09-06,2014,R,,mississippi,vanderbilt,N,41,3,0,15.0,,LP Field - Nashville TN
2014-09-06,2014,R,,vanderbilt,mississippi,N,3,41,0,,15.0,LP Field - Nashville TN
2014-09-06,2014,R,,mississippi-state,alabama-birmingham,H,47,34,0,,,
2014-09-06,2014,R,,alabama-birmingham,mississippi-state,A,34,47,0,,,
2014-09-06,2014,R,,missouri,toledo,A,49,24,0,24.0,,
2014-09-06,2014,R,,toledo,missouri,H,24,49,0,,24.0,
2014-09-06,2014,R,,navy,temple,A,31,24,0,,,
2014-09-06,2014,R,,temple,navy,H,24,31,0,,,
2014-09-06,2014,R,,nebraska,mcneese-state,H,31,24,0,19.0,,
2014-09-06,2014,R,,mcneese-state,nebraska,A,24,31,0,,19.0,
2014-09-06,2014,R,,nevada-las-vegas,northern-colorado,H,13,12,0,,,
2014-09-06,2014,R,,northern-colorado,nevada-las-vegas,A,12,13,0,,,
2014-09-06,2014,R,,new-mexico-state,georgia-state,A,34,31,0,,,
2014-09-06,2014,R,,georgia-state,new-mexico-state,H,31,34,0,,,
2014-09-06,2014,R,,north-carolina,san-diego-state,H,31,27,0,21.0,,
2014-09-06,2014,R,,san-diego-state,north-carolina,A,27,31,0,,21.0,
2014-09-06,2014,R,,north-carolina-state,old-dominion,H,46,34,0,,,
2014-09-06,2014,R,,old-dominion,north-carolina-state,A,34,46,0,,,
2014-09-06,2014,R,,north-texas,southern-methodist,H,43,6,0,,,
2014-09-06,2014,R,,southern-methodist,north-texas,A,6,43,0,,,
2014-09-06,2014,R,,northern-illinois,northwestern,A,23,15,0,,,
2014-09-06,2014,R,,northwestern,northern-illinois,H,15,23,0,,,
2014-09-06,2014,R,,notre-dame,michigan,H,31,0,0,16.0,,
2014-09-06,2014,R,,michigan,notre-dame,A,0,31,0,,16.0,
2014-09-06,2014,R,,oklahoma,tulsa,A,52,7,0,4.0,,
2014-09-06,2014,R,,tulsa,oklahoma,H,7,52,0,,4.0,
2014-09-06,2014,R,,oklahoma-state,missouri-state,H,40,23,0,,,
2014-09-06,2014,R,,missouri-state,oklahoma-state,A,23,40,0,,,
2014-09-06,2014,R,,oregon,michigan-state,H,46,27,0,3.0,7.0,
2014-09-06,2014,R,,michigan-state,oregon,A,27,46,0,7.0,3.0,
2014-09-06,2014,R,,oregon-state,hawaii,A,38,30,0,,,
2014-09-06,2014,R,,hawaii,oregon-state,H,30,38,0,,,
2014-09-06,2014,R,,penn-state,akron,H,21,3,0,,,
2014-09-06,2014,R,,akron,penn-state,A,3,21,0,,,
2014-09-06,2014,R,,rutgers,howard,H,38,25,0,,,
2014-09-06,2014,R,,howard,rutgers,A,25,38,0,,,
2014-09-06,2014,R,,south-alabama,kent-state,A,23,13,0,,,
2014-09-06,2014,R,,kent-state,south-alabama,H,13,23,0,,,
2014-09-06,2014,R,,south-carolina,east-carolina,H,33,23,0,21.0,,
2014-09-06,2014,R,,east-carolina,south-carolina,A,23,33,0,,21.0,
2014-09-06,2014,R,,southern-california,stanford,A,13,10,0,14.0,13.0,
2014-09-06,2014,R,,stanford,southern-california,H,10,13,0,13.0,14.0,
2014-09-06,2014,R,,southern-mississippi,alcorn-state,H,26,20,0,,,
2014-09-06,2014,R,,alcorn-state,southern-mississippi,A,20,26,0,,,
2014-09-06,2014,R,,tennessee,arkansas-state,H,34,19,0,,,
2014-09-06,2014,R,,arkansas-state,tennessee,A,19,34,0,,,
2014-09-06,2014,R,,texas-a-m,lamar,H,73,3,0,9.0,,
2014-09-06,2014,R,,lamar,texas-a-m,A,3,73,0,,9.0,
2014-09-06,2014,R,,texas-tech,texas-el-paso,A,30,26,0,,,
2014-09-06,2014,R,,texas-el-paso,texas-tech,H,26,30,0,,,
2014-09-06,2014,R,,ucla,memphis,H,42,35,0,11.0,,
2014-09-06,2014,R,,memphis,ucla,A,35,42,0,,11.0,
2014-09-06,2014,R,,utah,fresno-state,H,59,27,0,,,
2014-09-06,2014,R,,fresno-state,utah,A,27,59,0,,,
2014-09-06,2014,R,,utah-state,idaho-state,H,40,20,0,,,
2014-09-06,2014,R,,idaho-state,utah-state,A,20,40,0,,,
2014-09-06,2014,R,,virginia,richmond,H,45,13,0,,,
2014-09-06,2014,R,,richmond,virginia,A,13,45,0,,,
2014-09-06,2014,R,,virginia-tech,ohio-state,A,35,21,0,,8.0,
2014-09-06,2014,R,,ohio-state,virginia-tech,H,21,35,0,8.0,,
2014-09-06,2014,R,,wake-forest,gardner-webb,H,23,7,0,,,
2014-09-06,2014,R,,gardner-webb,wake-forest,A,7,23,0,,,
2014-09-06,2014,R,,washington,eastern-washington,H,59,52,0,,,
2014-09-06,2014,R,,eastern-washington,washington,A,52,59,0,,,
2014-09-06,2014,R,,west-virginia,towson,H,54,0,0,,,
2014-09-06,2014,R,,towson,west-virginia,A,0,54,0,,,
2014-09-06,2014,R,,wisconsin,western-illinois,H,37,3,0,18.0,,
2014-09-06,2014,R,,western-illinois,wisconsin,A,3,37,0,,18.0,
2014-09-06,2014,R,,wyoming,air-force,H,17,13,0,,,
2014-09-06,2014,R,,air-force,wyoming,A,13,17,0,,,
2014-09-11,2014,R,,brigham-young,houston,H,33,25,0,25.0,,
2014-09-11,2014,R,,houston,brigham-young,A,25,33,0,,25.0,
2014-09-11,2014,R,,louisiana-tech,north-texas,A,42,21,0,,,
2014-09-11,2014,R,,north-texas,louisiana-tech,H,21,42,0,,,
2014-09-12,2014,R,,baylor,buffalo,A,63,21,0,8.0,,
2014-09-12,2014,R,,buffalo,baylor,H,21,63,0,,8.0,
2014-09-12,2014,R,,cincinnati,toledo,H,58,34,0,,,Paul Brown Stadium - Cincinnati OH
2014-09-12,2014,R,,toledo,cincinnati,A,34,58,0,,,Paul Brown Stadium - Cincinnati OH
2014-09-13,2014,R,,abilene-christian,troy,A,38,35,0,,,
2014-09-13,2014,R,,troy,abilene-christian,H,35,38,0,,,
2014-09-13,2014,R,,air-force,georgia-state,A,48,38,0,,,
2014-09-13,2014,R,,georgia-state,air-force,H,38,48,0,,,
2014-09-13,2014,R,,alabama,southern-mississippi,H,52,12,0,3.0,,
2014-09-13,2014,R,,southern-mississippi,alabama,A,12,52,0,,3.0,
2014-09-13,2014,R,,alabama-birmingham,alabama-a-m,H,41,14,0,,,
2014-09-13,2014,R,,alabama-a-m,alabama-birmingham,A,14,41,0,,,
2014-09-13,2014,R,,arizona,nevada,H,35,28,0,,,
2014-09-13,2014,R,,nevada,arizona,A,28,35,0,,,
2014-09-13,2014,R,,arizona-state,colorado,A,38,24,0,16.0,,
2014-09-13,2014,R,,colorado,arizona-state,H,24,38,0,,16.0,
2014-09-13,2014,R,,arkansas,texas-tech,A,49,28,0,,,
2014-09-13,2014,R,,texas-tech,arkansas,H,28,49,0,,,
2014-09-13,2014,R,,boise-state,connecticut,A,38,21,0,,,
2014-09-13,2014,R,,connecticut,boise-state,H,21,38,0,,,
2014-09-13,2014,R,,boston-college,southern-california,H,37,31,0,,9.0,
2014-09-13,2014,R,,southern-california,boston-college,A,31,37,0,9.0,,
2014-09-13,2014,R,,bowling-green,indiana,H,45,42,0,,,
2014-09-13,2014,R,,indiana,bowling-green,A,42,45,0,,,
2014-09-13,2014,R,,colorado-state,california-davis,H,49,21,0,,,
2014-09-13,2014,R,,california-davis,colorado-state,A,21,49,0,,,
2014-09-13,2014,R,,duke,kansas,H,41,3,0,,,
2014-09-13,2014,R,,kansas,duke,A,3,41,0,,,
2014-09-13,2014,R,,east-carolina,virginia-tech,A,28,21,0,,17.0,
2014-09-13,2014,R,,virginia-tech,east-carolina,H,21,28,0,17.0,,
2014-09-13,2014,R,,florida,kentucky,H,36,30,0,,,
2014-09-13,2014,R,,kentucky,florida,A,30,36,0,,,
2014-09-13,2014,R,,florida-atlantic,tulsa,H,50,21,0,,,
2014-09-13,2014,R,,tulsa,florida-atlantic,A,21,50,0,,,
2014-09-13,2014,R,,georgia-tech,georgia-southern,H,42,38,0,,,
2014-09-13,2014,R,,georgia-southern,georgia-tech,A,38,42,0,,,
2014-09-13,2014,R,,hawaii,northern-iowa,H,27,24,0,,,
2014-09-13,2014,R,,northern-iowa,hawaii,A,24,27,0,,,
2014-09-13,2014,R,,indiana-state,ball-state,A,27,20,0,,,
2014-09-13,2014,R,,ball-state,indiana-state,H,20,27,0,,,
2014-09-13,2014,R,,iowa-state,iowa,A,20,17,0,,,
2014-09-13,2014,R,,iowa,iowa-state,H,17,20,0,,,
2014-09-13,2014,R,,louisiana-state,louisiana-monroe,H,31,0,0,10.0,,
2014-09-13,2014,R,,louisiana-monroe,louisiana-state,A,0,31,0,,10.0,
2014-09-13,2014,R,,marshall,ohio,H,44,14,0,,,
2014-09-13,2014,R,,ohio,marshall,A,14,44,0,,,
2014-09-13,2014,R,,miami-fl,arkansas-state,H,41,20,0,,,
2014-09-13,2014,R,,arkansas-state,miami-fl,A,20,41,0,,,
2014-09-13,2014,R,,michigan,miami-oh,H,34,10,0,,,
2014-09-13,2014,R,,miami-oh,michigan,A,10,34,0,,,
2014-09-13,2014,R,,middle-tennessee-state,western-kentucky,H,50,47,0,,,
2014-09-13,2014,R,,western-kentucky,middle-tennessee-state,A,47,50,0,,,
2014-09-13,2014,R,,mississippi,louisiana,H,56,15,0,14.0,,
2014-09-13,2014,R,,louisiana,mississippi,A,15,56,0,,14.0,
2014-09-13,2014,R,,mississippi-state,south-alabama,A,35,3,0,,,
2014-09-13,2014,R,,south-alabama,mississippi-state,H,3,35,0,,,
2014-09-13,2014,R,,missouri,central-florida,H,38,10,0,20.0,,
2014-09-13,2014,R,,central-florida,missouri,A,10,38,0,,20.0,
2014-09-13,2014,R,,navy,texas-state,A,35,21,0,,,
2014-09-13,2014,R,,texas-state,navy,H,21,35,0,,,
2014-09-13,2014,R,,nebraska,fresno-state,A,55,19,0,,,
2014-09-13,2014,R,,fresno-state,nebraska,H,19,55,0,,,
2014-09-13,2014,R,,north-carolina-state,south-florida,A,49,17,0,,,
2014-09-13,2014,R,,south-florida,north-carolina-state,H,17,49,0,,,
2014-09-13,2014,R,,northern-illinois,nevada-las-vegas,A,48,34,0,,,
2014-09-13,2014,R,,nevada-las-vegas,northern-illinois,H,34,48,0,,,
2014-09-13,2014,R,,notre-dame,purdue,N,30,14,0,11.0,,Lucas Oil Stadium - Indianapolis IN
2014-09-13,2014,R,,purdue,notre-dame,N,14,30,0,,11.0,Lucas Oil Stadium - Indianapolis IN
2014-09-13,2014,R,,ohio-state,kent-state,H,66,0,0,22.0,,
2014-09-13,2014,R,,kent-state,ohio-state,A,0,66,0,,22.0,
2014-09-13,2014,R,,oklahoma,tennessee,H,34,10,0,4.0,,
2014-09-13,2014,R,,tennessee,oklahoma,A,10,34,0,,4.0,
2014-09-13,2014,R,,oklahoma-state,texas-san-antonio,H,43,13,0,,,
2014-09-13,2014,R,,texas-san-antonio,oklahoma-state,A,13,43,0,,,
2014-09-13,2014,R,,old-dominion,eastern-michigan,H,17,3,0,,,
2014-09-13,2014,R,,eastern-michigan,old-dominion,A,3,17,0,,,
2014-09-13,2014,R,,oregon,wyoming,H,48,14,0,2.0,,
2014-09-13,2014,R,,wyoming,oregon,A,14,48,0,,2.0,
2014-09-13,2014,R,,penn-state,rutgers,A,13,10,0,,,
2014-09-13,2014,R,,rutgers,penn-state,H,10,13,0,,,
2014-09-13,2014,R,,pittsburgh,florida-international,A,42,25,0,,,
2014-09-13,2014,R,,florida-international,pittsburgh,H,25,42,0,,,
2014-09-13,2014,R,,south-carolina,georgia,H,38,35,0,24.0,6.0,
2014-09-13,2014,R,,georgia,south-carolina,A,35,38,0,6.0,24.0,
2014-09-13,2014,R,,stanford,army,H,35,0,0,15.0,,
2014-09-13,2014,R,,army,stanford,A,0,35,0,,15.0,
2014-09-13,2014,R,,syracuse,central-michigan,A,40,3,0,,,
2014-09-13,2014,R,,central-michigan,syracuse,H,3,40,0,,,
2014-09-13,2014,R,,texas-a-m,rice,H,38,10,0,7.0,,
2014-09-13,2014,R,,rice,texas-a-m,A,10,38,0,,7.0,
2014-09-13,2014,R,,texas-christian,minnesota,H,30,7,0,,,
2014-09-13,2014,R,,minnesota,texas-christian,A,7,30,0,,,
2014-09-13,2014,R,,texas-el-paso,new-mexico-state,H,42,24,0,,,
2014-09-13,2014,R,,new-mexico-state,texas-el-paso,A,24,42,0,,,
2014-09-13,2014,R,,tulane,southeastern-louisiana,H,35,20,0,,,
2014-09-13,2014,R,,southeastern-louisiana,tulane,A,20,35,0,,,
2014-09-13,2014,R,,ucla,texas,N,20,17,0,12.0,,AT&T Stadium - Arlington TX
2014-09-13,2014,R,,texas,ucla,N,17,20,0,,12.0,AT&T Stadium - Arlington TX
2014-09-13,2014,R,,utah-state,wake-forest,H,36,24,0,,,
2014-09-13,2014,R,,wake-forest,utah-state,A,24,36,0,,,
2014-09-13,2014,R,,vanderbilt,massachusetts,H,34,31,0,,,
2014-09-13,2014,R,,massachusetts,vanderbilt,A,31,34,0,,,
2014-09-13,2014,R,,virginia,louisville,H,23,21,0,,21.0,
2014-09-13,2014,R,,louisville,virginia,A,21,23,0,21.0,,
2014-09-13,2014,R,,washington,illinois,H,44,19,0,,,
2014-09-13,2014,R,,illinois,washington,A,19,44,0,,,
2014-09-13,2014,R,,washington-state,portland-state,H,59,21,0,,,
2014-09-13,2014,R,,portland-state,washington-state,A,21,59,0,,,
2014-09-13,2014,R,,west-virginia,maryland,A,40,37,0,,,
2014-09-13,2014,R,,maryland,west-virginia,H,37,40,0,,,
2014-09-13,2014,R,,western-michigan,idaho,A,45,33,0,,,
2014-09-13,2014,R,,idaho,western-michigan,H,33,45,0,,,
2014-09-18,2014,R,,auburn,kansas-state,A,20,14,0,5.0,20.0,
2014-09-18,2014,R,,kansas-state,auburn,H,14,20,0,20.0,5.0,
2014-09-19,2014,R,,south-florida,connecticut,H,17,14,0,,,
2014-09-19,2014,R,,connecticut,south-florida,A,14,17,0,,,
2014-09-20,2014,R,,alabama,florida,H,42,21,0,3.0,,
2014-09-20,2014,R,,florida,alabama,A,21,42,0,,3.0,
2014-09-20,2014,R,,arizona,california,H,49,45,0,,,
2014-09-20,2014,R,,california,arizona,A,45,49,0,,,
2014-09-20,2014,R,,arkansas,northern-illinois,H,52,14,0,,,
2014-09-20,2014,R,,northern-illinois,arkansas,A,14,52,0,,,
2014-09-20,2014,R,,arkansas-state,utah-state,H,21,14,0,,,
2014-09-20,2014,R,,utah-state,arkansas-state,A,14,21,0,,,
2014-09-20,2014,R,,boise-state,louisiana,H,34,9,0,,,
2014-09-20,2014,R,,louisiana,boise-state,A,9,34,0,,,
2014-09-20,2014,R,,boston-college,maine,H,40,10,0,,,
2014-09-20,2014,R,,maine,boston-college,A,10,40,0,,,
2014-09-20,2014,R,,brigham-young,virginia,H,41,33,0,21.0,,
2014-09-20,2014,R,,virginia,brigham-young,A,33,41,0,,21.0,
2014-09-20,2014,R,,buffalo,norfolk-state,H,36,7,0,,,
2014-09-20,2014,R,,norfolk-state,buffalo,A,7,36,0,,,
2014-09-20,2014,R,,central-florida,bethune-cookman,H,41,7,0,,,
2014-09-20,2014,R,,bethune-cookman,central-florida,A,7,41,0,,,
2014-09-20,2014,R,,cincinnati,miami-oh,H,31,24,0,,,Paul Brown Stadium - Cincinnati OH
2014-09-20,2014,R,,miami-oh,cincinnati,A,24,31,0,,,Paul Brown Stadium - Cincinnati OH
2014-09-20,2014,R,,colorado,hawaii,H,21,12,0,,,
2014-09-20,2014,R,,hawaii,colorado,A,12,21,0,,,
2014-09-20,2014,R,,duke,tulane,H,47,13,0,,,
2014-09-20,2014,R,,tulane,duke,A,13,47,0,,,
2014-09-20,2014,R,,east-carolina,north-carolina,H,70,41,0,,,
2014-09-20,2014,R,,north-carolina,east-carolina,A,41,70,0,,,
2014-09-20,2014,R,,florida-state,clemson,H,23,17,0,1.0,22.0,
2014-09-20,2014,R,,clemson,florida-state,A,17,23,0,22.0,1.0,
2014-09-20,2014,R,,fresno-state,southern-utah,H,56,16,0,,,
2014-09-20,2014,R,,southern-utah,fresno-state,A,16,56,0,,,
2014-09-20,2014,R,,georgia,troy,H,66,0,0,13.0,,
2014-09-20,2014,R,,troy,georgia,A,0,66,0,,13.0,
2014-09-20,2014,R,,georgia-southern,south-alabama,A,28,6,0,,,
2014-09-20,2014,R,,south-alabama,georgia-southern,H,6,28,0,,,
2014-09-20,2014,R,,georgia-tech,virginia-tech,A,27,24,0,,,
2014-09-20,2014,R,,virginia-tech,georgia-tech,H,24,27,0,,,
2014-09-20,2014,R,,houston,nevada-las-vegas,H,47,14,0,,,
2014-09-20,2014,R,,nevada-las-vegas,houston,A,14,47,0,,,
2014-09-20,2014,R,,illinois,texas-state,H,42,35,0,,,
2014-09-20,2014,R,,texas-state,illinois,A,35,42,0,,,
2014-09-20,2014,R,,indiana,missouri,A,31,27,0,,18.0,
2014-09-20,2014,R,,missouri,indiana,H,27,31,0,18.0,,
2014-09-20,2014,R,,iowa,pittsburgh,A,24,20,0,,,
2014-09-20,2014,R,,pittsburgh,iowa,H,20,24,0,,,
2014-09-20,2014,R,,kansas,central-michigan,H,24,10,0,,,
2014-09-20,2014,R,,central-michigan,kansas,A,10,24,0,,,
2014-09-20,2014,R,,louisville,florida-international,A,34,3,0,,,
2014-09-20,2014,R,,florida-international,louisville,H,3,34,0,,,
2014-09-20,2014,R,,marshall,akron,A,48,17,0,,,
2014-09-20,2014,R,,akron,marshall,H,17,48,0,,,
2014-09-20,2014,R,,maryland,syracuse,A,34,20,0,,,
2014-09-20,2014,R,,syracuse,maryland,H,20,34,0,,,
2014-09-20,2014,R,,memphis,middle-tennessee-state,H,36,17,0,,,
2014-09-20,2014,R,,middle-tennessee-state,memphis,A,17,36,0,,,
2014-09-20,2014,R,,michigan-state,eastern-michigan,H,73,14,0,11.0,,
2014-09-20,2014,R,,eastern-michigan,michigan-state,A,14,73,0,,11.0,
2014-09-20,2014,R,,minnesota,san-jose-state,H,24,7,0,,,
2014-09-20,2014,R,,san-jose-state,minnesota,A,7,24,0,,,
2014-09-20,2014,R,,mississippi-state,louisiana-state,A,34,29,0,,8.0,
2014-09-20,2014,R,,louisiana-state,mississippi-state,H,29,34,0,8.0,,
2014-09-20,2014,R,,nebraska,miami-fl,H,41,31,0,24.0,,
2014-09-20,2014,R,,miami-fl,nebraska,A,31,41,0,,24.0,
2014-09-20,2014,R,,new-mexico,new-mexico-state,A,38,35,0,,,
2014-09-20,2014,R,,new-mexico-state,new-mexico,H,35,38,0,,,
2014-09-20,2014,R,,north-carolina-state,presbyterian,H,42,0,0,,,
2014-09-20,2014,R,,presbyterian,north-carolina-state,A,0,42,0,,,
2014-09-20,2014,R,,north-texas,nicholls-state,H,77,3,0,,,
2014-09-20,2014,R,,nicholls-state,north-texas,A,3,77,0,,,
2014-09-20,2014,R,,northwestern,western-illinois,H,24,7,0,,,
2014-09-20,2014,R,,western-illinois,northwestern,A,7,24,0,,,
2014-09-20,2014,R,,northwestern-state,louisiana-tech,A,30,27,0,,,
2014-09-20,2014,R,,louisiana-tech,northwestern-state,H,27,30,0,,,
2014-09-20,2014,R,,ohio,idaho,H,36,24,0,,,
2014-09-20,2014,R,,idaho,ohio,A,24,36,0,,,
2014-09-20,2014,R,,oklahoma,west-virginia,A,45,33,0,4.0,,
2014-09-20,2014,R,,west-virginia,oklahoma,H,33,45,0,,4.0,
2014-09-20,2014,R,,old-dominion,rice,A,45,42,0,,,
2014-09-20,2014,R,,rice,old-dominion,H,42,45,0,,,
2014-09-20,2014,R,,oregon,washington-state,A,38,31,0,2.0,,
2014-09-20,2014,R,,washington-state,oregon,H,31,38,0,,2.0,
2014-09-20,2014,R,,oregon-state,san-diego-state,H,28,7,0,,,
2014-09-20,2014,R,,san-diego-state,oregon-state,A,7,28,0,,,
2014-09-20,2014,R,,penn-state,massachusetts,H,48,7,0,,,
2014-09-20,2014,R,,massachusetts,penn-state,A,7,48,0,,,
2014-09-20,2014,R,,purdue,southern-illinois,H,35,13,0,,,
2014-09-20,2014,R,,southern-illinois,purdue,A,13,35,0,,,
2014-09-20,2014,R,,rutgers,navy,A,31,24,0,,,
2014-09-20,2014,R,,navy,rutgers,H,24,31,0,,,
2014-09-20,2014,R,,south-carolina,vanderbilt,A,48,34,0,14.0,,
2014-09-20,2014,R,,vanderbilt,south-carolina,H,34,48,0,,14.0,
2014-09-20,2014,R,,southern-mississippi,appalachian-state,H,21,20,0,,,
2014-09-20,2014,R,,appalachian-state,southern-mississippi,A,20,21,0,,,
2014-09-20,2014,R,,temple,delaware-state,H,59,0,0,,,
2014-09-20,2014,R,,delaware-state,temple,A,0,59,0,,,
2014-09-20,2014,R,,texas-a-m,southern-methodist,A,58,6,0,6.0,,
2014-09-20,2014,R,,southern-methodist,texas-a-m,H,6,58,0,,6.0,
2014-09-20,2014,R,,toledo,ball-state,H,34,23,0,,,
2014-09-20,2014,R,,ball-state,toledo,A,23,34,0,,,
2014-09-20,2014,R,,utah,michigan,A,26,10,0,,,
2014-09-20,2014,R,,michigan,utah,H,10,26,0,,,
2014-09-20,2014,R,,wake-forest,army,H,24,21,0,,,
2014-09-20,2014,R,,army,wake-forest,A,21,24,0,,,
2014-09-20,2014,R,,washington,georgia-state,H,45,14,0,,,
2014-09-20,2014,R,,georgia-state,washington,A,14,45,0,,,
2014-09-20,2014,R,,western-michigan,murray-state,H,45,14,0,,,
2014-09-20,2014,R,,murray-state,western-michigan,A,14,45,0,,,
2014-09-20,2014,R,,wisconsin,bowling-green,H,68,17,0,19.0,,
2014-09-20,2014,R,,bowling-green,wisconsin,A,17,68,0,,19.0,
2014-09-20,2014,R,,wyoming,florida-atlantic,H,20,19,0,,,
2014-09-20,2014,R,,florida-atlantic,wyoming,A,19,20,0,,,
2014-09-25,2014,R,,georgia-southern,appalachian-state,H,34,14,0,,,
2014-09-25,2014,R,,appalachian-state,georgia-southern,A,14,34,0,,,
2014-09-25,2014,R,,oklahoma-state,texas-tech,H,45,35,0,24.0,,
2014-09-25,2014,R,,texas-tech,oklahoma-state,A,35,45,0,,24.0,
2014-09-25,2014,R,,ucla,arizona-state,A,62,27,0,11.0,15.0,
2014-09-25,2014,R,,arizona-state,ucla,H,27,62,0,15.0,11.0,
2014-09-26,2014,R,,fresno-state,new-mexico,A,35,24,0,,,
2014-09-26,2014,R,,new-mexico,fresno-state,H,24,35,0,,,
2014-09-26,2014,R,,middle-tennessee-state,old-dominion,A,41,28,0,,,
2014-09-26,2014,R,,old-dominion,middle-tennessee-state,H,28,41,0,,,
2014-09-27,2014,R,,air-force,boise-state,H,28,14,0,,,
2014-09-27,2014,R,,boise-state,air-force,A,14,28,0,,,
2014-09-27,2014,R,,akron,pittsburgh,A,21,10,0,,,
2014-09-27,2014,R,,pittsburgh,akron,H,10,21,0,,,
2014-09-27,2014,R,,auburn,louisiana-tech,H,45,17,0,5.0,,
2014-09-27,2014,R,,louisiana-tech,auburn,A,17,45,0,,5.0,
2014-09-27,2014,R,,baylor,iowa-state,A,49,28,0,7.0,,
2014-09-27,2014,R,,iowa-state,baylor,H,28,49,0,,7.0,
2014-09-27,2014,R,,bowling-green,massachusetts,A,47,42,0,,,
2014-09-27,2014,R,,massachusetts,bowling-green,H,42,47,0,,,
2014-09-27,2014,R,,buffalo,miami-oh,H,35,27,0,,,
2014-09-27,2014,R,,miami-oh,buffalo,A,27,35,0,,,
2014-09-27,2014,R,,california,colorado,H,59,56,0,,,
2014-09-27,2014,R,,colorado,california,A,56,59,0,,,
2014-09-27,2014,R,,clemson,north-carolina,H,50,35,0,,,
2014-09-27,2014,R,,north-carolina,clemson,A,35,50,0,,,
2014-09-27,2014,R,,colorado-state,boston-college,A,24,21,0,,,
2014-09-27,2014,R,,boston-college,colorado-state,H,21,24,0,,,
2014-09-27,2014,R,,florida-atlantic,texas-san-antonio,H,41,37,0,,,
2014-09-27,2014,R,,texas-san-antonio,florida-atlantic,A,37,41,0,,,
2014-09-27,2014,R,,florida-international,alabama-birmingham,A,34,20,0,,,
2014-09-27,2014,R,,alabama-birmingham,florida-international,H,20,34,0,,,
2014-09-27,2014,R,,florida-state,north-carolina-state,A,56,41,0,1.0,,
2014-09-27,2014,R,,north-carolina-state,florida-state,H,41,56,0,,1.0,
2014-09-27,2014,R,,georgia,tennessee,H,35,32,0,12.0,,
2014-09-27,2014,R,,tennessee,georgia,A,32,35,0,,12.0,
2014-09-27,2014,R,,iowa,purdue,A,24,10,0,,,
2014-09-27,2014,R,,purdue,iowa,H,10,24,0,,,
2014-09-27,2014,R,,kansas-state,texas-el-paso,H,58,28,0,25.0,,
2014-09-27,2014,R,,texas-el-paso,kansas-state,A,28,58,0,,25.0,
2014-09-27,2014,R,,kentucky,vanderbilt,H,17,7,0,,,
2014-09-27,2014,R,,vanderbilt,kentucky,A,7,17,0,,,
2014-09-27,2014,R,,louisiana-state,new-mexico-state,H,63,7,0,17.0,,
2014-09-27,2014,R,,new-mexico-state,louisiana-state,A,7,63,0,,17.0,
2014-09-27,2014,R,,louisiana-monroe,troy,H,22,20,0,,,
2014-09-27,2014,R,,troy,louisiana-monroe,A,20,22,0,,,
2014-09-27,2014,R,,louisville,wake-forest,H,20,10,0,,,
2014-09-27,2014,R,,wake-forest,louisville,A,10,20,0,,,
2014-09-27,2014,R,,maryland,indiana,A,37,15,0,,,
2014-09-27,2014,R,,indiana,maryland,H,15,37,0,,,
2014-09-27,2014,R,,miami-fl,duke,H,22,10,0,,,
2014-09-27,2014,R,,duke,miami-fl,A,10,22,0,,,
2014-09-27,2014,R,,michigan-state,wyoming,H,56,14,0,9.0,,
2014-09-27,2014,R,,wyoming,michigan-state,A,14,56,0,,9.0,
2014-09-27,2014,R,,minnesota,michigan,A,30,14,0,,,
2014-09-27,2014,R,,michigan,minnesota,H,14,30,0,,,
2014-09-27,2014,R,,mississippi,memphis,H,24,3,0,10.0,,
2014-09-27,2014,R,,memphis,mississippi,A,3,24,0,,10.0,
2014-09-27,2014,R,,missouri,south-carolina,A,21,20,0,,13.0,
2014-09-27,2014,R,,south-carolina,missouri,H,20,21,0,13.0,,
2014-09-27,2014,R,,nebraska,illinois,H,45,14,0,21.0,,
2014-09-27,2014,R,,illinois,nebraska,A,14,45,0,,21.0,
2014-09-27,2014,R,,nevada,san-jose-state,A,21,10,0,,,
2014-09-27,2014,R,,san-jose-state,nevada,H,10,21,0,,,
2014-09-27,2014,R,,northwestern,penn-state,A,29,6,0,,,
2014-09-27,2014,R,,penn-state,northwestern,H,6,29,0,,,
2014-09-27,2014,R,,notre-dame,syracuse,N,31,15,0,8.0,,MetLife Stadium - East Rutherford NJ
2014-09-27,2014,R,,syracuse,notre-dame,N,15,31,0,,8.0,MetLife Stadium - East Rutherford NJ
2014-09-27,2014,R,,ohio,eastern-illinois,H,34,19,0,,,
2014-09-27,2014,R,,eastern-illinois,ohio,A,19,34,0,,,
2014-09-27,2014,R,,ohio-state,cincinnati,H,50,28,0,22.0,,
2014-09-27,2014,R,,cincinnati,ohio-state,A,28,50,0,,22.0,
2014-09-27,2014,R,,rice,southern-mississippi,A,41,23,0,,,
2014-09-27,2014,R,,southern-mississippi,rice,H,23,41,0,,,
2014-09-27,2014,R,,rutgers,tulane,H,31,6,0,,,
2014-09-27,2014,R,,tulane,rutgers,A,6,31,0,,,
2014-09-27,2014,R,,san-diego-state,nevada-las-vegas,H,34,17,0,,,
2014-09-27,2014,R,,nevada-las-vegas,san-diego-state,A,17,34,0,,,
2014-09-27,2014,R,,south-alabama,idaho,A,34,10,0,,,
2014-09-27,2014,R,,idaho,south-alabama,H,10,34,0,,,
2014-09-27,2014,R,,southern-california,oregon-state,H,35,10,0,18.0,,
2014-09-27,2014,R,,oregon-state,southern-california,A,10,35,0,,18.0,
2014-09-27,2014,R,,stanford,washington,A,20,13,0,16.0,,
2014-09-27,2014,R,,washington,stanford,H,13,20,0,,16.0,
2014-09-27,2014,R,,temple,connecticut,A,36,10,0,,,
2014-09-27,2014,R,,connecticut,temple,H,10,36,0,,,
2014-09-27,2014,R,,texas,kansas,A,23,0,0,,,
2014-09-27,2014,R,,kansas,texas,H,0,23,0,,,
2014-09-27,2014,R,,texas-a-m,arkansas,N,35,28,0,6.0,,AT&T Stadium - Arlington TX
2014-09-27,2014,R,,arkansas,texas-a-m,N,28,35,0,,6.0,AT&T Stadium - Arlington TX
2014-09-27,2014,R,,texas-christian,southern-methodist,A,56,0,0,,,
2014-09-27,2014,R,,southern-methodist,texas-christian,H,0,56,0,,,
2014-09-27,2014,R,,texas-state,tulsa,A,37,34,0,,,
2014-09-27,2014,R,,tulsa,texas-state,H,34,37,0,,,
2014-09-27,2014,R,,toledo,central-michigan,H,42,28,0,,,
2014-09-27,2014,R,,central-michigan,toledo,A,28,42,0,,,
2014-09-27,2014,R,,virginia,kent-state,H,45,13,0,,,
2014-09-27,2014,R,,kent-state,virginia,A,13,45,0,,,
2014-09-27,2014,R,,virginia-tech,western-michigan,H,35,17,0,,,
2014-09-27,2014,R,,western-michigan,virginia-tech,A,17,35,0,,,
2014-09-27,2014,R,,washington-state,utah,A,28,27,0,,,
2014-09-27,2014,R,,utah,washington-state,H,27,28,0,,,
2014-09-27,2014,R,,western-kentucky,navy,A,36,27,0,,,
2014-09-27,2014,R,,navy,western-kentucky,H,27,36,0,,,
2014-09-27,2014,R,,wisconsin,south-florida,H,27,10,0,19.0,,
2014-09-27,2014,R,,south-florida,wisconsin,A,10,27,0,,19.0,
2014-09-27,2014,R,,yale,army,H,49,43,0,,,
2014-09-27,2014,R,,army,yale,A,43,49,0,,,
2014-10-02,2014,R,,arizona,oregon,A,31,24,0,,2.0,
2014-10-02,2014,R,,oregon,arizona,H,24,31,0,2.0,,
2014-10-02,2014,R,,central-florida,houston,A,17,12,0,,,
2014-10-02,2014,R,,houston,central-florida,H,12,17,0,,,
2014-10-02,2014,R,,florida-international,florida-atlantic,H,38,10,0,,,
2014-10-02,2014,R,,florida-atlantic,florida-international,A,10,38,0,,,
2014-10-03,2014,R,,fresno-state,san-diego-state,H,24,13,0,,,
2014-10-03,2014,R,,san-diego-state,fresno-state,A,13,24,0,,,
2014-10-03,2014,R,,louisville,syracuse,A,28,6,0,,,
2014-10-03,2014,R,,syracuse,louisville,H,6,28,0,,,
2014-10-03,2014,R,,utah-state,brigham-young,A,35,20,0,,18.0,
2014-10-03,2014,R,,brigham-young,utah-state,H,20,35,0,18.0,,
2014-10-04,2014,R,,air-force,navy,H,30,21,0,,,
2014-10-04,2014,R,,navy,air-force,A,21,30,0,,,
2014-10-04,2014,R,,akron,eastern-michigan,H,31,6,0,,,
2014-10-04,2014,R,,eastern-michigan,akron,A,6,31,0,,,
2014-10-04,2014,R,,alabama-birmingham,western-kentucky,A,42,39,0,,,
2014-10-04,2014,R,,western-kentucky,alabama-birmingham,H,39,42,0,,,
2014-10-04,2014,R,,arizona-state,southern-california,A,38,34,0,,16.0,
2014-10-04,2014,R,,southern-california,arizona-state,H,34,38,0,16.0,,
2014-10-04,2014,R,,arkansas-state,louisiana-monroe,H,28,14,0,,,
2014-10-04,2014,R,,louisiana-monroe,arkansas-state,A,14,28,0,,,
2014-10-04,2014,R,,army,ball-state,H,33,24,0,,,
2014-10-04,2014,R,,ball-state,army,A,24,33,0,,,
2014-10-04,2014,R,,auburn,louisiana-state,H,41,7,0,5.0,15.0,
2014-10-04,2014,R,,louisiana-state,auburn,A,7,41,0,15.0,5.0,
2014-10-04,2014,R,,baylor,texas,A,28,7,0,7.0,,
2014-10-04,2014,R,,texas,baylor,H,7,28,0,,7.0,
2014-10-04,2014,R,,boise-state,nevada,A,51,46,0,,,
2014-10-04,2014,R,,nevada,boise-state,H,46,51,0,,,
2014-10-04,2014,R,,bowling-green,buffalo,H,36,35,0,,,
2014-10-04,2014,R,,buffalo,bowling-green,A,35,36,0,,,
2014-10-04,2014,R,,california,washington-state,A,60,59,0,,,
2014-10-04,2014,R,,washington-state,california,H,59,60,0,,,
2014-10-04,2014,R,,central-michigan,ohio,H,28,10,0,,,
2014-10-04,2014,R,,ohio,central-michigan,A,10,28,0,,,
2014-10-04,2014,R,,clemson,north-carolina-state,H,41,0,0,,,
2014-10-04,2014,R,,north-carolina-state,clemson,A,0,41,0,,,
2014-10-04,2014,R,,colorado-state,tulsa,H,42,17,0,,,
2014-10-04,2014,R,,tulsa,colorado-state,A,17,42,0,,,
2014-10-04,2014,R,,east-carolina,southern-methodist,H,45,24,0,22.0,,
2014-10-04,2014,R,,southern-methodist,east-carolina,A,24,45,0,,22.0,
2014-10-04,2014,R,,florida,tennessee,A,10,9,0,,,
2014-10-04,2014,R,,tennessee,florida,H,9,10,0,,,
2014-10-04,2014,R,,florida-state,wake-forest,H,43,3,0,1.0,,
2014-10-04,2014,R,,wake-forest,florida-state,A,3,43,0,,1.0,
2014-10-04,2014,R,,georgia,vanderbilt,H,44,17,0,13.0,,
2014-10-04,2014,R,,vanderbilt,georgia,A,17,44,0,,13.0,
2014-10-04,2014,R,,georgia-southern,new-mexico-state,A,36,28,0,,,
2014-10-04,2014,R,,new-mexico-state,georgia-southern,H,28,36,0,,,
2014-10-04,2014,R,,georgia-tech,miami-fl,H,28,17,0,,,
2014-10-04,2014,R,,miami-fl,georgia-tech,A,17,28,0,,,
2014-10-04,2014,R,,indiana,north-texas,H,49,24,0,,,
2014-10-04,2014,R,,north-texas,indiana,A,24,49,0,,,
2014-10-04,2014,R,,kansas-state,texas-tech,H,45,13,0,23.0,,
2014-10-04,2014,R,,texas-tech,kansas-state,A,13,45,0,,23.0,
2014-10-04,2014,R,,kentucky,south-carolina,H,45,38,0,,,
2014-10-04,2014,R,,south-carolina,kentucky,A,38,45,0,,,
2014-10-04,2014,R,,louisiana,georgia-state,H,34,31,0,,,
2014-10-04,2014,R,,georgia-state,louisiana,A,31,34,0,,,
2014-10-04,2014,R,,louisiana-tech,texas-el-paso,H,55,3,0,,,
2014-10-04,2014,R,,texas-el-paso,louisiana-tech,A,3,55,0,,,
2014-10-04,2014,R,,marshall,old-dominion,A,56,14,0,,,
2014-10-04,2014,R,,old-dominion,marshall,H,14,56,0,,,
2014-10-04,2014,R,,memphis,cincinnati,A,41,14,0,,,Paul Brown Stadium - Cincinnati OH
2014-10-04,2014,R,,cincinnati,memphis,H,14,41,0,,,Paul Brown Stadium - Cincinnati OH
2014-10-04,2014,R,,miami-oh,massachusetts,H,42,41,0,,,
2014-10-04,2014,R,,massachusetts,miami-oh,A,41,42,0,,,
2014-10-04,2014,R,,michigan-state,nebraska,H,27,22,0,10.0,19.0,
2014-10-04,2014,R,,nebraska,michigan-state,A,22,27,0,19.0,10.0,
2014-10-04,2014,R,,middle-tennessee-state,southern-mississippi,H,37,31,0,,,
2014-10-04,2014,R,,southern-mississippi,middle-tennessee-state,A,31,37,0,,,
2014-10-04,2014,R,,mississippi,alabama,H,23,17,0,11.0,3.0,
2014-10-04,2014,R,,alabama,mississippi,A,17,23,0,3.0,11.0,
2014-10-04,2014,R,,mississippi-state,texas-a-m,H,48,31,0,12.0,6.0,
2014-10-04,2014,R,,texas-a-m,mississippi-state,A,31,48,0,6.0,12.0,
2014-10-04,2014,R,,new-mexico,texas-san-antonio,A,21,9,0,,,
2014-10-04,2014,R,,texas-san-antonio,new-mexico,H,9,21,0,,,
2014-10-04,2014,R,,northern-illinois,kent-state,H,17,14,0,,,
2014-10-04,2014,R,,kent-state,northern-illinois,A,14,17,0,,,
2014-10-04,2014,R,,northwestern,wisconsin,H,20,14,0,,17.0,
2014-10-04,2014,R,,wisconsin,northwestern,A,14,20,0,17.0,,
2014-10-04,2014,R,,notre-dame,stanford,H,17,14,0,9.0,14.0,
2014-10-04,2014,R,,stanford,notre-dame,A,14,17,0,14.0,9.0,
2014-10-04,2014,R,,ohio-state,maryland,A,52,24,0,20.0,,
2014-10-04,2014,R,,maryland,ohio-state,H,24,52,0,,20.0,
2014-10-04,2014,R,,oklahoma-state,iowa-state,H,37,20,0,21.0,,
2014-10-04,2014,R,,iowa-state,oklahoma-state,A,20,37,0,,21.0,
2014-10-04,2014,R,,oregon-state,colorado,A,36,31,0,,,
2014-10-04,2014,R,,colorado,oregon-state,H,31,36,0,,,
2014-10-04,2014,R,,purdue,illinois,A,38,27,0,,,
2014-10-04,2014,R,,illinois,purdue,H,27,38,0,,,
2014-10-04,2014,R,,rice,hawaii,H,28,14,0,,,
2014-10-04,2014,R,,hawaii,rice,A,14,28,0,,,
2014-10-04,2014,R,,rutgers,michigan,H,26,24,0,,,
2014-10-04,2014,R,,michigan,rutgers,A,24,26,0,,,
2014-10-04,2014,R,,san-jose-state,nevada-las-vegas,H,33,10,0,,,
2014-10-04,2014,R,,nevada-las-vegas,san-jose-state,A,10,33,0,,,
2014-10-04,2014,R,,south-alabama,appalachian-state,A,47,21,0,,,
2014-10-04,2014,R,,appalachian-state,south-alabama,H,21,47,0,,,
2014-10-04,2014,R,,texas-christian,oklahoma,H,37,33,0,25.0,4.0,
2014-10-04,2014,R,,oklahoma,texas-christian,A,33,37,0,4.0,25.0,
2014-10-04,2014,R,,texas-state,idaho,H,35,30,0,,,
2014-10-04,2014,R,,idaho,texas-state,A,30,35,0,,,
2014-10-04,2014,R,,toledo,western-michigan,A,20,19,0,,,
2014-10-04,2014,R,,western-michigan,toledo,H,19,20,0,,,
2014-10-04,2014,R,,utah,ucla,A,30,28,0,,8.0,
2014-10-04,2014,R,,ucla,utah,H,28,30,0,8.0,,
2014-10-04,2014,R,,virginia,pittsburgh,H,24,19,0,,,
2014-10-04,2014,R,,pittsburgh,virginia,A,19,24,0,,,
2014-10-04,2014,R,,virginia-tech,north-carolina,A,34,17,0,,,
2014-10-04,2014,R,,north-carolina,virginia-tech,H,17,34,0,,,
2014-10-04,2014,R,,west-virginia,kansas,H,33,14,0,,,
2014-10-04,2014,R,,kansas,west-virginia,A,14,33,0,,,
2014-10-09,2014,R,,central-florida,brigham-young,H,31,24,0,,,
2014-10-09,2014,R,,brigham-young,central-florida,A,24,31,0,,,
2014-10-10,2014,R,,nevada-las-vegas,fresno-state,H,30,27,0,,,
2014-10-10,2014,R,,fresno-state,nevada-las-vegas,A,27,30,0,,,
2014-10-10,2014,R,,san-diego-state,new-mexico,A,24,14,0,,,
2014-10-10,2014,R,,new-mexico,san-diego-state,H,14,24,0,,,
2014-10-10,2014,R,,stanford,washington-state,H,34,17,0,25.0,,
2014-10-10,2014,R,,washington-state,stanford,A,17,34,0,,25.0,
2014-10-11,2014,R,,akron,miami-oh,H,29,19,0,,,
2014-10-11,2014,R,,miami-oh,akron,A,19,29,0,,,
2014-10-11,2014,R,,alabama,arkansas,A,14,13,0,7.0,,
2014-10-11,2014,R,,arkansas,alabama,H,13,14,0,,7.0,
2014-10-11,2014,R,,alabama-birmingham,north-texas,H,56,21,0,,,
2014-10-11,2014,R,,north-texas,alabama-birmingham,A,21,56,0,,,
2014-10-11,2014,R,,arkansas-state,georgia-state,A,52,10,0,,,
2014-10-11,2014,R,,georgia-state,arkansas-state,H,10,52,0,,,
2014-10-11,2014,R,,baylor,texas-christian,H,61,58,0,5.0,9.0,
2014-10-11,2014,R,,texas-christian,baylor,A,58,61,0,9.0,5.0,
2014-10-11,2014,R,,boston-college,north-carolina-state,A,30,14,0,,,
2014-10-11,2014,R,,north-carolina-state,boston-college,H,14,30,0,,,
2014-10-11,2014,R,,bowling-green,ohio,A,31,13,0,,,
2014-10-11,2014,R,,ohio,bowling-green,H,13,31,0,,,
2014-10-11,2014,R,,central-michigan,northern-illinois,A,34,17,0,,,
2014-10-11,2014,R,,northern-illinois,central-michigan,H,17,34,0,,,
2014-10-11,2014,R,,clemson,louisville,H,23,17,0,,,
2014-10-11,2014,R,,louisville,clemson,A,17,23,0,,,
2014-10-11,2014,R,,colorado-state,nevada,A,31,24,0,,,
2014-10-11,2014,R,,nevada,colorado-state,H,24,31,0,,,
2014-10-11,2014,R,,duke,georgia-tech,A,31,25,0,,22.0,
2014-10-11,2014,R,,georgia-tech,duke,H,25,31,0,22.0,,
2014-10-11,2014,R,,east-carolina,south-florida,A,28,17,0,19.0,,
2014-10-11,2014,R,,south-florida,east-carolina,H,17,28,0,,19.0,
2014-10-11,2014,R,,eastern-michigan,buffalo,H,37,27,0,,,
2014-10-11,2014,R,,buffalo,eastern-michigan,A,27,37,0,,,
2014-10-11,2014,R,,florida-state,syracuse,A,38,20,0,1.0,,
2014-10-11,2014,R,,syracuse,florida-state,H,20,38,0,,1.0,
2014-10-11,2014,R,,georgia,missouri,A,34,0,0,13.0,23.0,
2014-10-11,2014,R,,missouri,georgia,H,0,34,0,23.0,13.0,
2014-10-11,2014,R,,georgia-southern,idaho,H,47,24,0,,,
2014-10-11,2014,R,,idaho,georgia-southern,A,24,47,0,,,
2014-10-11,2014,R,,hawaii,wyoming,H,38,28,0,,,
2014-10-11,2014,R,,wyoming,hawaii,A,28,38,0,,,
2014-10-11,2014,R,,houston,memphis,A,28,24,0,,,
2014-10-11,2014,R,,memphis,houston,H,24,28,0,,,
2014-10-11,2014,R,,iowa,indiana,H,45,29,0,,,
2014-10-11,2014,R,,indiana,iowa,A,29,45,0,,,
2014-10-11,2014,R,,iowa-state,toledo,H,37,30,0,,,
2014-10-11,2014,R,,toledo,iowa-state,A,30,37,0,,,
2014-10-11,2014,R,,kentucky,louisiana-monroe,H,48,14,0,,,
2014-10-11,2014,R,,louisiana-monroe,kentucky,A,14,48,0,,,
2014-10-11,2014,R,,liberty,appalachian-state,A,55,48,0,,,
2014-10-11,2014,R,,appalachian-state,liberty,H,48,55,0,,,
2014-10-11,2014,R,,louisiana-state,florida,A,30,27,0,,,
2014-10-11,2014,R,,florida,louisiana-state,H,27,30,0,,,
2014-10-11,2014,R,,marshall,middle-tennessee-state,H,49,24,0,,,
2014-10-11,2014,R,,middle-tennessee-state,marshall,A,24,49,0,,,
2014-10-11,2014,R,,massachusetts,kent-state,A,40,17,0,,,
2014-10-11,2014,R,,kent-state,massachusetts,H,17,40,0,,,
2014-10-11,2014,R,,miami-fl,cincinnati,H,55,34,0,,,
2014-10-11,2014,R,,cincinnati,miami-fl,A,34,55,0,,,
2014-10-11,2014,R,,michigan,penn-state,H,18,13,0,,,
2014-10-11,2014,R,,penn-state,michigan,A,13,18,0,,,
2014-10-11,2014,R,,michigan-state,purdue,A,45,31,0,8.0,,
2014-10-11,2014,R,,purdue,michigan-state,H,31,45,0,,8.0,
2014-10-11,2014,R,,minnesota,northwestern,H,24,17,0,,,
2014-10-11,2014,R,,northwestern,minnesota,A,17,24,0,,,
2014-10-11,2014,R,,mississippi,texas-a-m,A,35,20,0,3.0,14.0,
2014-10-11,2014,R,,texas-a-m,mississippi,H,20,35,0,14.0,3.0,
2014-10-11,2014,R,,mississippi-state,auburn,H,38,23,0,3.0,2.0,
2014-10-11,2014,R,,auburn,mississippi-state,A,23,38,0,2.0,3.0,
2014-10-11,2014,R,,navy,virginia-military-institute,H,51,14,0,,,
2014-10-11,2014,R,,virginia-military-institute,navy,A,14,51,0,,,
2014-10-11,2014,R,,notre-dame,north-carolina,H,50,43,0,6.0,,
2014-10-11,2014,R,,north-carolina,notre-dame,A,43,50,0,,6.0,
2014-10-11,2014,R,,oklahoma,texas,N,31,26,0,11.0,,Cotton Bowl - Dallas TX
2014-10-11,2014,R,,texas,oklahoma,N,26,31,0,,11.0,Cotton Bowl - Dallas TX
2014-10-11,2014,R,,oklahoma-state,kansas,A,27,20,0,16.0,,
2014-10-11,2014,R,,kansas,oklahoma-state,H,20,27,0,,16.0,
2014-10-11,2014,R,,oregon,ucla,A,42,30,0,12.0,18.0,
2014-10-11,2014,R,,ucla,oregon,H,30,42,0,18.0,12.0,
2014-10-11,2014,R,,rice,army,A,41,21,0,,,
2014-10-11,2014,R,,army,rice,H,21,41,0,,,
2014-10-11,2014,R,,southern-california,arizona,A,28,26,0,,10.0,
2014-10-11,2014,R,,arizona,southern-california,H,26,28,0,10.0,,
2014-10-11,2014,R,,temple,tulsa,H,35,24,0,,,
2014-10-11,2014,R,,tulsa,temple,A,24,35,0,,,
2014-10-11,2014,R,,tennessee,chattanooga,H,45,10,0,,,
2014-10-11,2014,R,,chattanooga,tennessee,A,10,45,0,,,
2014-10-11,2014,R,,texas-el-paso,old-dominion,H,42,35,0,,,
2014-10-11,2014,R,,old-dominion,texas-el-paso,A,35,42,0,,,
2014-10-11,2014,R,,texas-san-antonio,florida-international,H,16,13,0,,,
2014-10-11,2014,R,,florida-international,texas-san-antonio,A,13,16,0,,,
2014-10-11,2014,R,,troy,new-mexico-state,H,41,24,0,,,
2014-10-11,2014,R,,new-mexico-state,troy,A,24,41,0,,,
2014-10-11,2014,R,,tulane,connecticut,H,12,3,0,,,
2014-10-11,2014,R,,connecticut,tulane,A,3,12,0,,,
2014-10-11,2014,R,,utah-state,air-force,H,34,16,0,,,
2014-10-11,2014,R,,air-force,utah-state,A,16,34,0,,,
2014-10-11,2014,R,,vanderbilt,charleston-southern,H,21,20,0,,,
2014-10-11,2014,R,,charleston-southern,vanderbilt,A,20,21,0,,,
2014-10-11,2014,R,,washington,california,A,31,7,0,,,
2014-10-11,2014,R,,california,washington,H,7,31,0,,,
2014-10-11,2014,R,,west-virginia,texas-tech,A,37,34,0,,,
2014-10-11,2014,R,,texas-tech,west-virginia,H,34,37,0,,,
2014-10-11,2014,R,,western-michigan,ball-state,A,42,38,0,,,
2014-10-11,2014,R,,ball-state,western-michigan,H,38,42,0,,,
2014-10-11,2014,R,,wisconsin,illinois,H,38,28,0,,,
2014-10-11,2014,R,,illinois,wisconsin,A,28,38,0,,,
2014-10-14,2014,R,,louisiana,texas-state,A,34,10,0,,,
2014-10-14,2014,R,,texas-state,louisiana,H,10,34,0,,,
2014-10-16,2014,R,,pittsburgh,virginia-tech,H,21,16,0,,,
2014-10-16,2014,R,,virginia-tech,pittsburgh,A,16,21,0,,,
2014-10-16,2014,R,,utah,oregon-state,A,29,23,0,20.0,,
2014-10-16,2014,R,,oregon-state,utah,H,23,29,0,,20.0,
2014-10-17,2014,R,,boise-state,fresno-state,H,37,27,0,,,
2014-10-17,2014,R,,fresno-state,boise-state,A,27,37,0,,,
2014-10-17,2014,R,,houston,temple,H,31,10,0,,,
2014-10-17,2014,R,,temple,houston,A,10,31,0,,,
2014-10-18,2014,R,,air-force,new-mexico,H,35,31,0,,,
2014-10-18,2014,R,,new-mexico,air-force,A,31,35,0,,,
2014-10-18,2014,R,,alabama,texas-a-m,H,59,0,0,7.0,21.0,
2014-10-18,2014,R,,texas-a-m,alabama,A,0,59,0,21.0,7.0,
2014-10-18,2014,R,,appalachian-state,troy,A,53,14,0,,,
2014-10-18,2014,R,,troy,appalachian-state,H,14,53,0,,,
2014-10-18,2014,R,,arizona-state,stanford,H,26,10,0,17.0,23.0,
2014-10-18,2014,R,,stanford,arizona-state,A,10,26,0,23.0,17.0,
2014-10-18,2014,R,,ball-state,central-michigan,A,32,29,0,,,
2014-10-18,2014,R,,central-michigan,ball-state,H,29,32,0,,,
2014-10-18,2014,R,,central-florida,tulane,H,20,13,0,,,
2014-10-18,2014,R,,tulane,central-florida,A,13,20,0,,,
2014-10-18,2014,R,,cincinnati,southern-methodist,A,41,3,0,,,
2014-10-18,2014,R,,southern-methodist,cincinnati,H,3,41,0,,,
2014-10-18,2014,R,,clemson,boston-college,A,17,13,0,24.0,,
2014-10-18,2014,R,,boston-college,clemson,H,13,17,0,,24.0,
2014-10-18,2014,R,,colorado-state,utah-state,H,16,13,0,,,
2014-10-18,2014,R,,utah-state,colorado-state,A,13,16,0,,,
2014-10-18,2014,R,,duke,virginia,H,20,13,0,,,
2014-10-18,2014,R,,virginia,duke,A,13,20,0,,,
2014-10-18,2014,R,,florida-atlantic,western-kentucky,H,45,38,0,,,
2014-10-18,2014,R,,western-kentucky,florida-atlantic,A,38,45,0,,,
2014-10-18,2014,R,,florida-state,notre-dame,H,31,27,0,2.0,5.0,
2014-10-18,2014,R,,notre-dame,florida-state,A,27,31,0,5.0,2.0,
2014-10-18,2014,R,,georgia,arkansas,N,45,32,0,10.0,,War Memorial Stadium - Little Rock AR
2014-10-18,2014,R,,arkansas,georgia,N,32,45,0,,10.0,War Memorial Stadium - Little Rock AR
2014-10-18,2014,R,,idaho,new-mexico-state,H,29,17,0,,,
2014-10-18,2014,R,,new-mexico-state,idaho,A,17,29,0,,,
2014-10-18,2014,R,,kansas-state,oklahoma,A,31,30,0,14.0,11.0,
2014-10-18,2014,R,,oklahoma,kansas-state,H,30,31,0,11.0,14.0,
2014-10-18,2014,R,,kent-state,army,H,39,17,0,,,
2014-10-18,2014,R,,army,kent-state,A,17,39,0,,,
2014-10-18,2014,R,,louisiana-state,kentucky,H,41,3,0,,,
2014-10-18,2014,R,,kentucky,louisiana-state,A,3,41,0,,,
2014-10-18,2014,R,,louisiana-tech,texas-san-antonio,H,27,20,0,,,
2014-10-18,2014,R,,texas-san-antonio,louisiana-tech,A,20,27,0,,,
2014-10-18,2014,R,,louisville,north-carolina-state,H,30,18,0,,,
2014-10-18,2014,R,,north-carolina-state,louisville,A,18,30,0,,,
2014-10-18,2014,R,,marshall,florida-international,A,45,13,0,25.0,,
2014-10-18,2014,R,,florida-international,marshall,H,13,45,0,,25.0,
2014-10-18,2014,R,,maryland,iowa,H,38,31,0,,,
2014-10-18,2014,R,,iowa,maryland,A,31,38,0,,,
2014-10-18,2014,R,,massachusetts,eastern-michigan,N,36,14,0,,,Gillette Stadium - Foxborough MA
2014-10-18,2014,R,,eastern-michigan,massachusetts,N,14,36,0,,,Gillette Stadium - Foxborough MA
2014-10-18,2014,R,,michigan-state,indiana,A,56,17,0,8.0,,
2014-10-18,2014,R,,indiana,michigan-state,H,17,56,0,,8.0,
2014-10-18,2014,R,,middle-tennessee-state,alabama-birmingham,H,34,22,0,,,
2014-10-18,2014,R,,alabama-birmingham,middle-tennessee-state,A,22,34,0,,,
2014-10-18,2014,R,,minnesota,purdue,H,39,38,0,,,
2014-10-18,2014,R,,purdue,minnesota,A,38,39,0,,,
2014-10-18,2014,R,,mississippi,tennessee,H,34,3,0,3.0,,
2014-10-18,2014,R,,tennessee,mississippi,A,3,34,0,,3.0,
2014-10-18,2014,R,,missouri,florida,A,42,13,0,,,
2014-10-18,2014,R,,florida,missouri,H,13,42,0,,,
2014-10-18,2014,R,,nebraska,northwestern,A,38,17,0,19.0,,
2014-10-18,2014,R,,northwestern,nebraska,H,17,38,0,,19.0,
2014-10-18,2014,R,,nevada,brigham-young,A,42,35,0,,,
2014-10-18,2014,R,,brigham-young,nevada,H,35,42,0,,,
2014-10-18,2014,R,,north-carolina,georgia-tech,H,48,43,0,,,
2014-10-18,2014,R,,georgia-tech,north-carolina,A,43,48,0,,,
2014-10-18,2014,R,,northern-illinois,miami-oh,H,51,41,0,,,
2014-10-18,2014,R,,miami-oh,northern-illinois,A,41,51,0,,,
2014-10-18,2014,R,,ohio,akron,H,23,20,0,,,
2014-10-18,2014,R,,akron,ohio,A,20,23,0,,,
2014-10-18,2014,R,,ohio-state,rutgers,H,56,17,0,13.0,,
2014-10-18,2014,R,,rutgers,ohio-state,A,17,56,0,,13.0,
2014-10-18,2014,R,,oregon,washington,H,45,20,0,9.0,,
2014-10-18,2014,R,,washington,oregon,A,20,45,0,,9.0,
2014-10-18,2014,R,,san-diego-state,hawaii,H,20,10,0,,,
2014-10-18,2014,R,,hawaii,san-diego-state,A,10,20,0,,,
2014-10-18,2014,R,,san-jose-state,wyoming,A,27,20,0,,,
2014-10-18,2014,R,,wyoming,san-jose-state,H,20,27,0,,,
2014-10-18,2014,R,,south-alabama,georgia-state,H,30,27,0,,,
2014-10-18,2014,R,,georgia-state,south-alabama,A,27,30,0,,,
2014-10-18,2014,R,,south-carolina,furman,H,41,10,0,,,
2014-10-18,2014,R,,furman,south-carolina,A,10,41,0,,,
2014-10-18,2014,R,,south-florida,tulsa,A,38,30,0,,,
2014-10-18,2014,R,,tulsa,south-florida,H,30,38,0,,,
2014-10-18,2014,R,,southern-california,colorado,H,56,28,0,22.0,,
2014-10-18,2014,R,,colorado,southern-california,A,28,56,0,,22.0,
2014-10-18,2014,R,,southern-mississippi,north-texas,A,30,20,0,,,
2014-10-18,2014,R,,north-texas,southern-mississippi,H,20,30,0,,,
2014-10-18,2014,R,,syracuse,wake-forest,A,30,7,0,,,
2014-10-18,2014,R,,wake-forest,syracuse,H,7,30,0,,,
2014-10-18,2014,R,,texas,iowa-state,H,48,45,0,,,
2014-10-18,2014,R,,iowa-state,texas,A,45,48,0,,,
2014-10-18,2014,R,,texas-christian,oklahoma-state,H,42,9,0,12.0,15.0,
2014-10-18,2014,R,,oklahoma-state,texas-christian,A,9,42,0,15.0,12.0,
2014-10-18,2014,R,,texas-tech,kansas,H,34,21,0,,,
2014-10-18,2014,R,,kansas,texas-tech,A,21,34,0,,,
2014-10-18,2014,R,,ucla,california,A,36,34,0,,,
2014-10-18,2014,R,,california,ucla,H,34,36,0,,,
2014-10-18,2014,R,,west-virginia,baylor,H,41,27,0,,4.0,
2014-10-18,2014,R,,baylor,west-virginia,A,27,41,0,4.0,,
2014-10-18,2014,R,,western-michigan,bowling-green,A,26,14,0,,,
2014-10-18,2014,R,,bowling-green,western-michigan,H,14,26,0,,,
2014-10-21,2014,R,,louisiana,arkansas-state,H,55,40,0,,,
2014-10-21,2014,R,,arkansas-state,louisiana,A,40,55,0,,,
2014-10-23,2014,R,,east-carolina,connecticut,H,31,21,0,18.0,,
2014-10-23,2014,R,,connecticut,east-carolina,A,21,31,0,,18.0,
2014-10-23,2014,R,,miami-fl,virginia-tech,A,30,6,0,,,
2014-10-23,2014,R,,virginia-tech,miami-fl,H,6,30,0,,,
2014-10-24,2014,R,,boise-state,brigham-young,H,55,30,0,,,
2014-10-24,2014,R,,brigham-young,boise-state,A,30,55,0,,,
2014-10-24,2014,R,,cincinnati,south-florida,H,34,17,0,,,Paul Brown Stadium - Cincinnati OH
2014-10-24,2014,R,,south-florida,cincinnati,A,17,34,0,,,Paul Brown Stadium - Cincinnati OH
2014-10-24,2014,R,,oregon,california,A,59,41,0,6.0,,Levi`s Stadium - Santa Clara CA
2014-10-24,2014,R,,california,oregon,H,41,59,0,,6.0,Levi`s Stadium - Santa Clara CA
2014-10-24,2014,R,,south-alabama,troy,H,27,13,0,,,
2014-10-24,2014,R,,troy,south-alabama,A,13,27,0,,,
2014-10-25,2014,R,,alabama,tennessee,A,34,20,0,4.0,,
2014-10-25,2014,R,,tennessee,alabama,H,20,34,0,,4.0,
2014-10-25,2014,R,,arizona,washington-state,A,59,37,0,15.0,,
2014-10-25,2014,R,,washington-state,arizona,H,37,59,0,,15.0,
2014-10-25,2014,R,,arizona-state,washington,A,24,10,0,14.0,,
2014-10-25,2014,R,,washington,arizona-state,H,10,24,0,,14.0,
2014-10-25,2014,R,,arkansas,alabama-birmingham,H,45,17,0,,,
2014-10-25,2014,R,,alabama-birmingham,arkansas,A,17,45,0,,,
2014-10-25,2014,R,,auburn,south-carolina,H,42,35,0,5.0,,
2014-10-25,2014,R,,south-carolina,auburn,A,35,42,0,,5.0,
2014-10-25,2014,R,,ball-state,akron,H,35,21,0,,,
2014-10-25,2014,R,,akron,ball-state,A,21,35,0,,,
2014-10-25,2014,R,,boston-college,wake-forest,A,23,17,0,,,
2014-10-25,2014,R,,wake-forest,boston-college,H,17,23,0,,,
2014-10-25,2014,R,,central-florida,temple,H,34,14,0,,,
2014-10-25,2014,R,,temple,central-florida,A,14,34,0,,,
2014-10-25,2014,R,,central-michigan,buffalo,A,20,14,0,,,
2014-10-25,2014,R,,buffalo,central-michigan,H,14,20,0,,,
2014-10-25,2014,R,,clemson,syracuse,H,16,6,0,21.0,,
2014-10-25,2014,R,,syracuse,clemson,A,6,16,0,,21.0,
2014-10-25,2014,R,,colorado-state,wyoming,H,45,31,0,,,
2014-10-25,2014,R,,wyoming,colorado-state,A,31,45,0,,,
2014-10-25,2014,R,,georgia-southern,georgia-state,A,69,31,0,,,
2014-10-25,2014,R,,georgia-state,georgia-southern,H,31,69,0,,,
2014-10-25,2014,R,,georgia-tech,pittsburgh,A,56,28,0,,,
2014-10-25,2014,R,,pittsburgh,georgia-tech,H,28,56,0,,,
2014-10-25,2014,R,,illinois,minnesota,H,28,24,0,,,
2014-10-25,2014,R,,minnesota,illinois,A,24,28,0,,,
2014-10-25,2014,R,,kansas-state,texas,H,23,0,0,11.0,,
2014-10-25,2014,R,,texas,kansas-state,A,0,23,0,,11.0,
2014-10-25,2014,R,,louisiana-state,mississippi,H,10,7,0,24.0,3.0,
2014-10-25,2014,R,,mississippi,louisiana-state,A,7,10,0,3.0,24.0,
2014-10-25,2014,R,,louisiana-tech,southern-mississippi,A,31,20,0,,,
2014-10-25,2014,R,,southern-mississippi,louisiana-tech,H,20,31,0,,,
2014-10-25,2014,R,,marshall,florida-atlantic,H,35,16,0,23.0,,
2014-10-25,2014,R,,florida-atlantic,marshall,A,16,35,0,,23.0,
2014-10-25,2014,R,,memphis,southern-methodist,A,48,10,0,,,
2014-10-25,2014,R,,southern-methodist,memphis,H,10,48,0,,,
2014-10-25,2014,R,,miami-oh,kent-state,H,10,3,0,,,
2014-10-25,2014,R,,kent-state,miami-oh,A,3,10,0,,,
2014-10-25,2014,R,,michigan-state,michigan,H,35,11,0,8.0,,
2014-10-25,2014,R,,michigan,michigan-state,A,11,35,0,,8.0,
2014-10-25,2014,R,,mississippi-state,kentucky,A,45,31,0,1.0,,
2014-10-25,2014,R,,kentucky,mississippi-state,H,31,45,0,,1.0,
2014-10-25,2014,R,,missouri,vanderbilt,H,24,14,0,,,
2014-10-25,2014,R,,vanderbilt,missouri,A,14,24,0,,,
2014-10-25,2014,R,,navy,san-jose-state,H,41,31,0,,,
2014-10-25,2014,R,,san-jose-state,navy,A,31,41,0,,,
2014-10-25,2014,R,,nebraska,rutgers,H,42,24,0,16.0,,
2014-10-25,2014,R,,rutgers,nebraska,A,24,42,0,,16.0,
2014-10-25,2014,R,,nevada,hawaii,A,26,18,0,,,
2014-10-25,2014,R,,hawaii,nevada,H,18,26,0,,,
2014-10-25,2014,R,,north-carolina,virginia,A,28,27,0,,,
2014-10-25,2014,R,,virginia,north-carolina,H,27,28,0,,,
2014-10-25,2014,R,,northern-illinois,eastern-michigan,A,28,17,0,,,
2014-10-25,2014,R,,eastern-michigan,northern-illinois,H,17,28,0,,,
2014-10-25,2014,R,,ohio-state,penn-state,A,31,24,0,13.0,,
2014-10-25,2014,R,,penn-state,ohio-state,H,24,31,0,,13.0,
2014-10-25,2014,R,,rice,north-texas,H,41,21,0,,,
2014-10-25,2014,R,,north-texas,rice,A,21,41,0,,,
2014-10-25,2014,R,,stanford,oregon-state,H,38,14,0,,,
2014-10-25,2014,R,,oregon-state,stanford,A,14,38,0,,,
2014-10-25,2014,R,,texas-christian,texas-tech,H,82,27,0,10.0,,
2014-10-25,2014,R,,texas-tech,texas-christian,A,27,82,0,,10.0,
2014-10-25,2014,R,,texas-state,louisiana-monroe,A,22,18,0,,,
2014-10-25,2014,R,,louisiana-monroe,texas-state,H,18,22,0,,,
2014-10-25,2014,R,,texas-el-paso,texas-san-antonio,A,34,0,0,,,
2014-10-25,2014,R,,texas-san-antonio,texas-el-paso,H,0,34,0,,,
2014-10-25,2014,R,,toledo,massachusetts,H,42,35,0,,,
2014-10-25,2014,R,,massachusetts,toledo,A,35,42,0,,,
2014-10-25,2014,R,,ucla,colorado,A,40,37,0,25.0,,
2014-10-25,2014,R,,colorado,ucla,H,37,40,0,,25.0,
2014-10-25,2014,R,,utah,southern-california,H,24,21,0,19.0,20.0,
2014-10-25,2014,R,,southern-california,utah,A,21,24,0,20.0,19.0,
2014-10-25,2014,R,,utah-state,nevada-las-vegas,H,34,20,0,,,
2014-10-25,2014,R,,nevada-las-vegas,utah-state,A,20,34,0,,,
2014-10-25,2014,R,,west-virginia,oklahoma-state,A,34,10,0,22.0,,
2014-10-25,2014,R,,oklahoma-state,west-virginia,H,10,34,0,,22.0,
2014-10-25,2014,R,,western-kentucky,old-dominion,H,66,51,0,,,
2014-10-25,2014,R,,old-dominion,western-kentucky,A,51,66,0,,,
2014-10-25,2014,R,,western-michigan,ohio,H,42,21,0,,,
2014-10-25,2014,R,,ohio,western-michigan,A,21,42,0,,,
2014-10-25,2014,R,,wisconsin,maryland,H,52,7,0,,,
2014-10-25,2014,R,,maryland,wisconsin,A,7,52,0,,,
2014-10-30,2014,R,,florida-state,louisville,A,42,31,0,2.0,,
2014-10-30,2014,R,,louisville,florida-state,H,31,42,0,,2.0,
2014-10-30,2014,R,,georgia-southern,troy,H,42,10,0,,,
2014-10-30,2014,R,,troy,georgia-southern,A,10,42,0,,,
2014-10-31,2014,R,,cincinnati,tulane,A,38,14,0,,,
2014-10-31,2014,R,,tulane,cincinnati,H,14,38,0,,,
2014-10-31,2014,R,,memphis,tulsa,H,40,20,0,,,
2014-10-31,2014,R,,tulsa,memphis,A,20,40,0,,,
2014-11-01,2014,R,,air-force,army,A,23,6,0,,,
2014-11-01,2014,R,,army,air-force,H,6,23,0,,,
2014-11-01,2014,R,,alabama-birmingham,florida-atlantic,A,31,28,0,,,
2014-11-01,2014,R,,florida-atlantic,alabama-birmingham,H,28,31,0,,,
2014-11-01,2014,R,,appalachian-state,georgia-state,H,44,0,0,,,
2014-11-01,2014,R,,georgia-state,appalachian-state,A,0,44,0,,,
2014-11-01,2014,R,,arizona-state,utah,H,19,16,0,15.0,18.0,
2014-11-01,2014,R,,utah,arizona-state,A,16,19,0,18.0,15.0,
2014-11-01,2014,R,,arkansas-state,idaho,A,44,28,0,,,
2014-11-01,2014,R,,idaho,arkansas-state,H,28,44,0,,,
2014-11-01,2014,R,,auburn,mississippi,A,35,31,0,4.0,7.0,
2014-11-01,2014,R,,mississippi,auburn,H,31,35,0,7.0,4.0,
2014-11-01,2014,R,,baylor,kansas,H,60,14,0,12.0,,
2014-11-01,2014,R,,kansas,baylor,A,14,60,0,,12.0,
2014-11-01,2014,R,,boston-college,virginia-tech,A,33,31,0,,,
2014-11-01,2014,R,,virginia-tech,boston-college,H,31,33,0,,,
2014-11-01,2014,R,,brigham-young,middle-tennessee-state,A,27,7,0,,,
2014-11-01,2014,R,,middle-tennessee-state,brigham-young,H,7,27,0,,,
2014-11-01,2014,R,,california,oregon-state,A,45,31,0,,,
2014-11-01,2014,R,,oregon-state,california,H,31,45,0,,,
2014-11-01,2014,R,,central-michigan,eastern-michigan,A,38,7,0,,,
2014-11-01,2014,R,,eastern-michigan,central-michigan,H,7,38,0,,,
2014-11-01,2014,R,,colorado-state,san-jose-state,A,38,31,0,,,
2014-11-01,2014,R,,san-jose-state,colorado-state,H,31,38,0,,,
2014-11-01,2014,R,,connecticut,central-florida,H,37,29,0,,,
2014-11-01,2014,R,,central-florida,connecticut,A,29,37,0,,,
2014-11-01,2014,R,,duke,pittsburgh,A,51,48,0,24.0,,
2014-11-01,2014,R,,pittsburgh,duke,H,48,51,0,,24.0,
2014-11-01,2014,R,,florida,georgia,N,38,20,0,,9.0,EverBank Field - Jacksonville FL
2014-11-01,2014,R,,georgia,florida,N,20,38,0,9.0,,EverBank Field - Jacksonville FL
2014-11-01,2014,R,,georgia-tech,virginia,H,35,10,0,,,
2014-11-01,2014,R,,virginia,georgia-tech,A,10,35,0,,,
2014-11-01,2014,R,,houston,south-florida,A,27,3,0,,,
2014-11-01,2014,R,,south-florida,houston,H,3,27,0,,,
2014-11-01,2014,R,,iowa,northwestern,H,48,7,0,,,
2014-11-01,2014,R,,northwestern,iowa,A,7,48,0,,,
2014-11-01,2014,R,,kansas-state,oklahoma-state,H,48,14,0,11.0,,
2014-11-01,2014,R,,oklahoma-state,kansas-state,A,14,48,0,,11.0,
2014-11-01,2014,R,,louisiana,south-alabama,H,19,9,0,,,
2014-11-01,2014,R,,south-alabama,louisiana,A,9,19,0,,,
2014-11-01,2014,R,,louisiana-tech,western-kentucky,H,59,10,0,,,
2014-11-01,2014,R,,western-kentucky,louisiana-tech,A,10,59,0,,,
2014-11-01,2014,R,,maryland,penn-state,A,20,19,0,,,
2014-11-01,2014,R,,penn-state,maryland,H,19,20,0,,,
2014-11-01,2014,R,,miami-fl,north-carolina,H,47,20,0,,,
2014-11-01,2014,R,,north-carolina,miami-fl,A,20,47,0,,,
2014-11-01,2014,R,,michigan,indiana,H,34,10,0,,,
2014-11-01,2014,R,,indiana,michigan,A,10,34,0,,,
2014-11-01,2014,R,,mississippi-state,arkansas,H,17,10,0,1.0,,
2014-11-01,2014,R,,arkansas,mississippi-state,A,10,17,0,,1.0,
2014-11-01,2014,R,,missouri,kentucky,H,20,10,0,,,
2014-11-01,2014,R,,kentucky,missouri,A,10,20,0,,,
2014-11-01,2014,R,,nebraska,purdue,H,35,14,0,17.0,,
2014-11-01,2014,R,,purdue,nebraska,A,14,35,0,,17.0,
2014-11-01,2014,R,,nevada,san-diego-state,H,30,14,0,,,
2014-11-01,2014,R,,san-diego-state,nevada,A,14,30,0,,,
2014-11-01,2014,R,,new-mexico,nevada-las-vegas,A,31,28,0,,,
2014-11-01,2014,R,,nevada-las-vegas,new-mexico,H,28,31,0,,,
2014-11-01,2014,R,,north-carolina-state,syracuse,A,24,17,0,,,
2014-11-01,2014,R,,syracuse,north-carolina-state,H,17,24,0,,,
2014-11-01,2014,R,,notre-dame,navy,N,49,39,0,6.0,,FedEx Field - Landover MD
2014-11-01,2014,R,,navy,notre-dame,N,39,49,0,,6.0,FedEx Field - Landover MD
2014-11-01,2014,R,,ohio-state,illinois,H,55,14,0,13.0,,
2014-11-01,2014,R,,illinois,ohio-state,A,14,55,0,,13.0,
2014-11-01,2014,R,,oklahoma,iowa-state,A,59,14,0,19.0,,
2014-11-01,2014,R,,iowa-state,oklahoma,H,14,59,0,,19.0,
2014-11-01,2014,R,,oregon,stanford,H,45,16,0,5.0,,
2014-11-01,2014,R,,stanford,oregon,A,16,45,0,,5.0,
2014-11-01,2014,R,,rice,florida-international,A,31,17,0,,,
2014-11-01,2014,R,,florida-international,rice,H,17,31,0,,,
2014-11-01,2014,R,,southern-california,washington-state,A,44,17,0,,,
2014-11-01,2014,R,,washington-state,southern-california,H,17,44,0,,,
2014-11-01,2014,R,,temple,east-carolina,H,20,10,0,,21.0,
2014-11-01,2014,R,,east-carolina,temple,A,10,20,0,21.0,,
2014-11-01,2014,R,,tennessee,south-carolina,A,45,42,0,,,
2014-11-01,2014,R,,south-carolina,tennessee,H,42,45,0,,,
2014-11-01,2014,R,,texas,texas-tech,A,34,13,0,,,
2014-11-01,2014,R,,texas-tech,texas,H,13,34,0,,,
2014-11-01,2014,R,,texas-a-m,louisiana-monroe,H,21,16,0,,,
2014-11-01,2014,R,,louisiana-monroe,texas-a-m,A,16,21,0,,,
2014-11-01,2014,R,,texas-christian,west-virginia,A,31,30,0,10.0,20.0,
2014-11-01,2014,R,,west-virginia,texas-christian,H,30,31,0,20.0,10.0,
2014-11-01,2014,R,,texas-state,new-mexico-state,A,37,29,0,,,
2014-11-01,2014,R,,new-mexico-state,texas-state,H,29,37,0,,,
2014-11-01,2014,R,,texas-el-paso,southern-mississippi,H,35,14,0,,,
2014-11-01,2014,R,,southern-mississippi,texas-el-paso,A,14,35,0,,,
2014-11-01,2014,R,,ucla,arizona,H,17,7,0,25.0,14.0,
2014-11-01,2014,R,,arizona,ucla,A,7,17,0,14.0,25.0,
2014-11-01,2014,R,,utah-state,hawaii,A,35,14,0,,,
2014-11-01,2014,R,,hawaii,utah-state,H,14,35,0,,,
2014-11-01,2014,R,,vanderbilt,old-dominion,H,42,28,0,,,
2014-11-01,2014,R,,old-dominion,vanderbilt,A,28,42,0,,,
2014-11-01,2014,R,,washington,colorado,A,38,23,0,,,
2014-11-01,2014,R,,colorado,washington,H,23,38,0,,,
2014-11-01,2014,R,,western-michigan,miami-oh,A,41,10,0,,,
2014-11-01,2014,R,,miami-oh,western-michigan,H,10,41,0,,,
2014-11-01,2014,R,,wisconsin,rutgers,A,37,0,0,,,
2014-11-01,2014,R,,rutgers,wisconsin,H,0,37,0,,,
2014-11-01,2014,R,,wyoming,fresno-state,A,45,17,0,,,
2014-11-01,2014,R,,fresno-state,wyoming,H,17,45,0,,,
2014-11-04,2014,R,,bowling-green,akron,A,27,10,0,,,
2014-11-04,2014,R,,akron,bowling-green,H,10,27,0,,,
2014-11-04,2014,R,,toledo,kent-state,A,30,20,0,,,
2014-11-04,2014,R,,kent-state,toledo,H,20,30,0,,,
2014-11-05,2014,R,,northern-illinois,ball-state,A,35,21,0,,,
2014-11-05,2014,R,,ball-state,northern-illinois,H,21,35,0,,,
2014-11-05,2014,R,,ohio,buffalo,H,37,14,0,,,
2014-11-05,2014,R,,buffalo,ohio,A,14,37,0,,,
2014-11-06,2014,R,,clemson,wake-forest,A,34,20,0,19.0,,
2014-11-06,2014,R,,wake-forest,clemson,H,20,34,0,,19.0,
2014-11-07,2014,R,,memphis,temple,A,16,13,0,,,
2014-11-07,2014,R,,temple,memphis,H,13,16,0,,,
2014-11-07,2014,R,,utah-state,wyoming,A,20,3,0,,,
2014-11-07,2014,R,,wyoming,utah-state,H,3,20,0,,,
2014-11-08,2014,R,,air-force,nevada-las-vegas,A,48,21,0,,,
2014-11-08,2014,R,,nevada-las-vegas,air-force,H,21,48,0,,,
2014-11-08,2014,R,,alabama,louisiana-state,A,20,13,0,4.0,14.0,
2014-11-08,2014,R,,louisiana-state,alabama,H,13,20,0,14.0,4.0,
2014-11-08,2014,R,,appalachian-state,louisiana-monroe,H,31,29,0,,,
2014-11-08,2014,R,,louisiana-monroe,appalachian-state,A,29,31,0,,,
2014-11-08,2014,R,,arizona,colorado,H,38,20,0,21.0,,
2014-11-08,2014,R,,colorado,arizona,A,20,38,0,,21.0,
2014-11-08,2014,R,,arizona-state,notre-dame,H,55,31,0,11.0,8.0,
2014-11-08,2014,R,,notre-dame,arizona-state,A,31,55,0,8.0,11.0,
2014-11-08,2014,R,,arkansas-state,south-alabama,H,45,10,0,,,
2014-11-08,2014,R,,south-alabama,arkansas-state,A,10,45,0,,,
2014-11-08,2014,R,,army,connecticut,N,35,21,0,,,Yankee Stadium - Bronx NY
2014-11-08,2014,R,,connecticut,army,N,21,35,0,,,Yankee Stadium - Bronx NY
2014-11-08,2014,R,,baylor,oklahoma,A,48,14,0,10.0,16.0,
2014-11-08,2014,R,,oklahoma,baylor,H,14,48,0,16.0,10.0,
2014-11-08,2014,R,,boise-state,new-mexico,A,60,49,0,,,
2014-11-08,2014,R,,new-mexico,boise-state,H,49,60,0,,,
2014-11-08,2014,R,,colorado-state,hawaii,H,49,22,0,,,
2014-11-08,2014,R,,hawaii,colorado-state,A,22,49,0,,,
2014-11-08,2014,R,,duke,syracuse,A,27,10,0,22.0,,
2014-11-08,2014,R,,syracuse,duke,H,10,27,0,,22.0,
2014-11-08,2014,R,,florida,vanderbilt,A,34,10,0,,,
2014-11-08,2014,R,,vanderbilt,florida,H,10,34,0,,,
2014-11-08,2014,R,,florida-state,virginia,H,34,20,0,2.0,,
2014-11-08,2014,R,,virginia,florida-state,A,20,34,0,,2.0,
2014-11-08,2014,R,,fresno-state,san-jose-state,H,38,24,0,,,
2014-11-08,2014,R,,san-jose-state,fresno-state,A,24,38,0,,,
2014-11-08,2014,R,,georgia,kentucky,A,63,31,0,17.0,,
2014-11-08,2014,R,,kentucky,georgia,H,31,63,0,,17.0,
2014-11-08,2014,R,,georgia-southern,texas-state,A,28,25,0,,,
2014-11-08,2014,R,,texas-state,georgia-southern,H,25,28,0,,,
2014-11-08,2014,R,,georgia-tech,north-carolina-state,A,56,23,0,,,
2014-11-08,2014,R,,north-carolina-state,georgia-tech,H,23,56,0,,,
2014-11-08,2014,R,,kansas,iowa-state,H,34,14,0,,,
2014-11-08,2014,R,,iowa-state,kansas,A,14,34,0,,,
2014-11-08,2014,R,,louisiana,new-mexico-state,A,44,16,0,,,
2014-11-08,2014,R,,new-mexico-state,louisiana,H,16,44,0,,,
2014-11-08,2014,R,,louisiana-tech,alabama-birmingham,A,40,24,0,,,
2014-11-08,2014,R,,alabama-birmingham,louisiana-tech,H,24,40,0,,,
2014-11-08,2014,R,,louisville,boston-college,A,38,19,0,,,
2014-11-08,2014,R,,boston-college,louisville,H,19,38,0,,,
2014-11-08,2014,R,,marshall,southern-mississippi,A,63,17,0,23.0,,
2014-11-08,2014,R,,southern-mississippi,marshall,H,17,63,0,,23.0,
2014-11-08,2014,R,,michigan,northwestern,A,10,9,0,,,
2014-11-08,2014,R,,northwestern,michigan,H,9,10,0,,,
2014-11-08,2014,R,,minnesota,iowa,H,51,14,0,,,
2014-11-08,2014,R,,iowa,minnesota,A,14,51,0,,,
2014-11-08,2014,R,,mississippi,presbyterian,H,48,0,0,12.0,,
2014-11-08,2014,R,,presbyterian,mississippi,A,0,48,0,,12.0,
2014-11-08,2014,R,,mississippi-state,tennessee-martin,H,45,16,0,1.0,,
2014-11-08,2014,R,,tennessee-martin,mississippi-state,A,16,45,0,,1.0,
2014-11-08,2014,R,,north-texas,florida-atlantic,H,31,10,0,,,
2014-11-08,2014,R,,florida-atlantic,north-texas,A,10,31,0,,,
2014-11-08,2014,R,,ohio-state,michigan-state,A,49,37,0,13.0,7.0,
2014-11-08,2014,R,,michigan-state,ohio-state,H,37,49,0,7.0,13.0,
2014-11-08,2014,R,,old-dominion,florida-international,H,38,35,0,,,
2014-11-08,2014,R,,florida-international,old-dominion,A,35,38,0,,,
2014-11-08,2014,R,,oregon,utah,A,51,27,0,5.0,20.0,
2014-11-08,2014,R,,utah,oregon,H,27,51,0,20.0,5.0,
2014-11-08,2014,R,,penn-state,indiana,A,13,7,0,,,
2014-11-08,2014,R,,indiana,penn-state,H,7,13,0,,,
2014-11-08,2014,R,,rice,texas-san-antonio,H,17,7,0,,,
2014-11-08,2014,R,,texas-san-antonio,rice,A,7,17,0,,,
2014-11-08,2014,R,,san-diego-state,idaho,H,35,21,0,,,
2014-11-08,2014,R,,idaho,san-diego-state,A,21,35,0,,,
2014-11-08,2014,R,,texas,west-virginia,H,33,16,0,,24.0,
2014-11-08,2014,R,,west-virginia,texas,A,16,33,0,24.0,,
2014-11-08,2014,R,,texas-a-m,auburn,A,41,38,0,,3.0,
2014-11-08,2014,R,,auburn,texas-a-m,H,38,41,0,3.0,,
2014-11-08,2014,R,,texas-christian,kansas-state,H,41,20,0,6.0,9.0,
2014-11-08,2014,R,,kansas-state,texas-christian,A,20,41,0,9.0,6.0,
2014-11-08,2014,R,,troy,georgia-state,H,45,21,0,,,
2014-11-08,2014,R,,georgia-state,troy,A,21,45,0,,,
2014-11-08,2014,R,,tulane,houston,A,31,24,0,,,
2014-11-08,2014,R,,houston,tulane,H,24,31,0,,,
2014-11-08,2014,R,,tulsa,southern-methodist,H,38,28,0,,,
2014-11-08,2014,R,,southern-methodist,tulsa,A,28,38,0,,,
2014-11-08,2014,R,,ucla,washington,A,44,30,0,18.0,,
2014-11-08,2014,R,,washington,ucla,H,30,44,0,,18.0,
2014-11-08,2014,R,,washington-state,oregon-state,A,39,32,0,,,
2014-11-08,2014,R,,oregon-state,washington-state,H,32,39,0,,,
2014-11-08,2014,R,,western-kentucky,texas-el-paso,H,35,27,0,,,
2014-11-08,2014,R,,texas-el-paso,western-kentucky,A,27,35,0,,,
2014-11-08,2014,R,,wisconsin,purdue,A,34,16,0,25.0,,
2014-11-08,2014,R,,purdue,wisconsin,H,16,34,0,,25.0,
2014-11-11,2014,R,,buffalo,akron,H,55,24,0,,,
2014-11-11,2014,R,,akron,buffalo,A,24,55,0,,,
2014-11-11,2014,R,,northern-illinois,toledo,H,27,24,0,,,
2014-11-11,2014,R,,toledo,northern-illinois,A,24,27,0,,,
2014-11-12,2014,R,,bowling-green,kent-state,H,30,20,0,,,
2014-11-12,2014,R,,kent-state,bowling-green,A,20,30,0,,,
2014-11-12,2014,R,,massachusetts,ball-state,H,24,10,0,,,
2014-11-12,2014,R,,ball-state,massachusetts,A,10,24,0,,,
2014-11-13,2014,R,,cincinnati,east-carolina,H,54,46,0,,,Paul Brown Stadium - Cincinnati OH
2014-11-13,2014,R,,east-carolina,cincinnati,A,46,54,0,,,Paul Brown Stadium - Cincinnati OH
2014-11-13,2014,R,,southern-california,california,H,38,30,0,,,
2014-11-13,2014,R,,california,southern-california,A,30,38,0,,,
2014-11-13,2014,R,,texas-san-antonio,southern-mississippi,H,12,10,0,,,
2014-11-13,2014,R,,southern-mississippi,texas-san-antonio,A,10,12,0,,,
2014-11-14,2014,R,,central-florida,tulsa,H,31,7,0,,,
2014-11-14,2014,R,,tulsa,central-florida,A,7,31,0,,,
2014-11-15,2014,R,,air-force,nevada,H,45,38,0,,,
2014-11-15,2014,R,,nevada,air-force,A,38,45,0,,,
2014-11-15,2014,R,,alabama,mississippi-state,H,25,20,0,4.0,1.0,
2014-11-15,2014,R,,mississippi-state,alabama,A,20,25,0,1.0,4.0,
2014-11-15,2014,R,,appalachian-state,arkansas-state,A,37,32,0,,,
2014-11-15,2014,R,,arkansas-state,appalachian-state,H,32,37,0,,,
2014-11-15,2014,R,,arizona,washington,H,27,26,0,17.0,,
2014-11-15,2014,R,,washington,arizona,A,26,27,0,,17.0,
2014-11-15,2014,R,,arkansas,louisiana-state,H,17,0,0,,20.0,
2014-11-15,2014,R,,louisiana-state,arkansas,A,0,17,0,20.0,,
2014-11-15,2014,R,,boise-state,san-diego-state,H,38,29,0,,,
2014-11-15,2014,R,,san-diego-state,boise-state,A,29,38,0,,,
2014-11-15,2014,R,,brigham-young,nevada-las-vegas,H,42,23,0,,,
2014-11-15,2014,R,,nevada-las-vegas,brigham-young,A,23,42,0,,,
2014-11-15,2014,R,,central-michigan,miami-oh,H,34,27,0,,,
2014-11-15,2014,R,,miami-oh,central-michigan,A,27,34,0,,,
2014-11-15,2014,R,,florida-international,middle-tennessee-state,H,38,28,0,,,
2014-11-15,2014,R,,middle-tennessee-state,florida-international,A,28,38,0,,,
2014-11-15,2014,R,,florida-state,miami-fl,A,30,26,0,2.0,,
2014-11-15,2014,R,,miami-fl,florida-state,H,26,30,0,,2.0,
2014-11-15,2014,R,,georgia,auburn,H,34,7,0,16.0,9.0,
2014-11-15,2014,R,,auburn,georgia,A,7,34,0,9.0,16.0,
2014-11-15,2014,R,,georgia-tech,clemson,H,28,6,0,24.0,18.0,
2014-11-15,2014,R,,clemson,georgia-tech,A,6,28,0,18.0,24.0,
2014-11-15,2014,R,,hawaii,san-jose-state,A,13,0,0,,,
2014-11-15,2014,R,,san-jose-state,hawaii,H,0,13,0,,,
2014-11-15,2014,R,,iowa,illinois,A,30,14,0,,,
2014-11-15,2014,R,,illinois,iowa,H,14,30,0,,,
2014-11-15,2014,R,,louisiana,louisiana-monroe,A,34,27,0,,,
2014-11-15,2014,R,,louisiana-monroe,louisiana,H,27,34,0,,,
2014-11-15,2014,R,,marshall,rice,H,41,14,0,21.0,,
2014-11-15,2014,R,,rice,marshall,A,14,41,0,,21.0,
2014-11-15,2014,R,,memphis,tulane,A,38,7,0,,,
2014-11-15,2014,R,,tulane,memphis,H,7,38,0,,,
2014-11-15,2014,R,,michigan-state,maryland,A,37,15,0,12.0,,
2014-11-15,2014,R,,maryland,michigan-state,H,15,37,0,,12.0,
2014-11-15,2014,R,,missouri,texas-a-m,A,34,27,0,,,
2014-11-15,2014,R,,texas-a-m,missouri,H,27,34,0,,,
2014-11-15,2014,R,,navy,georgia-southern,H,52,19,0,,,
2014-11-15,2014,R,,georgia-southern,navy,A,19,52,0,,,
2014-11-15,2014,R,,north-carolina,pittsburgh,H,40,35,0,,,
2014-11-15,2014,R,,pittsburgh,north-carolina,A,35,40,0,,,
2014-11-15,2014,R,,north-carolina-state,wake-forest,H,42,13,0,,,
2014-11-15,2014,R,,wake-forest,north-carolina-state,A,13,42,0,,,
2014-11-15,2014,R,,northwestern,notre-dame,A,43,40,0,,15.0,
2014-11-15,2014,R,,notre-dame,northwestern,H,40,43,0,15.0,,
2014-11-15,2014,R,,ohio-state,minnesota,A,31,24,0,8.0,,
2014-11-15,2014,R,,minnesota,ohio-state,H,24,31,0,,8.0,
2014-11-15,2014,R,,oklahoma,texas-tech,A,42,30,0,,,
2014-11-15,2014,R,,texas-tech,oklahoma,H,30,42,0,,,
2014-11-15,2014,R,,oregon-state,arizona-state,H,35,27,0,,7.0,
2014-11-15,2014,R,,arizona-state,oregon-state,A,27,35,0,7.0,,
2014-11-15,2014,R,,penn-state,temple,H,30,13,0,,,
2014-11-15,2014,R,,temple,penn-state,A,13,30,0,,,
2014-11-15,2014,R,,rutgers,indiana,H,45,23,0,,,
2014-11-15,2014,R,,indiana,rutgers,A,23,45,0,,,
2014-11-15,2014,R,,south-alabama,texas-state,H,24,20,0,,,
2014-11-15,2014,R,,texas-state,south-alabama,A,20,24,0,,,
2014-11-15,2014,R,,south-carolina,florida,A,23,20,0,,,
2014-11-15,2014,R,,florida,south-carolina,H,20,23,0,,,
2014-11-15,2014,R,,south-florida,southern-methodist,A,14,13,0,,,
2014-11-15,2014,R,,southern-methodist,south-florida,H,13,14,0,,,
2014-11-15,2014,R,,tennessee,kentucky,H,50,16,0,,,
2014-11-15,2014,R,,kentucky,tennessee,A,16,50,0,,,
2014-11-15,2014,R,,texas,oklahoma-state,A,28,7,0,,,
2014-11-15,2014,R,,oklahoma-state,texas,H,7,28,0,,,
2014-11-15,2014,R,,texas-christian,kansas,A,34,30,0,5.0,,
2014-11-15,2014,R,,kansas,texas-christian,H,30,34,0,,5.0,
2014-11-15,2014,R,,texas-el-paso,north-texas,H,35,17,0,,,
2014-11-15,2014,R,,north-texas,texas-el-paso,A,17,35,0,,,
2014-11-15,2014,R,,troy,idaho,A,34,17,0,,,
2014-11-15,2014,R,,idaho,troy,H,17,34,0,,,
2014-11-15,2014,R,,utah,stanford,A,20,17,0,25.0,,
2014-11-15,2014,R,,stanford,utah,H,17,20,0,,25.0,
2014-11-15,2014,R,,utah-state,new-mexico,H,28,21,0,,,
2014-11-15,2014,R,,new-mexico,utah-state,A,21,28,0,,,
2014-11-15,2014,R,,virginia-tech,duke,A,17,16,0,,19.0,
2014-11-15,2014,R,,duke,virginia-tech,H,16,17,0,19.0,,
2014-11-15,2014,R,,western-kentucky,army,H,52,24,0,,,
2014-11-15,2014,R,,army,western-kentucky,A,24,52,0,,,
2014-11-15,2014,R,,western-michigan,eastern-michigan,H,51,7,0,,,
2014-11-15,2014,R,,eastern-michigan,western-michigan,A,7,51,0,,,
2014-11-15,2014,R,,wisconsin,nebraska,H,59,24,0,22.0,11.0,
2014-11-15,2014,R,,nebraska,wisconsin,A,24,59,0,11.0,22.0,
2014-11-18,2014,R,,akron,massachusetts,H,30,6,0,,,
2014-11-18,2014,R,,massachusetts,akron,A,6,30,0,,,
2014-11-18,2014,R,,northern-illinois,ohio,A,21,14,0,,,
2014-11-18,2014,R,,ohio,northern-illinois,H,14,21,0,,,
2014-11-19,2014,R,,toledo,bowling-green,H,27,20,0,,,
2014-11-19,2014,R,,bowling-green,toledo,A,20,27,0,,,
2014-11-20,2014,R,,kansas-state,west-virginia,A,26,20,0,12.0,,
2014-11-20,2014,R,,west-virginia,kansas-state,H,20,26,0,,12.0,
2014-11-20,2014,R,,north-carolina,duke,A,45,20,0,,25.0,
2014-11-20,2014,R,,duke,north-carolina,H,20,45,0,25.0,,
2014-11-20,2014,R,,texas-state,arkansas-state,H,45,27,0,,,
2014-11-20,2014,R,,arkansas-state,texas-state,A,27,45,0,,,
2014-11-21,2014,R,,rice,texas-el-paso,H,31,13,0,,,
2014-11-21,2014,R,,texas-el-paso,rice,A,13,31,0,,,
2014-11-21,2014,R,,san-diego-state,air-force,H,30,14,0,,,
2014-11-21,2014,R,,air-force,san-diego-state,A,14,30,0,,,
2014-11-21,2014,R,,utah-state,san-jose-state,H,41,7,0,,,
2014-11-21,2014,R,,san-jose-state,utah-state,A,7,41,0,,,
2014-11-22,2014,R,,alabama,western-carolina,H,48,14,0,2.0,,
2014-11-22,2014,R,,western-carolina,alabama,A,14,48,0,,2.0,
2014-11-22,2014,R,,appalachian-state,louisiana,A,35,16,0,,,
2014-11-22,2014,R,,louisiana,appalachian-state,H,16,35,0,,,
2014-11-22,2014,R,,arizona,utah,A,42,10,0,15.0,20.0,
2014-11-22,2014,R,,utah,arizona,H,10,42,0,20.0,15.0,
2014-11-22,2014,R,,arizona-state,washington-state,H,52,31,0,13.0,,
2014-11-22,2014,R,,washington-state,arizona-state,A,31,52,0,,13.0,
2014-11-22,2014,R,,arkansas,mississippi,H,30,0,0,,8.0,
2014-11-22,2014,R,,mississippi,arkansas,A,0,30,0,8.0,,
2014-11-22,2014,R,,army,fordham,H,42,31,0,,,
2014-11-22,2014,R,,fordham,army,A,31,42,0,,,
2014-11-22,2014,R,,auburn,samford,H,31,7,0,16.0,,
2014-11-22,2014,R,,samford,auburn,A,7,31,0,,16.0,
2014-11-22,2014,R,,ball-state,eastern-michigan,H,45,30,0,,,
2014-11-22,2014,R,,eastern-michigan,ball-state,A,30,45,0,,,
2014-11-22,2014,R,,baylor,oklahoma-state,H,49,28,0,6.0,,
2014-11-22,2014,R,,oklahoma-state,baylor,A,28,49,0,,6.0,
2014-11-22,2014,R,,boise-state,wyoming,A,63,14,0,,,
2014-11-22,2014,R,,wyoming,boise-state,H,14,63,0,,,
2014-11-22,2014,R,,brigham-young,savannah-state,H,64,0,0,,,
2014-11-22,2014,R,,savannah-state,brigham-young,A,0,64,0,,,
2014-11-22,2014,R,,central-florida,southern-methodist,H,53,7,0,,,
2014-11-22,2014,R,,southern-methodist,central-florida,A,7,53,0,,,
2014-11-22,2014,R,,cincinnati,connecticut,A,41,0,0,,,
2014-11-22,2014,R,,connecticut,cincinnati,H,0,41,0,,,
2014-11-22,2014,R,,clemson,georgia-state,H,28,0,0,,,
2014-11-22,2014,R,,georgia-state,clemson,A,0,28,0,,,
2014-11-22,2014,R,,colorado-state,new-mexico,H,58,20,0,22.0,,
2014-11-22,2014,R,,new-mexico,colorado-state,A,20,58,0,,22.0,
2014-11-22,2014,R,,east-carolina,tulane,H,34,6,0,,,
2014-11-22,2014,R,,tulane,east-carolina,A,6,34,0,,,
2014-11-22,2014,R,,florida,eastern-kentucky,H,52,3,0,,,
2014-11-22,2014,R,,eastern-kentucky,florida,A,3,52,0,,,
2014-11-22,2014,R,,florida-state,boston-college,H,20,17,0,1.0,,
2014-11-22,2014,R,,boston-college,florida-state,A,17,20,0,,1.0,
2014-11-22,2014,R,,fresno-state,nevada,A,40,20,0,,,
2014-11-22,2014,R,,nevada,fresno-state,H,20,40,0,,,
2014-11-22,2014,R,,georgia,charleston-southern,H,55,9,0,9.0,,
2014-11-22,2014,R,,charleston-southern,georgia,A,9,55,0,,9.0,
2014-11-22,2014,R,,hawaii,nevada-las-vegas,H,37,35,0,,,
2014-11-22,2014,R,,nevada-las-vegas,hawaii,A,35,37,0,,,
2014-11-22,2014,R,,houston,tulsa,H,38,28,0,,,
2014-11-22,2014,R,,tulsa,houston,A,28,38,0,,,
2014-11-22,2014,R,,illinois,penn-state,H,16,14,0,,,
2014-11-22,2014,R,,penn-state,illinois,A,14,16,0,,,
2014-11-22,2014,R,,louisiana-monroe,new-mexico-state,A,30,17,0,,,
2014-11-22,2014,R,,new-mexico-state,louisiana-monroe,H,17,30,0,,,
2014-11-22,2014,R,,louisville,notre-dame,A,31,28,0,,,
2014-11-22,2014,R,,notre-dame,louisville,H,28,31,0,,,
2014-11-22,2014,R,,marshall,alabama-birmingham,A,23,18,0,18.0,,
2014-11-22,2014,R,,alabama-birmingham,marshall,H,18,23,0,,18.0,
2014-11-22,2014,R,,maryland,michigan,A,23,16,0,,,
2014-11-22,2014,R,,michigan,maryland,H,16,23,0,,,
2014-11-22,2014,R,,memphis,south-florida,H,31,20,0,,,
2014-11-22,2014,R,,south-florida,memphis,A,20,31,0,,,
2014-11-22,2014,R,,michigan-state,rutgers,H,45,3,0,10.0,,
2014-11-22,2014,R,,rutgers,michigan-state,A,3,45,0,,10.0,
2014-11-22,2014,R,,middle-tennessee-state,florida-atlantic,H,35,34,0,,,
2014-11-22,2014,R,,florida-atlantic,middle-tennessee-state,A,34,35,0,,,
2014-11-22,2014,R,,minnesota,nebraska,A,28,24,0,,21.0,
2014-11-22,2014,R,,nebraska,minnesota,H,24,28,0,21.0,,
2014-11-22,2014,R,,mississippi-state,vanderbilt,H,51,0,0,4.0,,
2014-11-22,2014,R,,vanderbilt,mississippi-state,A,0,51,0,,4.0,
2014-11-22,2014,R,,missouri,tennessee,A,29,21,0,19.0,,
2014-11-22,2014,R,,tennessee,missouri,H,21,29,0,,19.0,
2014-11-22,2014,R,,north-texas,florida-international,H,17,14,0,,,
2014-11-22,2014,R,,florida-international,north-texas,A,14,17,0,,,
2014-11-22,2014,R,,northwestern,purdue,A,38,14,0,,,
2014-11-22,2014,R,,purdue,northwestern,H,14,38,0,,,
2014-11-22,2014,R,,ohio-state,indiana,H,42,27,0,7.0,,
2014-11-22,2014,R,,indiana,ohio-state,A,27,42,0,,7.0,
2014-11-22,2014,R,,oklahoma,kansas,H,44,7,0,23.0,,
2014-11-22,2014,R,,kansas,oklahoma,A,7,44,0,,23.0,
2014-11-22,2014,R,,old-dominion,louisiana-tech,H,30,27,0,,,
2014-11-22,2014,R,,louisiana-tech,old-dominion,A,27,30,0,,,
2014-11-22,2014,R,,oregon,colorado,H,44,10,0,3.0,,
2014-11-22,2014,R,,colorado,oregon,A,10,44,0,,3.0,
2014-11-22,2014,R,,pittsburgh,syracuse,H,30,7,0,,,
2014-11-22,2014,R,,syracuse,pittsburgh,A,7,30,0,,,
2014-11-22,2014,R,,south-carolina,south-alabama,H,37,12,0,,,
2014-11-22,2014,R,,south-alabama,south-carolina,A,12,37,0,,,
2014-11-22,2014,R,,stanford,california,A,38,17,0,,,
2014-11-22,2014,R,,california,stanford,H,17,38,0,,,
2014-11-22,2014,R,,texas-tech,iowa-state,A,34,31,0,,,
2014-11-22,2014,R,,iowa-state,texas-tech,H,31,34,0,,,
2014-11-22,2014,R,,ucla,southern-california,H,38,20,0,11.0,24.0,
2014-11-22,2014,R,,southern-california,ucla,A,20,38,0,24.0,11.0,
2014-11-22,2014,R,,virginia,miami-fl,H,30,13,0,,,
2014-11-22,2014,R,,miami-fl,virginia,A,13,30,0,,,
2014-11-22,2014,R,,wake-forest,virginia-tech,H,6,3,0,,,
2014-11-22,2014,R,,virginia-tech,wake-forest,A,3,6,0,,,
2014-11-22,2014,R,,washington,oregon-state,H,37,13,0,,,
2014-11-22,2014,R,,oregon-state,washington,A,13,37,0,,,
2014-11-22,2014,R,,western-kentucky,texas-san-antonio,H,45,7,0,,,
2014-11-22,2014,R,,texas-san-antonio,western-kentucky,A,7,45,0,,,
2014-11-22,2014,R,,western-michigan,central-michigan,A,32,20,0,,,
2014-11-22,2014,R,,central-michigan,western-michigan,H,20,32,0,,,
2014-11-22,2014,R,,wisconsin,iowa,A,26,24,0,14.0,,
2014-11-22,2014,R,,iowa,wisconsin,H,24,26,0,,14.0,
2014-11-25,2014,R,,ohio,miami-oh,A,24,21,0,,,
2014-11-25,2014,R,,miami-oh,ohio,H,21,24,0,,,
2014-11-27,2014,R,,louisiana-state,texas-a-m,A,23,17,0,,,
2014-11-27,2014,R,,texas-a-m,louisiana-state,H,17,23,0,,,
2014-11-27,2014,R,,texas-christian,texas,A,48,10,0,6.0,,
2014-11-27,2014,R,,texas,texas-christian,H,10,48,0,,6.0,
2014-11-28,2014,R,,air-force,colorado-state,H,27,24,0,,21.0,
2014-11-28,2014,R,,colorado-state,air-force,A,24,27,0,21.0,,
2014-11-28,2014,R,,arizona,arizona-state,H,42,35,0,12.0,13.0,
2014-11-28,2014,R,,arizona-state,arizona,A,35,42,0,13.0,12.0,
2014-11-28,2014,R,,ball-state,bowling-green,A,41,24,0,,,
2014-11-28,2014,R,,bowling-green,ball-state,H,24,41,0,,,
2014-11-28,2014,R,,buffalo,massachusetts,A,41,21,0,,,
2014-11-28,2014,R,,massachusetts,buffalo,H,21,41,0,,,
2014-11-28,2014,R,,central-florida,south-florida,A,16,0,0,,,
2014-11-28,2014,R,,south-florida,central-florida,H,0,16,0,,,
2014-11-28,2014,R,,east-carolina,tulsa,A,49,32,0,,,
2014-11-28,2014,R,,tulsa,east-carolina,H,32,49,0,,,
2014-11-28,2014,R,,houston,southern-methodist,A,35,9,0,,,
2014-11-28,2014,R,,southern-methodist,houston,H,9,35,0,,,
2014-11-28,2014,R,,kent-state,akron,H,27,24,0,,,
2014-11-28,2014,R,,akron,kent-state,A,24,27,0,,,
2014-11-28,2014,R,,missouri,arkansas,H,21,14,0,17.0,,
2014-11-28,2014,R,,arkansas,missouri,A,14,21,0,,17.0,
2014-11-28,2014,R,,navy,south-alabama,A,42,40,0,,,
2014-11-28,2014,R,,south-alabama,navy,H,40,42,0,,,
2014-11-28,2014,R,,nebraska,iowa,A,37,34,0,,,
2014-11-28,2014,R,,iowa,nebraska,H,34,37,0,,,
2014-11-28,2014,R,,northern-illinois,western-michigan,A,31,21,0,,,
2014-11-28,2014,R,,western-michigan,northern-illinois,H,21,31,0,,,
2014-11-28,2014,R,,stanford,ucla,A,31,10,0,,9.0,
2014-11-28,2014,R,,ucla,stanford,H,10,31,0,9.0,,
2014-11-28,2014,R,,toledo,eastern-michigan,A,52,16,0,,,
2014-11-28,2014,R,,eastern-michigan,toledo,H,16,52,0,,,
2014-11-28,2014,R,,virginia-tech,virginia,H,24,20,0,,,
2014-11-28,2014,R,,virginia,virginia-tech,A,20,24,0,,,
2014-11-28,2014,R,,western-kentucky,marshall,A,67,66,0,,19.0,
2014-11-28,2014,R,,marshall,western-kentucky,H,66,67,0,19.0,,
2014-11-29,2014,R,,alabama,auburn,H,55,44,0,2.0,15.0,
2014-11-29,2014,R,,auburn,alabama,A,44,55,0,15.0,2.0,
2014-11-29,2014,R,,alabama-birmingham,southern-mississippi,A,45,24,0,,,
2014-11-29,2014,R,,southern-mississippi,alabama-birmingham,H,24,45,0,,,
2014-11-29,2014,R,,appalachian-state,idaho,H,45,28,0,,,
2014-11-29,2014,R,,idaho,appalachian-state,A,28,45,0,,,
2014-11-29,2014,R,,arkansas-state,new-mexico-state,H,68,35,0,,,
2014-11-29,2014,R,,new-mexico-state,arkansas-state,A,35,68,0,,,
2014-11-29,2014,R,,baylor,texas-tech,N,48,46,0,5.0,,AT&T Stadium - Arlington TX
2014-11-29,2014,R,,texas-tech,baylor,N,46,48,0,,5.0,AT&T Stadium - Arlington TX
2014-11-29,2014,R,,boise-state,utah-state,H,50,19,0,25.0,,
2014-11-29,2014,R,,utah-state,boise-state,A,19,50,0,,25.0,
2014-11-29,2014,R,,boston-college,syracuse,H,28,7,0,,,
2014-11-29,2014,R,,syracuse,boston-college,A,7,28,0,,,
2014-11-29,2014,R,,brigham-young,california,A,42,35,0,,,
2014-11-29,2014,R,,california,brigham-young,H,35,42,0,,,
2014-11-29,2014,R,,cincinnati,temple,A,14,6,0,,,
2014-11-29,2014,R,,temple,cincinnati,H,6,14,0,,,
2014-11-29,2014,R,,clemson,south-carolina,H,35,17,0,23.0,,
2014-11-29,2014,R,,south-carolina,clemson,A,17,35,0,,23.0,
2014-11-29,2014,R,,duke,wake-forest,H,41,21,0,,,
2014-11-29,2014,R,,wake-forest,duke,A,21,41,0,,,
2014-11-29,2014,R,,florida-state,florida,H,24,19,0,1.0,,
2014-11-29,2014,R,,florida,florida-state,A,19,24,0,,1.0,
2014-11-29,2014,R,,fresno-state,hawaii,H,28,21,0,,,
2014-11-29,2014,R,,hawaii,fresno-state,A,21,28,0,,,
2014-11-29,2014,R,,georgia-southern,louisiana-monroe,H,22,16,0,,,
2014-11-29,2014,R,,louisiana-monroe,georgia-southern,A,16,22,0,,,
2014-11-29,2014,R,,georgia-tech,georgia,A,30,24,0,16.0,8.0,
2014-11-29,2014,R,,georgia,georgia-tech,H,24,30,0,8.0,16.0,
2014-11-29,2014,R,,illinois,northwestern,A,47,33,0,,,
2014-11-29,2014,R,,northwestern,illinois,H,33,47,0,,,
2014-11-29,2014,R,,indiana,purdue,H,23,16,0,,,
2014-11-29,2014,R,,purdue,indiana,A,16,23,0,,,
2014-11-29,2014,R,,kansas-state,kansas,H,51,13,0,11.0,,
2014-11-29,2014,R,,kansas,kansas-state,A,13,51,0,,11.0,
2014-11-29,2014,R,,louisiana,troy,A,42,23,0,,,
2014-11-29,2014,R,,troy,louisiana,H,23,42,0,,,
2014-11-29,2014,R,,louisiana-tech,rice,H,76,31,0,,,
2014-11-29,2014,R,,rice,louisiana-tech,A,31,76,0,,,
2014-11-29,2014,R,,louisville,kentucky,H,44,40,0,24.0,,
2014-11-29,2014,R,,kentucky,louisville,A,40,44,0,,24.0,
2014-11-29,2014,R,,memphis,connecticut,H,41,10,0,,,
2014-11-29,2014,R,,connecticut,memphis,A,10,41,0,,,
2014-11-29,2014,R,,michigan-state,penn-state,A,34,10,0,10.0,,
2014-11-29,2014,R,,penn-state,michigan-state,H,10,34,0,,10.0,
2014-11-29,2014,R,,mississippi,mississippi-state,H,31,17,0,18.0,4.0,
2014-11-29,2014,R,,mississippi-state,mississippi,A,17,31,0,4.0,18.0,
2014-11-29,2014,R,,nevada,nevada-las-vegas,A,49,27,0,,,
2014-11-29,2014,R,,nevada-las-vegas,nevada,H,27,49,0,,,
2014-11-29,2014,R,,new-mexico,wyoming,H,36,30,0,,,
2014-11-29,2014,R,,wyoming,new-mexico,A,30,36,0,,,
2014-11-29,2014,R,,north-carolina-state,north-carolina,A,35,7,0,,,
2014-11-29,2014,R,,north-carolina,north-carolina-state,H,7,35,0,,,
2014-11-29,2014,R,,ohio-state,michigan,H,42,28,0,7.0,,
2014-11-29,2014,R,,michigan,ohio-state,A,28,42,0,,7.0,
2014-11-29,2014,R,,old-dominion,florida-atlantic,A,31,28,0,,,
2014-11-29,2014,R,,florida-atlantic,old-dominion,H,28,31,0,,,
2014-11-29,2014,R,,oregon,oregon-state,A,47,19,0,3.0,,
2014-11-29,2014,R,,oregon-state,oregon,H,19,47,0,,3.0,
2014-11-29,2014,R,,pittsburgh,miami-fl,A,35,23,0,,,
2014-11-29,2014,R,,miami-fl,pittsburgh,H,23,35,0,,,
2014-11-29,2014,R,,rutgers,maryland,A,41,38,0,,,
2014-11-29,2014,R,,maryland,rutgers,H,38,41,0,,,
2014-11-29,2014,R,,san-diego-state,san-jose-state,H,38,7,0,,,
2014-11-29,2014,R,,san-jose-state,san-diego-state,A,7,38,0,,,
2014-11-29,2014,R,,southern-california,notre-dame,H,49,14,0,,,
2014-11-29,2014,R,,notre-dame,southern-california,A,14,49,0,,,
2014-11-29,2014,R,,tennessee,vanderbilt,A,24,17,0,,,
2014-11-29,2014,R,,vanderbilt,tennessee,H,17,24,0,,,
2014-11-29,2014,R,,texas-state,georgia-state,A,54,31,0,,,
2014-11-29,2014,R,,georgia-state,texas-state,H,31,54,0,,,
2014-11-29,2014,R,,texas-el-paso,middle-tennessee-state,H,24,21,0,,,
2014-11-29,2014,R,,middle-tennessee-state,texas-el-paso,A,21,24,0,,,
2014-11-29,2014,R,,texas-san-antonio,north-texas,H,34,27,0,,,
2014-11-29,2014,R,,north-texas,texas-san-antonio,A,27,34,0,,,
2014-11-29,2014,R,,utah,colorado,A,38,34,0,,,
2014-11-29,2014,R,,colorado,utah,H,34,38,0,,,
2014-11-29,2014,R,,washington,washington-state,A,31,13,0,,,
2014-11-29,2014,R,,washington-state,washington,H,13,31,0,,,
2014-11-29,2014,R,,west-virginia,iowa-state,A,37,24,0,,,
2014-11-29,2014,R,,iowa-state,west-virginia,H,24,37,0,,,
2014-11-29,2014,R,,wisconsin,minnesota,H,34,24,0,14.0,22.0,
2014-11-29,2014,R,,minnesota,wisconsin,A,24,34,0,22.0,14.0,
2014-12-04,2014,R,,central-florida,east-carolina,A,32,30,0,,,
2014-12-04,2014,R,,east-carolina,central-florida,H,30,32,0,,,
2014-12-05,2014,R,CCG,northern-illinois,bowling-green,N,51,17,0,,,MAC Championship (Detroit MI)
2014-12-05,2014,R,CCG,bowling-green,northern-illinois,N,17,51,0,,,MAC Championship (Detroit MI)
2014-12-05,2014,R,CCG,oregon,arizona,N,51,13,0,3.0,8.0,Pac-12 Championship (Santa Clara CA)
2014-12-05,2014,R,CCG,arizona,oregon,N,13,51,0,8.0,3.0,Pac-12 Championship (Santa Clara CA)
2014-12-06,2014,R,CCG,alabama,missouri,N,42,13,0,1.0,14.0,SEC Championship (Atlanta GA)
2014-12-06,2014,R,CCG,missouri,alabama,N,13,42,0,14.0,1.0,SEC Championship (Atlanta GA)
2014-12-06,2014,R,,baylor,kansas-state,H,38,27,0,5.0,9.0,
2014-12-06,2014,R,,kansas-state,baylor,A,27,38,0,9.0,5.0,
2014-12-06,2014,R,CCG,boise-state,fresno-state,H,28,14,0,22.0,,MWC Championship (Boise ID)
2014-12-06,2014,R,CCG,fresno-state,boise-state,A,14,28,0,,22.0,MWC Championship (Boise ID)
2014-12-06,2014,R,,cincinnati,houston,H,38,31,0,,,Paul Brown Stadium - Cincinnati OH
2014-12-06,2014,R,,houston,cincinnati,A,31,38,0,,,Paul Brown Stadium - Cincinnati OH
2014-12-06,2014,R,CCG,florida-state,georgia-tech,N,37,35,0,2.0,12.0,ACC Championship (Charlotte NC)
2014-12-06,2014,R,CCG,georgia-tech,florida-state,N,35,37,0,12.0,2.0,ACC Championship (Charlotte NC)
2014-12-06,2014,R,CCG,marshall,louisiana-tech,H,26,23,0,,,Conference USA Championship (Huntington WV)
2014-12-06,2014,R,CCG,louisiana-tech,marshall,A,23,26,0,,,Conference USA Championship (Huntington WV)
2014-12-06,2014,R,CCG,ohio-state,wisconsin,N,59,0,0,6.0,11.0,Big Ten Championship (Indianapolis IN)
2014-12-06,2014,R,CCG,wisconsin,ohio-state,N,0,59,0,11.0,6.0,Big Ten Championship (Indianapolis IN)
2014-12-06,2014,R,,oklahoma-state,oklahoma,A,38,35,0,,18.0,
2014-12-06,2014,R,,oklahoma,oklahoma-state,H,35,38,0,18.0,,
2014-12-06,2014,R,,southern-methodist,connecticut,A,27,20,0,,,
2014-12-06,2014,R,,connecticut,southern-methodist,H,20,27,0,,,
2014-12-06,2014,R,,temple,tulane,A,10,3,0,,,
2014-12-06,2014,R,,tulane,temple,H,3,10,0,,,
2014-12-06,2014,R,,texas-christian,iowa-state,H,55,3,0,4.0,,
2014-12-06,2014,R,,iowa-state,texas-christian,A,3,55,0,,4.0,
2014-12-13,2014,R,,navy,army,N,17,10,0,,,M&T Bank Stadium - Baltimore MD
2014-12-13,2014,R,,army,navy,N,10,17,0,,,M&T Bank Stadium - Baltimore MD
2014-12-20,2014,R,,air-force,western-michigan,N,38,24,0,,,Famous Idaho Potato Bowl (Boise ID)
2014-12-20,2014,R,,western-michigan,air-force,N,24,38,0,,,Famous Idaho Potato Bowl (Boise ID)
2014-12-20,2014,R,,bowling-green,south-alabama,N,33,28,0,,,Camellia Bowl (Montgomery AL)
2014-12-20,2014,R,,south-alabama,bowling-green,N,28,33,0,,,Camellia Bowl (Montgomery AL)
2014-12-20,2014,R,,louisiana,nevada,N,16,3,0,,,New Orleans Bowl (New Orleans LA)
2014-12-20,2014,R,,nevada,louisiana,N,3,16,0,,,New Orleans Bowl (New Orleans LA)
2014-12-20,2014,R,,utah,colorado-state,N,45,10,0,23.0,,Las Vegas Bowl (Las Vegas NV)
2014-12-20,2014,R,,colorado-state,utah,N,10,45,0,,23.0,Las Vegas Bowl (Las Vegas NV)
2014-12-20,2014,R,,utah-state,texas-el-paso,N,21,6,0,,,New Mexico Bowl (Albuquerque NM)
2014-12-20,2014,R,,texas-el-paso,utah-state,N,6,21,0,,,New Mexico Bowl (Albuquerque NM)
2014-12-22,2014,R,,memphis,brigham-young,N,55,48,0,,,Miami Beach Bowl (Miami FL)
2014-12-22,2014,R,,brigham-young,memphis,N,48,55,0,,,Miami Beach Bowl (Miami FL)
2014-12-23,2014,R,,marshall,northern-illinois,N,52,23,0,,,Boca Raton Bowl (Boca Raton FL)
2014-12-23,2014,R,,northern-illinois,marshall,N,23,52,0,,,Boca Raton Bowl (Boca Raton FL)
2014-12-23,2014,R,,navy,san-diego-state,N,17,16,0,,,Poinsettia Bowl (San Diego CA)
2014-12-23,2014,R,,san-diego-state,navy,N,16,17,0,,,Poinsettia Bowl (San Diego CA)
2014-12-24,2014,R,,rice,fresno-state,N,30,6,0,,,Hawaii Bowl (Honolulu HI)
2014-12-24,2014,R,,fresno-state,rice,N,6,30,0,,,Hawaii Bowl (Honolulu HI)
2014-12-24,2014,R,,western-kentucky,central-michigan,N,49,48,0,,,Bahamas Bowl (Nassau Bahamas)
2014-12-24,2014,R,,central-michigan,western-kentucky,N,48,49,0,,,Bahamas Bowl (Nassau Bahamas)
2014-12-26,2014,R,,louisiana-tech,illinois,N,35,18,0,,,Heart of Dallas Bowl (Dallas TX)
2014-12-26,2014,R,,illinois,louisiana-tech,N,18,35,0,,,Heart of Dallas Bowl (Dallas TX)
2014-12-26,2014,R,,north-carolina-state,central-florida,N,34,27,0,,,St. Petersburg Bowl (St. Petersburg FL)
2014-12-26,2014,R,,central-florida,north-carolina-state,N,27,34,0,,,St. Petersburg Bowl (St. Petersburg FL)
2014-12-26,2014,R,,rutgers,north-carolina,N,40,21,0,,,Quick Lane Bowl (Detroit MI)
2014-12-26,2014,R,,north-carolina,rutgers,N,21,40,0,,,Quick Lane Bowl (Detroit MI)
2014-12-27,2014,R,,arizona-state,duke,N,36,31,0,15.0,,Sun Bowl (El Paso TX)
2014-12-27,2014,R,,duke,arizona-state,N,31,36,0,,15.0,Sun Bowl (El Paso TX)
2014-12-27,2014,R,,penn-state,boston-college,N,31,30,0,,,Pinstripe Bowl (Bronx New York)
2014-12-27,2014,R,,boston-college,penn-state,N,30,31,0,,,Pinstripe Bowl (Bronx New York)
2014-12-27,2014,R,,south-carolina,miami-fl,N,24,21,0,,,Independence Bowl (Shreveport LA)
2014-12-27,2014,R,,miami-fl,south-carolina,N,21,24,0,,,Independence Bowl (Shreveport LA)
2014-12-27,2014,R,,southern-california,nebraska,N,45,42,0,24.0,25.0,Holiday Bowl (San Diego CA)
2014-12-27,2014,R,,nebraska,southern-california,N,42,45,0,25.0,24.0,Holiday Bowl (San Diego CA)
2014-12-27,2014,R,,virginia-tech,cincinnati,N,33,17,0,,,Military Bowl (Annapolis MD)
2014-12-27,2014,R,,cincinnati,virginia-tech,N,17,33,0,,,Military Bowl (Annapolis MD)
2014-12-29,2014,R,,arkansas,texas,N,31,7,0,,,Texas Bowl (Houston TX)
2014-12-29,2014,R,,texas,arkansas,N,7,31,0,,,Texas Bowl (Houston TX)
2014-12-29,2014,R,,clemson,oklahoma,N,40,6,0,18.0,,Russell Athletic Bowl (Orlando FL)
2014-12-29,2014,R,,oklahoma,clemson,N,6,40,0,,18.0,Russell Athletic Bowl (Orlando FL)
2014-12-29,2014,R,,texas-a-m,west-virginia,N,45,37,0,,,Liberty Bowl (Memphis TN)
2014-12-29,2014,R,,west-virginia,texas-a-m,N,37,45,0,,,Liberty Bowl (Memphis TN)
2014-12-30,2014,R,,georgia,louisville,N,37,14,0,13.0,20.0,Belk Bowl (Charlotte NC)
2014-12-30,2014,R,,louisville,georgia,N,14,37,0,20.0,13.0,Belk Bowl (Charlotte NC)
2014-12-30,2014,R,,notre-dame,louisiana-state,N,31,28,0,,22.0,Music City Bowl (Nashville TN)
2014-12-30,2014,R,,louisiana-state,notre-dame,N,28,31,0,22.0,,Music City Bowl (Nashville TN)
2014-12-30,2014,R,,stanford,maryland,N,45,21,0,,,Foster Farms Bowl (Santa Clara CA)
2014-12-30,2014,R,,maryland,stanford,N,21,45,0,,,Foster Farms Bowl (Santa Clara CA)
2014-12-31,2014,R,,boise-state,arizona,N,38,30,0,21.0,12.0,Fiesta Bowl (Glendale AZ)
2014-12-31,2014,R,,arizona,boise-state,N,30,38,0,12.0,21.0,Fiesta Bowl (Glendale AZ)
2014-12-31,2014,R,,georgia-tech,mississippi-state,N,49,34,0,10.0,8.0,Orange Bowl (Miami Gardens FL)
2014-12-31,2014,R,,mississippi-state,georgia-tech,N,34,49,0,8.0,10.0,Orange Bowl (Miami Gardens FL)
2014-12-31,2014,R,,texas-christian,mississippi,N,42,3,0,6.0,9.0,Peach Bowl (Atlanta GA)
2014-12-31,2014,R,,mississippi,texas-christian,N,3,42,0,9.0,6.0,Peach Bowl (Atlanta GA)
2015-01-01,2014,R,,michigan-state,baylor,N,42,41,0,7.0,4.0,Cotton Bowl (Arlington TX)
2015-01-01,2014,R,,baylor,michigan-state,N,41,42,0,4.0,7.0,Cotton Bowl (Arlington TX)
2015-01-01,2014,R,,missouri,minnesota,N,33,17,0,16.0,,Citrus Bowl (Orlando FL)
2015-01-01,2014,R,,minnesota,missouri,N,17,33,0,,16.0,Citrus Bowl (Orlando FL)
2015-01-01,2014,R,,ohio-state,alabama,N,42,35,0,5.0,1.0,Sugar Bowl (New Orleans LA)
2015-01-01,2014,R,,alabama,ohio-state,N,35,42,0,1.0,5.0,Sugar Bowl (New Orleans LA)
2015-01-01,2014,R,,oregon,florida-state,N,59,20,0,3.0,2.0,Rose Bowl (Pasadena CA)
2015-01-01,2014,R,,florida-state,oregon,N,20,59,0,2.0,3.0,Rose Bowl (Pasadena CA)
2015-01-01,2014,R,,wisconsin,auburn,N,34,31,0,17.0,19.0,Outback Bowl (Tampa FL)
2015-01-01,2014,R,,auburn,wisconsin,N,31,34,0,19.0,17.0,Outback Bowl (Tampa FL)
2015-01-02,2014,R,,houston,pittsburgh,N,35,34,0,,,Armed Forces Bowl (Fort Worth TX)
2015-01-02,2014,R,,pittsburgh,houston,N,34,35,0,,,Armed Forces Bowl (Fort Worth TX)
2015-01-02,2014,R,,oklahoma-state,washington,N,30,22,0,,,TicketCity Cactus Bowl (Tempe AZ)
2015-01-02,2014,R,,washington,oklahoma-state,N,22,30,0,,,TicketCity Cactus Bowl (Tempe AZ)
2015-01-02,2014,R,,tennessee,iowa,N,45,28,0,,,TaxSlayer Bowl (Jacksonville FL)
2015-01-02,2014,R,,iowa,tennessee,N,28,45,0,,,TaxSlayer Bowl (Jacksonville FL)
2015-01-02,2014,R,,ucla,kansas-state,N,40,35,0,14.0,11.0,Alamo Bowl (San Antonio TX)
2015-01-02,2014,R,,kansas-state,ucla,N,35,40,0,11.0,14.0,Alamo Bowl (San Antonio TX)
2015-01-03,2014,R,,florida,east-carolina,N,28,20,0,,,Birmingham Bowl (Birmingham AL)
2015-01-03,2014,R,,east-carolina,florida,N,20,28,0,,,Birmingham Bowl (Birmingham AL)
2015-01-04,2014,R,,toledo,arkansas-state,N,63,44,0,,,GoDaddy Bowl (Mobile AL)
2015-01-04,2014,R,,arkansas-state,toledo,N,44,63,0,,,GoDaddy Bowl (Mobile AL)
2015-01-12,2014,R,CCG,ohio-state,oregon,N,42,20,0,5.0,3.0,College Football Playoff National Championship (Arlington TX)
2015-01-12,2014,R,CCG,oregon,ohio-state,N,20,42,0,3.0,5.0,College Football Playoff National Championship (Arlington TX)
