Date,Season,Type,Round,Team,Opp,HomeAway,PointsFor,PointsAgainst,OT,TeamAPRank,OppAPRank
2025-08-23,2025,R,,hawaii,stanford,H,23,20,0,,
2025-08-23,2025,R,,stanford,hawaii,A,20,23,0,,
2025-08-23,2025,R,,iowa-state,kansas-state,N,24,21,0,22.0,17.0
2025-08-23,2025,R,,kansas-state,iowa-state,N,21,24,0,17.0,22.0
2025-08-23,2025,R,,kansas,fresno-state,H,31,7,0,,
2025-08-23,2025,R,,fresno-state,kansas,A,7,31,0,,
2025-08-23,2025,R,,nevada-las-vegas,idaho-state,H,38,31,0,,
2025-08-23,2025,R,,idaho-state,nevada-las-vegas,A,31,38,0,,
2025-08-23,2025,R,,western-kentucky,sam-houston,H,41,24,0,,
2025-08-23,2025,R,,sam-houston,western-kentucky,A,24,41,0,,
2025-08-28,2025,R,,alabama-birmingham,alabama-state,H,52,42,0,,
2025-08-28,2025,R,,alabama-state,alabama-birmingham,A,42,52,0,,
2025-08-28,2025,R,,bowling-green,lafayette,H,26,7,0,,
2025-08-28,2025,R,,lafayette,bowling-green,A,7,26,0,,
2025-08-28,2025,R,,central-florida,jacksonville-state,H,17,10,0,,
2025-08-28,2025,R,,jacksonville-state,central-florida,A,10,17,0,,
2025-08-28,2025,R,,delaware,delaware-state,H,35,17,0,,
2025-08-28,2025,R,,delaware-state,delaware,A,17,35,0,,
2025-08-28,2025,R,,duke,elon,H,45,17,0,,
2025-08-28,2025,R,,elon,duke,A,17,45,0,,
2025-08-28,2025,R,,houston,stephen-f-austin,H,27,0,0,,
2025-08-28,2025,R,,stephen-f-austin,houston,A,0,27,0,,
2025-08-28,2025,R,,louisiana-monroe,st-francis-pa,H,29,0,0,,
2025-08-28,2025,R,,st-francis-pa,louisiana-monroe,A,0,29,0,,
2025-08-28,2025,R,,minnesota,buffalo,H,23,10,0,,
2025-08-28,2025,R,,buffalo,minnesota,A,10,23,0,,
2025-08-28,2025,R,,missouri,central-arkansas,H,61,6,0,,
2025-08-28,2025,R,,central-arkansas,missouri,A,6,61,0,,
2025-08-28,2025,R,,nebraska,cincinnati,N,20,17,0,,
2025-08-28,2025,R,,cincinnati,nebraska,N,17,20,0,,
2025-08-28,2025,R,,north-carolina-state,east-carolina,H,24,17,0,,
2025-08-28,2025,R,,east-carolina,north-carolina-state,A,17,24,0,,
2025-08-28,2025,R,,oklahoma-state,tennessee-martin,H,27,7,0,,
2025-08-28,2025,R,,tennessee-martin,oklahoma-state,A,7,27,0,,
2025-08-28,2025,R,,rutgers,ohio,H,34,31,0,,
2025-08-28,2025,R,,ohio,rutgers,A,31,34,0,,
2025-08-28,2025,R,,san-diego-state,stony-brook,H,42,0,0,,
2025-08-28,2025,R,,stony-brook,san-diego-state,A,0,42,0,,
2025-08-28,2025,R,,south-florida,boise-state,H,34,7,0,,25.0
2025-08-28,2025,R,,boise-state,south-florida,A,7,34,0,25.0,
2025-08-28,2025,R,,wisconsin,miami-oh,H,17,0,0,,
2025-08-28,2025,R,,miami-oh,wisconsin,A,0,17,0,,
2025-08-28,2025,R,,wyoming,akron,A,10,0,0,,
2025-08-28,2025,R,,akron,wyoming,H,0,10,0,,
2025-08-29,2025,R,,appalachian-state,charlotte,A,34,11,0,,
2025-08-29,2025,R,,charlotte,appalachian-state,H,11,34,0,,
2025-08-29,2025,R,,auburn,baylor,A,38,24,0,,
2025-08-29,2025,R,,baylor,auburn,H,24,38,0,,
2025-08-29,2025,R,,central-michigan,san-jose-state,A,16,14,0,,
2025-08-29,2025,R,,san-jose-state,central-michigan,H,14,16,0,,
2025-08-29,2025,R,,florida-international,bethune-cookman,H,42,9,0,,
2025-08-29,2025,R,,bethune-cookman,florida-international,A,9,42,0,,
2025-08-29,2025,R,,georgia-tech,colorado,A,27,20,0,,
2025-08-29,2025,R,,colorado,georgia-tech,H,20,27,0,,
2025-08-29,2025,R,,illinois,western-illinois,H,52,3,0,12.0,
2025-08-29,2025,R,,western-illinois,illinois,A,3,52,0,,12.0
2025-08-29,2025,R,,kansas,wagner,H,46,7,0,,
2025-08-29,2025,R,,wagner,kansas,A,7,46,0,,
2025-08-29,2025,R,,michigan-state,western-michigan,H,23,6,0,,
2025-08-29,2025,R,,western-michigan,michigan-state,A,6,23,0,,
2025-08-29,2025,R,,nevada-las-vegas,sam-houston,A,38,21,0,,
2025-08-29,2025,R,,sam-houston,nevada-las-vegas,H,21,38,0,,
2025-08-29,2025,R,,tarleton-state,army,A,30,27,0,,
2025-08-29,2025,R,,army,tarleton-state,H,27,30,0,,
2025-08-29,2025,R,,wake-forest,kennesaw-state,H,10,9,0,,
2025-08-29,2025,R,,kennesaw-state,wake-forest,A,9,10,0,,
2025-08-30,2025,R,,air-force,bucknell,H,49,13,0,,
2025-08-30,2025,R,,bucknell,air-force,A,13,49,0,,
2025-08-30,2025,R,,arizona,hawaii,H,40,6,0,,
2025-08-30,2025,R,,hawaii,arizona,A,6,40,0,,
2025-08-30,2025,R,,arizona-state,northern-arizona,H,38,19,0,11.0,
2025-08-30,2025,R,,northern-arizona,arizona-state,A,19,38,0,,11.0
2025-08-30,2025,R,,arkansas,alabama-a-m,H,52,7,0,,
2025-08-30,2025,R,,alabama-a-m,arkansas,A,7,52,0,,
2025-08-30,2025,R,,arkansas-state,southeast-missouri-state,H,42,24,0,,
2025-08-30,2025,R,,southeast-missouri-state,arkansas-state,A,24,42,0,,
2025-08-30,2025,R,,austin-peay,middle-tennessee-state,A,34,14,0,,
2025-08-30,2025,R,,middle-tennessee-state,austin-peay,H,14,34,0,,
2025-08-30,2025,R,,boston-college,fordham,H,66,10,0,,
2025-08-30,2025,R,,fordham,boston-college,A,10,66,0,,
2025-08-30,2025,R,,brigham-young,portland-state,H,69,0,0,,
2025-08-30,2025,R,,portland-state,brigham-young,A,0,69,0,,
2025-08-30,2025,R,,california,oregon-state,A,34,15,0,,
2025-08-30,2025,R,,oregon-state,california,H,15,34,0,,
2025-08-30,2025,R,,connecticut,central-connecticut-state,H,59,13,0,,
2025-08-30,2025,R,,central-connecticut-state,connecticut,A,13,59,0,,
2025-08-30,2025,R,,florida,long-island,H,55,0,0,15.0,
2025-08-30,2025,R,,long-island,florida,A,0,55,0,,15.0
2025-08-30,2025,R,,florida-state,alabama,H,31,17,0,,8.0
2025-08-30,2025,R,,alabama,florida-state,A,17,31,0,8.0,
2025-08-30,2025,R,,fresno-state,georgia-southern,H,42,14,0,,
2025-08-30,2025,R,,georgia-southern,fresno-state,A,14,42,0,,
2025-08-30,2025,R,,georgia,marshall,H,45,7,0,5.0,
2025-08-30,2025,R,,marshall,georgia,A,7,45,0,,5.0
2025-08-30,2025,R,,indiana,old-dominion,H,27,14,0,20.0,
2025-08-30,2025,R,,old-dominion,indiana,A,14,27,0,,20.0
2025-08-30,2025,R,,iowa,albany,H,34,7,0,,
2025-08-30,2025,R,,albany,iowa,A,7,34,0,,
2025-08-30,2025,R,,iowa-state,south-dakota,H,55,7,0,22.0,
2025-08-30,2025,R,,south-dakota,iowa-state,A,7,55,0,,22.0
2025-08-30,2025,R,,james-madison,weber-state,H,45,10,0,,
2025-08-30,2025,R,,weber-state,james-madison,A,10,45,0,,
2025-08-30,2025,R,,kansas-state,north-dakota,H,38,35,0,17.0,
2025-08-30,2025,R,,north-dakota,kansas-state,A,35,38,0,,17.0
2025-08-30,2025,R,,kent-state,merrimack,H,21,17,0,,
2025-08-30,2025,R,,merrimack,kent-state,A,17,21,0,,
2025-08-30,2025,R,,kentucky,toledo,H,24,16,0,,
2025-08-30,2025,R,,toledo,kentucky,A,16,24,0,,
2025-08-30,2025,R,,liberty,maine,H,28,7,0,,
2025-08-30,2025,R,,maine,liberty,A,7,28,0,,
2025-08-30,2025,R,,louisiana-state,clemson,A,17,10,0,9.0,4.0
2025-08-30,2025,R,,clemson,louisiana-state,H,10,17,0,4.0,9.0
2025-08-30,2025,R,,louisiana-tech,southeastern-louisiana,H,24,0,0,,
2025-08-30,2025,R,,southeastern-louisiana,louisiana-tech,A,0,24,0,,
2025-08-30,2025,R,,louisville,eastern-kentucky,H,51,17,0,,
2025-08-30,2025,R,,eastern-kentucky,louisville,A,17,51,0,,
2025-08-30,2025,R,,maryland,florida-atlantic,H,39,7,0,,
2025-08-30,2025,R,,florida-atlantic,maryland,A,7,39,0,,
2025-08-30,2025,R,,memphis,chattanooga,H,45,10,0,,
2025-08-30,2025,R,,chattanooga,memphis,A,10,45,0,,
2025-08-30,2025,R,,michigan,new-mexico,H,34,17,0,14.0,
2025-08-30,2025,R,,new-mexico,michigan,A,17,34,0,,14.0
2025-08-30,2025,R,,mississippi,georgia-state,H,63,7,0,21.0,
2025-08-30,2025,R,,georgia-state,mississippi,A,7,63,0,,21.0
2025-08-30,2025,R,,mississippi-state,southern-mississippi,A,34,17,0,,
2025-08-30,2025,R,,southern-mississippi,mississippi-state,H,17,34,0,,
2025-08-30,2025,R,,navy,virginia-military-institute,H,52,7,0,,
2025-08-30,2025,R,,virginia-military-institute,navy,A,7,52,0,,
2025-08-30,2025,R,,new-mexico-state,bryant,H,19,3,0,,
2025-08-30,2025,R,,bryant,new-mexico-state,A,3,19,0,,
2025-08-30,2025,R,,north-texas,lamar,H,51,0,0,,
2025-08-30,2025,R,,lamar,north-texas,A,0,51,0,,
2025-08-30,2025,R,,northern-illinois,holy-cross,H,19,17,0,,
2025-08-30,2025,R,,holy-cross,northern-illinois,A,17,19,0,,
2025-08-30,2025,R,,ohio-state,texas,H,14,7,0,3.0,1.0
2025-08-30,2025,R,,texas,ohio-state,A,7,14,0,1.0,3.0
2025-08-30,2025,R,,oklahoma,illinois-state,H,35,3,0,18.0,
2025-08-30,2025,R,,illinois-state,oklahoma,A,3,35,0,,18.0
2025-08-30,2025,R,,oregon,montana-state,H,59,13,0,7.0,
2025-08-30,2025,R,,montana-state,oregon,A,13,59,0,,7.0
2025-08-30,2025,R,,penn-state,nevada,H,46,11,0,2.0,
2025-08-30,2025,R,,nevada,penn-state,A,11,46,0,,2.0
2025-08-30,2025,R,,pittsburgh,duquesne,H,61,9,0,,
2025-08-30,2025,R,,duquesne,pittsburgh,A,9,61,0,,
2025-08-30,2025,R,,purdue,ball-state,H,31,0,0,,
2025-08-30,2025,R,,ball-state,purdue,A,0,31,0,,
2025-08-30,2025,R,,rice,louisiana,A,14,12,0,,
2025-08-30,2025,R,,louisiana,rice,H,12,14,0,,
2025-08-30,2025,R,,south-alabama,morgan-state,H,38,21,0,,
2025-08-30,2025,R,,morgan-state,south-alabama,A,21,38,0,,
2025-08-30,2025,R,,southern-california,missouri-state,H,73,13,0,,
2025-08-30,2025,R,,missouri-state,southern-california,A,13,73,0,,
2025-08-30,2025,R,,southern-methodist,east-texas-a-m,H,42,13,0,16.0,
2025-08-30,2025,R,,east-texas-a-m,southern-methodist,A,13,42,0,,16.0
2025-08-30,2025,R,,temple,massachusetts,A,42,10,0,,
2025-08-30,2025,R,,massachusetts,temple,H,10,42,0,,
2025-08-30,2025,R,,tennessee,syracuse,N,45,26,0,24.0,
2025-08-30,2025,R,,syracuse,tennessee,N,26,45,0,,24.0
2025-08-30,2025,R,,texas-a-m,texas-san-antonio,H,42,24,0,19.0,
2025-08-30,2025,R,,texas-san-antonio,texas-a-m,A,24,42,0,,19.0
2025-08-30,2025,R,,texas-state,eastern-michigan,H,52,27,0,,
2025-08-30,2025,R,,eastern-michigan,texas-state,A,27,52,0,,
2025-08-30,2025,R,,texas-tech,arkansas-pine-bluff,H,67,7,0,23.0,
2025-08-30,2025,R,,arkansas-pine-bluff,texas-tech,A,7,67,0,,23.0
2025-08-30,2025,R,,troy,nicholls-state,H,38,20,0,,
2025-08-30,2025,R,,nicholls-state,troy,A,20,38,0,,
2025-08-30,2025,R,,tulane,northwestern,H,23,3,0,,
2025-08-30,2025,R,,northwestern,tulane,A,3,23,0,,
2025-08-30,2025,R,,tulsa,abilene-christian,H,35,7,0,,
2025-08-30,2025,R,,abilene-christian,tulsa,A,7,35,0,,
2025-08-30,2025,R,,utah,ucla,A,43,10,0,,
2025-08-30,2025,R,,ucla,utah,H,10,43,0,,
2025-08-30,2025,R,,utah-state,texas-el-paso,H,28,16,0,,
2025-08-30,2025,R,,texas-el-paso,utah-state,A,16,28,0,,
2025-08-30,2025,R,,vanderbilt,charleston-southern,H,45,3,0,,
2025-08-30,2025,R,,charleston-southern,vanderbilt,A,3,45,0,,
2025-08-30,2025,R,,virginia,coastal-carolina,H,48,7,0,,
2025-08-30,2025,R,,coastal-carolina,virginia,A,7,48,0,,
2025-08-30,2025,R,,washington,colorado-state,H,38,21,0,,
2025-08-30,2025,R,,colorado-state,washington,A,21,38,0,,
2025-08-30,2025,R,,washington-state,idaho,H,13,10,0,,
2025-08-30,2025,R,,idaho,washington-state,A,10,13,0,,
2025-08-30,2025,R,,west-virginia,robert-morris,H,45,3,0,,
2025-08-30,2025,R,,robert-morris,west-virginia,A,3,45,0,,
2025-08-30,2025,R,,western-kentucky,north-alabama,H,55,6,0,,
2025-08-30,2025,R,,north-alabama,western-kentucky,A,6,55,0,,
2025-08-31,2025,R,,miami-fl,notre-dame,H,27,24,0,10.0,6.0
2025-08-31,2025,R,,notre-dame,miami-fl,A,24,27,0,6.0,10.0
2025-08-31,2025,R,,south-carolina,virginia-tech,N,24,11,0,13.0,
2025-08-31,2025,R,,virginia-tech,south-carolina,N,11,24,0,,13.0
2025-09-01,2025,R,,texas-christian,north-carolina,A,48,14,0,,
2025-09-01,2025,R,,north-carolina,texas-christian,H,14,48,0,,
2025-09-05,2025,R,,boise-state,eastern-washington,H,51,14,0,,
2025-09-05,2025,R,,eastern-washington,boise-state,A,14,51,0,,
2025-09-05,2025,R,,louisville,james-madison,H,28,14,0,,
2025-09-05,2025,R,,james-madison,louisville,A,14,28,0,,
2025-09-05,2025,R,,maryland,northern-illinois,H,20,9,0,,
2025-09-05,2025,R,,northern-illinois,maryland,A,9,20,0,,
2025-09-05,2025,R,,northwestern,western-illinois,H,42,7,0,,
2025-09-05,2025,R,,western-illinois,northwestern,A,7,42,0,,
2025-09-06,2025,R,,alabama,louisiana-monroe,H,73,0,0,21.0,
2025-09-06,2025,R,,louisiana-monroe,alabama,A,0,73,0,,21.0
2025-09-06,2025,R,,appalachian-state,lindenwood,H,20,13,0,,
2025-09-06,2025,R,,lindenwood,appalachian-state,A,13,20,0,,
2025-09-06,2025,R,,arizona,weber-state,H,48,3,0,,
2025-09-06,2025,R,,weber-state,arizona,A,3,48,0,,
2025-09-06,2025,R,,arkansas,arkansas-state,H,56,14,0,,
2025-09-06,2025,R,,arkansas-state,arkansas,A,14,56,0,,
2025-09-06,2025,R,,army,kansas-state,A,24,21,0,,
2025-09-06,2025,R,,kansas-state,army,H,21,24,0,,
2025-09-06,2025,R,,auburn,ball-state,H,42,3,0,,
2025-09-06,2025,R,,ball-state,auburn,A,3,42,0,,
2025-09-06,2025,R,,baylor,southern-methodist,A,48,45,0,,17.0
2025-09-06,2025,R,,southern-methodist,baylor,H,45,48,0,17.0,
2025-09-06,2025,R,,brigham-young,stanford,H,27,3,0,,
2025-09-06,2025,R,,stanford,brigham-young,A,3,27,0,,
2025-09-06,2025,R,,bryant,massachusetts,A,27,26,0,,
2025-09-06,2025,R,,massachusetts,bryant,H,26,27,0,,
2025-09-06,2025,R,,buffalo,st-francis-pa,H,45,6,0,,
2025-09-06,2025,R,,st-francis-pa,buffalo,A,6,45,0,,
2025-09-06,2025,R,,california,texas-southern,H,35,3,0,,
2025-09-06,2025,R,,texas-southern,california,A,3,35,0,,
2025-09-06,2025,R,,central-florida,north-carolina-a-t,H,68,7,0,,
2025-09-06,2025,R,,north-carolina-a-t,central-florida,A,7,68,0,,
2025-09-06,2025,R,,cincinnati,bowling-green,H,34,20,0,,
2025-09-06,2025,R,,bowling-green,cincinnati,A,20,34,0,,
2025-09-06,2025,R,,clemson,troy,H,27,16,0,8.0,
2025-09-06,2025,R,,troy,clemson,A,16,27,0,,8.0
2025-09-06,2025,R,,coastal-carolina,charleston-southern,H,13,0,0,,
2025-09-06,2025,R,,charleston-southern,coastal-carolina,A,0,13,0,,
2025-09-06,2025,R,,colorado,delaware,H,31,7,0,,
2025-09-06,2025,R,,delaware,colorado,A,7,31,0,,
2025-09-06,2025,R,,colorado-state,northern-colorado,H,21,17,0,,
2025-09-06,2025,R,,northern-colorado,colorado-state,A,17,21,0,,
2025-09-06,2025,R,,east-carolina,campbell,H,56,3,0,,
2025-09-06,2025,R,,campbell,east-carolina,A,3,56,0,,
2025-09-06,2025,R,,florida-atlantic,florida-a-m,H,56,14,0,,
2025-09-06,2025,R,,florida-a-m,florida-atlantic,A,14,56,0,,
2025-09-06,2025,R,,florida-state,east-texas-a-m,H,77,3,0,14.0,
2025-09-06,2025,R,,east-texas-a-m,florida-state,A,3,77,0,,14.0
2025-09-06,2025,R,,fresno-state,oregon-state,A,36,27,0,,
2025-09-06,2025,R,,oregon-state,fresno-state,H,27,36,0,,
2025-09-06,2025,R,,georgia,austin-peay,H,28,6,0,4.0,
2025-09-06,2025,R,,austin-peay,georgia,A,6,28,0,,4.0
2025-09-06,2025,R,,georgia-tech,gardner-webb,H,59,12,0,,
2025-09-06,2025,R,,gardner-webb,georgia-tech,A,12,59,0,,
2025-09-06,2025,R,,houston,rice,A,35,9,0,,
2025-09-06,2025,R,,rice,houston,H,9,35,0,,
2025-09-06,2025,R,,illinois,duke,A,45,19,0,11.0,
2025-09-06,2025,R,,duke,illinois,H,19,45,0,,11.0
2025-09-06,2025,R,,indiana,kennesaw-state,H,56,9,0,23.0,
2025-09-06,2025,R,,kennesaw-state,indiana,A,9,56,0,,23.0
2025-09-06,2025,R,,iowa-state,iowa,H,16,13,0,16.0,
2025-09-06,2025,R,,iowa,iowa-state,A,13,16,0,,16.0
2025-09-06,2025,R,,jacksonville-state,liberty,H,34,24,0,,
2025-09-06,2025,R,,liberty,jacksonville-state,A,24,34,0,,
2025-09-06,2025,R,,long-island,eastern-michigan,A,28,23,0,,
2025-09-06,2025,R,,eastern-michigan,long-island,H,23,28,0,,
2025-09-06,2025,R,,louisiana,mcneese-state,H,34,10,0,,
2025-09-06,2025,R,,mcneese-state,louisiana,A,10,34,0,,
2025-09-06,2025,R,,louisiana-state,louisiana-tech,H,23,7,0,3.0,
2025-09-06,2025,R,,louisiana-tech,louisiana-state,A,7,23,0,,3.0
2025-09-06,2025,R,,memphis,georgia-state,A,38,16,0,,
2025-09-06,2025,R,,georgia-state,memphis,H,16,38,0,,
2025-09-06,2025,R,,miami-fl,bethune-cookman,H,45,3,0,5.0,
2025-09-06,2025,R,,bethune-cookman,miami-fl,A,3,45,0,,5.0
2025-09-06,2025,R,,michigan-state,boston-college,H,42,40,0,,
2025-09-06,2025,R,,boston-college,michigan-state,A,40,42,0,,
2025-09-06,2025,R,,minnesota,northwestern-state,H,66,0,0,,
2025-09-06,2025,R,,northwestern-state,minnesota,A,0,66,0,,
2025-09-06,2025,R,,mississippi,kentucky,A,30,23,0,20.0,
2025-09-06,2025,R,,kentucky,mississippi,H,23,30,0,,20.0
2025-09-06,2025,R,,mississippi-state,arizona-state,H,24,20,0,,12.0
2025-09-06,2025,R,,arizona-state,mississippi-state,A,20,24,0,12.0,
2025-09-06,2025,R,,missouri,kansas,H,42,31,0,,
2025-09-06,2025,R,,kansas,missouri,A,31,42,0,,
2025-09-06,2025,R,,missouri-state,marshall,A,21,20,0,,
2025-09-06,2025,R,,marshall,missouri-state,H,20,21,0,,
2025-09-06,2025,R,,navy,alabama-birmingham,H,38,24,0,,
2025-09-06,2025,R,,alabama-birmingham,navy,A,24,38,0,,
2025-09-06,2025,R,,nebraska,akron,H,68,0,0,,
2025-09-06,2025,R,,akron,nebraska,A,0,68,0,,
2025-09-06,2025,R,,nevada,sacramento-state,H,20,17,0,,
2025-09-06,2025,R,,sacramento-state,nevada,A,17,20,0,,
2025-09-06,2025,R,,nevada-las-vegas,ucla,H,30,23,0,,
2025-09-06,2025,R,,ucla,nevada-las-vegas,A,23,30,0,,
2025-09-06,2025,R,,new-mexico,idaho-state,H,32,22,0,,
2025-09-06,2025,R,,idaho-state,new-mexico,A,22,32,0,,
2025-09-06,2025,R,,new-mexico-state,tulsa,H,21,14,0,,
2025-09-06,2025,R,,tulsa,new-mexico-state,A,14,21,0,,
2025-09-06,2025,R,,north-carolina,charlotte,A,20,3,0,,
2025-09-06,2025,R,,charlotte,north-carolina,H,3,20,0,,
2025-09-06,2025,R,,north-carolina-state,virginia,H,35,31,0,,
2025-09-06,2025,R,,virginia,north-carolina-state,A,31,35,0,,
2025-09-06,2025,R,,north-texas,western-michigan,A,33,30,0,,
2025-09-06,2025,R,,western-michigan,north-texas,H,30,33,0,,
2025-09-06,2025,R,,ohio,west-virginia,H,17,10,0,,
2025-09-06,2025,R,,west-virginia,ohio,A,10,17,0,,
2025-09-06,2025,R,,ohio-state,grambling-state,H,70,0,0,1.0,
2025-09-06,2025,R,,grambling-state,ohio-state,A,0,70,0,,1.0
2025-09-06,2025,R,,oklahoma,michigan,H,24,13,0,18.0,15.0
2025-09-06,2025,R,,michigan,oklahoma,A,13,24,0,15.0,18.0
2025-09-06,2025,R,,old-dominion,north-carolina-central,H,54,6,0,,
2025-09-06,2025,R,,north-carolina-central,old-dominion,A,6,54,0,,
2025-09-06,2025,R,,oregon,oklahoma-state,H,69,3,0,6.0,
2025-09-06,2025,R,,oklahoma-state,oregon,A,3,69,0,,6.0
2025-09-06,2025,R,,penn-state,florida-international,H,34,0,0,2.0,
2025-09-06,2025,R,,florida-international,penn-state,A,0,34,0,,2.0
2025-09-06,2025,R,,pittsburgh,central-michigan,H,45,17,0,,
2025-09-06,2025,R,,central-michigan,pittsburgh,A,17,45,0,,
2025-09-06,2025,R,,purdue,southern-illinois,H,34,17,0,,
2025-09-06,2025,R,,southern-illinois,purdue,A,17,34,0,,
2025-09-06,2025,R,,rutgers,miami-oh,H,45,17,0,,
2025-09-06,2025,R,,miami-oh,rutgers,A,17,45,0,,
2025-09-06,2025,R,,south-carolina,south-carolina-state,H,38,10,0,10.0,
2025-09-06,2025,R,,south-carolina-state,south-carolina,A,10,38,0,,10.0
2025-09-06,2025,R,,south-florida,florida,A,18,16,0,,13.0
2025-09-06,2025,R,,florida,south-florida,H,16,18,0,13.0,
2025-09-06,2025,R,,southern-california,georgia-southern,H,59,20,0,,
2025-09-06,2025,R,,georgia-southern,southern-california,A,20,59,0,,
2025-09-06,2025,R,,southern-mississippi,jackson-state,H,38,20,0,,
2025-09-06,2025,R,,jackson-state,southern-mississippi,A,20,38,0,,
2025-09-06,2025,R,,syracuse,connecticut,H,27,20,0,,
2025-09-06,2025,R,,connecticut,syracuse,A,20,27,0,,
2025-09-06,2025,R,,temple,howard,H,55,7,0,,
2025-09-06,2025,R,,howard,temple,A,7,55,0,,
2025-09-06,2025,R,,tennessee,east-tennessee-state,H,72,17,0,22.0,
2025-09-06,2025,R,,east-tennessee-state,tennessee,A,17,72,0,,22.0
2025-09-06,2025,R,,texas,san-jose-state,H,38,7,0,7.0,
2025-09-06,2025,R,,san-jose-state,texas,A,7,38,0,,7.0
2025-09-06,2025,R,,texas-a-m,utah-state,H,44,22,0,19.0,
2025-09-06,2025,R,,utah-state,texas-a-m,A,22,44,0,,19.0
2025-09-06,2025,R,,texas-state,texas-san-antonio,A,43,36,0,,
2025-09-06,2025,R,,texas-san-antonio,texas-state,H,36,43,0,,
2025-09-06,2025,R,,texas-tech,kent-state,H,62,14,0,24.0,
2025-09-06,2025,R,,kent-state,texas-tech,A,14,62,0,,24.0
2025-09-06,2025,R,,texas-el-paso,tennessee-martin,H,42,17,0,,
2025-09-06,2025,R,,tennessee-martin,texas-el-paso,A,17,42,0,,
2025-09-06,2025,R,,toledo,western-kentucky,H,45,21,0,,
2025-09-06,2025,R,,western-kentucky,toledo,A,21,45,0,,
2025-09-06,2025,R,,tulane,south-alabama,A,33,31,0,,
2025-09-06,2025,R,,south-alabama,tulane,H,31,33,0,,
2025-09-06,2025,R,,utah,cal-poly,H,63,9,0,25.0,
2025-09-06,2025,R,,cal-poly,utah,A,9,63,0,,25.0
2025-09-06,2025,R,,vanderbilt,virginia-tech,A,44,20,0,,
2025-09-06,2025,R,,virginia-tech,vanderbilt,H,20,44,0,,
2025-09-06,2025,R,,wake-forest,western-carolina,H,42,10,0,,
2025-09-06,2025,R,,western-carolina,wake-forest,A,10,42,0,,
2025-09-06,2025,R,,washington,california-davis,H,70,10,0,,
2025-09-06,2025,R,,california-davis,washington,A,10,70,0,,
2025-09-06,2025,R,,washington-state,san-diego-state,H,36,13,0,,
2025-09-06,2025,R,,san-diego-state,washington-state,A,13,36,0,,
2025-09-06,2025,R,,wisconsin,middle-tennessee-state,H,42,10,0,,
2025-09-06,2025,R,,middle-tennessee-state,wisconsin,A,10,42,0,,
2025-09-06,2025,R,,wyoming,northern-iowa,H,31,7,0,,
2025-09-06,2025,R,,northern-iowa,wyoming,A,7,31,0,,
2025-09-07,2025,R,,hawaii,sam-houston,H,37,20,0,,
2025-09-07,2025,R,,sam-houston,hawaii,A,20,37,0,,
2025-09-11,2025,R,,north-carolina-state,wake-forest,A,34,24,0,,
2025-09-11,2025,R,,wake-forest,north-carolina-state,H,24,34,0,,
2025-09-12,2025,R,,arizona,kansas-state,H,23,17,0,,
2025-09-12,2025,R,,kansas-state,arizona,A,17,23,0,,
2025-09-12,2025,R,,houston,colorado,H,36,20,0,,
2025-09-12,2025,R,,colorado,houston,A,20,36,0,,
2025-09-12,2025,R,,indiana,indiana-state,H,73,0,0,22.0,
2025-09-12,2025,R,,indiana-state,indiana,A,0,73,0,,22.0
2025-09-12,2025,R,,new-mexico,ucla,A,35,10,0,,
2025-09-12,2025,R,,ucla,new-mexico,H,10,35,0,,
2025-09-12,2025,R,,syracuse,colgate,H,66,24,0,,
2025-09-12,2025,R,,colgate,syracuse,A,24,66,0,,
2025-09-13,2025,R,,alabama,wisconsin,H,38,14,0,19.0,
2025-09-13,2025,R,,wisconsin,alabama,A,14,38,0,,19.0
2025-09-13,2025,R,,alabama-birmingham,akron,H,31,28,0,,
2025-09-13,2025,R,,akron,alabama-birmingham,A,28,31,0,,
2025-09-13,2025,R,,arizona-state,texas-state,H,34,15,0,,
2025-09-13,2025,R,,texas-state,arizona-state,A,15,34,0,,
2025-09-13,2025,R,,auburn,south-alabama,H,31,15,0,24.0,
2025-09-13,2025,R,,south-alabama,auburn,A,15,31,0,,24.0
2025-09-13,2025,R,,ball-state,new-hampshire,H,34,29,0,,
2025-09-13,2025,R,,new-hampshire,ball-state,A,29,34,0,,
2025-09-13,2025,R,,baylor,samford,H,42,7,0,,
2025-09-13,2025,R,,samford,baylor,A,7,42,0,,
2025-09-13,2025,R,,bowling-green,liberty,H,23,13,0,,
2025-09-13,2025,R,,liberty,bowling-green,A,13,23,0,,
2025-09-13,2025,R,,buffalo,kent-state,A,31,28,0,,
2025-09-13,2025,R,,kent-state,buffalo,H,28,31,0,,
2025-09-13,2025,R,,california,minnesota,H,27,14,0,,
2025-09-13,2025,R,,minnesota,california,A,14,27,0,,
2025-09-13,2025,R,,charlotte,monmouth,H,42,35,0,,
2025-09-13,2025,R,,monmouth,charlotte,A,35,42,0,,
2025-09-13,2025,R,,cincinnati,northwestern-state,H,70,0,0,,
2025-09-13,2025,R,,northwestern-state,cincinnati,A,0,70,0,,
2025-09-13,2025,R,,delaware,connecticut,H,44,41,0,,
2025-09-13,2025,R,,connecticut,delaware,A,41,44,0,,
2025-09-13,2025,R,,east-carolina,coastal-carolina,A,38,0,0,,
2025-09-13,2025,R,,coastal-carolina,east-carolina,H,0,38,0,,
2025-09-13,2025,R,,florida-international,florida-atlantic,H,38,28,0,,
2025-09-13,2025,R,,florida-atlantic,florida-international,A,28,38,0,,
2025-09-13,2025,R,,fresno-state,southern,H,56,7,0,,
2025-09-13,2025,R,,southern,fresno-state,A,7,56,0,,
2025-09-13,2025,R,,georgia,tennessee,A,44,41,0,6.0,15.0
2025-09-13,2025,R,,tennessee,georgia,H,41,44,0,15.0,6.0
2025-09-13,2025,R,,georgia-southern,jacksonville-state,H,41,34,0,,
2025-09-13,2025,R,,jacksonville-state,georgia-southern,A,34,41,0,,
2025-09-13,2025,R,,georgia-state,murray-state,H,37,21,0,,
2025-09-13,2025,R,,murray-state,georgia-state,A,21,37,0,,
2025-09-13,2025,R,,georgia-tech,clemson,H,24,21,0,,12.0
2025-09-13,2025,R,,clemson,georgia-tech,A,21,24,0,12.0,
2025-09-13,2025,R,,illinois,western-michigan,H,38,0,0,9.0,
2025-09-13,2025,R,,western-michigan,illinois,A,0,38,0,,9.0
2025-09-13,2025,R,,iowa,massachusetts,H,47,7,0,,
2025-09-13,2025,R,,massachusetts,iowa,A,7,47,0,,
2025-09-13,2025,R,,iowa-state,arkansas-state,A,24,16,0,14.0,
2025-09-13,2025,R,,arkansas-state,iowa-state,H,16,24,0,,14.0
2025-09-13,2025,R,,kennesaw-state,merrimack,H,27,13,0,,
2025-09-13,2025,R,,merrimack,kennesaw-state,A,13,27,0,,
2025-09-13,2025,R,,kentucky,eastern-michigan,H,48,23,0,,
2025-09-13,2025,R,,eastern-michigan,kentucky,A,23,48,0,,
2025-09-13,2025,R,,louisiana-state,florida,H,20,10,0,3.0,
2025-09-13,2025,R,,florida,louisiana-state,A,10,20,0,,3.0
2025-09-13,2025,R,,louisiana-tech,new-mexico-state,H,49,14,0,,
2025-09-13,2025,R,,new-mexico-state,louisiana-tech,A,14,49,0,,
2025-09-13,2025,R,,marshall,eastern-kentucky,H,38,7,0,,
2025-09-13,2025,R,,eastern-kentucky,marshall,A,7,38,0,,
2025-09-13,2025,R,,maryland,towson,H,44,17,0,,
2025-09-13,2025,R,,towson,maryland,A,17,44,0,,
2025-09-13,2025,R,,memphis,troy,A,28,7,0,,
2025-09-13,2025,R,,troy,memphis,H,7,28,0,,
2025-09-13,2025,R,,miami-fl,south-florida,H,49,12,0,5.0,18.0
2025-09-13,2025,R,,south-florida,miami-fl,A,12,49,0,18.0,5.0
2025-09-13,2025,R,,michigan,central-michigan,H,63,3,0,23.0,
2025-09-13,2025,R,,central-michigan,michigan,A,3,63,0,,23.0
2025-09-13,2025,R,,michigan-state,youngstown-state,H,41,24,0,,
2025-09-13,2025,R,,youngstown-state,michigan-state,A,24,41,0,,
2025-09-13,2025,R,,middle-tennessee-state,nevada,A,14,13,0,,
2025-09-13,2025,R,,nevada,middle-tennessee-state,H,13,14,0,,
2025-09-13,2025,R,,mississippi,arkansas,H,41,35,0,17.0,
2025-09-13,2025,R,,arkansas,mississippi,A,35,41,0,,17.0
2025-09-13,2025,R,,mississippi-state,alcorn-state,H,63,0,0,,
2025-09-13,2025,R,,alcorn-state,mississippi-state,A,0,63,0,,
2025-09-13,2025,R,,missouri,louisiana,H,52,10,0,25.0,
2025-09-13,2025,R,,louisiana,missouri,A,10,52,0,,25.0
2025-09-13,2025,R,,navy,tulsa,A,42,23,0,,
2025-09-13,2025,R,,tulsa,navy,H,23,42,0,,
2025-09-13,2025,R,,nebraska,houston-baptist,H,59,7,0,,
2025-09-13,2025,R,,houston-baptist,nebraska,A,7,59,0,,
2025-09-13,2025,R,,north-carolina,richmond,H,41,6,0,,
2025-09-13,2025,R,,richmond,north-carolina,A,6,41,0,,
2025-09-13,2025,R,,north-texas,washington-state,H,59,10,0,,
2025-09-13,2025,R,,washington-state,north-texas,A,10,59,0,,
2025-09-13,2025,R,,ohio-state,ohio,H,37,9,0,1.0,
2025-09-13,2025,R,,ohio,ohio-state,A,9,37,0,,1.0
2025-09-13,2025,R,,oklahoma,temple,A,42,3,0,13.0,
2025-09-13,2025,R,,temple,oklahoma,H,3,42,0,,13.0
2025-09-13,2025,R,,old-dominion,virginia-tech,A,45,26,0,,
2025-09-13,2025,R,,virginia-tech,old-dominion,H,26,45,0,,
2025-09-13,2025,R,,oregon,northwestern,A,34,14,0,4.0,
2025-09-13,2025,R,,northwestern,oregon,H,14,34,0,,4.0
2025-09-13,2025,R,,penn-state,villanova,H,52,6,0,2.0,
2025-09-13,2025,R,,villanova,penn-state,A,6,52,0,,2.0
2025-09-13,2025,R,,rice,prairie-view-a-m,H,38,17,0,,
2025-09-13,2025,R,,prairie-view-a-m,rice,A,17,38,0,,
2025-09-13,2025,R,,rutgers,norfolk-state,H,60,10,0,,
2025-09-13,2025,R,,norfolk-state,rutgers,A,10,60,0,,
2025-09-13,2025,R,,southern-california,purdue,A,33,17,0,,
2025-09-13,2025,R,,purdue,southern-california,H,17,33,0,,
2025-09-13,2025,R,,southern-methodist,missouri-state,A,28,10,0,,
2025-09-13,2025,R,,missouri-state,southern-methodist,H,10,28,0,,
2025-09-13,2025,R,,southern-mississippi,appalachian-state,H,38,22,0,,
2025-09-13,2025,R,,appalachian-state,southern-mississippi,A,22,38,0,,
2025-09-13,2025,R,,stanford,boston-college,H,30,20,0,,
2025-09-13,2025,R,,boston-college,stanford,A,20,30,0,,
2025-09-13,2025,R,,texas,texas-el-paso,H,27,10,0,7.0,
2025-09-13,2025,R,,texas-el-paso,texas,A,10,27,0,,7.0
2025-09-13,2025,R,,texas-a-m,notre-dame,A,41,40,0,16.0,8.0
2025-09-13,2025,R,,notre-dame,texas-a-m,H,40,41,0,8.0,16.0
2025-09-13,2025,R,,texas-christian,abilene-christian,H,42,21,0,,
2025-09-13,2025,R,,abilene-christian,texas-christian,A,21,42,0,,
2025-09-13,2025,R,,texas-tech,oregon-state,H,45,14,0,21.0,
2025-09-13,2025,R,,oregon-state,texas-tech,A,14,45,0,,21.0
2025-09-13,2025,R,,texas-san-antonio,incarnate-word,H,48,20,0,,
2025-09-13,2025,R,,incarnate-word,texas-san-antonio,A,20,48,0,,
2025-09-13,2025,R,,toledo,morgan-state,H,60,0,0,,
2025-09-13,2025,R,,morgan-state,toledo,A,0,60,0,,
2025-09-13,2025,R,,tulane,duke,H,34,27,0,,
2025-09-13,2025,R,,duke,tulane,A,27,34,0,,
2025-09-13,2025,R,,utah,wyoming,A,31,6,0,20.0,
2025-09-13,2025,R,,wyoming,utah,H,6,31,0,,20.0
2025-09-13,2025,R,,utah-state,air-force,H,49,30,0,,
2025-09-13,2025,R,,air-force,utah-state,A,30,49,0,,
2025-09-13,2025,R,,vanderbilt,south-carolina,A,31,7,0,,11.0
2025-09-13,2025,R,,south-carolina,vanderbilt,H,7,31,0,11.0,
2025-09-13,2025,R,,virginia,william-mary,H,55,16,0,,
2025-09-13,2025,R,,william-mary,virginia,A,16,55,0,,
2025-09-13,2025,R,,west-virginia,pittsburgh,H,31,24,0,,
2025-09-13,2025,R,,pittsburgh,west-virginia,A,24,31,0,,
2025-09-14,2025,R,,hawaii,portland-state,H,23,3,0,,
2025-09-14,2025,R,,portland-state,hawaii,A,3,23,0,,
2025-09-18,2025,R,,rice,charlotte,A,28,17,0,,
2025-09-18,2025,R,,charlotte,rice,H,17,28,0,,
2025-09-19,2025,R,,iowa,rutgers,A,38,28,0,,
2025-09-19,2025,R,,rutgers,iowa,H,28,38,0,,
2025-09-19,2025,R,,tulsa,oklahoma-state,A,19,12,0,,
2025-09-19,2025,R,,oklahoma-state,tulsa,H,12,19,0,,
2025-09-20,2025,R,,akron,duquesne,H,51,7,0,,
2025-09-20,2025,R,,duquesne,akron,A,7,51,0,,
2025-09-20,2025,R,,arizona-state,baylor,A,27,24,0,,
2025-09-20,2025,R,,baylor,arizona-state,H,24,27,0,,
2025-09-20,2025,R,,boise-state,air-force,A,49,37,0,,
2025-09-20,2025,R,,air-force,boise-state,H,37,49,0,,
2025-09-20,2025,R,,brigham-young,east-carolina,A,34,13,0,,
2025-09-20,2025,R,,east-carolina,brigham-young,H,13,34,0,,
2025-09-20,2025,R,,central-florida,north-carolina,H,34,9,0,,
2025-09-20,2025,R,,north-carolina,central-florida,A,9,34,0,,
2025-09-20,2025,R,,central-michigan,wagner,H,49,10,0,,
2025-09-20,2025,R,,wagner,central-michigan,A,10,49,0,,
2025-09-20,2025,R,,coastal-carolina,south-alabama,A,38,20,0,,
2025-09-20,2025,R,,south-alabama,coastal-carolina,H,20,38,0,,
2025-09-20,2025,R,,colorado,wyoming,H,37,20,0,,
2025-09-20,2025,R,,wyoming,colorado,A,20,37,0,,
2025-09-20,2025,R,,connecticut,ball-state,H,31,25,0,,
2025-09-20,2025,R,,ball-state,connecticut,A,25,31,0,,
2025-09-20,2025,R,,delaware,florida-international,A,38,16,0,,
2025-09-20,2025,R,,florida-international,delaware,H,16,38,0,,
2025-09-20,2025,R,,duke,north-carolina-state,H,45,33,0,,
2025-09-20,2025,R,,north-carolina-state,duke,A,33,45,0,,
2025-09-20,2025,R,,eastern-michigan,louisiana,H,34,31,0,,
2025-09-20,2025,R,,louisiana,eastern-michigan,A,31,34,0,,
2025-09-20,2025,R,,florida-state,kent-state,H,66,10,0,7.0,
2025-09-20,2025,R,,kent-state,florida-state,A,10,66,0,,7.0
2025-09-20,2025,R,,georgia-southern,maine,H,45,17,0,,
2025-09-20,2025,R,,maine,georgia-southern,A,17,45,0,,
2025-09-20,2025,R,,georgia-tech,temple,H,45,24,0,18.0,
2025-09-20,2025,R,,temple,georgia-tech,A,24,45,0,,18.0
2025-09-20,2025,R,,indiana,illinois,H,63,10,0,19.0,9.0
2025-09-20,2025,R,,illinois,indiana,A,10,63,0,9.0,19.0
2025-09-20,2025,R,,jacksonville-state,murray-state,H,45,10,0,,
2025-09-20,2025,R,,murray-state,jacksonville-state,A,10,45,0,,
2025-09-20,2025,R,,james-madison,liberty,A,31,13,0,,
2025-09-20,2025,R,,liberty,james-madison,H,13,31,0,,
2025-09-20,2025,R,,kansas,west-virginia,H,41,10,0,,
2025-09-20,2025,R,,west-virginia,kansas,A,10,41,0,,
2025-09-20,2025,R,,kennesaw-state,arkansas-state,H,28,21,0,,
2025-09-20,2025,R,,arkansas-state,kennesaw-state,A,21,28,0,,
2025-09-20,2025,R,,louisiana-state,southeastern-louisiana,H,56,10,0,3.0,
2025-09-20,2025,R,,southeastern-louisiana,louisiana-state,A,10,56,0,,3.0
2025-09-20,2025,R,,louisiana-tech,southern-mississippi,H,30,20,0,,
2025-09-20,2025,R,,southern-mississippi,louisiana-tech,A,20,30,0,,
2025-09-20,2025,R,,louisiana-monroe,texas-el-paso,A,31,25,0,,
2025-09-20,2025,R,,texas-el-paso,louisiana-monroe,H,25,31,0,,
2025-09-20,2025,R,,louisville,bowling-green,H,40,17,0,,
2025-09-20,2025,R,,bowling-green,louisville,A,17,40,0,,
2025-09-20,2025,R,,marshall,middle-tennessee-state,A,42,28,0,,
2025-09-20,2025,R,,middle-tennessee-state,marshall,H,28,42,0,,
2025-09-20,2025,R,,maryland,wisconsin,A,27,10,0,,
2025-09-20,2025,R,,wisconsin,maryland,H,10,27,0,,
2025-09-20,2025,R,,memphis,arkansas,H,32,31,0,,
2025-09-20,2025,R,,arkansas,memphis,A,31,32,0,,
2025-09-20,2025,R,,miami-fl,florida,H,26,7,0,4.0,
2025-09-20,2025,R,,florida,miami-fl,A,7,26,0,,4.0
2025-09-20,2025,R,,michigan,nebraska,A,30,27,0,21.0,
2025-09-20,2025,R,,nebraska,michigan,H,27,30,0,,21.0
2025-09-20,2025,R,,mississippi,tulane,H,45,10,0,13.0,
2025-09-20,2025,R,,tulane,mississippi,A,10,45,0,,13.0
2025-09-20,2025,R,,mississippi-state,northern-illinois,H,38,10,0,,
2025-09-20,2025,R,,northern-illinois,mississippi-state,A,10,38,0,,
2025-09-20,2025,R,,missouri,south-carolina,H,29,20,0,23.0,
2025-09-20,2025,R,,south-carolina,missouri,A,20,29,0,,23.0
2025-09-20,2025,R,,missouri-state,tennessee-martin,H,42,10,0,,
2025-09-20,2025,R,,tennessee-martin,missouri-state,A,10,42,0,,
2025-09-20,2025,R,,nevada-las-vegas,miami-oh,A,41,38,0,,
2025-09-20,2025,R,,miami-oh,nevada-las-vegas,H,38,41,0,,
2025-09-20,2025,R,,north-texas,army,A,45,38,0,,
2025-09-20,2025,R,,army,north-texas,H,38,45,0,,
2025-09-20,2025,R,,notre-dame,purdue,H,56,30,0,24.0,
2025-09-20,2025,R,,purdue,notre-dame,A,30,56,0,,24.0
2025-09-20,2025,R,,ohio,gardner-webb,H,52,35,0,,
2025-09-20,2025,R,,gardner-webb,ohio,A,35,52,0,,
2025-09-20,2025,R,,oklahoma,auburn,H,24,17,0,11.0,22.0
2025-09-20,2025,R,,auburn,oklahoma,A,17,24,0,22.0,11.0
2025-09-20,2025,R,,oregon,oregon-state,H,41,7,0,6.0,
2025-09-20,2025,R,,oregon-state,oregon,A,7,41,0,,6.0
2025-09-20,2025,R,,san-diego-state,california,H,34,0,0,,
2025-09-20,2025,R,,california,san-diego-state,A,0,34,0,,
2025-09-20,2025,R,,san-jose-state,idaho,H,31,28,0,,
2025-09-20,2025,R,,idaho,san-jose-state,A,28,31,0,,
2025-09-20,2025,R,,south-florida,south-carolina-state,H,63,14,0,,
2025-09-20,2025,R,,south-carolina-state,south-florida,A,14,63,0,,
2025-09-20,2025,R,,southern-california,michigan-state,H,45,31,0,25.0,
2025-09-20,2025,R,,michigan-state,southern-california,A,31,45,0,,25.0
2025-09-20,2025,R,,syracuse,clemson,A,34,21,0,,
2025-09-20,2025,R,,clemson,syracuse,H,21,34,0,,
2025-09-20,2025,R,,tennessee,alabama-birmingham,H,56,24,0,15.0,
2025-09-20,2025,R,,alabama-birmingham,tennessee,A,24,56,0,,15.0
2025-09-20,2025,R,,texas,sam-houston,H,55,0,0,8.0,
2025-09-20,2025,R,,sam-houston,texas,A,0,55,0,,8.0
2025-09-20,2025,R,,texas-christian,southern-methodist,H,35,24,0,,
2025-09-20,2025,R,,southern-methodist,texas-christian,A,24,35,0,,
2025-09-20,2025,R,,texas-state,nicholls-state,H,35,3,0,,
2025-09-20,2025,R,,nicholls-state,texas-state,A,3,35,0,,
2025-09-20,2025,R,,texas-tech,utah,A,34,10,0,17.0,16.0
2025-09-20,2025,R,,utah,texas-tech,H,10,34,0,16.0,17.0
2025-09-20,2025,R,,texas-san-antonio,colorado-state,A,17,16,0,,
2025-09-20,2025,R,,colorado-state,texas-san-antonio,H,16,17,0,,
2025-09-20,2025,R,,troy,buffalo,A,21,17,0,,
2025-09-20,2025,R,,buffalo,troy,H,17,21,0,,
2025-09-20,2025,R,,utah-state,mcneese-state,H,48,7,0,,
2025-09-20,2025,R,,mcneese-state,utah-state,A,7,48,0,,
2025-09-20,2025,R,,vanderbilt,georgia-state,H,70,21,0,20.0,
2025-09-20,2025,R,,georgia-state,vanderbilt,A,21,70,0,,20.0
2025-09-20,2025,R,,virginia,stanford,H,48,20,0,,
2025-09-20,2025,R,,stanford,virginia,A,20,48,0,,
2025-09-20,2025,R,,virginia-tech,wofford,H,38,6,0,,
2025-09-20,2025,R,,wofford,virginia-tech,A,6,38,0,,
2025-09-20,2025,R,,washington,washington-state,A,59,24,0,,
2025-09-20,2025,R,,washington-state,washington,H,24,59,0,,
2025-09-20,2025,R,,western-kentucky,nevada,H,31,16,0,,
2025-09-20,2025,R,,nevada,western-kentucky,A,16,31,0,,
2025-09-20,2025,R,,western-michigan,toledo,H,14,13,0,,
2025-09-20,2025,R,,toledo,western-michigan,A,13,14,0,,
2025-09-21,2025,R,,fresno-state,hawaii,A,23,21,0,,
2025-09-21,2025,R,,hawaii,fresno-state,H,21,23,0,,
2025-09-25,2025,R,,east-carolina,army,H,28,6,0,,
2025-09-25,2025,R,,army,east-carolina,A,6,28,0,,
2025-09-26,2025,R,,arizona-state,texas-christian,H,27,24,0,,24.0
2025-09-26,2025,R,,texas-christian,arizona-state,A,24,27,0,24.0,
2025-09-26,2025,R,,houston,oregon-state,A,27,24,0,,
2025-09-26,2025,R,,oregon-state,houston,H,24,27,0,,
2025-09-26,2025,R,,virginia,florida-state,H,46,38,0,,8.0
2025-09-26,2025,R,,florida-state,virginia,A,38,46,0,8.0,
2025-09-27,2025,R,,alabama,georgia,A,24,21,0,17.0,5.0
2025-09-27,2025,R,,georgia,alabama,H,21,24,0,5.0,17.0
2025-09-27,2025,R,,baylor,oklahoma-state,A,45,27,0,,
2025-09-27,2025,R,,oklahoma-state,baylor,H,27,45,0,,
2025-09-27,2025,R,,boise-state,appalachian-state,H,47,14,0,,
2025-09-27,2025,R,,appalachian-state,boise-state,A,14,47,0,,
2025-09-27,2025,R,,brigham-young,colorado,A,24,21,0,25.0,
2025-09-27,2025,R,,colorado,brigham-young,H,21,24,0,,25.0
2025-09-27,2025,R,,california,boston-college,A,28,24,0,,
2025-09-27,2025,R,,boston-college,california,H,24,28,0,,
2025-09-27,2025,R,,central-michigan,eastern-michigan,H,24,13,0,,
2025-09-27,2025,R,,eastern-michigan,central-michigan,A,13,24,0,,
2025-09-27,2025,R,,cincinnati,kansas,A,37,34,0,,
2025-09-27,2025,R,,kansas,cincinnati,H,34,37,0,,
2025-09-27,2025,R,,connecticut,buffalo,A,20,17,0,,
2025-09-27,2025,R,,buffalo,connecticut,H,17,20,0,,
2025-09-27,2025,R,,duke,syracuse,A,38,3,0,,
2025-09-27,2025,R,,syracuse,duke,H,3,38,0,,
2025-09-27,2025,R,,georgia-tech,wake-forest,A,30,29,0,16.0,
2025-09-27,2025,R,,wake-forest,georgia-tech,H,29,30,0,,16.0
2025-09-27,2025,R,,hawaii,air-force,A,44,35,0,,
2025-09-27,2025,R,,air-force,hawaii,H,35,44,0,,
2025-09-27,2025,R,,illinois,southern-california,H,34,32,0,23.0,21.0
2025-09-27,2025,R,,southern-california,illinois,A,32,34,0,21.0,23.0
2025-09-27,2025,R,,indiana,iowa,A,20,15,0,11.0,
2025-09-27,2025,R,,iowa,indiana,H,15,20,0,,11.0
2025-09-27,2025,R,,iowa-state,arizona,H,39,14,0,14.0,
2025-09-27,2025,R,,arizona,iowa-state,A,14,39,0,,14.0
2025-09-27,2025,R,,james-madison,georgia-southern,H,35,10,0,,
2025-09-27,2025,R,,georgia-southern,james-madison,A,10,35,0,,
2025-09-27,2025,R,,kansas-state,central-florida,H,34,20,0,,
2025-09-27,2025,R,,central-florida,kansas-state,A,20,34,0,,
2025-09-27,2025,R,,kennesaw-state,middle-tennessee-state,H,24,16,0,,
2025-09-27,2025,R,,middle-tennessee-state,kennesaw-state,A,16,24,0,,
2025-09-27,2025,R,,louisiana,marshall,H,54,51,0,,
2025-09-27,2025,R,,marshall,louisiana,A,51,54,0,,
2025-09-27,2025,R,,louisiana-tech,texas-el-paso,A,30,11,0,,
2025-09-27,2025,R,,texas-el-paso,louisiana-tech,H,11,30,0,,
2025-09-27,2025,R,,louisiana-monroe,arkansas-state,H,28,16,0,,
2025-09-27,2025,R,,arkansas-state,louisiana-monroe,A,16,28,0,,
2025-09-27,2025,R,,louisville,pittsburgh,A,34,27,0,,
2025-09-27,2025,R,,pittsburgh,louisville,H,27,34,0,,
2025-09-27,2025,R,,memphis,florida-atlantic,A,55,26,0,,
2025-09-27,2025,R,,florida-atlantic,memphis,H,26,55,0,,
2025-09-27,2025,R,,miami-oh,lindenwood,H,38,0,0,,
2025-09-27,2025,R,,lindenwood,miami-oh,A,0,38,0,,
2025-09-27,2025,R,,minnesota,rutgers,H,31,28,0,,
2025-09-27,2025,R,,rutgers,minnesota,A,28,31,0,,
2025-09-27,2025,R,,mississippi,louisiana-state,H,24,19,0,13.0,4.0
2025-09-27,2025,R,,louisiana-state,mississippi,A,19,24,0,4.0,13.0
2025-09-27,2025,R,,missouri,massachusetts,H,42,6,0,20.0,
2025-09-27,2025,R,,massachusetts,missouri,A,6,42,0,,20.0
2025-09-27,2025,R,,navy,rice,H,21,13,0,,
2025-09-27,2025,R,,rice,navy,A,13,21,0,,
2025-09-27,2025,R,,new-mexico,new-mexico-state,H,38,20,0,,
2025-09-27,2025,R,,new-mexico-state,new-mexico,A,20,38,0,,
2025-09-27,2025,R,,north-texas,south-alabama,H,36,22,0,,
2025-09-27,2025,R,,south-alabama,north-texas,A,22,36,0,,
2025-09-27,2025,R,,northwestern,ucla,H,17,14,0,,
2025-09-27,2025,R,,ucla,northwestern,A,14,17,0,,
2025-09-27,2025,R,,notre-dame,arkansas,A,56,13,0,22.0,
2025-09-27,2025,R,,arkansas,notre-dame,H,13,56,0,,22.0
2025-09-27,2025,R,,ohio,bowling-green,H,35,20,0,,
2025-09-27,2025,R,,bowling-green,ohio,A,20,35,0,,
2025-09-27,2025,R,,ohio-state,washington,A,24,6,0,1.0,
2025-09-27,2025,R,,washington,ohio-state,H,6,24,0,,1.0
2025-09-27,2025,R,,old-dominion,liberty,H,21,7,0,,
2025-09-27,2025,R,,liberty,old-dominion,A,7,21,0,,
2025-09-27,2025,R,,oregon,penn-state,A,30,24,0,6.0,3.0
2025-09-27,2025,R,,penn-state,oregon,H,24,30,0,3.0,6.0
2025-09-27,2025,R,,san-diego-state,northern-illinois,A,6,3,0,,
2025-09-27,2025,R,,northern-illinois,san-diego-state,H,3,6,0,,
2025-09-27,2025,R,,south-carolina,kentucky,H,35,13,0,,
2025-09-27,2025,R,,kentucky,south-carolina,A,13,35,0,,
2025-09-27,2025,R,,southern-mississippi,jacksonville-state,H,42,25,0,,
2025-09-27,2025,R,,jacksonville-state,southern-mississippi,A,25,42,0,,
2025-09-27,2025,R,,stanford,san-jose-state,H,30,29,0,,
2025-09-27,2025,R,,san-jose-state,stanford,A,29,30,0,,
2025-09-27,2025,R,,tennessee,mississippi-state,A,41,34,0,15.0,
2025-09-27,2025,R,,mississippi-state,tennessee,H,34,41,0,,15.0
2025-09-27,2025,R,,texas-a-m,auburn,H,16,10,0,9.0,
2025-09-27,2025,R,,auburn,texas-a-m,A,10,16,0,,9.0
2025-09-27,2025,R,,toledo,akron,H,45,3,0,,
2025-09-27,2025,R,,akron,toledo,A,3,45,0,,
2025-09-27,2025,R,,tulane,tulsa,A,31,14,0,,
2025-09-27,2025,R,,tulsa,tulane,H,14,31,0,,
2025-09-27,2025,R,,utah,west-virginia,A,48,14,0,,
2025-09-27,2025,R,,west-virginia,utah,H,14,48,0,,
2025-09-27,2025,R,,vanderbilt,utah-state,H,55,35,0,18.0,
2025-09-27,2025,R,,utah-state,vanderbilt,A,35,55,0,,18.0
2025-09-27,2025,R,,virginia-tech,north-carolina-state,A,23,21,0,,
2025-09-27,2025,R,,north-carolina-state,virginia-tech,H,21,23,0,,
2025-09-27,2025,R,,washington-state,colorado-state,A,20,3,0,,
2025-09-27,2025,R,,colorado-state,washington-state,H,3,20,0,,
2025-09-27,2025,R,,western-kentucky,missouri-state,A,27,22,0,,
2025-09-27,2025,R,,missouri-state,western-kentucky,H,22,27,0,,
2025-09-27,2025,R,,western-michigan,rhode-island,H,47,14,0,,
2025-09-27,2025,R,,rhode-island,western-michigan,A,14,47,0,,
2025-10-02,2025,R,,new-mexico-state,sam-houston,H,37,10,0,,
2025-10-02,2025,R,,sam-houston,new-mexico-state,A,10,37,0,,
2025-10-03,2025,R,,brigham-young,west-virginia,H,38,24,0,23.0,
2025-10-03,2025,R,,west-virginia,brigham-young,A,24,38,0,,23.0
2025-10-03,2025,R,,san-diego-state,colorado-state,H,45,24,0,,
2025-10-03,2025,R,,colorado-state,san-diego-state,A,24,45,0,,
2025-10-03,2025,R,,san-jose-state,new-mexico,H,35,28,0,,
2025-10-03,2025,R,,new-mexico,san-jose-state,A,28,35,0,,
2025-10-03,2025,R,,south-florida,charlotte,H,54,26,0,,
2025-10-03,2025,R,,charlotte,south-florida,A,26,54,0,,
2025-10-03,2025,R,,western-kentucky,delaware,A,27,24,0,,
2025-10-03,2025,R,,delaware,western-kentucky,H,24,27,0,,
2025-10-04,2025,R,,akron,central-michigan,H,28,22,0,,
2025-10-04,2025,R,,central-michigan,akron,A,22,28,0,,
2025-10-04,2025,R,,alabama,vanderbilt,H,30,14,0,10.0,16.0
2025-10-04,2025,R,,vanderbilt,alabama,A,14,30,0,16.0,10.0
2025-10-04,2025,R,,appalachian-state,oregon-state,H,27,23,0,,
2025-10-04,2025,R,,oregon-state,appalachian-state,A,23,27,0,,
2025-10-04,2025,R,,arizona,oklahoma-state,H,41,13,0,,
2025-10-04,2025,R,,oklahoma-state,arizona,A,13,41,0,,
2025-10-04,2025,R,,arkansas-state,texas-state,H,31,30,0,,
2025-10-04,2025,R,,texas-state,arkansas-state,A,30,31,0,,
2025-10-04,2025,R,,army,alabama-birmingham,A,31,13,0,,
2025-10-04,2025,R,,alabama-birmingham,army,H,13,31,0,,
2025-10-04,2025,R,,ball-state,ohio,H,20,14,0,,
2025-10-04,2025,R,,ohio,ball-state,A,14,20,0,,
2025-10-04,2025,R,,baylor,kansas-state,H,35,34,0,,
2025-10-04,2025,R,,kansas-state,baylor,A,34,35,0,,
2025-10-04,2025,R,,buffalo,eastern-michigan,H,31,30,0,,
2025-10-04,2025,R,,eastern-michigan,buffalo,A,30,31,0,,
2025-10-04,2025,R,,cincinnati,iowa-state,H,38,30,0,,14.0
2025-10-04,2025,R,,iowa-state,cincinnati,A,30,38,0,14.0,
2025-10-04,2025,R,,clemson,north-carolina,A,38,10,0,,
2025-10-04,2025,R,,north-carolina,clemson,H,10,38,0,,
2025-10-04,2025,R,,connecticut,florida-international,H,51,10,0,,
2025-10-04,2025,R,,florida-international,connecticut,A,10,51,0,,
2025-10-04,2025,R,,duke,california,A,45,21,0,,
2025-10-04,2025,R,,california,duke,H,21,45,0,,
2025-10-04,2025,R,,florida,texas,H,29,21,0,,9.0
2025-10-04,2025,R,,texas,florida,A,21,29,0,9.0,
2025-10-04,2025,R,,florida-atlantic,rice,A,27,21,0,,
2025-10-04,2025,R,,rice,florida-atlantic,H,21,27,0,,
2025-10-04,2025,R,,fresno-state,nevada,H,20,17,0,,
2025-10-04,2025,R,,nevada,fresno-state,A,17,20,0,,
2025-10-04,2025,R,,georgia,kentucky,H,35,14,0,12.0,
2025-10-04,2025,R,,kentucky,georgia,A,14,35,0,,12.0
2025-10-04,2025,R,,illinois,purdue,A,43,27,0,22.0,
2025-10-04,2025,R,,purdue,illinois,H,27,43,0,,22.0
2025-10-04,2025,R,,james-madison,georgia-state,A,14,7,0,,
2025-10-04,2025,R,,georgia-state,james-madison,H,7,14,0,,
2025-10-04,2025,R,,kansas,central-florida,A,27,20,0,,
2025-10-04,2025,R,,central-florida,kansas,H,20,27,0,,
2025-10-04,2025,R,,memphis,tulsa,H,45,7,0,,
2025-10-04,2025,R,,tulsa,memphis,A,7,45,0,,
2025-10-04,2025,R,,miami-fl,florida-state,A,28,22,0,3.0,18.0
2025-10-04,2025,R,,florida-state,miami-fl,H,22,28,0,18.0,3.0
2025-10-04,2025,R,,miami-oh,northern-illinois,A,25,14,0,,
2025-10-04,2025,R,,northern-illinois,miami-oh,H,14,25,0,,
2025-10-04,2025,R,,michigan,wisconsin,H,24,10,0,20.0,
2025-10-04,2025,R,,wisconsin,michigan,A,10,24,0,,20.0
2025-10-04,2025,R,,navy,air-force,H,34,31,0,,
2025-10-04,2025,R,,air-force,navy,A,31,34,0,,
2025-10-04,2025,R,,nebraska,michigan-state,H,38,27,0,,
2025-10-04,2025,R,,michigan-state,nebraska,A,27,38,0,,
2025-10-04,2025,R,,nevada-las-vegas,wyoming,A,31,17,0,,
2025-10-04,2025,R,,wyoming,nevada-las-vegas,H,17,31,0,,
2025-10-04,2025,R,,north-carolina-state,campbell,H,56,10,0,,
2025-10-04,2025,R,,campbell,north-carolina-state,A,10,56,0,,
2025-10-04,2025,R,,northwestern,louisiana-monroe,H,42,7,0,,
2025-10-04,2025,R,,louisiana-monroe,northwestern,A,7,42,0,,
2025-10-04,2025,R,,notre-dame,boise-state,H,28,7,0,21.0,
2025-10-04,2025,R,,boise-state,notre-dame,A,7,28,0,,21.0
2025-10-04,2025,R,,ohio-state,minnesota,H,42,3,0,1.0,
2025-10-04,2025,R,,minnesota,ohio-state,A,3,42,0,,1.0
2025-10-04,2025,R,,oklahoma,kent-state,H,44,0,0,5.0,
2025-10-04,2025,R,,kent-state,oklahoma,A,0,44,0,,5.0
2025-10-04,2025,R,,old-dominion,coastal-carolina,H,47,7,0,,
2025-10-04,2025,R,,coastal-carolina,old-dominion,A,7,47,0,,
2025-10-04,2025,R,,pittsburgh,boston-college,H,48,7,0,,
2025-10-04,2025,R,,boston-college,pittsburgh,A,7,48,0,,
2025-10-04,2025,R,,southern-methodist,syracuse,H,31,18,0,,
2025-10-04,2025,R,,syracuse,southern-methodist,A,18,31,0,,
2025-10-04,2025,R,,temple,texas-san-antonio,H,27,21,0,,
2025-10-04,2025,R,,texas-san-antonio,temple,A,21,27,0,,
2025-10-04,2025,R,,texas-a-m,mississippi-state,H,31,9,0,6.0,
2025-10-04,2025,R,,mississippi-state,texas-a-m,A,9,31,0,,6.0
2025-10-04,2025,R,,texas-christian,colorado,H,35,21,0,,
2025-10-04,2025,R,,colorado,texas-christian,A,21,35,0,,
2025-10-04,2025,R,,texas-tech,houston,A,35,11,0,11.0,
2025-10-04,2025,R,,houston,texas-tech,H,11,35,0,,11.0
2025-10-04,2025,R,,troy,south-alabama,H,31,24,0,,
2025-10-04,2025,R,,south-alabama,troy,A,24,31,0,,
2025-10-04,2025,R,,ucla,penn-state,H,42,37,0,,7.0
2025-10-04,2025,R,,penn-state,ucla,A,37,42,0,7.0,
2025-10-04,2025,R,,virginia,louisville,A,30,27,0,24.0,
2025-10-04,2025,R,,louisville,virginia,H,27,30,0,,24.0
2025-10-04,2025,R,,wake-forest,virginia-tech,A,30,23,0,,
2025-10-04,2025,R,,virginia-tech,wake-forest,H,23,30,0,,
2025-10-04,2025,R,,washington,maryland,A,24,20,0,,
2025-10-04,2025,R,,maryland,washington,H,20,24,0,,
2025-10-04,2025,R,,western-michigan,massachusetts,A,21,3,0,,
2025-10-04,2025,R,,massachusetts,western-michigan,H,3,21,0,,
2025-10-08,2025,R,,liberty,texas-el-paso,A,19,8,0,,
2025-10-08,2025,R,,texas-el-paso,liberty,H,8,19,0,,
2025-10-08,2025,R,,missouri-state,middle-tennessee-state,A,22,20,0,,
2025-10-08,2025,R,,middle-tennessee-state,missouri-state,H,20,22,0,,
2025-10-09,2025,R,,jacksonville-state,sam-houston,A,29,27,0,,
2025-10-09,2025,R,,sam-houston,jacksonville-state,H,27,29,0,,
2025-10-09,2025,R,,kennesaw-state,louisiana-tech,H,35,7,0,,
2025-10-09,2025,R,,louisiana-tech,kennesaw-state,A,7,35,0,,
2025-10-09,2025,R,,southern-mississippi,georgia-southern,A,38,35,0,,
2025-10-09,2025,R,,georgia-southern,southern-mississippi,H,35,38,0,,
2025-10-09,2025,R,,tulane,east-carolina,H,26,19,0,,
2025-10-09,2025,R,,east-carolina,tulane,A,19,26,0,,
2025-10-10,2025,R,,colorado-state,fresno-state,H,49,21,0,,
2025-10-10,2025,R,,fresno-state,colorado-state,A,21,49,0,,
2025-10-10,2025,R,,south-florida,north-texas,A,63,36,0,24.0,
2025-10-10,2025,R,,north-texas,south-florida,H,36,63,0,,24.0
2025-10-10,2025,R,,washington,rutgers,H,38,19,0,,
2025-10-10,2025,R,,rutgers,washington,A,19,38,0,,
2025-10-11,2025,R,,alabama,missouri,A,27,24,0,8.0,14.0
2025-10-11,2025,R,,missouri,alabama,H,24,27,0,14.0,8.0
2025-10-11,2025,R,,appalachian-state,georgia-state,A,41,20,0,,
2025-10-11,2025,R,,georgia-state,appalachian-state,H,20,41,0,,
2025-10-11,2025,R,,army,charlotte,H,24,7,0,,
2025-10-11,2025,R,,charlotte,army,A,7,24,0,,
2025-10-11,2025,R,,boise-state,new-mexico,H,41,25,0,,
2025-10-11,2025,R,,new-mexico,boise-state,A,25,41,0,,
2025-10-11,2025,R,,bowling-green,toledo,H,28,23,0,,
2025-10-11,2025,R,,toledo,bowling-green,A,23,28,0,,
2025-10-11,2025,R,,brigham-young,arizona,A,33,27,0,18.0,
2025-10-11,2025,R,,arizona,brigham-young,H,27,33,0,,18.0
2025-10-11,2025,R,,cincinnati,central-florida,H,20,11,0,,
2025-10-11,2025,R,,central-florida,cincinnati,A,11,20,0,,
2025-10-11,2025,R,,clemson,boston-college,A,41,10,0,,
2025-10-11,2025,R,,boston-college,clemson,H,10,41,0,,
2025-10-11,2025,R,,coastal-carolina,louisiana-monroe,H,23,8,0,,
2025-10-11,2025,R,,louisiana-monroe,coastal-carolina,A,8,23,0,,
2025-10-11,2025,R,,colorado,iowa-state,H,24,17,0,,22.0
2025-10-11,2025,R,,iowa-state,colorado,A,17,24,0,22.0,
2025-10-11,2025,R,,eastern-michigan,northern-illinois,H,16,10,0,,
2025-10-11,2025,R,,northern-illinois,eastern-michigan,A,10,16,0,,
2025-10-11,2025,R,,florida-atlantic,alabama-birmingham,H,53,33,0,,
2025-10-11,2025,R,,alabama-birmingham,florida-atlantic,A,33,53,0,,
2025-10-11,2025,R,,georgia,auburn,A,20,10,0,10.0,
2025-10-11,2025,R,,auburn,georgia,H,10,20,0,,10.0
2025-10-11,2025,R,,georgia-tech,virginia-tech,H,35,20,0,13.0,
2025-10-11,2025,R,,virginia-tech,georgia-tech,A,20,35,0,,13.0
2025-10-11,2025,R,,houston,oklahoma-state,A,39,17,0,,
2025-10-11,2025,R,,oklahoma-state,houston,H,17,39,0,,
2025-10-11,2025,R,,indiana,oregon,A,30,20,0,7.0,3.0
2025-10-11,2025,R,,oregon,indiana,H,20,30,0,3.0,7.0
2025-10-11,2025,R,,iowa,wisconsin,A,37,0,0,,
2025-10-11,2025,R,,wisconsin,iowa,H,0,37,0,,
2025-10-11,2025,R,,james-madison,louisiana,H,24,14,0,,
2025-10-11,2025,R,,louisiana,james-madison,A,14,24,0,,
2025-10-11,2025,R,,kansas-state,texas-christian,H,41,28,0,,
2025-10-11,2025,R,,texas-christian,kansas-state,A,28,41,0,,
2025-10-11,2025,R,,kent-state,massachusetts,H,42,6,0,,
2025-10-11,2025,R,,massachusetts,kent-state,A,6,42,0,,
2025-10-11,2025,R,,louisiana-state,south-carolina,H,20,10,0,11.0,
2025-10-11,2025,R,,south-carolina,louisiana-state,A,10,20,0,,11.0
2025-10-11,2025,R,,marshall,old-dominion,H,48,24,0,,
2025-10-11,2025,R,,old-dominion,marshall,A,24,48,0,,
2025-10-11,2025,R,,miami-oh,akron,A,20,7,0,,
2025-10-11,2025,R,,akron,miami-oh,H,7,20,0,,
2025-10-11,2025,R,,minnesota,purdue,H,27,20,0,,
2025-10-11,2025,R,,purdue,minnesota,A,20,27,0,,
2025-10-11,2025,R,,mississippi,washington-state,H,24,21,0,4.0,
2025-10-11,2025,R,,washington-state,mississippi,A,21,24,0,,4.0
2025-10-11,2025,R,,navy,temple,A,32,31,0,,
2025-10-11,2025,R,,temple,navy,H,31,32,0,,
2025-10-11,2025,R,,nebraska,maryland,A,34,31,0,,
2025-10-11,2025,R,,maryland,nebraska,H,31,34,0,,
2025-10-11,2025,R,,nevada-las-vegas,air-force,H,51,48,0,,
2025-10-11,2025,R,,air-force,nevada-las-vegas,A,48,51,0,,
2025-10-11,2025,R,,northwestern,penn-state,A,22,21,0,,
2025-10-11,2025,R,,penn-state,northwestern,H,21,22,0,,
2025-10-11,2025,R,,notre-dame,north-carolina-state,H,36,7,0,16.0,
2025-10-11,2025,R,,north-carolina-state,notre-dame,A,7,36,0,,16.0
2025-10-11,2025,R,,ohio-state,illinois,A,34,16,0,1.0,17.0
2025-10-11,2025,R,,illinois,ohio-state,H,16,34,0,17.0,1.0
2025-10-11,2025,R,,pittsburgh,florida-state,A,34,31,0,,25.0
2025-10-11,2025,R,,florida-state,pittsburgh,H,31,34,0,25.0,
2025-10-11,2025,R,,san-diego-state,nevada,A,44,10,0,,
2025-10-11,2025,R,,nevada,san-diego-state,H,10,44,0,,
2025-10-11,2025,R,,southern-california,michigan,H,31,13,0,,15.0
2025-10-11,2025,R,,michigan,southern-california,A,13,31,0,15.0,
2025-10-11,2025,R,,southern-methodist,stanford,H,34,10,0,,
2025-10-11,2025,R,,stanford,southern-methodist,A,10,34,0,,
2025-10-11,2025,R,,tennessee,arkansas,H,34,31,0,12.0,
2025-10-11,2025,R,,arkansas,tennessee,A,31,34,0,,12.0
2025-10-11,2025,R,,texas,oklahoma,N,23,6,0,,6.0
2025-10-11,2025,R,,oklahoma,texas,N,6,23,0,6.0,
2025-10-11,2025,R,,texas-a-m,florida,H,34,17,0,5.0,
2025-10-11,2025,R,,florida,texas-a-m,A,17,34,0,,5.0
2025-10-11,2025,R,,texas-tech,kansas,H,42,17,0,9.0,
2025-10-11,2025,R,,kansas,texas-tech,A,17,42,0,,9.0
2025-10-11,2025,R,,texas-san-antonio,rice,H,61,13,0,,
2025-10-11,2025,R,,rice,texas-san-antonio,A,13,61,0,,
2025-10-11,2025,R,,troy,texas-state,A,48,41,0,,
2025-10-11,2025,R,,texas-state,troy,H,41,48,0,,
2025-10-11,2025,R,,ucla,michigan-state,A,38,13,0,,
2025-10-11,2025,R,,michigan-state,ucla,H,13,38,0,,
2025-10-11,2025,R,,utah,arizona-state,H,42,10,0,,21.0
2025-10-11,2025,R,,arizona-state,utah,A,10,42,0,21.0,
2025-10-11,2025,R,,wake-forest,oregon-state,A,39,14,0,,
2025-10-11,2025,R,,oregon-state,wake-forest,H,14,39,0,,
2025-10-11,2025,R,,western-michigan,ball-state,H,42,0,0,,
2025-10-11,2025,R,,ball-state,western-michigan,A,0,42,0,,
2025-10-11,2025,R,,wyoming,san-jose-state,H,35,28,0,,
2025-10-11,2025,R,,san-jose-state,wyoming,A,28,35,0,,
2025-10-12,2025,R,,hawaii,utah-state,H,44,26,0,,
2025-10-12,2025,R,,utah-state,hawaii,A,26,44,0,,
2025-10-14,2025,R,,arkansas-state,south-alabama,A,15,14,0,,
2025-10-14,2025,R,,south-alabama,arkansas-state,H,14,15,0,,
2025-10-14,2025,R,,florida-international,western-kentucky,A,25,6,0,,
2025-10-14,2025,R,,western-kentucky,florida-international,H,6,25,0,,
2025-10-14,2025,R,,liberty,new-mexico-state,H,30,27,0,,
2025-10-14,2025,R,,new-mexico-state,liberty,A,27,30,0,,
2025-10-15,2025,R,,jacksonville-state,delaware,H,38,25,0,,
2025-10-15,2025,R,,delaware,jacksonville-state,A,25,38,0,,
2025-10-15,2025,R,,texas-el-paso,sam-houston,A,35,17,0,,
2025-10-15,2025,R,,sam-houston,texas-el-paso,H,17,35,0,,
2025-10-16,2025,R,,east-carolina,tulsa,H,41,27,0,,
2025-10-16,2025,R,,tulsa,east-carolina,A,27,41,0,,
2025-10-17,2025,R,,california,north-carolina,H,21,18,0,,
2025-10-17,2025,R,,north-carolina,california,A,18,21,0,,
2025-10-17,2025,R,,louisville,miami-fl,A,24,21,0,,2.0
2025-10-17,2025,R,,miami-fl,louisville,H,21,24,0,2.0,
2025-10-17,2025,R,,minnesota,nebraska,H,24,6,0,,25.0
2025-10-17,2025,R,,nebraska,minnesota,A,6,24,0,25.0,
2025-10-17,2025,R,,utah-state,san-jose-state,H,30,25,0,,
2025-10-17,2025,R,,san-jose-state,utah-state,A,25,30,0,,
2025-10-18,2025,R,,air-force,wyoming,H,24,21,0,,
2025-10-18,2025,R,,wyoming,air-force,A,21,24,0,,
2025-10-18,2025,R,,alabama,tennessee,H,37,20,0,6.0,11.0
2025-10-18,2025,R,,tennessee,alabama,A,20,37,0,11.0,6.0
2025-10-18,2025,R,,alabama-birmingham,memphis,H,31,24,0,,22.0
2025-10-18,2025,R,,memphis,alabama-birmingham,A,24,31,0,22.0,
2025-10-18,2025,R,,arizona-state,texas-tech,H,26,22,0,,7.0
2025-10-18,2025,R,,texas-tech,arizona-state,A,22,26,0,7.0,
2025-10-18,2025,R,,ball-state,akron,H,42,28,0,,
2025-10-18,2025,R,,akron,ball-state,A,28,42,0,,
2025-10-18,2025,R,,boise-state,nevada-las-vegas,H,56,31,0,,
2025-10-18,2025,R,,nevada-las-vegas,boise-state,A,31,56,0,,
2025-10-18,2025,R,,brigham-young,utah,H,24,21,0,15.0,23.0
2025-10-18,2025,R,,utah,brigham-young,A,21,24,0,23.0,15.0
2025-10-18,2025,R,,buffalo,massachusetts,A,28,21,0,,
2025-10-18,2025,R,,massachusetts,buffalo,H,21,28,0,,
2025-10-18,2025,R,,central-florida,west-virginia,H,45,13,0,,
2025-10-18,2025,R,,west-virginia,central-florida,A,13,45,0,,
2025-10-18,2025,R,,central-michigan,bowling-green,A,27,6,0,,
2025-10-18,2025,R,,bowling-green,central-michigan,H,6,27,0,,
2025-10-18,2025,R,,cincinnati,oklahoma-state,A,49,17,0,24.0,
2025-10-18,2025,R,,oklahoma-state,cincinnati,H,17,49,0,,24.0
2025-10-18,2025,R,,coastal-carolina,appalachian-state,A,45,37,0,,
2025-10-18,2025,R,,appalachian-state,coastal-carolina,H,37,45,0,,
2025-10-18,2025,R,,connecticut,boston-college,A,38,23,0,,
2025-10-18,2025,R,,boston-college,connecticut,H,23,38,0,,
2025-10-18,2025,R,,florida,mississippi-state,H,23,21,0,,
2025-10-18,2025,R,,mississippi-state,florida,A,21,23,0,,
2025-10-18,2025,R,,georgia,mississippi,H,43,35,0,9.0,5.0
2025-10-18,2025,R,,mississippi,georgia,A,35,43,0,5.0,9.0
2025-10-18,2025,R,,georgia-southern,georgia-state,H,41,24,0,,
2025-10-18,2025,R,,georgia-state,georgia-southern,A,24,41,0,,
2025-10-18,2025,R,,georgia-tech,duke,A,27,18,0,12.0,
2025-10-18,2025,R,,duke,georgia-tech,H,18,27,0,,12.0
2025-10-18,2025,R,,hawaii,colorado-state,A,31,19,0,,
2025-10-18,2025,R,,colorado-state,hawaii,H,19,31,0,,
2025-10-18,2025,R,,houston,arizona,H,31,28,0,,
2025-10-18,2025,R,,arizona,houston,A,28,31,0,,
2025-10-18,2025,R,,indiana,michigan-state,H,38,13,0,3.0,
2025-10-18,2025,R,,michigan-state,indiana,A,13,38,0,,3.0
2025-10-18,2025,R,,iowa,penn-state,H,25,24,0,,
2025-10-18,2025,R,,penn-state,iowa,A,24,25,0,,
2025-10-18,2025,R,,james-madison,old-dominion,H,63,27,0,,
2025-10-18,2025,R,,old-dominion,james-madison,A,27,63,0,,
2025-10-18,2025,R,,marshall,texas-state,H,40,37,0,,
2025-10-18,2025,R,,texas-state,marshall,A,37,40,0,,
2025-10-18,2025,R,,miami-oh,eastern-michigan,H,44,30,0,,
2025-10-18,2025,R,,eastern-michigan,miami-oh,A,30,44,0,,
2025-10-18,2025,R,,michigan,washington,H,24,7,0,,
2025-10-18,2025,R,,washington,michigan,A,7,24,0,,
2025-10-18,2025,R,,missouri,auburn,A,23,17,0,16.0,
2025-10-18,2025,R,,auburn,missouri,H,17,23,0,,16.0
2025-10-18,2025,R,,new-mexico,nevada,H,24,22,0,,
2025-10-18,2025,R,,nevada,new-mexico,A,22,24,0,,
2025-10-18,2025,R,,north-texas,texas-san-antonio,H,55,17,0,,
2025-10-18,2025,R,,texas-san-antonio,north-texas,A,17,55,0,,
2025-10-18,2025,R,,northwestern,purdue,H,19,0,0,,
2025-10-18,2025,R,,purdue,northwestern,A,0,19,0,,
2025-10-18,2025,R,,notre-dame,southern-california,H,34,24,0,13.0,20.0
2025-10-18,2025,R,,southern-california,notre-dame,A,24,34,0,20.0,13.0
2025-10-18,2025,R,,ohio,northern-illinois,H,48,21,0,,
2025-10-18,2025,R,,northern-illinois,ohio,A,21,48,0,,
2025-10-18,2025,R,,ohio-state,wisconsin,A,34,0,0,1.0,
2025-10-18,2025,R,,wisconsin,ohio-state,H,0,34,0,,1.0
2025-10-18,2025,R,,oklahoma,south-carolina,A,26,7,0,14.0,
2025-10-18,2025,R,,south-carolina,oklahoma,H,7,26,0,,14.0
2025-10-18,2025,R,,oregon,rutgers,A,56,10,0,8.0,
2025-10-18,2025,R,,rutgers,oregon,H,10,56,0,,8.0
2025-10-18,2025,R,,oregon-state,lafayette,H,45,13,0,,
2025-10-18,2025,R,,lafayette,oregon-state,A,13,45,0,,
2025-10-18,2025,R,,pittsburgh,syracuse,A,30,13,0,,
2025-10-18,2025,R,,syracuse,pittsburgh,H,13,30,0,,
2025-10-18,2025,R,,south-florida,florida-atlantic,H,48,13,0,19.0,
2025-10-18,2025,R,,florida-atlantic,south-florida,A,13,48,0,,19.0
2025-10-18,2025,R,,southern-methodist,clemson,A,35,24,0,,
2025-10-18,2025,R,,clemson,southern-methodist,H,24,35,0,,
2025-10-18,2025,R,,southern-mississippi,louisiana,A,22,10,0,,
2025-10-18,2025,R,,louisiana,southern-mississippi,H,10,22,0,,
2025-10-18,2025,R,,stanford,florida-state,H,20,13,0,,
2025-10-18,2025,R,,florida-state,stanford,A,13,20,0,,
2025-10-18,2025,R,,temple,charlotte,A,49,14,0,,
2025-10-18,2025,R,,charlotte,temple,H,14,49,0,,
2025-10-18,2025,R,,texas,kentucky,A,16,13,0,21.0,
2025-10-18,2025,R,,kentucky,texas,H,13,16,0,,21.0
2025-10-18,2025,R,,texas-a-m,arkansas,A,45,42,0,4.0,
2025-10-18,2025,R,,arkansas,texas-a-m,H,42,45,0,,4.0
2025-10-18,2025,R,,texas-christian,baylor,H,42,36,0,,
2025-10-18,2025,R,,baylor,texas-christian,A,36,42,0,,
2025-10-18,2025,R,,toledo,kent-state,H,45,10,0,,
2025-10-18,2025,R,,kent-state,toledo,A,10,45,0,,
2025-10-18,2025,R,,troy,louisiana-monroe,A,37,14,0,,
2025-10-18,2025,R,,louisiana-monroe,troy,H,14,37,0,,
2025-10-18,2025,R,,tulane,army,H,24,17,0,,
2025-10-18,2025,R,,army,tulane,A,17,24,0,,
2025-10-18,2025,R,,ucla,maryland,H,20,17,0,,
2025-10-18,2025,R,,maryland,ucla,A,17,20,0,,
2025-10-18,2025,R,,vanderbilt,louisiana-state,H,31,24,0,17.0,10.0
2025-10-18,2025,R,,louisiana-state,vanderbilt,A,24,31,0,10.0,17.0
2025-10-18,2025,R,,virginia,washington-state,H,22,20,0,18.0,
2025-10-18,2025,R,,washington-state,virginia,A,20,22,0,,18.0
2025-10-21,2025,R,,kennesaw-state,florida-international,A,45,26,0,,
2025-10-21,2025,R,,florida-international,kennesaw-state,H,26,45,0,,
2025-10-21,2025,R,,western-kentucky,louisiana-tech,A,28,27,0,,
2025-10-21,2025,R,,louisiana-tech,western-kentucky,H,27,28,0,,
2025-10-22,2025,R,,delaware,middle-tennessee-state,H,31,28,0,,
2025-10-22,2025,R,,middle-tennessee-state,delaware,A,28,31,0,,
2025-10-22,2025,R,,missouri-state,new-mexico-state,A,24,17,0,,
2025-10-22,2025,R,,new-mexico-state,missouri-state,H,17,24,0,,
2025-10-23,2025,R,,south-alabama,georgia-state,A,38,31,0,,
2025-10-23,2025,R,,georgia-state,south-alabama,H,31,38,0,,
2025-10-24,2025,R,,boise-state,nevada,A,24,3,0,,
2025-10-24,2025,R,,nevada,boise-state,H,3,24,0,,
2025-10-24,2025,R,,north-texas,charlotte,A,54,20,0,,
2025-10-24,2025,R,,charlotte,north-texas,H,20,54,0,,
2025-10-24,2025,R,,virginia-tech,california,H,42,34,0,,
2025-10-24,2025,R,,california,virginia-tech,A,34,42,0,,
2025-10-25,2025,R,,akron,buffalo,A,24,16,0,,
2025-10-25,2025,R,,buffalo,akron,H,16,24,0,,
2025-10-25,2025,R,,alabama,south-carolina,A,29,22,0,4.0,
2025-10-25,2025,R,,south-carolina,alabama,H,22,29,0,,4.0
2025-10-25,2025,R,,arkansas-state,georgia-southern,H,34,24,0,,
2025-10-25,2025,R,,georgia-southern,arkansas-state,A,24,34,0,,
2025-10-25,2025,R,,auburn,arkansas,A,33,24,0,,
2025-10-25,2025,R,,arkansas,auburn,H,24,33,0,,
2025-10-25,2025,R,,brigham-young,iowa-state,A,41,27,0,11.0,
2025-10-25,2025,R,,iowa-state,brigham-young,H,27,41,0,,11.0
2025-10-25,2025,R,,central-michigan,massachusetts,H,38,13,0,,
2025-10-25,2025,R,,massachusetts,central-michigan,A,13,38,0,,
2025-10-25,2025,R,,cincinnati,baylor,H,41,20,0,21.0,
2025-10-25,2025,R,,baylor,cincinnati,A,20,41,0,,21.0
2025-10-25,2025,R,,georgia-tech,syracuse,H,41,16,0,7.0,
2025-10-25,2025,R,,syracuse,georgia-tech,A,16,41,0,,7.0
2025-10-25,2025,R,,houston,arizona-state,A,24,16,0,,24.0
2025-10-25,2025,R,,arizona-state,houston,H,16,24,0,24.0,
2025-10-25,2025,R,,indiana,ucla,H,56,6,0,2.0,
2025-10-25,2025,R,,ucla,indiana,A,6,56,0,,2.0
2025-10-25,2025,R,,iowa,minnesota,H,41,3,0,,
2025-10-25,2025,R,,minnesota,iowa,A,3,41,0,,
2025-10-25,2025,R,,kansas-state,kansas,A,42,17,0,,
2025-10-25,2025,R,,kansas,kansas-state,H,17,42,0,,
2025-10-25,2025,R,,kent-state,bowling-green,H,24,21,0,,
2025-10-25,2025,R,,bowling-green,kent-state,A,21,24,0,,
2025-10-25,2025,R,,louisville,boston-college,H,38,24,0,19.0,
2025-10-25,2025,R,,boston-college,louisville,A,24,38,0,,19.0
2025-10-25,2025,R,,memphis,south-florida,H,34,31,0,,18.0
2025-10-25,2025,R,,south-florida,memphis,A,31,34,0,18.0,
2025-10-25,2025,R,,miami-fl,stanford,H,42,7,0,9.0,
2025-10-25,2025,R,,stanford,miami-fl,A,7,42,0,,9.0
2025-10-25,2025,R,,miami-oh,western-michigan,H,26,17,0,,
2025-10-25,2025,R,,western-michigan,miami-oh,A,17,26,0,,
2025-10-25,2025,R,,michigan,michigan-state,A,31,20,0,25.0,
2025-10-25,2025,R,,michigan-state,michigan,H,20,31,0,,25.0
2025-10-25,2025,R,,mississippi,oklahoma,A,34,26,0,8.0,13.0
2025-10-25,2025,R,,oklahoma,mississippi,H,26,34,0,13.0,8.0
2025-10-25,2025,R,,navy,florida-atlantic,H,42,32,0,,
2025-10-25,2025,R,,florida-atlantic,navy,A,32,42,0,,
2025-10-25,2025,R,,nebraska,northwestern,H,28,21,0,,
2025-10-25,2025,R,,northwestern,nebraska,A,21,28,0,,
2025-10-25,2025,R,,new-mexico,utah-state,H,33,14,0,,
2025-10-25,2025,R,,utah-state,new-mexico,A,14,33,0,,
2025-10-25,2025,R,,northern-illinois,ball-state,H,21,7,0,,
2025-10-25,2025,R,,ball-state,northern-illinois,A,7,21,0,,
2025-10-25,2025,R,,ohio,eastern-michigan,A,28,21,0,,
2025-10-25,2025,R,,eastern-michigan,ohio,H,21,28,0,,
2025-10-25,2025,R,,old-dominion,appalachian-state,H,24,21,0,,
2025-10-25,2025,R,,appalachian-state,old-dominion,A,21,24,0,,
2025-10-25,2025,R,,oregon,wisconsin,H,21,7,0,6.0,
2025-10-25,2025,R,,wisconsin,oregon,A,7,21,0,,6.0
2025-10-25,2025,R,,pittsburgh,north-carolina-state,H,53,34,0,,
2025-10-25,2025,R,,north-carolina-state,pittsburgh,A,34,53,0,,
2025-10-25,2025,R,,rice,connecticut,H,37,34,0,,
2025-10-25,2025,R,,connecticut,rice,A,34,37,0,,
2025-10-25,2025,R,,rutgers,purdue,A,27,24,0,,
2025-10-25,2025,R,,purdue,rutgers,H,24,27,0,,
2025-10-25,2025,R,,san-diego-state,fresno-state,A,23,0,0,,
2025-10-25,2025,R,,fresno-state,san-diego-state,H,0,23,0,,
2025-10-25,2025,R,,southern-mississippi,louisiana-monroe,H,49,21,0,,
2025-10-25,2025,R,,louisiana-monroe,southern-mississippi,A,21,49,0,,
2025-10-25,2025,R,,temple,tulsa,A,38,37,0,,
2025-10-25,2025,R,,tulsa,temple,H,37,38,0,,
2025-10-25,2025,R,,tennessee,kentucky,A,56,34,0,17.0,
2025-10-25,2025,R,,kentucky,tennessee,H,34,56,0,,17.0
2025-10-25,2025,R,,texas,mississippi-state,A,45,38,0,22.0,
2025-10-25,2025,R,,mississippi-state,texas,H,38,45,0,,22.0
2025-10-25,2025,R,,texas-a-m,louisiana-state,A,49,25,0,3.0,20.0
2025-10-25,2025,R,,louisiana-state,texas-a-m,H,25,49,0,20.0,3.0
2025-10-25,2025,R,,texas-christian,west-virginia,A,23,17,0,,
2025-10-25,2025,R,,west-virginia,texas-christian,H,17,23,0,,
2025-10-25,2025,R,,texas-tech,oklahoma-state,H,42,0,0,14.0,
2025-10-25,2025,R,,oklahoma-state,texas-tech,A,0,42,0,,14.0
2025-10-25,2025,R,,troy,louisiana,H,35,23,0,,
2025-10-25,2025,R,,louisiana,troy,A,23,35,0,,
2025-10-25,2025,R,,utah,colorado,H,53,7,0,,
2025-10-25,2025,R,,colorado,utah,A,7,53,0,,
2025-10-25,2025,R,,vanderbilt,missouri,H,17,10,0,10.0,15.0
2025-10-25,2025,R,,missouri,vanderbilt,A,10,17,0,15.0,10.0
2025-10-25,2025,R,,virginia,north-carolina,A,17,16,0,16.0,
2025-10-25,2025,R,,north-carolina,virginia,H,16,17,0,,16.0
2025-10-25,2025,R,,wake-forest,southern-methodist,H,13,12,0,,
2025-10-25,2025,R,,southern-methodist,wake-forest,A,12,13,0,,
2025-10-25,2025,R,,washington,illinois,H,42,25,0,,23.0
2025-10-25,2025,R,,illinois,washington,A,25,42,0,23.0,
2025-10-25,2025,R,,washington-state,toledo,H,28,7,0,,
2025-10-25,2025,R,,toledo,washington-state,A,7,28,0,,
2025-10-25,2025,R,,wyoming,colorado-state,H,28,0,0,,
2025-10-25,2025,R,,colorado-state,wyoming,A,0,28,0,,
2025-10-28,2025,R,,james-madison,texas-state,A,52,20,0,,
2025-10-28,2025,R,,texas-state,james-madison,H,20,52,0,,
2025-10-28,2025,R,,kennesaw-state,texas-el-paso,H,33,20,0,,
2025-10-28,2025,R,,texas-el-paso,kennesaw-state,A,20,33,0,,
2025-10-29,2025,R,,jacksonville-state,middle-tennessee-state,A,24,21,0,,
2025-10-29,2025,R,,middle-tennessee-state,jacksonville-state,H,21,24,0,,
2025-10-29,2025,R,,missouri-state,florida-international,H,28,21,0,,
2025-10-29,2025,R,,florida-international,missouri-state,A,21,28,0,,
2025-10-30,2025,R,,coastal-carolina,marshall,H,44,27,0,,
2025-10-30,2025,R,,marshall,coastal-carolina,A,27,44,0,,
2025-10-30,2025,R,,texas-san-antonio,tulane,H,48,26,0,,
2025-10-30,2025,R,,tulane,texas-san-antonio,A,26,48,0,,
2025-10-31,2025,R,,louisiana-tech,sam-houston,H,55,14,0,,
2025-10-31,2025,R,,sam-houston,louisiana-tech,A,14,55,0,,
2025-10-31,2025,R,,memphis,rice,A,38,14,0,25.0,
2025-10-31,2025,R,,rice,memphis,H,14,38,0,,25.0
2025-10-31,2025,R,,north-carolina,syracuse,A,27,10,0,,
2025-10-31,2025,R,,syracuse,north-carolina,H,10,27,0,,
2025-11-01,2025,R,,arizona,colorado,A,52,17,0,,
2025-11-01,2025,R,,colorado,arizona,H,17,52,0,,
2025-11-01,2025,R,,arizona-state,iowa-state,A,24,19,0,,
2025-11-01,2025,R,,iowa-state,arizona-state,H,19,24,0,,
2025-11-01,2025,R,,arkansas-state,troy,A,23,10,0,,
2025-11-01,2025,R,,troy,arkansas-state,H,10,23,0,,
2025-11-01,2025,R,,army,air-force,A,20,17,0,,
2025-11-01,2025,R,,air-force,army,H,17,20,0,,
2025-11-01,2025,R,,baylor,central-florida,H,30,3,0,,
2025-11-01,2025,R,,central-florida,baylor,A,3,30,0,,
2025-11-01,2025,R,,buffalo,bowling-green,A,28,3,0,,
2025-11-01,2025,R,,bowling-green,buffalo,H,3,28,0,,
2025-11-01,2025,R,,connecticut,alabama-birmingham,H,38,19,0,,
2025-11-01,2025,R,,alabama-birmingham,connecticut,A,19,38,0,,
2025-11-01,2025,R,,duke,clemson,A,46,45,0,,
2025-11-01,2025,R,,clemson,duke,H,45,46,0,,
2025-11-01,2025,R,,east-carolina,temple,A,45,14,0,,
2025-11-01,2025,R,,temple,east-carolina,H,14,45,0,,
2025-11-01,2025,R,,florida-state,wake-forest,H,42,7,0,,
2025-11-01,2025,R,,wake-forest,florida-state,A,7,42,0,,
2025-11-01,2025,R,,fresno-state,boise-state,A,30,7,0,,
2025-11-01,2025,R,,boise-state,fresno-state,H,7,30,0,,
2025-11-01,2025,R,,georgia,florida,N,24,20,0,5.0,
2025-11-01,2025,R,,florida,georgia,N,20,24,0,,5.0
2025-11-01,2025,R,,illinois,rutgers,H,35,13,0,,
2025-11-01,2025,R,,rutgers,illinois,A,13,35,0,,
2025-11-01,2025,R,,indiana,maryland,A,55,10,0,2.0,
2025-11-01,2025,R,,maryland,indiana,H,10,55,0,,2.0
2025-11-01,2025,R,,kansas,oklahoma-state,H,38,21,0,,
2025-11-01,2025,R,,oklahoma-state,kansas,A,21,38,0,,
2025-11-01,2025,R,,kentucky,auburn,A,10,3,0,,
2025-11-01,2025,R,,auburn,kentucky,H,3,10,0,,
2025-11-01,2025,R,,liberty,delaware,H,59,30,0,,
2025-11-01,2025,R,,delaware,liberty,A,30,59,0,,
2025-11-01,2025,R,,louisiana,south-alabama,A,31,22,0,,
2025-11-01,2025,R,,south-alabama,louisiana,H,22,31,0,,
2025-11-01,2025,R,,louisville,virginia-tech,A,28,16,0,16.0,
2025-11-01,2025,R,,virginia-tech,louisville,H,16,28,0,,16.0
2025-11-01,2025,R,,michigan,purdue,H,21,16,0,21.0,
2025-11-01,2025,R,,purdue,michigan,A,16,21,0,,21.0
2025-11-01,2025,R,,minnesota,michigan-state,H,23,20,0,,
2025-11-01,2025,R,,michigan-state,minnesota,A,20,23,0,,
2025-11-01,2025,R,,mississippi,south-carolina,H,30,14,0,7.0,
2025-11-01,2025,R,,south-carolina,mississippi,A,14,30,0,,7.0
2025-11-01,2025,R,,mississippi-state,arkansas,A,38,35,0,,
2025-11-01,2025,R,,arkansas,mississippi-state,H,35,38,0,,
2025-11-01,2025,R,,new-mexico,nevada-las-vegas,A,40,35,0,,
2025-11-01,2025,R,,nevada-las-vegas,new-mexico,H,35,40,0,,
2025-11-01,2025,R,,north-carolina-state,georgia-tech,H,48,36,0,,8.0
2025-11-01,2025,R,,georgia-tech,north-carolina-state,A,36,48,0,8.0,
2025-11-01,2025,R,,north-texas,navy,H,31,17,0,,
2025-11-01,2025,R,,navy,north-texas,A,17,31,0,,
2025-11-01,2025,R,,notre-dame,boston-college,A,25,10,0,12.0,
2025-11-01,2025,R,,boston-college,notre-dame,H,10,25,0,,12.0
2025-11-01,2025,R,,ohio-state,penn-state,H,38,14,0,1.0,
2025-11-01,2025,R,,penn-state,ohio-state,A,14,38,0,,1.0
2025-11-01,2025,R,,oklahoma,tennessee,A,33,27,0,18.0,14.0
2025-11-01,2025,R,,tennessee,oklahoma,H,27,33,0,14.0,18.0
2025-11-01,2025,R,,old-dominion,louisiana-monroe,A,31,6,0,,
2025-11-01,2025,R,,louisiana-monroe,old-dominion,H,6,31,0,,
2025-11-01,2025,R,,oregon-state,washington-state,H,10,7,0,,
2025-11-01,2025,R,,washington-state,oregon-state,A,7,10,0,,
2025-11-01,2025,R,,pittsburgh,stanford,A,35,20,0,,
2025-11-01,2025,R,,stanford,pittsburgh,H,20,35,0,,
2025-11-01,2025,R,,san-diego-state,wyoming,H,24,7,0,,
2025-11-01,2025,R,,wyoming,san-diego-state,A,7,24,0,,
2025-11-01,2025,R,,san-jose-state,hawaii,H,45,38,0,,
2025-11-01,2025,R,,hawaii,san-jose-state,A,38,45,0,,
2025-11-01,2025,R,,southern-california,nebraska,A,21,17,0,23.0,
2025-11-01,2025,R,,nebraska,southern-california,H,17,21,0,,23.0
2025-11-01,2025,R,,southern-methodist,miami-fl,H,26,20,0,,10.0
2025-11-01,2025,R,,miami-fl,southern-methodist,A,20,26,0,10.0,
2025-11-01,2025,R,,texas,vanderbilt,H,34,31,0,20.0,9.0
2025-11-01,2025,R,,vanderbilt,texas,A,31,34,0,9.0,20.0
2025-11-01,2025,R,,texas-tech,kansas-state,A,43,20,0,13.0,
2025-11-01,2025,R,,kansas-state,texas-tech,H,20,43,0,,13.0
2025-11-01,2025,R,,utah,cincinnati,H,45,14,0,24.0,17.0
2025-11-01,2025,R,,cincinnati,utah,A,14,45,0,17.0,24.0
2025-11-01,2025,R,,virginia,california,A,31,21,0,15.0,
2025-11-01,2025,R,,california,virginia,H,21,31,0,,15.0
2025-11-01,2025,R,,west-virginia,houston,A,45,35,0,,22.0
2025-11-01,2025,R,,houston,west-virginia,H,35,45,0,22.0,
2025-11-01,2025,R,,western-kentucky,new-mexico-state,H,35,16,0,,
2025-11-01,2025,R,,new-mexico-state,western-kentucky,A,16,35,0,,
2025-11-01,2025,R,,western-michigan,central-michigan,H,24,21,0,,
2025-11-01,2025,R,,central-michigan,western-michigan,A,21,24,0,,
2025-11-04,2025,R,,akron,massachusetts,H,44,10,0,,
2025-11-04,2025,R,,massachusetts,akron,A,10,44,0,,
2025-11-04,2025,R,,ohio,miami-oh,H,24,20,0,,
2025-11-04,2025,R,,miami-oh,ohio,A,20,24,0,,
2025-11-05,2025,R,,ball-state,kent-state,H,17,13,0,,
2025-11-05,2025,R,,kent-state,ball-state,A,13,17,0,,
2025-11-05,2025,R,,toledo,northern-illinois,H,42,3,0,,
2025-11-05,2025,R,,northern-illinois,toledo,A,3,42,0,,
2025-11-06,2025,R,,georgia-southern,appalachian-state,A,25,23,0,,
2025-11-06,2025,R,,appalachian-state,georgia-southern,H,23,25,0,,
2025-11-06,2025,R,,south-florida,texas-san-antonio,H,55,23,0,,
2025-11-06,2025,R,,texas-san-antonio,south-florida,A,23,55,0,,
2025-11-07,2025,R,,houston,central-florida,A,30,27,0,,
2025-11-07,2025,R,,central-florida,houston,H,27,30,0,,
2025-11-07,2025,R,,southern-california,northwestern,H,38,17,0,20.0,
2025-11-07,2025,R,,northwestern,southern-california,A,17,38,0,,20.0
2025-11-07,2025,R,,tulane,memphis,A,38,32,0,,22.0
2025-11-07,2025,R,,memphis,tulane,H,32,38,0,22.0,
2025-11-08,2025,R,,air-force,san-jose-state,A,26,16,0,,
2025-11-08,2025,R,,san-jose-state,air-force,H,16,26,0,,
2025-11-08,2025,R,,alabama,louisiana-state,H,20,9,0,4.0,
2025-11-08,2025,R,,louisiana-state,alabama,A,9,20,0,,4.0
2025-11-08,2025,R,,arizona,kansas,H,24,20,0,,
2025-11-08,2025,R,,kansas,arizona,A,20,24,0,,
2025-11-08,2025,R,,army,temple,H,14,13,0,,
2025-11-08,2025,R,,temple,army,A,13,14,0,,
2025-11-08,2025,R,,california,louisville,A,29,26,0,,14.0
2025-11-08,2025,R,,louisville,california,H,26,29,0,14.0,
2025-11-08,2025,R,,clemson,florida-state,H,24,10,0,,
2025-11-08,2025,R,,florida-state,clemson,A,10,24,0,,
2025-11-08,2025,R,,coastal-carolina,georgia-state,H,40,27,0,,
2025-11-08,2025,R,,georgia-state,coastal-carolina,A,27,40,0,,
2025-11-08,2025,R,,connecticut,duke,H,37,34,0,,
2025-11-08,2025,R,,duke,connecticut,A,34,37,0,,
2025-11-08,2025,R,,delaware,louisiana-tech,H,25,24,0,,
2025-11-08,2025,R,,louisiana-tech,delaware,A,24,25,0,,
2025-11-08,2025,R,,east-carolina,charlotte,H,48,22,0,,
2025-11-08,2025,R,,charlotte,east-carolina,A,22,48,0,,
2025-11-08,2025,R,,eastern-michigan,bowling-green,H,27,21,0,,
2025-11-08,2025,R,,bowling-green,eastern-michigan,A,21,27,0,,
2025-11-08,2025,R,,florida-atlantic,tulsa,H,40,21,0,,
2025-11-08,2025,R,,tulsa,florida-atlantic,A,21,40,0,,
2025-11-08,2025,R,,florida-international,middle-tennessee-state,A,56,30,0,,
2025-11-08,2025,R,,middle-tennessee-state,florida-international,H,30,56,0,,
2025-11-08,2025,R,,georgia,mississippi-state,A,41,21,0,5.0,
2025-11-08,2025,R,,mississippi-state,georgia,H,21,41,0,,5.0
2025-11-08,2025,R,,hawaii,san-diego-state,H,38,6,0,,
2025-11-08,2025,R,,san-diego-state,hawaii,A,6,38,0,,
2025-11-08,2025,R,,indiana,penn-state,A,27,24,0,2.0,
2025-11-08,2025,R,,penn-state,indiana,H,24,27,0,,2.0
2025-11-08,2025,R,,iowa-state,texas-christian,A,20,17,0,,
2025-11-08,2025,R,,texas-christian,iowa-state,H,17,20,0,,
2025-11-08,2025,R,,jacksonville-state,texas-el-paso,A,30,27,0,,
2025-11-08,2025,R,,texas-el-paso,jacksonville-state,H,27,30,0,,
2025-11-08,2025,R,,james-madison,marshall,A,35,23,0,,
2025-11-08,2025,R,,marshall,james-madison,H,23,35,0,,
2025-11-08,2025,R,,kennesaw-state,new-mexico-state,A,24,21,0,,
2025-11-08,2025,R,,new-mexico-state,kennesaw-state,H,21,24,0,,
2025-11-08,2025,R,,kentucky,florida,H,38,7,0,,
2025-11-08,2025,R,,florida,kentucky,A,7,38,0,,
2025-11-08,2025,R,,louisiana,texas-state,H,42,39,0,,
2025-11-08,2025,R,,texas-state,louisiana,A,39,42,0,,
2025-11-08,2025,R,,miami-fl,syracuse,H,38,10,0,18.0,
2025-11-08,2025,R,,syracuse,miami-fl,A,10,38,0,,18.0
2025-11-08,2025,R,,mississippi,citadel,H,49,0,0,7.0,
2025-11-08,2025,R,,citadel,mississippi,A,0,49,0,,7.0
2025-11-08,2025,R,,missouri-state,liberty,A,21,17,0,,
2025-11-08,2025,R,,liberty,missouri-state,H,17,21,0,,
2025-11-08,2025,R,,nebraska,ucla,A,28,21,0,,
2025-11-08,2025,R,,ucla,nebraska,H,21,28,0,,
2025-11-08,2025,R,,nevada-las-vegas,colorado-state,A,42,10,0,,
2025-11-08,2025,R,,colorado-state,nevada-las-vegas,H,10,42,0,,
2025-11-08,2025,R,,north-carolina,stanford,H,20,15,0,,
2025-11-08,2025,R,,stanford,north-carolina,A,15,20,0,,
2025-11-08,2025,R,,notre-dame,navy,H,49,10,0,10.0,
2025-11-08,2025,R,,navy,notre-dame,A,10,49,0,,10.0
2025-11-08,2025,R,,ohio-state,purdue,A,34,10,0,1.0,
2025-11-08,2025,R,,purdue,ohio-state,H,10,34,0,,1.0
2025-11-08,2025,R,,oregon,iowa,A,18,16,0,6.0,
2025-11-08,2025,R,,iowa,oregon,H,16,18,0,,6.0
2025-11-08,2025,R,,rice,alabama-birmingham,H,24,17,0,,
2025-11-08,2025,R,,alabama-birmingham,rice,A,17,24,0,,
2025-11-08,2025,R,,rutgers,maryland,H,35,20,0,,
2025-11-08,2025,R,,maryland,rutgers,A,20,35,0,,
2025-11-08,2025,R,,sam-houston,oregon-state,A,21,17,0,,
2025-11-08,2025,R,,oregon-state,sam-houston,H,17,21,0,,
2025-11-08,2025,R,,southern-methodist,boston-college,A,45,13,0,,
2025-11-08,2025,R,,boston-college,southern-methodist,H,13,45,0,,
2025-11-08,2025,R,,southern-mississippi,arkansas-state,A,27,21,0,,
2025-11-08,2025,R,,arkansas-state,southern-mississippi,H,21,27,0,,
2025-11-08,2025,R,,texas-a-m,missouri,A,38,17,0,3.0,19.0
2025-11-08,2025,R,,missouri,texas-a-m,H,17,38,0,19.0,3.0
2025-11-08,2025,R,,texas-tech,brigham-young,H,29,7,0,9.0,8.0
2025-11-08,2025,R,,brigham-young,texas-tech,A,7,29,0,8.0,9.0
2025-11-08,2025,R,,utah-state,nevada,H,51,14,0,,
2025-11-08,2025,R,,nevada,utah-state,A,14,51,0,,
2025-11-08,2025,R,,vanderbilt,auburn,H,45,38,0,15.0,
2025-11-08,2025,R,,auburn,vanderbilt,A,38,45,0,,15.0
2025-11-08,2025,R,,wake-forest,virginia,A,16,9,0,,12.0
2025-11-08,2025,R,,virginia,wake-forest,H,9,16,0,12.0,
2025-11-08,2025,R,,west-virginia,colorado,H,29,22,0,,
2025-11-08,2025,R,,colorado,west-virginia,A,22,29,0,,
2025-11-08,2025,R,,wisconsin,washington,H,13,10,0,,24.0
2025-11-08,2025,R,,washington,wisconsin,A,10,13,0,24.0,
2025-11-11,2025,R,,kent-state,akron,A,42,35,0,,
2025-11-11,2025,R,,akron,kent-state,H,35,42,0,,
2025-11-11,2025,R,,western-michigan,ohio,H,17,13,0,,
2025-11-11,2025,R,,ohio,western-michigan,A,13,17,0,,
2025-11-12,2025,R,,central-michigan,buffalo,H,38,19,0,,
2025-11-12,2025,R,,buffalo,central-michigan,A,19,38,0,,
2025-11-12,2025,R,,northern-illinois,massachusetts,A,45,3,0,,
2025-11-12,2025,R,,massachusetts,northern-illinois,H,3,45,0,,
2025-11-12,2025,R,,toledo,miami-oh,A,24,3,0,,
2025-11-12,2025,R,,miami-oh,toledo,H,3,24,0,,
2025-11-13,2025,R,,old-dominion,troy,H,33,0,0,,
2025-11-13,2025,R,,troy,old-dominion,A,0,33,0,,
2025-11-14,2025,R,,clemson,louisville,A,20,19,0,,19.0
2025-11-14,2025,R,,louisville,clemson,H,19,20,0,19.0,
2025-11-14,2025,R,,oregon,minnesota,H,42,13,0,7.0,
2025-11-14,2025,R,,minnesota,oregon,A,13,42,0,,7.0
2025-11-15,2025,R,,arizona,cincinnati,A,30,24,0,,22.0
2025-11-15,2025,R,,cincinnati,arizona,H,24,30,0,22.0,
2025-11-15,2025,R,,arizona-state,west-virginia,H,25,23,0,,
2025-11-15,2025,R,,west-virginia,arizona-state,A,23,25,0,,
2025-11-15,2025,R,,brigham-young,texas-christian,H,44,13,0,12.0,
2025-11-15,2025,R,,texas-christian,brigham-young,A,13,44,0,,12.0
2025-11-15,2025,R,,connecticut,air-force,H,26,16,0,,
2025-11-15,2025,R,,air-force,connecticut,A,16,26,0,,
2025-11-15,2025,R,,east-carolina,memphis,H,31,27,0,,
2025-11-15,2025,R,,memphis,east-carolina,A,27,31,0,,
2025-11-15,2025,R,,eastern-michigan,ball-state,A,24,9,0,,
2025-11-15,2025,R,,ball-state,eastern-michigan,H,9,24,0,,
2025-11-15,2025,R,,florida-international,liberty,H,34,27,0,,
2025-11-15,2025,R,,liberty,florida-international,A,27,34,0,,
2025-11-15,2025,R,,florida-state,virginia-tech,H,34,14,0,,
2025-11-15,2025,R,,virginia-tech,florida-state,A,14,34,0,,
2025-11-15,2025,R,,fresno-state,wyoming,H,24,3,0,,
2025-11-15,2025,R,,wyoming,fresno-state,A,3,24,0,,
2025-11-15,2025,R,,georgia,texas,H,35,10,0,5.0,10.0
2025-11-15,2025,R,,texas,georgia,A,10,35,0,10.0,5.0
2025-11-15,2025,R,,georgia-southern,coastal-carolina,H,45,40,0,,
2025-11-15,2025,R,,coastal-carolina,georgia-southern,A,40,45,0,,
2025-11-15,2025,R,,georgia-tech,boston-college,A,36,34,0,14.0,
2025-11-15,2025,R,,boston-college,georgia-tech,H,34,36,0,,14.0
2025-11-15,2025,R,,illinois,maryland,H,24,6,0,,
2025-11-15,2025,R,,maryland,illinois,A,6,24,0,,
2025-11-15,2025,R,,indiana,wisconsin,H,31,7,0,2.0,
2025-11-15,2025,R,,wisconsin,indiana,A,7,31,0,,2.0
2025-11-15,2025,R,,jacksonville-state,kennesaw-state,H,35,26,0,,
2025-11-15,2025,R,,kennesaw-state,jacksonville-state,A,26,35,0,,
2025-11-15,2025,R,,james-madison,appalachian-state,H,58,10,0,24.0,
2025-11-15,2025,R,,appalachian-state,james-madison,A,10,58,0,,24.0
2025-11-15,2025,R,,kansas-state,oklahoma-state,A,14,6,0,,
2025-11-15,2025,R,,oklahoma-state,kansas-state,H,6,14,0,,
2025-11-15,2025,R,,kentucky,tennessee-tech,H,42,10,0,,
2025-11-15,2025,R,,tennessee-tech,kentucky,A,10,42,0,,
2025-11-15,2025,R,,louisiana-state,arkansas,H,23,22,0,,
2025-11-15,2025,R,,arkansas,louisiana-state,A,22,23,0,,
2025-11-15,2025,R,,marshall,georgia-state,A,30,18,0,,
2025-11-15,2025,R,,georgia-state,marshall,H,18,30,0,,
2025-11-15,2025,R,,miami-fl,north-carolina-state,H,41,7,0,16.0,
2025-11-15,2025,R,,north-carolina-state,miami-fl,A,7,41,0,,16.0
2025-11-15,2025,R,,michigan,northwestern,A,24,22,0,18.0,
2025-11-15,2025,R,,northwestern,michigan,H,22,24,0,,18.0
2025-11-15,2025,R,,mississippi,florida,H,34,24,0,6.0,
2025-11-15,2025,R,,florida,mississippi,A,24,34,0,,6.0
2025-11-15,2025,R,,missouri,mississippi-state,H,49,27,0,,
2025-11-15,2025,R,,mississippi-state,missouri,A,27,49,0,,
2025-11-15,2025,R,,missouri-state,texas-el-paso,H,38,24,0,,
2025-11-15,2025,R,,texas-el-paso,missouri-state,A,24,38,0,,
2025-11-15,2025,R,,navy,south-florida,H,41,38,0,,25.0
2025-11-15,2025,R,,south-florida,navy,A,38,41,0,25.0,
2025-11-15,2025,R,,nevada,san-jose-state,H,55,10,0,,
2025-11-15,2025,R,,san-jose-state,nevada,A,10,55,0,,
2025-11-15,2025,R,,nevada-las-vegas,utah-state,H,29,26,0,,
2025-11-15,2025,R,,utah-state,nevada-las-vegas,A,26,29,0,,
2025-11-15,2025,R,,new-mexico,colorado-state,H,20,17,0,,
2025-11-15,2025,R,,colorado-state,new-mexico,A,17,20,0,,
2025-11-15,2025,R,,north-texas,alabama-birmingham,A,53,24,0,,
2025-11-15,2025,R,,alabama-birmingham,north-texas,H,24,53,0,,
2025-11-15,2025,R,,notre-dame,pittsburgh,A,37,15,0,9.0,23.0
2025-11-15,2025,R,,pittsburgh,notre-dame,H,15,37,0,23.0,9.0
2025-11-15,2025,R,,ohio-state,ucla,H,48,10,0,1.0,
2025-11-15,2025,R,,ucla,ohio-state,A,10,48,0,,1.0
2025-11-15,2025,R,,oklahoma,alabama,A,23,21,0,11.0,4.0
2025-11-15,2025,R,,alabama,oklahoma,H,21,23,0,4.0,11.0
2025-11-15,2025,R,,penn-state,michigan-state,A,28,10,0,,
2025-11-15,2025,R,,michigan-state,penn-state,H,10,28,0,,
2025-11-15,2025,R,,sam-houston,delaware,H,26,23,0,,
2025-11-15,2025,R,,delaware,sam-houston,A,23,26,0,,
2025-11-15,2025,R,,san-diego-state,boise-state,H,17,7,0,,
2025-11-15,2025,R,,boise-state,san-diego-state,A,7,17,0,,
2025-11-15,2025,R,,south-alabama,louisiana-monroe,A,26,14,0,,
2025-11-15,2025,R,,louisiana-monroe,south-alabama,H,14,26,0,,
2025-11-15,2025,R,,southern-california,iowa,H,26,21,0,17.0,
2025-11-15,2025,R,,iowa,southern-california,A,21,26,0,,17.0
2025-11-15,2025,R,,tennessee,new-mexico-state,H,42,9,0,21.0,
2025-11-15,2025,R,,new-mexico-state,tennessee,A,9,42,0,,21.0
2025-11-15,2025,R,,texas-a-m,south-carolina,H,31,30,0,3.0,
2025-11-15,2025,R,,south-carolina,texas-a-m,A,30,31,0,,3.0
2025-11-15,2025,R,,texas-state,southern-mississippi,A,41,14,0,,
2025-11-15,2025,R,,southern-mississippi,texas-state,H,14,41,0,,
2025-11-15,2025,R,,texas-tech,central-florida,H,48,9,0,8.0,
2025-11-15,2025,R,,central-florida,texas-tech,A,9,48,0,,8.0
2025-11-15,2025,R,,texas-san-antonio,charlotte,A,28,7,0,,
2025-11-15,2025,R,,charlotte,texas-san-antonio,H,7,28,0,,
2025-11-15,2025,R,,tulane,florida-atlantic,H,35,24,0,,
2025-11-15,2025,R,,florida-atlantic,tulane,A,24,35,0,,
2025-11-15,2025,R,,tulsa,oregon-state,H,31,14,0,,
2025-11-15,2025,R,,oregon-state,tulsa,A,14,31,0,,
2025-11-15,2025,R,,utah,baylor,A,55,28,0,15.0,
2025-11-15,2025,R,,baylor,utah,H,28,55,0,,15.0
2025-11-15,2025,R,,virginia,duke,A,34,17,0,20.0,
2025-11-15,2025,R,,duke,virginia,H,17,34,0,,20.0
2025-11-15,2025,R,,wake-forest,north-carolina,H,28,12,0,,
2025-11-15,2025,R,,north-carolina,wake-forest,A,12,28,0,,
2025-11-15,2025,R,,washington,purdue,H,49,13,0,,
2025-11-15,2025,R,,purdue,washington,A,13,49,0,,
2025-11-15,2025,R,,washington-state,louisiana-tech,H,28,3,0,,
2025-11-15,2025,R,,louisiana-tech,washington-state,A,3,28,0,,
2025-11-15,2025,R,,western-kentucky,middle-tennessee-state,H,42,26,0,,
2025-11-15,2025,R,,middle-tennessee-state,western-kentucky,A,26,42,0,,
2025-11-18,2025,R,,akron,bowling-green,A,19,16,0,,
2025-11-18,2025,R,,bowling-green,akron,H,16,19,0,,
2025-11-18,2025,R,,ohio,massachusetts,H,42,14,0,,
2025-11-18,2025,R,,massachusetts,ohio,A,14,42,0,,
2025-11-18,2025,R,,western-michigan,northern-illinois,A,35,19,0,,
2025-11-18,2025,R,,northern-illinois,western-michigan,H,19,35,0,,
2025-11-19,2025,R,,central-michigan,kent-state,A,28,16,0,,
2025-11-19,2025,R,,kent-state,central-michigan,H,16,28,0,,
2025-11-19,2025,R,,miami-oh,buffalo,A,37,20,0,,
2025-11-19,2025,R,,buffalo,miami-oh,H,20,37,0,,
2025-11-20,2025,R,,louisiana,arkansas-state,A,34,30,0,,
2025-11-20,2025,R,,arkansas-state,louisiana,H,30,34,0,,
2025-11-21,2025,R,,nevada-las-vegas,hawaii,H,38,10,0,,
2025-11-21,2025,R,,hawaii,nevada-las-vegas,A,10,38,0,,
2025-11-21,2025,R,,north-carolina-state,florida-state,H,21,11,0,,
2025-11-21,2025,R,,florida-state,north-carolina-state,A,11,21,0,,
2025-11-22,2025,R,,alabama,eastern-illinois,H,56,0,0,10.0,
2025-11-22,2025,R,,eastern-illinois,alabama,A,0,56,0,,10.0
2025-11-22,2025,R,,appalachian-state,marshall,H,26,24,0,,
2025-11-22,2025,R,,marshall,appalachian-state,A,24,26,0,,
2025-11-22,2025,R,,arizona,baylor,H,41,17,0,,
2025-11-22,2025,R,,baylor,arizona,A,17,41,0,,
2025-11-22,2025,R,,arizona-state,colorado,A,42,17,0,,
2025-11-22,2025,R,,colorado,arizona-state,H,17,42,0,,
2025-11-22,2025,R,,auburn,mercer,H,62,17,0,,
2025-11-22,2025,R,,mercer,auburn,A,17,62,0,,
2025-11-22,2025,R,,boise-state,colorado-state,H,49,21,0,,
2025-11-22,2025,R,,colorado-state,boise-state,A,21,49,0,,
2025-11-22,2025,R,,brigham-young,cincinnati,A,26,14,0,11.0,
2025-11-22,2025,R,,cincinnati,brigham-young,H,14,26,0,,11.0
2025-11-22,2025,R,,central-florida,oklahoma-state,H,17,14,0,,
2025-11-22,2025,R,,oklahoma-state,central-florida,A,14,17,0,,
2025-11-22,2025,R,,clemson,furman,H,45,10,0,,
2025-11-22,2025,R,,furman,clemson,A,10,45,0,,
2025-11-22,2025,R,,connecticut,florida-atlantic,A,48,45,0,,
2025-11-22,2025,R,,florida-atlantic,connecticut,H,45,48,0,,
2025-11-22,2025,R,,duke,north-carolina,A,32,25,0,,
2025-11-22,2025,R,,north-carolina,duke,H,25,32,0,,
2025-11-22,2025,R,,florida-international,jacksonville-state,H,27,21,0,,
2025-11-22,2025,R,,jacksonville-state,florida-international,A,21,27,0,,
2025-11-22,2025,R,,georgia,charlotte,H,35,3,0,4.0,
2025-11-22,2025,R,,charlotte,georgia,A,3,35,0,,4.0
2025-11-22,2025,R,,iowa,michigan-state,H,20,17,0,,
2025-11-22,2025,R,,michigan-state,iowa,A,17,20,0,,
2025-11-22,2025,R,,iowa-state,kansas,H,38,14,0,,
2025-11-22,2025,R,,kansas,iowa-state,A,14,38,0,,
2025-11-22,2025,R,,james-madison,washington-state,H,24,20,0,21.0,
2025-11-22,2025,R,,washington-state,james-madison,A,20,24,0,,21.0
2025-11-22,2025,R,,kennesaw-state,missouri-state,H,41,34,0,,
2025-11-22,2025,R,,missouri-state,kennesaw-state,A,34,41,0,,
2025-11-22,2025,R,,louisiana-state,western-kentucky,H,13,10,0,,
2025-11-22,2025,R,,western-kentucky,louisiana-state,A,10,13,0,,
2025-11-22,2025,R,,louisiana-tech,liberty,H,34,28,0,,
2025-11-22,2025,R,,liberty,louisiana-tech,A,28,34,0,,
2025-11-22,2025,R,,miami-fl,virginia-tech,A,34,17,0,14.0,
2025-11-22,2025,R,,virginia-tech,miami-fl,H,17,34,0,,14.0
2025-11-22,2025,R,,michigan,maryland,A,45,20,0,18.0,
2025-11-22,2025,R,,maryland,michigan,H,20,45,0,,18.0
2025-11-22,2025,R,,middle-tennessee-state,sam-houston,H,31,17,0,,
2025-11-22,2025,R,,sam-houston,middle-tennessee-state,A,17,31,0,,
2025-11-22,2025,R,,nevada,wyoming,A,13,7,0,,
2025-11-22,2025,R,,wyoming,nevada,H,7,13,0,,
2025-11-22,2025,R,,new-mexico,air-force,A,20,3,0,,
2025-11-22,2025,R,,air-force,new-mexico,H,3,20,0,,
2025-11-22,2025,R,,new-mexico-state,texas-el-paso,A,34,31,0,,
2025-11-22,2025,R,,texas-el-paso,new-mexico-state,H,31,34,0,,
2025-11-22,2025,R,,north-texas,rice,A,56,24,0,22.0,
2025-11-22,2025,R,,rice,north-texas,H,24,56,0,,22.0
2025-11-22,2025,R,,northwestern,minnesota,H,38,35,0,,
2025-11-22,2025,R,,minnesota,northwestern,A,35,38,0,,
2025-11-22,2025,R,,notre-dame,syracuse,H,70,7,0,9.0,
2025-11-22,2025,R,,syracuse,notre-dame,A,7,70,0,,9.0
2025-11-22,2025,R,,ohio-state,rutgers,H,42,9,0,1.0,
2025-11-22,2025,R,,rutgers,ohio-state,A,9,42,0,,1.0
2025-11-22,2025,R,,oklahoma,missouri,H,17,6,0,8.0,23.0
2025-11-22,2025,R,,missouri,oklahoma,A,6,17,0,23.0,8.0
2025-11-22,2025,R,,old-dominion,georgia-southern,A,45,10,0,,
2025-11-22,2025,R,,georgia-southern,old-dominion,H,10,45,0,,
2025-11-22,2025,R,,oregon,southern-california,H,42,27,0,6.0,16.0
2025-11-22,2025,R,,southern-california,oregon,A,27,42,0,16.0,6.0
2025-11-22,2025,R,,penn-state,nebraska,H,37,10,0,,
2025-11-22,2025,R,,nebraska,penn-state,A,10,37,0,,
2025-11-22,2025,R,,pittsburgh,georgia-tech,A,42,28,0,,15.0
2025-11-22,2025,R,,georgia-tech,pittsburgh,H,28,42,0,15.0,
2025-11-22,2025,R,,san-diego-state,san-jose-state,H,25,3,0,,
2025-11-22,2025,R,,san-jose-state,san-diego-state,A,3,25,0,,
2025-11-22,2025,R,,south-alabama,southern-mississippi,H,42,35,0,,
2025-11-22,2025,R,,southern-mississippi,south-alabama,A,35,42,0,,
2025-11-22,2025,R,,south-carolina,coastal-carolina,H,51,7,0,,
2025-11-22,2025,R,,coastal-carolina,south-carolina,A,7,51,0,,
2025-11-22,2025,R,,south-florida,alabama-birmingham,A,48,18,0,,
2025-11-22,2025,R,,alabama-birmingham,south-florida,H,18,48,0,,
2025-11-22,2025,R,,southern-methodist,louisville,H,38,6,0,,
2025-11-22,2025,R,,louisville,southern-methodist,A,6,38,0,,
2025-11-22,2025,R,,stanford,california,H,31,10,0,,
2025-11-22,2025,R,,california,stanford,A,10,31,0,,
2025-11-22,2025,R,,tennessee,florida,A,31,11,0,20.0,
2025-11-22,2025,R,,florida,tennessee,H,11,31,0,,20.0
2025-11-22,2025,R,,texas,arkansas,H,52,37,0,17.0,
2025-11-22,2025,R,,arkansas,texas,A,37,52,0,,17.0
2025-11-22,2025,R,,texas-a-m,samford,H,48,0,0,3.0,
2025-11-22,2025,R,,samford,texas-a-m,A,0,48,0,,3.0
2025-11-22,2025,R,,texas-christian,houston,A,17,14,0,,25.0
2025-11-22,2025,R,,houston,texas-christian,H,14,17,0,25.0,
2025-11-22,2025,R,,texas-state,louisiana-monroe,H,31,14,0,,
2025-11-22,2025,R,,louisiana-monroe,texas-state,A,14,31,0,,
2025-11-22,2025,R,,texas-san-antonio,east-carolina,H,58,24,0,,
2025-11-22,2025,R,,east-carolina,texas-san-antonio,A,24,58,0,,
2025-11-22,2025,R,,toledo,ball-state,H,38,9,0,,
2025-11-22,2025,R,,ball-state,toledo,A,9,38,0,,
2025-11-22,2025,R,,troy,georgia-state,H,31,19,0,,
2025-11-22,2025,R,,georgia-state,troy,A,19,31,0,,
2025-11-22,2025,R,,tulane,temple,A,37,13,0,24.0,
2025-11-22,2025,R,,temple,tulane,H,13,37,0,,24.0
2025-11-22,2025,R,,tulsa,army,A,26,25,0,,
2025-11-22,2025,R,,army,tulsa,H,25,26,0,,
2025-11-22,2025,R,,utah,kansas-state,H,51,47,0,13.0,
2025-11-22,2025,R,,kansas-state,utah,A,47,51,0,,13.0
2025-11-22,2025,R,,utah-state,fresno-state,A,28,17,0,,
2025-11-22,2025,R,,fresno-state,utah-state,H,17,28,0,,
2025-11-22,2025,R,,vanderbilt,kentucky,H,45,17,0,12.0,
2025-11-22,2025,R,,kentucky,vanderbilt,A,17,45,0,,12.0
2025-11-22,2025,R,,wake-forest,delaware,H,52,14,0,,
2025-11-22,2025,R,,delaware,wake-forest,A,14,52,0,,
2025-11-22,2025,R,,washington,ucla,A,48,14,0,,
2025-11-22,2025,R,,ucla,washington,H,14,48,0,,
2025-11-22,2025,R,,wisconsin,illinois,H,27,10,0,,
2025-11-22,2025,R,,illinois,wisconsin,A,10,27,0,,
2025-11-25,2025,R,,bowling-green,massachusetts,A,45,14,0,,
2025-11-25,2025,R,,massachusetts,bowling-green,H,14,45,0,,
2025-11-25,2025,R,,western-michigan,eastern-michigan,A,31,21,0,,
2025-11-25,2025,R,,eastern-michigan,western-michigan,H,21,31,0,,
2025-11-27,2025,R,,navy,memphis,A,28,17,0,,
2025-11-27,2025,R,,memphis,navy,H,17,28,0,,
2025-11-28,2025,R,,air-force,colorado-state,A,42,21,0,,
2025-11-28,2025,R,,colorado-state,air-force,H,21,42,0,,
2025-11-28,2025,R,,arizona,arizona-state,A,23,7,0,,
2025-11-28,2025,R,,arizona-state,arizona,H,7,23,0,,
2025-11-28,2025,R,,boise-state,utah-state,A,25,24,0,,
2025-11-28,2025,R,,utah-state,boise-state,H,24,25,0,,
2025-11-28,2025,R,,georgia,georgia-tech,A,16,9,0,4.0,23.0
2025-11-28,2025,R,,georgia-tech,georgia,H,9,16,0,23.0,4.0
2025-11-28,2025,R,,indiana,purdue,A,56,3,0,2.0,
2025-11-28,2025,R,,purdue,indiana,H,3,56,0,,2.0
2025-11-28,2025,R,,iowa,nebraska,A,40,16,0,,
2025-11-28,2025,R,,nebraska,iowa,H,16,40,0,,
2025-11-28,2025,R,,kent-state,northern-illinois,A,35,31,0,,
2025-11-28,2025,R,,northern-illinois,kent-state,H,31,35,0,,
2025-11-28,2025,R,,mississippi,mississippi-state,A,38,19,0,6.0,
2025-11-28,2025,R,,mississippi-state,mississippi,H,19,38,0,,6.0
2025-11-28,2025,R,,new-mexico,san-diego-state,H,23,17,0,,
2025-11-28,2025,R,,san-diego-state,new-mexico,A,17,23,0,,
2025-11-28,2025,R,,north-texas,temple,H,52,25,0,21.0,
2025-11-28,2025,R,,temple,north-texas,A,25,52,0,,21.0
2025-11-28,2025,R,,ohio,buffalo,A,31,26,0,,
2025-11-28,2025,R,,buffalo,ohio,H,26,31,0,,
2025-11-28,2025,R,,texas,texas-a-m,H,27,17,0,16.0,3.0
2025-11-28,2025,R,,texas-a-m,texas,A,17,27,0,3.0,16.0
2025-11-28,2025,R,,utah,kansas,A,31,21,0,14.0,
2025-11-28,2025,R,,kansas,utah,H,21,31,0,,14.0
2025-11-29,2025,R,,alabama,auburn,A,27,20,0,10.0,
2025-11-29,2025,R,,auburn,alabama,H,20,27,0,,10.0
2025-11-29,2025,R,,alabama-birmingham,tulsa,A,31,24,0,,
2025-11-29,2025,R,,tulsa,alabama-birmingham,H,24,31,0,,
2025-11-29,2025,R,,arkansas-state,appalachian-state,A,30,29,0,,
2025-11-29,2025,R,,appalachian-state,arkansas-state,H,29,30,0,,
2025-11-29,2025,R,,army,texas-san-antonio,A,27,24,0,,
2025-11-29,2025,R,,texas-san-antonio,army,H,24,27,0,,
2025-11-29,2025,R,,boston-college,syracuse,A,34,12,0,,
2025-11-29,2025,R,,syracuse,boston-college,H,12,34,0,,
2025-11-29,2025,R,,brigham-young,central-florida,H,41,21,0,11.0,
2025-11-29,2025,R,,central-florida,brigham-young,A,21,41,0,,11.0
2025-11-29,2025,R,,california,southern-methodist,H,38,35,0,,25.0
2025-11-29,2025,R,,southern-methodist,california,A,35,38,0,25.0,
2025-11-29,2025,R,,clemson,south-carolina,A,28,14,0,,
2025-11-29,2025,R,,south-carolina,clemson,H,14,28,0,,
2025-11-29,2025,R,,delaware,texas-el-paso,H,61,31,0,,
2025-11-29,2025,R,,texas-el-paso,delaware,A,31,61,0,,
2025-11-29,2025,R,,duke,wake-forest,H,49,32,0,,
2025-11-29,2025,R,,wake-forest,duke,A,32,49,0,,
2025-11-29,2025,R,,east-carolina,florida-atlantic,A,42,3,0,,
2025-11-29,2025,R,,florida-atlantic,east-carolina,H,3,42,0,,
2025-11-29,2025,R,,florida,florida-state,H,40,21,0,,
2025-11-29,2025,R,,florida-state,florida,A,21,40,0,,
2025-11-29,2025,R,,florida-international,sam-houston,A,56,16,0,,
2025-11-29,2025,R,,sam-houston,florida-international,H,16,56,0,,
2025-11-29,2025,R,,fresno-state,san-jose-state,A,41,14,0,,
2025-11-29,2025,R,,san-jose-state,fresno-state,H,14,41,0,,
2025-11-29,2025,R,,georgia-southern,marshall,A,24,19,0,,
2025-11-29,2025,R,,marshall,georgia-southern,H,19,24,0,,
2025-11-29,2025,R,,hawaii,wyoming,H,27,7,0,,
2025-11-29,2025,R,,wyoming,hawaii,A,7,27,0,,
2025-11-29,2025,R,,houston,baylor,A,31,24,0,,
2025-11-29,2025,R,,baylor,houston,H,24,31,0,,
2025-11-29,2025,R,,illinois,northwestern,H,20,13,0,,
2025-11-29,2025,R,,northwestern,illinois,A,13,20,0,,
2025-11-29,2025,R,,iowa-state,oklahoma-state,A,20,13,0,,
2025-11-29,2025,R,,oklahoma-state,iowa-state,H,13,20,0,,
2025-11-29,2025,R,,jacksonville-state,western-kentucky,H,37,34,0,,
2025-11-29,2025,R,,western-kentucky,jacksonville-state,A,34,37,0,,
2025-11-29,2025,R,,james-madison,coastal-carolina,A,59,10,0,20.0,
2025-11-29,2025,R,,coastal-carolina,james-madison,H,10,59,0,,20.0
2025-11-29,2025,R,,kansas-state,colorado,H,24,14,0,,
2025-11-29,2025,R,,colorado,kansas-state,A,14,24,0,,
2025-11-29,2025,R,,kennesaw-state,liberty,A,48,42,0,,
2025-11-29,2025,R,,liberty,kennesaw-state,H,42,48,0,,
2025-11-29,2025,R,,louisiana,louisiana-monroe,H,30,27,0,,
2025-11-29,2025,R,,louisiana-monroe,louisiana,A,27,30,0,,
2025-11-29,2025,R,,louisiana-tech,missouri-state,A,42,30,0,,
2025-11-29,2025,R,,missouri-state,louisiana-tech,H,30,42,0,,
2025-11-29,2025,R,,louisville,kentucky,H,41,0,0,,
2025-11-29,2025,R,,kentucky,louisville,A,0,41,0,,
2025-11-29,2025,R,,miami-fl,pittsburgh,A,38,7,0,13.0,24.0
2025-11-29,2025,R,,pittsburgh,miami-fl,H,7,38,0,24.0,13.0
2025-11-29,2025,R,,miami-oh,ball-state,H,45,24,0,,
2025-11-29,2025,R,,ball-state,miami-oh,A,24,45,0,,
2025-11-29,2025,R,,michigan-state,maryland,H,38,28,0,,
2025-11-29,2025,R,,maryland,michigan-state,A,28,38,0,,
2025-11-29,2025,R,,middle-tennessee-state,new-mexico-state,A,31,24,0,,
2025-11-29,2025,R,,new-mexico-state,middle-tennessee-state,H,24,31,0,,
2025-11-29,2025,R,,minnesota,wisconsin,H,17,7,0,,
2025-11-29,2025,R,,wisconsin,minnesota,A,7,17,0,,
2025-11-29,2025,R,,missouri,arkansas,A,31,17,0,,
2025-11-29,2025,R,,arkansas,missouri,H,17,31,0,,
2025-11-29,2025,R,,nevada-las-vegas,nevada,A,42,17,0,,
2025-11-29,2025,R,,nevada,nevada-las-vegas,H,17,42,0,,
2025-11-29,2025,R,,north-carolina-state,north-carolina,H,42,19,0,,
2025-11-29,2025,R,,north-carolina,north-carolina-state,A,19,42,0,,
2025-11-29,2025,R,,notre-dame,stanford,A,49,20,0,9.0,
2025-11-29,2025,R,,stanford,notre-dame,H,20,49,0,,9.0
2025-11-29,2025,R,,ohio-state,michigan,A,27,9,0,1.0,15.0
2025-11-29,2025,R,,michigan,ohio-state,H,9,27,0,15.0,1.0
2025-11-29,2025,R,,oklahoma,louisiana-state,H,17,13,0,8.0,
2025-11-29,2025,R,,louisiana-state,oklahoma,A,13,17,0,,8.0
2025-11-29,2025,R,,old-dominion,georgia-state,H,27,10,0,,
2025-11-29,2025,R,,georgia-state,old-dominion,A,10,27,0,,
2025-11-29,2025,R,,oregon,washington,A,26,14,0,5.0,
2025-11-29,2025,R,,washington,oregon,H,14,26,0,,5.0
2025-11-29,2025,R,,penn-state,rutgers,A,40,36,0,,
2025-11-29,2025,R,,rutgers,penn-state,H,36,40,0,,
2025-11-29,2025,R,,south-florida,rice,H,52,3,0,,
2025-11-29,2025,R,,rice,south-florida,A,3,52,0,,
2025-11-29,2025,R,,southern-california,ucla,H,29,10,0,19.0,
2025-11-29,2025,R,,ucla,southern-california,A,10,29,0,,19.0
2025-11-29,2025,R,,texas-christian,cincinnati,H,45,23,0,,
2025-11-29,2025,R,,cincinnati,texas-christian,A,23,45,0,,
2025-11-29,2025,R,,texas-state,south-alabama,H,49,26,0,,
2025-11-29,2025,R,,south-alabama,texas-state,A,26,49,0,,
2025-11-29,2025,R,,texas-tech,west-virginia,A,49,0,0,7.0,
2025-11-29,2025,R,,west-virginia,texas-tech,H,0,49,0,,7.0
2025-11-29,2025,R,,toledo,central-michigan,A,21,3,0,,
2025-11-29,2025,R,,central-michigan,toledo,H,3,21,0,,
2025-11-29,2025,R,,troy,southern-mississippi,A,28,18,0,,
2025-11-29,2025,R,,southern-mississippi,troy,H,18,28,0,,
2025-11-29,2025,R,,tulane,charlotte,H,27,0,0,22.0,
2025-11-29,2025,R,,charlotte,tulane,A,0,27,0,,22.0
2025-11-29,2025,R,,vanderbilt,tennessee,A,45,24,0,12.0,18.0
2025-11-29,2025,R,,tennessee,vanderbilt,H,24,45,0,18.0,12.0
2025-11-29,2025,R,,virginia,virginia-tech,H,27,7,0,17.0,
2025-11-29,2025,R,,virginia-tech,virginia,A,7,27,0,,17.0
2025-11-29,2025,R,,washington-state,oregon-state,H,32,8,0,,
2025-11-29,2025,R,,oregon-state,washington-state,A,8,32,0,,
2025-12-05,2025,R,,boise-state,nevada-las-vegas,H,38,21,0,,
2025-12-05,2025,R,,nevada-las-vegas,boise-state,A,21,38,0,,
2025-12-05,2025,R,,james-madison,troy,H,31,14,0,19.0,
2025-12-05,2025,R,,troy,james-madison,A,14,31,0,,19.0
2025-12-05,2025,R,,kennesaw-state,jacksonville-state,A,19,15,0,,
2025-12-05,2025,R,,jacksonville-state,kennesaw-state,H,15,19,0,,
2025-12-05,2025,R,,tulane,north-texas,H,34,21,0,21.0,20.0
2025-12-05,2025,R,,north-texas,tulane,A,21,34,0,20.0,21.0
2025-12-06,2025,R,,duke,virginia,N,27,20,0,,16.0
2025-12-06,2025,R,,virginia,duke,N,20,27,0,16.0,
2025-12-06,2025,R,,georgia,alabama,N,28,7,0,3.0,10.0
2025-12-06,2025,R,,alabama,georgia,N,7,28,0,10.0,3.0
2025-12-06,2025,R,,indiana,ohio-state,N,13,10,0,2.0,1.0
2025-12-06,2025,R,,ohio-state,indiana,N,10,13,0,1.0,2.0
2025-12-06,2025,R,,texas-tech,brigham-young,N,34,7,0,5.0,11.0
2025-12-06,2025,R,,brigham-young,texas-tech,N,7,34,0,11.0,5.0
2025-12-06,2025,R,,western-michigan,miami-oh,N,23,13,0,,
2025-12-06,2025,R,,miami-oh,western-michigan,N,13,23,0,,
2025-12-13,2025,R,,navy,army,N,17,16,0,22.0,
2025-12-13,2025,R,,army,navy,N,16,17,0,,22.0
2025-12-13,2025,R,,washington,boise-state,N,38,10,0,,
2025-12-13,2025,R,,boise-state,washington,N,10,38,0,,
2025-12-16,2025,R,,jacksonville-state,troy,N,17,13,0,,
2025-12-16,2025,R,,troy,jacksonville-state,N,13,17,0,,
2025-12-17,2025,R,,delaware,louisiana,N,20,13,0,,
2025-12-17,2025,R,,louisiana,delaware,N,13,20,0,,
2025-12-17,2025,R,,old-dominion,south-florida,N,24,10,0,,
2025-12-17,2025,R,,south-florida,old-dominion,N,10,24,0,,
2025-12-18,2025,R,,arkansas-state,missouri-state,N,34,28,0,,
2025-12-18,2025,R,,missouri-state,arkansas-state,N,28,34,0,,
2025-12-19,2025,R,,alabama,oklahoma,A,34,24,0,11.0,8.0
2025-12-19,2025,R,,oklahoma,alabama,H,24,34,0,8.0,11.0
2025-12-19,2025,R,,north-carolina-state,memphis,N,31,7,0,,
2025-12-19,2025,R,,memphis,north-carolina-state,N,7,31,0,,
2025-12-19,2025,R,,western-michigan,kennesaw-state,N,41,6,0,,
2025-12-19,2025,R,,kennesaw-state,western-michigan,N,6,41,0,,
2025-12-20,2025,R,,miami-fl,texas-a-m,A,10,3,0,10.0,7.0
2025-12-20,2025,R,,texas-a-m,miami-fl,H,3,10,0,7.0,10.0
2025-12-20,2025,R,,mississippi,tulane,H,41,10,0,6.0,17.0
2025-12-20,2025,R,,tulane,mississippi,A,10,41,0,17.0,6.0
2025-12-20,2025,R,,oregon,james-madison,H,51,34,0,5.0,19.0
2025-12-20,2025,R,,james-madison,oregon,A,34,51,0,19.0,5.0
2025-12-22,2025,R,,washington-state,utah-state,N,34,21,0,,
2025-12-22,2025,R,,utah-state,washington-state,N,21,34,0,,
2025-12-23,2025,R,,louisville,toledo,N,27,22,0,,
2025-12-23,2025,R,,toledo,louisville,N,22,27,0,,
2025-12-23,2025,R,,ohio,nevada-las-vegas,N,17,10,0,,
2025-12-23,2025,R,,nevada-las-vegas,ohio,N,10,17,0,,
2025-12-23,2025,R,,western-kentucky,southern-mississippi,N,27,16,0,,
2025-12-23,2025,R,,southern-mississippi,western-kentucky,N,16,27,0,,
2025-12-24,2025,R,,hawaii,california,H,35,31,0,,
2025-12-24,2025,R,,california,hawaii,A,31,35,0,,
2025-12-26,2025,R,,minnesota,new-mexico,N,20,17,0,,
2025-12-26,2025,R,,new-mexico,minnesota,N,17,20,0,,
2025-12-26,2025,R,,northwestern,central-michigan,N,34,7,0,,
2025-12-26,2025,R,,central-michigan,northwestern,N,7,34,0,,
2025-12-26,2025,R,,texas-san-antonio,florida-international,N,57,20,0,,
2025-12-26,2025,R,,florida-international,texas-san-antonio,N,20,57,0,,
2025-12-27,2025,R,,army,connecticut,N,41,16,0,,
2025-12-27,2025,R,,connecticut,army,N,16,41,0,,
2025-12-27,2025,R,,brigham-young,georgia-tech,N,25,21,0,12.0,24.0
2025-12-27,2025,R,,georgia-tech,brigham-young,N,21,25,0,24.0,12.0
2025-12-27,2025,R,,east-carolina,pittsburgh,N,23,17,0,,
2025-12-27,2025,R,,pittsburgh,east-carolina,N,17,23,0,,
2025-12-27,2025,R,,fresno-state,miami-oh,N,18,3,0,,
2025-12-27,2025,R,,miami-oh,fresno-state,N,3,18,0,,
2025-12-27,2025,R,,houston,louisiana-state,N,38,35,0,,
2025-12-27,2025,R,,louisiana-state,houston,N,35,38,0,,
2025-12-27,2025,R,,north-texas,san-diego-state,N,49,47,0,23.0,
2025-12-27,2025,R,,san-diego-state,north-texas,N,47,49,0,,23.0
2025-12-27,2025,R,,penn-state,clemson,N,22,10,0,,
2025-12-27,2025,R,,clemson,penn-state,N,10,22,0,,
2025-12-27,2025,R,,virginia,missouri,N,13,7,0,20.0,25.0
2025-12-27,2025,R,,missouri,virginia,N,7,13,0,25.0,20.0
2025-12-29,2025,R,,georgia-southern,appalachian-state,N,29,10,0,,
2025-12-29,2025,R,,appalachian-state,georgia-southern,N,10,29,0,,
2025-12-30,2025,R,,illinois,tennessee,N,30,28,0,,
2025-12-30,2025,R,,tennessee,illinois,N,28,30,0,,
2025-12-30,2025,R,,louisiana-tech,coastal-carolina,N,23,14,0,,
2025-12-30,2025,R,,coastal-carolina,louisiana-tech,N,14,23,0,,
2025-12-30,2025,R,,texas-christian,southern-california,N,30,27,0,,16.0
2025-12-30,2025,R,,southern-california,texas-christian,N,27,30,0,16.0,
2025-12-31,2025,R,,duke,arizona-state,N,42,39,0,,
2025-12-31,2025,R,,arizona-state,duke,N,39,42,0,,
2025-12-31,2025,R,,iowa,vanderbilt,N,34,27,0,,13.0
2025-12-31,2025,R,,vanderbilt,iowa,N,27,34,0,13.0,
2025-12-31,2025,R,,miami-fl,ohio-state,N,24,14,0,10.0,3.0
2025-12-31,2025,R,,ohio-state,miami-fl,N,14,24,0,3.0,10.0
2025-12-31,2025,R,,texas,michigan,N,41,27,0,14.0,18.0
2025-12-31,2025,R,,michigan,texas,N,27,41,0,18.0,14.0
2025-12-31,2025,R,,utah,nebraska,N,44,22,0,15.0,
2025-12-31,2025,R,,nebraska,utah,N,22,44,0,,15.0
2026-01-01,2025,R,,indiana,alabama,N,38,3,0,1.0,11.0
2026-01-01,2025,R,,alabama,indiana,N,3,38,0,11.0,1.0
2026-01-01,2025,R,,mississippi,georgia,N,39,34,0,6.0,2.0
2026-01-01,2025,R,,georgia,mississippi,N,34,39,0,2.0,6.0
2026-01-01,2025,R,,oregon,texas-tech,N,23,0,0,5.0,4.0
2026-01-01,2025,R,,texas-tech,oregon,N,0,23,0,4.0,5.0
2026-01-02,2025,R,,navy,cincinnati,N,35,13,0,22.0,
2026-01-02,2025,R,,cincinnati,navy,N,13,35,0,,22.0
2026-01-02,2025,R,,southern-methodist,arizona,N,24,19,0,,21.0
2026-01-02,2025,R,,arizona,southern-methodist,N,19,24,0,21.0,
2026-01-02,2025,R,,texas-state,rice,N,41,10,0,,
2026-01-02,2025,R,,rice,texas-state,N,10,41,0,,
2026-01-02,2025,R,,wake-forest,mississippi-state,N,43,29,0,,
2026-01-02,2025,R,,mississippi-state,wake-forest,N,29,43,0,,
2026-01-08,2025,R,,miami-fl,mississippi,N,31,27,0,10.0,6.0
2026-01-08,2025,R,,mississippi,miami-fl,N,27,31,0,6.0,10.0
2026-01-09,2025,R,,indiana,oregon,N,56,22,0,1.0,5.0
2026-01-09,2025,R,,oregon,indiana,N,22,56,0,5.0,1.0
2026-01-19,2025,R,,indiana,miami-fl,H,27,21,0,1.0,10.0
2026-01-19,2025,R,,miami-fl,indiana,A,21,27,0,10.0,1.0
