Date,Season,Type,Round,Team,Opp,HomeAway,PointsFor,PointsAgainst,OT,TeamAPRank,OppAPRank,Notes
2021-08-28,2021,R,,fresno-state,connecticut,H,45,0,0,,,
2021-08-28,2021,R,,connecticut,fresno-state,A,0,45,0,,,
2021-08-28,2021,R,,illinois,nebraska,H,30,22,0,,,
2021-08-28,2021,R,,nebraska,illinois,A,22,30,0,,,
2021-08-28,2021,R,,san-jose-state,southern-utah,H,45,14,0,,,
2021-08-28,2021,R,,southern-utah,san-jose-state,A,14,45,0,,,
2021-08-28,2021,R,,texas-el-paso,new-mexico-state,A,30,3,0,,,
2021-08-28,2021,R,,new-mexico-state,texas-el-paso,H,3,30,0,,,
2021-08-28,2021,R,,ucla,hawaii,H,44,10,0,,,
2021-08-28,2021,R,,hawaii,ucla,A,10,44,0,,,
2021-09-01,2021,R,,alabama-birmingham,jacksonville-state,N,31,0,0,,,Cramton Bowl - Montgomery Alabama
2021-09-01,2021,R,,jacksonville-state,alabama-birmingham,N,0,31,0,,,Cramton Bowl - Montgomery Alabama
2021-09-02,2021,R,,appalachian-state,east-carolina,N,33,19,0,,,Bank of America Stadium - Charlotte North Carolina
2021-09-02,2021,R,,east-carolina,appalachian-state,N,19,33,0,,,Bank of America Stadium - Charlotte North Carolina
2021-09-02,2021,R,,arizona-state,southern-utah,H,41,14,0,25.0,,
2021-09-02,2021,R,,southern-utah,arizona-state,A,14,41,0,,25.0,
2021-09-02,2021,R,,ball-state,western-illinois,H,31,21,0,,,
2021-09-02,2021,R,,western-illinois,ball-state,A,21,31,0,,,
2021-09-02,2021,R,,buffalo,wagner,H,69,7,0,,,
2021-09-02,2021,R,,wagner,buffalo,A,7,69,0,,,
2021-09-02,2021,R,,california-davis,tulsa,A,19,17,0,,,
2021-09-02,2021,R,,tulsa,california-davis,H,17,19,0,,,
2021-09-02,2021,R,,central-florida,boise-state,H,36,31,0,,,
2021-09-02,2021,R,,boise-state,central-florida,A,31,36,0,,,
2021-09-02,2021,R,,coastal-carolina,citadel,H,52,14,0,22.0,,
2021-09-02,2021,R,,citadel,coastal-carolina,A,14,52,0,,22.0,
2021-09-02,2021,R,,eastern-washington,nevada-las-vegas,A,35,33,0,,,
2021-09-02,2021,R,,nevada-las-vegas,eastern-washington,H,33,35,0,,,
2021-09-02,2021,R,,florida-international,long-island,H,48,10,0,,,
2021-09-02,2021,R,,long-island,florida-international,A,10,48,0,,,
2021-09-02,2021,R,,new-mexico,houston-baptist,H,27,17,0,,,
2021-09-02,2021,R,,houston-baptist,new-mexico,A,17,27,0,,,
2021-09-02,2021,R,,north-carolina-state,south-florida,H,45,0,0,,,
2021-09-02,2021,R,,south-florida,north-carolina-state,A,0,45,0,,,
2021-09-02,2021,R,,ohio-state,minnesota,A,45,31,0,4.0,,
2021-09-02,2021,R,,minnesota,ohio-state,H,31,45,0,,4.0,
2021-09-02,2021,R,,tennessee,bowling-green,H,38,6,0,,,
2021-09-02,2021,R,,bowling-green,tennessee,A,6,38,0,,,
2021-09-02,2021,R,,utah,weber-state,H,40,17,0,24.0,,
2021-09-02,2021,R,,weber-state,utah,A,17,40,0,,24.0,
2021-09-02,2021,R,,western-kentucky,tennessee-martin,H,59,21,0,,,
2021-09-02,2021,R,,tennessee-martin,western-kentucky,A,21,59,0,,,
2021-09-03,2021,R,,charlotte,duke,H,31,28,0,,,
2021-09-03,2021,R,,duke,charlotte,A,28,31,0,,,
2021-09-03,2021,R,,colorado,northern-colorado,H,35,7,0,,,
2021-09-03,2021,R,,northern-colorado,colorado,A,7,35,0,,,
2021-09-03,2021,R,,eastern-michigan,st-francis-pa,H,35,15,0,,,
2021-09-03,2021,R,,st-francis-pa,eastern-michigan,A,15,35,0,,,
2021-09-03,2021,R,,kansas,south-dakota,H,17,14,0,,,
2021-09-03,2021,R,,south-dakota,kansas,A,14,17,0,,,
2021-09-03,2021,R,,michigan-state,northwestern,A,38,21,0,,,
2021-09-03,2021,R,,northwestern,michigan-state,H,21,38,0,,,
2021-09-03,2021,R,,south-dakota-state,colorado-state,A,42,23,0,,,
2021-09-03,2021,R,,colorado-state,south-dakota-state,H,23,42,0,,,
2021-09-03,2021,R,,virginia-tech,north-carolina,H,17,10,0,,10.0,
2021-09-03,2021,R,,north-carolina,virginia-tech,A,10,17,0,10.0,,
2021-09-03,2021,R,,wake-forest,old-dominion,H,42,10,0,,,
2021-09-03,2021,R,,old-dominion,wake-forest,A,10,42,0,,,
2021-09-04,2021,R,,air-force,lafayette,H,35,14,0,,,
2021-09-04,2021,R,,lafayette,air-force,A,14,35,0,,,
2021-09-04,2021,R,,alabama,miami-fl,N,44,13,0,1.0,14.0,Mercedes-Benz Stadium - Atlanta Georgia
2021-09-04,2021,R,,miami-fl,alabama,N,13,44,0,14.0,1.0,Mercedes-Benz Stadium - Atlanta Georgia
2021-09-04,2021,R,,arkansas,rice,H,38,17,0,,,
2021-09-04,2021,R,,rice,arkansas,A,17,38,0,,,
2021-09-04,2021,R,,arkansas-state,central-arkansas,H,40,21,0,,,
2021-09-04,2021,R,,central-arkansas,arkansas-state,A,21,40,0,,,
2021-09-04,2021,R,,army,georgia-state,A,43,10,0,,,
2021-09-04,2021,R,,georgia-state,army,H,10,43,0,,,
2021-09-04,2021,R,,auburn,akron,H,60,10,0,,,
2021-09-04,2021,R,,akron,auburn,A,10,60,0,,,
2021-09-04,2021,R,,baylor,texas-state,A,29,20,0,,,
2021-09-04,2021,R,,texas-state,baylor,H,20,29,0,,,
2021-09-04,2021,R,,boston-college,colgate,H,51,0,0,,,
2021-09-04,2021,R,,colgate,boston-college,A,0,51,0,,,
2021-09-04,2021,R,,brigham-young,arizona,N,24,16,0,,,Allegiant Stadium - Paradise Nevada
2021-09-04,2021,R,,arizona,brigham-young,N,16,24,0,,,Allegiant Stadium - Paradise Nevada
2021-09-04,2021,R,,cincinnati,miami-oh,H,49,14,0,8.0,,
2021-09-04,2021,R,,miami-oh,cincinnati,A,14,49,0,,8.0,
2021-09-04,2021,R,,east-tennessee-state,vanderbilt,A,23,3,0,,,
2021-09-04,2021,R,,vanderbilt,east-tennessee-state,H,3,23,0,,,
2021-09-04,2021,R,,florida,florida-atlantic,H,35,14,0,13.0,,
2021-09-04,2021,R,,florida-atlantic,florida,A,14,35,0,,13.0,
2021-09-04,2021,R,,georgia,clemson,N,10,3,0,5.0,3.0,Bank of America Stadium - Charlotte North Carolina
2021-09-04,2021,R,,clemson,georgia,N,3,10,0,3.0,5.0,Bank of America Stadium - Charlotte North Carolina
2021-09-04,2021,R,,georgia-southern,gardner-webb,H,30,25,0,,,
2021-09-04,2021,R,,gardner-webb,georgia-southern,A,25,30,0,,,
2021-09-04,2021,R,,hawaii,portland-state,H,49,35,0,,,
2021-09-04,2021,R,,portland-state,hawaii,A,35,49,0,,,
2021-09-04,2021,R,,holy-cross,connecticut,A,38,28,0,,,
2021-09-04,2021,R,,connecticut,holy-cross,H,28,38,0,,,
2021-09-04,2021,R,,iowa,indiana,H,34,6,0,18.0,17.0,
2021-09-04,2021,R,,indiana,iowa,A,6,34,0,17.0,18.0,
2021-09-04,2021,R,,iowa-state,northern-iowa,H,16,10,0,7.0,,
2021-09-04,2021,R,,northern-iowa,iowa-state,A,10,16,0,,7.0,
2021-09-04,2021,R,,kansas-state,stanford,N,24,7,0,,,AT&T Stadium - Arlington Texas
2021-09-04,2021,R,,stanford,kansas-state,N,7,24,0,,,AT&T Stadium - Arlington Texas
2021-09-04,2021,R,,kentucky,louisiana-monroe,H,45,10,0,,,
2021-09-04,2021,R,,louisiana-monroe,kentucky,A,10,45,0,,,
2021-09-04,2021,R,,liberty,campbell,H,48,7,0,,,
2021-09-04,2021,R,,campbell,liberty,A,7,48,0,,,
2021-09-04,2021,R,,marshall,navy,A,49,7,0,,,
2021-09-04,2021,R,,navy,marshall,H,7,49,0,,,
2021-09-04,2021,R,,maryland,west-virginia,H,30,24,0,,,
2021-09-04,2021,R,,west-virginia,maryland,A,24,30,0,,,
2021-09-04,2021,R,,memphis,nicholls-state,H,42,17,0,,,
2021-09-04,2021,R,,nicholls-state,memphis,A,17,42,0,,,
2021-09-04,2021,R,,michigan,western-michigan,H,47,14,0,,,
2021-09-04,2021,R,,western-michigan,michigan,A,14,47,0,,,
2021-09-04,2021,R,,middle-tennessee-state,monmouth,H,50,15,0,,,
2021-09-04,2021,R,,monmouth,middle-tennessee-state,A,15,50,0,,,
2021-09-04,2021,R,,mississippi-state,louisiana-tech,H,35,34,0,,,
2021-09-04,2021,R,,louisiana-tech,mississippi-state,A,34,35,0,,,
2021-09-04,2021,R,,missouri,central-michigan,H,34,24,0,,,
2021-09-04,2021,R,,central-michigan,missouri,A,24,34,0,,,
2021-09-04,2021,R,,montana,washington,A,13,7,0,,20.0,
2021-09-04,2021,R,,washington,montana,H,7,13,0,20.0,,
2021-09-04,2021,R,,nebraska,fordham,H,52,7,0,,,
2021-09-04,2021,R,,fordham,nebraska,A,7,52,0,,,
2021-09-04,2021,R,,nevada,california,A,22,17,0,,,
2021-09-04,2021,R,,california,nevada,H,17,22,0,,,
2021-09-04,2021,R,,north-texas,northwestern-state,H,44,14,0,,,
2021-09-04,2021,R,,northwestern-state,north-texas,A,14,44,0,,,
2021-09-04,2021,R,,northern-illinois,georgia-tech,A,22,21,0,,,
2021-09-04,2021,R,,georgia-tech,northern-illinois,H,21,22,0,,,
2021-09-04,2021,R,,oklahoma,tulane,H,40,35,0,2.0,,
2021-09-04,2021,R,,tulane,oklahoma,A,35,40,0,,2.0,
2021-09-04,2021,R,,oklahoma-state,missouri-state,H,23,16,0,,,
2021-09-04,2021,R,,missouri-state,oklahoma-state,A,16,23,0,,,
2021-09-04,2021,R,,oregon,fresno-state,H,31,24,0,11.0,,
2021-09-04,2021,R,,fresno-state,oregon,A,24,31,0,,11.0,
2021-09-04,2021,R,,penn-state,wisconsin,A,16,10,0,19.0,12.0,
2021-09-04,2021,R,,wisconsin,penn-state,H,10,16,0,12.0,19.0,
2021-09-04,2021,R,,pittsburgh,massachusetts,H,51,7,0,,,
2021-09-04,2021,R,,massachusetts,pittsburgh,A,7,51,0,,,
2021-09-04,2021,R,,purdue,oregon-state,H,30,21,0,,,
2021-09-04,2021,R,,oregon-state,purdue,A,21,30,0,,,
2021-09-04,2021,R,,rutgers,temple,H,61,14,0,,,
2021-09-04,2021,R,,temple,rutgers,A,14,61,0,,,
2021-09-04,2021,R,,san-diego-state,new-mexico-state,H,28,10,0,,,
2021-09-04,2021,R,,new-mexico-state,san-diego-state,A,10,28,0,,,
2021-09-04,2021,R,,south-alabama,southern-mississippi,H,31,7,0,,,
2021-09-04,2021,R,,southern-mississippi,south-alabama,A,7,31,0,,,
2021-09-04,2021,R,,south-carolina,eastern-illinois,H,46,0,0,,,
2021-09-04,2021,R,,eastern-illinois,south-carolina,A,0,46,0,,,
2021-09-04,2021,R,,southern-california,san-jose-state,H,30,7,0,15.0,,
2021-09-04,2021,R,,san-jose-state,southern-california,A,7,30,0,,15.0,
2021-09-04,2021,R,,southern-methodist,abilene-christian,H,56,9,0,,,
2021-09-04,2021,R,,abilene-christian,southern-methodist,A,9,56,0,,,
2021-09-04,2021,R,,syracuse,ohio,A,29,9,0,,,
2021-09-04,2021,R,,ohio,syracuse,H,9,29,0,,,
2021-09-04,2021,R,,texas,louisiana,H,38,18,0,21.0,23.0,
2021-09-04,2021,R,,louisiana,texas,A,18,38,0,23.0,21.0,
2021-09-04,2021,R,,texas-a-m,kent-state,H,41,10,0,6.0,,
2021-09-04,2021,R,,kent-state,texas-a-m,A,10,41,0,,6.0,
2021-09-04,2021,R,,texas-christian,duquesne,H,45,3,0,,,
2021-09-04,2021,R,,duquesne,texas-christian,A,3,45,0,,,
2021-09-04,2021,R,,texas-tech,houston,N,38,21,0,,,NRG Stadium - Houston Texas
2021-09-04,2021,R,,houston,texas-tech,N,21,38,0,,,NRG Stadium - Houston Texas
2021-09-04,2021,R,,texas-el-paso,bethune-cookman,H,38,28,0,,,
2021-09-04,2021,R,,bethune-cookman,texas-el-paso,A,28,38,0,,,
2021-09-04,2021,R,,texas-san-antonio,illinois,A,37,30,0,,,
2021-09-04,2021,R,,illinois,texas-san-antonio,H,30,37,0,,,
2021-09-04,2021,R,,toledo,norfolk-state,H,49,10,0,,,
2021-09-04,2021,R,,norfolk-state,toledo,A,10,49,0,,,
2021-09-04,2021,R,,troy,southern,H,55,3,0,,,
2021-09-04,2021,R,,southern,troy,A,3,55,0,,,
2021-09-04,2021,R,,ucla,louisiana-state,H,38,27,0,,16.0,
2021-09-04,2021,R,,louisiana-state,ucla,A,27,38,0,16.0,,
2021-09-04,2021,R,,utah-state,washington-state,A,26,23,0,,,
2021-09-04,2021,R,,washington-state,utah-state,H,23,26,0,,,
2021-09-04,2021,R,,virginia,william-mary,H,43,0,0,,,
2021-09-04,2021,R,,william-mary,virginia,A,0,43,0,,,
2021-09-04,2021,R,,wyoming,montana-state,H,19,16,0,,,
2021-09-04,2021,R,,montana-state,wyoming,A,16,19,0,,,
2021-09-05,2021,R,,notre-dame,florida-state,A,41,38,0,9.0,,
2021-09-05,2021,R,,florida-state,notre-dame,H,38,41,0,,9.0,
2021-09-06,2021,R,,mississippi,louisville,N,43,24,0,,,Mercedes-Benz Stadium - Atlanta Georgia
2021-09-06,2021,R,,louisville,mississippi,N,24,43,0,,,Mercedes-Benz Stadium - Atlanta Georgia
2021-09-10,2021,R,,boise-state,texas-el-paso,H,54,13,0,,,
2021-09-10,2021,R,,texas-el-paso,boise-state,A,13,54,0,,,
2021-09-10,2021,R,,coastal-carolina,kansas,H,49,22,0,17.0,,
2021-09-10,2021,R,,kansas,coastal-carolina,A,22,49,0,,17.0,
2021-09-10,2021,R,,duke,north-carolina-a-t,H,45,17,0,,,
2021-09-10,2021,R,,north-carolina-a-t,duke,A,17,45,0,,,
2021-09-10,2021,R,,utah-state,north-dakota,H,48,24,0,,,
2021-09-10,2021,R,,north-dakota,utah-state,A,24,48,0,,,
2021-09-11,2021,R,,air-force,navy,A,23,3,0,,,
2021-09-11,2021,R,,navy,air-force,H,3,23,0,,,
2021-09-11,2021,R,,alabama,mercer,H,48,14,0,1.0,,
2021-09-11,2021,R,,mercer,alabama,A,14,48,0,,1.0,
2021-09-11,2021,R,,arizona-state,nevada-las-vegas,H,37,10,0,23.0,,
2021-09-11,2021,R,,nevada-las-vegas,arizona-state,A,10,37,0,,23.0,
2021-09-11,2021,R,,arkansas,texas,H,40,21,0,,15.0,
2021-09-11,2021,R,,texas,arkansas,A,21,40,0,15.0,,
2021-09-11,2021,R,,army,western-kentucky,H,38,35,0,,,
2021-09-11,2021,R,,western-kentucky,army,A,35,38,0,,,
2021-09-11,2021,R,,auburn,alabama-state,H,62,0,0,25.0,,
2021-09-11,2021,R,,alabama-state,auburn,A,0,62,0,,25.0,
2021-09-11,2021,R,,baylor,texas-southern,H,66,7,0,,,
2021-09-11,2021,R,,texas-southern,baylor,A,7,66,0,,,
2021-09-11,2021,R,,boston-college,massachusetts,A,45,28,0,,,
2021-09-11,2021,R,,massachusetts,boston-college,H,28,45,0,,,
2021-09-11,2021,R,,brigham-young,utah,H,26,17,0,,21.0,
2021-09-11,2021,R,,utah,brigham-young,A,17,26,0,21.0,,
2021-09-11,2021,R,,central-florida,bethune-cookman,H,63,14,0,,,
2021-09-11,2021,R,,bethune-cookman,central-florida,A,14,63,0,,,
2021-09-11,2021,R,,central-michigan,robert-morris,H,45,0,0,,,
2021-09-11,2021,R,,robert-morris,central-michigan,A,0,45,0,,,
2021-09-11,2021,R,,charlotte,gardner-webb,H,38,10,0,,,
2021-09-11,2021,R,,gardner-webb,charlotte,A,10,38,0,,,
2021-09-11,2021,R,,cincinnati,murray-state,H,42,7,0,7.0,,
2021-09-11,2021,R,,murray-state,cincinnati,A,7,42,0,,7.0,
2021-09-11,2021,R,,clemson,south-carolina-state,H,49,3,0,6.0,,
2021-09-11,2021,R,,south-carolina-state,clemson,A,3,49,0,,6.0,
2021-09-11,2021,R,,duquesne,ohio,A,28,26,0,,,
2021-09-11,2021,R,,ohio,duquesne,H,26,28,0,,,
2021-09-11,2021,R,,florida,south-florida,A,42,20,0,13.0,,
2021-09-11,2021,R,,south-florida,florida,H,20,42,0,,13.0,
2021-09-11,2021,R,,florida-atlantic,georgia-southern,H,38,6,0,,,
2021-09-11,2021,R,,georgia-southern,florida-atlantic,A,6,38,0,,,
2021-09-11,2021,R,,fresno-state,cal-poly,H,63,10,0,,,
2021-09-11,2021,R,,cal-poly,fresno-state,A,10,63,0,,,
2021-09-11,2021,R,,georgia,alabama-birmingham,H,56,7,0,2.0,,
2021-09-11,2021,R,,alabama-birmingham,georgia,A,7,56,0,,2.0,
2021-09-11,2021,R,,georgia-tech,kennesaw-state,H,45,17,0,,,
2021-09-11,2021,R,,kennesaw-state,georgia-tech,A,17,45,0,,,
2021-09-11,2021,R,,houston,rice,A,44,7,0,,,
2021-09-11,2021,R,,rice,houston,H,7,44,0,,,
2021-09-11,2021,R,,indiana,idaho,H,56,14,0,,,
2021-09-11,2021,R,,idaho,indiana,A,14,56,0,,,
2021-09-11,2021,R,,iowa,iowa-state,A,27,17,0,10.0,9.0,
2021-09-11,2021,R,,iowa-state,iowa,H,17,27,0,9.0,10.0,
2021-09-11,2021,R,,jacksonville-state,florida-state,A,20,17,0,,,
2021-09-11,2021,R,,florida-state,jacksonville-state,H,17,20,0,,,
2021-09-11,2021,R,,kansas-state,southern-illinois,H,31,23,0,,,
2021-09-11,2021,R,,southern-illinois,kansas-state,A,23,31,0,,,
2021-09-11,2021,R,,kent-state,virginia-military-institute,H,60,10,0,,,
2021-09-11,2021,R,,virginia-military-institute,kent-state,A,10,60,0,,,
2021-09-11,2021,R,,kentucky,missouri,H,35,28,0,,,
2021-09-11,2021,R,,missouri,kentucky,A,28,35,0,,,
2021-09-11,2021,R,,liberty,troy,A,21,13,0,,,
2021-09-11,2021,R,,troy,liberty,H,13,21,0,,,
2021-09-11,2021,R,,louisiana,nicholls-state,H,27,24,0,,,
2021-09-11,2021,R,,nicholls-state,louisiana,A,24,27,0,,,
2021-09-11,2021,R,,louisiana-state,mcneese-state,H,34,7,0,,,
2021-09-11,2021,R,,mcneese-state,louisiana-state,A,7,34,0,,,
2021-09-11,2021,R,,louisiana-tech,southeastern-louisiana,H,45,42,0,,,
2021-09-11,2021,R,,southeastern-louisiana,louisiana-tech,A,42,45,0,,,
2021-09-11,2021,R,,louisville,eastern-kentucky,H,30,3,0,,,
2021-09-11,2021,R,,eastern-kentucky,louisville,A,3,30,0,,,
2021-09-11,2021,R,,marshall,north-carolina-central,H,44,10,0,,,
2021-09-11,2021,R,,north-carolina-central,marshall,A,10,44,0,,,
2021-09-11,2021,R,,maryland,howard,H,62,0,0,,,
2021-09-11,2021,R,,howard,maryland,A,0,62,0,,,
2021-09-11,2021,R,,memphis,arkansas-state,A,55,50,0,,,
2021-09-11,2021,R,,arkansas-state,memphis,H,50,55,0,,,
2021-09-11,2021,R,,miami-fl,appalachian-state,H,25,23,0,22.0,,
2021-09-11,2021,R,,appalachian-state,miami-fl,A,23,25,0,,22.0,
2021-09-11,2021,R,,michigan,washington,H,31,10,0,,,
2021-09-11,2021,R,,washington,michigan,A,10,31,0,,,
2021-09-11,2021,R,,michigan-state,youngstown-state,H,42,14,0,,,
2021-09-11,2021,R,,youngstown-state,michigan-state,A,14,42,0,,,
2021-09-11,2021,R,,minnesota,miami-oh,H,31,26,0,,,
2021-09-11,2021,R,,miami-oh,minnesota,A,26,31,0,,,
2021-09-11,2021,R,,mississippi,austin-peay,H,54,17,0,20.0,,
2021-09-11,2021,R,,austin-peay,mississippi,A,17,54,0,,20.0,
2021-09-11,2021,R,,mississippi-state,north-carolina-state,H,24,10,0,,,
2021-09-11,2021,R,,north-carolina-state,mississippi-state,A,10,24,0,,,
2021-09-11,2021,R,,nebraska,buffalo,H,28,3,0,,,
2021-09-11,2021,R,,buffalo,nebraska,A,3,28,0,,,
2021-09-11,2021,R,,nevada,idaho-state,H,49,10,0,,,
2021-09-11,2021,R,,idaho-state,nevada,A,10,49,0,,,
2021-09-11,2021,R,,new-mexico,new-mexico-state,H,34,25,0,,,
2021-09-11,2021,R,,new-mexico-state,new-mexico,A,25,34,0,,,
2021-09-11,2021,R,,north-carolina,georgia-state,H,59,17,0,24.0,,
2021-09-11,2021,R,,georgia-state,north-carolina,A,17,59,0,,24.0,
2021-09-11,2021,R,,northwestern,indiana-state,H,24,6,0,,,
2021-09-11,2021,R,,indiana-state,northwestern,A,6,24,0,,,
2021-09-11,2021,R,,notre-dame,toledo,H,32,29,0,8.0,,
2021-09-11,2021,R,,toledo,notre-dame,A,29,32,0,,8.0,
2021-09-11,2021,R,,oklahoma,western-carolina,H,76,0,0,4.0,,
2021-09-11,2021,R,,western-carolina,oklahoma,A,0,76,0,,4.0,
2021-09-11,2021,R,,oklahoma-state,tulsa,H,28,23,0,,,
2021-09-11,2021,R,,tulsa,oklahoma-state,A,23,28,0,,,
2021-09-11,2021,R,,old-dominion,hampton,H,47,7,0,,,
2021-09-11,2021,R,,hampton,old-dominion,A,7,47,0,,,
2021-09-11,2021,R,,oregon,ohio-state,A,35,28,0,12.0,3.0,
2021-09-11,2021,R,,ohio-state,oregon,H,28,35,0,3.0,12.0,
2021-09-11,2021,R,,oregon-state,hawaii,H,45,27,0,,,
2021-09-11,2021,R,,hawaii,oregon-state,A,27,45,0,,,
2021-09-11,2021,R,,penn-state,ball-state,H,44,13,0,11.0,,
2021-09-11,2021,R,,ball-state,penn-state,A,13,44,0,,11.0,
2021-09-11,2021,R,,pittsburgh,tennessee,A,41,34,0,,,
2021-09-11,2021,R,,tennessee,pittsburgh,H,34,41,0,,,
2021-09-11,2021,R,,purdue,connecticut,A,49,0,0,,,
2021-09-11,2021,R,,connecticut,purdue,H,0,49,0,,,
2021-09-11,2021,R,,rutgers,syracuse,A,17,7,0,,,
2021-09-11,2021,R,,syracuse,rutgers,H,7,17,0,,,
2021-09-11,2021,R,,san-diego-state,arizona,A,38,14,0,,,
2021-09-11,2021,R,,arizona,san-diego-state,H,14,38,0,,,
2021-09-11,2021,R,,south-alabama,bowling-green,A,22,19,0,,,
2021-09-11,2021,R,,bowling-green,south-alabama,H,19,22,0,,,
2021-09-11,2021,R,,south-carolina,east-carolina,A,20,17,0,,,
2021-09-11,2021,R,,east-carolina,south-carolina,H,17,20,0,,,
2021-09-11,2021,R,,southern-methodist,north-texas,H,35,12,0,,,
2021-09-11,2021,R,,north-texas,southern-methodist,A,12,35,0,,,
2021-09-11,2021,R,,southern-mississippi,grambling-state,H,37,0,0,,,
2021-09-11,2021,R,,grambling-state,southern-mississippi,A,0,37,0,,,
2021-09-11,2021,R,,stanford,southern-california,A,42,28,0,,14.0,
2021-09-11,2021,R,,southern-california,stanford,H,28,42,0,14.0,,
2021-09-11,2021,R,,temple,akron,A,45,24,0,,,
2021-09-11,2021,R,,akron,temple,H,24,45,0,,,
2021-09-11,2021,R,,texas-a-m,colorado,N,10,7,0,5.0,,Empower Field at Mile High - Denver Colorado
2021-09-11,2021,R,,colorado,texas-a-m,N,7,10,0,,5.0,Empower Field at Mile High - Denver Colorado
2021-09-11,2021,R,,texas-christian,california,H,34,32,0,,,
2021-09-11,2021,R,,california,texas-christian,A,32,34,0,,,
2021-09-11,2021,R,,texas-state,florida-international,A,23,17,0,,,
2021-09-11,2021,R,,florida-international,texas-state,H,17,23,0,,,
2021-09-11,2021,R,,texas-tech,stephen-f-austin,H,28,22,0,,,
2021-09-11,2021,R,,stephen-f-austin,texas-tech,A,22,28,0,,,
2021-09-11,2021,R,,texas-san-antonio,lamar,H,54,0,0,,,
2021-09-11,2021,R,,lamar,texas-san-antonio,A,0,54,0,,,
2021-09-11,2021,R,,tulane,morgan-state,H,69,20,0,,,
2021-09-11,2021,R,,morgan-state,tulane,A,20,69,0,,,
2021-09-11,2021,R,,vanderbilt,colorado-state,A,24,21,0,,,
2021-09-11,2021,R,,colorado-state,vanderbilt,H,21,24,0,,,
2021-09-11,2021,R,,virginia,illinois,H,42,14,0,,,
2021-09-11,2021,R,,illinois,virginia,A,14,42,0,,,
2021-09-11,2021,R,,virginia-tech,middle-tennessee-state,H,35,14,0,19.0,,
2021-09-11,2021,R,,middle-tennessee-state,virginia-tech,A,14,35,0,,19.0,
2021-09-11,2021,R,,wake-forest,norfolk-state,H,41,16,0,,,
2021-09-11,2021,R,,norfolk-state,wake-forest,A,16,41,0,,,
2021-09-11,2021,R,,washington-state,portland-state,H,44,24,0,,,
2021-09-11,2021,R,,portland-state,washington-state,A,24,44,0,,,
2021-09-11,2021,R,,west-virginia,long-island,H,66,0,0,,,
2021-09-11,2021,R,,long-island,west-virginia,A,0,66,0,,,
2021-09-11,2021,R,,western-michigan,illinois-state,H,28,0,0,,,
2021-09-11,2021,R,,illinois-state,western-michigan,A,0,28,0,,,
2021-09-11,2021,R,,wisconsin,eastern-michigan,H,34,7,0,18.0,,
2021-09-11,2021,R,,eastern-michigan,wisconsin,A,7,34,0,,18.0,
2021-09-11,2021,R,,wyoming,northern-illinois,A,50,43,0,,,
2021-09-11,2021,R,,northern-illinois,wyoming,H,43,50,0,,,
2021-09-16,2021,R,,louisiana,ohio,H,49,14,0,,,
2021-09-16,2021,R,,ohio,louisiana,A,14,49,0,,,
2021-09-17,2021,R,,louisville,central-florida,H,42,35,0,,,
2021-09-17,2021,R,,central-florida,louisville,A,35,42,0,,,
2021-09-17,2021,R,,maryland,illinois,A,20,17,0,,,
2021-09-17,2021,R,,illinois,maryland,H,17,20,0,,,
2021-09-18,2021,R,,akron,bryant,H,35,14,0,,,
2021-09-18,2021,R,,bryant,akron,A,14,35,0,,,
2021-09-18,2021,R,,alabama,florida,A,31,29,0,1.0,11.0,
2021-09-18,2021,R,,florida,alabama,H,29,31,0,11.0,1.0,
2021-09-18,2021,R,,alabama-birmingham,north-texas,A,40,6,0,,,
2021-09-18,2021,R,,north-texas,alabama-birmingham,H,6,40,0,,,
2021-09-18,2021,R,,appalachian-state,elon,H,44,10,0,,,
2021-09-18,2021,R,,elon,appalachian-state,A,10,44,0,,,
2021-09-18,2021,R,,arkansas,georgia-southern,H,45,10,0,20.0,,
2021-09-18,2021,R,,georgia-southern,arkansas,A,10,45,0,,20.0,
2021-09-18,2021,R,,army,connecticut,H,52,21,0,,,
2021-09-18,2021,R,,connecticut,army,A,21,52,0,,,
2021-09-18,2021,R,,baylor,kansas,A,45,7,0,,,
2021-09-18,2021,R,,kansas,baylor,H,7,45,0,,,
2021-09-18,2021,R,,boston-college,temple,A,28,3,0,,,
2021-09-18,2021,R,,temple,boston-college,H,3,28,0,,,
2021-09-18,2021,R,,bowling-green,murray-state,H,27,10,0,,,
2021-09-18,2021,R,,murray-state,bowling-green,A,10,27,0,,,
2021-09-18,2021,R,,brigham-young,arizona-state,H,27,17,0,23.0,19.0,
2021-09-18,2021,R,,arizona-state,brigham-young,A,17,27,0,19.0,23.0,
2021-09-18,2021,R,,california,sacramento-state,H,42,30,0,,,
2021-09-18,2021,R,,sacramento-state,california,A,30,42,0,,,
2021-09-18,2021,R,,cincinnati,indiana,A,38,24,0,8.0,,
2021-09-18,2021,R,,indiana,cincinnati,H,24,38,0,,8.0,
2021-09-18,2021,R,,clemson,georgia-tech,H,14,8,0,6.0,,
2021-09-18,2021,R,,georgia-tech,clemson,A,8,14,0,,6.0,
2021-09-18,2021,R,,coastal-carolina,buffalo,A,28,25,0,16.0,,
2021-09-18,2021,R,,buffalo,coastal-carolina,H,25,28,0,,16.0,
2021-09-18,2021,R,,colorado-state,toledo,A,22,6,0,,,
2021-09-18,2021,R,,toledo,colorado-state,H,6,22,0,,,
2021-09-18,2021,R,,duke,northwestern,H,30,23,0,,,
2021-09-18,2021,R,,northwestern,duke,A,23,30,0,,,
2021-09-18,2021,R,,east-carolina,marshall,A,42,38,0,,,
2021-09-18,2021,R,,marshall,east-carolina,H,38,42,0,,,
2021-09-18,2021,R,,eastern-michigan,massachusetts,A,42,28,0,,,
2021-09-18,2021,R,,massachusetts,eastern-michigan,H,28,42,0,,,
2021-09-18,2021,R,,florida-atlantic,fordham,H,45,14,0,,,
2021-09-18,2021,R,,fordham,florida-atlantic,A,14,45,0,,,
2021-09-18,2021,R,,fresno-state,ucla,A,40,37,0,,13.0,
2021-09-18,2021,R,,ucla,fresno-state,H,37,40,0,13.0,,
2021-09-18,2021,R,,georgia,south-carolina,H,40,13,0,2.0,,
2021-09-18,2021,R,,south-carolina,georgia,A,13,40,0,,2.0,
2021-09-18,2021,R,,georgia-state,charlotte,H,20,9,0,,,
2021-09-18,2021,R,,charlotte,georgia-state,A,9,20,0,,,
2021-09-18,2021,R,,houston,grambling-state,H,45,0,0,,,
2021-09-18,2021,R,,grambling-state,houston,A,0,45,0,,,
2021-09-18,2021,R,,incarnate-word,texas-state,A,42,34,0,,,
2021-09-18,2021,R,,texas-state,incarnate-word,H,34,42,0,,,
2021-09-18,2021,R,,iowa,kent-state,H,30,7,0,5.0,,
2021-09-18,2021,R,,kent-state,iowa,A,7,30,0,,5.0,
2021-09-18,2021,R,,iowa-state,nevada-las-vegas,A,48,3,0,14.0,,
2021-09-18,2021,R,,nevada-las-vegas,iowa-state,H,3,48,0,,14.0,
2021-09-18,2021,R,,kansas-state,nevada,H,38,17,0,,,
2021-09-18,2021,R,,nevada,kansas-state,A,17,38,0,,,
2021-09-18,2021,R,,kentucky,chattanooga,H,28,23,0,,,
2021-09-18,2021,R,,chattanooga,kentucky,A,23,28,0,,,
2021-09-18,2021,R,,liberty,old-dominion,H,45,17,0,,,
2021-09-18,2021,R,,old-dominion,liberty,A,17,45,0,,,
2021-09-18,2021,R,,louisiana-state,central-michigan,H,49,21,0,,,
2021-09-18,2021,R,,central-michigan,louisiana-state,A,21,49,0,,,
2021-09-18,2021,R,,louisiana-monroe,jackson-state,H,12,7,0,,,
2021-09-18,2021,R,,jackson-state,louisiana-monroe,A,7,12,0,,,
2021-09-18,2021,R,,memphis,mississippi-state,H,31,29,0,,,
2021-09-18,2021,R,,mississippi-state,memphis,A,29,31,0,,,
2021-09-18,2021,R,,miami-oh,long-island,H,42,7,0,,,
2021-09-18,2021,R,,long-island,miami-oh,A,7,42,0,,,
2021-09-18,2021,R,,michigan,northern-illinois,H,63,10,0,25.0,,
2021-09-18,2021,R,,northern-illinois,michigan,A,10,63,0,,25.0,
2021-09-18,2021,R,,michigan-state,miami-fl,A,38,17,0,,24.0,
2021-09-18,2021,R,,miami-fl,michigan-state,H,17,38,0,24.0,,
2021-09-18,2021,R,,minnesota,colorado,A,30,0,0,,,
2021-09-18,2021,R,,colorado,minnesota,H,0,30,0,,,
2021-09-18,2021,R,,mississippi,tulane,H,61,21,0,17.0,,
2021-09-18,2021,R,,tulane,mississippi,A,21,61,0,,17.0,
2021-09-18,2021,R,,missouri,southeast-missouri-state,H,59,28,0,,,
2021-09-18,2021,R,,southeast-missouri-state,missouri,A,28,59,0,,,
2021-09-18,2021,R,,new-mexico-state,south-carolina-state,H,43,35,0,,,
2021-09-18,2021,R,,south-carolina-state,new-mexico-state,A,35,43,0,,,
2021-09-18,2021,R,,north-carolina,virginia,H,59,39,0,21.0,,
2021-09-18,2021,R,,virginia,north-carolina,A,39,59,0,,21.0,
2021-09-18,2021,R,,north-carolina-state,furman,H,45,7,0,,,
2021-09-18,2021,R,,furman,north-carolina-state,A,7,45,0,,,
2021-09-18,2021,R,,northern-arizona,arizona,A,21,19,0,,,
2021-09-18,2021,R,,arizona,northern-arizona,H,19,21,0,,,
2021-09-18,2021,R,,notre-dame,purdue,H,27,13,0,12.0,,
2021-09-18,2021,R,,purdue,notre-dame,A,13,27,0,,12.0,
2021-09-18,2021,R,,ohio-state,tulsa,H,41,20,0,9.0,,
2021-09-18,2021,R,,tulsa,ohio-state,A,20,41,0,,9.0,
2021-09-18,2021,R,,oklahoma,nebraska,H,23,16,0,3.0,,
2021-09-18,2021,R,,nebraska,oklahoma,A,16,23,0,,3.0,
2021-09-18,2021,R,,oklahoma-state,boise-state,A,21,20,0,,,
2021-09-18,2021,R,,boise-state,oklahoma-state,H,20,21,0,,,
2021-09-18,2021,R,,oregon,stony-brook,H,48,7,0,4.0,,
2021-09-18,2021,R,,stony-brook,oregon,A,7,48,0,,4.0,
2021-09-18,2021,R,,oregon-state,idaho,H,42,0,0,,,
2021-09-18,2021,R,,idaho,oregon-state,A,0,42,0,,,
2021-09-18,2021,R,,penn-state,auburn,H,28,20,0,10.0,22.0,
2021-09-18,2021,R,,auburn,penn-state,A,20,28,0,22.0,10.0,
2021-09-18,2021,R,,rutgers,delaware,H,45,13,0,,,
2021-09-18,2021,R,,delaware,rutgers,A,13,45,0,,,
2021-09-18,2021,R,,san-diego-state,utah,H,33,31,0,,,
2021-09-18,2021,R,,utah,san-diego-state,A,31,33,0,,,
2021-09-18,2021,R,,south-alabama,alcorn-state,H,28,21,0,,,
2021-09-18,2021,R,,alcorn-state,south-alabama,A,21,28,0,,,
2021-09-18,2021,R,,south-florida,florida-a-m,H,38,17,0,,,
2021-09-18,2021,R,,florida-a-m,south-florida,A,17,38,0,,,
2021-09-18,2021,R,,southern-california,washington-state,A,45,14,0,,,
2021-09-18,2021,R,,washington-state,southern-california,H,14,45,0,,,
2021-09-18,2021,R,,southern-methodist,louisiana-tech,A,39,37,0,,,
2021-09-18,2021,R,,louisiana-tech,southern-methodist,H,37,39,0,,,
2021-09-18,2021,R,,stanford,vanderbilt,A,41,23,0,,,
2021-09-18,2021,R,,vanderbilt,stanford,H,23,41,0,,,
2021-09-18,2021,R,,syracuse,albany,H,62,24,0,,,
2021-09-18,2021,R,,albany,syracuse,A,24,62,0,,,
2021-09-18,2021,R,,tennessee,tennessee-tech,H,56,0,0,,,
2021-09-18,2021,R,,tennessee-tech,tennessee,A,0,56,0,,,
2021-09-18,2021,R,,texas,rice,H,58,0,0,,,
2021-09-18,2021,R,,rice,texas,A,0,58,0,,,
2021-09-18,2021,R,,texas-a-m,new-mexico,H,34,0,0,7.0,,
2021-09-18,2021,R,,new-mexico,texas-a-m,A,0,34,0,,7.0,
2021-09-18,2021,R,,texas-tech,florida-international,H,54,21,0,,,
2021-09-18,2021,R,,florida-international,texas-tech,A,21,54,0,,,
2021-09-18,2021,R,,texas-san-antonio,middle-tennessee-state,H,27,13,0,,,
2021-09-18,2021,R,,middle-tennessee-state,texas-san-antonio,A,13,27,0,,,
2021-09-18,2021,R,,troy,southern-mississippi,A,21,9,0,,,
2021-09-18,2021,R,,southern-mississippi,troy,H,9,21,0,,,
2021-09-18,2021,R,,utah-state,air-force,A,49,45,0,,,
2021-09-18,2021,R,,air-force,utah-state,H,45,49,0,,,
2021-09-18,2021,R,,wake-forest,florida-state,H,35,14,0,,,
2021-09-18,2021,R,,florida-state,wake-forest,A,14,35,0,,,
2021-09-18,2021,R,,washington,arkansas-state,H,52,3,0,,,
2021-09-18,2021,R,,arkansas-state,washington,A,3,52,0,,,
2021-09-18,2021,R,,west-virginia,virginia-tech,H,27,21,0,,15.0,
2021-09-18,2021,R,,virginia-tech,west-virginia,A,21,27,0,15.0,,
2021-09-18,2021,R,,western-michigan,pittsburgh,A,44,41,0,,,
2021-09-18,2021,R,,pittsburgh,western-michigan,H,41,44,0,,,
2021-09-18,2021,R,,wyoming,ball-state,H,45,12,0,,,
2021-09-18,2021,R,,ball-state,wyoming,A,12,45,0,,,
2021-09-19,2021,R,,san-jose-state,hawaii,A,17,13,0,,,
2021-09-19,2021,R,,hawaii,san-jose-state,H,13,17,0,,,
2021-09-23,2021,R,,appalachian-state,marshall,H,31,30,0,,,
2021-09-23,2021,R,,marshall,appalachian-state,A,30,31,0,,,
2021-09-24,2021,R,,charlotte,middle-tennessee-state,H,42,39,0,,,
2021-09-24,2021,R,,middle-tennessee-state,charlotte,A,39,42,0,,,
2021-09-24,2021,R,,fresno-state,nevada-las-vegas,H,38,30,0,22.0,,
2021-09-24,2021,R,,nevada-las-vegas,fresno-state,A,30,38,0,,22.0,
2021-09-24,2021,R,,syracuse,liberty,H,24,21,0,,,
2021-09-24,2021,R,,liberty,syracuse,A,21,24,0,,,
2021-09-24,2021,R,,wake-forest,virginia,A,37,17,0,,,
2021-09-24,2021,R,,virginia,wake-forest,H,17,37,0,,,
2021-09-25,2021,R,,air-force,florida-atlantic,H,31,7,0,,,
2021-09-25,2021,R,,florida-atlantic,air-force,A,7,31,0,,,
2021-09-25,2021,R,,alabama,southern-mississippi,H,63,14,0,1.0,,
2021-09-25,2021,R,,southern-mississippi,alabama,A,14,63,0,,1.0,
2021-09-25,2021,R,,alabama-birmingham,tulane,A,28,21,0,,,
2021-09-25,2021,R,,tulane,alabama-birmingham,H,21,28,0,,,
2021-09-25,2021,R,,arizona-state,colorado,H,35,13,0,,,
2021-09-25,2021,R,,colorado,arizona-state,A,13,35,0,,,
2021-09-25,2021,R,,arkansas,texas-a-m,N,20,10,0,16.0,7.0,AT&T Stadium - Arlington Texas
2021-09-25,2021,R,,texas-a-m,arkansas,N,10,20,0,7.0,16.0,AT&T Stadium - Arlington Texas
2021-09-25,2021,R,,army,miami-oh,H,23,10,0,,,
2021-09-25,2021,R,,miami-oh,army,A,10,23,0,,,
2021-09-25,2021,R,,auburn,georgia-state,H,34,24,0,23.0,,
2021-09-25,2021,R,,georgia-state,auburn,A,24,34,0,,23.0,
2021-09-25,2021,R,,baylor,iowa-state,H,31,29,0,,14.0,
2021-09-25,2021,R,,iowa-state,baylor,A,29,31,0,14.0,,
2021-09-25,2021,R,,boise-state,utah-state,A,27,3,0,,,
2021-09-25,2021,R,,utah-state,boise-state,H,3,27,0,,,
2021-09-25,2021,R,,boston-college,missouri,H,41,34,0,,,
2021-09-25,2021,R,,missouri,boston-college,A,34,41,0,,,
2021-09-25,2021,R,,bowling-green,minnesota,A,14,10,0,,,
2021-09-25,2021,R,,minnesota,bowling-green,H,10,14,0,,,
2021-09-25,2021,R,,brigham-young,south-florida,H,35,27,0,15.0,,
2021-09-25,2021,R,,south-florida,brigham-young,A,27,35,0,,15.0,
2021-09-25,2021,R,,buffalo,old-dominion,A,35,34,0,,,
2021-09-25,2021,R,,old-dominion,buffalo,H,34,35,0,,,
2021-09-25,2021,R,,central-michigan,florida-international,H,31,27,0,,,
2021-09-25,2021,R,,florida-international,central-michigan,A,27,31,0,,,
2021-09-25,2021,R,,coastal-carolina,massachusetts,H,53,3,0,17.0,,
2021-09-25,2021,R,,massachusetts,coastal-carolina,A,3,53,0,,17.0,
2021-09-25,2021,R,,duke,kansas,H,52,33,0,,,
2021-09-25,2021,R,,kansas,duke,A,33,52,0,,,
2021-09-25,2021,R,,east-carolina,charleston-southern,H,31,28,0,,,
2021-09-25,2021,R,,charleston-southern,east-carolina,A,28,31,0,,,
2021-09-25,2021,R,,eastern-michigan,texas-state,H,59,21,0,,,
2021-09-25,2021,R,,texas-state,eastern-michigan,A,21,59,0,,,
2021-09-25,2021,R,,florida,tennessee,H,38,14,0,11.0,,
2021-09-25,2021,R,,tennessee,florida,A,14,38,0,,11.0,
2021-09-25,2021,R,,georgia,vanderbilt,A,62,0,0,2.0,,
2021-09-25,2021,R,,vanderbilt,georgia,H,0,62,0,,2.0,
2021-09-25,2021,R,,georgia-tech,north-carolina,N,45,22,0,,21.0,Mercedes-Benz Stadium - Atlanta Georgia
2021-09-25,2021,R,,north-carolina,georgia-tech,N,22,45,0,21.0,,Mercedes-Benz Stadium - Atlanta Georgia
2021-09-25,2021,R,,hawaii,new-mexico-state,A,41,21,0,,,
2021-09-25,2021,R,,new-mexico-state,hawaii,H,21,41,0,,,
2021-09-25,2021,R,,houston,navy,H,28,20,0,,,
2021-09-25,2021,R,,navy,houston,A,20,28,0,,,
2021-09-25,2021,R,,indiana,western-kentucky,A,33,31,0,,,
2021-09-25,2021,R,,western-kentucky,indiana,H,31,33,0,,,
2021-09-25,2021,R,,iowa,colorado-state,H,24,14,0,5.0,,
2021-09-25,2021,R,,colorado-state,iowa,A,14,24,0,,5.0,
2021-09-25,2021,R,,kentucky,south-carolina,A,16,10,0,,,
2021-09-25,2021,R,,south-carolina,kentucky,H,10,16,0,,,
2021-09-25,2021,R,,louisiana,georgia-southern,A,28,20,0,,,
2021-09-25,2021,R,,georgia-southern,louisiana,H,20,28,0,,,
2021-09-25,2021,R,,louisiana-state,mississippi-state,A,28,25,0,,,
2021-09-25,2021,R,,mississippi-state,louisiana-state,H,25,28,0,,,
2021-09-25,2021,R,,louisiana-tech,north-texas,H,24,17,0,,,
2021-09-25,2021,R,,north-texas,louisiana-tech,A,17,24,0,,,
2021-09-25,2021,R,,louisiana-monroe,troy,H,29,16,0,,,
2021-09-25,2021,R,,troy,louisiana-monroe,A,16,29,0,,,
2021-09-25,2021,R,,louisville,florida-state,A,31,23,0,,,
2021-09-25,2021,R,,florida-state,louisville,H,23,31,0,,,
2021-09-25,2021,R,,maryland,kent-state,H,37,16,0,,,
2021-09-25,2021,R,,kent-state,maryland,A,16,37,0,,,
2021-09-25,2021,R,,miami-fl,central-connecticut-state,H,69,0,0,,,
2021-09-25,2021,R,,central-connecticut-state,miami-fl,A,0,69,0,,,
2021-09-25,2021,R,,michigan,rutgers,H,20,13,0,19.0,,
2021-09-25,2021,R,,rutgers,michigan,A,13,20,0,,19.0,
2021-09-25,2021,R,,michigan-state,nebraska,H,23,20,0,20.0,,
2021-09-25,2021,R,,nebraska,michigan-state,A,20,23,0,,20.0,
2021-09-25,2021,R,,north-carolina-state,clemson,H,27,21,0,,9.0,
2021-09-25,2021,R,,clemson,north-carolina-state,A,21,27,0,9.0,,
2021-09-25,2021,R,,northern-illinois,maine,H,41,14,0,,,
2021-09-25,2021,R,,maine,northern-illinois,A,14,41,0,,,
2021-09-25,2021,R,,northwestern,ohio,H,35,6,0,,,
2021-09-25,2021,R,,ohio,northwestern,A,6,35,0,,,
2021-09-25,2021,R,,notre-dame,wisconsin,N,41,13,0,12.0,18.0,Soldier Field (Chicago Illinois)
2021-09-25,2021,R,,wisconsin,notre-dame,N,13,41,0,18.0,12.0,Soldier Field (Chicago Illinois)
2021-09-25,2021,R,,ohio-state,akron,H,59,7,0,10.0,,
2021-09-25,2021,R,,akron,ohio-state,A,7,59,0,,10.0,
2021-09-25,2021,R,,oklahoma,west-virginia,H,16,13,0,4.0,,
2021-09-25,2021,R,,west-virginia,oklahoma,A,13,16,0,,4.0,
2021-09-25,2021,R,,oklahoma-state,kansas-state,H,31,20,0,,25.0,
2021-09-25,2021,R,,kansas-state,oklahoma-state,A,20,31,0,25.0,,
2021-09-25,2021,R,,oregon,arizona,H,41,19,0,3.0,,
2021-09-25,2021,R,,arizona,oregon,A,19,41,0,,3.0,
2021-09-25,2021,R,,oregon-state,southern-california,A,45,27,0,,,
2021-09-25,2021,R,,southern-california,oregon-state,H,27,45,0,,,
2021-09-25,2021,R,,penn-state,villanova,H,38,17,0,6.0,,
2021-09-25,2021,R,,villanova,penn-state,A,17,38,0,,6.0,
2021-09-25,2021,R,,pittsburgh,new-hampshire,H,77,7,0,,,
2021-09-25,2021,R,,new-hampshire,pittsburgh,A,7,77,0,,,
2021-09-25,2021,R,,purdue,illinois,H,13,9,0,,,
2021-09-25,2021,R,,illinois,purdue,A,9,13,0,,,
2021-09-25,2021,R,,rice,texas-southern,H,48,34,0,,,
2021-09-25,2021,R,,texas-southern,rice,A,34,48,0,,,
2021-09-25,2021,R,,san-diego-state,towson,H,48,21,0,,,
2021-09-25,2021,R,,towson,san-diego-state,A,21,48,0,,,
2021-09-25,2021,R,,southern-methodist,texas-christian,A,42,34,0,,,
2021-09-25,2021,R,,texas-christian,southern-methodist,H,34,42,0,,,
2021-09-25,2021,R,,temple,wagner,H,41,7,0,,,
2021-09-25,2021,R,,wagner,temple,A,7,41,0,,,
2021-09-25,2021,R,,texas,texas-tech,H,70,35,0,,,
2021-09-25,2021,R,,texas-tech,texas,A,35,70,0,,,
2021-09-25,2021,R,,texas-el-paso,new-mexico,H,20,13,0,,,
2021-09-25,2021,R,,new-mexico,texas-el-paso,A,13,20,0,,,
2021-09-25,2021,R,,texas-san-antonio,memphis,A,31,28,0,,,
2021-09-25,2021,R,,memphis,texas-san-antonio,H,28,31,0,,,
2021-09-25,2021,R,,toledo,ball-state,A,22,12,0,,,
2021-09-25,2021,R,,ball-state,toledo,H,12,22,0,,,
2021-09-25,2021,R,,tulsa,arkansas-state,H,41,34,0,,,
2021-09-25,2021,R,,arkansas-state,tulsa,A,34,41,0,,,
2021-09-25,2021,R,,ucla,stanford,A,35,24,0,24.0,,
2021-09-25,2021,R,,stanford,ucla,H,24,35,0,,24.0,
2021-09-25,2021,R,,utah,washington-state,H,24,13,0,,,
2021-09-25,2021,R,,washington-state,utah,A,13,24,0,,,
2021-09-25,2021,R,,virginia-tech,richmond,H,21,10,0,,,
2021-09-25,2021,R,,richmond,virginia-tech,A,10,21,0,,,
2021-09-25,2021,R,,washington,california,H,31,24,0,,,
2021-09-25,2021,R,,california,washington,A,24,31,0,,,
2021-09-25,2021,R,,western-michigan,san-jose-state,H,23,3,0,,,
2021-09-25,2021,R,,san-jose-state,western-michigan,A,3,23,0,,,
2021-09-25,2021,R,,wyoming,connecticut,A,24,22,0,,,
2021-09-25,2021,R,,connecticut,wyoming,H,22,24,0,,,
2021-09-30,2021,R,,virginia,miami-fl,A,30,28,0,,,
2021-09-30,2021,R,,miami-fl,virginia,H,28,30,0,,,
2021-10-01,2021,R,,brigham-young,utah-state,A,34,20,0,13.0,,
2021-10-01,2021,R,,utah-state,brigham-young,H,20,34,0,,13.0,
2021-10-01,2021,R,,houston,tulsa,A,45,10,0,,,
2021-10-01,2021,R,,tulsa,houston,H,10,45,0,,,
2021-10-01,2021,R,,iowa,maryland,A,51,14,0,5.0,,
2021-10-01,2021,R,,maryland,iowa,H,14,51,0,,5.0,
2021-10-02,2021,R,,air-force,new-mexico,A,38,10,0,,,
2021-10-02,2021,R,,new-mexico,air-force,H,10,38,0,,,
2021-10-02,2021,R,,alabama,mississippi,H,42,21,0,1.0,12.0,
2021-10-02,2021,R,,mississippi,alabama,A,21,42,0,12.0,1.0,
2021-10-02,2021,R,,appalachian-state,georgia-state,A,45,16,0,,,
2021-10-02,2021,R,,georgia-state,appalachian-state,H,16,45,0,,,
2021-10-02,2021,R,,arizona-state,ucla,A,42,23,0,,20.0,
2021-10-02,2021,R,,ucla,arizona-state,H,23,42,0,20.0,,
2021-10-02,2021,R,,auburn,louisiana-state,A,24,19,0,22.0,,
2021-10-02,2021,R,,louisiana-state,auburn,H,19,24,0,,22.0,
2021-10-02,2021,R,,ball-state,army,H,28,16,0,,,
2021-10-02,2021,R,,army,ball-state,A,16,28,0,,,
2021-10-02,2021,R,,cincinnati,notre-dame,A,24,13,0,7.0,9.0,
2021-10-02,2021,R,,notre-dame,cincinnati,H,13,24,0,9.0,7.0,
2021-10-02,2021,R,,clemson,boston-college,H,19,13,0,25.0,,
2021-10-02,2021,R,,boston-college,clemson,A,13,19,0,,25.0,
2021-10-02,2021,R,,coastal-carolina,louisiana-monroe,H,59,6,0,16.0,,
2021-10-02,2021,R,,louisiana-monroe,coastal-carolina,A,6,59,0,,16.0,
2021-10-02,2021,R,,east-carolina,tulane,H,52,29,0,,,
2021-10-02,2021,R,,tulane,east-carolina,A,29,52,0,,,
2021-10-02,2021,R,,florida-atlantic,florida-international,H,58,21,0,,,
2021-10-02,2021,R,,florida-international,florida-atlantic,A,21,58,0,,,
2021-10-02,2021,R,,florida-state,syracuse,H,33,30,0,,,
2021-10-02,2021,R,,syracuse,florida-state,A,30,33,0,,,
2021-10-02,2021,R,,georgia,arkansas,H,37,0,0,2.0,8.0,
2021-10-02,2021,R,,arkansas,georgia,A,0,37,0,8.0,2.0,
2021-10-02,2021,R,,georgia-southern,arkansas-state,H,59,33,0,,,
2021-10-02,2021,R,,arkansas-state,georgia-southern,A,33,59,0,,,
2021-10-02,2021,R,,hawaii,fresno-state,H,27,24,0,,18.0,
2021-10-02,2021,R,,fresno-state,hawaii,A,24,27,0,18.0,,
2021-10-02,2021,R,,illinois,charlotte,H,24,14,0,,,
2021-10-02,2021,R,,charlotte,illinois,A,14,24,0,,,
2021-10-02,2021,R,,iowa-state,kansas,H,59,7,0,,,
2021-10-02,2021,R,,kansas,iowa-state,A,7,59,0,,,
2021-10-02,2021,R,,kent-state,bowling-green,H,27,20,0,,,
2021-10-02,2021,R,,bowling-green,kent-state,A,20,27,0,,,
2021-10-02,2021,R,,kentucky,florida,H,20,13,0,,10.0,
2021-10-02,2021,R,,florida,kentucky,A,13,20,0,10.0,,
2021-10-02,2021,R,,liberty,alabama-birmingham,A,36,12,0,,,
2021-10-02,2021,R,,alabama-birmingham,liberty,H,12,36,0,,,
2021-10-02,2021,R,,louisiana,south-alabama,A,20,18,0,,,
2021-10-02,2021,R,,south-alabama,louisiana,H,18,20,0,,,
2021-10-02,2021,R,,miami-oh,central-michigan,H,28,17,0,,,
2021-10-02,2021,R,,central-michigan,miami-oh,A,17,28,0,,,
2021-10-02,2021,R,,michigan,wisconsin,A,38,17,0,14.0,,
2021-10-02,2021,R,,wisconsin,michigan,H,17,38,0,,14.0,
2021-10-02,2021,R,,michigan-state,western-kentucky,H,48,31,0,17.0,,
2021-10-02,2021,R,,western-kentucky,michigan-state,A,31,48,0,,17.0,
2021-10-02,2021,R,,middle-tennessee-state,marshall,H,34,28,0,,,
2021-10-02,2021,R,,marshall,middle-tennessee-state,A,28,34,0,,,
2021-10-02,2021,R,,minnesota,purdue,A,20,13,0,,,
2021-10-02,2021,R,,purdue,minnesota,H,13,20,0,,,
2021-10-02,2021,R,,mississippi-state,texas-a-m,A,26,22,0,,15.0,
2021-10-02,2021,R,,texas-a-m,mississippi-state,H,22,26,0,15.0,,
2021-10-02,2021,R,,navy,central-florida,H,34,30,0,,,
2021-10-02,2021,R,,central-florida,navy,A,30,34,0,,,
2021-10-02,2021,R,,nebraska,northwestern,H,56,7,0,,,
2021-10-02,2021,R,,northwestern,nebraska,A,7,56,0,,,
2021-10-02,2021,R,,nevada,boise-state,A,41,31,0,,,
2021-10-02,2021,R,,boise-state,nevada,H,31,41,0,,,
2021-10-02,2021,R,,north-carolina,duke,H,38,7,0,,,
2021-10-02,2021,R,,duke,north-carolina,A,7,38,0,,,
2021-10-02,2021,R,,north-carolina-state,louisiana-tech,H,34,27,0,23.0,,
2021-10-02,2021,R,,louisiana-tech,north-carolina-state,A,27,34,0,,23.0,
2021-10-02,2021,R,,northern-illinois,eastern-michigan,H,27,20,0,,,
2021-10-02,2021,R,,eastern-michigan,northern-illinois,A,20,27,0,,,
2021-10-02,2021,R,,ohio,akron,A,34,17,0,,,
2021-10-02,2021,R,,akron,ohio,H,17,34,0,,,
2021-10-02,2021,R,,ohio-state,rutgers,A,52,13,0,11.0,,
2021-10-02,2021,R,,rutgers,ohio-state,H,13,52,0,,11.0,
2021-10-02,2021,R,,oklahoma,kansas-state,A,37,31,0,6.0,,
2021-10-02,2021,R,,kansas-state,oklahoma,H,31,37,0,,6.0,
2021-10-02,2021,R,,oklahoma-state,baylor,H,24,14,0,19.0,21.0,
2021-10-02,2021,R,,baylor,oklahoma-state,A,14,24,0,21.0,19.0,
2021-10-02,2021,R,,oregon-state,washington,H,27,24,0,,,
2021-10-02,2021,R,,washington,oregon-state,A,24,27,0,,,
2021-10-02,2021,R,,penn-state,indiana,H,24,0,0,4.0,,
2021-10-02,2021,R,,indiana,penn-state,A,0,24,0,,4.0,
2021-10-02,2021,R,,pittsburgh,georgia-tech,A,52,21,0,,,
2021-10-02,2021,R,,georgia-tech,pittsburgh,H,21,52,0,,,
2021-10-02,2021,R,,rice,southern-mississippi,H,24,19,0,,,
2021-10-02,2021,R,,southern-mississippi,rice,A,19,24,0,,,
2021-10-02,2021,R,,san-jose-state,new-mexico-state,H,37,31,0,,,
2021-10-02,2021,R,,new-mexico-state,san-jose-state,A,31,37,0,,,
2021-10-02,2021,R,,south-carolina,troy,H,23,14,0,,,
2021-10-02,2021,R,,troy,south-carolina,A,14,23,0,,,
2021-10-02,2021,R,,southern-california,colorado,A,37,14,0,,,
2021-10-02,2021,R,,colorado,southern-california,H,14,37,0,,,
2021-10-02,2021,R,,southern-methodist,south-florida,H,41,17,0,,,
2021-10-02,2021,R,,south-florida,southern-methodist,A,17,41,0,,,
2021-10-02,2021,R,,stanford,oregon,H,31,24,0,,3.0,
2021-10-02,2021,R,,oregon,stanford,A,24,31,0,3.0,,
2021-10-02,2021,R,,temple,memphis,H,34,31,0,,,
2021-10-02,2021,R,,memphis,temple,A,31,34,0,,,
2021-10-02,2021,R,,tennessee,missouri,A,62,24,0,,,
2021-10-02,2021,R,,missouri,tennessee,H,24,62,0,,,
2021-10-02,2021,R,,texas,texas-christian,A,32,27,0,,,
2021-10-02,2021,R,,texas-christian,texas,H,27,32,0,,,
2021-10-02,2021,R,,texas-tech,west-virginia,A,23,20,0,,,
2021-10-02,2021,R,,west-virginia,texas-tech,H,20,23,0,,,
2021-10-02,2021,R,,texas-el-paso,old-dominion,H,28,21,0,,,
2021-10-02,2021,R,,old-dominion,texas-el-paso,A,21,28,0,,,
2021-10-02,2021,R,,texas-san-antonio,nevada-las-vegas,H,24,17,0,,,
2021-10-02,2021,R,,nevada-las-vegas,texas-san-antonio,A,17,24,0,,,
2021-10-02,2021,R,,toledo,massachusetts,A,45,7,0,,,
2021-10-02,2021,R,,massachusetts,toledo,H,7,45,0,,,
2021-10-02,2021,R,,vanderbilt,connecticut,H,30,28,0,,,
2021-10-02,2021,R,,connecticut,vanderbilt,A,28,30,0,,,
2021-10-02,2021,R,,wake-forest,louisville,H,37,34,0,24.0,,
2021-10-02,2021,R,,louisville,wake-forest,A,34,37,0,,24.0,
2021-10-02,2021,R,,washington-state,california,A,21,6,0,,,
2021-10-02,2021,R,,california,washington-state,H,6,21,0,,,
2021-10-02,2021,R,,western-michigan,buffalo,A,24,17,0,,,
2021-10-02,2021,R,,buffalo,western-michigan,H,17,24,0,,,
2021-10-07,2021,R,,coastal-carolina,arkansas-state,A,52,20,0,15.0,,
2021-10-07,2021,R,,arkansas-state,coastal-carolina,H,20,52,0,,15.0,
2021-10-07,2021,R,,houston,tulane,A,40,22,0,,,
2021-10-07,2021,R,,tulane,houston,H,22,40,0,,,
2021-10-08,2021,R,,arizona-state,stanford,H,28,10,0,22.0,,
2021-10-08,2021,R,,stanford,arizona-state,A,10,28,0,,22.0,
2021-10-08,2021,R,,charlotte,florida-international,A,45,33,0,,,
2021-10-08,2021,R,,florida-international,charlotte,H,33,45,0,,,
2021-10-08,2021,R,,cincinnati,temple,H,52,3,0,5.0,,
2021-10-08,2021,R,,temple,cincinnati,A,3,52,0,,5.0,
2021-10-09,2021,R,,air-force,wyoming,H,24,14,0,,,
2021-10-09,2021,R,,wyoming,air-force,A,14,24,0,,,
2021-10-09,2021,R,,akron,bowling-green,A,35,20,0,,,
2021-10-09,2021,R,,bowling-green,akron,H,20,35,0,,,
2021-10-09,2021,R,,alabama-birmingham,florida-atlantic,H,31,14,0,,,
2021-10-09,2021,R,,florida-atlantic,alabama-birmingham,A,14,31,0,,,
2021-10-09,2021,R,,ball-state,western-michigan,A,45,20,0,,,
2021-10-09,2021,R,,western-michigan,ball-state,H,20,45,0,,,
2021-10-09,2021,R,,baylor,west-virginia,H,45,20,0,,,
2021-10-09,2021,R,,west-virginia,baylor,A,20,45,0,,,
2021-10-09,2021,R,,boise-state,brigham-young,A,26,17,0,,10.0,
2021-10-09,2021,R,,brigham-young,boise-state,H,17,26,0,10.0,,
2021-10-09,2021,R,,central-florida,east-carolina,H,20,16,0,,,
2021-10-09,2021,R,,east-carolina,central-florida,A,16,20,0,,,
2021-10-09,2021,R,,central-michigan,ohio,A,30,27,0,,,
2021-10-09,2021,R,,ohio,central-michigan,H,27,30,0,,,
2021-10-09,2021,R,,colorado-state,san-jose-state,H,32,14,0,,,
2021-10-09,2021,R,,san-jose-state,colorado-state,A,14,32,0,,,
2021-10-09,2021,R,,eastern-michigan,miami-oh,H,13,12,0,,,
2021-10-09,2021,R,,miami-oh,eastern-michigan,A,12,13,0,,,
2021-10-09,2021,R,,florida,vanderbilt,H,42,0,0,20.0,,
2021-10-09,2021,R,,vanderbilt,florida,A,0,42,0,,20.0,
2021-10-09,2021,R,,florida-state,north-carolina,A,35,25,0,,,
2021-10-09,2021,R,,north-carolina,florida-state,H,25,35,0,,,
2021-10-09,2021,R,,georgia,auburn,A,34,10,0,2.0,18.0,
2021-10-09,2021,R,,auburn,georgia,H,10,34,0,18.0,2.0,
2021-10-09,2021,R,,georgia-state,louisiana-monroe,A,55,21,0,,,
2021-10-09,2021,R,,louisiana-monroe,georgia-state,H,21,55,0,,,
2021-10-09,2021,R,,georgia-tech,duke,A,31,27,0,,,
2021-10-09,2021,R,,duke,georgia-tech,H,27,31,0,,,
2021-10-09,2021,R,,iowa,penn-state,H,23,20,0,3.0,4.0,
2021-10-09,2021,R,,penn-state,iowa,A,20,23,0,4.0,3.0,
2021-10-09,2021,R,,kent-state,buffalo,H,48,38,0,,,
2021-10-09,2021,R,,buffalo,kent-state,A,38,48,0,,,
2021-10-09,2021,R,,kentucky,louisiana-state,H,42,21,0,16.0,,
2021-10-09,2021,R,,louisiana-state,kentucky,A,21,42,0,,16.0,
2021-10-09,2021,R,,liberty,middle-tennessee-state,H,41,13,0,,,
2021-10-09,2021,R,,middle-tennessee-state,liberty,A,13,41,0,,,
2021-10-09,2021,R,,marshall,old-dominion,H,20,13,0,,,
2021-10-09,2021,R,,old-dominion,marshall,A,13,20,0,,,
2021-10-09,2021,R,,massachusetts,connecticut,H,27,13,0,,,
2021-10-09,2021,R,,connecticut,massachusetts,A,13,27,0,,,
2021-10-09,2021,R,,michigan,nebraska,A,32,29,0,9.0,,
2021-10-09,2021,R,,nebraska,michigan,H,29,32,0,,9.0,
2021-10-09,2021,R,,michigan-state,rutgers,A,31,13,0,11.0,,
2021-10-09,2021,R,,rutgers,michigan-state,H,13,31,0,,11.0,
2021-10-09,2021,R,,mississippi,arkansas,H,52,51,0,17.0,13.0,
2021-10-09,2021,R,,arkansas,mississippi,A,51,52,0,13.0,17.0,
2021-10-09,2021,R,,missouri,north-texas,H,48,35,0,,,
2021-10-09,2021,R,,north-texas,missouri,A,35,48,0,,,
2021-10-09,2021,R,,nevada,new-mexico-state,H,55,28,0,,,
2021-10-09,2021,R,,new-mexico-state,nevada,A,28,55,0,,,
2021-10-09,2021,R,,northern-illinois,toledo,A,22,20,0,,,
2021-10-09,2021,R,,toledo,northern-illinois,H,20,22,0,,,
2021-10-09,2021,R,,notre-dame,virginia-tech,A,32,29,0,14.0,,
2021-10-09,2021,R,,virginia-tech,notre-dame,H,29,32,0,,14.0,
2021-10-09,2021,R,,ohio-state,maryland,H,66,17,0,7.0,,
2021-10-09,2021,R,,maryland,ohio-state,A,17,66,0,,7.0,
2021-10-09,2021,R,,oklahoma,texas,N,55,48,0,6.0,21.0,Cotton Bowl - Dallas Texas
2021-10-09,2021,R,,texas,oklahoma,N,48,55,0,21.0,6.0,Cotton Bowl - Dallas Texas
2021-10-09,2021,R,,san-diego-state,new-mexico,H,31,7,0,25.0,,
2021-10-09,2021,R,,new-mexico,san-diego-state,A,7,31,0,,25.0,
2021-10-09,2021,R,,southern-methodist,navy,A,31,24,0,24.0,,
2021-10-09,2021,R,,navy,southern-methodist,H,24,31,0,,24.0,
2021-10-09,2021,R,,tennessee,south-carolina,H,45,20,0,,,
2021-10-09,2021,R,,south-carolina,tennessee,A,20,45,0,,,
2021-10-09,2021,R,,texas-a-m,alabama,H,41,38,0,,1.0,
2021-10-09,2021,R,,alabama,texas-a-m,A,38,41,0,1.0,,
2021-10-09,2021,R,,texas-christian,texas-tech,A,52,31,0,,,
2021-10-09,2021,R,,texas-tech,texas-christian,H,31,52,0,,,
2021-10-09,2021,R,,texas-state,south-alabama,H,33,31,0,,,
2021-10-09,2021,R,,south-alabama,texas-state,A,31,33,0,,,
2021-10-09,2021,R,,texas-el-paso,southern-mississippi,A,26,13,0,,,
2021-10-09,2021,R,,southern-mississippi,texas-el-paso,H,13,26,0,,,
2021-10-09,2021,R,,texas-san-antonio,western-kentucky,A,52,46,0,,,
2021-10-09,2021,R,,western-kentucky,texas-san-antonio,H,46,52,0,,,
2021-10-09,2021,R,,troy,georgia-southern,H,27,24,0,,,
2021-10-09,2021,R,,georgia-southern,troy,A,24,27,0,,,
2021-10-09,2021,R,,tulsa,memphis,H,35,29,0,,,
2021-10-09,2021,R,,memphis,tulsa,A,29,35,0,,,
2021-10-09,2021,R,,ucla,arizona,A,34,16,0,,,
2021-10-09,2021,R,,arizona,ucla,H,16,34,0,,,
2021-10-09,2021,R,,utah,southern-california,A,42,26,0,,,
2021-10-09,2021,R,,southern-california,utah,H,26,42,0,,,
2021-10-09,2021,R,,virginia,louisville,A,34,33,0,,,
2021-10-09,2021,R,,louisville,virginia,H,33,34,0,,,
2021-10-09,2021,R,,wake-forest,syracuse,A,40,37,0,19.0,,
2021-10-09,2021,R,,syracuse,wake-forest,H,37,40,0,,19.0,
2021-10-09,2021,R,,washington-state,oregon-state,H,31,24,0,,,
2021-10-09,2021,R,,oregon-state,washington-state,A,24,31,0,,,
2021-10-09,2021,R,,wisconsin,illinois,A,24,0,0,,,
2021-10-09,2021,R,,illinois,wisconsin,H,0,24,0,,,
2021-10-12,2021,R,,louisiana,appalachian-state,H,41,13,0,,,
2021-10-12,2021,R,,appalachian-state,louisiana,A,13,41,0,,,
2021-10-14,2021,R,,memphis,navy,H,35,17,0,,,
2021-10-14,2021,R,,navy,memphis,A,17,35,0,,,
2021-10-14,2021,R,,south-alabama,georgia-southern,H,41,14,0,,,
2021-10-14,2021,R,,georgia-southern,south-alabama,A,14,41,0,,,
2021-10-15,2021,R,,clemson,syracuse,A,17,14,0,,,
2021-10-15,2021,R,,syracuse,clemson,H,14,17,0,,,
2021-10-15,2021,R,,marshall,north-texas,A,49,21,0,,,
2021-10-15,2021,R,,north-texas,marshall,H,21,49,0,,,
2021-10-15,2021,R,,oregon,california,H,24,17,0,9.0,,
2021-10-15,2021,R,,california,oregon,A,17,24,0,,9.0,
2021-10-15,2021,R,,san-diego-state,san-jose-state,A,19,13,0,24.0,,
2021-10-15,2021,R,,san-jose-state,san-diego-state,H,13,19,0,,24.0,
2021-10-16,2021,R,,air-force,boise-state,A,24,17,0,,,
2021-10-16,2021,R,,boise-state,air-force,H,17,24,0,,,
2021-10-16,2021,R,,alabama,mississippi-state,A,49,9,0,5.0,,
2021-10-16,2021,R,,mississippi-state,alabama,H,9,49,0,,5.0,
2021-10-16,2021,R,,alabama-birmingham,southern-mississippi,A,34,0,0,,,
2021-10-16,2021,R,,southern-mississippi,alabama-birmingham,H,0,34,0,,,
2021-10-16,2021,R,,auburn,arkansas,A,38,23,0,,17.0,
2021-10-16,2021,R,,arkansas,auburn,H,23,38,0,17.0,,
2021-10-16,2021,R,,ball-state,eastern-michigan,A,38,31,0,,,
2021-10-16,2021,R,,eastern-michigan,ball-state,H,31,38,0,,,
2021-10-16,2021,R,,baylor,brigham-young,H,38,24,0,,19.0,
2021-10-16,2021,R,,brigham-young,baylor,A,24,38,0,19.0,,
2021-10-16,2021,R,,buffalo,ohio,H,27,26,0,,,
2021-10-16,2021,R,,ohio,buffalo,A,26,27,0,,,
2021-10-16,2021,R,,central-michigan,toledo,H,26,23,0,,,
2021-10-16,2021,R,,toledo,central-michigan,A,23,26,0,,,
2021-10-16,2021,R,,cincinnati,central-florida,H,56,21,0,3.0,,
2021-10-16,2021,R,,central-florida,cincinnati,A,21,56,0,,3.0,
2021-10-16,2021,R,,colorado,arizona,H,34,0,0,,,
2021-10-16,2021,R,,arizona,colorado,A,0,34,0,,,
2021-10-16,2021,R,,colorado-state,new-mexico,A,36,7,0,,,
2021-10-16,2021,R,,new-mexico,colorado-state,H,7,36,0,,,
2021-10-16,2021,R,,connecticut,yale,H,21,15,0,,,
2021-10-16,2021,R,,yale,connecticut,A,15,21,0,,,
2021-10-16,2021,R,,fresno-state,wyoming,A,17,0,0,,,
2021-10-16,2021,R,,wyoming,fresno-state,H,0,17,0,,,
2021-10-16,2021,R,,georgia,kentucky,H,30,13,0,1.0,11.0,
2021-10-16,2021,R,,kentucky,georgia,A,13,30,0,11.0,1.0,
2021-10-16,2021,R,,iowa-state,kansas-state,A,33,20,0,,,
2021-10-16,2021,R,,kansas-state,iowa-state,H,20,33,0,,,
2021-10-16,2021,R,,louisiana-state,florida,H,49,42,0,,20.0,
2021-10-16,2021,R,,florida,louisiana-state,A,42,49,0,20.0,,
2021-10-16,2021,R,,louisiana-monroe,liberty,H,31,28,0,,,
2021-10-16,2021,R,,liberty,louisiana-monroe,A,28,31,0,,,
2021-10-16,2021,R,,miami-oh,akron,H,34,21,0,,,
2021-10-16,2021,R,,akron,miami-oh,A,21,34,0,,,
2021-10-16,2021,R,,michigan-state,indiana,A,20,15,0,10.0,,
2021-10-16,2021,R,,indiana,michigan-state,H,15,20,0,,10.0,
2021-10-16,2021,R,,minnesota,nebraska,H,30,23,0,,,
2021-10-16,2021,R,,nebraska,minnesota,A,23,30,0,,,
2021-10-16,2021,R,,mississippi,tennessee,A,31,26,0,13.0,,
2021-10-16,2021,R,,tennessee,mississippi,H,26,31,0,,13.0,
2021-10-16,2021,R,,nevada,hawaii,H,34,17,0,,,
2021-10-16,2021,R,,hawaii,nevada,A,17,34,0,,,
2021-10-16,2021,R,,north-carolina,miami-fl,H,45,42,0,,,
2021-10-16,2021,R,,miami-fl,north-carolina,A,42,45,0,,,
2021-10-16,2021,R,,north-carolina-state,boston-college,A,33,7,0,22.0,,
2021-10-16,2021,R,,boston-college,north-carolina-state,H,7,33,0,,22.0,
2021-10-16,2021,R,,northern-illinois,bowling-green,H,34,26,0,,,
2021-10-16,2021,R,,bowling-green,northern-illinois,A,26,34,0,,,
2021-10-16,2021,R,,northwestern,rutgers,H,21,7,0,,,
2021-10-16,2021,R,,rutgers,northwestern,A,7,21,0,,,
2021-10-16,2021,R,,oklahoma,texas-christian,H,52,31,0,4.0,,
2021-10-16,2021,R,,texas-christian,oklahoma,A,31,52,0,,4.0,
2021-10-16,2021,R,,oklahoma-state,texas,A,32,24,0,12.0,25.0,
2021-10-16,2021,R,,texas,oklahoma-state,H,24,32,0,25.0,12.0,
2021-10-16,2021,R,,pittsburgh,virginia-tech,A,28,7,0,,,
2021-10-16,2021,R,,virginia-tech,pittsburgh,H,7,28,0,,,
2021-10-16,2021,R,,purdue,iowa,A,24,7,0,,2.0,
2021-10-16,2021,R,,iowa,purdue,H,7,24,0,2.0,,
2021-10-16,2021,R,,south-carolina,vanderbilt,H,21,20,0,,,
2021-10-16,2021,R,,vanderbilt,south-carolina,A,20,21,0,,,
2021-10-16,2021,R,,texas-a-m,missouri,A,35,14,0,21.0,,
2021-10-16,2021,R,,missouri,texas-a-m,H,14,35,0,,21.0,
2021-10-16,2021,R,,texas-tech,kansas,A,41,14,0,,,
2021-10-16,2021,R,,kansas,texas-tech,H,14,41,0,,,
2021-10-16,2021,R,,texas-el-paso,louisiana-tech,H,19,3,0,,,
2021-10-16,2021,R,,louisiana-tech,texas-el-paso,A,3,19,0,,,
2021-10-16,2021,R,,texas-san-antonio,rice,H,45,0,0,,,
2021-10-16,2021,R,,rice,texas-san-antonio,A,0,45,0,,,
2021-10-16,2021,R,,troy,texas-state,A,31,28,0,,,
2021-10-16,2021,R,,texas-state,troy,H,28,31,0,,,
2021-10-16,2021,R,,tulsa,south-florida,A,32,31,0,,,
2021-10-16,2021,R,,south-florida,tulsa,H,31,32,0,,,
2021-10-16,2021,R,,ucla,washington,A,24,17,0,,,
2021-10-16,2021,R,,washington,ucla,H,17,24,0,,,
2021-10-16,2021,R,,utah,arizona-state,H,35,21,0,,18.0,
2021-10-16,2021,R,,arizona-state,utah,A,21,35,0,18.0,,
2021-10-16,2021,R,,utah-state,nevada-las-vegas,A,28,24,0,,,
2021-10-16,2021,R,,nevada-las-vegas,utah-state,H,24,28,0,,,
2021-10-16,2021,R,,virginia,duke,H,48,0,0,,,
2021-10-16,2021,R,,duke,virginia,A,0,48,0,,,
2021-10-16,2021,R,,washington-state,stanford,H,34,31,0,,,
2021-10-16,2021,R,,stanford,washington-state,A,31,34,0,,,
2021-10-16,2021,R,,western-kentucky,old-dominion,A,43,20,0,,,
2021-10-16,2021,R,,old-dominion,western-kentucky,H,20,43,0,,,
2021-10-16,2021,R,,western-michigan,kent-state,H,64,31,0,,,
2021-10-16,2021,R,,kent-state,western-michigan,A,31,64,0,,,
2021-10-16,2021,R,,wisconsin,army,H,20,14,0,,,
2021-10-16,2021,R,,army,wisconsin,A,14,20,0,,,
2021-10-20,2021,R,,appalachian-state,coastal-carolina,H,30,27,0,,14.0,
2021-10-20,2021,R,,coastal-carolina,appalachian-state,A,27,30,0,14.0,,
2021-10-21,2021,R,,florida-atlantic,charlotte,A,38,9,0,,,
2021-10-21,2021,R,,charlotte,florida-atlantic,H,9,38,0,,,
2021-10-21,2021,R,,louisiana,arkansas-state,A,28,27,0,,,
2021-10-21,2021,R,,arkansas-state,louisiana,H,27,28,0,,,
2021-10-21,2021,R,,san-jose-state,nevada-las-vegas,A,27,20,0,,,
2021-10-21,2021,R,,nevada-las-vegas,san-jose-state,H,20,27,0,,,
2021-10-21,2021,R,,southern-methodist,tulane,H,55,26,0,21.0,,
2021-10-21,2021,R,,tulane,southern-methodist,A,26,55,0,,21.0,
2021-10-22,2021,R,,central-florida,memphis,H,24,7,0,,,
2021-10-22,2021,R,,memphis,central-florida,A,7,24,0,,,
2021-10-22,2021,R,,middle-tennessee-state,connecticut,A,44,13,0,,,
2021-10-22,2021,R,,connecticut,middle-tennessee-state,H,13,44,0,,,
2021-10-22,2021,R,,utah-state,colorado-state,H,26,24,0,,,
2021-10-22,2021,R,,colorado-state,utah-state,A,24,26,0,,,
2021-10-22,2021,R,,washington,arizona,A,21,16,0,,,
2021-10-22,2021,R,,arizona,washington,H,16,21,0,,,
2021-10-23,2021,R,,alabama,tennessee,H,52,24,0,4.0,,
2021-10-23,2021,R,,tennessee,alabama,A,24,52,0,,4.0,
2021-10-23,2021,R,,arkansas,arkansas-pine-bluff,H,45,3,0,,,
2021-10-23,2021,R,,arkansas-pine-bluff,arkansas,A,3,45,0,,,
2021-10-23,2021,R,,brigham-young,washington-state,A,21,19,0,,,
2021-10-23,2021,R,,washington-state,brigham-young,H,19,21,0,,,
2021-10-23,2021,R,,buffalo,akron,A,45,10,0,,,
2021-10-23,2021,R,,akron,buffalo,H,10,45,0,,,
2021-10-23,2021,R,,california,colorado,H,26,3,0,,,
2021-10-23,2021,R,,colorado,california,A,3,26,0,,,
2021-10-23,2021,R,,cincinnati,navy,A,27,20,0,2.0,,
2021-10-23,2021,R,,navy,cincinnati,H,20,27,0,,2.0,
2021-10-23,2021,R,,eastern-michigan,bowling-green,A,55,24,0,,,
2021-10-23,2021,R,,bowling-green,eastern-michigan,H,24,55,0,,,
2021-10-23,2021,R,,florida-state,massachusetts,H,59,3,0,,,
2021-10-23,2021,R,,massachusetts,florida-state,A,3,59,0,,,
2021-10-23,2021,R,,fresno-state,nevada,H,34,32,0,,,
2021-10-23,2021,R,,nevada,fresno-state,A,32,34,0,,,
2021-10-23,2021,R,,georgia-state,texas-state,H,28,16,0,,,
2021-10-23,2021,R,,texas-state,georgia-state,A,16,28,0,,,
2021-10-23,2021,R,,hawaii,new-mexico-state,H,48,34,0,,,
2021-10-23,2021,R,,new-mexico-state,hawaii,A,34,48,0,,,
2021-10-23,2021,R,,houston,east-carolina,H,31,24,0,,,
2021-10-23,2021,R,,east-carolina,houston,A,24,31,0,,,
2021-10-23,2021,R,,illinois,penn-state,A,20,18,0,,7.0,
2021-10-23,2021,R,,penn-state,illinois,H,18,20,0,7.0,,
2021-10-23,2021,R,,iowa-state,oklahoma-state,H,24,21,0,,8.0,
2021-10-23,2021,R,,oklahoma-state,iowa-state,A,21,24,0,8.0,,
2021-10-23,2021,R,,kansas-state,texas-tech,A,25,24,0,,,
2021-10-23,2021,R,,texas-tech,kansas-state,H,24,25,0,,,
2021-10-23,2021,R,,kent-state,ohio,A,34,27,0,,,
2021-10-23,2021,R,,ohio,kent-state,H,27,34,0,,,
2021-10-23,2021,R,,liberty,north-texas,A,35,26,0,,,
2021-10-23,2021,R,,north-texas,liberty,H,26,35,0,,,
2021-10-23,2021,R,,louisiana-monroe,south-alabama,H,41,31,0,,,
2021-10-23,2021,R,,south-alabama,louisiana-monroe,A,31,41,0,,,
2021-10-23,2021,R,,louisville,boston-college,H,28,14,0,,,
2021-10-23,2021,R,,boston-college,louisville,A,14,28,0,,,
2021-10-23,2021,R,,miami-fl,north-carolina-state,H,31,30,0,,18.0,
2021-10-23,2021,R,,north-carolina-state,miami-fl,A,30,31,0,18.0,,
2021-10-23,2021,R,,miami-oh,ball-state,A,24,17,0,,,
2021-10-23,2021,R,,ball-state,miami-oh,H,17,24,0,,,
2021-10-23,2021,R,,michigan,northwestern,H,33,7,0,6.0,,
2021-10-23,2021,R,,northwestern,michigan,A,7,33,0,,6.0,
2021-10-23,2021,R,,minnesota,maryland,H,34,16,0,,,
2021-10-23,2021,R,,maryland,minnesota,A,16,34,0,,,
2021-10-23,2021,R,,mississippi,louisiana-state,H,31,17,0,12.0,,
2021-10-23,2021,R,,louisiana-state,mississippi,A,17,31,0,,12.0,
2021-10-23,2021,R,,mississippi-state,vanderbilt,A,45,6,0,,,
2021-10-23,2021,R,,vanderbilt,mississippi-state,H,6,45,0,,,
2021-10-23,2021,R,,new-mexico,wyoming,A,14,3,0,,,
2021-10-23,2021,R,,wyoming,new-mexico,H,3,14,0,,,
2021-10-23,2021,R,,northern-illinois,central-michigan,A,39,38,0,,,
2021-10-23,2021,R,,central-michigan,northern-illinois,H,38,39,0,,,
2021-10-23,2021,R,,notre-dame,southern-california,H,31,16,0,13.0,,
2021-10-23,2021,R,,southern-california,notre-dame,A,16,31,0,,13.0,
2021-10-23,2021,R,,ohio-state,indiana,A,54,7,0,5.0,,
2021-10-23,2021,R,,indiana,ohio-state,H,7,54,0,,5.0,
2021-10-23,2021,R,,oklahoma,kansas,A,35,23,0,3.0,,
2021-10-23,2021,R,,kansas,oklahoma,H,23,35,0,,3.0,
2021-10-23,2021,R,,oregon,ucla,A,34,31,0,10.0,,
2021-10-23,2021,R,,ucla,oregon,H,31,34,0,,10.0,
2021-10-23,2021,R,,oregon-state,utah,H,42,34,0,,,
2021-10-23,2021,R,,utah,oregon-state,A,34,42,0,,,
2021-10-23,2021,R,,pittsburgh,clemson,H,27,17,0,23.0,,
2021-10-23,2021,R,,clemson,pittsburgh,A,17,27,0,,23.0,
2021-10-23,2021,R,,rice,alabama-birmingham,A,30,24,0,,,
2021-10-23,2021,R,,alabama-birmingham,rice,H,24,30,0,,,
2021-10-23,2021,R,,san-diego-state,air-force,A,20,14,0,22.0,,
2021-10-23,2021,R,,air-force,san-diego-state,H,14,20,0,,22.0,
2021-10-23,2021,R,,south-florida,temple,H,34,14,0,,,
2021-10-23,2021,R,,temple,south-florida,A,14,34,0,,,
2021-10-23,2021,R,,syracuse,virginia-tech,A,41,36,0,,,
2021-10-23,2021,R,,virginia-tech,syracuse,H,36,41,0,,,
2021-10-23,2021,R,,texas-a-m,south-carolina,H,44,14,0,17.0,,
2021-10-23,2021,R,,south-carolina,texas-a-m,A,14,44,0,,17.0,
2021-10-23,2021,R,,texas-san-antonio,louisiana-tech,A,45,16,0,24.0,,
2021-10-23,2021,R,,louisiana-tech,texas-san-antonio,H,16,45,0,,24.0,
2021-10-23,2021,R,,toledo,western-michigan,H,34,15,0,,,
2021-10-23,2021,R,,western-michigan,toledo,A,15,34,0,,,
2021-10-23,2021,R,,virginia,georgia-tech,H,48,40,0,,,
2021-10-23,2021,R,,georgia-tech,virginia,A,40,48,0,,,
2021-10-23,2021,R,,wake-forest,army,A,70,56,0,16.0,,
2021-10-23,2021,R,,army,wake-forest,H,56,70,0,,16.0,
2021-10-23,2021,R,,west-virginia,texas-christian,A,29,17,0,,,
2021-10-23,2021,R,,texas-christian,west-virginia,H,17,29,0,,,
2021-10-23,2021,R,,western-kentucky,florida-international,A,34,19,0,,,
2021-10-23,2021,R,,florida-international,western-kentucky,H,19,34,0,,,
2021-10-23,2021,R,,wisconsin,purdue,A,30,13,0,,25.0,
2021-10-23,2021,R,,purdue,wisconsin,H,13,30,0,25.0,,
2021-10-28,2021,R,,coastal-carolina,troy,H,35,28,0,24.0,,
2021-10-28,2021,R,,troy,coastal-carolina,A,28,35,0,,24.0,
2021-10-28,2021,R,,east-carolina,south-florida,H,29,14,0,,,
2021-10-28,2021,R,,south-florida,east-carolina,A,14,29,0,,,
2021-10-29,2021,R,,navy,tulsa,A,20,17,0,,,
2021-10-29,2021,R,,tulsa,navy,H,17,20,0,,,
2021-10-29,2021,R,,nevada,nevada-las-vegas,H,51,20,0,,,
2021-10-29,2021,R,,nevada-las-vegas,nevada,A,20,51,0,,,
2021-10-30,2021,R,,appalachian-state,louisiana-monroe,H,59,28,0,,,
2021-10-30,2021,R,,louisiana-monroe,appalachian-state,A,28,59,0,,,
2021-10-30,2021,R,,auburn,mississippi,H,31,20,0,18.0,10.0,
2021-10-30,2021,R,,mississippi,auburn,A,20,31,0,10.0,18.0,
2021-10-30,2021,R,,baylor,texas,H,31,24,0,16.0,,
2021-10-30,2021,R,,texas,baylor,A,24,31,0,,16.0,
2021-10-30,2021,R,,boise-state,colorado-state,A,28,19,0,,,
2021-10-30,2021,R,,colorado-state,boise-state,H,19,28,0,,,
2021-10-30,2021,R,,bowling-green,buffalo,A,56,44,0,,,
2021-10-30,2021,R,,buffalo,bowling-green,H,44,56,0,,,
2021-10-30,2021,R,,brigham-young,virginia,H,66,49,0,25.0,,
2021-10-30,2021,R,,virginia,brigham-young,A,49,66,0,,25.0,
2021-10-30,2021,R,,california,oregon-state,H,39,25,0,,,
2021-10-30,2021,R,,oregon-state,california,A,25,39,0,,,
2021-10-30,2021,R,,central-florida,temple,A,49,7,0,,,
2021-10-30,2021,R,,temple,central-florida,H,7,49,0,,,
2021-10-30,2021,R,,cincinnati,tulane,A,31,12,0,2.0,,
2021-10-30,2021,R,,tulane,cincinnati,H,12,31,0,,2.0,
2021-10-30,2021,R,,clemson,florida-state,H,30,20,0,,,
2021-10-30,2021,R,,florida-state,clemson,A,20,30,0,,,
2021-10-30,2021,R,,florida-atlantic,texas-el-paso,H,28,25,0,,,
2021-10-30,2021,R,,texas-el-paso,florida-atlantic,A,25,28,0,,,
2021-10-30,2021,R,,fresno-state,san-diego-state,A,30,20,0,,21.0,
2021-10-30,2021,R,,san-diego-state,fresno-state,H,20,30,0,21.0,,
2021-10-30,2021,R,,georgia,florida,N,34,7,0,1.0,,TIAA Bank Field - Jacksonville Florida
2021-10-30,2021,R,,florida,georgia,N,7,34,0,,1.0,TIAA Bank Field - Jacksonville Florida
2021-10-30,2021,R,,georgia-state,georgia-southern,A,21,14,0,,,
2021-10-30,2021,R,,georgia-southern,georgia-state,H,14,21,0,,,
2021-10-30,2021,R,,houston,southern-methodist,H,44,37,0,,19.0,
2021-10-30,2021,R,,southern-methodist,houston,A,37,44,0,19.0,,
2021-10-30,2021,R,,kansas-state,texas-christian,H,31,12,0,,,
2021-10-30,2021,R,,texas-christian,kansas-state,A,12,31,0,,,
2021-10-30,2021,R,,liberty,massachusetts,H,62,17,0,,,
2021-10-30,2021,R,,massachusetts,liberty,A,17,62,0,,,
2021-10-30,2021,R,,louisiana,texas-state,H,45,0,0,,,
2021-10-30,2021,R,,texas-state,louisiana,A,0,45,0,,,
2021-10-30,2021,R,,marshall,florida-international,H,38,0,0,,,
2021-10-30,2021,R,,florida-international,marshall,A,0,38,0,,,
2021-10-30,2021,R,,maryland,indiana,H,38,35,0,,,
2021-10-30,2021,R,,indiana,maryland,A,35,38,0,,,
2021-10-30,2021,R,,miami-fl,pittsburgh,A,38,34,0,,17.0,
2021-10-30,2021,R,,pittsburgh,miami-fl,H,34,38,0,17.0,,
2021-10-30,2021,R,,michigan-state,michigan,H,37,33,0,8.0,6.0,
2021-10-30,2021,R,,michigan,michigan-state,A,33,37,0,6.0,8.0,
2021-10-30,2021,R,,middle-tennessee-state,southern-mississippi,H,35,10,0,,,
2021-10-30,2021,R,,southern-mississippi,middle-tennessee-state,A,10,35,0,,,
2021-10-30,2021,R,,minnesota,northwestern,A,41,14,0,,,
2021-10-30,2021,R,,northwestern,minnesota,H,14,41,0,,,
2021-10-30,2021,R,,mississippi-state,kentucky,H,31,17,0,,12.0,
2021-10-30,2021,R,,kentucky,mississippi-state,A,17,31,0,12.0,,
2021-10-30,2021,R,,missouri,vanderbilt,A,37,28,0,,,
2021-10-30,2021,R,,vanderbilt,missouri,H,28,37,0,,,
2021-10-30,2021,R,,north-carolina-state,louisville,H,28,13,0,,,
2021-10-30,2021,R,,louisville,north-carolina-state,A,13,28,0,,,
2021-10-30,2021,R,,north-texas,rice,A,30,24,0,,,
2021-10-30,2021,R,,rice,north-texas,H,24,30,0,,,
2021-10-30,2021,R,,notre-dame,north-carolina,H,44,34,0,11.0,,
2021-10-30,2021,R,,north-carolina,notre-dame,A,34,44,0,,11.0,
2021-10-30,2021,R,,ohio-state,penn-state,H,33,24,0,5.0,20.0,
2021-10-30,2021,R,,penn-state,ohio-state,A,24,33,0,20.0,5.0,
2021-10-30,2021,R,,oklahoma,texas-tech,H,52,21,0,4.0,,
2021-10-30,2021,R,,texas-tech,oklahoma,A,21,52,0,,4.0,
2021-10-30,2021,R,,oklahoma-state,kansas,H,55,3,0,15.0,,
2021-10-30,2021,R,,kansas,oklahoma-state,A,3,55,0,,15.0,
2021-10-30,2021,R,,old-dominion,louisiana-tech,H,23,20,0,,,
2021-10-30,2021,R,,louisiana-tech,old-dominion,A,20,23,0,,,
2021-10-30,2021,R,,oregon,colorado,H,52,29,0,7.0,,
2021-10-30,2021,R,,colorado,oregon,A,29,52,0,,7.0,
2021-10-30,2021,R,,purdue,nebraska,A,28,23,0,,,
2021-10-30,2021,R,,nebraska,purdue,H,23,28,0,,,
2021-10-30,2021,R,,rutgers,illinois,A,20,14,0,,,
2021-10-30,2021,R,,illinois,rutgers,H,14,20,0,,,
2021-10-30,2021,R,,san-jose-state,wyoming,H,27,21,0,,,
2021-10-30,2021,R,,wyoming,san-jose-state,A,21,27,0,,,
2021-10-30,2021,R,,south-alabama,arkansas-state,H,31,13,0,,,
2021-10-30,2021,R,,arkansas-state,south-alabama,A,13,31,0,,,
2021-10-30,2021,R,,southern-california,arizona,H,41,34,0,,,
2021-10-30,2021,R,,arizona,southern-california,A,34,41,0,,,
2021-10-30,2021,R,,syracuse,boston-college,H,21,6,0,,,
2021-10-30,2021,R,,boston-college,syracuse,A,6,21,0,,,
2021-10-30,2021,R,,utah,ucla,H,44,24,0,,,
2021-10-30,2021,R,,ucla,utah,A,24,44,0,,,
2021-10-30,2021,R,,utah-state,hawaii,H,51,31,0,,,
2021-10-30,2021,R,,hawaii,utah-state,A,31,51,0,,,
2021-10-30,2021,R,,virginia-tech,georgia-tech,A,26,17,0,,,
2021-10-30,2021,R,,georgia-tech,virginia-tech,H,17,26,0,,,
2021-10-30,2021,R,,wake-forest,duke,H,45,7,0,13.0,,
2021-10-30,2021,R,,duke,wake-forest,A,7,45,0,,13.0,
2021-10-30,2021,R,,washington,stanford,A,20,13,0,,,
2021-10-30,2021,R,,stanford,washington,H,13,20,0,,,
2021-10-30,2021,R,,washington-state,arizona-state,A,34,21,0,,,
2021-10-30,2021,R,,arizona-state,washington-state,H,21,34,0,,,
2021-10-30,2021,R,,west-virginia,iowa-state,H,38,31,0,,22.0,
2021-10-30,2021,R,,iowa-state,west-virginia,A,31,38,0,22.0,,
2021-10-30,2021,R,,western-kentucky,charlotte,H,45,13,0,,,
2021-10-30,2021,R,,charlotte,western-kentucky,A,13,45,0,,,
2021-10-30,2021,R,,wisconsin,iowa,H,27,7,0,,9.0,
2021-10-30,2021,R,,iowa,wisconsin,A,7,27,0,9.0,,
2021-11-02,2021,R,,ball-state,akron,A,31,25,0,,,
2021-11-02,2021,R,,akron,ball-state,H,25,31,0,,,
2021-11-02,2021,R,,eastern-michigan,toledo,A,52,49,0,,,
2021-11-02,2021,R,,toledo,eastern-michigan,H,49,52,0,,,
2021-11-02,2021,R,,ohio,miami-oh,H,35,33,0,,,
2021-11-02,2021,R,,miami-oh,ohio,A,33,35,0,,,
2021-11-03,2021,R,,central-michigan,western-michigan,A,42,30,0,,,
2021-11-03,2021,R,,western-michigan,central-michigan,H,30,42,0,,,
2021-11-03,2021,R,,kent-state,northern-illinois,H,52,47,0,,,
2021-11-03,2021,R,,northern-illinois,kent-state,A,47,52,0,,,
2021-11-04,2021,R,,louisiana,georgia-state,H,21,17,0,24.0,,
2021-11-04,2021,R,,georgia-state,louisiana,A,17,21,0,,24.0,
2021-11-05,2021,R,,boston-college,virginia-tech,H,17,3,0,,,
2021-11-05,2021,R,,virginia-tech,boston-college,A,3,17,0,,,
2021-11-05,2021,R,,utah,stanford,A,52,7,0,,,
2021-11-05,2021,R,,stanford,utah,H,7,52,0,,,
2021-11-06,2021,R,,alabama,louisiana-state,H,20,14,0,3.0,,
2021-11-06,2021,R,,louisiana-state,alabama,A,14,20,0,,3.0,
2021-11-06,2021,R,,alabama-birmingham,louisiana-tech,H,52,38,0,,,
2021-11-06,2021,R,,louisiana-tech,alabama-birmingham,A,38,52,0,,,
2021-11-06,2021,R,,appalachian-state,arkansas-state,A,48,14,0,,,
2021-11-06,2021,R,,arkansas-state,appalachian-state,H,14,48,0,,,
2021-11-06,2021,R,,arizona,california,H,10,3,0,,,
2021-11-06,2021,R,,california,arizona,A,3,10,0,,,
2021-11-06,2021,R,,arizona-state,southern-california,H,31,16,0,,,
2021-11-06,2021,R,,southern-california,arizona-state,A,16,31,0,,,
2021-11-06,2021,R,,arkansas,mississippi-state,H,31,28,0,,,
2021-11-06,2021,R,,mississippi-state,arkansas,A,28,31,0,,,
2021-11-06,2021,R,,army,air-force,N,21,14,0,,,Globe Life Park - Arlington Texas
2021-11-06,2021,R,,air-force,army,N,14,21,0,,,Globe Life Park - Arlington Texas
2021-11-06,2021,R,,boise-state,fresno-state,A,40,14,0,,25.0,
2021-11-06,2021,R,,fresno-state,boise-state,H,14,40,0,25.0,,
2021-11-06,2021,R,,brigham-young,idaho-state,H,59,14,0,17.0,,
2021-11-06,2021,R,,idaho-state,brigham-young,A,14,59,0,,17.0,
2021-11-06,2021,R,,central-florida,tulane,H,14,10,0,,,
2021-11-06,2021,R,,tulane,central-florida,A,10,14,0,,,
2021-11-06,2021,R,,charlotte,rice,H,31,24,0,,,
2021-11-06,2021,R,,rice,charlotte,A,24,31,0,,,
2021-11-06,2021,R,,cincinnati,tulsa,H,28,20,0,2.0,,
2021-11-06,2021,R,,tulsa,cincinnati,A,20,28,0,,2.0,
2021-11-06,2021,R,,clemson,louisville,A,30,24,0,,,
2021-11-06,2021,R,,louisville,clemson,H,24,30,0,,,
2021-11-06,2021,R,,coastal-carolina,georgia-southern,A,28,8,0,21.0,,
2021-11-06,2021,R,,georgia-southern,coastal-carolina,H,8,28,0,,21.0,
2021-11-06,2021,R,,colorado,oregon-state,H,37,34,0,,,
2021-11-06,2021,R,,oregon-state,colorado,A,34,37,0,,,
2021-11-06,2021,R,,east-carolina,temple,H,45,3,0,,,
2021-11-06,2021,R,,temple,east-carolina,A,3,45,0,,,
2021-11-06,2021,R,,georgia,missouri,H,43,6,0,1.0,,
2021-11-06,2021,R,,missouri,georgia,A,6,43,0,,1.0,
2021-11-06,2021,R,,houston,south-florida,A,54,42,0,20.0,,
2021-11-06,2021,R,,south-florida,houston,H,42,54,0,,20.0,
2021-11-06,2021,R,,illinois,minnesota,A,14,6,0,,,
2021-11-06,2021,R,,minnesota,illinois,H,6,14,0,,,
2021-11-06,2021,R,,iowa,northwestern,A,17,12,0,19.0,,
2021-11-06,2021,R,,northwestern,iowa,H,12,17,0,,19.0,
2021-11-06,2021,R,,iowa-state,texas,H,30,7,0,,,
2021-11-06,2021,R,,texas,iowa-state,A,7,30,0,,,
2021-11-06,2021,R,,kansas-state,kansas,A,35,10,0,,,
2021-11-06,2021,R,,kansas,kansas-state,H,10,35,0,,,
2021-11-06,2021,R,,marshall,florida-atlantic,A,28,13,0,,,
2021-11-06,2021,R,,florida-atlantic,marshall,H,13,28,0,,,
2021-11-06,2021,R,,memphis,southern-methodist,H,28,25,0,,23.0,
2021-11-06,2021,R,,southern-methodist,memphis,A,25,28,0,23.0,,
2021-11-06,2021,R,,miami-fl,georgia-tech,H,33,30,0,,,
2021-11-06,2021,R,,georgia-tech,miami-fl,A,30,33,0,,,
2021-11-06,2021,R,,michigan,indiana,H,29,7,0,9.0,,
2021-11-06,2021,R,,indiana,michigan,A,7,29,0,,9.0,
2021-11-06,2021,R,,mississippi,liberty,H,27,14,0,15.0,,
2021-11-06,2021,R,,liberty,mississippi,A,14,27,0,,15.0,
2021-11-06,2021,R,,nevada,san-jose-state,H,27,24,0,,,
2021-11-06,2021,R,,san-jose-state,nevada,A,24,27,0,,,
2021-11-06,2021,R,,nevada-las-vegas,new-mexico,A,31,17,0,,,
2021-11-06,2021,R,,new-mexico,nevada-las-vegas,H,17,31,0,,,
2021-11-06,2021,R,,north-carolina,wake-forest,H,58,55,0,,10.0,
2021-11-06,2021,R,,wake-forest,north-carolina,A,55,58,0,10.0,,
2021-11-06,2021,R,,north-carolina-state,florida-state,A,28,14,0,,,
2021-11-06,2021,R,,florida-state,north-carolina-state,H,14,28,0,,,
2021-11-06,2021,R,,north-texas,southern-mississippi,A,38,14,0,,,
2021-11-06,2021,R,,southern-mississippi,north-texas,H,14,38,0,,,
2021-11-06,2021,R,,notre-dame,navy,H,34,6,0,8.0,,
2021-11-06,2021,R,,navy,notre-dame,A,6,34,0,,8.0,
2021-11-06,2021,R,,ohio-state,nebraska,A,26,17,0,6.0,,
2021-11-06,2021,R,,nebraska,ohio-state,H,17,26,0,,6.0,
2021-11-06,2021,R,,oklahoma-state,west-virginia,A,24,3,0,11.0,,
2021-11-06,2021,R,,west-virginia,oklahoma-state,H,3,24,0,,11.0,
2021-11-06,2021,R,,old-dominion,florida-international,A,47,24,0,,,
2021-11-06,2021,R,,florida-international,old-dominion,H,24,47,0,,,
2021-11-06,2021,R,,oregon,washington,A,26,16,0,7.0,,
2021-11-06,2021,R,,washington,oregon,H,16,26,0,,7.0,
2021-11-06,2021,R,,penn-state,maryland,A,31,14,0,22.0,,
2021-11-06,2021,R,,maryland,penn-state,H,14,31,0,,22.0,
2021-11-06,2021,R,,pittsburgh,duke,A,54,29,0,,,
2021-11-06,2021,R,,duke,pittsburgh,H,29,54,0,,,
2021-11-06,2021,R,,purdue,michigan-state,H,40,29,0,,5.0,
2021-11-06,2021,R,,michigan-state,purdue,A,29,40,0,5.0,,
2021-11-06,2021,R,,rhode-island,massachusetts,A,35,22,0,,,
2021-11-06,2021,R,,massachusetts,rhode-island,H,22,35,0,,,
2021-11-06,2021,R,,san-diego-state,hawaii,A,17,10,0,,,
2021-11-06,2021,R,,hawaii,san-diego-state,H,10,17,0,,,
2021-11-06,2021,R,,south-carolina,florida,H,40,17,0,,,
2021-11-06,2021,R,,florida,south-carolina,A,17,40,0,,,
2021-11-06,2021,R,,tennessee,kentucky,A,45,42,0,,18.0,
2021-11-06,2021,R,,kentucky,tennessee,H,42,45,0,18.0,,
2021-11-06,2021,R,,texas-a-m,auburn,H,20,3,0,13.0,12.0,
2021-11-06,2021,R,,auburn,texas-a-m,A,3,20,0,12.0,13.0,
2021-11-06,2021,R,,texas-christian,baylor,H,30,28,0,,14.0,
2021-11-06,2021,R,,baylor,texas-christian,A,28,30,0,14.0,,
2021-11-06,2021,R,,texas-state,louisiana-monroe,H,27,19,0,,,
2021-11-06,2021,R,,louisiana-monroe,texas-state,A,19,27,0,,,
2021-11-06,2021,R,,texas-san-antonio,texas-el-paso,A,44,23,0,16.0,,
2021-11-06,2021,R,,texas-el-paso,texas-san-antonio,H,23,44,0,,16.0,
2021-11-06,2021,R,,troy,south-alabama,H,31,24,0,,,
2021-11-06,2021,R,,south-alabama,troy,A,24,31,0,,,
2021-11-06,2021,R,,utah-state,new-mexico-state,A,35,13,0,,,
2021-11-06,2021,R,,new-mexico-state,utah-state,H,13,35,0,,,
2021-11-06,2021,R,,western-kentucky,middle-tennessee-state,H,48,21,0,,,
2021-11-06,2021,R,,middle-tennessee-state,western-kentucky,A,21,48,0,,,
2021-11-06,2021,R,,wisconsin,rutgers,A,52,3,0,,,
2021-11-06,2021,R,,rutgers,wisconsin,H,3,52,0,,,
2021-11-06,2021,R,,wyoming,colorado-state,H,31,17,0,,,
2021-11-06,2021,R,,colorado-state,wyoming,A,17,31,0,,,
2021-11-09,2021,R,,miami-oh,buffalo,H,45,18,0,,,
2021-11-09,2021,R,,buffalo,miami-oh,A,18,45,0,,,
2021-11-09,2021,R,,ohio,eastern-michigan,A,34,26,0,,,
2021-11-09,2021,R,,eastern-michigan,ohio,H,26,34,0,,,
2021-11-09,2021,R,,western-michigan,akron,H,45,40,0,,,
2021-11-09,2021,R,,akron,western-michigan,A,40,45,0,,,
2021-11-10,2021,R,,central-michigan,kent-state,H,54,30,0,,,
2021-11-10,2021,R,,kent-state,central-michigan,A,30,54,0,,,
2021-11-10,2021,R,,northern-illinois,ball-state,H,30,29,0,,,
2021-11-10,2021,R,,ball-state,northern-illinois,A,29,30,0,,,
2021-11-10,2021,R,,toledo,bowling-green,A,49,17,0,,,
2021-11-10,2021,R,,bowling-green,toledo,H,17,49,0,,,
2021-11-11,2021,R,,pittsburgh,north-carolina,H,30,23,0,25.0,,
2021-11-11,2021,R,,north-carolina,pittsburgh,A,23,30,0,,25.0,
2021-11-12,2021,R,,boise-state,wyoming,H,23,13,0,,,
2021-11-12,2021,R,,wyoming,boise-state,A,13,23,0,,,
2021-11-12,2021,R,,cincinnati,south-florida,A,45,28,0,2.0,,
2021-11-12,2021,R,,south-florida,cincinnati,H,28,45,0,,2.0,
2021-11-13,2021,R,,air-force,colorado-state,A,35,21,0,,,
2021-11-13,2021,R,,colorado-state,air-force,H,21,35,0,,,
2021-11-13,2021,R,,alabama,new-mexico-state,H,59,3,0,3.0,,
2021-11-13,2021,R,,new-mexico-state,alabama,A,3,59,0,,3.0,
2021-11-13,2021,R,,alabama-birmingham,marshall,A,21,14,0,,,
2021-11-13,2021,R,,marshall,alabama-birmingham,H,14,21,0,,,
2021-11-13,2021,R,,appalachian-state,south-alabama,H,31,7,0,,,
2021-11-13,2021,R,,south-alabama,appalachian-state,A,7,31,0,,,
2021-11-13,2021,R,,arizona-state,washington,A,35,30,0,,,
2021-11-13,2021,R,,washington,arizona-state,H,30,35,0,,,
2021-11-13,2021,R,,arkansas,louisiana-state,A,16,13,0,,,
2021-11-13,2021,R,,louisiana-state,arkansas,H,13,16,0,,,
2021-11-13,2021,R,,arkansas-state,louisiana-monroe,A,27,24,0,,,
2021-11-13,2021,R,,louisiana-monroe,arkansas-state,H,24,27,0,,,
2021-11-13,2021,R,,army,bucknell,H,63,10,0,,,
2021-11-13,2021,R,,bucknell,army,A,10,63,0,,,
2021-11-13,2021,R,,baylor,oklahoma,H,27,14,0,18.0,4.0,
2021-11-13,2021,R,,oklahoma,baylor,A,14,27,0,4.0,18.0,
2021-11-13,2021,R,,boston-college,georgia-tech,A,41,30,0,,,
2021-11-13,2021,R,,georgia-tech,boston-college,H,30,41,0,,,
2021-11-13,2021,R,,clemson,connecticut,H,44,7,0,,,
2021-11-13,2021,R,,connecticut,clemson,A,7,44,0,,,
2021-11-13,2021,R,,east-carolina,memphis,A,30,29,0,,,
2021-11-13,2021,R,,memphis,east-carolina,H,29,30,0,,,
2021-11-13,2021,R,,florida,samford,H,70,52,0,,,
2021-11-13,2021,R,,samford,florida,A,52,70,0,,,
2021-11-13,2021,R,,florida-state,miami-fl,H,31,28,0,,,
2021-11-13,2021,R,,miami-fl,florida-state,A,28,31,0,,,
2021-11-13,2021,R,,fresno-state,new-mexico,H,34,7,0,,,
2021-11-13,2021,R,,new-mexico,fresno-state,A,7,34,0,,,
2021-11-13,2021,R,,georgia,tennessee,A,41,17,0,1.0,,
2021-11-13,2021,R,,tennessee,georgia,H,17,41,0,,1.0,
2021-11-13,2021,R,,georgia-southern,texas-state,A,38,30,0,,,
2021-11-13,2021,R,,texas-state,georgia-southern,H,30,38,0,,,
2021-11-13,2021,R,,georgia-state,coastal-carolina,A,42,40,0,,22.0,
2021-11-13,2021,R,,coastal-carolina,georgia-state,H,40,42,0,22.0,,
2021-11-13,2021,R,,houston,temple,A,37,8,0,17.0,,
2021-11-13,2021,R,,temple,houston,H,8,37,0,,17.0,
2021-11-13,2021,R,,iowa,minnesota,H,27,22,0,19.0,,
2021-11-13,2021,R,,minnesota,iowa,A,22,27,0,,19.0,
2021-11-13,2021,R,,kansas,texas,A,57,56,0,,,
2021-11-13,2021,R,,texas,kansas,H,56,57,0,,,
2021-11-13,2021,R,,kansas-state,west-virginia,H,34,17,0,,,
2021-11-13,2021,R,,west-virginia,kansas-state,A,17,34,0,,,
2021-11-13,2021,R,,kentucky,vanderbilt,A,34,17,0,,,
2021-11-13,2021,R,,vanderbilt,kentucky,H,17,34,0,,,
2021-11-13,2021,R,,louisiana,troy,A,35,21,0,24.0,,
2021-11-13,2021,R,,troy,louisiana,H,21,35,0,,24.0,
2021-11-13,2021,R,,louisiana-tech,charlotte,H,42,32,0,,,
2021-11-13,2021,R,,charlotte,louisiana-tech,A,32,42,0,,,
2021-11-13,2021,R,,louisville,syracuse,H,41,3,0,,,
2021-11-13,2021,R,,syracuse,louisville,A,3,41,0,,,
2021-11-13,2021,R,,maine,massachusetts,A,35,10,0,,,
2021-11-13,2021,R,,massachusetts,maine,H,10,35,0,,,
2021-11-13,2021,R,,michigan,penn-state,A,21,17,0,9.0,23.0,
2021-11-13,2021,R,,penn-state,michigan,H,17,21,0,23.0,9.0,
2021-11-13,2021,R,,michigan-state,maryland,H,40,21,0,8.0,,
2021-11-13,2021,R,,maryland,michigan-state,A,21,40,0,,8.0,
2021-11-13,2021,R,,middle-tennessee-state,florida-international,H,50,10,0,,,
2021-11-13,2021,R,,florida-international,middle-tennessee-state,A,10,50,0,,,
2021-11-13,2021,R,,mississippi,texas-a-m,H,29,19,0,12.0,11.0,
2021-11-13,2021,R,,texas-a-m,mississippi,A,19,29,0,11.0,12.0,
2021-11-13,2021,R,,mississippi-state,auburn,A,43,34,0,,16.0,
2021-11-13,2021,R,,auburn,mississippi-state,H,34,43,0,16.0,,
2021-11-13,2021,R,,missouri,south-carolina,H,31,28,0,,,
2021-11-13,2021,R,,south-carolina,missouri,A,28,31,0,,,
2021-11-13,2021,R,,nevada-las-vegas,hawaii,H,27,13,0,,,
2021-11-13,2021,R,,hawaii,nevada-las-vegas,A,13,27,0,,,
2021-11-13,2021,R,,north-texas,texas-el-paso,H,20,17,0,,,
2021-11-13,2021,R,,texas-el-paso,north-texas,A,17,20,0,,,
2021-11-13,2021,R,,notre-dame,virginia,A,28,3,0,7.0,,
2021-11-13,2021,R,,virginia,notre-dame,H,3,28,0,,7.0,
2021-11-13,2021,R,,ohio-state,purdue,H,59,31,0,6.0,,
2021-11-13,2021,R,,purdue,ohio-state,A,31,59,0,,6.0,
2021-11-13,2021,R,,oklahoma-state,texas-christian,H,63,17,0,10.0,,
2021-11-13,2021,R,,texas-christian,oklahoma-state,A,17,63,0,,10.0,
2021-11-13,2021,R,,old-dominion,florida-atlantic,H,30,16,0,,,
2021-11-13,2021,R,,florida-atlantic,old-dominion,A,16,30,0,,,
2021-11-13,2021,R,,oregon,washington-state,H,38,24,0,5.0,,
2021-11-13,2021,R,,washington-state,oregon,A,24,38,0,,5.0,
2021-11-13,2021,R,,oregon-state,stanford,H,35,14,0,,,
2021-11-13,2021,R,,stanford,oregon-state,A,14,35,0,,,
2021-11-13,2021,R,,rutgers,indiana,A,38,3,0,,,
2021-11-13,2021,R,,indiana,rutgers,H,3,38,0,,,
2021-11-13,2021,R,,san-diego-state,nevada,H,23,21,0,,,
2021-11-13,2021,R,,nevada,san-diego-state,A,21,23,0,,,
2021-11-13,2021,R,,southern-methodist,central-florida,H,55,28,0,,,
2021-11-13,2021,R,,central-florida,southern-methodist,A,28,55,0,,,
2021-11-13,2021,R,,texas-tech,iowa-state,H,41,38,0,,,
2021-11-13,2021,R,,iowa-state,texas-tech,A,38,41,0,,,
2021-11-13,2021,R,,texas-san-antonio,southern-mississippi,H,27,17,0,15.0,,
2021-11-13,2021,R,,southern-mississippi,texas-san-antonio,A,17,27,0,,15.0,
2021-11-13,2021,R,,tulsa,tulane,A,20,13,0,,,
2021-11-13,2021,R,,tulane,tulsa,H,13,20,0,,,
2021-11-13,2021,R,,ucla,colorado,H,44,20,0,,,
2021-11-13,2021,R,,colorado,ucla,A,20,44,0,,,
2021-11-13,2021,R,,utah,arizona,A,38,29,0,,,
2021-11-13,2021,R,,arizona,utah,H,29,38,0,,,
2021-11-13,2021,R,,utah-state,san-jose-state,A,48,17,0,,,
2021-11-13,2021,R,,san-jose-state,utah-state,H,17,48,0,,,
2021-11-13,2021,R,,virginia-tech,duke,H,48,17,0,,,
2021-11-13,2021,R,,duke,virginia-tech,A,17,48,0,,,
2021-11-13,2021,R,,wake-forest,north-carolina-state,H,45,42,0,13.0,21.0,
2021-11-13,2021,R,,north-carolina-state,wake-forest,A,42,45,0,21.0,13.0,
2021-11-13,2021,R,,western-kentucky,rice,A,42,21,0,,,
2021-11-13,2021,R,,rice,western-kentucky,H,21,42,0,,,
2021-11-13,2021,R,,wisconsin,northwestern,H,35,7,0,20.0,,
2021-11-13,2021,R,,northwestern,wisconsin,A,7,35,0,,20.0,
2021-11-16,2021,R,,eastern-michigan,western-michigan,H,22,21,0,,,
2021-11-16,2021,R,,western-michigan,eastern-michigan,A,21,22,0,,,
2021-11-16,2021,R,,miami-oh,bowling-green,H,34,7,0,,,
2021-11-16,2021,R,,bowling-green,miami-oh,A,7,34,0,,,
2021-11-16,2021,R,,toledo,ohio,A,35,23,0,,,
2021-11-16,2021,R,,ohio,toledo,H,23,35,0,,,
2021-11-17,2021,R,,central-michigan,ball-state,A,37,17,0,,,
2021-11-17,2021,R,,ball-state,central-michigan,H,17,37,0,,,
2021-11-17,2021,R,,northern-illinois,buffalo,A,33,27,0,,,
2021-11-17,2021,R,,buffalo,northern-illinois,H,27,33,0,,,
2021-11-18,2021,R,,louisville,duke,A,62,22,0,,,
2021-11-18,2021,R,,duke,louisville,H,22,62,0,,,
2021-11-19,2021,R,,air-force,nevada,A,41,39,0,,,
2021-11-19,2021,R,,nevada,air-force,H,39,41,0,,,
2021-11-19,2021,R,,houston,memphis,H,31,13,0,17.0,,
2021-11-19,2021,R,,memphis,houston,A,13,31,0,,17.0,
2021-11-19,2021,R,,san-diego-state,nevada-las-vegas,A,28,20,0,23.0,,
2021-11-19,2021,R,,nevada-las-vegas,san-diego-state,H,20,28,0,,23.0,
2021-11-19,2021,R,,southern-mississippi,louisiana-tech,A,35,19,0,,,
2021-11-19,2021,R,,louisiana-tech,southern-mississippi,H,19,35,0,,,
2021-11-19,2021,R,,washington-state,arizona,H,44,18,0,,,
2021-11-19,2021,R,,arizona,washington-state,A,18,44,0,,,
2021-11-20,2021,R,,alabama,arkansas,H,42,35,0,2.0,21.0,
2021-11-20,2021,R,,arkansas,alabama,A,35,42,0,21.0,2.0,
2021-11-20,2021,R,,appalachian-state,troy,A,45,7,0,,,
2021-11-20,2021,R,,troy,appalachian-state,H,7,45,0,,,
2021-11-20,2021,R,,army,massachusetts,H,33,17,0,,,
2021-11-20,2021,R,,massachusetts,army,A,17,33,0,,,
2021-11-20,2021,R,,baylor,kansas-state,A,20,10,0,11.0,,
2021-11-20,2021,R,,kansas-state,baylor,H,10,20,0,,11.0,
2021-11-20,2021,R,,boise-state,new-mexico,H,37,0,0,,,
2021-11-20,2021,R,,new-mexico,boise-state,A,0,37,0,,,
2021-11-20,2021,R,,brigham-young,georgia-southern,A,34,17,0,14.0,,
2021-11-20,2021,R,,georgia-southern,brigham-young,H,17,34,0,,14.0,
2021-11-20,2021,R,,california,stanford,A,41,11,0,,,
2021-11-20,2021,R,,stanford,california,H,11,41,0,,,
2021-11-20,2021,R,,central-florida,connecticut,H,49,17,0,,,
2021-11-20,2021,R,,connecticut,central-florida,A,17,49,0,,,
2021-11-20,2021,R,,cincinnati,southern-methodist,H,48,14,0,3.0,,
2021-11-20,2021,R,,southern-methodist,cincinnati,A,14,48,0,,3.0,
2021-11-20,2021,R,,clemson,wake-forest,H,48,27,0,,13.0,
2021-11-20,2021,R,,wake-forest,clemson,A,27,48,0,13.0,,
2021-11-20,2021,R,,coastal-carolina,texas-state,H,35,21,0,,,
2021-11-20,2021,R,,texas-state,coastal-carolina,A,21,35,0,,,
2021-11-20,2021,R,,colorado,washington,H,20,17,0,,,
2021-11-20,2021,R,,washington,colorado,A,17,20,0,,,
2021-11-20,2021,R,,east-carolina,navy,A,38,35,0,,,
2021-11-20,2021,R,,navy,east-carolina,H,35,38,0,,,
2021-11-20,2021,R,,florida-state,boston-college,A,26,23,0,,,
2021-11-20,2021,R,,boston-college,florida-state,H,23,26,0,,,
2021-11-20,2021,R,,georgia,charleston-southern,H,56,7,0,1.0,,
2021-11-20,2021,R,,charleston-southern,georgia,A,7,56,0,,1.0,
2021-11-20,2021,R,,georgia-state,arkansas-state,H,28,20,0,,,
2021-11-20,2021,R,,arkansas-state,georgia-state,A,20,28,0,,,
2021-11-20,2021,R,,hawaii,colorado-state,H,50,45,0,,,
2021-11-20,2021,R,,colorado-state,hawaii,A,45,50,0,,,
2021-11-20,2021,R,,iowa,illinois,H,33,23,0,18.0,,
2021-11-20,2021,R,,illinois,iowa,A,23,33,0,,18.0,
2021-11-20,2021,R,,kent-state,akron,A,38,0,0,,,
2021-11-20,2021,R,,akron,kent-state,H,0,38,0,,,
2021-11-20,2021,R,,kentucky,new-mexico-state,H,56,16,0,,,
2021-11-20,2021,R,,new-mexico-state,kentucky,A,16,56,0,,,
2021-11-20,2021,R,,louisiana,liberty,A,42,14,0,22.0,,
2021-11-20,2021,R,,liberty,louisiana,H,14,42,0,,22.0,
2021-11-20,2021,R,,louisiana-state,louisiana-monroe,H,27,14,0,,,
2021-11-20,2021,R,,louisiana-monroe,louisiana-state,A,14,27,0,,,
2021-11-20,2021,R,,marshall,charlotte,A,49,28,0,,,
2021-11-20,2021,R,,charlotte,marshall,H,28,49,0,,,
2021-11-20,2021,R,,miami-fl,virginia-tech,H,38,26,0,,,
2021-11-20,2021,R,,virginia-tech,miami-fl,A,26,38,0,,,
2021-11-20,2021,R,,michigan,maryland,A,59,18,0,8.0,,
2021-11-20,2021,R,,maryland,michigan,H,18,59,0,,8.0,
2021-11-20,2021,R,,minnesota,indiana,A,35,14,0,,,
2021-11-20,2021,R,,indiana,minnesota,H,14,35,0,,,
2021-11-20,2021,R,,mississippi,vanderbilt,H,31,17,0,10.0,,
2021-11-20,2021,R,,vanderbilt,mississippi,A,17,31,0,,10.0,
2021-11-20,2021,R,,mississippi-state,tennessee-state,H,55,10,0,,,
2021-11-20,2021,R,,tennessee-state,mississippi-state,A,10,55,0,,,
2021-11-20,2021,R,,missouri,florida,H,24,23,0,,,
2021-11-20,2021,R,,florida,missouri,A,23,24,0,,,
2021-11-20,2021,R,,north-carolina,wofford,H,34,14,0,,,
2021-11-20,2021,R,,wofford,north-carolina,A,14,34,0,,,
2021-11-20,2021,R,,north-carolina-state,syracuse,H,41,17,0,25.0,,
2021-11-20,2021,R,,syracuse,north-carolina-state,A,17,41,0,,25.0,
2021-11-20,2021,R,,north-texas,florida-international,A,49,7,0,,,
2021-11-20,2021,R,,florida-international,north-texas,H,7,49,0,,,
2021-11-20,2021,R,,notre-dame,georgia-tech,H,55,0,0,6.0,,
2021-11-20,2021,R,,georgia-tech,notre-dame,A,0,55,0,,6.0,
2021-11-20,2021,R,,ohio-state,michigan-state,H,56,7,0,5.0,7.0,
2021-11-20,2021,R,,michigan-state,ohio-state,A,7,56,0,7.0,5.0,
2021-11-20,2021,R,,oklahoma,iowa-state,H,28,21,0,12.0,,
2021-11-20,2021,R,,iowa-state,oklahoma,A,21,28,0,,12.0,
2021-11-20,2021,R,,oklahoma-state,texas-tech,A,23,0,0,9.0,,
2021-11-20,2021,R,,texas-tech,oklahoma-state,H,0,23,0,,9.0,
2021-11-20,2021,R,,old-dominion,middle-tennessee-state,A,24,17,0,,,
2021-11-20,2021,R,,middle-tennessee-state,old-dominion,H,17,24,0,,,
2021-11-20,2021,R,,oregon-state,arizona-state,H,24,10,0,,,
2021-11-20,2021,R,,arizona-state,oregon-state,A,10,24,0,,,
2021-11-20,2021,R,,penn-state,rutgers,H,28,0,0,,,
2021-11-20,2021,R,,rutgers,penn-state,A,0,28,0,,,
2021-11-20,2021,R,,pittsburgh,virginia,H,48,38,0,20.0,,
2021-11-20,2021,R,,virginia,pittsburgh,A,38,48,0,,20.0,
2021-11-20,2021,R,,purdue,northwestern,N,32,14,0,,,Wrigley Field - Chicago Illinois
2021-11-20,2021,R,,northwestern,purdue,N,14,32,0,,,Wrigley Field - Chicago Illinois
2021-11-20,2021,R,,south-carolina,auburn,H,21,17,0,,,
2021-11-20,2021,R,,auburn,south-carolina,A,17,21,0,,,
2021-11-20,2021,R,,tennessee,south-alabama,H,60,14,0,,,
2021-11-20,2021,R,,south-alabama,tennessee,A,14,60,0,,,
2021-11-20,2021,R,,texas-a-m,prairie-view-a-m,H,52,3,0,16.0,,
2021-11-20,2021,R,,prairie-view-a-m,texas-a-m,A,3,52,0,,16.0,
2021-11-20,2021,R,,texas-christian,kansas,H,31,28,0,,,
2021-11-20,2021,R,,kansas,texas-christian,A,28,31,0,,,
2021-11-20,2021,R,,texas-el-paso,rice,H,38,28,0,,,
2021-11-20,2021,R,,rice,texas-el-paso,A,28,38,0,,,
2021-11-20,2021,R,,texas-san-antonio,alabama-birmingham,H,34,31,0,15.0,,
2021-11-20,2021,R,,alabama-birmingham,texas-san-antonio,A,31,34,0,,15.0,
2021-11-20,2021,R,,tulane,south-florida,H,45,14,0,,,
2021-11-20,2021,R,,south-florida,tulane,A,14,45,0,,,
2021-11-20,2021,R,,tulsa,temple,H,44,10,0,,,
2021-11-20,2021,R,,temple,tulsa,A,10,44,0,,,
2021-11-20,2021,R,,ucla,southern-california,A,62,33,0,,,
2021-11-20,2021,R,,southern-california,ucla,H,33,62,0,,,
2021-11-20,2021,R,,utah,oregon,H,38,7,0,24.0,4.0,
2021-11-20,2021,R,,oregon,utah,A,7,38,0,4.0,24.0,
2021-11-20,2021,R,,west-virginia,texas,H,31,23,0,,,
2021-11-20,2021,R,,texas,west-virginia,A,23,31,0,,,
2021-11-20,2021,R,,western-kentucky,florida-atlantic,H,52,17,0,,,
2021-11-20,2021,R,,florida-atlantic,western-kentucky,A,17,52,0,,,
2021-11-20,2021,R,,wisconsin,nebraska,H,35,28,0,19.0,,
2021-11-20,2021,R,,nebraska,wisconsin,A,28,35,0,,19.0,
2021-11-20,2021,R,,wyoming,utah-state,A,44,17,0,,,
2021-11-20,2021,R,,utah-state,wyoming,H,17,44,0,,,
2021-11-23,2021,R,,ball-state,buffalo,H,20,3,0,,,
2021-11-23,2021,R,,buffalo,ball-state,A,3,20,0,,,
2021-11-23,2021,R,,western-michigan,northern-illinois,A,42,21,0,,,
2021-11-23,2021,R,,northern-illinois,western-michigan,H,21,42,0,,,
2021-11-25,2021,R,,fresno-state,san-jose-state,A,40,9,0,,,
2021-11-25,2021,R,,san-jose-state,fresno-state,H,9,40,0,,,
2021-11-25,2021,R,,mississippi,mississippi-state,A,31,21,0,8.0,,
2021-11-25,2021,R,,mississippi-state,mississippi,H,21,31,0,,8.0,
2021-11-26,2021,R,,air-force,nevada-las-vegas,H,48,14,0,,,
2021-11-26,2021,R,,nevada-las-vegas,air-force,A,14,48,0,,,
2021-11-26,2021,R,,alabama-birmingham,texas-el-paso,H,42,25,0,,,
2021-11-26,2021,R,,texas-el-paso,alabama-birmingham,A,25,42,0,,,
2021-11-26,2021,R,,arkansas,missouri,H,34,17,0,25.0,,
2021-11-26,2021,R,,missouri,arkansas,A,17,34,0,,25.0,
2021-11-26,2021,R,,bowling-green,ohio,H,21,10,0,,,
2021-11-26,2021,R,,ohio,bowling-green,A,10,21,0,,,
2021-11-26,2021,R,,central-florida,south-florida,H,17,13,0,,,
2021-11-26,2021,R,,south-florida,central-florida,A,13,17,0,,,
2021-11-26,2021,R,,central-michigan,eastern-michigan,H,31,10,0,,,
2021-11-26,2021,R,,eastern-michigan,central-michigan,A,10,31,0,,,
2021-11-26,2021,R,,cincinnati,east-carolina,A,35,13,0,4.0,,
2021-11-26,2021,R,,east-carolina,cincinnati,H,13,35,0,,4.0,
2021-11-26,2021,R,,coastal-carolina,south-alabama,A,27,21,0,,,
2021-11-26,2021,R,,south-alabama,coastal-carolina,H,21,27,0,,,
2021-11-26,2021,R,,iowa,nebraska,A,28,21,0,17.0,,
2021-11-26,2021,R,,nebraska,iowa,H,21,28,0,,17.0,
2021-11-26,2021,R,,iowa-state,texas-christian,H,48,14,0,,,
2021-11-26,2021,R,,texas-christian,iowa-state,A,14,48,0,,,
2021-11-26,2021,R,,north-carolina-state,north-carolina,H,34,30,0,24.0,,
2021-11-26,2021,R,,north-carolina,north-carolina-state,A,30,34,0,,24.0,
2021-11-26,2021,R,,san-diego-state,boise-state,H,27,16,0,22.0,,
2021-11-26,2021,R,,boise-state,san-diego-state,A,16,27,0,,22.0,
2021-11-26,2021,R,,texas,kansas-state,H,22,17,0,,,
2021-11-26,2021,R,,kansas-state,texas,A,17,22,0,,,
2021-11-26,2021,R,,utah,colorado,H,28,13,0,16.0,,
2021-11-26,2021,R,,colorado,utah,A,13,28,0,,16.0,
2021-11-26,2021,R,,utah-state,new-mexico,A,35,10,0,,,
2021-11-26,2021,R,,new-mexico,utah-state,H,10,35,0,,,
2021-11-26,2021,R,,washington-state,washington,A,40,13,0,,,
2021-11-26,2021,R,,washington,washington-state,H,13,40,0,,,
2021-11-27,2021,R,,alabama,auburn,A,24,22,0,3.0,,
2021-11-27,2021,R,,auburn,alabama,H,22,24,0,,3.0,
2021-11-27,2021,R,,appalachian-state,georgia-southern,H,27,3,0,,,
2021-11-27,2021,R,,georgia-southern,appalachian-state,A,3,27,0,,,
2021-11-27,2021,R,,arizona-state,arizona,H,38,15,0,,,
2021-11-27,2021,R,,arizona,arizona-state,A,15,38,0,,,
2021-11-27,2021,R,,army,liberty,A,31,16,0,,,
2021-11-27,2021,R,,liberty,army,H,16,31,0,,,
2021-11-27,2021,R,,baylor,texas-tech,H,27,24,0,9.0,,
2021-11-27,2021,R,,texas-tech,baylor,A,24,27,0,,9.0,
2021-11-27,2021,R,,brigham-young,southern-california,A,35,31,0,13.0,,
2021-11-27,2021,R,,southern-california,brigham-young,H,31,35,0,,13.0,
2021-11-27,2021,R,,clemson,south-carolina,A,30,0,0,,,
2021-11-27,2021,R,,south-carolina,clemson,H,0,30,0,,,
2021-11-27,2021,R,,florida,florida-state,H,24,21,0,,,
2021-11-27,2021,R,,florida-state,florida,A,21,24,0,,,
2021-11-27,2021,R,,georgia,georgia-tech,A,45,0,0,1.0,,
2021-11-27,2021,R,,georgia-tech,georgia,H,0,45,0,,1.0,
2021-11-27,2021,R,,georgia-state,troy,H,37,10,0,,,
2021-11-27,2021,R,,troy,georgia-state,A,10,37,0,,,
2021-11-27,2021,R,,hawaii,wyoming,A,38,14,0,,,
2021-11-27,2021,R,,wyoming,hawaii,H,14,38,0,,,
2021-11-27,2021,R,,houston,connecticut,A,45,17,0,19.0,,
2021-11-27,2021,R,,connecticut,houston,H,17,45,0,,19.0,
2021-11-27,2021,R,,illinois,northwestern,H,47,14,0,,,
2021-11-27,2021,R,,northwestern,illinois,A,14,47,0,,,
2021-11-27,2021,R,,kent-state,miami-oh,H,48,47,0,,,
2021-11-27,2021,R,,miami-oh,kent-state,A,47,48,0,,,
2021-11-27,2021,R,,kentucky,louisville,A,52,21,0,,,
2021-11-27,2021,R,,louisville,kentucky,H,21,52,0,,,
2021-11-27,2021,R,,louisiana,louisiana-monroe,H,21,16,0,23.0,,
2021-11-27,2021,R,,louisiana-monroe,louisiana,A,16,21,0,,23.0,
2021-11-27,2021,R,,louisiana-state,texas-a-m,H,27,24,0,,14.0,
2021-11-27,2021,R,,texas-a-m,louisiana-state,A,24,27,0,14.0,,
2021-11-27,2021,R,,maryland,rutgers,A,40,16,0,,,
2021-11-27,2021,R,,rutgers,maryland,H,16,40,0,,,
2021-11-27,2021,R,,memphis,tulane,H,33,28,0,,,
2021-11-27,2021,R,,tulane,memphis,A,28,33,0,,,
2021-11-27,2021,R,,miami-fl,duke,A,47,10,0,,,
2021-11-27,2021,R,,duke,miami-fl,H,10,47,0,,,
2021-11-27,2021,R,,michigan,ohio-state,H,42,27,0,6.0,2.0,
2021-11-27,2021,R,,ohio-state,michigan,A,27,42,0,2.0,6.0,
2021-11-27,2021,R,,michigan-state,penn-state,H,30,27,0,12.0,,
2021-11-27,2021,R,,penn-state,michigan-state,A,27,30,0,,12.0,
2021-11-27,2021,R,,middle-tennessee-state,florida-atlantic,A,27,17,0,,,
2021-11-27,2021,R,,florida-atlantic,middle-tennessee-state,H,17,27,0,,,
2021-11-27,2021,R,,minnesota,wisconsin,H,23,13,0,,18.0,
2021-11-27,2021,R,,wisconsin,minnesota,A,13,23,0,18.0,,
2021-11-27,2021,R,,navy,temple,A,38,14,0,,,
2021-11-27,2021,R,,temple,navy,H,14,38,0,,,
2021-11-27,2021,R,,nevada,colorado-state,A,52,10,0,,,
2021-11-27,2021,R,,colorado-state,nevada,H,10,52,0,,,
2021-11-27,2021,R,,new-mexico-state,massachusetts,H,44,27,0,,,
2021-11-27,2021,R,,massachusetts,new-mexico-state,A,27,44,0,,,
2021-11-27,2021,R,,north-texas,texas-san-antonio,H,45,23,0,,15.0,
2021-11-27,2021,R,,texas-san-antonio,north-texas,A,23,45,0,15.0,,
2021-11-27,2021,R,,notre-dame,stanford,A,45,14,0,5.0,,
2021-11-27,2021,R,,stanford,notre-dame,H,14,45,0,,5.0,
2021-11-27,2021,R,,oklahoma-state,oklahoma,H,37,33,0,7.0,10.0,
2021-11-27,2021,R,,oklahoma,oklahoma-state,A,33,37,0,10.0,7.0,
2021-11-27,2021,R,,old-dominion,charlotte,H,56,34,0,,,
2021-11-27,2021,R,,charlotte,old-dominion,A,34,56,0,,,
2021-11-27,2021,R,,oregon,oregon-state,H,38,29,0,11.0,,
2021-11-27,2021,R,,oregon-state,oregon,A,29,38,0,,11.0,
2021-11-27,2021,R,,pittsburgh,syracuse,A,31,14,0,20.0,,
2021-11-27,2021,R,,syracuse,pittsburgh,H,14,31,0,,20.0,
2021-11-27,2021,R,,purdue,indiana,H,44,7,0,,,
2021-11-27,2021,R,,indiana,purdue,A,7,44,0,,,
2021-11-27,2021,R,,rice,louisiana-tech,H,35,31,0,,,
2021-11-27,2021,R,,louisiana-tech,rice,A,31,35,0,,,
2021-11-27,2021,R,,southern-mississippi,florida-international,H,37,17,0,,,
2021-11-27,2021,R,,florida-international,southern-mississippi,A,17,37,0,,,
2021-11-27,2021,R,,tennessee,vanderbilt,H,45,21,0,,,
2021-11-27,2021,R,,vanderbilt,tennessee,A,21,45,0,,,
2021-11-27,2021,R,,texas-state,arkansas-state,A,24,22,0,,,
2021-11-27,2021,R,,arkansas-state,texas-state,H,22,24,0,,,
2021-11-27,2021,R,,toledo,akron,H,49,14,0,,,
2021-11-27,2021,R,,akron,toledo,A,14,49,0,,,
2021-11-27,2021,R,,tulsa,southern-methodist,A,34,31,0,,,
2021-11-27,2021,R,,southern-methodist,tulsa,H,31,34,0,,,
2021-11-27,2021,R,,ucla,california,H,42,14,0,,,
2021-11-27,2021,R,,california,ucla,A,14,42,0,,,
2021-11-27,2021,R,,virginia-tech,virginia,A,29,24,0,,,
2021-11-27,2021,R,,virginia,virginia-tech,H,24,29,0,,,
2021-11-27,2021,R,,wake-forest,boston-college,A,41,10,0,21.0,,
2021-11-27,2021,R,,boston-college,wake-forest,H,10,41,0,,21.0,
2021-11-27,2021,R,,west-virginia,kansas,A,34,28,0,,,
2021-11-27,2021,R,,kansas,west-virginia,H,28,34,0,,,
2021-11-27,2021,R,,western-kentucky,marshall,A,53,21,0,,,
2021-11-27,2021,R,,marshall,western-kentucky,H,21,53,0,,,
2021-12-03,2021,R,CCG,texas-san-antonio,western-kentucky,H,49,41,0,,,Conference USA Championship (San Antonio TX)
2021-12-03,2021,R,CCG,western-kentucky,texas-san-antonio,A,41,49,0,,,Conference USA Championship (San Antonio TX)
2021-12-03,2021,R,CCG,utah,oregon,N,38,10,0,14.0,10.0,Pac-12 Championship (Paradise NV)
2021-12-03,2021,R,CCG,oregon,utah,N,10,38,0,10.0,14.0,Pac-12 Championship (Paradise NV)
2021-12-04,2021,R,CCG,alabama,georgia,N,41,24,0,4.0,1.0,SEC Championship (Atlanta GA)
2021-12-04,2021,R,CCG,georgia,alabama,N,24,41,0,1.0,4.0,SEC Championship (Atlanta GA)
2021-12-04,2021,R,CCG,baylor,oklahoma-state,N,21,16,0,9.0,5.0,Big 12 Championship (Arlington TX)
2021-12-04,2021,R,CCG,oklahoma-state,baylor,N,16,21,0,5.0,9.0,Big 12 Championship (Arlington TX)
2021-12-04,2021,R,,california,southern-california,H,24,14,0,,,
2021-12-04,2021,R,,southern-california,california,A,14,24,0,,,
2021-12-04,2021,R,CCG,cincinnati,houston,H,35,20,0,3.0,16.0,American Athletic Conference Championship (Cincinnati OH)
2021-12-04,2021,R,CCG,houston,cincinnati,A,20,35,0,16.0,3.0,American Athletic Conference Championship (Cincinnati OH)
2021-12-04,2021,R,CCG,louisiana,appalachian-state,H,24,16,0,20.0,,Sun Belt Championship (Lafayette LA)
2021-12-04,2021,R,CCG,appalachian-state,louisiana,A,16,24,0,,20.0,Sun Belt Championship (Lafayette LA)
2021-12-04,2021,R,CCG,michigan,iowa,N,42,3,0,2.0,15.0,Big Ten Championship (Indianapolis IN)
2021-12-04,2021,R,CCG,iowa,michigan,N,3,42,0,15.0,2.0,Big Ten Championship (Indianapolis IN)
2021-12-04,2021,R,CCG,northern-illinois,kent-state,N,41,23,0,,,MAC Championship (Detroit MI)
2021-12-04,2021,R,CCG,kent-state,northern-illinois,N,23,41,0,,,MAC Championship (Detroit MI)
2021-12-04,2021,R,CCG,pittsburgh,wake-forest,N,45,21,0,17.0,18.0,ACC Championship (Charlotte NC)
2021-12-04,2021,R,CCG,wake-forest,pittsburgh,N,21,45,0,18.0,17.0,ACC Championship (Charlotte NC)
2021-12-04,2021,R,CCG,utah-state,san-diego-state,A,46,13,0,,19.0,MWC Championship (Carson CA)
2021-12-04,2021,R,CCG,san-diego-state,utah-state,H,13,46,0,19.0,,MWC Championship (Carson CA)
2021-12-11,2021,R,,navy,army,N,17,13,0,,,MetLife Stadium - East Rutherford New Jersey
2021-12-11,2021,R,,army,navy,N,13,17,0,,,MetLife Stadium - East Rutherford New Jersey
2021-12-17,2021,R,,coastal-carolina,northern-illinois,N,47,41,0,,,Cure Bowl (Exploria Stadium - Orlando Florida)
2021-12-17,2021,R,,northern-illinois,coastal-carolina,N,41,47,0,,,Cure Bowl (Exploria Stadium - Orlando Florida)
2021-12-17,2021,R,,middle-tennessee-state,toledo,N,31,24,0,,,Bahamas Bowl (Thomas A. Robinson Stadium - Nassau BHS)
2021-12-17,2021,R,,toledo,middle-tennessee-state,N,24,31,0,,,Bahamas Bowl (Thomas A. Robinson Stadium - Nassau BHS)
2021-12-18,2021,R,,alabama-birmingham,brigham-young,N,31,28,0,,12.0,Independence Bowl (Independence Stadium - Shreveport Louisiana)
2021-12-18,2021,R,,brigham-young,alabama-birmingham,N,28,31,0,12.0,,Independence Bowl (Independence Stadium - Shreveport Louisiana)
2021-12-18,2021,R,,fresno-state,texas-el-paso,N,31,24,0,,,New Mexico Bowl (University Stadium (Albuquerque) - Albuquerque New Mexico)
2021-12-18,2021,R,,texas-el-paso,fresno-state,N,24,31,0,,,New Mexico Bowl (University Stadium (Albuquerque) - Albuquerque New Mexico)
2021-12-18,2021,R,,liberty,eastern-michigan,N,56,20,0,,,LendingTree Bowl (Hancock Whitney Stadium - Mobile Alabama)
2021-12-18,2021,R,,eastern-michigan,liberty,N,20,56,0,,,LendingTree Bowl (Hancock Whitney Stadium - Mobile Alabama)
2021-12-18,2021,R,,louisiana,marshall,N,36,21,0,16.0,,New Orleans Bowl (Caesars Superdome - New Orleans Louisiana)
2021-12-18,2021,R,,marshall,louisiana,N,21,36,0,,16.0,New Orleans Bowl (Caesars Superdome - New Orleans Louisiana)
2021-12-18,2021,R,,utah-state,oregon-state,N,24,13,0,,,LA Bowl (SoFi Stadium - Inglewood California)
2021-12-18,2021,R,,oregon-state,utah-state,N,13,24,0,,,LA Bowl (SoFi Stadium - Inglewood California)
2021-12-18,2021,R,,western-kentucky,appalachian-state,N,59,38,0,,,Boca Raton Bowl (FAU Stadium - Boca Raton Florida)
2021-12-18,2021,R,,appalachian-state,western-kentucky,N,38,59,0,,,Boca Raton Bowl (FAU Stadium - Boca Raton Florida)
2021-12-20,2021,R,,tulsa,old-dominion,N,30,17,0,,,Myrtle Beach Bowl (Brooks Stadium - Conway South Carolina)
2021-12-20,2021,R,,old-dominion,tulsa,N,17,30,0,,,Myrtle Beach Bowl (Brooks Stadium - Conway South Carolina)
2021-12-21,2021,R,,san-diego-state,texas-san-antonio,N,38,24,0,,24.0,Frisco Bowl (Toyota Stadium - Frisco Texas)
2021-12-21,2021,R,,texas-san-antonio,san-diego-state,N,24,38,0,24.0,,Frisco Bowl (Toyota Stadium - Frisco Texas)
2021-12-21,2021,R,,wyoming,kent-state,N,52,38,0,,,Famous Idaho Potato Bowl (Albertsons Stadium - Boise Idaho)
2021-12-21,2021,R,,kent-state,wyoming,N,38,52,0,,,Famous Idaho Potato Bowl (Albertsons Stadium - Boise Idaho)
2021-12-22,2021,R,,army,missouri,N,24,22,0,,,Armed Forces Bowl (Amon G. Carter Stadium - Fort Worth Texas)
2021-12-22,2021,R,,missouri,army,N,22,24,0,,,Armed Forces Bowl (Amon G. Carter Stadium - Fort Worth Texas)
2021-12-23,2021,R,,army,missouri,N,24,22,0,,,
2021-12-23,2021,R,,missouri,army,N,22,24,0,,,
2021-12-23,2021,R,,central-florida,florida,N,29,17,0,,,Union Home Mortgage Gasparilla Bowl (Raymond James Stadium - Tampa Florida)
2021-12-23,2021,R,,florida,central-florida,N,17,29,0,,,Union Home Mortgage Gasparilla Bowl (Raymond James Stadium - Tampa Florida)
2021-12-23,2021,R,,miami-oh,north-texas,N,27,14,0,,,Frisco Football Classic (Toyota Stadium - Frisco Texas)
2021-12-23,2021,R,,north-texas,miami-oh,N,14,27,0,,,Frisco Football Classic (Toyota Stadium - Frisco Texas)
2021-12-25,2021,R,,georgia-state,ball-state,N,51,20,0,,,Camellia Bowl (Cramton Bowl - Montgomery Alabama)
2021-12-25,2021,R,,ball-state,georgia-state,N,20,51,0,,,Camellia Bowl (Cramton Bowl - Montgomery Alabama)
2021-12-27,2021,R,,western-michigan,nevada,N,52,24,0,,,Quick Lane Bowl (Ford Field - Detroit Michigan)
2021-12-27,2021,R,,nevada,western-michigan,N,24,52,0,,,Quick Lane Bowl (Ford Field - Detroit Michigan)
2021-12-28,2021,R,,air-force,louisville,N,31,28,0,,,First Responder Bowl (Gerald J. Ford Stadium - Dallas Texas)
2021-12-28,2021,R,,louisville,air-force,N,28,31,0,,,First Responder Bowl (Gerald J. Ford Stadium - Dallas Texas)
2021-12-28,2021,R,,houston,auburn,N,17,13,0,21.0,,Birmingham Bowl (Protective Stadium - Birmingham Alabama)
2021-12-28,2021,R,,auburn,houston,N,13,17,0,,21.0,Birmingham Bowl (Protective Stadium - Birmingham Alabama)
2021-12-28,2021,R,,minnesota,west-virginia,N,18,6,0,,,Guaranteed Rate Bowl (Chase Field - Phoenix Arizona)
2021-12-28,2021,R,,west-virginia,minnesota,N,6,18,0,,,Guaranteed Rate Bowl (Chase Field - Phoenix Arizona)
2021-12-28,2021,R,,texas-tech,mississippi-state,N,34,7,0,,,Liberty Bowl (Liberty Bowl Memorial Stadium - Memphis Tennessee)
2021-12-28,2021,R,,mississippi-state,texas-tech,N,7,34,0,,,Liberty Bowl (Liberty Bowl Memorial Stadium - Memphis Tennessee)
2021-12-29,2021,R,,clemson,iowa-state,N,20,13,0,19.0,,Cheez-It Bowl (Camping World Stadium - Orlando Florida)
2021-12-29,2021,R,,iowa-state,clemson,N,13,20,0,,19.0,Cheez-It Bowl (Camping World Stadium - Orlando Florida)
2021-12-29,2021,R,,maryland,virginia-tech,N,54,10,0,,,Pinstripe Bowl (Yankee Stadium - New York New York)
2021-12-29,2021,R,,virginia-tech,maryland,N,10,54,0,,,Pinstripe Bowl (Yankee Stadium - New York New York)
2021-12-29,2021,R,,oklahoma,oregon,N,47,32,0,14.0,15.0,Alamo Bowl (Alamodome - San Antonio Texas)
2021-12-29,2021,R,,oregon,oklahoma,N,32,47,0,15.0,14.0,Alamo Bowl (Alamodome - San Antonio Texas)
2021-12-30,2021,R,,michigan-state,pittsburgh,N,31,21,0,11.0,13.0,Peach Bowl (Mercedes-Benz Stadium - Atlanta Georgia)
2021-12-30,2021,R,,pittsburgh,michigan-state,N,21,31,0,13.0,11.0,Peach Bowl (Mercedes-Benz Stadium - Atlanta Georgia)
2021-12-30,2021,R,,purdue,tennessee,N,48,45,0,,,Music City Bowl (Nissan Stadium - Nashville Tennessee)
2021-12-30,2021,R,,tennessee,purdue,N,45,48,0,,,Music City Bowl (Nissan Stadium - Nashville Tennessee)
2021-12-30,2021,R,,south-carolina,north-carolina,N,38,21,0,,,Duke's Mayo Bowl (Bank of America Stadium - Charlotte North Carolina)
2021-12-30,2021,R,,north-carolina,south-carolina,N,21,38,0,,,Duke's Mayo Bowl (Bank of America Stadium - Charlotte North Carolina)
2021-12-30,2021,R,,wisconsin,arizona-state,N,20,13,0,,,Las Vegas Bowl (Allegiant Stadium - Paradise Nevada)
2021-12-30,2021,R,,arizona-state,wisconsin,N,13,20,0,,,Las Vegas Bowl (Allegiant Stadium - Paradise Nevada)
2021-12-31,2021,R,,alabama,cincinnati,N,27,6,0,1.0,4.0,Cotton Bowl (AT&T Stadium - Arlington Texas)
2021-12-31,2021,R,,cincinnati,alabama,N,6,27,0,4.0,1.0,Cotton Bowl (AT&T Stadium - Arlington Texas)
2021-12-31,2021,R,,central-michigan,washington-state,N,24,21,0,,,Sun Bowl (Sun Bowl - El Paso Texas)
2021-12-31,2021,R,,washington-state,central-michigan,N,21,24,0,,,Sun Bowl (Sun Bowl - El Paso Texas)
2021-12-31,2021,R,,georgia,michigan,N,34,11,0,3.0,2.0,Orange Bowl (Hard Rock Stadium - Miami Gardens Florida)
2021-12-31,2021,R,,michigan,georgia,N,11,34,0,2.0,3.0,Orange Bowl (Hard Rock Stadium - Miami Gardens Florida)
2021-12-31,2021,R,,wake-forest,rutgers,N,38,10,0,20.0,,Gator Bowl (TIAA Bank Field - Jacksonville Florida)
2021-12-31,2021,R,,rutgers,wake-forest,N,10,38,0,,20.0,Gator Bowl (TIAA Bank Field - Jacksonville Florida)
2022-01-01,2021,R,,arkansas,penn-state,N,24,10,0,22.0,,Outback Bowl (Raymond James Stadium - Tampa Florida)
2022-01-01,2021,R,,penn-state,arkansas,N,10,24,0,,22.0,Outback Bowl (Raymond James Stadium - Tampa Florida)
2022-01-01,2021,R,,baylor,mississippi,N,21,7,0,6.0,8.0,Sugar Bowl (Caesars Superdome - New Orleans Louisiana)
2022-01-01,2021,R,,mississippi,baylor,N,7,21,0,8.0,6.0,Sugar Bowl (Caesars Superdome - New Orleans Louisiana)
2022-01-01,2021,R,,kentucky,iowa,N,20,17,0,25.0,17.0,Citrus Bowl (Camping World Stadium - Orlando Florida)
2022-01-01,2021,R,,iowa,kentucky,N,17,20,0,17.0,25.0,Citrus Bowl (Camping World Stadium - Orlando Florida)
2022-01-01,2021,R,,ohio-state,utah,N,48,45,0,7.0,10.0,Rose Bowl (Rose Bowl - Pasadena California)
2022-01-01,2021,R,,utah,ohio-state,N,45,48,0,10.0,7.0,Rose Bowl (Rose Bowl - Pasadena California)
2022-01-01,2021,R,,oklahoma-state,notre-dame,N,37,35,0,9.0,5.0,Fiesta Bowl (State Farm Stadium - Glendale Arizona)
2022-01-01,2021,R,,notre-dame,oklahoma-state,N,35,37,0,5.0,9.0,Fiesta Bowl (State Farm Stadium - Glendale Arizona)
2022-01-04,2021,R,,kansas-state,louisiana-state,N,42,20,0,,,Texas Bowl (NRG Stadium - Houston Texas)
2022-01-04,2021,R,,louisiana-state,kansas-state,N,20,42,0,,,Texas Bowl (NRG Stadium - Houston Texas)
2022-01-10,2021,R,CCG,georgia,alabama,N,33,18,0,3.0,1.0,College Football Playoff National Championship (Lucas Oil Stadium - Indianapolis Indiana)
2022-01-10,2021,R,CCG,alabama,georgia,N,18,33,0,1.0,3.0,College Football Playoff National Championship (Lucas Oil Stadium - Indianapolis Indiana)
