Date,Season,Type,Round,Team,Opp,HomeAway,PointsFor,PointsAgainst,OT,TeamAPRank,OppAPRank,Notes
2013-08-29,2013,R,,ball-state,illinois-state,H,51,28,0,,,
2013-08-29,2013,R,,illinois-state,ball-state,A,28,51,0,,,
2013-08-29,2013,R,,bowling-green,tulsa,H,34,7,0,,,
2013-08-29,2013,R,,tulsa,bowling-green,A,7,34,0,,,
2013-08-29,2013,R,,central-florida,akron,H,38,7,0,,,
2013-08-29,2013,R,,akron,central-florida,A,7,38,0,,,
2013-08-29,2013,R,,fresno-state,rutgers,H,52,51,0,,,
2013-08-29,2013,R,,rutgers,fresno-state,A,51,52,0,,,
2013-08-29,2013,R,,indiana,indiana-state,H,73,35,0,,,
2013-08-29,2013,R,,indiana-state,indiana,A,35,73,0,,,
2013-08-29,2013,R,,kent-state,liberty,H,17,10,0,,,
2013-08-29,2013,R,,liberty,kent-state,A,10,17,0,,,
2013-08-29,2013,R,,middle-tennessee-state,western-carolina,H,45,24,0,,,
2013-08-29,2013,R,,western-carolina,middle-tennessee-state,A,24,45,0,,,
2013-08-29,2013,R,,minnesota,nevada-las-vegas,H,51,23,0,,,
2013-08-29,2013,R,,nevada-las-vegas,minnesota,A,23,51,0,,,
2013-08-29,2013,R,,mississippi,vanderbilt,A,39,35,0,,,
2013-08-29,2013,R,,vanderbilt,mississippi,H,35,39,0,,,
2013-08-29,2013,R,,san-jose-state,sacramento-state,H,24,0,0,,,
2013-08-29,2013,R,,sacramento-state,san-jose-state,A,0,24,0,,,
2013-08-29,2013,R,,south-carolina,north-carolina,H,27,10,0,6.0,,
2013-08-29,2013,R,,north-carolina,south-carolina,A,10,27,0,,6.0,
2013-08-29,2013,R,,southern-california,hawaii,A,30,13,0,24.0,,
2013-08-29,2013,R,,hawaii,southern-california,H,13,30,0,,24.0,
2013-08-29,2013,R,,southern-utah,south-alabama,A,22,21,0,,,
2013-08-29,2013,R,,south-alabama,southern-utah,H,21,22,0,,,
2013-08-29,2013,R,,towson,connecticut,A,33,18,0,,,
2013-08-29,2013,R,,connecticut,towson,H,18,33,0,,,
2013-08-29,2013,R,,tulane,jackson-state,H,34,7,0,,,
2013-08-29,2013,R,,jackson-state,tulane,A,7,34,0,,,
2013-08-29,2013,R,,utah,utah-state,H,30,26,0,,,
2013-08-29,2013,R,,utah-state,utah,A,26,30,0,,,
2013-08-29,2013,R,,wake-forest,presbyterian,H,31,7,0,,,
2013-08-29,2013,R,,presbyterian,wake-forest,A,7,31,0,,,
2013-08-30,2013,R,,arizona,northern-arizona,H,35,0,0,,,
2013-08-30,2013,R,,northern-arizona,arizona,A,0,35,0,,,
2013-08-30,2013,R,,army,morgan-state,H,28,12,0,,,
2013-08-30,2013,R,,morgan-state,army,A,12,28,0,,,
2013-08-30,2013,R,,houston,southern,H,62,13,0,,,
2013-08-30,2013,R,,southern,houston,A,13,62,0,,,
2013-08-30,2013,R,,miami-fl,florida-atlantic,H,34,6,0,,,
2013-08-30,2013,R,,florida-atlantic,miami-fl,A,6,34,0,,,
2013-08-30,2013,R,,michigan-state,western-michigan,H,26,13,0,,,
2013-08-30,2013,R,,western-michigan,michigan-state,A,13,26,0,,,
2013-08-30,2013,R,,north-dakota-state,kansas-state,A,24,21,0,,,
2013-08-30,2013,R,,kansas-state,north-dakota-state,H,21,24,0,,,
2013-08-30,2013,R,,samford,georgia-state,A,31,21,0,,,
2013-08-30,2013,R,,georgia-state,samford,H,21,31,0,,,
2013-08-30,2013,R,,texas-tech,southern-methodist,A,41,23,0,,,
2013-08-30,2013,R,,southern-methodist,texas-tech,H,23,41,0,,,
2013-08-31,2013,R,,air-force,colgate,H,38,13,0,,,
2013-08-31,2013,R,,colgate,air-force,A,13,38,0,,,
2013-08-31,2013,R,,alabama,virginia-tech,N,35,10,0,1.0,,Georgia Dome - Atlanta GA
2013-08-31,2013,R,,virginia-tech,alabama,N,10,35,0,,1.0,Georgia Dome - Atlanta GA
2013-08-31,2013,R,,arkansas,louisiana,H,34,14,0,,,
2013-08-31,2013,R,,louisiana,arkansas,A,14,34,0,,,
2013-08-31,2013,R,,arkansas-state,arkansas-pine-bluff,H,62,11,0,,,
2013-08-31,2013,R,,arkansas-pine-bluff,arkansas-state,A,11,62,0,,,
2013-08-31,2013,R,,auburn,washington-state,H,31,24,0,,,
2013-08-31,2013,R,,washington-state,auburn,A,24,31,0,,,
2013-08-31,2013,R,,baylor,wofford,H,69,3,0,,,
2013-08-31,2013,R,,wofford,baylor,A,3,69,0,,,
2013-08-31,2013,R,,boston-college,villanova,H,24,14,0,,,
2013-08-31,2013,R,,villanova,boston-college,A,14,24,0,,,
2013-08-31,2013,R,,cincinnati,purdue,H,42,7,0,,,
2013-08-31,2013,R,,purdue,cincinnati,A,7,42,0,,,
2013-08-31,2013,R,,clemson,georgia,H,38,35,0,8.0,5.0,
2013-08-31,2013,R,,georgia,clemson,A,35,38,0,5.0,8.0,
2013-08-31,2013,R,,duke,north-carolina-central,H,45,0,0,,,
2013-08-31,2013,R,,north-carolina-central,duke,A,0,45,0,,,
2013-08-31,2013,R,,east-carolina,old-dominion,H,52,38,0,,,
2013-08-31,2013,R,,old-dominion,east-carolina,A,38,52,0,,,
2013-08-31,2013,R,,eastern-illinois,san-diego-state,A,40,19,0,,,
2013-08-31,2013,R,,san-diego-state,eastern-illinois,H,19,40,0,,,
2013-08-31,2013,R,,eastern-michigan,howard,H,34,24,0,,,
2013-08-31,2013,R,,howard,eastern-michigan,A,24,34,0,,,
2013-08-31,2013,R,,eastern-washington,oregon-state,A,49,46,0,,25.0,
2013-08-31,2013,R,,oregon-state,eastern-washington,H,46,49,0,25.0,,
2013-08-31,2013,R,,florida,toledo,H,24,6,0,10.0,,
2013-08-31,2013,R,,toledo,florida,A,6,24,0,,10.0,
2013-08-31,2013,R,,georgia-tech,elon,H,70,0,0,,,
2013-08-31,2013,R,,elon,georgia-tech,A,0,70,0,,,
2013-08-31,2013,R,,illinois,southern-illinois,H,42,34,0,,,
2013-08-31,2013,R,,southern-illinois,illinois,A,34,42,0,,,
2013-08-31,2013,R,,louisiana-state,texas-christian,N,37,27,0,12.0,20.0,AT&T Stadium - Arlington TX
2013-08-31,2013,R,,texas-christian,louisiana-state,N,27,37,0,20.0,12.0,AT&T Stadium - Arlington TX
2013-08-31,2013,R,,marshall,miami-oh,H,52,14,0,,,
2013-08-31,2013,R,,miami-oh,marshall,A,14,52,0,,,
2013-08-31,2013,R,,maryland,florida-international,H,43,10,0,,,
2013-08-31,2013,R,,florida-international,maryland,A,10,43,0,,,
2013-08-31,2013,R,,mcneese-state,south-florida,A,53,21,0,,,
2013-08-31,2013,R,,south-florida,mcneese-state,H,21,53,0,,,
2013-08-31,2013,R,,michigan,central-michigan,H,59,9,0,17.0,,
2013-08-31,2013,R,,central-michigan,michigan,A,9,59,0,,17.0,
2013-08-31,2013,R,,missouri,murray-state,H,58,14,0,,,
2013-08-31,2013,R,,murray-state,missouri,A,14,58,0,,,
2013-08-31,2013,R,,nebraska,wyoming,H,37,34,0,18.0,,
2013-08-31,2013,R,,wyoming,nebraska,A,34,37,0,,18.0,
2013-08-31,2013,R,,north-carolina-state,louisiana-tech,H,40,14,0,,,
2013-08-31,2013,R,,louisiana-tech,north-carolina-state,A,14,40,0,,,
2013-08-31,2013,R,,north-texas,idaho,H,40,6,0,,,
2013-08-31,2013,R,,idaho,north-texas,A,6,40,0,,,
2013-08-31,2013,R,,northern-illinois,iowa,A,30,27,0,,,
2013-08-31,2013,R,,iowa,northern-illinois,H,27,30,0,,,
2013-08-31,2013,R,,northern-iowa,iowa-state,A,28,20,0,,,
2013-08-31,2013,R,,iowa-state,northern-iowa,H,20,28,0,,,
2013-08-31,2013,R,,northwestern,california,A,44,30,0,22.0,,
2013-08-31,2013,R,,california,northwestern,H,30,44,0,,22.0,
2013-08-31,2013,R,,notre-dame,temple,H,28,6,0,14.0,,
2013-08-31,2013,R,,temple,notre-dame,A,6,28,0,,14.0,
2013-08-31,2013,R,,ohio-state,buffalo,H,40,20,0,2.0,,
2013-08-31,2013,R,,buffalo,ohio-state,A,20,40,0,,2.0,
2013-08-31,2013,R,,oklahoma,louisiana-monroe,H,34,0,0,16.0,,
2013-08-31,2013,R,,louisiana-monroe,oklahoma,A,0,34,0,,16.0,
2013-08-31,2013,R,,oklahoma-state,mississippi-state,N,21,3,0,13.0,,Reliant Stadium - Houston TX
2013-08-31,2013,R,,mississippi-state,oklahoma-state,N,3,21,0,,13.0,Reliant Stadium - Houston TX
2013-08-31,2013,R,,oregon,nicholls-state,H,66,3,0,3.0,,
2013-08-31,2013,R,,nicholls-state,oregon,A,3,66,0,,3.0,
2013-08-31,2013,R,,penn-state,syracuse,N,23,17,0,,,MetLife Stadium - East Rutherford NJ
2013-08-31,2013,R,,syracuse,penn-state,N,17,23,0,,,MetLife Stadium - East Rutherford NJ
2013-08-31,2013,R,,tennessee,austin-peay,H,45,0,0,,,
2013-08-31,2013,R,,austin-peay,tennessee,A,0,45,0,,,
2013-08-31,2013,R,,texas,new-mexico-state,H,56,7,0,15.0,,
2013-08-31,2013,R,,new-mexico-state,texas,A,7,56,0,,15.0,
2013-08-31,2013,R,,texas-a-m,rice,H,52,31,0,7.0,,
2013-08-31,2013,R,,rice,texas-a-m,A,31,52,0,,7.0,
2013-08-31,2013,R,,texas-state,southern-mississippi,A,22,15,0,,,
2013-08-31,2013,R,,southern-mississippi,texas-state,H,15,22,0,,,
2013-08-31,2013,R,,texas-san-antonio,new-mexico,A,21,13,0,,,
2013-08-31,2013,R,,new-mexico,texas-san-antonio,H,13,21,0,,,
2013-08-31,2013,R,,troy,alabama-birmingham,H,34,31,0,,,
2013-08-31,2013,R,,alabama-birmingham,troy,A,31,34,0,,,
2013-08-31,2013,R,,ucla,nevada,H,58,20,0,21.0,,
2013-08-31,2013,R,,nevada,ucla,A,20,58,0,,21.0,
2013-08-31,2013,R,,virginia,brigham-young,H,19,16,0,,,
2013-08-31,2013,R,,brigham-young,virginia,A,16,19,0,,,
2013-08-31,2013,R,,washington,boise-state,H,38,6,0,,19.0,
2013-08-31,2013,R,,boise-state,washington,A,6,38,0,19.0,,
2013-08-31,2013,R,,west-virginia,william-mary,H,24,17,0,,,
2013-08-31,2013,R,,william-mary,west-virginia,A,17,24,0,,,
2013-08-31,2013,R,,western-kentucky,kentucky,N,35,26,0,,,LP Field - Nashville TN
2013-08-31,2013,R,,kentucky,western-kentucky,N,26,35,0,,,LP Field - Nashville TN
2013-08-31,2013,R,,wisconsin,massachusetts,H,45,0,0,23.0,,
2013-08-31,2013,R,,massachusetts,wisconsin,A,0,45,0,,23.0,
2013-09-01,2013,R,,colorado,colorado-state,N,41,27,0,,,Sports Authority Field at Mile High Stadium - Denver CO
2013-09-01,2013,R,,colorado-state,colorado,N,27,41,0,,,Sports Authority Field at Mile High Stadium - Denver CO
2013-09-01,2013,R,,louisville,ohio,H,49,7,0,9.0,,
2013-09-01,2013,R,,ohio,louisville,A,7,49,0,,9.0,
2013-09-02,2013,R,,florida-state,pittsburgh,A,41,13,0,10.0,,
2013-09-02,2013,R,,pittsburgh,florida-state,H,13,41,0,,10.0,
2013-09-05,2013,R,,arizona-state,sacramento-state,H,55,0,0,,,
2013-09-05,2013,R,,sacramento-state,arizona-state,A,0,55,0,,,
2013-09-05,2013,R,,east-carolina,florida-atlantic,H,31,13,0,,,
2013-09-05,2013,R,,florida-atlantic,east-carolina,A,13,31,0,,,
2013-09-06,2013,R,,boston-college,wake-forest,H,24,10,0,,,
2013-09-06,2013,R,,wake-forest,boston-college,A,10,24,0,,,
2013-09-06,2013,R,,central-florida,florida-international,A,38,0,0,,,
2013-09-06,2013,R,,florida-international,central-florida,H,0,38,0,,,
2013-09-07,2013,R,,akron,james-madison,H,35,33,0,,,
2013-09-07,2013,R,,james-madison,akron,A,33,35,0,,,
2013-09-07,2013,R,,arizona,nevada-las-vegas,A,58,13,0,,,
2013-09-07,2013,R,,nevada-las-vegas,arizona,H,13,58,0,,,
2013-09-07,2013,R,,arkansas,samford,H,31,21,0,,,
2013-09-07,2013,R,,samford,arkansas,A,21,31,0,,,
2013-09-07,2013,R,,auburn,arkansas-state,H,38,9,0,,,
2013-09-07,2013,R,,arkansas-state,auburn,A,9,38,0,,,
2013-09-07,2013,R,,ball-state,army,H,40,14,0,,,
2013-09-07,2013,R,,army,ball-state,A,14,40,0,,,
2013-09-07,2013,R,,baylor,buffalo,H,70,13,0,23.0,,
2013-09-07,2013,R,,buffalo,baylor,A,13,70,0,,23.0,
2013-09-07,2013,R,,boise-state,tennessee-martin,H,63,14,0,,,
2013-09-07,2013,R,,tennessee-martin,boise-state,A,14,63,0,,,
2013-09-07,2013,R,,bowling-green,kent-state,A,41,22,0,,,
2013-09-07,2013,R,,kent-state,bowling-green,H,22,41,0,,,
2013-09-07,2013,R,,brigham-young,texas,H,40,21,0,,15.0,
2013-09-07,2013,R,,texas,brigham-young,A,21,40,0,15.0,,
2013-09-07,2013,R,,california,portland-state,H,37,30,0,,,
2013-09-07,2013,R,,portland-state,california,A,30,37,0,,,
2013-09-07,2013,R,,central-michigan,new-hampshire,H,24,21,0,,,
2013-09-07,2013,R,,new-hampshire,central-michigan,A,21,24,0,,,
2013-09-07,2013,R,,chattanooga,georgia-state,A,42,14,0,,,
2013-09-07,2013,R,,georgia-state,chattanooga,H,14,42,0,,,
2013-09-07,2013,R,,clemson,south-carolina-state,H,52,13,0,4.0,,
2013-09-07,2013,R,,south-carolina-state,clemson,A,13,52,0,,4.0,
2013-09-07,2013,R,,colorado,central-arkansas,H,38,24,0,,,
2013-09-07,2013,R,,central-arkansas,colorado,A,24,38,0,,,
2013-09-07,2013,R,,duke,memphis,A,28,14,0,,,
2013-09-07,2013,R,,memphis,duke,H,14,28,0,,,
2013-09-07,2013,R,,fresno-state,cal-poly,H,41,25,0,,,
2013-09-07,2013,R,,cal-poly,fresno-state,A,25,41,0,,,
2013-09-07,2013,R,,georgia,south-carolina,H,41,30,0,11.0,6.0,
2013-09-07,2013,R,,south-carolina,georgia,A,30,41,0,6.0,11.0,
2013-09-07,2013,R,,houston,temple,A,22,13,0,,,
2013-09-07,2013,R,,temple,houston,H,13,22,0,,,
2013-09-07,2013,R,,illinois,cincinnati,H,45,17,0,,,
2013-09-07,2013,R,,cincinnati,illinois,A,17,45,0,,,
2013-09-07,2013,R,,iowa,missouri-state,H,28,14,0,,,
2013-09-07,2013,R,,missouri-state,iowa,A,14,28,0,,,
2013-09-07,2013,R,,kansas,south-dakota,H,31,14,0,,,
2013-09-07,2013,R,,south-dakota,kansas,A,14,31,0,,,
2013-09-07,2013,R,,kansas-state,louisiana,H,48,27,0,,,
2013-09-07,2013,R,,louisiana,kansas-state,A,27,48,0,,,
2013-09-07,2013,R,,kentucky,miami-oh,H,41,7,0,,,
2013-09-07,2013,R,,miami-oh,kentucky,A,7,41,0,,,
2013-09-07,2013,R,,louisiana-state,alabama-birmingham,H,56,17,0,9.0,,
2013-09-07,2013,R,,alabama-birmingham,louisiana-state,A,17,56,0,,9.0,
2013-09-07,2013,R,,louisiana-tech,lamar,H,27,14,0,,,
2013-09-07,2013,R,,lamar,louisiana-tech,A,14,27,0,,,
2013-09-07,2013,R,,louisiana-monroe,grambling-state,H,48,10,0,,,
2013-09-07,2013,R,,grambling-state,louisiana-monroe,A,10,48,0,,,
2013-09-07,2013,R,,louisville,eastern-kentucky,H,44,7,0,8.0,,
2013-09-07,2013,R,,eastern-kentucky,louisville,A,7,44,0,,8.0,
2013-09-07,2013,R,,maine,massachusetts,A,24,14,0,,,
2013-09-07,2013,R,,massachusetts,maine,H,14,24,0,,,
2013-09-07,2013,R,,marshall,gardner-webb,H,55,0,0,,,
2013-09-07,2013,R,,gardner-webb,marshall,A,0,55,0,,,
2013-09-07,2013,R,,maryland,old-dominion,H,47,10,0,,,
2013-09-07,2013,R,,old-dominion,maryland,A,10,47,0,,,
2013-09-07,2013,R,,miami-fl,florida,H,21,16,0,,12.0,
2013-09-07,2013,R,,florida,miami-fl,A,16,21,0,12.0,,
2013-09-07,2013,R,,michigan,notre-dame,H,41,30,0,17.0,14.0,
2013-09-07,2013,R,,notre-dame,michigan,A,30,41,0,14.0,17.0,
2013-09-07,2013,R,,michigan-state,south-florida,H,21,6,0,,,
2013-09-07,2013,R,,south-florida,michigan-state,A,6,21,0,,,
2013-09-07,2013,R,,minnesota,new-mexico-state,A,44,21,0,,,
2013-09-07,2013,R,,new-mexico-state,minnesota,H,21,44,0,,,
2013-09-07,2013,R,,mississippi,southeast-missouri-state,H,31,13,0,,,
2013-09-07,2013,R,,southeast-missouri-state,mississippi,A,13,31,0,,,
2013-09-07,2013,R,,mississippi-state,alcorn-state,H,51,7,0,,,
2013-09-07,2013,R,,alcorn-state,mississippi-state,A,7,51,0,,,
2013-09-07,2013,R,,missouri,toledo,H,38,23,0,,,
2013-09-07,2013,R,,toledo,missouri,A,23,38,0,,,
2013-09-07,2013,R,,navy,indiana,A,41,35,0,,,
2013-09-07,2013,R,,indiana,navy,H,35,41,0,,,
2013-09-07,2013,R,,nebraska,southern-mississippi,H,56,13,0,22.0,,
2013-09-07,2013,R,,southern-mississippi,nebraska,A,13,56,0,,22.0,
2013-09-07,2013,R,,nevada,california-davis,H,36,7,0,,,
2013-09-07,2013,R,,california-davis,nevada,A,7,36,0,,,
2013-09-07,2013,R,,new-mexico,texas-el-paso,A,42,35,0,,,
2013-09-07,2013,R,,texas-el-paso,new-mexico,H,35,42,0,,,
2013-09-07,2013,R,,nicholls-state,western-michigan,A,27,23,0,,,
2013-09-07,2013,R,,western-michigan,nicholls-state,H,23,27,0,,,
2013-09-07,2013,R,,north-carolina,middle-tennessee-state,H,40,20,0,,,
2013-09-07,2013,R,,middle-tennessee-state,north-carolina,A,20,40,0,,,
2013-09-07,2013,R,,north-carolina-state,richmond,H,23,21,0,,,
2013-09-07,2013,R,,richmond,north-carolina-state,A,21,23,0,,,
2013-09-07,2013,R,,northwestern,syracuse,H,48,27,0,19.0,,
2013-09-07,2013,R,,syracuse,northwestern,A,27,48,0,,19.0,
2013-09-07,2013,R,,ohio,north-texas,H,27,21,0,,,
2013-09-07,2013,R,,north-texas,ohio,A,21,27,0,,,
2013-09-07,2013,R,,ohio-state,san-diego-state,H,42,7,0,3.0,,
2013-09-07,2013,R,,san-diego-state,ohio-state,A,7,42,0,,3.0,
2013-09-07,2013,R,,oklahoma,west-virginia,H,16,7,0,16.0,,
2013-09-07,2013,R,,west-virginia,oklahoma,A,7,16,0,,16.0,
2013-09-07,2013,R,,oklahoma-state,texas-san-antonio,A,56,35,0,13.0,,
2013-09-07,2013,R,,texas-san-antonio,oklahoma-state,H,35,56,0,,13.0,
2013-09-07,2013,R,,oregon,virginia,A,59,10,0,2.0,,
2013-09-07,2013,R,,virginia,oregon,H,10,59,0,,2.0,
2013-09-07,2013,R,,oregon-state,hawaii,H,33,14,0,,,
2013-09-07,2013,R,,hawaii,oregon-state,A,14,33,0,,,
2013-09-07,2013,R,,penn-state,eastern-michigan,H,45,7,0,,,
2013-09-07,2013,R,,eastern-michigan,penn-state,A,7,45,0,,,
2013-09-07,2013,R,,purdue,indiana-state,H,20,14,0,,,
2013-09-07,2013,R,,indiana-state,purdue,A,14,20,0,,,
2013-09-07,2013,R,,rutgers,norfolk-state,H,38,0,0,,,
2013-09-07,2013,R,,norfolk-state,rutgers,A,0,38,0,,,
2013-09-07,2013,R,,south-alabama,tulane,A,41,39,0,,,
2013-09-07,2013,R,,tulane,south-alabama,H,39,41,0,,,
2013-09-07,2013,R,,southern-methodist,montana-state,H,31,30,0,,,
2013-09-07,2013,R,,montana-state,southern-methodist,A,30,31,0,,,
2013-09-07,2013,R,,stanford,san-jose-state,H,34,13,0,5.0,,
2013-09-07,2013,R,,san-jose-state,stanford,A,13,34,0,,5.0,
2013-09-07,2013,R,,tennessee,western-kentucky,H,52,20,0,,,
2013-09-07,2013,R,,western-kentucky,tennessee,A,20,52,0,,,
2013-09-07,2013,R,,texas-a-m,sam-houston,H,65,28,0,7.0,,
2013-09-07,2013,R,,sam-houston,texas-a-m,A,28,65,0,,7.0,
2013-09-07,2013,R,,texas-christian,southeastern-louisiana,H,38,17,0,24.0,,
2013-09-07,2013,R,,southeastern-louisiana,texas-christian,A,17,38,0,,24.0,
2013-09-07,2013,R,,texas-state,prairie-view-a-m,H,28,3,0,,,
2013-09-07,2013,R,,prairie-view-a-m,texas-state,A,3,28,0,,,
2013-09-07,2013,R,,texas-tech,stephen-f-austin,H,61,13,0,,,
2013-09-07,2013,R,,stephen-f-austin,texas-tech,A,13,61,0,,,
2013-09-07,2013,R,,troy,savannah-state,H,66,3,0,,,
2013-09-07,2013,R,,savannah-state,troy,A,3,66,0,,,
2013-09-07,2013,R,,tulsa,colorado-state,H,30,27,0,,,
2013-09-07,2013,R,,colorado-state,tulsa,A,27,30,0,,,
2013-09-07,2013,R,,utah,weber-state,H,70,7,0,,,
2013-09-07,2013,R,,weber-state,utah,A,7,70,0,,,
2013-09-07,2013,R,,utah-state,air-force,A,52,20,0,,,
2013-09-07,2013,R,,air-force,utah-state,H,20,52,0,,,
2013-09-07,2013,R,,vanderbilt,austin-peay,H,38,3,0,,,
2013-09-07,2013,R,,austin-peay,vanderbilt,A,3,38,0,,,
2013-09-07,2013,R,,virginia-tech,western-carolina,H,45,3,0,,,
2013-09-07,2013,R,,western-carolina,virginia-tech,A,3,45,0,,,
2013-09-07,2013,R,,washington-state,southern-california,A,10,7,0,,25.0,
2013-09-07,2013,R,,southern-california,washington-state,H,7,10,0,25.0,,
2013-09-07,2013,R,,wisconsin,tennessee-tech,H,48,0,0,21.0,,
2013-09-07,2013,R,,tennessee-tech,wisconsin,A,0,48,0,,21.0,
2013-09-07,2013,R,,wyoming,idaho,H,42,10,0,,,
2013-09-07,2013,R,,idaho,wyoming,A,10,42,0,,,
2013-09-12,2013,R,,arkansas-state,troy,H,41,34,0,,,
2013-09-12,2013,R,,troy,arkansas-state,A,34,41,0,,,
2013-09-12,2013,R,,texas-tech,texas-christian,H,20,10,0,,24.0,
2013-09-12,2013,R,,texas-christian,texas-tech,A,10,20,0,24.0,,
2013-09-12,2013,R,,tulane,louisiana-tech,A,24,15,0,,,
2013-09-12,2013,R,,louisiana-tech,tulane,H,15,24,0,,,
2013-09-13,2013,R,,boise-state,air-force,H,42,20,0,,,
2013-09-13,2013,R,,air-force,boise-state,A,20,42,0,,,
2013-09-14,2013,R,,alabama,texas-a-m,A,49,42,0,1.0,6.0,
2013-09-14,2013,R,,texas-a-m,alabama,H,42,49,0,6.0,1.0,
2013-09-14,2013,R,,arizona,texas-san-antonio,H,38,13,0,,,
2013-09-14,2013,R,,texas-san-antonio,arizona,A,13,38,0,,,
2013-09-14,2013,R,,arizona-state,wisconsin,H,32,30,0,,20.0,
2013-09-14,2013,R,,wisconsin,arizona-state,A,30,32,0,20.0,,
2013-09-14,2013,R,,arkansas,southern-mississippi,H,24,3,0,,,
2013-09-14,2013,R,,southern-mississippi,arkansas,A,3,24,0,,,
2013-09-14,2013,R,,auburn,mississippi-state,H,24,20,0,,,
2013-09-14,2013,R,,mississippi-state,auburn,A,20,24,0,,,
2013-09-14,2013,R,,bethune-cookman,florida-international,A,34,13,0,,,
2013-09-14,2013,R,,florida-international,bethune-cookman,H,13,34,0,,,
2013-09-14,2013,R,,buffalo,stony-brook,H,26,23,0,,,
2013-09-14,2013,R,,stony-brook,buffalo,A,23,26,0,,,
2013-09-14,2013,R,,central-florida,penn-state,A,34,31,0,,,
2013-09-14,2013,R,,penn-state,central-florida,H,31,34,0,,,
2013-09-14,2013,R,,cincinnati,northwestern-state,H,66,9,0,,,
2013-09-14,2013,R,,northwestern-state,cincinnati,A,9,66,0,,,
2013-09-14,2013,R,,colorado-state,cal-poly,H,34,17,0,,,
2013-09-14,2013,R,,cal-poly,colorado-state,A,17,34,0,,,
2013-09-14,2013,R,,florida-atlantic,south-florida,A,28,10,0,,,
2013-09-14,2013,R,,south-florida,florida-atlantic,H,10,28,0,,,
2013-09-14,2013,R,,florida-state,nevada,H,62,7,0,10.0,,
2013-09-14,2013,R,,nevada,florida-state,A,7,62,0,,10.0,
2013-09-14,2013,R,,fordham,temple,A,30,29,0,,,
2013-09-14,2013,R,,temple,fordham,H,29,30,0,,,
2013-09-14,2013,R,,georgia-tech,duke,A,38,14,0,,,
2013-09-14,2013,R,,duke,georgia-tech,H,14,38,0,,,
2013-09-14,2013,R,,indiana,bowling-green,H,42,10,0,,,
2013-09-14,2013,R,,bowling-green,indiana,A,10,42,0,,,
2013-09-14,2013,R,,iowa,iowa-state,A,27,21,0,,,
2013-09-14,2013,R,,iowa-state,iowa,H,21,27,0,,,
2013-09-14,2013,R,,kansas-state,massachusetts,H,37,7,0,,,
2013-09-14,2013,R,,massachusetts,kansas-state,A,7,37,0,,,
2013-09-14,2013,R,,louisiana,nicholls-state,H,70,7,0,,,
2013-09-14,2013,R,,nicholls-state,louisiana,A,7,70,0,,,
2013-09-14,2013,R,,louisiana-state,kent-state,H,45,13,0,8.0,,
2013-09-14,2013,R,,kent-state,louisiana-state,A,13,45,0,,8.0,
2013-09-14,2013,R,,louisiana-monroe,wake-forest,A,21,19,0,,,
2013-09-14,2013,R,,wake-forest,louisiana-monroe,H,19,21,0,,,
2013-09-14,2013,R,,louisville,kentucky,A,27,13,0,7.0,,
2013-09-14,2013,R,,kentucky,louisville,H,13,27,0,,7.0,
2013-09-14,2013,R,,maryland,connecticut,A,32,21,0,,,
2013-09-14,2013,R,,connecticut,maryland,H,21,32,0,,,
2013-09-14,2013,R,,michigan,akron,H,28,24,0,11.0,,
2013-09-14,2013,R,,akron,michigan,A,24,28,0,,11.0,
2013-09-14,2013,R,,michigan-state,youngstown-state,H,55,17,0,,,
2013-09-14,2013,R,,youngstown-state,michigan-state,A,17,55,0,,,
2013-09-14,2013,R,,middle-tennessee-state,memphis,H,17,15,0,,,
2013-09-14,2013,R,,memphis,middle-tennessee-state,A,15,17,0,,,
2013-09-14,2013,R,,minnesota,western-illinois,H,29,12,0,,,
2013-09-14,2013,R,,western-illinois,minnesota,A,12,29,0,,,
2013-09-14,2013,R,,mississippi,texas,A,44,23,0,25.0,,
2013-09-14,2013,R,,texas,mississippi,H,23,44,0,,25.0,
2013-09-14,2013,R,,navy,delaware,H,51,7,0,,,
2013-09-14,2013,R,,delaware,navy,A,7,51,0,,,
2013-09-14,2013,R,,nevada-las-vegas,central-michigan,H,31,21,0,,,
2013-09-14,2013,R,,central-michigan,nevada-las-vegas,A,21,31,0,,,
2013-09-14,2013,R,,north-texas,ball-state,H,34,27,0,,,
2013-09-14,2013,R,,ball-state,north-texas,A,27,34,0,,,
2013-09-14,2013,R,,northern-illinois,idaho,A,45,35,0,,,
2013-09-14,2013,R,,idaho,northern-illinois,H,35,45,0,,,
2013-09-14,2013,R,,northwestern,western-michigan,H,38,17,0,17.0,,
2013-09-14,2013,R,,western-michigan,northwestern,A,17,38,0,,17.0,
2013-09-14,2013,R,,notre-dame,purdue,A,31,24,0,21.0,,
2013-09-14,2013,R,,purdue,notre-dame,H,24,31,0,,21.0,
2013-09-14,2013,R,,ohio,marshall,H,34,31,0,,,
2013-09-14,2013,R,,marshall,ohio,A,31,34,0,,,
2013-09-14,2013,R,,ohio-state,california,A,52,34,0,4.0,,
2013-09-14,2013,R,,california,ohio-state,H,34,52,0,,4.0,
2013-09-14,2013,R,,oklahoma,tulsa,H,51,20,0,14.0,,
2013-09-14,2013,R,,tulsa,oklahoma,A,20,51,0,,14.0,
2013-09-14,2013,R,,oklahoma-state,lamar,H,59,3,0,12.0,,
2013-09-14,2013,R,,lamar,oklahoma-state,A,3,59,0,,12.0,
2013-09-14,2013,R,,oregon,tennessee,H,59,14,0,2.0,,
2013-09-14,2013,R,,tennessee,oregon,A,14,59,0,,2.0,
2013-09-14,2013,R,,oregon-state,utah,A,51,48,0,,,
2013-09-14,2013,R,,utah,oregon-state,H,48,51,0,,,
2013-09-14,2013,R,,pittsburgh,new-mexico,H,49,27,0,,,
2013-09-14,2013,R,,new-mexico,pittsburgh,A,27,49,0,,,
2013-09-14,2013,R,,rice,kansas,H,23,14,0,,,
2013-09-14,2013,R,,kansas,rice,A,14,23,0,,,
2013-09-14,2013,R,,rutgers,eastern-michigan,H,28,10,0,,,
2013-09-14,2013,R,,eastern-michigan,rutgers,A,10,28,0,,,
2013-09-14,2013,R,,south-alabama,western-kentucky,H,31,24,0,,,
2013-09-14,2013,R,,western-kentucky,south-alabama,A,24,31,0,,,
2013-09-14,2013,R,,south-carolina,vanderbilt,H,35,25,0,13.0,,
2013-09-14,2013,R,,vanderbilt,south-carolina,A,25,35,0,,13.0,
2013-09-14,2013,R,,southern-california,boston-college,H,35,7,0,,,
2013-09-14,2013,R,,boston-college,southern-california,A,7,35,0,,,
2013-09-14,2013,R,,stanford,army,A,34,20,0,5.0,,
2013-09-14,2013,R,,army,stanford,H,20,34,0,,5.0,
2013-09-14,2013,R,,syracuse,wagner,H,54,0,0,,,
2013-09-14,2013,R,,wagner,syracuse,A,0,54,0,,,
2013-09-14,2013,R,,texas-el-paso,new-mexico-state,A,42,21,0,,,
2013-09-14,2013,R,,new-mexico-state,texas-el-paso,H,21,42,0,,,
2013-09-14,2013,R,,toledo,eastern-washington,H,33,21,0,,,
2013-09-14,2013,R,,eastern-washington,toledo,A,21,33,0,,,
2013-09-14,2013,R,,ucla,nebraska,A,41,21,0,16.0,23.0,
2013-09-14,2013,R,,nebraska,ucla,H,21,41,0,23.0,16.0,
2013-09-14,2013,R,,utah-state,weber-state,H,70,6,0,,,
2013-09-14,2013,R,,weber-state,utah-state,A,6,70,0,,,
2013-09-14,2013,R,,virginia-tech,east-carolina,A,15,10,0,,,
2013-09-14,2013,R,,east-carolina,virginia-tech,H,10,15,0,,,
2013-09-14,2013,R,,washington,illinois,N,34,24,0,19.0,,Soldier Field (Chicago Illinois)
2013-09-14,2013,R,,illinois,washington,N,24,34,0,,19.0,Soldier Field (Chicago Illinois)
2013-09-14,2013,R,,washington-state,southern-utah,H,48,10,0,,,
2013-09-14,2013,R,,southern-utah,washington-state,A,10,48,0,,,
2013-09-14,2013,R,,west-virginia,georgia-state,H,41,7,0,,,
2013-09-14,2013,R,,georgia-state,west-virginia,A,7,41,0,,,
2013-09-14,2013,R,,wyoming,northern-colorado,H,35,7,0,,,
2013-09-14,2013,R,,northern-colorado,wyoming,A,7,35,0,,,
2013-09-19,2013,R,,clemson,north-carolina-state,A,26,14,0,3.0,,
2013-09-19,2013,R,,north-carolina-state,clemson,H,14,26,0,,3.0,
2013-09-20,2013,R,,fresno-state,boise-state,H,41,40,0,,,
2013-09-20,2013,R,,boise-state,fresno-state,A,40,41,0,,,
2013-09-21,2013,R,,alabama,colorado-state,H,31,6,0,1.0,,
2013-09-21,2013,R,,colorado-state,alabama,A,6,31,0,,1.0,
2013-09-21,2013,R,,alabama-birmingham,northwestern-state,H,52,28,0,,,
2013-09-21,2013,R,,northwestern-state,alabama-birmingham,A,28,52,0,,,
2013-09-21,2013,R,,ball-state,eastern-michigan,A,51,20,0,,,
2013-09-21,2013,R,,eastern-michigan,ball-state,H,20,51,0,,,
2013-09-21,2013,R,,baylor,louisiana-monroe,H,70,7,0,20.0,,
2013-09-21,2013,R,,louisiana-monroe,baylor,A,7,70,0,,20.0,
2013-09-21,2013,R,,bowling-green,murray-state,H,48,7,0,,,
2013-09-21,2013,R,,murray-state,bowling-green,A,7,48,0,,,
2013-09-21,2013,R,,cincinnati,miami-oh,A,14,0,0,,,
2013-09-21,2013,R,,miami-oh,cincinnati,H,0,14,0,,,
2013-09-21,2013,R,,florida,tennessee,H,31,17,0,19.0,,
2013-09-21,2013,R,,tennessee,florida,A,17,31,0,,19.0,
2013-09-21,2013,R,,florida-state,bethune-cookman,H,54,6,0,8.0,,
2013-09-21,2013,R,,bethune-cookman,florida-state,A,6,54,0,,8.0,
2013-09-21,2013,R,,georgia,north-texas,H,45,21,0,9.0,,
2013-09-21,2013,R,,north-texas,georgia,A,21,45,0,,9.0,
2013-09-21,2013,R,,georgia-tech,north-carolina,H,28,20,0,,,
2013-09-21,2013,R,,north-carolina,georgia-tech,A,20,28,0,,,
2013-09-21,2013,R,,houston,rice,N,31,26,0,,,Reliant Stadium - Houston TX
2013-09-21,2013,R,,rice,houston,N,26,31,0,,,Reliant Stadium - Houston TX
2013-09-21,2013,R,,iowa,western-michigan,H,59,3,0,,,
2013-09-21,2013,R,,western-michigan,iowa,A,3,59,0,,,
2013-09-21,2013,R,,jacksonville-state,georgia-state,A,32,26,0,,,
2013-09-21,2013,R,,georgia-state,jacksonville-state,H,26,32,0,,,
2013-09-21,2013,R,,kansas,louisiana-tech,H,13,10,0,,,
2013-09-21,2013,R,,louisiana-tech,kansas,A,10,13,0,,,
2013-09-21,2013,R,,louisiana,akron,A,35,30,0,,,
2013-09-21,2013,R,,akron,louisiana,H,30,35,0,,,
2013-09-21,2013,R,,louisiana-state,auburn,H,35,21,0,6.0,,
2013-09-21,2013,R,,auburn,louisiana-state,A,21,35,0,,6.0,
2013-09-21,2013,R,,louisville,florida-international,H,72,0,0,7.0,,
2013-09-21,2013,R,,florida-international,louisville,A,0,72,0,,7.0,
2013-09-21,2013,R,,maryland,west-virginia,N,37,0,0,,,M&T Bank Stadium - Baltimore MD
2013-09-21,2013,R,,west-virginia,maryland,N,0,37,0,,,M&T Bank Stadium - Baltimore MD
2013-09-21,2013,R,,memphis,arkansas-state,H,31,7,0,,,
2013-09-21,2013,R,,arkansas-state,memphis,A,7,31,0,,,
2013-09-21,2013,R,,miami-fl,savannah-state,H,77,7,0,16.0,,
2013-09-21,2013,R,,savannah-state,miami-fl,A,7,77,0,,16.0,
2013-09-21,2013,R,,michigan,connecticut,A,24,21,0,15.0,,
2013-09-21,2013,R,,connecticut,michigan,H,21,24,0,,15.0,
2013-09-21,2013,R,,middle-tennessee-state,florida-atlantic,A,42,35,0,,,
2013-09-21,2013,R,,florida-atlantic,middle-tennessee-state,H,35,42,0,,,
2013-09-21,2013,R,,minnesota,san-jose-state,H,43,24,0,,,
2013-09-21,2013,R,,san-jose-state,minnesota,A,24,43,0,,,
2013-09-21,2013,R,,mississippi-state,troy,H,62,7,0,,,
2013-09-21,2013,R,,troy,mississippi-state,A,7,62,0,,,
2013-09-21,2013,R,,missouri,indiana,A,45,28,0,,,
2013-09-21,2013,R,,indiana,missouri,H,28,45,0,,,
2013-09-21,2013,R,,nebraska,south-dakota-state,H,59,20,0,,,
2013-09-21,2013,R,,south-dakota-state,nebraska,A,20,59,0,,,
2013-09-21,2013,R,,nevada,hawaii,H,31,9,0,,,
2013-09-21,2013,R,,hawaii,nevada,A,9,31,0,,,
2013-09-21,2013,R,,nevada-las-vegas,western-illinois,H,38,7,0,,,
2013-09-21,2013,R,,western-illinois,nevada-las-vegas,A,7,38,0,,,
2013-09-21,2013,R,,northern-illinois,eastern-illinois,H,43,39,0,,,
2013-09-21,2013,R,,eastern-illinois,northern-illinois,A,39,43,0,,,
2013-09-21,2013,R,,northwestern,maine,H,35,21,0,18.0,,
2013-09-21,2013,R,,maine,northwestern,A,21,35,0,,18.0,
2013-09-21,2013,R,,notre-dame,michigan-state,H,17,13,0,22.0,,
2013-09-21,2013,R,,michigan-state,notre-dame,A,13,17,0,,22.0,
2013-09-21,2013,R,,ohio,austin-peay,H,38,0,0,,,
2013-09-21,2013,R,,austin-peay,ohio,A,0,38,0,,,
2013-09-21,2013,R,,ohio-state,florida-a-m,H,76,0,0,4.0,,
2013-09-21,2013,R,,florida-a-m,ohio-state,A,0,76,0,,4.0,
2013-09-21,2013,R,,oregon-state,san-diego-state,A,34,30,0,,,
2013-09-21,2013,R,,san-diego-state,oregon-state,H,30,34,0,,,
2013-09-21,2013,R,,penn-state,kent-state,H,34,0,0,,,
2013-09-21,2013,R,,kent-state,penn-state,A,0,34,0,,,
2013-09-21,2013,R,,pittsburgh,duke,A,58,55,0,,,
2013-09-21,2013,R,,duke,pittsburgh,H,55,58,0,,,
2013-09-21,2013,R,,rutgers,arkansas,H,28,24,0,,,
2013-09-21,2013,R,,arkansas,rutgers,A,24,28,0,,,
2013-09-21,2013,R,,southern-california,utah-state,H,17,14,0,,,
2013-09-21,2013,R,,utah-state,southern-california,A,14,17,0,,,
2013-09-21,2013,R,,stanford,arizona-state,H,42,28,0,5.0,23.0,
2013-09-21,2013,R,,arizona-state,stanford,A,28,42,0,23.0,5.0,
2013-09-21,2013,R,,syracuse,tulane,H,52,17,0,,,
2013-09-21,2013,R,,tulane,syracuse,A,17,52,0,,,
2013-09-21,2013,R,,texas,kansas-state,H,31,21,0,,,
2013-09-21,2013,R,,kansas-state,texas,A,21,31,0,,,
2013-09-21,2013,R,,texas-a-m,southern-methodist,H,42,13,0,10.0,,
2013-09-21,2013,R,,southern-methodist,texas-a-m,A,13,42,0,,10.0,
2013-09-21,2013,R,,texas-tech,texas-state,H,33,7,0,25.0,,
2013-09-21,2013,R,,texas-state,texas-tech,A,7,33,0,,25.0,
2013-09-21,2013,R,,texas-san-antonio,texas-el-paso,A,32,13,0,,,
2013-09-21,2013,R,,texas-el-paso,texas-san-antonio,H,13,32,0,,,
2013-09-21,2013,R,,toledo,central-michigan,A,38,17,0,,,
2013-09-21,2013,R,,central-michigan,toledo,H,17,38,0,,,
2013-09-21,2013,R,,ucla,new-mexico-state,H,59,13,0,13.0,,
2013-09-21,2013,R,,new-mexico-state,ucla,A,13,59,0,,13.0,
2013-09-21,2013,R,,utah,brigham-young,A,20,13,0,,,
2013-09-21,2013,R,,brigham-young,utah,H,13,20,0,,,
2013-09-21,2013,R,,vanderbilt,massachusetts,A,24,7,0,,,
2013-09-21,2013,R,,massachusetts,vanderbilt,H,7,24,0,,,
2013-09-21,2013,R,,virginia,virginia-military-institute,H,49,0,0,,,
2013-09-21,2013,R,,virginia-military-institute,virginia,A,0,49,0,,,
2013-09-21,2013,R,,virginia-tech,marshall,H,29,21,0,,,
2013-09-21,2013,R,,marshall,virginia-tech,A,21,29,0,,,
2013-09-21,2013,R,,wake-forest,army,A,25,11,0,,,
2013-09-21,2013,R,,army,wake-forest,H,11,25,0,,,
2013-09-21,2013,R,,washington,idaho-state,H,56,0,0,17.0,,
2013-09-21,2013,R,,idaho-state,washington,A,0,56,0,,17.0,
2013-09-21,2013,R,,washington-state,idaho,H,42,0,0,,,
2013-09-21,2013,R,,idaho,washington-state,A,0,42,0,,,
2013-09-21,2013,R,,western-kentucky,morgan-state,H,58,17,0,,,
2013-09-21,2013,R,,morgan-state,western-kentucky,A,17,58,0,,,
2013-09-21,2013,R,,wisconsin,purdue,H,41,10,0,24.0,,
2013-09-21,2013,R,,purdue,wisconsin,A,10,41,0,,24.0,
2013-09-21,2013,R,,wyoming,air-force,A,56,23,0,,,
2013-09-21,2013,R,,air-force,wyoming,H,23,56,0,,,
2013-09-26,2013,R,,iowa-state,tulsa,A,38,21,0,,,
2013-09-26,2013,R,,tulsa,iowa-state,H,21,38,0,,,
2013-09-26,2013,R,,virginia-tech,georgia-tech,A,17,10,0,,,
2013-09-26,2013,R,,georgia-tech,virginia-tech,H,10,17,0,,,
2013-09-27,2013,R,,brigham-young,middle-tennessee-state,H,37,10,0,,,
2013-09-27,2013,R,,middle-tennessee-state,brigham-young,A,10,37,0,,,
2013-09-27,2013,R,,utah-state,san-jose-state,A,40,12,0,,,
2013-09-27,2013,R,,san-jose-state,utah-state,H,12,40,0,,,
2013-09-28,2013,R,,alabama,mississippi,H,25,0,0,1.0,21.0,
2013-09-28,2013,R,,mississippi,alabama,A,0,25,0,21.0,1.0,
2013-09-28,2013,R,,arizona-state,southern-california,H,62,41,0,,,
2013-09-28,2013,R,,southern-california,arizona-state,A,41,62,0,,,
2013-09-28,2013,R,,army,louisiana-tech,N,35,16,0,,,Cotton Bowl - Dallas TX
2013-09-28,2013,R,,louisiana-tech,army,N,16,35,0,,,Cotton Bowl - Dallas TX
2013-09-28,2013,R,,ball-state,toledo,H,31,24,0,,,
2013-09-28,2013,R,,toledo,ball-state,A,24,31,0,,,
2013-09-28,2013,R,,boise-state,southern-mississippi,H,60,7,0,,,
2013-09-28,2013,R,,southern-mississippi,boise-state,A,7,60,0,,,
2013-09-28,2013,R,,bowling-green,akron,H,31,14,0,,,
2013-09-28,2013,R,,akron,bowling-green,A,14,31,0,,,
2013-09-28,2013,R,,buffalo,connecticut,H,41,12,0,,,
2013-09-28,2013,R,,connecticut,buffalo,A,12,41,0,,,
2013-09-28,2013,R,,clemson,wake-forest,H,56,7,0,3.0,,
2013-09-28,2013,R,,wake-forest,clemson,A,7,56,0,,3.0,
2013-09-28,2013,R,,colorado-state,texas-el-paso,H,59,42,0,,,
2013-09-28,2013,R,,texas-el-paso,colorado-state,A,42,59,0,,,
2013-09-28,2013,R,,duke,troy,H,38,31,0,,,
2013-09-28,2013,R,,troy,duke,A,31,38,0,,,
2013-09-28,2013,R,,east-carolina,north-carolina,A,55,31,0,,,
2013-09-28,2013,R,,north-carolina,east-carolina,H,31,55,0,,,
2013-09-28,2013,R,,florida,kentucky,A,24,7,0,20.0,,
2013-09-28,2013,R,,kentucky,florida,H,7,24,0,,20.0,
2013-09-28,2013,R,,florida-state,boston-college,A,48,34,0,8.0,,
2013-09-28,2013,R,,boston-college,florida-state,H,34,48,0,,8.0,
2013-09-28,2013,R,,fresno-state,hawaii,A,42,37,0,25.0,,
2013-09-28,2013,R,,hawaii,fresno-state,H,37,42,0,,25.0,
2013-09-28,2013,R,,georgia,louisiana-state,H,44,41,0,9.0,6.0,
2013-09-28,2013,R,,louisiana-state,georgia,A,41,44,0,6.0,9.0,
2013-09-28,2013,R,,houston,texas-san-antonio,A,59,28,0,,,
2013-09-28,2013,R,,texas-san-antonio,houston,H,28,59,0,,,
2013-09-28,2013,R,,idaho,temple,H,26,24,0,,,
2013-09-28,2013,R,,temple,idaho,A,24,26,0,,,
2013-09-28,2013,R,,illinois,miami-oh,H,50,14,0,,,
2013-09-28,2013,R,,miami-oh,illinois,A,14,50,0,,,
2013-09-28,2013,R,,iowa,minnesota,A,23,7,0,,,
2013-09-28,2013,R,,minnesota,iowa,H,7,23,0,,,
2013-09-28,2013,R,,kent-state,western-michigan,A,32,14,0,,,
2013-09-28,2013,R,,western-michigan,kent-state,H,14,32,0,,,
2013-09-28,2013,R,,miami-fl,south-florida,A,49,21,0,15.0,,
2013-09-28,2013,R,,south-florida,miami-fl,H,21,49,0,,15.0,
2013-09-28,2013,R,,missouri,arkansas-state,H,41,19,0,,,
2013-09-28,2013,R,,arkansas-state,missouri,A,19,41,0,,,
2013-09-28,2013,R,,nevada,air-force,H,45,42,0,,,
2013-09-28,2013,R,,air-force,nevada,A,42,45,0,,,
2013-09-28,2013,R,,nevada-las-vegas,new-mexico,A,56,42,0,,,
2013-09-28,2013,R,,new-mexico,nevada-las-vegas,H,42,56,0,,,
2013-09-28,2013,R,,north-carolina-state,central-michigan,H,48,14,0,,,
2013-09-28,2013,R,,central-michigan,north-carolina-state,A,14,48,0,,,
2013-09-28,2013,R,,northern-illinois,purdue,A,55,24,0,,,
2013-09-28,2013,R,,purdue,northern-illinois,H,24,55,0,,,
2013-09-28,2013,R,,ohio-state,wisconsin,H,31,24,0,4.0,23.0,
2013-09-28,2013,R,,wisconsin,ohio-state,A,24,31,0,23.0,4.0,
2013-09-28,2013,R,,oklahoma,notre-dame,A,35,21,0,14.0,22.0,
2013-09-28,2013,R,,notre-dame,oklahoma,H,21,35,0,22.0,14.0,
2013-09-28,2013,R,,oregon,california,H,55,16,0,2.0,,
2013-09-28,2013,R,,california,oregon,A,16,55,0,,2.0,
2013-09-28,2013,R,,oregon-state,colorado,H,44,17,0,,,
2013-09-28,2013,R,,colorado,oregon-state,A,17,44,0,,,
2013-09-28,2013,R,,pittsburgh,virginia,H,14,3,0,,,
2013-09-28,2013,R,,virginia,pittsburgh,A,3,14,0,,,
2013-09-28,2013,R,,rice,florida-atlantic,H,18,14,0,,,
2013-09-28,2013,R,,florida-atlantic,rice,A,14,18,0,,,
2013-09-28,2013,R,,san-diego-state,new-mexico-state,A,26,16,0,,,
2013-09-28,2013,R,,new-mexico-state,san-diego-state,H,16,26,0,,,
2013-09-28,2013,R,,south-carolina,central-florida,A,28,25,0,12.0,,
2013-09-28,2013,R,,central-florida,south-carolina,H,25,28,0,,12.0,
2013-09-28,2013,R,,stanford,washington-state,N,55,17,0,5.0,,CenturyLink Field - Seattle WA
2013-09-28,2013,R,,washington-state,stanford,N,17,55,0,,5.0,CenturyLink Field - Seattle WA
2013-09-28,2013,R,,tennessee,south-alabama,H,31,24,0,,,
2013-09-28,2013,R,,south-alabama,tennessee,A,24,31,0,,,
2013-09-28,2013,R,,texas-a-m,arkansas,A,45,33,0,10.0,,
2013-09-28,2013,R,,arkansas,texas-a-m,H,33,45,0,,10.0,
2013-09-28,2013,R,,texas-christian,southern-methodist,H,48,17,0,,,
2013-09-28,2013,R,,southern-methodist,texas-christian,A,17,48,0,,,
2013-09-28,2013,R,,texas-state,wyoming,H,42,21,0,,,
2013-09-28,2013,R,,wyoming,texas-state,A,21,42,0,,,
2013-09-28,2013,R,,tulane,louisiana-monroe,A,31,14,0,,,
2013-09-28,2013,R,,louisiana-monroe,tulane,H,14,31,0,,,
2013-09-28,2013,R,,vanderbilt,alabama-birmingham,H,52,24,0,,,
2013-09-28,2013,R,,alabama-birmingham,vanderbilt,A,24,52,0,,,
2013-09-28,2013,R,,washington,arizona,H,31,13,0,16.0,,
2013-09-28,2013,R,,arizona,washington,A,13,31,0,,16.0,
2013-09-28,2013,R,,west-virginia,oklahoma-state,H,30,21,0,,11.0,
2013-09-28,2013,R,,oklahoma-state,west-virginia,A,21,30,0,11.0,,
2013-09-28,2013,R,,western-kentucky,navy,H,19,7,0,,,
2013-09-28,2013,R,,navy,western-kentucky,A,7,19,0,,,
2013-10-03,2013,R,,texas,iowa-state,A,31,30,0,,,
2013-10-03,2013,R,,iowa-state,texas,H,30,31,0,,,
2013-10-03,2013,R,,ucla,utah,A,34,27,0,12.0,,
2013-10-03,2013,R,,utah,ucla,H,27,34,0,,12.0,
2013-10-03,2013,R,,western-kentucky,louisiana-monroe,A,31,10,0,,,
2013-10-03,2013,R,,louisiana-monroe,western-kentucky,H,10,31,0,,,
2013-10-04,2013,R,,brigham-young,utah-state,A,31,14,0,,,
2013-10-04,2013,R,,utah-state,brigham-young,H,14,31,0,,,
2013-10-04,2013,R,,san-diego-state,nevada,H,51,44,0,,,
2013-10-04,2013,R,,nevada,san-diego-state,A,44,51,0,,,
2013-10-05,2013,R,,alabama,georgia-state,H,45,3,0,1.0,,
2013-10-05,2013,R,,georgia-state,alabama,A,3,45,0,,1.0,
2013-10-05,2013,R,,auburn,mississippi,H,30,22,0,,24.0,
2013-10-05,2013,R,,mississippi,auburn,A,22,30,0,24.0,,
2013-10-05,2013,R,,ball-state,virginia,A,48,27,0,,,
2013-10-05,2013,R,,virginia,ball-state,H,27,48,0,,,
2013-10-05,2013,R,,baylor,west-virginia,H,73,42,0,17.0,,
2013-10-05,2013,R,,west-virginia,baylor,A,42,73,0,,17.0,
2013-10-05,2013,R,,boston-college,army,H,48,27,0,,,
2013-10-05,2013,R,,army,boston-college,A,27,48,0,,,
2013-10-05,2013,R,,bowling-green,massachusetts,H,28,7,0,,,
2013-10-05,2013,R,,massachusetts,bowling-green,A,7,28,0,,,
2013-10-05,2013,R,,buffalo,eastern-michigan,H,42,14,0,,,
2013-10-05,2013,R,,eastern-michigan,buffalo,A,14,42,0,,,
2013-10-05,2013,R,,central-florida,memphis,A,24,17,0,,,
2013-10-05,2013,R,,memphis,central-florida,H,17,24,0,,,
2013-10-05,2013,R,,central-michigan,miami-oh,A,21,9,0,,,
2013-10-05,2013,R,,miami-oh,central-michigan,H,9,21,0,,,
2013-10-05,2013,R,,clemson,syracuse,A,49,14,0,3.0,,
2013-10-05,2013,R,,syracuse,clemson,H,14,49,0,,3.0,
2013-10-05,2013,R,,east-carolina,middle-tennessee-state,A,24,17,0,,,
2013-10-05,2013,R,,middle-tennessee-state,east-carolina,H,17,24,0,,,
2013-10-05,2013,R,,florida,arkansas,H,30,10,0,18.0,,
2013-10-05,2013,R,,arkansas,florida,A,10,30,0,,18.0,
2013-10-05,2013,R,,florida-atlantic,alabama-birmingham,A,37,23,0,,,
2013-10-05,2013,R,,alabama-birmingham,florida-atlantic,H,23,37,0,,,
2013-10-05,2013,R,,florida-international,southern-mississippi,A,24,23,0,,,
2013-10-05,2013,R,,southern-mississippi,florida-international,H,23,24,0,,,
2013-10-05,2013,R,,florida-state,maryland,H,63,0,0,8.0,25.0,
2013-10-05,2013,R,,maryland,florida-state,A,0,63,0,25.0,8.0,
2013-10-05,2013,R,,fresno-state,idaho,A,61,14,0,23.0,,
2013-10-05,2013,R,,idaho,fresno-state,H,14,61,0,,23.0,
2013-10-05,2013,R,,georgia,tennessee,A,34,31,0,6.0,,
2013-10-05,2013,R,,tennessee,georgia,H,31,34,0,,6.0,
2013-10-05,2013,R,,indiana,penn-state,H,44,24,0,,,
2013-10-05,2013,R,,penn-state,indiana,A,24,44,0,,,
2013-10-05,2013,R,,louisiana,texas-state,H,48,24,0,,,
2013-10-05,2013,R,,texas-state,louisiana,A,24,48,0,,,
2013-10-05,2013,R,,louisiana-state,mississippi-state,A,59,26,0,10.0,,
2013-10-05,2013,R,,mississippi-state,louisiana-state,H,26,59,0,,10.0,
2013-10-05,2013,R,,louisiana-tech,texas-el-paso,A,38,35,0,,,
2013-10-05,2013,R,,texas-el-paso,louisiana-tech,H,35,38,0,,,
2013-10-05,2013,R,,louisville,temple,A,30,7,0,7.0,,
2013-10-05,2013,R,,temple,louisville,H,7,30,0,,7.0,
2013-10-05,2013,R,,marshall,texas-san-antonio,H,34,10,0,,,
2013-10-05,2013,R,,texas-san-antonio,marshall,A,10,34,0,,,
2013-10-05,2013,R,,miami-fl,georgia-tech,H,45,30,0,14.0,,
2013-10-05,2013,R,,georgia-tech,miami-fl,A,30,45,0,,14.0,
2013-10-05,2013,R,,michigan,minnesota,H,42,13,0,19.0,,
2013-10-05,2013,R,,minnesota,michigan,A,13,42,0,,19.0,
2013-10-05,2013,R,,michigan-state,iowa,A,26,14,0,,,
2013-10-05,2013,R,,iowa,michigan-state,H,14,26,0,,,
2013-10-05,2013,R,,missouri,vanderbilt,A,51,28,0,,,
2013-10-05,2013,R,,vanderbilt,missouri,H,28,51,0,,,
2013-10-05,2013,R,,navy,air-force,H,28,10,0,,,
2013-10-05,2013,R,,air-force,navy,A,10,28,0,,,
2013-10-05,2013,R,,nebraska,illinois,H,39,19,0,,,
2013-10-05,2013,R,,illinois,nebraska,A,19,39,0,,,
2013-10-05,2013,R,,new-mexico,new-mexico-state,H,66,17,0,,,
2013-10-05,2013,R,,new-mexico-state,new-mexico,A,17,66,0,,,
2013-10-05,2013,R,,northern-illinois,kent-state,A,38,24,0,,,
2013-10-05,2013,R,,kent-state,northern-illinois,H,24,38,0,,,
2013-10-05,2013,R,,notre-dame,arizona-state,N,37,34,0,,22.0,AT&T Stadium - Arlington TX
2013-10-05,2013,R,,arizona-state,notre-dame,N,34,37,0,22.0,,AT&T Stadium - Arlington TX
2013-10-05,2013,R,,ohio,akron,A,43,3,0,,,
2013-10-05,2013,R,,akron,ohio,H,3,43,0,,,
2013-10-05,2013,R,,ohio-state,northwestern,A,40,30,0,4.0,16.0,
2013-10-05,2013,R,,northwestern,ohio-state,H,30,40,0,16.0,4.0,
2013-10-05,2013,R,,oklahoma,texas-christian,H,20,17,0,11.0,,
2013-10-05,2013,R,,texas-christian,oklahoma,A,17,20,0,,11.0,
2013-10-05,2013,R,,oklahoma-state,kansas-state,H,33,29,0,21.0,,
2013-10-05,2013,R,,kansas-state,oklahoma-state,A,29,33,0,,21.0,
2013-10-05,2013,R,,oregon,colorado,A,57,16,0,2.0,,
2013-10-05,2013,R,,colorado,oregon,H,16,57,0,,2.0,
2013-10-05,2013,R,,rice,tulsa,A,30,27,0,,,
2013-10-05,2013,R,,tulsa,rice,H,27,30,0,,,
2013-10-05,2013,R,,rutgers,southern-methodist,A,55,52,0,,,
2013-10-05,2013,R,,southern-methodist,rutgers,H,52,55,0,,,
2013-10-05,2013,R,,san-jose-state,hawaii,A,37,27,0,,,
2013-10-05,2013,R,,hawaii,san-jose-state,H,27,37,0,,,
2013-10-05,2013,R,,south-carolina,kentucky,H,35,28,0,13.0,,
2013-10-05,2013,R,,kentucky,south-carolina,A,28,35,0,,13.0,
2013-10-05,2013,R,,south-florida,cincinnati,H,26,20,0,,,
2013-10-05,2013,R,,cincinnati,south-florida,A,20,26,0,,,
2013-10-05,2013,R,,stanford,washington,H,31,28,0,5.0,15.0,
2013-10-05,2013,R,,washington,stanford,A,28,31,0,15.0,5.0,
2013-10-05,2013,R,,texas-tech,kansas,A,54,16,0,20.0,,
2013-10-05,2013,R,,kansas,texas-tech,H,16,54,0,,20.0,
2013-10-05,2013,R,,toledo,western-michigan,H,47,20,0,,,
2013-10-05,2013,R,,western-michigan,toledo,A,20,47,0,,,
2013-10-05,2013,R,,troy,south-alabama,H,34,33,0,,,
2013-10-05,2013,R,,south-alabama,troy,A,33,34,0,,,
2013-10-05,2013,R,,tulane,north-texas,H,24,21,0,,,
2013-10-05,2013,R,,north-texas,tulane,A,21,24,0,,,
2013-10-05,2013,R,,virginia-tech,north-carolina,H,27,17,0,,,
2013-10-05,2013,R,,north-carolina,virginia-tech,A,17,27,0,,,
2013-10-05,2013,R,,wake-forest,north-carolina-state,H,28,13,0,,,
2013-10-05,2013,R,,north-carolina-state,wake-forest,A,13,28,0,,,
2013-10-05,2013,R,,washington-state,california,A,44,22,0,,,
2013-10-05,2013,R,,california,washington-state,H,22,44,0,,,
2013-10-10,2013,R,,louisville,rutgers,H,24,10,0,8.0,,
2013-10-10,2013,R,,rutgers,louisville,A,10,24,0,,8.0,
2013-10-10,2013,R,,san-diego-state,air-force,A,27,20,0,,,
2013-10-10,2013,R,,air-force,san-diego-state,H,20,27,0,,,
2013-10-10,2013,R,,southern-california,arizona,H,38,31,0,,,
2013-10-10,2013,R,,arizona,southern-california,A,31,38,0,,,
2013-10-11,2013,R,,cincinnati,temple,H,38,20,0,,,
2013-10-11,2013,R,,temple,cincinnati,A,20,38,0,,,
2013-10-12,2013,R,,alabama,kentucky,A,48,7,0,1.0,,
2013-10-12,2013,R,,kentucky,alabama,H,7,48,0,,1.0,
2013-10-12,2013,R,,alabama-birmingham,florida-international,A,27,24,0,,,
2013-10-12,2013,R,,florida-international,alabama-birmingham,H,24,27,0,,,
2013-10-12,2013,R,,arizona-state,colorado,H,54,13,0,,,
2013-10-12,2013,R,,colorado,arizona-state,A,13,54,0,,,
2013-10-12,2013,R,,arkansas-state,idaho,H,48,24,0,,,
2013-10-12,2013,R,,idaho,arkansas-state,A,24,48,0,,,
2013-10-12,2013,R,,army,eastern-michigan,H,50,25,0,,,
2013-10-12,2013,R,,eastern-michigan,army,A,25,50,0,,,
2013-10-12,2013,R,,auburn,western-carolina,H,62,3,0,,,
2013-10-12,2013,R,,western-carolina,auburn,A,3,62,0,,,
2013-10-12,2013,R,,ball-state,kent-state,H,27,24,0,,,
2013-10-12,2013,R,,kent-state,ball-state,A,24,27,0,,,
2013-10-12,2013,R,,baylor,kansas-state,A,35,25,0,15.0,,
2013-10-12,2013,R,,kansas-state,baylor,H,25,35,0,,15.0,
2013-10-12,2013,R,,boise-state,utah-state,A,34,23,0,,,
2013-10-12,2013,R,,utah-state,boise-state,H,23,34,0,,,
2013-10-12,2013,R,,brigham-young,georgia-tech,H,38,20,0,,,
2013-10-12,2013,R,,georgia-tech,brigham-young,A,20,38,0,,,
2013-10-12,2013,R,,buffalo,western-michigan,A,33,0,0,,,
2013-10-12,2013,R,,western-michigan,buffalo,H,0,33,0,,,
2013-10-12,2013,R,,central-michigan,ohio,A,26,23,0,,,
2013-10-12,2013,R,,ohio,central-michigan,H,23,26,0,,,
2013-10-12,2013,R,,clemson,boston-college,H,24,14,0,3.0,,
2013-10-12,2013,R,,boston-college,clemson,A,14,24,0,,3.0,
2013-10-12,2013,R,,duke,navy,H,35,7,0,,,
2013-10-12,2013,R,,navy,duke,A,7,35,0,,,
2013-10-12,2013,R,,houston,memphis,N,25,15,0,,,BBVA Compass Stadium - Houston TX
2013-10-12,2013,R,,memphis,houston,N,15,25,0,,,BBVA Compass Stadium - Houston TX
2013-10-12,2013,R,,louisiana-state,florida,H,17,6,0,10.0,17.0,
2013-10-12,2013,R,,florida,louisiana-state,A,6,17,0,17.0,10.0,
2013-10-12,2013,R,,louisiana-monroe,texas-state,A,21,14,0,,,
2013-10-12,2013,R,,texas-state,louisiana-monroe,H,14,21,0,,,
2013-10-12,2013,R,,marshall,florida-atlantic,A,24,23,0,,,
2013-10-12,2013,R,,florida-atlantic,marshall,H,23,24,0,,,
2013-10-12,2013,R,,maryland,virginia,H,27,26,0,,,
2013-10-12,2013,R,,virginia,maryland,A,26,27,0,,,
2013-10-12,2013,R,,massachusetts,miami-oh,H,17,10,0,,,
2013-10-12,2013,R,,miami-oh,massachusetts,A,10,17,0,,,
2013-10-12,2013,R,,michigan-state,indiana,H,42,28,0,,,
2013-10-12,2013,R,,indiana,michigan-state,A,28,42,0,,,
2013-10-12,2013,R,,mississippi-state,bowling-green,H,21,20,0,,,
2013-10-12,2013,R,,bowling-green,mississippi-state,A,20,21,0,,,
2013-10-12,2013,R,,missouri,georgia,A,41,26,0,25.0,7.0,
2013-10-12,2013,R,,georgia,missouri,H,26,41,0,7.0,25.0,
2013-10-12,2013,R,,nebraska,purdue,A,44,7,0,,,
2013-10-12,2013,R,,purdue,nebraska,H,7,44,0,,,
2013-10-12,2013,R,,nevada-las-vegas,hawaii,H,39,37,0,,,
2013-10-12,2013,R,,hawaii,nevada-las-vegas,A,37,39,0,,,
2013-10-12,2013,R,,north-texas,middle-tennessee-state,H,34,7,0,,,
2013-10-12,2013,R,,middle-tennessee-state,north-texas,A,7,34,0,,,
2013-10-12,2013,R,,northern-illinois,akron,H,27,20,0,23.0,,
2013-10-12,2013,R,,akron,northern-illinois,A,20,27,0,,23.0,
2013-10-12,2013,R,,oregon,washington,A,45,24,0,2.0,16.0,
2013-10-12,2013,R,,washington,oregon,H,24,45,0,16.0,2.0,
2013-10-12,2013,R,,oregon-state,washington-state,A,52,24,0,,,
2013-10-12,2013,R,,washington-state,oregon-state,H,24,52,0,,,
2013-10-12,2013,R,,penn-state,michigan,H,43,40,0,,18.0,
2013-10-12,2013,R,,michigan,penn-state,A,40,43,0,18.0,,
2013-10-12,2013,R,,rice,texas-san-antonio,A,27,21,0,,,
2013-10-12,2013,R,,texas-san-antonio,rice,H,21,27,0,,,
2013-10-12,2013,R,,san-jose-state,colorado-state,A,34,27,0,,,
2013-10-12,2013,R,,colorado-state,san-jose-state,H,27,34,0,,,
2013-10-12,2013,R,,south-carolina,arkansas,A,52,7,0,14.0,,
2013-10-12,2013,R,,arkansas,south-carolina,H,7,52,0,,14.0,
2013-10-12,2013,R,,south-florida,connecticut,A,13,10,0,,,
2013-10-12,2013,R,,connecticut,south-florida,H,10,13,0,,,
2013-10-12,2013,R,,syracuse,north-carolina-state,A,24,10,0,,,
2013-10-12,2013,R,,north-carolina-state,syracuse,H,10,24,0,,,
2013-10-12,2013,R,,texas,oklahoma,N,36,20,0,,12.0,Cotton Bowl - Dallas TX
2013-10-12,2013,R,,oklahoma,texas,N,20,36,0,12.0,,Cotton Bowl - Dallas TX
2013-10-12,2013,R,,texas-a-m,mississippi,A,41,38,0,9.0,,
2013-10-12,2013,R,,mississippi,texas-a-m,H,38,41,0,,9.0,
2013-10-12,2013,R,,texas-christian,kansas,H,27,17,0,,,
2013-10-12,2013,R,,kansas,texas-christian,A,17,27,0,,,
2013-10-12,2013,R,,texas-tech,iowa-state,H,42,35,0,20.0,,
2013-10-12,2013,R,,iowa-state,texas-tech,A,35,42,0,,20.0,
2013-10-12,2013,R,,troy,georgia-state,A,35,28,0,,,
2013-10-12,2013,R,,georgia-state,troy,H,28,35,0,,,
2013-10-12,2013,R,,tulane,east-carolina,H,36,33,0,,,
2013-10-12,2013,R,,east-carolina,tulane,A,33,36,0,,,
2013-10-12,2013,R,,tulsa,texas-el-paso,A,34,20,0,,,
2013-10-12,2013,R,,texas-el-paso,tulsa,H,20,34,0,,,
2013-10-12,2013,R,,ucla,california,H,37,10,0,11.0,,
2013-10-12,2013,R,,california,ucla,A,10,37,0,,11.0,
2013-10-12,2013,R,,utah,stanford,H,27,21,0,,5.0,
2013-10-12,2013,R,,stanford,utah,A,21,27,0,5.0,,
2013-10-12,2013,R,,virginia-tech,pittsburgh,H,19,9,0,24.0,,
2013-10-12,2013,R,,pittsburgh,virginia-tech,A,9,19,0,,24.0,
2013-10-12,2013,R,,wisconsin,northwestern,H,35,6,0,,19.0,
2013-10-12,2013,R,,northwestern,wisconsin,A,6,35,0,19.0,,
2013-10-12,2013,R,,wyoming,new-mexico,H,38,31,0,,,
2013-10-12,2013,R,,new-mexico,wyoming,A,31,38,0,,,
2013-10-15,2013,R,,louisiana,western-kentucky,A,37,20,0,,,
2013-10-15,2013,R,,western-kentucky,louisiana,H,20,37,0,,,
2013-10-17,2013,R,,miami-fl,north-carolina,A,27,23,0,10.0,,
2013-10-17,2013,R,,north-carolina,miami-fl,H,23,27,0,,10.0,
2013-10-18,2013,R,,central-florida,louisville,A,38,35,0,,8.0,
2013-10-18,2013,R,,louisville,central-florida,H,35,38,0,8.0,,
2013-10-19,2013,R,,akron,miami-oh,A,24,17,0,,,
2013-10-19,2013,R,,miami-oh,akron,H,17,24,0,,,
2013-10-19,2013,R,,alabama,arkansas,H,52,0,0,1.0,,
2013-10-19,2013,R,,arkansas,alabama,A,0,52,0,,1.0,
2013-10-19,2013,R,,arizona,utah,H,35,24,0,,,
2013-10-19,2013,R,,utah,arizona,A,24,35,0,,,
2013-10-19,2013,R,,arizona-state,washington,H,53,24,0,,20.0,
2013-10-19,2013,R,,washington,arizona-state,A,24,53,0,20.0,,
2013-10-19,2013,R,,auburn,texas-a-m,A,45,41,0,24.0,7.0,
2013-10-19,2013,R,,texas-a-m,auburn,H,41,45,0,7.0,24.0,
2013-10-19,2013,R,,ball-state,western-michigan,A,38,17,0,,,
2013-10-19,2013,R,,western-michigan,ball-state,H,17,38,0,,,
2013-10-19,2013,R,,baylor,iowa-state,H,71,7,0,12.0,,
2013-10-19,2013,R,,iowa-state,baylor,A,7,71,0,,12.0,
2013-10-19,2013,R,,boise-state,nevada,H,34,17,0,,,
2013-10-19,2013,R,,nevada,boise-state,A,17,34,0,,,
2013-10-19,2013,R,,brigham-young,houston,N,47,46,0,,,Reliant Stadium - Houston TX
2013-10-19,2013,R,,houston,brigham-young,N,46,47,0,,,Reliant Stadium - Houston TX
2013-10-19,2013,R,,buffalo,massachusetts,H,32,3,0,,,
2013-10-19,2013,R,,massachusetts,buffalo,A,3,32,0,,,
2013-10-19,2013,R,,cincinnati,connecticut,H,41,16,0,,,
2013-10-19,2013,R,,connecticut,cincinnati,A,16,41,0,,,
2013-10-19,2013,R,,colorado,charleston-southern,H,43,10,0,,,
2013-10-19,2013,R,,charleston-southern,colorado,A,10,43,0,,,
2013-10-19,2013,R,,colorado-state,wyoming,A,52,22,0,,,
2013-10-19,2013,R,,wyoming,colorado-state,H,22,52,0,,,
2013-10-19,2013,R,,duke,virginia,A,35,22,0,,,
2013-10-19,2013,R,,virginia,duke,H,22,35,0,,,
2013-10-19,2013,R,,east-carolina,southern-mississippi,H,55,14,0,,,
2013-10-19,2013,R,,southern-mississippi,east-carolina,A,14,55,0,,,
2013-10-19,2013,R,,florida-state,clemson,A,51,14,0,5.0,3.0,
2013-10-19,2013,R,,clemson,florida-state,H,14,51,0,3.0,5.0,
2013-10-19,2013,R,,fresno-state,nevada-las-vegas,H,38,14,0,17.0,,
2013-10-19,2013,R,,nevada-las-vegas,fresno-state,A,14,38,0,,17.0,
2013-10-19,2013,R,,georgia-tech,syracuse,H,56,0,0,,,
2013-10-19,2013,R,,syracuse,georgia-tech,A,0,56,0,,,
2013-10-19,2013,R,,michigan,indiana,H,63,47,0,,,
2013-10-19,2013,R,,indiana,michigan,A,47,63,0,,,
2013-10-19,2013,R,,michigan-state,purdue,H,14,0,0,,,
2013-10-19,2013,R,,purdue,michigan-state,A,0,14,0,,,
2013-10-19,2013,R,,minnesota,northwestern,A,20,17,0,,,
2013-10-19,2013,R,,northwestern,minnesota,H,17,20,0,,,
2013-10-19,2013,R,,mississippi,louisiana-state,H,27,24,0,,6.0,
2013-10-19,2013,R,,louisiana-state,mississippi,A,24,27,0,6.0,,
2013-10-19,2013,R,,missouri,florida,H,36,17,0,14.0,22.0,
2013-10-19,2013,R,,florida,missouri,A,17,36,0,22.0,14.0,
2013-10-19,2013,R,,north-texas,louisiana-tech,A,28,13,0,,,
2013-10-19,2013,R,,louisiana-tech,north-texas,H,13,28,0,,,
2013-10-19,2013,R,,northern-illinois,central-michigan,A,38,17,0,23.0,,
2013-10-19,2013,R,,central-michigan,northern-illinois,H,17,38,0,,23.0,
2013-10-19,2013,R,,notre-dame,southern-california,H,14,10,0,,,
2013-10-19,2013,R,,southern-california,notre-dame,A,10,14,0,,,
2013-10-19,2013,R,,ohio,eastern-michigan,A,56,28,0,,,
2013-10-19,2013,R,,eastern-michigan,ohio,H,28,56,0,,,
2013-10-19,2013,R,,ohio-state,iowa,H,34,24,0,4.0,,
2013-10-19,2013,R,,iowa,ohio-state,A,24,34,0,,4.0,
2013-10-19,2013,R,,oklahoma,kansas,A,34,19,0,18.0,,
2013-10-19,2013,R,,kansas,oklahoma,H,19,34,0,,18.0,
2013-10-19,2013,R,,oklahoma-state,texas-christian,H,24,10,0,21.0,,
2013-10-19,2013,R,,texas-christian,oklahoma-state,A,10,24,0,,21.0,
2013-10-19,2013,R,,oregon,washington-state,H,62,38,0,2.0,,
2013-10-19,2013,R,,washington-state,oregon,A,38,62,0,,2.0,
2013-10-19,2013,R,,oregon-state,california,A,49,17,0,,,
2013-10-19,2013,R,,california,oregon-state,H,17,49,0,,,
2013-10-19,2013,R,,pittsburgh,old-dominion,H,35,24,0,,,
2013-10-19,2013,R,,old-dominion,pittsburgh,A,24,35,0,,,
2013-10-19,2013,R,,rice,new-mexico-state,A,45,19,0,,,
2013-10-19,2013,R,,new-mexico-state,rice,H,19,45,0,,,
2013-10-19,2013,R,,south-alabama,kent-state,H,38,21,0,,,
2013-10-19,2013,R,,kent-state,south-alabama,A,21,38,0,,,
2013-10-19,2013,R,,southern-methodist,memphis,A,34,29,0,,,
2013-10-19,2013,R,,memphis,southern-methodist,H,29,34,0,,,
2013-10-19,2013,R,,stanford,ucla,H,24,10,0,13.0,9.0,
2013-10-19,2013,R,,ucla,stanford,A,10,24,0,9.0,13.0,
2013-10-19,2013,R,,temple,army,H,33,14,0,,,
2013-10-19,2013,R,,army,temple,A,14,33,0,,,
2013-10-19,2013,R,,tennessee,south-carolina,H,23,21,0,,11.0,
2013-10-19,2013,R,,south-carolina,tennessee,A,21,23,0,11.0,,
2013-10-19,2013,R,,texas-state,georgia-state,H,24,17,0,,,
2013-10-19,2013,R,,georgia-state,texas-state,A,17,24,0,,,
2013-10-19,2013,R,,texas-tech,west-virginia,A,37,27,0,16.0,,
2013-10-19,2013,R,,west-virginia,texas-tech,H,27,37,0,,16.0,
2013-10-19,2013,R,,toledo,navy,H,45,44,0,,,
2013-10-19,2013,R,,navy,toledo,A,44,45,0,,,
2013-10-19,2013,R,,utah-state,new-mexico,A,45,10,0,,,
2013-10-19,2013,R,,new-mexico,utah-state,H,10,45,0,,,
2013-10-19,2013,R,,vanderbilt,georgia,H,31,27,0,,15.0,
2013-10-19,2013,R,,georgia,vanderbilt,A,27,31,0,15.0,,
2013-10-19,2013,R,,wake-forest,maryland,H,34,10,0,,,
2013-10-19,2013,R,,maryland,wake-forest,A,10,34,0,,,
2013-10-19,2013,R,,wisconsin,illinois,A,56,32,0,25.0,,
2013-10-19,2013,R,,illinois,wisconsin,H,32,56,0,,25.0,
2013-10-22,2013,R,,louisiana,arkansas-state,A,23,7,0,,,
2013-10-22,2013,R,,arkansas-state,louisiana,H,7,23,0,,,
2013-10-24,2013,R,,middle-tennessee-state,marshall,H,51,49,0,,,
2013-10-24,2013,R,,marshall,middle-tennessee-state,A,49,51,0,,,
2013-10-24,2013,R,,mississippi-state,kentucky,H,28,22,0,,,
2013-10-24,2013,R,,kentucky,mississippi-state,A,22,28,0,,,
2013-10-25,2013,R,,brigham-young,boise-state,H,37,20,0,,,
2013-10-25,2013,R,,boise-state,brigham-young,A,20,37,0,,,
2013-10-26,2013,R,,alabama,tennessee,H,45,10,0,1.0,,
2013-10-26,2013,R,,tennessee,alabama,A,10,45,0,,1.0,
2013-10-26,2013,R,,arizona,colorado,A,44,20,0,,,
2013-10-26,2013,R,,colorado,arizona,H,20,44,0,,,
2013-10-26,2013,R,,auburn,florida-atlantic,H,45,10,0,11.0,,
2013-10-26,2013,R,,florida-atlantic,auburn,A,10,45,0,,11.0,
2013-10-26,2013,R,,ball-state,akron,A,42,24,0,,,
2013-10-26,2013,R,,akron,ball-state,H,24,42,0,,,
2013-10-26,2013,R,,baylor,kansas,A,59,14,0,6.0,,
2013-10-26,2013,R,,kansas,baylor,H,14,59,0,,6.0,
2013-10-26,2013,R,,buffalo,kent-state,A,41,21,0,,,
2013-10-26,2013,R,,kent-state,buffalo,H,21,41,0,,,
2013-10-26,2013,R,,central-florida,connecticut,H,62,17,0,21.0,,
2013-10-26,2013,R,,connecticut,central-florida,A,17,62,0,,21.0,
2013-10-26,2013,R,,clemson,maryland,A,40,27,0,9.0,,
2013-10-26,2013,R,,maryland,clemson,H,27,40,0,,9.0,
2013-10-26,2013,R,,colorado-state,hawaii,A,35,28,0,,,
2013-10-26,2013,R,,hawaii,colorado-state,H,28,35,0,,,
2013-10-26,2013,R,,duke,virginia-tech,A,13,10,0,,16.0,
2013-10-26,2013,R,,virginia-tech,duke,H,10,13,0,16.0,,
2013-10-26,2013,R,,florida-state,north-carolina-state,H,49,17,0,3.0,,
2013-10-26,2013,R,,north-carolina-state,florida-state,A,17,49,0,,3.0,
2013-10-26,2013,R,,fresno-state,san-diego-state,A,35,28,0,15.0,,
2013-10-26,2013,R,,san-diego-state,fresno-state,H,28,35,0,,15.0,
2013-10-26,2013,R,,georgia-tech,virginia,A,35,25,0,,,
2013-10-26,2013,R,,virginia,georgia-tech,H,25,35,0,,,
2013-10-26,2013,R,,houston,rutgers,A,49,14,0,,,
2013-10-26,2013,R,,rutgers,houston,H,14,49,0,,,
2013-10-26,2013,R,,iowa,northwestern,H,17,10,0,,,
2013-10-26,2013,R,,northwestern,iowa,A,10,17,0,,,
2013-10-26,2013,R,,kansas-state,west-virginia,H,35,12,0,,,
2013-10-26,2013,R,,west-virginia,kansas-state,A,12,35,0,,,
2013-10-26,2013,R,,louisiana-state,furman,H,48,16,0,13.0,,
2013-10-26,2013,R,,furman,louisiana-state,A,16,48,0,,13.0,
2013-10-26,2013,R,,louisiana-tech,florida-international,A,23,7,0,,,
2013-10-26,2013,R,,florida-international,louisiana-tech,H,7,23,0,,,
2013-10-26,2013,R,,louisiana-monroe,georgia-state,H,38,10,0,,,
2013-10-26,2013,R,,georgia-state,louisiana-monroe,A,10,38,0,,,
2013-10-26,2013,R,,louisville,south-florida,A,34,3,0,18.0,,
2013-10-26,2013,R,,south-florida,louisville,H,3,34,0,,18.0,
2013-10-26,2013,R,,miami-fl,wake-forest,H,24,21,0,7.0,,
2013-10-26,2013,R,,wake-forest,miami-fl,A,21,24,0,,7.0,
2013-10-26,2013,R,,michigan-state,illinois,A,42,3,0,,,
2013-10-26,2013,R,,illinois,michigan-state,H,3,42,0,,,
2013-10-26,2013,R,,minnesota,nebraska,H,34,23,0,,25.0,
2013-10-26,2013,R,,nebraska,minnesota,A,23,34,0,25.0,,
2013-10-26,2013,R,,mississippi,idaho,H,59,14,0,,,
2013-10-26,2013,R,,idaho,mississippi,A,14,59,0,,,
2013-10-26,2013,R,,navy,pittsburgh,H,24,21,0,,,
2013-10-26,2013,R,,pittsburgh,navy,A,21,24,0,,,
2013-10-26,2013,R,,nevada-las-vegas,nevada,A,27,22,0,,,
2013-10-26,2013,R,,nevada,nevada-las-vegas,H,22,27,0,,,
2013-10-26,2013,R,,new-mexico-state,abilene-christian,H,34,29,0,,,
2013-10-26,2013,R,,abilene-christian,new-mexico-state,A,29,34,0,,,
2013-10-26,2013,R,,north-carolina,boston-college,H,34,10,0,,,
2013-10-26,2013,R,,boston-college,north-carolina,A,10,34,0,,,
2013-10-26,2013,R,,north-texas,southern-mississippi,A,55,14,0,,,
2013-10-26,2013,R,,southern-mississippi,north-texas,H,14,55,0,,,
2013-10-26,2013,R,,northern-illinois,eastern-michigan,H,59,20,0,23.0,,
2013-10-26,2013,R,,eastern-michigan,northern-illinois,A,20,59,0,,23.0,
2013-10-26,2013,R,,notre-dame,air-force,A,45,10,0,,,
2013-10-26,2013,R,,air-force,notre-dame,H,10,45,0,,,
2013-10-26,2013,R,,ohio,miami-oh,H,41,16,0,,,
2013-10-26,2013,R,,miami-oh,ohio,A,16,41,0,,,
2013-10-26,2013,R,,ohio-state,penn-state,H,63,14,0,4.0,,
2013-10-26,2013,R,,penn-state,ohio-state,A,14,63,0,,4.0,
2013-10-26,2013,R,,oklahoma,texas-tech,H,38,30,0,17.0,10.0,
2013-10-26,2013,R,,texas-tech,oklahoma,A,30,38,0,10.0,17.0,
2013-10-26,2013,R,,oklahoma-state,iowa-state,A,58,27,0,19.0,,
2013-10-26,2013,R,,iowa-state,oklahoma-state,H,27,58,0,,19.0,
2013-10-26,2013,R,,oregon,ucla,H,42,14,0,2.0,12.0,
2013-10-26,2013,R,,ucla,oregon,A,14,42,0,12.0,2.0,
2013-10-26,2013,R,,rice,texas-el-paso,H,45,7,0,,,
2013-10-26,2013,R,,texas-el-paso,rice,A,7,45,0,,,
2013-10-26,2013,R,,san-jose-state,wyoming,H,51,44,0,,,
2013-10-26,2013,R,,wyoming,san-jose-state,A,44,51,0,,,
2013-10-26,2013,R,,south-carolina,missouri,A,27,24,0,20.0,5.0,
2013-10-26,2013,R,,missouri,south-carolina,H,24,27,0,5.0,20.0,
2013-10-26,2013,R,,southern-california,utah,H,19,3,0,,,
2013-10-26,2013,R,,utah,southern-california,A,3,19,0,,,
2013-10-26,2013,R,,southern-methodist,temple,H,59,49,0,,,
2013-10-26,2013,R,,temple,southern-methodist,A,49,59,0,,,
2013-10-26,2013,R,,stanford,oregon-state,A,20,12,0,8.0,,
2013-10-26,2013,R,,oregon-state,stanford,H,12,20,0,,8.0,
2013-10-26,2013,R,,texas,texas-christian,A,30,7,0,,,
2013-10-26,2013,R,,texas-christian,texas,H,7,30,0,,,
2013-10-26,2013,R,,texas-a-m,vanderbilt,H,56,24,0,14.0,,
2013-10-26,2013,R,,vanderbilt,texas-a-m,A,24,56,0,,14.0,
2013-10-26,2013,R,,texas-state,south-alabama,H,33,31,0,,,
2013-10-26,2013,R,,south-alabama,texas-state,A,31,33,0,,,
2013-10-26,2013,R,,texas-san-antonio,alabama-birmingham,H,52,31,0,,,
2013-10-26,2013,R,,alabama-birmingham,texas-san-antonio,A,31,52,0,,,
2013-10-26,2013,R,,toledo,bowling-green,A,28,25,0,,,
2013-10-26,2013,R,,bowling-green,toledo,H,25,28,0,,,
2013-10-26,2013,R,,troy,western-kentucky,A,32,26,0,,,
2013-10-26,2013,R,,western-kentucky,troy,H,26,32,0,,,
2013-10-26,2013,R,,tulane,tulsa,H,14,7,0,,,
2013-10-26,2013,R,,tulsa,tulane,A,7,14,0,,,
2013-10-26,2013,R,,washington,california,H,41,17,0,,,
2013-10-26,2013,R,,california,washington,A,17,41,0,,,
2013-10-26,2013,R,,western-michigan,massachusetts,A,31,30,0,,,
2013-10-26,2013,R,,massachusetts,western-michigan,H,30,31,0,,,
2013-10-30,2013,R,,cincinnati,memphis,A,34,21,0,,,
2013-10-30,2013,R,,memphis,cincinnati,H,21,34,0,,,
2013-10-31,2013,R,,arizona-state,washington-state,A,55,21,0,25.0,,
2013-10-31,2013,R,,washington-state,arizona-state,H,21,55,0,,25.0,
2013-10-31,2013,R,,houston,south-florida,H,35,23,0,,,
2013-10-31,2013,R,,south-florida,houston,A,23,35,0,,,
2013-10-31,2013,R,,louisiana-monroe,troy,A,49,37,0,,,
2013-10-31,2013,R,,troy,louisiana-monroe,H,37,49,0,,,
2013-10-31,2013,R,,north-texas,rice,H,28,16,0,,,
2013-10-31,2013,R,,rice,north-texas,A,16,28,0,,,
2013-11-01,2013,R,,southern-california,oregon-state,A,31,14,0,,,
2013-11-01,2013,R,,oregon-state,southern-california,H,14,31,0,,,
2013-11-02,2013,R,,air-force,army,H,42,28,0,,,
2013-11-02,2013,R,,army,air-force,A,28,42,0,,,
2013-11-02,2013,R,,akron,kent-state,H,16,7,0,,,
2013-11-02,2013,R,,kent-state,akron,A,7,16,0,,,
2013-11-02,2013,R,,arizona,california,A,33,28,0,,,
2013-11-02,2013,R,,california,arizona,H,28,33,0,,,
2013-11-02,2013,R,,arkansas-state,south-alabama,A,17,16,0,,,
2013-11-02,2013,R,,south-alabama,arkansas-state,H,16,17,0,,,
2013-11-02,2013,R,,auburn,arkansas,A,35,17,0,8.0,,
2013-11-02,2013,R,,arkansas,auburn,H,17,35,0,,8.0,
2013-11-02,2013,R,,boise-state,colorado-state,A,42,30,0,,,
2013-11-02,2013,R,,colorado-state,boise-state,H,30,42,0,,,
2013-11-02,2013,R,,boston-college,virginia-tech,H,34,27,0,,,
2013-11-02,2013,R,,virginia-tech,boston-college,A,27,34,0,,,
2013-11-02,2013,R,,clemson,virginia,A,59,10,0,9.0,,
2013-11-02,2013,R,,virginia,clemson,H,10,59,0,,9.0,
2013-11-02,2013,R,,east-carolina,florida-international,A,34,13,0,,,
2013-11-02,2013,R,,florida-international,east-carolina,H,13,34,0,,,
2013-11-02,2013,R,,florida-atlantic,tulane,H,34,17,0,,,
2013-11-02,2013,R,,tulane,florida-atlantic,A,17,34,0,,,
2013-11-02,2013,R,,florida-state,miami-fl,H,41,14,0,3.0,7.0,
2013-11-02,2013,R,,miami-fl,florida-state,A,14,41,0,7.0,3.0,
2013-11-02,2013,R,,fresno-state,nevada,H,41,23,0,16.0,,
2013-11-02,2013,R,,nevada,fresno-state,A,23,41,0,,16.0,
2013-11-02,2013,R,,georgia,florida,N,23,20,0,,,EverBank Field - Jacksonville FL
2013-11-02,2013,R,,florida,georgia,N,20,23,0,,,EverBank Field - Jacksonville FL
2013-11-02,2013,R,,georgia-tech,pittsburgh,H,21,10,0,,,
2013-11-02,2013,R,,pittsburgh,georgia-tech,A,10,21,0,,,
2013-11-02,2013,R,,kansas-state,iowa-state,H,41,7,0,,,
2013-11-02,2013,R,,iowa-state,kansas-state,A,7,41,0,,,
2013-11-02,2013,R,,kentucky,alabama-state,H,48,14,0,,,
2013-11-02,2013,R,,alabama-state,kentucky,A,14,48,0,,,
2013-11-02,2013,R,,louisiana,new-mexico-state,H,49,35,0,,,
2013-11-02,2013,R,,new-mexico-state,louisiana,A,35,49,0,,,
2013-11-02,2013,R,,marshall,southern-mississippi,H,61,13,0,,,
2013-11-02,2013,R,,southern-mississippi,marshall,A,13,61,0,,,
2013-11-02,2013,R,,michigan-state,michigan,H,29,6,0,24.0,23.0,
2013-11-02,2013,R,,michigan,michigan-state,A,6,29,0,23.0,24.0,
2013-11-02,2013,R,,middle-tennessee-state,alabama-birmingham,A,24,21,0,,,
2013-11-02,2013,R,,alabama-birmingham,middle-tennessee-state,H,21,24,0,,,
2013-11-02,2013,R,,minnesota,indiana,A,42,39,0,,,
2013-11-02,2013,R,,indiana,minnesota,H,39,42,0,,,
2013-11-02,2013,R,,missouri,tennessee,H,31,3,0,10.0,,
2013-11-02,2013,R,,tennessee,missouri,A,3,31,0,,10.0,
2013-11-02,2013,R,,nebraska,northwestern,H,27,24,0,,,
2013-11-02,2013,R,,northwestern,nebraska,A,24,27,0,,,
2013-11-02,2013,R,,north-carolina,north-carolina-state,A,27,19,0,,,
2013-11-02,2013,R,,north-carolina-state,north-carolina,H,19,27,0,,,
2013-11-02,2013,R,,northern-illinois,massachusetts,A,63,19,0,21.0,,
2013-11-02,2013,R,,massachusetts,northern-illinois,H,19,63,0,,21.0,
2013-11-02,2013,R,,notre-dame,navy,H,38,34,0,,,
2013-11-02,2013,R,,navy,notre-dame,A,34,38,0,,,
2013-11-02,2013,R,,ohio-state,purdue,A,56,0,0,4.0,,
2013-11-02,2013,R,,purdue,ohio-state,H,0,56,0,,4.0,
2013-11-02,2013,R,,oklahoma-state,texas-tech,A,52,34,0,18.0,15.0,
2013-11-02,2013,R,,texas-tech,oklahoma-state,H,34,52,0,15.0,18.0,
2013-11-02,2013,R,,penn-state,illinois,H,24,17,0,,,
2013-11-02,2013,R,,illinois,penn-state,A,17,24,0,,,
2013-11-02,2013,R,,rutgers,temple,H,23,20,0,,,
2013-11-02,2013,R,,temple,rutgers,A,20,23,0,,,
2013-11-02,2013,R,,san-diego-state,new-mexico,H,35,30,0,,,
2013-11-02,2013,R,,new-mexico,san-diego-state,A,30,35,0,,,
2013-11-02,2013,R,,san-jose-state,nevada-las-vegas,A,34,24,0,,,
2013-11-02,2013,R,,nevada-las-vegas,san-jose-state,H,24,34,0,,,
2013-11-02,2013,R,,south-carolina,mississippi-state,H,34,16,0,14.0,,
2013-11-02,2013,R,,mississippi-state,south-carolina,A,16,34,0,,14.0,
2013-11-02,2013,R,,syracuse,wake-forest,H,13,0,0,,,
2013-11-02,2013,R,,wake-forest,syracuse,A,0,13,0,,,
2013-11-02,2013,R,,texas,kansas,H,35,13,0,,,
2013-11-02,2013,R,,kansas,texas,A,13,35,0,,,
2013-11-02,2013,R,,texas-a-m,texas-el-paso,H,57,7,0,12.0,,
2013-11-02,2013,R,,texas-el-paso,texas-a-m,A,7,57,0,,12.0,
2013-11-02,2013,R,,texas-state,idaho,A,37,21,0,,,
2013-11-02,2013,R,,idaho,texas-state,H,21,37,0,,,
2013-11-02,2013,R,,texas-san-antonio,tulsa,A,34,15,0,,,
2013-11-02,2013,R,,tulsa,texas-san-antonio,H,15,34,0,,,
2013-11-02,2013,R,,toledo,eastern-michigan,H,55,16,0,,,
2013-11-02,2013,R,,eastern-michigan,toledo,A,16,55,0,,,
2013-11-02,2013,R,,ucla,colorado,H,45,23,0,17.0,,
2013-11-02,2013,R,,colorado,ucla,A,23,45,0,,17.0,
2013-11-02,2013,R,,utah-state,hawaii,H,47,10,0,,,
2013-11-02,2013,R,,hawaii,utah-state,A,10,47,0,,,
2013-11-02,2013,R,,west-virginia,texas-christian,A,30,27,0,,,
2013-11-02,2013,R,,texas-christian,west-virginia,H,27,30,0,,,
2013-11-02,2013,R,,western-kentucky,georgia-state,A,44,28,0,,,
2013-11-02,2013,R,,georgia-state,western-kentucky,H,28,44,0,,,
2013-11-02,2013,R,,wisconsin,iowa,A,28,9,0,22.0,,
2013-11-02,2013,R,,iowa,wisconsin,H,9,28,0,,22.0,
2013-11-05,2013,R,,bowling-green,miami-oh,A,45,3,0,,,
2013-11-05,2013,R,,miami-oh,bowling-green,H,3,45,0,,,
2013-11-05,2013,R,,buffalo,ohio,H,30,3,0,,,
2013-11-05,2013,R,,ohio,buffalo,A,3,30,0,,,
2013-11-06,2013,R,,ball-state,central-michigan,H,44,24,0,,,
2013-11-06,2013,R,,central-michigan,ball-state,A,24,44,0,,,
2013-11-07,2013,R,,baylor,oklahoma,H,41,12,0,5.0,12.0,
2013-11-07,2013,R,,oklahoma,baylor,A,12,41,0,12.0,5.0,
2013-11-07,2013,R,,louisiana,troy,H,41,36,0,,,
2013-11-07,2013,R,,troy,louisiana,A,36,41,0,,,
2013-11-07,2013,R,,stanford,oregon,H,26,20,0,6.0,2.0,
2013-11-07,2013,R,,oregon,stanford,A,20,26,0,2.0,6.0,
2013-11-08,2013,R,,louisville,connecticut,A,31,10,0,20.0,,
2013-11-08,2013,R,,connecticut,louisville,H,10,31,0,,20.0,
2013-11-08,2013,R,,new-mexico,air-force,H,45,37,0,,,
2013-11-08,2013,R,,air-force,new-mexico,A,37,45,0,,,
2013-11-09,2013,R,,alabama,louisiana-state,H,38,17,0,1.0,10.0,
2013-11-09,2013,R,,louisiana-state,alabama,A,17,38,0,10.0,1.0,
2013-11-09,2013,R,,arizona-state,utah,A,20,19,0,23.0,,
2013-11-09,2013,R,,utah,arizona-state,H,19,20,0,,23.0,
2013-11-09,2013,R,,arkansas-state,louisiana-monroe,A,42,14,0,,,
2013-11-09,2013,R,,louisiana-monroe,arkansas-state,H,14,42,0,,,
2013-11-09,2013,R,,auburn,tennessee,A,55,23,0,7.0,,
2013-11-09,2013,R,,tennessee,auburn,H,23,55,0,,7.0,
2013-11-09,2013,R,,boston-college,new-mexico-state,A,48,34,0,,,
2013-11-09,2013,R,,new-mexico-state,boston-college,H,34,48,0,,,
2013-11-09,2013,R,,central-florida,houston,H,19,14,0,19.0,,
2013-11-09,2013,R,,houston,central-florida,A,14,19,0,,19.0,
2013-11-09,2013,R,,cincinnati,southern-methodist,H,28,25,0,,,
2013-11-09,2013,R,,southern-methodist,cincinnati,A,25,28,0,,,
2013-11-09,2013,R,,colorado-state,nevada,H,38,17,0,,,
2013-11-09,2013,R,,nevada,colorado-state,A,17,38,0,,,
2013-11-09,2013,R,,duke,north-carolina-state,H,38,20,0,,,
2013-11-09,2013,R,,north-carolina-state,duke,A,20,38,0,,,
2013-11-09,2013,R,,east-carolina,tulsa,H,58,24,0,,,
2013-11-09,2013,R,,tulsa,east-carolina,A,24,58,0,,,
2013-11-09,2013,R,,eastern-michigan,western-michigan,H,35,32,0,,,
2013-11-09,2013,R,,western-michigan,eastern-michigan,A,32,35,0,,,
2013-11-09,2013,R,,florida-state,wake-forest,A,59,3,0,3.0,,
2013-11-09,2013,R,,wake-forest,florida-state,H,3,59,0,,3.0,
2013-11-09,2013,R,,fresno-state,wyoming,A,48,10,0,17.0,,
2013-11-09,2013,R,,wyoming,fresno-state,H,10,48,0,,17.0,
2013-11-09,2013,R,,georgia,appalachian-state,H,45,6,0,,,
2013-11-09,2013,R,,appalachian-state,georgia,A,6,45,0,,,
2013-11-09,2013,R,,indiana,illinois,H,52,35,0,,,
2013-11-09,2013,R,,illinois,indiana,A,35,52,0,,,
2013-11-09,2013,R,,iowa,purdue,A,38,14,0,,,
2013-11-09,2013,R,,purdue,iowa,H,14,38,0,,,
2013-11-09,2013,R,,kansas-state,texas-tech,A,49,26,0,,25.0,
2013-11-09,2013,R,,texas-tech,kansas-state,H,26,49,0,25.0,,
2013-11-09,2013,R,,louisiana-tech,southern-mississippi,H,36,13,0,,,
2013-11-09,2013,R,,southern-mississippi,louisiana-tech,A,13,36,0,,,
2013-11-09,2013,R,,marshall,alabama-birmingham,H,56,14,0,,,
2013-11-09,2013,R,,alabama-birmingham,marshall,A,14,56,0,,,
2013-11-09,2013,R,,memphis,tennessee-martin,H,21,6,0,,,
2013-11-09,2013,R,,tennessee-martin,memphis,A,6,21,0,,,
2013-11-09,2013,R,,middle-tennessee-state,florida-international,H,48,0,0,,,
2013-11-09,2013,R,,florida-international,middle-tennessee-state,A,0,48,0,,,
2013-11-09,2013,R,,minnesota,penn-state,H,24,10,0,,,
2013-11-09,2013,R,,penn-state,minnesota,A,10,24,0,,,
2013-11-09,2013,R,,mississippi,arkansas,H,34,24,0,,,
2013-11-09,2013,R,,arkansas,mississippi,A,24,34,0,,,
2013-11-09,2013,R,,missouri,kentucky,A,48,17,0,9.0,,
2013-11-09,2013,R,,kentucky,missouri,H,17,48,0,,9.0,
2013-11-09,2013,R,,navy,hawaii,H,42,28,0,,,
2013-11-09,2013,R,,hawaii,navy,A,28,42,0,,,
2013-11-09,2013,R,,nebraska,michigan,A,17,13,0,,,
2013-11-09,2013,R,,michigan,nebraska,H,13,17,0,,,
2013-11-09,2013,R,,north-carolina,virginia,H,45,14,0,,,
2013-11-09,2013,R,,virginia,north-carolina,A,14,45,0,,,
2013-11-09,2013,R,,north-texas,texas-el-paso,H,41,7,0,,,
2013-11-09,2013,R,,texas-el-paso,north-texas,A,7,41,0,,,
2013-11-09,2013,R,,oklahoma-state,kansas,H,42,6,0,15.0,,
2013-11-09,2013,R,,kansas,oklahoma-state,A,6,42,0,,15.0,
2013-11-09,2013,R,,old-dominion,idaho,A,59,38,0,,,
2013-11-09,2013,R,,idaho,old-dominion,H,38,59,0,,,
2013-11-09,2013,R,,pittsburgh,notre-dame,H,28,21,0,,24.0,
2013-11-09,2013,R,,notre-dame,pittsburgh,A,21,28,0,24.0,,
2013-11-09,2013,R,,san-diego-state,san-jose-state,A,34,30,0,,,
2013-11-09,2013,R,,san-jose-state,san-diego-state,H,30,34,0,,,
2013-11-09,2013,R,,southern-california,california,A,62,28,0,,,
2013-11-09,2013,R,,california,southern-california,H,28,62,0,,,
2013-11-09,2013,R,,syracuse,maryland,A,20,3,0,,,
2013-11-09,2013,R,,maryland,syracuse,H,3,20,0,,,
2013-11-09,2013,R,,texas,west-virginia,A,47,40,0,,,
2013-11-09,2013,R,,west-virginia,texas,H,40,47,0,,,
2013-11-09,2013,R,,texas-a-m,mississippi-state,H,51,41,0,11.0,,
2013-11-09,2013,R,,mississippi-state,texas-a-m,A,41,51,0,,11.0,
2013-11-09,2013,R,,texas-christian,iowa-state,A,21,17,0,,,
2013-11-09,2013,R,,iowa-state,texas-christian,H,17,21,0,,,
2013-11-09,2013,R,,texas-san-antonio,tulane,H,10,7,0,,,
2013-11-09,2013,R,,tulane,texas-san-antonio,A,7,10,0,,,
2013-11-09,2013,R,,ucla,arizona,A,31,26,0,16.0,,
2013-11-09,2013,R,,arizona,ucla,H,26,31,0,,16.0,
2013-11-09,2013,R,,utah-state,nevada-las-vegas,A,28,24,0,,,
2013-11-09,2013,R,,nevada-las-vegas,utah-state,H,24,28,0,,,
2013-11-09,2013,R,,vanderbilt,florida,A,34,17,0,,,
2013-11-09,2013,R,,florida,vanderbilt,H,17,34,0,,,
2013-11-09,2013,R,,virginia-tech,miami-fl,A,42,24,0,,14.0,
2013-11-09,2013,R,,miami-fl,virginia-tech,H,24,42,0,14.0,,
2013-11-09,2013,R,,washington,colorado,H,59,7,0,,,
2013-11-09,2013,R,,colorado,washington,A,7,59,0,,,
2013-11-09,2013,R,,western-kentucky,army,A,21,17,0,,,
2013-11-09,2013,R,,army,western-kentucky,H,17,21,0,,,
2013-11-09,2013,R,,wisconsin,brigham-young,H,27,17,0,21.0,,
2013-11-09,2013,R,,brigham-young,wisconsin,A,17,27,0,,21.0,
2013-11-12,2013,R,,bowling-green,ohio,H,49,0,0,,,
2013-11-12,2013,R,,ohio,bowling-green,A,0,49,0,,,
2013-11-12,2013,R,,toledo,buffalo,H,51,41,0,,,
2013-11-12,2013,R,,buffalo,toledo,A,41,51,0,,,
2013-11-13,2013,R,,kent-state,miami-oh,H,24,6,0,,,
2013-11-13,2013,R,,miami-oh,kent-state,A,6,24,0,,,
2013-11-13,2013,R,,northern-illinois,ball-state,H,48,27,0,20.0,,
2013-11-13,2013,R,,ball-state,northern-illinois,A,27,48,0,,20.0,
2013-11-14,2013,R,,clemson,georgia-tech,H,55,31,0,8.0,,
2013-11-14,2013,R,,georgia-tech,clemson,A,31,55,0,,8.0,
2013-11-14,2013,R,,marshall,tulsa,A,45,34,0,,,
2013-11-14,2013,R,,tulsa,marshall,H,34,45,0,,,
2013-11-15,2013,R,,ucla,washington,H,41,31,0,13.0,,
2013-11-15,2013,R,,washington,ucla,A,31,41,0,,13.0,
2013-11-16,2013,R,,akron,massachusetts,N,14,13,0,,,Gillette Stadium - Foxboro MA
2013-11-16,2013,R,,massachusetts,akron,N,13,14,0,,,Gillette Stadium - Foxboro MA
2013-11-16,2013,R,,alabama,mississippi-state,A,20,7,0,1.0,,
2013-11-16,2013,R,,mississippi-state,alabama,H,7,20,0,,1.0,
2013-11-16,2013,R,,arizona-state,oregon-state,H,30,17,0,21.0,,
2013-11-16,2013,R,,oregon-state,arizona-state,A,17,30,0,,21.0,
2013-11-16,2013,R,,arkansas-state,texas-state,H,38,21,0,,,
2013-11-16,2013,R,,texas-state,arkansas-state,A,21,38,0,,,
2013-11-16,2013,R,,auburn,georgia,H,43,38,0,7.0,25.0,
2013-11-16,2013,R,,georgia,auburn,A,38,43,0,25.0,7.0,
2013-11-16,2013,R,,baylor,texas-tech,N,63,34,0,4.0,,AT&T Stadium - Arlington TX
2013-11-16,2013,R,,texas-tech,baylor,N,34,63,0,,4.0,AT&T Stadium - Arlington TX
2013-11-16,2013,R,,boise-state,wyoming,H,48,7,0,,,
2013-11-16,2013,R,,wyoming,boise-state,A,7,48,0,,,
2013-11-16,2013,R,,boston-college,north-carolina-state,H,38,21,0,,,
2013-11-16,2013,R,,north-carolina-state,boston-college,A,21,38,0,,,
2013-11-16,2013,R,,brigham-young,idaho-state,H,59,13,0,,,
2013-11-16,2013,R,,idaho-state,brigham-young,A,13,59,0,,,
2013-11-16,2013,R,,central-florida,temple,A,39,36,0,15.0,,
2013-11-16,2013,R,,temple,central-florida,H,36,39,0,,15.0,
2013-11-16,2013,R,,central-michigan,western-michigan,A,27,22,0,,,
2013-11-16,2013,R,,western-michigan,central-michigan,H,22,27,0,,,
2013-11-16,2013,R,,cincinnati,rutgers,A,52,17,0,,,
2013-11-16,2013,R,,rutgers,cincinnati,H,17,52,0,,,
2013-11-16,2013,R,,colorado,california,H,41,24,0,,,
2013-11-16,2013,R,,california,colorado,A,24,41,0,,,
2013-11-16,2013,R,,colorado-state,new-mexico,A,66,42,0,,,
2013-11-16,2013,R,,new-mexico,colorado-state,H,42,66,0,,,
2013-11-16,2013,R,,duke,miami-fl,H,48,30,0,,24.0,
2013-11-16,2013,R,,miami-fl,duke,A,30,48,0,24.0,,
2013-11-16,2013,R,,east-carolina,alabama-birmingham,H,63,14,0,,,
2013-11-16,2013,R,,alabama-birmingham,east-carolina,A,14,63,0,,,
2013-11-16,2013,R,,florida-atlantic,southern-mississippi,A,41,7,0,,,
2013-11-16,2013,R,,southern-mississippi,florida-atlantic,H,7,41,0,,,
2013-11-16,2013,R,,florida-state,syracuse,H,59,3,0,2.0,,
2013-11-16,2013,R,,syracuse,florida-state,A,3,59,0,,2.0,
2013-11-16,2013,R,,kansas,west-virginia,H,31,19,0,,,
2013-11-16,2013,R,,west-virginia,kansas,A,19,31,0,,,
2013-11-16,2013,R,,kansas-state,texas-christian,H,33,31,0,,,
2013-11-16,2013,R,,texas-christian,kansas-state,A,31,33,0,,,
2013-11-16,2013,R,,louisiana,georgia-state,A,35,21,0,,,
2013-11-16,2013,R,,georgia-state,louisiana,H,21,35,0,,,
2013-11-16,2013,R,,louisville,houston,H,20,13,0,19.0,,
2013-11-16,2013,R,,houston,louisville,A,13,20,0,,19.0,
2013-11-16,2013,R,,maryland,virginia-tech,A,27,24,0,,,
2013-11-16,2013,R,,virginia-tech,maryland,H,24,27,0,,,
2013-11-16,2013,R,,memphis,south-florida,A,23,10,0,,,
2013-11-16,2013,R,,south-florida,memphis,H,10,23,0,,,
2013-11-16,2013,R,,michigan,northwestern,A,27,19,0,,,
2013-11-16,2013,R,,northwestern,michigan,H,19,27,0,,,
2013-11-16,2013,R,,michigan-state,nebraska,A,41,28,0,14.0,,
2013-11-16,2013,R,,nebraska,michigan-state,H,28,41,0,,14.0,
2013-11-16,2013,R,,mississippi,troy,H,51,21,0,,,
2013-11-16,2013,R,,troy,mississippi,A,21,51,0,,,
2013-11-16,2013,R,,navy,south-alabama,H,42,14,0,,,
2013-11-16,2013,R,,south-alabama,navy,A,14,42,0,,,
2013-11-16,2013,R,,nevada,san-jose-state,H,38,16,0,,,
2013-11-16,2013,R,,san-jose-state,nevada,A,16,38,0,,,
2013-11-16,2013,R,,north-carolina,pittsburgh,A,34,27,0,,,
2013-11-16,2013,R,,pittsburgh,north-carolina,H,27,34,0,,,
2013-11-16,2013,R,,ohio-state,illinois,A,60,35,0,3.0,,
2013-11-16,2013,R,,illinois,ohio-state,H,35,60,0,,3.0,
2013-11-16,2013,R,,oklahoma,iowa-state,H,48,10,0,22.0,,
2013-11-16,2013,R,,iowa-state,oklahoma,A,10,48,0,,22.0,
2013-11-16,2013,R,,oklahoma-state,texas,A,38,13,0,12.0,23.0,
2013-11-16,2013,R,,texas,oklahoma-state,H,13,38,0,23.0,12.0,
2013-11-16,2013,R,,oregon,utah,H,44,21,0,6.0,,
2013-11-16,2013,R,,utah,oregon,A,21,44,0,,6.0,
2013-11-16,2013,R,,penn-state,purdue,H,45,21,0,,,
2013-11-16,2013,R,,purdue,penn-state,A,21,45,0,,,
2013-11-16,2013,R,,rice,louisiana-tech,H,52,14,0,,,
2013-11-16,2013,R,,louisiana-tech,rice,A,14,52,0,,,
2013-11-16,2013,R,,san-diego-state,hawaii,A,28,21,0,,,
2013-11-16,2013,R,,hawaii,san-diego-state,H,21,28,0,,,
2013-11-16,2013,R,,south-carolina,florida,H,19,14,0,11.0,,
2013-11-16,2013,R,,florida,south-carolina,A,14,19,0,,11.0,
2013-11-16,2013,R,,southern-california,stanford,H,20,17,0,,5.0,
2013-11-16,2013,R,,stanford,southern-california,A,17,20,0,5.0,,
2013-11-16,2013,R,,southern-methodist,connecticut,H,38,21,0,,,
2013-11-16,2013,R,,connecticut,southern-methodist,A,21,38,0,,,
2013-11-16,2013,R,,texas-el-paso,florida-international,H,33,10,0,,,
2013-11-16,2013,R,,florida-international,texas-el-paso,A,10,33,0,,,
2013-11-16,2013,R,,vanderbilt,kentucky,H,22,6,0,,,
2013-11-16,2013,R,,kentucky,vanderbilt,A,6,22,0,,,
2013-11-16,2013,R,,washington-state,arizona,A,24,17,0,,,
2013-11-16,2013,R,,arizona,washington-state,H,17,24,0,,,
2013-11-16,2013,R,,wisconsin,indiana,H,51,3,0,17.0,,
2013-11-16,2013,R,,indiana,wisconsin,A,3,51,0,,17.0,
2013-11-19,2013,R,,buffalo,miami-oh,A,44,7,0,,,
2013-11-19,2013,R,,miami-oh,buffalo,H,7,44,0,,,
2013-11-19,2013,R,,kent-state,ohio,A,44,13,0,,,
2013-11-19,2013,R,,ohio,kent-state,H,13,44,0,,,
2013-11-20,2013,R,,northern-illinois,toledo,A,35,17,0,20.0,,
2013-11-20,2013,R,,toledo,northern-illinois,H,17,35,0,,20.0,
2013-11-21,2013,R,,central-florida,rutgers,H,41,17,0,17.0,,
2013-11-21,2013,R,,rutgers,central-florida,A,17,41,0,,17.0,
2013-11-21,2013,R,,nevada-las-vegas,air-force,A,41,21,0,,,
2013-11-21,2013,R,,air-force,nevada-las-vegas,H,21,41,0,,,
2013-11-21,2013,R,,rice,alabama-birmingham,A,37,34,0,,,
2013-11-21,2013,R,,alabama-birmingham,rice,H,34,37,0,,,
2013-11-22,2013,R,,navy,san-jose-state,A,58,52,0,,,
2013-11-22,2013,R,,san-jose-state,navy,H,52,58,0,,,
2013-11-23,2013,R,,alabama,chattanooga,H,49,0,0,1.0,,
2013-11-23,2013,R,,chattanooga,alabama,A,0,49,0,,1.0,
2013-11-23,2013,R,,arizona,oregon,H,42,16,0,,5.0,
2013-11-23,2013,R,,oregon,arizona,A,16,42,0,5.0,,
2013-11-23,2013,R,,arizona-state,ucla,A,38,33,0,19.0,14.0,
2013-11-23,2013,R,,ucla,arizona-state,H,33,38,0,14.0,19.0,
2013-11-23,2013,R,,arkansas-state,georgia-state,H,35,33,0,,,
2013-11-23,2013,R,,georgia-state,arkansas-state,A,33,35,0,,,
2013-11-23,2013,R,,boston-college,maryland,A,29,26,0,,,
2013-11-23,2013,R,,maryland,boston-college,H,26,29,0,,,
2013-11-23,2013,R,,bowling-green,eastern-michigan,A,58,7,0,,,
2013-11-23,2013,R,,eastern-michigan,bowling-green,H,7,58,0,,,
2013-11-23,2013,R,,central-michigan,massachusetts,H,37,0,0,,,
2013-11-23,2013,R,,massachusetts,central-michigan,A,0,37,0,,,
2013-11-23,2013,R,,cincinnati,houston,N,24,17,0,,,BBVA Compass Stadium - Houston TX
2013-11-23,2013,R,,houston,cincinnati,N,17,24,0,,,BBVA Compass Stadium - Houston TX
2013-11-23,2013,R,,clemson,citadel,H,52,6,0,7.0,,
2013-11-23,2013,R,,citadel,clemson,A,6,52,0,,7.0,
2013-11-23,2013,R,,connecticut,temple,A,28,21,0,,,
2013-11-23,2013,R,,temple,connecticut,H,21,28,0,,,
2013-11-23,2013,R,,duke,wake-forest,A,28,21,0,25.0,,
2013-11-23,2013,R,,wake-forest,duke,H,21,28,0,,25.0,
2013-11-23,2013,R,,east-carolina,north-carolina-state,A,42,28,0,,,
2013-11-23,2013,R,,north-carolina-state,east-carolina,H,28,42,0,,,
2013-11-23,2013,R,,florida-atlantic,new-mexico-state,H,55,10,0,,,
2013-11-23,2013,R,,new-mexico-state,florida-atlantic,A,10,55,0,,,
2013-11-23,2013,R,,florida-state,idaho,H,80,14,0,2.0,,
2013-11-23,2013,R,,idaho,florida-state,A,14,80,0,,2.0,
2013-11-23,2013,R,,fresno-state,new-mexico,H,69,28,0,15.0,,
2013-11-23,2013,R,,new-mexico,fresno-state,A,28,69,0,,15.0,
2013-11-23,2013,R,,georgia,kentucky,H,59,17,0,,,
2013-11-23,2013,R,,kentucky,georgia,A,17,59,0,,,
2013-11-23,2013,R,,georgia-southern,florida,A,26,20,0,,,
2013-11-23,2013,R,,florida,georgia-southern,H,20,26,0,,,
2013-11-23,2013,R,,georgia-tech,alabama-a-m,H,66,7,0,,,
2013-11-23,2013,R,,alabama-a-m,georgia-tech,A,7,66,0,,,
2013-11-23,2013,R,,illinois,purdue,A,20,16,0,,,
2013-11-23,2013,R,,purdue,illinois,H,16,20,0,,,
2013-11-23,2013,R,,iowa,michigan,H,24,21,0,,,
2013-11-23,2013,R,,michigan,iowa,A,21,24,0,,,
2013-11-23,2013,R,,iowa-state,kansas,H,34,0,0,,,
2013-11-23,2013,R,,kansas,iowa-state,A,0,34,0,,,
2013-11-23,2013,R,,louisiana-state,texas-a-m,H,34,10,0,18.0,9.0,
2013-11-23,2013,R,,texas-a-m,louisiana-state,A,10,34,0,9.0,18.0,
2013-11-23,2013,R,,louisville,memphis,H,24,17,0,21.0,,
2013-11-23,2013,R,,memphis,louisville,A,17,24,0,,21.0,
2013-11-23,2013,R,,marshall,florida-international,A,48,10,0,,,
2013-11-23,2013,R,,florida-international,marshall,H,10,48,0,,,
2013-11-23,2013,R,,miami-fl,virginia,H,45,26,0,,,
2013-11-23,2013,R,,virginia,miami-fl,A,26,45,0,,,
2013-11-23,2013,R,,michigan-state,northwestern,A,30,6,0,13.0,,
2013-11-23,2013,R,,northwestern,michigan-state,H,6,30,0,,13.0,
2013-11-23,2013,R,,middle-tennessee-state,southern-mississippi,A,42,21,0,,,
2013-11-23,2013,R,,southern-mississippi,middle-tennessee-state,H,21,42,0,,,
2013-11-23,2013,R,,mississippi-state,arkansas,A,24,17,0,,,
2013-11-23,2013,R,,arkansas,mississippi-state,H,17,24,0,,,
2013-11-23,2013,R,,missouri,mississippi,A,24,10,0,8.0,24.0,
2013-11-23,2013,R,,mississippi,missouri,H,10,24,0,24.0,8.0,
2013-11-23,2013,R,,nebraska,penn-state,A,23,20,0,,,
2013-11-23,2013,R,,penn-state,nebraska,H,20,23,0,,,
2013-11-23,2013,R,,north-carolina,old-dominion,H,80,20,0,,,
2013-11-23,2013,R,,old-dominion,north-carolina,A,20,80,0,,,
2013-11-23,2013,R,,notre-dame,brigham-young,H,23,13,0,,,
2013-11-23,2013,R,,brigham-young,notre-dame,A,13,23,0,,,
2013-11-23,2013,R,,ohio-state,indiana,H,42,14,0,4.0,,
2013-11-23,2013,R,,indiana,ohio-state,A,14,42,0,,4.0,
2013-11-23,2013,R,,oklahoma,kansas-state,A,41,31,0,22.0,,
2013-11-23,2013,R,,kansas-state,oklahoma,H,31,41,0,,22.0,
2013-11-23,2013,R,,oklahoma-state,baylor,H,49,17,0,11.0,3.0,
2013-11-23,2013,R,,baylor,oklahoma-state,A,17,49,0,3.0,11.0,
2013-11-23,2013,R,,pittsburgh,syracuse,A,17,16,0,,,
2013-11-23,2013,R,,syracuse,pittsburgh,H,16,17,0,,,
2013-11-23,2013,R,,san-diego-state,boise-state,H,34,31,0,,,
2013-11-23,2013,R,,boise-state,san-diego-state,A,31,34,0,,,
2013-11-23,2013,R,,south-alabama,louisiana-monroe,H,36,14,0,,,
2013-11-23,2013,R,,louisiana-monroe,south-alabama,A,14,36,0,,,
2013-11-23,2013,R,,south-carolina,coastal-carolina,H,70,10,0,12.0,,
2013-11-23,2013,R,,coastal-carolina,south-carolina,A,10,70,0,,12.0,
2013-11-23,2013,R,,southern-california,colorado,A,47,29,0,23.0,,
2013-11-23,2013,R,,colorado,southern-california,H,29,47,0,,23.0,
2013-11-23,2013,R,,southern-methodist,south-florida,A,16,6,0,,,
2013-11-23,2013,R,,south-florida,southern-methodist,H,6,16,0,,,
2013-11-23,2013,R,,stanford,california,H,63,13,0,10.0,,
2013-11-23,2013,R,,california,stanford,A,13,63,0,,10.0,
2013-11-23,2013,R,,texas-san-antonio,north-texas,A,21,13,0,,,
2013-11-23,2013,R,,north-texas,texas-san-antonio,H,13,21,0,,,
2013-11-23,2013,R,,tulane,texas-el-paso,H,45,3,0,,,
2013-11-23,2013,R,,texas-el-paso,tulane,A,3,45,0,,,
2013-11-23,2013,R,,tulsa,louisiana-tech,A,24,14,0,,,
2013-11-23,2013,R,,louisiana-tech,tulsa,H,14,24,0,,,
2013-11-23,2013,R,,utah-state,colorado-state,H,13,0,0,,,
2013-11-23,2013,R,,colorado-state,utah-state,A,0,13,0,,,
2013-11-23,2013,R,,vanderbilt,tennessee,A,14,10,0,,,
2013-11-23,2013,R,,tennessee,vanderbilt,H,10,14,0,,,
2013-11-23,2013,R,,washington,oregon-state,A,69,27,0,,,
2013-11-23,2013,R,,oregon-state,washington,H,27,69,0,,,
2013-11-23,2013,R,,washington-state,utah,H,49,37,0,,,
2013-11-23,2013,R,,utah,washington-state,A,37,49,0,,,
2013-11-23,2013,R,,western-kentucky,texas-state,A,38,7,0,,,
2013-11-23,2013,R,,texas-state,western-kentucky,H,7,38,0,,,
2013-11-23,2013,R,,wisconsin,minnesota,A,20,7,0,16.0,,
2013-11-23,2013,R,,minnesota,wisconsin,H,7,20,0,,16.0,
2013-11-23,2013,R,,wyoming,hawaii,H,59,56,0,,,
2013-11-23,2013,R,,hawaii,wyoming,A,56,59,0,,,
2013-11-26,2013,R,,northern-illinois,western-michigan,H,33,14,0,18.0,,
2013-11-26,2013,R,,western-michigan,northern-illinois,A,14,33,0,,18.0,
2013-11-28,2013,R,,mississippi-state,mississippi,H,17,10,0,,,
2013-11-28,2013,R,,mississippi,mississippi-state,A,10,17,0,,,
2013-11-28,2013,R,,texas,texas-tech,H,41,16,0,,,
2013-11-28,2013,R,,texas-tech,texas,A,16,41,0,,,
2013-11-29,2013,R,,akron,toledo,H,31,29,0,,,
2013-11-29,2013,R,,toledo,akron,A,29,31,0,,,
2013-11-29,2013,R,,ball-state,miami-oh,H,55,14,0,,,
2013-11-29,2013,R,,miami-oh,ball-state,A,14,55,0,,,
2013-11-29,2013,R,,bowling-green,buffalo,N,24,7,0,,,Ralph Wilson Stadium - Orchard Park NY
2013-11-29,2013,R,,buffalo,bowling-green,N,7,24,0,,,Ralph Wilson Stadium - Orchard Park NY
2013-11-29,2013,R,,central-florida,south-florida,H,23,20,0,17.0,,
2013-11-29,2013,R,,south-florida,central-florida,A,20,23,0,,17.0,
2013-11-29,2013,R,,central-michigan,eastern-michigan,H,42,10,0,,,
2013-11-29,2013,R,,eastern-michigan,central-michigan,A,10,42,0,,,
2013-11-29,2013,R,,florida-atlantic,florida-international,H,21,6,0,,,
2013-11-29,2013,R,,florida-international,florida-atlantic,A,6,21,0,,,
2013-11-29,2013,R,,houston,southern-methodist,N,34,0,0,,,Reliant Stadium - Houston TX
2013-11-29,2013,R,,southern-methodist,houston,N,0,34,0,,,Reliant Stadium - Houston TX
2013-11-29,2013,R,,iowa,nebraska,A,38,17,0,,,
2013-11-29,2013,R,,nebraska,iowa,H,17,38,0,,,
2013-11-29,2013,R,,louisiana-state,arkansas,H,31,27,0,15.0,,
2013-11-29,2013,R,,arkansas,louisiana-state,A,27,31,0,,15.0,
2013-11-29,2013,R,,marshall,east-carolina,H,59,28,0,,,
2013-11-29,2013,R,,east-carolina,marshall,A,28,59,0,,,
2013-11-29,2013,R,,miami-fl,pittsburgh,A,41,31,0,,,
2013-11-29,2013,R,,pittsburgh,miami-fl,H,31,41,0,,,
2013-11-29,2013,R,,ohio,massachusetts,H,51,23,0,,,
2013-11-29,2013,R,,massachusetts,ohio,A,23,51,0,,,
2013-11-29,2013,R,,oregon,oregon-state,H,36,35,0,12.0,,
2013-11-29,2013,R,,oregon-state,oregon,A,35,36,0,,12.0,
2013-11-29,2013,R,,san-jose-state,fresno-state,H,62,52,0,,16.0,
2013-11-29,2013,R,,fresno-state,san-jose-state,A,52,62,0,16.0,,
2013-11-29,2013,R,,troy,texas-state,H,42,28,0,,,
2013-11-29,2013,R,,texas-state,troy,A,28,42,0,,,
2013-11-29,2013,R,,washington,washington-state,H,27,17,0,,,
2013-11-29,2013,R,,washington-state,washington,A,17,27,0,,,
2013-11-30,2013,R,,arizona-state,arizona,H,58,21,0,13.0,,
2013-11-30,2013,R,,arizona,arizona-state,A,21,58,0,,13.0,
2013-11-30,2013,R,,auburn,alabama,H,34,28,0,4.0,1.0,
2013-11-30,2013,R,,alabama,auburn,A,28,34,0,1.0,4.0,
2013-11-30,2013,R,,baylor,texas-christian,A,41,38,0,9.0,,
2013-11-30,2013,R,,texas-christian,baylor,H,38,41,0,,9.0,
2013-11-30,2013,R,,boise-state,new-mexico,H,45,17,0,,,
2013-11-30,2013,R,,new-mexico,boise-state,A,17,45,0,,,
2013-11-30,2013,R,,brigham-young,nevada,A,28,23,0,,,
2013-11-30,2013,R,,nevada,brigham-young,H,23,28,0,,,
2013-11-30,2013,R,,colorado-state,air-force,H,58,13,0,,,
2013-11-30,2013,R,,air-force,colorado-state,A,13,58,0,,,
2013-11-30,2013,R,,connecticut,rutgers,H,28,17,0,,,
2013-11-30,2013,R,,rutgers,connecticut,A,17,28,0,,,
2013-11-30,2013,R,,duke,north-carolina,A,27,25,0,24.0,,
2013-11-30,2013,R,,north-carolina,duke,H,25,27,0,,24.0,
2013-11-30,2013,R,,florida-state,florida,A,37,7,0,2.0,,
2013-11-30,2013,R,,florida,florida-state,H,7,37,0,,2.0,
2013-11-30,2013,R,,georgia,georgia-tech,A,41,34,0,,,
2013-11-30,2013,R,,georgia-tech,georgia,H,34,41,0,,,
2013-11-30,2013,R,,hawaii,army,H,49,42,0,,,
2013-11-30,2013,R,,army,hawaii,A,42,49,0,,,
2013-11-30,2013,R,,indiana,purdue,H,56,36,0,,,
2013-11-30,2013,R,,purdue,indiana,A,36,56,0,,,
2013-11-30,2013,R,,iowa-state,west-virginia,A,52,44,0,,,
2013-11-30,2013,R,,west-virginia,iowa-state,H,44,52,0,,,
2013-11-30,2013,R,,kansas-state,kansas,A,31,10,0,,,
2013-11-30,2013,R,,kansas,kansas-state,H,10,31,0,,,
2013-11-30,2013,R,,louisiana-monroe,louisiana,A,31,28,0,,,
2013-11-30,2013,R,,louisiana,louisiana-monroe,H,28,31,0,,,
2013-11-30,2013,R,,maryland,north-carolina-state,A,41,21,0,,,
2013-11-30,2013,R,,north-carolina-state,maryland,H,21,41,0,,,
2013-11-30,2013,R,,michigan-state,minnesota,H,14,3,0,11.0,,
2013-11-30,2013,R,,minnesota,michigan-state,A,3,14,0,,11.0,
2013-11-30,2013,R,,middle-tennessee-state,texas-el-paso,H,48,17,0,,,
2013-11-30,2013,R,,texas-el-paso,middle-tennessee-state,A,17,48,0,,,
2013-11-30,2013,R,,missouri,texas-a-m,H,28,21,0,5.0,19.0,
2013-11-30,2013,R,,texas-a-m,missouri,A,21,28,0,19.0,5.0,
2013-11-30,2013,R,,nevada-las-vegas,san-diego-state,H,45,19,0,,,
2013-11-30,2013,R,,san-diego-state,nevada-las-vegas,A,19,45,0,,,
2013-11-30,2013,R,,new-mexico-state,idaho,H,24,16,0,,,
2013-11-30,2013,R,,idaho,new-mexico-state,A,16,24,0,,,
2013-11-30,2013,R,,north-texas,tulsa,A,42,10,0,,,
2013-11-30,2013,R,,tulsa,north-texas,H,10,42,0,,,
2013-11-30,2013,R,,northwestern,illinois,A,37,34,0,,,
2013-11-30,2013,R,,illinois,northwestern,H,34,37,0,,,
2013-11-30,2013,R,,ohio-state,michigan,A,42,41,0,3.0,,
2013-11-30,2013,R,,michigan,ohio-state,H,41,42,0,,3.0,
2013-11-30,2013,R,,penn-state,wisconsin,A,31,24,0,,14.0,
2013-11-30,2013,R,,wisconsin,penn-state,H,24,31,0,14.0,,
2013-11-30,2013,R,,rice,tulane,H,17,13,0,,,
2013-11-30,2013,R,,tulane,rice,A,13,17,0,,,
2013-11-30,2013,R,,south-alabama,georgia-state,A,38,17,0,,,
2013-11-30,2013,R,,georgia-state,south-alabama,H,17,38,0,,,
2013-11-30,2013,R,,south-carolina,clemson,H,31,17,0,10.0,6.0,
2013-11-30,2013,R,,clemson,south-carolina,A,17,31,0,6.0,10.0,
2013-11-30,2013,R,,southern-mississippi,alabama-birmingham,A,62,27,0,,,
2013-11-30,2013,R,,alabama-birmingham,southern-mississippi,H,27,62,0,,,
2013-11-30,2013,R,,stanford,notre-dame,H,27,20,0,8.0,25.0,
2013-11-30,2013,R,,notre-dame,stanford,A,20,27,0,25.0,8.0,
2013-11-30,2013,R,,syracuse,boston-college,H,34,31,0,,,
2013-11-30,2013,R,,boston-college,syracuse,A,31,34,0,,,
2013-11-30,2013,R,,temple,memphis,A,41,21,0,,,
2013-11-30,2013,R,,memphis,temple,H,21,41,0,,,
2013-11-30,2013,R,,tennessee,kentucky,A,27,14,0,,,
2013-11-30,2013,R,,kentucky,tennessee,H,14,27,0,,,
2013-11-30,2013,R,,texas-san-antonio,louisiana-tech,H,30,10,0,,,
2013-11-30,2013,R,,louisiana-tech,texas-san-antonio,A,10,30,0,,,
2013-11-30,2013,R,,ucla,southern-california,A,35,14,0,22.0,23.0,
2013-11-30,2013,R,,southern-california,ucla,H,14,35,0,23.0,22.0,
2013-11-30,2013,R,,utah,colorado,H,24,17,0,,,
2013-11-30,2013,R,,colorado,utah,A,17,24,0,,,
2013-11-30,2013,R,,utah-state,wyoming,H,35,7,0,,,
2013-11-30,2013,R,,wyoming,utah-state,A,7,35,0,,,
2013-11-30,2013,R,,vanderbilt,wake-forest,H,23,21,0,,,
2013-11-30,2013,R,,wake-forest,vanderbilt,A,21,23,0,,,
2013-11-30,2013,R,,virginia-tech,virginia,A,16,6,0,,,
2013-11-30,2013,R,,virginia,virginia-tech,H,6,16,0,,,
2013-11-30,2013,R,,western-kentucky,arkansas-state,H,34,31,0,,,
2013-11-30,2013,R,,arkansas-state,western-kentucky,A,31,34,0,,,
2013-12-05,2013,R,,louisville,cincinnati,A,31,24,0,19.0,,
2013-12-05,2013,R,,cincinnati,louisville,H,24,31,0,,19.0,
2013-12-06,2013,R,CCG,bowling-green,northern-illinois,N,47,27,0,,16.0,MAC Championship (Detroit MI)
2013-12-06,2013,R,CCG,northern-illinois,bowling-green,N,27,47,0,16.0,,MAC Championship (Detroit MI)
2013-12-07,2013,R,CCG,auburn,missouri,N,59,42,0,3.0,5.0,SEC Championship (Atlanta GA)
2013-12-07,2013,R,CCG,missouri,auburn,N,42,59,0,5.0,3.0,SEC Championship (Atlanta GA)
2013-12-07,2013,R,,baylor,texas,H,30,10,0,9.0,23.0,
2013-12-07,2013,R,,texas,baylor,A,10,30,0,23.0,9.0,
2013-12-07,2013,R,,central-florida,southern-methodist,A,17,13,0,15.0,,
2013-12-07,2013,R,,southern-methodist,central-florida,H,13,17,0,,15.0,
2013-12-07,2013,R,,connecticut,memphis,H,45,10,0,,,
2013-12-07,2013,R,,memphis,connecticut,A,10,45,0,,,
2013-12-07,2013,R,CCG,florida-state,duke,N,45,7,0,1.0,20.0,ACC Championship (Charlotte NC)
2013-12-07,2013,R,CCG,duke,florida-state,N,7,45,0,20.0,1.0,ACC Championship (Charlotte NC)
2013-12-07,2013,R,CCG,fresno-state,utah-state,H,24,17,0,24.0,,MWC Championship (Fresno CA)
2013-12-07,2013,R,CCG,utah-state,fresno-state,A,17,24,0,,24.0,MWC Championship (Fresno CA)
2013-12-07,2013,R,CCG,michigan-state,ohio-state,N,34,24,0,10.0,2.0,Big Ten Championship (Indianapolis IN)
2013-12-07,2013,R,CCG,ohio-state,michigan-state,N,24,34,0,2.0,10.0,Big Ten Championship (Indianapolis IN)
2013-12-07,2013,R,,oklahoma,oklahoma-state,A,33,24,0,18.0,6.0,
2013-12-07,2013,R,,oklahoma-state,oklahoma,H,24,33,0,6.0,18.0,
2013-12-07,2013,R,CCG,rice,marshall,H,41,24,0,,,Conference USA Championship (Houston TX)
2013-12-07,2013,R,CCG,marshall,rice,A,24,41,0,,,Conference USA Championship (Houston TX)
2013-12-07,2013,R,,rutgers,south-florida,H,31,6,0,,,
2013-12-07,2013,R,,south-florida,rutgers,A,6,31,0,,,
2013-12-07,2013,R,,south-alabama,louisiana,H,30,8,0,,,
2013-12-07,2013,R,,louisiana,south-alabama,A,8,30,0,,,
2013-12-07,2013,R,CCG,stanford,arizona-state,A,38,14,0,7.0,11.0,Pac-12 Championship (Tempe AZ)
2013-12-07,2013,R,CCG,arizona-state,stanford,H,14,38,0,11.0,7.0,Pac-12 Championship (Tempe AZ)
2013-12-14,2013,R,,navy,army,N,34,7,0,,,Lincoln Financial Field - Philadelphia PA
2013-12-14,2013,R,,army,navy,N,7,34,0,,,Lincoln Financial Field - Philadelphia PA
2013-12-21,2013,R,,colorado-state,washington-state,N,48,45,0,,,New Mexico Bowl (Albuquerque NM)
2013-12-21,2013,R,,washington-state,colorado-state,N,45,48,0,,,New Mexico Bowl (Albuquerque NM)
2013-12-21,2013,R,,louisiana,tulane,N,24,21,0,,,New Orleans Bowl (New Orleans LA)
2013-12-21,2013,R,,tulane,louisiana,N,21,24,0,,,New Orleans Bowl (New Orleans LA)
2013-12-21,2013,R,,san-diego-state,buffalo,N,49,24,0,,,Famous Idaho Potato Bowl (Boise ID)
2013-12-21,2013,R,,buffalo,san-diego-state,N,24,49,0,,,Famous Idaho Potato Bowl (Boise ID)
2013-12-21,2013,R,,southern-california,fresno-state,N,45,20,0,,21.0,Las Vegas Bowl (Las Vegas NV)
2013-12-21,2013,R,,fresno-state,southern-california,N,20,45,0,21.0,,Las Vegas Bowl (Las Vegas NV)
2013-12-23,2013,R,,east-carolina,ohio,N,37,20,0,,,Beef O'Brady's Bowl (St. Petersburg FL)
2013-12-23,2013,R,,ohio,east-carolina,N,20,37,0,,,Beef O'Brady's Bowl (St. Petersburg FL)
2013-12-24,2013,R,,oregon-state,boise-state,N,38,23,0,,,Hawaii Bowl (Honolulu HI)
2013-12-24,2013,R,,boise-state,oregon-state,N,23,38,0,,,Hawaii Bowl (Honolulu HI)
2013-12-26,2013,R,,pittsburgh,bowling-green,N,30,27,0,,,Little Caesars Bowl (Detroit MI)
2013-12-26,2013,R,,bowling-green,pittsburgh,N,27,30,0,,,Little Caesars Bowl (Detroit MI)
2013-12-26,2013,R,,utah-state,northern-illinois,N,21,14,0,,24.0,Poinsettia Bowl (San Diego CA)
2013-12-26,2013,R,,northern-illinois,utah-state,N,14,21,0,24.0,,Poinsettia Bowl (San Diego CA)
2013-12-27,2013,R,,marshall,maryland,N,31,20,0,,,Military Bowl (Annapolis MD)
2013-12-27,2013,R,,maryland,marshall,N,20,31,0,,,Military Bowl (Annapolis MD)
2013-12-27,2013,R,,syracuse,minnesota,N,21,17,0,,,Texas Bowl (Houston TX)
2013-12-27,2013,R,,minnesota,syracuse,N,17,21,0,,,Texas Bowl (Houston TX)
2013-12-27,2013,R,,washington,brigham-young,N,31,16,0,,,Fight Hunger Bowl (San Francisco CA)
2013-12-27,2013,R,,brigham-young,washington,N,16,31,0,,,Fight Hunger Bowl (San Francisco CA)
2013-12-28,2013,R,,kansas-state,michigan,N,31,14,0,,,Buffalo Wild Wings Bowl (Tempe AZ)
2013-12-28,2013,R,,michigan,kansas-state,N,14,31,0,,,Buffalo Wild Wings Bowl (Tempe AZ)
2013-12-28,2013,R,,louisville,miami-fl,N,36,9,0,18.0,,Russell Athletic Bowl (Orlando FL)
2013-12-28,2013,R,,miami-fl,louisville,N,9,36,0,,18.0,Russell Athletic Bowl (Orlando FL)
2013-12-28,2013,R,,north-carolina,cincinnati,N,39,17,0,,,Belk Bowl (Charlotte NC)
2013-12-28,2013,R,,cincinnati,north-carolina,N,17,39,0,,,Belk Bowl (Charlotte NC)
2013-12-28,2013,R,,notre-dame,rutgers,N,29,16,0,25.0,,Pinstripe Bowl (Bronx NY)
2013-12-28,2013,R,,rutgers,notre-dame,N,16,29,0,,25.0,Pinstripe Bowl (Bronx NY)
2013-12-30,2013,R,,mississippi,georgia-tech,N,25,17,0,,,Music City Bowl (Nashville TN)
2013-12-30,2013,R,,georgia-tech,mississippi,N,17,25,0,,,Music City Bowl (Nashville TN)
2013-12-30,2013,R,,navy,middle-tennessee-state,N,24,6,0,,,Armed Forces Bowl (Fort Worth TX)
2013-12-30,2013,R,,middle-tennessee-state,navy,N,6,24,0,,,Armed Forces Bowl (Fort Worth TX)
2013-12-30,2013,R,,oregon,texas,N,30,7,0,10.0,,Alamo Bowl (San Antonio TX)
2013-12-30,2013,R,,texas,oregon,N,7,30,0,,10.0,Alamo Bowl (San Antonio TX)
2013-12-30,2013,R,,texas-tech,arizona-state,N,37,23,0,,16.0,Holiday Bowl (San Diego CA)
2013-12-30,2013,R,,arizona-state,texas-tech,N,23,37,0,16.0,,Holiday Bowl (San Diego CA)
2013-12-31,2013,R,,arizona,boston-college,N,42,19,0,,,Independence Bowl (Shreveport LA)
2013-12-31,2013,R,,boston-college,arizona,N,19,42,0,,,Independence Bowl (Shreveport LA)
2013-12-31,2013,R,,mississippi-state,rice,N,44,7,0,,,Liberty Bowl (Memphis TN)
2013-12-31,2013,R,,rice,mississippi-state,N,7,44,0,,,Liberty Bowl (Memphis TN)
2013-12-31,2013,R,,texas-a-m,duke,N,52,48,0,20.0,22.0,Chick-fil-A Bowl (Atlanta GA)
2013-12-31,2013,R,,duke,texas-a-m,N,48,52,0,22.0,20.0,Chick-fil-A Bowl (Atlanta GA)
2013-12-31,2013,R,,ucla,virginia-tech,N,42,12,0,17.0,,Sun Bowl (El Paso TX)
2013-12-31,2013,R,,virginia-tech,ucla,N,12,42,0,,17.0,Sun Bowl (El Paso TX)
2014-01-01,2013,R,,central-florida,baylor,N,52,42,0,15.0,6.0,Fiesta Bowl (Glendale AZ)
2014-01-01,2013,R,,baylor,central-florida,N,42,52,0,6.0,15.0,Fiesta Bowl (Glendale AZ)
2014-01-01,2013,R,,louisiana-state,iowa,N,21,14,0,14.0,,Outback Bowl (Tampa FL)
2014-01-01,2013,R,,iowa,louisiana-state,N,14,21,0,,14.0,Outback Bowl (Tampa FL)
2014-01-01,2013,R,,michigan-state,stanford,N,24,20,0,4.0,5.0,Rose Bowl (Pasadena CA)
2014-01-01,2013,R,,stanford,michigan-state,N,20,24,0,5.0,4.0,Rose Bowl (Pasadena CA)
2014-01-01,2013,R,,nebraska,georgia,N,24,19,0,,23.0,Gator Bowl (Jacksonville FL)
2014-01-01,2013,R,,georgia,nebraska,N,19,24,0,23.0,,Gator Bowl (Jacksonville FL)
2014-01-01,2013,R,,north-texas,nevada-las-vegas,N,36,14,0,,,Heart of Dallas Bowl (Dallas TX)
2014-01-01,2013,R,,nevada-las-vegas,north-texas,N,14,36,0,,,Heart of Dallas Bowl (Dallas TX)
2014-01-01,2013,R,,south-carolina,wisconsin,N,34,24,0,8.0,19.0,Capital One Bowl (Orlando FL)
2014-01-01,2013,R,,wisconsin,south-carolina,N,24,34,0,19.0,8.0,Capital One Bowl (Orlando FL)
2014-01-02,2013,R,,oklahoma,alabama,N,45,31,0,11.0,3.0,Sugar Bowl (New Orleans LA)
2014-01-02,2013,R,,alabama,oklahoma,N,31,45,0,3.0,11.0,Sugar Bowl (New Orleans LA)
2014-01-03,2013,R,,clemson,ohio-state,N,40,35,0,12.0,7.0,Orange Bowl (Miami Gardens FL)
2014-01-03,2013,R,,ohio-state,clemson,N,35,40,0,7.0,12.0,Orange Bowl (Miami Gardens FL)
2014-01-03,2013,R,,missouri,oklahoma-state,N,41,31,0,9.0,13.0,Cotton Bowl (Arlington TX)
2014-01-03,2013,R,,oklahoma-state,missouri,N,31,41,0,13.0,9.0,Cotton Bowl (Arlington TX)
2014-01-04,2013,R,,vanderbilt,houston,N,41,24,0,,,BBVA Compass Bowl (Birmingham AL)
2014-01-04,2013,R,,houston,vanderbilt,N,24,41,0,,,BBVA Compass Bowl (Birmingham AL)
2014-01-05,2013,R,,arkansas-state,ball-state,N,23,20,0,,,GoDaddy.com Bowl (Mobile AL)
2014-01-05,2013,R,,ball-state,arkansas-state,N,20,23,0,,,GoDaddy.com Bowl (Mobile AL)
2014-01-06,2013,R,CCG,florida-state,auburn,N,34,31,0,1.0,2.0,BCS Championship (Pasadena CA)
2014-01-06,2013,R,CCG,auburn,florida-state,N,31,34,0,2.0,1.0,BCS Championship (Pasadena CA)
