Date,Season,Type,Round,Team,Opp,HomeAway,PointsFor,PointsAgainst,OT,TeamAPRank,OppAPRank
2022-08-27,2022,R,,florida-atlantic,charlotte,H,43,13,0,,
2022-08-27,2022,R,,charlotte,florida-atlantic,A,13,43,0,,
2022-08-27,2022,R,,florida-state,duquesne,H,47,7,0,,
2022-08-27,2022,R,,duquesne,florida-state,A,7,47,0,,
2022-08-27,2022,R,,illinois,wyoming,H,38,6,0,,
2022-08-27,2022,R,,wyoming,illinois,A,6,38,0,,
2022-08-27,2022,R,,nevada,new-mexico-state,A,23,12,0,,
2022-08-27,2022,R,,new-mexico-state,nevada,H,12,23,0,,
2022-08-27,2022,R,,nevada-las-vegas,idaho-state,H,52,21,0,,
2022-08-27,2022,R,,idaho-state,nevada-las-vegas,A,21,52,0,,
2022-08-27,2022,R,,north-carolina,florida-a-m,H,56,24,0,,
2022-08-27,2022,R,,florida-a-m,north-carolina,A,24,56,0,,
2022-08-27,2022,R,,north-texas,texas-el-paso,A,31,13,0,,
2022-08-27,2022,R,,texas-el-paso,north-texas,H,13,31,0,,
2022-08-27,2022,R,,northwestern,nebraska,N,31,28,0,,
2022-08-27,2022,R,,nebraska,northwestern,N,28,31,0,,
2022-08-27,2022,R,,utah-state,connecticut,H,31,20,0,,
2022-08-27,2022,R,,connecticut,utah-state,A,20,31,0,,
2022-08-27,2022,R,,vanderbilt,hawaii,A,63,10,0,,
2022-08-27,2022,R,,hawaii,vanderbilt,H,10,63,0,,
2022-08-27,2022,R,,western-kentucky,austin-peay,H,38,27,0,,
2022-08-27,2022,R,,austin-peay,western-kentucky,A,27,38,0,,
2022-09-01,2022,R,,akron,st-francis-pa,H,30,23,0,,
2022-09-01,2022,R,,st-francis-pa,akron,A,23,30,0,,
2022-09-01,2022,R,,alabama-birmingham,alabama-a-m,H,59,0,0,,
2022-09-01,2022,R,,alabama-a-m,alabama-birmingham,A,0,59,0,,
2022-09-01,2022,R,,arizona-state,northern-arizona,H,40,3,0,,
2022-09-01,2022,R,,northern-arizona,arizona-state,A,3,40,0,,
2022-09-01,2022,R,,central-florida,south-carolina-state,H,56,10,0,,
2022-09-01,2022,R,,south-carolina-state,central-florida,A,10,56,0,,
2022-09-01,2022,R,,florida-international,bryant,H,38,37,0,,
2022-09-01,2022,R,,bryant,florida-international,A,37,38,0,,
2022-09-01,2022,R,,fresno-state,cal-poly,H,35,7,0,,
2022-09-01,2022,R,,cal-poly,fresno-state,A,7,35,0,,
2022-09-01,2022,R,,minnesota,new-mexico-state,H,38,0,0,,
2022-09-01,2022,R,,new-mexico-state,minnesota,A,0,38,0,,
2022-09-01,2022,R,,missouri,louisiana-tech,H,52,24,0,,
2022-09-01,2022,R,,louisiana-tech,missouri,A,24,52,0,,
2022-09-01,2022,R,,northern-illinois,eastern-illinois,H,34,27,0,,
2022-09-01,2022,R,,eastern-illinois,northern-illinois,A,27,34,0,,
2022-09-01,2022,R,,oklahoma-state,central-michigan,H,58,44,0,12.0,
2022-09-01,2022,R,,central-michigan,oklahoma-state,A,44,58,0,,12.0
2022-09-01,2022,R,,penn-state,purdue,A,35,31,0,,
2022-09-01,2022,R,,purdue,penn-state,H,31,35,0,,
2022-09-01,2022,R,,pittsburgh,west-virginia,H,38,31,0,17.0,
2022-09-01,2022,R,,west-virginia,pittsburgh,A,31,38,0,,17.0
2022-09-01,2022,R,,san-jose-state,portland-state,H,21,17,0,,
2022-09-01,2022,R,,portland-state,san-jose-state,A,17,21,0,,
2022-09-01,2022,R,,tennessee,ball-state,H,59,10,0,,
2022-09-01,2022,R,,ball-state,tennessee,A,10,59,0,,
2022-09-01,2022,R,,toledo,long-island,H,37,0,0,,
2022-09-01,2022,R,,long-island,toledo,A,0,37,0,,
2022-09-01,2022,R,,wake-forest,virginia-military-institute,H,44,10,0,22.0,
2022-09-01,2022,R,,virginia-military-institute,wake-forest,A,10,44,0,,22.0
2022-09-02,2022,R,,duke,temple,H,30,0,0,,
2022-09-02,2022,R,,temple,duke,A,0,30,0,,
2022-09-02,2022,R,,eastern-michigan,eastern-kentucky,H,42,34,0,,
2022-09-02,2022,R,,eastern-kentucky,eastern-michigan,A,34,42,0,,
2022-09-02,2022,R,,indiana,illinois,H,23,20,0,,
2022-09-02,2022,R,,illinois,indiana,A,20,23,0,,
2022-09-02,2022,R,,kansas,tennessee-tech,H,56,10,0,,
2022-09-02,2022,R,,tennessee-tech,kansas,A,10,56,0,,
2022-09-02,2022,R,,michigan-state,western-michigan,H,35,13,0,15.0,
2022-09-02,2022,R,,western-michigan,michigan-state,A,13,35,0,,15.0
2022-09-02,2022,R,,old-dominion,virginia-tech,H,20,17,0,,
2022-09-02,2022,R,,virginia-tech,old-dominion,A,17,20,0,,
2022-09-02,2022,R,,texas-christian,colorado,A,38,13,0,,
2022-09-02,2022,R,,colorado,texas-christian,H,13,38,0,,
2022-09-02,2022,R,,william-mary,charlotte,A,41,24,0,,
2022-09-02,2022,R,,charlotte,william-mary,H,24,41,0,,
2022-09-03,2022,R,,air-force,northern-iowa,H,48,17,0,,
2022-09-03,2022,R,,northern-iowa,air-force,A,17,48,0,,
2022-09-03,2022,R,,alabama,utah-state,H,55,0,0,1.0,
2022-09-03,2022,R,,utah-state,alabama,A,0,55,0,,1.0
2022-09-03,2022,R,,arizona,san-diego-state,A,38,20,0,,
2022-09-03,2022,R,,san-diego-state,arizona,H,20,38,0,,
2022-09-03,2022,R,,arkansas,cincinnati,H,31,24,0,19.0,23.0
2022-09-03,2022,R,,cincinnati,arkansas,A,24,31,0,23.0,19.0
2022-09-03,2022,R,,arkansas-state,grambling-state,H,58,3,0,,
2022-09-03,2022,R,,grambling-state,arkansas-state,A,3,58,0,,
2022-09-03,2022,R,,auburn,mercer,H,42,16,0,,
2022-09-03,2022,R,,mercer,auburn,A,16,42,0,,
2022-09-03,2022,R,,baylor,albany,H,69,10,0,10.0,
2022-09-03,2022,R,,albany,baylor,A,10,69,0,,10.0
2022-09-03,2022,R,,brigham-young,south-florida,A,50,21,0,25.0,
2022-09-03,2022,R,,south-florida,brigham-young,H,21,50,0,,25.0
2022-09-03,2022,R,,california,california-davis,H,34,13,0,,
2022-09-03,2022,R,,california-davis,california,A,13,34,0,,
2022-09-03,2022,R,,coastal-carolina,army,H,38,28,0,,
2022-09-03,2022,R,,army,coastal-carolina,A,28,38,0,,
2022-09-03,2022,R,,connecticut,central-connecticut-state,H,28,3,0,,
2022-09-03,2022,R,,central-connecticut-state,connecticut,A,3,28,0,,
2022-09-03,2022,R,,delaware,navy,A,14,7,0,,
2022-09-03,2022,R,,navy,delaware,H,7,14,0,,
2022-09-03,2022,R,,florida,utah,H,29,26,0,,7.0
2022-09-03,2022,R,,utah,florida,A,26,29,0,7.0,
2022-09-03,2022,R,,georgia,oregon,N,49,3,0,3.0,11.0
2022-09-03,2022,R,,oregon,georgia,N,3,49,0,11.0,3.0
2022-09-03,2022,R,,georgia-southern,morgan-state,H,59,7,0,,
2022-09-03,2022,R,,morgan-state,georgia-southern,A,7,59,0,,
2022-09-03,2022,R,,houston,texas-san-antonio,A,37,35,0,24.0,
2022-09-03,2022,R,,texas-san-antonio,houston,H,35,37,0,,24.0
2022-09-03,2022,R,,iowa,south-dakota-state,H,7,3,0,,
2022-09-03,2022,R,,south-dakota-state,iowa,A,3,7,0,,
2022-09-03,2022,R,,iowa-state,southeast-missouri-state,H,42,10,0,,
2022-09-03,2022,R,,southeast-missouri-state,iowa-state,A,10,42,0,,
2022-09-03,2022,R,,james-madison,middle-tennessee-state,H,44,7,0,,
2022-09-03,2022,R,,middle-tennessee-state,james-madison,A,7,44,0,,
2022-09-03,2022,R,,kansas-state,south-dakota,H,34,0,0,,
2022-09-03,2022,R,,south-dakota,kansas-state,A,0,34,0,,
2022-09-03,2022,R,,kentucky,miami-oh,H,37,13,0,20.0,
2022-09-03,2022,R,,miami-oh,kentucky,A,13,37,0,,20.0
2022-09-03,2022,R,,liberty,southern-mississippi,A,29,27,0,,
2022-09-03,2022,R,,southern-mississippi,liberty,H,27,29,0,,
2022-09-03,2022,R,,louisiana,southeastern-louisiana,H,24,7,0,,
2022-09-03,2022,R,,southeastern-louisiana,louisiana,A,7,24,0,,
2022-09-03,2022,R,,marshall,norfolk-state,H,55,3,0,,
2022-09-03,2022,R,,norfolk-state,marshall,A,3,55,0,,
2022-09-03,2022,R,,maryland,buffalo,H,31,10,0,,
2022-09-03,2022,R,,buffalo,maryland,A,10,31,0,,
2022-09-03,2022,R,,miami-fl,bethune-cookman,H,70,13,0,16.0,
2022-09-03,2022,R,,bethune-cookman,miami-fl,A,13,70,0,,16.0
2022-09-03,2022,R,,michigan,colorado-state,H,51,7,0,8.0,
2022-09-03,2022,R,,colorado-state,michigan,A,7,51,0,,8.0
2022-09-03,2022,R,,mississippi,troy,H,28,10,0,21.0,
2022-09-03,2022,R,,troy,mississippi,A,10,28,0,,21.0
2022-09-03,2022,R,,mississippi-state,memphis,H,49,23,0,,
2022-09-03,2022,R,,memphis,mississippi-state,A,23,49,0,,
2022-09-03,2022,R,,nebraska,north-dakota,H,38,17,0,,
2022-09-03,2022,R,,north-dakota,nebraska,A,17,38,0,,
2022-09-03,2022,R,,nevada,texas-state,H,38,14,0,,
2022-09-03,2022,R,,texas-state,nevada,A,14,38,0,,
2022-09-03,2022,R,,new-mexico,maine,H,41,0,0,,
2022-09-03,2022,R,,maine,new-mexico,A,0,41,0,,
2022-09-03,2022,R,,north-carolina,appalachian-state,A,63,61,0,,
2022-09-03,2022,R,,appalachian-state,north-carolina,H,61,63,0,,
2022-09-03,2022,R,,north-carolina-state,east-carolina,A,21,20,0,13.0,
2022-09-03,2022,R,,east-carolina,north-carolina-state,H,20,21,0,,13.0
2022-09-03,2022,R,,ohio,florida-atlantic,H,41,38,0,,
2022-09-03,2022,R,,florida-atlantic,ohio,A,38,41,0,,
2022-09-03,2022,R,,ohio-state,notre-dame,H,21,10,0,2.0,5.0
2022-09-03,2022,R,,notre-dame,ohio-state,A,10,21,0,5.0,2.0
2022-09-03,2022,R,,oklahoma,texas-el-paso,H,45,13,0,9.0,
2022-09-03,2022,R,,texas-el-paso,oklahoma,A,13,45,0,,9.0
2022-09-03,2022,R,,oregon-state,boise-state,H,34,17,0,,
2022-09-03,2022,R,,boise-state,oregon-state,A,17,34,0,,
2022-09-03,2022,R,,rutgers,boston-college,A,22,21,0,,
2022-09-03,2022,R,,boston-college,rutgers,H,21,22,0,,
2022-09-03,2022,R,,south-alabama,nicholls-state,H,48,7,0,,
2022-09-03,2022,R,,nicholls-state,south-alabama,A,7,48,0,,
2022-09-03,2022,R,,south-carolina,georgia-state,H,35,14,0,,
2022-09-03,2022,R,,georgia-state,south-carolina,A,14,35,0,,
2022-09-03,2022,R,,southern-california,rice,H,66,14,0,14.0,
2022-09-03,2022,R,,rice,southern-california,A,14,66,0,,14.0
2022-09-03,2022,R,,southern-methodist,north-texas,A,48,10,0,,
2022-09-03,2022,R,,north-texas,southern-methodist,H,10,48,0,,
2022-09-03,2022,R,,stanford,colgate,H,41,10,0,,
2022-09-03,2022,R,,colgate,stanford,A,10,41,0,,
2022-09-03,2022,R,,syracuse,louisville,H,31,7,0,,
2022-09-03,2022,R,,louisville,syracuse,A,7,31,0,,
2022-09-03,2022,R,,texas,louisiana-monroe,H,52,10,0,,
2022-09-03,2022,R,,louisiana-monroe,texas,A,10,52,0,,
2022-09-03,2022,R,,texas-a-m,sam-houston,H,31,0,0,6.0,
2022-09-03,2022,R,,sam-houston,texas-a-m,A,0,31,0,,6.0
2022-09-03,2022,R,,texas-tech,murray-state,H,63,10,0,,
2022-09-03,2022,R,,murray-state,texas-tech,A,10,63,0,,
2022-09-03,2022,R,,tulane,massachusetts,H,42,10,0,,
2022-09-03,2022,R,,massachusetts,tulane,A,10,42,0,,
2022-09-03,2022,R,,ucla,bowling-green,H,45,17,0,,
2022-09-03,2022,R,,bowling-green,ucla,A,17,45,0,,
2022-09-03,2022,R,,vanderbilt,elon,H,42,31,0,,
2022-09-03,2022,R,,elon,vanderbilt,A,31,42,0,,
2022-09-03,2022,R,,virginia,richmond,H,34,17,0,,
2022-09-03,2022,R,,richmond,virginia,A,17,34,0,,
2022-09-03,2022,R,,washington,kent-state,H,45,20,0,,
2022-09-03,2022,R,,kent-state,washington,A,20,45,0,,
2022-09-03,2022,R,,washington-state,idaho,H,24,17,0,,
2022-09-03,2022,R,,idaho,washington-state,A,17,24,0,,
2022-09-03,2022,R,,wisconsin,illinois-state,H,38,0,0,18.0,
2022-09-03,2022,R,,illinois-state,wisconsin,A,0,38,0,,18.0
2022-09-03,2022,R,,wyoming,tulsa,H,40,37,0,,
2022-09-03,2022,R,,tulsa,wyoming,A,37,40,0,,
2022-09-04,2022,R,,florida-state,louisiana-state,N,24,23,0,,
2022-09-04,2022,R,,louisiana-state,florida-state,N,23,24,0,,
2022-09-04,2022,R,,western-kentucky,hawaii,A,49,17,0,,
2022-09-04,2022,R,,hawaii,western-kentucky,H,17,49,0,,
2022-09-05,2022,R,,clemson,georgia-tech,A,41,10,0,4.0,
2022-09-05,2022,R,,georgia-tech,clemson,H,10,41,0,,4.0
2022-09-09,2022,R,,boise-state,new-mexico,A,31,14,0,,
2022-09-09,2022,R,,new-mexico,boise-state,H,14,31,0,,
2022-09-09,2022,R,,louisville,central-florida,A,20,14,0,,
2022-09-09,2022,R,,central-florida,louisville,H,14,20,0,,
2022-09-10,2022,R,,air-force,colorado,H,41,10,0,,
2022-09-10,2022,R,,colorado,air-force,A,10,41,0,,
2022-09-10,2022,R,,alabama,texas,A,20,19,0,1.0,
2022-09-10,2022,R,,texas,alabama,H,19,20,0,,1.0
2022-09-10,2022,R,,appalachian-state,texas-a-m,A,17,14,0,,6.0
2022-09-10,2022,R,,texas-a-m,appalachian-state,H,14,17,0,6.0,
2022-09-10,2022,R,,arkansas,south-carolina,H,44,30,0,16.0,
2022-09-10,2022,R,,south-carolina,arkansas,A,30,44,0,,16.0
2022-09-10,2022,R,,auburn,san-jose-state,H,24,16,0,,
2022-09-10,2022,R,,san-jose-state,auburn,A,16,24,0,,
2022-09-10,2022,R,,brigham-young,baylor,H,26,20,0,21.0,9.0
2022-09-10,2022,R,,baylor,brigham-young,A,20,26,0,9.0,21.0
2022-09-10,2022,R,,california,nevada-las-vegas,H,20,14,0,,
2022-09-10,2022,R,,nevada-las-vegas,california,A,14,20,0,,
2022-09-10,2022,R,,cincinnati,kennesaw-state,H,63,10,0,,
2022-09-10,2022,R,,kennesaw-state,cincinnati,A,10,63,0,,
2022-09-10,2022,R,,clemson,furman,H,35,12,0,5.0,
2022-09-10,2022,R,,furman,clemson,A,12,35,0,,5.0
2022-09-10,2022,R,,coastal-carolina,gardner-webb,H,31,27,0,,
2022-09-10,2022,R,,gardner-webb,coastal-carolina,A,27,31,0,,
2022-09-10,2022,R,,duke,northwestern,A,31,23,0,,
2022-09-10,2022,R,,northwestern,duke,H,23,31,0,,
2022-09-10,2022,R,,east-carolina,old-dominion,H,39,21,0,,
2022-09-10,2022,R,,old-dominion,east-carolina,A,21,39,0,,
2022-09-10,2022,R,,eastern-kentucky,bowling-green,A,59,57,0,,
2022-09-10,2022,R,,bowling-green,eastern-kentucky,H,57,59,0,,
2022-09-10,2022,R,,florida-atlantic,southeastern-louisiana,H,42,9,0,,
2022-09-10,2022,R,,southeastern-louisiana,florida-atlantic,A,9,42,0,,
2022-09-10,2022,R,,georgia,samford,H,33,0,0,2.0,
2022-09-10,2022,R,,samford,georgia,A,0,33,0,,2.0
2022-09-10,2022,R,,georgia-southern,nebraska,A,45,42,0,,
2022-09-10,2022,R,,nebraska,georgia-southern,H,42,45,0,,
2022-09-10,2022,R,,georgia-tech,western-carolina,H,35,17,0,,
2022-09-10,2022,R,,western-carolina,georgia-tech,A,17,35,0,,
2022-09-10,2022,R,,holy-cross,buffalo,A,37,31,0,,
2022-09-10,2022,R,,buffalo,holy-cross,H,31,37,0,,
2022-09-10,2022,R,,illinois,virginia,H,24,3,0,,
2022-09-10,2022,R,,virginia,illinois,A,3,24,0,,
2022-09-10,2022,R,,incarnate-word,nevada,A,55,41,0,,
2022-09-10,2022,R,,nevada,incarnate-word,H,41,55,0,,
2022-09-10,2022,R,,indiana,idaho,H,35,22,0,,
2022-09-10,2022,R,,idaho,indiana,A,22,35,0,,
2022-09-10,2022,R,,iowa-state,iowa,A,10,7,0,,
2022-09-10,2022,R,,iowa,iowa-state,H,7,10,0,,
2022-09-10,2022,R,,james-madison,norfolk-state,H,63,7,0,,
2022-09-10,2022,R,,norfolk-state,james-madison,A,7,63,0,,
2022-09-10,2022,R,,kansas,west-virginia,A,55,42,0,,
2022-09-10,2022,R,,west-virginia,kansas,H,42,55,0,,
2022-09-10,2022,R,,kansas-state,missouri,H,40,12,0,,
2022-09-10,2022,R,,missouri,kansas-state,A,12,40,0,,
2022-09-10,2022,R,,kentucky,florida,A,26,16,0,20.0,12.0
2022-09-10,2022,R,,florida,kentucky,H,16,26,0,12.0,20.0
2022-09-10,2022,R,,liberty,alabama-birmingham,H,21,14,0,,
2022-09-10,2022,R,,alabama-birmingham,liberty,A,14,21,0,,
2022-09-10,2022,R,,louisiana,eastern-michigan,H,49,21,0,,
2022-09-10,2022,R,,eastern-michigan,louisiana,A,21,49,0,,
2022-09-10,2022,R,,louisiana-state,southern,H,65,17,0,,
2022-09-10,2022,R,,southern,louisiana-state,A,17,65,0,,
2022-09-10,2022,R,,louisiana-tech,stephen-f-austin,H,52,17,0,,
2022-09-10,2022,R,,stephen-f-austin,louisiana-tech,A,17,52,0,,
2022-09-10,2022,R,,louisiana-monroe,nicholls-state,H,35,7,0,,
2022-09-10,2022,R,,nicholls-state,louisiana-monroe,A,7,35,0,,
2022-09-10,2022,R,,marshall,notre-dame,A,26,21,0,,8.0
2022-09-10,2022,R,,notre-dame,marshall,H,21,26,0,8.0,
2022-09-10,2022,R,,maryland,charlotte,A,56,21,0,,
2022-09-10,2022,R,,charlotte,maryland,H,21,56,0,,
2022-09-10,2022,R,,memphis,navy,A,37,13,0,,
2022-09-10,2022,R,,navy,memphis,H,13,37,0,,
2022-09-10,2022,R,,miami-fl,southern-mississippi,H,30,7,0,15.0,
2022-09-10,2022,R,,southern-mississippi,miami-fl,A,7,30,0,,15.0
2022-09-10,2022,R,,miami-oh,robert-morris,H,31,14,0,,
2022-09-10,2022,R,,robert-morris,miami-oh,A,14,31,0,,
2022-09-10,2022,R,,michigan,hawaii,H,56,10,0,4.0,
2022-09-10,2022,R,,hawaii,michigan,A,10,56,0,,4.0
2022-09-10,2022,R,,michigan-state,akron,H,52,0,0,14.0,
2022-09-10,2022,R,,akron,michigan-state,A,0,52,0,,14.0
2022-09-10,2022,R,,middle-tennessee-state,colorado-state,A,34,19,0,,
2022-09-10,2022,R,,colorado-state,middle-tennessee-state,H,19,34,0,,
2022-09-10,2022,R,,minnesota,western-illinois,H,62,10,0,,
2022-09-10,2022,R,,western-illinois,minnesota,A,10,62,0,,
2022-09-10,2022,R,,mississippi,central-arkansas,H,59,3,0,22.0,
2022-09-10,2022,R,,central-arkansas,mississippi,A,3,59,0,,22.0
2022-09-10,2022,R,,mississippi-state,arizona,A,39,17,0,,
2022-09-10,2022,R,,arizona,mississippi-state,H,17,39,0,,
2022-09-10,2022,R,,north-carolina,georgia-state,A,35,28,0,,
2022-09-10,2022,R,,georgia-state,north-carolina,H,28,35,0,,
2022-09-10,2022,R,,north-carolina-state,charleston-southern,H,55,3,0,18.0,
2022-09-10,2022,R,,charleston-southern,north-carolina-state,A,3,55,0,,18.0
2022-09-10,2022,R,,north-texas,texas-southern,H,59,27,0,,
2022-09-10,2022,R,,texas-southern,north-texas,A,27,59,0,,
2022-09-10,2022,R,,ohio-state,arkansas-state,H,45,12,0,3.0,
2022-09-10,2022,R,,arkansas-state,ohio-state,A,12,45,0,,3.0
2022-09-10,2022,R,,oklahoma,kent-state,H,33,3,0,7.0,
2022-09-10,2022,R,,kent-state,oklahoma,A,3,33,0,,7.0
2022-09-10,2022,R,,oklahoma-state,arizona-state,H,34,17,0,11.0,
2022-09-10,2022,R,,arizona-state,oklahoma-state,A,17,34,0,,11.0
2022-09-10,2022,R,,oregon,eastern-washington,H,70,14,0,,
2022-09-10,2022,R,,eastern-washington,oregon,A,14,70,0,,
2022-09-10,2022,R,,oregon-state,fresno-state,A,35,32,0,,
2022-09-10,2022,R,,fresno-state,oregon-state,H,32,35,0,,
2022-09-10,2022,R,,penn-state,ohio,H,46,10,0,,
2022-09-10,2022,R,,ohio,penn-state,A,10,46,0,,
2022-09-10,2022,R,,purdue,indiana-state,H,56,0,0,,
2022-09-10,2022,R,,indiana-state,purdue,A,0,56,0,,
2022-09-10,2022,R,,rice,mcneese-state,H,52,10,0,,
2022-09-10,2022,R,,mcneese-state,rice,A,10,52,0,,
2022-09-10,2022,R,,rutgers,wagner,H,66,7,0,,
2022-09-10,2022,R,,wagner,rutgers,A,7,66,0,,
2022-09-10,2022,R,,san-diego-state,idaho-state,H,38,7,0,,
2022-09-10,2022,R,,idaho-state,san-diego-state,A,7,38,0,,
2022-09-10,2022,R,,south-alabama,central-michigan,A,38,24,0,,
2022-09-10,2022,R,,central-michigan,south-alabama,H,24,38,0,,
2022-09-10,2022,R,,south-florida,howard,H,42,20,0,,
2022-09-10,2022,R,,howard,south-florida,A,20,42,0,,
2022-09-10,2022,R,,southern-california,stanford,A,41,28,0,10.0,
2022-09-10,2022,R,,stanford,southern-california,H,28,41,0,,10.0
2022-09-10,2022,R,,southern-methodist,lamar,H,45,16,0,,
2022-09-10,2022,R,,lamar,southern-methodist,A,16,45,0,,
2022-09-10,2022,R,,syracuse,connecticut,A,48,14,0,,
2022-09-10,2022,R,,connecticut,syracuse,H,14,48,0,,
2022-09-10,2022,R,,temple,lafayette,H,30,14,0,,
2022-09-10,2022,R,,lafayette,temple,A,14,30,0,,
2022-09-10,2022,R,,tennessee,pittsburgh,A,34,27,0,24.0,17.0
2022-09-10,2022,R,,pittsburgh,tennessee,H,27,34,0,17.0,24.0
2022-09-10,2022,R,,texas-christian,tarleton-state,H,59,17,0,,
2022-09-10,2022,R,,tarleton-state,texas-christian,A,17,59,0,,
2022-09-10,2022,R,,texas-state,florida-international,H,41,12,0,,
2022-09-10,2022,R,,florida-international,texas-state,A,12,41,0,,
2022-09-10,2022,R,,texas-tech,houston,H,33,30,0,,25.0
2022-09-10,2022,R,,houston,texas-tech,A,30,33,0,25.0,
2022-09-10,2022,R,,texas-el-paso,new-mexico-state,H,20,13,0,,
2022-09-10,2022,R,,new-mexico-state,texas-el-paso,A,13,20,0,,
2022-09-10,2022,R,,texas-san-antonio,army,A,41,38,0,,
2022-09-10,2022,R,,army,texas-san-antonio,H,38,41,0,,
2022-09-10,2022,R,,toledo,massachusetts,H,55,10,0,,
2022-09-10,2022,R,,massachusetts,toledo,A,10,55,0,,
2022-09-10,2022,R,,troy,alabama-a-m,H,38,17,0,,
2022-09-10,2022,R,,alabama-a-m,troy,A,17,38,0,,
2022-09-10,2022,R,,tulane,alcorn-state,H,52,0,0,,
2022-09-10,2022,R,,alcorn-state,tulane,A,0,52,0,,
2022-09-10,2022,R,,tulsa,northern-illinois,H,38,35,0,,
2022-09-10,2022,R,,northern-illinois,tulsa,A,35,38,0,,
2022-09-10,2022,R,,ucla,alabama-state,H,45,7,0,,
2022-09-10,2022,R,,alabama-state,ucla,A,7,45,0,,
2022-09-10,2022,R,,utah,southern-utah,H,73,7,0,13.0,
2022-09-10,2022,R,,southern-utah,utah,A,7,73,0,,13.0
2022-09-10,2022,R,,virginia-tech,boston-college,H,27,10,0,,
2022-09-10,2022,R,,boston-college,virginia-tech,A,10,27,0,,
2022-09-10,2022,R,,wake-forest,vanderbilt,A,45,25,0,23.0,
2022-09-10,2022,R,,vanderbilt,wake-forest,H,25,45,0,,23.0
2022-09-10,2022,R,,washington,portland-state,H,52,6,0,,
2022-09-10,2022,R,,portland-state,washington,A,6,52,0,,
2022-09-10,2022,R,,washington-state,wisconsin,A,17,14,0,,19.0
2022-09-10,2022,R,,wisconsin,washington-state,H,14,17,0,19.0,
2022-09-10,2022,R,,weber-state,utah-state,A,35,7,0,,
2022-09-10,2022,R,,utah-state,weber-state,H,7,35,0,,
2022-09-10,2022,R,,western-michigan,ball-state,A,37,30,0,,
2022-09-10,2022,R,,ball-state,western-michigan,H,30,37,0,,
2022-09-10,2022,R,,wyoming,northern-colorado,H,33,10,0,,
2022-09-10,2022,R,,northern-colorado,wyoming,A,10,33,0,,
2022-09-16,2022,R,,florida-state,louisville,A,35,31,0,,
2022-09-16,2022,R,,louisville,florida-state,H,31,35,0,,
2022-09-16,2022,R,,wyoming,air-force,H,17,14,0,,
2022-09-16,2022,R,,air-force,wyoming,A,14,17,0,,
2022-09-17,2022,R,,alabama,louisiana-monroe,H,63,7,0,2.0,
2022-09-17,2022,R,,louisiana-monroe,alabama,A,7,63,0,,2.0
2022-09-17,2022,R,,alabama-birmingham,georgia-southern,H,35,21,0,,
2022-09-17,2022,R,,georgia-southern,alabama-birmingham,A,21,35,0,,
2022-09-17,2022,R,,appalachian-state,troy,H,32,28,0,,
2022-09-17,2022,R,,troy,appalachian-state,A,28,32,0,,
2022-09-17,2022,R,,arizona,north-dakota-state,H,31,28,0,,
2022-09-17,2022,R,,north-dakota-state,arizona,A,28,31,0,,
2022-09-17,2022,R,,arkansas,missouri-state,H,38,27,0,10.0,
2022-09-17,2022,R,,missouri-state,arkansas,A,27,38,0,,10.0
2022-09-17,2022,R,,army,villanova,H,49,10,0,,
2022-09-17,2022,R,,villanova,army,A,10,49,0,,
2022-09-17,2022,R,,ball-state,murray-state,H,31,0,0,,
2022-09-17,2022,R,,murray-state,ball-state,A,0,31,0,,
2022-09-17,2022,R,,baylor,texas-state,H,42,7,0,17.0,
2022-09-17,2022,R,,texas-state,baylor,A,7,42,0,,17.0
2022-09-17,2022,R,,boise-state,tennessee-martin,H,30,7,0,,
2022-09-17,2022,R,,tennessee-martin,boise-state,A,7,30,0,,
2022-09-17,2022,R,,boston-college,maine,H,38,17,0,,
2022-09-17,2022,R,,maine,boston-college,A,17,38,0,,
2022-09-17,2022,R,,bowling-green,marshall,H,34,31,0,,
2022-09-17,2022,R,,marshall,bowling-green,A,31,34,0,,
2022-09-17,2022,R,,central-florida,florida-atlantic,A,40,14,0,,
2022-09-17,2022,R,,florida-atlantic,central-florida,H,14,40,0,,
2022-09-17,2022,R,,central-michigan,bucknell,H,41,0,0,,
2022-09-17,2022,R,,bucknell,central-michigan,A,0,41,0,,
2022-09-17,2022,R,,charlotte,georgia-state,A,42,41,0,,
2022-09-17,2022,R,,georgia-state,charlotte,H,41,42,0,,
2022-09-17,2022,R,,cincinnati,miami-oh,N,38,17,0,,
2022-09-17,2022,R,,miami-oh,cincinnati,N,17,38,0,,
2022-09-17,2022,R,,clemson,louisiana-tech,H,48,20,0,5.0,
2022-09-17,2022,R,,louisiana-tech,clemson,A,20,48,0,,5.0
2022-09-17,2022,R,,coastal-carolina,buffalo,H,38,26,0,,
2022-09-17,2022,R,,buffalo,coastal-carolina,A,26,38,0,,
2022-09-17,2022,R,,duke,north-carolina-a-t,H,49,20,0,,
2022-09-17,2022,R,,north-carolina-a-t,duke,A,20,49,0,,
2022-09-17,2022,R,,east-carolina,campbell,H,49,10,0,,
2022-09-17,2022,R,,campbell,east-carolina,A,10,49,0,,
2022-09-17,2022,R,,eastern-michigan,arizona-state,A,30,21,0,,
2022-09-17,2022,R,,arizona-state,eastern-michigan,H,21,30,0,,
2022-09-17,2022,R,,florida,south-florida,H,31,28,0,18.0,
2022-09-17,2022,R,,south-florida,florida,A,28,31,0,,18.0
2022-09-17,2022,R,,georgia,south-carolina,A,48,7,0,1.0,
2022-09-17,2022,R,,south-carolina,georgia,H,7,48,0,,1.0
2022-09-17,2022,R,,indiana,western-kentucky,H,33,30,0,,
2022-09-17,2022,R,,western-kentucky,indiana,A,30,33,0,,
2022-09-17,2022,R,,iowa,nevada,H,27,0,0,,
2022-09-17,2022,R,,nevada,iowa,A,0,27,0,,
2022-09-17,2022,R,,iowa-state,ohio,H,43,10,0,,
2022-09-17,2022,R,,ohio,iowa-state,A,10,43,0,,
2022-09-17,2022,R,,kansas,houston,A,48,30,0,,
2022-09-17,2022,R,,houston,kansas,H,30,48,0,,
2022-09-17,2022,R,,kent-state,long-island,H,63,10,0,,
2022-09-17,2022,R,,long-island,kent-state,A,10,63,0,,
2022-09-17,2022,R,,kentucky,youngstown-state,H,31,0,0,9.0,
2022-09-17,2022,R,,youngstown-state,kentucky,A,0,31,0,,9.0
2022-09-17,2022,R,,louisiana-state,mississippi-state,H,31,16,0,,
2022-09-17,2022,R,,mississippi-state,louisiana-state,A,16,31,0,,
2022-09-17,2022,R,,maryland,southern-methodist,H,34,27,0,,
2022-09-17,2022,R,,southern-methodist,maryland,A,27,34,0,,
2022-09-17,2022,R,,massachusetts,stony-brook,H,20,3,0,,
2022-09-17,2022,R,,stony-brook,massachusetts,A,3,20,0,,
2022-09-17,2022,R,,memphis,arkansas-state,H,44,32,0,,
2022-09-17,2022,R,,arkansas-state,memphis,A,32,44,0,,
2022-09-17,2022,R,,michigan,connecticut,H,59,0,0,4.0,
2022-09-17,2022,R,,connecticut,michigan,A,0,59,0,,4.0
2022-09-17,2022,R,,middle-tennessee-state,tennessee-state,H,49,6,0,,
2022-09-17,2022,R,,tennessee-state,middle-tennessee-state,A,6,49,0,,
2022-09-17,2022,R,,minnesota,colorado,H,49,7,0,,
2022-09-17,2022,R,,colorado,minnesota,A,7,49,0,,
2022-09-17,2022,R,,mississippi,georgia-tech,A,42,0,0,20.0,
2022-09-17,2022,R,,georgia-tech,mississippi,H,0,42,0,,20.0
2022-09-17,2022,R,,missouri,abilene-christian,H,34,17,0,,
2022-09-17,2022,R,,abilene-christian,missouri,A,17,34,0,,
2022-09-17,2022,R,,nevada-las-vegas,north-texas,H,58,27,0,,
2022-09-17,2022,R,,north-texas,nevada-las-vegas,A,27,58,0,,
2022-09-17,2022,R,,new-mexico,texas-el-paso,H,27,10,0,,
2022-09-17,2022,R,,texas-el-paso,new-mexico,A,10,27,0,,
2022-09-17,2022,R,,north-carolina-state,texas-tech,H,27,14,0,16.0,
2022-09-17,2022,R,,texas-tech,north-carolina-state,A,14,27,0,,16.0
2022-09-17,2022,R,,notre-dame,california,H,24,17,0,,
2022-09-17,2022,R,,california,notre-dame,A,17,24,0,,
2022-09-17,2022,R,,ohio-state,toledo,H,77,21,0,3.0,
2022-09-17,2022,R,,toledo,ohio-state,A,21,77,0,,3.0
2022-09-17,2022,R,,oklahoma,nebraska,A,49,14,0,6.0,
2022-09-17,2022,R,,nebraska,oklahoma,H,14,49,0,,6.0
2022-09-17,2022,R,,oklahoma-state,arkansas-pine-bluff,H,63,7,0,8.0,
2022-09-17,2022,R,,arkansas-pine-bluff,oklahoma-state,A,7,63,0,,8.0
2022-09-17,2022,R,,oregon,brigham-young,H,41,20,0,25.0,12.0
2022-09-17,2022,R,,brigham-young,oregon,A,20,41,0,12.0,25.0
2022-09-17,2022,R,,oregon-state,montana-state,N,68,28,0,,
2022-09-17,2022,R,,montana-state,oregon-state,N,28,68,0,,
2022-09-17,2022,R,,penn-state,auburn,A,41,12,0,22.0,
2022-09-17,2022,R,,auburn,penn-state,H,12,41,0,,22.0
2022-09-17,2022,R,,pittsburgh,western-michigan,A,34,13,0,23.0,
2022-09-17,2022,R,,western-michigan,pittsburgh,H,13,34,0,,23.0
2022-09-17,2022,R,,rice,louisiana,H,33,21,0,,
2022-09-17,2022,R,,louisiana,rice,A,21,33,0,,
2022-09-17,2022,R,,rutgers,temple,A,16,14,0,,
2022-09-17,2022,R,,temple,rutgers,H,14,16,0,,
2022-09-17,2022,R,,southern-california,fresno-state,H,45,17,0,7.0,
2022-09-17,2022,R,,fresno-state,southern-california,A,17,45,0,,7.0
2022-09-17,2022,R,,southern-illinois,northwestern,A,31,24,0,,
2022-09-17,2022,R,,northwestern,southern-illinois,H,24,31,0,,
2022-09-17,2022,R,,southern-mississippi,northwestern-state,H,64,10,0,,
2022-09-17,2022,R,,northwestern-state,southern-mississippi,A,10,64,0,,
2022-09-17,2022,R,,syracuse,purdue,H,32,29,0,,
2022-09-17,2022,R,,purdue,syracuse,A,29,32,0,,
2022-09-17,2022,R,,tennessee,akron,H,63,6,0,15.0,
2022-09-17,2022,R,,akron,tennessee,A,6,63,0,,15.0
2022-09-17,2022,R,,texas,texas-san-antonio,H,41,20,0,21.0,
2022-09-17,2022,R,,texas-san-antonio,texas,A,20,41,0,,21.0
2022-09-17,2022,R,,texas-a-m,miami-fl,H,17,9,0,24.0,13.0
2022-09-17,2022,R,,miami-fl,texas-a-m,A,9,17,0,13.0,24.0
2022-09-17,2022,R,,tulane,kansas-state,A,17,10,0,,
2022-09-17,2022,R,,kansas-state,tulane,H,10,17,0,,
2022-09-17,2022,R,,tulsa,jacksonville-state,H,54,17,0,,
2022-09-17,2022,R,,jacksonville-state,tulsa,A,17,54,0,,
2022-09-17,2022,R,,ucla,south-alabama,H,32,31,0,,
2022-09-17,2022,R,,south-alabama,ucla,A,31,32,0,,
2022-09-17,2022,R,,utah,san-diego-state,H,35,7,0,14.0,
2022-09-17,2022,R,,san-diego-state,utah,A,7,35,0,,14.0
2022-09-17,2022,R,,vanderbilt,northern-illinois,A,38,28,0,,
2022-09-17,2022,R,,northern-illinois,vanderbilt,H,28,38,0,,
2022-09-17,2022,R,,virginia,old-dominion,H,16,14,0,,
2022-09-17,2022,R,,old-dominion,virginia,A,14,16,0,,
2022-09-17,2022,R,,virginia-tech,wofford,H,27,7,0,,
2022-09-17,2022,R,,wofford,virginia-tech,A,7,27,0,,
2022-09-17,2022,R,,wake-forest,liberty,H,37,36,0,19.0,
2022-09-17,2022,R,,liberty,wake-forest,A,36,37,0,,19.0
2022-09-17,2022,R,,washington,michigan-state,H,39,28,0,,11.0
2022-09-17,2022,R,,michigan-state,washington,A,28,39,0,11.0,
2022-09-17,2022,R,,washington-state,colorado-state,H,38,7,0,,
2022-09-17,2022,R,,colorado-state,washington-state,A,7,38,0,,
2022-09-17,2022,R,,west-virginia,towson,H,65,7,0,,
2022-09-17,2022,R,,towson,west-virginia,A,7,65,0,,
2022-09-17,2022,R,,wisconsin,new-mexico-state,H,66,7,0,,
2022-09-17,2022,R,,new-mexico-state,wisconsin,A,7,66,0,,
2022-09-18,2022,R,,hawaii,duquesne,H,24,14,0,,
2022-09-18,2022,R,,duquesne,hawaii,A,14,24,0,,
2022-09-22,2022,R,,coastal-carolina,georgia-state,A,41,24,0,,
2022-09-22,2022,R,,georgia-state,coastal-carolina,H,24,41,0,,
2022-09-22,2022,R,,illinois,chattanooga,H,31,0,0,,
2022-09-22,2022,R,,chattanooga,illinois,A,0,31,0,,
2022-09-22,2022,R,,west-virginia,virginia-tech,A,33,10,0,,
2022-09-22,2022,R,,virginia-tech,west-virginia,H,10,33,0,,
2022-09-23,2022,R,,air-force,nevada,H,48,20,0,,
2022-09-23,2022,R,,nevada,air-force,A,20,48,0,,
2022-09-23,2022,R,,syracuse,virginia,H,22,20,0,,
2022-09-23,2022,R,,virginia,syracuse,A,20,22,0,,
2022-09-23,2022,R,,texas-el-paso,boise-state,H,27,10,0,,
2022-09-23,2022,R,,boise-state,texas-el-paso,A,10,27,0,,
2022-09-24,2022,R,,alabama,vanderbilt,H,55,3,0,2.0,
2022-09-24,2022,R,,vanderbilt,alabama,A,3,55,0,,2.0
2022-09-24,2022,R,,auburn,missouri,H,17,14,0,,
2022-09-24,2022,R,,missouri,auburn,A,14,17,0,,
2022-09-24,2022,R,,baylor,iowa-state,A,31,24,0,17.0,
2022-09-24,2022,R,,iowa-state,baylor,H,24,31,0,,17.0
2022-09-24,2022,R,,brigham-young,wyoming,H,38,24,0,19.0,
2022-09-24,2022,R,,wyoming,brigham-young,A,24,38,0,,19.0
2022-09-24,2022,R,,buffalo,eastern-michigan,A,50,31,0,,
2022-09-24,2022,R,,eastern-michigan,buffalo,H,31,50,0,,
2022-09-24,2022,R,,california,arizona,H,49,31,0,,
2022-09-24,2022,R,,arizona,california,A,31,49,0,,
2022-09-24,2022,R,,central-florida,georgia-tech,H,27,10,0,,
2022-09-24,2022,R,,georgia-tech,central-florida,A,10,27,0,,
2022-09-24,2022,R,,cincinnati,indiana,H,45,24,0,,
2022-09-24,2022,R,,indiana,cincinnati,A,24,45,0,,
2022-09-24,2022,R,,clemson,wake-forest,A,51,45,0,5.0,21.0
2022-09-24,2022,R,,wake-forest,clemson,H,45,51,0,21.0,5.0
2022-09-24,2022,R,,florida-state,boston-college,H,44,14,0,,
2022-09-24,2022,R,,boston-college,florida-state,A,14,44,0,,
2022-09-24,2022,R,,georgia,kent-state,H,39,22,0,1.0,
2022-09-24,2022,R,,kent-state,georgia,A,22,39,0,,1.0
2022-09-24,2022,R,,georgia-southern,ball-state,H,34,23,0,,
2022-09-24,2022,R,,ball-state,georgia-southern,A,23,34,0,,
2022-09-24,2022,R,,houston,rice,H,34,27,0,,
2022-09-24,2022,R,,rice,houston,A,27,34,0,,
2022-09-24,2022,R,,iowa,rutgers,A,27,10,0,,
2022-09-24,2022,R,,rutgers,iowa,H,10,27,0,,
2022-09-24,2022,R,,james-madison,appalachian-state,A,32,28,0,,
2022-09-24,2022,R,,appalachian-state,james-madison,H,28,32,0,,
2022-09-24,2022,R,,kansas,duke,H,35,27,0,,
2022-09-24,2022,R,,duke,kansas,A,27,35,0,,
2022-09-24,2022,R,,kansas-state,oklahoma,A,41,34,0,,6.0
2022-09-24,2022,R,,oklahoma,kansas-state,H,34,41,0,6.0,
2022-09-24,2022,R,,kentucky,northern-illinois,H,31,23,0,8.0,
2022-09-24,2022,R,,northern-illinois,kentucky,A,23,31,0,,8.0
2022-09-24,2022,R,,liberty,akron,H,21,12,0,,
2022-09-24,2022,R,,akron,liberty,A,12,21,0,,
2022-09-24,2022,R,,louisiana-state,new-mexico,H,38,0,0,,
2022-09-24,2022,R,,new-mexico,louisiana-state,A,0,38,0,,
2022-09-24,2022,R,,louisiana-monroe,louisiana,H,21,17,0,,
2022-09-24,2022,R,,louisiana,louisiana-monroe,A,17,21,0,,
2022-09-24,2022,R,,louisville,south-florida,H,41,3,0,,
2022-09-24,2022,R,,south-florida,louisville,A,3,41,0,,
2022-09-24,2022,R,,memphis,north-texas,H,44,34,0,,
2022-09-24,2022,R,,north-texas,memphis,A,34,44,0,,
2022-09-24,2022,R,,miami-oh,northwestern,A,17,14,0,,
2022-09-24,2022,R,,northwestern,miami-oh,H,14,17,0,,
2022-09-24,2022,R,,michigan,maryland,H,34,27,0,4.0,
2022-09-24,2022,R,,maryland,michigan,A,27,34,0,,4.0
2022-09-24,2022,R,,middle-tennessee-state,miami-fl,A,45,31,0,,25.0
2022-09-24,2022,R,,miami-fl,middle-tennessee-state,H,31,45,0,25.0,
2022-09-24,2022,R,,minnesota,michigan-state,A,34,7,0,,
2022-09-24,2022,R,,michigan-state,minnesota,H,7,34,0,,
2022-09-24,2022,R,,mississippi,tulsa,H,35,27,0,16.0,
2022-09-24,2022,R,,tulsa,mississippi,A,27,35,0,,16.0
2022-09-24,2022,R,,mississippi-state,bowling-green,H,45,14,0,,
2022-09-24,2022,R,,bowling-green,mississippi-state,A,14,45,0,,
2022-09-24,2022,R,,navy,east-carolina,A,23,20,0,,
2022-09-24,2022,R,,east-carolina,navy,H,20,23,0,,
2022-09-24,2022,R,,nevada-las-vegas,utah-state,A,34,24,0,,
2022-09-24,2022,R,,utah-state,nevada-las-vegas,H,24,34,0,,
2022-09-24,2022,R,,new-mexico-state,hawaii,H,45,26,0,,
2022-09-24,2022,R,,hawaii,new-mexico-state,A,26,45,0,,
2022-09-24,2022,R,,north-carolina-state,connecticut,H,41,10,0,12.0,
2022-09-24,2022,R,,connecticut,north-carolina-state,A,10,41,0,,12.0
2022-09-24,2022,R,,notre-dame,north-carolina,A,45,32,0,,
2022-09-24,2022,R,,north-carolina,notre-dame,H,32,45,0,,
2022-09-24,2022,R,,ohio,fordham,H,59,52,0,,
2022-09-24,2022,R,,fordham,ohio,A,52,59,0,,
2022-09-24,2022,R,,ohio-state,wisconsin,H,52,21,0,3.0,
2022-09-24,2022,R,,wisconsin,ohio-state,A,21,52,0,,3.0
2022-09-24,2022,R,,old-dominion,arkansas-state,H,29,26,0,,
2022-09-24,2022,R,,arkansas-state,old-dominion,A,26,29,0,,
2022-09-24,2022,R,,oregon,washington-state,A,44,41,0,15.0,
2022-09-24,2022,R,,washington-state,oregon,H,41,44,0,,15.0
2022-09-24,2022,R,,penn-state,central-michigan,H,33,14,0,14.0,
2022-09-24,2022,R,,central-michigan,penn-state,A,14,33,0,,14.0
2022-09-24,2022,R,,pittsburgh,rhode-island,H,45,24,0,24.0,
2022-09-24,2022,R,,rhode-island,pittsburgh,A,24,45,0,,24.0
2022-09-24,2022,R,,purdue,florida-atlantic,H,28,26,0,,
2022-09-24,2022,R,,florida-atlantic,purdue,A,26,28,0,,
2022-09-24,2022,R,,sacramento-state,colorado-state,A,41,10,0,,
2022-09-24,2022,R,,colorado-state,sacramento-state,H,10,41,0,,
2022-09-24,2022,R,,san-diego-state,toledo,H,17,14,0,,
2022-09-24,2022,R,,toledo,san-diego-state,A,14,17,0,,
2022-09-24,2022,R,,san-jose-state,western-michigan,H,34,6,0,,
2022-09-24,2022,R,,western-michigan,san-jose-state,A,6,34,0,,
2022-09-24,2022,R,,south-alabama,louisiana-tech,H,38,14,0,,
2022-09-24,2022,R,,louisiana-tech,south-alabama,A,14,38,0,,
2022-09-24,2022,R,,south-carolina,charlotte,H,56,20,0,,
2022-09-24,2022,R,,charlotte,south-carolina,A,20,56,0,,
2022-09-24,2022,R,,southern-california,oregon-state,A,17,14,0,7.0,
2022-09-24,2022,R,,oregon-state,southern-california,H,14,17,0,,7.0
2022-09-24,2022,R,,southern-mississippi,tulane,A,27,24,0,,
2022-09-24,2022,R,,tulane,southern-mississippi,H,24,27,0,,
2022-09-24,2022,R,,temple,massachusetts,H,28,0,0,,
2022-09-24,2022,R,,massachusetts,temple,A,0,28,0,,
2022-09-24,2022,R,,tennessee,florida,H,38,33,0,11.0,20.0
2022-09-24,2022,R,,florida,tennessee,A,33,38,0,20.0,11.0
2022-09-24,2022,R,,texas-a-m,arkansas,N,23,21,0,23.0,10.0
2022-09-24,2022,R,,arkansas,texas-a-m,N,21,23,0,10.0,23.0
2022-09-24,2022,R,,texas-christian,southern-methodist,A,42,34,0,,
2022-09-24,2022,R,,southern-methodist,texas-christian,H,34,42,0,,
2022-09-24,2022,R,,texas-state,houston-baptist,H,34,0,0,,
2022-09-24,2022,R,,houston-baptist,texas-state,A,0,34,0,,
2022-09-24,2022,R,,texas-tech,texas,H,37,34,0,,22.0
2022-09-24,2022,R,,texas,texas-tech,A,34,37,0,22.0,
2022-09-24,2022,R,,texas-san-antonio,texas-southern,H,52,24,0,,
2022-09-24,2022,R,,texas-southern,texas-san-antonio,A,24,52,0,,
2022-09-24,2022,R,,troy,marshall,H,16,7,0,,
2022-09-24,2022,R,,marshall,troy,A,7,16,0,,
2022-09-24,2022,R,,ucla,colorado,A,45,17,0,,
2022-09-24,2022,R,,colorado,ucla,H,17,45,0,,
2022-09-24,2022,R,,utah,arizona-state,A,34,13,0,13.0,
2022-09-24,2022,R,,arizona-state,utah,H,13,34,0,,13.0
2022-09-24,2022,R,,washington,stanford,H,40,22,0,18.0,
2022-09-24,2022,R,,stanford,washington,A,22,40,0,,18.0
2022-09-24,2022,R,,western-kentucky,florida-international,H,73,0,0,,
2022-09-24,2022,R,,florida-international,western-kentucky,A,0,73,0,,
2022-09-29,2022,R,,brigham-young,utah-state,H,38,26,0,19.0,
2022-09-29,2022,R,,utah-state,brigham-young,A,26,38,0,,19.0
2022-09-29,2022,R,,south-carolina,south-carolina-state,H,50,10,0,,
2022-09-29,2022,R,,south-carolina-state,south-carolina,A,10,50,0,,
2022-09-30,2022,R,,boise-state,san-diego-state,H,35,13,0,,
2022-09-30,2022,R,,san-diego-state,boise-state,A,13,35,0,,
2022-09-30,2022,R,,nevada-las-vegas,new-mexico,H,31,20,0,,
2022-09-30,2022,R,,new-mexico,nevada-las-vegas,A,20,31,0,,
2022-09-30,2022,R,,texas-san-antonio,middle-tennessee-state,A,45,30,0,,
2022-09-30,2022,R,,middle-tennessee-state,texas-san-antonio,H,30,45,0,,
2022-09-30,2022,R,,tulane,houston,A,27,24,0,,
2022-09-30,2022,R,,houston,tulane,H,24,27,0,,
2022-09-30,2022,R,,ucla,washington,H,40,32,0,,15.0
2022-09-30,2022,R,,washington,ucla,A,32,40,0,15.0,
2022-10-01,2022,R,,air-force,navy,H,13,10,0,,
2022-10-01,2022,R,,navy,air-force,A,10,13,0,,
2022-10-01,2022,R,,alabama,arkansas,A,49,26,0,2.0,20.0
2022-10-01,2022,R,,arkansas,alabama,H,26,49,0,20.0,2.0
2022-10-01,2022,R,,appalachian-state,citadel,H,49,0,0,,
2022-10-01,2022,R,,citadel,appalachian-state,A,0,49,0,,
2022-10-01,2022,R,,arizona,colorado,H,43,20,0,,
2022-10-01,2022,R,,colorado,arizona,A,20,43,0,,
2022-10-01,2022,R,,arkansas-state,louisiana-monroe,H,45,28,0,,
2022-10-01,2022,R,,louisiana-monroe,arkansas-state,A,28,45,0,,
2022-10-01,2022,R,,ball-state,northern-illinois,H,44,38,0,,
2022-10-01,2022,R,,northern-illinois,ball-state,A,38,44,0,,
2022-10-01,2022,R,,boston-college,louisville,H,34,33,0,,
2022-10-01,2022,R,,louisville,boston-college,A,33,34,0,,
2022-10-01,2022,R,,bowling-green,akron,A,31,28,0,,
2022-10-01,2022,R,,akron,bowling-green,H,28,31,0,,
2022-10-01,2022,R,,buffalo,miami-oh,H,24,20,0,,
2022-10-01,2022,R,,miami-oh,buffalo,A,20,24,0,,
2022-10-01,2022,R,,cincinnati,tulsa,A,31,21,0,,
2022-10-01,2022,R,,tulsa,cincinnati,H,21,31,0,,
2022-10-01,2022,R,,clemson,north-carolina-state,H,30,20,0,5.0,10.0
2022-10-01,2022,R,,north-carolina-state,clemson,A,20,30,0,10.0,5.0
2022-10-01,2022,R,,coastal-carolina,georgia-southern,H,34,30,0,,
2022-10-01,2022,R,,georgia-southern,coastal-carolina,A,30,34,0,,
2022-10-01,2022,R,,connecticut,fresno-state,H,19,14,0,,
2022-10-01,2022,R,,fresno-state,connecticut,A,14,19,0,,
2022-10-01,2022,R,,duke,virginia,H,38,17,0,,
2022-10-01,2022,R,,virginia,duke,A,17,38,0,,
2022-10-01,2022,R,,east-carolina,south-florida,N,48,28,0,,
2022-10-01,2022,R,,south-florida,east-carolina,N,28,48,0,,
2022-10-01,2022,R,,eastern-michigan,massachusetts,H,20,13,0,,
2022-10-01,2022,R,,massachusetts,eastern-michigan,A,13,20,0,,
2022-10-01,2022,R,,florida-international,new-mexico-state,A,21,7,0,,
2022-10-01,2022,R,,new-mexico-state,florida-international,H,7,21,0,,
2022-10-01,2022,R,,georgia,missouri,A,26,22,0,1.0,
2022-10-01,2022,R,,missouri,georgia,H,22,26,0,,1.0
2022-10-01,2022,R,,georgia-state,army,A,31,14,0,,
2022-10-01,2022,R,,army,georgia-state,H,14,31,0,,
2022-10-01,2022,R,,georgia-tech,pittsburgh,A,26,21,0,,24.0
2022-10-01,2022,R,,pittsburgh,georgia-tech,H,21,26,0,24.0,
2022-10-01,2022,R,,illinois,wisconsin,A,34,10,0,,
2022-10-01,2022,R,,wisconsin,illinois,H,10,34,0,,
2022-10-01,2022,R,,james-madison,texas-state,H,40,13,0,,
2022-10-01,2022,R,,texas-state,james-madison,A,13,40,0,,
2022-10-01,2022,R,,kansas,iowa-state,H,14,11,0,,
2022-10-01,2022,R,,iowa-state,kansas,A,11,14,0,,
2022-10-01,2022,R,,kansas-state,texas-tech,H,37,28,0,25.0,
2022-10-01,2022,R,,texas-tech,kansas-state,A,28,37,0,,25.0
2022-10-01,2022,R,,kent-state,ohio,H,31,24,0,,
2022-10-01,2022,R,,ohio,kent-state,A,24,31,0,,
2022-10-01,2022,R,,liberty,old-dominion,A,38,24,0,,
2022-10-01,2022,R,,old-dominion,liberty,H,24,38,0,,
2022-10-01,2022,R,,louisiana-state,auburn,A,21,17,0,,
2022-10-01,2022,R,,auburn,louisiana-state,H,17,21,0,,
2022-10-01,2022,R,,marshall,gardner-webb,H,28,7,0,,
2022-10-01,2022,R,,gardner-webb,marshall,A,7,28,0,,
2022-10-01,2022,R,,maryland,michigan-state,H,27,13,0,,
2022-10-01,2022,R,,michigan-state,maryland,A,13,27,0,,
2022-10-01,2022,R,,memphis,temple,H,24,3,0,,
2022-10-01,2022,R,,temple,memphis,A,3,24,0,,
2022-10-01,2022,R,,michigan,iowa,A,27,14,0,4.0,
2022-10-01,2022,R,,iowa,michigan,H,14,27,0,,4.0
2022-10-01,2022,R,,mississippi,kentucky,H,22,19,0,14.0,7.0
2022-10-01,2022,R,,kentucky,mississippi,A,19,22,0,7.0,14.0
2022-10-01,2022,R,,mississippi-state,texas-a-m,H,42,24,0,,17.0
2022-10-01,2022,R,,texas-a-m,mississippi-state,A,24,42,0,17.0,
2022-10-01,2022,R,,nebraska,indiana,H,35,21,0,,
2022-10-01,2022,R,,indiana,nebraska,A,21,35,0,,
2022-10-01,2022,R,,north-carolina,virginia-tech,H,41,10,0,,
2022-10-01,2022,R,,virginia-tech,north-carolina,A,10,41,0,,
2022-10-01,2022,R,,north-texas,florida-atlantic,H,45,28,0,,
2022-10-01,2022,R,,florida-atlantic,north-texas,A,28,45,0,,
2022-10-01,2022,R,,ohio-state,rutgers,H,49,10,0,3.0,
2022-10-01,2022,R,,rutgers,ohio-state,A,10,49,0,,3.0
2022-10-01,2022,R,,oklahoma-state,baylor,A,36,25,0,9.0,16.0
2022-10-01,2022,R,,baylor,oklahoma-state,H,25,36,0,16.0,9.0
2022-10-01,2022,R,,oregon,stanford,H,45,27,0,13.0,
2022-10-01,2022,R,,stanford,oregon,A,27,45,0,,13.0
2022-10-01,2022,R,,penn-state,northwestern,H,17,7,0,11.0,
2022-10-01,2022,R,,northwestern,penn-state,A,7,17,0,,11.0
2022-10-01,2022,R,,purdue,minnesota,A,20,10,0,,21.0
2022-10-01,2022,R,,minnesota,purdue,H,10,20,0,21.0,
2022-10-01,2022,R,,rice,alabama-birmingham,H,28,24,0,,
2022-10-01,2022,R,,alabama-birmingham,rice,A,24,28,0,,
2022-10-01,2022,R,,san-jose-state,wyoming,A,33,16,0,,
2022-10-01,2022,R,,wyoming,san-jose-state,H,16,33,0,,
2022-10-01,2022,R,,south-alabama,louisiana,A,20,17,0,,
2022-10-01,2022,R,,louisiana,south-alabama,H,17,20,0,,
2022-10-01,2022,R,,southern-california,arizona-state,H,42,25,0,6.0,
2022-10-01,2022,R,,arizona-state,southern-california,A,25,42,0,,6.0
2022-10-01,2022,R,,syracuse,wagner,H,59,0,0,,
2022-10-01,2022,R,,wagner,syracuse,A,0,59,0,,
2022-10-01,2022,R,,texas,west-virginia,H,38,20,0,,
2022-10-01,2022,R,,west-virginia,texas,A,20,38,0,,
2022-10-01,2022,R,,texas-christian,oklahoma,H,55,24,0,,18.0
2022-10-01,2022,R,,oklahoma,texas-christian,A,24,55,0,18.0,
2022-10-01,2022,R,,texas-el-paso,charlotte,A,41,35,0,,
2022-10-01,2022,R,,charlotte,texas-el-paso,H,35,41,0,,
2022-10-01,2022,R,,toledo,central-michigan,H,38,17,0,,
2022-10-01,2022,R,,central-michigan,toledo,A,17,38,0,,
2022-10-01,2022,R,,troy,western-kentucky,A,34,27,0,,
2022-10-01,2022,R,,western-kentucky,troy,H,27,34,0,,
2022-10-01,2022,R,,utah,oregon-state,H,42,16,0,12.0,
2022-10-01,2022,R,,oregon-state,utah,A,16,42,0,,12.0
2022-10-01,2022,R,,wake-forest,florida-state,A,31,21,0,22.0,23.0
2022-10-01,2022,R,,florida-state,wake-forest,H,21,31,0,23.0,22.0
2022-10-01,2022,R,,washington-state,california,H,28,9,0,,
2022-10-01,2022,R,,california,washington-state,A,9,28,0,,
2022-10-01,2022,R,,western-michigan,new-hampshire,H,44,7,0,,
2022-10-01,2022,R,,new-hampshire,western-michigan,A,7,44,0,,
2022-10-02,2022,R,,florida,eastern-washington,H,52,17,0,,
2022-10-02,2022,R,,eastern-washington,florida,A,17,52,0,,
2022-10-05,2022,R,,central-florida,southern-methodist,H,41,19,0,,
2022-10-05,2022,R,,southern-methodist,central-florida,A,19,41,0,,
2022-10-07,2022,R,,colorado-state,nevada,A,17,14,0,,
2022-10-07,2022,R,,nevada,colorado-state,H,14,17,0,,
2022-10-07,2022,R,,houston,memphis,A,33,32,0,,
2022-10-07,2022,R,,memphis,houston,H,32,33,0,,
2022-10-07,2022,R,,nebraska,rutgers,A,14,13,0,,
2022-10-07,2022,R,,rutgers,nebraska,H,13,14,0,,
2022-10-07,2022,R,,san-jose-state,nevada-las-vegas,H,40,7,0,,
2022-10-07,2022,R,,nevada-las-vegas,san-jose-state,A,7,40,0,,
2022-10-08,2022,R,,alabama,texas-a-m,H,24,20,0,1.0,
2022-10-08,2022,R,,texas-a-m,alabama,A,20,24,0,,1.0
2022-10-08,2022,R,,alabama-birmingham,middle-tennessee-state,H,41,14,0,,
2022-10-08,2022,R,,middle-tennessee-state,alabama-birmingham,A,14,41,0,,
2022-10-08,2022,R,,arizona-state,washington,H,45,38,0,,21.0
2022-10-08,2022,R,,washington,arizona-state,A,38,45,0,21.0,
2022-10-08,2022,R,,ball-state,central-michigan,A,17,16,0,,
2022-10-08,2022,R,,central-michigan,ball-state,H,16,17,0,,
2022-10-08,2022,R,,boise-state,fresno-state,H,40,20,0,,
2022-10-08,2022,R,,fresno-state,boise-state,A,20,40,0,,
2022-10-08,2022,R,,buffalo,bowling-green,A,38,7,0,,
2022-10-08,2022,R,,bowling-green,buffalo,H,7,38,0,,
2022-10-08,2022,R,,cincinnati,south-florida,H,28,24,0,24.0,
2022-10-08,2022,R,,south-florida,cincinnati,A,24,28,0,,24.0
2022-10-08,2022,R,,clemson,boston-college,A,31,3,0,5.0,
2022-10-08,2022,R,,boston-college,clemson,H,3,31,0,,5.0
2022-10-08,2022,R,,coastal-carolina,louisiana-monroe,A,28,21,0,,
2022-10-08,2022,R,,louisiana-monroe,coastal-carolina,H,21,28,0,,
2022-10-08,2022,R,,connecticut,florida-international,A,33,12,0,,
2022-10-08,2022,R,,florida-international,connecticut,H,12,33,0,,
2022-10-08,2022,R,,eastern-michigan,western-michigan,A,45,23,0,,
2022-10-08,2022,R,,western-michigan,eastern-michigan,H,23,45,0,,
2022-10-08,2022,R,,florida,missouri,H,24,17,0,,
2022-10-08,2022,R,,missouri,florida,A,17,24,0,,
2022-10-08,2022,R,,georgia,auburn,H,42,10,0,2.0,
2022-10-08,2022,R,,auburn,georgia,A,10,42,0,,2.0
2022-10-08,2022,R,,georgia-state,georgia-southern,H,41,33,0,,
2022-10-08,2022,R,,georgia-southern,georgia-state,A,33,41,0,,
2022-10-08,2022,R,,georgia-tech,duke,H,23,20,0,,
2022-10-08,2022,R,,duke,georgia-tech,A,20,23,0,,
2022-10-08,2022,R,,illinois,iowa,H,9,6,0,,
2022-10-08,2022,R,,iowa,illinois,A,6,9,0,,
2022-10-08,2022,R,,james-madison,arkansas-state,A,42,20,0,,
2022-10-08,2022,R,,arkansas-state,james-madison,H,20,42,0,,
2022-10-08,2022,R,,kansas-state,iowa-state,A,10,9,0,20.0,
2022-10-08,2022,R,,iowa-state,kansas-state,H,9,10,0,,20.0
2022-10-08,2022,R,,liberty,massachusetts,A,42,24,0,,
2022-10-08,2022,R,,massachusetts,liberty,H,24,42,0,,
2022-10-08,2022,R,,louisiana-tech,texas-el-paso,H,41,31,0,,
2022-10-08,2022,R,,texas-el-paso,louisiana-tech,A,31,41,0,,
2022-10-08,2022,R,,louisville,virginia,A,34,17,0,,
2022-10-08,2022,R,,virginia,louisville,H,17,34,0,,
2022-10-08,2022,R,,miami-oh,kent-state,H,27,24,0,,
2022-10-08,2022,R,,kent-state,miami-oh,A,24,27,0,,
2022-10-08,2022,R,,michigan,indiana,A,31,10,0,4.0,
2022-10-08,2022,R,,indiana,michigan,H,10,31,0,,4.0
2022-10-08,2022,R,,mississippi,vanderbilt,A,52,28,0,9.0,
2022-10-08,2022,R,,vanderbilt,mississippi,H,28,52,0,,9.0
2022-10-08,2022,R,,mississippi-state,arkansas,H,40,17,0,23.0,
2022-10-08,2022,R,,arkansas,mississippi-state,A,17,40,0,,23.0
2022-10-08,2022,R,,navy,tulsa,H,53,21,0,,
2022-10-08,2022,R,,tulsa,navy,A,21,53,0,,
2022-10-08,2022,R,,north-carolina,miami-fl,A,27,24,0,,
2022-10-08,2022,R,,miami-fl,north-carolina,H,24,27,0,,
2022-10-08,2022,R,,north-carolina-state,florida-state,H,19,17,0,14.0,
2022-10-08,2022,R,,florida-state,north-carolina-state,A,17,19,0,,14.0
2022-10-08,2022,R,,notre-dame,brigham-young,N,28,20,0,,16.0
2022-10-08,2022,R,,brigham-young,notre-dame,N,20,28,0,16.0,
2022-10-08,2022,R,,ohio,akron,H,55,34,0,,
2022-10-08,2022,R,,akron,ohio,A,34,55,0,,
2022-10-08,2022,R,,ohio-state,michigan-state,A,49,20,0,3.0,
2022-10-08,2022,R,,michigan-state,ohio-state,H,20,49,0,,3.0
2022-10-08,2022,R,,oklahoma-state,texas-tech,H,41,31,0,7.0,
2022-10-08,2022,R,,texas-tech,oklahoma-state,A,31,41,0,,7.0
2022-10-08,2022,R,,oregon,arizona,A,49,22,0,12.0,
2022-10-08,2022,R,,arizona,oregon,H,22,49,0,,12.0
2022-10-08,2022,R,,oregon-state,stanford,A,28,27,0,,
2022-10-08,2022,R,,stanford,oregon-state,H,27,28,0,,
2022-10-08,2022,R,,pittsburgh,virginia-tech,H,45,29,0,,
2022-10-08,2022,R,,virginia-tech,pittsburgh,A,29,45,0,,
2022-10-08,2022,R,,purdue,maryland,A,31,29,0,,
2022-10-08,2022,R,,maryland,purdue,H,29,31,0,,
2022-10-08,2022,R,,san-diego-state,hawaii,H,16,14,0,,
2022-10-08,2022,R,,hawaii,san-diego-state,A,14,16,0,,
2022-10-08,2022,R,,south-carolina,kentucky,A,24,14,0,,13.0
2022-10-08,2022,R,,kentucky,south-carolina,H,14,24,0,13.0,
2022-10-08,2022,R,,southern-california,washington-state,H,30,14,0,6.0,
2022-10-08,2022,R,,washington-state,southern-california,A,14,30,0,,6.0
2022-10-08,2022,R,,tennessee,louisiana-state,A,40,13,0,8.0,25.0
2022-10-08,2022,R,,louisiana-state,tennessee,H,13,40,0,25.0,8.0
2022-10-08,2022,R,,texas,oklahoma,N,49,0,0,,
2022-10-08,2022,R,,oklahoma,texas,N,0,49,0,,
2022-10-08,2022,R,,texas-christian,kansas,A,38,31,0,17.0,19.0
2022-10-08,2022,R,,kansas,texas-christian,H,31,38,0,19.0,17.0
2022-10-08,2022,R,,texas-state,appalachian-state,H,36,24,0,,
2022-10-08,2022,R,,appalachian-state,texas-state,A,24,36,0,,
2022-10-08,2022,R,,texas-san-antonio,western-kentucky,H,31,28,0,,
2022-10-08,2022,R,,western-kentucky,texas-san-antonio,A,28,31,0,,
2022-10-08,2022,R,,toledo,northern-illinois,A,52,32,0,,
2022-10-08,2022,R,,northern-illinois,toledo,H,32,52,0,,
2022-10-08,2022,R,,troy,southern-mississippi,H,27,10,0,,
2022-10-08,2022,R,,southern-mississippi,troy,A,10,27,0,,
2022-10-08,2022,R,,tulane,east-carolina,H,24,9,0,,
2022-10-08,2022,R,,east-carolina,tulane,A,9,24,0,,
2022-10-08,2022,R,,ucla,utah,H,42,32,0,18.0,11.0
2022-10-08,2022,R,,utah,ucla,A,32,42,0,11.0,18.0
2022-10-08,2022,R,,utah-state,air-force,H,34,27,0,,
2022-10-08,2022,R,,air-force,utah-state,A,27,34,0,,
2022-10-08,2022,R,,wake-forest,army,H,45,10,0,15.0,
2022-10-08,2022,R,,army,wake-forest,A,10,45,0,,15.0
2022-10-08,2022,R,,wisconsin,northwestern,A,42,7,0,,
2022-10-08,2022,R,,northwestern,wisconsin,H,7,42,0,,
2022-10-08,2022,R,,wyoming,new-mexico,A,27,14,0,,
2022-10-08,2022,R,,new-mexico,wyoming,H,14,27,0,,
2022-10-12,2022,R,,louisiana,marshall,A,23,13,0,,
2022-10-12,2022,R,,marshall,louisiana,H,13,23,0,,
2022-10-13,2022,R,,central-florida,temple,H,70,13,0,,
2022-10-13,2022,R,,temple,central-florida,A,13,70,0,,
2022-10-13,2022,R,,west-virginia,baylor,H,43,40,0,,
2022-10-13,2022,R,,baylor,west-virginia,A,40,43,0,,
2022-10-14,2022,R,,southern-methodist,navy,H,40,34,0,,
2022-10-14,2022,R,,navy,southern-methodist,A,34,40,0,,
2022-10-14,2022,R,,texas-san-antonio,florida-international,A,30,10,0,,
2022-10-14,2022,R,,florida-international,texas-san-antonio,H,10,30,0,,
2022-10-15,2022,R,,air-force,nevada-las-vegas,A,42,7,0,,
2022-10-15,2022,R,,nevada-las-vegas,air-force,H,7,42,0,,
2022-10-15,2022,R,,alabama-birmingham,charlotte,H,34,20,0,,
2022-10-15,2022,R,,charlotte,alabama-birmingham,A,20,34,0,,
2022-10-15,2022,R,,arkansas,brigham-young,A,52,35,0,,
2022-10-15,2022,R,,brigham-young,arkansas,H,35,52,0,,
2022-10-15,2022,R,,army,colgate,H,42,17,0,,
2022-10-15,2022,R,,colgate,army,A,17,42,0,,
2022-10-15,2022,R,,ball-state,connecticut,H,25,21,0,,
2022-10-15,2022,R,,connecticut,ball-state,A,21,25,0,,
2022-10-15,2022,R,,bowling-green,miami-oh,H,17,13,0,,
2022-10-15,2022,R,,miami-oh,bowling-green,A,13,17,0,,
2022-10-15,2022,R,,buffalo,massachusetts,A,34,7,0,,
2022-10-15,2022,R,,massachusetts,buffalo,H,7,34,0,,
2022-10-15,2022,R,,central-michigan,akron,A,28,21,0,,
2022-10-15,2022,R,,akron,central-michigan,H,21,28,0,,
2022-10-15,2022,R,,clemson,florida-state,A,34,28,0,4.0,
2022-10-15,2022,R,,florida-state,clemson,H,28,34,0,,4.0
2022-10-15,2022,R,,colorado,california,H,20,13,0,,
2022-10-15,2022,R,,california,colorado,A,13,20,0,,
2022-10-15,2022,R,,east-carolina,memphis,H,47,45,0,,
2022-10-15,2022,R,,memphis,east-carolina,A,45,47,0,,
2022-10-15,2022,R,,florida-atlantic,rice,H,17,14,0,,
2022-10-15,2022,R,,rice,florida-atlantic,A,14,17,0,,
2022-10-15,2022,R,,fresno-state,san-jose-state,H,17,10,0,,
2022-10-15,2022,R,,san-jose-state,fresno-state,A,10,17,0,,
2022-10-15,2022,R,,georgia,vanderbilt,H,55,0,0,1.0,
2022-10-15,2022,R,,vanderbilt,georgia,A,0,55,0,,1.0
2022-10-15,2022,R,,georgia-southern,james-madison,H,45,38,0,,25.0
2022-10-15,2022,R,,james-madison,georgia-southern,A,38,45,0,25.0,
2022-10-15,2022,R,,hawaii,nevada,H,31,16,0,,
2022-10-15,2022,R,,nevada,hawaii,A,16,31,0,,
2022-10-15,2022,R,,illinois,minnesota,H,26,14,0,24.0,
2022-10-15,2022,R,,minnesota,illinois,A,14,26,0,,24.0
2022-10-15,2022,R,,kentucky,mississippi-state,H,27,17,0,22.0,16.0
2022-10-15,2022,R,,mississippi-state,kentucky,A,17,27,0,16.0,22.0
2022-10-15,2022,R,,liberty,gardner-webb,H,21,20,0,,
2022-10-15,2022,R,,gardner-webb,liberty,A,20,21,0,,
2022-10-15,2022,R,,louisiana-state,florida,A,45,35,0,,
2022-10-15,2022,R,,florida,louisiana-state,H,35,45,0,,
2022-10-15,2022,R,,maryland,indiana,A,38,33,0,,
2022-10-15,2022,R,,indiana,maryland,H,33,38,0,,
2022-10-15,2022,R,,miami-fl,virginia-tech,A,20,14,0,,
2022-10-15,2022,R,,virginia-tech,miami-fl,H,14,20,0,,
2022-10-15,2022,R,,michigan,penn-state,H,41,17,0,5.0,10.0
2022-10-15,2022,R,,penn-state,michigan,A,17,41,0,10.0,5.0
2022-10-15,2022,R,,michigan-state,wisconsin,H,34,28,0,,
2022-10-15,2022,R,,wisconsin,michigan-state,A,28,34,0,,
2022-10-15,2022,R,,mississippi,auburn,H,48,34,0,9.0,
2022-10-15,2022,R,,auburn,mississippi,A,34,48,0,,9.0
2022-10-15,2022,R,,new-mexico-state,new-mexico,H,21,9,0,,
2022-10-15,2022,R,,new-mexico,new-mexico-state,A,9,21,0,,
2022-10-15,2022,R,,north-carolina,duke,A,38,35,0,,
2022-10-15,2022,R,,duke,north-carolina,H,35,38,0,,
2022-10-15,2022,R,,north-texas,louisiana-tech,H,47,27,0,,
2022-10-15,2022,R,,louisiana-tech,north-texas,A,27,47,0,,
2022-10-15,2022,R,,northern-illinois,eastern-michigan,A,39,10,0,,
2022-10-15,2022,R,,eastern-michigan,northern-illinois,H,10,39,0,,
2022-10-15,2022,R,,ohio,western-michigan,A,33,14,0,,
2022-10-15,2022,R,,western-michigan,ohio,H,14,33,0,,
2022-10-15,2022,R,,oklahoma,kansas,H,52,42,0,,19.0
2022-10-15,2022,R,,kansas,oklahoma,A,42,52,0,19.0,
2022-10-15,2022,R,,old-dominion,coastal-carolina,A,49,21,0,,
2022-10-15,2022,R,,coastal-carolina,old-dominion,H,21,49,0,,
2022-10-15,2022,R,,oregon-state,washington-state,H,24,10,0,,
2022-10-15,2022,R,,washington-state,oregon-state,A,10,24,0,,
2022-10-15,2022,R,,purdue,nebraska,H,43,37,0,,
2022-10-15,2022,R,,nebraska,purdue,A,37,43,0,,
2022-10-15,2022,R,,south-alabama,louisiana-monroe,H,41,34,0,,
2022-10-15,2022,R,,louisiana-monroe,south-alabama,A,34,41,0,,
2022-10-15,2022,R,,southern-mississippi,arkansas-state,H,20,19,0,,
2022-10-15,2022,R,,arkansas-state,southern-mississippi,A,19,20,0,,
2022-10-15,2022,R,,stanford,notre-dame,A,16,14,0,,
2022-10-15,2022,R,,notre-dame,stanford,H,14,16,0,,
2022-10-15,2022,R,,syracuse,north-carolina-state,H,24,9,0,18.0,15.0
2022-10-15,2022,R,,north-carolina-state,syracuse,A,9,24,0,15.0,18.0
2022-10-15,2022,R,,tennessee,alabama,H,52,49,0,6.0,3.0
2022-10-15,2022,R,,alabama,tennessee,A,49,52,0,3.0,6.0
2022-10-15,2022,R,,texas,iowa-state,H,24,21,0,22.0,
2022-10-15,2022,R,,iowa-state,texas,A,21,24,0,,22.0
2022-10-15,2022,R,,texas-christian,oklahoma-state,H,43,40,0,13.0,8.0
2022-10-15,2022,R,,oklahoma-state,texas-christian,A,40,43,0,8.0,13.0
2022-10-15,2022,R,,toledo,kent-state,H,52,31,0,,
2022-10-15,2022,R,,kent-state,toledo,A,31,52,0,,
2022-10-15,2022,R,,troy,texas-state,H,17,14,0,,
2022-10-15,2022,R,,texas-state,troy,A,14,17,0,,
2022-10-15,2022,R,,tulane,south-florida,A,45,31,0,,
2022-10-15,2022,R,,south-florida,tulane,H,31,45,0,,
2022-10-15,2022,R,,utah,southern-california,H,43,42,0,20.0,7.0
2022-10-15,2022,R,,southern-california,utah,A,42,43,0,7.0,20.0
2022-10-15,2022,R,,utah-state,colorado-state,A,17,13,0,,
2022-10-15,2022,R,,colorado-state,utah-state,H,13,17,0,,
2022-10-15,2022,R,,washington,arizona,H,49,39,0,,
2022-10-15,2022,R,,arizona,washington,A,39,49,0,,
2022-10-15,2022,R,,western-kentucky,middle-tennessee-state,A,35,17,0,,
2022-10-15,2022,R,,middle-tennessee-state,western-kentucky,H,17,35,0,,
2022-10-19,2022,R,,appalachian-state,georgia-state,H,42,17,0,,
2022-10-19,2022,R,,georgia-state,appalachian-state,A,17,42,0,,
2022-10-20,2022,R,,troy,south-alabama,A,10,6,0,,
2022-10-20,2022,R,,south-alabama,troy,H,6,10,0,,
2022-10-20,2022,R,,virginia,georgia-tech,A,16,9,0,,
2022-10-20,2022,R,,georgia-tech,virginia,H,9,16,0,,
2022-10-21,2022,R,,tulsa,temple,A,27,16,0,,
2022-10-21,2022,R,,temple,tulsa,H,16,27,0,,
2022-10-21,2022,R,,western-kentucky,alabama-birmingham,H,20,17,0,,
2022-10-21,2022,R,,alabama-birmingham,western-kentucky,A,17,20,0,,
2022-10-22,2022,R,,alabama,mississippi-state,H,30,6,0,6.0,24.0
2022-10-22,2022,R,,mississippi-state,alabama,A,6,30,0,24.0,6.0
2022-10-22,2022,R,,army,louisiana-monroe,H,48,24,0,,
2022-10-22,2022,R,,louisiana-monroe,army,A,24,48,0,,
2022-10-22,2022,R,,baylor,kansas,H,35,23,0,,
2022-10-22,2022,R,,kansas,baylor,A,23,35,0,,
2022-10-22,2022,R,,boise-state,air-force,A,19,14,0,,
2022-10-22,2022,R,,air-force,boise-state,H,14,19,0,,
2022-10-22,2022,R,,bowling-green,central-michigan,A,34,18,0,,
2022-10-22,2022,R,,central-michigan,bowling-green,H,18,34,0,,
2022-10-22,2022,R,,buffalo,toledo,H,34,27,0,,
2022-10-22,2022,R,,toledo,buffalo,A,27,34,0,,
2022-10-22,2022,R,,cincinnati,southern-methodist,A,29,27,0,21.0,
2022-10-22,2022,R,,southern-methodist,cincinnati,H,27,29,0,,21.0
2022-10-22,2022,R,,clemson,syracuse,H,27,21,0,5.0,14.0
2022-10-22,2022,R,,syracuse,clemson,A,21,27,0,14.0,5.0
2022-10-22,2022,R,,colorado-state,hawaii,H,17,13,0,,
2022-10-22,2022,R,,hawaii,colorado-state,A,13,17,0,,
2022-10-22,2022,R,,duke,miami-fl,A,45,21,0,,
2022-10-22,2022,R,,miami-fl,duke,H,21,45,0,,
2022-10-22,2022,R,,east-carolina,central-florida,H,34,13,0,,
2022-10-22,2022,R,,central-florida,east-carolina,A,13,34,0,,
2022-10-22,2022,R,,eastern-michigan,ball-state,A,20,16,0,,
2022-10-22,2022,R,,ball-state,eastern-michigan,H,16,20,0,,
2022-10-22,2022,R,,florida-international,charlotte,A,34,15,0,,
2022-10-22,2022,R,,charlotte,florida-international,H,15,34,0,,
2022-10-22,2022,R,,fresno-state,new-mexico,A,41,9,0,,
2022-10-22,2022,R,,new-mexico,fresno-state,H,9,41,0,,
2022-10-22,2022,R,,georgia-southern,old-dominion,A,28,23,0,,
2022-10-22,2022,R,,old-dominion,georgia-southern,H,23,28,0,,
2022-10-22,2022,R,,houston,navy,A,38,20,0,,
2022-10-22,2022,R,,navy,houston,H,20,38,0,,
2022-10-22,2022,R,,kent-state,akron,H,33,27,0,,
2022-10-22,2022,R,,akron,kent-state,A,27,33,0,,
2022-10-22,2022,R,,liberty,brigham-young,H,41,14,0,,
2022-10-22,2022,R,,brigham-young,liberty,A,14,41,0,,
2022-10-22,2022,R,,louisiana,arkansas-state,H,38,18,0,,
2022-10-22,2022,R,,arkansas-state,louisiana,A,18,38,0,,
2022-10-22,2022,R,,louisiana-state,mississippi,H,45,20,0,,7.0
2022-10-22,2022,R,,mississippi,louisiana-state,A,20,45,0,7.0,
2022-10-22,2022,R,,louisville,pittsburgh,H,24,10,0,,
2022-10-22,2022,R,,pittsburgh,louisville,A,10,24,0,,
2022-10-22,2022,R,,marshall,james-madison,A,26,12,0,,
2022-10-22,2022,R,,james-madison,marshall,H,12,26,0,,
2022-10-22,2022,R,,maryland,northwestern,H,31,24,0,,
2022-10-22,2022,R,,northwestern,maryland,A,24,31,0,,
2022-10-22,2022,R,,missouri,vanderbilt,H,17,14,0,,
2022-10-22,2022,R,,vanderbilt,missouri,A,14,17,0,,
2022-10-22,2022,R,,notre-dame,nevada-las-vegas,H,44,21,0,,
2022-10-22,2022,R,,nevada-las-vegas,notre-dame,A,21,44,0,,
2022-10-22,2022,R,,ohio,northern-illinois,H,24,17,0,,
2022-10-22,2022,R,,northern-illinois,ohio,A,17,24,0,,
2022-10-22,2022,R,,ohio-state,iowa,H,54,10,0,2.0,
2022-10-22,2022,R,,iowa,ohio-state,A,10,54,0,,2.0
2022-10-22,2022,R,,oklahoma-state,texas,H,41,34,0,11.0,20.0
2022-10-22,2022,R,,texas,oklahoma-state,A,34,41,0,20.0,11.0
2022-10-22,2022,R,,oregon,ucla,H,45,30,0,10.0,9.0
2022-10-22,2022,R,,ucla,oregon,A,30,45,0,9.0,10.0
2022-10-22,2022,R,,oregon-state,colorado,H,42,9,0,,
2022-10-22,2022,R,,colorado,oregon-state,A,9,42,0,,
2022-10-22,2022,R,,penn-state,minnesota,H,45,17,0,16.0,
2022-10-22,2022,R,,minnesota,penn-state,A,17,45,0,,16.0
2022-10-22,2022,R,,rice,louisiana-tech,A,42,41,0,,
2022-10-22,2022,R,,louisiana-tech,rice,H,41,42,0,,
2022-10-22,2022,R,,rutgers,indiana,H,24,17,0,,
2022-10-22,2022,R,,indiana,rutgers,A,17,24,0,,
2022-10-22,2022,R,,san-diego-state,nevada,A,23,7,0,,
2022-10-22,2022,R,,nevada,san-diego-state,H,7,23,0,,
2022-10-22,2022,R,,south-carolina,texas-a-m,H,30,24,0,,
2022-10-22,2022,R,,texas-a-m,south-carolina,A,24,30,0,,
2022-10-22,2022,R,,southern-mississippi,texas-state,A,20,14,0,,
2022-10-22,2022,R,,texas-state,southern-mississippi,H,14,20,0,,
2022-10-22,2022,R,,stanford,arizona-state,H,15,14,0,,
2022-10-22,2022,R,,arizona-state,stanford,A,14,15,0,,
2022-10-22,2022,R,,tennessee,tennessee-martin,H,65,24,0,3.0,
2022-10-22,2022,R,,tennessee-martin,tennessee,A,24,65,0,,3.0
2022-10-22,2022,R,,texas-christian,kansas-state,H,38,28,0,8.0,17.0
2022-10-22,2022,R,,kansas-state,texas-christian,A,28,38,0,17.0,8.0
2022-10-22,2022,R,,texas-tech,west-virginia,H,48,10,0,,
2022-10-22,2022,R,,west-virginia,texas-tech,A,10,48,0,,
2022-10-22,2022,R,,texas-el-paso,florida-atlantic,H,24,21,0,,
2022-10-22,2022,R,,florida-atlantic,texas-el-paso,A,21,24,0,,
2022-10-22,2022,R,,texas-san-antonio,north-texas,H,31,27,0,,
2022-10-22,2022,R,,north-texas,texas-san-antonio,A,27,31,0,,
2022-10-22,2022,R,,tulane,memphis,H,38,28,0,25.0,
2022-10-22,2022,R,,memphis,tulane,A,28,38,0,,25.0
2022-10-22,2022,R,,wake-forest,boston-college,H,43,15,0,13.0,
2022-10-22,2022,R,,boston-college,wake-forest,A,15,43,0,,13.0
2022-10-22,2022,R,,washington,california,A,28,21,0,,
2022-10-22,2022,R,,california,washington,H,21,28,0,,
2022-10-22,2022,R,,western-michigan,miami-oh,A,16,10,0,,
2022-10-22,2022,R,,miami-oh,western-michigan,H,10,16,0,,
2022-10-22,2022,R,,wisconsin,purdue,H,35,24,0,,
2022-10-22,2022,R,,purdue,wisconsin,A,24,35,0,,
2022-10-22,2022,R,,wyoming,utah-state,H,28,14,0,,
2022-10-22,2022,R,,utah-state,wyoming,A,14,28,0,,
2022-10-27,2022,R,,north-carolina-state,virginia-tech,H,22,21,0,24.0,
2022-10-27,2022,R,,virginia-tech,north-carolina-state,A,21,22,0,,24.0
2022-10-27,2022,R,,southern-mississippi,louisiana,H,39,24,0,,
2022-10-27,2022,R,,louisiana,southern-mississippi,A,24,39,0,,
2022-10-27,2022,R,,utah,washington-state,A,21,17,0,14.0,
2022-10-27,2022,R,,washington-state,utah,H,17,21,0,,14.0
2022-10-28,2022,R,,east-carolina,brigham-young,A,27,24,0,,
2022-10-28,2022,R,,brigham-young,east-carolina,H,24,27,0,,
2022-10-28,2022,R,,florida-international,louisiana-tech,H,42,34,0,,
2022-10-28,2022,R,,louisiana-tech,florida-international,A,34,42,0,,
2022-10-29,2022,R,,appalachian-state,robert-morris,H,42,3,0,,
2022-10-29,2022,R,,robert-morris,appalachian-state,A,3,42,0,,
2022-10-29,2022,R,,arizona-state,colorado,A,42,34,0,,
2022-10-29,2022,R,,colorado,arizona-state,H,34,42,0,,
2022-10-29,2022,R,,arkansas,auburn,A,41,27,0,,
2022-10-29,2022,R,,auburn,arkansas,H,27,41,0,,
2022-10-29,2022,R,,baylor,texas-tech,A,45,17,0,,
2022-10-29,2022,R,,texas-tech,baylor,H,17,45,0,,
2022-10-29,2022,R,,boise-state,colorado-state,H,49,10,0,,
2022-10-29,2022,R,,colorado-state,boise-state,A,10,49,0,,
2022-10-29,2022,R,,central-florida,cincinnati,H,25,21,0,,20.0
2022-10-29,2022,R,,cincinnati,central-florida,A,21,25,0,20.0,
2022-10-29,2022,R,,charlotte,rice,A,56,23,0,,
2022-10-29,2022,R,,rice,charlotte,H,23,56,0,,
2022-10-29,2022,R,,coastal-carolina,marshall,A,24,13,0,,
2022-10-29,2022,R,,marshall,coastal-carolina,H,13,24,0,,
2022-10-29,2022,R,,connecticut,boston-college,H,13,3,0,,
2022-10-29,2022,R,,boston-college,connecticut,A,3,13,0,,
2022-10-29,2022,R,,florida-atlantic,alabama-birmingham,H,24,17,0,,
2022-10-29,2022,R,,alabama-birmingham,florida-atlantic,A,17,24,0,,
2022-10-29,2022,R,,florida-state,georgia-tech,H,41,16,0,,
2022-10-29,2022,R,,georgia-tech,florida-state,A,16,41,0,,
2022-10-29,2022,R,,fresno-state,san-diego-state,H,32,28,0,,
2022-10-29,2022,R,,san-diego-state,fresno-state,A,28,32,0,,
2022-10-29,2022,R,,georgia,florida,N,42,20,0,1.0,
2022-10-29,2022,R,,florida,georgia,N,20,42,0,,1.0
2022-10-29,2022,R,,georgia-state,old-dominion,H,31,17,0,,
2022-10-29,2022,R,,old-dominion,georgia-state,A,17,31,0,,
2022-10-29,2022,R,,houston,south-florida,H,42,27,0,,
2022-10-29,2022,R,,south-florida,houston,A,27,42,0,,
2022-10-29,2022,R,,illinois,nebraska,A,26,9,0,17.0,
2022-10-29,2022,R,,nebraska,illinois,H,9,26,0,,17.0
2022-10-29,2022,R,,iowa,northwestern,H,33,13,0,,
2022-10-29,2022,R,,northwestern,iowa,A,13,33,0,,
2022-10-29,2022,R,,kansas-state,oklahoma-state,H,48,0,0,22.0,9.0
2022-10-29,2022,R,,oklahoma-state,kansas-state,A,0,48,0,9.0,22.0
2022-10-29,2022,R,,louisville,wake-forest,H,48,21,0,,10.0
2022-10-29,2022,R,,wake-forest,louisville,A,21,48,0,10.0,
2022-10-29,2022,R,,miami-fl,virginia,A,14,12,0,,
2022-10-29,2022,R,,virginia,miami-fl,H,12,14,0,,
2022-10-29,2022,R,,miami-oh,akron,A,27,9,0,,
2022-10-29,2022,R,,akron,miami-oh,H,9,27,0,,
2022-10-29,2022,R,,michigan,michigan-state,H,29,7,0,4.0,
2022-10-29,2022,R,,michigan-state,michigan,A,7,29,0,,4.0
2022-10-29,2022,R,,middle-tennessee-state,texas-el-paso,A,24,13,0,,
2022-10-29,2022,R,,texas-el-paso,middle-tennessee-state,H,13,24,0,,
2022-10-29,2022,R,,minnesota,rutgers,H,31,0,0,,
2022-10-29,2022,R,,rutgers,minnesota,A,0,31,0,,
2022-10-29,2022,R,,mississippi,texas-a-m,A,31,28,0,15.0,
2022-10-29,2022,R,,texas-a-m,mississippi,H,28,31,0,,15.0
2022-10-29,2022,R,,missouri,south-carolina,A,23,10,0,,25.0
2022-10-29,2022,R,,south-carolina,missouri,H,10,23,0,25.0,
2022-10-29,2022,R,,navy,temple,H,27,20,0,,
2022-10-29,2022,R,,temple,navy,A,20,27,0,,
2022-10-29,2022,R,,new-mexico-state,massachusetts,A,23,13,0,,
2022-10-29,2022,R,,massachusetts,new-mexico-state,H,13,23,0,,
2022-10-29,2022,R,,north-carolina,pittsburgh,H,42,24,0,21.0,
2022-10-29,2022,R,,pittsburgh,north-carolina,A,24,42,0,,21.0
2022-10-29,2022,R,,north-texas,western-kentucky,A,40,13,0,,
2022-10-29,2022,R,,western-kentucky,north-texas,H,13,40,0,,
2022-10-29,2022,R,,notre-dame,syracuse,A,41,24,0,,16.0
2022-10-29,2022,R,,syracuse,notre-dame,H,24,41,0,16.0,
2022-10-29,2022,R,,ohio-state,penn-state,A,44,31,0,2.0,13.0
2022-10-29,2022,R,,penn-state,ohio-state,H,31,44,0,13.0,2.0
2022-10-29,2022,R,,oklahoma,iowa-state,A,27,13,0,,
2022-10-29,2022,R,,iowa-state,oklahoma,H,13,27,0,,
2022-10-29,2022,R,,oregon,california,A,42,24,0,8.0,
2022-10-29,2022,R,,california,oregon,H,24,42,0,,8.0
2022-10-29,2022,R,,san-jose-state,nevada,H,35,28,0,,
2022-10-29,2022,R,,nevada,san-jose-state,A,28,35,0,,
2022-10-29,2022,R,,south-alabama,arkansas-state,A,31,3,0,,
2022-10-29,2022,R,,arkansas-state,south-alabama,H,3,31,0,,
2022-10-29,2022,R,,southern-california,arizona,A,45,37,0,10.0,
2022-10-29,2022,R,,arizona,southern-california,H,37,45,0,,10.0
2022-10-29,2022,R,,southern-methodist,tulsa,A,45,34,0,,
2022-10-29,2022,R,,tulsa,southern-methodist,H,34,45,0,,
2022-10-29,2022,R,,tennessee,kentucky,H,44,6,0,3.0,19.0
2022-10-29,2022,R,,kentucky,tennessee,A,6,44,0,19.0,3.0
2022-10-29,2022,R,,texas-christian,west-virginia,A,41,31,0,7.0,
2022-10-29,2022,R,,west-virginia,texas-christian,H,31,41,0,,7.0
2022-10-29,2022,R,,toledo,eastern-michigan,A,27,24,0,,
2022-10-29,2022,R,,eastern-michigan,toledo,H,24,27,0,,
2022-10-29,2022,R,,ucla,stanford,H,38,13,0,12.0,
2022-10-29,2022,R,,stanford,ucla,A,13,38,0,,12.0
2022-10-30,2022,R,,wyoming,hawaii,A,27,20,0,,
2022-10-30,2022,R,,hawaii,wyoming,H,20,27,0,,
2022-11-01,2022,R,,ball-state,kent-state,A,27,20,0,,
2022-11-01,2022,R,,kent-state,ball-state,H,20,27,0,,
2022-11-01,2022,R,,ohio,buffalo,H,45,24,0,,
2022-11-01,2022,R,,buffalo,ohio,A,24,45,0,,
2022-11-02,2022,R,,bowling-green,western-michigan,H,13,9,0,,
2022-11-02,2022,R,,western-michigan,bowling-green,A,9,13,0,,
2022-11-02,2022,R,,central-michigan,northern-illinois,A,35,22,0,,
2022-11-02,2022,R,,northern-illinois,central-michigan,H,22,35,0,,
2022-11-03,2022,R,,coastal-carolina,appalachian-state,H,35,28,0,,
2022-11-03,2022,R,,appalachian-state,coastal-carolina,A,28,35,0,,
2022-11-03,2022,R,,rice,texas-el-paso,H,37,30,0,,
2022-11-03,2022,R,,texas-el-paso,rice,A,30,37,0,,
2022-11-04,2022,R,,connecticut,massachusetts,H,27,10,0,,
2022-11-04,2022,R,,massachusetts,connecticut,A,10,27,0,,
2022-11-04,2022,R,,duke,boston-college,A,38,31,0,,
2022-11-04,2022,R,,boston-college,duke,H,31,38,0,,
2022-11-04,2022,R,,washington,oregon-state,H,24,21,0,,24.0
2022-11-04,2022,R,,oregon-state,washington,A,21,24,0,24.0,
2022-11-05,2022,R,,air-force,army,N,13,7,0,,
2022-11-05,2022,R,,army,air-force,N,7,13,0,,
2022-11-05,2022,R,,baylor,oklahoma,A,38,35,0,,
2022-11-05,2022,R,,oklahoma,baylor,H,35,38,0,,
2022-11-05,2022,R,,brigham-young,boise-state,A,31,28,0,,
2022-11-05,2022,R,,boise-state,brigham-young,H,28,31,0,,
2022-11-05,2022,R,,central-florida,memphis,A,35,28,0,25.0,
2022-11-05,2022,R,,memphis,central-florida,H,28,35,0,,25.0
2022-11-05,2022,R,,cincinnati,navy,H,20,10,0,,
2022-11-05,2022,R,,navy,cincinnati,A,10,20,0,,
2022-11-05,2022,R,,florida,texas-a-m,A,41,24,0,,
2022-11-05,2022,R,,texas-a-m,florida,H,24,41,0,,
2022-11-05,2022,R,,florida-state,miami-fl,A,45,3,0,,
2022-11-05,2022,R,,miami-fl,florida-state,H,3,45,0,,
2022-11-05,2022,R,,fresno-state,hawaii,H,55,13,0,,
2022-11-05,2022,R,,hawaii,fresno-state,A,13,55,0,,
2022-11-05,2022,R,,georgia,tennessee,H,27,13,0,1.0,2.0
2022-11-05,2022,R,,tennessee,georgia,A,13,27,0,2.0,1.0
2022-11-05,2022,R,,georgia-state,southern-mississippi,A,42,14,0,,
2022-11-05,2022,R,,southern-mississippi,georgia-state,H,14,42,0,,
2022-11-05,2022,R,,georgia-tech,virginia-tech,A,28,27,0,,
2022-11-05,2022,R,,virginia-tech,georgia-tech,H,27,28,0,,
2022-11-05,2022,R,,iowa,purdue,A,24,3,0,,
2022-11-05,2022,R,,purdue,iowa,H,3,24,0,,
2022-11-05,2022,R,,iowa-state,west-virginia,H,31,14,0,,
2022-11-05,2022,R,,west-virginia,iowa-state,A,14,31,0,,
2022-11-05,2022,R,,kansas,oklahoma-state,H,37,16,0,,18.0
2022-11-05,2022,R,,oklahoma-state,kansas,A,16,37,0,18.0,
2022-11-05,2022,R,,kentucky,missouri,A,21,17,0,,
2022-11-05,2022,R,,missouri,kentucky,H,17,21,0,,
2022-11-05,2022,R,,liberty,arkansas,A,21,19,0,23.0,
2022-11-05,2022,R,,arkansas,liberty,H,19,21,0,,23.0
2022-11-05,2022,R,,louisiana-state,alabama,H,32,31,0,15.0,6.0
2022-11-05,2022,R,,alabama,louisiana-state,A,31,32,0,6.0,15.0
2022-11-05,2022,R,,louisiana-tech,middle-tennessee-state,H,40,24,0,,
2022-11-05,2022,R,,middle-tennessee-state,louisiana-tech,A,24,40,0,,
2022-11-05,2022,R,,louisiana-monroe,texas-state,H,31,30,0,,
2022-11-05,2022,R,,texas-state,louisiana-monroe,A,30,31,0,,
2022-11-05,2022,R,,louisville,james-madison,H,34,10,0,,
2022-11-05,2022,R,,james-madison,louisville,A,10,34,0,,
2022-11-05,2022,R,,marshall,old-dominion,A,12,0,0,,
2022-11-05,2022,R,,old-dominion,marshall,H,0,12,0,,
2022-11-05,2022,R,,michigan,rutgers,A,52,17,0,4.0,
2022-11-05,2022,R,,rutgers,michigan,H,17,52,0,,4.0
2022-11-05,2022,R,,michigan-state,illinois,A,23,15,0,,14.0
2022-11-05,2022,R,,illinois,michigan-state,H,15,23,0,14.0,
2022-11-05,2022,R,,minnesota,nebraska,A,20,13,0,,
2022-11-05,2022,R,,nebraska,minnesota,H,13,20,0,,
2022-11-05,2022,R,,mississippi-state,auburn,H,39,33,0,,
2022-11-05,2022,R,,auburn,mississippi-state,A,33,39,0,,
2022-11-05,2022,R,,north-carolina,virginia,A,31,28,0,17.0,
2022-11-05,2022,R,,virginia,north-carolina,H,28,31,0,,17.0
2022-11-05,2022,R,,north-carolina-state,wake-forest,H,30,21,0,21.0,20.0
2022-11-05,2022,R,,wake-forest,north-carolina-state,A,21,30,0,20.0,21.0
2022-11-05,2022,R,,north-texas,florida-international,H,52,14,0,,
2022-11-05,2022,R,,florida-international,north-texas,A,14,52,0,,
2022-11-05,2022,R,,notre-dame,clemson,H,35,14,0,,5.0
2022-11-05,2022,R,,clemson,notre-dame,A,14,35,0,5.0,
2022-11-05,2022,R,,ohio-state,northwestern,A,21,7,0,2.0,
2022-11-05,2022,R,,northwestern,ohio-state,H,7,21,0,,2.0
2022-11-05,2022,R,,oregon,colorado,A,49,10,0,8.0,
2022-11-05,2022,R,,colorado,oregon,H,10,49,0,,8.0
2022-11-05,2022,R,,penn-state,indiana,A,45,14,0,16.0,
2022-11-05,2022,R,,indiana,penn-state,H,14,45,0,,16.0
2022-11-05,2022,R,,pittsburgh,syracuse,H,19,9,0,,22.0
2022-11-05,2022,R,,syracuse,pittsburgh,A,9,19,0,22.0,
2022-11-05,2022,R,,san-diego-state,nevada-las-vegas,H,14,10,0,,
2022-11-05,2022,R,,nevada-las-vegas,san-diego-state,A,10,14,0,,
2022-11-05,2022,R,,san-jose-state,colorado-state,H,28,16,0,,
2022-11-05,2022,R,,colorado-state,san-jose-state,A,16,28,0,,
2022-11-05,2022,R,,south-alabama,georgia-southern,A,38,31,0,,
2022-11-05,2022,R,,georgia-southern,south-alabama,H,31,38,0,,
2022-11-05,2022,R,,south-carolina,vanderbilt,A,38,27,0,,
2022-11-05,2022,R,,vanderbilt,south-carolina,H,27,38,0,,
2022-11-05,2022,R,,southern-california,california,H,41,35,0,9.0,
2022-11-05,2022,R,,california,southern-california,A,35,41,0,,9.0
2022-11-05,2022,R,,southern-methodist,houston,H,77,63,0,,
2022-11-05,2022,R,,houston,southern-methodist,A,63,77,0,,
2022-11-05,2022,R,,temple,south-florida,H,54,28,0,,
2022-11-05,2022,R,,south-florida,temple,A,28,54,0,,
2022-11-05,2022,R,,texas,kansas-state,A,34,27,0,,13.0
2022-11-05,2022,R,,kansas-state,texas,H,27,34,0,13.0,
2022-11-05,2022,R,,texas-christian,texas-tech,H,34,24,0,7.0,
2022-11-05,2022,R,,texas-tech,texas-christian,A,24,34,0,,7.0
2022-11-05,2022,R,,texas-san-antonio,alabama-birmingham,A,44,38,0,,
2022-11-05,2022,R,,alabama-birmingham,texas-san-antonio,H,38,44,0,,
2022-11-05,2022,R,,troy,louisiana,A,23,17,0,,
2022-11-05,2022,R,,louisiana,troy,H,17,23,0,,
2022-11-05,2022,R,,tulane,tulsa,A,27,13,0,19.0,
2022-11-05,2022,R,,tulsa,tulane,H,13,27,0,,19.0
2022-11-05,2022,R,,ucla,arizona-state,A,50,36,0,10.0,
2022-11-05,2022,R,,arizona-state,ucla,H,36,50,0,,10.0
2022-11-05,2022,R,,utah,arizona,H,45,20,0,12.0,
2022-11-05,2022,R,,arizona,utah,A,20,45,0,,12.0
2022-11-05,2022,R,,utah-state,new-mexico,H,27,10,0,,
2022-11-05,2022,R,,new-mexico,utah-state,A,10,27,0,,
2022-11-05,2022,R,,washington-state,stanford,A,52,14,0,,
2022-11-05,2022,R,,stanford,washington-state,H,14,52,0,,
2022-11-05,2022,R,,western-kentucky,charlotte,A,59,7,0,,
2022-11-05,2022,R,,charlotte,western-kentucky,H,7,59,0,,
2022-11-05,2022,R,,wisconsin,maryland,H,23,10,0,,
2022-11-05,2022,R,,maryland,wisconsin,A,10,23,0,,
2022-11-08,2022,R,,eastern-michigan,akron,A,34,28,0,,
2022-11-08,2022,R,,akron,eastern-michigan,H,28,34,0,,
2022-11-08,2022,R,,ohio,miami-oh,A,37,21,0,,
2022-11-08,2022,R,,miami-oh,ohio,H,21,37,0,,
2022-11-08,2022,R,,toledo,ball-state,H,28,21,0,,
2022-11-08,2022,R,,ball-state,toledo,A,21,28,0,,
2022-11-09,2022,R,,central-michigan,buffalo,H,31,27,0,,
2022-11-09,2022,R,,buffalo,central-michigan,A,27,31,0,,
2022-11-09,2022,R,,kent-state,bowling-green,A,40,6,0,,
2022-11-09,2022,R,,bowling-green,kent-state,H,6,40,0,,
2022-11-09,2022,R,,northern-illinois,western-michigan,A,24,21,0,,
2022-11-09,2022,R,,western-michigan,northern-illinois,H,21,24,0,,
2022-11-10,2022,R,,louisiana,georgia-southern,H,36,17,0,,
2022-11-10,2022,R,,georgia-southern,louisiana,A,17,36,0,,
2022-11-10,2022,R,,memphis,tulsa,H,26,10,0,,
2022-11-10,2022,R,,tulsa,memphis,A,10,26,0,,
2022-11-11,2022,R,,cincinnati,east-carolina,H,27,25,0,,
2022-11-11,2022,R,,east-carolina,cincinnati,A,25,27,0,,
2022-11-11,2022,R,,fresno-state,nevada-las-vegas,A,37,30,0,,
2022-11-11,2022,R,,nevada-las-vegas,fresno-state,H,30,37,0,,
2022-11-11,2022,R,,southern-california,colorado,H,55,17,0,8.0,
2022-11-11,2022,R,,colorado,southern-california,A,17,55,0,,8.0
2022-11-12,2022,R,,air-force,new-mexico,H,35,3,0,,
2022-11-12,2022,R,,new-mexico,air-force,A,3,35,0,,
2022-11-12,2022,R,,alabama,mississippi,A,30,24,0,10.0,11.0
2022-11-12,2022,R,,mississippi,alabama,H,24,30,0,11.0,10.0
2022-11-12,2022,R,,alabama-birmingham,north-texas,H,41,21,0,,
2022-11-12,2022,R,,north-texas,alabama-birmingham,A,21,41,0,,
2022-11-12,2022,R,,arizona,ucla,A,34,28,0,,9.0
2022-11-12,2022,R,,ucla,arizona,H,28,34,0,9.0,
2022-11-12,2022,R,,arkansas-state,massachusetts,H,35,33,0,,
2022-11-12,2022,R,,massachusetts,arkansas-state,A,33,35,0,,
2022-11-12,2022,R,,auburn,texas-a-m,H,13,10,0,,
2022-11-12,2022,R,,texas-a-m,auburn,A,10,13,0,,
2022-11-12,2022,R,,boise-state,nevada,A,41,3,0,,
2022-11-12,2022,R,,nevada,boise-state,H,3,41,0,,
2022-11-12,2022,R,,boston-college,north-carolina-state,A,21,20,0,,17.0
2022-11-12,2022,R,,north-carolina-state,boston-college,H,20,21,0,17.0,
2022-11-12,2022,R,,central-florida,tulane,A,38,31,0,22.0,16.0
2022-11-12,2022,R,,tulane,central-florida,H,31,38,0,16.0,22.0
2022-11-12,2022,R,,clemson,louisville,H,31,16,0,12.0,
2022-11-12,2022,R,,louisville,clemson,A,16,31,0,,12.0
2022-11-12,2022,R,,coastal-carolina,southern-mississippi,H,26,23,0,,
2022-11-12,2022,R,,southern-mississippi,coastal-carolina,A,23,26,0,,
2022-11-12,2022,R,,connecticut,liberty,H,36,33,0,,19.0
2022-11-12,2022,R,,liberty,connecticut,A,33,36,0,19.0,
2022-11-12,2022,R,,duke,virginia-tech,H,24,7,0,,
2022-11-12,2022,R,,virginia-tech,duke,A,7,24,0,,
2022-11-12,2022,R,,florida,south-carolina,H,38,6,0,,
2022-11-12,2022,R,,south-carolina,florida,A,6,38,0,,
2022-11-12,2022,R,,florida-atlantic,florida-international,A,52,7,0,,
2022-11-12,2022,R,,florida-international,florida-atlantic,H,7,52,0,,
2022-11-12,2022,R,,florida-state,syracuse,A,38,3,0,25.0,
2022-11-12,2022,R,,syracuse,florida-state,H,3,38,0,,25.0
2022-11-12,2022,R,,georgia,mississippi-state,A,45,19,0,1.0,
2022-11-12,2022,R,,mississippi-state,georgia,H,19,45,0,,1.0
2022-11-12,2022,R,,houston,temple,H,43,36,0,,
2022-11-12,2022,R,,temple,houston,A,36,43,0,,
2022-11-12,2022,R,,iowa,wisconsin,H,24,10,0,,
2022-11-12,2022,R,,wisconsin,iowa,A,10,24,0,,
2022-11-12,2022,R,,james-madison,old-dominion,A,37,3,0,,
2022-11-12,2022,R,,old-dominion,james-madison,H,3,37,0,,
2022-11-12,2022,R,,kansas-state,baylor,A,31,3,0,23.0,
2022-11-12,2022,R,,baylor,kansas-state,H,3,31,0,,23.0
2022-11-12,2022,R,,louisiana-state,arkansas,A,13,10,0,7.0,
2022-11-12,2022,R,,arkansas,louisiana-state,H,10,13,0,,7.0
2022-11-12,2022,R,,louisiana-monroe,georgia-state,A,31,28,0,,
2022-11-12,2022,R,,georgia-state,louisiana-monroe,H,28,31,0,,
2022-11-12,2022,R,,marshall,appalachian-state,H,28,21,0,,
2022-11-12,2022,R,,appalachian-state,marshall,A,21,28,0,,
2022-11-12,2022,R,,miami-fl,georgia-tech,A,35,14,0,,
2022-11-12,2022,R,,georgia-tech,miami-fl,H,14,35,0,,
2022-11-12,2022,R,,michigan,nebraska,H,34,3,0,3.0,
2022-11-12,2022,R,,nebraska,michigan,A,3,34,0,,3.0
2022-11-12,2022,R,,michigan-state,rutgers,H,27,21,0,,
2022-11-12,2022,R,,rutgers,michigan-state,A,21,27,0,,
2022-11-12,2022,R,,middle-tennessee-state,charlotte,H,24,14,0,,
2022-11-12,2022,R,,charlotte,middle-tennessee-state,A,14,24,0,,
2022-11-12,2022,R,,minnesota,northwestern,H,31,3,0,,
2022-11-12,2022,R,,northwestern,minnesota,A,3,31,0,,
2022-11-12,2022,R,,new-mexico-state,lamar,H,51,14,0,,
2022-11-12,2022,R,,lamar,new-mexico-state,A,14,51,0,,
2022-11-12,2022,R,,north-carolina,wake-forest,A,36,34,0,15.0,
2022-11-12,2022,R,,wake-forest,north-carolina,H,34,36,0,,15.0
2022-11-12,2022,R,,notre-dame,navy,N,35,32,0,20.0,
2022-11-12,2022,R,,navy,notre-dame,N,32,35,0,,20.0
2022-11-12,2022,R,,ohio-state,indiana,H,56,14,0,2.0,
2022-11-12,2022,R,,indiana,ohio-state,A,14,56,0,,2.0
2022-11-12,2022,R,,oklahoma-state,iowa-state,H,20,14,0,,
2022-11-12,2022,R,,iowa-state,oklahoma-state,A,14,20,0,,
2022-11-12,2022,R,,oregon-state,california,H,38,10,0,,
2022-11-12,2022,R,,california,oregon-state,A,10,38,0,,
2022-11-12,2022,R,,penn-state,maryland,H,30,0,0,14.0,
2022-11-12,2022,R,,maryland,penn-state,A,0,30,0,,14.0
2022-11-12,2022,R,,pittsburgh,virginia,A,37,7,0,,
2022-11-12,2022,R,,virginia,pittsburgh,H,7,37,0,,
2022-11-12,2022,R,,purdue,illinois,A,31,24,0,,21.0
2022-11-12,2022,R,,illinois,purdue,H,24,31,0,21.0,
2022-11-12,2022,R,,san-diego-state,san-jose-state,H,43,27,0,,
2022-11-12,2022,R,,san-jose-state,san-diego-state,A,27,43,0,,
2022-11-12,2022,R,,south-alabama,texas-state,H,38,21,0,,
2022-11-12,2022,R,,texas-state,south-alabama,A,21,38,0,,
2022-11-12,2022,R,,southern-methodist,south-florida,A,41,23,0,,
2022-11-12,2022,R,,south-florida,southern-methodist,H,23,41,0,,
2022-11-12,2022,R,,tennessee,missouri,H,66,24,0,5.0,
2022-11-12,2022,R,,missouri,tennessee,A,24,66,0,,5.0
2022-11-12,2022,R,,texas-christian,texas,A,17,10,0,4.0,18.0
2022-11-12,2022,R,,texas,texas-christian,H,10,17,0,18.0,4.0
2022-11-12,2022,R,,texas-tech,kansas,H,43,28,0,,
2022-11-12,2022,R,,kansas,texas-tech,A,28,43,0,,
2022-11-12,2022,R,,texas-san-antonio,louisiana-tech,H,51,7,0,,
2022-11-12,2022,R,,louisiana-tech,texas-san-antonio,A,7,51,0,,
2022-11-12,2022,R,,troy,army,H,10,9,0,,
2022-11-12,2022,R,,army,troy,A,9,10,0,,
2022-11-12,2022,R,,utah,stanford,H,42,7,0,13.0,
2022-11-12,2022,R,,stanford,utah,A,7,42,0,,13.0
2022-11-12,2022,R,,utah-state,hawaii,A,41,34,0,,
2022-11-12,2022,R,,hawaii,utah-state,H,34,41,0,,
2022-11-12,2022,R,,vanderbilt,kentucky,A,24,21,0,,
2022-11-12,2022,R,,kentucky,vanderbilt,H,21,24,0,,
2022-11-12,2022,R,,washington,oregon,A,37,34,0,24.0,6.0
2022-11-12,2022,R,,oregon,washington,H,34,37,0,6.0,24.0
2022-11-12,2022,R,,washington-state,arizona-state,H,28,18,0,,
2022-11-12,2022,R,,arizona-state,washington-state,A,18,28,0,,
2022-11-12,2022,R,,west-virginia,oklahoma,H,23,20,0,,
2022-11-12,2022,R,,oklahoma,west-virginia,A,20,23,0,,
2022-11-12,2022,R,,western-kentucky,rice,H,45,10,0,,
2022-11-12,2022,R,,rice,western-kentucky,A,10,45,0,,
2022-11-12,2022,R,,wyoming,colorado-state,A,14,13,0,,
2022-11-12,2022,R,,colorado-state,wyoming,H,13,14,0,,
2022-11-15,2022,R,,bowling-green,toledo,A,42,35,0,,
2022-11-15,2022,R,,toledo,bowling-green,H,35,42,0,,
2022-11-15,2022,R,,ohio,ball-state,A,32,18,0,,
2022-11-15,2022,R,,ball-state,ohio,H,18,32,0,,
2022-11-16,2022,R,,eastern-michigan,kent-state,A,31,24,0,,
2022-11-16,2022,R,,kent-state,eastern-michigan,H,24,31,0,,
2022-11-16,2022,R,,miami-oh,northern-illinois,A,29,23,0,,
2022-11-16,2022,R,,northern-illinois,miami-oh,H,23,29,0,,
2022-11-16,2022,R,,western-michigan,central-michigan,A,12,10,0,,
2022-11-16,2022,R,,central-michigan,western-michigan,H,10,12,0,,
2022-11-17,2022,R,,tulane,southern-methodist,H,59,24,0,21.0,
2022-11-17,2022,R,,southern-methodist,tulane,A,24,59,0,,21.0
2022-11-18,2022,R,,san-diego-state,new-mexico,A,34,10,0,,
2022-11-18,2022,R,,new-mexico,san-diego-state,H,10,34,0,,
2022-11-18,2022,R,,tulsa,south-florida,H,48,42,0,,
2022-11-18,2022,R,,south-florida,tulsa,A,42,48,0,,
2022-11-19,2022,R,,air-force,colorado-state,H,24,12,0,,
2022-11-19,2022,R,,colorado-state,air-force,A,12,24,0,,
2022-11-19,2022,R,,alabama,austin-peay,H,34,0,0,8.0,
2022-11-19,2022,R,,austin-peay,alabama,A,0,34,0,,8.0
2022-11-19,2022,R,,appalachian-state,old-dominion,H,27,14,0,,
2022-11-19,2022,R,,old-dominion,appalachian-state,A,14,27,0,,
2022-11-19,2022,R,,arkansas,mississippi,H,42,27,0,,14.0
2022-11-19,2022,R,,mississippi,arkansas,A,27,42,0,14.0,
2022-11-19,2022,R,,army,connecticut,H,34,17,0,,
2022-11-19,2022,R,,connecticut,army,A,17,34,0,,
2022-11-19,2022,R,,auburn,western-kentucky,H,41,17,0,,
2022-11-19,2022,R,,western-kentucky,auburn,A,17,41,0,,
2022-11-19,2022,R,,boise-state,wyoming,A,20,17,0,,
2022-11-19,2022,R,,wyoming,boise-state,H,17,20,0,,
2022-11-19,2022,R,,brigham-young,utah-tech,H,52,26,0,,
2022-11-19,2022,R,,utah-tech,brigham-young,A,26,52,0,,
2022-11-19,2022,R,,california,stanford,H,27,20,0,,
2022-11-19,2022,R,,stanford,california,A,20,27,0,,
2022-11-19,2022,R,,charlotte,louisiana-tech,H,26,21,0,,
2022-11-19,2022,R,,louisiana-tech,charlotte,A,21,26,0,,
2022-11-19,2022,R,,cincinnati,temple,A,23,3,0,22.0,
2022-11-19,2022,R,,temple,cincinnati,H,3,23,0,,22.0
2022-11-19,2022,R,,clemson,miami-fl,H,40,10,0,9.0,
2022-11-19,2022,R,,miami-fl,clemson,A,10,40,0,,9.0
2022-11-19,2022,R,,florida-state,louisiana,H,49,17,0,20.0,
2022-11-19,2022,R,,louisiana,florida-state,A,17,49,0,,20.0
2022-11-19,2022,R,,fresno-state,nevada,A,41,14,0,,
2022-11-19,2022,R,,nevada,fresno-state,H,14,41,0,,
2022-11-19,2022,R,,georgia,kentucky,A,16,6,0,1.0,
2022-11-19,2022,R,,kentucky,georgia,H,6,16,0,,1.0
2022-11-19,2022,R,,georgia-tech,north-carolina,A,21,17,0,,13.0
2022-11-19,2022,R,,north-carolina,georgia-tech,H,17,21,0,13.0,
2022-11-19,2022,R,,hawaii,nevada-las-vegas,H,31,25,0,,
2022-11-19,2022,R,,nevada-las-vegas,hawaii,A,25,31,0,,
2022-11-19,2022,R,,houston,east-carolina,A,42,3,0,,
2022-11-19,2022,R,,east-carolina,houston,H,3,42,0,,
2022-11-19,2022,R,,indiana,michigan-state,A,39,31,0,,
2022-11-19,2022,R,,michigan-state,indiana,H,31,39,0,,
2022-11-19,2022,R,,iowa,minnesota,A,13,10,0,,
2022-11-19,2022,R,,minnesota,iowa,H,10,13,0,,
2022-11-19,2022,R,,james-madison,georgia-state,H,42,40,0,,
2022-11-19,2022,R,,georgia-state,james-madison,A,40,42,0,,
2022-11-19,2022,R,,kansas-state,west-virginia,A,48,31,0,19.0,
2022-11-19,2022,R,,west-virginia,kansas-state,H,31,48,0,,19.0
2022-11-19,2022,R,,louisiana-state,alabama-birmingham,H,41,10,0,6.0,
2022-11-19,2022,R,,alabama-birmingham,louisiana-state,A,10,41,0,,6.0
2022-11-19,2022,R,,louisville,north-carolina-state,H,25,10,0,,
2022-11-19,2022,R,,north-carolina-state,louisville,A,10,25,0,,
2022-11-19,2022,R,,marshall,georgia-southern,A,23,10,0,,
2022-11-19,2022,R,,georgia-southern,marshall,H,10,23,0,,
2022-11-19,2022,R,,memphis,north-alabama,H,59,0,0,,
2022-11-19,2022,R,,north-alabama,memphis,A,0,59,0,,
2022-11-19,2022,R,,michigan,illinois,H,19,17,0,3.0,
2022-11-19,2022,R,,illinois,michigan,A,17,19,0,,3.0
2022-11-19,2022,R,,middle-tennessee-state,florida-atlantic,H,49,21,0,,
2022-11-19,2022,R,,florida-atlantic,middle-tennessee-state,A,21,49,0,,
2022-11-19,2022,R,,mississippi-state,east-tennessee-state,H,56,7,0,,
2022-11-19,2022,R,,east-tennessee-state,mississippi-state,A,7,56,0,,
2022-11-19,2022,R,,missouri,new-mexico-state,H,45,14,0,,
2022-11-19,2022,R,,new-mexico-state,missouri,A,14,45,0,,
2022-11-19,2022,R,,navy,central-florida,A,17,14,0,,17.0
2022-11-19,2022,R,,central-florida,navy,H,14,17,0,17.0,
2022-11-19,2022,R,,notre-dame,boston-college,H,44,0,0,18.0,
2022-11-19,2022,R,,boston-college,notre-dame,A,0,44,0,,18.0
2022-11-19,2022,R,,ohio-state,maryland,A,43,30,0,2.0,
2022-11-19,2022,R,,maryland,ohio-state,H,30,43,0,,2.0
2022-11-19,2022,R,,oklahoma,oklahoma-state,H,28,13,0,,24.0
2022-11-19,2022,R,,oklahoma-state,oklahoma,A,13,28,0,24.0,
2022-11-19,2022,R,,oregon,utah,H,20,17,0,12.0,10.0
2022-11-19,2022,R,,utah,oregon,A,17,20,0,10.0,12.0
2022-11-19,2022,R,,oregon-state,arizona-state,A,31,7,0,25.0,
2022-11-19,2022,R,,arizona-state,oregon-state,H,7,31,0,,25.0
2022-11-19,2022,R,,penn-state,rutgers,A,55,10,0,11.0,
2022-11-19,2022,R,,rutgers,penn-state,H,10,55,0,,11.0
2022-11-19,2022,R,,pittsburgh,duke,H,28,26,0,,
2022-11-19,2022,R,,duke,pittsburgh,A,26,28,0,,
2022-11-19,2022,R,,purdue,northwestern,H,17,9,0,,
2022-11-19,2022,R,,northwestern,purdue,A,9,17,0,,
2022-11-19,2022,R,,south-alabama,southern-mississippi,A,27,20,0,,
2022-11-19,2022,R,,southern-mississippi,south-alabama,H,20,27,0,,
2022-11-19,2022,R,,south-carolina,tennessee,H,63,38,0,,5.0
2022-11-19,2022,R,,tennessee,south-carolina,A,38,63,0,5.0,
2022-11-19,2022,R,,southern-california,ucla,A,48,45,0,7.0,16.0
2022-11-19,2022,R,,ucla,southern-california,H,45,48,0,16.0,7.0
2022-11-19,2022,R,,texas,kansas,A,55,14,0,,
2022-11-19,2022,R,,kansas,texas,H,14,55,0,,
2022-11-19,2022,R,,texas-a-m,massachusetts,H,20,3,0,,
2022-11-19,2022,R,,massachusetts,texas-a-m,A,3,20,0,,
2022-11-19,2022,R,,texas-christian,baylor,A,29,28,0,4.0,
2022-11-19,2022,R,,baylor,texas-christian,H,28,29,0,,4.0
2022-11-19,2022,R,,texas-state,arkansas-state,H,16,13,0,,
2022-11-19,2022,R,,arkansas-state,texas-state,A,13,16,0,,
2022-11-19,2022,R,,texas-tech,iowa-state,A,14,10,0,,
2022-11-19,2022,R,,iowa-state,texas-tech,H,10,14,0,,
2022-11-19,2022,R,,texas-el-paso,florida-international,H,40,6,0,,
2022-11-19,2022,R,,florida-international,texas-el-paso,A,6,40,0,,
2022-11-19,2022,R,,texas-san-antonio,rice,A,41,7,0,,
2022-11-19,2022,R,,rice,texas-san-antonio,H,7,41,0,,
2022-11-19,2022,R,,troy,louisiana-monroe,H,34,16,0,,
2022-11-19,2022,R,,louisiana-monroe,troy,A,16,34,0,,
2022-11-19,2022,R,,utah-state,san-jose-state,H,35,31,0,,
2022-11-19,2022,R,,san-jose-state,utah-state,A,31,35,0,,
2022-11-19,2022,R,,vanderbilt,florida,H,31,24,0,,
2022-11-19,2022,R,,florida,vanderbilt,A,24,31,0,,
2022-11-19,2022,R,,virginia-tech,liberty,A,23,22,0,,
2022-11-19,2022,R,,liberty,virginia-tech,H,22,23,0,,
2022-11-19,2022,R,,wake-forest,syracuse,H,45,35,0,,
2022-11-19,2022,R,,syracuse,wake-forest,A,35,45,0,,
2022-11-19,2022,R,,washington,colorado,H,54,7,0,15.0,
2022-11-19,2022,R,,colorado,washington,A,7,54,0,,15.0
2022-11-19,2022,R,,washington-state,arizona,A,31,20,0,,
2022-11-19,2022,R,,arizona,washington-state,H,20,31,0,,
2022-11-19,2022,R,,wisconsin,nebraska,A,15,14,0,,
2022-11-19,2022,R,,nebraska,wisconsin,H,14,15,0,,
2022-11-22,2022,R,,miami-oh,ball-state,H,18,17,0,,
2022-11-22,2022,R,,ball-state,miami-oh,A,17,18,0,,
2022-11-22,2022,R,,ohio,bowling-green,H,38,14,0,,
2022-11-22,2022,R,,bowling-green,ohio,A,14,38,0,,
2022-11-24,2022,R,,mississippi-state,mississippi,A,24,22,0,,20.0
2022-11-24,2022,R,,mississippi,mississippi-state,H,22,24,0,20.0,
2022-11-25,2022,R,,arizona,arizona-state,H,38,35,0,,
2022-11-25,2022,R,,arizona-state,arizona,A,35,38,0,,
2022-11-25,2022,R,,boise-state,utah-state,H,42,23,0,,
2022-11-25,2022,R,,utah-state,boise-state,A,23,42,0,,
2022-11-25,2022,R,,colorado-state,new-mexico,H,17,0,0,,
2022-11-25,2022,R,,new-mexico,colorado-state,A,0,17,0,,
2022-11-25,2022,R,,eastern-michigan,central-michigan,H,38,19,0,,
2022-11-25,2022,R,,central-michigan,eastern-michigan,A,19,38,0,,
2022-11-25,2022,R,,florida-state,florida,H,45,38,0,16.0,
2022-11-25,2022,R,,florida,florida-state,A,38,45,0,,16.0
2022-11-25,2022,R,,fresno-state,wyoming,H,30,0,0,,
2022-11-25,2022,R,,wyoming,fresno-state,A,0,30,0,,
2022-11-25,2022,R,,missouri,arkansas,H,29,27,0,,
2022-11-25,2022,R,,arkansas,missouri,A,27,29,0,,
2022-11-25,2022,R,,nebraska,iowa,A,24,17,0,,
2022-11-25,2022,R,,iowa,nebraska,H,17,24,0,,
2022-11-25,2022,R,,north-carolina-state,north-carolina,A,30,27,0,,18.0
2022-11-25,2022,R,,north-carolina,north-carolina-state,H,27,30,0,18.0,
2022-11-25,2022,R,,texas,baylor,H,38,27,0,24.0,
2022-11-25,2022,R,,baylor,texas,A,27,38,0,,24.0
2022-11-25,2022,R,,tulane,cincinnati,A,27,24,0,19.0,21.0
2022-11-25,2022,R,,cincinnati,tulane,H,24,27,0,21.0,19.0
2022-11-25,2022,R,,ucla,california,A,35,28,0,17.0,
2022-11-25,2022,R,,california,ucla,H,28,35,0,,17.0
2022-11-25,2022,R,,western-michigan,toledo,H,20,14,0,,
2022-11-25,2022,R,,toledo,western-michigan,A,14,20,0,,
2022-11-26,2022,R,,air-force,san-diego-state,A,13,3,0,,
2022-11-26,2022,R,,san-diego-state,air-force,H,3,13,0,,
2022-11-26,2022,R,,akron,northern-illinois,A,44,12,0,,
2022-11-26,2022,R,,northern-illinois,akron,H,12,44,0,,
2022-11-26,2022,R,,alabama,auburn,H,49,27,0,8.0,
2022-11-26,2022,R,,auburn,alabama,A,27,49,0,,8.0
2022-11-26,2022,R,,alabama-birmingham,louisiana-tech,A,37,27,0,,
2022-11-26,2022,R,,louisiana-tech,alabama-birmingham,H,27,37,0,,
2022-11-26,2022,R,,army,massachusetts,A,44,7,0,,
2022-11-26,2022,R,,massachusetts,army,H,7,44,0,,
2022-11-26,2022,R,,brigham-young,stanford,A,35,26,0,,
2022-11-26,2022,R,,stanford,brigham-young,H,26,35,0,,
2022-11-26,2022,R,,central-florida,south-florida,A,46,39,0,25.0,
2022-11-26,2022,R,,south-florida,central-florida,H,39,46,0,,25.0
2022-11-26,2022,R,,duke,wake-forest,H,34,31,0,,
2022-11-26,2022,R,,wake-forest,duke,A,31,34,0,,
2022-11-26,2022,R,,east-carolina,temple,A,49,46,0,,
2022-11-26,2022,R,,temple,east-carolina,H,46,49,0,,
2022-11-26,2022,R,,georgia,georgia-tech,H,37,14,0,1.0,
2022-11-26,2022,R,,georgia-tech,georgia,A,14,37,0,,1.0
2022-11-26,2022,R,,georgia-southern,appalachian-state,H,51,48,0,,
2022-11-26,2022,R,,appalachian-state,georgia-southern,A,48,51,0,,
2022-11-26,2022,R,,illinois,northwestern,A,41,3,0,,
2022-11-26,2022,R,,northwestern,illinois,H,3,41,0,,
2022-11-26,2022,R,,james-madison,coastal-carolina,H,47,7,0,,23.0
2022-11-26,2022,R,,coastal-carolina,james-madison,A,7,47,0,23.0,
2022-11-26,2022,R,,kansas-state,kansas,H,47,27,0,15.0,
2022-11-26,2022,R,,kansas,kansas-state,A,27,47,0,,15.0
2022-11-26,2022,R,,kent-state,buffalo,A,30,27,0,,
2022-11-26,2022,R,,buffalo,kent-state,H,27,30,0,,
2022-11-26,2022,R,,kentucky,louisville,H,26,13,0,,
2022-11-26,2022,R,,louisville,kentucky,A,13,26,0,,
2022-11-26,2022,R,,louisiana,texas-state,A,41,13,0,,
2022-11-26,2022,R,,texas-state,louisiana,H,13,41,0,,
2022-11-26,2022,R,,marshall,georgia-state,H,28,23,0,,
2022-11-26,2022,R,,georgia-state,marshall,A,23,28,0,,
2022-11-26,2022,R,,maryland,rutgers,H,37,0,0,,
2022-11-26,2022,R,,rutgers,maryland,A,0,37,0,,
2022-11-26,2022,R,,michigan,ohio-state,A,45,23,0,3.0,2.0
2022-11-26,2022,R,,ohio-state,michigan,H,23,45,0,2.0,3.0
2022-11-26,2022,R,,middle-tennessee-state,florida-international,A,33,28,0,,
2022-11-26,2022,R,,florida-international,middle-tennessee-state,H,28,33,0,,
2022-11-26,2022,R,,minnesota,wisconsin,A,23,16,0,,
2022-11-26,2022,R,,wisconsin,minnesota,H,16,23,0,,
2022-11-26,2022,R,,nevada-las-vegas,nevada,H,27,22,0,,
2022-11-26,2022,R,,nevada,nevada-las-vegas,A,22,27,0,,
2022-11-26,2022,R,,new-mexico-state,liberty,A,49,14,0,,
2022-11-26,2022,R,,liberty,new-mexico-state,H,14,49,0,,
2022-11-26,2022,R,,north-texas,rice,H,21,17,0,,
2022-11-26,2022,R,,rice,north-texas,A,17,21,0,,
2022-11-26,2022,R,,oregon-state,oregon,H,38,34,0,22.0,10.0
2022-11-26,2022,R,,oregon,oregon-state,A,34,38,0,10.0,22.0
2022-11-26,2022,R,,penn-state,michigan-state,H,35,16,0,11.0,
2022-11-26,2022,R,,michigan-state,penn-state,A,16,35,0,,11.0
2022-11-26,2022,R,,pittsburgh,miami-fl,A,42,16,0,,
2022-11-26,2022,R,,miami-fl,pittsburgh,H,16,42,0,,
2022-11-26,2022,R,,purdue,indiana,A,30,16,0,,
2022-11-26,2022,R,,indiana,purdue,H,16,30,0,,
2022-11-26,2022,R,,san-jose-state,hawaii,H,27,14,0,,
2022-11-26,2022,R,,hawaii,san-jose-state,A,14,27,0,,
2022-11-26,2022,R,,south-alabama,old-dominion,H,27,20,0,,
2022-11-26,2022,R,,old-dominion,south-alabama,A,20,27,0,,
2022-11-26,2022,R,,south-carolina,clemson,A,31,30,0,,7.0
2022-11-26,2022,R,,clemson,south-carolina,H,30,31,0,7.0,
2022-11-26,2022,R,,southern-california,notre-dame,H,38,27,0,5.0,13.0
2022-11-26,2022,R,,notre-dame,southern-california,A,27,38,0,13.0,5.0
2022-11-26,2022,R,,southern-methodist,memphis,H,34,31,0,,
2022-11-26,2022,R,,memphis,southern-methodist,A,31,34,0,,
2022-11-26,2022,R,,southern-mississippi,louisiana-monroe,A,20,10,0,,
2022-11-26,2022,R,,louisiana-monroe,southern-mississippi,H,10,20,0,,
2022-11-26,2022,R,,syracuse,boston-college,A,32,23,0,,
2022-11-26,2022,R,,boston-college,syracuse,H,23,32,0,,
2022-11-26,2022,R,,tennessee,vanderbilt,A,56,0,0,9.0,
2022-11-26,2022,R,,vanderbilt,tennessee,H,0,56,0,,9.0
2022-11-26,2022,R,,texas-a-m,louisiana-state,H,38,23,0,,6.0
2022-11-26,2022,R,,louisiana-state,texas-a-m,A,23,38,0,6.0,
2022-11-26,2022,R,,texas-christian,iowa-state,H,62,14,0,4.0,
2022-11-26,2022,R,,iowa-state,texas-christian,A,14,62,0,,4.0
2022-11-26,2022,R,,texas-tech,oklahoma,H,51,48,0,,
2022-11-26,2022,R,,oklahoma,texas-tech,A,48,51,0,,
2022-11-26,2022,R,,texas-san-antonio,texas-el-paso,H,34,31,0,,
2022-11-26,2022,R,,texas-el-paso,texas-san-antonio,A,31,34,0,,
2022-11-26,2022,R,,troy,arkansas-state,A,48,19,0,,
2022-11-26,2022,R,,arkansas-state,troy,H,19,48,0,,
2022-11-26,2022,R,,tulsa,houston,A,37,30,0,,
2022-11-26,2022,R,,houston,tulsa,H,30,37,0,,
2022-11-26,2022,R,,utah,colorado,A,63,21,0,14.0,
2022-11-26,2022,R,,colorado,utah,H,21,63,0,,14.0
2022-11-26,2022,R,,washington,washington-state,A,51,33,0,12.0,
2022-11-26,2022,R,,washington-state,washington,H,33,51,0,,12.0
2022-11-26,2022,R,,west-virginia,oklahoma-state,A,24,19,0,,
2022-11-26,2022,R,,oklahoma-state,west-virginia,H,19,24,0,,
2022-11-26,2022,R,,western-kentucky,florida-atlantic,A,32,31,0,,
2022-11-26,2022,R,,florida-atlantic,western-kentucky,H,31,32,0,,
2022-12-02,2022,R,,buffalo,akron,H,23,22,0,,
2022-12-02,2022,R,,akron,buffalo,A,22,23,0,,
2022-12-02,2022,R,,texas-san-antonio,north-texas,H,48,27,0,23.0,
2022-12-02,2022,R,,north-texas,texas-san-antonio,A,27,48,0,,23.0
2022-12-02,2022,R,,utah,southern-california,N,47,24,0,12.0,4.0
2022-12-02,2022,R,,southern-california,utah,N,24,47,0,4.0,12.0
2022-12-03,2022,R,,clemson,north-carolina,N,39,10,0,10.0,24.0
2022-12-03,2022,R,,north-carolina,clemson,N,10,39,0,24.0,10.0
2022-12-03,2022,R,,fresno-state,boise-state,A,28,16,0,,
2022-12-03,2022,R,,boise-state,fresno-state,H,16,28,0,,
2022-12-03,2022,R,,georgia,louisiana-state,N,50,30,0,1.0,11.0
2022-12-03,2022,R,,louisiana-state,georgia,N,30,50,0,11.0,1.0
2022-12-03,2022,R,,kansas-state,texas-christian,N,31,28,0,13.0,3.0
2022-12-03,2022,R,,texas-christian,kansas-state,N,28,31,0,3.0,13.0
2022-12-03,2022,R,,michigan,purdue,N,43,22,0,2.0,
2022-12-03,2022,R,,purdue,michigan,N,22,43,0,,2.0
2022-12-03,2022,R,,new-mexico-state,valparaiso,H,65,3,0,,
2022-12-03,2022,R,,valparaiso,new-mexico-state,A,3,65,0,,
2022-12-03,2022,R,,toledo,ohio,N,17,7,0,,
2022-12-03,2022,R,,ohio,toledo,N,7,17,0,,
2022-12-03,2022,R,,troy,coastal-carolina,H,45,26,0,,
2022-12-03,2022,R,,coastal-carolina,troy,A,26,45,0,,
2022-12-03,2022,R,,tulane,central-florida,H,45,28,0,18.0,22.0
2022-12-03,2022,R,,central-florida,tulane,A,28,45,0,22.0,18.0
2022-12-10,2022,R,,army,navy,N,20,17,0,,
2022-12-10,2022,R,,navy,army,N,17,20,0,,
2022-12-16,2022,R,,alabama-birmingham,miami-oh,N,24,20,0,,
2022-12-16,2022,R,,miami-oh,alabama-birmingham,N,20,24,0,,
2022-12-16,2022,R,,troy,texas-san-antonio,N,18,12,0,23.0,22.0
2022-12-16,2022,R,,texas-san-antonio,troy,N,12,18,0,22.0,23.0
2022-12-17,2022,R,,boise-state,north-texas,N,35,32,0,,
2022-12-17,2022,R,,north-texas,boise-state,N,32,35,0,,
2022-12-17,2022,R,,brigham-young,southern-methodist,N,24,23,0,,
2022-12-17,2022,R,,southern-methodist,brigham-young,N,23,24,0,,
2022-12-17,2022,R,,fresno-state,washington-state,N,29,6,0,,
2022-12-17,2022,R,,washington-state,fresno-state,N,6,29,0,,
2022-12-17,2022,R,,louisville,cincinnati,N,24,7,0,,
2022-12-17,2022,R,,cincinnati,louisville,N,7,24,0,,
2022-12-17,2022,R,,oregon-state,florida,N,30,3,0,17.0,
2022-12-17,2022,R,,florida,oregon-state,N,3,30,0,,17.0
2022-12-17,2022,R,,southern-mississippi,rice,N,38,24,0,,
2022-12-17,2022,R,,rice,southern-mississippi,N,24,38,0,,
2022-12-19,2022,R,,marshall,connecticut,N,28,14,0,,
2022-12-19,2022,R,,connecticut,marshall,N,14,28,0,,
2022-12-20,2022,R,,eastern-michigan,san-jose-state,N,41,27,0,,
2022-12-20,2022,R,,san-jose-state,eastern-michigan,N,27,41,0,,
2022-12-20,2022,R,,toledo,liberty,N,21,19,0,,
2022-12-20,2022,R,,liberty,toledo,N,19,21,0,,
2022-12-21,2022,R,,western-kentucky,south-alabama,N,44,23,0,,
2022-12-21,2022,R,,south-alabama,western-kentucky,N,23,44,0,,
2022-12-22,2022,R,,air-force,baylor,N,30,15,0,,
2022-12-22,2022,R,,baylor,air-force,N,15,30,0,,
2022-12-23,2022,R,,houston,louisiana,N,23,16,0,,
2022-12-23,2022,R,,louisiana,houston,N,16,23,0,,
2022-12-23,2022,R,,wake-forest,missouri,N,27,17,0,,
2022-12-23,2022,R,,missouri,wake-forest,N,17,27,0,,
2022-12-24,2022,R,,middle-tennessee-state,san-diego-state,N,25,23,0,,
2022-12-24,2022,R,,san-diego-state,middle-tennessee-state,N,23,25,0,,
2022-12-26,2022,R,,new-mexico-state,bowling-green,N,24,19,0,,
2022-12-26,2022,R,,bowling-green,new-mexico-state,N,19,24,0,,
2022-12-27,2022,R,,buffalo,georgia-southern,N,23,21,0,,
2022-12-27,2022,R,,georgia-southern,buffalo,N,21,23,0,,
2022-12-27,2022,R,,east-carolina,coastal-carolina,N,53,29,0,,
2022-12-27,2022,R,,coastal-carolina,east-carolina,N,29,53,0,,
2022-12-27,2022,R,,memphis,utah-state,N,38,10,0,,
2022-12-27,2022,R,,utah-state,memphis,N,10,38,0,,
2022-12-27,2022,R,,wisconsin,oklahoma-state,N,24,17,0,,
2022-12-27,2022,R,,oklahoma-state,wisconsin,N,17,24,0,,
2022-12-28,2022,R,,arkansas,kansas,N,55,53,0,,
2022-12-28,2022,R,,kansas,arkansas,N,53,55,0,,
2022-12-28,2022,R,,duke,central-florida,N,30,13,0,,
2022-12-28,2022,R,,central-florida,duke,N,13,30,0,,
2022-12-28,2022,R,,oregon,north-carolina,N,28,27,0,15.0,
2022-12-28,2022,R,,north-carolina,oregon,N,27,28,0,,15.0
2022-12-28,2022,R,,texas-tech,mississippi,N,42,25,0,,
2022-12-28,2022,R,,mississippi,texas-tech,N,25,42,0,,
2022-12-29,2022,R,,florida-state,oklahoma,N,35,32,0,13.0,
2022-12-29,2022,R,,oklahoma,florida-state,N,32,35,0,,13.0
2022-12-29,2022,R,,minnesota,syracuse,N,28,20,0,,
2022-12-29,2022,R,,syracuse,minnesota,N,20,28,0,,
2022-12-29,2022,R,,washington,texas,N,27,20,0,12.0,21.0
2022-12-29,2022,R,,texas,washington,N,20,27,0,21.0,12.0
2022-12-30,2022,R,,maryland,north-carolina-state,N,16,12,0,,25.0
2022-12-30,2022,R,,north-carolina-state,maryland,N,12,16,0,25.0,
2022-12-30,2022,R,,notre-dame,south-carolina,N,45,38,0,19.0,20.0
2022-12-30,2022,R,,south-carolina,notre-dame,N,38,45,0,20.0,19.0
2022-12-30,2022,R,,ohio,wyoming,N,30,27,0,,
2022-12-30,2022,R,,wyoming,ohio,N,27,30,0,,
2022-12-30,2022,R,,pittsburgh,ucla,N,37,35,0,,18.0
2022-12-30,2022,R,,ucla,pittsburgh,N,35,37,0,18.0,
2022-12-30,2022,R,,tennessee,clemson,N,31,14,0,6.0,10.0
2022-12-30,2022,R,,clemson,tennessee,N,14,31,0,10.0,6.0
2022-12-31,2022,R,,alabama,kansas-state,N,45,20,0,5.0,11.0
2022-12-31,2022,R,,kansas-state,alabama,N,20,45,0,11.0,5.0
2022-12-31,2022,R,,georgia,ohio-state,N,42,41,0,1.0,4.0
2022-12-31,2022,R,,ohio-state,georgia,N,41,42,0,4.0,1.0
2022-12-31,2022,R,,iowa,kentucky,N,21,0,0,,
2022-12-31,2022,R,,kentucky,iowa,N,0,21,0,,
2022-12-31,2022,R,,texas-christian,michigan,N,51,45,0,3.0,2.0
2022-12-31,2022,R,,michigan,texas-christian,N,45,51,0,2.0,3.0
2023-01-02,2022,R,,louisiana-state,purdue,N,63,7,0,16.0,
2023-01-02,2022,R,,purdue,louisiana-state,N,7,63,0,,16.0
2023-01-02,2022,R,,mississippi-state,illinois,N,19,10,0,24.0,
2023-01-02,2022,R,,illinois,mississippi-state,N,10,19,0,,24.0
2023-01-02,2022,R,,penn-state,utah,N,35,21,0,9.0,7.0
2023-01-02,2022,R,,utah,penn-state,N,21,35,0,7.0,9.0
2023-01-02,2022,R,,tulane,southern-california,N,46,45,0,14.0,8.0
2023-01-02,2022,R,,southern-california,tulane,N,45,46,0,8.0,14.0
2023-01-09,2022,R,,georgia,texas-christian,N,65,7,0,1.0,3.0
2023-01-09,2022,R,,texas-christian,georgia,N,7,65,0,3.0,1.0
