Date,Season,Type,Round,Team,Opp,HomeAway,PointsFor,PointsAgainst,OT,TeamAPRank,OppAPRank,Notes
2015-09-03,2015,R,,arizona,texas-san-antonio,H,42,32,0,22.0,,
2015-09-03,2015,R,,texas-san-antonio,arizona,A,32,42,0,,22.0,
2015-09-03,2015,R,,ball-state,virginia-military-institute,H,48,36,0,,,
2015-09-03,2015,R,,virginia-military-institute,ball-state,A,36,48,0,,,
2015-09-03,2015,R,,connecticut,villanova,H,20,15,0,,,
2015-09-03,2015,R,,villanova,connecticut,A,15,20,0,,,
2015-09-03,2015,R,,duke,tulane,A,37,7,0,,,
2015-09-03,2015,R,,tulane,duke,H,7,37,0,,,
2015-09-03,2015,R,,florida-international,central-florida,A,15,14,0,,,
2015-09-03,2015,R,,central-florida,florida-international,H,14,15,0,,,
2015-09-03,2015,R,,fresno-state,abilene-christian,H,34,13,0,,,
2015-09-03,2015,R,,abilene-christian,fresno-state,A,13,34,0,,,
2015-09-03,2015,R,,georgia-tech,alcorn-state,H,69,6,0,16.0,,
2015-09-03,2015,R,,alcorn-state,georgia-tech,A,6,69,0,,16.0,
2015-09-03,2015,R,,hawaii,colorado,H,28,20,0,,,
2015-09-03,2015,R,,colorado,hawaii,A,20,28,0,,,
2015-09-03,2015,R,,nevada,california-davis,H,31,17,0,,,
2015-09-03,2015,R,,california-davis,nevada,A,17,31,0,,,
2015-09-03,2015,R,,ohio,idaho,A,45,28,0,,,
2015-09-03,2015,R,,idaho,ohio,H,28,45,0,,,
2015-09-03,2015,R,,oklahoma-state,central-michigan,A,24,13,0,,,
2015-09-03,2015,R,,central-michigan,oklahoma-state,H,13,24,0,,,
2015-09-03,2015,R,,san-jose-state,new-hampshire,H,43,13,0,,,
2015-09-03,2015,R,,new-hampshire,san-jose-state,A,13,43,0,,,
2015-09-03,2015,R,,south-carolina,north-carolina,N,17,13,0,,,
2015-09-03,2015,R,,north-carolina,south-carolina,N,13,17,0,,,
2015-09-03,2015,R,,texas-christian,minnesota,A,23,17,0,2.0,,
2015-09-03,2015,R,,minnesota,texas-christian,H,17,23,0,,2.0,
2015-09-03,2015,R,,utah,michigan,H,24,17,0,,,
2015-09-03,2015,R,,michigan,utah,A,17,24,0,,,
2015-09-03,2015,R,,utah-state,southern-utah,H,12,9,0,,,
2015-09-03,2015,R,,southern-utah,utah-state,A,9,12,0,,,
2015-09-03,2015,R,,wake-forest,elon,H,41,3,0,,,
2015-09-03,2015,R,,elon,wake-forest,A,3,41,0,,,
2015-09-03,2015,R,,western-kentucky,vanderbilt,A,14,12,0,,,
2015-09-03,2015,R,,vanderbilt,western-kentucky,H,12,14,0,,,
2015-09-04,2015,R,,baylor,southern-methodist,A,56,21,0,4.0,,
2015-09-04,2015,R,,southern-methodist,baylor,H,21,56,0,,4.0,
2015-09-04,2015,R,,boise-state,washington,H,16,13,0,23.0,,
2015-09-04,2015,R,,washington,boise-state,A,13,16,0,,23.0,
2015-09-04,2015,R,,charlotte,georgia-state,A,23,20,0,,,
2015-09-04,2015,R,,georgia-state,charlotte,H,20,23,0,,,
2015-09-04,2015,R,,fordham,army,A,37,35,0,,,
2015-09-04,2015,R,,army,fordham,H,35,37,0,,,
2015-09-04,2015,R,,michigan-state,western-michigan,A,37,24,0,5.0,,
2015-09-04,2015,R,,western-michigan,michigan-state,H,24,37,0,,5.0,
2015-09-04,2015,R,,oregon-state,weber-state,H,26,7,0,,,
2015-09-04,2015,R,,weber-state,oregon-state,A,7,26,0,,,
2015-09-04,2015,R,,syracuse,rhode-island,H,47,0,0,,,
2015-09-04,2015,R,,rhode-island,syracuse,A,0,47,0,,,
2015-09-05,2015,R,,air-force,morgan-state,H,63,7,0,,,
2015-09-05,2015,R,,morgan-state,air-force,A,7,63,0,,,
2015-09-05,2015,R,,alabama,wisconsin,N,35,17,0,3.0,20.0,AT&T Stadium - Arlington Texas
2015-09-05,2015,R,,wisconsin,alabama,N,17,35,0,20.0,3.0,AT&T Stadium - Arlington Texas
2015-09-05,2015,R,,appalachian-state,howard,H,49,0,0,,,
2015-09-05,2015,R,,howard,appalachian-state,A,0,49,0,,,
2015-09-05,2015,R,,arkansas,texas-el-paso,H,48,13,0,18.0,,
2015-09-05,2015,R,,texas-el-paso,arkansas,A,13,48,0,,18.0,
2015-09-05,2015,R,,auburn,louisville,N,31,24,0,6.0,,Georgia Dome - Atlanta Georgia
2015-09-05,2015,R,,louisville,auburn,N,24,31,0,,6.0,Georgia Dome - Atlanta Georgia
2015-09-05,2015,R,,boston-college,maine,H,24,3,0,,,
2015-09-05,2015,R,,maine,boston-college,A,3,24,0,,,
2015-09-05,2015,R,,brigham-young,nebraska,A,33,28,0,,,
2015-09-05,2015,R,,nebraska,brigham-young,H,28,33,0,,,
2015-09-05,2015,R,,buffalo,albany,H,51,14,0,,,
2015-09-05,2015,R,,albany,buffalo,A,14,51,0,,,
2015-09-05,2015,R,,california,grambling-state,H,73,14,0,,,
2015-09-05,2015,R,,grambling-state,california,A,14,73,0,,,
2015-09-05,2015,R,,cincinnati,alabama-a-m,H,52,10,0,,,
2015-09-05,2015,R,,alabama-a-m,cincinnati,A,10,52,0,,,
2015-09-05,2015,R,,clemson,wofford,H,49,10,0,12.0,,
2015-09-05,2015,R,,wofford,clemson,A,10,49,0,,12.0,
2015-09-05,2015,R,,colorado-state,savannah-state,H,65,13,0,,,
2015-09-05,2015,R,,savannah-state,colorado-state,A,13,65,0,,,
2015-09-05,2015,R,,east-carolina,towson,H,28,20,0,,,
2015-09-05,2015,R,,towson,east-carolina,A,20,28,0,,,
2015-09-05,2015,R,,florida,new-mexico-state,H,61,13,0,,,
2015-09-05,2015,R,,new-mexico-state,florida,A,13,61,0,,,
2015-09-05,2015,R,,florida-state,texas-state,H,59,16,0,10.0,,
2015-09-05,2015,R,,texas-state,florida-state,A,16,59,0,,10.0,
2015-09-05,2015,R,,georgia,louisiana-monroe,H,51,14,0,9.0,,
2015-09-05,2015,R,,louisiana-monroe,georgia,A,14,51,0,,9.0,
2015-09-05,2015,R,,houston,tennessee-tech,H,52,24,0,,,
2015-09-05,2015,R,,tennessee-tech,houston,A,24,52,0,,,
2015-09-05,2015,R,,illinois,kent-state,H,52,3,0,,,
2015-09-05,2015,R,,kent-state,illinois,A,3,52,0,,,
2015-09-05,2015,R,,indiana,southern-illinois,H,48,47,0,,,
2015-09-05,2015,R,,southern-illinois,indiana,A,47,48,0,,,
2015-09-05,2015,R,,iowa,illinois-state,H,31,14,0,,,
2015-09-05,2015,R,,illinois-state,iowa,A,14,31,0,,,
2015-09-05,2015,R,,iowa-state,northern-iowa,H,31,7,0,,,
2015-09-05,2015,R,,northern-iowa,iowa-state,A,7,31,0,,,
2015-09-05,2015,R,,kansas-state,south-dakota,H,34,0,0,,,
2015-09-05,2015,R,,south-dakota,kansas-state,A,0,34,0,,,
2015-09-05,2015,R,,kentucky,louisiana,H,40,33,0,,,
2015-09-05,2015,R,,louisiana,kentucky,A,33,40,0,,,
2015-09-05,2015,R,,louisiana-tech,southern,H,62,15,0,,,
2015-09-05,2015,R,,southern,louisiana-tech,A,15,62,0,,,
2015-09-05,2015,R,,maryland,richmond,H,50,21,0,,,
2015-09-05,2015,R,,richmond,maryland,A,21,50,0,,,
2015-09-05,2015,R,,memphis,missouri-state,H,63,7,0,,,
2015-09-05,2015,R,,missouri-state,memphis,A,7,63,0,,,
2015-09-05,2015,R,,miami-fl,bethune-cookman,H,45,0,0,,,
2015-09-05,2015,R,,bethune-cookman,miami-fl,A,0,45,0,,,
2015-09-05,2015,R,,miami-oh,presbyterian,H,26,7,0,,,
2015-09-05,2015,R,,presbyterian,miami-oh,A,7,26,0,,,
2015-09-05,2015,R,,middle-tennessee-state,jackson-state,H,70,14,0,,,
2015-09-05,2015,R,,jackson-state,middle-tennessee-state,A,14,70,0,,,
2015-09-05,2015,R,,mississippi,tennessee-martin,H,76,3,0,17.0,,
2015-09-05,2015,R,,tennessee-martin,mississippi,A,3,76,0,,17.0,
2015-09-05,2015,R,,mississippi-state,southern-mississippi,A,34,16,0,,,
2015-09-05,2015,R,,southern-mississippi,mississippi-state,H,16,34,0,,,
2015-09-05,2015,R,,missouri,southeast-missouri-state,H,34,3,0,24.0,,
2015-09-05,2015,R,,southeast-missouri-state,missouri,A,3,34,0,,24.0,
2015-09-05,2015,R,,navy,colgate,H,48,10,0,,,
2015-09-05,2015,R,,colgate,navy,A,10,48,0,,,
2015-09-05,2015,R,,new-mexico,mississippi-valley-state,H,66,0,0,,,
2015-09-05,2015,R,,mississippi-valley-state,new-mexico,A,0,66,0,,,
2015-09-05,2015,R,,north-carolina-state,troy,H,49,21,0,,,
2015-09-05,2015,R,,troy,north-carolina-state,A,21,49,0,,,
2015-09-05,2015,R,,north-dakota,wyoming,A,24,13,0,,,
2015-09-05,2015,R,,wyoming,north-dakota,H,13,24,0,,,
2015-09-05,2015,R,,northern-illinois,nevada-las-vegas,H,38,30,0,,,
2015-09-05,2015,R,,nevada-las-vegas,northern-illinois,A,30,38,0,,,
2015-09-05,2015,R,,northwestern,stanford,H,16,6,0,,21.0,
2015-09-05,2015,R,,stanford,northwestern,A,6,16,0,21.0,,
2015-09-05,2015,R,,notre-dame,texas,H,38,3,0,11.0,,
2015-09-05,2015,R,,texas,notre-dame,A,3,38,0,,11.0,
2015-09-05,2015,R,,oklahoma,akron,H,41,3,0,19.0,,
2015-09-05,2015,R,,akron,oklahoma,A,3,41,0,,19.0,
2015-09-05,2015,R,,old-dominion,eastern-michigan,A,38,34,0,,,
2015-09-05,2015,R,,eastern-michigan,old-dominion,H,34,38,0,,,
2015-09-05,2015,R,,oregon,eastern-washington,H,61,42,0,7.0,,
2015-09-05,2015,R,,eastern-washington,oregon,A,42,61,0,,7.0,
2015-09-05,2015,R,,pittsburgh,youngstown-state,H,45,37,0,,,
2015-09-05,2015,R,,youngstown-state,pittsburgh,A,37,45,0,,,
2015-09-05,2015,R,,portland-state,washington-state,A,24,17,0,,,
2015-09-05,2015,R,,washington-state,portland-state,H,17,24,0,,,
2015-09-05,2015,R,,rice,wagner,H,56,16,0,,,
2015-09-05,2015,R,,wagner,rice,A,16,56,0,,,
2015-09-05,2015,R,,rutgers,norfolk-state,H,63,13,0,,,
2015-09-05,2015,R,,norfolk-state,rutgers,A,13,63,0,,,
2015-09-05,2015,R,,san-diego-state,san-diego,H,37,3,0,,,
2015-09-05,2015,R,,san-diego,san-diego-state,A,3,37,0,,,
2015-09-05,2015,R,,south-alabama,gardner-webb,H,33,23,0,,,
2015-09-05,2015,R,,gardner-webb,south-alabama,A,23,33,0,,,
2015-09-05,2015,R,,south-dakota-state,kansas,A,41,38,0,,,
2015-09-05,2015,R,,kansas,south-dakota-state,H,38,41,0,,,
2015-09-05,2015,R,,south-florida,florida-a-m,H,51,3,0,,,
2015-09-05,2015,R,,florida-a-m,south-florida,A,3,51,0,,,
2015-09-05,2015,R,,southern-california,arkansas-state,H,55,6,0,8.0,,
2015-09-05,2015,R,,arkansas-state,southern-california,A,6,55,0,,8.0,
2015-09-05,2015,R,,temple,penn-state,H,27,10,0,,,
2015-09-05,2015,R,,penn-state,temple,A,10,27,0,,,
2015-09-05,2015,R,,tennessee,bowling-green,N,59,30,0,25.0,,LP Field - Nashville Tennessee
2015-09-05,2015,R,,bowling-green,tennessee,N,30,59,0,,25.0,LP Field - Nashville Tennessee
2015-09-05,2015,R,,texas-a-m,arizona-state,N,38,17,0,,15.0,NRG Stadium - Houston Texas
2015-09-05,2015,R,,arizona-state,texas-a-m,N,17,38,0,15.0,,NRG Stadium - Houston Texas
2015-09-05,2015,R,,texas-tech,sam-houston,H,59,45,0,,,
2015-09-05,2015,R,,sam-houston,texas-tech,A,45,59,0,,,
2015-09-05,2015,R,,tulsa,florida-atlantic,H,47,44,0,,,
2015-09-05,2015,R,,florida-atlantic,tulsa,A,44,47,0,,,
2015-09-05,2015,R,,ucla,virginia,H,34,16,0,13.0,,
2015-09-05,2015,R,,virginia,ucla,A,16,34,0,,13.0,
2015-09-05,2015,R,,west-virginia,georgia-southern,H,44,0,0,,,
2015-09-05,2015,R,,georgia-southern,west-virginia,A,0,44,0,,,
2015-09-06,2015,R,,marshall,purdue,H,41,31,0,,,
2015-09-06,2015,R,,purdue,marshall,A,31,41,0,,,
2015-09-07,2015,R,,ohio-state,virginia-tech,A,42,24,0,1.0,,
2015-09-07,2015,R,,virginia-tech,ohio-state,H,24,42,0,,1.0,
2015-09-10,2015,R,,western-kentucky,louisiana-tech,H,41,38,0,,,
2015-09-10,2015,R,,louisiana-tech,western-kentucky,A,38,41,0,,,
2015-09-11,2015,R,,miami-fl,florida-atlantic,A,44,20,0,,,
2015-09-11,2015,R,,florida-atlantic,miami-fl,H,20,44,0,,,
2015-09-11,2015,R,,utah,utah-state,H,24,14,0,24.0,,
2015-09-11,2015,R,,utah-state,utah,A,14,24,0,,24.0,
2015-09-12,2015,R,,air-force,san-jose-state,H,37,16,0,,,
2015-09-12,2015,R,,san-jose-state,air-force,A,16,37,0,,,
2015-09-12,2015,R,,alabama,middle-tennessee-state,H,37,10,0,2.0,,
2015-09-12,2015,R,,middle-tennessee-state,alabama,A,10,37,0,,2.0,
2015-09-12,2015,R,,arizona,nevada,A,44,20,0,22.0,,
2015-09-12,2015,R,,nevada,arizona,H,20,44,0,,22.0,
2015-09-12,2015,R,,arizona-state,cal-poly,H,35,21,0,,,
2015-09-12,2015,R,,cal-poly,arizona-state,A,21,35,0,,,
2015-09-12,2015,R,,auburn,jacksonville-state,H,27,20,0,6.0,,
2015-09-12,2015,R,,jacksonville-state,auburn,A,20,27,0,,6.0,
2015-09-12,2015,R,,baylor,lamar,H,66,31,0,4.0,,
2015-09-12,2015,R,,lamar,baylor,A,31,66,0,,4.0,
2015-09-12,2015,R,,boston-college,howard,H,76,0,0,,,
2015-09-12,2015,R,,howard,boston-college,A,0,76,0,,,
2015-09-12,2015,R,,bowling-green,maryland,A,48,27,0,,,
2015-09-12,2015,R,,maryland,bowling-green,H,27,48,0,,,
2015-09-12,2015,R,,brigham-young,boise-state,H,35,24,0,,20.0,
2015-09-12,2015,R,,boise-state,brigham-young,A,24,35,0,20.0,,
2015-09-12,2015,R,,california,san-diego-state,H,35,7,0,,,
2015-09-12,2015,R,,san-diego-state,california,A,7,35,0,,,
2015-09-12,2015,R,,central-michigan,monmouth,H,31,10,0,,,
2015-09-12,2015,R,,monmouth,central-michigan,A,10,31,0,,,
2015-09-12,2015,R,,charlotte,presbyterian,H,34,10,0,,,
2015-09-12,2015,R,,presbyterian,charlotte,A,10,34,0,,,
2015-09-12,2015,R,,clemson,appalachian-state,H,41,10,0,12.0,,
2015-09-12,2015,R,,appalachian-state,clemson,A,10,41,0,,12.0,
2015-09-12,2015,R,,colorado,massachusetts,H,48,14,0,,,
2015-09-12,2015,R,,massachusetts,colorado,A,14,48,0,,,
2015-09-12,2015,R,,connecticut,army,H,22,17,0,,,
2015-09-12,2015,R,,army,connecticut,A,17,22,0,,,
2015-09-12,2015,R,,duke,north-carolina-central,H,55,0,0,,,
2015-09-12,2015,R,,north-carolina-central,duke,A,0,55,0,,,
2015-09-12,2015,R,,eastern-michigan,wyoming,A,48,29,0,,,
2015-09-12,2015,R,,wyoming,eastern-michigan,H,29,48,0,,,
2015-09-12,2015,R,,florida,east-carolina,H,31,24,0,,,
2015-09-12,2015,R,,east-carolina,florida,A,24,31,0,,,
2015-09-12,2015,R,,florida-state,south-florida,H,34,14,0,11.0,,
2015-09-12,2015,R,,south-florida,florida-state,A,14,34,0,,11.0,
2015-09-12,2015,R,,georgia,vanderbilt,A,31,14,0,10.0,,
2015-09-12,2015,R,,vanderbilt,georgia,H,14,31,0,,10.0,
2015-09-12,2015,R,,georgia-southern,western-michigan,H,43,17,0,,,
2015-09-12,2015,R,,western-michigan,georgia-southern,A,17,43,0,,,
2015-09-12,2015,R,,georgia-state,new-mexico-state,A,34,32,0,,,
2015-09-12,2015,R,,new-mexico-state,georgia-state,H,32,34,0,,,
2015-09-12,2015,R,,georgia-tech,tulane,H,65,10,0,15.0,,
2015-09-12,2015,R,,tulane,georgia-tech,A,10,65,0,,15.0,
2015-09-12,2015,R,,houston,louisville,A,34,31,0,,,
2015-09-12,2015,R,,louisville,houston,H,31,34,0,,,
2015-09-12,2015,R,,illinois,western-illinois,H,44,0,0,,,
2015-09-12,2015,R,,western-illinois,illinois,A,0,44,0,,,
2015-09-12,2015,R,,indiana,florida-international,H,36,22,0,,,
2015-09-12,2015,R,,florida-international,indiana,A,22,36,0,,,
2015-09-12,2015,R,,iowa,iowa-state,A,31,17,0,,,
2015-09-12,2015,R,,iowa-state,iowa,H,17,31,0,,,
2015-09-12,2015,R,,kansas-state,texas-san-antonio,A,30,3,0,,,
2015-09-12,2015,R,,texas-san-antonio,kansas-state,H,3,30,0,,,
2015-09-12,2015,R,,kent-state,delaware-state,H,45,13,0,,,
2015-09-12,2015,R,,delaware-state,kent-state,A,13,45,0,,,
2015-09-12,2015,R,,kentucky,south-carolina,A,26,22,0,,,
2015-09-12,2015,R,,south-carolina,kentucky,H,22,26,0,,,
2015-09-12,2015,R,,louisiana,northwestern-state,H,44,17,0,,,
2015-09-12,2015,R,,northwestern-state,louisiana,A,17,44,0,,,
2015-09-12,2015,R,,louisiana-state,mississippi-state,A,21,19,0,14.0,25.0,
2015-09-12,2015,R,,mississippi-state,louisiana-state,H,19,21,0,25.0,14.0,
2015-09-12,2015,R,,louisiana-monroe,nicholls-state,H,47,0,0,,,
2015-09-12,2015,R,,nicholls-state,louisiana-monroe,A,0,47,0,,,
2015-09-12,2015,R,,memphis,kansas,A,55,23,0,,,
2015-09-12,2015,R,,kansas,memphis,H,23,55,0,,,
2015-09-12,2015,R,,michigan,oregon-state,H,35,7,0,,,
2015-09-12,2015,R,,oregon-state,michigan,A,7,35,0,,,
2015-09-12,2015,R,,michigan-state,oregon,H,31,28,0,5.0,7.0,
2015-09-12,2015,R,,oregon,michigan-state,A,28,31,0,7.0,5.0,
2015-09-12,2015,R,,minnesota,colorado-state,A,23,20,0,,,
2015-09-12,2015,R,,colorado-state,minnesota,H,20,23,0,,,
2015-09-12,2015,R,,mississippi,fresno-state,H,73,21,0,17.0,,
2015-09-12,2015,R,,fresno-state,mississippi,A,21,73,0,,17.0,
2015-09-12,2015,R,,missouri,arkansas-state,A,27,20,0,21.0,,
2015-09-12,2015,R,,arkansas-state,missouri,H,20,27,0,,21.0,
2015-09-12,2015,R,,nebraska,south-alabama,H,48,9,0,,,
2015-09-12,2015,R,,south-alabama,nebraska,A,9,48,0,,,
2015-09-12,2015,R,,north-carolina,north-carolina-a-t,H,53,14,0,,,
2015-09-12,2015,R,,north-carolina-a-t,north-carolina,A,14,53,0,,,
2015-09-12,2015,R,,north-carolina-state,eastern-kentucky,H,35,0,0,,,
2015-09-12,2015,R,,eastern-kentucky,north-carolina-state,A,0,35,0,,,
2015-09-12,2015,R,,northern-illinois,murray-state,H,57,26,0,,,
2015-09-12,2015,R,,murray-state,northern-illinois,A,26,57,0,,,
2015-09-12,2015,R,,northwestern,eastern-illinois,H,41,0,0,,,
2015-09-12,2015,R,,eastern-illinois,northwestern,A,0,41,0,,,
2015-09-12,2015,R,,notre-dame,virginia,A,34,27,0,9.0,,
2015-09-12,2015,R,,virginia,notre-dame,H,27,34,0,,9.0,
2015-09-12,2015,R,,ohio,marshall,H,21,10,0,,,
2015-09-12,2015,R,,marshall,ohio,A,10,21,0,,,
2015-09-12,2015,R,,ohio-state,hawaii,H,38,0,0,1.0,,
2015-09-12,2015,R,,hawaii,ohio-state,A,0,38,0,,1.0,
2015-09-12,2015,R,,oklahoma,tennessee,A,31,24,0,19.0,23.0,
2015-09-12,2015,R,,tennessee,oklahoma,H,24,31,0,23.0,19.0,
2015-09-12,2015,R,,oklahoma-state,central-arkansas,H,32,8,0,,,
2015-09-12,2015,R,,central-arkansas,oklahoma-state,A,8,32,0,,,
2015-09-12,2015,R,,old-dominion,norfolk-state,H,24,10,0,,,
2015-09-12,2015,R,,norfolk-state,old-dominion,A,10,24,0,,,
2015-09-12,2015,R,,penn-state,buffalo,H,27,14,0,,,
2015-09-12,2015,R,,buffalo,penn-state,A,14,27,0,,,
2015-09-12,2015,R,,pittsburgh,akron,A,24,7,0,,,
2015-09-12,2015,R,,akron,pittsburgh,H,7,24,0,,,
2015-09-12,2015,R,,purdue,indiana-state,H,38,14,0,,,
2015-09-12,2015,R,,indiana-state,purdue,A,14,38,0,,,
2015-09-12,2015,R,,southern-california,idaho,H,59,9,0,8.0,,
2015-09-12,2015,R,,idaho,southern-california,A,9,59,0,,8.0,
2015-09-12,2015,R,,southern-methodist,north-texas,H,31,13,0,,,
2015-09-12,2015,R,,north-texas,southern-methodist,A,13,31,0,,,
2015-09-12,2015,R,,southern-mississippi,austin-peay,H,52,6,0,,,
2015-09-12,2015,R,,austin-peay,southern-mississippi,A,6,52,0,,,
2015-09-12,2015,R,,stanford,central-florida,H,31,7,0,,,
2015-09-12,2015,R,,central-florida,stanford,A,7,31,0,,,
2015-09-12,2015,R,,syracuse,wake-forest,H,30,17,0,,,
2015-09-12,2015,R,,wake-forest,syracuse,A,17,30,0,,,
2015-09-12,2015,R,,temple,cincinnati,A,34,26,0,,,
2015-09-12,2015,R,,cincinnati,temple,H,26,34,0,,,
2015-09-12,2015,R,,texas,rice,H,42,28,0,,,
2015-09-12,2015,R,,rice,texas,A,28,42,0,,,
2015-09-12,2015,R,,texas-a-m,ball-state,H,56,23,0,16.0,,
2015-09-12,2015,R,,ball-state,texas-a-m,A,23,56,0,,16.0,
2015-09-12,2015,R,,texas-christian,stephen-f-austin,H,70,7,0,3.0,,
2015-09-12,2015,R,,stephen-f-austin,texas-christian,A,7,70,0,,3.0,
2015-09-12,2015,R,,texas-state,prairie-view-a-m,H,63,24,0,,,
2015-09-12,2015,R,,prairie-view-a-m,texas-state,A,24,63,0,,,
2015-09-12,2015,R,,texas-tech,texas-el-paso,H,69,20,0,,,
2015-09-12,2015,R,,texas-el-paso,texas-tech,A,20,69,0,,,
2015-09-12,2015,R,,toledo,arkansas,N,16,12,0,,18.0,War Memorial Stadium - Little Rock Arkansas
2015-09-12,2015,R,,arkansas,toledo,N,12,16,0,18.0,,War Memorial Stadium - Little Rock Arkansas
2015-09-12,2015,R,,troy,charleston-southern,H,44,16,0,,,
2015-09-12,2015,R,,charleston-southern,troy,A,16,44,0,,,
2015-09-12,2015,R,,tulsa,new-mexico,A,40,21,0,,,
2015-09-12,2015,R,,new-mexico,tulsa,H,21,40,0,,,
2015-09-12,2015,R,,ucla,nevada-las-vegas,A,37,3,0,13.0,,
2015-09-12,2015,R,,nevada-las-vegas,ucla,H,3,37,0,,13.0,
2015-09-12,2015,R,,virginia-tech,furman,H,42,3,0,,,
2015-09-12,2015,R,,furman,virginia-tech,A,3,42,0,,,
2015-09-12,2015,R,,washington,sacramento-state,H,49,0,0,,,
2015-09-12,2015,R,,sacramento-state,washington,A,0,49,0,,,
2015-09-12,2015,R,,washington-state,rutgers,A,37,34,0,,,
2015-09-12,2015,R,,rutgers,washington-state,H,34,37,0,,,
2015-09-12,2015,R,,west-virginia,liberty,H,41,17,0,,,
2015-09-12,2015,R,,liberty,west-virginia,A,17,41,0,,,
2015-09-12,2015,R,,wisconsin,miami-oh,H,58,0,0,,,
2015-09-12,2015,R,,miami-oh,wisconsin,A,0,58,0,,,
2015-09-17,2015,R,,clemson,louisville,A,20,17,0,11.0,,
2015-09-17,2015,R,,louisville,clemson,H,17,20,0,,11.0,
2015-09-18,2015,R,,arizona-state,new-mexico,H,34,10,0,,,
2015-09-18,2015,R,,new-mexico,arizona-state,A,10,34,0,,,
2015-09-18,2015,R,,boise-state,idaho-state,H,52,0,0,,,
2015-09-18,2015,R,,idaho-state,boise-state,A,0,52,0,,,
2015-09-18,2015,R,,florida-state,boston-college,A,14,0,0,9.0,,
2015-09-18,2015,R,,boston-college,florida-state,H,0,14,0,,9.0,
2015-09-19,2015,R,,akron,savannah-state,H,52,9,0,,,
2015-09-19,2015,R,,savannah-state,akron,A,9,52,0,,,
2015-09-19,2015,R,,arizona,northern-arizona,H,77,13,0,20.0,,
2015-09-19,2015,R,,northern-arizona,arizona,A,13,77,0,,20.0,
2015-09-19,2015,R,,arkansas-state,missouri-state,H,70,7,0,,,
2015-09-19,2015,R,,missouri-state,arkansas-state,A,7,70,0,,,
2015-09-19,2015,R,,ball-state,eastern-michigan,A,28,17,0,,,
2015-09-19,2015,R,,eastern-michigan,ball-state,H,17,28,0,,,
2015-09-19,2015,R,,buffalo,florida-atlantic,A,33,15,0,,,
2015-09-19,2015,R,,florida-atlantic,buffalo,H,15,33,0,,,
2015-09-19,2015,R,,california,texas,A,45,44,0,,,
2015-09-19,2015,R,,texas,california,H,44,45,0,,,
2015-09-19,2015,R,,cincinnati,miami-oh,A,37,33,0,,,
2015-09-19,2015,R,,miami-oh,cincinnati,H,33,37,0,,,
2015-09-19,2015,R,,colorado,colorado-state,N,27,24,0,,,Sports Authority Field at Mile High - Denver Colorado
2015-09-19,2015,R,,colorado-state,colorado,N,24,27,0,,,Sports Authority Field at Mile High - Denver Colorado
2015-09-19,2015,R,,florida,kentucky,A,14,9,0,,,
2015-09-19,2015,R,,kentucky,florida,H,9,14,0,,,
2015-09-19,2015,R,,florida-international,north-carolina-central,H,39,14,0,,,
2015-09-19,2015,R,,north-carolina-central,florida-international,A,14,39,0,,,
2015-09-19,2015,R,,furman,central-florida,A,16,15,0,,,
2015-09-19,2015,R,,central-florida,furman,H,15,16,0,,,
2015-09-19,2015,R,,georgia,south-carolina,H,52,20,0,7.0,,
2015-09-19,2015,R,,south-carolina,georgia,A,20,52,0,,7.0,
2015-09-19,2015,R,,georgia-southern,citadel,H,48,13,0,,,
2015-09-19,2015,R,,citadel,georgia-southern,A,13,48,0,,,
2015-09-19,2015,R,,hawaii,california-davis,H,47,27,0,,,
2015-09-19,2015,R,,california-davis,hawaii,A,27,47,0,,,
2015-09-19,2015,R,,idaho,wofford,H,41,38,0,,,
2015-09-19,2015,R,,wofford,idaho,A,38,41,0,,,
2015-09-19,2015,R,,indiana,western-kentucky,H,38,35,0,,,
2015-09-19,2015,R,,western-kentucky,indiana,A,35,38,0,,,
2015-09-19,2015,R,,iowa,pittsburgh,H,27,24,0,,,
2015-09-19,2015,R,,pittsburgh,iowa,A,24,27,0,,,
2015-09-19,2015,R,,kansas-state,louisiana-tech,H,39,33,0,,,
2015-09-19,2015,R,,louisiana-tech,kansas-state,A,33,39,0,,,
2015-09-19,2015,R,,louisiana-state,auburn,H,45,21,0,13.0,18.0,
2015-09-19,2015,R,,auburn,louisiana-state,A,21,45,0,18.0,13.0,
2015-09-19,2015,R,,marshall,norfolk-state,H,45,7,0,,,
2015-09-19,2015,R,,norfolk-state,marshall,A,7,45,0,,,
2015-09-19,2015,R,,maryland,south-florida,H,35,17,0,,,
2015-09-19,2015,R,,south-florida,maryland,A,17,35,0,,,
2015-09-19,2015,R,,memphis,bowling-green,A,44,41,0,,,
2015-09-19,2015,R,,bowling-green,memphis,H,41,44,0,,,
2015-09-19,2015,R,,miami-fl,nebraska,H,36,33,0,,,
2015-09-19,2015,R,,nebraska,miami-fl,A,33,36,0,,,
2015-09-19,2015,R,,michigan,nevada-las-vegas,H,28,7,0,,,
2015-09-19,2015,R,,nevada-las-vegas,michigan,A,7,28,0,,,
2015-09-19,2015,R,,michigan-state,air-force,H,35,21,0,4.0,,
2015-09-19,2015,R,,air-force,michigan-state,A,21,35,0,,4.0,
2015-09-19,2015,R,,middle-tennessee-state,charlotte,H,73,14,0,,,
2015-09-19,2015,R,,charlotte,middle-tennessee-state,A,14,73,0,,,
2015-09-19,2015,R,,minnesota,kent-state,H,10,7,0,,,
2015-09-19,2015,R,,kent-state,minnesota,A,7,10,0,,,
2015-09-19,2015,R,,mississippi,alabama,A,43,37,0,15.0,2.0,
2015-09-19,2015,R,,alabama,mississippi,H,37,43,0,2.0,15.0,
2015-09-19,2015,R,,mississippi-state,northwestern-state,H,62,13,0,,,
2015-09-19,2015,R,,northwestern-state,mississippi-state,A,13,62,0,,,
2015-09-19,2015,R,,missouri,connecticut,H,9,6,0,22.0,,
2015-09-19,2015,R,,connecticut,missouri,A,6,9,0,,22.0,
2015-09-19,2015,R,,navy,east-carolina,H,45,21,0,,,
2015-09-19,2015,R,,east-carolina,navy,A,21,45,0,,,
2015-09-19,2015,R,,north-carolina,illinois,H,48,14,0,,,
2015-09-19,2015,R,,illinois,north-carolina,A,14,48,0,,,
2015-09-19,2015,R,,north-carolina-state,old-dominion,A,38,14,0,,,
2015-09-19,2015,R,,old-dominion,north-carolina-state,H,14,38,0,,,
2015-09-19,2015,R,,northwestern,duke,A,19,10,0,23.0,,
2015-09-19,2015,R,,duke,northwestern,H,10,19,0,,23.0,
2015-09-19,2015,R,,notre-dame,georgia-tech,H,30,22,0,8.0,14.0,
2015-09-19,2015,R,,georgia-tech,notre-dame,A,22,30,0,14.0,8.0,
2015-09-19,2015,R,,ohio,southeastern-louisiana,H,35,14,0,,,
2015-09-19,2015,R,,southeastern-louisiana,ohio,A,14,35,0,,,
2015-09-19,2015,R,,ohio-state,northern-illinois,H,20,13,0,1.0,,
2015-09-19,2015,R,,northern-illinois,ohio-state,A,13,20,0,,1.0,
2015-09-19,2015,R,,oklahoma,tulsa,H,52,38,0,16.0,,
2015-09-19,2015,R,,tulsa,oklahoma,A,38,52,0,,16.0,
2015-09-19,2015,R,,oklahoma-state,texas-san-antonio,H,69,14,0,25.0,,
2015-09-19,2015,R,,texas-san-antonio,oklahoma-state,A,14,69,0,,25.0,
2015-09-19,2015,R,,oregon,georgia-state,H,61,28,0,12.0,,
2015-09-19,2015,R,,georgia-state,oregon,A,28,61,0,,12.0,
2015-09-19,2015,R,,oregon-state,san-jose-state,H,35,21,0,,,
2015-09-19,2015,R,,san-jose-state,oregon-state,A,21,35,0,,,
2015-09-19,2015,R,,penn-state,rutgers,H,28,3,0,,,
2015-09-19,2015,R,,rutgers,penn-state,A,3,28,0,,,
2015-09-19,2015,R,,rice,north-texas,A,38,24,0,,,
2015-09-19,2015,R,,north-texas,rice,H,24,38,0,,,
2015-09-19,2015,R,,south-alabama,san-diego-state,A,34,27,0,,,
2015-09-19,2015,R,,san-diego-state,south-alabama,H,27,34,0,,,
2015-09-19,2015,R,,southern-mississippi,texas-state,A,56,50,0,,,
2015-09-19,2015,R,,texas-state,southern-mississippi,H,50,56,0,,,
2015-09-19,2015,R,,stanford,southern-california,A,41,31,0,,6.0,
2015-09-19,2015,R,,southern-california,stanford,H,31,41,0,6.0,,
2015-09-19,2015,R,,syracuse,central-michigan,H,30,27,0,,,
2015-09-19,2015,R,,central-michigan,syracuse,A,27,30,0,,,
2015-09-19,2015,R,,temple,massachusetts,A,25,23,0,,,
2015-09-19,2015,R,,massachusetts,temple,H,23,25,0,,,
2015-09-19,2015,R,,tennessee,western-carolina,H,55,10,0,,,
2015-09-19,2015,R,,western-carolina,tennessee,A,10,55,0,,,
2015-09-19,2015,R,,texas-a-m,nevada,H,44,27,0,17.0,,
2015-09-19,2015,R,,nevada,texas-a-m,A,27,44,0,,17.0,
2015-09-19,2015,R,,texas-christian,southern-methodist,H,56,37,0,3.0,,
2015-09-19,2015,R,,southern-methodist,texas-christian,A,37,56,0,,3.0,
2015-09-19,2015,R,,texas-tech,arkansas,A,35,24,0,,,
2015-09-19,2015,R,,arkansas,texas-tech,H,24,35,0,,,
2015-09-19,2015,R,,texas-el-paso,new-mexico-state,A,50,47,0,,,
2015-09-19,2015,R,,new-mexico-state,texas-el-paso,H,47,50,0,,,
2015-09-19,2015,R,,toledo,iowa-state,H,30,23,0,,,
2015-09-19,2015,R,,iowa-state,toledo,A,23,30,0,,,
2015-09-19,2015,R,,tulane,maine,H,38,7,0,,,
2015-09-19,2015,R,,maine,tulane,A,7,38,0,,,
2015-09-19,2015,R,,ucla,brigham-young,H,24,23,0,10.0,19.0,
2015-09-19,2015,R,,brigham-young,ucla,A,23,24,0,19.0,10.0,
2015-09-19,2015,R,,utah,fresno-state,A,45,24,0,21.0,,
2015-09-19,2015,R,,fresno-state,utah,H,24,45,0,,21.0,
2015-09-19,2015,R,,vanderbilt,austin-peay,H,47,7,0,,,
2015-09-19,2015,R,,austin-peay,vanderbilt,A,7,47,0,,,
2015-09-19,2015,R,,virginia,william-mary,H,35,29,0,,,
2015-09-19,2015,R,,william-mary,virginia,A,29,35,0,,,
2015-09-19,2015,R,,virginia-tech,purdue,A,51,24,0,,,
2015-09-19,2015,R,,purdue,virginia-tech,H,24,51,0,,,
2015-09-19,2015,R,,wake-forest,army,A,17,14,0,,,
2015-09-19,2015,R,,army,wake-forest,H,14,17,0,,,
2015-09-19,2015,R,,washington,utah-state,H,31,17,0,,,
2015-09-19,2015,R,,utah-state,washington,A,17,31,0,,,
2015-09-19,2015,R,,washington-state,wyoming,H,31,14,0,,,
2015-09-19,2015,R,,wyoming,washington-state,A,14,31,0,,,
2015-09-19,2015,R,,western-michigan,murray-state,H,52,20,0,,,
2015-09-19,2015,R,,murray-state,western-michigan,A,20,52,0,,,
2015-09-19,2015,R,,wisconsin,troy,H,28,3,0,24.0,,
2015-09-19,2015,R,,troy,wisconsin,A,3,28,0,,24.0,
2015-09-24,2015,R,,memphis,cincinnati,H,53,46,0,,,
2015-09-24,2015,R,,cincinnati,memphis,A,46,53,0,,,
2015-09-25,2015,R,,boise-state,virginia,A,56,14,0,,,
2015-09-25,2015,R,,virginia,boise-state,H,14,56,0,,,
2015-09-25,2015,R,,stanford,oregon-state,A,42,24,0,21.0,,
2015-09-25,2015,R,,oregon-state,stanford,H,24,42,0,,21.0,
2015-09-26,2015,R,,akron,louisiana,A,35,14,0,,,
2015-09-26,2015,R,,louisiana,akron,H,14,35,0,,,
2015-09-26,2015,R,,alabama,louisiana-monroe,H,34,0,0,12.0,,
2015-09-26,2015,R,,louisiana-monroe,alabama,A,0,34,0,,12.0,
2015-09-26,2015,R,,appalachian-state,old-dominion,A,49,0,0,,,
2015-09-26,2015,R,,old-dominion,appalachian-state,H,0,49,0,,,
2015-09-26,2015,R,,army,eastern-michigan,A,58,36,0,,,
2015-09-26,2015,R,,eastern-michigan,army,H,36,58,0,,,
2015-09-26,2015,R,,baylor,rice,H,70,17,0,5.0,,
2015-09-26,2015,R,,rice,baylor,A,17,70,0,,5.0,
2015-09-26,2015,R,,boston-college,northern-illinois,H,17,14,0,,,
2015-09-26,2015,R,,northern-illinois,boston-college,A,14,17,0,,,
2015-09-26,2015,R,,bowling-green,purdue,A,35,28,0,,,
2015-09-26,2015,R,,purdue,bowling-green,H,28,35,0,,,
2015-09-26,2015,R,,california,washington,A,30,24,0,,,
2015-09-26,2015,R,,washington,california,H,24,30,0,,,
2015-09-26,2015,R,,colorado,nicholls-state,H,48,0,0,,,
2015-09-26,2015,R,,nicholls-state,colorado,A,0,48,0,,,
2015-09-26,2015,R,,colorado-state,texas-san-antonio,A,33,31,0,,,
2015-09-26,2015,R,,texas-san-antonio,colorado-state,H,31,33,0,,,
2015-09-26,2015,R,,duke,georgia-tech,H,34,20,0,,20.0,
2015-09-26,2015,R,,georgia-tech,duke,A,20,34,0,20.0,,
2015-09-26,2015,R,,east-carolina,virginia-tech,H,35,28,0,,,
2015-09-26,2015,R,,virginia-tech,east-carolina,A,28,35,0,,,
2015-09-26,2015,R,,florida,tennessee,H,28,27,0,,,
2015-09-26,2015,R,,tennessee,florida,A,27,28,0,,,
2015-09-26,2015,R,,florida-atlantic,charlotte,A,17,7,0,,,
2015-09-26,2015,R,,charlotte,florida-atlantic,H,7,17,0,,,
2015-09-26,2015,R,,georgia,southern,H,48,6,0,7.0,,
2015-09-26,2015,R,,southern,georgia,A,6,48,0,,7.0,
2015-09-26,2015,R,,georgia-southern,idaho,A,44,20,0,,,
2015-09-26,2015,R,,idaho,georgia-southern,H,20,44,0,,,
2015-09-26,2015,R,,houston,texas-state,H,59,14,0,,,
2015-09-26,2015,R,,texas-state,houston,A,14,59,0,,,
2015-09-26,2015,R,,illinois,middle-tennessee-state,H,27,25,0,,,
2015-09-26,2015,R,,middle-tennessee-state,illinois,A,25,27,0,,,
2015-09-26,2015,R,,indiana,wake-forest,A,31,24,0,,,
2015-09-26,2015,R,,wake-forest,indiana,H,24,31,0,,,
2015-09-26,2015,R,,iowa,north-texas,H,62,16,0,,,
2015-09-26,2015,R,,north-texas,iowa,A,16,62,0,,,
2015-09-26,2015,R,,james-madison,southern-methodist,A,48,45,0,,,
2015-09-26,2015,R,,southern-methodist,james-madison,H,45,48,0,,,
2015-09-26,2015,R,,kentucky,missouri,H,21,13,0,,25.0,
2015-09-26,2015,R,,missouri,kentucky,A,13,21,0,25.0,,
2015-09-26,2015,R,,louisiana-state,syracuse,A,34,24,0,8.0,,
2015-09-26,2015,R,,syracuse,louisiana-state,H,24,34,0,,8.0,
2015-09-26,2015,R,,louisiana-tech,florida-international,H,27,17,0,,,
2015-09-26,2015,R,,florida-international,louisiana-tech,A,17,27,0,,,
2015-09-26,2015,R,,louisville,samford,H,45,3,0,,,
2015-09-26,2015,R,,samford,louisville,A,3,45,0,,,
2015-09-26,2015,R,,marshall,kent-state,A,36,29,0,,,
2015-09-26,2015,R,,kent-state,marshall,H,29,36,0,,,
2015-09-26,2015,R,,michigan,brigham-young,H,31,0,0,,22.0,
2015-09-26,2015,R,,brigham-young,michigan,A,0,31,0,22.0,,
2015-09-26,2015,R,,michigan-state,central-michigan,H,30,10,0,2.0,,
2015-09-26,2015,R,,central-michigan,michigan-state,A,10,30,0,,2.0,
2015-09-26,2015,R,,minnesota,ohio,H,27,24,0,,,
2015-09-26,2015,R,,ohio,minnesota,A,24,27,0,,,
2015-09-26,2015,R,,mississippi,vanderbilt,H,27,16,0,3.0,,
2015-09-26,2015,R,,vanderbilt,mississippi,A,16,27,0,,3.0,
2015-09-26,2015,R,,mississippi-state,auburn,A,17,9,0,,,
2015-09-26,2015,R,,auburn,mississippi-state,H,9,17,0,,,
2015-09-26,2015,R,,navy,connecticut,A,28,18,0,,,
2015-09-26,2015,R,,connecticut,navy,H,18,28,0,,,
2015-09-26,2015,R,,nebraska,southern-mississippi,H,36,28,0,,,
2015-09-26,2015,R,,southern-mississippi,nebraska,A,28,36,0,,,
2015-09-26,2015,R,,nevada,buffalo,A,24,21,0,,,
2015-09-26,2015,R,,buffalo,nevada,H,21,24,0,,,
2015-09-26,2015,R,,nevada-las-vegas,idaho-state,H,80,8,0,,,
2015-09-26,2015,R,,idaho-state,nevada-las-vegas,A,8,80,0,,,
2015-09-26,2015,R,,new-mexico,wyoming,A,38,28,0,,,
2015-09-26,2015,R,,wyoming,new-mexico,H,28,38,0,,,
2015-09-26,2015,R,,north-carolina,delaware,H,41,14,0,,,
2015-09-26,2015,R,,delaware,north-carolina,A,14,41,0,,,
2015-09-26,2015,R,,north-carolina-state,south-alabama,A,63,13,0,,,
2015-09-26,2015,R,,south-alabama,north-carolina-state,H,13,63,0,,,
2015-09-26,2015,R,,northwestern,ball-state,H,24,19,0,17.0,,
2015-09-26,2015,R,,ball-state,northwestern,A,19,24,0,,17.0,
2015-09-26,2015,R,,notre-dame,massachusetts,H,62,27,0,6.0,,
2015-09-26,2015,R,,massachusetts,notre-dame,A,27,62,0,,6.0,
2015-09-26,2015,R,,ohio-state,western-michigan,H,38,12,0,1.0,,
2015-09-26,2015,R,,western-michigan,ohio-state,A,12,38,0,,1.0,
2015-09-26,2015,R,,oklahoma-state,texas,A,30,27,0,24.0,,
2015-09-26,2015,R,,texas,oklahoma-state,H,27,30,0,,24.0,
2015-09-26,2015,R,,penn-state,san-diego-state,H,37,21,0,,,
2015-09-26,2015,R,,san-diego-state,penn-state,A,21,37,0,,,
2015-09-26,2015,R,,rutgers,kansas,H,27,14,0,,,
2015-09-26,2015,R,,kansas,rutgers,A,14,27,0,,,
2015-09-26,2015,R,,san-jose-state,fresno-state,H,49,23,0,,,
2015-09-26,2015,R,,fresno-state,san-jose-state,A,23,49,0,,,
2015-09-26,2015,R,,south-carolina,central-florida,H,31,14,0,,,
2015-09-26,2015,R,,central-florida,south-carolina,A,14,31,0,,,
2015-09-26,2015,R,,southern-california,arizona-state,A,42,14,0,19.0,,
2015-09-26,2015,R,,arizona-state,southern-california,H,14,42,0,,19.0,
2015-09-26,2015,R,,texas-a-m,arkansas,N,28,21,0,14.0,,AT&T Stadium - Arlington Texas
2015-09-26,2015,R,,arkansas,texas-a-m,N,21,28,0,,14.0,AT&T Stadium - Arlington Texas
2015-09-26,2015,R,,texas-christian,texas-tech,A,55,52,0,3.0,,
2015-09-26,2015,R,,texas-tech,texas-christian,H,52,55,0,,3.0,
2015-09-26,2015,R,,texas-el-paso,incarnate-word,H,27,17,0,,,
2015-09-26,2015,R,,incarnate-word,texas-el-paso,A,17,27,0,,,
2015-09-26,2015,R,,toledo,arkansas-state,H,37,7,0,,,
2015-09-26,2015,R,,arkansas-state,toledo,A,7,37,0,,,
2015-09-26,2015,R,,ucla,arizona,A,56,30,0,9.0,16.0,
2015-09-26,2015,R,,arizona,ucla,H,30,56,0,16.0,9.0,
2015-09-26,2015,R,,utah,oregon,A,62,20,0,18.0,13.0,
2015-09-26,2015,R,,oregon,utah,H,20,62,0,13.0,18.0,
2015-09-26,2015,R,,west-virginia,maryland,H,45,6,0,,,
2015-09-26,2015,R,,maryland,west-virginia,A,6,45,0,,,
2015-09-26,2015,R,,western-kentucky,miami-oh,H,56,14,0,,,
2015-09-26,2015,R,,miami-oh,western-kentucky,A,14,56,0,,,
2015-09-26,2015,R,,wisconsin,hawaii,H,28,0,0,22.0,,
2015-09-26,2015,R,,hawaii,wisconsin,A,0,28,0,,22.0,
2015-10-01,2015,R,,cincinnati,miami-fl,H,34,23,0,,,
2015-10-01,2015,R,,miami-fl,cincinnati,A,23,34,0,,,
2015-10-02,2015,R,,brigham-young,connecticut,H,30,13,0,,,
2015-10-02,2015,R,,connecticut,brigham-young,A,13,30,0,,,
2015-10-02,2015,R,,memphis,south-florida,A,24,17,0,,,
2015-10-02,2015,R,,south-florida,memphis,H,17,24,0,,,
2015-10-02,2015,R,,temple,charlotte,A,37,3,0,,,
2015-10-02,2015,R,,charlotte,temple,H,3,37,0,,,
2015-10-03,2015,R,,alabama,georgia,A,38,10,0,13.0,8.0,
2015-10-03,2015,R,,georgia,alabama,H,10,38,0,8.0,13.0,
2015-10-03,2015,R,,appalachian-state,wyoming,H,31,13,0,,,
2015-10-03,2015,R,,wyoming,appalachian-state,A,13,31,0,,,
2015-10-03,2015,R,,arizona-state,ucla,A,38,23,0,,7.0,
2015-10-03,2015,R,,ucla,arizona-state,H,23,38,0,7.0,,
2015-10-03,2015,R,,arkansas,tennessee,A,24,20,0,,,
2015-10-03,2015,R,,tennessee,arkansas,H,20,24,0,,,
2015-10-03,2015,R,,arkansas-state,idaho,H,49,35,0,,,
2015-10-03,2015,R,,idaho,arkansas-state,A,35,49,0,,,
2015-10-03,2015,R,,auburn,san-jose-state,H,35,21,0,,,
2015-10-03,2015,R,,san-jose-state,auburn,A,21,35,0,,,
2015-10-03,2015,R,,baylor,texas-tech,N,63,35,0,5.0,,AT&T Stadium - Arlington Texas
2015-10-03,2015,R,,texas-tech,baylor,N,35,63,0,,5.0,AT&T Stadium - Arlington Texas
2015-10-03,2015,R,,boise-state,hawaii,H,55,0,0,,,
2015-10-03,2015,R,,hawaii,boise-state,A,0,55,0,,,
2015-10-03,2015,R,,bowling-green,buffalo,A,28,22,0,,,
2015-10-03,2015,R,,buffalo,bowling-green,H,22,28,0,,,
2015-10-03,2015,R,,california,washington-state,H,34,28,0,24.0,,
2015-10-03,2015,R,,washington-state,california,A,28,34,0,,24.0,
2015-10-03,2015,R,,central-michigan,northern-illinois,H,29,19,0,,,
2015-10-03,2015,R,,northern-illinois,central-michigan,A,19,29,0,,,
2015-10-03,2015,R,,clemson,notre-dame,H,24,22,0,12.0,6.0,
2015-10-03,2015,R,,notre-dame,clemson,A,22,24,0,6.0,12.0,
2015-10-03,2015,R,,duke,boston-college,H,9,7,0,,,
2015-10-03,2015,R,,boston-college,duke,A,7,9,0,,,
2015-10-03,2015,R,,east-carolina,southern-methodist,A,49,23,0,,,
2015-10-03,2015,R,,southern-methodist,east-carolina,H,23,49,0,,,
2015-10-03,2015,R,,florida,mississippi,H,38,10,0,25.0,3.0,
2015-10-03,2015,R,,mississippi,florida,A,10,38,0,3.0,25.0,
2015-10-03,2015,R,,florida-state,wake-forest,A,24,16,0,11.0,,
2015-10-03,2015,R,,wake-forest,florida-state,H,16,24,0,,11.0,
2015-10-03,2015,R,,georgia-southern,louisiana-monroe,A,51,31,0,,,
2015-10-03,2015,R,,louisiana-monroe,georgia-southern,H,31,51,0,,,
2015-10-03,2015,R,,houston,tulsa,A,38,24,0,,,
2015-10-03,2015,R,,tulsa,houston,H,24,38,0,,,
2015-10-03,2015,R,,illinois,nebraska,H,14,13,0,,,
2015-10-03,2015,R,,nebraska,illinois,A,13,14,0,,,
2015-10-03,2015,R,,iowa,wisconsin,A,10,6,0,,19.0,
2015-10-03,2015,R,,wisconsin,iowa,H,6,10,0,19.0,,
2015-10-03,2015,R,,iowa-state,kansas,H,38,13,0,,,
2015-10-03,2015,R,,kansas,iowa-state,A,13,38,0,,,
2015-10-03,2015,R,,kent-state,miami-oh,H,20,14,0,,,
2015-10-03,2015,R,,miami-oh,kent-state,A,14,20,0,,,
2015-10-03,2015,R,,kentucky,eastern-kentucky,H,34,27,0,,,
2015-10-03,2015,R,,eastern-kentucky,kentucky,A,27,34,0,,,
2015-10-03,2015,R,,liberty,georgia-state,A,41,33,0,,,
2015-10-03,2015,R,,georgia-state,liberty,H,33,41,0,,,
2015-10-03,2015,R,,louisiana-state,eastern-michigan,H,44,22,0,9.0,,
2015-10-03,2015,R,,eastern-michigan,louisiana-state,A,22,44,0,,9.0,
2015-10-03,2015,R,,louisiana-tech,louisiana,H,43,14,0,,,
2015-10-03,2015,R,,louisiana,louisiana-tech,A,14,43,0,,,
2015-10-03,2015,R,,louisville,north-carolina-state,A,20,13,0,,,
2015-10-03,2015,R,,north-carolina-state,louisville,H,13,20,0,,,
2015-10-03,2015,R,,marshall,old-dominion,H,27,7,0,,,
2015-10-03,2015,R,,old-dominion,marshall,A,7,27,0,,,
2015-10-03,2015,R,,massachusetts,florida-international,H,24,14,0,,,
2015-10-03,2015,R,,florida-international,massachusetts,A,14,24,0,,,
2015-10-03,2015,R,,michigan,maryland,A,28,0,0,22.0,,
2015-10-03,2015,R,,maryland,michigan,H,0,28,0,,22.0,
2015-10-03,2015,R,,michigan-state,purdue,H,24,21,0,2.0,,
2015-10-03,2015,R,,purdue,michigan-state,A,21,24,0,,2.0,
2015-10-03,2015,R,,missouri,south-carolina,H,24,10,0,,,
2015-10-03,2015,R,,south-carolina,missouri,A,10,24,0,,,
2015-10-03,2015,R,,navy,air-force,H,33,11,0,,,
2015-10-03,2015,R,,air-force,navy,A,11,33,0,,,
2015-10-03,2015,R,,nevada-las-vegas,nevada,A,23,17,0,,,
2015-10-03,2015,R,,nevada,nevada-las-vegas,H,17,23,0,,,
2015-10-03,2015,R,,new-mexico,new-mexico-state,H,38,29,0,,,
2015-10-03,2015,R,,new-mexico-state,new-mexico,A,29,38,0,,,
2015-10-03,2015,R,,north-carolina,georgia-tech,A,38,31,0,,,
2015-10-03,2015,R,,georgia-tech,north-carolina,H,31,38,0,,,
2015-10-03,2015,R,,northwestern,minnesota,H,27,0,0,16.0,,
2015-10-03,2015,R,,minnesota,northwestern,A,0,27,0,,16.0,
2015-10-03,2015,R,,ohio,akron,A,14,12,0,,,
2015-10-03,2015,R,,akron,ohio,H,12,14,0,,,
2015-10-03,2015,R,,ohio-state,indiana,A,34,27,0,1.0,,
2015-10-03,2015,R,,indiana,ohio-state,H,27,34,0,,1.0,
2015-10-03,2015,R,,oklahoma,west-virginia,H,44,24,0,15.0,23.0,
2015-10-03,2015,R,,west-virginia,oklahoma,A,24,44,0,23.0,15.0,
2015-10-03,2015,R,,oklahoma-state,kansas-state,H,36,34,0,20.0,,
2015-10-03,2015,R,,kansas-state,oklahoma-state,A,34,36,0,,20.0,
2015-10-03,2015,R,,oregon,colorado,A,41,24,0,,,
2015-10-03,2015,R,,colorado,oregon,H,24,41,0,,,
2015-10-03,2015,R,,penn-state,army,H,20,14,0,,,
2015-10-03,2015,R,,army,penn-state,A,14,20,0,,,
2015-10-03,2015,R,,pittsburgh,virginia-tech,A,17,13,0,,,
2015-10-03,2015,R,,virginia-tech,pittsburgh,H,13,17,0,,,
2015-10-03,2015,R,,san-diego-state,fresno-state,H,21,7,0,,,
2015-10-03,2015,R,,fresno-state,san-diego-state,A,7,21,0,,,
2015-10-03,2015,R,,south-alabama,troy,A,24,18,0,,,
2015-10-03,2015,R,,troy,south-alabama,H,18,24,0,,,
2015-10-03,2015,R,,southern-mississippi,north-texas,H,49,14,0,,,
2015-10-03,2015,R,,north-texas,southern-mississippi,A,14,49,0,,,
2015-10-03,2015,R,,stanford,arizona,H,55,17,0,18.0,,
2015-10-03,2015,R,,arizona,stanford,A,17,55,0,,18.0,
2015-10-03,2015,R,,texas-a-m,mississippi-state,H,30,17,0,14.0,21.0,
2015-10-03,2015,R,,mississippi-state,texas-a-m,A,17,30,0,21.0,14.0,
2015-10-03,2015,R,,texas-christian,texas,H,50,7,0,4.0,,
2015-10-03,2015,R,,texas,texas-christian,A,7,50,0,,4.0,
2015-10-03,2015,R,,texas-san-antonio,texas-el-paso,A,25,6,0,,,
2015-10-03,2015,R,,texas-el-paso,texas-san-antonio,H,6,25,0,,,
2015-10-03,2015,R,,toledo,ball-state,A,24,10,0,,,
2015-10-03,2015,R,,ball-state,toledo,H,10,24,0,,,
2015-10-03,2015,R,,tulane,central-florida,H,45,31,0,,,
2015-10-03,2015,R,,central-florida,tulane,A,31,45,0,,,
2015-10-03,2015,R,,utah-state,colorado-state,H,33,18,0,,,
2015-10-03,2015,R,,colorado-state,utah-state,A,18,33,0,,,
2015-10-03,2015,R,,vanderbilt,middle-tennessee-state,A,17,13,0,,,
2015-10-03,2015,R,,middle-tennessee-state,vanderbilt,H,13,17,0,,,
2015-10-03,2015,R,,western-kentucky,rice,A,49,10,0,,,
2015-10-03,2015,R,,rice,western-kentucky,H,10,49,0,,,
2015-10-08,2015,R,,houston,southern-methodist,H,49,28,0,,,
2015-10-08,2015,R,,southern-methodist,houston,A,28,49,0,,,
2015-10-08,2015,R,,washington,southern-california,A,17,12,0,,17.0,
2015-10-08,2015,R,,southern-california,washington,H,12,17,0,17.0,,
2015-10-09,2015,R,,marshall,southern-mississippi,H,31,10,0,,,
2015-10-09,2015,R,,southern-mississippi,marshall,A,10,31,0,,,
2015-10-09,2015,R,,virginia-tech,north-carolina-state,H,28,13,0,,,
2015-10-09,2015,R,,north-carolina-state,virginia-tech,A,13,28,0,,,
2015-10-10,2015,R,,air-force,wyoming,H,31,17,0,,,
2015-10-10,2015,R,,wyoming,air-force,A,17,31,0,,,
2015-10-10,2015,R,,akron,eastern-michigan,A,47,21,0,,,
2015-10-10,2015,R,,eastern-michigan,akron,H,21,47,0,,,
2015-10-10,2015,R,,alabama,arkansas,H,27,14,0,8.0,,
2015-10-10,2015,R,,arkansas,alabama,A,14,27,0,,8.0,
2015-10-10,2015,R,,appalachian-state,georgia-state,A,37,3,0,,,
2015-10-10,2015,R,,georgia-state,appalachian-state,H,3,37,0,,,
2015-10-10,2015,R,,arizona,oregon-state,H,44,7,0,,,
2015-10-10,2015,R,,oregon-state,arizona,A,7,44,0,,,
2015-10-10,2015,R,,arizona-state,colorado,H,48,23,0,,,
2015-10-10,2015,R,,colorado,arizona-state,A,23,48,0,,,
2015-10-10,2015,R,,baylor,kansas,A,66,7,0,3.0,,
2015-10-10,2015,R,,kansas,baylor,H,7,66,0,,3.0,
2015-10-10,2015,R,,boise-state,colorado-state,A,41,10,0,25.0,,
2015-10-10,2015,R,,colorado-state,boise-state,H,10,41,0,,25.0,
2015-10-10,2015,R,,bowling-green,massachusetts,H,62,38,0,,,
2015-10-10,2015,R,,massachusetts,bowling-green,A,38,62,0,,,
2015-10-10,2015,R,,brigham-young,east-carolina,H,45,38,0,,,
2015-10-10,2015,R,,east-carolina,brigham-young,A,38,45,0,,,
2015-10-10,2015,R,,clemson,georgia-tech,H,43,24,0,6.0,,
2015-10-10,2015,R,,georgia-tech,clemson,A,24,43,0,,6.0,
2015-10-10,2015,R,,connecticut,central-florida,A,40,13,0,,,
2015-10-10,2015,R,,central-florida,connecticut,H,13,40,0,,,
2015-10-10,2015,R,,duke,army,A,44,3,0,,,
2015-10-10,2015,R,,army,duke,H,3,44,0,,,
2015-10-10,2015,R,,florida,missouri,A,21,3,0,11.0,,
2015-10-10,2015,R,,missouri,florida,H,3,21,0,,11.0,
2015-10-10,2015,R,,florida-international,texas-el-paso,H,52,12,0,,,
2015-10-10,2015,R,,texas-el-paso,florida-international,A,12,52,0,,,
2015-10-10,2015,R,,florida-state,miami-fl,H,29,24,0,12.0,,
2015-10-10,2015,R,,miami-fl,florida-state,A,24,29,0,,12.0,
2015-10-10,2015,R,,iowa,illinois,H,29,20,0,22.0,,
2015-10-10,2015,R,,illinois,iowa,A,20,29,0,,22.0,
2015-10-10,2015,R,,louisiana,texas-state,H,49,27,0,,,
2015-10-10,2015,R,,texas-state,louisiana,A,27,49,0,,,
2015-10-10,2015,R,,louisiana-state,south-carolina,A,45,24,0,7.0,,At Baton Rouge LA due to flooding
2015-10-10,2015,R,,south-carolina,louisiana-state,H,24,45,0,,7.0,At Baton Rouge LA due to flooding
2015-10-10,2015,R,,louisiana-tech,texas-san-antonio,A,34,31,0,,,
2015-10-10,2015,R,,texas-san-antonio,louisiana-tech,H,31,34,0,,,
2015-10-10,2015,R,,michigan,northwestern,H,38,0,0,18.0,13.0,
2015-10-10,2015,R,,northwestern,michigan,A,0,38,0,13.0,18.0,
2015-10-10,2015,R,,michigan-state,rutgers,A,31,24,0,4.0,,
2015-10-10,2015,R,,rutgers,michigan-state,H,24,31,0,,4.0,
2015-10-10,2015,R,,minnesota,purdue,A,41,13,0,,,
2015-10-10,2015,R,,purdue,minnesota,H,13,41,0,,,
2015-10-10,2015,R,,mississippi,new-mexico-state,H,52,3,0,14.0,,
2015-10-10,2015,R,,new-mexico-state,mississippi,A,3,52,0,,14.0,
2015-10-10,2015,R,,mississippi-state,troy,H,45,17,0,,,
2015-10-10,2015,R,,troy,mississippi-state,A,17,45,0,,,
2015-10-10,2015,R,,nevada,new-mexico,H,35,17,0,,,
2015-10-10,2015,R,,new-mexico,nevada,A,17,35,0,,,
2015-10-10,2015,R,,northern-illinois,ball-state,H,59,41,0,,,
2015-10-10,2015,R,,ball-state,northern-illinois,A,41,59,0,,,
2015-10-10,2015,R,,notre-dame,navy,H,41,24,0,15.0,,
2015-10-10,2015,R,,navy,notre-dame,A,24,41,0,,15.0,
2015-10-10,2015,R,,ohio,miami-oh,H,34,3,0,,,
2015-10-10,2015,R,,miami-oh,ohio,A,3,34,0,,,
2015-10-10,2015,R,,ohio-state,maryland,H,49,28,0,1.0,,
2015-10-10,2015,R,,maryland,ohio-state,A,28,49,0,,1.0,
2015-10-10,2015,R,,oklahoma-state,west-virginia,A,33,26,0,21.0,,
2015-10-10,2015,R,,west-virginia,oklahoma-state,H,26,33,0,,21.0,
2015-10-10,2015,R,,penn-state,indiana,H,29,7,0,,,
2015-10-10,2015,R,,indiana,penn-state,A,7,29,0,,,
2015-10-10,2015,R,,pittsburgh,virginia,H,26,19,0,,,
2015-10-10,2015,R,,virginia,pittsburgh,A,19,26,0,,,
2015-10-10,2015,R,,portland-state,north-texas,A,66,7,0,,,
2015-10-10,2015,R,,north-texas,portland-state,H,7,66,0,,,
2015-10-10,2015,R,,rice,florida-atlantic,A,27,26,0,,,
2015-10-10,2015,R,,florida-atlantic,rice,H,26,27,0,,,
2015-10-10,2015,R,,san-diego-state,hawaii,A,28,14,0,,,
2015-10-10,2015,R,,hawaii,san-diego-state,H,14,28,0,,,
2015-10-10,2015,R,,san-jose-state,nevada-las-vegas,A,33,27,0,,,
2015-10-10,2015,R,,nevada-las-vegas,san-jose-state,H,27,33,0,,,
2015-10-10,2015,R,,south-florida,syracuse,H,45,24,0,,,
2015-10-10,2015,R,,syracuse,south-florida,A,24,45,0,,,
2015-10-10,2015,R,,temple,tulane,H,49,10,0,,,
2015-10-10,2015,R,,tulane,temple,A,10,49,0,,,
2015-10-10,2015,R,,tennessee,georgia,H,38,31,0,,19.0,
2015-10-10,2015,R,,georgia,tennessee,A,31,38,0,19.0,,
2015-10-10,2015,R,,texas,oklahoma,N,24,17,0,,10.0,Cotton Bowl Stadium - Dallas Texas
2015-10-10,2015,R,,oklahoma,texas,N,17,24,0,10.0,,Cotton Bowl Stadium - Dallas Texas
2015-10-10,2015,R,,texas-christian,kansas-state,A,52,45,0,2.0,,
2015-10-10,2015,R,,kansas-state,texas-christian,H,45,52,0,,2.0,
2015-10-10,2015,R,,texas-tech,iowa-state,H,66,31,0,,,
2015-10-10,2015,R,,iowa-state,texas-tech,A,31,66,0,,,
2015-10-10,2015,R,,toledo,kent-state,H,38,7,0,24.0,,
2015-10-10,2015,R,,kent-state,toledo,A,7,38,0,,24.0,
2015-10-10,2015,R,,tulsa,louisiana-monroe,H,34,24,0,,,
2015-10-10,2015,R,,louisiana-monroe,tulsa,A,24,34,0,,,
2015-10-10,2015,R,,utah,california,H,30,24,0,5.0,23.0,
2015-10-10,2015,R,,california,utah,A,24,30,0,23.0,5.0,
2015-10-10,2015,R,,utah-state,fresno-state,A,56,14,0,,,
2015-10-10,2015,R,,fresno-state,utah-state,H,14,56,0,,,
2015-10-10,2015,R,,wake-forest,boston-college,A,3,0,0,,,
2015-10-10,2015,R,,boston-college,wake-forest,H,0,3,0,,,
2015-10-10,2015,R,,washington-state,oregon,A,45,38,0,,,
2015-10-10,2015,R,,oregon,washington-state,H,38,45,0,,,
2015-10-10,2015,R,,western-kentucky,middle-tennessee-state,H,58,28,0,,,
2015-10-10,2015,R,,middle-tennessee-state,western-kentucky,A,28,58,0,,,
2015-10-10,2015,R,,western-michigan,central-michigan,H,41,39,0,,,
2015-10-10,2015,R,,central-michigan,western-michigan,A,39,41,0,,,
2015-10-10,2015,R,,wisconsin,nebraska,A,23,21,0,,,
2015-10-10,2015,R,,nebraska,wisconsin,H,21,23,0,,,
2015-10-13,2015,R,,arkansas-state,south-alabama,A,49,31,0,,,
2015-10-13,2015,R,,south-alabama,arkansas-state,H,31,49,0,,,
2015-10-15,2015,R,,auburn,kentucky,A,30,27,0,,,
2015-10-15,2015,R,,kentucky,auburn,H,27,30,0,,,
2015-10-15,2015,R,,stanford,ucla,H,56,35,0,15.0,18.0,
2015-10-15,2015,R,,ucla,stanford,A,35,56,0,18.0,15.0,
2015-10-15,2015,R,,western-kentucky,north-texas,A,55,28,0,,,
2015-10-15,2015,R,,north-texas,western-kentucky,H,28,55,0,,,
2015-10-16,2015,R,,brigham-young,cincinnati,H,38,24,0,,,
2015-10-16,2015,R,,cincinnati,brigham-young,A,24,38,0,,,
2015-10-16,2015,R,,fresno-state,nevada-las-vegas,H,31,28,0,,,
2015-10-16,2015,R,,nevada-las-vegas,fresno-state,A,28,31,0,,,
2015-10-16,2015,R,,houston,tulane,A,42,7,0,24.0,,
2015-10-16,2015,R,,tulane,houston,H,7,42,0,,24.0,
2015-10-16,2015,R,,utah-state,boise-state,H,52,26,0,,21.0,
2015-10-16,2015,R,,boise-state,utah-state,A,26,52,0,21.0,,
2015-10-17,2015,R,,alabama,texas-a-m,A,41,23,0,10.0,9.0,
2015-10-17,2015,R,,texas-a-m,alabama,H,23,41,0,9.0,10.0,
2015-10-17,2015,R,,appalachian-state,louisiana-monroe,A,59,14,0,,,
2015-10-17,2015,R,,louisiana-monroe,appalachian-state,H,14,59,0,,,
2015-10-17,2015,R,,arizona,colorado,A,38,31,0,,,
2015-10-17,2015,R,,colorado,arizona,H,31,38,0,,,
2015-10-17,2015,R,,army,bucknell,H,21,14,0,,,
2015-10-17,2015,R,,bucknell,army,A,14,21,0,,,
2015-10-17,2015,R,,baylor,west-virginia,H,62,38,0,2.0,,
2015-10-17,2015,R,,west-virginia,baylor,A,38,62,0,,2.0,
2015-10-17,2015,R,,bowling-green,akron,H,59,10,0,,,
2015-10-17,2015,R,,akron,bowling-green,A,10,59,0,,,
2015-10-17,2015,R,,central-michigan,buffalo,H,51,14,0,,,
2015-10-17,2015,R,,buffalo,central-michigan,A,14,51,0,,,
2015-10-17,2015,R,,clemson,boston-college,H,34,17,0,5.0,,
2015-10-17,2015,R,,boston-college,clemson,A,17,34,0,,5.0,
2015-10-17,2015,R,,colorado-state,air-force,H,38,23,0,,,
2015-10-17,2015,R,,air-force,colorado-state,A,23,38,0,,,
2015-10-17,2015,R,,east-carolina,tulsa,H,30,17,0,,,
2015-10-17,2015,R,,tulsa,east-carolina,A,17,30,0,,,
2015-10-17,2015,R,,florida-state,louisville,H,41,21,0,11.0,,
2015-10-17,2015,R,,louisville,florida-state,A,21,41,0,,11.0,
2015-10-17,2015,R,,georgia,missouri,H,9,6,0,,,
2015-10-17,2015,R,,missouri,georgia,A,6,9,0,,,
2015-10-17,2015,R,,georgia-southern,new-mexico-state,H,56,26,0,,,
2015-10-17,2015,R,,new-mexico-state,georgia-southern,A,26,56,0,,,
2015-10-17,2015,R,,georgia-state,ball-state,A,31,19,0,,,
2015-10-17,2015,R,,ball-state,georgia-state,H,19,31,0,,,
2015-10-17,2015,R,,idaho,troy,A,19,16,0,,,
2015-10-17,2015,R,,troy,idaho,H,16,19,0,,,
2015-10-17,2015,R,,iowa,northwestern,A,40,10,0,17.0,20.0,
2015-10-17,2015,R,,northwestern,iowa,H,10,40,0,20.0,17.0,
2015-10-17,2015,R,,kent-state,massachusetts,A,15,10,0,,,
2015-10-17,2015,R,,massachusetts,kent-state,H,10,15,0,,,
2015-10-17,2015,R,,louisiana-state,florida,H,35,28,0,6.0,8.0,
2015-10-17,2015,R,,florida,louisiana-state,A,28,35,0,8.0,6.0,
2015-10-17,2015,R,,marshall,florida-atlantic,A,33,17,0,,,
2015-10-17,2015,R,,florida-atlantic,marshall,H,17,33,0,,,
2015-10-17,2015,R,,memphis,mississippi,H,37,24,0,,13.0,
2015-10-17,2015,R,,mississippi,memphis,A,24,37,0,13.0,,
2015-10-17,2015,R,,miami-fl,virginia-tech,H,30,20,0,,,
2015-10-17,2015,R,,virginia-tech,miami-fl,A,20,30,0,,,
2015-10-17,2015,R,,michigan-state,michigan,A,27,23,0,7.0,12.0,
2015-10-17,2015,R,,michigan,michigan-state,H,23,27,0,12.0,7.0,
2015-10-17,2015,R,,middle-tennessee-state,florida-international,H,42,34,0,,,
2015-10-17,2015,R,,florida-international,middle-tennessee-state,A,34,42,0,,,
2015-10-17,2015,R,,mississippi-state,louisiana-tech,H,45,20,0,,,
2015-10-17,2015,R,,louisiana-tech,mississippi-state,A,20,45,0,,,
2015-10-17,2015,R,,nebraska,minnesota,A,48,25,0,,,
2015-10-17,2015,R,,minnesota,nebraska,H,25,48,0,,,
2015-10-17,2015,R,,new-mexico,hawaii,H,28,27,0,,,
2015-10-17,2015,R,,hawaii,new-mexico,A,27,28,0,,,
2015-10-17,2015,R,,north-carolina,wake-forest,H,50,14,0,,,
2015-10-17,2015,R,,wake-forest,north-carolina,A,14,50,0,,,
2015-10-17,2015,R,,northern-illinois,miami-oh,A,45,12,0,,,
2015-10-17,2015,R,,miami-oh,northern-illinois,H,12,45,0,,,
2015-10-17,2015,R,,notre-dame,southern-california,H,41,31,0,14.0,,
2015-10-17,2015,R,,southern-california,notre-dame,A,31,41,0,,14.0,
2015-10-17,2015,R,,ohio-state,penn-state,H,38,10,0,1.0,,
2015-10-17,2015,R,,penn-state,ohio-state,A,10,38,0,,1.0,
2015-10-17,2015,R,,oklahoma,kansas-state,A,55,0,0,19.0,,
2015-10-17,2015,R,,kansas-state,oklahoma,H,0,55,0,,19.0,
2015-10-17,2015,R,,old-dominion,charlotte,H,37,34,0,,,
2015-10-17,2015,R,,charlotte,old-dominion,A,34,37,0,,,
2015-10-17,2015,R,,oregon,washington,A,26,20,0,,,
2015-10-17,2015,R,,washington,oregon,H,20,26,0,,,
2015-10-17,2015,R,,pittsburgh,georgia-tech,A,31,28,0,,,
2015-10-17,2015,R,,georgia-tech,pittsburgh,H,28,31,0,,,
2015-10-17,2015,R,,rutgers,indiana,A,55,52,0,,,
2015-10-17,2015,R,,indiana,rutgers,H,52,55,0,,,
2015-10-17,2015,R,,san-diego-state,san-jose-state,A,30,7,0,,,
2015-10-17,2015,R,,san-jose-state,san-diego-state,H,7,30,0,,,
2015-10-17,2015,R,,south-carolina,vanderbilt,H,19,10,0,,,
2015-10-17,2015,R,,vanderbilt,south-carolina,A,10,19,0,,,
2015-10-17,2015,R,,south-florida,connecticut,A,28,20,0,,,
2015-10-17,2015,R,,connecticut,south-florida,H,20,28,0,,,
2015-10-17,2015,R,,southern-mississippi,texas-san-antonio,H,32,10,0,,,
2015-10-17,2015,R,,texas-san-antonio,southern-mississippi,A,10,32,0,,,
2015-10-17,2015,R,,temple,central-florida,H,30,16,0,,,
2015-10-17,2015,R,,central-florida,temple,A,16,30,0,,,
2015-10-17,2015,R,,texas-christian,iowa-state,A,45,21,0,3.0,,
2015-10-17,2015,R,,iowa-state,texas-christian,H,21,45,0,,3.0,
2015-10-17,2015,R,,texas-tech,kansas,A,30,20,0,,,
2015-10-17,2015,R,,kansas,texas-tech,H,20,30,0,,,
2015-10-17,2015,R,,toledo,eastern-michigan,H,63,20,0,22.0,,
2015-10-17,2015,R,,eastern-michigan,toledo,A,20,63,0,,22.0,
2015-10-17,2015,R,,utah,arizona-state,H,34,18,0,4.0,,
2015-10-17,2015,R,,arizona-state,utah,A,18,34,0,,4.0,
2015-10-17,2015,R,,virginia,syracuse,H,44,38,0,,,
2015-10-17,2015,R,,syracuse,virginia,A,38,44,0,,,
2015-10-17,2015,R,,washington-state,oregon-state,H,52,31,0,,,
2015-10-17,2015,R,,oregon-state,washington-state,A,31,52,0,,,
2015-10-17,2015,R,,western-michigan,ohio,A,49,14,0,,,
2015-10-17,2015,R,,ohio,western-michigan,H,14,49,0,,,
2015-10-17,2015,R,,wisconsin,purdue,H,24,7,0,,,
2015-10-17,2015,R,,purdue,wisconsin,A,7,24,0,,,
2015-10-17,2015,R,,wyoming,nevada,H,28,21,0,,,
2015-10-17,2015,R,,nevada,wyoming,A,21,28,0,,,
2015-10-20,2015,R,,arkansas-state,louisiana,H,37,27,0,,,
2015-10-20,2015,R,,louisiana,arkansas-state,A,27,37,0,,,
2015-10-22,2015,R,,appalachian-state,georgia-southern,H,31,13,0,,,
2015-10-22,2015,R,,georgia-southern,appalachian-state,A,13,31,0,,,
2015-10-22,2015,R,,temple,east-carolina,A,24,14,0,22.0,,
2015-10-22,2015,R,,east-carolina,temple,H,14,24,0,,22.0,
2015-10-22,2015,R,,ucla,california,H,40,24,0,,20.0,
2015-10-22,2015,R,,california,ucla,A,24,40,0,20.0,,
2015-10-23,2015,R,,memphis,tulsa,A,66,42,0,18.0,,
2015-10-23,2015,R,,tulsa,memphis,H,42,66,0,,18.0,
2015-10-23,2015,R,,san-diego-state,utah-state,H,48,14,0,,,
2015-10-23,2015,R,,utah-state,san-diego-state,A,14,48,0,,,
2015-10-24,2015,R,,air-force,fresno-state,H,42,14,0,,,
2015-10-24,2015,R,,fresno-state,air-force,A,14,42,0,,,
2015-10-24,2015,R,,alabama,tennessee,H,19,14,0,8.0,,
2015-10-24,2015,R,,tennessee,alabama,A,14,19,0,,8.0,
2015-10-24,2015,R,,arkansas,auburn,H,54,46,0,,,
2015-10-24,2015,R,,auburn,arkansas,A,46,54,0,,,
2015-10-24,2015,R,,baylor,iowa-state,H,45,27,0,2.0,,
2015-10-24,2015,R,,iowa-state,baylor,A,27,45,0,,2.0,
2015-10-24,2015,R,,boise-state,wyoming,H,34,14,0,,,
2015-10-24,2015,R,,wyoming,boise-state,A,14,34,0,,,
2015-10-24,2015,R,,bowling-green,kent-state,A,48,0,0,,,
2015-10-24,2015,R,,kent-state,bowling-green,H,0,48,0,,,
2015-10-24,2015,R,,brigham-young,wagner,H,70,6,0,,,
2015-10-24,2015,R,,wagner,brigham-young,A,6,70,0,,,
2015-10-24,2015,R,,buffalo,ohio,H,41,17,0,,,
2015-10-24,2015,R,,ohio,buffalo,A,17,41,0,,,
2015-10-24,2015,R,,central-michigan,ball-state,A,23,21,0,,,
2015-10-24,2015,R,,ball-state,central-michigan,H,21,23,0,,,
2015-10-24,2015,R,,cincinnati,connecticut,H,37,13,0,,,
2015-10-24,2015,R,,connecticut,cincinnati,A,13,37,0,,,
2015-10-24,2015,R,,clemson,miami-fl,A,58,0,0,6.0,,
2015-10-24,2015,R,,miami-fl,clemson,H,0,58,0,,6.0,
2015-10-24,2015,R,,colorado,oregon-state,A,17,13,0,,,
2015-10-24,2015,R,,oregon-state,colorado,H,13,17,0,,,
2015-10-24,2015,R,,duke,virginia-tech,A,45,43,0,23.0,,
2015-10-24,2015,R,,virginia-tech,duke,H,43,45,0,,23.0,
2015-10-24,2015,R,,florida-international,old-dominion,H,41,12,0,,,
2015-10-24,2015,R,,old-dominion,florida-international,A,12,41,0,,,
2015-10-24,2015,R,,georgia-tech,florida-state,H,22,16,0,,9.0,
2015-10-24,2015,R,,florida-state,georgia-tech,A,16,22,0,9.0,,
2015-10-24,2015,R,,houston,central-florida,A,59,10,0,21.0,,
2015-10-24,2015,R,,central-florida,houston,H,10,59,0,,21.0,
2015-10-24,2015,R,,idaho,louisiana-monroe,H,27,13,0,,,
2015-10-24,2015,R,,louisiana-monroe,idaho,A,13,27,0,,,
2015-10-24,2015,R,,louisiana-state,western-kentucky,H,48,20,0,5.0,,
2015-10-24,2015,R,,western-kentucky,louisiana-state,A,20,48,0,,5.0,
2015-10-24,2015,R,,louisiana-tech,middle-tennessee-state,H,45,16,0,,,
2015-10-24,2015,R,,middle-tennessee-state,louisiana-tech,A,16,45,0,,,
2015-10-24,2015,R,,louisville,boston-college,H,17,14,0,,,
2015-10-24,2015,R,,boston-college,louisville,A,14,17,0,,,
2015-10-24,2015,R,,marshall,north-texas,H,30,13,0,,,
2015-10-24,2015,R,,north-texas,marshall,A,13,30,0,,,
2015-10-24,2015,R,,michigan-state,indiana,H,52,26,0,7.0,,
2015-10-24,2015,R,,indiana,michigan-state,A,26,52,0,,7.0,
2015-10-24,2015,R,,mississippi,texas-a-m,H,23,3,0,24.0,15.0,
2015-10-24,2015,R,,texas-a-m,mississippi,A,3,23,0,15.0,24.0,
2015-10-24,2015,R,,mississippi-state,kentucky,H,42,16,0,,,
2015-10-24,2015,R,,kentucky,mississippi-state,A,16,42,0,,,
2015-10-24,2015,R,,navy,tulane,H,31,14,0,,,
2015-10-24,2015,R,,tulane,navy,A,14,31,0,,,
2015-10-24,2015,R,,nevada,hawaii,H,30,20,0,,,
2015-10-24,2015,R,,hawaii,nevada,A,20,30,0,,,
2015-10-24,2015,R,,north-carolina,virginia,H,26,13,0,,,
2015-10-24,2015,R,,virginia,north-carolina,A,13,26,0,,,
2015-10-24,2015,R,,north-carolina-state,wake-forest,A,35,17,0,,,
2015-10-24,2015,R,,wake-forest,north-carolina-state,H,17,35,0,,,
2015-10-24,2015,R,,northern-illinois,eastern-michigan,H,49,21,0,,,
2015-10-24,2015,R,,eastern-michigan,northern-illinois,A,21,49,0,,,
2015-10-24,2015,R,,northwestern,nebraska,A,30,28,0,,,
2015-10-24,2015,R,,nebraska,northwestern,H,28,30,0,,,
2015-10-24,2015,R,,ohio-state,rutgers,A,49,7,0,1.0,,
2015-10-24,2015,R,,rutgers,ohio-state,H,7,49,0,,1.0,
2015-10-24,2015,R,,oklahoma,texas-tech,H,63,27,0,17.0,,
2015-10-24,2015,R,,texas-tech,oklahoma,A,27,63,0,,17.0,
2015-10-24,2015,R,,oklahoma-state,kansas,H,58,10,0,14.0,,
2015-10-24,2015,R,,kansas,oklahoma-state,A,10,58,0,,14.0,
2015-10-24,2015,R,,penn-state,maryland,N,31,30,0,,,M&T Bank Stadium - Baltimore Maryland
2015-10-24,2015,R,,maryland,penn-state,N,30,31,0,,,M&T Bank Stadium - Baltimore Maryland
2015-10-24,2015,R,,pittsburgh,syracuse,A,23,20,0,25.0,,
2015-10-24,2015,R,,syracuse,pittsburgh,H,20,23,0,,25.0,
2015-10-24,2015,R,,rice,army,H,38,31,0,,,
2015-10-24,2015,R,,army,rice,A,31,38,0,,,
2015-10-24,2015,R,,san-jose-state,new-mexico,H,31,21,0,,,
2015-10-24,2015,R,,new-mexico,san-jose-state,A,21,31,0,,,
2015-10-24,2015,R,,south-florida,southern-methodist,H,38,14,0,,,
2015-10-24,2015,R,,southern-methodist,south-florida,A,14,38,0,,,
2015-10-24,2015,R,,southern-california,utah,H,42,24,0,,3.0,
2015-10-24,2015,R,,utah,southern-california,A,24,42,0,3.0,,
2015-10-24,2015,R,,southern-mississippi,charlotte,A,44,10,0,,,
2015-10-24,2015,R,,charlotte,southern-mississippi,H,10,44,0,,,
2015-10-24,2015,R,,stanford,washington,H,31,14,0,10.0,,
2015-10-24,2015,R,,washington,stanford,A,14,31,0,,10.0,
2015-10-24,2015,R,,texas,kansas-state,H,23,9,0,,,
2015-10-24,2015,R,,kansas-state,texas,A,9,23,0,,,
2015-10-24,2015,R,,texas-state,south-alabama,H,36,18,0,,,
2015-10-24,2015,R,,south-alabama,texas-state,A,18,36,0,,,
2015-10-24,2015,R,,texas-el-paso,florida-atlantic,H,27,17,0,,,
2015-10-24,2015,R,,florida-atlantic,texas-el-paso,A,17,27,0,,,
2015-10-24,2015,R,,toledo,massachusetts,A,51,35,0,19.0,,
2015-10-24,2015,R,,massachusetts,toledo,H,35,51,0,,19.0,
2015-10-24,2015,R,,troy,new-mexico-state,A,52,7,0,,,
2015-10-24,2015,R,,new-mexico-state,troy,H,7,52,0,,,
2015-10-24,2015,R,,vanderbilt,missouri,H,10,3,0,,,
2015-10-24,2015,R,,missouri,vanderbilt,A,3,10,0,,,
2015-10-24,2015,R,,washington-state,arizona,A,45,42,0,,,
2015-10-24,2015,R,,arizona,washington-state,H,42,45,0,,,
2015-10-24,2015,R,,western-michigan,miami-oh,H,35,13,0,,,
2015-10-24,2015,R,,miami-oh,western-michigan,A,13,35,0,,,
2015-10-24,2015,R,,wisconsin,illinois,A,24,13,0,,,
2015-10-24,2015,R,,illinois,wisconsin,H,13,24,0,,,
2015-10-29,2015,R,,buffalo,miami-oh,A,29,24,0,,,
2015-10-29,2015,R,,miami-oh,buffalo,H,24,29,0,,,
2015-10-29,2015,R,,georgia-southern,texas-state,H,37,13,0,,,
2015-10-29,2015,R,,texas-state,georgia-southern,A,13,37,0,,,
2015-10-29,2015,R,,north-carolina,pittsburgh,A,26,19,0,,23.0,
2015-10-29,2015,R,,pittsburgh,north-carolina,H,19,26,0,23.0,,
2015-10-29,2015,R,,oregon,arizona-state,A,61,55,0,,,
2015-10-29,2015,R,,arizona-state,oregon,H,55,61,0,,,
2015-10-29,2015,R,,texas-christian,west-virginia,H,40,10,0,5.0,,
2015-10-29,2015,R,,west-virginia,texas-christian,A,10,40,0,,5.0,
2015-10-29,2015,R,,western-michigan,eastern-michigan,A,58,28,0,,,
2015-10-29,2015,R,,eastern-michigan,western-michigan,H,28,58,0,,,
2015-10-30,2015,R,,connecticut,east-carolina,H,31,13,0,,,
2015-10-30,2015,R,,east-carolina,connecticut,A,13,31,0,,,
2015-10-30,2015,R,,louisiana-tech,rice,A,42,17,0,,,
2015-10-30,2015,R,,rice,louisiana-tech,H,17,42,0,,,
2015-10-30,2015,R,,louisville,wake-forest,A,20,19,0,,,
2015-10-30,2015,R,,wake-forest,louisville,H,19,20,0,,,
2015-10-30,2015,R,,utah-state,wyoming,H,58,27,0,,,
2015-10-30,2015,R,,wyoming,utah-state,A,27,58,0,,,
2015-10-31,2015,R,,air-force,hawaii,A,58,7,0,,,
2015-10-31,2015,R,,hawaii,air-force,H,7,58,0,,,
2015-10-31,2015,R,,appalachian-state,troy,H,44,41,0,,,
2015-10-31,2015,R,,troy,appalachian-state,A,41,44,0,,,
2015-10-31,2015,R,,arkansas,tennessee-martin,H,63,28,0,,,
2015-10-31,2015,R,,tennessee-martin,arkansas,A,28,63,0,,,
2015-10-31,2015,R,,arkansas-state,georgia-state,H,48,34,0,,,
2015-10-31,2015,R,,georgia-state,arkansas-state,A,34,48,0,,,
2015-10-31,2015,R,,ball-state,massachusetts,H,20,10,0,,,
2015-10-31,2015,R,,massachusetts,ball-state,A,10,20,0,,,
2015-10-31,2015,R,,boise-state,nevada-las-vegas,A,55,27,0,,,
2015-10-31,2015,R,,nevada-las-vegas,boise-state,H,27,55,0,,,
2015-10-31,2015,R,,central-michigan,akron,A,14,6,0,,,
2015-10-31,2015,R,,akron,central-michigan,H,6,14,0,,,
2015-10-31,2015,R,,cincinnati,central-florida,H,52,7,0,,,
2015-10-31,2015,R,,central-florida,cincinnati,A,7,52,0,,,
2015-10-31,2015,R,,clemson,north-carolina-state,A,56,41,0,3.0,,
2015-10-31,2015,R,,north-carolina-state,clemson,H,41,56,0,,3.0,
2015-10-31,2015,R,,florida,georgia,N,27,3,0,11.0,,EverBank Field - Jacksonville Florida
2015-10-31,2015,R,,georgia,florida,N,3,27,0,,11.0,EverBank Field - Jacksonville Florida
2015-10-31,2015,R,,florida-atlantic,florida-international,H,31,17,0,,,
2015-10-31,2015,R,,florida-international,florida-atlantic,A,17,31,0,,,
2015-10-31,2015,R,,florida-state,syracuse,H,45,21,0,17.0,,
2015-10-31,2015,R,,syracuse,florida-state,A,21,45,0,,17.0,
2015-10-31,2015,R,,houston,vanderbilt,H,34,0,0,18.0,,
2015-10-31,2015,R,,vanderbilt,houston,A,0,34,0,,18.0,
2015-10-31,2015,R,,iowa,maryland,H,31,15,0,10.0,,
2015-10-31,2015,R,,maryland,iowa,A,15,31,0,,10.0,
2015-10-31,2015,R,,iowa-state,texas,H,24,0,0,,,
2015-10-31,2015,R,,texas,iowa-state,A,0,24,0,,,
2015-10-31,2015,R,,louisiana,louisiana-monroe,H,30,24,0,,,
2015-10-31,2015,R,,louisiana-monroe,louisiana,A,24,30,0,,,
2015-10-31,2015,R,,marshall,charlotte,A,34,10,0,,,
2015-10-31,2015,R,,charlotte,marshall,H,10,34,0,,,
2015-10-31,2015,R,,memphis,tulane,H,41,13,0,16.0,,
2015-10-31,2015,R,,tulane,memphis,A,13,41,0,,16.0,
2015-10-31,2015,R,,miami-fl,duke,A,30,27,0,,22.0,
2015-10-31,2015,R,,duke,miami-fl,H,27,30,0,22.0,,
2015-10-31,2015,R,,michigan,minnesota,A,29,26,0,15.0,,
2015-10-31,2015,R,,minnesota,michigan,H,26,29,0,,15.0,
2015-10-31,2015,R,,mississippi,auburn,A,27,19,0,19.0,,
2015-10-31,2015,R,,auburn,mississippi,H,19,27,0,,19.0,
2015-10-31,2015,R,,navy,south-florida,H,29,17,0,,,
2015-10-31,2015,R,,south-florida,navy,A,17,29,0,,,
2015-10-31,2015,R,,new-mexico-state,idaho,H,55,48,0,,,
2015-10-31,2015,R,,idaho,new-mexico-state,A,48,55,0,,,
2015-10-31,2015,R,,north-texas,texas-san-antonio,H,30,23,0,,,
2015-10-31,2015,R,,texas-san-antonio,north-texas,A,23,30,0,,,
2015-10-31,2015,R,,notre-dame,temple,A,24,20,0,9.0,21.0,
2015-10-31,2015,R,,temple,notre-dame,H,20,24,0,21.0,9.0,
2015-10-31,2015,R,,oklahoma,kansas,A,62,7,0,14.0,,
2015-10-31,2015,R,,kansas,oklahoma,H,7,62,0,,14.0,
2015-10-31,2015,R,,oklahoma-state,texas-tech,A,70,53,0,12.0,,
2015-10-31,2015,R,,texas-tech,oklahoma-state,H,53,70,0,,12.0,
2015-10-31,2015,R,,penn-state,illinois,H,39,0,0,,,
2015-10-31,2015,R,,illinois,penn-state,A,0,39,0,,,
2015-10-31,2015,R,,purdue,nebraska,H,55,45,0,,,
2015-10-31,2015,R,,nebraska,purdue,A,45,55,0,,,
2015-10-31,2015,R,,san-diego-state,colorado-state,A,41,17,0,,,
2015-10-31,2015,R,,colorado-state,san-diego-state,H,17,41,0,,,
2015-10-31,2015,R,,southern-california,california,A,27,21,0,,,
2015-10-31,2015,R,,california,southern-california,H,21,27,0,,,
2015-10-31,2015,R,,southern-mississippi,texas-el-paso,H,34,13,0,,,
2015-10-31,2015,R,,texas-el-paso,southern-mississippi,A,13,34,0,,,
2015-10-31,2015,R,,stanford,washington-state,A,30,28,0,8.0,,
2015-10-31,2015,R,,washington-state,stanford,H,28,30,0,,8.0,
2015-10-31,2015,R,,tennessee,kentucky,A,52,21,0,,,
2015-10-31,2015,R,,kentucky,tennessee,H,21,52,0,,,
2015-10-31,2015,R,,texas-a-m,south-carolina,H,35,28,0,,,
2015-10-31,2015,R,,south-carolina,texas-a-m,A,28,35,0,,,
2015-10-31,2015,R,,tulsa,southern-methodist,A,40,31,0,,,
2015-10-31,2015,R,,southern-methodist,tulsa,H,31,40,0,,,
2015-10-31,2015,R,,ucla,colorado,H,35,31,0,24.0,,
2015-10-31,2015,R,,colorado,ucla,A,31,35,0,,24.0,
2015-10-31,2015,R,,utah,oregon-state,H,27,12,0,13.0,,
2015-10-31,2015,R,,oregon-state,utah,A,12,27,0,,13.0,
2015-10-31,2015,R,,virginia,georgia-tech,H,27,21,0,,,
2015-10-31,2015,R,,georgia-tech,virginia,A,21,27,0,,,
2015-10-31,2015,R,,virginia-tech,boston-college,A,26,10,0,,,
2015-10-31,2015,R,,boston-college,virginia-tech,H,10,26,0,,,
2015-10-31,2015,R,,washington,arizona,H,49,3,0,,,
2015-10-31,2015,R,,arizona,washington,A,3,49,0,,,
2015-10-31,2015,R,,western-kentucky,old-dominion,A,55,30,0,,,
2015-10-31,2015,R,,old-dominion,western-kentucky,H,30,55,0,,,
2015-10-31,2015,R,,wisconsin,rutgers,H,48,10,0,,,
2015-10-31,2015,R,,rutgers,wisconsin,A,10,48,0,,,
2015-11-03,2015,R,,northern-illinois,toledo,A,32,27,0,,20.0,
2015-11-03,2015,R,,toledo,northern-illinois,H,27,32,0,20.0,,
2015-11-04,2015,R,,bowling-green,ohio,H,62,24,0,,,
2015-11-04,2015,R,,ohio,bowling-green,A,24,62,0,,,
2015-11-05,2015,R,,arkansas-state,appalachian-state,A,40,27,0,,,
2015-11-05,2015,R,,appalachian-state,arkansas-state,H,27,40,0,,,
2015-11-05,2015,R,,baylor,kansas-state,A,31,24,0,2.0,,
2015-11-05,2015,R,,kansas-state,baylor,H,24,31,0,,2.0,
2015-11-05,2015,R,,buffalo,kent-state,A,18,17,0,,,
2015-11-05,2015,R,,kent-state,buffalo,H,17,18,0,,,
2015-11-05,2015,R,,mississippi-state,missouri,A,31,13,0,24.0,,
2015-11-05,2015,R,,missouri,mississippi-state,H,13,31,0,,24.0,
2015-11-05,2015,R,,nevada,fresno-state,A,30,16,0,,,
2015-11-05,2015,R,,fresno-state,nevada,H,16,30,0,,,
2015-11-05,2015,R,,western-michigan,ball-state,H,54,7,0,,,
2015-11-05,2015,R,,ball-state,western-michigan,A,7,54,0,,,
2015-11-06,2015,R,,brigham-young,san-jose-state,A,17,16,0,,,
2015-11-06,2015,R,,san-jose-state,brigham-young,H,16,17,0,,,
2015-11-06,2015,R,,temple,southern-methodist,A,60,40,0,23.0,,
2015-11-06,2015,R,,southern-methodist,temple,H,40,60,0,,23.0,
2015-11-06,2015,R,,texas-el-paso,rice,H,24,21,0,,,
2015-11-06,2015,R,,rice,texas-el-paso,A,21,24,0,,,
2015-11-07,2015,R,,air-force,army,H,20,3,0,,,
2015-11-07,2015,R,,army,air-force,A,3,20,0,,,
2015-11-07,2015,R,,akron,massachusetts,A,17,13,0,,,
2015-11-07,2015,R,,massachusetts,akron,H,13,17,0,,,
2015-11-07,2015,R,,alabama,louisiana-state,H,30,16,0,7.0,4.0,
2015-11-07,2015,R,,louisiana-state,alabama,A,16,30,0,4.0,7.0,
2015-11-07,2015,R,,arkansas,mississippi,A,53,52,0,,19.0,
2015-11-07,2015,R,,mississippi,arkansas,H,52,53,0,19.0,,
2015-11-07,2015,R,,auburn,texas-a-m,A,26,10,0,,25.0,
2015-11-07,2015,R,,texas-a-m,auburn,H,10,26,0,25.0,,
2015-11-07,2015,R,,clemson,florida-state,H,23,13,0,3.0,17.0,
2015-11-07,2015,R,,florida-state,clemson,A,13,23,0,17.0,3.0,
2015-11-07,2015,R,,colorado-state,wyoming,A,26,7,0,,,
2015-11-07,2015,R,,wyoming,colorado-state,H,7,26,0,,,
2015-11-07,2015,R,,connecticut,tulane,A,7,3,0,,,
2015-11-07,2015,R,,tulane,connecticut,H,3,7,0,,,
2015-11-07,2015,R,,florida,vanderbilt,H,9,7,0,11.0,,
2015-11-07,2015,R,,vanderbilt,florida,A,7,9,0,,11.0,
2015-11-07,2015,R,,florida-international,charlotte,H,48,31,0,,,
2015-11-07,2015,R,,charlotte,florida-international,A,31,48,0,,,
2015-11-07,2015,R,,georgia,kentucky,H,27,3,0,,,
2015-11-07,2015,R,,kentucky,georgia,A,3,27,0,,,
2015-11-07,2015,R,,houston,cincinnati,H,33,30,0,18.0,,
2015-11-07,2015,R,,cincinnati,houston,A,30,33,0,,18.0,
2015-11-07,2015,R,,illinois,purdue,A,48,14,0,,,
2015-11-07,2015,R,,purdue,illinois,H,14,48,0,,,
2015-11-07,2015,R,,iowa,indiana,A,35,27,0,10.0,,
2015-11-07,2015,R,,indiana,iowa,H,27,35,0,,10.0,
2015-11-07,2015,R,,louisiana,georgia-state,A,23,21,0,,,
2015-11-07,2015,R,,georgia-state,louisiana,H,21,23,0,,,
2015-11-07,2015,R,,louisiana-tech,north-texas,H,56,13,0,,,
2015-11-07,2015,R,,north-texas,louisiana-tech,A,13,56,0,,,
2015-11-07,2015,R,,louisville,syracuse,H,41,17,0,,,
2015-11-07,2015,R,,syracuse,louisville,A,17,41,0,,,
2015-11-07,2015,R,,miami-fl,virginia,H,27,21,0,,,
2015-11-07,2015,R,,virginia,miami-fl,A,21,27,0,,,
2015-11-07,2015,R,,miami-oh,eastern-michigan,H,28,13,0,,,
2015-11-07,2015,R,,eastern-michigan,miami-oh,A,13,28,0,,,
2015-11-07,2015,R,,michigan,rutgers,H,49,16,0,16.0,,
2015-11-07,2015,R,,rutgers,michigan,A,16,49,0,,16.0,
2015-11-07,2015,R,,middle-tennessee-state,marshall,H,27,24,0,,,
2015-11-07,2015,R,,marshall,middle-tennessee-state,A,24,27,0,,,
2015-11-07,2015,R,,navy,memphis,A,45,20,0,,15.0,
2015-11-07,2015,R,,memphis,navy,H,20,45,0,15.0,,
2015-11-07,2015,R,,nebraska,michigan-state,H,39,38,0,,6.0,
2015-11-07,2015,R,,michigan-state,nebraska,A,38,39,0,6.0,,
2015-11-07,2015,R,,nevada-las-vegas,hawaii,H,41,21,0,,,
2015-11-07,2015,R,,hawaii,nevada-las-vegas,A,21,41,0,,,
2015-11-07,2015,R,,new-mexico,utah-state,H,14,13,0,,,
2015-11-07,2015,R,,utah-state,new-mexico,A,13,14,0,,,
2015-11-07,2015,R,,new-mexico-state,texas-state,A,31,21,0,,,
2015-11-07,2015,R,,texas-state,new-mexico-state,H,21,31,0,,,
2015-11-07,2015,R,,north-carolina,duke,H,66,31,0,21.0,,
2015-11-07,2015,R,,duke,north-carolina,A,31,66,0,,21.0,
2015-11-07,2015,R,,north-carolina-state,boston-college,A,24,8,0,,,
2015-11-07,2015,R,,boston-college,north-carolina-state,H,8,24,0,,,
2015-11-07,2015,R,,northwestern,penn-state,H,23,21,0,,,
2015-11-07,2015,R,,penn-state,northwestern,A,21,23,0,,,
2015-11-07,2015,R,,notre-dame,pittsburgh,A,42,30,0,8.0,,
2015-11-07,2015,R,,pittsburgh,notre-dame,H,30,42,0,,8.0,
2015-11-07,2015,R,,ohio-state,minnesota,H,28,14,0,1.0,,
2015-11-07,2015,R,,minnesota,ohio-state,A,14,28,0,,1.0,
2015-11-07,2015,R,,oklahoma,iowa-state,H,52,16,0,14.0,,
2015-11-07,2015,R,,iowa-state,oklahoma,A,16,52,0,,14.0,
2015-11-07,2015,R,,oklahoma-state,texas-christian,H,49,29,0,12.0,5.0,
2015-11-07,2015,R,,texas-christian,oklahoma-state,A,29,49,0,5.0,12.0,
2015-11-07,2015,R,,old-dominion,texas-san-antonio,A,36,31,0,,,
2015-11-07,2015,R,,texas-san-antonio,old-dominion,H,31,36,0,,,
2015-11-07,2015,R,,oregon,california,H,44,28,0,,,
2015-11-07,2015,R,,california,oregon,A,28,44,0,,,
2015-11-07,2015,R,,south-alabama,idaho,H,52,45,0,,,
2015-11-07,2015,R,,idaho,south-alabama,A,45,52,0,,,
2015-11-07,2015,R,,south-florida,east-carolina,A,22,17,0,,,
2015-11-07,2015,R,,east-carolina,south-florida,H,17,22,0,,,
2015-11-07,2015,R,,southern-california,arizona,H,38,30,0,,,
2015-11-07,2015,R,,arizona,southern-california,A,30,38,0,,,
2015-11-07,2015,R,,stanford,colorado,A,42,10,0,9.0,,
2015-11-07,2015,R,,colorado,stanford,H,10,42,0,,9.0,
2015-11-07,2015,R,,tennessee,south-carolina,H,27,24,0,,,
2015-11-07,2015,R,,south-carolina,tennessee,A,24,27,0,,,
2015-11-07,2015,R,,texas,kansas,H,59,20,0,,,
2015-11-07,2015,R,,kansas,texas,A,20,59,0,,,
2015-11-07,2015,R,,troy,louisiana-monroe,H,51,14,0,,,
2015-11-07,2015,R,,louisiana-monroe,troy,A,14,51,0,,,
2015-11-07,2015,R,,tulsa,central-florida,H,45,30,0,,,
2015-11-07,2015,R,,central-florida,tulsa,A,30,45,0,,,
2015-11-07,2015,R,,ucla,oregon-state,A,41,0,0,22.0,,
2015-11-07,2015,R,,oregon-state,ucla,H,0,41,0,,22.0,
2015-11-07,2015,R,,utah,washington,A,34,23,0,13.0,,
2015-11-07,2015,R,,washington,utah,H,23,34,0,,13.0,
2015-11-07,2015,R,,washington-state,arizona-state,H,38,24,0,,,
2015-11-07,2015,R,,arizona-state,washington-state,A,24,38,0,,,
2015-11-07,2015,R,,west-virginia,texas-tech,H,31,26,0,,,
2015-11-07,2015,R,,texas-tech,west-virginia,A,26,31,0,,,
2015-11-07,2015,R,,western-kentucky,florida-atlantic,H,35,19,0,,,
2015-11-07,2015,R,,florida-atlantic,western-kentucky,A,19,35,0,,,
2015-11-07,2015,R,,wisconsin,maryland,A,31,24,0,,,
2015-11-07,2015,R,,maryland,wisconsin,H,24,31,0,,,
2015-11-10,2015,R,,ohio,kent-state,H,27,0,0,,,
2015-11-10,2015,R,,kent-state,ohio,A,0,27,0,,,
2015-11-10,2015,R,,toledo,central-michigan,A,28,23,0,,,
2015-11-10,2015,R,,central-michigan,toledo,H,23,28,0,,,
2015-11-11,2015,R,,bowling-green,western-michigan,A,41,27,0,,,
2015-11-11,2015,R,,western-michigan,bowling-green,H,27,41,0,,,
2015-11-11,2015,R,,northern-illinois,buffalo,A,41,30,0,,,
2015-11-11,2015,R,,buffalo,northern-illinois,H,30,41,0,,,
2015-11-12,2015,R,,south-alabama,louisiana,H,32,25,0,,,
2015-11-12,2015,R,,louisiana,south-alabama,A,25,32,0,,,
2015-11-12,2015,R,,virginia-tech,georgia-tech,A,23,21,0,,,
2015-11-12,2015,R,,georgia-tech,virginia-tech,H,21,23,0,,,
2015-11-13,2015,R,,southern-california,colorado,A,27,24,0,,,
2015-11-13,2015,R,,colorado,southern-california,H,24,27,0,,,
2015-11-14,2015,R,,air-force,utah-state,H,35,28,0,,,
2015-11-14,2015,R,,utah-state,air-force,A,28,35,0,,,
2015-11-14,2015,R,,akron,miami-oh,A,37,28,0,,,
2015-11-14,2015,R,,miami-oh,akron,H,28,37,0,,,
2015-11-14,2015,R,,alabama,mississippi-state,A,31,6,0,3.0,20.0,
2015-11-14,2015,R,,mississippi-state,alabama,H,6,31,0,20.0,3.0,
2015-11-14,2015,R,,appalachian-state,idaho,A,47,20,0,,,
2015-11-14,2015,R,,idaho,appalachian-state,H,20,47,0,,,
2015-11-14,2015,R,,arizona,utah,H,37,30,0,,10.0,
2015-11-14,2015,R,,utah,arizona,A,30,37,0,10.0,,
2015-11-14,2015,R,,arizona-state,washington,H,27,17,0,,,
2015-11-14,2015,R,,washington,arizona-state,A,17,27,0,,,
2015-11-14,2015,R,,arkansas,louisiana-state,A,31,14,0,,9.0,
2015-11-14,2015,R,,louisiana-state,arkansas,H,14,31,0,9.0,,
2015-11-14,2015,R,,arkansas-state,louisiana-monroe,A,59,21,0,,,
2015-11-14,2015,R,,louisiana-monroe,arkansas-state,H,21,59,0,,,
2015-11-14,2015,R,,california,oregon-state,H,54,24,0,,,
2015-11-14,2015,R,,oregon-state,california,A,24,54,0,,,
2015-11-14,2015,R,,cincinnati,tulsa,H,49,38,0,,,
2015-11-14,2015,R,,tulsa,cincinnati,A,38,49,0,,,
2015-11-14,2015,R,,clemson,syracuse,A,37,27,0,1.0,,
2015-11-14,2015,R,,syracuse,clemson,H,27,37,0,,1.0,
2015-11-14,2015,R,,colorado-state,nevada-las-vegas,H,49,35,0,,,
2015-11-14,2015,R,,nevada-las-vegas,colorado-state,A,35,49,0,,,
2015-11-14,2015,R,,florida,south-carolina,A,24,14,0,11.0,,
2015-11-14,2015,R,,south-carolina,florida,H,14,24,0,,11.0,
2015-11-14,2015,R,,florida-state,north-carolina-state,H,34,17,0,19.0,,
2015-11-14,2015,R,,north-carolina-state,florida-state,A,17,34,0,,19.0,
2015-11-14,2015,R,,fresno-state,hawaii,A,42,14,0,,,
2015-11-14,2015,R,,hawaii,fresno-state,H,14,42,0,,,
2015-11-14,2015,R,,georgia,auburn,A,20,13,0,,,
2015-11-14,2015,R,,auburn,georgia,H,13,20,0,,,
2015-11-14,2015,R,,georgia-southern,troy,A,45,10,0,,,
2015-11-14,2015,R,,troy,georgia-southern,H,10,45,0,,,
2015-11-14,2015,R,,georgia-state,texas-state,A,41,19,0,,,
2015-11-14,2015,R,,texas-state,georgia-state,H,19,41,0,,,
2015-11-14,2015,R,,houston,memphis,H,35,34,0,16.0,25.0,
2015-11-14,2015,R,,memphis,houston,A,34,35,0,25.0,16.0,
2015-11-14,2015,R,,iowa,minnesota,H,40,35,0,8.0,,
2015-11-14,2015,R,,minnesota,iowa,A,35,40,0,,8.0,
2015-11-14,2015,R,,louisville,virginia,H,38,31,0,,,
2015-11-14,2015,R,,virginia,louisville,A,31,38,0,,,
2015-11-14,2015,R,,marshall,florida-international,H,52,0,0,,,
2015-11-14,2015,R,,florida-international,marshall,A,0,52,0,,,
2015-11-14,2015,R,,massachusetts,eastern-michigan,A,28,17,0,,,
2015-11-14,2015,R,,eastern-michigan,massachusetts,H,17,28,0,,,
2015-11-14,2015,R,,michigan,indiana,A,48,41,0,15.0,,
2015-11-14,2015,R,,indiana,michigan,H,41,48,0,,15.0,
2015-11-14,2015,R,,michigan-state,maryland,H,24,7,0,14.0,,
2015-11-14,2015,R,,maryland,michigan-state,A,7,24,0,,14.0,
2015-11-14,2015,R,,middle-tennessee-state,florida-atlantic,A,24,17,0,,,
2015-11-14,2015,R,,florida-atlantic,middle-tennessee-state,H,17,24,0,,,
2015-11-14,2015,R,,missouri,brigham-young,N,20,16,0,,,Arrowhead Stadium - Kansas City Missouri
2015-11-14,2015,R,,brigham-young,missouri,N,16,20,0,,,Arrowhead Stadium - Kansas City Missouri
2015-11-14,2015,R,,navy,southern-methodist,H,55,14,0,22.0,,
2015-11-14,2015,R,,southern-methodist,navy,A,14,55,0,,22.0,
2015-11-14,2015,R,,nebraska,rutgers,A,31,14,0,,,
2015-11-14,2015,R,,rutgers,nebraska,H,14,31,0,,,
2015-11-14,2015,R,,nevada,san-jose-state,H,37,34,0,,,
2015-11-14,2015,R,,san-jose-state,nevada,A,34,37,0,,,
2015-11-14,2015,R,,new-mexico,boise-state,A,31,24,0,,,
2015-11-14,2015,R,,boise-state,new-mexico,H,24,31,0,,,
2015-11-14,2015,R,,north-carolina,miami-fl,H,59,21,0,17.0,,
2015-11-14,2015,R,,miami-fl,north-carolina,A,21,59,0,,17.0,
2015-11-14,2015,R,,northwestern,purdue,H,21,14,0,24.0,,
2015-11-14,2015,R,,purdue,northwestern,A,14,21,0,,24.0,
2015-11-14,2015,R,,notre-dame,wake-forest,H,28,7,0,6.0,,
2015-11-14,2015,R,,wake-forest,notre-dame,A,7,28,0,,6.0,
2015-11-14,2015,R,,ohio-state,illinois,A,28,3,0,2.0,,
2015-11-14,2015,R,,illinois,ohio-state,H,3,28,0,,2.0,
2015-11-14,2015,R,,oklahoma,baylor,A,44,34,0,12.0,4.0,
2015-11-14,2015,R,,baylor,oklahoma,H,34,44,0,4.0,12.0,
2015-11-14,2015,R,,oklahoma-state,iowa-state,A,35,31,0,5.0,,
2015-11-14,2015,R,,iowa-state,oklahoma-state,H,31,35,0,,5.0,
2015-11-14,2015,R,,old-dominion,texas-el-paso,H,31,21,0,,,
2015-11-14,2015,R,,texas-el-paso,old-dominion,A,21,31,0,,,
2015-11-14,2015,R,,oregon,stanford,A,38,36,0,,7.0,
2015-11-14,2015,R,,stanford,oregon,H,36,38,0,7.0,,
2015-11-14,2015,R,,pittsburgh,duke,A,31,13,0,,,
2015-11-14,2015,R,,duke,pittsburgh,H,13,31,0,,,
2015-11-14,2015,R,,san-diego-state,wyoming,H,38,3,0,,,
2015-11-14,2015,R,,wyoming,san-diego-state,A,3,38,0,,,
2015-11-14,2015,R,,south-florida,temple,H,44,23,0,,21.0,
2015-11-14,2015,R,,temple,south-florida,A,23,44,0,21.0,,
2015-11-14,2015,R,,southern-mississippi,rice,A,65,10,0,,,
2015-11-14,2015,R,,rice,southern-mississippi,H,10,65,0,,,
2015-11-14,2015,R,,tennessee,north-texas,H,24,0,0,,,
2015-11-14,2015,R,,north-texas,tennessee,A,0,24,0,,,
2015-11-14,2015,R,,texas-a-m,western-carolina,H,41,17,0,,,
2015-11-14,2015,R,,western-carolina,texas-a-m,A,17,41,0,,,
2015-11-14,2015,R,,texas-christian,kansas,H,23,17,0,13.0,,
2015-11-14,2015,R,,kansas,texas-christian,A,17,23,0,,13.0,
2015-11-14,2015,R,,texas-tech,kansas-state,H,59,44,0,,,
2015-11-14,2015,R,,kansas-state,texas-tech,A,44,59,0,,,
2015-11-14,2015,R,,texas-san-antonio,charlotte,A,30,27,0,,,
2015-11-14,2015,R,,charlotte,texas-san-antonio,H,27,30,0,,,
2015-11-14,2015,R,,tulane,army,A,34,31,0,,,
2015-11-14,2015,R,,army,tulane,H,31,34,0,,,
2015-11-14,2015,R,,vanderbilt,kentucky,H,21,17,0,,,
2015-11-14,2015,R,,kentucky,vanderbilt,A,17,21,0,,,
2015-11-14,2015,R,,washington-state,ucla,A,31,27,0,,18.0,
2015-11-14,2015,R,,ucla,washington-state,H,27,31,0,18.0,,
2015-11-14,2015,R,,west-virginia,texas,H,38,20,0,,,
2015-11-14,2015,R,,texas,west-virginia,A,20,38,0,,,
2015-11-17,2015,R,,ohio,ball-state,H,48,31,0,,,
2015-11-17,2015,R,,ball-state,ohio,A,31,48,0,,,
2015-11-17,2015,R,,toledo,bowling-green,A,44,28,0,,,
2015-11-17,2015,R,,bowling-green,toledo,H,28,44,0,,,
2015-11-18,2015,R,,central-michigan,kent-state,A,27,14,0,,,
2015-11-18,2015,R,,kent-state,central-michigan,H,14,27,0,,,
2015-11-18,2015,R,,northern-illinois,western-michigan,H,27,19,0,,,
2015-11-18,2015,R,,western-michigan,northern-illinois,A,19,27,0,,,
2015-11-19,2015,R,,east-carolina,central-florida,A,44,7,0,,,
2015-11-19,2015,R,,central-florida,east-carolina,H,7,44,0,,,
2015-11-19,2015,R,,texas-state,louisiana-monroe,H,16,3,0,,,
2015-11-19,2015,R,,louisiana-monroe,texas-state,A,3,16,0,,,
2015-11-20,2015,R,,air-force,boise-state,A,37,30,0,,,
2015-11-20,2015,R,,boise-state,air-force,H,30,37,0,,,
2015-11-20,2015,R,,south-florida,cincinnati,H,65,27,0,,,
2015-11-20,2015,R,,cincinnati,south-florida,A,27,65,0,,,
2015-11-21,2015,R,,akron,buffalo,H,42,21,0,,,
2015-11-21,2015,R,,buffalo,akron,A,21,42,0,,,
2015-11-21,2015,R,,alabama,charleston-southern,H,56,6,0,3.0,,
2015-11-21,2015,R,,charleston-southern,alabama,A,6,56,0,,3.0,
2015-11-21,2015,R,,arizona-state,arizona,H,52,37,0,,,
2015-11-21,2015,R,,arizona,arizona-state,A,37,52,0,,,
2015-11-21,2015,R,,auburn,idaho,H,56,34,0,,,
2015-11-21,2015,R,,idaho,auburn,A,34,56,0,,,
2015-11-21,2015,R,,baylor,oklahoma-state,A,45,35,0,10.0,4.0,
2015-11-21,2015,R,,oklahoma-state,baylor,H,35,45,0,4.0,10.0,
2015-11-21,2015,R,,brigham-young,fresno-state,H,52,10,0,,,
2015-11-21,2015,R,,fresno-state,brigham-young,A,10,52,0,,,
2015-11-21,2015,R,,citadel,south-carolina,A,23,22,0,,,
2015-11-21,2015,R,,south-carolina,citadel,H,22,23,0,,,
2015-11-21,2015,R,,clemson,wake-forest,H,33,13,0,1.0,,
2015-11-21,2015,R,,wake-forest,clemson,A,13,33,0,,1.0,
2015-11-21,2015,R,,colorado-state,new-mexico,A,28,21,0,,,
2015-11-21,2015,R,,new-mexico,colorado-state,H,21,28,0,,,
2015-11-21,2015,R,,connecticut,houston,H,20,17,0,,13.0,
2015-11-21,2015,R,,houston,connecticut,A,17,20,0,13.0,,
2015-11-21,2015,R,,florida,florida-atlantic,H,20,14,0,8.0,,
2015-11-21,2015,R,,florida-atlantic,florida,A,14,20,0,,8.0,
2015-11-21,2015,R,,florida-state,chattanooga,H,52,13,0,16.0,,
2015-11-21,2015,R,,chattanooga,florida-state,A,13,52,0,,16.0,
2015-11-21,2015,R,,georgia,georgia-southern,H,23,17,0,,,
2015-11-21,2015,R,,georgia-southern,georgia,A,17,23,0,,,
2015-11-21,2015,R,,georgia-state,south-alabama,H,24,10,0,,,
2015-11-21,2015,R,,south-alabama,georgia-state,A,10,24,0,,,
2015-11-21,2015,R,,indiana,maryland,A,47,28,0,,,
2015-11-21,2015,R,,maryland,indiana,H,28,47,0,,,
2015-11-21,2015,R,,iowa,purdue,H,40,20,0,6.0,,
2015-11-21,2015,R,,purdue,iowa,A,20,40,0,,6.0,
2015-11-21,2015,R,,kansas-state,iowa-state,H,38,35,0,,,
2015-11-21,2015,R,,iowa-state,kansas-state,A,35,38,0,,,
2015-11-21,2015,R,,kentucky,charlotte,H,58,10,0,,,
2015-11-21,2015,R,,charlotte,kentucky,A,10,58,0,,,
2015-11-21,2015,R,,louisiana-tech,texas-el-paso,A,17,15,0,,,
2015-11-21,2015,R,,texas-el-paso,louisiana-tech,H,15,17,0,,,
2015-11-21,2015,R,,miami-fl,georgia-tech,H,38,21,0,,,
2015-11-21,2015,R,,georgia-tech,miami-fl,A,21,38,0,,,
2015-11-21,2015,R,,miami-oh,massachusetts,A,20,13,0,,,
2015-11-21,2015,R,,massachusetts,miami-oh,H,13,20,0,,,
2015-11-21,2015,R,,michigan,penn-state,A,28,16,0,14.0,,
2015-11-21,2015,R,,penn-state,michigan,H,16,28,0,,14.0,
2015-11-21,2015,R,,michigan-state,ohio-state,A,17,14,0,9.0,2.0,
2015-11-21,2015,R,,ohio-state,michigan-state,H,14,17,0,2.0,9.0,
2015-11-21,2015,R,,middle-tennessee-state,north-texas,H,41,7,0,,,
2015-11-21,2015,R,,north-texas,middle-tennessee-state,A,7,41,0,,,
2015-11-21,2015,R,,minnesota,illinois,H,32,23,0,,,
2015-11-21,2015,R,,illinois,minnesota,A,23,32,0,,,
2015-11-21,2015,R,,mississippi,louisiana-state,H,38,17,0,25.0,17.0,
2015-11-21,2015,R,,louisiana-state,mississippi,A,17,38,0,17.0,25.0,
2015-11-21,2015,R,,mississippi-state,arkansas,A,51,50,0,,,
2015-11-21,2015,R,,arkansas,mississippi-state,H,50,51,0,,,
2015-11-21,2015,R,,navy,tulsa,A,44,21,0,19.0,,
2015-11-21,2015,R,,tulsa,navy,H,21,44,0,,19.0,
2015-11-21,2015,R,,new-mexico-state,louisiana,A,37,34,0,,,
2015-11-21,2015,R,,louisiana,new-mexico-state,H,34,37,0,,,
2015-11-21,2015,R,,north-carolina,virginia-tech,A,30,27,0,12.0,,
2015-11-21,2015,R,,virginia-tech,north-carolina,H,27,30,0,,12.0,
2015-11-21,2015,R,,north-carolina-state,syracuse,H,42,29,0,,,
2015-11-21,2015,R,,syracuse,north-carolina-state,A,29,42,0,,,
2015-11-21,2015,R,,northwestern,wisconsin,A,13,7,0,20.0,21.0,
2015-11-21,2015,R,,wisconsin,northwestern,H,7,13,0,21.0,20.0,
2015-11-21,2015,R,,notre-dame,boston-college,N,19,16,0,5.0,,Fenway Park - Boston Massachusetts
2015-11-21,2015,R,,boston-college,notre-dame,N,16,19,0,,5.0,Fenway Park - Boston Massachusetts
2015-11-21,2015,R,,oklahoma,texas-christian,H,30,29,0,7.0,11.0,
2015-11-21,2015,R,,texas-christian,oklahoma,A,29,30,0,11.0,7.0,
2015-11-21,2015,R,,oregon,southern-california,H,48,28,0,23.0,22.0,
2015-11-21,2015,R,,southern-california,oregon,A,28,48,0,22.0,23.0,
2015-11-21,2015,R,,pittsburgh,louisville,H,45,34,0,,,
2015-11-21,2015,R,,louisville,pittsburgh,A,34,45,0,,,
2015-11-21,2015,R,,rutgers,army,A,31,21,0,,,
2015-11-21,2015,R,,army,rutgers,H,21,31,0,,,
2015-11-21,2015,R,,san-diego-state,nevada-las-vegas,A,52,14,0,,,
2015-11-21,2015,R,,nevada-las-vegas,san-diego-state,H,14,52,0,,,
2015-11-21,2015,R,,san-jose-state,hawaii,A,42,23,0,,,
2015-11-21,2015,R,,hawaii,san-jose-state,H,23,42,0,,,
2015-11-21,2015,R,,southern-methodist,tulane,H,49,21,0,,,
2015-11-21,2015,R,,tulane,southern-methodist,A,21,49,0,,,
2015-11-21,2015,R,,southern-mississippi,old-dominion,H,56,31,0,,,
2015-11-21,2015,R,,old-dominion,southern-mississippi,A,31,56,0,,,
2015-11-21,2015,R,,stanford,california,H,35,22,0,15.0,,
2015-11-21,2015,R,,california,stanford,A,22,35,0,,15.0,
2015-11-21,2015,R,,temple,memphis,H,31,12,0,,,
2015-11-21,2015,R,,memphis,temple,A,12,31,0,,,
2015-11-21,2015,R,,tennessee,missouri,A,19,8,0,,,
2015-11-21,2015,R,,missouri,tennessee,H,8,19,0,,,
2015-11-21,2015,R,,texas-a-m,vanderbilt,A,25,0,0,,,
2015-11-21,2015,R,,vanderbilt,texas-a-m,H,0,25,0,,,
2015-11-21,2015,R,,texas-san-antonio,rice,H,34,24,0,,,
2015-11-21,2015,R,,rice,texas-san-antonio,A,24,34,0,,,
2015-11-21,2015,R,,ucla,utah,A,17,9,0,,18.0,
2015-11-21,2015,R,,utah,ucla,H,9,17,0,18.0,,
2015-11-21,2015,R,,utah-state,nevada,H,31,27,0,,,
2015-11-21,2015,R,,nevada,utah-state,A,27,31,0,,,
2015-11-21,2015,R,,virginia,duke,H,42,34,0,,,
2015-11-21,2015,R,,duke,virginia,A,34,42,0,,,
2015-11-21,2015,R,,washington,oregon-state,A,52,7,0,,,
2015-11-21,2015,R,,oregon-state,washington,H,7,52,0,,,
2015-11-21,2015,R,,washington-state,colorado,H,27,3,0,24.0,,
2015-11-21,2015,R,,colorado,washington-state,A,3,27,0,,24.0,
2015-11-21,2015,R,,west-virginia,kansas,A,49,0,0,,,
2015-11-21,2015,R,,kansas,west-virginia,H,0,49,0,,,
2015-11-21,2015,R,,western-kentucky,florida-international,A,63,7,0,,,
2015-11-21,2015,R,,florida-international,western-kentucky,H,7,63,0,,,
2015-11-24,2015,R,,bowling-green,ball-state,A,48,10,0,,,
2015-11-24,2015,R,,ball-state,bowling-green,H,10,48,0,,,
2015-11-24,2015,R,,ohio,northern-illinois,A,26,21,0,,,
2015-11-24,2015,R,,northern-illinois,ohio,H,21,26,0,,,
2015-11-26,2015,R,,south-florida,central-florida,A,44,3,0,,,
2015-11-26,2015,R,,central-florida,south-florida,H,3,44,0,,,
2015-11-26,2015,R,,texas-tech,texas,A,48,45,0,,,
2015-11-26,2015,R,,texas,texas-tech,H,45,48,0,,,
2015-11-27,2015,R,,akron,kent-state,H,20,0,0,,,
2015-11-27,2015,R,,kent-state,akron,A,0,20,0,,,
2015-11-27,2015,R,,arkansas,missouri,H,28,3,0,,,
2015-11-27,2015,R,,missouri,arkansas,A,3,28,0,,,
2015-11-27,2015,R,,boise-state,san-jose-state,A,40,23,0,,,
2015-11-27,2015,R,,san-jose-state,boise-state,H,23,40,0,,,
2015-11-27,2015,R,,central-michigan,eastern-michigan,H,35,28,0,,,
2015-11-27,2015,R,,eastern-michigan,central-michigan,A,28,35,0,,,
2015-11-27,2015,R,,georgia-state,troy,H,31,21,0,,,
2015-11-27,2015,R,,troy,georgia-state,A,21,31,0,,,
2015-11-27,2015,R,,houston,navy,H,52,31,0,21.0,16.0,
2015-11-27,2015,R,,navy,houston,A,31,52,0,16.0,21.0,
2015-11-27,2015,R,,iowa,nebraska,A,28,20,0,3.0,,
2015-11-27,2015,R,,nebraska,iowa,H,20,28,0,,3.0,
2015-11-27,2015,R,,massachusetts,buffalo,A,31,26,0,,,
2015-11-27,2015,R,,buffalo,massachusetts,H,26,31,0,,,
2015-11-27,2015,R,,miami-fl,pittsburgh,A,29,24,0,,,
2015-11-27,2015,R,,pittsburgh,miami-fl,H,24,29,0,,,
2015-11-27,2015,R,,oregon,oregon-state,H,52,42,0,18.0,,
2015-11-27,2015,R,,oregon-state,oregon,A,42,52,0,,18.0,
2015-11-27,2015,R,,texas-christian,baylor,H,28,21,0,15.0,7.0,
2015-11-27,2015,R,,baylor,texas-christian,A,21,28,0,7.0,15.0,
2015-11-27,2015,R,,tulsa,tulane,A,45,34,0,,,
2015-11-27,2015,R,,tulane,tulsa,H,34,45,0,,,
2015-11-27,2015,R,,washington,washington-state,H,45,10,0,,20.0,
2015-11-27,2015,R,,washington-state,washington,A,10,45,0,20.0,,
2015-11-27,2015,R,,western-kentucky,marshall,H,49,28,0,,,
2015-11-27,2015,R,,marshall,western-kentucky,A,28,49,0,,,
2015-11-27,2015,R,,western-michigan,toledo,A,35,30,0,,24.0,
2015-11-27,2015,R,,toledo,western-michigan,H,30,35,0,24.0,,
2015-11-28,2015,R,,alabama,auburn,A,29,13,0,2.0,,
2015-11-28,2015,R,,auburn,alabama,H,13,29,0,,2.0,
2015-11-28,2015,R,,appalachian-state,louisiana,H,28,7,0,,,
2015-11-28,2015,R,,louisiana,appalachian-state,A,7,28,0,,,
2015-11-28,2015,R,,arkansas-state,new-mexico-state,A,52,28,0,,,
2015-11-28,2015,R,,new-mexico-state,arkansas-state,H,28,52,0,,,
2015-11-28,2015,R,,brigham-young,utah-state,A,51,28,0,,,
2015-11-28,2015,R,,utah-state,brigham-young,H,28,51,0,,,
2015-11-28,2015,R,,california,arizona-state,H,48,46,0,,,
2015-11-28,2015,R,,arizona-state,california,A,46,48,0,,,
2015-11-28,2015,R,,cincinnati,east-carolina,A,19,16,0,,,
2015-11-28,2015,R,,east-carolina,cincinnati,H,16,19,0,,,
2015-11-28,2015,R,,clemson,south-carolina,A,37,32,0,1.0,,
2015-11-28,2015,R,,south-carolina,clemson,H,32,37,0,,1.0,
2015-11-28,2015,R,,colorado-state,fresno-state,A,34,31,0,,,
2015-11-28,2015,R,,fresno-state,colorado-state,H,31,34,0,,,
2015-11-28,2015,R,,duke,wake-forest,A,27,21,0,,,
2015-11-28,2015,R,,wake-forest,duke,H,21,27,0,,,
2015-11-28,2015,R,,florida-atlantic,old-dominion,A,33,31,0,,,
2015-11-28,2015,R,,old-dominion,florida-atlantic,H,31,33,0,,,
2015-11-28,2015,R,,florida-state,florida,A,27,2,0,14.0,10.0,
2015-11-28,2015,R,,florida,florida-state,H,2,27,0,10.0,14.0,
2015-11-28,2015,R,,georgia,georgia-tech,A,13,7,0,,,
2015-11-28,2015,R,,georgia-tech,georgia,H,7,13,0,,,
2015-11-28,2015,R,,georgia-southern,south-alabama,H,55,17,0,,,
2015-11-28,2015,R,,south-alabama,georgia-southern,A,17,55,0,,,
2015-11-28,2015,R,,hawaii,louisiana-monroe,H,28,26,0,,,
2015-11-28,2015,R,,louisiana-monroe,hawaii,A,26,28,0,,,
2015-11-28,2015,R,,idaho,texas-state,H,38,31,0,,,
2015-11-28,2015,R,,texas-state,idaho,A,31,38,0,,,
2015-11-28,2015,R,,indiana,purdue,A,54,36,0,,,
2015-11-28,2015,R,,purdue,indiana,H,36,54,0,,,
2015-11-28,2015,R,,kansas-state,kansas,A,45,14,0,,,
2015-11-28,2015,R,,kansas,kansas-state,H,14,45,0,,,
2015-11-28,2015,R,,louisiana-state,texas-a-m,H,19,7,0,,,
2015-11-28,2015,R,,texas-a-m,louisiana-state,A,7,19,0,,,
2015-11-28,2015,R,,louisville,kentucky,A,38,24,0,,,
2015-11-28,2015,R,,kentucky,louisville,H,24,38,0,,,
2015-11-28,2015,R,,maryland,rutgers,A,46,41,0,,,
2015-11-28,2015,R,,rutgers,maryland,H,41,46,0,,,
2015-11-28,2015,R,,memphis,southern-methodist,H,63,0,0,,,
2015-11-28,2015,R,,southern-methodist,memphis,A,0,63,0,,,
2015-11-28,2015,R,,michigan-state,penn-state,H,55,16,0,6.0,,
2015-11-28,2015,R,,penn-state,michigan-state,A,16,55,0,,6.0,
2015-11-28,2015,R,,middle-tennessee-state,texas-san-antonio,A,42,7,0,,,
2015-11-28,2015,R,,texas-san-antonio,middle-tennessee-state,H,7,42,0,,,
2015-11-28,2015,R,,mississippi,mississippi-state,A,38,27,0,19.0,23.0,
2015-11-28,2015,R,,mississippi-state,mississippi,H,27,38,0,23.0,19.0,
2015-11-28,2015,R,,new-mexico,air-force,H,47,35,0,,,
2015-11-28,2015,R,,air-force,new-mexico,A,35,47,0,,,
2015-11-28,2015,R,,north-carolina,north-carolina-state,A,45,34,0,11.0,,
2015-11-28,2015,R,,north-carolina-state,north-carolina,H,34,45,0,,11.0,
2015-11-28,2015,R,,northwestern,illinois,N,24,14,0,17.0,,Soldier Field (Chicago Illinois)
2015-11-28,2015,R,,illinois,northwestern,N,14,24,0,,17.0,Soldier Field (Chicago Illinois)
2015-11-28,2015,R,,ohio-state,michigan,A,42,13,0,8.0,12.0,
2015-11-28,2015,R,,michigan,ohio-state,H,13,42,0,12.0,8.0,
2015-11-28,2015,R,,oklahoma,oklahoma-state,A,58,23,0,5.0,9.0,
2015-11-28,2015,R,,oklahoma-state,oklahoma,H,23,58,0,9.0,5.0,
2015-11-28,2015,R,,rice,charlotte,H,27,7,0,,,
2015-11-28,2015,R,,charlotte,rice,A,7,27,0,,,
2015-11-28,2015,R,,san-diego-state,nevada,H,31,14,0,,,
2015-11-28,2015,R,,nevada,san-diego-state,A,14,31,0,,,
2015-11-28,2015,R,,southern-california,ucla,H,40,21,0,,22.0,
2015-11-28,2015,R,,ucla,southern-california,A,21,40,0,22.0,,
2015-11-28,2015,R,,southern-mississippi,louisiana-tech,A,58,24,0,,,
2015-11-28,2015,R,,louisiana-tech,southern-mississippi,H,24,58,0,,,
2015-11-28,2015,R,,stanford,notre-dame,H,38,36,0,13.0,4.0,
2015-11-28,2015,R,,notre-dame,stanford,A,36,38,0,4.0,13.0,
2015-11-28,2015,R,,syracuse,boston-college,H,20,17,0,,,
2015-11-28,2015,R,,boston-college,syracuse,A,17,20,0,,,
2015-11-28,2015,R,,temple,connecticut,H,27,3,0,25.0,,
2015-11-28,2015,R,,connecticut,temple,A,3,27,0,,25.0,
2015-11-28,2015,R,,tennessee,vanderbilt,H,53,28,0,,,
2015-11-28,2015,R,,vanderbilt,tennessee,A,28,53,0,,,
2015-11-28,2015,R,,texas-el-paso,north-texas,A,20,17,0,,,
2015-11-28,2015,R,,north-texas,texas-el-paso,H,17,20,0,,,
2015-11-28,2015,R,,utah,colorado,H,20,14,0,,,
2015-11-28,2015,R,,colorado,utah,A,14,20,0,,,
2015-11-28,2015,R,,virginia-tech,virginia,A,23,20,0,,,
2015-11-28,2015,R,,virginia,virginia-tech,H,20,23,0,,,
2015-11-28,2015,R,,west-virginia,iowa-state,H,30,6,0,,,
2015-11-28,2015,R,,iowa-state,west-virginia,A,6,30,0,,,
2015-11-28,2015,R,,wisconsin,minnesota,A,31,21,0,,,
2015-11-28,2015,R,,minnesota,wisconsin,H,21,31,0,,,
2015-11-28,2015,R,,wyoming,nevada-las-vegas,H,35,28,0,,,
2015-11-28,2015,R,,nevada-las-vegas,wyoming,A,28,35,0,,,
2015-12-04,2015,R,CCG,bowling-green,northern-illinois,N,34,14,0,,,MAC Championship (Detroit MI)
2015-12-04,2015,R,CCG,northern-illinois,bowling-green,N,14,34,0,,,MAC Championship (Detroit MI)
2015-12-05,2015,R,CCG,alabama,florida,N,29,15,0,2.0,18.0,SEC Championship (Atlanta GA)
2015-12-05,2015,R,CCG,florida,alabama,N,15,29,0,18.0,2.0,SEC Championship (Atlanta GA)
2015-12-05,2015,R,,appalachian-state,south-alabama,A,34,27,0,,,
2015-12-05,2015,R,,south-alabama,appalachian-state,H,27,34,0,,,
2015-12-05,2015,R,,arkansas-state,texas-state,H,55,17,0,,,
2015-12-05,2015,R,,texas-state,arkansas-state,A,17,55,0,,,
2015-12-05,2015,R,CCG,clemson,north-carolina,N,45,37,0,1.0,8.0,ACC Championship (Charlotte NC)
2015-12-05,2015,R,CCG,north-carolina,clemson,N,37,45,0,8.0,1.0,ACC Championship (Charlotte NC)
2015-12-05,2015,R,,georgia-state,georgia-southern,A,34,7,0,,,
2015-12-05,2015,R,,georgia-southern,georgia-state,H,7,34,0,,,
2015-12-05,2015,R,CCG,houston,temple,H,24,13,0,17.0,20.0,American Athletic Conference Championship (Houston TX)
2015-12-05,2015,R,CCG,temple,houston,A,13,24,0,20.0,17.0,American Athletic Conference Championship (Houston TX)
2015-12-05,2015,R,,kansas-state,west-virginia,H,24,23,0,,,
2015-12-05,2015,R,,west-virginia,kansas-state,A,23,24,0,,,
2015-12-05,2015,R,,louisiana-monroe,new-mexico-state,H,42,35,0,,,
2015-12-05,2015,R,,new-mexico-state,louisiana-monroe,A,35,42,0,,,
2015-12-05,2015,R,CCG,michigan-state,iowa,N,16,13,0,5.0,4.0,Big Ten Championship (Indianapolis IN)
2015-12-05,2015,R,CCG,iowa,michigan-state,N,13,16,0,4.0,5.0,Big Ten Championship (Indianapolis IN)
2015-12-05,2015,R,CCG,san-diego-state,air-force,H,27,24,0,,,MWC Championship (San Diego CA)
2015-12-05,2015,R,CCG,air-force,san-diego-state,A,24,27,0,,,MWC Championship (San Diego CA)
2015-12-05,2015,R,CCG,stanford,southern-california,N,41,22,0,7.0,24.0,Pac-12 Championship (Santa Clara CA)
2015-12-05,2015,R,CCG,southern-california,stanford,N,22,41,0,24.0,7.0,Pac-12 Championship (Santa Clara CA)
2015-12-05,2015,R,,texas,baylor,A,23,17,0,,12.0,
2015-12-05,2015,R,,baylor,texas,H,17,23,0,12.0,,
2015-12-05,2015,R,,troy,louisiana,A,41,17,0,,,
2015-12-05,2015,R,,louisiana,troy,H,17,41,0,,,
2015-12-05,2015,R,CCG,western-kentucky,southern-mississippi,H,45,28,0,,,Conference USA Championship (Bowling Green KY)
2015-12-05,2015,R,CCG,southern-mississippi,western-kentucky,A,28,45,0,,,Conference USA Championship (Bowling Green KY)
2015-12-12,2015,R,,navy,army,N,21,17,0,21.0,,Lincoln Financial Field - Philadelphia Pennsylvania
2015-12-12,2015,R,,army,navy,N,17,21,0,,21.0,Lincoln Financial Field - Philadelphia Pennsylvania
2015-12-19,2015,R,,appalachian-state,ohio,N,31,29,0,,,Raycom Media Camellia Bowl (Montgomery AL)
2015-12-19,2015,R,,ohio,appalachian-state,N,29,31,0,,,Raycom Media Camellia Bowl (Montgomery AL)
2015-12-19,2015,R,,arizona,new-mexico,N,45,37,0,,,New Mexico Bowl (Albuquerque NM)
2015-12-19,2015,R,,new-mexico,arizona,N,37,45,0,,,New Mexico Bowl (Albuquerque NM)
2015-12-19,2015,R,,louisiana-tech,arkansas-state,N,47,28,0,,,New Orleans Bowl (New Orleans LA)
2015-12-19,2015,R,,arkansas-state,louisiana-tech,N,28,47,0,,,New Orleans Bowl (New Orleans LA)
2015-12-19,2015,R,,san-jose-state,georgia-state,N,27,16,0,,,Cure Bowl
2015-12-19,2015,R,,georgia-state,san-jose-state,N,16,27,0,,,Cure Bowl
2015-12-19,2015,R,,utah,brigham-young,N,35,28,0,20.0,,Las Vegas Bowl (Las Vegas NV)
2015-12-19,2015,R,,brigham-young,utah,N,28,35,0,,20.0,Las Vegas Bowl (Las Vegas NV)
2015-12-21,2015,R,,western-kentucky,south-florida,N,45,35,0,25.0,,Miami Beach Bowl (Miami FL)
2015-12-21,2015,R,,south-florida,western-kentucky,N,35,45,0,,25.0,Miami Beach Bowl (Miami FL)
2015-12-22,2015,R,,akron,utah-state,N,23,21,0,,,Famous Idaho Potato Bowl (Boise ID)
2015-12-22,2015,R,,utah-state,akron,N,21,23,0,,,Famous Idaho Potato Bowl (Boise ID)
2015-12-22,2015,R,,toledo,temple,N,32,17,0,,24.0,Boca Raton Bowl (Boca Raton FL)
2015-12-22,2015,R,,temple,toledo,N,17,32,0,24.0,,Boca Raton Bowl (Boca Raton FL)
2015-12-23,2015,R,,boise-state,northern-illinois,N,55,7,0,,,Poinsettia Bowl (San Diego CA)
2015-12-23,2015,R,,northern-illinois,boise-state,N,7,55,0,,,Poinsettia Bowl (San Diego CA)
2015-12-23,2015,R,,georgia-southern,bowling-green,N,58,27,0,,,GoDaddy Bowl (Mobile AL)
2015-12-23,2015,R,,bowling-green,georgia-southern,N,27,58,0,,,GoDaddy Bowl (Mobile AL)
2015-12-24,2015,R,,san-diego-state,cincinnati,N,42,7,0,,,Hawaii Bowl (Honolulu HI)
2015-12-24,2015,R,,cincinnati,san-diego-state,N,7,42,0,,,Hawaii Bowl (Honolulu HI)
2015-12-24,2015,R,,western-michigan,middle-tennessee-state,N,45,31,0,,,Bahamas Bowl (Nassau Bahamas)
2015-12-24,2015,R,,middle-tennessee-state,western-michigan,N,31,45,0,,,Bahamas Bowl (Nassau Bahamas)
2015-12-26,2015,R,,duke,indiana,N,44,41,0,,,Pinstripe Bowl (Bronx New York)
2015-12-26,2015,R,,indiana,duke,N,41,44,0,,,Pinstripe Bowl (Bronx New York)
2015-12-26,2015,R,,marshall,connecticut,N,16,10,0,,,St. Petersburg Bowl (St. Petersburg FL)
2015-12-26,2015,R,,connecticut,marshall,N,10,16,0,,,St. Petersburg Bowl (St. Petersburg FL)
2015-12-26,2015,R,,nebraska,ucla,N,37,29,0,,,Foster Farms Bowl (Santa Clara CA)
2015-12-26,2015,R,,ucla,nebraska,N,29,37,0,,,Foster Farms Bowl (Santa Clara CA)
2015-12-26,2015,R,,virginia-tech,tulsa,N,55,52,0,,,Independence Bowl (Shreveport LA)
2015-12-26,2015,R,,tulsa,virginia-tech,N,52,55,0,,,Independence Bowl (Shreveport LA)
2015-12-26,2015,R,,washington,southern-mississippi,N,44,31,0,,,Heart of Dallas Bowl (Dallas TX)
2015-12-26,2015,R,,southern-mississippi,washington,N,31,44,0,,,Heart of Dallas Bowl (Dallas TX)
2015-12-26,2015,R,,washington-state,miami-fl,N,20,14,0,,,Sun Bowl (El Paso TX)
2015-12-26,2015,R,,miami-fl,washington-state,N,14,20,0,,,Sun Bowl (El Paso TX)
2015-12-28,2015,R,,minnesota,central-michigan,N,21,14,0,,,Quick Lane Bowl (Detroit MI)
2015-12-28,2015,R,,central-michigan,minnesota,N,14,21,0,,,Quick Lane Bowl (Detroit MI)
2015-12-28,2015,R,,navy,pittsburgh,N,44,28,0,21.0,,Military Bowl (Annapolis MD)
2015-12-28,2015,R,,pittsburgh,navy,N,28,44,0,,21.0,Military Bowl (Annapolis MD)
2015-12-29,2015,R,,baylor,north-carolina,N,49,38,0,18.0,10.0,Russell Athletic Bowl (Orlando FL)
2015-12-29,2015,R,,north-carolina,baylor,N,38,49,0,10.0,18.0,Russell Athletic Bowl (Orlando FL)
2015-12-29,2015,R,,california,air-force,N,55,36,0,,,Armed Forces Bowl (Fort Worth TX)
2015-12-29,2015,R,,air-force,california,N,36,55,0,,,Armed Forces Bowl (Fort Worth TX)
2015-12-29,2015,R,,louisiana-state,texas-tech,N,56,27,0,22.0,,Texas Bowl (Houston TX)
2015-12-29,2015,R,,texas-tech,louisiana-state,N,27,56,0,,22.0,Texas Bowl (Houston TX)
2015-12-29,2015,R,,nevada,colorado-state,N,28,23,0,,,Arizona Bowl
2015-12-29,2015,R,,colorado-state,nevada,N,23,28,0,,,Arizona Bowl
2015-12-30,2015,R,,auburn,memphis,N,31,10,0,,,Birmingham Bowl (Birmingham AL)
2015-12-30,2015,R,,memphis,auburn,N,10,31,0,,,Birmingham Bowl (Birmingham AL)
2015-12-30,2015,R,,louisville,texas-a-m,N,27,21,0,,,Music City Bowl (Nashville TN)
2015-12-30,2015,R,,texas-a-m,louisville,N,21,27,0,,,Music City Bowl (Nashville TN)
2015-12-30,2015,R,,mississippi-state,north-carolina-state,N,51,28,0,,,Belk Bowl (Charlotte NC)
2015-12-30,2015,R,,north-carolina-state,mississippi-state,N,28,51,0,,,Belk Bowl (Charlotte NC)
2015-12-30,2015,R,,wisconsin,southern-california,N,23,21,0,23.0,,Holiday Bowl (San Diego CA)
2015-12-30,2015,R,,southern-california,wisconsin,N,21,23,0,,23.0,Holiday Bowl (San Diego CA)
2015-12-31,2015,R,,alabama,michigan-state,N,38,0,0,2.0,3.0,Cotton Bowl (Arlington TX)
2015-12-31,2015,R,,michigan-state,alabama,N,0,38,0,3.0,2.0,Cotton Bowl (Arlington TX)
2015-12-31,2015,R,,clemson,oklahoma,N,37,17,0,1.0,4.0,Orange Bowl (Miami Gardens FL)
2015-12-31,2015,R,,oklahoma,clemson,N,17,37,0,4.0,1.0,Orange Bowl (Miami Gardens FL)
2015-12-31,2015,R,,houston,florida-state,N,38,24,0,14.0,9.0,Peach Bowl (Atlanta GA)
2015-12-31,2015,R,,florida-state,houston,N,24,38,0,9.0,14.0,Peach Bowl (Atlanta GA)
2016-01-01,2015,R,,michigan,florida,N,41,7,0,17.0,19.0,Citrus Bowl (Orlando FL)
2016-01-01,2015,R,,florida,michigan,N,7,41,0,19.0,17.0,Citrus Bowl (Orlando FL)
2016-01-01,2015,R,,mississippi,oklahoma-state,N,48,20,0,16.0,13.0,Sugar Bowl (New Orleans LA)
2016-01-01,2015,R,,oklahoma-state,mississippi,N,20,48,0,13.0,16.0,Sugar Bowl (New Orleans LA)
2016-01-01,2015,R,,ohio-state,notre-dame,N,44,28,0,7.0,8.0,Fiesta Bowl (Glendale AZ)
2016-01-01,2015,R,,notre-dame,ohio-state,N,28,44,0,8.0,7.0,Fiesta Bowl (Glendale AZ)
2016-01-01,2015,R,,stanford,iowa,N,45,16,0,5.0,6.0,Rose Bowl (Pasadena CA)
2016-01-01,2015,R,,iowa,stanford,N,16,45,0,6.0,5.0,Rose Bowl (Pasadena CA)
2016-01-01,2015,R,,tennessee,northwestern,N,45,6,0,,12.0,Outback Bowl (Tampa FL)
2016-01-01,2015,R,,northwestern,tennessee,N,6,45,0,12.0,,Outback Bowl (Tampa FL)
2016-01-02,2015,R,,arkansas,kansas-state,N,45,23,0,,,Liberty Bowl (Memphis TN)
2016-01-02,2015,R,,kansas-state,arkansas,N,23,45,0,,,Liberty Bowl (Memphis TN)
2016-01-02,2015,R,,georgia,penn-state,N,24,17,0,,,TaxSlayer Bowl (Jacksonville FL)
2016-01-02,2015,R,,penn-state,georgia,N,17,24,0,,,TaxSlayer Bowl (Jacksonville FL)
2016-01-02,2015,R,,texas-christian,oregon,N,47,41,0,11.0,15.0,Alamo Bowl (San Antonio TX)
2016-01-02,2015,R,,oregon,texas-christian,N,41,47,0,15.0,11.0,Alamo Bowl (San Antonio TX)
2016-01-02,2015,R,,west-virginia,arizona-state,N,43,42,0,,,Cactus Bowl (Tempe AZ)
2016-01-02,2015,R,,arizona-state,west-virginia,N,42,43,0,,,Cactus Bowl (Tempe AZ)
2016-01-11,2015,R,CCG,alabama,clemson,N,45,40,0,2.0,1.0,College Football Playoff National Championship (Glendale AZ)
2016-01-11,2015,R,CCG,clemson,alabama,N,40,45,0,1.0,2.0,College Football Playoff National Championship (Glendale AZ)
