date,season,type,round,home_team,away_team,home_pts,away_pts,expected_win,result,accuracy,brier,log_loss
1946-11-01,1947,R,,nba_0010,nba_0005,66,68,0.6186,0.0,0,0.3826,0.9639
1946-11-01,1947,R,,nba_0010,nba_0005,66,68,0.6186,0.0,0,0.3826,0.9639
1946-11-02,1947,R,,nba_0002,nba_0005,63,47,0.6273,1.0,1,0.1389,0.4664
1946-11-02,1947,R,,nba_0002,nba_0005,63,47,0.6273,1.0,1,0.1389,0.4664
1946-11-02,1947,R,,nba_0009,nba_0007,56,51,0.6186,1.0,1,0.1455,0.4803
1946-11-02,1947,R,,nba_0009,nba_0007,56,51,0.6186,1.0,1,0.1455,0.4803
1946-11-02,1947,R,,nba_0004,nba_0011,33,50,0.6186,0.0,0,0.3826,0.9639
1946-11-02,1947,R,,nba_0004,nba_0011,33,50,0.6186,0.0,0,0.3826,0.9639
1946-11-02,1947,R,,nba_0008,nba_0001,59,53,0.6186,1.0,1,0.1455,0.4803
1946-11-02,1947,R,,nba_0008,nba_0001,59,53,0.6186,1.0,1,0.1455,0.4803
1946-11-03,1947,R,,nba_0003,nba_0010,71,60,0.6527,1.0,1,0.1206,0.4267
1946-11-03,1947,R,,nba_0003,nba_0010,71,60,0.6527,1.0,1,0.1206,0.4267
1946-11-04,1947,R,,nba_0007,nba_0011,56,71,0.5822,0.0,0,0.3389,0.8727
1946-11-04,1947,R,,nba_0007,nba_0011,56,71,0.5822,0.0,0,0.3389,0.8727
1946-11-05,1947,R,,nba_0001,nba_0002,55,57,0.5927,0.0,0,0.3513,0.8982
1946-11-05,1947,R,,nba_0001,nba_0002,55,57,0.5927,0.0,0,0.3513,0.8982
1946-11-05,1947,R,,nba_0004,nba_0009,49,53,0.5822,0.0,0,0.3389,0.8727
1946-11-05,1947,R,,nba_0004,nba_0009,49,53,0.5822,0.0,0,0.3389,0.8727
1946-11-07,1947,R,,nba_0006,nba_0007,81,75,0.691,1.0,1,0.0955,0.3695
1946-11-07,1947,R,,nba_0006,nba_0007,81,75,0.691,1.0,1,0.0955,0.3695
1946-11-07,1947,R,,nba_0008,nba_0002,73,65,0.6449,1.0,1,0.1261,0.4387
1946-11-07,1947,R,,nba_0008,nba_0002,73,65,0.6449,1.0,1,0.1261,0.4387
1946-11-07,1947,R,,nba_0009,nba_0005,63,68,0.6008,0.0,0,0.361,0.9183
1946-11-07,1947,R,,nba_0009,nba_0005,63,68,0.6008,0.0,0,0.361,0.9183
1946-11-08,1947,R,,nba_0010,nba_0004,73,71,0.675,1.0,1,0.1056,0.3931
1946-11-08,1947,R,,nba_0010,nba_0004,73,71,0.675,1.0,1,0.1056,0.3931
1946-11-09,1947,R,,nba_0002,nba_0010,62,54,0.6733,1.0,1,0.1067,0.3956
1946-11-09,1947,R,,nba_0002,nba_0010,62,54,0.6733,1.0,1,0.1067,0.3956
1946-11-09,1947,R,,nba_0004,nba_0001,69,46,0.5495,1.0,1,0.2029,0.5987
1946-11-09,1947,R,,nba_0004,nba_0001,69,46,0.5495,1.0,1,0.2029,0.5987
1946-11-09,1947,R,,nba_0008,nba_0007,76,66,0.6783,1.0,1,0.1035,0.3881
1946-11-09,1947,R,,nba_0008,nba_0007,76,66,0.6783,1.0,1,0.1035,0.3881
1946-11-09,1947,R,,nba_0009,nba_0011,70,69,0.5326,1.0,1,0.2185,0.63
1946-11-09,1947,R,,nba_0009,nba_0011,70,69,0.5326,1.0,1,0.2185,0.63
1946-11-10,1947,R,,nba_0003,nba_0011,92,68,0.6342,1.0,1,0.1338,0.4554
1946-11-10,1947,R,,nba_0003,nba_0011,92,68,0.6342,1.0,1,0.1338,0.4554
1946-11-11,1947,R,,nba_0005,nba_0002,68,78,0.6486,0.0,0,0.4207,1.0458
1946-11-11,1947,R,,nba_0005,nba_0002,68,78,0.6486,0.0,0,0.4207,1.0458
1946-11-11,1947,R,,nba_0007,nba_0008,84,71,0.5335,1.0,1,0.2176,0.6283
1946-11-11,1947,R,,nba_0007,nba_0008,84,71,0.5335,1.0,1,0.2176,0.6283
1946-11-13,1947,R,,nba_0002,nba_0001,71,61,0.6634,1.0,1,0.1133,0.4103
1946-11-13,1947,R,,nba_0002,nba_0001,71,61,0.6634,1.0,1,0.1133,0.4103
1946-11-13,1947,R,,nba_0004,nba_0008,68,70,0.6217,0.0,0,0.3865,0.972
1946-11-13,1947,R,,nba_0004,nba_0008,68,70,0.6217,0.0,0,0.3865,0.972
1946-11-14,1947,R,,nba_0006,nba_0011,68,65,0.6479,1.0,1,0.124,0.434
1946-11-14,1947,R,,nba_0006,nba_0011,68,65,0.6479,1.0,1,0.124,0.434
1946-11-14,1947,R,,nba_0009,nba_0001,64,62,0.7256,1.0,1,0.0753,0.3208
1946-11-14,1947,R,,nba_0009,nba_0001,64,62,0.7256,1.0,1,0.0753,0.3208
1946-11-15,1947,R,,nba_0010,nba_0008,85,68,0.6064,1.0,1,0.1549,0.5003
1946-11-15,1947,R,,nba_0010,nba_0008,85,68,0.6064,1.0,1,0.1549,0.5003
1946-11-16,1947,R,,nba_0001,nba_0010,53,49,0.5925,1.0,1,0.1661,0.5234
1946-11-16,1947,R,,nba_0001,nba_0010,53,49,0.5925,1.0,1,0.1661,0.5234
1946-11-16,1947,R,,nba_0002,nba_0011,65,73,0.6797,0.0,0,0.462,1.1385
1946-11-16,1947,R,,nba_0002,nba_0011,65,73,0.6797,0.0,0,0.462,1.1385
1946-11-16,1947,R,,nba_0005,nba_0007,64,62,0.647,1.0,1,0.1246,0.4354
1946-11-16,1947,R,,nba_0005,nba_0007,64,62,0.647,1.0,1,0.1246,0.4354
1946-11-16,1947,R,,nba_0008,nba_0004,59,70,0.625,0.0,0,0.3906,0.9809
1946-11-16,1947,R,,nba_0008,nba_0004,59,70,0.625,0.0,0,0.3906,0.9809
1946-11-16,1947,R,,nba_0009,nba_0003,83,74,0.5665,1.0,1,0.1879,0.5683
1946-11-16,1947,R,,nba_0009,nba_0003,83,74,0.5665,1.0,1,0.1879,0.5683
1946-11-17,1947,R,,nba_0003,nba_0002,76,78,0.5998,0.0,0,0.3597,0.9158
1946-11-17,1947,R,,nba_0003,nba_0002,76,78,0.5998,0.0,0,0.3597,0.9158
1946-11-18,1947,R,,nba_0007,nba_0010,54,48,0.5989,1.0,1,0.1609,0.5126
1946-11-18,1947,R,,nba_0007,nba_0010,54,48,0.5989,1.0,1,0.1609,0.5126
1946-11-18,1947,R,,nba_0005,nba_0004,61,57,0.6363,1.0,1,0.1323,0.452
1946-11-18,1947,R,,nba_0005,nba_0004,61,57,0.6363,1.0,1,0.1323,0.452
1946-11-19,1947,R,,nba_0006,nba_0009,63,66,0.6437,0.0,0,0.4143,1.0319
1946-11-19,1947,R,,nba_0006,nba_0009,63,66,0.6437,0.0,0,0.4143,1.0319
1946-11-19,1947,R,,nba_0010,nba_0003,72,74,0.558,0.0,0,0.3114,0.8166
1946-11-19,1947,R,,nba_0010,nba_0003,72,74,0.558,0.0,0,0.3114,0.8166
1946-11-20,1947,R,,nba_0004,nba_0007,53,54,0.6231,0.0,0,0.3882,0.9757
1946-11-20,1947,R,,nba_0004,nba_0007,53,54,0.6231,0.0,0,0.3882,0.9757
1946-11-20,1947,R,,nba_0005,nba_0002,72,69,0.5566,1.0,1,0.1966,0.586
1946-11-20,1947,R,,nba_0005,nba_0002,72,69,0.5566,1.0,1,0.1966,0.586
1946-11-20,1947,R,,nba_0011,nba_0009,54,51,0.647,1.0,1,0.1246,0.4354
1946-11-20,1947,R,,nba_0011,nba_0009,54,51,0.647,1.0,1,0.1246,0.4354
1946-11-21,1947,R,,nba_0001,nba_0009,53,65,0.5702,0.0,0,0.3252,0.8445
1946-11-21,1947,R,,nba_0001,nba_0009,53,65,0.5702,0.0,0,0.3252,0.8445
1946-11-21,1947,R,,nba_0006,nba_0002,63,65,0.6036,0.0,0,0.3643,0.9252
1946-11-21,1947,R,,nba_0006,nba_0002,63,65,0.6036,0.0,0,0.3643,0.9252
1946-11-21,1947,R,,nba_0008,nba_0011,58,66,0.6115,0.0,0,0.3739,0.9455
1946-11-21,1947,R,,nba_0008,nba_0011,58,66,0.6115,0.0,0,0.3739,0.9455
1946-11-22,1947,R,,nba_0010,nba_0001,83,82,0.6847,1.0,1,0.0994,0.3788
1946-11-22,1947,R,,nba_0010,nba_0001,83,82,0.6847,1.0,1,0.0994,0.3788
1946-11-23,1947,R,,nba_0004,nba_0001,54,46,0.695,1.0,1,0.093,0.3638
1946-11-23,1947,R,,nba_0004,nba_0001,54,46,0.695,1.0,1,0.093,0.3638
1946-11-23,1947,R,,nba_0005,nba_0003,82,76,0.5996,1.0,1,0.1603,0.5116
1946-11-23,1947,R,,nba_0005,nba_0003,82,76,0.5996,1.0,1,0.1603,0.5116
1946-11-23,1947,R,,nba_0008,nba_0009,59,65,0.5296,0.0,0,0.2805,0.7542
1946-11-23,1947,R,,nba_0008,nba_0009,59,65,0.5296,0.0,0,0.2805,0.7542
1946-11-23,1947,R,,nba_0011,nba_0010,74,50,0.7294,1.0,1,0.0732,0.3155
1946-11-23,1947,R,,nba_0011,nba_0010,74,50,0.7294,1.0,1,0.0732,0.3155
1946-11-24,1947,R,,nba_0002,nba_0004,55,68,0.7318,0.0,0,0.5355,1.316
1946-11-24,1947,R,,nba_0002,nba_0004,55,68,0.7318,0.0,0,0.5355,1.316
1946-11-24,1947,R,,nba_0003,nba_0007,62,60,0.6001,1.0,1,0.1599,0.5107
1946-11-24,1947,R,,nba_0003,nba_0007,62,60,0.6001,1.0,1,0.1599,0.5107
1946-11-25,1947,R,,nba_0001,nba_0008,59,71,0.5744,0.0,0,0.33,0.8544
1946-11-25,1947,R,,nba_0001,nba_0008,59,71,0.5744,0.0,0,0.33,0.8544
1946-11-25,1947,R,,nba_0007,nba_0005,46,62,0.5388,0.0,0,0.2903,0.7739
1946-11-25,1947,R,,nba_0007,nba_0005,46,62,0.5388,0.0,0,0.2903,0.7739
1946-11-26,1947,R,,nba_0004,nba_0003,66,46,0.6004,1.0,1,0.1596,0.5101
1946-11-26,1947,R,,nba_0004,nba_0003,66,46,0.6004,1.0,1,0.1596,0.5101
1946-11-26,1947,R,,nba_0006,nba_0001,66,54,0.7425,1.0,1,0.0663,0.2977
1946-11-26,1947,R,,nba_0006,nba_0001,66,54,0.7425,1.0,1,0.0663,0.2977
1946-11-26,1947,R,,nba_0010,nba_0011,68,78,0.4908,0.0,1,0.2409,0.6749
1946-11-26,1947,R,,nba_0010,nba_0011,68,78,0.4908,0.0,1,0.2409,0.6749
1946-11-27,1947,R,,nba_0005,nba_0009,67,60,0.5496,1.0,1,0.2029,0.5986
1946-11-27,1947,R,,nba_0005,nba_0009,67,60,0.5496,1.0,1,0.2029,0.5986
1946-11-27,1947,R,,nba_0007,nba_0003,62,60,0.5955,1.0,1,0.1636,0.5184
1946-11-27,1947,R,,nba_0007,nba_0003,62,60,0.5955,1.0,1,0.1636,0.5184
1946-11-27,1947,R,,nba_0011,nba_0002,75,67,0.6364,1.0,1,0.1322,0.452
1946-11-27,1947,R,,nba_0011,nba_0002,75,67,0.6364,1.0,1,0.1322,0.452
1946-11-28,1947,R,,nba_0001,nba_0007,59,55,0.5673,1.0,1,0.1873,0.5669
1946-11-28,1947,R,,nba_0001,nba_0007,59,55,0.5673,1.0,1,0.1873,0.5669
1946-11-28,1947,R,,nba_0002,nba_0009,72,75,0.572,0.0,0,0.3271,0.8485
1946-11-28,1947,R,,nba_0002,nba_0009,72,75,0.572,0.0,0,0.3271,0.8485
1946-11-28,1947,R,,nba_0006,nba_0004,55,68,0.6026,0.0,0,0.3631,0.9228
1946-11-28,1947,R,,nba_0006,nba_0004,55,68,0.6026,0.0,0,0.3631,0.9228
1946-11-28,1947,R,,nba_0008,nba_0005,58,60,0.5787,0.0,0,0.3349,0.8645
1946-11-28,1947,R,,nba_0008,nba_0005,58,60,0.5787,0.0,0,0.3349,0.8645
1946-11-29,1947,R,,nba_0010,nba_0003,72,87,0.5853,0.0,0,0.3426,0.8802
1946-11-29,1947,R,,nba_0010,nba_0003,72,87,0.5853,0.0,0,0.3426,0.8802
1946-11-30,1947,R,,nba_0005,nba_0006,64,60,0.7101,1.0,1,0.0841,0.3424
1946-11-30,1947,R,,nba_0005,nba_0006,64,60,0.7101,1.0,1,0.0841,0.3424
1946-11-30,1947,R,,nba_0008,nba_0010,79,65,0.6924,1.0,1,0.0946,0.3676
1946-11-30,1947,R,,nba_0008,nba_0010,79,65,0.6924,1.0,1,0.0946,0.3676
1946-11-30,1947,R,,nba_0009,nba_0004,60,57,0.6553,1.0,1,0.1188,0.4226
1946-11-30,1947,R,,nba_0009,nba_0004,60,57,0.6553,1.0,1,0.1188,0.4226
1946-11-30,1947,R,,nba_0011,nba_0007,49,40,0.7679,1.0,1,0.0539,0.2641
1946-11-30,1947,R,,nba_0011,nba_0007,49,40,0.7679,1.0,1,0.0539,0.2641
1946-12-01,1947,R,,nba_0003,nba_0004,49,47,0.6223,1.0,1,0.1426,0.4743
1946-12-01,1947,R,,nba_0003,nba_0004,49,47,0.6223,1.0,1,0.1426,0.4743
1946-12-01,1947,R,,nba_0002,nba_0001,66,56,0.7161,1.0,1,0.0806,0.3339
1946-12-01,1947,R,,nba_0002,nba_0001,66,56,0.7161,1.0,1,0.0806,0.3339
1946-12-02,1947,R,,nba_0007,nba_0001,44,46,0.6912,0.0,0,0.4777,1.175
1946-12-02,1947,R,,nba_0007,nba_0001,44,46,0.6912,0.0,0,0.4777,1.175
1946-12-03,1947,R,,nba_0006,nba_0008,76,68,0.6095,1.0,1,0.1525,0.4951
1946-12-03,1947,R,,nba_0006,nba_0008,76,68,0.6095,1.0,1,0.1525,0.4951
1946-12-04,1947,R,,nba_0005,nba_0004,70,57,0.6947,1.0,1,0.0932,0.3643
1946-12-04,1947,R,,nba_0005,nba_0004,70,57,0.6947,1.0,1,0.0932,0.3643
1946-12-04,1947,R,,nba_0007,nba_0002,46,57,0.5123,0.0,0,0.2624,0.718
1946-12-04,1947,R,,nba_0007,nba_0002,46,57,0.5123,0.0,0,0.2624,0.718
1946-12-04,1947,R,,nba_0011,nba_0008,80,62,0.7762,1.0,1,0.0501,0.2533
1946-12-04,1947,R,,nba_0011,nba_0008,80,62,0.7762,1.0,1,0.0501,0.2533
1946-12-05,1947,R,,nba_0001,nba_0004,61,65,0.5532,0.0,0,0.306,0.8056
1946-12-05,1947,R,,nba_0001,nba_0004,61,65,0.5532,0.0,0,0.306,0.8056
1946-12-05,1947,R,,nba_0002,nba_0010,61,65,0.697,0.0,0,0.4858,1.1939
1946-12-05,1947,R,,nba_0002,nba_0010,61,65,0.697,0.0,0,0.4858,1.1939
1946-12-05,1947,R,,nba_0006,nba_0005,62,51,0.5295,1.0,1,0.2214,0.6359
1946-12-05,1947,R,,nba_0006,nba_0005,62,51,0.5295,1.0,1,0.2214,0.6359
1946-12-05,1947,R,,nba_0009,nba_0007,66,55,0.7972,1.0,1,0.0411,0.2266
1946-12-05,1947,R,,nba_0009,nba_0007,66,55,0.7972,1.0,1,0.0411,0.2266
1946-12-07,1947,R,,nba_0001,nba_0005,65,90,0.4265,0.0,1,0.1819,0.5559
1946-12-07,1947,R,,nba_0001,nba_0005,65,90,0.4265,0.0,1,0.1819,0.5559
1946-12-07,1947,R,,nba_0002,nba_0003,86,78,0.5679,1.0,1,0.1867,0.5658
1946-12-07,1947,R,,nba_0002,nba_0003,86,78,0.5679,1.0,1,0.1867,0.5658
1946-12-07,1947,R,,nba_0008,nba_0010,59,68,0.6803,0.0,0,0.4628,1.1404
1946-12-07,1947,R,,nba_0008,nba_0010,59,68,0.6803,0.0,0,0.4628,1.1404
1946-12-07,1947,R,,nba_0009,nba_0006,47,57,0.7028,0.0,0,0.4939,1.2133
1946-12-07,1947,R,,nba_0009,nba_0006,47,57,0.7028,0.0,0,0.4939,1.2133
1946-12-07,1947,R,,nba_0011,nba_0004,75,64,0.7222,1.0,1,0.0772,0.3255
1946-12-07,1947,R,,nba_0011,nba_0004,75,64,0.7222,1.0,1,0.0772,0.3255
1946-12-08,1947,R,,nba_0003,nba_0006,72,66,0.6056,1.0,1,0.1555,0.5015
1946-12-08,1947,R,,nba_0003,nba_0006,72,66,0.6056,1.0,1,0.1555,0.5015
1946-12-08,1947,R,,nba_0005,nba_0001,62,44,0.8055,1.0,1,0.0378,0.2163
1946-12-08,1947,R,,nba_0005,nba_0001,62,44,0.8055,1.0,1,0.0378,0.2163
1946-12-09,1947,R,,nba_0007,nba_0004,58,66,0.5544,0.0,0,0.3074,0.8084
1946-12-09,1947,R,,nba_0007,nba_0004,58,66,0.5544,0.0,0,0.3074,0.8084
1946-12-10,1947,R,,nba_0003,nba_0009,61,62,0.5465,0.0,0,0.2987,0.7907
1946-12-10,1947,R,,nba_0003,nba_0009,61,62,0.5465,0.0,0,0.2987,0.7907
1946-12-10,1947,R,,nba_0010,nba_0006,73,85,0.5686,0.0,0,0.3233,0.8406
1946-12-10,1947,R,,nba_0010,nba_0006,73,85,0.5686,0.0,0,0.3233,0.8406
1946-12-11,1947,R,,nba_0002,nba_0003,88,79,0.6775,1.0,1,0.104,0.3893
1946-12-11,1947,R,,nba_0002,nba_0003,88,79,0.6775,1.0,1,0.104,0.3893
1946-12-11,1947,R,,nba_0005,nba_0008,83,68,0.7461,1.0,1,0.0645,0.2929
1946-12-11,1947,R,,nba_0005,nba_0008,83,68,0.7461,1.0,1,0.0645,0.2929
1946-12-11,1947,R,,nba_0011,nba_0004,81,66,0.7422,1.0,1,0.0665,0.2982
1946-12-11,1947,R,,nba_0011,nba_0004,81,66,0.7422,1.0,1,0.0665,0.2982
1946-12-12,1947,R,,nba_0001,nba_0004,73,66,0.5032,1.0,1,0.2468,0.6867
1946-12-12,1947,R,,nba_0001,nba_0004,73,66,0.5032,1.0,1,0.2468,0.6867
1946-12-12,1947,R,,nba_0006,nba_0011,49,64,0.5342,0.0,0,0.2854,0.764
1946-12-12,1947,R,,nba_0006,nba_0011,49,64,0.5342,0.0,0,0.2854,0.764
1946-12-12,1947,R,,nba_0009,nba_0002,68,88,0.6769,0.0,0,0.4582,1.1298
1946-12-12,1947,R,,nba_0009,nba_0002,68,88,0.6769,0.0,0,0.4582,1.1298
1946-12-13,1947,R,,nba_0010,nba_0007,52,62,0.6225,0.0,0,0.3875,0.9741
1946-12-13,1947,R,,nba_0010,nba_0007,52,62,0.6225,0.0,0,0.3875,0.9741
1946-12-14,1947,R,,nba_0001,nba_0006,77,65,0.4836,1.0,0,0.2666,0.7264
1946-12-14,1947,R,,nba_0001,nba_0006,77,65,0.4836,1.0,0,0.2666,0.7264
1946-12-14,1947,R,,nba_0008,nba_0004,81,66,0.5616,1.0,1,0.1922,0.577
1946-12-14,1947,R,,nba_0008,nba_0004,81,66,0.5616,1.0,1,0.1922,0.577
1946-12-14,1947,R,,nba_0011,nba_0003,72,52,0.7381,1.0,1,0.0686,0.3037
1946-12-14,1947,R,,nba_0011,nba_0003,72,52,0.7381,1.0,1,0.0686,0.3037
1946-12-15,1947,R,,nba_0002,nba_0007,84,75,0.7711,1.0,1,0.0524,0.26
1946-12-15,1947,R,,nba_0002,nba_0007,84,75,0.7711,1.0,1,0.0524,0.26
1946-12-15,1947,R,,nba_0009,nba_0010,46,50,0.7673,0.0,0,0.5887,1.4579
1946-12-15,1947,R,,nba_0009,nba_0010,46,50,0.7673,0.0,0,0.5887,1.4579
1946-12-15,1947,R,,nba_0003,nba_0005,70,52,0.4452,1.0,0,0.3078,0.8092
1946-12-15,1947,R,,nba_0003,nba_0005,70,52,0.4452,1.0,0,0.3078,0.8092
1946-12-16,1947,R,,nba_0007,nba_0009,55,66,0.4914,0.0,1,0.2415,0.6761
1946-12-16,1947,R,,nba_0007,nba_0009,55,66,0.4914,0.0,1,0.2415,0.6761
1946-12-17,1947,R,,nba_0003,nba_0010,78,62,0.7062,1.0,1,0.0863,0.3478
1946-12-17,1947,R,,nba_0003,nba_0010,78,62,0.7062,1.0,1,0.0863,0.3478
1946-12-17,1947,R,,nba_0006,nba_0004,57,49,0.6179,1.0,1,0.146,0.4814
1946-12-17,1947,R,,nba_0006,nba_0004,57,49,0.6179,1.0,1,0.146,0.4814
1946-12-18,1947,R,,nba_0005,nba_0003,53,56,0.7234,0.0,0,0.5233,1.2852
1946-12-18,1947,R,,nba_0005,nba_0003,53,56,0.7234,0.0,0,0.5233,1.2852
1946-12-18,1947,R,,nba_0011,nba_0009,68,47,0.7617,1.0,1,0.0568,0.2721
1946-12-18,1947,R,,nba_0011,nba_0009,68,47,0.7617,1.0,1,0.0568,0.2721
1946-12-19,1947,R,,nba_0001,nba_0009,74,76,0.5197,0.0,0,0.2701,0.7334
1946-12-19,1947,R,,nba_0001,nba_0009,74,76,0.5197,0.0,0,0.2701,0.7334
1946-12-19,1947,R,,nba_0006,nba_0003,58,44,0.6085,1.0,1,0.1533,0.4968
1946-12-19,1947,R,,nba_0006,nba_0003,58,44,0.6085,1.0,1,0.1533,0.4968
1946-12-19,1947,R,,nba_0008,nba_0002,81,77,0.5131,1.0,1,0.2371,0.6673
1946-12-19,1947,R,,nba_0008,nba_0002,81,77,0.5131,1.0,1,0.2371,0.6673
1946-12-20,1947,R,,nba_0010,nba_0005,74,70,0.4653,1.0,0,0.2859,0.7651
1946-12-20,1947,R,,nba_0010,nba_0005,74,70,0.4653,1.0,0,0.2859,0.7651
1946-12-21,1947,R,,nba_0008,nba_0005,63,61,0.5321,1.0,1,0.2189,0.631
1946-12-21,1947,R,,nba_0008,nba_0005,63,61,0.5321,1.0,1,0.2189,0.631
1946-12-21,1947,R,,nba_0011,nba_0006,68,56,0.7729,1.0,1,0.0516,0.2576
1946-12-21,1947,R,,nba_0011,nba_0006,68,56,0.7729,1.0,1,0.0516,0.2576
1946-12-22,1947,R,,nba_0002,nba_0004,95,92,0.6525,1.0,1,0.1207,0.4269
1946-12-22,1947,R,,nba_0002,nba_0004,95,92,0.6525,1.0,1,0.1207,0.4269
1946-12-22,1947,R,,nba_0003,nba_0007,74,78,0.7,0.0,0,0.4899,1.2038
1946-12-22,1947,R,,nba_0003,nba_0007,74,78,0.7,0.0,0,0.4899,1.2038
1946-12-22,1947,R,,nba_0009,nba_0001,65,53,0.7601,1.0,1,0.0575,0.2742
1946-12-22,1947,R,,nba_0009,nba_0001,65,53,0.7601,1.0,1,0.0575,0.2742
1946-12-23,1947,R,,nba_0007,nba_0001,64,54,0.6452,1.0,1,0.1259,0.4382
1946-12-23,1947,R,,nba_0007,nba_0001,64,54,0.6452,1.0,1,0.1259,0.4382
1946-12-26,1947,R,,nba_0006,nba_0007,53,46,0.7438,1.0,1,0.0656,0.296
1946-12-26,1947,R,,nba_0006,nba_0007,53,46,0.7438,1.0,1,0.0656,0.296
1946-12-26,1947,R,,nba_0008,nba_0011,66,78,0.3983,0.0,1,0.1586,0.5079
1946-12-26,1947,R,,nba_0008,nba_0011,66,78,0.3983,0.0,1,0.1586,0.5079
1946-12-26,1947,R,,nba_0009,nba_0004,55,51,0.6918,1.0,1,0.095,0.3684
1946-12-26,1947,R,,nba_0009,nba_0004,55,51,0.6918,1.0,1,0.095,0.3684
1946-12-27,1947,R,,nba_0001,nba_0006,60,63,0.5084,0.0,0,0.2585,0.7101
1946-12-27,1947,R,,nba_0001,nba_0006,60,63,0.5084,0.0,0,0.2585,0.7101
1946-12-27,1947,R,,nba_0010,nba_0002,80,88,0.5079,0.0,0,0.2579,0.709
1946-12-27,1947,R,,nba_0010,nba_0002,80,88,0.5079,0.0,0,0.2579,0.709
1946-12-28,1947,R,,nba_0008,nba_0001,80,68,0.7283,1.0,1,0.0738,0.317
1946-12-28,1947,R,,nba_0008,nba_0001,80,68,0.7283,1.0,1,0.0738,0.317
1946-12-28,1947,R,,nba_0011,nba_0005,70,49,0.7055,1.0,1,0.0867,0.3488
1946-12-28,1947,R,,nba_0011,nba_0005,70,49,0.7055,1.0,1,0.0867,0.3488
1946-12-29,1947,R,,nba_0003,nba_0002,79,87,0.5889,0.0,0,0.3468,0.8888
1946-12-29,1947,R,,nba_0003,nba_0002,79,87,0.5889,0.0,0,0.3468,0.8888
1946-12-29,1947,R,,nba_0004,nba_0010,48,52,0.7003,0.0,0,0.4904,1.205
1946-12-29,1947,R,,nba_0004,nba_0010,48,52,0.7003,0.0,0,0.4904,1.205
1946-12-29,1947,R,,nba_0009,nba_0006,75,68,0.6697,1.0,1,0.1091,0.4009
1946-12-29,1947,R,,nba_0009,nba_0006,75,68,0.6697,1.0,1,0.1091,0.4009
1946-12-30,1947,R,,nba_0001,nba_0011,60,70,0.2666,0.0,1,0.0711,0.31
1946-12-30,1947,R,,nba_0001,nba_0011,60,70,0.2666,0.0,1,0.0711,0.31
1946-12-30,1947,R,,nba_0007,nba_0006,60,62,0.5518,0.0,0,0.3045,0.8026
1946-12-30,1947,R,,nba_0007,nba_0006,60,62,0.5518,0.0,0,0.3045,0.8026
1946-12-31,1947,R,,nba_0003,nba_0009,59,68,0.5423,0.0,0,0.2941,0.7816
1946-12-31,1947,R,,nba_0003,nba_0009,59,68,0.5423,0.0,0,0.2941,0.7816
1946-12-31,1947,R,,nba_0010,nba_0002,86,76,0.4349,1.0,0,0.3194,0.8327
1946-12-31,1947,R,,nba_0010,nba_0002,86,76,0.4349,1.0,0,0.3194,0.8327
1947-01-01,1947,R,,nba_0004,nba_0011,62,57,0.3759,1.0,0,0.3895,0.9785
1947-01-01,1947,R,,nba_0004,nba_0011,62,57,0.3759,1.0,0,0.3895,0.9785
1947-01-01,1947,R,,nba_0002,nba_0009,90,103,0.6151,0.0,0,0.3783,0.9547
1947-01-01,1947,R,,nba_0002,nba_0009,90,103,0.6151,0.0,0,0.3783,0.9547
1947-01-01,1947,R,,nba_0007,nba_0003,48,61,0.5611,0.0,0,0.3149,0.8236
1947-01-01,1947,R,,nba_0007,nba_0003,48,61,0.5611,0.0,0,0.3149,0.8236
1947-01-02,1947,R,,nba_0006,nba_0008,84,72,0.6404,1.0,1,0.1293,0.4456
1947-01-02,1947,R,,nba_0006,nba_0008,84,72,0.6404,1.0,1,0.1293,0.4456
1947-01-02,1947,R,,nba_0009,nba_0011,66,57,0.5246,1.0,1,0.226,0.645
1947-01-02,1947,R,,nba_0009,nba_0011,66,57,0.5246,1.0,1,0.226,0.645
1947-01-03,1947,R,,nba_0010,nba_0001,53,58,0.6863,0.0,0,0.471,1.1593
1947-01-03,1947,R,,nba_0010,nba_0001,53,58,0.6863,0.0,0,0.471,1.1593
1947-01-04,1947,R,,nba_0004,nba_0005,50,62,0.4935,0.0,1,0.2435,0.6802
1947-01-04,1947,R,,nba_0004,nba_0005,50,62,0.4935,0.0,1,0.2435,0.6802
1947-01-04,1947,R,,nba_0008,nba_0006,78,74,0.5266,1.0,1,0.2241,0.6414
1947-01-04,1947,R,,nba_0008,nba_0006,78,74,0.5266,1.0,1,0.2241,0.6414
1947-01-04,1947,R,,nba_0011,nba_0003,78,64,0.7642,1.0,1,0.0556,0.2689
1947-01-04,1947,R,,nba_0011,nba_0003,78,64,0.7642,1.0,1,0.0556,0.2689
1947-01-05,1947,R,,nba_0009,nba_0005,57,59,0.7146,0.0,0,0.5106,1.2537
1947-01-05,1947,R,,nba_0009,nba_0005,57,59,0.7146,0.0,0,0.5106,1.2537
1947-01-06,1947,R,,nba_0001,nba_0003,53,64,0.5062,0.0,0,0.2563,0.7057
1947-01-06,1947,R,,nba_0001,nba_0003,53,64,0.5062,0.0,0,0.2563,0.7057
1947-01-06,1947,R,,nba_0007,nba_0011,49,63,0.3459,0.0,1,0.1197,0.4246
1947-01-06,1947,R,,nba_0007,nba_0011,49,63,0.3459,0.0,1,0.1197,0.4246
1947-01-06,1947,R,,nba_0010,nba_0004,76,61,0.6096,1.0,1,0.1525,0.495
1947-01-06,1947,R,,nba_0010,nba_0004,76,61,0.6096,1.0,1,0.1525,0.495
1947-01-08,1947,R,,nba_0004,nba_0002,80,83,0.4458,0.0,1,0.1987,0.5902
1947-01-08,1947,R,,nba_0004,nba_0002,80,83,0.4458,0.0,1,0.1987,0.5902
1947-01-08,1947,R,,nba_0005,nba_0010,63,76,0.7619,0.0,0,0.5805,1.4351
1947-01-08,1947,R,,nba_0005,nba_0010,63,76,0.7619,0.0,0,0.5805,1.4351
1947-01-08,1947,R,,nba_0007,nba_0006,67,63,0.4059,1.0,0,0.3529,0.9016
1947-01-08,1947,R,,nba_0007,nba_0006,67,63,0.4059,1.0,0,0.3529,0.9016
1947-01-08,1947,R,,nba_0011,nba_0008,77,69,0.7876,1.0,1,0.0451,0.2388
1947-01-08,1947,R,,nba_0011,nba_0008,77,69,0.7876,1.0,1,0.0451,0.2388
1947-01-09,1947,R,,nba_0009,nba_0002,84,81,0.6953,1.0,1,0.0928,0.3633
1947-01-09,1947,R,,nba_0009,nba_0002,84,81,0.6953,1.0,1,0.0928,0.3633
1947-01-09,1947,R,,nba_0008,nba_0003,91,68,0.5237,1.0,1,0.2269,0.6469
1947-01-09,1947,R,,nba_0008,nba_0003,91,68,0.5237,1.0,1,0.2269,0.6469
1947-01-09,1947,R,,nba_0006,nba_0010,74,55,0.6773,1.0,1,0.1041,0.3896
1947-01-09,1947,R,,nba_0006,nba_0010,74,55,0.6773,1.0,1,0.1041,0.3896
1947-01-10,1947,R,,nba_0001,nba_0005,66,62,0.4508,1.0,0,0.3016,0.7966
1947-01-10,1947,R,,nba_0001,nba_0005,66,62,0.4508,1.0,0,0.3016,0.7966
1947-01-11,1947,R,,nba_0004,nba_0006,58,56,0.5332,1.0,1,0.2179,0.6288
1947-01-11,1947,R,,nba_0004,nba_0006,58,56,0.5332,1.0,1,0.2179,0.6288
1947-01-11,1947,R,,nba_0008,nba_0001,72,73,0.7487,0.0,0,0.5606,1.3812
1947-01-11,1947,R,,nba_0008,nba_0001,72,73,0.7487,0.0,0,0.5606,1.3812
1947-01-11,1947,R,,nba_0011,nba_0010,81,66,0.8423,1.0,1,0.0249,0.1716
1947-01-11,1947,R,,nba_0011,nba_0010,81,66,0.8423,1.0,1,0.0249,0.1716
1947-01-12,1947,R,,nba_0002,nba_0006,75,72,0.6957,1.0,1,0.0926,0.3629
1947-01-12,1947,R,,nba_0002,nba_0006,75,72,0.6957,1.0,1,0.0926,0.3629
1947-01-12,1947,R,,nba_0009,nba_0007,72,59,0.7948,1.0,1,0.0421,0.2296
1947-01-12,1947,R,,nba_0009,nba_0007,72,59,0.7948,1.0,1,0.0421,0.2296
1947-01-13,1947,R,,nba_0007,nba_0005,50,53,0.4067,0.0,1,0.1654,0.5221
1947-01-13,1947,R,,nba_0007,nba_0005,50,53,0.4067,0.0,1,0.1654,0.5221
1947-01-14,1947,R,,nba_0003,nba_0008,74,78,0.6788,0.0,0,0.4607,1.1355
1947-01-14,1947,R,,nba_0003,nba_0008,74,78,0.6788,0.0,0,0.4607,1.1355
1947-01-14,1947,R,,nba_0010,nba_0006,74,104,0.5625,0.0,0,0.3164,0.8266
1947-01-14,1947,R,,nba_0010,nba_0006,74,104,0.5625,0.0,0,0.3164,0.8266
1947-01-15,1947,R,,nba_0004,nba_0002,68,59,0.5051,1.0,1,0.245,0.6831
1947-01-15,1947,R,,nba_0004,nba_0002,68,59,0.5051,1.0,1,0.245,0.6831
1947-01-15,1947,R,,nba_0005,nba_0011,63,65,0.4011,0.0,1,0.1609,0.5126
1947-01-15,1947,R,,nba_0005,nba_0011,63,65,0.4011,0.0,1,0.1609,0.5126
1947-01-15,1947,R,,nba_0007,nba_0008,65,53,0.527,1.0,1,0.2237,0.6405
1947-01-15,1947,R,,nba_0007,nba_0008,65,53,0.527,1.0,1,0.2237,0.6405
1947-01-16,1947,R,,nba_0009,nba_0003,59,63,0.7855,0.0,0,0.617,1.5395
1947-01-16,1947,R,,nba_0009,nba_0003,59,63,0.7855,0.0,0,0.617,1.5395
1947-01-16,1947,R,,nba_0006,nba_0002,78,84,0.6312,0.0,0,0.3985,0.9976
1947-01-16,1947,R,,nba_0006,nba_0002,78,84,0.6312,0.0,0,0.3985,0.9976
1947-01-16,1947,R,,nba_0001,nba_0011,47,38,0.307,1.0,0,0.4802,1.1809
1947-01-16,1947,R,,nba_0001,nba_0011,47,38,0.307,1.0,0,0.4802,1.1809
1947-01-17,1947,R,,nba_0010,nba_0004,64,74,0.6036,0.0,0,0.3643,0.9252
1947-01-17,1947,R,,nba_0010,nba_0004,64,74,0.6036,0.0,0,0.3643,0.9252
1947-01-18,1947,R,,nba_0005,nba_0001,45,58,0.773,0.0,0,0.5976,1.483
1947-01-18,1947,R,,nba_0005,nba_0001,45,58,0.773,0.0,0,0.5976,1.483
1947-01-18,1947,R,,nba_0011,nba_0002,87,72,0.7384,1.0,1,0.0685,0.3033
1947-01-18,1947,R,,nba_0011,nba_0002,87,72,0.7384,1.0,1,0.0685,0.3033
1947-01-19,1947,R,,nba_0003,nba_0005,79,72,0.633,1.0,1,0.1347,0.4573
1947-01-19,1947,R,,nba_0003,nba_0005,79,72,0.633,1.0,1,0.1347,0.4573
1947-01-19,1947,R,,nba_0009,nba_0008,69,53,0.7244,1.0,1,0.076,0.3224
1947-01-19,1947,R,,nba_0009,nba_0008,69,53,0.7244,1.0,1,0.076,0.3224
1947-01-20,1947,R,,nba_0001,nba_0002,54,81,0.4596,0.0,1,0.2112,0.6154
1947-01-20,1947,R,,nba_0001,nba_0002,54,81,0.4596,0.0,1,0.2112,0.6154
1947-01-20,1947,R,,nba_0007,nba_0004,62,57,0.5778,1.0,1,0.1783,0.5486
1947-01-20,1947,R,,nba_0007,nba_0004,62,57,0.5778,1.0,1,0.1783,0.5486
1947-01-21,1947,R,,nba_0006,nba_0001,59,43,0.7794,1.0,1,0.0486,0.2492
1947-01-21,1947,R,,nba_0006,nba_0001,59,43,0.7794,1.0,1,0.0486,0.2492
1947-01-21,1947,R,,nba_0010,nba_0009,72,71,0.4391,1.0,0,0.3146,0.823
1947-01-21,1947,R,,nba_0010,nba_0009,72,71,0.4391,1.0,0,0.3146,0.823
1947-01-22,1947,R,,nba_0004,nba_0003,47,61,0.5594,0.0,0,0.3129,0.8195
1947-01-22,1947,R,,nba_0004,nba_0003,47,61,0.5594,0.0,0,0.3129,0.8195
1947-01-22,1947,R,,nba_0005,nba_0002,74,64,0.5617,1.0,1,0.1921,0.5768
1947-01-22,1947,R,,nba_0005,nba_0002,74,64,0.5617,1.0,1,0.1921,0.5768
1947-01-22,1947,R,,nba_0011,nba_0006,57,55,0.8023,1.0,1,0.0391,0.2203
1947-01-22,1947,R,,nba_0011,nba_0006,57,55,0.8023,1.0,1,0.0391,0.2203
1947-01-23,1947,R,,nba_0001,nba_0007,48,43,0.5833,1.0,1,0.1737,0.5391
1947-01-23,1947,R,,nba_0001,nba_0007,48,43,0.5833,1.0,1,0.1737,0.5391
1947-01-23,1947,R,,nba_0002,nba_0008,97,76,0.6853,1.0,1,0.0991,0.378
1947-01-23,1947,R,,nba_0002,nba_0008,97,76,0.6853,1.0,1,0.0991,0.378
1947-01-23,1947,R,,nba_0006,nba_0003,83,78,0.6377,1.0,1,0.1313,0.4499
1947-01-23,1947,R,,nba_0006,nba_0003,83,78,0.6377,1.0,1,0.1313,0.4499
1947-01-24,1947,R,,nba_0010,nba_0008,93,96,0.6228,0.0,0,0.3879,0.9751
1947-01-24,1947,R,,nba_0010,nba_0008,93,96,0.6228,0.0,0,0.3879,0.9751
1947-01-25,1947,R,,nba_0004,nba_0006,55,61,0.5362,0.0,0,0.2875,0.7683
1947-01-25,1947,R,,nba_0004,nba_0006,55,61,0.5362,0.0,0,0.2875,0.7683
1947-01-25,1947,R,,nba_0005,nba_0001,46,52,0.752,0.0,0,0.5656,1.3945
1947-01-25,1947,R,,nba_0005,nba_0001,46,52,0.752,0.0,0,0.5656,1.3945
1947-01-25,1947,R,,nba_0011,nba_0007,84,71,0.8775,1.0,1,0.015,0.1307
1947-01-25,1947,R,,nba_0011,nba_0007,84,71,0.8775,1.0,1,0.015,0.1307
1947-01-26,1947,R,,nba_0002,nba_0006,63,57,0.6866,1.0,1,0.0982,0.3761
1947-01-26,1947,R,,nba_0002,nba_0006,63,57,0.6866,1.0,1,0.0982,0.3761
1947-01-26,1947,R,,nba_0009,nba_0004,71,66,0.8038,1.0,1,0.0385,0.2184
1947-01-26,1947,R,,nba_0009,nba_0004,71,66,0.8038,1.0,1,0.0385,0.2184
1947-01-27,1947,R,,nba_0001,nba_0011,57,80,0.3054,0.0,1,0.0933,0.3644
1947-01-27,1947,R,,nba_0001,nba_0011,57,80,0.3054,0.0,1,0.0933,0.3644
1947-01-27,1947,R,,nba_0007,nba_0008,71,63,0.5182,1.0,1,0.2321,0.6574
1947-01-27,1947,R,,nba_0007,nba_0008,71,63,0.5182,1.0,1,0.2321,0.6574
1947-01-27,1947,R,,nba_0010,nba_0003,82,88,0.4761,0.0,1,0.2267,0.6465
1947-01-27,1947,R,,nba_0010,nba_0003,82,88,0.4761,0.0,1,0.2267,0.6465
1947-01-28,1947,R,,nba_0003,nba_0010,80,70,0.7438,1.0,1,0.0656,0.2959
1947-01-28,1947,R,,nba_0003,nba_0010,80,70,0.7438,1.0,1,0.0656,0.2959
1947-01-29,1947,R,,nba_0004,nba_0008,73,83,0.6197,0.0,0,0.384,0.9667
1947-01-29,1947,R,,nba_0004,nba_0008,73,83,0.6197,0.0,0,0.384,0.9667
1947-01-29,1947,R,,nba_0005,nba_0007,64,60,0.7531,1.0,1,0.061,0.2835
1947-01-29,1947,R,,nba_0005,nba_0007,64,60,0.7531,1.0,1,0.061,0.2835
1947-01-29,1947,R,,nba_0011,nba_0001,69,57,0.8682,1.0,1,0.0174,0.1414
1947-01-29,1947,R,,nba_0011,nba_0001,69,57,0.8682,1.0,1,0.0174,0.1414
1947-01-30,1947,R,,nba_0001,nba_0007,66,51,0.6238,1.0,1,0.1415,0.4719
1947-01-30,1947,R,,nba_0001,nba_0007,66,51,0.6238,1.0,1,0.1415,0.4719
1947-01-30,1947,R,,nba_0006,nba_0005,65,58,0.6992,1.0,1,0.0905,0.3578
1947-01-30,1947,R,,nba_0006,nba_0005,65,58,0.6992,1.0,1,0.0905,0.3578
1947-01-30,1947,R,,nba_0009,nba_0008,70,81,0.7823,0.0,0,0.6121,1.5249
1947-01-30,1947,R,,nba_0009,nba_0008,70,81,0.7823,0.0,0,0.6121,1.5249
1947-01-31,1947,R,,nba_0010,nba_0011,83,74,0.28,1.0,0,0.5184,1.2729
1947-01-31,1947,R,,nba_0010,nba_0011,83,74,0.28,1.0,0,0.5184,1.2729
1947-02-01,1947,R,,nba_0008,nba_0007,89,73,0.7206,1.0,1,0.0781,0.3277
1947-02-01,1947,R,,nba_0008,nba_0007,89,73,0.7206,1.0,1,0.0781,0.3277
1947-02-01,1947,R,,nba_0005,nba_0006,63,71,0.5601,0.0,0,0.3138,0.8213
1947-02-01,1947,R,,nba_0005,nba_0006,63,71,0.5601,0.0,0,0.3138,0.8213
1947-02-01,1947,R,,nba_0009,nba_0003,70,48,0.6338,1.0,1,0.1341,0.456
1947-02-01,1947,R,,nba_0009,nba_0003,70,48,0.6338,1.0,1,0.1341,0.456
1947-02-02,1947,R,,nba_0002,nba_0010,90,75,0.8192,1.0,1,0.0327,0.1995
1947-02-02,1947,R,,nba_0002,nba_0010,90,75,0.8192,1.0,1,0.0327,0.1995
1947-02-02,1947,R,,nba_0003,nba_0011,81,107,0.3829,0.0,1,0.1466,0.4827
1947-02-02,1947,R,,nba_0003,nba_0011,81,107,0.3829,0.0,1,0.1466,0.4827
1947-02-02,1947,R,,nba_0004,nba_0005,65,63,0.5839,1.0,1,0.1731,0.538
1947-02-02,1947,R,,nba_0004,nba_0005,65,63,0.5839,1.0,1,0.1731,0.538
1947-02-03,1947,R,,nba_0001,nba_0006,55,61,0.4957,0.0,1,0.2457,0.6846
1947-02-03,1947,R,,nba_0001,nba_0006,55,61,0.4957,0.0,1,0.2457,0.6846
1947-02-03,1947,R,,nba_0007,nba_0009,68,63,0.3764,1.0,0,0.3889,0.9772
1947-02-03,1947,R,,nba_0007,nba_0009,68,63,0.3764,1.0,0,0.3889,0.9772
1947-02-04,1947,R,,nba_0006,nba_0008,75,68,0.66,1.0,1,0.1156,0.4156
1947-02-04,1947,R,,nba_0006,nba_0008,75,68,0.66,1.0,1,0.1156,0.4156
1947-02-05,1947,R,,nba_0004,nba_0011,46,67,0.2959,0.0,1,0.0875,0.3508
1947-02-05,1947,R,,nba_0004,nba_0011,46,67,0.2959,0.0,1,0.0875,0.3508
1947-02-05,1947,R,,nba_0005,nba_0009,46,71,0.5255,0.0,0,0.2762,0.7455
1947-02-05,1947,R,,nba_0005,nba_0009,46,71,0.5255,0.0,0,0.2762,0.7455
1947-02-05,1947,R,,nba_0007,nba_0010,55,58,0.5905,0.0,0,0.3487,0.8929
1947-02-05,1947,R,,nba_0007,nba_0010,55,58,0.5905,0.0,0,0.3487,0.8929
1947-02-06,1947,R,,nba_0001,nba_0005,49,48,0.6063,1.0,1,0.155,0.5003
1947-02-06,1947,R,,nba_0001,nba_0005,49,48,0.6063,1.0,1,0.155,0.5003
1947-02-06,1947,R,,nba_0002,nba_0007,109,85,0.837,1.0,1,0.0266,0.1779
1947-02-06,1947,R,,nba_0002,nba_0007,109,85,0.837,1.0,1,0.0266,0.1779
1947-02-06,1947,R,,nba_0006,nba_0010,79,61,0.8006,1.0,1,0.0398,0.2224
1947-02-06,1947,R,,nba_0006,nba_0010,79,61,0.8006,1.0,1,0.0398,0.2224
1947-02-06,1947,R,,nba_0008,nba_0009,65,73,0.5141,0.0,0,0.2643,0.7218
1947-02-06,1947,R,,nba_0008,nba_0009,65,73,0.5141,0.0,0,0.2643,0.7218
1947-02-08,1947,R,,nba_0005,nba_0010,69,46,0.6723,1.0,1,0.1074,0.397
1947-02-08,1947,R,,nba_0005,nba_0010,69,46,0.6723,1.0,1,0.1074,0.397
1947-02-08,1947,R,,nba_0009,nba_0011,65,68,0.4715,0.0,1,0.2223,0.6377
1947-02-08,1947,R,,nba_0009,nba_0011,65,68,0.4715,0.0,1,0.2223,0.6377
1947-02-08,1947,R,,nba_0008,nba_0006,67,58,0.4905,1.0,0,0.2595,0.7122
1947-02-08,1947,R,,nba_0008,nba_0006,67,58,0.4905,1.0,0,0.2595,0.7122
1947-02-08,1947,R,,nba_0004,nba_0007,64,58,0.6795,1.0,1,0.1027,0.3865
1947-02-08,1947,R,,nba_0004,nba_0007,64,58,0.6795,1.0,1,0.1027,0.3865
1947-02-09,1947,R,,nba_0002,nba_0011,85,67,0.5096,1.0,1,0.2405,0.6742
1947-02-09,1947,R,,nba_0002,nba_0011,85,67,0.5096,1.0,1,0.2405,0.6742
1947-02-09,1947,R,,nba_0003,nba_0004,69,74,0.7361,0.0,0,0.5419,1.3323
1947-02-09,1947,R,,nba_0003,nba_0004,69,74,0.7361,0.0,0,0.5419,1.3323
1947-02-10,1947,R,,nba_0007,nba_0011,75,69,0.262,1.0,0,0.5447,1.3394
1947-02-10,1947,R,,nba_0007,nba_0011,75,69,0.262,1.0,0,0.5447,1.3394
1947-02-11,1947,R,,nba_0003,nba_0008,85,76,0.5873,1.0,1,0.1703,0.5322
1947-02-11,1947,R,,nba_0003,nba_0008,85,76,0.5873,1.0,1,0.1703,0.5322
1947-02-11,1947,R,,nba_0006,nba_0009,75,59,0.5877,1.0,1,0.17,0.5315
1947-02-11,1947,R,,nba_0006,nba_0009,75,59,0.5877,1.0,1,0.17,0.5315
1947-02-12,1947,R,,nba_0004,nba_0008,84,64,0.6131,1.0,1,0.1497,0.4892
1947-02-12,1947,R,,nba_0004,nba_0008,84,64,0.6131,1.0,1,0.1497,0.4892
1947-02-12,1947,R,,nba_0005,nba_0011,76,72,0.3945,1.0,0,0.3667,0.9302
1947-02-12,1947,R,,nba_0005,nba_0011,76,72,0.3945,1.0,0,0.3667,0.9302
1947-02-12,1947,R,,nba_0007,nba_0002,82,101,0.3374,0.0,1,0.1138,0.4115
1947-02-12,1947,R,,nba_0007,nba_0002,82,101,0.3374,0.0,1,0.1138,0.4115
1947-02-13,1947,R,,nba_0001,nba_0009,64,54,0.4604,1.0,0,0.2912,0.7758
1947-02-13,1947,R,,nba_0001,nba_0009,64,54,0.4604,1.0,0,0.2912,0.7758
1947-02-13,1947,R,,nba_0002,nba_0008,81,79,0.77,1.0,1,0.0529,0.2613
1947-02-13,1947,R,,nba_0002,nba_0008,81,79,0.77,1.0,1,0.0529,0.2613
1947-02-13,1947,R,,nba_0006,nba_0003,61,48,0.7192,1.0,1,0.0789,0.3296
1947-02-13,1947,R,,nba_0006,nba_0003,61,48,0.7192,1.0,1,0.0789,0.3296
1947-02-14,1947,R,,nba_0010,nba_0007,84,73,0.68,1.0,1,0.1024,0.3857
1947-02-14,1947,R,,nba_0010,nba_0007,84,73,0.68,1.0,1,0.1024,0.3857
1947-02-15,1947,R,,nba_0011,nba_0006,70,60,0.7315,1.0,1,0.0721,0.3126
1947-02-15,1947,R,,nba_0011,nba_0006,70,60,0.7315,1.0,1,0.0721,0.3126
1947-02-15,1947,R,,nba_0005,nba_0003,84,90,0.6305,0.0,0,0.3975,0.9956
1947-02-15,1947,R,,nba_0005,nba_0003,84,90,0.6305,0.0,0,0.3975,0.9956
1947-02-15,1947,R,,nba_0008,nba_0007,82,72,0.7388,1.0,1,0.0682,0.3028
1947-02-15,1947,R,,nba_0008,nba_0007,82,72,0.7388,1.0,1,0.0682,0.3028
1947-02-16,1947,R,,nba_0003,nba_0006,75,71,0.5125,1.0,1,0.2377,0.6685
1947-02-16,1947,R,,nba_0003,nba_0006,75,71,0.5125,1.0,1,0.2377,0.6685
1947-02-16,1947,R,,nba_0004,nba_0005,58,66,0.6473,0.0,0,0.4191,1.0423
1947-02-16,1947,R,,nba_0004,nba_0005,58,66,0.6473,0.0,0,0.4191,1.0423
1947-02-16,1947,R,,nba_0009,nba_0010,80,64,0.8044,1.0,1,0.0383,0.2177
1947-02-16,1947,R,,nba_0009,nba_0010,80,64,0.8044,1.0,1,0.0383,0.2177
1947-02-16,1947,R,,nba_0002,nba_0001,84,77,0.8028,1.0,1,0.0389,0.2197
1947-02-16,1947,R,,nba_0002,nba_0001,84,77,0.8028,1.0,1,0.0389,0.2197
1947-02-17,1947,R,,nba_0007,nba_0004,63,59,0.554,1.0,1,0.1989,0.5905
1947-02-17,1947,R,,nba_0007,nba_0004,63,59,0.554,1.0,1,0.1989,0.5905
1947-02-18,1947,R,,nba_0003,nba_0001,84,73,0.7066,1.0,1,0.0861,0.3473
1947-02-18,1947,R,,nba_0003,nba_0001,84,73,0.7066,1.0,1,0.0861,0.3473
1947-02-18,1947,R,,nba_0010,nba_0009,65,57,0.3993,1.0,0,0.3608,0.918
1947-02-18,1947,R,,nba_0010,nba_0009,65,57,0.3993,1.0,0,0.3608,0.918
1947-02-19,1947,R,,nba_0005,nba_0008,62,69,0.6067,0.0,0,0.368,0.9331
1947-02-19,1947,R,,nba_0005,nba_0008,62,69,0.6067,0.0,0,0.368,0.9331
1947-02-19,1947,R,,nba_0011,nba_0010,69,59,0.8832,1.0,1,0.0136,0.1241
1947-02-19,1947,R,,nba_0011,nba_0010,69,59,0.8832,1.0,1,0.0136,0.1241
1947-02-19,1947,R,,nba_0004,nba_0001,51,57,0.6498,0.0,0,0.4223,1.0494
1947-02-19,1947,R,,nba_0004,nba_0001,51,57,0.6498,0.0,0,0.4223,1.0494
1947-02-20,1947,R,,nba_0002,nba_0004,74,76,0.8438,0.0,0,0.712,1.8567
1947-02-20,1947,R,,nba_0002,nba_0004,74,76,0.8438,0.0,0,0.712,1.8567
1947-02-20,1947,R,,nba_0006,nba_0007,78,66,0.8312,1.0,1,0.0285,0.1849
1947-02-20,1947,R,,nba_0006,nba_0007,78,66,0.8312,1.0,1,0.0285,0.1849
1947-02-20,1947,R,,nba_0008,nba_0011,74,82,0.3713,0.0,1,0.1378,0.464
1947-02-20,1947,R,,nba_0008,nba_0011,74,82,0.3713,0.0,1,0.1378,0.464
1947-02-21,1947,R,,nba_0005,nba_0007,77,49,0.7422,1.0,1,0.0665,0.2981
1947-02-21,1947,R,,nba_0005,nba_0007,77,49,0.7422,1.0,1,0.0665,0.2981
1947-02-21,1947,R,,nba_0009,nba_0002,65,60,0.6124,1.0,1,0.1502,0.4903
1947-02-21,1947,R,,nba_0009,nba_0002,65,60,0.6124,1.0,1,0.1502,0.4903
1947-02-21,1947,R,,nba_0010,nba_0001,67,61,0.5893,1.0,1,0.1687,0.5288
1947-02-21,1947,R,,nba_0010,nba_0001,67,61,0.5893,1.0,1,0.1687,0.5288
1947-02-22,1947,R,,nba_0008,nba_0003,85,77,0.5272,1.0,1,0.2236,0.6402
1947-02-22,1947,R,,nba_0008,nba_0003,85,77,0.5272,1.0,1,0.2236,0.6402
1947-02-22,1947,R,,nba_0011,nba_0007,93,61,0.9041,1.0,1,0.0092,0.1008
1947-02-22,1947,R,,nba_0011,nba_0007,93,61,0.9041,1.0,1,0.0092,0.1008
1947-02-23,1947,R,,nba_0001,nba_0008,55,67,0.5673,0.0,0,0.3218,0.8377
1947-02-23,1947,R,,nba_0001,nba_0008,55,67,0.5673,0.0,0,0.3218,0.8377
1947-02-23,1947,R,,nba_0002,nba_0005,82,68,0.7522,1.0,1,0.0614,0.2847
1947-02-23,1947,R,,nba_0002,nba_0005,82,68,0.7522,1.0,1,0.0614,0.2847
1947-02-23,1947,R,,nba_0003,nba_0011,83,91,0.3822,0.0,1,0.1461,0.4816
1947-02-23,1947,R,,nba_0003,nba_0011,83,91,0.3822,0.0,1,0.1461,0.4816
1947-02-23,1947,R,,nba_0004,nba_0010,61,52,0.6508,1.0,1,0.1219,0.4295
1947-02-23,1947,R,,nba_0004,nba_0010,61,52,0.6508,1.0,1,0.1219,0.4295
1947-02-23,1947,R,,nba_0009,nba_0006,71,66,0.5877,1.0,1,0.17,0.5316
1947-02-23,1947,R,,nba_0009,nba_0006,71,66,0.5877,1.0,1,0.17,0.5316
1947-02-24,1947,R,,nba_0007,nba_0006,67,69,0.376,0.0,1,0.1414,0.4717
1947-02-24,1947,R,,nba_0007,nba_0006,67,69,0.376,0.0,1,0.1414,0.4717
1947-02-24,1947,R,,nba_0011,nba_0001,83,59,0.8752,1.0,1,0.0156,0.1333
1947-02-24,1947,R,,nba_0011,nba_0001,83,59,0.8752,1.0,1,0.0156,0.1333
1947-02-25,1947,R,,nba_0003,nba_0009,76,96,0.5142,0.0,0,0.2644,0.722
1947-02-25,1947,R,,nba_0003,nba_0009,76,96,0.5142,0.0,0,0.2644,0.722
1947-02-25,1947,R,,nba_0010,nba_0008,83,60,0.5064,1.0,1,0.2436,0.6804
1947-02-25,1947,R,,nba_0010,nba_0008,83,60,0.5064,1.0,1,0.2436,0.6804
1947-02-26,1947,R,,nba_0004,nba_0002,68,72,0.4077,0.0,1,0.1662,0.5237
1947-02-26,1947,R,,nba_0004,nba_0002,68,72,0.4077,0.0,1,0.1662,0.5237
1947-02-26,1947,R,,nba_0005,nba_0011,60,84,0.3497,0.0,1,0.1223,0.4303
1947-02-26,1947,R,,nba_0005,nba_0011,60,84,0.3497,0.0,1,0.1223,0.4303
1947-02-26,1947,R,,nba_0006,nba_0009,75,65,0.6169,1.0,1,0.1467,0.483
1947-02-26,1947,R,,nba_0006,nba_0009,75,65,0.6169,1.0,1,0.1467,0.483
1947-02-26,1947,R,,nba_0007,nba_0003,53,74,0.4835,0.0,1,0.2338,0.6608
1947-02-26,1947,R,,nba_0007,nba_0003,53,74,0.4835,0.0,1,0.2338,0.6608
1947-02-27,1947,R,,nba_0008,nba_0005,65,73,0.6705,0.0,0,0.4496,1.1102
1947-02-27,1947,R,,nba_0008,nba_0005,65,73,0.6705,0.0,0,0.4496,1.1102
1947-02-28,1947,R,,nba_0001,nba_0003,69,62,0.5573,1.0,1,0.1959,0.5846
1947-02-28,1947,R,,nba_0001,nba_0003,69,62,0.5573,1.0,1,0.1959,0.5846
1947-02-28,1947,R,,nba_0010,nba_0006,77,69,0.4433,1.0,0,0.3099,0.8135
1947-02-28,1947,R,,nba_0010,nba_0006,77,69,0.4433,1.0,0,0.3099,0.8135
1947-03-01,1947,R,,nba_0008,nba_0004,80,74,0.6443,1.0,1,0.1265,0.4395
1947-03-01,1947,R,,nba_0008,nba_0004,80,74,0.6443,1.0,1,0.1265,0.4395
1947-03-01,1947,R,,nba_0005,nba_0010,63,48,0.6791,1.0,1,0.103,0.387
1947-03-01,1947,R,,nba_0005,nba_0010,63,48,0.6791,1.0,1,0.103,0.387
1947-03-01,1947,R,,nba_0011,nba_0001,75,52,0.8984,1.0,1,0.0103,0.1071
1947-03-01,1947,R,,nba_0011,nba_0001,75,52,0.8984,1.0,1,0.0103,0.1071
1947-03-02,1947,R,,nba_0002,nba_0009,98,86,0.6482,1.0,1,0.1238,0.4336
1947-03-02,1947,R,,nba_0002,nba_0009,98,86,0.6482,1.0,1,0.1238,0.4336
1947-03-02,1947,R,,nba_0003,nba_0006,72,69,0.5083,1.0,1,0.2417,0.6766
1947-03-02,1947,R,,nba_0003,nba_0006,72,69,0.5083,1.0,1,0.2417,0.6766
1947-03-03,1947,R,,nba_0006,nba_0010,76,66,0.7481,1.0,1,0.0634,0.2902
1947-03-03,1947,R,,nba_0006,nba_0010,76,66,0.7481,1.0,1,0.0634,0.2902
1947-03-03,1947,R,,nba_0007,nba_0002,66,69,0.3172,0.0,1,0.1006,0.3816
1947-03-03,1947,R,,nba_0007,nba_0002,66,69,0.3172,0.0,1,0.1006,0.3816
1947-03-03,1947,R,,nba_0009,nba_0008,71,70,0.7116,1.0,1,0.0832,0.3402
1947-03-03,1947,R,,nba_0009,nba_0008,71,70,0.7116,1.0,1,0.0832,0.3402
1947-03-04,1947,R,,nba_0003,nba_0008,82,76,0.6632,1.0,1,0.1135,0.4107
1947-03-04,1947,R,,nba_0003,nba_0008,82,76,0.6632,1.0,1,0.1135,0.4107
1947-03-05,1947,R,,nba_0007,nba_0010,60,63,0.5068,0.0,0,0.2569,0.7069
1947-03-05,1947,R,,nba_0007,nba_0010,60,63,0.5068,0.0,0,0.2569,0.7069
1947-03-05,1947,R,,nba_0011,nba_0004,99,67,0.8789,1.0,1,0.0147,0.1291
1947-03-05,1947,R,,nba_0011,nba_0004,99,67,0.8789,1.0,1,0.0147,0.1291
1947-03-06,1947,R,,nba_0001,nba_0004,74,65,0.656,1.0,1,0.1183,0.4215
1947-03-06,1947,R,,nba_0001,nba_0004,74,65,0.656,1.0,1,0.1183,0.4215
1947-03-06,1947,R,,nba_0002,nba_0007,72,71,0.899,1.0,1,0.0102,0.1065
1947-03-06,1947,R,,nba_0002,nba_0007,72,71,0.899,1.0,1,0.0102,0.1065
1947-03-06,1947,R,,nba_0006,nba_0005,59,61,0.6811,0.0,0,0.4639,1.1428
1947-03-06,1947,R,,nba_0006,nba_0005,59,61,0.6811,0.0,0,0.4639,1.1428
1947-03-07,1947,R,,nba_0010,nba_0011,70,86,0.2707,0.0,1,0.0733,0.3156
1947-03-07,1947,R,,nba_0010,nba_0011,70,86,0.2707,0.0,1,0.0733,0.3156
1947-03-08,1947,R,,nba_0011,nba_0009,74,73,0.7407,1.0,1,0.0672,0.3001
1947-03-08,1947,R,,nba_0011,nba_0009,74,73,0.7407,1.0,1,0.0672,0.3001
1947-03-08,1947,R,,nba_0005,nba_0004,64,61,0.7097,1.0,1,0.0843,0.343
1947-03-08,1947,R,,nba_0005,nba_0004,64,61,0.7097,1.0,1,0.0843,0.343
1947-03-08,1947,R,,nba_0001,nba_0010,67,65,0.6368,1.0,1,0.1319,0.4513
1947-03-08,1947,R,,nba_0001,nba_0010,67,65,0.6368,1.0,1,0.1319,0.4513
1947-03-08,1947,R,,nba_0002,nba_0008,107,81,0.7521,1.0,1,0.0614,0.2849
1947-03-08,1947,R,,nba_0002,nba_0008,107,81,0.7521,1.0,1,0.0614,0.2849
1947-03-09,1947,R,,nba_0003,nba_0002,78,107,0.4961,0.0,1,0.2462,0.6855
1947-03-09,1947,R,,nba_0003,nba_0002,78,107,0.4961,0.0,1,0.2462,0.6855
1947-03-10,1947,R,,nba_0001,nba_0008,70,87,0.5814,0.0,0,0.338,0.8708
1947-03-10,1947,R,,nba_0001,nba_0008,70,87,0.5814,0.0,0,0.338,0.8708
1947-03-11,1947,R,,nba_0003,nba_0007,78,72,0.7498,1.0,1,0.0626,0.2879
1947-03-11,1947,R,,nba_0003,nba_0007,78,72,0.7498,1.0,1,0.0626,0.2879
1947-03-11,1947,R,,nba_0006,nba_0011,77,80,0.452,0.0,1,0.2043,0.6014
1947-03-11,1947,R,,nba_0006,nba_0011,77,80,0.452,0.0,1,0.2043,0.6014
1947-03-11,1947,R,,nba_0010,nba_0009,79,71,0.4209,1.0,0,0.3354,0.8654
1947-03-11,1947,R,,nba_0010,nba_0009,79,71,0.4209,1.0,0,0.3354,0.8654
1947-03-12,1947,R,,nba_0004,nba_0003,81,89,0.5644,0.0,0,0.3186,0.8311
1947-03-12,1947,R,,nba_0004,nba_0003,81,89,0.5644,0.0,0,0.3186,0.8311
1947-03-12,1947,R,,nba_0001,nba_0010,69,57,0.6159,1.0,1,0.1475,0.4846
1947-03-12,1947,R,,nba_0001,nba_0010,69,57,0.6159,1.0,1,0.1475,0.4846
1947-03-13,1947,R,,nba_0002,nba_0011,69,86,0.5574,0.0,0,0.3107,0.8151
1947-03-13,1947,R,,nba_0002,nba_0011,69,86,0.5574,0.0,0,0.3107,0.8151
1947-03-13,1947,R,,nba_0005,nba_0009,78,74,0.5774,1.0,1,0.1786,0.5493
1947-03-13,1947,R,,nba_0005,nba_0009,78,74,0.5774,1.0,1,0.1786,0.5493
1947-03-13,1947,R,,nba_0006,nba_0001,81,57,0.7796,1.0,1,0.0486,0.249
1947-03-13,1947,R,,nba_0006,nba_0001,81,57,0.7796,1.0,1,0.0486,0.249
1947-03-13,1947,R,,nba_0008,nba_0010,71,64,0.7199,1.0,1,0.0785,0.3287
1947-03-13,1947,R,,nba_0008,nba_0010,71,64,0.7199,1.0,1,0.0785,0.3287
1947-03-15,1947,R,,nba_0002,nba_0006,70,67,0.7021,1.0,1,0.0888,0.3537
1947-03-15,1947,R,,nba_0002,nba_0006,70,67,0.7021,1.0,1,0.0888,0.3537
1947-03-15,1947,R,,nba_0008,nba_0009,60,56,0.5212,1.0,1,0.2293,0.6517
1947-03-15,1947,R,,nba_0008,nba_0009,60,56,0.5212,1.0,1,0.2293,0.6517
1947-03-15,1947,R,,nba_0011,nba_0005,78,63,0.8534,1.0,1,0.0215,0.1585
1947-03-15,1947,R,,nba_0011,nba_0005,78,63,0.8534,1.0,1,0.0215,0.1585
1947-03-16,1947,R,,nba_0003,nba_0005,69,81,0.6604,0.0,0,0.4362,1.0801
1947-03-16,1947,R,,nba_0003,nba_0005,69,81,0.6604,0.0,0,0.4362,1.0801
1947-03-16,1947,R,,nba_0004,nba_0006,61,67,0.459,0.0,1,0.2107,0.6144
1947-03-16,1947,R,,nba_0004,nba_0006,61,67,0.459,0.0,1,0.2107,0.6144
1947-03-18,1947,R,,nba_0001,nba_0003,58,67,0.5798,0.0,0,0.3362,0.8671
1947-03-18,1947,R,,nba_0001,nba_0003,58,67,0.5798,0.0,0,0.3362,0.8671
1947-03-18,1947,R,,nba_0004,nba_0009,59,68,0.3897,0.0,1,0.1518,0.4937
1947-03-18,1947,R,,nba_0004,nba_0009,59,68,0.3897,0.0,1,0.1518,0.4937
1947-03-18,1947,R,,nba_0010,nba_0007,64,70,0.6861,0.0,0,0.4708,1.1588
1947-03-18,1947,R,,nba_0010,nba_0007,64,70,0.6861,0.0,0,0.4708,1.1588
1947-03-19,1947,R,,nba_0002,nba_0005,57,65,0.7705,0.0,0,0.5936,1.4718
1947-03-19,1947,R,,nba_0002,nba_0005,57,65,0.7705,0.0,0,0.5936,1.4718
1947-03-19,1947,R,,nba_0007,nba_0009,54,79,0.3392,0.0,1,0.1151,0.4143
1947-03-19,1947,R,,nba_0007,nba_0009,54,79,0.3392,0.0,1,0.1151,0.4143
1947-03-19,1947,R,,nba_0011,nba_0008,96,95,0.8638,1.0,1,0.0185,0.1464
1947-03-19,1947,R,,nba_0011,nba_0008,96,95,0.8638,1.0,1,0.0185,0.1464
1947-03-20,1947,R,,nba_0006,nba_0004,77,75,0.8352,1.0,1,0.0272,0.1801
1947-03-20,1947,R,,nba_0006,nba_0004,77,75,0.8352,1.0,1,0.0272,0.1801
1947-03-20,1947,R,,nba_0008,nba_0003,76,73,0.5905,1.0,1,0.1677,0.5268
1947-03-20,1947,R,,nba_0008,nba_0003,76,73,0.5905,1.0,1,0.1677,0.5268
1947-03-20,1947,R,,nba_0009,nba_0005,51,49,0.6637,1.0,1,0.1131,0.4099
1947-03-20,1947,R,,nba_0009,nba_0005,51,49,0.6637,1.0,1,0.1131,0.4099
1947-03-21,1947,R,,nba_0010,nba_0002,83,99,0.3646,0.0,1,0.1329,0.4535
1947-03-21,1947,R,,nba_0010,nba_0002,83,99,0.3646,0.0,1,0.1329,0.4535
1947-03-22,1947,R,,nba_0002,nba_0003,58,67,0.7589,0.0,0,0.5759,1.4225
1947-03-22,1947,R,,nba_0002,nba_0003,58,67,0.7589,0.0,0,0.5759,1.4225
1947-03-22,1947,R,,nba_0004,nba_0007,85,65,0.6599,1.0,1,0.1157,0.4156
1947-03-22,1947,R,,nba_0004,nba_0007,85,65,0.6599,1.0,1,0.1157,0.4156
1947-03-22,1947,R,,nba_0008,nba_0006,82,103,0.5267,0.0,0,0.2774,0.748
1947-03-22,1947,R,,nba_0008,nba_0006,82,103,0.5267,0.0,0,0.2774,0.748
1947-03-22,1947,R,,nba_0011,nba_0005,63,68,0.8528,0.0,0,0.7272,1.9157
1947-03-22,1947,R,,nba_0011,nba_0005,63,68,0.8528,0.0,0,0.7272,1.9157
1947-03-23,1947,R,,nba_0009,nba_0010,60,40,0.817,1.0,1,0.0335,0.2021
1947-03-23,1947,R,,nba_0009,nba_0010,60,40,0.817,1.0,1,0.0335,0.2021
1947-03-23,1947,R,,nba_0003,nba_0004,69,63,0.7441,1.0,1,0.0655,0.2956
1947-03-23,1947,R,,nba_0003,nba_0004,69,63,0.7441,1.0,1,0.0655,0.2956
1947-03-24,1947,R,,nba_0001,nba_0002,69,80,0.3928,0.0,1,0.1543,0.4988
1947-03-24,1947,R,,nba_0001,nba_0002,69,80,0.3928,0.0,1,0.1543,0.4988
1947-03-24,1947,R,,nba_0007,nba_0005,51,65,0.3376,0.0,1,0.114,0.4118
1947-03-24,1947,R,,nba_0007,nba_0005,51,65,0.3376,0.0,1,0.114,0.4118
1947-03-25,1947,R,,nba_0003,nba_0001,72,64,0.7593,1.0,1,0.058,0.2754
1947-03-25,1947,R,,nba_0003,nba_0001,72,64,0.7593,1.0,1,0.058,0.2754
1947-03-26,1947,R,,nba_0004,nba_0009,63,67,0.3722,0.0,1,0.1385,0.4655
1947-03-26,1947,R,,nba_0004,nba_0009,63,67,0.3722,0.0,1,0.1385,0.4655
1947-03-26,1947,R,,nba_0005,nba_0008,91,84,0.6582,1.0,1,0.1168,0.4182
1947-03-26,1947,R,,nba_0005,nba_0008,91,84,0.6582,1.0,1,0.1168,0.4182
1947-03-26,1947,R,,nba_0007,nba_0001,61,74,0.5368,0.0,0,0.2881,0.7696
1947-03-26,1947,R,,nba_0007,nba_0001,61,74,0.5368,0.0,0,0.2881,0.7696
1947-03-26,1947,R,,nba_0011,nba_0002,105,77,0.7803,1.0,1,0.0483,0.2481
1947-03-26,1947,R,,nba_0011,nba_0002,105,77,0.7803,1.0,1,0.0483,0.2481
1947-03-27,1947,R,,nba_0006,nba_0002,80,73,0.6203,1.0,1,0.1442,0.4776
1947-03-27,1947,R,,nba_0006,nba_0002,80,73,0.6203,1.0,1,0.1442,0.4776
1947-03-28,1947,R,,nba_0010,nba_0005,71,61,0.4569,1.0,0,0.2949,0.7832
1947-03-28,1947,R,,nba_0010,nba_0005,71,61,0.4569,1.0,0,0.2949,0.7832
1947-03-29,1947,R,,nba_0004,nba_0010,66,63,0.6337,1.0,1,0.1342,0.4562
1947-03-29,1947,R,,nba_0004,nba_0010,66,63,0.6337,1.0,1,0.1342,0.4562
1947-03-29,1947,R,,nba_0008,nba_0002,83,79,0.4658,1.0,0,0.2853,0.7639
1947-03-29,1947,R,,nba_0008,nba_0002,83,79,0.4658,1.0,0,0.2853,0.7639
1947-03-29,1947,R,,nba_0009,nba_0001,59,55,0.8049,1.0,1,0.038,0.217
1947-03-29,1947,R,,nba_0009,nba_0001,59,55,0.8049,1.0,1,0.038,0.217
1947-03-29,1947,R,,nba_0011,nba_0003,79,69,0.8349,1.0,1,0.0273,0.1805
1947-03-29,1947,R,,nba_0011,nba_0003,79,69,0.8349,1.0,1,0.0273,0.1805
1947-03-30,1947,R,,nba_0003,nba_0001,66,71,0.7381,0.0,0,0.5448,1.3399
1947-03-30,1947,R,,nba_0003,nba_0001,66,71,0.7381,0.0,0,0.5448,1.3399
1947-03-30,1947,R,,nba_0005,nba_0006,72,76,0.5344,0.0,0,0.2856,0.7645
1947-03-30,1947,R,,nba_0005,nba_0006,72,76,0.5344,0.0,0,0.2856,0.7645
1947-03-31,1947,R,,nba_0002,nba_0009,73,66,0.6363,1.0,1,0.1323,0.452
1947-03-31,1947,R,,nba_0002,nba_0009,73,66,0.6363,1.0,1,0.1323,0.452
1947-04-02,1947,P,1.0,nba_0006,nba_0009,73,68,0.6623,1.0,1,0.114,0.4121
1947-04-02,1947,P,1.0,nba_0006,nba_0009,73,68,0.6623,1.0,1,0.114,0.4121
1947-04-02,1947,P,2.0,nba_0011,nba_0002,65,81,0.8037,0.0,0,0.6459,1.628
1947-04-02,1947,P,2.0,nba_0011,nba_0002,65,81,0.8037,0.0,0,0.6459,1.628
1947-04-02,1947,P,1.0,nba_0003,nba_0005,77,51,0.5715,1.0,1,0.1836,0.5595
1947-04-02,1947,P,1.0,nba_0003,nba_0005,77,51,0.5715,1.0,1,0.1836,0.5595
1947-04-03,1947,P,2.0,nba_0011,nba_0002,53,69,0.7255,0.0,0,0.5264,1.2929
1947-04-03,1947,P,2.0,nba_0011,nba_0002,53,69,0.7255,0.0,0,0.5264,1.2929
1947-04-05,1947,P,1.0,nba_0005,nba_0003,86,74,0.6249,1.0,1,0.1407,0.4701
1947-04-05,1947,P,1.0,nba_0005,nba_0003,86,74,0.6249,1.0,1,0.1407,0.4701
1947-04-05,1947,P,1.0,nba_0009,nba_0006,73,51,0.5787,1.0,1,0.1775,0.547
1947-04-05,1947,P,1.0,nba_0009,nba_0006,73,51,0.5787,1.0,1,0.1775,0.547
1947-04-06,1947,P,1.0,nba_0009,nba_0006,59,75,0.6154,0.0,0,0.3787,0.9555
1947-04-06,1947,P,1.0,nba_0009,nba_0006,59,75,0.6154,0.0,0,0.3787,0.9555
1947-04-08,1947,P,2.0,nba_0002,nba_0011,67,55,0.5574,1.0,1,0.1959,0.5844
1947-04-08,1947,P,2.0,nba_0002,nba_0011,67,55,0.5574,1.0,1,0.1959,0.5844
1947-04-09,1947,P,1.0,nba_0005,nba_0003,93,71,0.6492,1.0,1,0.123,0.432
1947-04-09,1947,P,1.0,nba_0005,nba_0003,93,71,0.6492,1.0,1,0.123,0.432
1947-04-10,1947,P,2.0,nba_0011,nba_0002,76,69,0.647,1.0,1,0.1246,0.4354
1947-04-10,1947,P,2.0,nba_0011,nba_0002,76,69,0.647,1.0,1,0.1246,0.4354
1947-04-12,1947,P,2.0,nba_0002,nba_0011,55,67,0.5684,0.0,0,0.3231,0.8404
1947-04-12,1947,P,2.0,nba_0002,nba_0011,55,67,0.5684,0.0,0,0.3231,0.8404
1947-04-12,1947,P,2.0,nba_0006,nba_0005,82,70,0.738,1.0,1,0.0687,0.3039
1947-04-12,1947,P,2.0,nba_0006,nba_0005,82,70,0.738,1.0,1,0.0687,0.3039
1947-04-13,1947,P,2.0,nba_0002,nba_0011,66,61,0.527,1.0,1,0.2238,0.6406
1947-04-13,1947,P,2.0,nba_0002,nba_0011,66,61,0.527,1.0,1,0.2238,0.6406
1947-04-14,1947,P,2.0,nba_0005,nba_0006,53,72,0.51,0.0,0,0.2601,0.7134
1947-04-14,1947,P,2.0,nba_0005,nba_0006,53,72,0.51,0.0,0,0.2601,0.7134
1947-04-16,1947,P,3.0,nba_0006,nba_0002,84,71,0.5737,1.0,1,0.1817,0.5556
1947-04-16,1947,P,3.0,nba_0006,nba_0002,84,71,0.5737,1.0,1,0.1817,0.5556
1947-04-17,1947,P,3.0,nba_0006,nba_0002,85,74,0.6311,1.0,1,0.1361,0.4602
1947-04-17,1947,P,3.0,nba_0006,nba_0002,85,74,0.6311,1.0,1,0.1361,0.4602
1947-04-19,1947,P,3.0,nba_0002,nba_0006,72,75,0.577,0.0,0,0.3329,0.8604
1947-04-19,1947,P,3.0,nba_0002,nba_0006,72,75,0.577,0.0,0,0.3329,0.8604
1947-04-20,1947,P,3.0,nba_0002,nba_0006,74,73,0.5472,1.0,1,0.205,0.6029
1947-04-20,1947,P,3.0,nba_0002,nba_0006,74,73,0.5472,1.0,1,0.205,0.6029
1947-04-22,1947,P,3.0,nba_0006,nba_0002,83,80,0.668,1.0,1,0.1102,0.4034
1947-04-22,1947,P,3.0,nba_0006,nba_0002,83,80,0.668,1.0,1,0.1102,0.4034
1947-11-12,1948,R,,nba_0011,nba_0012,63,55,0.7531,1.0,1,0.061,0.2836
1947-11-12,1948,R,,nba_0011,nba_0012,63,55,0.6186,1.0,1,0.1455,0.4803
1947-11-13,1948,R,,nba_0012,nba_0001,85,74,0.6552,1.0,1,0.1189,0.4228
1947-11-13,1948,R,,nba_0012,nba_0001,85,74,0.5847,1.0,1,0.1725,0.5366
1947-11-13,1948,R,,nba_0002,nba_0009,80,70,0.6522,1.0,1,0.121,0.4274
1947-11-13,1948,R,,nba_0002,nba_0009,80,70,0.6186,1.0,1,0.1455,0.4803
1947-11-13,1948,R,,nba_0005,nba_0011,80,65,0.4875,1.0,0,0.2626,0.7185
1947-11-13,1948,R,,nba_0005,nba_0011,80,65,0.6286,1.0,1,0.1379,0.4642
1947-11-13,1948,R,,nba_0006,nba_0008,79,64,0.7459,1.0,1,0.0646,0.2932
1947-11-13,1948,R,,nba_0006,nba_0008,79,64,0.6186,1.0,1,0.1455,0.4803
1947-11-14,1948,R,,nba_0001,nba_0006,74,79,0.3996,0.0,1,0.1597,0.5102
1947-11-14,1948,R,,nba_0001,nba_0006,74,79,0.5889,0.0,0,0.3468,0.8888
1947-11-15,1948,R,,nba_0001,nba_0011,73,69,0.3648,1.0,0,0.4034,1.0083
1947-11-15,1948,R,,nba_0001,nba_0011,73,69,0.571,1.0,1,0.184,0.5604
1947-11-15,1948,R,,nba_0002,nba_0012,63,67,0.7036,0.0,0,0.495,1.2159
1947-11-15,1948,R,,nba_0002,nba_0012,63,67,0.6286,0.0,0,0.3952,0.9906
1947-11-15,1948,R,,nba_0005,nba_0009,73,67,0.6079,1.0,1,0.1538,0.4978
1947-11-15,1948,R,,nba_0005,nba_0009,73,67,0.6454,1.0,1,0.1257,0.4378
1947-11-15,1948,R,,nba_0008,nba_0006,78,80,0.4673,0.0,1,0.2183,0.6297
1947-11-15,1948,R,,nba_0008,nba_0006,78,80,0.5964,0.0,0,0.3557,0.9074
1947-11-18,1948,R,,nba_0001,nba_0009,50,65,0.516,0.0,0,0.2663,0.7257
1947-11-18,1948,R,,nba_0001,nba_0009,50,65,0.6234,0.0,0,0.3886,0.9764
1947-11-18,1948,R,,nba_0008,nba_0005,69,87,0.5441,0.0,0,0.296,0.7855
1947-11-18,1948,R,,nba_0008,nba_0005,69,87,0.566,0.0,0,0.3204,0.8347
1947-11-19,1948,R,,nba_0005,nba_0002,63,81,0.5552,0.0,0,0.3083,0.8102
1947-11-19,1948,R,,nba_0005,nba_0002,63,81,0.6253,0.0,0,0.391,0.9816
1947-11-19,1948,R,,nba_0011,nba_0006,74,67,0.5923,1.0,1,0.1662,0.5238
1947-11-19,1948,R,,nba_0011,nba_0006,74,67,0.5634,1.0,1,0.1906,0.5738
1947-11-20,1948,R,,nba_0006,nba_0001,57,67,0.7964,0.0,0,0.6342,1.5915
1947-11-20,1948,R,,nba_0006,nba_0001,57,67,0.666,0.0,0,0.4435,1.0965
1947-11-20,1948,R,,nba_0009,nba_0008,73,67,0.715,1.0,1,0.0812,0.3355
1947-11-20,1948,R,,nba_0009,nba_0008,73,67,0.6699,1.0,1,0.109,0.4007
1947-11-20,1948,R,,nba_0002,nba_0011,81,77,0.5843,1.0,1,0.1728,0.5374
1947-11-20,1948,R,,nba_0002,nba_0011,81,77,0.6426,1.0,1,0.1277,0.4422
1947-11-20,1948,R,,nba_0012,nba_0005,68,56,0.646,1.0,1,0.1253,0.437
1947-11-20,1948,R,,nba_0012,nba_0005,68,56,0.6572,1.0,1,0.1175,0.4197
1947-11-21,1948,R,,nba_0001,nba_0012,73,89,0.5133,0.0,0,0.2635,0.7201
1947-11-21,1948,R,,nba_0001,nba_0012,73,89,0.5667,0.0,0,0.3211,0.8362
1947-11-22,1948,R,,nba_0012,nba_0002,75,72,0.5366,1.0,1,0.2148,0.6225
1947-11-22,1948,R,,nba_0012,nba_0002,75,72,0.6179,1.0,1,0.146,0.4815
1947-11-22,1948,R,,nba_0005,nba_0006,78,83,0.5242,0.0,0,0.2748,0.7428
1947-11-22,1948,R,,nba_0005,nba_0006,78,83,0.6206,0.0,0,0.3852,0.9693
1947-11-22,1948,R,,nba_0008,nba_0001,62,65,0.6625,0.0,0,0.4389,1.0862
1947-11-22,1948,R,,nba_0008,nba_0001,62,65,0.6238,0.0,0,0.3891,0.9775
1947-11-22,1948,R,,nba_0009,nba_0011,70,62,0.5432,1.0,1,0.2087,0.6103
1947-11-22,1948,R,,nba_0009,nba_0011,70,62,0.6379,1.0,1,0.1311,0.4495
1947-11-25,1948,R,,nba_0001,nba_0005,75,91,0.5316,0.0,0,0.2826,0.7584
1947-11-25,1948,R,,nba_0001,nba_0005,75,91,0.5956,0.0,0,0.3547,0.9053
1947-11-26,1948,R,,nba_0005,nba_0001,63,65,0.7334,0.0,0,0.5379,1.3221
1947-11-26,1948,R,,nba_0005,nba_0001,63,65,0.6855,0.0,0,0.4699,1.1567
1947-11-26,1948,R,,nba_0011,nba_0009,83,64,0.6642,1.0,1,0.1127,0.4091
1947-11-26,1948,R,,nba_0011,nba_0009,83,64,0.5767,1.0,1,0.1792,0.5505
1947-11-27,1948,R,,nba_0006,nba_0005,59,81,0.757,0.0,0,0.5731,1.4148
1947-11-27,1948,R,,nba_0006,nba_0005,59,81,0.6796,0.0,0,0.4619,1.1383
1947-11-27,1948,R,,nba_0008,nba_0012,61,76,0.4705,0.0,1,0.2214,0.6359
1947-11-27,1948,R,,nba_0008,nba_0012,61,76,0.479,0.0,1,0.2294,0.6519
1947-11-28,1948,R,,nba_0001,nba_0011,92,83,0.4032,1.0,0,0.3562,0.9084
1947-11-28,1948,R,,nba_0001,nba_0011,92,83,0.5805,1.0,1,0.176,0.5439
1947-11-28,1948,R,,nba_0002,nba_0006,75,71,0.6661,1.0,1,0.1115,0.4063
1947-11-28,1948,R,,nba_0002,nba_0006,75,71,0.6891,1.0,1,0.0966,0.3723
1947-11-29,1948,R,,nba_0009,nba_0012,67,71,0.6129,0.0,0,0.3757,0.9491
1947-11-29,1948,R,,nba_0009,nba_0012,67,71,0.5651,0.0,0,0.3193,0.8326
1947-11-29,1948,R,,nba_0011,nba_0008,78,85,0.7805,0.0,0,0.6091,1.5162
1947-11-29,1948,R,,nba_0011,nba_0008,78,85,0.6715,0.0,0,0.4509,1.1131
1947-12-01,1948,R,,nba_0005,nba_0011,62,70,0.6211,0.0,0,0.3858,0.9705
1947-12-01,1948,R,,nba_0005,nba_0011,62,70,0.7218,0.0,0,0.5209,1.2793
1947-12-02,1948,R,,nba_0001,nba_0012,69,77,0.4778,0.0,1,0.2283,0.6497
1947-12-02,1948,R,,nba_0001,nba_0012,69,77,0.52,0.0,0,0.2704,0.7339
1947-12-02,1948,R,,nba_0008,nba_0009,66,86,0.5002,0.0,0,0.2502,0.6935
1947-12-02,1948,R,,nba_0008,nba_0009,66,86,0.5539,0.0,0,0.3068,0.8072
1947-12-03,1948,R,,nba_0002,nba_0011,81,73,0.6602,1.0,1,0.1154,0.4151
1947-12-03,1948,R,,nba_0002,nba_0011,81,73,0.6996,1.0,1,0.0903,0.3573
1947-12-03,1948,R,,nba_0006,nba_0012,58,73,0.6429,0.0,0,0.4133,1.0296
1947-12-03,1948,R,,nba_0006,nba_0012,58,73,0.5409,0.0,0,0.2925,0.7784
1947-12-04,1948,R,,nba_0012,nba_0009,51,65,0.6673,0.0,0,0.4453,1.1006
1947-12-04,1948,R,,nba_0012,nba_0009,51,65,0.7012,0.0,0,0.4917,1.2079
1947-12-05,1948,R,,nba_0001,nba_0008,73,69,0.6409,1.0,1,0.129,0.4449
1947-12-05,1948,R,,nba_0001,nba_0008,73,69,0.6735,1.0,1,0.1066,0.3952
1947-12-06,1948,R,,nba_0002,nba_0012,73,65,0.6518,1.0,1,0.1212,0.428
1947-12-06,1948,R,,nba_0002,nba_0012,73,65,0.5796,1.0,1,0.1767,0.5454
1947-12-06,1948,R,,nba_0008,nba_0005,85,114,0.4295,0.0,1,0.1845,0.5613
1947-12-06,1948,R,,nba_0008,nba_0005,85,114,0.4504,0.0,1,0.2029,0.5986
1947-12-08,1948,R,,nba_0005,nba_0009,71,56,0.5437,1.0,1,0.2082,0.6094
1947-12-08,1948,R,,nba_0005,nba_0009,71,56,0.5715,1.0,1,0.1837,0.5596
1947-12-09,1948,R,,nba_0006,nba_0008,78,74,0.8127,1.0,1,0.0351,0.2073
1947-12-09,1948,R,,nba_0006,nba_0008,78,74,0.7416,1.0,1,0.0668,0.2989
1947-12-10,1948,R,,nba_0001,nba_0005,75,79,0.5225,0.0,0,0.2731,0.7393
1947-12-10,1948,R,,nba_0001,nba_0005,75,79,0.5769,0.0,0,0.3328,0.8601
1947-12-11,1948,R,,nba_0012,nba_0011,69,71,0.5713,0.0,0,0.3264,0.847
1947-12-11,1948,R,,nba_0012,nba_0011,69,71,0.6802,0.0,0,0.4626,1.1399
1947-12-11,1948,R,,nba_0006,nba_0009,69,74,0.5975,0.0,0,0.357,0.9101
1947-12-11,1948,R,,nba_0006,nba_0009,69,74,0.5428,0.0,0,0.2947,0.7827
1947-12-12,1948,R,,nba_0001,nba_0006,69,67,0.5081,1.0,1,0.242,0.6771
1947-12-12,1948,R,,nba_0001,nba_0006,69,67,0.6381,1.0,1,0.131,0.4493
1947-12-12,1948,R,,nba_0002,nba_0009,75,85,0.7056,0.0,0,0.4979,1.2228
1947-12-12,1948,R,,nba_0002,nba_0009,75,85,0.6751,0.0,0,0.4557,1.1242
1947-12-13,1948,R,,nba_0012,nba_0005,66,80,0.6007,0.0,0,0.3609,0.9181
1947-12-13,1948,R,,nba_0012,nba_0005,66,80,0.6061,0.0,0,0.3673,0.9315
1947-12-13,1948,R,,nba_0011,nba_0008,88,72,0.7884,1.0,1,0.0448,0.2378
1947-12-13,1948,R,,nba_0011,nba_0008,88,72,0.6936,1.0,1,0.0939,0.3659
1947-12-15,1948,R,,nba_0005,nba_0006,71,74,0.6584,0.0,0,0.4335,1.0741
1947-12-15,1948,R,,nba_0005,nba_0006,71,74,0.7265,0.0,0,0.5278,1.2963
1947-12-17,1948,R,,nba_0011,nba_0012,66,64,0.6703,1.0,1,0.1087,0.4001
1947-12-17,1948,R,,nba_0011,nba_0012,66,64,0.5671,1.0,1,0.1874,0.5672
1947-12-17,1948,R,,nba_0001,nba_0008,67,66,0.7046,1.0,1,0.0873,0.3502
1947-12-17,1948,R,,nba_0001,nba_0008,67,66,0.7351,1.0,1,0.0702,0.3078
1947-12-18,1948,R,,nba_0012,nba_0009,74,67,0.5268,1.0,1,0.2239,0.6409
1947-12-18,1948,R,,nba_0012,nba_0009,74,67,0.5604,1.0,1,0.1932,0.579
1947-12-18,1948,R,,nba_0002,nba_0011,64,70,0.6449,0.0,0,0.416,1.0355
1947-12-18,1948,R,,nba_0002,nba_0011,64,70,0.6781,0.0,0,0.4598,1.1335
1947-12-18,1948,R,,nba_0006,nba_0005,71,99,0.5835,0.0,0,0.3405,0.8759
1947-12-18,1948,R,,nba_0006,nba_0005,71,99,0.5058,0.0,0,0.2558,0.7048
1947-12-19,1948,R,,nba_0001,nba_0009,78,70,0.4826,1.0,0,0.2678,0.7287
1947-12-19,1948,R,,nba_0001,nba_0009,78,70,0.561,1.0,1,0.1927,0.578
1947-12-20,1948,R,,nba_0005,nba_0001,70,58,0.784,1.0,1,0.0467,0.2434
1947-12-20,1948,R,,nba_0005,nba_0001,70,58,0.7458,1.0,1,0.0646,0.2933
1947-12-20,1948,R,,nba_0008,nba_0006,74,80,0.4653,0.0,1,0.2165,0.626
1947-12-20,1948,R,,nba_0008,nba_0006,74,80,0.5513,0.0,0,0.304,0.8014
1947-12-20,1948,R,,nba_0011,nba_0009,52,55,0.7007,0.0,0,0.491,1.2063
1947-12-20,1948,R,,nba_0011,nba_0009,52,55,0.636,0.0,0,0.4045,1.0105
1947-12-21,1948,R,,nba_0002,nba_0012,93,83,0.6379,1.0,1,0.1311,0.4496
1947-12-21,1948,R,,nba_0002,nba_0012,93,83,0.5723,1.0,1,0.1829,0.5581
1947-12-23,1948,R,,nba_0008,nba_0005,66,58,0.3312,1.0,0,0.4473,1.105
1947-12-23,1948,R,,nba_0008,nba_0005,66,58,0.3437,1.0,0,0.4307,1.0679
1947-12-23,1948,R,,nba_0001,nba_0002,75,83,0.4778,0.0,1,0.2283,0.6498
1947-12-23,1948,R,,nba_0001,nba_0002,75,83,0.5868,0.0,0,0.3443,0.8838
1947-12-25,1948,R,,nba_0012,nba_0002,87,70,0.6066,1.0,1,0.1548,0.4999
1947-12-25,1948,R,,nba_0012,nba_0002,87,70,0.6627,1.0,1,0.1138,0.4115
1947-12-25,1948,R,,nba_0005,nba_0008,89,75,0.8217,1.0,1,0.0318,0.1963
1947-12-25,1948,R,,nba_0005,nba_0008,89,75,0.8136,1.0,1,0.0347,0.2062
1947-12-25,1948,R,,nba_0009,nba_0011,56,73,0.5827,0.0,0,0.3396,0.874
1947-12-25,1948,R,,nba_0009,nba_0011,56,73,0.65,0.0,0,0.4226,1.0499
1947-12-26,1948,R,,nba_0006,nba_0008,89,61,0.807,1.0,1,0.0372,0.2144
1947-12-26,1948,R,,nba_0006,nba_0008,89,61,0.7523,1.0,1,0.0614,0.2847
1947-12-27,1948,R,,nba_0005,nba_0002,70,79,0.635,0.0,0,0.4032,1.0077
1947-12-27,1948,R,,nba_0005,nba_0002,70,79,0.6836,0.0,0,0.4672,1.1506
1947-12-27,1948,R,,nba_0008,nba_0001,63,74,0.4866,0.0,1,0.2368,0.6668
1947-12-27,1948,R,,nba_0008,nba_0001,63,74,0.451,0.0,1,0.2034,0.5996
1947-12-27,1948,R,,nba_0011,nba_0006,72,70,0.7329,1.0,1,0.0714,0.3108
1947-12-27,1948,R,,nba_0011,nba_0006,72,70,0.7089,1.0,1,0.0847,0.344
1947-12-28,1948,R,,nba_0009,nba_0012,67,63,0.6121,1.0,1,0.1504,0.4908
1947-12-28,1948,R,,nba_0009,nba_0012,67,63,0.5826,1.0,1,0.1742,0.5403
1947-12-30,1948,R,,nba_0001,nba_0006,70,64,0.521,1.0,1,0.2294,0.652
1947-12-30,1948,R,,nba_0001,nba_0006,70,64,0.6267,1.0,1,0.1393,0.4672
1947-12-30,1948,R,,nba_0008,nba_0002,73,85,0.3266,0.0,1,0.1066,0.3954
1947-12-30,1948,R,,nba_0008,nba_0002,73,85,0.3856,0.0,1,0.1487,0.4871
1948-01-01,1948,R,,nba_0009,nba_0001,58,48,0.7625,1.0,1,0.0564,0.2711
1948-01-01,1948,R,,nba_0009,nba_0001,58,48,0.7088,1.0,1,0.0848,0.3442
1948-01-01,1948,R,,nba_0012,nba_0006,60,72,0.694,0.0,0,0.4816,1.1841
1948-01-01,1948,R,,nba_0012,nba_0006,60,72,0.7457,0.0,0,0.5561,1.3694
1948-01-02,1948,R,,nba_0006,nba_0011,69,60,0.4677,1.0,0,0.2834,0.76
1948-01-02,1948,R,,nba_0006,nba_0011,69,60,0.4994,1.0,0,0.2506,0.6943
1948-01-03,1948,R,,nba_0005,nba_0012,70,79,0.7106,0.0,0,0.5049,1.2398
1948-01-03,1948,R,,nba_0005,nba_0012,70,79,0.7088,0.0,0,0.5024,1.2337
1948-01-03,1948,R,,nba_0008,nba_0002,76,79,0.309,0.0,1,0.0955,0.3696
1948-01-03,1948,R,,nba_0008,nba_0002,76,79,0.3625,0.0,1,0.1314,0.4502
1948-01-03,1948,R,,nba_0011,nba_0001,95,60,0.7653,1.0,1,0.0551,0.2675
1948-01-03,1948,R,,nba_0011,nba_0001,95,60,0.6578,1.0,1,0.1171,0.4189
1948-01-04,1948,R,,nba_0009,nba_0006,80,66,0.6554,1.0,1,0.1187,0.4224
1948-01-04,1948,R,,nba_0009,nba_0006,80,66,0.6877,1.0,1,0.0976,0.3745
1948-01-06,1948,R,,nba_0012,nba_0008,82,64,0.8205,1.0,1,0.0322,0.1978
1948-01-06,1948,R,,nba_0012,nba_0008,82,64,0.8166,1.0,1,0.0336,0.2026
1948-01-07,1948,R,,nba_0005,nba_0002,74,79,0.5591,0.0,0,0.3126,0.819
1948-01-07,1948,R,,nba_0005,nba_0002,74,79,0.6066,0.0,0,0.368,0.933
1948-01-08,1948,R,,nba_0012,nba_0002,78,75,0.561,1.0,1,0.1927,0.578
1948-01-08,1948,R,,nba_0012,nba_0002,78,75,0.609,1.0,1,0.1528,0.4959
1948-01-08,1948,R,,nba_0009,nba_0011,76,73,0.5402,1.0,1,0.2114,0.6158
1948-01-08,1948,R,,nba_0009,nba_0011,76,73,0.5973,1.0,1,0.1622,0.5154
1948-01-09,1948,R,,nba_0006,nba_0002,60,77,0.5789,0.0,0,0.3352,0.865
1948-01-09,1948,R,,nba_0006,nba_0002,60,77,0.566,0.0,0,0.3204,0.8348
1948-01-10,1948,R,,nba_0011,nba_0006,106,99,0.737,1.0,1,0.0692,0.3052
1948-01-10,1948,R,,nba_0011,nba_0006,106,99,0.7176,1.0,1,0.0797,0.3318
1948-01-10,1948,R,,nba_0008,nba_0001,70,57,0.4392,1.0,0,0.3145,0.8227
1948-01-10,1948,R,,nba_0008,nba_0001,70,57,0.4147,1.0,0,0.3426,0.8802
1948-01-11,1948,R,,nba_0001,nba_0011,84,56,0.3845,1.0,0,0.3789,0.9559
1948-01-11,1948,R,,nba_0001,nba_0011,84,56,0.4981,1.0,0,0.2519,0.697
1948-01-11,1948,R,,nba_0002,nba_0005,99,86,0.6711,1.0,1,0.1082,0.3988
1948-01-11,1948,R,,nba_0002,nba_0005,99,86,0.6298,1.0,1,0.137,0.4624
1948-01-11,1948,R,,nba_0009,nba_0012,69,54,0.646,1.0,1,0.1253,0.437
1948-01-11,1948,R,,nba_0009,nba_0012,69,54,0.6195,1.0,1,0.1448,0.4788
1948-01-14,1948,R,,nba_0011,nba_0002,75,67,0.5665,1.0,1,0.1879,0.5683
1948-01-14,1948,R,,nba_0011,nba_0002,75,67,0.5333,1.0,1,0.2178,0.6288
1948-01-15,1948,R,,nba_0008,nba_0012,78,98,0.3964,0.0,1,0.1571,0.5048
1948-01-15,1948,R,,nba_0008,nba_0012,78,98,0.4049,0.0,1,0.1639,0.519
1948-01-15,1948,R,,nba_0009,nba_0005,55,59,0.6835,0.0,0,0.4672,1.1505
1948-01-15,1948,R,,nba_0009,nba_0005,55,59,0.6639,0.0,0,0.4407,1.0903
1948-01-16,1948,R,,nba_0001,nba_0002,75,61,0.4451,1.0,0,0.3079,0.8094
1948-01-16,1948,R,,nba_0001,nba_0002,75,61,0.52,1.0,1,0.2304,0.6539
1948-01-16,1948,R,,nba_0006,nba_0012,72,63,0.6098,1.0,1,0.1523,0.4947
1948-01-16,1948,R,,nba_0006,nba_0012,72,63,0.5513,1.0,1,0.2013,0.5955
1948-01-17,1948,R,,nba_0012,nba_0006,77,79,0.6477,0.0,0,0.4196,1.0434
1948-01-17,1948,R,,nba_0012,nba_0006,77,79,0.6982,0.0,0,0.4875,1.198
1948-01-17,1948,R,,nba_0011,nba_0005,78,62,0.7012,1.0,1,0.0893,0.3549
1948-01-17,1948,R,,nba_0011,nba_0005,78,62,0.6353,1.0,1,0.133,0.4537
1948-01-18,1948,R,,nba_0002,nba_0001,72,48,0.7723,1.0,1,0.0518,0.2584
1948-01-18,1948,R,,nba_0002,nba_0001,72,48,0.7183,1.0,1,0.0794,0.3309
1948-01-18,1948,R,,nba_0009,nba_0008,70,61,0.8463,1.0,1,0.0236,0.1669
1948-01-18,1948,R,,nba_0009,nba_0008,70,61,0.8277,1.0,1,0.0297,0.1891
1948-01-19,1948,R,,nba_0005,nba_0006,57,63,0.6226,0.0,0,0.3876,0.9744
1948-01-19,1948,R,,nba_0005,nba_0006,57,63,0.669,0.0,0,0.4476,1.1057
1948-01-20,1948,R,,nba_0006,nba_0009,82,59,0.5551,1.0,1,0.198,0.5886
1948-01-20,1948,R,,nba_0006,nba_0009,82,59,0.5234,1.0,1,0.2272,0.6475
1948-01-21,1948,R,,nba_0011,nba_0009,81,74,0.7111,1.0,1,0.0835,0.341
1948-01-21,1948,R,,nba_0011,nba_0009,81,74,0.6691,1.0,1,0.1095,0.4018
1948-01-22,1948,R,,nba_0012,nba_0009,68,71,0.6376,0.0,0,0.4066,1.0151
1948-01-22,1948,R,,nba_0012,nba_0009,68,71,0.6614,0.0,0,0.4374,1.0828
1948-01-22,1948,R,,nba_0002,nba_0008,50,56,0.8722,0.0,0,0.7607,2.0571
1948-01-22,1948,R,,nba_0002,nba_0008,50,56,0.8485,0.0,0,0.72,1.8873
1948-01-22,1948,R,,nba_0006,nba_0001,54,61,0.7005,0.0,0,0.4907,1.2056
1948-01-22,1948,R,,nba_0006,nba_0001,54,61,0.6293,0.0,0,0.396,0.9924
1948-01-23,1948,R,,nba_0001,nba_0005,58,74,0.5064,0.0,0,0.2564,0.706
1948-01-23,1948,R,,nba_0001,nba_0005,58,74,0.537,0.0,0,0.2884,0.7701
1948-01-24,1948,R,,nba_0005,nba_0012,58,72,0.612,0.0,0,0.3746,0.9468
1948-01-24,1948,R,,nba_0005,nba_0012,58,72,0.6083,0.0,0,0.3701,0.9373
1948-01-24,1948,R,,nba_0011,nba_0008,69,60,0.8736,1.0,1,0.016,0.1351
1948-01-24,1948,R,,nba_0011,nba_0008,69,60,0.833,1.0,1,0.0279,0.1827
1948-01-25,1948,R,,nba_0009,nba_0001,72,54,0.7609,1.0,1,0.0572,0.2733
1948-01-25,1948,R,,nba_0009,nba_0001,72,54,0.7239,1.0,1,0.0762,0.323
1948-01-27,1948,R,,nba_0001,nba_0006,68,77,0.4459,0.0,1,0.1988,0.5904
1948-01-27,1948,R,,nba_0001,nba_0006,68,77,0.5202,0.0,0,0.2706,0.7344
1948-01-27,1948,R,,nba_0008,nba_0009,61,94,0.3561,0.0,1,0.1268,0.4402
1948-01-27,1948,R,,nba_0008,nba_0009,61,94,0.3856,0.0,1,0.1487,0.4872
1948-01-27,1948,R,,nba_0002,nba_0012,78,74,0.7218,1.0,1,0.0774,0.326
1948-01-27,1948,R,,nba_0002,nba_0012,78,74,0.6894,1.0,1,0.0965,0.372
1948-01-28,1948,R,,nba_0005,nba_0008,75,73,0.8355,1.0,1,0.0271,0.1797
1948-01-28,1948,R,,nba_0005,nba_0008,75,73,0.8294,1.0,1,0.0291,0.187
1948-01-29,1948,R,,nba_0006,nba_0005,60,66,0.6806,0.0,0,0.4632,1.1413
1948-01-29,1948,R,,nba_0006,nba_0005,60,66,0.6393,0.0,0,0.4087,1.0196
1948-01-29,1948,R,,nba_0009,nba_0002,62,60,0.5996,1.0,1,0.1603,0.5115
1948-01-29,1948,R,,nba_0009,nba_0002,62,60,0.6159,1.0,1,0.1476,0.4847
1948-01-30,1948,R,,nba_0012,nba_0011,95,71,0.4738,1.0,0,0.2769,0.747
1948-01-30,1948,R,,nba_0012,nba_0011,95,71,0.543,1.0,1,0.2088,0.6106
1948-01-30,1948,R,,nba_0001,nba_0008,69,79,0.7534,0.0,0,0.5677,1.4002
1948-01-30,1948,R,,nba_0001,nba_0008,69,79,0.7625,0.0,0,0.5814,1.4375
1948-01-31,1948,R,,nba_0005,nba_0001,66,64,0.7646,1.0,1,0.0554,0.2684
1948-01-31,1948,R,,nba_0005,nba_0001,66,64,0.7473,1.0,1,0.0639,0.2913
1948-01-31,1948,R,,nba_0008,nba_0012,62,68,0.3582,0.0,1,0.1283,0.4435
1948-01-31,1948,R,,nba_0008,nba_0012,62,68,0.3678,0.0,1,0.1353,0.4585
1948-01-31,1948,R,,nba_0009,nba_0006,60,66,0.6782,0.0,0,0.46,1.1339
1948-01-31,1948,R,,nba_0009,nba_0006,60,66,0.7019,0.0,0,0.4927,1.2103
1948-01-31,1948,R,,nba_0011,nba_0002,54,48,0.5974,1.0,1,0.1621,0.5151
1948-01-31,1948,R,,nba_0011,nba_0002,54,48,0.5682,1.0,1,0.1864,0.5653
1948-02-01,1948,R,,nba_0002,nba_0006,78,85,0.6559,0.0,0,0.4302,1.0669
1948-02-01,1948,R,,nba_0002,nba_0006,78,85,0.6651,0.0,0,0.4423,1.0938
1948-02-03,1948,R,,nba_0008,nba_0005,62,78,0.3706,0.0,1,0.1374,0.463
1948-02-03,1948,R,,nba_0008,nba_0005,62,78,0.3807,0.0,1,0.1449,0.4791
1948-02-04,1948,R,,nba_0011,nba_0012,77,72,0.6694,1.0,1,0.1093,0.4014
1948-02-04,1948,R,,nba_0011,nba_0012,77,72,0.6102,1.0,1,0.152,0.494
1948-02-04,1948,R,,nba_0005,nba_0008,108,69,0.8319,1.0,1,0.0283,0.184
1948-02-04,1948,R,,nba_0005,nba_0008,108,69,0.8263,1.0,1,0.0302,0.1908
1948-02-05,1948,R,,nba_0012,nba_0008,100,74,0.8418,1.0,1,0.025,0.1722
1948-02-05,1948,R,,nba_0012,nba_0008,100,74,0.836,1.0,1,0.0269,0.1791
1948-02-05,1948,R,,nba_0006,nba_0011,60,72,0.6119,0.0,0,0.3744,0.9464
1948-02-05,1948,R,,nba_0006,nba_0011,60,72,0.628,0.0,0,0.3943,0.9888
1948-02-05,1948,R,,nba_0009,nba_0002,71,77,0.6476,0.0,0,0.4193,1.0429
1948-02-05,1948,R,,nba_0009,nba_0002,71,77,0.6629,0.0,0,0.4394,1.0874
1948-02-06,1948,R,,nba_0001,nba_0005,57,68,0.4857,0.0,1,0.2359,0.665
1948-02-06,1948,R,,nba_0001,nba_0005,57,68,0.5076,0.0,0,0.2577,0.7085
1948-02-07,1948,R,,nba_0008,nba_0011,64,86,0.2494,0.0,1,0.0622,0.2868
1948-02-07,1948,R,,nba_0008,nba_0011,64,86,0.3059,0.0,1,0.0936,0.3651
1948-02-07,1948,R,,nba_0009,nba_0006,67,54,0.633,1.0,1,0.1347,0.4574
1948-02-07,1948,R,,nba_0009,nba_0006,67,54,0.658,1.0,1,0.117,0.4185
1948-02-08,1948,R,,nba_0002,nba_0006,80,74,0.7085,1.0,1,0.085,0.3446
1948-02-08,1948,R,,nba_0002,nba_0006,80,74,0.7165,1.0,1,0.0803,0.3333
1948-02-08,1948,R,,nba_0005,nba_0001,80,68,0.7902,1.0,1,0.044,0.2354
1948-02-08,1948,R,,nba_0005,nba_0001,80,68,0.7765,1.0,1,0.0499,0.2529
1948-02-10,1948,R,,nba_0011,nba_0008,79,60,0.8951,1.0,1,0.011,0.1108
1948-02-10,1948,R,,nba_0011,nba_0008,79,60,0.8677,1.0,1,0.0175,0.1419
1948-02-11,1948,R,,nba_0002,nba_0009,78,80,0.6161,0.0,0,0.3796,0.9574
1948-02-11,1948,R,,nba_0002,nba_0009,78,80,0.6012,0.0,0,0.3615,0.9194
1948-02-11,1948,R,,nba_0005,nba_0008,86,63,0.8827,1.0,1,0.0138,0.1248
1948-02-11,1948,R,,nba_0005,nba_0008,86,63,0.881,1.0,1,0.0142,0.1267
1948-02-12,1948,R,,nba_0012,nba_0005,96,86,0.644,1.0,1,0.1267,0.44
1948-02-12,1948,R,,nba_0012,nba_0005,96,86,0.6415,1.0,1,0.1285,0.4439
1948-02-12,1948,R,,nba_0006,nba_0001,69,60,0.7698,1.0,1,0.053,0.2617
1948-02-12,1948,R,,nba_0006,nba_0001,69,60,0.7202,1.0,1,0.0783,0.3283
1948-02-12,1948,R,,nba_0009,nba_0002,74,80,0.6229,0.0,0,0.388,0.9752
1948-02-12,1948,R,,nba_0009,nba_0002,74,80,0.6371,0.0,0,0.4059,1.0136
1948-02-13,1948,R,,nba_0001,nba_0008,79,73,0.6984,1.0,1,0.0909,0.3589
1948-02-13,1948,R,,nba_0001,nba_0008,79,73,0.7098,1.0,1,0.0842,0.3427
1948-02-14,1948,R,,nba_0005,nba_0006,78,47,0.6462,1.0,1,0.1252,0.4366
1948-02-14,1948,R,,nba_0005,nba_0006,78,47,0.6858,1.0,1,0.0987,0.3772
1948-02-14,1948,R,,nba_0011,nba_0001,72,58,0.8695,1.0,1,0.017,0.1398
1948-02-14,1948,R,,nba_0011,nba_0001,72,58,0.8306,1.0,1,0.0287,0.1856
1948-02-15,1948,R,,nba_0002,nba_0008,79,85,0.8904,0.0,0,0.7929,2.2111
1948-02-15,1948,R,,nba_0002,nba_0008,79,85,0.8735,0.0,0,0.763,2.0677
1948-02-15,1948,R,,nba_0009,nba_0012,69,63,0.6226,1.0,1,0.1425,0.4739
1948-02-15,1948,R,,nba_0009,nba_0012,69,63,0.6045,1.0,1,0.1564,0.5033
1948-02-18,1948,R,,nba_0011,nba_0005,75,79,0.6879,0.0,0,0.4732,1.1644
1948-02-18,1948,R,,nba_0011,nba_0005,75,79,0.6383,0.0,0,0.4075,1.0171
1948-02-19,1948,R,,nba_0012,nba_0001,79,76,0.7767,1.0,1,0.0499,0.2527
1948-02-19,1948,R,,nba_0012,nba_0001,79,76,0.7634,1.0,1,0.056,0.27
1948-02-19,1948,R,,nba_0002,nba_0005,82,74,0.6457,1.0,1,0.1255,0.4374
1948-02-19,1948,R,,nba_0002,nba_0005,82,74,0.6147,1.0,1,0.1484,0.4866
1948-02-19,1948,R,,nba_0006,nba_0011,84,76,0.5385,1.0,1,0.213,0.6189
1948-02-19,1948,R,,nba_0006,nba_0011,84,76,0.5537,1.0,1,0.1992,0.5911
1948-02-19,1948,R,,nba_0009,nba_0008,78,69,0.8642,1.0,1,0.0184,0.1459
1948-02-19,1948,R,,nba_0009,nba_0008,78,69,0.8518,1.0,1,0.022,0.1604
1948-02-21,1948,R,,nba_0008,nba_0002,73,92,0.2818,0.0,1,0.0794,0.331
1948-02-21,1948,R,,nba_0008,nba_0002,73,92,0.3149,0.0,1,0.0992,0.3782
1948-02-21,1948,R,,nba_0011,nba_0012,85,72,0.6817,1.0,1,0.1013,0.3832
1948-02-21,1948,R,,nba_0011,nba_0012,85,72,0.6328,1.0,1,0.1349,0.4576
1948-02-22,1948,R,,nba_0001,nba_0002,77,97,0.4066,0.0,1,0.1653,0.5219
1948-02-22,1948,R,,nba_0001,nba_0002,77,97,0.4555,0.0,1,0.2075,0.6078
1948-02-22,1948,R,,nba_0009,nba_0005,80,71,0.6164,1.0,1,0.1472,0.4839
1948-02-22,1948,R,,nba_0009,nba_0005,80,71,0.6002,1.0,1,0.1599,0.5106
1948-02-24,1948,R,,nba_0006,nba_0012,83,71,0.6403,1.0,1,0.1294,0.4459
1948-02-24,1948,R,,nba_0006,nba_0012,83,71,0.605,1.0,1,0.156,0.5025
1948-02-25,1948,R,,nba_0011,nba_0002,66,73,0.6629,0.0,0,0.4395,1.0874
1948-02-25,1948,R,,nba_0011,nba_0002,66,73,0.6421,0.0,0,0.4123,1.0276
1948-02-26,1948,R,,nba_0012,nba_0011,97,70,0.5584,1.0,1,0.195,0.5826
1948-02-26,1948,R,,nba_0012,nba_0011,97,70,0.606,1.0,1,0.1552,0.5008
1948-02-26,1948,R,,nba_0006,nba_0002,89,80,0.5488,1.0,1,0.2036,0.6001
1948-02-26,1948,R,,nba_0006,nba_0002,89,80,0.5398,1.0,1,0.2118,0.6166
1948-02-26,1948,R,,nba_0009,nba_0001,94,92,0.8282,1.0,1,0.0295,0.1884
1948-02-26,1948,R,,nba_0009,nba_0001,94,92,0.8082,1.0,1,0.0368,0.2129
1948-02-27,1948,R,,nba_0002,nba_0001,69,83,0.8433,0.0,0,0.7112,1.8536
1948-02-27,1948,R,,nba_0002,nba_0001,69,83,0.8178,0.0,0,0.6687,1.7025
1948-02-28,1948,R,,nba_0005,nba_0012,56,78,0.6757,0.0,0,0.4566,1.1262
1948-02-28,1948,R,,nba_0005,nba_0012,56,78,0.6786,0.0,0,0.4604,1.1349
1948-02-28,1948,R,,nba_0008,nba_0006,82,83,0.3459,0.0,1,0.1197,0.4245
1948-02-28,1948,R,,nba_0008,nba_0006,82,83,0.3865,0.0,1,0.1494,0.4886
1948-02-28,1948,R,,nba_0009,nba_0011,82,61,0.6159,1.0,1,0.1475,0.4847
1948-02-28,1948,R,,nba_0009,nba_0011,82,61,0.6464,1.0,1,0.125,0.4363
1948-02-29,1948,R,,nba_0001,nba_0012,65,62,0.4037,1.0,0,0.3555,0.907
1948-02-29,1948,R,,nba_0001,nba_0012,65,62,0.4232,1.0,0,0.3327,0.86
1948-02-29,1948,R,,nba_0002,nba_0011,76,75,0.6491,1.0,1,0.1231,0.4322
1948-02-29,1948,R,,nba_0002,nba_0011,76,75,0.6662,1.0,1,0.1114,0.4062
1948-03-02,1948,R,,nba_0006,nba_0005,76,66,0.6295,1.0,1,0.1373,0.4628
1948-03-02,1948,R,,nba_0006,nba_0005,76,66,0.5951,1.0,1,0.164,0.5191
1948-03-04,1948,R,,nba_0012,nba_0009,84,75,0.5591,1.0,1,0.1944,0.5814
1948-03-04,1948,R,,nba_0012,nba_0009,84,75,0.5734,1.0,1,0.182,0.5561
1948-03-04,1948,R,,nba_0006,nba_0001,82,62,0.7575,1.0,1,0.0588,0.2778
1948-03-04,1948,R,,nba_0006,nba_0001,82,62,0.7173,1.0,1,0.0799,0.3323
1948-03-05,1948,R,,nba_0001,nba_0009,71,68,0.3705,1.0,0,0.3963,0.9929
1948-03-05,1948,R,,nba_0001,nba_0009,71,68,0.4008,1.0,0,0.3591,0.9144
1948-03-06,1948,R,,nba_0012,nba_0001,81,68,0.8165,1.0,1,0.0337,0.2028
1948-03-06,1948,R,,nba_0012,nba_0001,81,68,0.8057,1.0,1,0.0378,0.2161
1948-03-06,1948,R,,nba_0005,nba_0011,69,64,0.5293,1.0,1,0.2215,0.6362
1948-03-06,1948,R,,nba_0005,nba_0011,69,64,0.5745,1.0,1,0.181,0.5542
1948-03-07,1948,R,,nba_0002,nba_0008,89,81,0.8709,1.0,1,0.0167,0.1382
1948-03-07,1948,R,,nba_0002,nba_0008,89,81,0.8545,1.0,1,0.0212,0.1572
1948-03-09,1948,R,,nba_0006,nba_0002,79,93,0.6374,0.0,0,0.4063,1.0146
1948-03-09,1948,R,,nba_0006,nba_0002,79,93,0.6324,0.0,0,0.3999,1.0007
1948-03-09,1948,R,,nba_0008,nba_0009,69,75,0.2329,0.0,1,0.0543,0.2652
1948-03-09,1948,R,,nba_0008,nba_0009,69,75,0.2493,0.0,1,0.0622,0.2868
1948-03-10,1948,R,,nba_0005,nba_0009,73,82,0.6129,0.0,0,0.3756,0.9491
1948-03-10,1948,R,,nba_0005,nba_0009,73,82,0.6266,0.0,0,0.3927,0.9852
1948-03-10,1948,R,,nba_0011,nba_0002,54,71,0.6079,0.0,0,0.3695,0.9361
1948-03-10,1948,R,,nba_0011,nba_0002,54,71,0.5908,0.0,0,0.3491,0.8936
1948-03-11,1948,R,,nba_0012,nba_0002,86,83,0.6115,1.0,1,0.1509,0.4919
1948-03-11,1948,R,,nba_0012,nba_0002,86,83,0.6362,1.0,1,0.1323,0.4522
1948-03-11,1948,R,,nba_0006,nba_0009,92,74,0.5843,1.0,1,0.1728,0.5373
1948-03-11,1948,R,,nba_0006,nba_0009,92,74,0.5673,1.0,1,0.1873,0.5669
1948-03-13,1948,R,,nba_0012,nba_0006,64,62,0.6491,1.0,1,0.1232,0.4322
1948-03-13,1948,R,,nba_0012,nba_0006,64,62,0.6755,1.0,1,0.1053,0.3923
1948-03-13,1948,R,,nba_0002,nba_0005,58,51,0.7013,1.0,1,0.0892,0.3549
1948-03-13,1948,R,,nba_0002,nba_0005,58,51,0.6786,1.0,1,0.1033,0.3876
1948-03-13,1948,R,,nba_0008,nba_0001,64,86,0.4328,0.0,1,0.1874,0.5671
1948-03-13,1948,R,,nba_0008,nba_0001,64,86,0.4242,0.0,1,0.1799,0.552
1948-03-13,1948,R,,nba_0011,nba_0009,86,69,0.5911,1.0,1,0.1672,0.5258
1948-03-13,1948,R,,nba_0011,nba_0009,86,69,0.5629,1.0,1,0.191,0.5746
1948-03-16,1948,R,,nba_0001,nba_0011,62,76,0.4331,0.0,1,0.1876,0.5676
1948-03-16,1948,R,,nba_0001,nba_0011,62,76,0.4907,0.0,1,0.2408,0.6746
1948-03-16,1948,R,,nba_0008,nba_0006,78,100,0.2703,0.0,1,0.0731,0.3151
1948-03-16,1948,R,,nba_0008,nba_0006,78,100,0.3011,0.0,1,0.0907,0.3583
1948-03-17,1948,R,,nba_0011,nba_0008,82,67,0.8853,1.0,1,0.0132,0.1218
1948-03-17,1948,R,,nba_0011,nba_0008,82,67,0.8651,1.0,1,0.0182,0.1449
1948-03-18,1948,R,,nba_0002,nba_0001,72,77,0.8614,0.0,0,0.7421,1.9765
1948-03-18,1948,R,,nba_0002,nba_0001,72,77,0.8416,0.0,0,0.7083,1.8425
1948-03-18,1948,R,,nba_0006,nba_0008,88,57,0.8952,1.0,1,0.011,0.1107
1948-03-18,1948,R,,nba_0006,nba_0008,88,57,0.8816,1.0,1,0.014,0.1261
1948-03-18,1948,R,,nba_0009,nba_0005,80,91,0.6765,0.0,0,0.4577,1.1286
1948-03-18,1948,R,,nba_0009,nba_0005,80,91,0.6641,0.0,0,0.441,1.0908
1948-03-18,1948,R,,nba_0012,nba_0011,64,71,0.6891,0.0,0,0.4748,1.1682
1948-03-18,1948,R,,nba_0012,nba_0011,64,71,0.7202,0.0,0,0.5187,1.2737
1948-03-20,1948,R,,nba_0012,nba_0008,75,58,0.8951,1.0,1,0.011,0.1108
1948-03-20,1948,R,,nba_0012,nba_0008,75,58,0.8923,1.0,1,0.0116,0.1139
1948-03-20,1948,R,,nba_0009,nba_0002,75,63,0.5504,1.0,1,0.2021,0.5971
1948-03-20,1948,R,,nba_0009,nba_0002,75,63,0.5614,1.0,1,0.1924,0.5773
1948-03-20,1948,R,,nba_0011,nba_0005,103,82,0.6715,1.0,1,0.1079,0.3983
1948-03-20,1948,R,,nba_0011,nba_0005,103,82,0.6375,1.0,1,0.1314,0.4503
1948-03-21,1948,R,,nba_0002,nba_0009,70,82,0.6568,0.0,0,0.4314,1.0695
1948-03-21,1948,R,,nba_0002,nba_0009,70,82,0.6472,0.0,0,0.4189,1.0419
1948-03-23,1948,P,2.0,nba_0009,nba_0006,60,58,0.5917,1.0,1,0.1667,0.5247
1948-03-23,1948,P,2.0,nba_0009,nba_0006,60,58,0.604,1.0,1,0.1568,0.5041
1948-03-23,1948,P,0.5,nba_0002,nba_0011,74,70,0.5815,1.0,1,0.1751,0.5421
1948-03-23,1948,P,0.5,nba_0002,nba_0011,74,70,0.5927,1.0,1,0.1659,0.523
1948-03-25,1948,P,0.5,nba_0002,nba_0012,72,75,0.5834,0.0,0,0.3404,0.8757
1948-03-25,1948,P,0.5,nba_0002,nba_0012,72,75,0.5603,0.0,0,0.314,0.8217
1948-03-25,1948,P,2.0,nba_0009,nba_0006,64,65,0.6527,0.0,0,0.426,1.0576
1948-03-25,1948,P,2.0,nba_0009,nba_0006,64,65,0.6636,0.0,0,0.4404,1.0895
1948-03-27,1948,P,1.0,nba_0012,nba_0005,85,81,0.6527,1.0,1,0.1206,0.4266
1948-03-27,1948,P,1.0,nba_0012,nba_0005,85,81,0.653,1.0,1,0.1204,0.4262
1948-03-27,1948,P,2.0,nba_0006,nba_0009,84,56,0.6094,1.0,1,0.1525,0.4952
1948-03-27,1948,P,2.0,nba_0006,nba_0009,84,56,0.5981,1.0,1,0.1615,0.514
1948-03-28,1948,P,1.0,nba_0001,nba_0002,72,79,0.4519,0.0,1,0.2042,0.6012
1948-03-28,1948,P,1.0,nba_0001,nba_0002,72,79,0.4901,0.0,1,0.2402,0.6736
1948-03-28,1948,P,1.0,nba_0005,nba_0012,79,69,0.5214,1.0,1,0.2291,0.6512
1948-03-28,1948,P,1.0,nba_0005,nba_0012,79,69,0.5211,1.0,1,0.2293,0.6517
1948-03-30,1948,P,2.0,nba_0006,nba_0009,51,56,0.6521,0.0,0,0.4253,1.056
1948-03-30,1948,P,2.0,nba_0006,nba_0009,51,56,0.6422,0.0,0,0.4125,1.0279
1948-03-31,1948,P,1.0,nba_0001,nba_0002,81,77,0.384,1.0,0,0.3794,0.957
1948-03-31,1948,P,1.0,nba_0001,nba_0002,81,77,0.4185,1.0,0,0.3381,0.8711
1948-04-01,1948,P,1.0,nba_0012,nba_0005,84,77,0.6812,1.0,1,0.1017,0.3839
1948-04-01,1948,P,1.0,nba_0012,nba_0005,84,77,0.6814,1.0,1,0.1015,0.3836
1948-04-01,1948,P,2.0,nba_0009,nba_0006,69,62,0.6191,1.0,1,0.1451,0.4795
1948-04-01,1948,P,2.0,nba_0009,nba_0006,69,62,0.6289,1.0,1,0.1377,0.4637
1948-04-02,1948,P,1.0,nba_0001,nba_0002,74,81,0.4098,0.0,1,0.1679,0.5272
1948-04-02,1948,P,1.0,nba_0001,nba_0002,74,81,0.4438,0.0,1,0.197,0.5867
1948-04-03,1948,P,2.0,nba_0006,nba_0009,84,61,0.5948,1.0,1,0.1641,0.5195
1948-04-03,1948,P,2.0,nba_0006,nba_0009,84,61,0.5854,1.0,1,0.1719,0.5354
1948-04-06,1948,P,2.0,nba_0009,nba_0006,46,85,0.602,0.0,0,0.3623,0.9212
1948-04-06,1948,P,2.0,nba_0009,nba_0006,46,85,0.6105,0.0,0,0.3728,0.943
1948-04-07,1948,P,2.0,nba_0002,nba_0012,67,73,0.5877,0.0,0,0.3454,0.8861
1948-04-07,1948,P,2.0,nba_0002,nba_0012,67,73,0.5686,0.0,0,0.3233,0.8408
1948-04-08,1948,P,2.0,nba_0012,nba_0002,89,72,0.6597,1.0,1,0.1158,0.4159
1948-04-08,1948,P,2.0,nba_0012,nba_0002,89,72,0.6758,1.0,1,0.1051,0.3919
1948-04-10,1948,P,3.0,nba_0006,nba_0012,71,60,0.6557,1.0,1,0.1185,0.4221
1948-04-10,1948,P,3.0,nba_0006,nba_0012,71,60,0.6364,1.0,1,0.1322,0.4519
1948-04-13,1948,P,3.0,nba_0006,nba_0012,63,66,0.6403,0.0,0,0.4099,1.0224
1948-04-13,1948,P,3.0,nba_0006,nba_0012,63,66,0.6218,0.0,0,0.3866,0.9724
1948-04-15,1948,P,3.0,nba_0012,nba_0006,72,70,0.6299,1.0,1,0.137,0.4622
1948-04-15,1948,P,3.0,nba_0012,nba_0006,72,70,0.6476,1.0,1,0.1242,0.4345
1948-04-17,1948,P,3.0,nba_0012,nba_0006,78,75,0.6473,1.0,1,0.1244,0.4349
1948-04-17,1948,P,3.0,nba_0012,nba_0006,78,75,0.6637,1.0,1,0.1131,0.41
1948-04-20,1948,P,3.0,nba_0006,nba_0012,91,82,0.5703,1.0,1,0.1847,0.5617
1948-04-20,1948,P,3.0,nba_0006,nba_0012,91,82,0.5535,1.0,1,0.1994,0.5915
1948-04-21,1948,P,3.0,nba_0012,nba_0006,88,73,0.6353,1.0,1,0.133,0.4537
1948-04-21,1948,P,3.0,nba_0012,nba_0006,88,73,0.65,1.0,1,0.1225,0.4307
1948-11-01,1949,R,,nba_0014,nba_0009,84,80,0.5756,1.0,1,0.1802,0.5524
1948-11-01,1949,R,,nba_0014,nba_0009,84,80,0.6186,1.0,1,0.1455,0.4803
1948-11-03,1949,R,,nba_0013,nba_0005,76,80,0.5837,0.0,0,0.3407,0.8763
1948-11-03,1949,R,,nba_0013,nba_0005,76,80,0.6186,0.0,0,0.3826,0.9639
1948-11-03,1949,R,,nba_0011,nba_0006,77,70,0.6109,1.0,1,0.1514,0.4929
1948-11-03,1949,R,,nba_0011,nba_0006,77,70,0.6186,1.0,1,0.1455,0.4803
1948-11-04,1949,R,,nba_0012,nba_0015,72,84,0.7257,0.0,0,0.5266,1.2934
1948-11-04,1949,R,,nba_0012,nba_0015,72,84,0.6186,0.0,0,0.3826,0.9639
1948-11-04,1949,R,,nba_0006,nba_0001,94,73,0.6992,1.0,1,0.0905,0.3578
1948-11-04,1949,R,,nba_0006,nba_0001,94,73,0.5627,1.0,1,0.1912,0.5749
1948-11-04,1949,R,,nba_0008,nba_0011,95,99,0.4002,0.0,1,0.1602,0.5112
1948-11-04,1949,R,,nba_0008,nba_0011,95,99,0.6504,0.0,0,0.423,1.0509
1948-11-05,1949,R,,nba_0014,nba_0005,71,87,0.6238,0.0,0,0.3892,0.9777
1948-11-05,1949,R,,nba_0014,nba_0005,71,87,0.6555,0.0,0,0.4296,1.0656
1948-11-06,1949,R,,nba_0009,nba_0013,65,55,0.7033,1.0,1,0.088,0.352
1948-11-06,1949,R,,nba_0009,nba_0013,65,55,0.6665,1.0,1,0.1112,0.4057
1948-11-06,1949,R,,nba_0011,nba_0015,67,62,0.6882,1.0,1,0.0972,0.3737
1948-11-06,1949,R,,nba_0011,nba_0015,67,62,0.6217,1.0,1,0.1431,0.4753
1948-11-06,1949,R,,nba_0016,nba_0014,69,58,0.6747,1.0,1,0.1058,0.3934
1948-11-06,1949,R,,nba_0016,nba_0014,69,58,0.6771,1.0,1,0.1043,0.3899
1948-11-06,1949,R,,nba_0008,nba_0006,56,69,0.3515,0.0,1,0.1235,0.433
1948-11-06,1949,R,,nba_0008,nba_0006,56,69,0.5952,0.0,0,0.3542,0.9043
1948-11-06,1949,R,,nba_0002,nba_0012,82,69,0.6306,1.0,1,0.1365,0.4611
1948-11-06,1949,R,,nba_0002,nba_0012,82,69,0.6817,1.0,1,0.1013,0.3831
1948-11-07,1949,R,,nba_0001,nba_0006,85,77,0.4917,1.0,0,0.2584,0.7099
1948-11-07,1949,R,,nba_0001,nba_0006,85,77,0.6113,1.0,1,0.1511,0.4921
1948-11-07,1949,R,,nba_0013,nba_0012,77,78,0.5136,0.0,0,0.2637,0.7206
1948-11-07,1949,R,,nba_0013,nba_0012,77,78,0.6262,0.0,0,0.3921,0.984
1948-11-09,1949,R,,nba_0001,nba_0015,77,55,0.5244,1.0,1,0.2262,0.6454
1948-11-09,1949,R,,nba_0001,nba_0015,77,55,0.5751,1.0,1,0.1806,0.5533
1948-11-09,1949,R,,nba_0014,nba_0012,64,65,0.5245,0.0,0,0.2751,0.7434
1948-11-09,1949,R,,nba_0014,nba_0012,64,65,0.6339,0.0,0,0.4019,1.0049
1948-11-09,1949,R,,nba_0006,nba_0008,92,84,0.821,1.0,1,0.032,0.1972
1948-11-09,1949,R,,nba_0006,nba_0008,92,84,0.6514,1.0,1,0.1215,0.4287
1948-11-09,1949,R,,nba_0009,nba_0005,60,56,0.5642,1.0,1,0.1899,0.5723
1948-11-09,1949,R,,nba_0009,nba_0005,60,56,0.5553,1.0,1,0.1978,0.5882
1948-11-10,1949,R,,nba_0011,nba_0016,73,66,0.7069,1.0,1,0.0859,0.3469
1948-11-10,1949,R,,nba_0011,nba_0016,73,66,0.6423,1.0,1,0.1279,0.4427
1948-11-11,1949,R,,nba_0005,nba_0015,68,77,0.6835,0.0,0,0.4672,1.1505
1948-11-11,1949,R,,nba_0005,nba_0015,68,77,0.6562,0.0,0,0.4306,1.0678
1948-11-11,1949,R,,nba_0006,nba_0016,75,83,0.7193,0.0,0,0.5173,1.2703
1948-11-11,1949,R,,nba_0006,nba_0016,75,83,0.6674,0.0,0,0.4455,1.1009
1948-11-11,1949,R,,nba_0008,nba_0013,90,87,0.4122,1.0,0,0.3455,0.8862
1948-11-11,1949,R,,nba_0008,nba_0013,90,87,0.5658,1.0,1,0.1885,0.5694
1948-11-11,1949,R,,nba_0012,nba_0011,68,70,0.6239,0.0,0,0.3892,0.9778
1948-11-11,1949,R,,nba_0012,nba_0011,68,70,0.5847,0.0,0,0.3419,0.8787
1948-11-12,1949,R,,nba_0001,nba_0013,84,75,0.6738,1.0,1,0.1064,0.3948
1948-11-12,1949,R,,nba_0001,nba_0013,84,75,0.7146,1.0,1,0.0815,0.3361
1948-11-13,1949,R,,nba_0009,nba_0006,76,75,0.6451,1.0,1,0.126,0.4384
1948-11-13,1949,R,,nba_0009,nba_0006,76,75,0.6635,1.0,1,0.1132,0.4102
1948-11-13,1949,R,,nba_0011,nba_0013,80,71,0.7928,1.0,1,0.0429,0.2322
1948-11-13,1949,R,,nba_0011,nba_0013,80,71,0.7421,1.0,1,0.0665,0.2983
1948-11-13,1949,R,,nba_0016,nba_0001,95,63,0.6826,1.0,1,0.1007,0.3818
1948-11-13,1949,R,,nba_0016,nba_0001,95,63,0.6409,1.0,1,0.1289,0.4448
1948-11-13,1949,R,,nba_0008,nba_0015,67,90,0.4194,0.0,1,0.1759,0.5437
1948-11-13,1949,R,,nba_0008,nba_0015,67,90,0.5682,0.0,0,0.3229,0.8398
1948-11-13,1949,R,,nba_0005,nba_0012,91,87,0.5763,1.0,1,0.1796,0.5512
1948-11-13,1949,R,,nba_0005,nba_0012,91,87,0.6504,1.0,1,0.1222,0.4301
1948-11-13,1949,R,,nba_0002,nba_0014,79,72,0.7552,1.0,1,0.0599,0.2808
1948-11-13,1949,R,,nba_0002,nba_0014,79,72,0.7084,1.0,1,0.0851,0.3448
1948-11-14,1949,R,,nba_0013,nba_0014,79,73,0.599,1.0,1,0.1608,0.5124
1948-11-14,1949,R,,nba_0013,nba_0014,79,73,0.6027,1.0,1,0.1579,0.5064
1948-11-14,1949,R,,nba_0016,nba_0015,92,75,0.6261,1.0,1,0.1398,0.4682
1948-11-14,1949,R,,nba_0016,nba_0015,92,75,0.6204,1.0,1,0.1441,0.4774
1948-11-16,1949,R,,nba_0014,nba_0006,82,90,0.4766,0.0,1,0.2271,0.6474
1948-11-16,1949,R,,nba_0014,nba_0006,82,90,0.5318,0.0,0,0.2828,0.7589
1948-11-16,1949,R,,nba_0016,nba_0005,75,63,0.6016,1.0,1,0.1587,0.5082
1948-11-16,1949,R,,nba_0016,nba_0005,75,63,0.6344,1.0,1,0.1337,0.4551
1948-11-16,1949,R,,nba_0009,nba_0001,79,74,0.7101,1.0,1,0.084,0.3424
1948-11-16,1949,R,,nba_0009,nba_0001,79,74,0.6375,1.0,1,0.1314,0.4502
1948-11-17,1949,R,,nba_0013,nba_0006,80,72,0.5338,1.0,1,0.2174,0.6278
1948-11-17,1949,R,,nba_0013,nba_0006,80,72,0.5896,1.0,1,0.1684,0.5282
1948-11-17,1949,R,,nba_0005,nba_0011,62,73,0.4757,0.0,1,0.2262,0.6456
1948-11-17,1949,R,,nba_0005,nba_0011,62,73,0.5132,0.0,0,0.2634,0.7199
1948-11-17,1949,R,,nba_0015,nba_0001,72,74,0.7183,0.0,0,0.5159,1.2668
1948-11-17,1949,R,,nba_0015,nba_0001,72,74,0.691,0.0,0,0.4775,1.1745
1948-11-18,1949,R,,nba_0012,nba_0005,55,67,0.7076,0.0,0,0.5006,1.2295
1948-11-18,1949,R,,nba_0012,nba_0005,55,67,0.6422,0.0,0,0.4125,1.0279
1948-11-18,1949,R,,nba_0006,nba_0014,83,71,0.7181,1.0,1,0.0795,0.3311
1948-11-18,1949,R,,nba_0006,nba_0014,83,71,0.6761,1.0,1,0.1049,0.3914
1948-11-18,1949,R,,nba_0008,nba_0016,74,103,0.3893,0.0,1,0.1516,0.4932
1948-11-18,1949,R,,nba_0008,nba_0016,74,103,0.5268,0.0,0,0.2776,0.7483
1948-11-19,1949,R,,nba_0012,nba_0009,72,82,0.5578,0.0,0,0.3111,0.8159
1948-11-19,1949,R,,nba_0012,nba_0009,72,82,0.4908,0.0,1,0.2409,0.675
1948-11-19,1949,R,,nba_0001,nba_0014,75,70,0.6823,1.0,1,0.101,0.3823
1948-11-19,1949,R,,nba_0001,nba_0014,75,70,0.723,1.0,1,0.0767,0.3243
1948-11-19,1949,R,,nba_0002,nba_0015,81,85,0.7289,0.0,0,0.5312,1.3051
1948-11-19,1949,R,,nba_0002,nba_0015,81,85,0.6707,0.0,0,0.4498,1.1107
1948-11-20,1949,R,,nba_0005,nba_0006,91,86,0.5934,1.0,1,0.1653,0.5219
1948-11-20,1949,R,,nba_0005,nba_0006,91,86,0.6128,1.0,1,0.1499,0.4897
1948-11-20,1949,R,,nba_0008,nba_0014,107,110,0.5083,0.0,0,0.2583,0.7098
1948-11-20,1949,R,,nba_0008,nba_0014,107,110,0.643,0.0,0,0.4135,1.0301
1948-11-20,1949,R,,nba_0009,nba_0012,64,85,0.6691,0.0,0,0.4477,1.1059
1948-11-20,1949,R,,nba_0009,nba_0012,64,85,0.721,0.0,0,0.5198,1.2765
1948-11-20,1949,R,,nba_0011,nba_0001,90,75,0.7999,1.0,1,0.04,0.2233
1948-11-20,1949,R,,nba_0011,nba_0001,90,75,0.7236,1.0,1,0.0764,0.3236
1948-11-21,1949,R,,nba_0013,nba_0002,69,70,0.5605,0.0,0,0.3141,0.8221
1948-11-21,1949,R,,nba_0013,nba_0002,69,70,0.6168,0.0,0,0.3804,0.9591
1948-11-21,1949,R,,nba_0015,nba_0012,94,81,0.6004,1.0,1,0.1597,0.5101
1948-11-21,1949,R,,nba_0015,nba_0012,94,81,0.6987,1.0,1,0.0908,0.3586
1948-11-21,1949,R,,nba_0016,nba_0011,77,80,0.5968,0.0,0,0.3561,0.9082
1948-11-21,1949,R,,nba_0016,nba_0011,77,80,0.6645,0.0,0,0.4416,1.0922
1948-11-23,1949,R,,nba_0016,nba_0012,108,90,0.6475,1.0,1,0.1242,0.4346
1948-11-23,1949,R,,nba_0016,nba_0012,108,90,0.7363,1.0,1,0.0696,0.3062
1948-11-23,1949,R,,nba_0006,nba_0013,80,90,0.7381,0.0,0,0.5448,1.3398
1948-11-23,1949,R,,nba_0006,nba_0013,80,90,0.6971,0.0,0,0.4859,1.1942
1948-11-23,1949,R,,nba_0001,nba_0011,68,71,0.4363,0.0,1,0.1904,0.5733
1948-11-23,1949,R,,nba_0001,nba_0011,68,71,0.5328,0.0,0,0.2839,0.761
1948-11-23,1949,R,,nba_0014,nba_0015,82,88,0.5301,0.0,0,0.281,0.7552
1948-11-23,1949,R,,nba_0014,nba_0015,82,88,0.5233,0.0,0,0.2738,0.7408
1948-11-24,1949,R,,nba_0015,nba_0008,117,89,0.809,1.0,1,0.0365,0.212
1948-11-24,1949,R,,nba_0015,nba_0008,117,89,0.7204,1.0,1,0.0782,0.328
1948-11-25,1949,R,,nba_0012,nba_0013,69,64,0.6735,1.0,1,0.1066,0.3953
1948-11-25,1949,R,,nba_0012,nba_0013,69,64,0.5916,1.0,1,0.1668,0.5249
1948-11-25,1949,R,,nba_0014,nba_0001,81,66,0.5701,1.0,1,0.1848,0.5619
1948-11-25,1949,R,,nba_0014,nba_0001,81,66,0.5345,1.0,1,0.2166,0.6263
1948-11-25,1949,R,,nba_0006,nba_0011,73,81,0.4766,0.0,1,0.2271,0.6474
1948-11-25,1949,R,,nba_0006,nba_0011,73,81,0.4815,0.0,1,0.2319,0.6568
1948-11-25,1949,R,,nba_0009,nba_0008,84,82,0.8665,1.0,1,0.0178,0.1433
1948-11-25,1949,R,,nba_0009,nba_0008,84,82,0.7706,1.0,1,0.0526,0.2606
1948-11-27,1949,R,,nba_0016,nba_0002,105,103,0.5923,1.0,1,0.1662,0.5238
1948-11-27,1949,R,,nba_0016,nba_0002,105,103,0.6504,1.0,1,0.1222,0.4301
1948-11-27,1949,R,,nba_0011,nba_0014,94,76,0.8288,1.0,1,0.0293,0.1877
1948-11-27,1949,R,,nba_0011,nba_0014,94,76,0.7944,1.0,1,0.0423,0.2302
1948-11-27,1949,R,,nba_0009,nba_0015,71,87,0.5955,0.0,0,0.3546,0.9052
1948-11-27,1949,R,,nba_0009,nba_0015,71,87,0.5478,0.0,0,0.3001,0.7937
1948-11-27,1949,R,,nba_0008,nba_0012,71,91,0.3385,0.0,1,0.1146,0.4133
1948-11-27,1949,R,,nba_0008,nba_0012,71,91,0.5433,0.0,0,0.2952,0.7838
1948-11-27,1949,R,,nba_0005,nba_0013,80,70,0.7403,1.0,1,0.0674,0.3007
1948-11-27,1949,R,,nba_0005,nba_0013,80,70,0.7181,1.0,1,0.0795,0.3311
1948-11-28,1949,R,,nba_0013,nba_0001,80,74,0.5884,1.0,1,0.1694,0.5304
1948-11-28,1949,R,,nba_0013,nba_0001,80,74,0.5497,1.0,1,0.2028,0.5985
1948-11-28,1949,R,,nba_0015,nba_0006,88,67,0.6294,1.0,1,0.1373,0.4629
1948-11-28,1949,R,,nba_0015,nba_0006,88,67,0.6832,1.0,1,0.1004,0.381
1948-11-30,1949,R,,nba_0001,nba_0015,84,94,0.4496,0.0,1,0.2021,0.5971
1948-11-30,1949,R,,nba_0001,nba_0015,84,94,0.4775,0.0,1,0.228,0.6492
1948-11-30,1949,R,,nba_0002,nba_0006,74,68,0.6922,1.0,1,0.0948,0.3679
1948-11-30,1949,R,,nba_0002,nba_0006,74,68,0.6864,1.0,1,0.0983,0.3762
1948-11-30,1949,R,,nba_0014,nba_0013,62,77,0.5939,0.0,0,0.3527,0.9012
1948-11-30,1949,R,,nba_0014,nba_0013,62,77,0.5969,0.0,0,0.3563,0.9085
1948-11-30,1949,R,,nba_0008,nba_0005,61,88,0.3037,0.0,1,0.0922,0.362
1948-11-30,1949,R,,nba_0008,nba_0005,61,88,0.4367,0.0,1,0.1907,0.5739
1948-12-01,1949,R,,nba_0005,nba_0016,72,73,0.5534,0.0,0,0.3063,0.8062
1948-12-01,1949,R,,nba_0005,nba_0016,72,73,0.5257,0.0,0,0.2763,0.7458
1948-12-01,1949,R,,nba_0013,nba_0015,84,74,0.4965,1.0,0,0.2535,0.7002
1948-12-01,1949,R,,nba_0013,nba_0015,84,74,0.4862,1.0,0,0.264,0.7211
1948-12-01,1949,R,,nba_0011,nba_0008,75,63,0.9299,1.0,1,0.0049,0.0726
1948-12-01,1949,R,,nba_0011,nba_0008,75,63,0.8753,1.0,1,0.0155,0.1331
1948-12-01,1949,R,,nba_0009,nba_0002,72,61,0.6207,1.0,1,0.1439,0.477
1948-12-01,1949,R,,nba_0009,nba_0002,72,61,0.6391,1.0,1,0.1303,0.4478
1948-12-02,1949,R,,nba_0012,nba_0014,90,78,0.7868,1.0,1,0.0454,0.2397
1948-12-02,1949,R,,nba_0012,nba_0014,90,78,0.7314,1.0,1,0.0721,0.3128
1948-12-02,1949,R,,nba_0008,nba_0011,61,66,0.1899,0.0,1,0.0361,0.2106
1948-12-02,1949,R,,nba_0008,nba_0011,61,66,0.3039,0.0,1,0.0924,0.3623
1948-12-02,1949,R,,nba_0006,nba_0001,87,88,0.6953,0.0,0,0.4835,1.1886
1948-12-02,1949,R,,nba_0006,nba_0001,87,88,0.6228,0.0,0,0.3879,0.9749
1948-12-04,1949,R,,nba_0002,nba_0015,104,100,0.5844,1.0,1,0.1727,0.5372
1948-12-04,1949,R,,nba_0002,nba_0015,104,100,0.5246,1.0,1,0.226,0.6452
1948-12-04,1949,R,,nba_0005,nba_0014,66,63,0.7869,1.0,1,0.0454,0.2396
1948-12-04,1949,R,,nba_0005,nba_0014,66,63,0.7733,1.0,1,0.0514,0.2571
1948-12-04,1949,R,,nba_0008,nba_0001,63,70,0.4126,0.0,1,0.1702,0.532
1948-12-04,1949,R,,nba_0008,nba_0001,63,70,0.4802,0.0,1,0.2306,0.6543
1948-12-04,1949,R,,nba_0016,nba_0006,105,101,0.7459,1.0,1,0.0646,0.2932
1948-12-04,1949,R,,nba_0016,nba_0006,105,101,0.7827,1.0,1,0.0472,0.2451
1948-12-04,1949,R,,nba_0009,nba_0013,76,62,0.6551,1.0,1,0.1189,0.4229
1948-12-04,1949,R,,nba_0009,nba_0013,76,62,0.6256,1.0,1,0.1402,0.469
1948-12-04,1949,R,,nba_0011,nba_0012,83,82,0.7465,1.0,1,0.0643,0.2923
1948-12-04,1949,R,,nba_0011,nba_0012,83,82,0.7652,1.0,1,0.0551,0.2677
1948-12-05,1949,R,,nba_0013,nba_0002,79,88,0.5415,0.0,0,0.2932,0.7798
1948-12-05,1949,R,,nba_0013,nba_0002,79,88,0.589,0.0,0,0.347,0.8892
1948-12-05,1949,R,,nba_0015,nba_0009,78,68,0.6469,1.0,1,0.1247,0.4355
1948-12-05,1949,R,,nba_0015,nba_0009,78,68,0.6821,1.0,1,0.101,0.3825
1948-12-06,1949,R,,nba_0001,nba_0016,79,87,0.442,0.0,1,0.1954,0.5834
1948-12-06,1949,R,,nba_0001,nba_0016,79,87,0.4731,0.0,1,0.2238,0.6408
1948-12-07,1949,R,,nba_0014,nba_0011,94,78,0.3006,1.0,0,0.4892,1.2021
1948-12-07,1949,R,,nba_0014,nba_0011,94,78,0.3409,1.0,0,0.4344,1.0761
1948-12-07,1949,R,,nba_0016,nba_0008,89,90,0.8798,0.0,0,0.7741,2.1186
1948-12-07,1949,R,,nba_0016,nba_0008,89,90,0.8339,0.0,0,0.6954,1.7952
1948-12-08,1949,R,,nba_0006,nba_0012,78,83,0.5464,0.0,0,0.2985,0.7905
1948-12-08,1949,R,,nba_0006,nba_0012,78,83,0.5736,0.0,0,0.3291,0.8524
1948-12-08,1949,R,,nba_0005,nba_0008,83,74,0.8888,1.0,1,0.0124,0.1179
1948-12-08,1949,R,,nba_0005,nba_0008,83,74,0.8315,1.0,1,0.0284,0.1845
1948-12-08,1949,R,,nba_0013,nba_0009,70,60,0.5498,1.0,1,0.2027,0.5982
1948-12-08,1949,R,,nba_0013,nba_0009,70,60,0.5752,1.0,1,0.1804,0.553
1948-12-08,1949,R,,nba_0015,nba_0011,83,94,0.5768,0.0,0,0.3327,0.8599
1948-12-08,1949,R,,nba_0015,nba_0011,83,94,0.6276,0.0,0,0.3938,0.9877
1948-12-09,1949,R,,nba_0012,nba_0006,92,91,0.7093,1.0,1,0.0845,0.3435
1948-12-09,1949,R,,nba_0012,nba_0006,92,91,0.6876,1.0,1,0.0976,0.3746
1948-12-09,1949,R,,nba_0008,nba_0005,63,74,0.2791,0.0,1,0.0779,0.3272
1948-12-09,1949,R,,nba_0008,nba_0005,63,74,0.3823,0.0,1,0.1461,0.4817
1948-12-10,1949,R,,nba_0002,nba_0013,78,70,0.7431,1.0,1,0.066,0.2969
1948-12-10,1949,R,,nba_0002,nba_0013,78,70,0.7083,1.0,1,0.0851,0.3449
1948-12-10,1949,R,,nba_0016,nba_0015,75,96,0.6716,0.0,0,0.4511,1.1136
1948-12-10,1949,R,,nba_0016,nba_0015,75,96,0.6735,0.0,0,0.4536,1.1193
1948-12-10,1949,R,,nba_0009,nba_0011,88,83,0.4435,1.0,0,0.3097,0.813
1948-12-10,1949,R,,nba_0009,nba_0011,88,83,0.458,1.0,0,0.2937,0.7808
1948-12-11,1949,R,,nba_0005,nba_0012,72,71,0.6275,1.0,1,0.1387,0.466
1948-12-11,1949,R,,nba_0005,nba_0012,72,71,0.6779,1.0,1,0.1038,0.3888
1948-12-11,1949,R,,nba_0011,nba_0009,87,63,0.7498,1.0,1,0.0626,0.2879
1948-12-11,1949,R,,nba_0011,nba_0009,87,63,0.739,1.0,1,0.0681,0.3025
1948-12-12,1949,R,,nba_0013,nba_0005,78,89,0.5344,0.0,0,0.2856,0.7644
1948-12-12,1949,R,,nba_0013,nba_0005,78,89,0.5442,0.0,0,0.2962,0.7857
1948-12-12,1949,R,,nba_0015,nba_0016,67,58,0.6436,1.0,1,0.127,0.4407
1948-12-12,1949,R,,nba_0015,nba_0016,67,58,0.6417,1.0,1,0.1284,0.4436
1948-12-13,1949,R,,nba_0012,nba_0002,70,75,0.5692,0.0,0,0.3239,0.842
1948-12-13,1949,R,,nba_0012,nba_0002,70,75,0.5476,0.0,0,0.2999,0.7932
1948-12-13,1949,R,,nba_0001,nba_0009,83,79,0.5605,1.0,1,0.1932,0.579
1948-12-13,1949,R,,nba_0001,nba_0009,83,79,0.6239,1.0,1,0.1415,0.4718
1948-12-13,1949,R,,nba_0014,nba_0005,74,80,0.4638,0.0,1,0.2151,0.6233
1948-12-13,1949,R,,nba_0014,nba_0005,74,80,0.4775,0.0,1,0.228,0.6492
1948-12-14,1949,R,,nba_0012,nba_0014,88,75,0.7535,1.0,1,0.0608,0.283
1948-12-14,1949,R,,nba_0012,nba_0014,88,75,0.701,1.0,1,0.0894,0.3552
1948-12-14,1949,R,,nba_0002,nba_0016,78,85,0.6323,0.0,0,0.3998,1.0004
1948-12-14,1949,R,,nba_0002,nba_0016,78,85,0.5804,0.0,0,0.3368,0.8684
1948-12-14,1949,R,,nba_0006,nba_0009,74,61,0.605,1.0,1,0.156,0.5025
1948-12-14,1949,R,,nba_0006,nba_0009,74,61,0.5893,1.0,1,0.1687,0.5288
1948-12-15,1949,R,,nba_0011,nba_0006,92,81,0.8314,1.0,1,0.0284,0.1847
1948-12-15,1949,R,,nba_0011,nba_0006,92,81,0.8324,1.0,1,0.0281,0.1834
1948-12-15,1949,R,,nba_0015,nba_0014,79,61,0.8341,1.0,1,0.0275,0.1814
1948-12-15,1949,R,,nba_0015,nba_0014,79,61,0.839,1.0,1,0.0259,0.1756
1948-12-16,1949,R,,nba_0012,nba_0009,82,85,0.6674,0.0,0,0.4455,1.1009
1948-12-16,1949,R,,nba_0012,nba_0009,82,85,0.6341,0.0,0,0.4021,1.0055
1948-12-16,1949,R,,nba_0008,nba_0013,61,76,0.4131,0.0,1,0.1707,0.533
1948-12-16,1949,R,,nba_0008,nba_0013,61,76,0.5139,0.0,0,0.2641,0.7213
1948-12-17,1949,R,,nba_0001,nba_0012,63,74,0.5536,0.0,0,0.3064,0.8064
1948-12-17,1949,R,,nba_0001,nba_0012,63,74,0.6494,0.0,0,0.4217,1.0481
1948-12-17,1949,R,,nba_0014,nba_0002,67,71,0.3871,0.0,1,0.1498,0.4895
1948-12-17,1949,R,,nba_0014,nba_0002,67,71,0.4282,0.0,1,0.1834,0.559
1948-12-17,1949,R,,nba_0006,nba_0005,87,78,0.4257,1.0,0,0.3298,0.8539
1948-12-17,1949,R,,nba_0006,nba_0005,87,78,0.3967,1.0,0,0.3639,0.9245
1948-12-18,1949,R,,nba_0005,nba_0009,88,79,0.6727,1.0,1,0.1071,0.3964
1948-12-18,1949,R,,nba_0005,nba_0009,88,79,0.6853,1.0,1,0.0991,0.378
1948-12-18,1949,R,,nba_0008,nba_0006,90,94,0.3556,0.0,1,0.1264,0.4394
1948-12-18,1949,R,,nba_0008,nba_0006,90,94,0.4865,0.0,1,0.2367,0.6665
1948-12-18,1949,R,,nba_0016,nba_0013,84,64,0.7537,1.0,1,0.0607,0.2827
1948-12-18,1949,R,,nba_0016,nba_0013,84,64,0.7589,1.0,1,0.0581,0.2759
1948-12-18,1949,R,,nba_0011,nba_0001,69,60,0.8647,1.0,1,0.0183,0.1453
1948-12-18,1949,R,,nba_0011,nba_0001,69,60,0.8266,1.0,1,0.0301,0.1905
1948-12-19,1949,R,,nba_0001,nba_0005,77,75,0.4206,1.0,0,0.3357,0.866
1948-12-19,1949,R,,nba_0001,nba_0005,77,75,0.465,1.0,0,0.2862,0.7657
1948-12-19,1949,R,,nba_0013,nba_0016,78,83,0.4872,0.0,1,0.2373,0.6678
1948-12-19,1949,R,,nba_0013,nba_0016,78,83,0.4806,0.0,1,0.231,0.6551
1948-12-19,1949,R,,nba_0015,nba_0002,94,84,0.6857,1.0,1,0.0988,0.3773
1948-12-19,1949,R,,nba_0015,nba_0002,94,84,0.727,1.0,1,0.0745,0.3188
1948-12-21,1949,R,,nba_0014,nba_0016,71,84,0.4258,0.0,1,0.1813,0.5548
1948-12-21,1949,R,,nba_0014,nba_0016,71,84,0.4162,0.0,1,0.1732,0.5382
1948-12-21,1949,R,,nba_0006,nba_0015,72,64,0.4999,1.0,0,0.2501,0.6933
1948-12-21,1949,R,,nba_0006,nba_0015,72,64,0.4564,1.0,0,0.2955,0.7843
1948-12-22,1949,R,,nba_0005,nba_0015,97,79,0.6405,1.0,1,0.1292,0.4455
1948-12-22,1949,R,,nba_0005,nba_0015,97,79,0.6245,1.0,1,0.141,0.4709
1948-12-22,1949,R,,nba_0011,nba_0008,102,77,0.9309,1.0,1,0.0048,0.0716
1948-12-22,1949,R,,nba_0011,nba_0008,102,77,0.8893,1.0,1,0.0123,0.1174
1948-12-23,1949,R,,nba_0008,nba_0009,99,109,0.2679,0.0,1,0.0718,0.3119
1948-12-23,1949,R,,nba_0008,nba_0009,99,109,0.3669,0.0,1,0.1346,0.4571
1948-12-23,1949,R,,nba_0012,nba_0002,96,89,0.6386,1.0,1,0.1306,0.4485
1948-12-23,1949,R,,nba_0012,nba_0002,96,89,0.6223,1.0,1,0.1427,0.4744
1948-12-23,1949,R,,nba_0014,nba_0013,71,60,0.4743,1.0,0,0.2763,0.7458
1948-12-23,1949,R,,nba_0014,nba_0013,71,60,0.471,1.0,0,0.2798,0.7528
1948-12-25,1949,R,,nba_0005,nba_0002,64,70,0.6744,0.0,0,0.4548,1.1221
1948-12-25,1949,R,,nba_0005,nba_0002,64,70,0.6997,0.0,0,0.4895,1.2029
1948-12-25,1949,R,,nba_0006,nba_0001,80,77,0.6552,1.0,1,0.1189,0.4229
1948-12-25,1949,R,,nba_0006,nba_0001,80,77,0.5911,1.0,1,0.1672,0.5259
1948-12-25,1949,R,,nba_0008,nba_0012,83,88,0.2478,0.0,1,0.0614,0.2847
1948-12-25,1949,R,,nba_0008,nba_0012,83,88,0.3686,0.0,1,0.1359,0.4598
1948-12-25,1949,R,,nba_0016,nba_0009,90,82,0.7501,1.0,1,0.0624,0.2875
1948-12-25,1949,R,,nba_0016,nba_0009,90,82,0.7722,1.0,1,0.0519,0.2585
1948-12-25,1949,R,,nba_0011,nba_0013,88,74,0.8445,1.0,1,0.0242,0.169
1948-12-25,1949,R,,nba_0011,nba_0013,88,74,0.8231,1.0,1,0.0313,0.1946
1948-12-26,1949,R,,nba_0009,nba_0014,75,65,0.7003,1.0,1,0.0898,0.3563
1948-12-26,1949,R,,nba_0009,nba_0014,75,65,0.6827,1.0,1,0.1007,0.3817
1948-12-26,1949,R,,nba_0015,nba_0016,99,90,0.6393,1.0,1,0.1301,0.4474
1948-12-26,1949,R,,nba_0015,nba_0016,99,90,0.6372,1.0,1,0.1316,0.4506
1948-12-26,1949,R,,nba_0013,nba_0011,91,73,0.3377,1.0,0,0.4387,1.0857
1948-12-26,1949,R,,nba_0013,nba_0011,91,73,0.3715,1.0,0,0.3951,0.9903
1948-12-26,1949,R,,nba_0002,nba_0001,84,73,0.7707,1.0,1,0.0526,0.2605
1948-12-26,1949,R,,nba_0002,nba_0001,84,73,0.7171,1.0,1,0.08,0.3325
1948-12-28,1949,R,,nba_0001,nba_0002,74,76,0.4248,0.0,1,0.1805,0.5531
1948-12-28,1949,R,,nba_0001,nba_0002,74,76,0.4907,0.0,1,0.2408,0.6747
1948-12-29,1949,R,,nba_0012,nba_0008,88,98,0.8928,0.0,0,0.7971,2.233
1948-12-29,1949,R,,nba_0012,nba_0008,88,98,0.8281,0.0,0,0.6857,1.7608
1948-12-29,1949,R,,nba_0015,nba_0011,91,68,0.5416,1.0,1,0.2101,0.6132
1948-12-29,1949,R,,nba_0015,nba_0011,91,68,0.5809,1.0,1,0.1757,0.5433
1948-12-29,1949,R,,nba_0005,nba_0016,77,74,0.6188,1.0,1,0.1453,0.4799
1948-12-29,1949,R,,nba_0005,nba_0016,77,74,0.601,1.0,1,0.1592,0.5092
1948-12-30,1949,R,,nba_0012,nba_0016,100,89,0.5641,1.0,1,0.19,0.5725
1948-12-30,1949,R,,nba_0012,nba_0016,100,89,0.5035,1.0,1,0.2465,0.6862
1948-12-30,1949,R,,nba_0006,nba_0014,94,91,0.7654,1.0,1,0.055,0.2674
1948-12-30,1949,R,,nba_0006,nba_0014,94,91,0.7409,1.0,1,0.0671,0.2999
1948-12-30,1949,R,,nba_0008,nba_0002,89,101,0.2178,0.0,1,0.0475,0.2457
1948-12-30,1949,R,,nba_0008,nba_0002,89,101,0.3095,0.0,1,0.0958,0.3703
1948-12-30,1949,R,,nba_0009,nba_0011,68,81,0.5084,0.0,0,0.2584,0.71
1948-12-30,1949,R,,nba_0009,nba_0011,68,81,0.5208,0.0,0,0.2712,0.7356
1948-12-31,1949,R,,nba_0001,nba_0008,69,67,0.8193,1.0,1,0.0327,0.1993
1948-12-31,1949,R,,nba_0001,nba_0008,69,67,0.7861,1.0,1,0.0458,0.2407
1949-01-01,1949,R,,nba_0015,nba_0013,92,72,0.7369,1.0,1,0.0692,0.3053
1949-01-01,1949,R,,nba_0015,nba_0013,92,72,0.7394,1.0,1,0.0679,0.3019
1949-01-01,1949,R,,nba_0005,nba_0006,88,80,0.7155,1.0,1,0.0809,0.3348
1949-01-01,1949,R,,nba_0005,nba_0006,88,80,0.7336,1.0,1,0.071,0.3097
1949-01-01,1949,R,,nba_0008,nba_0014,77,78,0.4249,0.0,1,0.1805,0.5532
1949-01-01,1949,R,,nba_0008,nba_0014,77,78,0.5051,0.0,0,0.2551,0.7034
1949-01-01,1949,R,,nba_0016,nba_0009,106,83,0.7041,1.0,1,0.0876,0.3509
1949-01-01,1949,R,,nba_0016,nba_0009,106,83,0.726,1.0,1,0.0751,0.3202
1949-01-01,1949,R,,nba_0011,nba_0002,92,90,0.6877,1.0,1,0.0976,0.3745
1949-01-01,1949,R,,nba_0011,nba_0002,92,90,0.6881,1.0,1,0.0973,0.3739
1949-01-01,1949,R,,nba_0012,nba_0001,72,67,0.7766,1.0,1,0.0499,0.2528
1949-01-01,1949,R,,nba_0012,nba_0001,72,67,0.7162,1.0,1,0.0805,0.3337
1949-01-02,1949,R,,nba_0002,nba_0005,81,79,0.616,1.0,1,0.1475,0.4845
1949-01-02,1949,R,,nba_0002,nba_0005,81,79,0.5955,1.0,1,0.1636,0.5184
1949-01-02,1949,R,,nba_0013,nba_0001,69,90,0.6644,0.0,0,0.4415,1.0919
1949-01-02,1949,R,,nba_0013,nba_0001,69,90,0.6417,0.0,0,0.4118,1.0264
1949-01-02,1949,R,,nba_0009,nba_0016,64,89,0.4981,0.0,1,0.2481,0.6894
1949-01-02,1949,R,,nba_0009,nba_0016,64,89,0.4736,0.0,1,0.2243,0.6416
1949-01-04,1949,R,,nba_0006,nba_0011,78,84,0.432,0.0,1,0.1867,0.5657
1949-01-04,1949,R,,nba_0006,nba_0011,78,84,0.4316,0.0,1,0.1863,0.5649
1949-01-04,1949,R,,nba_0008,nba_0002,104,115,0.2325,0.0,1,0.054,0.2646
1949-01-04,1949,R,,nba_0008,nba_0002,104,115,0.3196,0.0,1,0.1021,0.3851
1949-01-04,1949,R,,nba_0014,nba_0005,63,58,0.4041,1.0,0,0.355,0.906
1949-01-04,1949,R,,nba_0014,nba_0005,63,58,0.4155,1.0,0,0.3417,0.8783
1949-01-04,1949,R,,nba_0001,nba_0012,75,69,0.4495,1.0,0,0.3031,0.7996
1949-01-04,1949,R,,nba_0001,nba_0012,75,69,0.5253,1.0,1,0.2253,0.6438
1949-01-05,1949,R,,nba_0015,nba_0009,101,76,0.7892,1.0,1,0.0444,0.2367
1949-01-05,1949,R,,nba_0015,nba_0009,101,76,0.8038,1.0,1,0.0385,0.2184
1949-01-05,1949,R,,nba_0011,nba_0012,68,88,0.7471,0.0,0,0.5582,1.3747
1949-01-05,1949,R,,nba_0011,nba_0012,68,88,0.7594,0.0,0,0.5767,1.4247
1949-01-06,1949,R,,nba_0012,nba_0006,93,88,0.6804,1.0,1,0.1021,0.3851
1949-01-06,1949,R,,nba_0012,nba_0006,93,88,0.6664,1.0,1,0.1113,0.4058
1949-01-06,1949,R,,nba_0014,nba_0016,73,62,0.3272,1.0,0,0.4527,1.1172
1949-01-06,1949,R,,nba_0014,nba_0016,73,62,0.3241,1.0,0,0.4568,1.1266
1949-01-06,1949,R,,nba_0008,nba_0002,78,89,0.2079,0.0,1,0.0432,0.2331
1949-01-06,1949,R,,nba_0008,nba_0002,78,89,0.2847,0.0,1,0.081,0.335
1949-01-07,1949,R,,nba_0001,nba_0005,67,69,0.4684,0.0,1,0.2194,0.6318
1949-01-07,1949,R,,nba_0001,nba_0005,67,69,0.5041,0.0,0,0.2541,0.7014
1949-01-08,1949,R,,nba_0006,nba_0013,67,73,0.646,0.0,0,0.4173,1.0385
1949-01-08,1949,R,,nba_0006,nba_0013,67,73,0.6134,0.0,0,0.3762,0.9503
1949-01-08,1949,R,,nba_0011,nba_0014,89,81,0.8459,1.0,1,0.0237,0.1673
1949-01-08,1949,R,,nba_0011,nba_0014,89,81,0.8282,1.0,1,0.0295,0.1885
1949-01-08,1949,R,,nba_0009,nba_0015,64,59,0.4166,1.0,0,0.3403,0.8756
1949-01-08,1949,R,,nba_0009,nba_0015,64,59,0.3964,1.0,0,0.3644,0.9254
1949-01-08,1949,R,,nba_0008,nba_0001,87,69,0.3801,1.0,0,0.3842,0.9672
1949-01-08,1949,R,,nba_0008,nba_0001,87,69,0.4268,1.0,0,0.3285,0.8513
1949-01-08,1949,R,,nba_0005,nba_0012,81,83,0.5988,0.0,0,0.3586,0.9133
1949-01-08,1949,R,,nba_0005,nba_0012,81,83,0.6344,0.0,0,0.4025,1.0063
1949-01-08,1949,R,,nba_0016,nba_0002,88,91,0.6016,0.0,0,0.3619,0.9202
1949-01-08,1949,R,,nba_0016,nba_0002,88,91,0.6303,0.0,0,0.3973,0.9951
1949-01-09,1949,R,,nba_0002,nba_0016,75,90,0.6599,0.0,0,0.4354,1.0785
1949-01-09,1949,R,,nba_0002,nba_0016,75,90,0.6333,0.0,0,0.4011,1.0033
1949-01-09,1949,R,,nba_0013,nba_0014,80,78,0.655,1.0,1,0.1191,0.4232
1949-01-09,1949,R,,nba_0013,nba_0014,80,78,0.6566,1.0,1,0.1179,0.4206
1949-01-09,1949,R,,nba_0015,nba_0009,74,58,0.7679,1.0,1,0.0539,0.2641
1949-01-09,1949,R,,nba_0015,nba_0009,74,58,0.7821,1.0,1,0.0475,0.2458
1949-01-10,1949,R,,nba_0001,nba_0011,83,94,0.3498,0.0,1,0.1224,0.4305
1949-01-10,1949,R,,nba_0001,nba_0011,83,94,0.4029,0.0,1,0.1623,0.5157
1949-01-11,1949,R,,nba_0014,nba_0008,90,67,0.767,1.0,1,0.0543,0.2653
1949-01-11,1949,R,,nba_0014,nba_0008,90,67,0.7122,1.0,1,0.0829,0.3395
1949-01-11,1949,R,,nba_0016,nba_0006,83,71,0.7288,1.0,1,0.0735,0.3164
1949-01-11,1949,R,,nba_0016,nba_0006,83,71,0.7554,1.0,1,0.0598,0.2806
1949-01-12,1949,R,,nba_0012,nba_0011,106,92,0.5832,1.0,1,0.1737,0.5393
1949-01-12,1949,R,,nba_0012,nba_0011,106,92,0.5659,1.0,1,0.1884,0.5693
1949-01-12,1949,R,,nba_0009,nba_0002,66,75,0.461,0.0,1,0.2125,0.6181
1949-01-12,1949,R,,nba_0009,nba_0002,66,75,0.4701,0.0,1,0.221,0.6351
1949-01-12,1949,R,,nba_0005,nba_0001,81,64,0.8071,1.0,1,0.0372,0.2143
1949-01-12,1949,R,,nba_0005,nba_0001,81,64,0.7852,1.0,1,0.0461,0.2418
1949-01-12,1949,R,,nba_0015,nba_0008,98,64,0.9293,1.0,1,0.005,0.0733
1949-01-12,1949,R,,nba_0015,nba_0008,98,64,0.9101,1.0,1,0.0081,0.0942
1949-01-13,1949,R,,nba_0012,nba_0016,85,102,0.5893,0.0,0,0.3473,0.8899
1949-01-13,1949,R,,nba_0012,nba_0016,85,102,0.5418,0.0,0,0.2935,0.7804
1949-01-14,1949,R,,nba_0001,nba_0006,79,104,0.5218,0.0,0,0.2723,0.7377
1949-01-14,1949,R,,nba_0001,nba_0006,79,104,0.5747,0.0,0,0.3303,0.8549
1949-01-14,1949,R,,nba_0014,nba_0002,61,88,0.4093,0.0,1,0.1675,0.5264
1949-01-14,1949,R,,nba_0014,nba_0002,61,88,0.4363,0.0,1,0.1904,0.5733
1949-01-15,1949,R,,nba_0011,nba_0005,75,73,0.6936,1.0,1,0.0939,0.3658
1949-01-15,1949,R,,nba_0011,nba_0005,75,73,0.6759,1.0,1,0.105,0.3917
1949-01-15,1949,R,,nba_0009,nba_0008,79,76,0.828,1.0,1,0.0296,0.1887
1949-01-15,1949,R,,nba_0009,nba_0008,79,76,0.7748,1.0,1,0.0507,0.2551
1949-01-15,1949,R,,nba_0006,nba_0012,94,87,0.4871,1.0,0,0.2631,0.7194
1949-01-15,1949,R,,nba_0006,nba_0012,94,87,0.5035,1.0,1,0.2465,0.6861
1949-01-15,1949,R,,nba_0016,nba_0013,73,62,0.7627,1.0,1,0.0563,0.2708
1949-01-15,1949,R,,nba_0016,nba_0013,73,62,0.7608,1.0,1,0.0572,0.2734
1949-01-15,1949,R,,nba_0001,nba_0002,86,94,0.3414,0.0,1,0.1165,0.4176
1949-01-15,1949,R,,nba_0001,nba_0002,86,94,0.3805,0.0,1,0.1448,0.4788
1949-01-16,1949,R,,nba_0002,nba_0011,92,70,0.5947,1.0,1,0.1643,0.5198
1949-01-16,1949,R,,nba_0002,nba_0011,92,70,0.6018,1.0,1,0.1585,0.5078
1949-01-16,1949,R,,nba_0013,nba_0008,76,56,0.8225,1.0,1,0.0315,0.1954
1949-01-16,1949,R,,nba_0013,nba_0008,76,56,0.7816,1.0,1,0.0477,0.2464
1949-01-16,1949,R,,nba_0015,nba_0014,75,66,0.8562,1.0,1,0.0207,0.1553
1949-01-16,1949,R,,nba_0015,nba_0014,75,66,0.8575,1.0,1,0.0203,0.1537
1949-01-17,1949,R,,nba_0005,nba_0009,71,79,0.7398,0.0,0,0.5473,1.3462
1949-01-17,1949,R,,nba_0005,nba_0009,71,79,0.7438,0.0,0,0.5532,1.3618
1949-01-18,1949,R,,nba_0001,nba_0009,83,89,0.5543,0.0,0,0.3073,0.8081
1949-01-18,1949,R,,nba_0001,nba_0009,83,89,0.5866,0.0,0,0.3441,0.8833
1949-01-18,1949,R,,nba_0014,nba_0015,56,81,0.34,0.0,1,0.1156,0.4155
1949-01-18,1949,R,,nba_0014,nba_0015,56,81,0.3376,0.0,1,0.114,0.4119
1949-01-18,1949,R,,nba_0006,nba_0008,86,74,0.8742,1.0,1,0.0158,0.1344
1949-01-18,1949,R,,nba_0006,nba_0008,86,74,0.8276,1.0,1,0.0297,0.1893
1949-01-19,1949,R,,nba_0002,nba_0013,96,104,0.8082,0.0,0,0.6531,1.6511
1949-01-19,1949,R,,nba_0002,nba_0013,96,104,0.7915,0.0,0,0.6265,1.5679
1949-01-19,1949,R,,nba_0014,nba_0016,66,70,0.2856,0.0,1,0.0816,0.3363
1949-01-19,1949,R,,nba_0014,nba_0016,66,70,0.2875,0.0,1,0.0827,0.339
1949-01-20,1949,R,,nba_0012,nba_0005,82,68,0.6778,1.0,1,0.1038,0.3888
1949-01-20,1949,R,,nba_0012,nba_0005,82,68,0.6475,1.0,1,0.1243,0.4346
1949-01-20,1949,R,,nba_0009,nba_0016,74,84,0.4575,0.0,1,0.2093,0.6116
1949-01-20,1949,R,,nba_0009,nba_0016,74,84,0.4444,0.0,1,0.1975,0.5877
1949-01-20,1949,R,,nba_0008,nba_0011,81,88,0.151,0.0,1,0.0228,0.1637
1949-01-20,1949,R,,nba_0008,nba_0011,81,88,0.2047,0.0,1,0.0419,0.229
1949-01-20,1949,R,,nba_0006,nba_0002,92,72,0.4929,1.0,0,0.2572,0.7075
1949-01-20,1949,R,,nba_0006,nba_0002,92,72,0.4886,1.0,0,0.2615,0.7162
1949-01-20,1949,R,,nba_0015,nba_0013,83,65,0.8089,1.0,1,0.0365,0.2121
1949-01-20,1949,R,,nba_0015,nba_0013,83,65,0.8092,1.0,1,0.0364,0.2117
1949-01-21,1949,R,,nba_0001,nba_0002,76,86,0.3742,0.0,1,0.1401,0.4688
1949-01-21,1949,R,,nba_0001,nba_0002,76,86,0.4115,0.0,1,0.1694,0.5303
1949-01-22,1949,R,,nba_0008,nba_0012,89,86,0.216,1.0,0,0.6147,1.5325
1949-01-22,1949,R,,nba_0008,nba_0012,89,86,0.2949,1.0,0,0.4971,1.221
1949-01-22,1949,R,,nba_0016,nba_0005,103,98,0.7287,1.0,1,0.0736,0.3166
1949-01-22,1949,R,,nba_0016,nba_0005,103,98,0.7364,1.0,1,0.0695,0.306
1949-01-22,1949,R,,nba_0011,nba_0001,95,64,0.8725,1.0,1,0.0163,0.1364
1949-01-22,1949,R,,nba_0011,nba_0001,95,64,0.8518,1.0,1,0.022,0.1604
1949-01-23,1949,R,,nba_0009,nba_0014,73,91,0.7015,0.0,0,0.4921,1.2089
1949-01-23,1949,R,,nba_0009,nba_0014,73,91,0.6887,0.0,0,0.4744,1.1671
1949-01-23,1949,R,,nba_0015,nba_0006,89,71,0.7502,1.0,1,0.0624,0.2875
1949-01-23,1949,R,,nba_0015,nba_0006,89,71,0.7722,1.0,1,0.0519,0.2586
1949-01-23,1949,R,,nba_0013,nba_0016,80,81,0.4299,0.0,1,0.1848,0.562
1949-01-23,1949,R,,nba_0013,nba_0016,80,81,0.4348,0.0,1,0.189,0.5705
1949-01-23,1949,R,,nba_0005,nba_0011,93,97,0.4968,0.0,1,0.2468,0.6868
1949-01-23,1949,R,,nba_0005,nba_0011,93,97,0.5128,0.0,0,0.2629,0.7191
1949-01-25,1949,R,,nba_0001,nba_0008,54,69,0.7522,0.0,0,0.5658,1.395
1949-01-25,1949,R,,nba_0001,nba_0008,54,69,0.716,0.0,0,0.5126,1.2587
1949-01-25,1949,R,,nba_0002,nba_0006,77,86,0.7663,0.0,0,0.5872,1.4538
1949-01-25,1949,R,,nba_0002,nba_0006,77,86,0.7694,0.0,0,0.5919,1.4669
1949-01-25,1949,R,,nba_0014,nba_0009,65,53,0.5595,1.0,1,0.1941,0.5808
1949-01-25,1949,R,,nba_0014,nba_0009,65,53,0.5737,1.0,1,0.1818,0.5557
1949-01-26,1949,R,,nba_0012,nba_0011,96,86,0.5436,1.0,1,0.2083,0.6096
1949-01-26,1949,R,,nba_0012,nba_0011,96,86,0.5281,1.0,1,0.2227,0.6385
1949-01-26,1949,R,,nba_0013,nba_0006,88,80,0.5709,1.0,1,0.1842,0.5606
1949-01-26,1949,R,,nba_0013,nba_0006,88,80,0.5988,1.0,1,0.161,0.5129
1949-01-26,1949,R,,nba_0015,nba_0002,84,49,0.7167,1.0,1,0.0802,0.3331
1949-01-26,1949,R,,nba_0015,nba_0002,84,49,0.7359,1.0,1,0.0698,0.3067
1949-01-26,1949,R,,nba_0005,nba_0008,89,77,0.8853,1.0,1,0.0132,0.1219
1949-01-26,1949,R,,nba_0005,nba_0008,89,77,0.8528,1.0,1,0.0217,0.1592
1949-01-27,1949,R,,nba_0006,nba_0005,102,96,0.6045,1.0,1,0.1564,0.5034
1949-01-27,1949,R,,nba_0006,nba_0005,102,96,0.5906,1.0,1,0.1676,0.5267
1949-01-27,1949,R,,nba_0012,nba_0008,89,95,0.8919,0.0,0,0.7955,2.2246
1949-01-27,1949,R,,nba_0012,nba_0008,89,95,0.8464,0.0,0,0.7164,1.8736
1949-01-28,1949,R,,nba_0001,nba_0011,91,90,0.2867,1.0,0,0.5088,1.2493
1949-01-28,1949,R,,nba_0001,nba_0011,91,90,0.3222,1.0,0,0.4595,1.1327
1949-01-28,1949,R,,nba_0002,nba_0009,83,65,0.7546,1.0,1,0.0602,0.2815
1949-01-28,1949,R,,nba_0002,nba_0009,83,65,0.7494,1.0,1,0.0628,0.2884
1949-01-28,1949,R,,nba_0014,nba_0013,77,63,0.5823,1.0,1,0.1745,0.5409
1949-01-28,1949,R,,nba_0014,nba_0013,77,63,0.5803,1.0,1,0.1761,0.5441
1949-01-29,1949,R,,nba_0002,nba_0014,87,81,0.7892,1.0,1,0.0444,0.2367
1949-01-29,1949,R,,nba_0002,nba_0014,87,81,0.7752,1.0,1,0.0505,0.2546
1949-01-29,1949,R,,nba_0005,nba_0006,73,78,0.613,0.0,0,0.3758,0.9494
1949-01-29,1949,R,,nba_0005,nba_0006,73,78,0.6261,0.0,0,0.392,0.9839
1949-01-29,1949,R,,nba_0008,nba_0001,91,85,0.5444,1.0,1,0.2076,0.608
1949-01-29,1949,R,,nba_0008,nba_0001,91,85,0.5879,1.0,1,0.1698,0.5311
1949-01-29,1949,R,,nba_0016,nba_0012,90,86,0.755,1.0,1,0.06,0.2811
1949-01-29,1949,R,,nba_0016,nba_0012,90,86,0.7835,1.0,1,0.0469,0.2439
1949-01-29,1949,R,,nba_0009,nba_0013,86,73,0.5962,1.0,1,0.1631,0.5172
1949-01-29,1949,R,,nba_0009,nba_0013,86,73,0.5808,1.0,1,0.1757,0.5433
1949-01-30,1949,R,,nba_0013,nba_0012,78,93,0.4736,0.0,1,0.2243,0.6416
1949-01-30,1949,R,,nba_0013,nba_0012,78,93,0.5168,0.0,0,0.267,0.7272
1949-01-30,1949,R,,nba_0015,nba_0011,84,79,0.7008,1.0,1,0.0895,0.3556
1949-01-30,1949,R,,nba_0015,nba_0011,84,79,0.7238,1.0,1,0.0763,0.3232
1949-02-01,1949,R,,nba_0014,nba_0011,83,69,0.3973,1.0,0,0.3632,0.923
1949-02-01,1949,R,,nba_0014,nba_0011,83,69,0.4228,1.0,0,0.3331,0.8608
1949-02-01,1949,R,,nba_0001,nba_0016,68,76,0.2473,0.0,1,0.0611,0.284
1949-02-01,1949,R,,nba_0001,nba_0016,68,76,0.2606,0.0,1,0.0679,0.3019
1949-02-01,1949,R,,nba_0006,nba_0008,93,86,0.8595,1.0,1,0.0197,0.1514
1949-02-01,1949,R,,nba_0006,nba_0008,93,86,0.8148,1.0,1,0.0343,0.2049
1949-02-02,1949,R,,nba_0002,nba_0012,77,67,0.6697,1.0,1,0.1091,0.4009
1949-02-02,1949,R,,nba_0002,nba_0012,77,67,0.6869,1.0,1,0.098,0.3756
1949-02-02,1949,R,,nba_0011,nba_0014,83,57,0.7896,1.0,1,0.0443,0.2363
1949-02-02,1949,R,,nba_0011,nba_0014,83,57,0.7723,1.0,1,0.0519,0.2584
1949-02-02,1949,R,,nba_0013,nba_0015,79,82,0.3252,0.0,1,0.1058,0.3934
1949-02-02,1949,R,,nba_0013,nba_0015,79,82,0.3247,0.0,1,0.1054,0.3926
1949-02-03,1949,R,,nba_0012,nba_0001,84,76,0.8228,1.0,1,0.0314,0.195
1949-02-03,1949,R,,nba_0012,nba_0001,84,76,0.7895,1.0,1,0.0443,0.2364
1949-02-03,1949,R,,nba_0006,nba_0015,76,78,0.4812,0.0,1,0.2315,0.6562
1949-02-03,1949,R,,nba_0006,nba_0015,76,78,0.4573,0.0,1,0.2091,0.6112
1949-02-03,1949,R,,nba_0008,nba_0016,88,80,0.1876,1.0,0,0.66,1.6734
1949-02-03,1949,R,,nba_0008,nba_0016,88,80,0.2261,1.0,0,0.5989,1.4866
1949-02-03,1949,R,,nba_0009,nba_0011,65,74,0.4554,0.0,1,0.2074,0.6078
1949-02-03,1949,R,,nba_0009,nba_0011,65,74,0.467,0.0,1,0.2181,0.6293
1949-02-04,1949,R,,nba_0001,nba_0014,75,64,0.4724,1.0,0,0.2783,0.7498
1949-02-04,1949,R,,nba_0001,nba_0014,75,64,0.4875,1.0,0,0.2627,0.7185
1949-02-05,1949,R,,nba_0012,nba_0014,87,75,0.7888,1.0,1,0.0446,0.2373
1949-02-05,1949,R,,nba_0012,nba_0014,87,75,0.7632,1.0,1,0.0561,0.2702
1949-02-05,1949,R,,nba_0008,nba_0002,75,91,0.2317,0.0,1,0.0537,0.2636
1949-02-05,1949,R,,nba_0008,nba_0002,75,91,0.2907,0.0,1,0.0845,0.3435
1949-02-05,1949,R,,nba_0016,nba_0013,80,61,0.8203,1.0,1,0.0323,0.198
1949-02-05,1949,R,,nba_0016,nba_0013,80,61,0.8193,1.0,1,0.0327,0.1993
1949-02-05,1949,R,,nba_0011,nba_0005,73,83,0.7015,0.0,0,0.492,1.2089
1949-02-05,1949,R,,nba_0011,nba_0005,73,83,0.6904,0.0,0,0.4766,1.1723
1949-02-06,1949,R,,nba_0013,nba_0011,82,72,0.3862,1.0,0,0.3768,0.9514
1949-02-06,1949,R,,nba_0013,nba_0011,82,72,0.4094,1.0,0,0.3488,0.8931
1949-02-06,1949,R,,nba_0015,nba_0016,74,85,0.6914,0.0,0,0.478,1.1757
1949-02-06,1949,R,,nba_0015,nba_0016,74,85,0.6929,0.0,0,0.4801,1.1805
1949-02-06,1949,R,,nba_0005,nba_0002,75,87,0.5172,0.0,0,0.2675,0.7282
1949-02-06,1949,R,,nba_0005,nba_0002,75,87,0.5239,0.0,0,0.2744,0.7421
1949-02-06,1949,R,,nba_0009,nba_0006,74,77,0.4926,0.0,1,0.2426,0.6784
1949-02-06,1949,R,,nba_0009,nba_0006,74,77,0.5019,0.0,0,0.2519,0.6969
1949-02-07,1949,R,,nba_0014,nba_0006,90,73,0.4802,1.0,0,0.2702,0.7335
1949-02-07,1949,R,,nba_0014,nba_0006,90,73,0.5009,1.0,1,0.2491,0.6913
1949-02-07,1949,R,,nba_0001,nba_0012,95,83,0.3624,1.0,0,0.4066,1.0151
1949-02-07,1949,R,,nba_0001,nba_0012,95,83,0.41,1.0,0,0.3481,0.8917
1949-02-08,1949,R,,nba_0002,nba_0009,73,75,0.8136,0.0,0,0.6619,1.6797
1949-02-08,1949,R,,nba_0002,nba_0009,73,75,0.8111,0.0,0,0.6578,1.6664
1949-02-08,1949,R,,nba_0013,nba_0006,89,87,0.5216,1.0,1,0.2289,0.6509
1949-02-08,1949,R,,nba_0013,nba_0006,89,87,0.5431,1.0,1,0.2087,0.6104
1949-02-08,1949,R,,nba_0016,nba_0008,97,65,0.9119,1.0,1,0.0078,0.0922
1949-02-08,1949,R,,nba_0016,nba_0008,97,65,0.8923,1.0,1,0.0116,0.114
1949-02-09,1949,R,,nba_0013,nba_0014,67,70,0.6089,0.0,0,0.3708,0.9389
1949-02-09,1949,R,,nba_0013,nba_0014,67,70,0.6106,0.0,0,0.3728,0.943
1949-02-09,1949,R,,nba_0009,nba_0005,83,95,0.4787,0.0,1,0.2291,0.6513
1949-02-09,1949,R,,nba_0009,nba_0005,83,95,0.4766,0.0,1,0.2272,0.6475
1949-02-09,1949,R,,nba_0011,nba_0016,99,94,0.5657,1.0,1,0.1886,0.5697
1949-02-09,1949,R,,nba_0011,nba_0016,99,94,0.5429,1.0,1,0.2089,0.6108
1949-02-10,1949,R,,nba_0006,nba_0014,108,87,0.7298,1.0,1,0.073,0.3149
1949-02-10,1949,R,,nba_0006,nba_0014,108,87,0.7143,1.0,1,0.0816,0.3365
1949-02-10,1949,R,,nba_0015,nba_0005,95,75,0.7934,1.0,1,0.0427,0.2314
1949-02-10,1949,R,,nba_0015,nba_0005,95,75,0.8011,1.0,1,0.0396,0.2218
1949-02-10,1949,R,,nba_0012,nba_0016,76,90,0.5295,0.0,0,0.2804,0.754
1949-02-10,1949,R,,nba_0012,nba_0016,76,90,0.4947,0.0,1,0.2448,0.6827
1949-02-11,1949,R,,nba_0001,nba_0008,94,77,0.7256,1.0,1,0.0753,0.3207
1949-02-11,1949,R,,nba_0001,nba_0008,94,77,0.692,1.0,1,0.0948,0.3681
1949-02-11,1949,R,,nba_0002,nba_0015,105,97,0.5955,1.0,1,0.1636,0.5183
1949-02-11,1949,R,,nba_0002,nba_0015,105,97,0.5786,1.0,1,0.1776,0.5472
1949-02-12,1949,R,,nba_0005,nba_0013,85,58,0.7023,1.0,1,0.0886,0.3533
1949-02-12,1949,R,,nba_0005,nba_0013,85,58,0.6933,1.0,1,0.094,0.3663
1949-02-12,1949,R,,nba_0008,nba_0014,91,78,0.4009,1.0,0,0.3589,0.9141
1949-02-12,1949,R,,nba_0008,nba_0014,91,78,0.4546,1.0,0,0.2975,0.7884
1949-02-12,1949,R,,nba_0016,nba_0002,87,73,0.7043,1.0,1,0.0875,0.3506
1949-02-12,1949,R,,nba_0016,nba_0002,87,73,0.7166,1.0,1,0.0803,0.3333
1949-02-12,1949,R,,nba_0009,nba_0012,74,73,0.498,1.0,0,0.252,0.6972
1949-02-12,1949,R,,nba_0009,nba_0012,74,73,0.5187,1.0,1,0.2316,0.6564
1949-02-12,1949,R,,nba_0011,nba_0006,88,91,0.7161,0.0,0,0.5128,1.2591
1949-02-12,1949,R,,nba_0011,nba_0006,88,91,0.7141,0.0,0,0.51,1.2522
1949-02-13,1949,R,,nba_0013,nba_0005,82,73,0.4766,1.0,0,0.2739,0.741
1949-02-13,1949,R,,nba_0013,nba_0005,82,73,0.4863,1.0,0,0.2639,0.7209
1949-02-13,1949,R,,nba_0015,nba_0012,91,74,0.7683,1.0,1,0.0537,0.2636
1949-02-13,1949,R,,nba_0015,nba_0012,91,74,0.7913,1.0,1,0.0436,0.2341
1949-02-15,1949,R,,nba_0002,nba_0013,83,69,0.8184,1.0,1,0.033,0.2005
1949-02-15,1949,R,,nba_0002,nba_0013,83,69,0.809,1.0,1,0.0365,0.212
1949-02-15,1949,R,,nba_0016,nba_0011,91,79,0.7279,1.0,1,0.074,0.3176
1949-02-15,1949,R,,nba_0016,nba_0011,91,79,0.7438,1.0,1,0.0657,0.296
1949-02-15,1949,R,,nba_0005,nba_0009,79,75,0.6966,1.0,1,0.0921,0.3616
1949-02-15,1949,R,,nba_0005,nba_0009,79,75,0.6992,1.0,1,0.0905,0.3578
1949-02-15,1949,R,,nba_0014,nba_0012,69,82,0.5002,0.0,0,0.2502,0.6936
1949-02-15,1949,R,,nba_0014,nba_0012,69,82,0.5314,0.0,0,0.2824,0.758
1949-02-16,1949,R,,nba_0013,nba_0012,84,68,0.4729,1.0,0,0.2779,0.7489
1949-02-16,1949,R,,nba_0013,nba_0012,84,68,0.503,1.0,1,0.247,0.6872
1949-02-16,1949,R,,nba_0015,nba_0002,90,71,0.713,1.0,1,0.0823,0.3382
1949-02-16,1949,R,,nba_0015,nba_0002,90,71,0.7251,1.0,1,0.0755,0.3214
1949-02-17,1949,R,,nba_0012,nba_0008,100,102,0.8189,0.0,0,0.6705,1.7085
1949-02-17,1949,R,,nba_0012,nba_0008,100,102,0.7653,0.0,0,0.5857,1.4494
1949-02-17,1949,R,,nba_0006,nba_0005,86,82,0.6797,1.0,1,0.1026,0.3861
1949-02-17,1949,R,,nba_0006,nba_0005,86,82,0.6708,1.0,1,0.1084,0.3993
1949-02-17,1949,R,,nba_0009,nba_0016,63,68,0.2982,0.0,1,0.0889,0.3541
1949-02-17,1949,R,,nba_0009,nba_0016,63,68,0.2897,0.0,1,0.0839,0.342
1949-02-18,1949,R,,nba_0001,nba_0015,71,85,0.2926,0.0,1,0.0856,0.3461
1949-02-18,1949,R,,nba_0001,nba_0015,71,85,0.3062,0.0,1,0.0937,0.3655
1949-02-18,1949,R,,nba_0014,nba_0016,53,65,0.3042,0.0,1,0.0926,0.3628
1949-02-18,1949,R,,nba_0014,nba_0016,53,65,0.3047,0.0,1,0.0928,0.3634
1949-02-19,1949,R,,nba_0005,nba_0001,77,87,0.7983,0.0,0,0.6372,1.6008
1949-02-19,1949,R,,nba_0005,nba_0001,77,87,0.7819,0.0,0,0.6114,1.523
1949-02-19,1949,R,,nba_0008,nba_0015,80,94,0.2045,0.0,1,0.0418,0.2288
1949-02-19,1949,R,,nba_0008,nba_0015,80,94,0.2403,0.0,1,0.0578,0.2749
1949-02-19,1949,R,,nba_0016,nba_0014,87,73,0.8854,1.0,1,0.0131,0.1217
1949-02-19,1949,R,,nba_0016,nba_0014,87,73,0.8852,1.0,1,0.0132,0.1219
1949-02-19,1949,R,,nba_0009,nba_0002,63,59,0.3678,1.0,0,0.3997,1.0002
1949-02-19,1949,R,,nba_0009,nba_0002,63,59,0.37,1.0,0,0.3969,0.9942
1949-02-19,1949,R,,nba_0011,nba_0012,92,88,0.7301,1.0,1,0.0728,0.3145
1949-02-19,1949,R,,nba_0011,nba_0012,92,88,0.7364,1.0,1,0.0695,0.306
1949-02-20,1949,R,,nba_0013,nba_0009,64,70,0.6668,0.0,0,0.4446,1.0989
1949-02-20,1949,R,,nba_0013,nba_0009,64,70,0.6766,0.0,0,0.4577,1.1288
1949-02-20,1949,R,,nba_0002,nba_0014,95,72,0.8203,1.0,1,0.0323,0.1981
1949-02-20,1949,R,,nba_0002,nba_0014,95,72,0.8127,1.0,1,0.0351,0.2074
1949-02-22,1949,R,,nba_0014,nba_0001,74,68,0.608,1.0,1,0.1537,0.4976
1949-02-22,1949,R,,nba_0014,nba_0001,74,68,0.5917,1.0,1,0.1667,0.5248
1949-02-22,1949,R,,nba_0005,nba_0015,74,101,0.3899,0.0,1,0.152,0.4941
1949-02-22,1949,R,,nba_0005,nba_0015,74,101,0.3801,0.0,1,0.1445,0.4782
1949-02-22,1949,R,,nba_0016,nba_0006,92,86,0.7521,1.0,1,0.0615,0.285
1949-02-22,1949,R,,nba_0016,nba_0006,92,86,0.7645,1.0,1,0.0555,0.2685
1949-02-23,1949,R,,nba_0006,nba_0002,85,102,0.4978,0.0,1,0.2478,0.6887
1949-02-23,1949,R,,nba_0006,nba_0002,85,102,0.493,0.0,1,0.243,0.6792
1949-02-23,1949,R,,nba_0009,nba_0001,77,83,0.7419,0.0,0,0.5505,1.3545
1949-02-23,1949,R,,nba_0009,nba_0001,77,83,0.7212,0.0,0,0.5201,1.2771
1949-02-23,1949,R,,nba_0011,nba_0008,100,88,0.8763,1.0,1,0.0153,0.1321
1949-02-23,1949,R,,nba_0011,nba_0008,100,88,0.8415,1.0,1,0.0251,0.1725
1949-02-24,1949,R,,nba_0008,nba_0005,89,84,0.3535,1.0,0,0.418,1.0399
1949-02-24,1949,R,,nba_0008,nba_0005,89,84,0.4084,1.0,0,0.35,0.8954
1949-02-24,1949,R,,nba_0015,nba_0013,77,73,0.8432,1.0,1,0.0246,0.1705
1949-02-24,1949,R,,nba_0015,nba_0013,77,73,0.8441,1.0,1,0.0243,0.1695
1949-02-24,1949,R,,nba_0012,nba_0002,68,87,0.5319,0.0,0,0.283,0.7592
1949-02-24,1949,R,,nba_0012,nba_0002,68,87,0.5172,0.0,0,0.2675,0.7282
1949-02-25,1949,R,,nba_0001,nba_0009,102,83,0.5597,1.0,1,0.1939,0.5804
1949-02-25,1949,R,,nba_0001,nba_0009,102,83,0.5851,1.0,1,0.1722,0.536
1949-02-26,1949,R,,nba_0012,nba_0015,114,115,0.3646,0.0,1,0.1329,0.4535
1949-02-26,1949,R,,nba_0012,nba_0015,114,115,0.3383,0.0,1,0.1144,0.4129
1949-02-26,1949,R,,nba_0005,nba_0014,81,76,0.671,1.0,1,0.1083,0.399
1949-02-26,1949,R,,nba_0005,nba_0014,81,76,0.6653,1.0,1,0.112,0.4075
1949-02-26,1949,R,,nba_0008,nba_0009,90,93,0.496,0.0,1,0.246,0.6852
1949-02-26,1949,R,,nba_0008,nba_0009,90,93,0.5554,0.0,0,0.3085,0.8106
1949-02-26,1949,R,,nba_0016,nba_0001,64,59,0.9048,1.0,1,0.0091,0.1
1949-02-26,1949,R,,nba_0016,nba_0001,64,59,0.8992,1.0,1,0.0102,0.1063
1949-02-26,1949,R,,nba_0011,nba_0002,90,103,0.5848,0.0,0,0.342,0.8791
1949-02-26,1949,R,,nba_0011,nba_0002,90,103,0.5797,0.0,0,0.336,0.8668
1949-02-27,1949,R,,nba_0013,nba_0015,74,50,0.3188,1.0,0,0.4641,1.1432
1949-02-27,1949,R,,nba_0013,nba_0015,74,50,0.3178,1.0,0,0.4654,1.1464
1949-02-28,1949,R,,nba_0002,nba_0011,57,67,0.7051,0.0,0,0.4972,1.2212
1949-02-28,1949,R,,nba_0002,nba_0011,57,67,0.7091,0.0,0,0.5029,1.2348
1949-03-01,1949,R,,nba_0006,nba_0009,89,83,0.7649,1.0,1,0.0553,0.268
1949-03-01,1949,R,,nba_0006,nba_0009,89,83,0.7582,1.0,1,0.0585,0.2768
1949-03-01,1949,R,,nba_0014,nba_0002,79,69,0.3625,1.0,0,0.4064,1.0148
1949-03-01,1949,R,,nba_0014,nba_0002,79,69,0.3751,1.0,0,0.3905,0.9806
1949-03-01,1949,R,,nba_0016,nba_0011,67,64,0.7852,1.0,1,0.0462,0.2418
1949-03-01,1949,R,,nba_0016,nba_0011,67,64,0.7968,1.0,1,0.0413,0.2271
1949-03-02,1949,R,,nba_0005,nba_0002,81,79,0.4937,1.0,0,0.2564,0.7059
1949-03-02,1949,R,,nba_0005,nba_0002,81,79,0.5009,1.0,1,0.2491,0.6914
1949-03-02,1949,R,,nba_0011,nba_0009,75,82,0.7875,0.0,0,0.6202,1.5488
1949-03-02,1949,R,,nba_0011,nba_0009,75,82,0.7806,0.0,0,0.6094,1.5171
1949-03-03,1949,R,,nba_0012,nba_0009,94,66,0.7197,1.0,1,0.0785,0.3289
1949-03-03,1949,R,,nba_0012,nba_0009,94,66,0.7048,1.0,1,0.0872,0.3499
1949-03-03,1949,R,,nba_0014,nba_0015,79,82,0.2447,0.0,1,0.0599,0.2806
1949-03-03,1949,R,,nba_0014,nba_0015,79,82,0.2432,0.0,1,0.0592,0.2787
1949-03-03,1949,R,,nba_0005,nba_0008,86,65,0.784,1.0,1,0.0466,0.2433
1949-03-03,1949,R,,nba_0005,nba_0008,86,65,0.7443,1.0,1,0.0654,0.2953
1949-03-03,1949,R,,nba_0006,nba_0002,90,75,0.5416,1.0,1,0.2101,0.6132
1949-03-03,1949,R,,nba_0006,nba_0002,90,75,0.5382,1.0,1,0.2133,0.6196
1949-03-04,1949,R,,nba_0001,nba_0013,76,70,0.5845,1.0,1,0.1726,0.5369
1949-03-04,1949,R,,nba_0001,nba_0013,76,70,0.5985,1.0,1,0.1612,0.5133
1949-03-05,1949,R,,nba_0012,nba_0006,99,85,0.5665,1.0,1,0.1879,0.5683
1949-03-05,1949,R,,nba_0012,nba_0006,99,85,0.5579,1.0,1,0.1955,0.5836
1949-03-05,1949,R,,nba_0005,nba_0001,66,61,0.7386,1.0,1,0.0683,0.303
1949-03-05,1949,R,,nba_0005,nba_0001,66,61,0.7234,1.0,1,0.0765,0.3238
1949-03-05,1949,R,,nba_0016,nba_0008,81,64,0.9445,1.0,1,0.0031,0.0571
1949-03-05,1949,R,,nba_0016,nba_0008,81,64,0.9335,1.0,1,0.0044,0.0688
1949-03-05,1949,R,,nba_0011,nba_0002,95,106,0.6046,0.0,0,0.3655,0.9278
1949-03-05,1949,R,,nba_0011,nba_0002,95,106,0.6002,0.0,0,0.3602,0.9167
1949-03-06,1949,R,,nba_0013,nba_0016,66,78,0.2987,0.0,1,0.0892,0.3549
1949-03-06,1949,R,,nba_0013,nba_0016,66,78,0.3,0.0,1,0.09,0.3567
1949-03-06,1949,R,,nba_0015,nba_0008,68,59,0.9368,1.0,1,0.004,0.0652
1949-03-06,1949,R,,nba_0015,nba_0008,68,59,0.9253,1.0,1,0.0056,0.0776
1949-03-07,1949,R,,nba_0014,nba_0001,86,107,0.6598,0.0,0,0.4353,1.0782
1949-03-07,1949,R,,nba_0014,nba_0001,86,107,0.6465,0.0,0,0.418,1.04
1949-03-08,1949,R,,nba_0002,nba_0008,110,82,0.9041,1.0,1,0.0092,0.1008
1949-03-08,1949,R,,nba_0002,nba_0008,110,82,0.8812,1.0,1,0.0141,0.1265
1949-03-08,1949,R,,nba_0001,nba_0013,63,60,0.589,1.0,1,0.1689,0.5294
1949-03-08,1949,R,,nba_0001,nba_0013,63,60,0.6013,1.0,1,0.159,0.5087
1949-03-09,1949,R,,nba_0013,nba_0008,84,80,0.7664,1.0,1,0.0546,0.2661
1949-03-09,1949,R,,nba_0013,nba_0008,84,80,0.7331,1.0,1,0.0712,0.3105
1949-03-09,1949,R,,nba_0014,nba_0009,80,81,0.5125,0.0,0,0.2626,0.7184
1949-03-09,1949,R,,nba_0014,nba_0009,80,81,0.5218,0.0,0,0.2723,0.7378
1949-03-09,1949,R,,nba_0015,nba_0001,74,67,0.879,1.0,1,0.0147,0.129
1949-03-09,1949,R,,nba_0015,nba_0001,74,67,0.874,1.0,1,0.0159,0.1346
1949-03-09,1949,R,,nba_0005,nba_0011,90,74,0.5512,1.0,1,0.2014,0.5956
1949-03-09,1949,R,,nba_0005,nba_0011,90,74,0.5647,1.0,1,0.1895,0.5714
1949-03-10,1949,R,,nba_0012,nba_0005,94,99,0.6607,0.0,0,0.4366,1.081
1949-03-10,1949,R,,nba_0012,nba_0005,94,99,0.6419,0.0,0,0.4121,1.027
1949-03-10,1949,R,,nba_0006,nba_0016,71,73,0.4036,0.0,1,0.1629,0.5168
1949-03-10,1949,R,,nba_0006,nba_0016,71,73,0.388,0.0,1,0.1505,0.491
1949-03-10,1949,R,,nba_0009,nba_0015,88,71,0.3058,1.0,0,0.4819,1.1849
1949-03-10,1949,R,,nba_0009,nba_0015,88,71,0.2967,1.0,0,0.4946,1.2149
1949-03-11,1949,R,,nba_0001,nba_0006,108,100,0.5167,1.0,1,0.2336,0.6603
1949-03-11,1949,R,,nba_0001,nba_0006,108,100,0.5464,1.0,1,0.2058,0.6045
1949-03-12,1949,R,,nba_0012,nba_0001,89,77,0.7111,1.0,1,0.0834,0.3409
1949-03-12,1949,R,,nba_0012,nba_0001,89,77,0.6796,1.0,1,0.1026,0.3862
1949-03-12,1949,R,,nba_0002,nba_0005,80,85,0.7566,0.0,0,0.5724,1.413
1949-03-12,1949,R,,nba_0002,nba_0005,80,85,0.7511,0.0,0,0.5641,1.3907
1949-03-12,1949,R,,nba_0014,nba_0015,69,97,0.2775,0.0,1,0.077,0.325
1949-03-12,1949,R,,nba_0014,nba_0015,69,97,0.2762,0.0,1,0.0763,0.3232
1949-03-12,1949,R,,nba_0008,nba_0006,70,92,0.3682,0.0,1,0.1356,0.4592
1949-03-12,1949,R,,nba_0008,nba_0006,70,92,0.4262,0.0,1,0.1816,0.5555
1949-03-12,1949,R,,nba_0016,nba_0009,104,74,0.8688,1.0,1,0.0172,0.1406
1949-03-12,1949,R,,nba_0016,nba_0009,104,74,0.8722,1.0,1,0.0163,0.1367
1949-03-12,1949,R,,nba_0011,nba_0013,87,60,0.7464,1.0,1,0.0643,0.2925
1949-03-12,1949,R,,nba_0011,nba_0013,87,60,0.7315,1.0,1,0.0721,0.3127
1949-03-13,1949,R,,nba_0009,nba_0014,87,86,0.7137,1.0,1,0.082,0.3373
1949-03-13,1949,R,,nba_0009,nba_0014,87,86,0.7065,1.0,1,0.0861,0.3474
1949-03-13,1949,R,,nba_0015,nba_0005,100,90,0.7696,1.0,1,0.0531,0.2619
1949-03-13,1949,R,,nba_0015,nba_0005,100,90,0.7745,1.0,1,0.0508,0.2555
1949-03-13,1949,R,,nba_0013,nba_0002,81,78,0.3849,1.0,0,0.3783,0.9547
1949-03-13,1949,R,,nba_0013,nba_0002,81,78,0.3979,1.0,0,0.3626,0.9217
1949-03-15,1949,R,,nba_0001,nba_0016,86,83,0.2585,1.0,0,0.5498,1.3528
1949-03-15,1949,R,,nba_0001,nba_0016,86,83,0.2682,1.0,0,0.5355,1.3159
1949-03-15,1949,R,,nba_0014,nba_0008,90,84,0.6997,1.0,1,0.0902,0.357
1949-03-15,1949,R,,nba_0014,nba_0008,90,84,0.6635,1.0,1,0.1133,0.4103
1949-03-15,1949,R,,nba_0006,nba_0012,84,76,0.6423,1.0,1,0.128,0.4428
1949-03-15,1949,R,,nba_0006,nba_0012,84,76,0.6514,1.0,1,0.1215,0.4287
1949-03-16,1949,R,,nba_0001,nba_0002,82,107,0.3792,0.0,1,0.1438,0.4767
1949-03-16,1949,R,,nba_0001,nba_0002,82,107,0.4017,0.0,1,0.1614,0.5137
1949-03-16,1949,R,,nba_0005,nba_0016,89,94,0.4281,0.0,1,0.1833,0.5588
1949-03-16,1949,R,,nba_0005,nba_0016,89,94,0.4241,0.0,1,0.1799,0.5519
1949-03-16,1949,R,,nba_0009,nba_0008,81,59,0.8345,1.0,1,0.0274,0.181
1949-03-16,1949,R,,nba_0009,nba_0008,81,59,0.8055,1.0,1,0.0378,0.2163
1949-03-16,1949,R,,nba_0011,nba_0015,85,72,0.4731,1.0,0,0.2776,0.7484
1949-03-16,1949,R,,nba_0011,nba_0015,85,72,0.4548,1.0,0,0.2972,0.7878
1949-03-17,1949,R,,nba_0012,nba_0015,101,67,0.4245,1.0,0,0.3312,0.8568
1949-03-17,1949,R,,nba_0012,nba_0015,101,67,0.4009,1.0,0,0.359,0.9141
1949-03-17,1949,R,,nba_0002,nba_0009,85,79,0.7786,1.0,1,0.049,0.2502
1949-03-17,1949,R,,nba_0002,nba_0009,85,79,0.7756,1.0,1,0.0503,0.2541
1949-03-17,1949,R,,nba_0013,nba_0008,74,72,0.82,1.0,1,0.0324,0.1984
1949-03-17,1949,R,,nba_0013,nba_0008,74,72,0.796,1.0,1,0.0416,0.2282
1949-03-17,1949,R,,nba_0006,nba_0011,84,81,0.6058,1.0,1,0.1554,0.5012
1949-03-17,1949,R,,nba_0006,nba_0011,84,81,0.6083,1.0,1,0.1534,0.4971
1949-03-18,1949,R,,nba_0001,nba_0005,70,56,0.4944,1.0,0,0.2557,0.7045
1949-03-18,1949,R,,nba_0001,nba_0005,70,56,0.5095,1.0,1,0.2406,0.6743
1949-03-19,1949,R,,nba_0011,nba_0005,70,82,0.6896,0.0,0,0.4755,1.1698
1949-03-19,1949,R,,nba_0011,nba_0005,70,82,0.6795,0.0,0,0.4617,1.1378
1949-03-19,1949,R,,nba_0009,nba_0006,109,100,0.5061,1.0,1,0.2439,0.681
1949-03-19,1949,R,,nba_0009,nba_0006,109,100,0.5129,1.0,1,0.2373,0.6677
1949-03-19,1949,R,,nba_0012,nba_0013,99,79,0.7228,1.0,1,0.0768,0.3246
1949-03-19,1949,R,,nba_0012,nba_0013,99,79,0.7034,1.0,1,0.088,0.3518
1949-03-19,1949,R,,nba_0016,nba_0015,85,99,0.7249,0.0,0,0.5255,1.2906
1949-03-19,1949,R,,nba_0016,nba_0015,85,99,0.7236,0.0,0,0.5236,1.2859
1949-03-20,1949,R,,nba_0002,nba_0016,98,61,0.5409,1.0,1,0.2108,0.6146
1949-03-20,1949,R,,nba_0002,nba_0016,98,61,0.5308,1.0,1,0.2201,0.6333
1949-03-20,1949,R,,nba_0013,nba_0009,82,87,0.567,0.0,0,0.3214,0.8369
1949-03-20,1949,R,,nba_0013,nba_0009,82,87,0.5744,0.0,0,0.33,0.8543
1949-03-20,1949,R,,nba_0015,nba_0006,91,78,0.767,1.0,1,0.0543,0.2653
1949-03-20,1949,R,,nba_0015,nba_0006,91,78,0.7769,1.0,1,0.0498,0.2524
1949-03-22,1949,P,1.0,nba_0016,nba_0009,93,64,0.8323,1.0,1,0.0281,0.1836
1949-03-22,1949,P,1.0,nba_0016,nba_0009,93,64,0.8353,1.0,1,0.0271,0.18
1949-03-23,1949,P,1.0,nba_0009,nba_0016,64,66,0.3326,0.0,1,0.1106,0.4043
1949-03-23,1949,P,1.0,nba_0009,nba_0016,64,66,0.3281,0.0,1,0.1076,0.3976
1949-03-23,1949,P,1.0,nba_0006,nba_0011,70,92,0.5778,0.0,0,0.3338,0.8622
1949-03-23,1949,P,1.0,nba_0006,nba_0011,70,92,0.5805,0.0,0,0.337,0.8688
1949-03-23,1949,P,1.0,nba_0015,nba_0002,84,77,0.6719,1.0,1,0.1076,0.3976
1949-03-23,1949,P,1.0,nba_0015,nba_0002,84,77,0.6815,1.0,1,0.1015,0.3835
1949-03-23,1949,P,1.0,nba_0012,nba_0005,82,81,0.617,1.0,1,0.1467,0.4829
1949-03-23,1949,P,1.0,nba_0012,nba_0005,82,81,0.6011,1.0,1,0.1591,0.509
1949-03-24,1949,P,1.0,nba_0002,nba_0015,85,101,0.5443,0.0,0,0.2962,0.7859
1949-03-24,1949,P,1.0,nba_0002,nba_0015,85,101,0.5341,0.0,0,0.2852,0.7637
1949-03-24,1949,P,1.0,nba_0005,nba_0012,84,74,0.6065,1.0,1,0.1549,0.5001
1949-03-24,1949,P,1.0,nba_0005,nba_0012,84,74,0.6218,1.0,1,0.143,0.4751
1949-03-24,1949,P,1.0,nba_0011,nba_0006,80,78,0.6844,1.0,1,0.0996,0.3792
1949-03-24,1949,P,1.0,nba_0011,nba_0006,80,78,0.6823,1.0,1,0.101,0.3823
1949-03-26,1949,P,1.0,nba_0005,nba_0012,103,99,0.6305,1.0,1,0.1365,0.4612
1949-03-26,1949,P,1.0,nba_0005,nba_0012,103,99,0.6447,1.0,1,0.1262,0.439
1949-03-27,1949,P,2.0,nba_0016,nba_0015,79,80,0.6437,0.0,0,0.4144,1.0321
1949-03-27,1949,P,2.0,nba_0016,nba_0015,79,80,0.6428,0.0,0,0.4132,1.0294
1949-03-29,1949,P,2.0,nba_0015,nba_0016,67,55,0.6394,1.0,1,0.13,0.4472
1949-03-29,1949,P,2.0,nba_0015,nba_0016,67,55,0.6403,1.0,1,0.1293,0.4457
1949-03-29,1949,P,2.0,nba_0011,nba_0005,77,71,0.6891,1.0,1,0.0966,0.3723
1949-03-29,1949,P,2.0,nba_0011,nba_0005,77,71,0.6804,1.0,1,0.1021,0.385
1949-03-31,1949,P,2.0,nba_0005,nba_0011,86,84,0.5704,1.0,1,0.1846,0.5614
1949-03-31,1949,P,2.0,nba_0005,nba_0011,86,84,0.5797,1.0,1,0.1767,0.5453
1949-04-02,1949,P,2.0,nba_0011,nba_0005,84,76,0.6494,1.0,1,0.1229,0.4317
1949-04-02,1949,P,2.0,nba_0011,nba_0005,84,76,0.641,1.0,1,0.1289,0.4448
1949-04-04,1949,P,3.0,nba_0015,nba_0011,88,84,0.8025,1.0,1,0.039,0.22
1949-04-04,1949,P,3.0,nba_0015,nba_0011,88,84,0.8115,1.0,1,0.0355,0.2089
1949-04-06,1949,P,3.0,nba_0015,nba_0011,76,62,0.779,1.0,1,0.0489,0.2498
1949-04-06,1949,P,3.0,nba_0015,nba_0011,76,62,0.7883,1.0,1,0.0448,0.2378
1949-04-08,1949,P,3.0,nba_0011,nba_0015,74,94,0.4098,0.0,1,0.1679,0.5273
1949-04-08,1949,P,3.0,nba_0011,nba_0015,74,94,0.3973,0.0,1,0.1579,0.5064
1949-04-09,1949,P,3.0,nba_0011,nba_0015,83,71,0.3726,1.0,0,0.3936,0.9872
1949-04-09,1949,P,3.0,nba_0011,nba_0015,83,71,0.3619,1.0,0,0.4071,1.0163
1949-04-11,1949,P,3.0,nba_0011,nba_0015,74,65,0.4169,1.0,0,0.34,0.875
1949-04-11,1949,P,3.0,nba_0011,nba_0015,74,65,0.4062,1.0,0,0.3526,0.9008
1949-04-13,1949,P,3.0,nba_0015,nba_0011,77,56,0.7588,1.0,1,0.0582,0.276
1949-04-13,1949,P,3.0,nba_0015,nba_0011,77,56,0.7664,1.0,1,0.0546,0.266
1949-10-29,1950,R,,nba_0022,nba_0024,93,85,0.6186,1.0,1,0.1455,0.4803
1949-10-29,1950,R,,nba_0022,nba_0024,93,85,0.6186,1.0,1,0.1455,0.4803
1949-11-01,1950,R,,nba_0002,nba_0005,87,89,0.6703,0.0,0,0.4493,1.1097
1949-11-01,1950,R,,nba_0002,nba_0005,87,89,0.6186,0.0,0,0.3826,0.9639
1949-11-01,1950,R,,nba_0019,nba_0024,71,64,0.6513,1.0,1,0.1216,0.4287
1949-11-01,1950,R,,nba_0019,nba_0024,71,64,0.6513,1.0,1,0.1216,0.4287
1949-11-01,1950,R,,nba_0016,nba_0020,108,75,0.7432,1.0,1,0.0659,0.2967
1949-11-01,1950,R,,nba_0016,nba_0020,108,75,0.6186,1.0,1,0.1455,0.4803
1949-11-01,1950,R,,nba_0009,nba_0022,72,51,0.6067,1.0,1,0.1547,0.4997
1949-11-01,1950,R,,nba_0009,nba_0022,72,51,0.6286,1.0,1,0.1379,0.4642
1949-11-02,1950,R,,nba_0006,nba_0015,69,81,0.451,0.0,1,0.2034,0.5996
1949-11-02,1950,R,,nba_0006,nba_0015,69,81,0.6186,0.0,0,0.3826,0.9639
1949-11-02,1950,R,,nba_0023,nba_0005,60,68,0.6204,0.0,0,0.3849,0.9687
1949-11-02,1950,R,,nba_0023,nba_0005,60,68,0.6498,0.0,0,0.4222,1.0492
1949-11-02,1950,R,,nba_0011,nba_0012,66,61,0.657,1.0,1,0.1177,0.4201
1949-11-02,1950,R,,nba_0011,nba_0012,66,61,0.6186,1.0,1,0.1455,0.4803
1949-11-03,1950,R,,nba_0017,nba_0022,110,87,0.6668,1.0,1,0.111,0.4053
1949-11-03,1950,R,,nba_0017,nba_0022,110,87,0.6661,1.0,1,0.1115,0.4063
1949-11-03,1950,R,,nba_0012,nba_0009,65,81,0.612,0.0,0,0.3745,0.9466
1949-11-03,1950,R,,nba_0012,nba_0009,65,81,0.5688,0.0,0,0.3236,0.8412
1949-11-03,1950,R,,nba_0013,nba_0005,87,72,0.5407,1.0,1,0.211,0.615
1949-11-03,1950,R,,nba_0013,nba_0005,87,72,0.6306,1.0,1,0.1364,0.461
1949-11-03,1950,R,,nba_0020,nba_0001,98,83,0.5983,1.0,1,0.1614,0.5137
1949-11-03,1950,R,,nba_0020,nba_0001,98,83,0.5512,1.0,1,0.2014,0.5957
1949-11-03,1950,R,,nba_0021,nba_0024,78,58,0.6813,1.0,1,0.1016,0.3838
1949-11-03,1950,R,,nba_0021,nba_0024,78,58,0.6813,1.0,1,0.1016,0.3838
1949-11-04,1950,R,,nba_0006,nba_0009,79,58,0.6109,1.0,1,0.1514,0.4928
1949-11-04,1950,R,,nba_0006,nba_0009,79,58,0.5777,1.0,1,0.1784,0.5488
1949-11-05,1950,R,,nba_0012,nba_0015,77,92,0.3933,0.0,1,0.1547,0.4997
1949-11-05,1950,R,,nba_0012,nba_0015,77,92,0.5397,0.0,0,0.2913,0.7759
1949-11-05,1950,R,,nba_0002,nba_0001,86,70,0.7667,1.0,1,0.0544,0.2657
1949-11-05,1950,R,,nba_0002,nba_0001,86,70,0.6665,1.0,1,0.1112,0.4058
1949-11-05,1950,R,,nba_0024,nba_0021,51,84,0.5675,0.0,0,0.322,0.8381
1949-11-05,1950,R,,nba_0024,nba_0021,51,84,0.5675,0.0,0,0.322,0.8381
1949-11-05,1950,R,,nba_0016,nba_0006,83,53,0.7804,1.0,1,0.0482,0.2479
1949-11-05,1950,R,,nba_0016,nba_0006,83,53,0.6848,1.0,1,0.0993,0.3786
1949-11-05,1950,R,,nba_0022,nba_0005,72,76,0.5515,0.0,0,0.3042,0.8018
1949-11-05,1950,R,,nba_0022,nba_0005,72,76,0.5794,0.0,0,0.3357,0.8661
1949-11-05,1950,R,,nba_0011,nba_0009,81,69,0.7196,1.0,1,0.0786,0.3291
1949-11-05,1950,R,,nba_0011,nba_0009,81,69,0.6504,1.0,1,0.1222,0.4302
1949-11-06,1950,R,,nba_0013,nba_0002,87,70,0.5383,1.0,1,0.2132,0.6194
1949-11-06,1950,R,,nba_0013,nba_0002,87,70,0.6728,1.0,1,0.1071,0.3963
1949-11-06,1950,R,,nba_0020,nba_0005,99,93,0.6078,1.0,1,0.1539,0.498
1949-11-06,1950,R,,nba_0020,nba_0005,99,93,0.6265,1.0,1,0.1395,0.4677
1949-11-06,1950,R,,nba_0021,nba_0006,82,72,0.6657,1.0,1,0.1118,0.4069
1949-11-06,1950,R,,nba_0021,nba_0006,82,72,0.6826,1.0,1,0.1008,0.3819
1949-11-06,1950,R,,nba_0023,nba_0001,80,66,0.7006,1.0,1,0.0896,0.3558
1949-11-06,1950,R,,nba_0023,nba_0001,80,66,0.6716,1.0,1,0.1078,0.398
1949-11-08,1950,R,,nba_0017,nba_0009,70,62,0.6822,1.0,1,0.101,0.3824
1949-11-08,1950,R,,nba_0017,nba_0009,70,62,0.668,1.0,1,0.1102,0.4035
1949-11-08,1950,R,,nba_0019,nba_0005,64,79,0.6264,0.0,0,0.3923,0.9845
1949-11-08,1950,R,,nba_0019,nba_0005,64,79,0.6507,0.0,0,0.4234,1.0517
1949-11-08,1950,R,,nba_0011,nba_0015,66,68,0.4964,0.0,1,0.2464,0.6859
1949-11-08,1950,R,,nba_0011,nba_0015,66,68,0.598,0.0,0,0.3576,0.9113
1949-11-09,1950,R,,nba_0017,nba_0022,102,99,0.6355,1.0,1,0.1328,0.4533
1949-11-09,1950,R,,nba_0017,nba_0022,102,99,0.6362,1.0,1,0.1323,0.4522
1949-11-09,1950,R,,nba_0002,nba_0016,75,72,0.4916,1.0,0,0.2585,0.7101
1949-11-09,1950,R,,nba_0002,nba_0016,75,72,0.5437,1.0,1,0.2082,0.6093
1949-11-09,1950,R,,nba_0006,nba_0011,69,84,0.5807,0.0,0,0.3372,0.8691
1949-11-09,1950,R,,nba_0006,nba_0011,69,84,0.6215,0.0,0,0.3863,0.9716
1949-11-09,1950,R,,nba_0021,nba_0019,103,73,0.7248,1.0,1,0.0757,0.3219
1949-11-09,1950,R,,nba_0021,nba_0019,103,73,0.7254,1.0,1,0.0754,0.3211
1949-11-09,1950,R,,nba_0023,nba_0024,80,65,0.6563,1.0,1,0.1182,0.4212
1949-11-09,1950,R,,nba_0023,nba_0024,80,65,0.6563,1.0,1,0.1181,0.4211
1949-11-10,1950,R,,nba_0012,nba_0011,72,88,0.5431,0.0,0,0.295,0.7833
1949-11-10,1950,R,,nba_0012,nba_0011,72,88,0.5743,0.0,0,0.3298,0.8539
1949-11-10,1950,R,,nba_0001,nba_0015,84,98,0.3758,0.0,1,0.1412,0.4713
1949-11-10,1950,R,,nba_0001,nba_0015,84,98,0.5622,0.0,0,0.3161,0.826
1949-11-10,1950,R,,nba_0002,nba_0024,64,53,0.7551,1.0,1,0.06,0.2809
1949-11-10,1950,R,,nba_0002,nba_0024,64,53,0.6928,1.0,1,0.0944,0.3671
1949-11-10,1950,R,,nba_0013,nba_0023,89,59,0.632,1.0,1,0.1354,0.4588
1949-11-10,1950,R,,nba_0013,nba_0023,89,59,0.6816,1.0,1,0.1014,0.3833
1949-11-10,1950,R,,nba_0005,nba_0019,79,83,0.7295,0.0,0,0.5321,1.3073
1949-11-10,1950,R,,nba_0005,nba_0019,79,83,0.7104,0.0,0,0.5047,1.2394
1949-11-10,1950,R,,nba_0020,nba_0016,97,87,0.5191,1.0,1,0.2313,0.6557
1949-11-10,1950,R,,nba_0020,nba_0016,97,87,0.637,1.0,1,0.1318,0.451
1949-11-10,1950,R,,nba_0009,nba_0021,73,67,0.5511,1.0,1,0.2015,0.5958
1949-11-10,1950,R,,nba_0009,nba_0021,73,67,0.5673,1.0,1,0.1872,0.5668
1949-11-11,1950,R,,nba_0006,nba_0019,84,91,0.6175,0.0,0,0.3814,0.9611
1949-11-11,1950,R,,nba_0006,nba_0019,84,91,0.5993,0.0,0,0.3592,0.9145
1949-11-12,1950,R,,nba_0017,nba_0021,69,84,0.6134,0.0,0,0.3763,0.9504
1949-11-12,1950,R,,nba_0017,nba_0021,69,84,0.6143,0.0,0,0.3774,0.9527
1949-11-12,1950,R,,nba_0012,nba_0013,82,75,0.5743,1.0,1,0.1812,0.5546
1949-11-12,1950,R,,nba_0012,nba_0013,82,75,0.4934,1.0,0,0.2566,0.7064
1949-11-12,1950,R,,nba_0002,nba_0015,86,79,0.4746,1.0,0,0.2761,0.7454
1949-11-12,1950,R,,nba_0002,nba_0015,86,79,0.5487,1.0,1,0.2037,0.6002
1949-11-12,1950,R,,nba_0024,nba_0006,63,81,0.6042,0.0,0,0.3651,0.9269
1949-11-12,1950,R,,nba_0024,nba_0006,63,81,0.6208,0.0,0,0.3854,0.9698
1949-11-12,1950,R,,nba_0019,nba_0009,94,71,0.6069,1.0,1,0.1545,0.4994
1949-11-12,1950,R,,nba_0019,nba_0009,94,71,0.5899,1.0,1,0.1682,0.5278
1949-11-12,1950,R,,nba_0016,nba_0005,94,73,0.6985,1.0,1,0.0909,0.3588
1949-11-12,1950,R,,nba_0016,nba_0005,94,73,0.6072,1.0,1,0.1543,0.4988
1949-11-12,1950,R,,nba_0022,nba_0023,99,89,0.6123,1.0,1,0.1503,0.4906
1949-11-12,1950,R,,nba_0022,nba_0023,99,89,0.6095,1.0,1,0.1525,0.4952
1949-11-12,1950,R,,nba_0011,nba_0001,68,76,0.7873,0.0,0,0.6198,1.5478
1949-11-12,1950,R,,nba_0011,nba_0001,68,76,0.7289,0.0,0,0.5313,1.3053
1949-11-13,1950,R,,nba_0013,nba_0024,90,71,0.7097,1.0,1,0.0843,0.3429
1949-11-13,1950,R,,nba_0013,nba_0024,90,71,0.7523,1.0,1,0.0614,0.2847
1949-11-13,1950,R,,nba_0020,nba_0019,104,101,0.6635,1.0,1,0.1133,0.4103
1949-11-13,1950,R,,nba_0020,nba_0019,104,101,0.6555,1.0,1,0.1187,0.4224
1949-11-13,1950,R,,nba_0009,nba_0002,65,91,0.4983,0.0,1,0.2483,0.6897
1949-11-13,1950,R,,nba_0009,nba_0002,65,91,0.589,0.0,0,0.3469,0.8892
1949-11-13,1950,R,,nba_0021,nba_0005,80,66,0.6607,1.0,1,0.1151,0.4144
1949-11-13,1950,R,,nba_0021,nba_0005,80,66,0.6865,1.0,1,0.0983,0.3761
1949-11-13,1950,R,,nba_0023,nba_0017,69,81,0.5823,0.0,0,0.339,0.8729
1949-11-13,1950,R,,nba_0023,nba_0017,69,81,0.5844,0.0,0,0.3416,0.8781
1949-11-15,1950,R,,nba_0001,nba_0012,76,81,0.5905,0.0,0,0.3486,0.8927
1949-11-15,1950,R,,nba_0001,nba_0012,76,81,0.6369,0.0,0,0.4057,1.0132
1949-11-15,1950,R,,nba_0002,nba_0011,77,63,0.6244,1.0,1,0.1411,0.471
1949-11-15,1950,R,,nba_0002,nba_0011,77,63,0.6106,1.0,1,0.1517,0.4934
1949-11-15,1950,R,,nba_0019,nba_0017,72,83,0.6059,0.0,0,0.3672,0.9312
1949-11-15,1950,R,,nba_0019,nba_0017,72,83,0.6038,0.0,0,0.3646,0.9258
1949-11-15,1950,R,,nba_0005,nba_0021,74,77,0.5486,0.0,0,0.301,0.7955
1949-11-15,1950,R,,nba_0005,nba_0021,74,77,0.5218,0.0,0,0.2723,0.7378
1949-11-15,1950,R,,nba_0016,nba_0022,93,81,0.7766,1.0,1,0.0499,0.2528
1949-11-15,1950,R,,nba_0016,nba_0022,93,81,0.682,1.0,1,0.1011,0.3827
1949-11-16,1950,R,,nba_0002,nba_0013,85,72,0.7046,1.0,1,0.0873,0.3502
1949-11-16,1950,R,,nba_0002,nba_0013,85,72,0.597,1.0,1,0.1624,0.5158
1949-11-16,1950,R,,nba_0015,nba_0009,94,71,0.8366,1.0,1,0.0267,0.1784
1949-11-16,1950,R,,nba_0015,nba_0009,94,71,0.7322,1.0,1,0.0717,0.3118
1949-11-16,1950,R,,nba_0006,nba_0001,93,80,0.708,1.0,1,0.0853,0.3453
1949-11-16,1950,R,,nba_0006,nba_0001,93,80,0.6743,1.0,1,0.1061,0.394
1949-11-16,1950,R,,nba_0023,nba_0020,73,76,0.5347,0.0,0,0.2859,0.7651
1949-11-16,1950,R,,nba_0023,nba_0020,73,76,0.5475,0.0,0,0.2997,0.7929
1949-11-16,1950,R,,nba_0011,nba_0024,99,90,0.7587,1.0,1,0.0582,0.2761
1949-11-16,1950,R,,nba_0011,nba_0024,99,90,0.7155,1.0,1,0.0809,0.3348
1949-11-17,1950,R,,nba_0012,nba_0024,86,71,0.7398,1.0,1,0.0677,0.3013
1949-11-17,1950,R,,nba_0012,nba_0024,86,71,0.7217,1.0,1,0.0774,0.3261
1949-11-17,1950,R,,nba_0001,nba_0019,90,68,0.5075,1.0,1,0.2425,0.6782
1949-11-17,1950,R,,nba_0001,nba_0019,90,68,0.5279,1.0,1,0.2228,0.6388
1949-11-17,1950,R,,nba_0020,nba_0023,97,95,0.7161,1.0,1,0.0806,0.334
1949-11-17,1950,R,,nba_0020,nba_0023,97,95,0.7062,1.0,1,0.0863,0.3479
1949-11-17,1950,R,,nba_0009,nba_0015,78,65,0.3473,1.0,0,0.426,1.0575
1949-11-17,1950,R,,nba_0009,nba_0015,78,65,0.488,1.0,0,0.2621,0.7174
1949-11-17,1950,R,,nba_0021,nba_0022,79,76,0.7492,1.0,1,0.0629,0.2887
1949-11-17,1950,R,,nba_0021,nba_0022,79,76,0.7505,1.0,1,0.0623,0.2871
1949-11-18,1950,R,,nba_0024,nba_0005,78,85,0.4095,0.0,1,0.1677,0.5267
1949-11-18,1950,R,,nba_0024,nba_0005,78,85,0.4329,0.0,1,0.1874,0.5672
1949-11-18,1950,R,,nba_0006,nba_0002,103,88,0.4549,1.0,0,0.2972,0.7878
1949-11-18,1950,R,,nba_0006,nba_0002,103,88,0.503,1.0,1,0.247,0.6872
1949-11-19,1950,R,,nba_0017,nba_0015,83,80,0.5193,1.0,1,0.2311,0.6553
1949-11-19,1950,R,,nba_0017,nba_0015,83,80,0.6542,1.0,1,0.1196,0.4244
1949-11-19,1950,R,,nba_0012,nba_0001,82,91,0.6725,0.0,0,0.4523,1.1164
1949-11-19,1950,R,,nba_0012,nba_0001,82,91,0.6333,0.0,0,0.4011,1.0032
1949-11-19,1950,R,,nba_0019,nba_0023,106,74,0.6562,1.0,1,0.1182,0.4213
1949-11-19,1950,R,,nba_0019,nba_0023,106,74,0.6536,1.0,1,0.12,0.4252
1949-11-19,1950,R,,nba_0005,nba_0006,85,69,0.6423,1.0,1,0.1279,0.4426
1949-11-19,1950,R,,nba_0005,nba_0006,85,69,0.6348,1.0,1,0.1333,0.4544
1949-11-19,1950,R,,nba_0016,nba_0024,96,64,0.8785,1.0,1,0.0148,0.1296
1949-11-19,1950,R,,nba_0016,nba_0024,96,64,0.8217,1.0,1,0.0318,0.1963
1949-11-19,1950,R,,nba_0022,nba_0013,85,88,0.5683,0.0,0,0.323,0.84
1949-11-19,1950,R,,nba_0022,nba_0013,85,88,0.5211,0.0,0,0.2715,0.7362
1949-11-19,1950,R,,nba_0011,nba_0002,85,69,0.6227,1.0,1,0.1424,0.4737
1949-11-19,1950,R,,nba_0011,nba_0002,85,69,0.6308,1.0,1,0.1363,0.4607
1949-11-20,1950,R,,nba_0013,nba_0001,99,89,0.6625,1.0,1,0.1139,0.4117
1949-11-20,1950,R,,nba_0013,nba_0001,99,89,0.6843,1.0,1,0.0997,0.3793
1949-11-20,1950,R,,nba_0015,nba_0019,121,95,0.7809,1.0,1,0.048,0.2473
1949-11-20,1950,R,,nba_0015,nba_0019,121,95,0.6737,1.0,1,0.1065,0.395
1949-11-20,1950,R,,nba_0020,nba_0012,92,97,0.7351,0.0,0,0.5404,1.3285
1949-11-20,1950,R,,nba_0020,nba_0012,92,97,0.7465,0.0,0,0.5572,1.3723
1949-11-20,1950,R,,nba_0009,nba_0016,95,74,0.4593,1.0,0,0.2924,0.7781
1949-11-20,1950,R,,nba_0009,nba_0016,95,74,0.5717,1.0,1,0.1834,0.5591
1949-11-20,1950,R,,nba_0021,nba_0024,102,76,0.8596,1.0,1,0.0197,0.1513
1949-11-20,1950,R,,nba_0021,nba_0024,102,76,0.8622,1.0,1,0.019,0.1483
1949-11-20,1950,R,,nba_0023,nba_0022,75,62,0.59,1.0,1,0.1681,0.5276
1949-11-20,1950,R,,nba_0023,nba_0022,75,62,0.5942,1.0,1,0.1646,0.5205
1949-11-21,1950,R,,nba_0017,nba_0001,85,99,0.7451,0.0,0,0.5552,1.3669
1949-11-21,1950,R,,nba_0017,nba_0001,85,99,0.7295,0.0,0,0.5322,1.3075
1949-11-21,1950,R,,nba_0024,nba_0021,67,77,0.3292,0.0,1,0.1084,0.3993
1949-11-21,1950,R,,nba_0024,nba_0021,67,77,0.3247,0.0,1,0.1054,0.3926
1949-11-22,1950,R,,nba_0019,nba_0016,80,74,0.4539,1.0,0,0.2982,0.7898
1949-11-22,1950,R,,nba_0019,nba_0016,80,74,0.5565,1.0,1,0.1967,0.5861
1949-11-22,1950,R,,nba_0022,nba_0001,80,72,0.6028,1.0,1,0.1577,0.5061
1949-11-22,1950,R,,nba_0022,nba_0001,80,72,0.5831,1.0,1,0.1738,0.5394
1949-11-22,1950,R,,nba_0011,nba_0005,74,89,0.6725,0.0,0,0.4523,1.1164
1949-11-22,1950,R,,nba_0011,nba_0005,74,89,0.6461,0.0,0,0.4174,1.0387
1949-11-23,1950,R,,nba_0002,nba_0019,92,72,0.756,1.0,1,0.0595,0.2797
1949-11-23,1950,R,,nba_0002,nba_0019,92,72,0.713,1.0,1,0.0824,0.3383
1949-11-23,1950,R,,nba_0015,nba_0012,84,71,0.7932,1.0,1,0.0428,0.2317
1949-11-23,1950,R,,nba_0015,nba_0012,84,71,0.7146,1.0,1,0.0815,0.3361
1949-11-23,1950,R,,nba_0005,nba_0011,87,67,0.6128,1.0,1,0.1499,0.4896
1949-11-23,1950,R,,nba_0005,nba_0011,87,67,0.6392,1.0,1,0.1301,0.4475
1949-11-23,1950,R,,nba_0023,nba_0016,71,90,0.4596,0.0,1,0.2112,0.6155
1949-11-23,1950,R,,nba_0023,nba_0016,71,90,0.5687,0.0,0,0.3234,0.8409
1949-11-24,1950,R,,nba_0001,nba_0013,85,99,0.5197,0.0,0,0.2701,0.7334
1949-11-24,1950,R,,nba_0001,nba_0013,85,99,0.496,0.0,1,0.246,0.6851
1949-11-24,1950,R,,nba_0006,nba_0005,70,75,0.5672,0.0,0,0.3217,0.8375
1949-11-24,1950,R,,nba_0006,nba_0005,70,75,0.5764,0.0,0,0.3322,0.8589
1949-11-24,1950,R,,nba_0020,nba_0022,120,113,0.7414,1.0,1,0.0669,0.2992
1949-11-24,1950,R,,nba_0020,nba_0022,120,113,0.7354,1.0,1,0.07,0.3073
1949-11-24,1950,R,,nba_0009,nba_0012,63,65,0.6699,0.0,0,0.4488,1.1085
1949-11-24,1950,R,,nba_0009,nba_0012,63,65,0.6902,0.0,0,0.4764,1.1719
1949-11-24,1950,R,,nba_0021,nba_0017,125,123,0.7073,1.0,1,0.0857,0.3463
1949-11-24,1950,R,,nba_0021,nba_0017,125,123,0.7064,1.0,1,0.0862,0.3476
1949-11-25,1950,R,,nba_0024,nba_0015,81,101,0.2906,0.0,1,0.0844,0.3433
1949-11-25,1950,R,,nba_0024,nba_0015,81,101,0.3984,0.0,1,0.1587,0.5081
1949-11-26,1950,R,,nba_0017,nba_0009,73,63,0.6703,1.0,1,0.1087,0.4001
1949-11-26,1950,R,,nba_0017,nba_0009,73,63,0.6727,1.0,1,0.1071,0.3964
1949-11-26,1950,R,,nba_0002,nba_0006,90,54,0.7641,1.0,1,0.0557,0.2691
1949-11-26,1950,R,,nba_0002,nba_0006,90,54,0.7321,1.0,1,0.0718,0.3118
1949-11-26,1950,R,,nba_0019,nba_0020,85,59,0.5862,1.0,1,0.1712,0.5341
1949-11-26,1950,R,,nba_0019,nba_0020,85,59,0.5846,1.0,1,0.1726,0.5369
1949-11-26,1950,R,,nba_0005,nba_0001,96,84,0.7596,1.0,1,0.0578,0.2749
1949-11-26,1950,R,,nba_0005,nba_0001,96,84,0.7237,1.0,1,0.0764,0.3234
1949-11-26,1950,R,,nba_0016,nba_0023,120,95,0.8119,1.0,1,0.0354,0.2083
1949-11-26,1950,R,,nba_0016,nba_0023,120,95,0.7448,1.0,1,0.0651,0.2947
1949-11-26,1950,R,,nba_0011,nba_0013,93,76,0.6653,1.0,1,0.112,0.4076
1949-11-26,1950,R,,nba_0011,nba_0013,93,76,0.5769,1.0,1,0.179,0.55
1949-11-27,1950,R,,nba_0024,nba_0012,68,61,0.4126,1.0,0,0.3451,0.8853
1949-11-27,1950,R,,nba_0024,nba_0012,68,61,0.4269,1.0,0,0.3284,0.8511
1949-11-27,1950,R,,nba_0013,nba_0005,72,77,0.5267,0.0,0,0.2775,0.7481
1949-11-27,1950,R,,nba_0013,nba_0005,72,77,0.5894,0.0,0,0.3474,0.8902
1949-11-27,1950,R,,nba_0015,nba_0002,82,96,0.7115,0.0,0,0.5063,1.2432
1949-11-27,1950,R,,nba_0015,nba_0002,82,96,0.6573,0.0,0,0.432,1.0709
1949-11-27,1950,R,,nba_0020,nba_0017,91,111,0.6,0.0,0,0.36,0.9163
1949-11-27,1950,R,,nba_0020,nba_0017,91,111,0.5924,0.0,0,0.3509,0.8975
1949-11-27,1950,R,,nba_0009,nba_0006,80,67,0.6215,1.0,1,0.1432,0.4756
1949-11-27,1950,R,,nba_0009,nba_0006,80,67,0.6378,1.0,1,0.1312,0.4498
1949-11-27,1950,R,,nba_0021,nba_0023,80,62,0.8358,1.0,1,0.027,0.1793
1949-11-27,1950,R,,nba_0021,nba_0023,80,62,0.8386,1.0,1,0.026,0.176
1949-11-27,1950,R,,nba_0022,nba_0019,104,88,0.5906,1.0,1,0.1676,0.5267
1949-11-27,1950,R,,nba_0022,nba_0019,104,88,0.5992,1.0,1,0.1606,0.5121
1949-11-28,1950,R,,nba_0017,nba_0023,101,87,0.7651,1.0,1,0.0552,0.2677
1949-11-28,1950,R,,nba_0017,nba_0023,101,87,0.7691,1.0,1,0.0533,0.2626
1949-11-29,1950,R,,nba_0024,nba_0006,56,57,0.4977,0.0,1,0.2477,0.6885
1949-11-29,1950,R,,nba_0024,nba_0006,56,57,0.5059,0.0,0,0.2559,0.7049
1949-11-29,1950,R,,nba_0019,nba_0022,92,76,0.658,1.0,1,0.117,0.4186
1949-11-29,1950,R,,nba_0019,nba_0022,92,76,0.6503,1.0,1,0.1223,0.4303
1949-11-30,1950,R,,nba_0001,nba_0021,71,87,0.4239,0.0,1,0.1797,0.5515
1949-11-30,1950,R,,nba_0001,nba_0021,71,87,0.4436,0.0,1,0.1968,0.5863
1949-11-30,1950,R,,nba_0002,nba_0012,57,50,0.7738,1.0,1,0.0512,0.2564
1949-11-30,1950,R,,nba_0002,nba_0012,57,50,0.7492,1.0,1,0.0629,0.2887
1949-11-30,1950,R,,nba_0015,nba_0005,102,92,0.6814,1.0,1,0.1015,0.3836
1949-11-30,1950,R,,nba_0015,nba_0005,102,92,0.5922,1.0,1,0.1663,0.5239
1949-11-30,1950,R,,nba_0022,nba_0009,82,89,0.5319,0.0,0,0.283,0.7592
1949-11-30,1950,R,,nba_0022,nba_0009,82,89,0.5342,0.0,0,0.2853,0.7639
1949-11-30,1950,R,,nba_0023,nba_0013,95,71,0.4822,1.0,0,0.2681,0.7294
1949-11-30,1950,R,,nba_0023,nba_0013,95,71,0.4403,1.0,0,0.3133,0.8203
1949-11-30,1950,R,,nba_0011,nba_0016,84,86,0.5296,0.0,0,0.2805,0.7542
1949-11-30,1950,R,,nba_0011,nba_0016,84,86,0.5768,0.0,0,0.3327,0.8598
1949-12-01,1950,R,,nba_0017,nba_0022,81,72,0.786,1.0,1,0.0458,0.2408
1949-12-01,1950,R,,nba_0017,nba_0022,81,72,0.7864,1.0,1,0.0456,0.2403
1949-12-01,1950,R,,nba_0012,nba_0016,70,64,0.4187,1.0,0,0.338,0.8707
1949-12-01,1950,R,,nba_0012,nba_0016,70,64,0.4873,1.0,0,0.2629,0.7189
1949-12-01,1950,R,,nba_0013,nba_0006,74,70,0.6182,1.0,1,0.1458,0.4809
1949-12-01,1950,R,,nba_0013,nba_0006,74,70,0.6678,1.0,1,0.1104,0.4038
1949-12-01,1950,R,,nba_0019,nba_0015,86,68,0.4467,1.0,0,0.3062,0.8059
1949-12-01,1950,R,,nba_0019,nba_0015,86,68,0.554,1.0,1,0.1989,0.5906
1949-12-01,1950,R,,nba_0020,nba_0002,78,80,0.4915,0.0,1,0.2416,0.6763
1949-12-01,1950,R,,nba_0020,nba_0002,78,80,0.5424,0.0,0,0.2942,0.7818
1949-12-01,1950,R,,nba_0009,nba_0005,68,85,0.5013,0.0,0,0.2513,0.6957
1949-12-01,1950,R,,nba_0009,nba_0005,68,85,0.5242,0.0,0,0.2748,0.7427
1949-12-02,1950,R,,nba_0024,nba_0023,74,63,0.5463,1.0,1,0.2058,0.6046
1949-12-02,1950,R,,nba_0024,nba_0023,74,63,0.5395,1.0,1,0.2121,0.6171
1949-12-02,1950,R,,nba_0006,nba_0016,79,82,0.4081,0.0,1,0.1666,0.5244
1949-12-02,1950,R,,nba_0006,nba_0016,79,82,0.4836,0.0,1,0.2339,0.6609
1949-12-03,1950,R,,nba_0002,nba_0015,80,91,0.6173,0.0,0,0.3811,0.9605
1949-12-03,1950,R,,nba_0002,nba_0015,80,91,0.6689,0.0,0,0.4474,1.1052
1949-12-03,1950,R,,nba_0005,nba_0012,85,55,0.7447,1.0,1,0.0652,0.2948
1949-12-03,1950,R,,nba_0005,nba_0012,85,55,0.7464,1.0,1,0.0643,0.2925
1949-12-03,1950,R,,nba_0016,nba_0019,99,77,0.7222,1.0,1,0.0772,0.3255
1949-12-03,1950,R,,nba_0016,nba_0019,99,77,0.6535,1.0,1,0.1201,0.4254
1949-12-03,1950,R,,nba_0020,nba_0009,72,75,0.6296,0.0,0,0.3963,0.9931
1949-12-03,1950,R,,nba_0020,nba_0009,72,75,0.6256,0.0,0,0.3914,0.9824
1949-12-03,1950,R,,nba_0022,nba_0001,87,82,0.5982,1.0,1,0.1614,0.5138
1949-12-03,1950,R,,nba_0022,nba_0001,87,82,0.5796,1.0,1,0.1768,0.5455
1949-12-03,1950,R,,nba_0011,nba_0006,79,63,0.762,1.0,1,0.0566,0.2718
1949-12-03,1950,R,,nba_0011,nba_0006,79,63,0.739,1.0,1,0.0681,0.3024
1949-12-04,1950,R,,nba_0024,nba_0023,86,76,0.5534,1.0,1,0.1995,0.5918
1949-12-04,1950,R,,nba_0024,nba_0023,86,76,0.5469,1.0,1,0.2053,0.6035
1949-12-04,1950,R,,nba_0013,nba_0011,72,68,0.5829,1.0,1,0.174,0.5398
1949-12-04,1950,R,,nba_0013,nba_0011,72,68,0.6604,1.0,1,0.1153,0.4148
1949-12-04,1950,R,,nba_0015,nba_0016,95,80,0.6394,1.0,1,0.13,0.4472
1949-12-04,1950,R,,nba_0015,nba_0016,95,80,0.6172,1.0,1,0.1466,0.4826
1949-12-04,1950,R,,nba_0009,nba_0001,85,76,0.6966,1.0,1,0.0921,0.3616
1949-12-04,1950,R,,nba_0009,nba_0001,85,76,0.6775,1.0,1,0.104,0.3894
1949-12-04,1950,R,,nba_0021,nba_0019,67,61,0.7794,1.0,1,0.0487,0.2492
1949-12-04,1950,R,,nba_0021,nba_0019,67,61,0.7899,1.0,1,0.0441,0.2358
1949-12-05,1950,R,,nba_0017,nba_0020,88,81,0.7547,1.0,1,0.0602,0.2815
1949-12-05,1950,R,,nba_0017,nba_0020,88,81,0.7605,1.0,1,0.0573,0.2737
1949-12-06,1950,R,,nba_0002,nba_0011,75,55,0.7242,1.0,1,0.0761,0.3227
1949-12-06,1950,R,,nba_0002,nba_0011,75,55,0.7157,1.0,1,0.0808,0.3345
1949-12-06,1950,R,,nba_0019,nba_0001,93,82,0.7219,1.0,1,0.0773,0.3259
1949-12-06,1950,R,,nba_0019,nba_0001,93,82,0.6952,1.0,1,0.0929,0.3636
1949-12-07,1950,R,,nba_0012,nba_0002,72,84,0.4698,0.0,1,0.2207,0.6344
1949-12-07,1950,R,,nba_0012,nba_0002,72,84,0.5003,0.0,0,0.2503,0.6937
1949-12-07,1950,R,,nba_0024,nba_0009,72,76,0.467,0.0,1,0.2181,0.6293
1949-12-07,1950,R,,nba_0024,nba_0009,72,76,0.4599,0.0,1,0.2115,0.616
1949-12-07,1950,R,,nba_0015,nba_0011,93,76,0.7928,1.0,1,0.0429,0.2322
1949-12-07,1950,R,,nba_0015,nba_0011,93,76,0.7483,1.0,1,0.0633,0.2899
1949-12-07,1950,R,,nba_0022,nba_0021,69,77,0.4,0.0,1,0.16,0.5108
1949-12-07,1950,R,,nba_0022,nba_0021,69,77,0.3997,0.0,1,0.1598,0.5103
1949-12-07,1950,R,,nba_0023,nba_0020,77,67,0.5617,1.0,1,0.1921,0.5768
1949-12-07,1950,R,,nba_0023,nba_0020,77,67,0.5653,1.0,1,0.1889,0.5703
1949-12-08,1950,R,,nba_0017,nba_0019,69,72,0.7043,0.0,0,0.496,1.2183
1949-12-08,1950,R,,nba_0017,nba_0019,69,72,0.7154,0.0,0,0.5118,1.2566
1949-12-08,1950,R,,nba_0012,nba_0005,60,82,0.3883,0.0,1,0.1508,0.4915
1949-12-08,1950,R,,nba_0012,nba_0005,60,82,0.3851,0.0,1,0.1483,0.4863
1949-12-08,1950,R,,nba_0001,nba_0006,91,87,0.5291,1.0,1,0.2217,0.6365
1949-12-08,1950,R,,nba_0001,nba_0006,91,87,0.5653,1.0,1,0.1889,0.5704
1949-12-08,1950,R,,nba_0013,nba_0015,87,66,0.4393,1.0,0,0.3143,0.8225
1949-12-08,1950,R,,nba_0013,nba_0015,87,66,0.5795,1.0,1,0.1768,0.5456
1949-12-08,1950,R,,nba_0020,nba_0021,72,86,0.3919,0.0,1,0.1536,0.4974
1949-12-08,1950,R,,nba_0020,nba_0021,72,86,0.3844,0.0,1,0.1478,0.4852
1949-12-09,1950,R,,nba_0019,nba_0024,78,75,0.7677,1.0,1,0.054,0.2643
1949-12-09,1950,R,,nba_0019,nba_0024,78,75,0.7652,1.0,1,0.0551,0.2676
1949-12-09,1950,R,,nba_0006,nba_0002,80,77,0.3367,1.0,0,0.4399,1.0885
1949-12-09,1950,R,,nba_0006,nba_0002,80,77,0.3701,1.0,0,0.3968,0.9941
1949-12-10,1950,R,,nba_0012,nba_0009,69,66,0.5306,1.0,1,0.2203,0.6337
1949-12-10,1950,R,,nba_0012,nba_0009,69,66,0.5064,1.0,1,0.2437,0.6805
1949-12-10,1950,R,,nba_0001,nba_0020,83,78,0.5771,1.0,1,0.1789,0.5498
1949-12-10,1950,R,,nba_0001,nba_0020,83,78,0.5997,1.0,1,0.1602,0.5113
1949-12-10,1950,R,,nba_0024,nba_0015,76,89,0.2489,0.0,1,0.0619,0.2862
1949-12-10,1950,R,,nba_0024,nba_0015,76,89,0.3254,0.0,1,0.1059,0.3936
1949-12-10,1950,R,,nba_0005,nba_0002,93,91,0.6312,1.0,1,0.136,0.4601
1949-12-10,1950,R,,nba_0005,nba_0002,93,91,0.6594,1.0,1,0.116,0.4165
1949-12-10,1950,R,,nba_0016,nba_0021,69,63,0.636,1.0,1,0.1325,0.4525
1949-12-10,1950,R,,nba_0016,nba_0021,69,63,0.5507,1.0,1,0.2018,0.5965
1949-12-10,1950,R,,nba_0023,nba_0017,83,87,0.4642,0.0,1,0.2155,0.624
1949-12-10,1950,R,,nba_0023,nba_0017,83,87,0.4604,0.0,1,0.2119,0.6169
1949-12-10,1950,R,,nba_0011,nba_0013,75,69,0.6582,1.0,1,0.1168,0.4182
1949-12-10,1950,R,,nba_0011,nba_0013,75,69,0.5853,1.0,1,0.172,0.5357
1949-12-11,1950,R,,nba_0013,nba_0019,90,74,0.5701,1.0,1,0.1848,0.562
1949-12-11,1950,R,,nba_0013,nba_0019,90,74,0.6087,1.0,1,0.1531,0.4964
1949-12-11,1950,R,,nba_0015,nba_0006,90,81,0.8184,1.0,1,0.033,0.2004
1949-12-11,1950,R,,nba_0015,nba_0006,90,81,0.7649,1.0,1,0.0553,0.268
1949-12-11,1950,R,,nba_0021,nba_0020,89,72,0.8202,1.0,1,0.0323,0.1982
1949-12-11,1950,R,,nba_0021,nba_0020,89,72,0.8232,1.0,1,0.0313,0.1946
1949-12-11,1950,R,,nba_0022,nba_0024,98,66,0.7386,1.0,1,0.0683,0.303
1949-12-11,1950,R,,nba_0022,nba_0024,98,66,0.7484,1.0,1,0.0633,0.2898
1949-12-12,1950,R,,nba_0017,nba_0013,105,97,0.6902,1.0,1,0.096,0.3708
1949-12-12,1950,R,,nba_0017,nba_0013,105,97,0.668,1.0,1,0.1102,0.4034
1949-12-13,1950,R,,nba_0002,nba_0006,75,65,0.8222,1.0,1,0.0316,0.1957
1949-12-13,1950,R,,nba_0002,nba_0006,75,65,0.8019,1.0,1,0.0392,0.2208
1949-12-13,1950,R,,nba_0024,nba_0016,65,81,0.2519,0.0,1,0.0634,0.2902
1949-12-13,1950,R,,nba_0024,nba_0016,65,81,0.3122,0.0,1,0.0975,0.3743
1949-12-13,1950,R,,nba_0019,nba_0022,84,63,0.7024,1.0,1,0.0885,0.3532
1949-12-13,1950,R,,nba_0019,nba_0022,84,63,0.6929,1.0,1,0.0943,0.3669
1949-12-14,1950,R,,nba_0005,nba_0015,94,84,0.5975,1.0,1,0.162,0.5151
1949-12-14,1950,R,,nba_0005,nba_0015,94,84,0.6663,1.0,1,0.1113,0.406
1949-12-14,1950,R,,nba_0021,nba_0013,96,83,0.7788,1.0,1,0.0489,0.25
1949-12-14,1950,R,,nba_0021,nba_0013,96,83,0.7602,1.0,1,0.0575,0.2742
1949-12-14,1950,R,,nba_0022,nba_0002,73,68,0.3681,1.0,0,0.3994,0.9995
1949-12-14,1950,R,,nba_0022,nba_0002,73,68,0.4185,1.0,0,0.3382,0.8711
1949-12-14,1950,R,,nba_0023,nba_0006,70,73,0.6294,0.0,0,0.3961,0.9926
1949-12-14,1950,R,,nba_0023,nba_0006,70,73,0.6462,0.0,0,0.4176,1.039
1949-12-14,1950,R,,nba_0011,nba_0009,79,61,0.6669,1.0,1,0.111,0.4051
1949-12-14,1950,R,,nba_0011,nba_0009,79,61,0.6267,1.0,1,0.1394,0.4673
1949-12-15,1950,R,,nba_0017,nba_0021,100,88,0.5632,1.0,1,0.1908,0.5741
1949-12-15,1950,R,,nba_0017,nba_0021,100,88,0.5649,1.0,1,0.1893,0.5712
1949-12-15,1950,R,,nba_0012,nba_0015,87,68,0.4172,1.0,0,0.3397,0.8743
1949-12-15,1950,R,,nba_0012,nba_0015,87,68,0.4864,1.0,0,0.2637,0.7207
1949-12-15,1950,R,,nba_0001,nba_0009,83,81,0.5861,1.0,1,0.1713,0.5342
1949-12-15,1950,R,,nba_0001,nba_0009,83,81,0.6067,1.0,1,0.1547,0.4997
1949-12-15,1950,R,,nba_0013,nba_0016,69,66,0.4255,1.0,0,0.33,0.8545
1949-12-15,1950,R,,nba_0013,nba_0016,69,66,0.5329,1.0,1,0.2182,0.6294
1949-12-15,1950,R,,nba_0020,nba_0022,89,74,0.6517,1.0,1,0.1213,0.4282
1949-12-15,1950,R,,nba_0020,nba_0022,89,74,0.6473,1.0,1,0.1244,0.4349
1949-12-16,1950,R,,nba_0012,nba_0023,75,77,0.6894,0.0,0,0.4753,1.1692
1949-12-16,1950,R,,nba_0012,nba_0023,75,77,0.6679,0.0,0,0.4461,1.1024
1949-12-16,1950,R,,nba_0002,nba_0016,80,71,0.6245,1.0,1,0.141,0.4708
1949-12-16,1950,R,,nba_0002,nba_0016,80,71,0.6518,1.0,1,0.1213,0.428
1949-12-16,1950,R,,nba_0024,nba_0019,79,81,0.3864,0.0,1,0.1493,0.4884
1949-12-16,1950,R,,nba_0024,nba_0019,79,81,0.3834,0.0,1,0.147,0.4836
1949-12-16,1950,R,,nba_0006,nba_0009,54,68,0.6016,0.0,0,0.3619,0.9202
1949-12-16,1950,R,,nba_0006,nba_0009,54,68,0.5859,0.0,0,0.3433,0.8817
1949-12-17,1950,R,,nba_0005,nba_0009,81,76,0.8028,1.0,1,0.0389,0.2196
1949-12-17,1950,R,,nba_0005,nba_0009,81,76,0.7892,1.0,1,0.0445,0.2368
1949-12-17,1950,R,,nba_0006,nba_0023,81,72,0.6433,1.0,1,0.1272,0.4412
1949-12-17,1950,R,,nba_0006,nba_0023,81,72,0.6284,1.0,1,0.1381,0.4646
1949-12-17,1950,R,,nba_0016,nba_0002,85,63,0.612,1.0,1,0.1506,0.4911
1949-12-17,1950,R,,nba_0016,nba_0002,85,63,0.5851,1.0,1,0.1721,0.5359
1949-12-17,1950,R,,nba_0020,nba_0017,110,91,0.4441,1.0,0,0.3091,0.8118
1949-12-17,1950,R,,nba_0020,nba_0017,110,91,0.4371,1.0,0,0.3168,0.8276
1949-12-17,1950,R,,nba_0011,nba_0012,72,89,0.7474,0.0,0,0.5585,1.3758
1949-12-17,1950,R,,nba_0011,nba_0012,72,89,0.7345,0.0,0,0.5395,1.3262
1949-12-18,1950,R,,nba_0024,nba_0019,79,83,0.373,0.0,1,0.1391,0.4668
1949-12-18,1950,R,,nba_0024,nba_0019,79,83,0.3702,0.0,1,0.137,0.4624
1949-12-18,1950,R,,nba_0013,nba_0012,106,95,0.6911,1.0,1,0.0954,0.3695
1949-12-18,1950,R,,nba_0013,nba_0012,106,95,0.7328,1.0,1,0.0714,0.3109
1949-12-18,1950,R,,nba_0015,nba_0001,77,72,0.8257,1.0,1,0.0304,0.1915
1949-12-18,1950,R,,nba_0015,nba_0001,77,72,0.7527,1.0,1,0.0611,0.2841
1949-12-18,1950,R,,nba_0021,nba_0002,86,73,0.6901,1.0,1,0.096,0.3709
1949-12-18,1950,R,,nba_0021,nba_0002,86,73,0.7342,1.0,1,0.0706,0.3089
1949-12-18,1950,R,,nba_0022,nba_0017,69,78,0.4952,0.0,1,0.2452,0.6835
1949-12-18,1950,R,,nba_0022,nba_0017,69,78,0.4928,0.0,1,0.2429,0.6789
1949-12-19,1950,R,,nba_0017,nba_0005,83,86,0.5124,0.0,0,0.2626,0.7183
1949-12-19,1950,R,,nba_0017,nba_0005,83,86,0.5394,0.0,0,0.291,0.7753
1949-12-20,1950,R,,nba_0002,nba_0005,79,77,0.5838,1.0,1,0.1732,0.5382
1949-12-20,1950,R,,nba_0002,nba_0005,79,77,0.5573,1.0,1,0.1959,0.5846
1949-12-20,1950,R,,nba_0019,nba_0012,79,88,0.6824,0.0,0,0.4656,1.1468
1949-12-20,1950,R,,nba_0019,nba_0012,79,88,0.6959,0.0,0,0.4843,1.1904
1949-12-20,1950,R,,nba_0016,nba_0015,87,62,0.6365,1.0,1,0.1321,0.4518
1949-12-20,1950,R,,nba_0016,nba_0015,87,62,0.6477,1.0,1,0.1241,0.4343
1949-12-20,1950,R,,nba_0023,nba_0021,70,95,0.3314,0.0,1,0.1098,0.4026
1949-12-20,1950,R,,nba_0023,nba_0021,70,95,0.3294,0.0,1,0.1085,0.3996
1949-12-21,1950,R,,nba_0002,nba_0023,78,70,0.8359,1.0,1,0.0269,0.1792
1949-12-21,1950,R,,nba_0002,nba_0023,78,70,0.8081,1.0,1,0.0368,0.213
1949-12-21,1950,R,,nba_0006,nba_0012,70,60,0.5897,1.0,1,0.1683,0.5281
1949-12-21,1950,R,,nba_0006,nba_0012,70,60,0.5964,1.0,1,0.1629,0.5168
1949-12-21,1950,R,,nba_0009,nba_0005,75,52,0.4719,1.0,0,0.2789,0.751
1949-12-21,1950,R,,nba_0009,nba_0005,75,52,0.4919,1.0,0,0.2582,0.7095
1949-12-21,1950,R,,nba_0022,nba_0021,84,96,0.363,0.0,1,0.1317,0.4509
1949-12-21,1950,R,,nba_0022,nba_0021,84,96,0.364,0.0,1,0.1325,0.4526
1949-12-21,1950,R,,nba_0011,nba_0015,61,75,0.5364,0.0,0,0.2878,0.7688
1949-12-21,1950,R,,nba_0011,nba_0015,61,75,0.5831,0.0,0,0.34,0.8748
1949-12-22,1950,R,,nba_0017,nba_0023,101,84,0.8323,1.0,1,0.0281,0.1835
1949-12-22,1950,R,,nba_0017,nba_0023,101,84,0.8354,1.0,1,0.0271,0.1799
1949-12-22,1950,R,,nba_0012,nba_0011,86,82,0.5916,1.0,1,0.1668,0.525
1949-12-22,1950,R,,nba_0012,nba_0011,86,82,0.6112,1.0,1,0.1511,0.4923
1949-12-22,1950,R,,nba_0001,nba_0015,87,69,0.392,1.0,0,0.3697,0.9365
1949-12-22,1950,R,,nba_0001,nba_0015,87,69,0.4941,1.0,0,0.2559,0.705
1949-12-22,1950,R,,nba_0013,nba_0009,87,75,0.6763,1.0,1,0.1048,0.3911
1949-12-22,1950,R,,nba_0013,nba_0009,87,75,0.6998,1.0,1,0.0901,0.357
1949-12-22,1950,R,,nba_0019,nba_0002,104,92,0.5215,1.0,1,0.229,0.6511
1949-12-22,1950,R,,nba_0019,nba_0002,104,92,0.5613,1.0,1,0.1925,0.5776
1949-12-22,1950,R,,nba_0020,nba_0021,74,83,0.4035,0.0,1,0.1628,0.5167
1949-12-22,1950,R,,nba_0020,nba_0021,74,83,0.4004,0.0,1,0.1603,0.5114
1949-12-23,1950,R,,nba_0024,nba_0005,72,83,0.2957,0.0,1,0.0874,0.3505
1949-12-23,1950,R,,nba_0024,nba_0005,72,83,0.3053,0.0,1,0.0932,0.3643
1949-12-23,1950,R,,nba_0011,nba_0001,86,73,0.6871,1.0,1,0.0979,0.3753
1949-12-23,1950,R,,nba_0011,nba_0001,86,73,0.6353,1.0,1,0.133,0.4536
1949-12-25,1950,R,,nba_0012,nba_0006,63,64,0.6528,0.0,0,0.4262,1.0579
1949-12-25,1950,R,,nba_0012,nba_0006,63,64,0.6465,0.0,0,0.4179,1.0398
1949-12-25,1950,R,,nba_0024,nba_0020,72,76,0.4295,0.0,1,0.1845,0.5613
1949-12-25,1950,R,,nba_0024,nba_0020,72,76,0.4212,0.0,1,0.1774,0.5468
1949-12-25,1950,R,,nba_0015,nba_0013,72,58,0.7203,1.0,1,0.0782,0.3281
1949-12-25,1950,R,,nba_0015,nba_0013,72,58,0.6268,1.0,1,0.1393,0.4672
1949-12-25,1950,R,,nba_0016,nba_0001,88,79,0.8561,1.0,1,0.0207,0.1553
1949-12-25,1950,R,,nba_0016,nba_0001,88,79,0.8059,1.0,1,0.0377,0.2159
1949-12-25,1950,R,,nba_0009,nba_0011,68,81,0.6301,0.0,0,0.397,0.9945
1949-12-25,1950,R,,nba_0009,nba_0011,68,81,0.6654,0.0,0,0.4428,1.0949
1949-12-25,1950,R,,nba_0021,nba_0017,94,88,0.7349,1.0,1,0.0703,0.308
1949-12-25,1950,R,,nba_0021,nba_0017,94,88,0.733,1.0,1,0.0713,0.3106
1949-12-25,1950,R,,nba_0023,nba_0019,97,93,0.4273,1.0,0,0.328,0.8503
1949-12-25,1950,R,,nba_0023,nba_0019,97,93,0.434,1.0,0,0.3203,0.8346
1949-12-26,1950,R,,nba_0017,nba_0011,80,73,0.6644,1.0,1,0.1126,0.4088
1949-12-26,1950,R,,nba_0017,nba_0011,80,73,0.7017,1.0,1,0.089,0.3543
1949-12-26,1950,R,,nba_0012,nba_0001,57,82,0.6822,0.0,0,0.4654,1.1463
1949-12-26,1950,R,,nba_0012,nba_0001,57,82,0.6519,0.0,0,0.425,1.0553
1949-12-26,1950,R,,nba_0013,nba_0002,76,74,0.4754,1.0,0,0.2752,0.7437
1949-12-26,1950,R,,nba_0013,nba_0002,76,74,0.5412,1.0,1,0.2105,0.6139
1949-12-26,1950,R,,nba_0005,nba_0016,80,83,0.6369,0.0,0,0.4056,1.013
1949-12-26,1950,R,,nba_0005,nba_0016,80,83,0.6856,0.0,0,0.47,1.157
1949-12-26,1950,R,,nba_0022,nba_0015,76,78,0.3871,0.0,1,0.1499,0.4896
1949-12-26,1950,R,,nba_0022,nba_0015,76,78,0.4668,0.0,1,0.2179,0.6288
1949-12-27,1950,R,,nba_0001,nba_0005,97,78,0.4071,1.0,0,0.3516,0.8988
1949-12-27,1950,R,,nba_0001,nba_0005,97,78,0.4388,1.0,0,0.315,0.8238
1949-12-27,1950,R,,nba_0019,nba_0017,89,82,0.5776,1.0,1,0.1784,0.5488
1949-12-27,1950,R,,nba_0019,nba_0017,89,82,0.5671,1.0,1,0.1874,0.5672
1949-12-27,1950,R,,nba_0016,nba_0011,96,72,0.772,1.0,1,0.052,0.2587
1949-12-27,1950,R,,nba_0016,nba_0011,96,72,0.7454,1.0,1,0.0648,0.2939
1949-12-28,1950,R,,nba_0013,nba_0022,81,75,0.7573,1.0,1,0.0589,0.278
1949-12-28,1950,R,,nba_0013,nba_0022,81,75,0.7702,1.0,1,0.0528,0.2611
1949-12-28,1950,R,,nba_0015,nba_0012,88,77,0.8004,1.0,1,0.0398,0.2227
1949-12-28,1950,R,,nba_0015,nba_0012,88,77,0.7627,1.0,1,0.0563,0.271
1949-12-28,1950,R,,nba_0006,nba_0005,72,79,0.4761,0.0,1,0.2267,0.6465
1949-12-28,1950,R,,nba_0006,nba_0005,72,79,0.4813,0.0,1,0.2317,0.6565
1949-12-28,1950,R,,nba_0023,nba_0002,80,87,0.3826,0.0,1,0.1464,0.4822
1949-12-28,1950,R,,nba_0023,nba_0002,80,87,0.4249,0.0,1,0.1805,0.5532
1949-12-28,1950,R,,nba_0011,nba_0021,87,85,0.3616,1.0,0,0.4076,1.0172
1949-12-28,1950,R,,nba_0011,nba_0021,87,85,0.3248,1.0,0,0.4559,1.1246
1949-12-29,1950,R,,nba_0017,nba_0002,80,81,0.5954,0.0,0,0.3545,0.9048
1949-12-29,1950,R,,nba_0017,nba_0002,80,81,0.6392,0.0,0,0.4086,1.0196
1949-12-29,1950,R,,nba_0006,nba_0021,62,64,0.338,0.0,1,0.1143,0.4126
1949-12-29,1950,R,,nba_0006,nba_0021,62,64,0.3229,0.0,1,0.1043,0.39
1949-12-29,1950,R,,nba_0016,nba_0013,97,79,0.7801,1.0,1,0.0484,0.2483
1949-12-29,1950,R,,nba_0016,nba_0013,97,79,0.7111,1.0,1,0.0835,0.3409
1949-12-29,1950,R,,nba_0020,nba_0023,94,92,0.7449,1.0,1,0.0651,0.2945
1949-12-29,1950,R,,nba_0020,nba_0023,94,92,0.7455,1.0,1,0.0648,0.2937
1949-12-29,1950,R,,nba_0009,nba_0012,90,63,0.6931,1.0,1,0.0942,0.3666
1949-12-29,1950,R,,nba_0009,nba_0012,90,63,0.7103,1.0,1,0.0839,0.342
1949-12-30,1950,R,,nba_0001,nba_0013,92,73,0.593,1.0,1,0.1657,0.5226
1949-12-30,1950,R,,nba_0001,nba_0013,92,73,0.5877,1.0,1,0.17,0.5315
1949-12-30,1950,R,,nba_0024,nba_0022,83,85,0.5546,0.0,0,0.3076,0.8087
1949-12-30,1950,R,,nba_0024,nba_0022,83,85,0.5436,0.0,0,0.2955,0.7844
1949-12-31,1950,R,,nba_0006,nba_0013,62,65,0.5479,0.0,0,0.3002,0.7939
1949-12-31,1950,R,,nba_0006,nba_0013,62,65,0.5174,0.0,0,0.2677,0.7286
1949-12-31,1950,R,,nba_0016,nba_0009,87,68,0.8056,1.0,1,0.0378,0.2161
1949-12-31,1950,R,,nba_0016,nba_0009,87,68,0.7608,1.0,1,0.0572,0.2733
1949-12-31,1950,R,,nba_0023,nba_0015,68,86,0.2773,0.0,1,0.0769,0.3248
1949-12-31,1950,R,,nba_0023,nba_0015,68,86,0.3396,0.0,1,0.1153,0.4149
1949-12-31,1950,R,,nba_0011,nba_0005,70,64,0.5011,1.0,1,0.2489,0.691
1949-12-31,1950,R,,nba_0011,nba_0005,70,64,0.4831,1.0,0,0.2672,0.7276
1950-01-01,1950,R,,nba_0024,nba_0002,78,92,0.2364,0.0,1,0.0559,0.2697
1950-01-01,1950,R,,nba_0024,nba_0002,78,92,0.2613,0.0,1,0.0683,0.3028
1950-01-01,1950,R,,nba_0013,nba_0001,80,72,0.6442,1.0,1,0.1266,0.4397
1950-01-01,1950,R,,nba_0013,nba_0001,80,72,0.6481,1.0,1,0.1238,0.4337
1950-01-01,1950,R,,nba_0015,nba_0017,87,75,0.6838,1.0,1,0.1,0.3802
1950-01-01,1950,R,,nba_0015,nba_0017,87,75,0.6161,1.0,1,0.1474,0.4843
1950-01-01,1950,R,,nba_0005,nba_0006,81,59,0.7966,1.0,1,0.0414,0.2274
1950-01-01,1950,R,,nba_0005,nba_0006,81,59,0.7925,1.0,1,0.0431,0.2326
1950-01-01,1950,R,,nba_0020,nba_0019,75,89,0.488,0.0,1,0.2381,0.6694
1950-01-01,1950,R,,nba_0020,nba_0019,75,89,0.494,0.0,1,0.244,0.6812
1950-01-01,1950,R,,nba_0009,nba_0023,91,79,0.7499,1.0,1,0.0625,0.2878
1950-01-01,1950,R,,nba_0009,nba_0023,91,79,0.7497,1.0,1,0.0627,0.2881
1950-01-01,1950,R,,nba_0021,nba_0011,79,73,0.8045,1.0,1,0.0382,0.2176
1950-01-01,1950,R,,nba_0021,nba_0011,79,73,0.8281,1.0,1,0.0296,0.1887
1950-01-01,1950,R,,nba_0022,nba_0012,79,66,0.5551,1.0,1,0.1979,0.5886
1950-01-01,1950,R,,nba_0022,nba_0012,79,66,0.5777,1.0,1,0.1783,0.5486
1950-01-02,1950,R,,nba_0017,nba_0012,92,75,0.7478,1.0,1,0.0636,0.2906
1950-01-02,1950,R,,nba_0017,nba_0012,92,75,0.7626,1.0,1,0.0563,0.271
1950-01-03,1950,R,,nba_0019,nba_0022,78,76,0.7534,1.0,1,0.0608,0.2831
1950-01-03,1950,R,,nba_0019,nba_0022,78,76,0.7475,1.0,1,0.0638,0.291
1950-01-03,1950,R,,nba_0016,nba_0011,83,79,0.7986,1.0,1,0.0405,0.2249
1950-01-03,1950,R,,nba_0016,nba_0011,83,79,0.7788,1.0,1,0.0489,0.25
1950-01-03,1950,R,,nba_0023,nba_0020,69,73,0.5097,0.0,0,0.2598,0.7128
1950-01-03,1950,R,,nba_0023,nba_0020,69,73,0.5066,0.0,0,0.2566,0.7064
1950-01-04,1950,R,,nba_0024,nba_0017,86,82,0.3237,1.0,0,0.4574,1.128
1950-01-04,1950,R,,nba_0024,nba_0017,86,82,0.3164,1.0,0,0.4673,1.1508
1950-01-04,1950,R,,nba_0015,nba_0013,91,75,0.7518,1.0,1,0.0616,0.2852
1950-01-04,1950,R,,nba_0015,nba_0013,91,75,0.6837,1.0,1,0.1001,0.3803
1950-01-04,1950,R,,nba_0009,nba_0001,72,68,0.6391,1.0,1,0.1302,0.4477
1950-01-04,1950,R,,nba_0009,nba_0001,72,68,0.6246,1.0,1,0.141,0.4707
1950-01-04,1950,R,,nba_0011,nba_0016,63,72,0.4126,0.0,1,0.1702,0.532
1950-01-04,1950,R,,nba_0011,nba_0016,63,72,0.4407,0.0,1,0.1943,0.5812
1950-01-05,1950,R,,nba_0012,nba_0016,74,71,0.3239,1.0,0,0.4571,1.1273
1950-01-05,1950,R,,nba_0012,nba_0016,74,71,0.3649,1.0,0,0.4034,1.0082
1950-01-05,1950,R,,nba_0024,nba_0017,76,69,0.3274,1.0,0,0.4524,1.1166
1950-01-05,1950,R,,nba_0024,nba_0017,76,69,0.3202,1.0,0,0.4621,1.1388
1950-01-05,1950,R,,nba_0013,nba_0009,87,83,0.648,1.0,1,0.1239,0.4338
1950-01-05,1950,R,,nba_0013,nba_0009,87,83,0.6626,1.0,1,0.1138,0.4115
1950-01-05,1950,R,,nba_0005,nba_0023,82,70,0.8794,1.0,1,0.0145,0.1285
1950-01-05,1950,R,,nba_0005,nba_0023,82,70,0.8725,1.0,1,0.0162,0.1364
1950-01-05,1950,R,,nba_0020,nba_0015,85,82,0.3845,1.0,0,0.3789,0.9559
1950-01-05,1950,R,,nba_0020,nba_0015,85,82,0.4477,1.0,0,0.305,0.8035
1950-01-05,1950,R,,nba_0021,nba_0022,82,73,0.8824,1.0,1,0.0138,0.1252
1950-01-05,1950,R,,nba_0021,nba_0022,82,73,0.8823,1.0,1,0.0138,0.1252
1950-01-06,1950,R,,nba_0001,nba_0012,74,53,0.6853,1.0,1,0.0991,0.378
1950-01-06,1950,R,,nba_0001,nba_0012,74,53,0.7113,1.0,1,0.0833,0.3406
1950-01-06,1950,R,,nba_0006,nba_0016,91,73,0.3395,1.0,0,0.4362,1.0802
1950-01-06,1950,R,,nba_0006,nba_0016,91,73,0.3864,1.0,0,0.3765,0.951
1950-01-07,1950,R,,nba_0012,nba_0019,61,85,0.4129,0.0,1,0.1705,0.5325
1950-01-07,1950,R,,nba_0012,nba_0019,61,85,0.4008,0.0,1,0.1606,0.5121
1950-01-07,1950,R,,nba_0005,nba_0013,80,88,0.7105,0.0,0,0.5048,1.2395
1950-01-07,1950,R,,nba_0005,nba_0013,80,88,0.684,0.0,0,0.4679,1.1521
1950-01-07,1950,R,,nba_0016,nba_0006,85,68,0.8363,1.0,1,0.0268,0.1788
1950-01-07,1950,R,,nba_0016,nba_0006,85,68,0.808,1.0,1,0.0369,0.2132
1950-01-07,1950,R,,nba_0022,nba_0020,98,86,0.5529,1.0,1,0.1999,0.5926
1950-01-07,1950,R,,nba_0022,nba_0020,98,86,0.5561,1.0,1,0.1971,0.5868
1950-01-07,1950,R,,nba_0011,nba_0023,101,83,0.8046,1.0,1,0.0382,0.2175
1950-01-07,1950,R,,nba_0011,nba_0023,101,83,0.7823,1.0,1,0.0474,0.2455
1950-01-08,1950,R,,nba_0013,nba_0020,83,69,0.7227,1.0,1,0.0769,0.3248
1950-01-08,1950,R,,nba_0013,nba_0020,83,69,0.7331,1.0,1,0.0712,0.3104
1950-01-08,1950,R,,nba_0015,nba_0001,85,80,0.8105,1.0,1,0.0359,0.2101
1950-01-08,1950,R,,nba_0015,nba_0001,85,80,0.7603,1.0,1,0.0575,0.2741
1950-01-08,1950,R,,nba_0009,nba_0016,73,75,0.4403,0.0,1,0.1939,0.5803
1950-01-08,1950,R,,nba_0009,nba_0016,73,75,0.4987,0.0,1,0.2487,0.6906
1950-01-08,1950,R,,nba_0021,nba_0023,84,68,0.9166,1.0,1,0.007,0.0871
1950-01-08,1950,R,,nba_0021,nba_0023,84,68,0.9186,1.0,1,0.0066,0.085
1950-01-09,1950,R,,nba_0017,nba_0020,112,89,0.7489,1.0,1,0.063,0.2891
1950-01-09,1950,R,,nba_0017,nba_0020,112,89,0.7491,1.0,1,0.0629,0.2889
1950-01-10,1950,R,,nba_0024,nba_0001,84,97,0.4655,0.0,1,0.2167,0.6265
1950-01-10,1950,R,,nba_0024,nba_0001,84,97,0.4483,0.0,1,0.201,0.5948
1950-01-10,1950,R,,nba_0019,nba_0020,107,77,0.7853,1.0,1,0.0461,0.2417
1950-01-10,1950,R,,nba_0019,nba_0020,107,77,0.7816,1.0,1,0.0477,0.2465
1950-01-10,1950,R,,nba_0016,nba_0012,85,67,0.8558,1.0,1,0.0208,0.1558
1950-01-10,1950,R,,nba_0016,nba_0012,85,67,0.8333,1.0,1,0.0278,0.1824
1950-01-10,1950,R,,nba_0023,nba_0021,86,84,0.2198,1.0,0,0.6087,1.5149
1950-01-10,1950,R,,nba_0023,nba_0021,86,84,0.2155,1.0,0,0.6154,1.5348
1950-01-10,1950,R,,nba_0011,nba_0002,86,71,0.4537,1.0,0,0.2984,0.7903
1950-01-10,1950,R,,nba_0011,nba_0002,86,71,0.4573,1.0,0,0.2945,0.7823
1950-01-11,1950,R,,nba_0015,nba_0021,98,88,0.6384,1.0,1,0.1308,0.4488
1950-01-11,1950,R,,nba_0015,nba_0021,98,88,0.5761,1.0,1,0.1797,0.5514
1950-01-11,1950,R,,nba_0005,nba_0011,73,72,0.7289,1.0,1,0.0735,0.3162
1950-01-11,1950,R,,nba_0005,nba_0011,73,72,0.743,1.0,1,0.0661,0.2971
1950-01-11,1950,R,,nba_0022,nba_0017,88,81,0.5218,1.0,1,0.2287,0.6506
1950-01-11,1950,R,,nba_0022,nba_0017,88,81,0.5242,1.0,1,0.2264,0.6459
1950-01-12,1950,R,,nba_0017,nba_0023,80,69,0.7866,1.0,1,0.0455,0.24
1950-01-12,1950,R,,nba_0017,nba_0023,80,69,0.7893,1.0,1,0.0444,0.2366
1950-01-12,1950,R,,nba_0013,nba_0021,62,64,0.5252,0.0,0,0.2758,0.7448
1950-01-12,1950,R,,nba_0013,nba_0021,62,64,0.5363,0.0,0,0.2876,0.7686
1950-01-12,1950,R,,nba_0020,nba_0024,115,92,0.7511,1.0,1,0.062,0.2863
1950-01-12,1950,R,,nba_0020,nba_0024,115,92,0.7561,1.0,1,0.0595,0.2795
1950-01-12,1950,R,,nba_0009,nba_0015,73,89,0.4423,0.0,1,0.1957,0.584
1950-01-12,1950,R,,nba_0009,nba_0015,73,89,0.5,0.0,1,0.25,0.6931
1950-01-13,1950,R,,nba_0001,nba_0002,76,77,0.4813,0.0,1,0.2316,0.6564
1950-01-13,1950,R,,nba_0001,nba_0002,76,77,0.5296,0.0,0,0.2804,0.7541
1950-01-13,1950,R,,nba_0019,nba_0023,80,64,0.8597,1.0,1,0.0197,0.1512
1950-01-13,1950,R,,nba_0019,nba_0023,80,64,0.8589,1.0,1,0.0199,0.1522
1950-01-13,1950,R,,nba_0006,nba_0011,67,77,0.5486,0.0,0,0.301,0.7954
1950-01-13,1950,R,,nba_0006,nba_0011,67,77,0.5692,0.0,0,0.324,0.8421
1950-01-14,1950,R,,nba_0012,nba_0002,78,83,0.4078,0.0,1,0.1663,0.5239
1950-01-14,1950,R,,nba_0012,nba_0002,78,83,0.4279,0.0,1,0.1831,0.5584
1950-01-14,1950,R,,nba_0005,nba_0001,82,80,0.781,1.0,1,0.048,0.2472
1950-01-14,1950,R,,nba_0005,nba_0001,82,80,0.7627,1.0,1,0.0563,0.2709
1950-01-14,1950,R,,nba_0016,nba_0015,83,77,0.6664,1.0,1,0.1113,0.4059
1950-01-14,1950,R,,nba_0016,nba_0015,83,77,0.6664,1.0,1,0.1113,0.4059
1950-01-14,1950,R,,nba_0020,nba_0024,80,94,0.7668,0.0,0,0.588,1.4558
1950-01-14,1950,R,,nba_0020,nba_0024,80,94,0.7713,0.0,0,0.5949,1.4753
1950-01-14,1950,R,,nba_0011,nba_0006,78,70,0.7481,1.0,1,0.0634,0.2902
1950-01-14,1950,R,,nba_0011,nba_0006,78,70,0.7333,1.0,1,0.0711,0.3102
1950-01-15,1950,R,,nba_0013,nba_0006,81,67,0.7889,1.0,1,0.0446,0.2371
1950-01-15,1950,R,,nba_0013,nba_0006,81,67,0.807,1.0,1,0.0373,0.2144
1950-01-15,1950,R,,nba_0015,nba_0016,85,73,0.596,1.0,1,0.1633,0.5176
1950-01-15,1950,R,,nba_0015,nba_0016,85,73,0.596,1.0,1,0.1632,0.5175
1950-01-15,1950,R,,nba_0020,nba_0017,81,76,0.427,1.0,0,0.3283,0.851
1950-01-15,1950,R,,nba_0020,nba_0017,81,76,0.4263,1.0,0,0.3291,0.8526
1950-01-15,1950,R,,nba_0009,nba_0024,89,83,0.8125,1.0,1,0.0351,0.2076
1950-01-15,1950,R,,nba_0009,nba_0024,89,83,0.813,1.0,1,0.035,0.207
1950-01-15,1950,R,,nba_0021,nba_0019,82,69,0.7482,1.0,1,0.0634,0.29
1950-01-15,1950,R,,nba_0021,nba_0019,82,69,0.7532,1.0,1,0.0609,0.2834
1950-01-15,1950,R,,nba_0022,nba_0023,84,80,0.7584,1.0,1,0.0584,0.2765
1950-01-15,1950,R,,nba_0022,nba_0023,84,80,0.763,1.0,1,0.0562,0.2705
1950-01-16,1950,R,,nba_0017,nba_0024,95,83,0.8237,1.0,1,0.0311,0.194
1950-01-16,1950,R,,nba_0017,nba_0024,95,83,0.8276,1.0,1,0.0297,0.1892
1950-01-16,1950,R,,nba_0002,nba_0009,78,69,0.7776,1.0,1,0.0495,0.2515
1950-01-16,1950,R,,nba_0002,nba_0009,78,69,0.7548,1.0,1,0.0601,0.2813
1950-01-16,1950,R,,nba_0006,nba_0020,89,72,0.6015,1.0,1,0.1588,0.5083
1950-01-16,1950,R,,nba_0006,nba_0020,89,72,0.5872,1.0,1,0.1704,0.5323
1950-01-17,1950,R,,nba_0001,nba_0015,79,105,0.3897,0.0,1,0.1518,0.4937
1950-01-17,1950,R,,nba_0001,nba_0015,79,105,0.4541,0.0,1,0.2062,0.6054
1950-01-17,1950,R,,nba_0019,nba_0024,101,81,0.867,1.0,1,0.0177,0.1428
1950-01-17,1950,R,,nba_0019,nba_0024,101,81,0.8677,1.0,1,0.0175,0.142
1950-01-18,1950,R,,nba_0006,nba_0001,94,86,0.5919,1.0,1,0.1666,0.5245
1950-01-18,1950,R,,nba_0006,nba_0001,94,86,0.5735,1.0,1,0.1819,0.556
1950-01-18,1950,R,,nba_0020,nba_0013,72,73,0.4235,0.0,1,0.1793,0.5508
1950-01-18,1950,R,,nba_0020,nba_0013,72,73,0.4115,0.0,1,0.1694,0.5303
1950-01-18,1950,R,,nba_0022,nba_0016,65,70,0.3244,0.0,1,0.1052,0.3922
1950-01-18,1950,R,,nba_0022,nba_0016,65,70,0.3803,0.0,1,0.1446,0.4785
1950-01-18,1950,R,,nba_0023,nba_0009,80,69,0.4684,1.0,0,0.2826,0.7584
1950-01-18,1950,R,,nba_0023,nba_0009,80,69,0.4716,1.0,0,0.2792,0.7516
1950-01-18,1950,R,,nba_0011,nba_0015,68,76,0.4825,0.0,1,0.2329,0.6588
1950-01-18,1950,R,,nba_0011,nba_0015,68,76,0.5035,0.0,0,0.2535,0.7002
1950-01-19,1950,R,,nba_0017,nba_0016,78,81,0.4689,0.0,1,0.2199,0.6328
1950-01-19,1950,R,,nba_0017,nba_0016,78,81,0.5262,0.0,0,0.2769,0.747
1950-01-19,1950,R,,nba_0012,nba_0011,68,81,0.4825,0.0,1,0.2328,0.6587
1950-01-19,1950,R,,nba_0012,nba_0011,68,81,0.4993,0.0,1,0.2493,0.6917
1950-01-19,1950,R,,nba_0001,nba_0006,86,63,0.6444,1.0,1,0.1264,0.4394
1950-01-19,1950,R,,nba_0001,nba_0006,86,63,0.6608,1.0,1,0.115,0.4143
1950-01-19,1950,R,,nba_0002,nba_0022,83,68,0.8327,1.0,1,0.028,0.1831
1950-01-19,1950,R,,nba_0002,nba_0022,83,68,0.8103,1.0,1,0.036,0.2103
1950-01-19,1950,R,,nba_0019,nba_0023,104,87,0.8457,1.0,1,0.0238,0.1675
1950-01-19,1950,R,,nba_0019,nba_0023,104,87,0.845,1.0,1,0.024,0.1685
1950-01-19,1950,R,,nba_0005,nba_0015,83,94,0.5405,0.0,0,0.2921,0.7775
1950-01-19,1950,R,,nba_0005,nba_0015,83,94,0.5769,0.0,0,0.3328,0.8601
1950-01-19,1950,R,,nba_0009,nba_0013,74,64,0.4984,1.0,0,0.2516,0.6964
1950-01-19,1950,R,,nba_0009,nba_0013,74,64,0.4807,1.0,0,0.2697,0.7326
1950-01-19,1950,R,,nba_0021,nba_0024,107,86,0.9287,1.0,1,0.0051,0.074
1950-01-19,1950,R,,nba_0021,nba_0024,107,86,0.9307,1.0,1,0.0048,0.0718
1950-01-20,1950,R,,nba_0006,nba_0015,90,89,0.2662,1.0,0,0.5384,1.3234
1950-01-20,1950,R,,nba_0006,nba_0015,90,89,0.2983,1.0,0,0.4924,1.2098
1950-01-21,1950,R,,nba_0012,nba_0006,68,58,0.5801,1.0,1,0.1763,0.5445
1950-01-21,1950,R,,nba_0012,nba_0006,68,58,0.5752,1.0,1,0.1804,0.553
1950-01-21,1950,R,,nba_0019,nba_0013,112,94,0.6516,1.0,1,0.1214,0.4283
1950-01-21,1950,R,,nba_0019,nba_0013,112,94,0.6372,1.0,1,0.1316,0.4507
1950-01-21,1950,R,,nba_0016,nba_0017,95,79,0.7941,1.0,1,0.0424,0.2306
1950-01-21,1950,R,,nba_0016,nba_0017,95,79,0.7561,1.0,1,0.0595,0.2795
1950-01-21,1950,R,,nba_0023,nba_0024,88,84,0.6646,1.0,1,0.1125,0.4085
1950-01-21,1950,R,,nba_0023,nba_0024,88,84,0.6671,1.0,1,0.1108,0.4048
1950-01-21,1950,R,,nba_0011,nba_0020,82,88,0.7524,0.0,0,0.566,1.3957
1950-01-21,1950,R,,nba_0011,nba_0020,82,88,0.7264,0.0,0,0.5277,1.2962
1950-01-22,1950,R,,nba_0012,nba_0020,76,69,0.5794,1.0,1,0.1769,0.5457
1950-01-22,1950,R,,nba_0012,nba_0020,76,69,0.562,1.0,1,0.1918,0.5762
1950-01-22,1950,R,,nba_0013,nba_0011,82,70,0.6169,1.0,1,0.1468,0.483
1950-01-22,1950,R,,nba_0013,nba_0011,82,70,0.6576,1.0,1,0.1172,0.4192
1950-01-22,1950,R,,nba_0015,nba_0002,103,75,0.6967,1.0,1,0.092,0.3614
1950-01-22,1950,R,,nba_0015,nba_0002,103,75,0.6824,1.0,1,0.1009,0.3821
1950-01-22,1950,R,,nba_0005,nba_0016,81,71,0.5337,1.0,1,0.2175,0.628
1950-01-22,1950,R,,nba_0005,nba_0016,81,71,0.5685,1.0,1,0.1862,0.5648
1950-01-22,1950,R,,nba_0009,nba_0001,71,47,0.6233,1.0,1,0.1419,0.4728
1950-01-22,1950,R,,nba_0009,nba_0001,71,47,0.6148,1.0,1,0.1484,0.4864
1950-01-22,1950,R,,nba_0021,nba_0017,75,77,0.8209,0.0,0,0.6739,1.72
1950-01-22,1950,R,,nba_0021,nba_0017,75,77,0.8233,0.0,0,0.6778,1.7333
1950-01-22,1950,R,,nba_0022,nba_0024,111,97,0.79,1.0,1,0.0441,0.2358
1950-01-22,1950,R,,nba_0022,nba_0024,111,97,0.7943,1.0,1,0.0423,0.2303
1950-01-23,1950,R,,nba_0017,nba_0022,96,99,0.7202,0.0,0,0.5187,1.2737
1950-01-23,1950,R,,nba_0017,nba_0022,96,99,0.7178,0.0,0,0.5152,1.2652
1950-01-24,1950,R,,nba_0002,nba_0015,68,80,0.4819,0.0,1,0.2322,0.6576
1950-01-24,1950,R,,nba_0002,nba_0015,68,80,0.497,0.0,1,0.247,0.6872
1950-01-24,1950,R,,nba_0019,nba_0023,107,69,0.8426,1.0,1,0.0248,0.1713
1950-01-24,1950,R,,nba_0019,nba_0023,107,69,0.8422,1.0,1,0.0249,0.1717
1950-01-24,1950,R,,nba_0005,nba_0020,101,68,0.808,1.0,1,0.0369,0.2132
1950-01-24,1950,R,,nba_0005,nba_0020,101,68,0.7962,1.0,1,0.0415,0.2279
1950-01-24,1950,R,,nba_0006,nba_0013,87,74,0.4853,1.0,0,0.2649,0.723
1950-01-24,1950,R,,nba_0006,nba_0013,87,74,0.4631,1.0,0,0.2883,0.7699
1950-01-24,1950,R,,nba_0016,nba_0012,70,56,0.8734,1.0,1,0.016,0.1353
1950-01-24,1950,R,,nba_0016,nba_0012,70,56,0.857,1.0,1,0.0204,0.1543
1950-01-24,1950,R,,nba_0009,nba_0011,67,75,0.5708,0.0,0,0.3259,0.8459
1950-01-24,1950,R,,nba_0009,nba_0011,67,75,0.5966,0.0,0,0.356,0.9079
1950-01-25,1950,R,,nba_0015,nba_0009,85,78,0.8567,1.0,1,0.0205,0.1547
1950-01-25,1950,R,,nba_0015,nba_0009,85,78,0.8333,1.0,1,0.0278,0.1823
1950-01-25,1950,R,,nba_0005,nba_0013,96,66,0.7056,1.0,1,0.0867,0.3487
1950-01-25,1950,R,,nba_0005,nba_0013,96,66,0.6826,1.0,1,0.1007,0.3818
1950-01-25,1950,R,,nba_0022,nba_0011,62,65,0.5251,0.0,0,0.2758,0.7448
1950-01-25,1950,R,,nba_0022,nba_0011,62,65,0.5563,0.0,0,0.3095,0.8127
1950-01-25,1950,R,,nba_0023,nba_0024,104,83,0.6357,1.0,1,0.1327,0.4531
1950-01-25,1950,R,,nba_0023,nba_0024,104,83,0.638,1.0,1,0.1311,0.4495
1950-01-26,1950,R,,nba_0017,nba_0024,109,75,0.8636,1.0,1,0.0186,0.1466
1950-01-26,1950,R,,nba_0017,nba_0024,109,75,0.8651,1.0,1,0.0182,0.1449
1950-01-26,1950,R,,nba_0012,nba_0005,77,79,0.3635,0.0,1,0.1321,0.4517
1950-01-26,1950,R,,nba_0012,nba_0005,77,79,0.3625,0.0,1,0.1314,0.4501
1950-01-26,1950,R,,nba_0001,nba_0013,89,68,0.5831,1.0,1,0.1738,0.5394
1950-01-26,1950,R,,nba_0001,nba_0013,89,68,0.579,1.0,1,0.1772,0.5464
1950-01-26,1950,R,,nba_0009,nba_0011,71,82,0.5252,0.0,0,0.2758,0.7448
1950-01-26,1950,R,,nba_0009,nba_0011,71,82,0.5482,0.0,0,0.3005,0.7944
1950-01-26,1950,R,,nba_0021,nba_0016,76,72,0.6424,1.0,1,0.1278,0.4425
1950-01-26,1950,R,,nba_0021,nba_0016,76,72,0.6905,1.0,1,0.0958,0.3704
1950-01-27,1950,R,,nba_0017,nba_0019,78,91,0.4817,0.0,1,0.232,0.6572
1950-01-27,1950,R,,nba_0017,nba_0019,78,91,0.483,0.0,1,0.2333,0.6597
1950-01-27,1950,R,,nba_0006,nba_0012,71,74,0.7059,0.0,0,0.4983,1.2239
1950-01-27,1950,R,,nba_0006,nba_0012,71,74,0.7105,0.0,0,0.5048,1.2395
1950-01-28,1950,R,,nba_0012,nba_0013,77,64,0.4674,1.0,0,0.2836,0.7605
1950-01-28,1950,R,,nba_0012,nba_0013,77,64,0.4424,1.0,0,0.3109,0.8155
1950-01-28,1950,R,,nba_0005,nba_0006,55,58,0.8331,0.0,0,0.6941,1.7904
1950-01-28,1950,R,,nba_0005,nba_0006,55,58,0.8306,0.0,0,0.69,1.7757
1950-01-28,1950,R,,nba_0016,nba_0001,82,75,0.8268,1.0,1,0.03,0.1902
1950-01-28,1950,R,,nba_0016,nba_0001,82,75,0.7935,1.0,1,0.0426,0.2313
1950-01-28,1950,R,,nba_0022,nba_0019,97,81,0.4546,1.0,0,0.2975,0.7884
1950-01-28,1950,R,,nba_0022,nba_0019,97,81,0.458,1.0,0,0.2938,0.781
1950-01-29,1950,R,,nba_0013,nba_0005,92,70,0.4693,1.0,0,0.2817,0.7566
1950-01-29,1950,R,,nba_0013,nba_0005,92,70,0.4929,1.0,0,0.2572,0.7075
1950-01-29,1950,R,,nba_0015,nba_0011,88,60,0.8113,1.0,1,0.0356,0.2091
1950-01-29,1950,R,,nba_0015,nba_0011,88,60,0.798,1.0,1,0.0408,0.2256
1950-01-29,1950,R,,nba_0009,nba_0002,51,66,0.3998,0.0,1,0.1598,0.5105
1950-01-29,1950,R,,nba_0009,nba_0002,51,66,0.4281,0.0,1,0.1833,0.5588
1950-01-29,1950,R,,nba_0021,nba_0020,85,70,0.8429,1.0,1,0.0247,0.1709
1950-01-29,1950,R,,nba_0021,nba_0020,85,70,0.8439,1.0,1,0.0244,0.1697
1950-01-29,1950,R,,nba_0023,nba_0022,79,85,0.5452,0.0,0,0.2973,0.788
1950-01-29,1950,R,,nba_0023,nba_0022,79,85,0.5424,0.0,0,0.2941,0.7817
1950-01-30,1950,R,,nba_0017,nba_0020,91,74,0.7666,1.0,1,0.0545,0.2658
1950-01-30,1950,R,,nba_0017,nba_0020,91,74,0.7658,1.0,1,0.0548,0.2668
1950-01-30,1950,R,,nba_0019,nba_0021,75,91,0.5259,0.0,0,0.2765,0.7463
1950-01-30,1950,R,,nba_0019,nba_0021,75,91,0.5218,0.0,0,0.2723,0.7377
1950-01-31,1950,R,,nba_0001,nba_0016,72,85,0.3477,0.0,1,0.1209,0.4273
1950-01-31,1950,R,,nba_0001,nba_0016,72,85,0.3967,0.0,1,0.1573,0.5053
1950-01-31,1950,R,,nba_0002,nba_0013,89,93,0.7275,0.0,0,0.5293,1.3002
1950-01-31,1950,R,,nba_0002,nba_0013,89,93,0.6935,0.0,0,0.4809,1.1825
1950-01-31,1950,R,,nba_0024,nba_0011,78,88,0.3228,0.0,1,0.1042,0.3898
1950-01-31,1950,R,,nba_0024,nba_0011,78,88,0.3445,0.0,1,0.1186,0.4223
1950-01-31,1950,R,,nba_0005,nba_0022,77,83,0.7616,0.0,0,0.58,1.4337
1950-01-31,1950,R,,nba_0005,nba_0022,77,83,0.7496,0.0,0,0.5619,1.3848
1950-02-01,1950,R,,nba_0001,nba_0002,76,78,0.445,0.0,1,0.198,0.5888
1950-02-01,1950,R,,nba_0001,nba_0002,76,78,0.4805,0.0,1,0.2308,0.6548
1950-02-01,1950,R,,nba_0015,nba_0005,96,81,0.8137,1.0,1,0.0347,0.2061
1950-02-01,1950,R,,nba_0015,nba_0005,96,81,0.7928,1.0,1,0.0429,0.2321
1950-02-01,1950,R,,nba_0006,nba_0016,68,82,0.3435,0.0,1,0.118,0.4209
1950-02-01,1950,R,,nba_0006,nba_0016,68,82,0.3763,0.0,1,0.1416,0.4722
1950-02-01,1950,R,,nba_0022,nba_0021,91,83,0.3251,1.0,0,0.4555,1.1236
1950-02-01,1950,R,,nba_0022,nba_0021,91,83,0.3244,1.0,0,0.4565,1.1259
1950-02-01,1950,R,,nba_0023,nba_0017,73,86,0.4326,0.0,1,0.1872,0.5667
1950-02-01,1950,R,,nba_0023,nba_0017,73,86,0.4319,0.0,1,0.1866,0.5655
1950-02-02,1950,R,,nba_0012,nba_0016,79,69,0.3161,1.0,0,0.4677,1.1516
1950-02-02,1950,R,,nba_0012,nba_0016,79,69,0.3422,1.0,0,0.4326,1.0722
1950-02-02,1950,R,,nba_0013,nba_0015,78,79,0.3649,0.0,1,0.1331,0.4539
1950-02-02,1950,R,,nba_0013,nba_0015,78,79,0.4162,0.0,1,0.1732,0.5382
1950-02-02,1950,R,,nba_0019,nba_0021,67,73,0.5277,0.0,0,0.2785,0.7502
1950-02-02,1950,R,,nba_0019,nba_0021,67,73,0.524,0.0,0,0.2746,0.7424
1950-02-02,1950,R,,nba_0020,nba_0011,68,65,0.4361,1.0,0,0.318,0.8298
1950-02-02,1950,R,,nba_0020,nba_0011,68,65,0.4635,1.0,0,0.2878,0.769
1950-02-02,1950,R,,nba_0009,nba_0005,73,87,0.5039,0.0,0,0.254,0.701
1950-02-02,1950,R,,nba_0009,nba_0005,73,87,0.5122,0.0,0,0.2624,0.7179
1950-02-03,1950,R,,nba_0012,nba_0002,81,98,0.3833,0.0,1,0.1469,0.4833
1950-02-03,1950,R,,nba_0012,nba_0002,81,98,0.3989,0.0,1,0.1591,0.509
1950-02-03,1950,R,,nba_0001,nba_0017,106,98,0.5299,1.0,1,0.221,0.6351
1950-02-03,1950,R,,nba_0001,nba_0017,106,98,0.5318,1.0,1,0.2192,0.6315
1950-02-03,1950,R,,nba_0006,nba_0022,83,72,0.5398,1.0,1,0.2118,0.6166
1950-02-03,1950,R,,nba_0006,nba_0022,83,72,0.5263,1.0,1,0.2244,0.6419
1950-02-03,1950,R,,nba_0021,nba_0023,103,79,0.9017,1.0,1,0.0097,0.1035
1950-02-03,1950,R,,nba_0021,nba_0023,103,79,0.9029,1.0,1,0.0094,0.1022
1950-02-04,1950,R,,nba_0012,nba_0017,90,70,0.5047,1.0,1,0.2453,0.6837
1950-02-04,1950,R,,nba_0012,nba_0017,90,70,0.4883,1.0,0,0.2618,0.7168
1950-02-04,1950,R,,nba_0001,nba_0023,100,82,0.7576,1.0,1,0.0587,0.2776
1950-02-04,1950,R,,nba_0001,nba_0023,100,82,0.7595,1.0,1,0.0579,0.2751
1950-02-04,1950,R,,nba_0016,nba_0002,82,78,0.7217,1.0,1,0.0774,0.3261
1950-02-04,1950,R,,nba_0016,nba_0002,82,78,0.7112,1.0,1,0.0834,0.3408
1950-02-04,1950,R,,nba_0011,nba_0005,71,76,0.5719,0.0,0,0.3271,0.8484
1950-02-04,1950,R,,nba_0011,nba_0005,71,76,0.5603,0.0,0,0.314,0.8218
1950-02-05,1950,R,,nba_0001,nba_0002,70,77,0.4434,0.0,1,0.1966,0.5859
1950-02-05,1950,R,,nba_0001,nba_0002,70,77,0.4767,0.0,1,0.2272,0.6476
1950-02-05,1950,R,,nba_0013,nba_0017,95,85,0.6845,1.0,1,0.0995,0.3791
1950-02-05,1950,R,,nba_0013,nba_0017,95,85,0.6906,1.0,1,0.0957,0.3701
1950-02-05,1950,R,,nba_0015,nba_0006,100,67,0.8968,1.0,1,0.0106,0.1089
1950-02-05,1950,R,,nba_0015,nba_0006,100,67,0.8836,1.0,1,0.0136,0.1238
1950-02-05,1950,R,,nba_0005,nba_0016,65,73,0.5042,0.0,0,0.2542,0.7016
1950-02-05,1950,R,,nba_0005,nba_0016,65,73,0.5335,0.0,0,0.2846,0.7624
1950-02-05,1950,R,,nba_0009,nba_0019,76,64,0.4567,1.0,0,0.2951,0.7836
1950-02-05,1950,R,,nba_0009,nba_0019,76,64,0.4508,1.0,0,0.3017,0.7968
1950-02-05,1950,R,,nba_0021,nba_0012,96,87,0.8697,1.0,1,0.017,0.1397
1950-02-05,1950,R,,nba_0021,nba_0012,96,87,0.8778,1.0,1,0.0149,0.1303
1950-02-05,1950,R,,nba_0022,nba_0020,86,71,0.6828,1.0,1,0.1006,0.3815
1950-02-05,1950,R,,nba_0022,nba_0020,86,71,0.6836,1.0,1,0.1001,0.3803
1950-02-06,1950,R,,nba_0017,nba_0006,77,75,0.6832,1.0,1,0.1004,0.381
1950-02-06,1950,R,,nba_0017,nba_0006,77,75,0.6933,1.0,1,0.0941,0.3663
1950-02-07,1950,R,,nba_0001,nba_0002,86,91,0.4219,0.0,1,0.178,0.548
1950-02-07,1950,R,,nba_0001,nba_0002,86,91,0.4529,0.0,1,0.2051,0.6031
1950-02-07,1950,R,,nba_0024,nba_0013,67,83,0.3464,0.0,1,0.12,0.4252
1950-02-07,1950,R,,nba_0024,nba_0013,67,83,0.3372,0.0,1,0.1137,0.4114
1950-02-07,1950,R,,nba_0019,nba_0011,88,81,0.6096,1.0,1,0.1524,0.495
1950-02-07,1950,R,,nba_0019,nba_0011,88,81,0.633,1.0,1,0.1347,0.4573
1950-02-07,1950,R,,nba_0016,nba_0009,90,84,0.8551,1.0,1,0.021,0.1565
1950-02-07,1950,R,,nba_0016,nba_0009,90,84,0.8361,1.0,1,0.0269,0.179
1950-02-08,1950,R,,nba_0005,nba_0009,82,84,0.8019,0.0,0,0.6431,1.6191
1950-02-08,1950,R,,nba_0005,nba_0009,82,84,0.7964,0.0,0,0.6342,1.5915
1950-02-08,1950,R,,nba_0021,nba_0020,106,81,0.8836,1.0,1,0.0135,0.1237
1950-02-08,1950,R,,nba_0021,nba_0020,106,81,0.8843,1.0,1,0.0134,0.1229
1950-02-08,1950,R,,nba_0022,nba_0006,99,94,0.7052,1.0,1,0.0869,0.3493
1950-02-08,1950,R,,nba_0022,nba_0006,99,94,0.7162,1.0,1,0.0805,0.3338
1950-02-08,1950,R,,nba_0023,nba_0011,77,70,0.4048,1.0,0,0.3543,0.9045
1950-02-08,1950,R,,nba_0023,nba_0011,77,70,0.4287,1.0,0,0.3264,0.8471
1950-02-09,1950,R,,nba_0012,nba_0009,79,67,0.6358,1.0,1,0.1327,0.4529
1950-02-09,1950,R,,nba_0012,nba_0009,79,67,0.6279,1.0,1,0.1384,0.4653
1950-02-09,1950,R,,nba_0013,nba_0006,61,64,0.7571,0.0,0,0.5733,1.4153
1950-02-09,1950,R,,nba_0013,nba_0006,61,64,0.7699,0.0,0,0.5928,1.4693
1950-02-09,1950,R,,nba_0015,nba_0011,71,59,0.8634,1.0,1,0.0187,0.1468
1950-02-09,1950,R,,nba_0015,nba_0011,71,59,0.8538,1.0,1,0.0214,0.1581
1950-02-09,1950,R,,nba_0020,nba_0022,104,82,0.4939,1.0,0,0.2562,0.7055
1950-02-09,1950,R,,nba_0020,nba_0022,104,82,0.4933,1.0,0,0.2568,0.7067
1950-02-10,1950,R,,nba_0001,nba_0009,89,79,0.6677,1.0,1,0.1104,0.4039
1950-02-10,1950,R,,nba_0001,nba_0009,89,79,0.6742,1.0,1,0.1061,0.3942
1950-02-10,1950,R,,nba_0019,nba_0017,76,107,0.6734,0.0,0,0.4534,1.1189
1950-02-10,1950,R,,nba_0019,nba_0017,76,107,0.6722,0.0,0,0.4519,1.1154
1950-02-10,1950,R,,nba_0006,nba_0002,76,83,0.3412,0.0,1,0.1164,0.4173
1950-02-10,1950,R,,nba_0006,nba_0002,76,83,0.358,0.0,1,0.1281,0.4431
1950-02-11,1950,R,,nba_0012,nba_0021,76,77,0.2835,0.0,1,0.0804,0.3334
1950-02-11,1950,R,,nba_0012,nba_0021,76,77,0.2693,0.0,1,0.0725,0.3137
1950-02-11,1950,R,,nba_0024,nba_0020,108,78,0.4789,1.0,0,0.2715,0.7362
1950-02-11,1950,R,,nba_0024,nba_0020,108,78,0.4749,1.0,0,0.2757,0.7446
1950-02-11,1950,R,,nba_0005,nba_0002,85,75,0.6009,1.0,1,0.1592,0.5093
1950-02-11,1950,R,,nba_0005,nba_0002,85,75,0.6139,1.0,1,0.1491,0.4879
1950-02-11,1950,R,,nba_0016,nba_0013,84,92,0.8311,0.0,0,0.6908,1.7785
1950-02-11,1950,R,,nba_0016,nba_0013,84,92,0.802,0.0,0,0.6431,1.6193
1950-02-11,1950,R,,nba_0011,nba_0017,81,69,0.6374,1.0,1,0.1315,0.4504
1950-02-11,1950,R,,nba_0011,nba_0017,81,69,0.6143,1.0,1,0.1487,0.4872
1950-02-12,1950,R,,nba_0013,nba_0016,76,74,0.4312,1.0,0,0.3235,0.8411
1950-02-12,1950,R,,nba_0013,nba_0016,76,74,0.4791,1.0,0,0.2713,0.7358
1950-02-12,1950,R,,nba_0015,nba_0001,88,70,0.8887,1.0,1,0.0124,0.118
1950-02-12,1950,R,,nba_0015,nba_0001,88,70,0.87,1.0,1,0.0169,0.1392
1950-02-12,1950,R,,nba_0009,nba_0006,86,70,0.6295,1.0,1,0.1373,0.4628
1950-02-12,1950,R,,nba_0009,nba_0006,86,70,0.6339,1.0,1,0.1341,0.4559
1950-02-12,1950,R,,nba_0021,nba_0023,102,98,0.8985,1.0,1,0.0103,0.107
1950-02-12,1950,R,,nba_0021,nba_0023,102,98,0.8996,1.0,1,0.0101,0.1058
1950-02-12,1950,R,,nba_0022,nba_0019,89,95,0.5705,0.0,0,0.3255,0.8451
1950-02-12,1950,R,,nba_0022,nba_0019,89,95,0.5734,0.0,0,0.3288,0.8519
1950-02-13,1950,R,,nba_0017,nba_0023,93,80,0.8135,1.0,1,0.0348,0.2064
1950-02-13,1950,R,,nba_0017,nba_0023,93,80,0.8134,1.0,1,0.0348,0.2065
1950-02-13,1950,R,,nba_0024,nba_0020,79,67,0.4816,1.0,0,0.2688,0.7307
1950-02-13,1950,R,,nba_0024,nba_0020,79,67,0.4778,1.0,0,0.2727,0.7385
1950-02-14,1950,R,,nba_0001,nba_0024,78,84,0.8046,0.0,0,0.6473,1.6325
1950-02-14,1950,R,,nba_0001,nba_0024,78,84,0.8059,0.0,0,0.6494,1.6392
1950-02-14,1950,R,,nba_0002,nba_0016,74,83,0.5675,0.0,0,0.3221,0.8383
1950-02-14,1950,R,,nba_0002,nba_0016,74,83,0.58,0.0,0,0.3365,0.8676
1950-02-14,1950,R,,nba_0019,nba_0006,86,67,0.7544,1.0,1,0.0603,0.2818
1950-02-14,1950,R,,nba_0019,nba_0006,86,67,0.7618,1.0,1,0.0567,0.272
1950-02-15,1950,R,,nba_0013,nba_0001,84,78,0.7676,1.0,1,0.054,0.2645
1950-02-15,1950,R,,nba_0013,nba_0001,84,78,0.772,1.0,1,0.052,0.2587
1950-02-15,1950,R,,nba_0015,nba_0016,92,70,0.7311,1.0,1,0.0723,0.3132
1950-02-15,1950,R,,nba_0015,nba_0016,92,70,0.7293,1.0,1,0.0733,0.3156
1950-02-15,1950,R,,nba_0005,nba_0012,80,67,0.7754,1.0,1,0.0504,0.2544
1950-02-15,1950,R,,nba_0005,nba_0012,80,67,0.7748,1.0,1,0.0507,0.2552
1950-02-15,1950,R,,nba_0020,nba_0006,61,66,0.5988,0.0,0,0.3586,0.9133
1950-02-15,1950,R,,nba_0020,nba_0006,61,66,0.6102,0.0,0,0.3723,0.942
1950-02-15,1950,R,,nba_0023,nba_0019,76,74,0.3663,1.0,0,0.4016,1.0043
1950-02-15,1950,R,,nba_0023,nba_0019,76,74,0.3673,1.0,0,0.4004,1.0017
1950-02-15,1950,R,,nba_0011,nba_0022,81,85,0.7104,0.0,0,0.5046,1.2391
1950-02-15,1950,R,,nba_0011,nba_0022,81,85,0.6888,0.0,0,0.4745,1.1674
1950-02-16,1950,R,,nba_0012,nba_0013,83,77,0.4729,1.0,0,0.2778,0.7488
1950-02-16,1950,R,,nba_0012,nba_0013,83,77,0.4527,1.0,0,0.2996,0.7926
1950-02-16,1950,R,,nba_0024,nba_0017,86,95,0.3386,0.0,1,0.1146,0.4134
1950-02-16,1950,R,,nba_0024,nba_0017,86,95,0.3368,0.0,1,0.1134,0.4107
1950-02-16,1950,R,,nba_0009,nba_0015,71,72,0.279,0.0,1,0.0778,0.3271
1950-02-16,1950,R,,nba_0009,nba_0015,71,72,0.309,0.0,1,0.0955,0.3696
1950-02-16,1950,R,,nba_0021,nba_0022,105,74,0.8632,1.0,1,0.0187,0.1471
1950-02-16,1950,R,,nba_0021,nba_0022,105,74,0.8637,1.0,1,0.0186,0.1465
1950-02-17,1950,R,,nba_0001,nba_0016,73,81,0.3174,0.0,1,0.1008,0.3819
1950-02-17,1950,R,,nba_0001,nba_0016,73,81,0.3536,0.0,1,0.1251,0.4364
1950-02-17,1950,R,,nba_0015,nba_0023,80,74,0.9301,1.0,1,0.0049,0.0725
1950-02-17,1950,R,,nba_0015,nba_0023,80,74,0.9183,1.0,1,0.0067,0.0853
1950-02-17,1950,R,,nba_0006,nba_0013,67,68,0.4923,0.0,1,0.2424,0.6779
1950-02-17,1950,R,,nba_0006,nba_0013,67,68,0.4766,0.0,1,0.2271,0.6473
1950-02-18,1950,R,,nba_0012,nba_0006,73,100,0.6727,0.0,0,0.4525,1.1168
1950-02-18,1950,R,,nba_0012,nba_0006,73,100,0.6689,0.0,0,0.4475,1.1055
1950-02-18,1950,R,,nba_0001,nba_0016,73,94,0.3045,0.0,1,0.0928,0.3632
1950-02-18,1950,R,,nba_0001,nba_0016,73,94,0.3382,0.0,1,0.1144,0.4127
1950-02-18,1950,R,,nba_0005,nba_0013,80,84,0.7118,0.0,0,0.5066,1.2441
1950-02-18,1950,R,,nba_0005,nba_0013,80,84,0.6946,0.0,0,0.4825,1.1863
1950-02-18,1950,R,,nba_0023,nba_0022,93,116,0.4276,0.0,1,0.1828,0.5579
1950-02-18,1950,R,,nba_0023,nba_0022,93,116,0.4255,0.0,1,0.1811,0.5543
1950-02-18,1950,R,,nba_0011,nba_0019,81,79,0.5855,1.0,1,0.1718,0.5353
1950-02-18,1950,R,,nba_0011,nba_0019,81,79,0.5637,1.0,1,0.1904,0.5733
1950-02-19,1950,R,,nba_0024,nba_0017,86,85,0.3437,1.0,0,0.4307,1.0679
1950-02-19,1950,R,,nba_0024,nba_0017,86,85,0.342,1.0,0,0.433,1.0729
1950-02-19,1950,R,,nba_0013,nba_0012,79,71,0.768,1.0,1,0.0538,0.264
1950-02-19,1950,R,,nba_0013,nba_0012,79,71,0.7813,1.0,1,0.0478,0.2468
1950-02-19,1950,R,,nba_0015,nba_0002,96,83,0.7557,1.0,1,0.0597,0.2801
1950-02-19,1950,R,,nba_0015,nba_0002,96,83,0.7458,1.0,1,0.0646,0.2933
1950-02-19,1950,R,,nba_0016,nba_0005,105,92,0.746,1.0,1,0.0645,0.293
1950-02-19,1950,R,,nba_0016,nba_0005,105,92,0.7281,1.0,1,0.0739,0.3173
1950-02-19,1950,R,,nba_0009,nba_0020,72,65,0.6902,1.0,1,0.096,0.3708
1950-02-19,1950,R,,nba_0009,nba_0020,72,65,0.6833,1.0,1,0.1003,0.3809
1950-02-19,1950,R,,nba_0021,nba_0019,82,78,0.8265,1.0,1,0.0301,0.1905
1950-02-19,1950,R,,nba_0021,nba_0019,82,78,0.8289,1.0,1,0.0293,0.1876
1950-02-19,1950,R,,nba_0023,nba_0022,84,63,0.4163,1.0,0,0.3407,0.8764
1950-02-19,1950,R,,nba_0023,nba_0022,84,63,0.4144,1.0,0,0.3429,0.8809
1950-02-20,1950,R,,nba_0022,nba_0012,82,73,0.6801,1.0,1,0.1023,0.3855
1950-02-20,1950,R,,nba_0022,nba_0012,82,73,0.6932,1.0,1,0.0941,0.3664
1950-02-21,1950,R,,nba_0002,nba_0012,72,64,0.8272,1.0,1,0.0299,0.1898
1950-02-21,1950,R,,nba_0002,nba_0012,72,64,0.8179,1.0,1,0.0332,0.2011
1950-02-21,1950,R,,nba_0024,nba_0021,89,78,0.1698,1.0,0,0.6892,1.773
1950-02-21,1950,R,,nba_0024,nba_0021,89,78,0.1671,1.0,0,0.6938,1.7894
1950-02-21,1950,R,,nba_0019,nba_0020,78,83,0.7976,0.0,0,0.6362,1.5976
1950-02-21,1950,R,,nba_0019,nba_0020,78,83,0.7963,0.0,0,0.634,1.5909
1950-02-21,1950,R,,nba_0006,nba_0005,73,84,0.4722,0.0,1,0.223,0.6391
1950-02-21,1950,R,,nba_0006,nba_0005,73,84,0.478,0.0,1,0.2285,0.65
1950-02-21,1950,R,,nba_0016,nba_0011,84,76,0.7896,1.0,1,0.0442,0.2362
1950-02-21,1950,R,,nba_0016,nba_0011,84,76,0.7799,1.0,1,0.0485,0.2486
1950-02-22,1950,R,,nba_0015,nba_0009,100,57,0.8944,1.0,1,0.0112,0.1116
1950-02-22,1950,R,,nba_0015,nba_0009,100,57,0.8805,1.0,1,0.0143,0.1272
1950-02-22,1950,R,,nba_0005,nba_0011,89,81,0.6969,1.0,1,0.0919,0.3612
1950-02-22,1950,R,,nba_0005,nba_0011,89,81,0.7034,1.0,1,0.088,0.3518
1950-02-22,1950,R,,nba_0022,nba_0017,81,90,0.5476,0.0,0,0.2999,0.7932
1950-02-22,1950,R,,nba_0022,nba_0017,81,90,0.5491,0.0,0,0.3015,0.7964
1950-02-22,1950,R,,nba_0023,nba_0012,77,84,0.5858,0.0,0,0.3432,0.8814
1950-02-22,1950,R,,nba_0023,nba_0012,77,84,0.5986,0.0,0,0.3583,0.9127
1950-02-23,1950,R,,nba_0001,nba_0006,82,77,0.6544,1.0,1,0.1194,0.424
1950-02-23,1950,R,,nba_0001,nba_0006,82,77,0.6613,1.0,1,0.1147,0.4135
1950-02-23,1950,R,,nba_0024,nba_0021,80,108,0.1941,0.0,1,0.0377,0.2158
1950-02-23,1950,R,,nba_0024,nba_0021,80,108,0.191,0.0,1,0.0365,0.212
1950-02-23,1950,R,,nba_0020,nba_0023,81,86,0.6889,0.0,0,0.4746,1.1678
1950-02-23,1950,R,,nba_0020,nba_0023,81,86,0.6901,0.0,0,0.4763,1.1716
1950-02-23,1950,R,,nba_0009,nba_0013,72,74,0.4277,0.0,1,0.1829,0.5581
1950-02-23,1950,R,,nba_0009,nba_0013,72,74,0.4157,0.0,1,0.1728,0.5373
1950-02-24,1950,R,,nba_0001,nba_0011,89,74,0.4953,1.0,0,0.2548,0.7027
1950-02-24,1950,R,,nba_0001,nba_0011,89,74,0.5157,1.0,1,0.2345,0.6621
1950-02-24,1950,R,,nba_0002,nba_0009,77,62,0.8175,1.0,1,0.0333,0.2015
1950-02-24,1950,R,,nba_0002,nba_0009,77,62,0.8043,1.0,1,0.0383,0.2177
1950-02-24,1950,R,,nba_0019,nba_0021,67,72,0.4331,0.0,1,0.1876,0.5675
1950-02-24,1950,R,,nba_0019,nba_0021,67,72,0.4292,0.0,1,0.1842,0.5607
1950-02-24,1950,R,,nba_0006,nba_0012,69,77,0.6059,0.0,0,0.3671,0.9312
1950-02-24,1950,R,,nba_0006,nba_0012,69,77,0.6087,0.0,0,0.3705,0.9383
1950-02-25,1950,R,,nba_0012,nba_0001,66,82,0.6003,0.0,0,0.3604,0.9171
1950-02-25,1950,R,,nba_0012,nba_0001,66,82,0.5909,0.0,0,0.3491,0.8938
1950-02-25,1950,R,,nba_0005,nba_0002,86,79,0.6405,1.0,1,0.1292,0.4454
1950-02-25,1950,R,,nba_0005,nba_0002,86,79,0.6521,1.0,1,0.1211,0.4276
1950-02-25,1950,R,,nba_0016,nba_0015,66,64,0.5518,1.0,1,0.2009,0.5946
1950-02-25,1950,R,,nba_0016,nba_0015,66,64,0.5553,1.0,1,0.1978,0.5883
1950-02-25,1950,R,,nba_0022,nba_0020,74,66,0.7499,1.0,1,0.0625,0.2878
1950-02-25,1950,R,,nba_0022,nba_0020,74,66,0.7502,1.0,1,0.0624,0.2874
1950-02-25,1950,R,,nba_0011,nba_0006,80,92,0.7167,0.0,0,0.5136,1.2612
1950-02-25,1950,R,,nba_0011,nba_0006,80,92,0.7064,0.0,0,0.499,1.2254
1950-02-26,1950,R,,nba_0024,nba_0023,76,100,0.5895,0.0,0,0.3475,0.8903
1950-02-26,1950,R,,nba_0024,nba_0023,76,100,0.5881,0.0,0,0.3459,0.8871
1950-02-26,1950,R,,nba_0013,nba_0011,78,81,0.7544,0.0,0,0.5691,1.4041
1950-02-26,1950,R,,nba_0013,nba_0011,78,81,0.7738,0.0,0,0.5988,1.4864
1950-02-26,1950,R,,nba_0015,nba_0022,80,66,0.8854,1.0,1,0.0131,0.1217
1950-02-26,1950,R,,nba_0015,nba_0022,80,66,0.8673,1.0,1,0.0176,0.1424
1950-02-26,1950,R,,nba_0020,nba_0019,86,107,0.3978,0.0,1,0.1582,0.5071
1950-02-26,1950,R,,nba_0020,nba_0019,86,107,0.3997,0.0,1,0.1597,0.5103
1950-02-26,1950,R,,nba_0009,nba_0016,79,81,0.3022,0.0,1,0.0913,0.3598
1950-02-26,1950,R,,nba_0009,nba_0016,79,81,0.3276,0.0,1,0.1073,0.3969
1950-02-26,1950,R,,nba_0021,nba_0002,73,64,0.756,1.0,1,0.0595,0.2797
1950-02-26,1950,R,,nba_0021,nba_0002,73,64,0.7779,1.0,1,0.0493,0.2512
1950-02-27,1950,R,,nba_0017,nba_0021,97,73,0.4253,1.0,0,0.3303,0.855
1950-02-27,1950,R,,nba_0017,nba_0021,97,73,0.4232,1.0,0,0.3326,0.8598
1950-02-27,1950,R,,nba_0001,nba_0002,77,79,0.4707,0.0,1,0.2216,0.6362
1950-02-27,1950,R,,nba_0001,nba_0002,77,79,0.4944,0.0,1,0.2445,0.6821
1950-02-27,1950,R,,nba_0024,nba_0022,75,110,0.4084,0.0,1,0.1668,0.525
1950-02-27,1950,R,,nba_0024,nba_0022,75,110,0.4061,0.0,1,0.1649,0.521
1950-02-28,1950,R,,nba_0019,nba_0021,110,72,0.4232,1.0,0,0.3327,0.8599
1950-02-28,1950,R,,nba_0019,nba_0021,110,72,0.4203,1.0,0,0.336,0.8667
1950-02-28,1950,R,,nba_0015,nba_0013,71,65,0.8315,1.0,1,0.0284,0.1846
1950-02-28,1950,R,,nba_0015,nba_0013,71,65,0.805,1.0,1,0.038,0.2169
1950-02-28,1950,R,,nba_0016,nba_0002,74,69,0.7613,1.0,1,0.057,0.2727
1950-02-28,1950,R,,nba_0016,nba_0002,74,69,0.754,1.0,1,0.0605,0.2824
1950-03-01,1950,R,,nba_0002,nba_0011,76,75,0.7001,1.0,1,0.0899,0.3565
1950-03-01,1950,R,,nba_0002,nba_0011,76,75,0.6961,1.0,1,0.0924,0.3623
1950-03-01,1950,R,,nba_0024,nba_0022,80,97,0.3707,0.0,1,0.1374,0.4632
1950-03-01,1950,R,,nba_0024,nba_0022,80,97,0.3687,0.0,1,0.1359,0.46
1950-03-01,1950,R,,nba_0005,nba_0012,82,76,0.8084,1.0,1,0.0367,0.2127
1950-03-01,1950,R,,nba_0005,nba_0012,82,76,0.8062,1.0,1,0.0375,0.2154
1950-03-01,1950,R,,nba_0006,nba_0001,77,64,0.6291,1.0,1,0.1376,0.4635
1950-03-01,1950,R,,nba_0006,nba_0001,77,64,0.6234,1.0,1,0.1418,0.4726
1950-03-01,1950,R,,nba_0009,nba_0013,70,75,0.5117,0.0,0,0.2619,0.7169
1950-03-01,1950,R,,nba_0009,nba_0013,70,75,0.4997,0.0,1,0.2497,0.6926
1950-03-01,1950,R,,nba_0023,nba_0021,72,93,0.283,0.0,1,0.0801,0.3327
1950-03-01,1950,R,,nba_0023,nba_0021,72,93,0.2811,0.0,1,0.079,0.3301
1950-03-02,1950,R,,nba_0017,nba_0024,85,72,0.8863,1.0,1,0.0129,0.1207
1950-03-02,1950,R,,nba_0017,nba_0024,85,72,0.8869,1.0,1,0.0128,0.12
1950-03-02,1950,R,,nba_0012,nba_0015,68,88,0.1826,0.0,1,0.0334,0.2017
1950-03-02,1950,R,,nba_0012,nba_0015,68,88,0.1993,0.0,1,0.0397,0.2223
1950-03-02,1950,R,,nba_0001,nba_0005,72,81,0.4209,0.0,1,0.1772,0.5464
1950-03-02,1950,R,,nba_0001,nba_0005,72,81,0.4323,0.0,1,0.1869,0.5662
1950-03-02,1950,R,,nba_0013,nba_0009,91,61,0.7672,1.0,1,0.0542,0.265
1950-03-02,1950,R,,nba_0013,nba_0009,91,61,0.7752,1.0,1,0.0505,0.2546
1950-03-02,1950,R,,nba_0020,nba_0021,95,85,0.2561,1.0,0,0.5534,1.3623
1950-03-02,1950,R,,nba_0020,nba_0021,95,85,0.2553,1.0,0,0.5545,1.3652
1950-03-02,1950,R,,nba_0011,nba_0002,91,88,0.4742,1.0,0,0.2765,0.7462
1950-03-02,1950,R,,nba_0011,nba_0002,91,88,0.4788,1.0,0,0.2717,0.7365
1950-03-03,1950,R,,nba_0019,nba_0022,83,96,0.7044,0.0,0,0.4962,1.2188
1950-03-03,1950,R,,nba_0019,nba_0022,83,96,0.7033,0.0,0,0.4946,1.215
1950-03-03,1950,R,,nba_0006,nba_0015,66,61,0.2328,1.0,0,0.5886,1.4576
1950-03-03,1950,R,,nba_0006,nba_0015,66,61,0.254,1.0,0,0.5565,1.3703
1950-03-04,1950,R,,nba_0012,nba_0002,77,72,0.3793,1.0,0,0.3853,0.9695
1950-03-04,1950,R,,nba_0012,nba_0002,77,72,0.3923,1.0,0,0.3692,0.9356
1950-03-04,1950,R,,nba_0005,nba_0015,75,84,0.4384,0.0,1,0.1922,0.577
1950-03-04,1950,R,,nba_0005,nba_0015,75,84,0.4614,0.0,1,0.2128,0.6187
1950-03-04,1950,R,,nba_0016,nba_0013,73,70,0.8073,1.0,1,0.0371,0.214
1950-03-04,1950,R,,nba_0016,nba_0013,73,70,0.7815,1.0,1,0.0477,0.2465
1950-03-04,1950,R,,nba_0011,nba_0001,95,75,0.6868,1.0,1,0.0981,0.3757
1950-03-04,1950,R,,nba_0011,nba_0001,95,75,0.6713,1.0,1,0.1081,0.3986
1950-03-05,1950,R,,nba_0002,nba_0017,73,89,0.6218,0.0,0,0.3866,0.9723
1950-03-05,1950,R,,nba_0002,nba_0017,73,89,0.5965,0.0,0,0.3558,0.9076
1950-03-05,1950,R,,nba_0013,nba_0016,60,65,0.4232,0.0,1,0.1791,0.5503
1950-03-05,1950,R,,nba_0013,nba_0016,60,65,0.4611,0.0,1,0.2126,0.6182
1950-03-05,1950,R,,nba_0020,nba_0019,87,92,0.4246,0.0,1,0.1802,0.5526
1950-03-05,1950,R,,nba_0020,nba_0019,87,92,0.4262,0.0,1,0.1817,0.5555
1950-03-05,1950,R,,nba_0009,nba_0006,71,67,0.6023,1.0,1,0.1582,0.507
1950-03-05,1950,R,,nba_0009,nba_0006,71,67,0.6049,1.0,1,0.1561,0.5028
1950-03-05,1950,R,,nba_0021,nba_0015,84,75,0.5239,1.0,1,0.2266,0.6464
1950-03-05,1950,R,,nba_0021,nba_0015,84,75,0.5632,1.0,1,0.1908,0.5741
1950-03-05,1950,R,,nba_0022,nba_0024,91,80,0.8328,1.0,1,0.028,0.183
1950-03-05,1950,R,,nba_0022,nba_0024,91,80,0.8339,1.0,1,0.0276,0.1816
1950-03-06,1950,R,,nba_0017,nba_0022,88,77,0.6797,1.0,1,0.1026,0.3861
1950-03-06,1950,R,,nba_0017,nba_0022,88,77,0.6788,1.0,1,0.1032,0.3874
1950-03-07,1950,R,,nba_0001,nba_0011,75,64,0.5212,1.0,1,0.2293,0.6517
1950-03-07,1950,R,,nba_0001,nba_0011,75,64,0.5375,1.0,1,0.2139,0.6209
1950-03-07,1950,R,,nba_0019,nba_0017,107,93,0.598,1.0,1,0.1616,0.5141
1950-03-07,1950,R,,nba_0019,nba_0017,107,93,0.5978,1.0,1,0.1617,0.5145
1950-03-07,1950,R,,nba_0015,nba_0020,90,73,0.9329,1.0,1,0.0045,0.0695
1950-03-07,1950,R,,nba_0015,nba_0020,90,73,0.9227,1.0,1,0.006,0.0804
1950-03-08,1950,R,,nba_0015,nba_0006,68,65,0.8797,1.0,1,0.0145,0.1281
1950-03-08,1950,R,,nba_0015,nba_0006,68,65,0.868,1.0,1,0.0174,0.1416
1950-03-08,1950,R,,nba_0005,nba_0009,80,78,0.8158,1.0,1,0.0339,0.2036
1950-03-08,1950,R,,nba_0005,nba_0009,80,78,0.8106,1.0,1,0.0359,0.21
1950-03-08,1950,R,,nba_0022,nba_0017,67,82,0.5706,0.0,0,0.3255,0.8453
1950-03-08,1950,R,,nba_0022,nba_0017,67,82,0.5715,0.0,0,0.3266,0.8475
1950-03-08,1950,R,,nba_0023,nba_0024,97,68,0.7538,1.0,1,0.0606,0.2826
1950-03-08,1950,R,,nba_0023,nba_0024,97,68,0.7546,1.0,1,0.0602,0.2816
1950-03-08,1950,R,,nba_0011,nba_0012,88,80,0.6704,1.0,1,0.1086,0.3999
1950-03-08,1950,R,,nba_0011,nba_0012,88,80,0.6633,1.0,1,0.1134,0.4106
1950-03-09,1950,R,,nba_0017,nba_0019,90,97,0.6317,0.0,0,0.399,0.9988
1950-03-09,1950,R,,nba_0017,nba_0019,90,97,0.6319,0.0,0,0.3993,0.9994
1950-03-09,1950,R,,nba_0012,nba_0005,91,79,0.3724,1.0,0,0.3939,0.9878
1950-03-09,1950,R,,nba_0012,nba_0005,91,79,0.3749,1.0,0,0.3908,0.9812
1950-03-09,1950,R,,nba_0013,nba_0002,84,71,0.6117,1.0,1,0.1508,0.4915
1950-03-09,1950,R,,nba_0013,nba_0002,84,71,0.6375,1.0,1,0.1314,0.4502
1950-03-09,1950,R,,nba_0016,nba_0001,78,59,0.8971,1.0,1,0.0106,0.1086
1950-03-09,1950,R,,nba_0016,nba_0001,78,59,0.8857,1.0,1,0.0131,0.1214
1950-03-09,1950,R,,nba_0020,nba_0024,115,92,0.739,1.0,1,0.0681,0.3024
1950-03-09,1950,R,,nba_0020,nba_0024,115,92,0.7405,1.0,1,0.0673,0.3004
1950-03-09,1950,R,,nba_0021,nba_0009,85,74,0.879,1.0,1,0.0146,0.129
1950-03-09,1950,R,,nba_0021,nba_0009,85,74,0.8826,1.0,1,0.0138,0.1249
1950-03-10,1950,R,,nba_0001,nba_0011,66,76,0.5143,0.0,0,0.2645,0.7223
1950-03-10,1950,R,,nba_0001,nba_0011,66,76,0.5293,0.0,0,0.2802,0.7536
1950-03-10,1950,R,,nba_0006,nba_0009,78,73,0.6646,1.0,1,0.1125,0.4085
1950-03-10,1950,R,,nba_0006,nba_0009,78,73,0.6621,1.0,1,0.1142,0.4124
1950-03-10,1950,R,,nba_0020,nba_0024,141,104,0.7378,1.0,1,0.0688,0.3041
1950-03-10,1950,R,,nba_0020,nba_0024,141,104,0.7391,1.0,1,0.0681,0.3023
1950-03-11,1950,R,,nba_0017,nba_0005,91,89,0.5856,1.0,1,0.1717,0.5351
1950-03-11,1950,R,,nba_0017,nba_0005,91,89,0.6005,1.0,1,0.1596,0.51
1950-03-11,1950,R,,nba_0012,nba_0001,79,75,0.6363,1.0,1,0.1323,0.4521
1950-03-11,1950,R,,nba_0012,nba_0001,79,75,0.6299,1.0,1,0.137,0.4622
1950-03-11,1950,R,,nba_0002,nba_0013,90,88,0.6012,1.0,1,0.159,0.5088
1950-03-11,1950,R,,nba_0002,nba_0013,90,88,0.5764,1.0,1,0.1794,0.5509
1950-03-11,1950,R,,nba_0016,nba_0006,90,72,0.8856,1.0,1,0.0131,0.1215
1950-03-11,1950,R,,nba_0016,nba_0006,90,72,0.8754,1.0,1,0.0155,0.1331
1950-03-11,1950,R,,nba_0022,nba_0020,97,79,0.7832,1.0,1,0.047,0.2443
1950-03-11,1950,R,,nba_0022,nba_0020,97,79,0.7833,1.0,1,0.047,0.2443
1950-03-11,1950,R,,nba_0011,nba_0009,92,90,0.7295,1.0,1,0.0732,0.3154
1950-03-11,1950,R,,nba_0011,nba_0009,92,90,0.7192,1.0,1,0.0788,0.3296
1950-03-12,1950,R,,nba_0002,nba_0006,73,67,0.7502,1.0,1,0.0624,0.2874
1950-03-12,1950,R,,nba_0002,nba_0006,73,67,0.7394,1.0,1,0.0679,0.3018
1950-03-12,1950,R,,nba_0013,nba_0012,86,75,0.7676,1.0,1,0.054,0.2644
1950-03-12,1950,R,,nba_0013,nba_0012,86,75,0.7772,1.0,1,0.0497,0.2521
1950-03-12,1950,R,,nba_0019,nba_0023,90,89,0.801,1.0,1,0.0396,0.2219
1950-03-12,1950,R,,nba_0019,nba_0023,90,89,0.8008,1.0,1,0.0397,0.2222
1950-03-12,1950,R,,nba_0015,nba_0005,87,66,0.8369,1.0,1,0.0266,0.178
1950-03-12,1950,R,,nba_0015,nba_0005,87,66,0.8253,1.0,1,0.0305,0.1921
1950-03-12,1950,R,,nba_0016,nba_0009,99,72,0.8964,1.0,1,0.0107,0.1094
1950-03-12,1950,R,,nba_0016,nba_0009,99,72,0.8861,1.0,1,0.013,0.1209
1950-03-12,1950,R,,nba_0021,nba_0001,96,72,0.882,1.0,1,0.0139,0.1256
1950-03-12,1950,R,,nba_0021,nba_0001,96,72,0.8851,1.0,1,0.0132,0.1221
1950-03-13,1950,R,,nba_0017,nba_0020,98,86,0.8241,1.0,1,0.031,0.1935
1950-03-13,1950,R,,nba_0017,nba_0020,98,86,0.8234,1.0,1,0.0312,0.1943
1950-03-14,1950,R,,nba_0001,nba_0009,76,86,0.629,0.0,0,0.3956,0.9916
1950-03-14,1950,R,,nba_0001,nba_0009,76,86,0.6306,0.0,0,0.3976,0.9958
1950-03-14,1950,R,,nba_0002,nba_0005,85,75,0.6042,1.0,1,0.1566,0.5038
1950-03-14,1950,R,,nba_0002,nba_0005,85,75,0.5964,1.0,1,0.1629,0.5169
1950-03-14,1950,R,,nba_0019,nba_0021,68,65,0.4646,1.0,0,0.2866,0.7665
1950-03-14,1950,R,,nba_0019,nba_0021,68,65,0.4631,1.0,0,0.2883,0.7698
1950-03-15,1950,R,,nba_0015,nba_0012,96,62,0.9092,1.0,1,0.0082,0.0952
1950-03-15,1950,R,,nba_0015,nba_0012,96,62,0.9013,1.0,1,0.0097,0.1039
1950-03-15,1950,R,,nba_0005,nba_0001,88,84,0.7949,1.0,1,0.0421,0.2295
1950-03-15,1950,R,,nba_0005,nba_0001,88,84,0.7884,1.0,1,0.0448,0.2378
1950-03-15,1950,R,,nba_0006,nba_0017,83,80,0.4721,1.0,0,0.2787,0.7506
1950-03-15,1950,R,,nba_0006,nba_0017,83,80,0.462,1.0,0,0.2894,0.7722
1950-03-15,1950,R,,nba_0023,nba_0020,87,69,0.6442,1.0,1,0.1266,0.4398
1950-03-15,1950,R,,nba_0023,nba_0020,87,69,0.6435,1.0,1,0.1271,0.4409
1950-03-15,1950,R,,nba_0011,nba_0016,64,93,0.3618,0.0,1,0.1309,0.4491
1950-03-15,1950,R,,nba_0011,nba_0016,64,93,0.3744,0.0,1,0.1402,0.469
1950-03-16,1950,R,,nba_0024,nba_0019,99,111,0.2644,0.0,1,0.0699,0.307
1950-03-16,1950,R,,nba_0024,nba_0019,99,111,0.264,0.0,1,0.0697,0.3065
1950-03-16,1950,R,,nba_0020,nba_0021,75,88,0.2156,0.0,1,0.0465,0.2429
1950-03-16,1950,R,,nba_0020,nba_0021,75,88,0.2153,0.0,1,0.0464,0.2425
1950-03-16,1950,R,,nba_0009,nba_0012,71,63,0.6414,1.0,1,0.1286,0.444
1950-03-16,1950,R,,nba_0009,nba_0012,71,63,0.6462,1.0,1,0.1252,0.4366
1950-03-17,1950,R,,nba_0001,nba_0005,96,98,0.3975,0.0,1,0.158,0.5067
1950-03-17,1950,R,,nba_0001,nba_0005,96,98,0.4068,0.0,1,0.1655,0.5222
1950-03-17,1950,R,,nba_0002,nba_0009,69,85,0.8069,0.0,0,0.6511,1.6445
1950-03-17,1950,R,,nba_0002,nba_0009,69,85,0.7968,0.0,0,0.6348,1.5934
1950-03-17,1950,R,,nba_0006,nba_0011,85,59,0.5456,1.0,1,0.2064,0.6058
1950-03-17,1950,R,,nba_0006,nba_0011,85,59,0.5556,1.0,1,0.1975,0.5877
1950-03-18,1950,R,,nba_0002,nba_0020,66,63,0.8152,1.0,1,0.0341,0.2043
1950-03-18,1950,R,,nba_0002,nba_0020,66,63,0.8001,1.0,1,0.04,0.2231
1950-03-18,1950,R,,nba_0024,nba_0019,73,110,0.2207,0.0,1,0.0487,0.2493
1950-03-18,1950,R,,nba_0024,nba_0019,73,110,0.2203,0.0,1,0.0485,0.2489
1950-03-18,1950,R,,nba_0016,nba_0005,77,74,0.8252,1.0,1,0.0305,0.1921
1950-03-18,1950,R,,nba_0016,nba_0005,77,74,0.8152,1.0,1,0.0341,0.2043
1950-03-18,1950,R,,nba_0022,nba_0021,88,89,0.4292,0.0,1,0.1842,0.5607
1950-03-18,1950,R,,nba_0022,nba_0021,88,89,0.4288,0.0,1,0.1839,0.56
1950-03-18,1950,R,,nba_0011,nba_0013,82,76,0.4695,1.0,0,0.2815,0.7561
1950-03-18,1950,R,,nba_0011,nba_0013,82,76,0.4492,1.0,0,0.3034,0.8004
1950-03-19,1950,R,,nba_0013,nba_0015,69,67,0.3054,1.0,0,0.4824,1.186
1950-03-19,1950,R,,nba_0013,nba_0015,69,67,0.3361,1.0,0,0.4407,1.0902
1950-03-19,1950,R,,nba_0016,nba_0012,97,66,0.8856,1.0,1,0.0131,0.1214
1950-03-19,1950,R,,nba_0016,nba_0012,97,66,0.8774,1.0,1,0.015,0.1308
1950-03-19,1950,R,,nba_0009,nba_0002,64,80,0.5022,0.0,0,0.2522,0.6975
1950-03-19,1950,R,,nba_0009,nba_0002,64,80,0.5176,0.0,0,0.2679,0.729
1950-03-19,1950,R,,nba_0021,nba_0017,72,67,0.7127,1.0,1,0.0825,0.3387
1950-03-19,1950,R,,nba_0021,nba_0017,72,67,0.714,1.0,1,0.0818,0.3369
1950-03-19,1950,R,,nba_0023,nba_0022,79,77,0.5164,1.0,1,0.2339,0.661
1950-03-19,1950,R,,nba_0023,nba_0022,79,77,0.5155,1.0,1,0.2347,0.6625
1950-03-20,1950,P,0.5,nba_0013,nba_0002,86,69,0.6167,1.0,1,0.1469,0.4834
1950-03-20,1950,P,0.5,nba_0013,nba_0002,86,69,0.6377,1.0,1,0.1312,0.4498
1950-03-21,1950,P,1.0,nba_0017,nba_0022,89,77,0.7073,1.0,1,0.0857,0.3463
1950-03-21,1950,P,1.0,nba_0017,nba_0022,89,77,0.7063,1.0,1,0.0862,0.3477
1950-03-21,1950,P,1.0,nba_0019,nba_0020,86,85,0.8485,1.0,1,0.023,0.1643
1950-03-21,1950,P,1.0,nba_0019,nba_0020,86,85,0.8481,1.0,1,0.0231,0.1648
1950-03-21,1950,P,0.5,nba_0016,nba_0015,76,78,0.5998,0.0,0,0.3597,0.9158
1950-03-21,1950,P,0.5,nba_0016,nba_0015,76,78,0.6025,0.0,0,0.363,0.9225
1950-03-21,1950,P,1.0,nba_0011,nba_0005,87,90,0.522,0.0,0,0.2725,0.7382
1950-03-21,1950,P,1.0,nba_0011,nba_0005,87,90,0.5182,0.0,0,0.2685,0.7301
1950-03-22,1950,P,1.0,nba_0015,nba_0002,85,75,0.8206,1.0,1,0.0322,0.1977
1950-03-22,1950,P,1.0,nba_0015,nba_0002,85,75,0.8128,1.0,1,0.035,0.2072
1950-03-22,1950,P,1.0,nba_0005,nba_0011,103,83,0.7242,1.0,1,0.0761,0.3227
1950-03-22,1950,P,1.0,nba_0005,nba_0011,103,83,0.7271,1.0,1,0.0745,0.3187
1950-03-22,1950,P,1.0,nba_0021,nba_0006,93,76,0.8134,1.0,1,0.0348,0.2065
1950-03-22,1950,P,1.0,nba_0021,nba_0006,93,76,0.8205,1.0,1,0.0322,0.1979
1950-03-23,1950,P,1.0,nba_0006,nba_0021,53,59,0.3228,0.0,1,0.1042,0.3897
1950-03-23,1950,P,1.0,nba_0006,nba_0021,53,59,0.313,0.0,1,0.098,0.3755
1950-03-23,1950,P,1.0,nba_0016,nba_0013,84,90,0.7757,0.0,0,0.6017,1.4948
1950-03-23,1950,P,1.0,nba_0016,nba_0013,84,90,0.7534,0.0,0,0.5676,1.4001
1950-03-23,1950,P,1.0,nba_0020,nba_0019,95,85,0.3155,1.0,0,0.4686,1.1538
1950-03-23,1950,P,1.0,nba_0020,nba_0019,95,85,0.3161,1.0,0,0.4677,1.1517
1950-03-23,1950,P,1.0,nba_0022,nba_0017,76,75,0.5019,1.0,1,0.2481,0.6893
1950-03-23,1950,P,1.0,nba_0022,nba_0017,76,75,0.503,1.0,1,0.247,0.6872
1950-03-24,1950,P,1.0,nba_0017,nba_0022,94,71,0.7089,1.0,1,0.0847,0.344
1950-03-24,1950,P,1.0,nba_0017,nba_0022,94,71,0.708,1.0,1,0.0852,0.3453
1950-03-24,1950,P,1.0,nba_0013,nba_0016,79,78,0.4453,1.0,0,0.3077,0.8091
1950-03-24,1950,P,1.0,nba_0013,nba_0016,79,78,0.4755,1.0,0,0.2751,0.7433
1950-03-25,1950,P,1.0,nba_0002,nba_0015,67,75,0.3352,0.0,1,0.1123,0.4082
1950-03-25,1950,P,1.0,nba_0002,nba_0015,67,75,0.3464,0.0,1,0.12,0.4253
1950-03-25,1950,P,1.0,nba_0019,nba_0020,91,84,0.8309,1.0,1,0.0286,0.1852
1950-03-25,1950,P,1.0,nba_0019,nba_0020,91,84,0.8305,1.0,1,0.0287,0.1857
1950-03-26,1950,P,2.0,nba_0021,nba_0005,91,83,0.7201,1.0,1,0.0784,0.3284
1950-03-26,1950,P,2.0,nba_0021,nba_0005,91,83,0.7333,1.0,1,0.0711,0.3102
1950-03-27,1950,P,2.0,nba_0015,nba_0013,93,79,0.7955,1.0,1,0.0418,0.2288
1950-03-27,1950,P,2.0,nba_0015,nba_0013,93,79,0.7735,1.0,1,0.0513,0.2568
1950-03-28,1950,P,2.0,nba_0013,nba_0015,82,89,0.3681,0.0,1,0.1355,0.4591
1950-03-28,1950,P,2.0,nba_0013,nba_0015,82,89,0.3971,0.0,1,0.1577,0.5061
1950-03-28,1950,P,2.0,nba_0019,nba_0017,77,74,0.5976,1.0,1,0.1619,0.5148
1950-03-28,1950,P,2.0,nba_0019,nba_0017,77,74,0.5976,1.0,1,0.162,0.5149
1950-03-30,1950,P,2.0,nba_0017,nba_0019,84,67,0.5993,1.0,1,0.1606,0.5121
1950-03-30,1950,P,2.0,nba_0017,nba_0019,84,67,0.5993,1.0,1,0.1605,0.512
1950-03-30,1950,P,2.0,nba_0005,nba_0021,80,76,0.4677,1.0,0,0.2833,0.7599
1950-03-30,1950,P,2.0,nba_0005,nba_0021,80,76,0.4519,1.0,0,0.3004,0.7942
1950-04-01,1950,P,2.0,nba_0019,nba_0017,65,67,0.6049,0.0,0,0.3659,0.9286
1950-04-01,1950,P,2.0,nba_0019,nba_0017,65,67,0.6048,0.0,0,0.3658,0.9285
1950-04-02,1950,P,2.0,nba_0021,nba_0005,91,80,0.7304,1.0,1,0.0727,0.3142
1950-04-02,1950,P,2.0,nba_0021,nba_0005,91,80,0.7423,1.0,1,0.0664,0.298
1950-04-05,1950,P,3.0,nba_0015,nba_0017,75,50,0.8549,1.0,1,0.0211,0.1568
1950-04-05,1950,P,3.0,nba_0015,nba_0017,75,50,0.8382,1.0,1,0.0262,0.1765
1950-04-06,1950,P,3.0,nba_0017,nba_0015,71,90,0.3361,0.0,1,0.113,0.4096
1950-04-06,1950,P,3.0,nba_0017,nba_0015,71,90,0.3636,0.0,1,0.1322,0.4519
1950-04-08,1950,P,4.0,nba_0021,nba_0015,66,68,0.5162,0.0,0,0.2665,0.7262
1950-04-08,1950,P,4.0,nba_0021,nba_0015,66,68,0.5456,0.0,0,0.2977,0.7887
1950-04-09,1950,P,4.0,nba_0021,nba_0015,91,85,0.4446,1.0,0,0.3085,0.8106
1950-04-09,1950,P,4.0,nba_0021,nba_0015,91,85,0.4719,1.0,0,0.2788,0.7509
1950-04-14,1950,P,4.0,nba_0015,nba_0021,91,77,0.7401,1.0,1,0.0676,0.301
1950-04-14,1950,P,4.0,nba_0015,nba_0021,91,77,0.7193,1.0,1,0.0788,0.3294
1950-04-16,1950,P,4.0,nba_0015,nba_0021,77,69,0.7578,1.0,1,0.0586,0.2773
1950-04-16,1950,P,4.0,nba_0015,nba_0021,77,69,0.7398,1.0,1,0.0677,0.3014
1950-04-20,1950,P,4.0,nba_0021,nba_0015,83,76,0.4396,1.0,0,0.3141,0.8219
1950-04-20,1950,P,4.0,nba_0021,nba_0015,83,76,0.4619,1.0,0,0.2896,0.7725
1950-04-23,1950,P,4.0,nba_0015,nba_0021,110,95,0.7426,1.0,1,0.0663,0.2976
1950-04-23,1950,P,4.0,nba_0015,nba_0021,110,95,0.7258,1.0,1,0.0752,0.3204
1950-10-31,1951,R,,nba_0016,nba_0011,78,70,0.7753,1.0,1,0.0505,0.2545
1950-10-31,1951,R,,nba_0016,nba_0011,78,70,0.6186,1.0,1,0.1455,0.4803
1950-11-01,1951,R,,nba_0013,nba_0001,107,84,0.7477,1.0,1,0.0636,0.2907
1950-11-01,1951,R,,nba_0013,nba_0001,107,84,0.6186,1.0,1,0.1455,0.4803
1950-11-01,1951,R,,nba_0011,nba_0019,100,84,0.5333,1.0,1,0.2178,0.6287
1950-11-01,1951,R,,nba_0011,nba_0019,100,84,0.5847,1.0,1,0.1725,0.5366
1950-11-01,1951,R,,nba_0012,nba_0015,81,71,0.3086,1.0,0,0.478,1.1757
1950-11-01,1951,R,,nba_0012,nba_0015,81,71,0.6186,1.0,1,0.1455,0.4803
1950-11-02,1951,R,,nba_0021,nba_0013,92,77,0.7213,1.0,1,0.0777,0.3267
1950-11-02,1951,R,,nba_0021,nba_0013,92,77,0.6433,1.0,1,0.1273,0.4412
1950-11-02,1951,R,,nba_0022,nba_0001,79,65,0.7231,1.0,1,0.0767,0.3243
1950-11-02,1951,R,,nba_0022,nba_0001,79,65,0.6783,1.0,1,0.1035,0.3882
1950-11-04,1951,R,,nba_0011,nba_0015,85,91,0.3895,0.0,1,0.1517,0.4935
1950-11-04,1951,R,,nba_0011,nba_0015,85,91,0.6362,0.0,0,0.4047,1.0111
1950-11-04,1951,R,,nba_0022,nba_0005,87,76,0.4959,1.0,0,0.2541,0.7014
1950-11-04,1951,R,,nba_0022,nba_0005,87,76,0.5869,1.0,1,0.1707,0.533
1950-11-04,1951,R,,nba_0016,nba_0013,95,71,0.7528,1.0,1,0.0611,0.284
1950-11-04,1951,R,,nba_0016,nba_0013,95,71,0.6677,1.0,1,0.1104,0.4039
1950-11-04,1951,R,,nba_0006,nba_0001,77,68,0.7178,1.0,1,0.0796,0.3316
1950-11-04,1951,R,,nba_0006,nba_0001,77,68,0.6894,1.0,1,0.0965,0.3719
1950-11-04,1951,R,,nba_0012,nba_0019,102,86,0.5467,1.0,1,0.2055,0.6039
1950-11-04,1951,R,,nba_0012,nba_0019,102,86,0.6476,1.0,1,0.1242,0.4345
1950-11-05,1951,R,,nba_0013,nba_0019,68,63,0.6662,1.0,1,0.1114,0.4062
1950-11-05,1951,R,,nba_0013,nba_0019,68,63,0.6375,1.0,1,0.1314,0.4502
1950-11-05,1951,R,,nba_0021,nba_0015,90,87,0.587,1.0,1,0.1705,0.5326
1950-11-05,1951,R,,nba_0021,nba_0015,90,87,0.6698,1.0,1,0.1091,0.4008
1950-11-05,1951,R,,nba_0022,nba_0005,98,95,0.5766,1.0,1,0.1793,0.5506
1950-11-05,1951,R,,nba_0022,nba_0005,98,95,0.6582,1.0,1,0.1168,0.4183
1950-11-07,1951,R,,nba_0012,nba_0001,64,83,0.6929,0.0,0,0.4802,1.1807
1950-11-07,1951,R,,nba_0012,nba_0001,64,83,0.683,0.0,0,0.4665,1.1488
1950-11-07,1951,R,,nba_0019,nba_0005,86,73,0.5747,1.0,1,0.1809,0.554
1950-11-07,1951,R,,nba_0019,nba_0005,86,73,0.5993,1.0,1,0.1606,0.512
1950-11-08,1951,R,,nba_0013,nba_0022,87,79,0.6644,1.0,1,0.1127,0.4089
1950-11-08,1951,R,,nba_0013,nba_0022,87,79,0.5824,1.0,1,0.1744,0.5405
1950-11-08,1951,R,,nba_0011,nba_0012,86,81,0.7045,1.0,1,0.0873,0.3502
1950-11-08,1951,R,,nba_0011,nba_0012,86,81,0.6513,1.0,1,0.1216,0.4288
1950-11-09,1951,R,,nba_0006,nba_0013,87,72,0.5609,1.0,1,0.1928,0.5782
1950-11-09,1951,R,,nba_0006,nba_0013,87,72,0.6608,1.0,1,0.115,0.4142
1950-11-09,1951,R,,nba_0021,nba_0022,89,70,0.7913,1.0,1,0.0436,0.2341
1950-11-09,1951,R,,nba_0021,nba_0022,89,70,0.6616,1.0,1,0.1145,0.4131
1950-11-09,1951,R,,nba_0005,nba_0019,73,85,0.6311,0.0,0,0.3982,0.9971
1950-11-09,1951,R,,nba_0005,nba_0019,73,85,0.6085,0.0,0,0.3702,0.9377
1950-11-09,1951,R,,nba_0001,nba_0015,76,71,0.2765,1.0,0,0.5234,1.2855
1950-11-09,1951,R,,nba_0001,nba_0015,76,71,0.5652,1.0,1,0.1891,0.5706
1950-11-11,1951,R,,nba_0012,nba_0013,85,77,0.5146,1.0,1,0.2357,0.6645
1950-11-11,1951,R,,nba_0012,nba_0013,85,77,0.6325,1.0,1,0.135,0.458
1950-11-11,1951,R,,nba_0005,nba_0021,74,72,0.4426,1.0,0,0.3107,0.8151
1950-11-11,1951,R,,nba_0005,nba_0021,74,72,0.522,1.0,1,0.2285,0.6502
1950-11-11,1951,R,,nba_0016,nba_0022,86,77,0.8102,1.0,1,0.036,0.2105
1950-11-11,1951,R,,nba_0016,nba_0022,86,77,0.6815,1.0,1,0.1014,0.3835
1950-11-11,1951,R,,nba_0011,nba_0001,77,78,0.6956,0.0,0,0.4838,1.1893
1950-11-11,1951,R,,nba_0011,nba_0001,77,78,0.6373,0.0,0,0.4062,1.0143
1950-11-12,1951,R,,nba_0022,nba_0016,82,79,0.4145,1.0,0,0.3429,0.8808
1950-11-12,1951,R,,nba_0022,nba_0016,82,79,0.576,1.0,1,0.1798,0.5516
1950-11-12,1951,R,,nba_0021,nba_0012,83,57,0.8004,1.0,1,0.0399,0.2227
1950-11-12,1951,R,,nba_0021,nba_0012,83,57,0.6459,1.0,1,0.1254,0.4372
1950-11-12,1951,R,,nba_0015,nba_0006,83,70,0.8009,1.0,1,0.0396,0.222
1950-11-12,1951,R,,nba_0015,nba_0006,83,70,0.5809,1.0,1,0.1757,0.5432
1950-11-12,1951,R,,nba_0013,nba_0011,87,73,0.6755,1.0,1,0.1053,0.3922
1950-11-12,1951,R,,nba_0013,nba_0011,87,73,0.6196,1.0,1,0.1447,0.4787
1950-11-12,1951,R,,nba_0001,nba_0019,78,75,0.4856,1.0,0,0.2646,0.7223
1950-11-12,1951,R,,nba_0001,nba_0019,78,75,0.5905,1.0,1,0.1677,0.5268
1950-11-14,1951,R,,nba_0019,nba_0021,108,78,0.4651,1.0,0,0.2861,0.7655
1950-11-14,1951,R,,nba_0019,nba_0021,108,78,0.5585,1.0,1,0.195,0.5826
1950-11-14,1951,R,,nba_0006,nba_0012,84,72,0.6611,1.0,1,0.1148,0.4138
1950-11-14,1951,R,,nba_0006,nba_0012,84,72,0.6438,1.0,1,0.1269,0.4403
1950-11-14,1951,R,,nba_0011,nba_0005,87,92,0.5554,0.0,0,0.3084,0.8105
1950-11-14,1951,R,,nba_0011,nba_0005,87,92,0.6158,0.0,0,0.3792,0.9566
1950-11-15,1951,R,,nba_0012,nba_0006,80,72,0.5498,1.0,1,0.2027,0.5983
1950-11-15,1951,R,,nba_0012,nba_0006,80,72,0.567,1.0,1,0.1875,0.5673
1950-11-15,1951,R,,nba_0001,nba_0011,79,74,0.6639,1.0,1,0.113,0.4097
1950-11-15,1951,R,,nba_0001,nba_0011,79,74,0.7206,1.0,1,0.078,0.3276
1950-11-15,1951,R,,nba_0013,nba_0016,89,85,0.4911,1.0,0,0.259,0.7111
1950-11-15,1951,R,,nba_0013,nba_0016,89,85,0.5887,1.0,1,0.1692,0.5299
1950-11-15,1951,R,,nba_0015,nba_0021,72,71,0.7208,1.0,1,0.078,0.3274
1950-11-15,1951,R,,nba_0015,nba_0021,72,71,0.6406,1.0,1,0.1291,0.4453
1950-11-16,1951,R,,nba_0022,nba_0021,79,75,0.5223,1.0,1,0.2282,0.6495
1950-11-16,1951,R,,nba_0022,nba_0021,79,75,0.6498,1.0,1,0.1226,0.4311
1950-11-16,1951,R,,nba_0006,nba_0019,84,67,0.5249,1.0,1,0.2257,0.6445
1950-11-16,1951,R,,nba_0006,nba_0019,84,67,0.5944,1.0,1,0.1645,0.5203
1950-11-16,1951,R,,nba_0001,nba_0012,82,73,0.6476,1.0,1,0.1242,0.4345
1950-11-16,1951,R,,nba_0001,nba_0012,82,73,0.6625,1.0,1,0.1139,0.4118
1950-11-16,1951,R,,nba_0005,nba_0015,71,69,0.4443,1.0,0,0.3088,0.8112
1950-11-16,1951,R,,nba_0005,nba_0015,71,69,0.6001,1.0,1,0.1599,0.5107
1950-11-18,1951,R,,nba_0019,nba_0022,74,67,0.6365,1.0,1,0.1321,0.4518
1950-11-18,1951,R,,nba_0019,nba_0022,74,67,0.5989,1.0,1,0.1609,0.5126
1950-11-18,1951,R,,nba_0005,nba_0006,93,87,0.654,1.0,1,0.1197,0.4247
1950-11-18,1951,R,,nba_0005,nba_0006,93,87,0.5681,1.0,1,0.1865,0.5654
1950-11-18,1951,R,,nba_0016,nba_0015,77,86,0.6017,0.0,0,0.362,0.9205
1950-11-18,1951,R,,nba_0016,nba_0015,77,86,0.66,0.0,0,0.4356,1.0788
1950-11-18,1951,R,,nba_0011,nba_0013,118,75,0.4976,1.0,0,0.2525,0.6981
1950-11-18,1951,R,,nba_0011,nba_0013,118,75,0.5551,1.0,1,0.1979,0.5885
1950-11-18,1951,R,,nba_0012,nba_0001,76,80,0.5664,0.0,0,0.3208,0.8356
1950-11-18,1951,R,,nba_0012,nba_0001,76,80,0.5513,0.0,0,0.3039,0.8013
1950-11-19,1951,R,,nba_0001,nba_0011,75,81,0.632,0.0,0,0.3994,0.9996
1950-11-19,1951,R,,nba_0001,nba_0011,75,81,0.69,0.0,0,0.4761,1.1711
1950-11-19,1951,R,,nba_0013,nba_0012,84,80,0.7287,1.0,1,0.0736,0.3166
1950-11-19,1951,R,,nba_0013,nba_0012,84,80,0.6404,1.0,1,0.1293,0.4457
1950-11-19,1951,R,,nba_0015,nba_0016,90,77,0.6873,1.0,1,0.0978,0.375
1950-11-19,1951,R,,nba_0015,nba_0016,90,77,0.6346,1.0,1,0.1335,0.4548
1950-11-19,1951,R,,nba_0021,nba_0005,96,83,0.735,1.0,1,0.0702,0.3079
1950-11-19,1951,R,,nba_0021,nba_0005,96,83,0.681,1.0,1,0.1018,0.3842
1950-11-19,1951,R,,nba_0022,nba_0019,104,81,0.5793,1.0,1,0.177,0.5459
1950-11-19,1951,R,,nba_0022,nba_0019,104,81,0.6155,1.0,1,0.1478,0.4853
1950-11-21,1951,R,,nba_0012,nba_0022,65,76,0.5021,0.0,0,0.2521,0.6974
1950-11-21,1951,R,,nba_0012,nba_0022,65,76,0.5482,0.0,0,0.3005,0.7945
1950-11-21,1951,R,,nba_0006,nba_0011,83,78,0.634,1.0,1,0.134,0.4558
1950-11-21,1951,R,,nba_0006,nba_0011,83,78,0.6588,1.0,1,0.1164,0.4173
1950-11-21,1951,R,,nba_0005,nba_0001,83,89,0.6759,0.0,0,0.4569,1.1269
1950-11-21,1951,R,,nba_0005,nba_0001,83,89,0.5594,0.0,0,0.3129,0.8196
1950-11-21,1951,R,,nba_0019,nba_0016,91,79,0.4981,1.0,0,0.2519,0.6969
1950-11-21,1951,R,,nba_0019,nba_0016,91,79,0.6171,1.0,1,0.1466,0.4828
1950-11-22,1951,R,,nba_0012,nba_0005,73,87,0.4894,0.0,1,0.2395,0.6722
1950-11-22,1951,R,,nba_0012,nba_0005,73,87,0.5913,0.0,0,0.3497,0.8948
1950-11-22,1951,R,,nba_0015,nba_0013,18,19,0.7841,0.0,0,0.6148,1.5329
1950-11-22,1951,R,,nba_0015,nba_0013,18,19,0.6581,0.0,0,0.433,1.0731
1950-11-22,1951,R,,nba_0011,nba_0022,65,60,0.5671,1.0,1,0.1874,0.5672
1950-11-22,1951,R,,nba_0011,nba_0022,65,60,0.5651,1.0,1,0.1891,0.5707
1950-11-23,1951,R,,nba_0021,nba_0019,85,92,0.748,0.0,0,0.5595,1.3783
1950-11-23,1951,R,,nba_0021,nba_0019,85,92,0.6792,0.0,0,0.4613,1.1368
1950-11-23,1951,R,,nba_0006,nba_0016,89,71,0.4923,1.0,0,0.2577,0.7086
1950-11-23,1951,R,,nba_0006,nba_0016,89,71,0.6645,1.0,1,0.1126,0.4087
1950-11-23,1951,R,,nba_0005,nba_0011,109,78,0.6549,1.0,1,0.1191,0.4232
1950-11-23,1951,R,,nba_0005,nba_0011,109,78,0.6049,1.0,1,0.1561,0.5027
1950-11-23,1951,R,,nba_0001,nba_0022,94,78,0.607,1.0,1,0.1545,0.4993
1950-11-23,1951,R,,nba_0001,nba_0022,94,78,0.6599,1.0,1,0.1157,0.4157
1950-11-23,1951,R,,nba_0013,nba_0015,73,63,0.4473,1.0,0,0.3054,0.8044
1950-11-23,1951,R,,nba_0013,nba_0015,73,63,0.6021,1.0,1,0.1583,0.5073
1950-11-25,1951,R,,nba_0019,nba_0012,92,81,0.7609,1.0,1,0.0572,0.2732
1950-11-25,1951,R,,nba_0019,nba_0012,92,81,0.6994,1.0,1,0.0904,0.3576
1950-11-25,1951,R,,nba_0016,nba_0001,90,82,0.7056,1.0,1,0.0867,0.3487
1950-11-25,1951,R,,nba_0016,nba_0001,90,82,0.5153,1.0,1,0.235,0.6631
1950-11-25,1951,R,,nba_0022,nba_0013,85,71,0.5589,1.0,1,0.1945,0.5817
1950-11-25,1951,R,,nba_0022,nba_0013,85,71,0.6172,1.0,1,0.1465,0.4825
1950-11-25,1951,R,,nba_0011,nba_0021,67,77,0.4751,0.0,1,0.2258,0.6446
1950-11-25,1951,R,,nba_0011,nba_0021,67,77,0.5925,0.0,0,0.3511,0.8977
1950-11-26,1951,R,,nba_0001,nba_0005,93,90,0.5189,1.0,1,0.2314,0.656
1950-11-26,1951,R,,nba_0001,nba_0005,93,90,0.6186,1.0,1,0.1455,0.4803
1950-11-26,1951,R,,nba_0013,nba_0019,79,70,0.6077,1.0,1,0.1539,0.498
1950-11-26,1951,R,,nba_0013,nba_0019,79,70,0.5906,1.0,1,0.1676,0.5266
1950-11-26,1951,R,,nba_0015,nba_0012,85,71,0.8883,1.0,1,0.0125,0.1184
1950-11-26,1951,R,,nba_0015,nba_0012,85,71,0.7512,1.0,1,0.0619,0.286
1950-11-26,1951,R,,nba_0021,nba_0011,90,76,0.7661,1.0,1,0.0547,0.2665
1950-11-26,1951,R,,nba_0021,nba_0011,90,76,0.6797,1.0,1,0.1026,0.3862
1950-11-28,1951,R,,nba_0001,nba_0006,74,76,0.5643,0.0,0,0.3185,0.8309
1950-11-28,1951,R,,nba_0001,nba_0006,74,76,0.5938,0.0,0,0.3526,0.9009
1950-11-28,1951,R,,nba_0022,nba_0012,65,73,0.7788,0.0,0,0.6065,1.5086
1950-11-28,1951,R,,nba_0022,nba_0012,65,73,0.7581,0.0,0,0.5747,1.4193
1950-11-28,1951,R,,nba_0016,nba_0011,87,71,0.7719,1.0,1,0.052,0.2589
1950-11-28,1951,R,,nba_0016,nba_0011,87,71,0.669,1.0,1,0.1096,0.402
1950-11-28,1951,R,,nba_0005,nba_0021,108,84,0.5202,1.0,1,0.2302,0.6535
1950-11-28,1951,R,,nba_0005,nba_0021,108,84,0.5837,1.0,1,0.1733,0.5384
1950-11-28,1951,R,,nba_0019,nba_0013,90,66,0.6053,1.0,1,0.1558,0.502
1950-11-28,1951,R,,nba_0019,nba_0013,90,66,0.6214,1.0,1,0.1433,0.4758
1950-11-29,1951,R,,nba_0015,nba_0022,85,66,0.8188,1.0,1,0.0328,0.2
1950-11-29,1951,R,,nba_0015,nba_0022,85,66,0.668,1.0,1,0.1102,0.4034
1950-11-29,1951,R,,nba_0011,nba_0016,71,72,0.4429,0.0,1,0.1962,0.585
1950-11-29,1951,R,,nba_0011,nba_0016,71,72,0.5615,0.0,0,0.3153,0.8244
1950-11-30,1951,R,,nba_0001,nba_0011,81,85,0.6932,0.0,0,0.4805,1.1816
1950-11-30,1951,R,,nba_0001,nba_0011,81,85,0.748,0.0,0,0.5595,1.3784
1950-11-30,1951,R,,nba_0005,nba_0016,79,74,0.5803,1.0,1,0.1761,0.5441
1950-11-30,1951,R,,nba_0005,nba_0016,79,74,0.6576,1.0,1,0.1172,0.4191
1950-11-30,1951,R,,nba_0006,nba_0021,81,78,0.5292,1.0,1,0.2216,0.6363
1950-11-30,1951,R,,nba_0006,nba_0021,81,78,0.6543,1.0,1,0.1195,0.4242
1950-12-01,1951,R,,nba_0019,nba_0015,66,65,0.4953,1.0,0,0.2547,0.7025
1950-12-01,1951,R,,nba_0019,nba_0015,66,65,0.6452,1.0,1,0.1259,0.4382
1950-12-02,1951,R,,nba_0012,nba_0021,96,99,0.4338,0.0,1,0.1882,0.5688
1950-12-02,1951,R,,nba_0012,nba_0021,96,99,0.572,0.0,0,0.3271,0.8485
1950-12-02,1951,R,,nba_0011,nba_0001,75,83,0.5932,0.0,0,0.3519,0.8994
1950-12-02,1951,R,,nba_0011,nba_0001,75,83,0.5273,0.0,0,0.278,0.7493
1950-12-02,1951,R,,nba_0016,nba_0019,94,72,0.6731,1.0,1,0.1068,0.3958
1950-12-02,1951,R,,nba_0016,nba_0019,94,72,0.5885,1.0,1,0.1694,0.5303
1950-12-03,1951,R,,nba_0001,nba_0012,97,85,0.7296,1.0,1,0.0731,0.3152
1950-12-03,1951,R,,nba_0001,nba_0012,97,85,0.7435,1.0,1,0.0658,0.2964
1950-12-03,1951,R,,nba_0013,nba_0016,80,79,0.5795,1.0,1,0.1768,0.5456
1950-12-03,1951,R,,nba_0013,nba_0016,80,79,0.6495,1.0,1,0.1229,0.4316
1950-12-03,1951,R,,nba_0015,nba_0006,95,83,0.7464,1.0,1,0.0643,0.2925
1950-12-03,1951,R,,nba_0015,nba_0006,95,83,0.5625,1.0,1,0.1914,0.5753
1950-12-03,1951,R,,nba_0021,nba_0019,84,81,0.6666,1.0,1,0.1111,0.4055
1950-12-03,1951,R,,nba_0021,nba_0019,84,81,0.6106,1.0,1,0.1516,0.4933
1950-12-03,1951,R,,nba_0022,nba_0005,92,100,0.563,0.0,0,0.3169,0.8278
1950-12-03,1951,R,,nba_0022,nba_0005,92,100,0.6091,0.0,0,0.371,0.9394
1950-12-05,1951,R,,nba_0019,nba_0005,95,89,0.585,1.0,1,0.1722,0.5361
1950-12-05,1951,R,,nba_0019,nba_0005,95,89,0.5904,1.0,1,0.1678,0.527
1950-12-06,1951,R,,nba_0011,nba_0019,79,101,0.5306,0.0,0,0.2815,0.7562
1950-12-06,1951,R,,nba_0011,nba_0019,79,101,0.5596,0.0,0,0.3131,0.82
1950-12-06,1951,R,,nba_0015,nba_0005,84,62,0.7721,1.0,1,0.052,0.2587
1950-12-06,1951,R,,nba_0015,nba_0005,84,62,0.6665,1.0,1,0.1112,0.4058
1950-12-06,1951,R,,nba_0013,nba_0006,92,73,0.6404,1.0,1,0.1293,0.4456
1950-12-06,1951,R,,nba_0013,nba_0006,92,73,0.5793,1.0,1,0.177,0.5459
1950-12-06,1951,R,,nba_0012,nba_0016,70,74,0.3588,0.0,1,0.1288,0.4445
1950-12-06,1951,R,,nba_0012,nba_0016,70,74,0.5096,0.0,0,0.2597,0.7125
1950-12-07,1951,R,,nba_0006,nba_0019,102,73,0.5426,1.0,1,0.2092,0.6113
1950-12-07,1951,R,,nba_0006,nba_0019,102,73,0.5927,1.0,1,0.1659,0.5231
1950-12-07,1951,R,,nba_0021,nba_0016,69,76,0.6542,0.0,0,0.4279,1.0618
1950-12-07,1951,R,,nba_0021,nba_0016,69,76,0.6712,0.0,0,0.4505,1.1124
1950-12-07,1951,R,,nba_0022,nba_0013,76,77,0.5755,0.0,0,0.3311,0.8567
1950-12-07,1951,R,,nba_0022,nba_0013,76,77,0.6188,0.0,0,0.3829,0.9643
1950-12-09,1951,R,,nba_0012,nba_0006,76,75,0.4566,1.0,0,0.2953,0.784
1950-12-09,1951,R,,nba_0012,nba_0006,76,75,0.4754,1.0,0,0.2752,0.7437
1950-12-09,1951,R,,nba_0001,nba_0021,85,86,0.5652,0.0,0,0.3195,0.8329
1950-12-09,1951,R,,nba_0001,nba_0021,85,86,0.702,0.0,0,0.4928,1.2107
1950-12-09,1951,R,,nba_0022,nba_0015,79,88,0.342,0.0,1,0.117,0.4186
1950-12-09,1951,R,,nba_0022,nba_0015,79,88,0.5052,0.0,0,0.2552,0.7036
1950-12-09,1951,R,,nba_0011,nba_0005,91,84,0.4591,1.0,0,0.2926,0.7786
1950-12-09,1951,R,,nba_0011,nba_0005,91,84,0.4976,1.0,0,0.2524,0.6979
1950-12-10,1951,R,,nba_0013,nba_0011,97,81,0.7848,1.0,1,0.0463,0.2423
1950-12-10,1951,R,,nba_0013,nba_0011,97,81,0.7622,1.0,1,0.0566,0.2716
1950-12-10,1951,R,,nba_0021,nba_0012,76,86,0.8184,0.0,0,0.6698,1.7059
1950-12-10,1951,R,,nba_0021,nba_0012,76,86,0.7325,0.0,0,0.5365,1.3185
1950-12-10,1951,R,,nba_0016,nba_0006,99,84,0.7612,1.0,1,0.057,0.2729
1950-12-10,1951,R,,nba_0016,nba_0006,99,84,0.657,1.0,1,0.1176,0.4201
1950-12-10,1951,R,,nba_0005,nba_0019,106,84,0.5626,1.0,1,0.1913,0.5752
1950-12-10,1951,R,,nba_0005,nba_0019,106,84,0.5487,1.0,1,0.2036,0.6001
1950-12-10,1951,R,,nba_0015,nba_0022,114,101,0.8328,1.0,1,0.0279,0.1829
1950-12-10,1951,R,,nba_0015,nba_0022,114,101,0.7267,1.0,1,0.0747,0.3192
1950-12-12,1951,R,,nba_0001,nba_0013,87,81,0.5496,1.0,1,0.2029,0.5986
1950-12-12,1951,R,,nba_0001,nba_0013,87,81,0.6381,1.0,1,0.131,0.4493
1950-12-12,1951,R,,nba_0019,nba_0022,75,74,0.7033,1.0,1,0.0881,0.352
1950-12-12,1951,R,,nba_0019,nba_0022,75,74,0.6827,1.0,1,0.1007,0.3817
1950-12-12,1951,R,,nba_0006,nba_0005,101,91,0.5633,1.0,1,0.1907,0.574
1950-12-12,1951,R,,nba_0006,nba_0005,101,91,0.6174,1.0,1,0.1464,0.4823
1950-12-12,1951,R,,nba_0016,nba_0012,102,87,0.8304,1.0,1,0.0288,0.1858
1950-12-12,1951,R,,nba_0016,nba_0012,102,87,0.7368,1.0,1,0.0693,0.3054
1950-12-13,1951,R,,nba_0012,nba_0022,83,55,0.5517,1.0,1,0.201,0.5948
1950-12-13,1951,R,,nba_0012,nba_0022,83,55,0.5884,1.0,1,0.1694,0.5304
1950-12-13,1951,R,,nba_0015,nba_0016,72,82,0.727,0.0,0,0.5285,1.2982
1950-12-13,1951,R,,nba_0015,nba_0016,72,82,0.6825,0.0,0,0.4657,1.1471
1950-12-13,1951,R,,nba_0011,nba_0001,110,79,0.576,1.0,1,0.1798,0.5516
1950-12-13,1951,R,,nba_0011,nba_0001,110,79,0.5167,1.0,1,0.2336,0.6604
1950-12-14,1951,R,,nba_0006,nba_0013,94,82,0.5781,1.0,1,0.178,0.548
1950-12-14,1951,R,,nba_0006,nba_0013,94,82,0.6236,1.0,1,0.1417,0.4723
1950-12-14,1951,R,,nba_0021,nba_0022,69,78,0.7922,0.0,0,0.6275,1.571
1950-12-14,1951,R,,nba_0021,nba_0022,69,78,0.7326,0.0,0,0.5367,1.3189
1950-12-15,1951,R,,nba_0019,nba_0015,71,82,0.4761,0.0,1,0.2267,0.6465
1950-12-15,1951,R,,nba_0019,nba_0015,71,82,0.5989,0.0,0,0.3587,0.9136
1950-12-16,1951,R,,nba_0011,nba_0006,88,96,0.5329,0.0,0,0.2839,0.7611
1950-12-16,1951,R,,nba_0011,nba_0006,88,96,0.5176,0.0,0,0.2679,0.729
1950-12-16,1951,R,,nba_0022,nba_0015,71,86,0.3592,0.0,1,0.1291,0.4451
1950-12-16,1951,R,,nba_0022,nba_0015,71,86,0.4982,0.0,1,0.2482,0.6896
1950-12-16,1951,R,,nba_0016,nba_0021,75,79,0.7425,0.0,0,0.5514,1.3569
1950-12-16,1951,R,,nba_0016,nba_0021,75,79,0.7309,0.0,0,0.5342,1.3126
1950-12-16,1951,R,,nba_0012,nba_0001,119,88,0.5392,1.0,1,0.2123,0.6177
1950-12-16,1951,R,,nba_0012,nba_0001,119,88,0.5188,1.0,1,0.2315,0.6562
1950-12-16,1951,R,,nba_0005,nba_0013,86,77,0.6624,1.0,1,0.114,0.4119
1950-12-16,1951,R,,nba_0005,nba_0013,86,77,0.6559,1.0,1,0.1184,0.4217
1950-12-17,1951,R,,nba_0001,nba_0016,88,75,0.406,1.0,0,0.3528,0.9013
1950-12-17,1951,R,,nba_0001,nba_0016,88,75,0.5556,1.0,1,0.1975,0.5877
1950-12-17,1951,R,,nba_0013,nba_0022,99,103,0.7201,0.0,0,0.5185,1.2733
1950-12-17,1951,R,,nba_0013,nba_0022,99,103,0.7011,0.0,0,0.4915,1.2075
1950-12-17,1951,R,,nba_0015,nba_0019,79,60,0.7741,1.0,1,0.051,0.256
1950-12-17,1951,R,,nba_0015,nba_0019,79,60,0.6901,1.0,1,0.096,0.3709
1950-12-17,1951,R,,nba_0021,nba_0005,95,86,0.6283,1.0,1,0.1381,0.4647
1950-12-17,1951,R,,nba_0021,nba_0005,95,86,0.5852,1.0,1,0.1721,0.5358
1950-12-19,1951,R,,nba_0001,nba_0005,80,86,0.5367,0.0,0,0.288,0.7693
1950-12-19,1951,R,,nba_0001,nba_0005,80,86,0.6226,0.0,0,0.3876,0.9745
1950-12-19,1951,R,,nba_0019,nba_0013,92,93,0.614,0.0,0,0.377,0.9519
1950-12-19,1951,R,,nba_0019,nba_0013,92,93,0.61,0.0,0,0.372,0.9415
1950-12-19,1951,R,,nba_0006,nba_0015,71,67,0.4514,1.0,0,0.301,0.7954
1950-12-19,1951,R,,nba_0006,nba_0015,71,67,0.5981,1.0,1,0.1616,0.5141
1950-12-20,1951,R,,nba_0022,nba_0021,86,83,0.4767,1.0,0,0.2738,0.7409
1950-12-20,1951,R,,nba_0022,nba_0021,86,83,0.5503,1.0,1,0.2023,0.5973
1950-12-20,1951,R,,nba_0011,nba_0016,76,94,0.4129,0.0,1,0.1705,0.5326
1950-12-20,1951,R,,nba_0011,nba_0016,76,94,0.5054,0.0,0,0.2554,0.7039
1950-12-20,1951,R,,nba_0012,nba_0015,91,84,0.3525,1.0,0,0.4193,1.0428
1950-12-20,1951,R,,nba_0012,nba_0015,91,84,0.5144,1.0,1,0.2358,0.6647
1950-12-21,1951,R,,nba_0013,nba_0021,97,72,0.6033,1.0,1,0.1573,0.5053
1950-12-21,1951,R,,nba_0013,nba_0021,97,72,0.6499,1.0,1,0.1225,0.4309
1950-12-23,1951,R,,nba_0001,nba_0015,87,81,0.3808,1.0,0,0.3834,0.9654
1950-12-23,1951,R,,nba_0001,nba_0015,87,81,0.554,1.0,1,0.1989,0.5906
1950-12-23,1951,R,,nba_0005,nba_0006,83,79,0.618,1.0,1,0.1459,0.4812
1950-12-23,1951,R,,nba_0005,nba_0006,83,79,0.5729,1.0,1,0.1824,0.557
1950-12-23,1951,R,,nba_0016,nba_0013,77,65,0.7303,1.0,1,0.0728,0.3144
1950-12-23,1951,R,,nba_0016,nba_0013,77,65,0.6833,1.0,1,0.1003,0.3809
1950-12-23,1951,R,,nba_0011,nba_0019,79,87,0.4874,0.0,1,0.2376,0.6683
1950-12-23,1951,R,,nba_0011,nba_0019,79,87,0.5171,0.0,0,0.2674,0.728
1950-12-25,1951,R,,nba_0006,nba_0005,84,86,0.6032,0.0,0,0.3638,0.9242
1950-12-25,1951,R,,nba_0006,nba_0005,84,86,0.6457,0.0,0,0.4169,1.0376
1950-12-25,1951,R,,nba_0022,nba_0012,87,72,0.638,1.0,1,0.1311,0.4494
1950-12-25,1951,R,,nba_0022,nba_0012,87,72,0.5997,1.0,1,0.1602,0.5113
1950-12-25,1951,R,,nba_0021,nba_0013,81,69,0.6692,1.0,1,0.1094,0.4017
1950-12-25,1951,R,,nba_0021,nba_0013,81,69,0.6292,1.0,1,0.1375,0.4632
1950-12-25,1951,R,,nba_0015,nba_0011,93,79,0.8535,1.0,1,0.0215,0.1584
1950-12-25,1951,R,,nba_0015,nba_0011,93,79,0.7828,1.0,1,0.0472,0.2449
1950-12-25,1951,R,,nba_0016,nba_0001,90,77,0.7837,1.0,1,0.0468,0.2438
1950-12-25,1951,R,,nba_0016,nba_0001,90,77,0.682,1.0,1,0.1011,0.3827
1950-12-26,1951,R,,nba_0001,nba_0021,102,100,0.5151,1.0,1,0.2351,0.6634
1950-12-26,1951,R,,nba_0001,nba_0021,102,100,0.6288,1.0,1,0.1378,0.4639
1950-12-26,1951,R,,nba_0019,nba_0011,81,88,0.7734,0.0,0,0.5982,1.4847
1950-12-26,1951,R,,nba_0019,nba_0011,81,88,0.7554,0.0,0,0.5706,1.4081
1950-12-27,1951,R,,nba_0013,nba_0016,68,74,0.479,0.0,1,0.2294,0.652
1950-12-27,1951,R,,nba_0013,nba_0016,68,74,0.5266,0.0,0,0.2773,0.7477
1950-12-27,1951,R,,nba_0015,nba_0012,81,63,0.8387,1.0,1,0.026,0.1759
1950-12-27,1951,R,,nba_0015,nba_0012,81,63,0.7379,1.0,1,0.0687,0.3039
1950-12-27,1951,R,,nba_0005,nba_0006,79,74,0.6544,1.0,1,0.1194,0.424
1950-12-27,1951,R,,nba_0005,nba_0006,79,74,0.6137,1.0,1,0.1492,0.4883
1950-12-28,1951,R,,nba_0016,nba_0015,75,67,0.5934,1.0,1,0.1654,0.5219
1950-12-28,1951,R,,nba_0016,nba_0015,75,67,0.6286,1.0,1,0.138,0.4643
1950-12-28,1951,R,,nba_0022,nba_0011,97,80,0.6984,1.0,1,0.091,0.359
1950-12-28,1951,R,,nba_0022,nba_0011,97,80,0.6995,1.0,1,0.0903,0.3574
1950-12-28,1951,R,,nba_0006,nba_0021,91,88,0.5776,1.0,1,0.1784,0.5488
1950-12-28,1951,R,,nba_0006,nba_0021,91,88,0.6566,1.0,1,0.1179,0.4206
1950-12-29,1951,R,,nba_0019,nba_0022,112,81,0.6796,1.0,1,0.1027,0.3862
1950-12-29,1951,R,,nba_0019,nba_0022,112,81,0.6566,1.0,1,0.1179,0.4206
1950-12-30,1951,R,,nba_0012,nba_0021,80,90,0.5067,0.0,0,0.2568,0.7067
1950-12-30,1951,R,,nba_0012,nba_0021,80,90,0.6045,0.0,0,0.3654,0.9275
1950-12-30,1951,R,,nba_0005,nba_0001,77,60,0.7079,1.0,1,0.0853,0.3454
1950-12-30,1951,R,,nba_0005,nba_0001,77,60,0.6462,1.0,1,0.1252,0.4366
1950-12-30,1951,R,,nba_0016,nba_0011,91,77,0.8496,1.0,1,0.0226,0.163
1950-12-30,1951,R,,nba_0016,nba_0011,91,77,0.8078,1.0,1,0.0369,0.2134
1950-12-31,1951,R,,nba_0001,nba_0005,100,90,0.475,1.0,0,0.2756,0.7445
1950-12-31,1951,R,,nba_0001,nba_0005,100,90,0.5398,1.0,1,0.2118,0.6166
1950-12-31,1951,R,,nba_0015,nba_0006,83,73,0.752,1.0,1,0.0615,0.285
1950-12-31,1951,R,,nba_0015,nba_0006,83,73,0.6482,1.0,1,0.1238,0.4336
1950-12-31,1951,R,,nba_0022,nba_0013,110,100,0.5133,1.0,1,0.2369,0.6669
1950-12-31,1951,R,,nba_0022,nba_0013,110,100,0.5415,1.0,1,0.2102,0.6134
1951-01-01,1951,R,,nba_0013,nba_0015,83,70,0.4185,1.0,0,0.3382,0.8711
1951-01-01,1951,R,,nba_0013,nba_0015,83,70,0.4952,1.0,0,0.2549,0.7029
1951-01-01,1951,R,,nba_0012,nba_0011,83,71,0.632,1.0,1,0.1355,0.4589
1951-01-01,1951,R,,nba_0012,nba_0011,83,71,0.6616,1.0,1,0.1145,0.4132
1951-01-01,1951,R,,nba_0022,nba_0006,109,92,0.558,1.0,1,0.1954,0.5835
1951-01-01,1951,R,,nba_0022,nba_0006,109,92,0.5457,1.0,1,0.2064,0.6057
1951-01-01,1951,R,,nba_0016,nba_0005,91,88,0.7386,1.0,1,0.0683,0.303
1951-01-01,1951,R,,nba_0016,nba_0005,91,88,0.6961,1.0,1,0.0923,0.3622
1951-01-01,1951,R,,nba_0021,nba_0001,106,89,0.7163,1.0,1,0.0805,0.3337
1951-01-01,1951,R,,nba_0021,nba_0001,106,89,0.6255,1.0,1,0.1403,0.4693
1951-01-02,1951,R,,nba_0019,nba_0006,86,87,0.6572,0.0,0,0.4319,1.0705
1951-01-02,1951,R,,nba_0019,nba_0006,86,87,0.6255,0.0,0,0.3912,0.9821
1951-01-03,1951,R,,nba_0015,nba_0013,86,64,0.7586,1.0,1,0.0583,0.2763
1951-01-03,1951,R,,nba_0015,nba_0013,86,64,0.7005,1.0,1,0.0897,0.3559
1951-01-03,1951,R,,nba_0022,nba_0001,82,84,0.646,0.0,0,0.4173,1.0384
1951-01-03,1951,R,,nba_0022,nba_0001,82,84,0.6101,0.0,0,0.3722,0.9418
1951-01-03,1951,R,,nba_0011,nba_0012,92,82,0.5803,1.0,1,0.1762,0.5443
1951-01-03,1951,R,,nba_0011,nba_0012,92,82,0.5509,1.0,1,0.2017,0.5962
1951-01-04,1951,R,,nba_0013,nba_0019,83,94,0.6062,0.0,0,0.3675,0.9319
1951-01-04,1951,R,,nba_0013,nba_0019,83,94,0.5965,0.0,0,0.3559,0.9077
1951-01-04,1951,R,,nba_0006,nba_0012,92,69,0.7531,1.0,1,0.061,0.2835
1951-01-04,1951,R,,nba_0006,nba_0012,92,69,0.7391,1.0,1,0.0681,0.3023
1951-01-04,1951,R,,nba_0021,nba_0015,77,80,0.5393,0.0,0,0.2908,0.7749
1951-01-04,1951,R,,nba_0021,nba_0015,77,80,0.582,0.0,0,0.3387,0.8723
1951-01-05,1951,R,,nba_0015,nba_0001,69,54,0.7914,1.0,1,0.0435,0.234
1951-01-05,1951,R,,nba_0015,nba_0001,69,54,0.6871,1.0,1,0.0979,0.3753
1951-01-06,1951,R,,nba_0012,nba_0006,64,57,0.4643,1.0,0,0.287,0.7672
1951-01-06,1951,R,,nba_0012,nba_0006,64,57,0.4813,1.0,0,0.2691,0.7314
1951-01-06,1951,R,,nba_0005,nba_0021,85,87,0.6804,0.0,0,0.4629,1.1406
1951-01-06,1951,R,,nba_0005,nba_0021,85,87,0.712,0.0,0,0.5069,1.2446
1951-01-06,1951,R,,nba_0016,nba_0019,73,75,0.8028,0.0,0,0.6445,1.6237
1951-01-06,1951,R,,nba_0016,nba_0019,73,75,0.7702,0.0,0,0.5932,1.4704
1951-01-06,1951,R,,nba_0011,nba_0013,76,91,0.5325,0.0,0,0.2836,0.7604
1951-01-06,1951,R,,nba_0011,nba_0013,76,91,0.5649,0.0,0,0.3192,0.8323
1951-01-07,1951,R,,nba_0022,nba_0019,83,79,0.6063,1.0,1,0.155,0.5003
1951-01-07,1951,R,,nba_0022,nba_0019,83,79,0.6281,1.0,1,0.1383,0.4651
1951-01-07,1951,R,,nba_0021,nba_0012,73,65,0.7653,1.0,1,0.0551,0.2675
1951-01-07,1951,R,,nba_0021,nba_0012,73,65,0.6982,1.0,1,0.0911,0.3593
1951-01-07,1951,R,,nba_0013,nba_0005,76,79,0.5631,0.0,0,0.3171,0.828
1951-01-07,1951,R,,nba_0013,nba_0005,76,79,0.5536,0.0,0,0.3064,0.8065
1951-01-07,1951,R,,nba_0001,nba_0011,91,86,0.7303,1.0,1,0.0727,0.3143
1951-01-07,1951,R,,nba_0001,nba_0011,91,86,0.7564,1.0,1,0.0593,0.2792
1951-01-07,1951,R,,nba_0015,nba_0016,69,57,0.6609,1.0,1,0.115,0.4141
1951-01-07,1951,R,,nba_0015,nba_0016,69,57,0.6393,1.0,1,0.1301,0.4474
1951-01-08,1951,R,,nba_0013,nba_0005,70,75,0.5392,0.0,0,0.2908,0.7749
1951-01-08,1951,R,,nba_0013,nba_0005,70,75,0.5302,0.0,0,0.2811,0.7554
1951-01-09,1951,R,,nba_0019,nba_0016,59,77,0.4664,0.0,1,0.2175,0.6281
1951-01-09,1951,R,,nba_0019,nba_0016,59,77,0.5159,0.0,0,0.2662,0.7255
1951-01-09,1951,R,,nba_0006,nba_0011,102,74,0.7783,1.0,1,0.0492,0.2507
1951-01-09,1951,R,,nba_0006,nba_0011,102,74,0.7865,1.0,1,0.0456,0.2402
1951-01-10,1951,R,,nba_0012,nba_0016,78,80,0.3619,0.0,1,0.1309,0.4492
1951-01-10,1951,R,,nba_0012,nba_0016,78,80,0.4537,0.0,1,0.2058,0.6045
1951-01-10,1951,R,,nba_0015,nba_0005,70,65,0.7534,1.0,1,0.0608,0.2831
1951-01-10,1951,R,,nba_0015,nba_0005,70,65,0.6958,1.0,1,0.0925,0.3627
1951-01-10,1951,R,,nba_0022,nba_0021,96,97,0.5291,0.0,0,0.2799,0.753
1951-01-10,1951,R,,nba_0022,nba_0021,96,97,0.5837,0.0,0,0.3408,0.8764
1951-01-11,1951,R,,nba_0006,nba_0016,82,79,0.4751,1.0,0,0.2755,0.7443
1951-01-11,1951,R,,nba_0006,nba_0016,82,79,0.5538,1.0,1,0.1991,0.591
1951-01-11,1951,R,,nba_0022,nba_0015,109,113,0.3674,0.0,1,0.135,0.4579
1951-01-11,1951,R,,nba_0022,nba_0015,109,113,0.4551,0.0,1,0.2071,0.6072
1951-01-11,1951,R,,nba_0013,nba_0021,84,76,0.5668,1.0,1,0.1877,0.5678
1951-01-11,1951,R,,nba_0013,nba_0021,84,76,0.5903,1.0,1,0.1678,0.5271
1951-01-12,1951,R,,nba_0019,nba_0013,81,89,0.6696,0.0,0,0.4483,1.1074
1951-01-12,1951,R,,nba_0019,nba_0013,81,89,0.6747,0.0,0,0.4553,1.1231
1951-01-13,1951,R,,nba_0005,nba_0012,92,79,0.7842,1.0,1,0.0466,0.2431
1951-01-13,1951,R,,nba_0005,nba_0012,92,79,0.7505,1.0,1,0.0623,0.2871
1951-01-13,1951,R,,nba_0016,nba_0013,99,78,0.7821,1.0,1,0.0475,0.2458
1951-01-13,1951,R,,nba_0016,nba_0013,99,78,0.7566,1.0,1,0.0593,0.279
1951-01-14,1951,R,,nba_0012,nba_0005,93,91,0.4065,1.0,0,0.3522,0.9002
1951-01-14,1951,R,,nba_0012,nba_0005,93,91,0.4502,1.0,0,0.3022,0.798
1951-01-14,1951,R,,nba_0013,nba_0022,94,85,0.6138,1.0,1,0.1491,0.488
1951-01-14,1951,R,,nba_0013,nba_0022,94,85,0.5869,1.0,1,0.1707,0.5329
1951-01-14,1951,R,,nba_0015,nba_0019,86,84,0.8295,1.0,1,0.0291,0.187
1951-01-14,1951,R,,nba_0015,nba_0019,86,84,0.7894,1.0,1,0.0444,0.2365
1951-01-14,1951,R,,nba_0021,nba_0016,92,63,0.5387,1.0,1,0.2128,0.6187
1951-01-14,1951,R,,nba_0021,nba_0016,92,63,0.5501,1.0,1,0.2024,0.5977
1951-01-14,1951,R,,nba_0001,nba_0006,97,87,0.5914,1.0,1,0.167,0.5253
1951-01-14,1951,R,,nba_0001,nba_0006,97,87,0.613,1.0,1,0.1498,0.4894
1951-01-15,1951,R,,nba_0001,nba_0006,98,73,0.5712,1.0,1,0.1839,0.5601
1951-01-15,1951,R,,nba_0001,nba_0006,98,73,0.5921,1.0,1,0.1664,0.5241
1951-01-16,1951,R,,nba_0016,nba_0022,97,89,0.7984,1.0,1,0.0406,0.2251
1951-01-16,1951,R,,nba_0016,nba_0022,97,89,0.7569,1.0,1,0.0591,0.2785
1951-01-16,1951,R,,nba_0019,nba_0015,82,68,0.3672,1.0,0,0.4005,1.002
1951-01-16,1951,R,,nba_0019,nba_0015,82,68,0.4281,1.0,0,0.3271,0.8485
1951-01-17,1951,R,,nba_0012,nba_0022,81,70,0.6009,1.0,1,0.1593,0.5093
1951-01-17,1951,R,,nba_0012,nba_0022,81,70,0.6277,1.0,1,0.1386,0.4658
1951-01-18,1951,R,,nba_0001,nba_0022,105,85,0.7171,1.0,1,0.0801,0.3326
1951-01-18,1951,R,,nba_0001,nba_0022,105,85,0.7458,1.0,1,0.0646,0.2933
1951-01-18,1951,R,,nba_0005,nba_0015,95,78,0.5273,1.0,1,0.2234,0.6399
1951-01-18,1951,R,,nba_0005,nba_0015,95,78,0.5928,1.0,1,0.1658,0.5229
1951-01-18,1951,R,,nba_0006,nba_0019,114,80,0.6462,1.0,1,0.1252,0.4366
1951-01-18,1951,R,,nba_0006,nba_0019,114,80,0.6804,1.0,1,0.1021,0.3851
1951-01-18,1951,R,,nba_0021,nba_0016,87,96,0.5779,0.0,0,0.334,0.8625
1951-01-18,1951,R,,nba_0021,nba_0016,87,96,0.587,0.0,0,0.3446,0.8844
1951-01-20,1951,R,,nba_0012,nba_0019,102,63,0.557,1.0,1,0.1962,0.5852
1951-01-20,1951,R,,nba_0012,nba_0019,102,63,0.6021,1.0,1,0.1583,0.5073
1951-01-20,1951,R,,nba_0013,nba_0015,70,89,0.4826,0.0,1,0.2329,0.6588
1951-01-20,1951,R,,nba_0013,nba_0015,70,89,0.5378,0.0,0,0.2892,0.7717
1951-01-20,1951,R,,nba_0016,nba_0006,87,101,0.7612,0.0,0,0.5795,1.4323
1951-01-20,1951,R,,nba_0016,nba_0006,87,101,0.7049,0.0,0,0.4969,1.2204
1951-01-20,1951,R,,nba_0022,nba_0001,91,85,0.5317,1.0,1,0.2193,0.6317
1951-01-20,1951,R,,nba_0022,nba_0001,91,85,0.498,1.0,0,0.252,0.6972
1951-01-21,1951,R,,nba_0013,nba_0001,106,112,0.6169,0.0,0,0.3805,0.9594
1951-01-21,1951,R,,nba_0013,nba_0001,106,112,0.5561,0.0,0,0.3092,0.8122
1951-01-21,1951,R,,nba_0021,nba_0006,86,96,0.6798,0.0,0,0.4621,1.1387
1951-01-21,1951,R,,nba_0021,nba_0006,86,96,0.623,0.0,0,0.3882,0.9756
1951-01-21,1951,R,,nba_0005,nba_0016,88,83,0.59,1.0,1,0.1681,0.5277
1951-01-21,1951,R,,nba_0005,nba_0016,88,83,0.6271,1.0,1,0.139,0.4666
1951-01-21,1951,R,,nba_0015,nba_0022,89,82,0.8352,1.0,1,0.0272,0.1801
1951-01-21,1951,R,,nba_0015,nba_0022,89,82,0.7862,1.0,1,0.0457,0.2405
1951-01-23,1951,R,,nba_0012,nba_0015,79,89,0.3468,0.0,1,0.1203,0.4259
1951-01-23,1951,R,,nba_0012,nba_0015,79,89,0.4436,0.0,1,0.1968,0.5863
1951-01-23,1951,R,,nba_0019,nba_0001,79,83,0.5848,0.0,0,0.342,0.879
1951-01-23,1951,R,,nba_0019,nba_0001,79,83,0.5355,0.0,0,0.2868,0.7669
1951-01-23,1951,R,,nba_0006,nba_0022,88,77,0.7437,1.0,1,0.0657,0.2961
1951-01-23,1951,R,,nba_0006,nba_0022,88,77,0.7517,1.0,1,0.0617,0.2854
1951-01-23,1951,R,,nba_0016,nba_0005,102,92,0.672,1.0,1,0.1076,0.3976
1951-01-23,1951,R,,nba_0016,nba_0005,102,92,0.6378,1.0,1,0.1312,0.4497
1951-01-24,1951,R,,nba_0012,nba_0021,87,82,0.4326,1.0,0,0.3219,0.8378
1951-01-24,1951,R,,nba_0012,nba_0021,87,82,0.5011,1.0,1,0.2489,0.6909
1951-01-24,1951,R,,nba_0005,nba_0022,95,85,0.7644,1.0,1,0.0555,0.2686
1951-01-24,1951,R,,nba_0005,nba_0022,95,85,0.7492,1.0,1,0.0629,0.2888
1951-01-25,1951,R,,nba_0001,nba_0013,99,97,0.6155,1.0,1,0.1478,0.4853
1951-01-25,1951,R,,nba_0001,nba_0013,99,97,0.6684,1.0,1,0.1099,0.4028
1951-01-25,1951,R,,nba_0006,nba_0015,71,90,0.4723,0.0,1,0.223,0.6392
1951-01-25,1951,R,,nba_0006,nba_0015,71,90,0.5565,0.0,0,0.3097,0.813
1951-01-25,1951,R,,nba_0021,nba_0022,113,87,0.7278,1.0,1,0.0741,0.3177
1951-01-25,1951,R,,nba_0021,nba_0022,113,87,0.6895,1.0,1,0.0964,0.3718
1951-01-26,1951,R,,nba_0019,nba_0006,78,75,0.546,1.0,1,0.2061,0.6052
1951-01-26,1951,R,,nba_0019,nba_0006,78,75,0.5233,1.0,1,0.2272,0.6476
1951-01-27,1951,R,,nba_0012,nba_0013,97,91,0.5912,1.0,1,0.1672,0.5257
1951-01-27,1951,R,,nba_0012,nba_0013,97,91,0.6344,1.0,1,0.1337,0.4551
1951-01-27,1951,R,,nba_0005,nba_0001,76,75,0.7008,1.0,1,0.0895,0.3555
1951-01-27,1951,R,,nba_0005,nba_0001,76,75,0.6578,1.0,1,0.1171,0.4188
1951-01-27,1951,R,,nba_0016,nba_0021,85,83,0.7584,1.0,1,0.0584,0.2765
1951-01-27,1951,R,,nba_0016,nba_0021,85,83,0.7501,1.0,1,0.0625,0.2876
1951-01-28,1951,R,,nba_0015,nba_0019,101,75,0.8535,1.0,1,0.0214,0.1584
1951-01-28,1951,R,,nba_0015,nba_0019,101,75,0.8247,1.0,1,0.0307,0.1927
1951-01-28,1951,R,,nba_0022,nba_0006,86,96,0.4915,0.0,1,0.2416,0.6763
1951-01-28,1951,R,,nba_0022,nba_0006,86,96,0.4835,0.0,1,0.2338,0.6607
1951-01-28,1951,R,,nba_0021,nba_0001,104,83,0.6375,1.0,1,0.1314,0.4503
1951-01-28,1951,R,,nba_0021,nba_0001,104,83,0.5673,1.0,1,0.1872,0.5669
1951-01-28,1951,R,,nba_0013,nba_0016,93,88,0.4108,1.0,0,0.3472,0.8898
1951-01-28,1951,R,,nba_0013,nba_0016,93,88,0.4409,1.0,0,0.3126,0.8189
1951-01-29,1951,R,,nba_0019,nba_0022,87,85,0.6716,1.0,1,0.1078,0.3981
1951-01-29,1951,R,,nba_0019,nba_0022,87,85,0.6576,1.0,1,0.1172,0.4192
1951-01-30,1951,R,,nba_0001,nba_0021,96,87,0.5689,1.0,1,0.1859,0.5641
1951-01-30,1951,R,,nba_0001,nba_0021,96,87,0.634,1.0,1,0.134,0.4558
1951-01-30,1951,R,,nba_0016,nba_0012,95,90,0.7872,1.0,1,0.0453,0.2393
1951-01-30,1951,R,,nba_0016,nba_0012,95,90,0.7332,1.0,1,0.0712,0.3103
1951-01-31,1951,R,,nba_0013,nba_0006,91,84,0.5292,1.0,1,0.2216,0.6363
1951-01-31,1951,R,,nba_0013,nba_0006,91,84,0.4985,1.0,0,0.2515,0.6961
1951-01-31,1951,R,,nba_0019,nba_0016,68,63,0.4296,1.0,0,0.3254,0.845
1951-01-31,1951,R,,nba_0019,nba_0016,68,63,0.4655,1.0,0,0.2856,0.7645
1951-01-31,1951,R,,nba_0015,nba_0022,106,78,0.8878,1.0,1,0.0126,0.119
1951-01-31,1951,R,,nba_0015,nba_0022,106,78,0.8586,1.0,1,0.02,0.1525
1951-01-31,1951,R,,nba_0005,nba_0012,89,77,0.7988,1.0,1,0.0405,0.2246
1951-01-31,1951,R,,nba_0005,nba_0012,89,77,0.7743,1.0,1,0.051,0.2558
1951-02-01,1951,R,,nba_0021,nba_0005,90,93,0.581,0.0,0,0.3375,0.8698
1951-02-01,1951,R,,nba_0021,nba_0005,90,93,0.5591,0.0,0,0.3125,0.8188
1951-02-01,1951,R,,nba_0006,nba_0001,82,80,0.6274,1.0,1,0.1389,0.4662
1951-02-01,1951,R,,nba_0006,nba_0001,82,80,0.6091,1.0,1,0.1528,0.4958
1951-02-01,1951,R,,nba_0022,nba_0013,109,102,0.5087,1.0,1,0.2414,0.6759
1951-02-01,1951,R,,nba_0022,nba_0013,109,102,0.5297,1.0,1,0.2212,0.6355
1951-02-02,1951,R,,nba_0001,nba_0021,96,90,0.5988,1.0,1,0.161,0.5129
1951-02-02,1951,R,,nba_0001,nba_0021,96,90,0.6581,1.0,1,0.1169,0.4184
1951-02-03,1951,R,,nba_0012,nba_0005,72,83,0.4419,0.0,1,0.1953,0.5833
1951-02-03,1951,R,,nba_0012,nba_0005,72,83,0.4771,0.0,1,0.2276,0.6484
1951-02-03,1951,R,,nba_0019,nba_0015,84,89,0.3328,0.0,1,0.1108,0.4047
1951-02-03,1951,R,,nba_0019,nba_0015,84,89,0.3778,0.0,1,0.1427,0.4745
1951-02-03,1951,R,,nba_0016,nba_0006,65,61,0.7196,1.0,1,0.0786,0.3291
1951-02-03,1951,R,,nba_0016,nba_0006,65,61,0.6701,1.0,1,0.1089,0.4004
1951-02-04,1951,R,,nba_0013,nba_0012,95,108,0.7184,0.0,0,0.5161,1.2672
1951-02-04,1951,R,,nba_0013,nba_0012,95,108,0.6851,0.0,0,0.4694,1.1555
1951-02-04,1951,R,,nba_0015,nba_0001,98,84,0.7941,1.0,1,0.0424,0.2305
1951-02-04,1951,R,,nba_0015,nba_0001,98,84,0.7304,1.0,1,0.0727,0.3142
1951-02-04,1951,R,,nba_0005,nba_0019,83,105,0.769,0.0,0,0.5914,1.4655
1951-02-04,1951,R,,nba_0005,nba_0019,83,105,0.7703,0.0,0,0.5933,1.4709
1951-02-04,1951,R,,nba_0021,nba_0006,78,75,0.6141,1.0,1,0.1489,0.4876
1951-02-04,1951,R,,nba_0021,nba_0006,78,75,0.5734,1.0,1,0.182,0.5562
1951-02-04,1951,R,,nba_0022,nba_0016,84,81,0.3972,1.0,0,0.3633,0.9232
1951-02-04,1951,R,,nba_0022,nba_0016,84,81,0.4438,1.0,0,0.3093,0.8123
1951-02-05,1951,R,,nba_0001,nba_0019,70,57,0.648,1.0,1,0.1239,0.4338
1951-02-05,1951,R,,nba_0001,nba_0019,70,57,0.6828,1.0,1,0.1006,0.3816
1951-02-06,1951,R,,nba_0012,nba_0005,82,91,0.4481,0.0,1,0.2008,0.5944
1951-02-06,1951,R,,nba_0012,nba_0005,82,91,0.4802,0.0,1,0.2306,0.6543
1951-02-06,1951,R,,nba_0019,nba_0016,78,76,0.4254,1.0,0,0.3302,0.8548
1951-02-06,1951,R,,nba_0019,nba_0016,78,76,0.4586,1.0,0,0.2932,0.7797
1951-02-06,1951,R,,nba_0006,nba_0022,97,77,0.7457,1.0,1,0.0647,0.2934
1951-02-06,1951,R,,nba_0006,nba_0022,97,77,0.7517,1.0,1,0.0617,0.2854
1951-02-07,1951,R,,nba_0021,nba_0012,82,102,0.7559,0.0,0,0.5714,1.4102
1951-02-07,1951,R,,nba_0021,nba_0012,82,102,0.716,0.0,0,0.5126,1.2587
1951-02-07,1951,R,,nba_0013,nba_0015,96,86,0.3108,1.0,0,0.475,1.1685
1951-02-07,1951,R,,nba_0013,nba_0015,96,86,0.346,1.0,0,0.4278,1.0614
1951-02-08,1951,R,,nba_0001,nba_0022,85,70,0.7579,1.0,1,0.0586,0.2772
1951-02-08,1951,R,,nba_0001,nba_0022,85,70,0.7744,1.0,1,0.0509,0.2557
1951-02-08,1951,R,,nba_0015,nba_0016,69,58,0.7012,1.0,1,0.0893,0.3549
1951-02-08,1951,R,,nba_0015,nba_0016,69,58,0.691,1.0,1,0.0955,0.3696
1951-02-08,1951,R,,nba_0006,nba_0012,86,75,0.7319,1.0,1,0.0719,0.3121
1951-02-08,1951,R,,nba_0006,nba_0012,86,75,0.724,1.0,1,0.0762,0.323
1951-02-08,1951,R,,nba_0021,nba_0005,96,83,0.4863,1.0,0,0.2639,0.721
1951-02-08,1951,R,,nba_0021,nba_0005,96,83,0.4657,1.0,0,0.2855,0.7642
1951-02-10,1951,R,,nba_0012,nba_0001,81,76,0.5237,1.0,1,0.2268,0.6468
1951-02-10,1951,R,,nba_0012,nba_0001,81,76,0.5185,1.0,1,0.2318,0.6567
1951-02-10,1951,R,,nba_0019,nba_0006,78,88,0.5862,0.0,0,0.3436,0.8823
1951-02-10,1951,R,,nba_0019,nba_0006,78,88,0.5653,0.0,0,0.3195,0.8331
1951-02-10,1951,R,,nba_0005,nba_0013,73,62,0.7143,1.0,1,0.0816,0.3364
1951-02-10,1951,R,,nba_0005,nba_0013,73,62,0.7204,1.0,1,0.0782,0.3279
1951-02-10,1951,R,,nba_0016,nba_0022,98,90,0.8138,1.0,1,0.0347,0.2061
1951-02-10,1951,R,,nba_0016,nba_0022,98,90,0.7833,1.0,1,0.047,0.2443
1951-02-11,1951,R,,nba_0012,nba_0021,72,80,0.5051,0.0,0,0.2551,0.7033
1951-02-11,1951,R,,nba_0012,nba_0021,72,80,0.5541,0.0,0,0.307,0.8077
1951-02-11,1951,R,,nba_0022,nba_0006,76,72,0.4157,1.0,0,0.3414,0.8779
1951-02-11,1951,R,,nba_0022,nba_0006,76,72,0.4087,1.0,0,0.3496,0.8947
1951-02-11,1951,R,,nba_0015,nba_0019,91,78,0.8635,1.0,1,0.0186,0.1467
1951-02-11,1951,R,,nba_0015,nba_0019,91,78,0.8407,1.0,1,0.0254,0.1735
1951-02-11,1951,R,,nba_0013,nba_0005,120,96,0.4726,1.0,0,0.2781,0.7494
1951-02-11,1951,R,,nba_0013,nba_0005,120,96,0.4656,1.0,0,0.2856,0.7645
1951-02-11,1951,R,,nba_0001,nba_0016,93,77,0.5154,1.0,1,0.2349,0.6629
1951-02-11,1951,R,,nba_0001,nba_0016,93,77,0.5828,1.0,1,0.174,0.5399
1951-02-13,1951,R,,nba_0019,nba_0013,80,78,0.6006,1.0,1,0.1595,0.5098
1951-02-13,1951,R,,nba_0019,nba_0013,80,78,0.6062,1.0,1,0.1551,0.5006
1951-02-13,1951,R,,nba_0006,nba_0001,104,98,0.6424,1.0,1,0.1279,0.4425
1951-02-13,1951,R,,nba_0006,nba_0001,104,98,0.6298,1.0,1,0.1371,0.4624
1951-02-14,1951,R,,nba_0022,nba_0019,98,91,0.5827,1.0,1,0.1741,0.54
1951-02-14,1951,R,,nba_0022,nba_0019,98,91,0.5959,1.0,1,0.1633,0.5177
1951-02-14,1951,R,,nba_0005,nba_0016,81,65,0.5904,1.0,1,0.1678,0.527
1951-02-14,1951,R,,nba_0005,nba_0016,81,65,0.6203,1.0,1,0.1441,0.4775
1951-02-14,1951,R,,nba_0013,nba_0021,77,75,0.5139,1.0,1,0.2362,0.6656
1951-02-14,1951,R,,nba_0013,nba_0021,77,75,0.5248,1.0,1,0.2258,0.6447
1951-02-14,1951,R,,nba_0015,nba_0012,99,71,0.8573,1.0,1,0.0204,0.154
1951-02-14,1951,R,,nba_0015,nba_0012,99,71,0.8178,1.0,1,0.0332,0.2012
1951-02-15,1951,R,,nba_0012,nba_0019,60,69,0.5918,0.0,0,0.3502,0.896
1951-02-15,1951,R,,nba_0012,nba_0019,60,69,0.6176,0.0,0,0.3815,0.9614
1951-02-15,1951,R,,nba_0006,nba_0005,93,98,0.6193,0.0,0,0.3835,0.9657
1951-02-15,1951,R,,nba_0006,nba_0005,93,98,0.6387,0.0,0,0.408,1.0182
1951-02-15,1951,R,,nba_0021,nba_0001,94,80,0.5878,1.0,1,0.1699,0.5314
1951-02-15,1951,R,,nba_0021,nba_0001,94,80,0.5384,1.0,1,0.213,0.6191
1951-02-16,1951,R,,nba_0001,nba_0006,81,76,0.5771,1.0,1,0.1789,0.5498
1951-02-16,1951,R,,nba_0001,nba_0006,81,76,0.589,1.0,1,0.1689,0.5294
1951-02-16,1951,R,,nba_0019,nba_0015,71,76,0.3132,0.0,1,0.0981,0.3758
1951-02-16,1951,R,,nba_0019,nba_0015,71,76,0.3514,0.0,1,0.1235,0.433
1951-02-17,1951,R,,nba_0012,nba_0013,112,91,0.5294,1.0,1,0.2214,0.636
1951-02-17,1951,R,,nba_0012,nba_0013,112,91,0.5612,1.0,1,0.1925,0.5776
1951-02-17,1951,R,,nba_0005,nba_0021,88,75,0.6866,1.0,1,0.0982,0.376
1951-02-17,1951,R,,nba_0005,nba_0021,88,75,0.7,1.0,1,0.09,0.3566
1951-02-17,1951,R,,nba_0016,nba_0015,87,82,0.4896,1.0,0,0.2605,0.7141
1951-02-17,1951,R,,nba_0016,nba_0015,87,82,0.5009,1.0,1,0.2491,0.6913
1951-02-18,1951,R,,nba_0001,nba_0019,78,75,0.6733,1.0,1,0.1067,0.3956
1951-02-18,1951,R,,nba_0001,nba_0019,78,75,0.7008,1.0,1,0.0895,0.3556
1951-02-18,1951,R,,nba_0013,nba_0006,75,70,0.508,1.0,1,0.2421,0.6773
1951-02-18,1951,R,,nba_0013,nba_0006,75,70,0.4827,1.0,0,0.2676,0.7283
1951-02-18,1951,R,,nba_0021,nba_0015,91,80,0.3866,1.0,0,0.3763,0.9504
1951-02-18,1951,R,,nba_0021,nba_0015,91,80,0.4116,1.0,0,0.3462,0.8877
1951-02-18,1951,R,,nba_0022,nba_0016,89,83,0.4535,1.0,0,0.2986,0.7907
1951-02-18,1951,R,,nba_0022,nba_0016,89,83,0.4965,1.0,0,0.2536,0.7003
1951-02-20,1951,R,,nba_0019,nba_0021,79,81,0.5376,0.0,0,0.289,0.7712
1951-02-20,1951,R,,nba_0019,nba_0021,79,81,0.5535,0.0,0,0.3063,0.8063
1951-02-20,1951,R,,nba_0006,nba_0022,99,69,0.7339,1.0,1,0.0708,0.3093
1951-02-20,1951,R,,nba_0006,nba_0022,99,69,0.7397,1.0,1,0.0677,0.3015
1951-02-20,1951,R,,nba_0016,nba_0012,105,89,0.741,1.0,1,0.0671,0.2997
1951-02-20,1951,R,,nba_0016,nba_0012,105,89,0.6972,1.0,1,0.0917,0.3607
1951-02-21,1951,R,,nba_0015,nba_0021,82,76,0.8079,1.0,1,0.0369,0.2133
1951-02-21,1951,R,,nba_0015,nba_0021,82,76,0.7916,1.0,1,0.0434,0.2337
1951-02-21,1951,R,,nba_0012,nba_0006,81,83,0.4909,0.0,1,0.2409,0.675
1951-02-21,1951,R,,nba_0012,nba_0006,81,83,0.4946,0.0,1,0.2447,0.6825
1951-02-21,1951,R,,nba_0001,nba_0005,87,85,0.5091,1.0,1,0.241,0.6751
1951-02-21,1951,R,,nba_0001,nba_0005,87,85,0.5405,1.0,1,0.2112,0.6154
1951-02-22,1951,R,,nba_0012,nba_0001,69,72,0.4923,0.0,1,0.2423,0.6778
1951-02-22,1951,R,,nba_0012,nba_0001,69,72,0.4844,0.0,1,0.2347,0.6625
1951-02-22,1951,R,,nba_0005,nba_0022,94,90,0.7811,1.0,1,0.0479,0.247
1951-02-22,1951,R,,nba_0005,nba_0022,94,90,0.7725,1.0,1,0.0517,0.2581
1951-02-22,1951,R,,nba_0006,nba_0016,98,90,0.5539,1.0,1,0.199,0.5907
1951-02-22,1951,R,,nba_0006,nba_0016,98,90,0.5999,1.0,1,0.1601,0.5111
1951-02-24,1951,R,,nba_0012,nba_0001,84,75,0.4733,1.0,0,0.2774,0.748
1951-02-24,1951,R,,nba_0012,nba_0001,84,75,0.4659,1.0,0,0.2852,0.7637
1951-02-24,1951,R,,nba_0015,nba_0013,95,78,0.8043,1.0,1,0.0383,0.2178
1951-02-24,1951,R,,nba_0015,nba_0013,95,78,0.7811,1.0,1,0.0479,0.247
1951-02-24,1951,R,,nba_0005,nba_0006,64,70,0.6609,0.0,0,0.4368,1.0814
1951-02-24,1951,R,,nba_0005,nba_0006,64,70,0.6445,0.0,0,0.4154,1.0343
1951-02-24,1951,R,,nba_0016,nba_0022,99,89,0.7847,1.0,1,0.0463,0.2424
1951-02-24,1951,R,,nba_0016,nba_0022,99,89,0.7572,1.0,1,0.059,0.2781
1951-02-25,1951,R,,nba_0013,nba_0012,102,92,0.6626,1.0,1,0.1139,0.4116
1951-02-25,1951,R,,nba_0013,nba_0012,102,92,0.6361,1.0,1,0.1324,0.4524
1951-02-25,1951,R,,nba_0022,nba_0016,78,82,0.4079,0.0,1,0.1664,0.5241
1951-02-25,1951,R,,nba_0022,nba_0016,78,82,0.4443,0.0,1,0.1974,0.5876
1951-02-25,1951,R,,nba_0021,nba_0005,98,93,0.612,1.0,1,0.1506,0.4911
1951-02-25,1951,R,,nba_0021,nba_0005,98,93,0.5966,1.0,1,0.1628,0.5166
1951-02-25,1951,R,,nba_0015,nba_0019,73,75,0.821,0.0,0,0.674,1.7203
1951-02-25,1951,R,,nba_0015,nba_0019,73,75,0.7966,0.0,0,0.6345,1.5925
1951-02-25,1951,R,,nba_0001,nba_0006,93,83,0.5688,1.0,1,0.186,0.5643
1951-02-25,1951,R,,nba_0001,nba_0006,93,83,0.5808,1.0,1,0.1757,0.5433
1951-02-27,1951,R,,nba_0019,nba_0012,96,74,0.6702,1.0,1,0.1088,0.4002
1951-02-27,1951,R,,nba_0019,nba_0012,96,74,0.6502,1.0,1,0.1224,0.4305
1951-02-27,1951,R,,nba_0015,nba_0022,83,77,0.8758,1.0,1,0.0154,0.1326
1951-02-27,1951,R,,nba_0015,nba_0022,83,77,0.8525,1.0,1,0.0218,0.1596
1951-02-27,1951,R,,nba_0006,nba_0021,86,72,0.6353,1.0,1,0.133,0.4536
1951-02-27,1951,R,,nba_0006,nba_0021,86,72,0.6659,1.0,1,0.1116,0.4065
1951-02-27,1951,R,,nba_0016,nba_0005,100,90,0.6304,1.0,1,0.1366,0.4615
1951-02-27,1951,R,,nba_0016,nba_0005,100,90,0.6066,1.0,1,0.1548,0.5
1951-02-28,1951,R,,nba_0013,nba_0015,77,73,0.3977,1.0,0,0.3628,0.9221
1951-02-28,1951,R,,nba_0013,nba_0015,77,73,0.4305,1.0,0,0.3243,0.8428
1951-02-28,1951,R,,nba_0022,nba_0012,100,85,0.599,1.0,1,0.1608,0.5126
1951-02-28,1951,R,,nba_0022,nba_0012,100,85,0.588,1.0,1,0.1698,0.5311
1951-03-01,1951,R,,nba_0006,nba_0015,97,77,0.4981,1.0,0,0.2519,0.6969
1951-03-01,1951,R,,nba_0006,nba_0015,97,77,0.5533,1.0,1,0.1996,0.5919
1951-03-01,1951,R,,nba_0021,nba_0013,108,86,0.6925,1.0,1,0.0946,0.3675
1951-03-01,1951,R,,nba_0021,nba_0013,108,86,0.685,1.0,1,0.0993,0.3784
1951-03-01,1951,R,,nba_0001,nba_0005,78,84,0.631,0.0,0,0.3982,0.997
1951-03-01,1951,R,,nba_0001,nba_0005,78,84,0.6591,0.0,0,0.4344,1.076
1951-03-03,1951,R,,nba_0012,nba_0001,87,95,0.4896,0.0,1,0.2397,0.6726
1951-03-03,1951,R,,nba_0012,nba_0001,87,95,0.4815,0.0,1,0.2318,0.6567
1951-03-03,1951,R,,nba_0005,nba_0021,97,78,0.655,1.0,1,0.119,0.4231
1951-03-03,1951,R,,nba_0005,nba_0021,97,78,0.6677,1.0,1,0.1104,0.4039
1951-03-03,1951,R,,nba_0016,nba_0013,89,79,0.7755,1.0,1,0.0504,0.2542
1951-03-03,1951,R,,nba_0016,nba_0013,89,79,0.7623,1.0,1,0.0565,0.2715
1951-03-04,1951,R,,nba_0001,nba_0015,92,86,0.4068,1.0,0,0.3519,0.8994
1951-03-04,1951,R,,nba_0001,nba_0015,92,86,0.4714,1.0,0,0.2795,0.7522
1951-03-04,1951,R,,nba_0013,nba_0005,105,98,0.4775,1.0,0,0.273,0.7392
1951-03-04,1951,R,,nba_0013,nba_0005,105,98,0.4715,1.0,0,0.2793,0.7518
1951-03-04,1951,R,,nba_0021,nba_0006,85,79,0.5124,1.0,1,0.2378,0.6687
1951-03-04,1951,R,,nba_0021,nba_0006,85,79,0.4838,1.0,0,0.2665,0.7262
1951-03-04,1951,R,,nba_0022,nba_0019,87,72,0.5076,1.0,1,0.2424,0.678
1951-03-04,1951,R,,nba_0022,nba_0019,87,72,0.5168,1.0,1,0.2334,0.66
1951-03-06,1951,R,,nba_0019,nba_0001,75,73,0.522,1.0,1,0.2284,0.65
1951-03-06,1951,R,,nba_0019,nba_0001,75,73,0.4954,1.0,0,0.2546,0.7024
1951-03-06,1951,R,,nba_0006,nba_0005,96,76,0.6159,1.0,1,0.1475,0.4846
1951-03-06,1951,R,,nba_0006,nba_0005,96,76,0.6302,1.0,1,0.1367,0.4616
1951-03-06,1951,R,,nba_0016,nba_0015,90,79,0.5644,1.0,1,0.1897,0.572
1951-03-06,1951,R,,nba_0016,nba_0015,90,79,0.576,1.0,1,0.1798,0.5517
1951-03-06,1951,R,,nba_0022,nba_0013,88,86,0.5443,1.0,1,0.2077,0.6082
1951-03-06,1951,R,,nba_0022,nba_0013,88,86,0.5601,1.0,1,0.1935,0.5796
1951-03-07,1951,R,,nba_0013,nba_0001,95,99,0.5416,0.0,0,0.2933,0.78
1951-03-07,1951,R,,nba_0013,nba_0001,95,99,0.5084,0.0,0,0.2584,0.71
1951-03-07,1951,R,,nba_0012,nba_0006,84,95,0.4239,0.0,1,0.1797,0.5515
1951-03-07,1951,R,,nba_0012,nba_0006,84,95,0.4307,0.0,1,0.1855,0.5633
1951-03-08,1951,R,,nba_0005,nba_0015,97,94,0.5145,1.0,1,0.2357,0.6645
1951-03-08,1951,R,,nba_0005,nba_0015,97,94,0.5502,1.0,1,0.2023,0.5974
1951-03-08,1951,R,,nba_0006,nba_0012,94,90,0.8248,1.0,1,0.0307,0.1926
1951-03-08,1951,R,,nba_0006,nba_0012,94,90,0.8211,1.0,1,0.032,0.1971
1951-03-08,1951,R,,nba_0021,nba_0019,121,97,0.7343,1.0,1,0.0706,0.3089
1951-03-08,1951,R,,nba_0021,nba_0019,121,97,0.7231,1.0,1,0.0767,0.3243
1951-03-09,1951,R,,nba_0019,nba_0016,84,91,0.3986,0.0,1,0.1589,0.5085
1951-03-09,1951,R,,nba_0019,nba_0016,84,91,0.4229,0.0,1,0.1788,0.5497
1951-03-10,1951,R,,nba_0016,nba_0021,107,86,0.6685,1.0,1,0.1099,0.4027
1951-03-10,1951,R,,nba_0016,nba_0021,107,86,0.6584,1.0,1,0.1167,0.418
1951-03-10,1951,R,,nba_0022,nba_0015,88,99,0.3993,0.0,1,0.1594,0.5096
1951-03-10,1951,R,,nba_0022,nba_0015,88,99,0.4429,0.0,1,0.1961,0.5849
1951-03-11,1951,R,,nba_0012,nba_0005,112,89,0.3848,1.0,0,0.3785,0.9551
1951-03-11,1951,R,,nba_0012,nba_0005,112,89,0.4048,1.0,0,0.3542,0.9043
1951-03-11,1951,R,,nba_0013,nba_0022,102,87,0.7121,1.0,1,0.0829,0.3396
1951-03-11,1951,R,,nba_0013,nba_0022,102,87,0.7011,1.0,1,0.0894,0.3551
1951-03-11,1951,R,,nba_0015,nba_0001,98,96,0.6933,1.0,1,0.094,0.3662
1951-03-11,1951,R,,nba_0015,nba_0001,98,96,0.6399,1.0,1,0.1297,0.4464
1951-03-11,1951,R,,nba_0016,nba_0019,88,95,0.7737,0.0,0,0.5986,1.4859
1951-03-11,1951,R,,nba_0016,nba_0019,88,95,0.757,0.0,0,0.5731,1.4148
1951-03-11,1951,R,,nba_0021,nba_0006,91,95,0.5039,0.0,0,0.2539,0.701
1951-03-11,1951,R,,nba_0021,nba_0006,91,95,0.4767,0.0,1,0.2273,0.6476
1951-03-13,1951,R,,nba_0001,nba_0016,107,111,0.538,0.0,0,0.2894,0.7721
1951-03-13,1951,R,,nba_0001,nba_0016,107,111,0.5856,0.0,0,0.3429,0.8809
1951-03-13,1951,R,,nba_0019,nba_0021,98,93,0.5434,1.0,1,0.2085,0.6099
1951-03-13,1951,R,,nba_0019,nba_0021,98,93,0.5552,1.0,1,0.1978,0.5884
1951-03-14,1951,R,,nba_0013,nba_0019,115,109,0.6554,1.0,1,0.1188,0.4226
1951-03-14,1951,R,,nba_0013,nba_0019,115,109,0.6514,1.0,1,0.1215,0.4286
1951-03-14,1951,R,,nba_0022,nba_0005,91,92,0.4446,0.0,1,0.1977,0.5881
1951-03-14,1951,R,,nba_0022,nba_0005,91,92,0.452,0.0,1,0.2043,0.6014
1951-03-14,1951,R,,nba_0015,nba_0021,100,76,0.7887,1.0,1,0.0446,0.2373
1951-03-14,1951,R,,nba_0015,nba_0021,100,76,0.7745,1.0,1,0.0509,0.2556
1951-03-15,1951,R,,nba_0012,nba_0016,93,87,0.3943,1.0,0,0.3668,0.9306
1951-03-15,1951,R,,nba_0012,nba_0016,93,87,0.4351,1.0,0,0.3191,0.8322
1951-03-15,1951,R,,nba_0019,nba_0005,74,70,0.5143,1.0,1,0.2359,0.6649
1951-03-15,1951,R,,nba_0019,nba_0005,74,70,0.5135,1.0,1,0.2366,0.6664
1951-03-15,1951,R,,nba_0006,nba_0013,88,78,0.7852,1.0,1,0.0461,0.2418
1951-03-15,1951,R,,nba_0006,nba_0013,88,78,0.7974,1.0,1,0.0411,0.2265
1951-03-16,1951,R,,nba_0001,nba_0013,90,88,0.7243,1.0,1,0.076,0.3225
1951-03-16,1951,R,,nba_0001,nba_0013,90,88,0.7465,1.0,1,0.0643,0.2924
1951-03-17,1951,R,,nba_0012,nba_0019,91,92,0.5316,0.0,0,0.2826,0.7585
1951-03-17,1951,R,,nba_0012,nba_0019,91,92,0.5515,0.0,0,0.3041,0.8018
1951-03-17,1951,R,,nba_0006,nba_0021,100,86,0.702,1.0,1,0.0888,0.3538
1951-03-17,1951,R,,nba_0006,nba_0021,100,86,0.7232,1.0,1,0.0766,0.3241
1951-03-17,1951,R,,nba_0016,nba_0001,114,89,0.7143,1.0,1,0.0816,0.3364
1951-03-17,1951,R,,nba_0016,nba_0001,114,89,0.6762,1.0,1,0.1048,0.3912
1951-03-17,1951,R,,nba_0022,nba_0015,91,92,0.3108,0.0,1,0.0966,0.3723
1951-03-17,1951,R,,nba_0022,nba_0015,91,92,0.3457,0.0,1,0.1195,0.4243
1951-03-18,1951,R,,nba_0013,nba_0022,95,82,0.7161,1.0,1,0.0806,0.3339
1951-03-18,1951,R,,nba_0013,nba_0022,95,82,0.7073,1.0,1,0.0857,0.3463
1951-03-18,1951,R,,nba_0015,nba_0005,86,68,0.7056,1.0,1,0.0867,0.3487
1951-03-18,1951,R,,nba_0015,nba_0005,86,68,0.6784,1.0,1,0.1035,0.3881
1951-03-18,1951,R,,nba_0016,nba_0019,91,79,0.7569,1.0,1,0.0591,0.2785
1951-03-18,1951,R,,nba_0016,nba_0019,91,79,0.7424,1.0,1,0.0663,0.2978
1951-03-18,1951,R,,nba_0021,nba_0001,97,89,0.5952,1.0,1,0.1639,0.5189
1951-03-18,1951,R,,nba_0021,nba_0001,97,89,0.5624,1.0,1,0.1915,0.5755
1951-03-20,1951,P,1.0,nba_0006,nba_0021,89,91,0.7453,0.0,0,0.5555,1.3677
1951-03-20,1951,P,1.0,nba_0006,nba_0021,89,91,0.7628,0.0,0,0.5819,1.439
1951-03-20,1951,P,1.0,nba_0016,nba_0013,110,81,0.769,1.0,1,0.0534,0.2626
1951-03-20,1951,P,1.0,nba_0016,nba_0013,110,81,0.758,1.0,1,0.0586,0.2771
1951-03-20,1951,P,1.0,nba_0001,nba_0005,69,83,0.5949,0.0,0,0.3539,0.9036
1951-03-20,1951,P,1.0,nba_0001,nba_0005,69,83,0.6159,0.0,0,0.3793,0.9568
1951-03-21,1951,P,1.0,nba_0015,nba_0019,95,81,0.8085,1.0,1,0.0367,0.2126
1951-03-21,1951,P,1.0,nba_0015,nba_0019,95,81,0.7892,1.0,1,0.0444,0.2367
1951-03-22,1951,P,1.0,nba_0013,nba_0016,83,78,0.4199,1.0,0,0.3365,0.8676
1951-03-22,1951,P,1.0,nba_0013,nba_0016,83,78,0.4337,1.0,0,0.3207,0.8353
1951-03-22,1951,P,1.0,nba_0021,nba_0006,90,78,0.5218,1.0,1,0.2287,0.6505
1951-03-22,1951,P,1.0,nba_0021,nba_0006,90,78,0.4984,1.0,0,0.2516,0.6963
1951-03-23,1951,P,1.0,nba_0019,nba_0015,108,88,0.3723,1.0,0,0.394,0.9881
1951-03-23,1951,P,1.0,nba_0019,nba_0015,108,88,0.3993,1.0,0,0.3609,0.9181
1951-03-24,1951,P,1.0,nba_0005,nba_0001,92,78,0.6804,1.0,1,0.1021,0.3851
1951-03-24,1951,P,1.0,nba_0005,nba_0001,92,78,0.6629,1.0,1,0.1136,0.4111
1951-03-24,1951,P,1.0,nba_0016,nba_0013,97,78,0.7661,1.0,1,0.0547,0.2664
1951-03-24,1951,P,1.0,nba_0016,nba_0013,97,78,0.7562,1.0,1,0.0595,0.2795
1951-03-25,1951,P,1.0,nba_0015,nba_0019,85,80,0.7858,1.0,1,0.0459,0.241
1951-03-25,1951,P,1.0,nba_0015,nba_0019,85,80,0.767,1.0,1,0.0543,0.2652
1951-03-28,1951,P,2.0,nba_0005,nba_0021,103,92,0.6059,1.0,1,0.1553,0.501
1951-03-28,1951,P,2.0,nba_0005,nba_0021,103,92,0.6168,1.0,1,0.1468,0.4832
1951-03-29,1951,P,2.0,nba_0015,nba_0016,76,73,0.6368,1.0,1,0.1319,0.4513
1951-03-29,1951,P,2.0,nba_0015,nba_0016,76,73,0.6265,1.0,1,0.1395,0.4675
1951-03-29,1951,P,2.0,nba_0021,nba_0005,102,80,0.5599,1.0,1,0.1937,0.5801
1951-03-29,1951,P,2.0,nba_0021,nba_0005,102,80,0.5495,1.0,1,0.203,0.5987
1951-03-31,1951,P,2.0,nba_0015,nba_0016,66,70,0.6727,0.0,0,0.4526,1.117
1951-03-31,1951,P,2.0,nba_0015,nba_0016,66,70,0.6635,0.0,0,0.4402,1.0892
1951-03-31,1951,P,2.0,nba_0005,nba_0021,77,75,0.6361,1.0,1,0.1324,0.4524
1951-03-31,1951,P,2.0,nba_0005,nba_0021,77,75,0.6451,1.0,1,0.126,0.4384
1951-04-01,1951,P,2.0,nba_0016,nba_0015,83,70,0.5934,1.0,1,0.1653,0.5219
1951-04-01,1951,P,2.0,nba_0016,nba_0015,83,70,0.6032,1.0,1,0.1575,0.5055
1951-04-01,1951,P,2.0,nba_0021,nba_0005,90,83,0.5871,1.0,1,0.1705,0.5326
1951-04-01,1951,P,2.0,nba_0021,nba_0005,90,83,0.578,1.0,1,0.1781,0.5482
1951-04-03,1951,P,2.0,nba_0016,nba_0015,80,75,0.6226,1.0,1,0.1424,0.4738
1951-04-03,1951,P,2.0,nba_0016,nba_0015,80,75,0.6316,1.0,1,0.1357,0.4595
1951-04-04,1951,P,2.0,nba_0005,nba_0021,83,81,0.6266,1.0,1,0.1395,0.4675
1951-04-04,1951,P,2.0,nba_0005,nba_0021,83,81,0.6349,1.0,1,0.1333,0.4543
1951-04-07,1951,P,3.0,nba_0016,nba_0005,92,65,0.7368,1.0,1,0.0693,0.3055
1951-04-07,1951,P,3.0,nba_0016,nba_0005,92,65,0.7225,1.0,1,0.077,0.325
1951-04-08,1951,P,3.0,nba_0016,nba_0005,99,84,0.7421,1.0,1,0.0665,0.2983
1951-04-08,1951,P,3.0,nba_0016,nba_0005,99,84,0.7295,1.0,1,0.0732,0.3154
1951-04-11,1951,P,3.0,nba_0005,nba_0016,71,78,0.456,0.0,1,0.2079,0.6088
1951-04-11,1951,P,3.0,nba_0005,nba_0016,71,78,0.4708,0.0,1,0.2217,0.6364
1951-04-13,1951,P,3.0,nba_0005,nba_0016,79,73,0.4286,1.0,0,0.3265,0.8473
1951-04-13,1951,P,3.0,nba_0005,nba_0016,79,73,0.4421,1.0,0,0.3113,0.8162
1951-04-15,1951,P,3.0,nba_0016,nba_0005,89,92,0.7549,0.0,0,0.5698,1.406
1951-04-15,1951,P,3.0,nba_0016,nba_0005,89,92,0.745,0.0,0,0.555,1.3664
1951-04-18,1951,P,3.0,nba_0005,nba_0016,80,73,0.4965,1.0,0,0.2535,0.7001
1951-04-18,1951,P,3.0,nba_0005,nba_0016,80,73,0.5095,1.0,1,0.2406,0.6743
1951-04-21,1951,P,3.0,nba_0016,nba_0005,79,75,0.702,1.0,1,0.0888,0.3539
1951-04-21,1951,P,3.0,nba_0016,nba_0005,79,75,0.6915,1.0,1,0.0952,0.3689
1951-11-01,1952,R,,nba_0021,nba_0013,90,75,0.6676,1.0,1,0.1105,0.4041
1951-11-01,1952,R,,nba_0021,nba_0013,90,75,0.6186,1.0,1,0.1455,0.4803
1951-11-01,1952,R,,nba_0016,nba_0012,101,97,0.7753,1.0,1,0.0505,0.2545
1951-11-01,1952,R,,nba_0016,nba_0012,101,97,0.6186,1.0,1,0.1455,0.4803
1951-11-03,1952,R,,nba_0022,nba_0005,66,68,0.4925,0.0,1,0.2426,0.6783
1951-11-03,1952,R,,nba_0022,nba_0005,66,68,0.6186,0.0,0,0.3826,0.9639
1951-11-03,1952,R,,nba_0006,nba_0013,70,69,0.7303,1.0,1,0.0727,0.3142
1951-11-03,1952,R,,nba_0006,nba_0013,70,69,0.6546,1.0,1,0.1193,0.4237
1951-11-03,1952,R,,nba_0016,nba_0015,74,93,0.6144,0.0,0,0.3775,0.9529
1951-11-03,1952,R,,nba_0016,nba_0015,74,93,0.6061,0.0,0,0.3674,0.9317
1951-11-03,1952,R,,nba_0012,nba_0019,86,90,0.5254,0.0,0,0.276,0.7452
1951-11-03,1952,R,,nba_0012,nba_0019,86,90,0.5871,0.0,0,0.3447,0.8845
1951-11-04,1952,R,,nba_0001,nba_0019,97,65,0.6517,1.0,1,0.1213,0.4281
1951-11-04,1952,R,,nba_0001,nba_0019,97,65,0.6473,1.0,1,0.1244,0.4349
1951-11-04,1952,R,,nba_0013,nba_0005,84,75,0.5225,1.0,1,0.228,0.6492
1951-11-04,1952,R,,nba_0013,nba_0005,84,75,0.5834,1.0,1,0.1736,0.5389
1951-11-04,1952,R,,nba_0021,nba_0015,98,67,0.5831,1.0,1,0.1738,0.5394
1951-11-04,1952,R,,nba_0021,nba_0015,98,67,0.65,1.0,1,0.1225,0.4308
1951-11-05,1952,R,,nba_0012,nba_0006,96,90,0.4521,1.0,0,0.3002,0.7938
1951-11-05,1952,R,,nba_0012,nba_0006,96,90,0.588,1.0,1,0.1697,0.531
1951-11-06,1952,R,,nba_0019,nba_0005,73,83,0.5617,0.0,0,0.3155,0.8248
1951-11-06,1952,R,,nba_0019,nba_0005,73,83,0.6129,0.0,0,0.3756,0.949
1951-11-06,1952,R,,nba_0022,nba_0013,65,62,0.5777,1.0,1,0.1784,0.5488
1951-11-06,1952,R,,nba_0022,nba_0013,65,62,0.6358,1.0,1,0.1326,0.4529
1951-11-09,1952,R,,nba_0019,nba_0013,92,77,0.6175,1.0,1,0.1463,0.4821
1951-11-09,1952,R,,nba_0019,nba_0013,92,77,0.6088,1.0,1,0.1531,0.4963
1951-11-09,1952,R,,nba_0006,nba_0015,98,86,0.5536,1.0,1,0.1992,0.5913
1951-11-09,1952,R,,nba_0006,nba_0015,98,86,0.5847,1.0,1,0.1725,0.5367
1951-11-10,1952,R,,nba_0016,nba_0019,100,89,0.7513,1.0,1,0.0619,0.286
1951-11-10,1952,R,,nba_0016,nba_0019,100,89,0.6547,1.0,1,0.1192,0.4235
1951-11-10,1952,R,,nba_0005,nba_0015,73,89,0.637,0.0,0,0.4058,1.0134
1951-11-10,1952,R,,nba_0005,nba_0015,73,89,0.6869,0.0,0,0.4719,1.1614
1951-11-10,1952,R,,nba_0012,nba_0021,91,82,0.4499,1.0,0,0.3026,0.7986
1951-11-10,1952,R,,nba_0012,nba_0021,91,82,0.5479,1.0,1,0.2044,0.6017
1951-11-10,1952,R,,nba_0001,nba_0006,83,69,0.6039,1.0,1,0.1569,0.5044
1951-11-10,1952,R,,nba_0001,nba_0006,83,69,0.6703,1.0,1,0.1087,0.4
1951-11-11,1952,R,,nba_0001,nba_0015,77,72,0.5368,1.0,1,0.2146,0.6221
1951-11-11,1952,R,,nba_0001,nba_0015,77,72,0.6314,1.0,1,0.1359,0.4599
1951-11-11,1952,R,,nba_0013,nba_0022,74,59,0.6054,1.0,1,0.1557,0.5019
1951-11-11,1952,R,,nba_0013,nba_0022,74,59,0.5475,1.0,1,0.2048,0.6024
1951-11-11,1952,R,,nba_0016,nba_0005,80,78,0.6766,1.0,1,0.1046,0.3907
1951-11-11,1952,R,,nba_0016,nba_0005,80,78,0.6203,1.0,1,0.1442,0.4776
1951-11-11,1952,R,,nba_0021,nba_0019,93,79,0.6903,1.0,1,0.0959,0.3706
1951-11-11,1952,R,,nba_0021,nba_0019,93,79,0.6605,1.0,1,0.1152,0.4147
1951-11-12,1952,R,,nba_0012,nba_0015,80,90,0.4787,0.0,1,0.2292,0.6515
1951-11-12,1952,R,,nba_0012,nba_0015,80,90,0.6315,0.0,0,0.3987,0.9982
1951-11-13,1952,R,,nba_0022,nba_0016,75,91,0.418,0.0,1,0.1747,0.5413
1951-11-13,1952,R,,nba_0022,nba_0016,75,91,0.5926,0.0,0,0.3512,0.898
1951-11-13,1952,R,,nba_0006,nba_0005,82,85,0.6703,0.0,0,0.4493,1.1097
1951-11-13,1952,R,,nba_0006,nba_0005,82,85,0.6523,0.0,0,0.4255,1.0563
1951-11-13,1952,R,,nba_0019,nba_0015,71,77,0.4862,0.0,1,0.2364,0.6659
1951-11-13,1952,R,,nba_0019,nba_0015,71,77,0.5738,0.0,0,0.3292,0.8528
1951-11-14,1952,R,,nba_0001,nba_0013,98,91,0.6881,1.0,1,0.0973,0.3738
1951-11-14,1952,R,,nba_0001,nba_0013,98,91,0.6727,1.0,1,0.1071,0.3965
1951-11-15,1952,R,,nba_0021,nba_0001,97,95,0.672,1.0,1,0.1076,0.3975
1951-11-15,1952,R,,nba_0021,nba_0001,97,95,0.6447,1.0,1,0.1263,0.439
1951-11-16,1952,R,,nba_0019,nba_0022,68,78,0.6748,0.0,0,0.4554,1.1235
1951-11-16,1952,R,,nba_0019,nba_0022,68,78,0.6154,0.0,0,0.3787,0.9555
1951-11-16,1952,R,,nba_0006,nba_0021,90,97,0.6382,0.0,0,0.4074,1.0168
1951-11-16,1952,R,,nba_0006,nba_0021,90,97,0.6045,0.0,0,0.3654,0.9276
1951-11-17,1952,R,,nba_0016,nba_0006,86,72,0.7401,1.0,1,0.0675,0.3009
1951-11-17,1952,R,,nba_0016,nba_0006,86,72,0.7153,1.0,1,0.0811,0.3351
1951-11-17,1952,R,,nba_0005,nba_0021,72,79,0.6184,0.0,0,0.3824,0.9634
1951-11-17,1952,R,,nba_0005,nba_0021,72,79,0.6043,0.0,0,0.3652,0.9272
1951-11-17,1952,R,,nba_0015,nba_0013,68,64,0.7803,1.0,1,0.0483,0.2481
1951-11-17,1952,R,,nba_0015,nba_0013,68,64,0.7033,1.0,1,0.088,0.3519
1951-11-17,1952,R,,nba_0012,nba_0001,75,88,0.5452,0.0,0,0.2972,0.7878
1951-11-17,1952,R,,nba_0012,nba_0001,75,88,0.5998,0.0,0,0.3597,0.9157
1951-11-17,1952,R,,nba_0019,nba_0022,68,58,0.6339,1.0,1,0.134,0.4558
1951-11-17,1952,R,,nba_0019,nba_0022,68,58,0.5743,1.0,1,0.1812,0.5546
1951-11-18,1952,R,,nba_0001,nba_0005,92,93,0.6541,0.0,0,0.4278,1.0616
1951-11-18,1952,R,,nba_0001,nba_0005,92,93,0.6958,0.0,0,0.4841,1.19
1951-11-18,1952,R,,nba_0013,nba_0016,71,76,0.4432,0.0,1,0.1965,0.5856
1951-11-18,1952,R,,nba_0013,nba_0016,71,76,0.5522,0.0,0,0.3049,0.8033
1951-11-18,1952,R,,nba_0021,nba_0012,71,68,0.7868,1.0,1,0.0455,0.2398
1951-11-18,1952,R,,nba_0021,nba_0012,71,68,0.7248,1.0,1,0.0758,0.3219
1951-11-19,1952,R,,nba_0012,nba_0022,71,70,0.5987,1.0,1,0.161,0.5129
1951-11-19,1952,R,,nba_0012,nba_0022,71,70,0.5904,1.0,1,0.1678,0.527
1951-11-20,1952,R,,nba_0012,nba_0005,86,88,0.4658,0.0,1,0.217,0.627
1951-11-20,1952,R,,nba_0012,nba_0005,86,88,0.5616,0.0,0,0.3154,0.8247
1951-11-20,1952,R,,nba_0019,nba_0016,69,65,0.4405,1.0,0,0.313,0.8198
1951-11-20,1952,R,,nba_0019,nba_0016,69,65,0.5325,1.0,1,0.2186,0.6302
1951-11-20,1952,R,,nba_0006,nba_0022,80,64,0.7656,1.0,1,0.055,0.2671
1951-11-20,1952,R,,nba_0006,nba_0022,80,64,0.6645,1.0,1,0.1126,0.4087
1951-11-22,1952,R,,nba_0001,nba_0022,103,72,0.7953,1.0,1,0.0419,0.2291
1951-11-22,1952,R,,nba_0001,nba_0022,103,72,0.7586,1.0,1,0.0583,0.2762
1951-11-22,1952,R,,nba_0013,nba_0021,72,96,0.4519,0.0,1,0.2042,0.6013
1951-11-22,1952,R,,nba_0013,nba_0021,72,96,0.4936,0.0,1,0.2436,0.6804
1951-11-22,1952,R,,nba_0015,nba_0016,70,65,0.6662,1.0,1,0.1114,0.4062
1951-11-22,1952,R,,nba_0015,nba_0016,70,65,0.673,1.0,1,0.1069,0.396
1951-11-22,1952,R,,nba_0005,nba_0006,102,88,0.6387,1.0,1,0.1305,0.4483
1951-11-22,1952,R,,nba_0005,nba_0006,102,88,0.6553,1.0,1,0.1188,0.4227
1951-11-23,1952,R,,nba_0019,nba_0021,82,68,0.482,1.0,0,0.2683,0.7298
1951-11-23,1952,R,,nba_0019,nba_0021,82,68,0.5091,1.0,1,0.2409,0.675
1951-11-23,1952,R,,nba_0006,nba_0001,100,102,0.5704,0.0,0,0.3253,0.8449
1951-11-23,1952,R,,nba_0006,nba_0001,100,102,0.5072,0.0,0,0.2572,0.7076
1951-11-24,1952,R,,nba_0016,nba_0013,74,63,0.7824,1.0,1,0.0474,0.2455
1951-11-24,1952,R,,nba_0016,nba_0013,74,63,0.7075,1.0,1,0.0855,0.346
1951-11-24,1952,R,,nba_0022,nba_0015,59,72,0.3499,0.0,1,0.1225,0.4307
1951-11-24,1952,R,,nba_0022,nba_0015,59,72,0.48,0.0,1,0.2304,0.6539
1951-11-24,1952,R,,nba_0005,nba_0001,68,70,0.6299,0.0,0,0.3967,0.9939
1951-11-24,1952,R,,nba_0005,nba_0001,68,70,0.5864,0.0,0,0.3439,0.8829
1951-11-24,1952,R,,nba_0012,nba_0006,81,74,0.5623,1.0,1,0.1916,0.5758
1951-11-24,1952,R,,nba_0012,nba_0006,81,74,0.6632,1.0,1,0.1134,0.4107
1951-11-25,1952,R,,nba_0001,nba_0006,103,85,0.7057,1.0,1,0.0866,0.3485
1951-11-25,1952,R,,nba_0001,nba_0006,103,85,0.7508,1.0,1,0.0621,0.2866
1951-11-25,1952,R,,nba_0013,nba_0012,83,66,0.6247,1.0,1,0.1408,0.4704
1951-11-25,1952,R,,nba_0013,nba_0012,83,66,0.5865,1.0,1,0.171,0.5336
1951-11-25,1952,R,,nba_0022,nba_0016,75,73,0.3531,1.0,0,0.4185,1.0411
1951-11-25,1952,R,,nba_0022,nba_0016,75,73,0.4824,1.0,0,0.2679,0.729
1951-11-25,1952,R,,nba_0015,nba_0019,82,73,0.7581,1.0,1,0.0585,0.2769
1951-11-25,1952,R,,nba_0015,nba_0019,82,73,0.6983,1.0,1,0.091,0.3591
1951-11-25,1952,R,,nba_0021,nba_0005,100,73,0.6993,1.0,1,0.0904,0.3577
1951-11-25,1952,R,,nba_0021,nba_0005,100,73,0.7117,1.0,1,0.0831,0.3401
1951-11-27,1952,R,,nba_0006,nba_0005,83,81,0.5642,1.0,1,0.1899,0.5723
1951-11-27,1952,R,,nba_0006,nba_0005,83,81,0.5519,1.0,1,0.2008,0.5944
1951-11-27,1952,R,,nba_0016,nba_0022,77,73,0.8139,1.0,1,0.0346,0.2059
1951-11-27,1952,R,,nba_0016,nba_0022,77,73,0.722,1.0,1,0.0773,0.3257
1951-11-28,1952,R,,nba_0015,nba_0001,90,76,0.6765,1.0,1,0.1047,0.3909
1951-11-28,1952,R,,nba_0015,nba_0001,90,76,0.6088,1.0,1,0.153,0.4963
1951-11-29,1952,R,,nba_0012,nba_0022,77,64,0.6862,1.0,1,0.0985,0.3766
1951-11-29,1952,R,,nba_0012,nba_0022,77,64,0.6882,1.0,1,0.0972,0.3737
1951-11-29,1952,R,,nba_0005,nba_0016,74,78,0.5239,0.0,0,0.2744,0.742
1951-11-29,1952,R,,nba_0005,nba_0016,74,78,0.5649,0.0,0,0.3191,0.8321
1951-11-29,1952,R,,nba_0021,nba_0013,82,78,0.7825,1.0,1,0.0473,0.2453
1951-11-29,1952,R,,nba_0021,nba_0013,82,78,0.7574,1.0,1,0.0588,0.2778
1951-11-30,1952,R,,nba_0019,nba_0001,92,87,0.5406,1.0,1,0.2111,0.6151
1951-11-30,1952,R,,nba_0019,nba_0001,92,87,0.5413,1.0,1,0.2104,0.6139
1951-11-30,1952,R,,nba_0006,nba_0021,82,75,0.5165,1.0,1,0.2337,0.6606
1951-11-30,1952,R,,nba_0006,nba_0021,82,75,0.4901,1.0,0,0.26,0.7131
1951-12-01,1952,R,,nba_0015,nba_0013,89,69,0.8273,1.0,1,0.0298,0.1896
1951-12-01,1952,R,,nba_0015,nba_0013,89,69,0.7775,1.0,1,0.0495,0.2516
1951-12-01,1952,R,,nba_0012,nba_0005,84,82,0.5146,1.0,1,0.2357,0.6644
1951-12-01,1952,R,,nba_0012,nba_0005,84,82,0.6007,1.0,1,0.1594,0.5097
1951-12-01,1952,R,,nba_0016,nba_0022,71,66,0.8328,1.0,1,0.028,0.183
1951-12-01,1952,R,,nba_0016,nba_0022,71,66,0.7518,1.0,1,0.0616,0.2852
1951-12-02,1952,R,,nba_0001,nba_0012,103,82,0.7716,1.0,1,0.0522,0.2593
1951-12-02,1952,R,,nba_0001,nba_0012,103,82,0.7363,1.0,1,0.0695,0.3061
1951-12-02,1952,R,,nba_0013,nba_0015,63,61,0.3627,1.0,0,0.4061,1.0141
1951-12-02,1952,R,,nba_0013,nba_0015,63,61,0.4336,1.0,0,0.3208,0.8357
1951-12-02,1952,R,,nba_0022,nba_0019,71,80,0.4749,0.0,1,0.2255,0.6442
1951-12-02,1952,R,,nba_0022,nba_0019,71,80,0.5188,0.0,0,0.2692,0.7315
1951-12-02,1952,R,,nba_0005,nba_0006,86,72,0.5991,1.0,1,0.1607,0.5123
1951-12-02,1952,R,,nba_0005,nba_0006,86,72,0.6102,1.0,1,0.1519,0.4939
1951-12-02,1952,R,,nba_0021,nba_0016,79,81,0.6268,0.0,0,0.3929,0.9857
1951-12-02,1952,R,,nba_0021,nba_0016,79,81,0.6737,0.0,0,0.4539,1.12
1951-12-03,1952,R,,nba_0012,nba_0016,70,77,0.378,0.0,1,0.1429,0.4748
1951-12-03,1952,R,,nba_0012,nba_0016,70,77,0.4955,0.0,1,0.2456,0.6843
1951-12-04,1952,R,,nba_0019,nba_0021,83,77,0.4979,1.0,0,0.2521,0.6974
1951-12-04,1952,R,,nba_0019,nba_0021,83,77,0.5246,1.0,1,0.226,0.6451
1951-12-04,1952,R,,nba_0006,nba_0016,96,80,0.467,1.0,0,0.2841,0.7614
1951-12-04,1952,R,,nba_0006,nba_0016,96,80,0.4891,1.0,0,0.2611,0.7153
1951-12-05,1952,R,,nba_0015,nba_0021,81,83,0.7237,0.0,0,0.5237,1.2861
1951-12-05,1952,R,,nba_0015,nba_0021,81,83,0.69,0.0,0,0.4761,1.1712
1951-12-05,1952,R,,nba_0001,nba_0013,88,91,0.7496,0.0,0,0.5618,1.3845
1951-12-05,1952,R,,nba_0001,nba_0013,88,91,0.7451,0.0,0,0.5551,1.3668
1951-12-06,1952,R,,nba_0022,nba_0021,73,70,0.3935,1.0,0,0.3678,0.9327
1951-12-06,1952,R,,nba_0022,nba_0021,73,70,0.459,1.0,0,0.2927,0.7787
1951-12-07,1952,R,,nba_0019,nba_0012,88,80,0.692,1.0,1,0.0949,0.3682
1951-12-07,1952,R,,nba_0019,nba_0012,88,80,0.6568,1.0,1,0.1178,0.4203
1951-12-07,1952,R,,nba_0006,nba_0005,93,91,0.5607,1.0,1,0.193,0.5785
1951-12-07,1952,R,,nba_0006,nba_0005,93,91,0.5497,1.0,1,0.2028,0.5984
1951-12-08,1952,R,,nba_0012,nba_0015,64,85,0.3138,0.0,1,0.0985,0.3766
1951-12-08,1952,R,,nba_0012,nba_0015,64,85,0.4102,0.0,1,0.1683,0.528
1951-12-08,1952,R,,nba_0022,nba_0013,82,71,0.4965,1.0,0,0.2535,0.7001
1951-12-08,1952,R,,nba_0022,nba_0013,82,71,0.5307,1.0,1,0.2202,0.6335
1951-12-08,1952,R,,nba_0016,nba_0021,75,95,0.6982,0.0,0,0.4875,1.198
1951-12-08,1952,R,,nba_0016,nba_0021,75,95,0.6576,0.0,0,0.4324,1.0716
1951-12-09,1952,R,,nba_0013,nba_0016,86,84,0.4433,1.0,0,0.3099,0.8134
1951-12-09,1952,R,,nba_0013,nba_0016,86,84,0.5203,1.0,1,0.2301,0.6533
1951-12-09,1952,R,,nba_0021,nba_0006,93,74,0.7017,1.0,1,0.089,0.3542
1951-12-09,1952,R,,nba_0021,nba_0006,93,74,0.7217,1.0,1,0.0774,0.3261
1951-12-09,1952,R,,nba_0015,nba_0019,78,85,0.7377,0.0,0,0.5442,1.3383
1951-12-09,1952,R,,nba_0015,nba_0019,78,85,0.6866,0.0,0,0.4714,1.1603
1951-12-09,1952,R,,nba_0022,nba_0012,71,73,0.6091,0.0,0,0.371,0.9392
1951-12-09,1952,R,,nba_0022,nba_0012,71,73,0.6141,0.0,0,0.3772,0.9522
1951-12-09,1952,R,,nba_0001,nba_0005,103,94,0.7136,1.0,1,0.082,0.3374
1951-12-09,1952,R,,nba_0001,nba_0005,103,94,0.7451,1.0,1,0.065,0.2943
1951-12-11,1952,R,,nba_0013,nba_0021,62,80,0.4225,0.0,1,0.1785,0.549
1951-12-11,1952,R,,nba_0013,nba_0021,62,80,0.4548,0.0,1,0.2068,0.6066
1951-12-11,1952,R,,nba_0019,nba_0015,85,69,0.5001,1.0,1,0.2499,0.693
1951-12-11,1952,R,,nba_0019,nba_0015,85,69,0.5607,1.0,1,0.193,0.5785
1951-12-11,1952,R,,nba_0005,nba_0022,88,83,0.746,1.0,1,0.0645,0.2931
1951-12-11,1952,R,,nba_0005,nba_0022,88,83,0.6827,1.0,1,0.1007,0.3817
1951-12-11,1952,R,,nba_0006,nba_0001,79,78,0.5428,1.0,1,0.209,0.611
1951-12-11,1952,R,,nba_0006,nba_0001,79,78,0.4944,1.0,0,0.2556,0.7044
1951-12-12,1952,R,,nba_0001,nba_0022,89,84,0.7998,1.0,1,0.0401,0.2234
1951-12-12,1952,R,,nba_0001,nba_0022,89,84,0.7736,1.0,1,0.0513,0.2567
1951-12-12,1952,R,,nba_0015,nba_0012,99,79,0.7815,1.0,1,0.0477,0.2465
1951-12-12,1952,R,,nba_0015,nba_0012,99,79,0.7117,1.0,1,0.0831,0.3401
1951-12-13,1952,R,,nba_0021,nba_0022,89,82,0.8638,1.0,1,0.0186,0.1464
1951-12-13,1952,R,,nba_0021,nba_0022,89,82,0.8318,1.0,1,0.0283,0.1842
1951-12-14,1952,R,,nba_0019,nba_0005,83,79,0.6581,1.0,1,0.1169,0.4184
1951-12-14,1952,R,,nba_0019,nba_0005,83,79,0.6893,1.0,1,0.0965,0.3721
1951-12-14,1952,R,,nba_0006,nba_0013,72,62,0.6933,1.0,1,0.0941,0.3663
1951-12-14,1952,R,,nba_0006,nba_0013,72,62,0.6465,1.0,1,0.125,0.4362
1951-12-15,1952,R,,nba_0012,nba_0013,90,80,0.6259,1.0,1,0.1399,0.4685
1951-12-15,1952,R,,nba_0012,nba_0013,90,80,0.6522,1.0,1,0.1209,0.4274
1951-12-15,1952,R,,nba_0016,nba_0019,75,66,0.6978,1.0,1,0.0913,0.3598
1951-12-15,1952,R,,nba_0016,nba_0019,75,66,0.6382,1.0,1,0.1309,0.4491
1951-12-16,1952,R,,nba_0021,nba_0019,92,96,0.7549,0.0,0,0.5698,1.406
1951-12-16,1952,R,,nba_0021,nba_0019,92,96,0.7393,0.0,0,0.5465,1.3443
1951-12-16,1952,R,,nba_0016,nba_0012,99,95,0.795,1.0,1,0.042,0.2294
1951-12-16,1952,R,,nba_0016,nba_0012,99,95,0.7242,1.0,1,0.076,0.3226
1951-12-16,1952,R,,nba_0015,nba_0022,99,52,0.8564,1.0,1,0.0206,0.155
1951-12-16,1952,R,,nba_0015,nba_0022,99,52,0.8057,1.0,1,0.0378,0.216
1951-12-16,1952,R,,nba_0001,nba_0006,92,90,0.7091,1.0,1,0.0846,0.3437
1951-12-16,1952,R,,nba_0001,nba_0006,92,90,0.7456,1.0,1,0.0647,0.2935
1951-12-16,1952,R,,nba_0013,nba_0005,71,80,0.5046,0.0,0,0.2547,0.7025
1951-12-16,1952,R,,nba_0013,nba_0005,71,80,0.5433,0.0,0,0.2952,0.7837
1951-12-17,1952,R,,nba_0012,nba_0001,92,80,0.4271,1.0,0,0.3282,0.8508
1951-12-17,1952,R,,nba_0012,nba_0001,92,80,0.4567,1.0,0,0.2951,0.7837
1951-12-18,1952,R,,nba_0012,nba_0006,78,82,0.4886,0.0,1,0.2388,0.6707
1951-12-18,1952,R,,nba_0012,nba_0006,78,82,0.5622,0.0,0,0.316,0.8259
1951-12-18,1952,R,,nba_0022,nba_0016,68,94,0.3419,0.0,1,0.1169,0.4184
1951-12-18,1952,R,,nba_0022,nba_0016,68,94,0.4343,0.0,1,0.1886,0.5697
1951-12-18,1952,R,,nba_0005,nba_0015,69,67,0.4856,1.0,0,0.2647,0.7225
1951-12-18,1952,R,,nba_0005,nba_0015,69,67,0.5029,1.0,1,0.2471,0.6873
1951-12-19,1952,R,,nba_0001,nba_0021,103,97,0.5154,1.0,1,0.2348,0.6627
1951-12-19,1952,R,,nba_0001,nba_0021,103,97,0.5388,1.0,1,0.2127,0.6185
1951-12-20,1952,R,,nba_0013,nba_0016,54,69,0.4283,0.0,1,0.1834,0.5592
1951-12-20,1952,R,,nba_0013,nba_0016,54,69,0.4897,0.0,1,0.2398,0.6727
1951-12-21,1952,R,,nba_0006,nba_0015,105,103,0.5078,1.0,1,0.2422,0.6776
1951-12-21,1952,R,,nba_0006,nba_0015,105,103,0.5152,1.0,1,0.2351,0.6633
1951-12-21,1952,R,,nba_0019,nba_0022,69,64,0.842,1.0,1,0.025,0.172
1951-12-21,1952,R,,nba_0019,nba_0022,69,64,0.8247,1.0,1,0.0307,0.1928
1951-12-21,1952,R,,nba_0012,nba_0001,89,106,0.4627,0.0,1,0.2141,0.6212
1951-12-21,1952,R,,nba_0012,nba_0001,89,106,0.4895,0.0,1,0.2396,0.6724
1951-12-22,1952,R,,nba_0012,nba_0015,90,96,0.3704,0.0,1,0.1372,0.4627
1951-12-22,1952,R,,nba_0012,nba_0015,90,96,0.443,0.0,1,0.1963,0.5852
1951-12-22,1952,R,,nba_0005,nba_0021,92,73,0.5353,1.0,1,0.2159,0.6249
1951-12-22,1952,R,,nba_0005,nba_0021,92,73,0.5249,1.0,1,0.2257,0.6446
1951-12-22,1952,R,,nba_0016,nba_0006,105,89,0.7335,1.0,1,0.071,0.3099
1951-12-22,1952,R,,nba_0016,nba_0006,105,89,0.7227,1.0,1,0.0769,0.3248
1951-12-23,1952,R,,nba_0001,nba_0019,91,88,0.6408,1.0,1,0.129,0.445
1951-12-23,1952,R,,nba_0001,nba_0019,91,88,0.644,1.0,1,0.1267,0.44
1951-12-23,1952,R,,nba_0013,nba_0015,81,79,0.4049,1.0,0,0.3541,0.9041
1951-12-23,1952,R,,nba_0013,nba_0015,81,79,0.4519,1.0,0,0.3004,0.7942
1951-12-23,1952,R,,nba_0021,nba_0005,72,75,0.6822,0.0,0,0.4654,1.1463
1951-12-23,1952,R,,nba_0021,nba_0005,72,75,0.6907,0.0,0,0.477,1.1733
1951-12-25,1952,R,,nba_0016,nba_0019,87,78,0.7199,1.0,1,0.0785,0.3286
1951-12-25,1952,R,,nba_0016,nba_0019,87,78,0.6747,1.0,1,0.1058,0.3935
1951-12-25,1952,R,,nba_0015,nba_0001,100,93,0.6438,1.0,1,0.1269,0.4404
1951-12-25,1952,R,,nba_0015,nba_0001,100,93,0.5983,1.0,1,0.1613,0.5136
1951-12-25,1952,R,,nba_0022,nba_0021,65,70,0.3816,0.0,1,0.1456,0.4806
1951-12-25,1952,R,,nba_0022,nba_0021,65,70,0.4308,0.0,1,0.1856,0.5635
1951-12-25,1952,R,,nba_0005,nba_0013,72,65,0.7635,1.0,1,0.0559,0.2699
1951-12-25,1952,R,,nba_0005,nba_0013,72,65,0.7394,1.0,1,0.0679,0.3019
1951-12-26,1952,R,,nba_0012,nba_0006,103,99,0.4652,1.0,0,0.286,0.7653
1951-12-26,1952,R,,nba_0012,nba_0006,103,99,0.5319,1.0,1,0.2191,0.6314
1951-12-26,1952,R,,nba_0013,nba_0001,94,86,0.4113,1.0,0,0.3465,0.8884
1951-12-26,1952,R,,nba_0013,nba_0001,94,86,0.4104,1.0,0,0.3476,0.8906
1951-12-26,1952,R,,nba_0022,nba_0005,78,76,0.3625,1.0,0,0.4064,1.0147
1951-12-26,1952,R,,nba_0022,nba_0005,78,76,0.4182,1.0,0,0.3384,0.8717
1951-12-27,1952,R,,nba_0016,nba_0005,98,85,0.734,1.0,1,0.0708,0.3093
1951-12-27,1952,R,,nba_0016,nba_0005,98,85,0.7157,1.0,1,0.0808,0.3345
1951-12-27,1952,R,,nba_0021,nba_0022,68,69,0.8517,0.0,0,0.7253,1.9083
1951-12-27,1952,R,,nba_0021,nba_0022,68,69,0.8259,0.0,0,0.6821,1.7482
1951-12-29,1952,R,,nba_0022,nba_0006,61,68,0.4125,0.0,1,0.1702,0.5319
1951-12-29,1952,R,,nba_0022,nba_0006,61,68,0.4797,0.0,1,0.2301,0.6534
1951-12-29,1952,R,,nba_0016,nba_0013,75,61,0.817,1.0,1,0.0335,0.2021
1951-12-29,1952,R,,nba_0016,nba_0013,75,61,0.7836,1.0,1,0.0468,0.2438
1951-12-29,1952,R,,nba_0012,nba_0019,75,65,0.4244,1.0,0,0.3313,0.857
1951-12-29,1952,R,,nba_0012,nba_0019,75,65,0.4505,1.0,0,0.302,0.7974
1951-12-30,1952,R,,nba_0001,nba_0005,100,90,0.6679,1.0,1,0.1103,0.4036
1951-12-30,1952,R,,nba_0001,nba_0005,100,90,0.6954,1.0,1,0.0928,0.3632
1951-12-30,1952,R,,nba_0013,nba_0022,77,60,0.6845,1.0,1,0.0996,0.3791
1951-12-30,1952,R,,nba_0013,nba_0022,77,60,0.6614,1.0,1,0.1146,0.4134
1951-12-30,1952,R,,nba_0015,nba_0006,93,64,0.754,1.0,1,0.0605,0.2824
1951-12-30,1952,R,,nba_0015,nba_0006,93,64,0.7495,1.0,1,0.0627,0.2883
1951-12-30,1952,R,,nba_0021,nba_0012,108,91,0.8104,1.0,1,0.0359,0.2102
1951-12-30,1952,R,,nba_0021,nba_0012,108,91,0.7822,1.0,1,0.0475,0.2457
1951-12-31,1952,R,,nba_0012,nba_0013,86,95,0.6068,0.0,0,0.3682,0.9335
1951-12-31,1952,R,,nba_0012,nba_0013,86,95,0.6278,0.0,0,0.3941,0.9882
1951-12-31,1952,R,,nba_0019,nba_0016,77,73,0.4795,1.0,0,0.2709,0.735
1951-12-31,1952,R,,nba_0019,nba_0016,77,73,0.5283,1.0,1,0.2225,0.6382
1951-12-31,1952,R,,nba_0005,nba_0001,87,86,0.5682,1.0,1,0.1864,0.5652
1951-12-31,1952,R,,nba_0005,nba_0001,87,86,0.539,1.0,1,0.2125,0.618
1952-01-01,1952,R,,nba_0022,nba_0005,65,68,0.4094,0.0,1,0.1676,0.5267
1952-01-01,1952,R,,nba_0022,nba_0005,65,68,0.4617,0.0,1,0.2131,0.6193
1952-01-01,1952,R,,nba_0013,nba_0006,89,74,0.5067,1.0,1,0.2434,0.6799
1952-01-01,1952,R,,nba_0013,nba_0006,89,74,0.5461,1.0,1,0.206,0.6049
1952-01-01,1952,R,,nba_0016,nba_0001,106,91,0.6977,1.0,1,0.0914,0.36
1952-01-01,1952,R,,nba_0016,nba_0001,106,91,0.6542,1.0,1,0.1196,0.4243
1952-01-01,1952,R,,nba_0015,nba_0021,82,80,0.6646,1.0,1,0.1125,0.4086
1952-01-01,1952,R,,nba_0015,nba_0021,82,80,0.6416,1.0,1,0.1284,0.4438
1952-01-02,1952,R,,nba_0022,nba_0005,67,89,0.3722,0.0,1,0.1385,0.4655
1952-01-02,1952,R,,nba_0022,nba_0005,67,89,0.4206,0.0,1,0.1769,0.5458
1952-01-03,1952,R,,nba_0021,nba_0001,107,81,0.6433,1.0,1,0.1272,0.4411
1952-01-03,1952,R,,nba_0021,nba_0001,107,81,0.6273,1.0,1,0.1389,0.4663
1952-01-04,1952,R,,nba_0013,nba_0015,64,79,0.4044,0.0,1,0.1635,0.5181
1952-01-04,1952,R,,nba_0013,nba_0015,64,79,0.4468,0.0,1,0.1996,0.592
1952-01-04,1952,R,,nba_0019,nba_0005,83,73,0.6474,1.0,1,0.1243,0.4348
1952-01-04,1952,R,,nba_0019,nba_0005,83,73,0.6678,1.0,1,0.1103,0.4037
1952-01-04,1952,R,,nba_0006,nba_0012,92,79,0.7076,1.0,1,0.0855,0.3458
1952-01-04,1952,R,,nba_0006,nba_0012,92,79,0.6563,1.0,1,0.1182,0.4212
1952-01-05,1952,R,,nba_0012,nba_0001,73,94,0.4108,0.0,1,0.1687,0.5289
1952-01-05,1952,R,,nba_0012,nba_0001,73,94,0.4328,0.0,1,0.1874,0.5671
1952-01-05,1952,R,,nba_0019,nba_0015,65,86,0.5095,0.0,0,0.2596,0.7124
1952-01-05,1952,R,,nba_0019,nba_0015,65,86,0.5479,0.0,0,0.3002,0.7938
1952-01-05,1952,R,,nba_0016,nba_0006,103,94,0.796,1.0,1,0.0416,0.2282
1952-01-05,1952,R,,nba_0016,nba_0006,103,94,0.7878,1.0,1,0.045,0.2385
1952-01-06,1952,R,,nba_0001,nba_0016,91,80,0.5036,1.0,1,0.2464,0.686
1952-01-06,1952,R,,nba_0001,nba_0016,91,80,0.549,1.0,1,0.2034,0.5996
1952-01-06,1952,R,,nba_0013,nba_0019,79,75,0.5315,1.0,1,0.2195,0.6321
1952-01-06,1952,R,,nba_0013,nba_0019,79,75,0.5349,1.0,1,0.2164,0.6257
1952-01-06,1952,R,,nba_0015,nba_0005,107,92,0.7221,1.0,1,0.0772,0.3256
1952-01-06,1952,R,,nba_0015,nba_0005,107,92,0.71,1.0,1,0.0841,0.3425
1952-01-06,1952,R,,nba_0021,nba_0006,98,93,0.7539,1.0,1,0.0606,0.2826
1952-01-06,1952,R,,nba_0021,nba_0006,98,93,0.7665,1.0,1,0.0545,0.2659
1952-01-08,1952,R,,nba_0019,nba_0015,82,75,0.4456,1.0,0,0.3073,0.8082
1952-01-08,1952,R,,nba_0019,nba_0015,82,75,0.4792,1.0,0,0.2712,0.7356
1952-01-08,1952,R,,nba_0022,nba_0001,76,83,0.3699,0.0,1,0.1369,0.4619
1952-01-08,1952,R,,nba_0022,nba_0001,76,83,0.3921,0.0,1,0.1538,0.4978
1952-01-08,1952,R,,nba_0005,nba_0016,107,74,0.4954,1.0,0,0.2547,0.7025
1952-01-08,1952,R,,nba_0005,nba_0016,107,74,0.5166,1.0,1,0.2337,0.6605
1952-01-09,1952,R,,nba_0015,nba_0019,91,74,0.7448,1.0,1,0.0652,0.2947
1952-01-09,1952,R,,nba_0015,nba_0019,91,74,0.7192,1.0,1,0.0788,0.3296
1952-01-10,1952,R,,nba_0013,nba_0001,85,94,0.5123,0.0,0,0.2624,0.718
1952-01-10,1952,R,,nba_0013,nba_0001,85,94,0.5127,0.0,0,0.2628,0.7188
1952-01-10,1952,R,,nba_0021,nba_0005,110,96,0.7031,1.0,1,0.0882,0.3523
1952-01-10,1952,R,,nba_0021,nba_0005,110,96,0.7091,1.0,1,0.0846,0.3437
1952-01-11,1952,R,,nba_0019,nba_0001,100,79,0.5703,1.0,1,0.1847,0.5617
1952-01-11,1952,R,,nba_0019,nba_0001,100,79,0.5657,1.0,1,0.1887,0.5698
1952-01-11,1952,R,,nba_0022,nba_0015,63,75,0.245,0.0,1,0.06,0.281
1952-01-11,1952,R,,nba_0022,nba_0015,63,75,0.2897,0.0,1,0.0839,0.342
1952-01-11,1952,R,,nba_0006,nba_0016,85,83,0.5184,1.0,1,0.2319,0.657
1952-01-11,1952,R,,nba_0006,nba_0016,85,83,0.5286,1.0,1,0.2222,0.6375
1952-01-12,1952,R,,nba_0012,nba_0021,88,92,0.3855,0.0,1,0.1486,0.487
1952-01-12,1952,R,,nba_0012,nba_0021,88,92,0.4216,0.0,1,0.1777,0.5474
1952-01-12,1952,R,,nba_0022,nba_0015,84,96,0.2188,0.0,1,0.0479,0.247
1952-01-12,1952,R,,nba_0022,nba_0015,84,96,0.2581,0.0,1,0.0666,0.2986
1952-01-12,1952,R,,nba_0005,nba_0019,86,77,0.6467,1.0,1,0.1248,0.4358
1952-01-12,1952,R,,nba_0005,nba_0019,86,77,0.6293,1.0,1,0.1374,0.4631
1952-01-12,1952,R,,nba_0016,nba_0013,76,88,0.7744,0.0,0,0.5997,1.4891
1952-01-12,1952,R,,nba_0016,nba_0013,76,88,0.7426,0.0,0,0.5515,1.3572
1952-01-13,1952,R,,nba_0013,nba_0012,81,71,0.7148,1.0,1,0.0813,0.3357
1952-01-13,1952,R,,nba_0013,nba_0012,81,71,0.6982,1.0,1,0.0911,0.3592
1952-01-13,1952,R,,nba_0015,nba_0006,81,88,0.7737,0.0,0,0.5985,1.4857
1952-01-13,1952,R,,nba_0015,nba_0006,81,88,0.7743,0.0,0,0.5996,1.4887
1952-01-13,1952,R,,nba_0016,nba_0005,97,70,0.6549,1.0,1,0.1191,0.4233
1952-01-13,1952,R,,nba_0016,nba_0005,97,70,0.6368,1.0,1,0.1319,0.4513
1952-01-13,1952,R,,nba_0021,nba_0019,103,85,0.7043,1.0,1,0.0874,0.3506
1952-01-13,1952,R,,nba_0021,nba_0019,103,85,0.6953,1.0,1,0.0928,0.3634
1952-01-15,1952,R,,nba_0019,nba_0006,101,68,0.6252,1.0,1,0.1405,0.4697
1952-01-15,1952,R,,nba_0019,nba_0006,101,68,0.6507,1.0,1,0.122,0.4297
1952-01-15,1952,R,,nba_0022,nba_0013,76,63,0.4499,1.0,0,0.3026,0.7988
1952-01-15,1952,R,,nba_0022,nba_0013,76,63,0.4688,1.0,0,0.2822,0.7576
1952-01-16,1952,R,,nba_0001,nba_0015,94,108,0.5618,0.0,0,0.3156,0.8251
1952-01-16,1952,R,,nba_0001,nba_0015,94,108,0.5931,0.0,0,0.3517,0.8991
1952-01-16,1952,R,,nba_0012,nba_0022,71,77,0.7045,0.0,0,0.4964,1.2192
1952-01-16,1952,R,,nba_0012,nba_0022,71,77,0.7048,0.0,0,0.4967,1.22
1952-01-17,1952,R,,nba_0012,nba_0022,76,87,0.6315,0.0,0,0.3988,0.9984
1952-01-17,1952,R,,nba_0012,nba_0022,76,87,0.6318,0.0,0,0.3991,0.999
1952-01-17,1952,R,,nba_0021,nba_0015,110,105,0.6018,1.0,1,0.1586,0.5078
1952-01-17,1952,R,,nba_0021,nba_0015,110,105,0.6165,1.0,1,0.1471,0.4837
1952-01-17,1952,R,,nba_0013,nba_0006,82,78,0.5569,1.0,1,0.1963,0.5853
1952-01-17,1952,R,,nba_0013,nba_0006,82,78,0.5886,1.0,1,0.1693,0.5301
1952-01-18,1952,R,,nba_0006,nba_0019,98,83,0.5158,1.0,1,0.2345,0.6621
1952-01-18,1952,R,,nba_0006,nba_0019,98,83,0.4921,1.0,0,0.2579,0.709
1952-01-19,1952,R,,nba_0012,nba_0019,81,78,0.4026,1.0,0,0.3568,0.9097
1952-01-19,1952,R,,nba_0012,nba_0019,81,78,0.429,1.0,0,0.326,0.8463
1952-01-19,1952,R,,nba_0005,nba_0006,94,88,0.6992,1.0,1,0.0905,0.3578
1952-01-19,1952,R,,nba_0005,nba_0006,94,88,0.7044,1.0,1,0.0874,0.3504
1952-01-19,1952,R,,nba_0016,nba_0015,96,85,0.5886,1.0,1,0.1693,0.5301
1952-01-19,1952,R,,nba_0016,nba_0015,96,85,0.5778,1.0,1,0.1783,0.5485
1952-01-20,1952,R,,nba_0001,nba_0019,117,98,0.7021,1.0,1,0.0887,0.3536
1952-01-20,1952,R,,nba_0001,nba_0019,117,98,0.707,1.0,1,0.0858,0.3467
1952-01-20,1952,R,,nba_0013,nba_0022,83,76,0.7316,1.0,1,0.072,0.3125
1952-01-20,1952,R,,nba_0013,nba_0022,83,76,0.7167,1.0,1,0.0803,0.3331
1952-01-20,1952,R,,nba_0015,nba_0016,91,81,0.6657,1.0,1,0.1118,0.4069
1952-01-20,1952,R,,nba_0015,nba_0016,91,81,0.675,1.0,1,0.1056,0.393
1952-01-20,1952,R,,nba_0021,nba_0012,99,80,0.8901,1.0,1,0.0121,0.1164
1952-01-20,1952,R,,nba_0021,nba_0012,99,80,0.8758,1.0,1,0.0154,0.1326
1952-01-21,1952,R,,nba_0012,nba_0005,83,99,0.3405,0.0,1,0.1159,0.4162
1952-01-21,1952,R,,nba_0012,nba_0005,83,99,0.3796,0.0,1,0.1441,0.4774
1952-01-21,1952,R,,nba_0022,nba_0016,76,78,0.3115,0.0,1,0.097,0.3732
1952-01-21,1952,R,,nba_0022,nba_0016,76,78,0.3647,0.0,1,0.133,0.4537
1952-01-22,1952,R,,nba_0019,nba_0016,68,65,0.5172,1.0,1,0.233,0.6592
1952-01-22,1952,R,,nba_0019,nba_0016,68,65,0.5498,1.0,1,0.2027,0.5983
1952-01-22,1952,R,,nba_0022,nba_0021,82,93,0.2628,0.0,1,0.0691,0.3049
1952-01-22,1952,R,,nba_0022,nba_0021,82,93,0.2888,0.0,1,0.0834,0.3408
1952-01-22,1952,R,,nba_0006,nba_0005,78,82,0.5948,0.0,0,0.3538,0.9034
1952-01-22,1952,R,,nba_0006,nba_0005,78,82,0.5876,0.0,0,0.3452,0.8857
1952-01-23,1952,R,,nba_0015,nba_0021,97,99,0.6886,0.0,0,0.4742,1.1667
1952-01-23,1952,R,,nba_0015,nba_0021,97,99,0.6739,0.0,0,0.4542,1.1206
1952-01-23,1952,R,,nba_0001,nba_0012,117,75,0.8525,1.0,1,0.0218,0.1596
1952-01-23,1952,R,,nba_0001,nba_0012,117,75,0.8429,1.0,1,0.0247,0.1709
1952-01-24,1952,R,,nba_0013,nba_0016,94,90,0.496,1.0,0,0.254,0.7012
1952-01-24,1952,R,,nba_0013,nba_0016,94,90,0.5361,1.0,1,0.2152,0.6234
1952-01-25,1952,R,,nba_0019,nba_0013,83,79,0.7069,1.0,1,0.0859,0.3468
1952-01-25,1952,R,,nba_0019,nba_0013,83,79,0.7003,1.0,1,0.0898,0.3562
1952-01-25,1952,R,,nba_0006,nba_0021,95,94,0.4511,1.0,0,0.3012,0.796
1952-01-25,1952,R,,nba_0006,nba_0021,95,94,0.4358,1.0,0,0.3183,0.8306
1952-01-26,1952,R,,nba_0012,nba_0021,73,78,0.2869,0.0,1,0.0823,0.3382
1952-01-26,1952,R,,nba_0012,nba_0021,73,78,0.3126,0.0,1,0.0977,0.3749
1952-01-26,1952,R,,nba_0001,nba_0006,85,89,0.7386,0.0,0,0.5455,1.3416
1952-01-26,1952,R,,nba_0001,nba_0006,85,89,0.7599,0.0,0,0.5775,1.4268
1952-01-26,1952,R,,nba_0022,nba_0015,56,57,0.2725,0.0,1,0.0743,0.3182
1952-01-26,1952,R,,nba_0022,nba_0015,56,57,0.3119,0.0,1,0.0973,0.3738
1952-01-26,1952,R,,nba_0005,nba_0019,99,93,0.7134,1.0,1,0.0821,0.3377
1952-01-26,1952,R,,nba_0005,nba_0019,99,93,0.7008,1.0,1,0.0895,0.3555
1952-01-26,1952,R,,nba_0016,nba_0013,104,71,0.7681,1.0,1,0.0538,0.2638
1952-01-26,1952,R,,nba_0016,nba_0013,104,71,0.7393,1.0,1,0.0679,0.302
1952-01-27,1952,R,,nba_0013,nba_0005,100,92,0.4758,1.0,0,0.2748,0.7428
1952-01-27,1952,R,,nba_0013,nba_0005,100,92,0.4964,1.0,0,0.2536,0.7003
1952-01-27,1952,R,,nba_0021,nba_0001,91,86,0.7126,1.0,1,0.0826,0.3388
1952-01-27,1952,R,,nba_0021,nba_0001,91,86,0.7024,1.0,1,0.0886,0.3533
1952-01-27,1952,R,,nba_0016,nba_0019,102,95,0.7153,1.0,1,0.0811,0.3351
1952-01-27,1952,R,,nba_0016,nba_0019,102,95,0.691,1.0,1,0.0955,0.3696
1952-01-27,1952,R,,nba_0015,nba_0022,91,62,0.8883,1.0,1,0.0125,0.1185
1952-01-27,1952,R,,nba_0015,nba_0022,91,62,0.8686,1.0,1,0.0173,0.1409
1952-01-29,1952,R,,nba_0019,nba_0005,100,72,0.5517,1.0,1,0.2009,0.5947
1952-01-29,1952,R,,nba_0019,nba_0005,100,72,0.5648,1.0,1,0.1894,0.5712
1952-01-29,1952,R,,nba_0006,nba_0001,97,96,0.5897,1.0,1,0.1683,0.5281
1952-01-29,1952,R,,nba_0006,nba_0001,97,96,0.5627,1.0,1,0.1913,0.5751
1952-01-30,1952,R,,nba_0019,nba_0013,77,81,0.6409,0.0,0,0.4107,1.0241
1952-01-30,1952,R,,nba_0019,nba_0013,77,81,0.6343,0.0,0,0.4024,1.006
1952-01-30,1952,R,,nba_0015,nba_0005,77,65,0.773,1.0,1,0.0515,0.2575
1952-01-30,1952,R,,nba_0015,nba_0005,77,65,0.7675,1.0,1,0.0541,0.2646
1952-01-31,1952,R,,nba_0013,nba_0015,78,85,0.3947,0.0,1,0.1558,0.5021
1952-01-31,1952,R,,nba_0013,nba_0015,78,85,0.4207,0.0,1,0.177,0.5459
1952-01-31,1952,R,,nba_0021,nba_0022,88,79,0.8875,1.0,1,0.0127,0.1194
1952-01-31,1952,R,,nba_0021,nba_0022,88,79,0.8756,1.0,1,0.0155,0.1329
1952-02-01,1952,R,,nba_0019,nba_0015,85,77,0.4483,1.0,0,0.3044,0.8023
1952-02-01,1952,R,,nba_0019,nba_0015,85,77,0.4674,1.0,0,0.2837,0.7606
1952-02-01,1952,R,,nba_0006,nba_0012,81,79,0.7839,1.0,1,0.0467,0.2435
1952-02-01,1952,R,,nba_0006,nba_0012,81,79,0.7521,1.0,1,0.0615,0.2849
1952-02-01,1952,R,,nba_0001,nba_0022,100,77,0.8523,1.0,1,0.0218,0.1598
1952-02-01,1952,R,,nba_0001,nba_0022,100,77,0.8437,1.0,1,0.0244,0.17
1952-02-02,1952,R,,nba_0012,nba_0013,63,76,0.4014,0.0,1,0.1611,0.5132
1952-02-02,1952,R,,nba_0012,nba_0013,63,76,0.4187,0.0,1,0.1753,0.5425
1952-02-02,1952,R,,nba_0005,nba_0001,91,83,0.6482,1.0,1,0.1237,0.4335
1952-02-02,1952,R,,nba_0005,nba_0001,91,83,0.6298,1.0,1,0.1371,0.4624
1952-02-02,1952,R,,nba_0016,nba_0022,100,79,0.8889,1.0,1,0.0123,0.1178
1952-02-02,1952,R,,nba_0016,nba_0022,100,79,0.8673,1.0,1,0.0176,0.1424
1952-02-03,1952,R,,nba_0021,nba_0012,95,73,0.9165,1.0,1,0.007,0.0872
1952-02-03,1952,R,,nba_0021,nba_0012,95,73,0.9077,1.0,1,0.0085,0.0968
1952-02-03,1952,R,,nba_0015,nba_0016,77,75,0.6941,1.0,1,0.0936,0.3651
1952-02-03,1952,R,,nba_0015,nba_0016,77,75,0.7004,1.0,1,0.0898,0.3561
1952-02-03,1952,R,,nba_0022,nba_0006,83,73,0.3558,1.0,0,0.415,1.0333
1952-02-03,1952,R,,nba_0022,nba_0006,83,73,0.3951,1.0,0,0.3659,0.9287
1952-02-03,1952,R,,nba_0013,nba_0019,85,70,0.545,1.0,1,0.207,0.607
1952-02-03,1952,R,,nba_0013,nba_0019,85,70,0.5521,1.0,1,0.2006,0.5941
1952-02-03,1952,R,,nba_0001,nba_0005,100,95,0.613,1.0,1,0.1498,0.4895
1952-02-03,1952,R,,nba_0001,nba_0005,100,95,0.631,1.0,1,0.1362,0.4605
1952-02-04,1952,R,,nba_0012,nba_0005,82,81,0.3302,1.0,0,0.4486,1.108
1952-02-04,1952,R,,nba_0012,nba_0005,82,81,0.3616,1.0,0,0.4075,1.0172
1952-02-05,1952,R,,nba_0013,nba_0022,64,75,0.7834,0.0,0,0.6137,1.5297
1952-02-05,1952,R,,nba_0013,nba_0022,64,75,0.7729,0.0,0,0.5974,1.4824
1952-02-05,1952,R,,nba_0019,nba_0006,94,85,0.6276,1.0,1,0.1387,0.4659
1952-02-05,1952,R,,nba_0019,nba_0006,94,85,0.6447,1.0,1,0.1262,0.439
1952-02-06,1952,R,,nba_0001,nba_0021,99,88,0.4935,1.0,0,0.2565,0.7062
1952-02-06,1952,R,,nba_0001,nba_0021,99,88,0.5038,1.0,1,0.2462,0.6856
1952-02-06,1952,R,,nba_0005,nba_0012,73,70,0.8309,1.0,1,0.0286,0.1852
1952-02-06,1952,R,,nba_0005,nba_0012,73,70,0.8109,1.0,1,0.0358,0.2096
1952-02-07,1952,R,,nba_0013,nba_0006,91,105,0.5976,0.0,0,0.3571,0.9103
1952-02-07,1952,R,,nba_0013,nba_0006,91,105,0.6212,0.0,0,0.3858,0.9706
1952-02-07,1952,R,,nba_0015,nba_0016,86,75,0.6844,1.0,1,0.0996,0.3792
1952-02-07,1952,R,,nba_0015,nba_0016,86,75,0.6905,1.0,1,0.0958,0.3703
1952-02-08,1952,R,,nba_0012,nba_0005,83,103,0.343,0.0,1,0.1177,0.4201
1952-02-08,1952,R,,nba_0012,nba_0005,83,103,0.3736,0.0,1,0.1396,0.4677
1952-02-08,1952,R,,nba_0006,nba_0021,87,96,0.4384,0.0,1,0.1922,0.577
1952-02-08,1952,R,,nba_0006,nba_0021,87,96,0.4252,0.0,1,0.1808,0.5538
1952-02-08,1952,R,,nba_0019,nba_0022,80,76,0.7891,1.0,1,0.0445,0.2369
1952-02-08,1952,R,,nba_0019,nba_0022,80,76,0.7737,1.0,1,0.0512,0.2565
1952-02-09,1952,R,,nba_0012,nba_0021,84,76,0.2182,1.0,0,0.6112,1.5223
1952-02-09,1952,R,,nba_0012,nba_0021,84,76,0.2357,1.0,0,0.5842,1.4454
1952-02-09,1952,R,,nba_0022,nba_0019,90,83,0.4045,1.0,0,0.3546,0.905
1952-02-09,1952,R,,nba_0022,nba_0019,90,83,0.4256,1.0,0,0.3299,0.8542
1952-02-09,1952,R,,nba_0015,nba_0013,67,70,0.8229,0.0,0,0.6771,1.7308
1952-02-09,1952,R,,nba_0015,nba_0013,67,70,0.8079,0.0,0,0.6527,1.6496
1952-02-09,1952,R,,nba_0005,nba_0006,96,86,0.6663,1.0,1,0.1113,0.406
1952-02-09,1952,R,,nba_0005,nba_0006,96,86,0.6724,1.0,1,0.1073,0.3969
1952-02-09,1952,R,,nba_0016,nba_0001,104,100,0.6377,1.0,1,0.1313,0.4499
1952-02-09,1952,R,,nba_0016,nba_0001,104,100,0.6075,1.0,1,0.1541,0.4985
1952-02-10,1952,R,,nba_0001,nba_0016,97,111,0.5609,0.0,0,0.3146,0.823
1952-02-10,1952,R,,nba_0001,nba_0016,97,111,0.5907,0.0,0,0.3489,0.8933
1952-02-10,1952,R,,nba_0013,nba_0012,77,82,0.7839,0.0,0,0.6145,1.5319
1952-02-10,1952,R,,nba_0013,nba_0012,77,82,0.7734,0.0,0,0.5982,1.4848
1952-02-10,1952,R,,nba_0022,nba_0015,70,69,0.268,1.0,0,0.5359,1.3169
1952-02-10,1952,R,,nba_0022,nba_0015,70,69,0.3006,1.0,0,0.4892,1.202
1952-02-10,1952,R,,nba_0021,nba_0006,91,84,0.7663,1.0,1,0.0546,0.2662
1952-02-10,1952,R,,nba_0021,nba_0006,91,84,0.7752,1.0,1,0.0506,0.2547
1952-02-12,1952,R,,nba_0019,nba_0013,80,78,0.6989,1.0,1,0.0907,0.3582
1952-02-12,1952,R,,nba_0019,nba_0013,80,78,0.6941,1.0,1,0.0936,0.3652
1952-02-12,1952,R,,nba_0005,nba_0021,78,69,0.5341,1.0,1,0.2171,0.6272
1952-02-12,1952,R,,nba_0005,nba_0021,78,69,0.5283,1.0,1,0.2225,0.6382
1952-02-12,1952,R,,nba_0006,nba_0016,75,86,0.4591,0.0,1,0.2108,0.6146
1952-02-12,1952,R,,nba_0006,nba_0016,75,86,0.4668,0.0,1,0.2179,0.6288
1952-02-13,1952,R,,nba_0012,nba_0016,96,91,0.2982,1.0,0,0.4925,1.21
1952-02-13,1952,R,,nba_0012,nba_0016,96,91,0.3363,1.0,0,0.4405,1.0898
1952-02-14,1952,R,,nba_0021,nba_0016,76,78,0.652,0.0,0,0.4252,1.0557
1952-02-14,1952,R,,nba_0021,nba_0016,76,78,0.6689,0.0,0,0.4474,1.1053
1952-02-14,1952,R,,nba_0022,nba_0015,74,109,0.2833,0.0,1,0.0803,0.3332
1952-02-14,1952,R,,nba_0022,nba_0015,74,109,0.3166,0.0,1,0.1002,0.3807
1952-02-14,1952,R,,nba_0013,nba_0001,94,90,0.4676,1.0,0,0.2835,0.7602
1952-02-14,1952,R,,nba_0013,nba_0001,94,90,0.4691,1.0,0,0.2818,0.7569
1952-02-14,1952,R,,nba_0019,nba_0012,89,66,0.8143,1.0,1,0.0345,0.2054
1952-02-14,1952,R,,nba_0019,nba_0012,89,66,0.8018,1.0,1,0.0393,0.2209
1952-02-15,1952,R,,nba_0006,nba_0019,112,91,0.6104,1.0,1,0.1518,0.4937
1952-02-15,1952,R,,nba_0006,nba_0019,112,91,0.5942,1.0,1,0.1647,0.5206
1952-02-16,1952,R,,nba_0001,nba_0015,77,75,0.4581,1.0,0,0.2937,0.7807
1952-02-16,1952,R,,nba_0001,nba_0015,77,75,0.4791,1.0,0,0.2713,0.7358
1952-02-16,1952,R,,nba_0005,nba_0012,102,82,0.8613,1.0,1,0.0192,0.1493
1952-02-16,1952,R,,nba_0005,nba_0012,102,82,0.8467,1.0,1,0.0235,0.1664
1952-02-16,1952,R,,nba_0016,nba_0021,92,84,0.63,1.0,1,0.1369,0.4621
1952-02-16,1952,R,,nba_0016,nba_0021,92,84,0.6127,1.0,1,0.15,0.49
1952-02-17,1952,R,,nba_0012,nba_0006,83,90,0.3929,0.0,1,0.1543,0.499
1952-02-17,1952,R,,nba_0012,nba_0006,83,90,0.4265,0.0,1,0.1819,0.556
1952-02-17,1952,R,,nba_0001,nba_0022,95,97,0.7689,0.0,0,0.5912,1.4648
1952-02-17,1952,R,,nba_0001,nba_0022,95,97,0.758,0.0,0,0.5745,1.4187
1952-02-17,1952,R,,nba_0013,nba_0015,99,87,0.4295,1.0,0,0.3254,0.845
1952-02-17,1952,R,,nba_0013,nba_0015,99,87,0.4516,1.0,0,0.3008,0.795
1952-02-17,1952,R,,nba_0016,nba_0019,100,92,0.7365,1.0,1,0.0694,0.3058
1952-02-17,1952,R,,nba_0016,nba_0019,100,92,0.7189,1.0,1,0.079,0.3301
1952-02-17,1952,R,,nba_0021,nba_0005,66,61,0.6698,1.0,1,0.109,0.4008
1952-02-17,1952,R,,nba_0021,nba_0005,66,61,0.6736,1.0,1,0.1065,0.3951
1952-02-18,1952,R,,nba_0001,nba_0022,106,84,0.7825,1.0,1,0.0473,0.2452
1952-02-18,1952,R,,nba_0001,nba_0022,106,84,0.7722,1.0,1,0.0519,0.2585
1952-02-19,1952,R,,nba_0019,nba_0001,82,81,0.604,1.0,1,0.1568,0.5042
1952-02-19,1952,R,,nba_0019,nba_0001,82,81,0.5994,1.0,1,0.1605,0.5118
1952-02-19,1952,R,,nba_0005,nba_0015,98,96,0.5201,1.0,1,0.2303,0.6536
1952-02-19,1952,R,,nba_0005,nba_0015,98,96,0.5274,1.0,1,0.2233,0.6397
1952-02-19,1952,R,,nba_0006,nba_0013,98,80,0.6449,1.0,1,0.1261,0.4386
1952-02-19,1952,R,,nba_0006,nba_0013,98,80,0.6265,1.0,1,0.1395,0.4676
1952-02-20,1952,R,,nba_0012,nba_0015,78,93,0.2879,0.0,1,0.0829,0.3396
1952-02-20,1952,R,,nba_0012,nba_0015,78,93,0.3168,0.0,1,0.1004,0.381
1952-02-20,1952,R,,nba_0019,nba_0022,95,80,0.7558,1.0,1,0.0596,0.2799
1952-02-20,1952,R,,nba_0019,nba_0022,95,80,0.7417,1.0,1,0.0667,0.2987
1952-02-21,1952,R,,nba_0001,nba_0013,88,67,0.6907,1.0,1,0.0957,0.3701
1952-02-21,1952,R,,nba_0001,nba_0013,88,67,0.6907,1.0,1,0.0957,0.37
1952-02-21,1952,R,,nba_0021,nba_0015,88,80,0.6344,1.0,1,0.1337,0.4551
1952-02-21,1952,R,,nba_0021,nba_0015,88,80,0.6439,1.0,1,0.1268,0.4403
1952-02-22,1952,R,,nba_0019,nba_0022,82,73,0.7834,1.0,1,0.0469,0.2441
1952-02-22,1952,R,,nba_0019,nba_0022,82,73,0.7712,1.0,1,0.0523,0.2598
1952-02-22,1952,R,,nba_0006,nba_0005,118,95,0.55,1.0,1,0.2025,0.5979
1952-02-22,1952,R,,nba_0006,nba_0005,118,95,0.5452,1.0,1,0.2068,0.6065
1952-02-23,1952,R,,nba_0012,nba_0021,81,80,0.2711,1.0,0,0.5313,1.3052
1952-02-23,1952,R,,nba_0012,nba_0021,81,80,0.289,1.0,0,0.5056,1.2414
1952-02-23,1952,R,,nba_0019,nba_0022,86,59,0.791,1.0,1,0.0437,0.2345
1952-02-23,1952,R,,nba_0019,nba_0022,86,59,0.7796,1.0,1,0.0486,0.249
1952-02-23,1952,R,,nba_0005,nba_0013,82,77,0.705,1.0,1,0.087,0.3495
1952-02-23,1952,R,,nba_0005,nba_0013,82,77,0.6937,1.0,1,0.0938,0.3657
1952-02-23,1952,R,,nba_0016,nba_0015,73,83,0.6723,0.0,0,0.452,1.1157
1952-02-23,1952,R,,nba_0016,nba_0015,73,83,0.6665,0.0,0,0.4442,1.098
1952-02-24,1952,R,,nba_0013,nba_0015,83,70,0.3767,1.0,0,0.3885,0.9764
1952-02-24,1952,R,,nba_0013,nba_0015,83,70,0.3948,1.0,0,0.3663,0.9295
1952-02-24,1952,R,,nba_0022,nba_0006,71,76,0.3737,0.0,1,0.1397,0.468
1952-02-24,1952,R,,nba_0022,nba_0006,71,76,0.4028,0.0,1,0.1623,0.5155
1952-02-24,1952,R,,nba_0016,nba_0012,124,100,0.8821,1.0,1,0.0139,0.1255
1952-02-24,1952,R,,nba_0016,nba_0012,124,100,0.8652,1.0,1,0.0182,0.1448
1952-02-24,1952,R,,nba_0021,nba_0001,75,77,0.6647,0.0,0,0.4419,1.0928
1952-02-24,1952,R,,nba_0021,nba_0001,75,77,0.6564,0.0,0,0.4309,1.0683
1952-02-25,1952,R,,nba_0012,nba_0005,84,89,0.3088,0.0,1,0.0954,0.3694
1952-02-25,1952,R,,nba_0012,nba_0005,84,89,0.3307,0.0,1,0.1094,0.4015
1952-02-25,1952,R,,nba_0015,nba_0006,108,95,0.7296,1.0,1,0.0731,0.3152
1952-02-25,1952,R,,nba_0015,nba_0006,108,95,0.7282,1.0,1,0.0739,0.3172
1952-02-26,1952,R,,nba_0019,nba_0006,86,88,0.6639,0.0,0,0.4407,1.0903
1952-02-26,1952,R,,nba_0019,nba_0006,86,88,0.6764,0.0,0,0.4575,1.1283
1952-02-26,1952,R,,nba_0016,nba_0022,99,67,0.8747,1.0,1,0.0157,0.1339
1952-02-26,1952,R,,nba_0016,nba_0022,99,67,0.8575,1.0,1,0.0203,0.1537
1952-02-27,1952,R,,nba_0001,nba_0021,88,81,0.5487,1.0,1,0.2037,0.6002
1952-02-27,1952,R,,nba_0001,nba_0021,88,81,0.5577,1.0,1,0.1956,0.5839
1952-02-27,1952,R,,nba_0006,nba_0019,97,89,0.6392,1.0,1,0.1302,0.4476
1952-02-27,1952,R,,nba_0006,nba_0019,97,89,0.6262,1.0,1,0.1397,0.468
1952-02-28,1952,R,,nba_0001,nba_0016,91,72,0.5035,1.0,1,0.2465,0.6861
1952-02-28,1952,R,,nba_0001,nba_0016,91,72,0.5275,1.0,1,0.2232,0.6395
1952-02-28,1952,R,,nba_0021,nba_0013,88,83,0.7231,1.0,1,0.0766,0.3241
1952-02-28,1952,R,,nba_0021,nba_0013,88,83,0.7164,1.0,1,0.0804,0.3335
1952-02-29,1952,R,,nba_0006,nba_0012,103,86,0.8108,1.0,1,0.0358,0.2097
1952-02-29,1952,R,,nba_0006,nba_0012,103,86,0.793,1.0,1,0.0429,0.232
1952-03-01,1952,R,,nba_0013,nba_0022,66,58,0.7182,1.0,1,0.0794,0.331
1952-03-01,1952,R,,nba_0013,nba_0022,66,58,0.7085,1.0,1,0.085,0.3446
1952-03-01,1952,R,,nba_0012,nba_0006,90,77,0.3271,1.0,0,0.4528,1.1175
1952-03-01,1952,R,,nba_0012,nba_0006,90,77,0.3511,1.0,0,0.4211,1.0468
1952-03-01,1952,R,,nba_0016,nba_0021,98,83,0.6377,1.0,1,0.1313,0.4499
1952-03-01,1952,R,,nba_0016,nba_0021,98,83,0.6239,1.0,1,0.1414,0.4717
1952-03-01,1952,R,,nba_0019,nba_0015,88,98,0.4124,0.0,1,0.17,0.5316
1952-03-01,1952,R,,nba_0019,nba_0015,88,98,0.4272,0.0,1,0.1825,0.5573
1952-03-01,1952,R,,nba_0005,nba_0001,105,86,0.647,1.0,1,0.1246,0.4353
1952-03-01,1952,R,,nba_0005,nba_0001,105,86,0.6361,1.0,1,0.1324,0.4523
1952-03-02,1952,R,,nba_0001,nba_0005,87,89,0.6067,0.0,0,0.3681,0.9332
1952-03-02,1952,R,,nba_0001,nba_0005,87,89,0.6173,0.0,0,0.3811,0.9606
1952-03-02,1952,R,,nba_0013,nba_0019,101,88,0.5774,1.0,1,0.1786,0.5492
1952-03-02,1952,R,,nba_0013,nba_0019,101,88,0.581,1.0,1,0.1756,0.543
1952-03-02,1952,R,,nba_0022,nba_0015,85,96,0.2452,0.0,1,0.0601,0.2813
1952-03-02,1952,R,,nba_0022,nba_0015,85,96,0.2675,0.0,1,0.0715,0.3112
1952-03-02,1952,R,,nba_0021,nba_0016,76,72,0.5743,1.0,1,0.1813,0.5547
1952-03-02,1952,R,,nba_0021,nba_0016,76,72,0.5875,1.0,1,0.1702,0.532
1952-03-03,1952,R,,nba_0012,nba_0016,99,96,0.2846,1.0,0,0.5117,1.2565
1952-03-03,1952,R,,nba_0012,nba_0016,99,96,0.3123,1.0,0,0.473,1.1639
1952-03-04,1952,R,,nba_0012,nba_0001,80,91,0.3286,0.0,1,0.108,0.3983
1952-03-04,1952,R,,nba_0012,nba_0001,80,91,0.3388,0.0,1,0.1148,0.4136
1952-03-04,1952,R,,nba_0019,nba_0013,86,68,0.633,1.0,1,0.1347,0.4572
1952-03-04,1952,R,,nba_0019,nba_0013,86,68,0.6298,1.0,1,0.1371,0.4624
1952-03-04,1952,R,,nba_0005,nba_0016,92,90,0.6041,1.0,1,0.1567,0.504
1952-03-04,1952,R,,nba_0005,nba_0016,92,90,0.614,1.0,1,0.149,0.4878
1952-03-04,1952,R,,nba_0006,nba_0015,83,81,0.4917,1.0,0,0.2583,0.7098
1952-03-04,1952,R,,nba_0006,nba_0015,83,81,0.4939,1.0,0,0.2561,0.7053
1952-03-05,1952,R,,nba_0012,nba_0005,82,88,0.3046,0.0,1,0.0928,0.3632
1952-03-05,1952,R,,nba_0012,nba_0005,82,88,0.3234,0.0,1,0.1046,0.3907
1952-03-05,1952,R,,nba_0001,nba_0015,82,74,0.512,1.0,1,0.2381,0.6693
1952-03-05,1952,R,,nba_0001,nba_0015,82,74,0.5286,1.0,1,0.2222,0.6375
1952-03-06,1952,R,,nba_0013,nba_0021,81,83,0.4092,0.0,1,0.1675,0.5263
1952-03-06,1952,R,,nba_0013,nba_0021,81,83,0.4178,0.0,1,0.1746,0.5409
1952-03-06,1952,R,,nba_0016,nba_0022,77,74,0.848,1.0,1,0.0231,0.1649
1952-03-06,1952,R,,nba_0016,nba_0022,77,74,0.8305,1.0,1,0.0287,0.1857
1952-03-07,1952,R,,nba_0019,nba_0021,81,76,0.5372,1.0,1,0.2142,0.6214
1952-03-07,1952,R,,nba_0019,nba_0021,81,76,0.5427,1.0,1,0.2091,0.6112
1952-03-07,1952,R,,nba_0022,nba_0013,75,74,0.4456,1.0,0,0.3073,0.8082
1952-03-07,1952,R,,nba_0022,nba_0013,75,74,0.4562,1.0,0,0.2957,0.7847
1952-03-08,1952,R,,nba_0012,nba_0001,77,100,0.3167,0.0,1,0.1003,0.3809
1952-03-08,1952,R,,nba_0012,nba_0001,77,100,0.326,0.0,1,0.1063,0.3946
1952-03-08,1952,R,,nba_0022,nba_0005,103,99,0.2648,1.0,0,0.5405,1.3289
1952-03-08,1952,R,,nba_0022,nba_0005,103,99,0.2818,1.0,0,0.5158,1.2665
1952-03-08,1952,R,,nba_0006,nba_0021,92,83,0.5947,1.0,1,0.1643,0.5198
1952-03-08,1952,R,,nba_0006,nba_0021,92,83,0.5886,1.0,1,0.1693,0.53
1952-03-08,1952,R,,nba_0016,nba_0015,94,92,0.562,1.0,1,0.1919,0.5763
1952-03-08,1952,R,,nba_0016,nba_0015,94,92,0.5575,1.0,1,0.1958,0.5843
1952-03-09,1952,R,,nba_0001,nba_0012,89,72,0.8616,1.0,1,0.0192,0.149
1952-03-09,1952,R,,nba_0001,nba_0012,89,72,0.8568,1.0,1,0.0205,0.1545
1952-03-09,1952,R,,nba_0013,nba_0005,80,79,0.4855,1.0,0,0.2647,0.7226
1952-03-09,1952,R,,nba_0013,nba_0005,80,79,0.4963,1.0,0,0.2537,0.7006
1952-03-09,1952,R,,nba_0015,nba_0016,96,90,0.6383,1.0,1,0.1308,0.449
1952-03-09,1952,R,,nba_0015,nba_0016,96,90,0.6423,1.0,1,0.1279,0.4426
1952-03-09,1952,R,,nba_0021,nba_0006,99,82,0.6635,1.0,1,0.1132,0.4102
1952-03-09,1952,R,,nba_0021,nba_0006,99,82,0.6689,1.0,1,0.1096,0.4021
1952-03-10,1952,R,,nba_0012,nba_0022,91,80,0.5585,1.0,1,0.1949,0.5825
1952-03-10,1952,R,,nba_0012,nba_0022,91,80,0.5576,1.0,1,0.1957,0.5841
1952-03-11,1952,R,,nba_0006,nba_0001,84,88,0.5651,0.0,0,0.3194,0.8327
1952-03-11,1952,R,,nba_0006,nba_0001,84,88,0.5509,0.0,0,0.3035,0.8006
1952-03-11,1952,R,,nba_0019,nba_0016,81,82,0.5434,0.0,0,0.2952,0.7838
1952-03-11,1952,R,,nba_0019,nba_0016,81,82,0.5609,0.0,0,0.3147,0.8231
1952-03-12,1952,R,,nba_0001,nba_0021,71,89,0.5684,0.0,0,0.3231,0.8403
1952-03-12,1952,R,,nba_0001,nba_0021,71,89,0.5767,0.0,0,0.3326,0.8596
1952-03-12,1952,R,,nba_0015,nba_0005,85,83,0.6906,1.0,1,0.0957,0.3701
1952-03-12,1952,R,,nba_0015,nba_0005,85,83,0.6854,1.0,1,0.099,0.3778
1952-03-13,1952,R,,nba_0013,nba_0016,84,86,0.4747,0.0,1,0.2253,0.6437
1952-03-13,1952,R,,nba_0013,nba_0016,84,86,0.4952,0.0,1,0.2452,0.6835
1952-03-13,1952,R,,nba_0021,nba_0001,89,70,0.6639,1.0,1,0.113,0.4097
1952-03-13,1952,R,,nba_0021,nba_0001,89,70,0.6569,1.0,1,0.1177,0.4202
1952-03-14,1952,R,,nba_0019,nba_0012,103,87,0.7879,1.0,1,0.045,0.2383
1952-03-14,1952,R,,nba_0019,nba_0012,103,87,0.7791,1.0,1,0.0488,0.2496
1952-03-14,1952,R,,nba_0006,nba_0022,85,82,0.8019,1.0,1,0.0392,0.2207
1952-03-14,1952,R,,nba_0006,nba_0022,85,82,0.786,1.0,1,0.0458,0.2408
1952-03-15,1952,R,,nba_0022,nba_0006,86,105,0.3656,0.0,1,0.1336,0.455
1952-03-15,1952,R,,nba_0022,nba_0006,86,105,0.3878,0.0,1,0.1504,0.4907
1952-03-15,1952,R,,nba_0005,nba_0021,97,90,0.5749,1.0,1,0.1807,0.5536
1952-03-15,1952,R,,nba_0005,nba_0021,97,90,0.5724,1.0,1,0.1829,0.558
1952-03-15,1952,R,,nba_0016,nba_0001,106,118,0.6819,0.0,0,0.465,1.1453
1952-03-15,1952,R,,nba_0016,nba_0001,106,118,0.6651,0.0,0,0.4424,1.094
1952-03-16,1952,R,,nba_0015,nba_0012,126,82,0.9106,1.0,1,0.008,0.0937
1952-03-16,1952,R,,nba_0015,nba_0012,126,82,0.9018,1.0,1,0.0096,0.1034
1952-03-16,1952,R,,nba_0021,nba_0005,84,90,0.6623,0.0,0,0.4386,1.0855
1952-03-16,1952,R,,nba_0021,nba_0005,84,90,0.6644,0.0,0,0.4415,1.092
1952-03-16,1952,R,,nba_0013,nba_0019,111,92,0.5771,1.0,1,0.1789,0.5498
1952-03-16,1952,R,,nba_0013,nba_0019,111,92,0.5797,1.0,1,0.1767,0.5453
1952-03-16,1952,R,,nba_0001,nba_0006,96,89,0.6643,1.0,1,0.1127,0.409
1952-03-16,1952,R,,nba_0001,nba_0006,96,89,0.6744,1.0,1,0.106,0.394
1952-03-18,1952,P,1.0,nba_0016,nba_0013,95,78,0.7794,1.0,1,0.0487,0.2492
1952-03-18,1952,P,1.0,nba_0016,nba_0013,95,78,0.7659,1.0,1,0.0548,0.2667
1952-03-19,1952,P,1.0,nba_0001,nba_0005,105,94,0.6154,1.0,1,0.1479,0.4855
1952-03-19,1952,P,1.0,nba_0001,nba_0005,105,94,0.6238,1.0,1,0.1415,0.4719
1952-03-20,1952,P,1.0,nba_0013,nba_0016,86,92,0.4334,0.0,1,0.1878,0.5681
1952-03-20,1952,P,1.0,nba_0013,nba_0016,86,92,0.4513,0.0,1,0.2036,0.6002
1952-03-20,1952,P,1.0,nba_0021,nba_0006,102,83,0.6958,1.0,1,0.0925,0.3627
1952-03-20,1952,P,1.0,nba_0021,nba_0006,102,83,0.6993,1.0,1,0.0904,0.3576
1952-03-22,1952,P,1.0,nba_0006,nba_0021,100,95,0.5103,1.0,1,0.2398,0.6728
1952-03-22,1952,P,1.0,nba_0006,nba_0021,100,95,0.5064,1.0,1,0.2437,0.6804
1952-03-23,1952,P,1.0,nba_0015,nba_0019,78,70,0.7759,1.0,1,0.0502,0.2537
1952-03-23,1952,P,1.0,nba_0015,nba_0019,78,70,0.7667,1.0,1,0.0544,0.2657
1952-03-23,1952,P,1.0,nba_0005,nba_0001,101,97,0.5974,1.0,1,0.1621,0.5152
1952-03-23,1952,P,1.0,nba_0005,nba_0001,101,97,0.5893,1.0,1,0.1687,0.5288
1952-03-23,1952,P,1.0,nba_0021,nba_0006,84,73,0.6971,1.0,1,0.0917,0.3608
1952-03-23,1952,P,1.0,nba_0021,nba_0006,84,73,0.7003,1.0,1,0.0898,0.3563
1952-03-25,1952,P,1.0,nba_0019,nba_0015,87,94,0.4201,0.0,1,0.1765,0.5449
1952-03-25,1952,P,1.0,nba_0019,nba_0015,87,94,0.4323,0.0,1,0.1869,0.5661
1952-03-26,1952,P,1.0,nba_0001,nba_0005,87,88,0.6219,0.0,0,0.3867,0.9726
1952-03-26,1952,P,1.0,nba_0001,nba_0005,87,88,0.6295,0.0,0,0.3962,0.9928
1952-03-29,1952,P,2.0,nba_0016,nba_0015,88,78,0.6144,1.0,1,0.1487,0.4872
1952-03-29,1952,P,2.0,nba_0016,nba_0015,88,78,0.6113,1.0,1,0.1511,0.4922
1952-03-30,1952,P,2.0,nba_0016,nba_0015,78,83,0.5953,0.0,0,0.3544,0.9046
1952-03-30,1952,P,2.0,nba_0016,nba_0015,78,83,0.5923,0.0,0,0.3509,0.8973
1952-04-02,1952,P,2.0,nba_0021,nba_0005,85,87,0.6784,0.0,0,0.4602,1.1343
1952-04-02,1952,P,2.0,nba_0021,nba_0005,85,87,0.6797,0.0,0,0.462,1.1384
1952-04-03,1952,P,2.0,nba_0021,nba_0005,102,92,0.6092,1.0,1,0.1527,0.4955
1952-04-03,1952,P,2.0,nba_0021,nba_0005,102,92,0.6107,1.0,1,0.1516,0.4932
1952-04-05,1952,P,2.0,nba_0015,nba_0016,77,67,0.6674,1.0,1,0.1107,0.4044
1952-04-05,1952,P,2.0,nba_0015,nba_0016,77,67,0.6699,1.0,1,0.109,0.4006
1952-04-05,1952,P,2.0,nba_0005,nba_0021,99,92,0.6024,1.0,1,0.1581,0.5069
1952-04-05,1952,P,2.0,nba_0005,nba_0021,99,92,0.601,1.0,1,0.1592,0.5091
1952-04-06,1952,P,2.0,nba_0015,nba_0016,82,80,0.6869,1.0,1,0.098,0.3756
1952-04-06,1952,P,2.0,nba_0015,nba_0016,82,80,0.6892,1.0,1,0.0966,0.3723
1952-04-08,1952,P,2.0,nba_0005,nba_0021,100,93,0.6249,1.0,1,0.1407,0.4701
1952-04-08,1952,P,2.0,nba_0005,nba_0021,100,93,0.6236,1.0,1,0.1416,0.4722
1952-04-12,1952,P,3.0,nba_0015,nba_0005,83,79,0.7233,1.0,1,0.0765,0.3239
1952-04-12,1952,P,3.0,nba_0015,nba_0005,83,79,0.7186,1.0,1,0.0792,0.3304
1952-04-13,1952,P,3.0,nba_0015,nba_0005,72,80,0.6966,0.0,0,0.4852,1.1927
1952-04-13,1952,P,3.0,nba_0015,nba_0005,72,80,0.6919,0.0,0,0.4787,1.1772
1952-04-16,1952,P,3.0,nba_0005,nba_0015,77,82,0.5801,0.0,0,0.3366,0.8679
1952-04-16,1952,P,3.0,nba_0005,nba_0015,77,82,0.5854,0.0,0,0.3427,0.8804
1952-04-18,1952,P,3.0,nba_0005,nba_0015,90,89,0.5466,1.0,1,0.2056,0.604
1952-04-18,1952,P,3.0,nba_0005,nba_0015,90,89,0.5515,1.0,1,0.2011,0.5951
1952-04-20,1952,P,3.0,nba_0015,nba_0005,102,89,0.6706,1.0,1,0.1085,0.3995
1952-04-20,1952,P,3.0,nba_0015,nba_0005,102,89,0.6663,1.0,1,0.1113,0.4059
1952-04-23,1952,P,3.0,nba_0005,nba_0015,76,68,0.5368,1.0,1,0.2145,0.6221
1952-04-23,1952,P,3.0,nba_0005,nba_0015,76,68,0.5412,1.0,1,0.2105,0.614
1952-04-25,1952,P,3.0,nba_0015,nba_0005,82,65,0.6674,1.0,1,0.1106,0.4044
1952-04-25,1952,P,3.0,nba_0015,nba_0005,82,65,0.6636,1.0,1,0.1131,0.41
1952-10-31,1953,R,,nba_0019,nba_0001,68,83,0.5447,0.0,0,0.2967,0.7868
1952-10-31,1953,R,,nba_0019,nba_0001,68,83,0.6186,0.0,0,0.3826,0.9639
1952-11-01,1953,R,,nba_0015,nba_0001,94,91,0.6849,1.0,1,0.0993,0.3784
1952-11-01,1953,R,,nba_0015,nba_0001,94,91,0.6159,1.0,1,0.1476,0.4847
1952-11-01,1953,R,,nba_0022,nba_0019,73,71,0.5409,1.0,1,0.2107,0.6145
1952-11-01,1953,R,,nba_0022,nba_0019,73,71,0.6636,1.0,1,0.1132,0.4101
1952-11-01,1953,R,,nba_0016,nba_0013,94,82,0.7188,1.0,1,0.0791,0.3301
1952-11-01,1953,R,,nba_0016,nba_0013,94,82,0.6186,1.0,1,0.1455,0.4803
1952-11-01,1953,R,,nba_0005,nba_0012,69,53,0.801,1.0,1,0.0396,0.2219
1952-11-01,1953,R,,nba_0005,nba_0012,69,53,0.6186,1.0,1,0.1455,0.4803
1952-11-01,1953,R,,nba_0006,nba_0021,86,84,0.5711,1.0,1,0.184,0.5603
1952-11-01,1953,R,,nba_0006,nba_0021,86,84,0.6186,1.0,1,0.1455,0.4803
1952-11-02,1953,R,,nba_0013,nba_0015,69,81,0.4337,0.0,1,0.1881,0.5687
1952-11-02,1953,R,,nba_0013,nba_0015,69,81,0.5961,0.0,0,0.3553,0.9065
1952-11-02,1953,R,,nba_0021,nba_0006,117,91,0.6488,1.0,1,0.1233,0.4326
1952-11-02,1953,R,,nba_0021,nba_0006,117,91,0.604,1.0,1,0.1568,0.5041
1952-11-05,1953,R,,nba_0012,nba_0015,75,97,0.3421,0.0,1,0.117,0.4187
1952-11-05,1953,R,,nba_0012,nba_0015,75,97,0.5949,0.0,0,0.3539,0.9036
1952-11-06,1953,R,,nba_0013,nba_0016,64,84,0.4494,0.0,1,0.202,0.5968
1952-11-06,1953,R,,nba_0013,nba_0016,64,84,0.5465,0.0,0,0.2986,0.7907
1952-11-07,1953,R,,nba_0019,nba_0016,63,65,0.5139,0.0,0,0.2641,0.7213
1952-11-07,1953,R,,nba_0019,nba_0016,63,65,0.5928,0.0,0,0.3514,0.8984
1952-11-08,1953,R,,nba_0012,nba_0005,62,92,0.3256,0.0,1,0.106,0.3939
1952-11-08,1953,R,,nba_0012,nba_0005,62,92,0.513,0.0,0,0.2632,0.7195
1952-11-08,1953,R,,nba_0001,nba_0021,106,83,0.6371,1.0,1,0.1317,0.4509
1952-11-08,1953,R,,nba_0001,nba_0021,106,83,0.6429,1.0,1,0.1275,0.4417
1952-11-08,1953,R,,nba_0006,nba_0015,71,93,0.5058,0.0,0,0.2559,0.7049
1952-11-08,1953,R,,nba_0006,nba_0015,71,93,0.5919,0.0,0,0.3504,0.8963
1952-11-08,1953,R,,nba_0016,nba_0019,99,96,0.7649,1.0,1,0.0553,0.2681
1952-11-08,1953,R,,nba_0016,nba_0019,99,96,0.7062,1.0,1,0.0863,0.3479
1952-11-09,1953,R,,nba_0013,nba_0019,74,71,0.6429,1.0,1,0.1275,0.4418
1952-11-09,1953,R,,nba_0013,nba_0019,74,71,0.6518,1.0,1,0.1212,0.4279
1952-11-09,1953,R,,nba_0022,nba_0016,78,75,0.416,1.0,0,0.341,0.877
1952-11-09,1953,R,,nba_0022,nba_0016,78,75,0.6139,1.0,1,0.1491,0.488
1952-11-09,1953,R,,nba_0021,nba_0015,96,89,0.4884,1.0,0,0.2618,0.7167
1952-11-09,1953,R,,nba_0021,nba_0015,96,89,0.5278,1.0,1,0.2229,0.6389
1952-11-11,1953,R,,nba_0016,nba_0005,104,94,0.5991,1.0,1,0.1607,0.5124
1952-11-11,1953,R,,nba_0016,nba_0005,104,94,0.6006,1.0,1,0.1596,0.5099
1952-11-11,1953,R,,nba_0001,nba_0015,92,101,0.5593,0.0,0,0.3128,0.8193
1952-11-11,1953,R,,nba_0001,nba_0015,92,101,0.6025,0.0,0,0.363,0.9226
1952-11-11,1953,R,,nba_0019,nba_0013,78,63,0.6215,1.0,1,0.1433,0.4757
1952-11-11,1953,R,,nba_0019,nba_0013,78,63,0.6125,1.0,1,0.1502,0.4902
1952-11-12,1953,R,,nba_0012,nba_0022,107,90,0.578,1.0,1,0.1781,0.5482
1952-11-12,1953,R,,nba_0012,nba_0022,107,90,0.553,1.0,1,0.1998,0.5923
1952-11-13,1953,R,,nba_0022,nba_0016,79,97,0.3441,0.0,1,0.1184,0.4218
1952-11-13,1953,R,,nba_0022,nba_0016,79,97,0.5322,0.0,0,0.2832,0.7597
1952-11-13,1953,R,,nba_0005,nba_0015,100,91,0.5176,1.0,1,0.2327,0.6585
1952-11-13,1953,R,,nba_0005,nba_0015,100,91,0.5575,1.0,1,0.1958,0.5842
1952-11-13,1953,R,,nba_0021,nba_0001,96,81,0.6599,1.0,1,0.1157,0.4157
1952-11-13,1953,R,,nba_0021,nba_0001,96,81,0.6556,1.0,1,0.1186,0.4222
1952-11-14,1953,R,,nba_0006,nba_0019,71,77,0.6959,0.0,0,0.4843,1.1905
1952-11-14,1953,R,,nba_0006,nba_0019,71,77,0.663,0.0,0,0.4396,1.0877
1952-11-15,1953,R,,nba_0022,nba_0013,71,68,0.5143,1.0,1,0.2359,0.665
1952-11-15,1953,R,,nba_0022,nba_0013,71,68,0.6169,1.0,1,0.1468,0.4831
1952-11-15,1953,R,,nba_0016,nba_0015,97,89,0.5761,1.0,1,0.1797,0.5515
1952-11-15,1953,R,,nba_0016,nba_0015,97,89,0.6242,1.0,1,0.1412,0.4712
1952-11-15,1953,R,,nba_0005,nba_0001,79,68,0.6611,1.0,1,0.1149,0.4139
1952-11-15,1953,R,,nba_0005,nba_0001,79,68,0.6598,1.0,1,0.1157,0.4158
1952-11-15,1953,R,,nba_0019,nba_0006,79,76,0.6179,1.0,1,0.146,0.4815
1952-11-15,1953,R,,nba_0019,nba_0006,79,76,0.652,1.0,1,0.1211,0.4278
1952-11-15,1953,R,,nba_0012,nba_0021,97,91,0.3915,1.0,0,0.3702,0.9377
1952-11-15,1953,R,,nba_0012,nba_0021,97,91,0.5646,1.0,1,0.1896,0.5717
1952-11-16,1953,R,,nba_0012,nba_0006,79,81,0.5127,0.0,0,0.2629,0.7189
1952-11-16,1953,R,,nba_0012,nba_0006,79,81,0.6415,0.0,0,0.4116,1.0259
1952-11-16,1953,R,,nba_0001,nba_0016,96,87,0.5211,1.0,1,0.2294,0.6519
1952-11-16,1953,R,,nba_0001,nba_0016,96,87,0.5117,1.0,1,0.2384,0.67
1952-11-16,1953,R,,nba_0013,nba_0005,112,83,0.4022,1.0,0,0.3574,0.9109
1952-11-16,1953,R,,nba_0013,nba_0005,112,83,0.4845,1.0,0,0.2657,0.7246
1952-11-16,1953,R,,nba_0015,nba_0022,87,51,0.8465,1.0,1,0.0236,0.1667
1952-11-16,1953,R,,nba_0015,nba_0022,87,51,0.6949,1.0,1,0.0931,0.3639
1952-11-16,1953,R,,nba_0021,nba_0019,84,78,0.7083,1.0,1,0.0851,0.3449
1952-11-16,1953,R,,nba_0021,nba_0019,84,78,0.6461,1.0,1,0.1252,0.4367
1952-11-18,1953,R,,nba_0022,nba_0006,82,83,0.5071,0.0,0,0.2572,0.7075
1952-11-18,1953,R,,nba_0022,nba_0006,82,83,0.6376,0.0,0,0.4066,1.0151
1952-11-18,1953,R,,nba_0019,nba_0005,100,90,0.4973,1.0,0,0.2527,0.6986
1952-11-18,1953,R,,nba_0019,nba_0005,100,90,0.5629,1.0,1,0.191,0.5746
1952-11-19,1953,R,,nba_0012,nba_0006,106,89,0.528,1.0,1,0.2228,0.6387
1952-11-19,1953,R,,nba_0012,nba_0006,106,89,0.6467,1.0,1,0.1248,0.4359
1952-11-19,1953,R,,nba_0001,nba_0022,91,77,0.8252,1.0,1,0.0306,0.1922
1952-11-19,1953,R,,nba_0001,nba_0022,91,77,0.7059,1.0,1,0.0865,0.3484
1952-11-20,1953,R,,nba_0013,nba_0015,81,89,0.3775,0.0,1,0.1425,0.474
1952-11-20,1953,R,,nba_0013,nba_0015,81,89,0.4826,0.0,1,0.2329,0.6589
1952-11-20,1953,R,,nba_0019,nba_0005,67,72,0.5296,0.0,0,0.2805,0.7542
1952-11-20,1953,R,,nba_0019,nba_0005,67,72,0.5914,0.0,0,0.3498,0.8951
1952-11-20,1953,R,,nba_0006,nba_0012,106,99,0.7083,1.0,1,0.0851,0.3449
1952-11-20,1953,R,,nba_0006,nba_0012,106,99,0.6046,1.0,1,0.1563,0.5031
1952-11-20,1953,R,,nba_0021,nba_0022,92,73,0.8386,1.0,1,0.026,0.176
1952-11-20,1953,R,,nba_0021,nba_0022,92,73,0.7299,1.0,1,0.0729,0.3148
1952-11-22,1953,R,,nba_0012,nba_0006,96,95,0.5034,1.0,1,0.2466,0.6864
1952-11-22,1953,R,,nba_0012,nba_0006,96,95,0.61,1.0,1,0.1521,0.4942
1952-11-22,1953,R,,nba_0001,nba_0019,96,91,0.7281,1.0,1,0.0739,0.3173
1952-11-22,1953,R,,nba_0001,nba_0019,96,91,0.6793,1.0,1,0.1028,0.3866
1952-11-22,1953,R,,nba_0015,nba_0013,96,89,0.8251,1.0,1,0.0306,0.1923
1952-11-22,1953,R,,nba_0015,nba_0013,96,89,0.7595,1.0,1,0.0578,0.2751
1952-11-22,1953,R,,nba_0005,nba_0021,98,68,0.6165,1.0,1,0.1471,0.4837
1952-11-22,1953,R,,nba_0005,nba_0021,98,68,0.616,1.0,1,0.1475,0.4845
1952-11-22,1953,R,,nba_0016,nba_0022,69,65,0.8678,1.0,1,0.0175,0.1418
1952-11-22,1953,R,,nba_0016,nba_0022,69,65,0.7829,1.0,1,0.0471,0.2447
1952-11-23,1953,R,,nba_0012,nba_0019,90,100,0.5161,0.0,0,0.2664,0.7259
1952-11-23,1953,R,,nba_0012,nba_0019,90,100,0.6074,0.0,0,0.3689,0.9349
1952-11-23,1953,R,,nba_0013,nba_0006,92,80,0.5783,1.0,1,0.1778,0.5477
1952-11-23,1953,R,,nba_0013,nba_0006,92,80,0.601,1.0,1,0.1592,0.5091
1952-11-23,1953,R,,nba_0022,nba_0015,46,62,0.2756,0.0,1,0.076,0.3225
1952-11-23,1953,R,,nba_0022,nba_0015,46,62,0.4379,0.0,1,0.1918,0.5761
1952-11-23,1953,R,,nba_0016,nba_0001,100,102,0.6735,0.0,0,0.4537,1.1195
1952-11-23,1953,R,,nba_0016,nba_0001,100,102,0.6776,0.0,0,0.4591,1.1319
1952-11-23,1953,R,,nba_0021,nba_0005,76,73,0.5785,1.0,1,0.1777,0.5473
1952-11-23,1953,R,,nba_0021,nba_0005,76,73,0.579,1.0,1,0.1773,0.5465
1952-11-25,1953,R,,nba_0016,nba_0012,106,89,0.8338,1.0,1,0.0276,0.1817
1952-11-25,1953,R,,nba_0016,nba_0012,106,89,0.7411,1.0,1,0.067,0.2996
1952-11-25,1953,R,,nba_0019,nba_0022,66,78,0.7548,0.0,0,0.5698,1.4059
1952-11-25,1953,R,,nba_0019,nba_0022,66,78,0.6885,0.0,0,0.474,1.1663
1952-11-26,1953,R,,nba_0012,nba_0005,92,94,0.3189,0.0,1,0.1017,0.3841
1952-11-26,1953,R,,nba_0012,nba_0005,92,94,0.4524,0.0,1,0.2047,0.6022
1952-11-26,1953,R,,nba_0001,nba_0006,93,92,0.7471,1.0,1,0.0639,0.2915
1952-11-26,1953,R,,nba_0001,nba_0006,93,92,0.7125,1.0,1,0.0827,0.339
1952-11-26,1953,R,,nba_0022,nba_0013,72,80,0.4891,0.0,1,0.2392,0.6715
1952-11-26,1953,R,,nba_0022,nba_0013,72,80,0.564,0.0,0,0.3181,0.8302
1952-11-27,1953,R,,nba_0012,nba_0005,92,104,0.3492,0.0,1,0.1219,0.4296
1952-11-27,1953,R,,nba_0012,nba_0005,92,104,0.48,0.0,1,0.2304,0.6539
1952-11-27,1953,R,,nba_0013,nba_0022,95,87,0.7198,1.0,1,0.0785,0.3287
1952-11-27,1953,R,,nba_0013,nba_0022,95,87,0.6606,1.0,1,0.1152,0.4145
1952-11-27,1953,R,,nba_0015,nba_0019,90,69,0.8395,1.0,1,0.0258,0.175
1952-11-27,1953,R,,nba_0015,nba_0019,90,69,0.7893,1.0,1,0.0444,0.2366
1952-11-27,1953,R,,nba_0006,nba_0001,70,83,0.4618,0.0,1,0.2132,0.6195
1952-11-27,1953,R,,nba_0006,nba_0001,70,83,0.5042,0.0,0,0.2542,0.7015
1952-11-27,1953,R,,nba_0021,nba_0016,86,79,0.6125,1.0,1,0.1501,0.4902
1952-11-27,1953,R,,nba_0021,nba_0016,86,79,0.6034,1.0,1,0.1573,0.5051
1952-11-28,1953,R,,nba_0019,nba_0015,82,97,0.3644,0.0,1,0.1328,0.4533
1952-11-28,1953,R,,nba_0019,nba_0015,82,97,0.4397,0.0,1,0.1933,0.5792
1952-11-28,1953,R,,nba_0022,nba_0006,78,77,0.5224,1.0,1,0.2281,0.6494
1952-11-28,1953,R,,nba_0022,nba_0006,78,77,0.6156,1.0,1,0.1478,0.4852
1952-11-29,1953,R,,nba_0012,nba_0021,74,87,0.3546,0.0,1,0.1258,0.4379
1952-11-29,1953,R,,nba_0012,nba_0021,74,87,0.4832,0.0,1,0.2335,0.6601
1952-11-29,1953,R,,nba_0001,nba_0013,78,71,0.7547,1.0,1,0.0602,0.2814
1952-11-29,1953,R,,nba_0001,nba_0013,78,71,0.7006,1.0,1,0.0897,0.3559
1952-11-29,1953,R,,nba_0005,nba_0019,94,72,0.7865,1.0,1,0.0456,0.2402
1952-11-29,1953,R,,nba_0005,nba_0019,94,72,0.7524,1.0,1,0.0613,0.2845
1952-11-29,1953,R,,nba_0016,nba_0015,83,71,0.5422,1.0,1,0.2095,0.612
1952-11-29,1953,R,,nba_0016,nba_0015,83,71,0.567,1.0,1,0.1875,0.5674
1952-11-30,1953,R,,nba_0013,nba_0012,100,95,0.739,1.0,1,0.0681,0.3024
1952-11-30,1953,R,,nba_0013,nba_0012,100,95,0.6923,1.0,1,0.0947,0.3677
1952-11-30,1953,R,,nba_0022,nba_0016,88,91,0.3453,0.0,1,0.1192,0.4236
1952-11-30,1953,R,,nba_0022,nba_0016,88,91,0.4678,0.0,1,0.2188,0.6307
1952-11-30,1953,R,,nba_0015,nba_0006,91,66,0.8258,1.0,1,0.0303,0.1914
1952-11-30,1953,R,,nba_0015,nba_0006,91,66,0.7896,1.0,1,0.0443,0.2363
1952-11-30,1953,R,,nba_0021,nba_0001,78,66,0.6006,1.0,1,0.1595,0.5099
1952-11-30,1953,R,,nba_0021,nba_0001,78,66,0.6008,1.0,1,0.1593,0.5094
1952-12-01,1953,R,,nba_0012,nba_0015,67,89,0.2383,0.0,1,0.0568,0.2722
1952-12-01,1953,R,,nba_0012,nba_0015,67,89,0.3536,0.0,1,0.125,0.4364
1952-12-02,1953,R,,nba_0019,nba_0016,85,76,0.4285,1.0,0,0.3266,0.8474
1952-12-02,1953,R,,nba_0019,nba_0016,85,76,0.4707,1.0,0,0.2801,0.7535
1952-12-02,1953,R,,nba_0006,nba_0005,82,89,0.3796,0.0,1,0.1441,0.4774
1952-12-02,1953,R,,nba_0006,nba_0005,82,89,0.41,0.0,1,0.1681,0.5276
1952-12-03,1953,R,,nba_0012,nba_0022,98,87,0.5651,1.0,1,0.1892,0.5708
1952-12-03,1953,R,,nba_0012,nba_0022,98,87,0.553,1.0,1,0.1998,0.5925
1952-12-03,1953,R,,nba_0001,nba_0015,102,106,0.5274,0.0,0,0.2782,0.7495
1952-12-03,1953,R,,nba_0001,nba_0015,102,106,0.5404,0.0,0,0.2921,0.7775
1952-12-03,1953,R,,nba_0005,nba_0006,100,75,0.8082,1.0,1,0.0368,0.213
1952-12-03,1953,R,,nba_0005,nba_0006,100,75,0.7889,1.0,1,0.0446,0.2372
1952-12-04,1953,R,,nba_0001,nba_0022,73,90,0.8352,0.0,0,0.6976,1.803
1952-12-04,1953,R,,nba_0001,nba_0022,73,90,0.7523,0.0,0,0.5659,1.3954
1952-12-04,1953,R,,nba_0013,nba_0021,70,78,0.4577,0.0,1,0.2095,0.6119
1952-12-04,1953,R,,nba_0013,nba_0021,70,78,0.5235,0.0,0,0.274,0.7412
1952-12-04,1953,R,,nba_0005,nba_0015,71,81,0.5324,0.0,0,0.2835,0.7602
1952-12-04,1953,R,,nba_0005,nba_0015,71,81,0.5514,0.0,0,0.304,0.8015
1952-12-05,1953,R,,nba_0019,nba_0013,84,74,0.6639,1.0,1,0.113,0.4096
1952-12-05,1953,R,,nba_0019,nba_0013,84,74,0.6499,1.0,1,0.1226,0.4309
1952-12-06,1953,R,,nba_0012,nba_0013,91,103,0.546,0.0,0,0.2981,0.7896
1952-12-06,1953,R,,nba_0012,nba_0013,91,103,0.5975,0.0,0,0.357,0.9101
1952-12-06,1953,R,,nba_0001,nba_0022,88,83,0.7989,1.0,1,0.0405,0.2246
1952-12-06,1953,R,,nba_0001,nba_0022,88,83,0.7061,1.0,1,0.0864,0.348
1952-12-06,1953,R,,nba_0015,nba_0005,85,78,0.7259,1.0,1,0.0751,0.3204
1952-12-06,1953,R,,nba_0015,nba_0005,85,78,0.7118,1.0,1,0.0831,0.34
1952-12-06,1953,R,,nba_0006,nba_0021,74,82,0.405,0.0,1,0.164,0.5192
1952-12-06,1953,R,,nba_0006,nba_0021,74,82,0.4359,0.0,1,0.19,0.5725
1952-12-06,1953,R,,nba_0016,nba_0019,82,79,0.7949,1.0,1,0.0421,0.2296
1952-12-06,1953,R,,nba_0016,nba_0019,82,79,0.7666,1.0,1,0.0545,0.2658
1952-12-07,1953,R,,nba_0021,nba_0022,71,67,0.8457,1.0,1,0.0238,0.1675
1952-12-07,1953,R,,nba_0021,nba_0022,71,67,0.7722,1.0,1,0.0519,0.2585
1952-12-07,1953,R,,nba_0016,nba_0006,94,92,0.8164,1.0,1,0.0337,0.2028
1952-12-07,1953,R,,nba_0016,nba_0006,94,92,0.8008,1.0,1,0.0397,0.2222
1952-12-07,1953,R,,nba_0013,nba_0005,102,91,0.447,1.0,0,0.3058,0.8052
1952-12-07,1953,R,,nba_0013,nba_0005,102,91,0.5073,1.0,1,0.2427,0.6786
1952-12-08,1953,R,,nba_0019,nba_0015,81,76,0.3218,1.0,0,0.4599,1.1337
1952-12-08,1953,R,,nba_0019,nba_0015,81,76,0.3758,1.0,0,0.3897,0.9788
1952-12-08,1953,R,,nba_0022,nba_0021,101,89,0.3185,1.0,0,0.4644,1.144
1952-12-08,1953,R,,nba_0022,nba_0021,101,89,0.4269,1.0,0,0.3285,0.8513
1952-12-09,1953,R,,nba_0001,nba_0006,86,72,0.7946,1.0,1,0.0422,0.2299
1952-12-09,1953,R,,nba_0001,nba_0006,86,72,0.7747,1.0,1,0.0508,0.2553
1952-12-09,1953,R,,nba_0019,nba_0021,70,87,0.4636,0.0,1,0.2149,0.6228
1952-12-09,1953,R,,nba_0019,nba_0021,70,87,0.5028,0.0,0,0.2528,0.6987
1952-12-09,1953,R,,nba_0005,nba_0016,75,77,0.5897,0.0,0,0.3477,0.8908
1952-12-09,1953,R,,nba_0005,nba_0016,75,77,0.5879,0.0,0,0.3457,0.8866
1952-12-10,1953,R,,nba_0012,nba_0016,97,99,0.3186,0.0,1,0.1015,0.3836
1952-12-10,1953,R,,nba_0012,nba_0016,97,99,0.4161,0.0,1,0.1732,0.5381
1952-12-10,1953,R,,nba_0001,nba_0006,103,97,0.7889,1.0,1,0.0446,0.2372
1952-12-10,1953,R,,nba_0001,nba_0006,103,97,0.7697,1.0,1,0.053,0.2618
1952-12-11,1953,R,,nba_0012,nba_0001,88,94,0.3304,0.0,1,0.1092,0.4011
1952-12-11,1953,R,,nba_0012,nba_0001,88,94,0.4308,0.0,1,0.1856,0.5636
1952-12-11,1953,R,,nba_0013,nba_0022,71,70,0.7351,1.0,1,0.0702,0.3077
1952-12-11,1953,R,,nba_0013,nba_0022,71,70,0.6897,1.0,1,0.0963,0.3715
1952-12-11,1953,R,,nba_0015,nba_0021,82,79,0.7276,1.0,1,0.0742,0.3181
1952-12-11,1953,R,,nba_0015,nba_0021,82,79,0.711,1.0,1,0.0835,0.3411
1952-12-11,1953,R,,nba_0006,nba_0016,98,86,0.3382,1.0,0,0.438,1.0842
1952-12-11,1953,R,,nba_0006,nba_0016,98,86,0.3576,1.0,0,0.4127,1.0283
1952-12-12,1953,R,,nba_0019,nba_0022,63,49,0.7429,1.0,1,0.0661,0.2972
1952-12-12,1953,R,,nba_0019,nba_0022,63,49,0.6827,1.0,1,0.1007,0.3817
1952-12-13,1953,R,,nba_0001,nba_0006,82,78,0.7875,1.0,1,0.0452,0.2389
1952-12-13,1953,R,,nba_0001,nba_0006,82,78,0.7714,1.0,1,0.0523,0.2596
1952-12-13,1953,R,,nba_0016,nba_0005,97,99,0.6124,0.0,0,0.375,0.9477
1952-12-13,1953,R,,nba_0016,nba_0005,97,99,0.6161,0.0,0,0.3796,0.9575
1952-12-14,1953,R,,nba_0015,nba_0016,95,77,0.7654,1.0,1,0.055,0.2673
1952-12-14,1953,R,,nba_0015,nba_0016,95,77,0.7501,1.0,1,0.0624,0.2875
1952-12-14,1953,R,,nba_0021,nba_0006,102,83,0.8447,1.0,1,0.0241,0.1688
1952-12-14,1953,R,,nba_0021,nba_0006,102,83,0.8331,1.0,1,0.0278,0.1826
1952-12-14,1953,R,,nba_0013,nba_0019,86,71,0.6513,1.0,1,0.1216,0.4287
1952-12-14,1953,R,,nba_0013,nba_0019,86,71,0.6669,1.0,1,0.111,0.4051
1952-12-14,1953,R,,nba_0012,nba_0001,73,83,0.3536,0.0,1,0.125,0.4363
1952-12-14,1953,R,,nba_0012,nba_0001,73,83,0.4499,0.0,1,0.2024,0.5977
1952-12-14,1953,R,,nba_0022,nba_0005,69,74,0.3832,0.0,1,0.1468,0.4831
1952-12-14,1953,R,,nba_0022,nba_0005,69,74,0.4906,0.0,1,0.2407,0.6745
1952-12-16,1953,R,,nba_0013,nba_0006,95,64,0.7162,1.0,1,0.0805,0.3338
1952-12-16,1953,R,,nba_0013,nba_0006,95,64,0.7431,1.0,1,0.066,0.2969
1952-12-16,1953,R,,nba_0019,nba_0016,71,84,0.454,0.0,1,0.2061,0.6052
1952-12-16,1953,R,,nba_0019,nba_0016,71,84,0.4927,0.0,1,0.2428,0.6787
1952-12-16,1953,R,,nba_0005,nba_0021,98,93,0.5906,1.0,1,0.1676,0.5266
1952-12-16,1953,R,,nba_0005,nba_0021,98,93,0.5905,1.0,1,0.1677,0.5268
1952-12-18,1953,R,,nba_0001,nba_0021,88,83,0.6362,1.0,1,0.1323,0.4522
1952-12-18,1953,R,,nba_0001,nba_0021,88,83,0.6378,1.0,1,0.1312,0.4497
1952-12-18,1953,R,,nba_0006,nba_0013,79,86,0.4804,0.0,1,0.2308,0.6547
1952-12-18,1953,R,,nba_0006,nba_0013,79,86,0.4497,0.0,1,0.2023,0.5974
1952-12-19,1953,R,,nba_0019,nba_0015,69,87,0.2651,0.0,1,0.0703,0.3081
1952-12-19,1953,R,,nba_0019,nba_0015,69,87,0.3115,0.0,1,0.097,0.3732
1952-12-20,1953,R,,nba_0022,nba_0015,86,75,0.2543,1.0,0,0.5561,1.3693
1952-12-20,1953,R,,nba_0022,nba_0015,86,75,0.356,1.0,0,0.4147,1.0328
1952-12-20,1953,R,,nba_0016,nba_0013,92,89,0.7551,1.0,1,0.06,0.2809
1952-12-20,1953,R,,nba_0016,nba_0013,92,89,0.716,1.0,1,0.0806,0.334
1952-12-20,1953,R,,nba_0001,nba_0021,91,77,0.6105,1.0,1,0.1517,0.4934
1952-12-20,1953,R,,nba_0001,nba_0021,91,77,0.6121,1.0,1,0.1505,0.4909
1952-12-20,1953,R,,nba_0012,nba_0005,99,102,0.3207,0.0,1,0.1028,0.3867
1952-12-20,1953,R,,nba_0012,nba_0005,99,102,0.4091,0.0,1,0.1674,0.5261
1952-12-21,1953,R,,nba_0013,nba_0006,74,71,0.7198,1.0,1,0.0785,0.3288
1952-12-21,1953,R,,nba_0013,nba_0006,74,71,0.7416,1.0,1,0.0667,0.2989
1952-12-21,1953,R,,nba_0019,nba_0016,65,83,0.4321,0.0,1,0.1867,0.5658
1952-12-21,1953,R,,nba_0019,nba_0016,65,83,0.4643,0.0,1,0.2156,0.6242
1952-12-21,1953,R,,nba_0005,nba_0012,102,77,0.875,1.0,1,0.0156,0.1336
1952-12-21,1953,R,,nba_0005,nba_0012,102,77,0.8288,1.0,1,0.0293,0.1877
1952-12-21,1953,R,,nba_0021,nba_0001,90,86,0.5985,1.0,1,0.1612,0.5134
1952-12-21,1953,R,,nba_0021,nba_0001,90,86,0.597,1.0,1,0.1624,0.5159
1952-12-22,1953,R,,nba_0022,nba_0005,75,80,0.3672,0.0,1,0.1348,0.4576
1952-12-22,1953,R,,nba_0022,nba_0005,75,80,0.4617,0.0,1,0.2131,0.6193
1952-12-23,1953,R,,nba_0019,nba_0013,72,59,0.5115,1.0,1,0.2386,0.6704
1952-12-23,1953,R,,nba_0019,nba_0013,72,59,0.4948,1.0,0,0.2553,0.7037
1952-12-25,1953,R,,nba_0013,nba_0022,71,69,0.7302,1.0,1,0.0728,0.3144
1952-12-25,1953,R,,nba_0013,nba_0022,71,69,0.6899,1.0,1,0.0962,0.3713
1952-12-25,1953,R,,nba_0021,nba_0012,102,92,0.873,1.0,1,0.0161,0.1358
1952-12-25,1953,R,,nba_0021,nba_0012,102,92,0.8267,1.0,1,0.03,0.1904
1952-12-25,1953,R,,nba_0006,nba_0016,78,93,0.321,0.0,1,0.103,0.3871
1952-12-25,1953,R,,nba_0006,nba_0016,78,93,0.3383,0.0,1,0.1144,0.4129
1952-12-25,1953,R,,nba_0015,nba_0019,90,73,0.8786,1.0,1,0.0147,0.1295
1952-12-25,1953,R,,nba_0015,nba_0019,90,73,0.8557,1.0,1,0.0208,0.1559
1952-12-25,1953,R,,nba_0005,nba_0001,97,84,0.6169,1.0,1,0.1468,0.4831
1952-12-25,1953,R,,nba_0005,nba_0001,97,84,0.6216,1.0,1,0.1432,0.4755
1952-12-26,1953,R,,nba_0019,nba_0001,85,74,0.4313,1.0,0,0.3234,0.8409
1952-12-26,1953,R,,nba_0019,nba_0001,85,74,0.4623,1.0,0,0.2891,0.7716
1952-12-27,1953,R,,nba_0012,nba_0021,76,81,0.2712,0.0,1,0.0736,0.3164
1952-12-27,1953,R,,nba_0012,nba_0021,76,81,0.3464,0.0,1,0.12,0.4253
1952-12-27,1953,R,,nba_0013,nba_0005,92,91,0.4664,1.0,0,0.2847,0.7626
1952-12-27,1953,R,,nba_0013,nba_0005,92,91,0.5108,1.0,1,0.2393,0.6718
1952-12-27,1953,R,,nba_0015,nba_0001,94,71,0.7739,1.0,1,0.0511,0.2563
1952-12-27,1953,R,,nba_0015,nba_0001,94,71,0.7616,1.0,1,0.0568,0.2723
1952-12-27,1953,R,,nba_0016,nba_0019,94,73,0.8143,1.0,1,0.0345,0.2054
1952-12-27,1953,R,,nba_0016,nba_0019,94,73,0.797,1.0,1,0.0412,0.2269
1952-12-28,1953,R,,nba_0015,nba_0022,86,77,0.8794,1.0,1,0.0145,0.1285
1952-12-28,1953,R,,nba_0015,nba_0022,86,77,0.8232,1.0,1,0.0313,0.1946
1952-12-28,1953,R,,nba_0021,nba_0019,84,73,0.7836,1.0,1,0.0468,0.2438
1952-12-28,1953,R,,nba_0021,nba_0019,84,73,0.7638,1.0,1,0.0558,0.2695
1952-12-28,1953,R,,nba_0005,nba_0006,72,54,0.8269,1.0,1,0.03,0.19
1952-12-28,1953,R,,nba_0005,nba_0006,72,54,0.8176,1.0,1,0.0333,0.2014
1952-12-28,1953,R,,nba_0013,nba_0001,66,89,0.5519,0.0,0,0.3046,0.8027
1952-12-28,1953,R,,nba_0013,nba_0001,66,89,0.599,0.0,0,0.3589,0.9139
1952-12-30,1953,R,,nba_0019,nba_0015,74,69,0.2892,1.0,0,0.5053,1.2407
1952-12-30,1953,R,,nba_0019,nba_0015,74,69,0.3261,1.0,0,0.4541,1.1204
1952-12-30,1953,R,,nba_0016,nba_0021,106,93,0.67,1.0,1,0.1089,0.4005
1952-12-30,1953,R,,nba_0016,nba_0021,106,93,0.6713,1.0,1,0.108,0.3985
1952-12-31,1953,R,,nba_0001,nba_0021,97,87,0.645,1.0,1,0.126,0.4385
1952-12-31,1953,R,,nba_0001,nba_0021,97,87,0.6456,1.0,1,0.1256,0.4376
1952-12-31,1953,R,,nba_0013,nba_0019,91,85,0.7044,1.0,1,0.0874,0.3504
1952-12-31,1953,R,,nba_0013,nba_0019,91,85,0.7182,1.0,1,0.0794,0.331
1952-12-31,1953,R,,nba_0022,nba_0016,74,82,0.3325,0.0,1,0.1106,0.4042
1952-12-31,1953,R,,nba_0022,nba_0016,74,82,0.4175,0.0,1,0.1743,0.5404
1952-12-31,1953,R,,nba_0015,nba_0012,82,56,0.9094,1.0,1,0.0082,0.095
1952-12-31,1953,R,,nba_0015,nba_0012,82,56,0.8704,1.0,1,0.0168,0.1388
1953-01-01,1953,R,,nba_0006,nba_0005,82,108,0.3035,0.0,1,0.0921,0.3617
1953-01-01,1953,R,,nba_0006,nba_0005,82,108,0.3166,0.0,1,0.1002,0.3806
1953-01-01,1953,R,,nba_0022,nba_0012,81,83,0.6942,0.0,0,0.4819,1.1847
1953-01-01,1953,R,,nba_0022,nba_0012,81,83,0.7004,0.0,0,0.4905,1.2052
1953-01-01,1953,R,,nba_0021,nba_0013,92,78,0.722,1.0,1,0.0773,0.3257
1953-01-01,1953,R,,nba_0021,nba_0013,92,78,0.6865,1.0,1,0.0983,0.3762
1953-01-01,1953,R,,nba_0016,nba_0001,81,83,0.6832,0.0,0,0.4668,1.1495
1953-01-01,1953,R,,nba_0016,nba_0001,81,83,0.6861,0.0,0,0.4708,1.1588
1953-01-02,1953,R,,nba_0019,nba_0012,73,66,0.778,1.0,1,0.0493,0.2511
1953-01-02,1953,R,,nba_0019,nba_0012,73,66,0.7372,1.0,1,0.0691,0.305
1953-01-02,1953,R,,nba_0022,nba_0015,66,74,0.2048,0.0,1,0.0419,0.2292
1953-01-02,1953,R,,nba_0022,nba_0015,66,74,0.2808,0.0,1,0.0789,0.3296
1953-01-03,1953,R,,nba_0012,nba_0006,81,77,0.5386,1.0,1,0.2129,0.6188
1953-01-03,1953,R,,nba_0012,nba_0006,81,77,0.6007,1.0,1,0.1595,0.5097
1953-01-03,1953,R,,nba_0001,nba_0019,78,63,0.7951,1.0,1,0.042,0.2293
1953-01-03,1953,R,,nba_0001,nba_0019,78,63,0.7767,1.0,1,0.0499,0.2527
1953-01-03,1953,R,,nba_0022,nba_0015,75,79,0.2136,0.0,1,0.0456,0.2403
1953-01-03,1953,R,,nba_0022,nba_0015,75,79,0.2881,0.0,1,0.083,0.3399
1953-01-03,1953,R,,nba_0005,nba_0021,85,77,0.6601,1.0,1,0.1156,0.4154
1953-01-03,1953,R,,nba_0005,nba_0021,85,77,0.6621,1.0,1,0.1141,0.4123
1953-01-03,1953,R,,nba_0016,nba_0013,106,101,0.7775,1.0,1,0.0495,0.2517
1953-01-03,1953,R,,nba_0016,nba_0013,106,101,0.7507,1.0,1,0.0622,0.2868
1953-01-04,1953,R,,nba_0015,nba_0016,83,80,0.6932,1.0,1,0.0941,0.3664
1953-01-04,1953,R,,nba_0015,nba_0016,83,80,0.6801,1.0,1,0.1024,0.3856
1953-01-04,1953,R,,nba_0021,nba_0012,93,68,0.8675,1.0,1,0.0176,0.1422
1953-01-04,1953,R,,nba_0021,nba_0012,93,68,0.8271,1.0,1,0.0299,0.1898
1953-01-04,1953,R,,nba_0013,nba_0006,79,68,0.7674,1.0,1,0.0541,0.2647
1953-01-04,1953,R,,nba_0013,nba_0006,79,68,0.7824,1.0,1,0.0473,0.2453
1953-01-04,1953,R,,nba_0001,nba_0005,103,100,0.581,1.0,1,0.1756,0.543
1953-01-04,1953,R,,nba_0001,nba_0005,103,100,0.5787,1.0,1,0.1775,0.547
1953-01-06,1953,R,,nba_0019,nba_0006,71,76,0.7514,0.0,0,0.5646,1.3919
1953-01-06,1953,R,,nba_0019,nba_0006,71,76,0.7572,0.0,0,0.5733,1.4155
1953-01-06,1953,R,,nba_0022,nba_0013,73,71,0.467,1.0,0,0.2841,0.7614
1953-01-06,1953,R,,nba_0022,nba_0013,73,71,0.5129,1.0,1,0.2373,0.6678
1953-01-06,1953,R,,nba_0015,nba_0016,69,85,0.7031,0.0,0,0.4943,1.2142
1953-01-06,1953,R,,nba_0015,nba_0016,69,85,0.6907,0.0,0,0.477,1.1733
1953-01-07,1953,R,,nba_0005,nba_0021,93,114,0.663,0.0,0,0.4395,1.0876
1953-01-07,1953,R,,nba_0005,nba_0021,93,114,0.6632,0.0,0,0.4398,1.0882
1953-01-07,1953,R,,nba_0006,nba_0001,82,84,0.2624,0.0,1,0.0689,0.3044
1953-01-07,1953,R,,nba_0006,nba_0001,82,84,0.2767,0.0,1,0.0765,0.3239
1953-01-08,1953,R,,nba_0021,nba_0015,75,67,0.5012,1.0,1,0.2488,0.6908
1953-01-08,1953,R,,nba_0021,nba_0015,75,67,0.5147,1.0,1,0.2355,0.6642
1953-01-08,1953,R,,nba_0005,nba_0022,81,68,0.8407,1.0,1,0.0254,0.1735
1953-01-08,1953,R,,nba_0005,nba_0022,81,68,0.7921,1.0,1,0.0432,0.233
1953-01-08,1953,R,,nba_0001,nba_0016,88,85,0.5459,1.0,1,0.2062,0.6054
1953-01-08,1953,R,,nba_0001,nba_0016,88,85,0.5435,1.0,1,0.2084,0.6098
1953-01-09,1953,R,,nba_0012,nba_0001,94,90,0.2823,1.0,0,0.5151,1.2648
1953-01-09,1953,R,,nba_0012,nba_0001,94,90,0.348,1.0,0,0.4251,1.0555
1953-01-09,1953,R,,nba_0019,nba_0005,54,58,0.4348,0.0,1,0.1891,0.5706
1953-01-09,1953,R,,nba_0019,nba_0005,54,58,0.4563,0.0,1,0.2082,0.6094
1953-01-10,1953,R,,nba_0012,nba_0001,126,105,0.2676,1.0,0,0.5363,1.3181
1953-01-10,1953,R,,nba_0012,nba_0001,126,105,0.3301,1.0,0,0.4488,1.1084
1953-01-10,1953,R,,nba_0013,nba_0015,79,84,0.4144,0.0,1,0.1717,0.5351
1953-01-10,1953,R,,nba_0013,nba_0015,79,84,0.4639,0.0,1,0.2152,0.6234
1953-01-10,1953,R,,nba_0006,nba_0021,77,87,0.302,0.0,1,0.0912,0.3596
1953-01-10,1953,R,,nba_0006,nba_0021,77,87,0.3157,0.0,1,0.0997,0.3794
1953-01-10,1953,R,,nba_0016,nba_0022,89,81,0.8806,1.0,1,0.0143,0.1272
1953-01-10,1953,R,,nba_0016,nba_0022,89,81,0.843,1.0,1,0.0247,0.1708
1953-01-11,1953,R,,nba_0013,nba_0019,72,68,0.6588,1.0,1,0.1164,0.4174
1953-01-11,1953,R,,nba_0013,nba_0019,72,68,0.67,1.0,1,0.1089,0.4005
1953-01-11,1953,R,,nba_0021,nba_0006,76,72,0.8767,1.0,1,0.0152,0.1316
1953-01-11,1953,R,,nba_0021,nba_0006,76,72,0.87,1.0,1,0.0169,0.1393
1953-01-11,1953,R,,nba_0015,nba_0005,85,79,0.6775,1.0,1,0.104,0.3894
1953-01-11,1953,R,,nba_0015,nba_0005,85,79,0.6647,1.0,1,0.1124,0.4084
1953-01-11,1953,R,,nba_0022,nba_0016,83,79,0.2585,1.0,0,0.5498,1.3529
1953-01-11,1953,R,,nba_0022,nba_0016,83,79,0.3219,1.0,0,0.4598,1.1334
1953-01-11,1953,R,,nba_0001,nba_0012,131,87,0.853,1.0,1,0.0216,0.159
1953-01-11,1953,R,,nba_0001,nba_0012,131,87,0.8131,1.0,1,0.0349,0.2069
1953-01-14,1953,R,,nba_0012,nba_0015,104,112,0.2076,0.0,1,0.0431,0.2327
1953-01-14,1953,R,,nba_0012,nba_0015,104,112,0.2662,0.0,1,0.0708,0.3095
1953-01-15,1953,R,,nba_0013,nba_0001,91,85,0.4698,1.0,0,0.2811,0.7554
1953-01-15,1953,R,,nba_0013,nba_0001,91,85,0.5022,1.0,1,0.2478,0.6887
1953-01-15,1953,R,,nba_0019,nba_0022,75,68,0.6809,1.0,1,0.1018,0.3843
1953-01-15,1953,R,,nba_0019,nba_0022,75,68,0.6316,1.0,1,0.1358,0.4596
1953-01-15,1953,R,,nba_0021,nba_0016,109,85,0.6076,1.0,1,0.1539,0.4982
1953-01-15,1953,R,,nba_0021,nba_0016,109,85,0.6057,1.0,1,0.1555,0.5013
1953-01-16,1953,R,,nba_0022,nba_0001,90,100,0.3304,0.0,1,0.1092,0.4011
1953-01-16,1953,R,,nba_0022,nba_0001,90,100,0.3979,0.0,1,0.1583,0.5074
1953-01-16,1953,R,,nba_0013,nba_0019,75,68,0.6963,1.0,1,0.0923,0.362
1953-01-16,1953,R,,nba_0013,nba_0019,75,68,0.7044,1.0,1,0.0874,0.3504
1953-01-17,1953,R,,nba_0012,nba_0019,82,66,0.5601,1.0,1,0.1935,0.5797
1953-01-17,1953,R,,nba_0012,nba_0019,82,66,0.6019,1.0,1,0.1585,0.5077
1953-01-17,1953,R,,nba_0016,nba_0015,109,101,0.5111,1.0,1,0.239,0.6712
1953-01-17,1953,R,,nba_0016,nba_0015,109,101,0.5234,1.0,1,0.2272,0.6474
1953-01-17,1953,R,,nba_0005,nba_0006,84,76,0.8661,1.0,1,0.0179,0.1438
1953-01-17,1953,R,,nba_0005,nba_0006,84,76,0.8599,1.0,1,0.0196,0.1509
1953-01-18,1953,R,,nba_0001,nba_0005,99,83,0.6176,1.0,1,0.1463,0.482
1953-01-18,1953,R,,nba_0001,nba_0005,99,83,0.6208,1.0,1,0.1438,0.4767
1953-01-18,1953,R,,nba_0013,nba_0016,90,87,0.4619,1.0,0,0.2895,0.7723
1953-01-18,1953,R,,nba_0013,nba_0016,90,87,0.4944,1.0,0,0.2556,0.7044
1953-01-18,1953,R,,nba_0019,nba_0006,76,74,0.6938,1.0,1,0.0938,0.3656
1953-01-18,1953,R,,nba_0019,nba_0006,76,74,0.7035,1.0,1,0.0879,0.3517
1953-01-18,1953,R,,nba_0015,nba_0022,70,83,0.8924,0.0,0,0.7963,2.2291
1953-01-18,1953,R,,nba_0015,nba_0022,70,83,0.8555,0.0,0,0.7319,1.9345
1953-01-18,1953,R,,nba_0021,nba_0012,103,84,0.9016,1.0,1,0.0097,0.1036
1953-01-18,1953,R,,nba_0021,nba_0012,103,84,0.8752,1.0,1,0.0156,0.1333
1953-01-20,1953,R,,nba_0019,nba_0016,70,59,0.3417,1.0,0,0.4333,1.0738
1953-01-20,1953,R,,nba_0019,nba_0016,70,59,0.3635,1.0,0,0.4051,1.012
1953-01-21,1953,R,,nba_0012,nba_0016,82,89,0.3254,0.0,1,0.1059,0.3936
1953-01-21,1953,R,,nba_0012,nba_0016,82,89,0.3831,0.0,1,0.1468,0.4831
1953-01-21,1953,R,,nba_0001,nba_0013,94,84,0.7318,1.0,1,0.0719,0.3123
1953-01-21,1953,R,,nba_0001,nba_0013,94,84,0.7089,1.0,1,0.0847,0.344
1953-01-21,1953,R,,nba_0022,nba_0005,72,70,0.3287,1.0,0,0.4507,1.1127
1953-01-21,1953,R,,nba_0022,nba_0005,72,70,0.3949,1.0,0,0.3661,0.929
1953-01-22,1953,R,,nba_0001,nba_0005,89,112,0.6415,0.0,0,0.4115,1.0259
1953-01-22,1953,R,,nba_0001,nba_0005,89,112,0.6446,0.0,0,0.4155,1.0344
1953-01-22,1953,R,,nba_0006,nba_0022,100,106,0.6102,0.0,0,0.3723,0.9421
1953-01-22,1953,R,,nba_0006,nba_0022,100,106,0.5535,0.0,0,0.3063,0.8062
1953-01-22,1953,R,,nba_0021,nba_0013,87,75,0.8094,1.0,1,0.0363,0.2115
1953-01-22,1953,R,,nba_0021,nba_0013,87,75,0.7889,1.0,1,0.0445,0.2371
1953-01-23,1953,R,,nba_0019,nba_0001,90,85,0.4525,1.0,0,0.2998,0.793
1953-01-23,1953,R,,nba_0019,nba_0001,90,85,0.4719,1.0,0,0.2789,0.751
1953-01-23,1953,R,,nba_0022,nba_0015,67,65,0.2459,1.0,0,0.5687,1.4029
1953-01-23,1953,R,,nba_0022,nba_0015,67,65,0.3113,1.0,0,0.4744,1.1671
1953-01-24,1953,R,,nba_0016,nba_0021,82,107,0.5998,0.0,0,0.3598,0.9158
1953-01-24,1953,R,,nba_0016,nba_0021,82,107,0.602,0.0,0,0.3624,0.9213
1953-01-24,1953,R,,nba_0022,nba_0019,72,64,0.5772,1.0,1,0.1788,0.5496
1953-01-24,1953,R,,nba_0022,nba_0019,72,64,0.621,1.0,1,0.1436,0.4764
1953-01-24,1953,R,,nba_0005,nba_0013,82,76,0.7519,1.0,1,0.0616,0.2852
1953-01-24,1953,R,,nba_0005,nba_0013,82,76,0.7294,1.0,1,0.0732,0.3156
1953-01-25,1953,R,,nba_0012,nba_0006,82,68,0.6561,1.0,1,0.1183,0.4214
1953-01-25,1953,R,,nba_0012,nba_0006,82,68,0.6977,1.0,1,0.0914,0.36
1953-01-25,1953,R,,nba_0013,nba_0022,65,62,0.7118,1.0,1,0.0831,0.34
1953-01-25,1953,R,,nba_0013,nba_0022,65,62,0.6793,1.0,1,0.1029,0.3867
1953-01-25,1953,R,,nba_0015,nba_0001,87,82,0.7044,1.0,1,0.0874,0.3504
1953-01-25,1953,R,,nba_0015,nba_0001,87,82,0.6911,1.0,1,0.0954,0.3695
1953-01-25,1953,R,,nba_0021,nba_0005,62,97,0.6839,0.0,0,0.4678,1.1518
1953-01-25,1953,R,,nba_0021,nba_0005,62,97,0.6826,0.0,0,0.4659,1.1475
1953-01-27,1953,R,,nba_0001,nba_0022,80,58,0.7969,1.0,1,0.0412,0.227
1953-01-27,1953,R,,nba_0001,nba_0022,80,58,0.753,1.0,1,0.061,0.2837
1953-01-27,1953,R,,nba_0013,nba_0015,76,96,0.4079,0.0,1,0.1663,0.524
1953-01-27,1953,R,,nba_0013,nba_0015,76,96,0.4484,0.0,1,0.2011,0.595
1953-01-27,1953,R,,nba_0019,nba_0021,76,72,0.3591,1.0,0,0.4107,1.0241
1953-01-27,1953,R,,nba_0019,nba_0021,76,72,0.3818,1.0,0,0.3822,0.963
1953-01-27,1953,R,,nba_0016,nba_0005,72,74,0.5793,0.0,0,0.3356,0.8658
1953-01-27,1953,R,,nba_0016,nba_0005,72,74,0.5798,0.0,0,0.3361,0.8669
1953-01-28,1953,R,,nba_0012,nba_0022,83,84,0.6021,0.0,0,0.3626,0.9217
1953-01-28,1953,R,,nba_0012,nba_0022,83,84,0.5976,0.0,0,0.3571,0.9103
1953-01-29,1953,R,,nba_0012,nba_0022,67,70,0.5364,0.0,0,0.2877,0.7688
1953-01-29,1953,R,,nba_0012,nba_0022,67,70,0.5319,0.0,0,0.2829,0.7591
1953-01-29,1953,R,,nba_0013,nba_0001,111,98,0.4933,1.0,0,0.2567,0.7066
1953-01-29,1953,R,,nba_0013,nba_0001,111,98,0.5157,1.0,1,0.2345,0.6622
1953-01-29,1953,R,,nba_0015,nba_0021,65,83,0.6602,0.0,0,0.4359,1.0794
1953-01-29,1953,R,,nba_0015,nba_0021,65,83,0.6516,0.0,0,0.4246,1.0545
1953-01-29,1953,R,,nba_0006,nba_0005,61,72,0.2501,0.0,1,0.0626,0.2878
1953-01-29,1953,R,,nba_0006,nba_0005,61,72,0.2614,0.0,1,0.0683,0.303
1953-01-30,1953,R,,nba_0013,nba_0016,68,70,0.4513,0.0,1,0.2037,0.6002
1953-01-30,1953,R,,nba_0013,nba_0016,68,70,0.4771,0.0,1,0.2276,0.6483
1953-01-30,1953,R,,nba_0022,nba_0021,84,68,0.316,1.0,0,0.4679,1.1521
1953-01-30,1953,R,,nba_0022,nba_0021,84,68,0.3744,1.0,0,0.3914,0.9824
1953-01-31,1953,R,,nba_0012,nba_0019,97,90,0.4442,1.0,0,0.3089,0.8114
1953-01-31,1953,R,,nba_0012,nba_0019,97,90,0.4806,1.0,0,0.2698,0.7327
1953-01-31,1953,R,,nba_0015,nba_0013,87,80,0.8047,1.0,1,0.0382,0.2173
1953-01-31,1953,R,,nba_0015,nba_0013,87,80,0.7808,1.0,1,0.048,0.2474
1953-01-31,1953,R,,nba_0005,nba_0001,76,69,0.7251,1.0,1,0.0756,0.3214
1953-01-31,1953,R,,nba_0005,nba_0001,76,69,0.7213,1.0,1,0.0777,0.3267
1953-01-31,1953,R,,nba_0016,nba_0006,103,83,0.8663,1.0,1,0.0179,0.1435
1953-01-31,1953,R,,nba_0016,nba_0006,103,83,0.8599,1.0,1,0.0196,0.1509
1953-02-01,1953,R,,nba_0013,nba_0015,76,92,0.4026,0.0,1,0.1621,0.5152
1953-02-01,1953,R,,nba_0013,nba_0015,76,92,0.4367,0.0,1,0.1907,0.5739
1953-02-01,1953,R,,nba_0005,nba_0006,90,85,0.9128,1.0,1,0.0076,0.0912
1953-02-01,1953,R,,nba_0005,nba_0006,90,85,0.9083,1.0,1,0.0084,0.0961
1953-02-01,1953,R,,nba_0021,nba_0012,94,79,0.892,1.0,1,0.0117,0.1143
1953-02-01,1953,R,,nba_0021,nba_0012,94,79,0.8673,1.0,1,0.0176,0.1424
1953-02-01,1953,R,,nba_0001,nba_0016,86,109,0.5723,0.0,0,0.3276,0.8494
1953-02-01,1953,R,,nba_0001,nba_0016,86,109,0.5759,0.0,0,0.3317,0.8579
1953-02-02,1953,R,,nba_0012,nba_0021,77,98,0.2538,0.0,1,0.0644,0.2927
1953-02-02,1953,R,,nba_0012,nba_0021,77,98,0.2992,0.0,1,0.0895,0.3555
1953-02-02,1953,R,,nba_0022,nba_0016,78,80,0.424,0.0,1,0.1798,0.5516
1953-02-02,1953,R,,nba_0022,nba_0016,78,80,0.4841,0.0,1,0.2343,0.6618
1953-02-03,1953,R,,nba_0019,nba_0015,96,93,0.3354,1.0,0,0.4417,1.0925
1953-02-03,1953,R,,nba_0019,nba_0015,96,93,0.364,1.0,0,0.4045,1.0106
1953-02-03,1953,R,,nba_0022,nba_0005,69,76,0.2963,0.0,1,0.0878,0.3514
1953-02-03,1953,R,,nba_0022,nba_0005,69,76,0.349,0.0,1,0.1218,0.4292
1953-02-03,1953,R,,nba_0016,nba_0012,109,82,0.8797,1.0,1,0.0145,0.1282
1953-02-03,1953,R,,nba_0016,nba_0012,109,82,0.8554,1.0,1,0.0209,0.1562
1953-02-04,1953,R,,nba_0001,nba_0021,105,92,0.5072,1.0,1,0.2429,0.6789
1953-02-04,1953,R,,nba_0001,nba_0021,105,92,0.5093,1.0,1,0.2408,0.6747
1953-02-04,1953,R,,nba_0012,nba_0006,88,96,0.604,0.0,0,0.3648,0.9264
1953-02-04,1953,R,,nba_0012,nba_0006,88,96,0.6419,0.0,0,0.412,1.0269
1953-02-05,1953,R,,nba_0013,nba_0019,68,63,0.7105,1.0,1,0.0838,0.3418
1953-02-05,1953,R,,nba_0013,nba_0019,68,63,0.7113,1.0,1,0.0833,0.3407
1953-02-05,1953,R,,nba_0015,nba_0005,81,73,0.5979,1.0,1,0.1617,0.5144
1953-02-05,1953,R,,nba_0015,nba_0005,81,73,0.5881,1.0,1,0.1697,0.5308
1953-02-05,1953,R,,nba_0021,nba_0016,83,79,0.6076,1.0,1,0.154,0.4982
1953-02-05,1953,R,,nba_0021,nba_0016,83,79,0.6065,1.0,1,0.1548,0.5
1953-02-06,1953,R,,nba_0019,nba_0005,73,84,0.3189,0.0,1,0.1017,0.384
1953-02-06,1953,R,,nba_0019,nba_0005,73,84,0.3374,0.0,1,0.1138,0.4116
1953-02-07,1953,R,,nba_0012,nba_0001,98,101,0.32,0.0,1,0.1024,0.3857
1953-02-07,1953,R,,nba_0012,nba_0001,98,101,0.3642,0.0,1,0.1326,0.4528
1953-02-07,1953,R,,nba_0005,nba_0006,86,63,0.8934,1.0,1,0.0114,0.1127
1953-02-07,1953,R,,nba_0005,nba_0006,86,63,0.8886,1.0,1,0.0124,0.1181
1953-02-07,1953,R,,nba_0016,nba_0015,87,72,0.5635,1.0,1,0.1905,0.5736
1953-02-07,1953,R,,nba_0016,nba_0015,87,72,0.5749,1.0,1,0.1807,0.5536
1953-02-08,1953,R,,nba_0022,nba_0016,85,82,0.393,1.0,0,0.3684,0.9339
1953-02-08,1953,R,,nba_0022,nba_0016,85,82,0.4476,1.0,0,0.3051,0.8038
1953-02-08,1953,R,,nba_0021,nba_0006,98,89,0.9137,1.0,1,0.0074,0.0902
1953-02-08,1953,R,,nba_0021,nba_0006,98,89,0.9099,1.0,1,0.0081,0.0944
1953-02-08,1953,R,,nba_0015,nba_0019,71,67,0.8334,1.0,1,0.0278,0.1823
1953-02-08,1953,R,,nba_0015,nba_0019,71,67,0.8162,1.0,1,0.0338,0.2031
1953-02-08,1953,R,,nba_0013,nba_0012,89,78,0.8229,1.0,1,0.0314,0.195
1953-02-08,1953,R,,nba_0013,nba_0012,89,78,0.8052,1.0,1,0.0379,0.2167
1953-02-08,1953,R,,nba_0001,nba_0005,87,79,0.4715,1.0,0,0.2793,0.7518
1953-02-08,1953,R,,nba_0001,nba_0005,87,79,0.4744,1.0,0,0.2762,0.7456
1953-02-10,1953,R,,nba_0019,nba_0012,88,83,0.7389,1.0,1,0.0681,0.3025
1953-02-10,1953,R,,nba_0019,nba_0012,88,83,0.7147,1.0,1,0.0814,0.3358
1953-02-10,1953,R,,nba_0016,nba_0006,101,85,0.8906,1.0,1,0.012,0.1159
1953-02-10,1953,R,,nba_0016,nba_0006,101,85,0.8864,1.0,1,0.0129,0.1205
1953-02-11,1953,R,,nba_0012,nba_0005,80,86,0.1728,0.0,1,0.0299,0.1897
1953-02-11,1953,R,,nba_0012,nba_0005,80,86,0.2027,0.0,1,0.0411,0.2265
1953-02-11,1953,R,,nba_0013,nba_0021,96,78,0.414,1.0,0,0.3434,0.8819
1953-02-11,1953,R,,nba_0013,nba_0021,96,78,0.4351,1.0,0,0.3191,0.8322
1953-02-11,1953,R,,nba_0019,nba_0022,65,67,0.5643,0.0,0,0.3185,0.8309
1953-02-11,1953,R,,nba_0019,nba_0022,65,67,0.5282,0.0,0,0.279,0.7513
1953-02-12,1953,R,,nba_0012,nba_0022,85,92,0.4468,0.0,1,0.1996,0.592
1953-02-12,1953,R,,nba_0012,nba_0022,85,92,0.4398,0.0,1,0.1934,0.5795
1953-02-12,1953,R,,nba_0015,nba_0021,91,81,0.6926,1.0,1,0.0945,0.3673
1953-02-12,1953,R,,nba_0015,nba_0021,91,81,0.6836,1.0,1,0.1001,0.3804
1953-02-12,1953,R,,nba_0006,nba_0001,92,91,0.2618,1.0,0,0.545,1.3403
1953-02-12,1953,R,,nba_0006,nba_0001,92,91,0.2687,1.0,0,0.5348,1.3143
1953-02-13,1953,R,,nba_0012,nba_0005,96,106,0.1758,0.0,1,0.0309,0.1933
1953-02-13,1953,R,,nba_0012,nba_0005,96,106,0.2053,0.0,1,0.0421,0.2298
1953-02-13,1953,R,,nba_0019,nba_0021,86,89,0.3769,0.0,1,0.1421,0.4731
1953-02-13,1953,R,,nba_0019,nba_0021,86,89,0.3962,0.0,1,0.157,0.5045
1953-02-13,1953,R,,nba_0001,nba_0022,77,74,0.7485,1.0,1,0.0633,0.2897
1953-02-13,1953,R,,nba_0001,nba_0022,77,74,0.7071,1.0,1,0.0858,0.3466
1953-02-14,1953,R,,nba_0012,nba_0013,88,102,0.3121,0.0,1,0.0974,0.3741
1953-02-14,1953,R,,nba_0012,nba_0013,88,102,0.3354,0.0,1,0.1125,0.4085
1953-02-14,1953,R,,nba_0015,nba_0006,92,84,0.9055,1.0,1,0.0089,0.0993
1953-02-14,1953,R,,nba_0015,nba_0006,92,84,0.898,1.0,1,0.0104,0.1076
1953-02-14,1953,R,,nba_0005,nba_0019,91,79,0.8628,1.0,1,0.0188,0.1475
1953-02-14,1953,R,,nba_0005,nba_0019,91,79,0.8537,1.0,1,0.0214,0.1582
1953-02-14,1953,R,,nba_0016,nba_0022,81,72,0.8377,1.0,1,0.0263,0.1771
1953-02-14,1953,R,,nba_0016,nba_0022,81,72,0.807,1.0,1,0.0373,0.2145
1953-02-15,1953,R,,nba_0021,nba_0005,81,85,0.5824,0.0,0,0.3391,0.8731
1953-02-15,1953,R,,nba_0021,nba_0005,81,85,0.5813,0.0,0,0.3379,0.8705
1953-02-15,1953,R,,nba_0001,nba_0019,89,76,0.8027,1.0,1,0.0389,0.2198
1953-02-15,1953,R,,nba_0001,nba_0019,89,76,0.7922,1.0,1,0.0432,0.2329
1953-02-15,1953,R,,nba_0022,nba_0015,71,80,0.3328,0.0,1,0.1108,0.4047
1953-02-15,1953,R,,nba_0022,nba_0015,71,80,0.3906,0.0,1,0.1526,0.4953
1953-02-15,1953,R,,nba_0012,nba_0006,75,95,0.5731,0.0,0,0.3285,0.8513
1953-02-15,1953,R,,nba_0012,nba_0006,75,95,0.6074,0.0,0,0.3689,0.935
1953-02-15,1953,R,,nba_0013,nba_0016,72,84,0.46,0.0,1,0.2116,0.6162
1953-02-15,1953,R,,nba_0013,nba_0016,72,84,0.4795,0.0,1,0.2299,0.6529
1953-02-17,1953,R,,nba_0019,nba_0006,80,77,0.6933,1.0,1,0.0941,0.3663
1953-02-17,1953,R,,nba_0019,nba_0006,80,77,0.6986,1.0,1,0.0909,0.3587
1953-02-17,1953,R,,nba_0015,nba_0012,70,74,0.9303,0.0,0,0.8655,2.6636
1953-02-17,1953,R,,nba_0015,nba_0012,70,74,0.9154,0.0,0,0.8379,2.4694
1953-02-17,1953,R,,nba_0005,nba_0022,86,67,0.8566,1.0,1,0.0206,0.1548
1953-02-17,1953,R,,nba_0005,nba_0022,86,67,0.8303,1.0,1,0.0288,0.186
1953-02-17,1953,R,,nba_0016,nba_0013,78,88,0.7752,0.0,0,0.6009,1.4925
1953-02-17,1953,R,,nba_0016,nba_0013,78,88,0.7624,0.0,0,0.5812,1.437
1953-02-17,1953,R,,nba_0001,nba_0021,65,84,0.5604,0.0,0,0.3141,0.822
1953-02-17,1953,R,,nba_0001,nba_0021,65,84,0.5639,0.0,0,0.318,0.8299
1953-02-18,1953,R,,nba_0001,nba_0005,69,66,0.4484,1.0,0,0.3043,0.8021
1953-02-18,1953,R,,nba_0001,nba_0005,69,66,0.4496,1.0,0,0.3029,0.7994
1953-02-19,1953,R,,nba_0021,nba_0022,82,72,0.8248,1.0,1,0.0307,0.1926
1953-02-19,1953,R,,nba_0021,nba_0022,82,72,0.7942,1.0,1,0.0423,0.2304
1953-02-19,1953,R,,nba_0015,nba_0016,107,87,0.6581,1.0,1,0.1169,0.4183
1953-02-19,1953,R,,nba_0015,nba_0016,107,87,0.6481,1.0,1,0.1238,0.4337
1953-02-19,1953,R,,nba_0013,nba_0012,83,79,0.8465,1.0,1,0.0236,0.1666
1953-02-19,1953,R,,nba_0013,nba_0012,83,79,0.8336,1.0,1,0.0277,0.182
1953-02-20,1953,R,,nba_0019,nba_0012,59,58,0.7933,1.0,1,0.0427,0.2315
1953-02-20,1953,R,,nba_0019,nba_0012,59,58,0.7762,1.0,1,0.0501,0.2534
1953-02-21,1953,R,,nba_0012,nba_0001,86,90,0.2321,0.0,1,0.0539,0.2641
1953-02-21,1953,R,,nba_0012,nba_0001,86,90,0.2622,0.0,1,0.0688,0.3041
1953-02-21,1953,R,,nba_0019,nba_0022,60,61,0.5769,0.0,0,0.3328,0.8601
1953-02-21,1953,R,,nba_0019,nba_0022,60,61,0.5475,0.0,0,0.2998,0.793
1953-02-21,1953,R,,nba_0015,nba_0013,85,75,0.7832,1.0,1,0.047,0.2444
1953-02-21,1953,R,,nba_0015,nba_0013,85,75,0.7631,1.0,1,0.0561,0.2703
1953-02-21,1953,R,,nba_0005,nba_0006,85,69,0.8989,1.0,1,0.0102,0.1066
1953-02-21,1953,R,,nba_0005,nba_0006,85,69,0.895,1.0,1,0.011,0.111
1953-02-21,1953,R,,nba_0016,nba_0021,84,73,0.5924,1.0,1,0.1661,0.5235
1953-02-21,1953,R,,nba_0016,nba_0021,84,73,0.5934,1.0,1,0.1653,0.5219
1953-02-22,1953,R,,nba_0021,nba_0006,86,73,0.8832,1.0,1,0.0136,0.1242
1953-02-22,1953,R,,nba_0021,nba_0006,86,73,0.8784,1.0,1,0.0148,0.1297
1953-02-22,1953,R,,nba_0013,nba_0015,90,78,0.41,1.0,0,0.3481,0.8917
1953-02-22,1953,R,,nba_0013,nba_0015,90,78,0.4366,1.0,0,0.3174,0.8287
1953-02-22,1953,R,,nba_0001,nba_0005,87,83,0.4702,1.0,0,0.2807,0.7545
1953-02-22,1953,R,,nba_0001,nba_0005,87,83,0.472,1.0,0,0.2788,0.7509
1953-02-22,1953,R,,nba_0022,nba_0019,71,64,0.6556,1.0,1,0.1186,0.4222
1953-02-22,1953,R,,nba_0022,nba_0019,71,64,0.6809,1.0,1,0.1018,0.3844
1953-02-23,1953,R,,nba_0022,nba_0006,78,64,0.7424,1.0,1,0.0664,0.2979
1953-02-23,1953,R,,nba_0022,nba_0006,78,64,0.7682,1.0,1,0.0537,0.2637
1953-02-24,1953,R,,nba_0019,nba_0022,71,69,0.5776,1.0,1,0.1785,0.549
1953-02-24,1953,R,,nba_0019,nba_0022,71,69,0.552,1.0,1,0.2007,0.5943
1953-02-24,1953,R,,nba_0005,nba_0015,79,63,0.6332,1.0,1,0.1345,0.4569
1953-02-24,1953,R,,nba_0005,nba_0015,79,63,0.6416,1.0,1,0.1285,0.4438
1953-02-24,1953,R,,nba_0006,nba_0021,63,74,0.2302,0.0,1,0.053,0.2617
1953-02-24,1953,R,,nba_0006,nba_0021,63,74,0.239,0.0,1,0.0571,0.2731
1953-02-24,1953,R,,nba_0016,nba_0013,80,91,0.7503,0.0,0,0.563,1.3877
1953-02-24,1953,R,,nba_0016,nba_0013,80,91,0.7371,0.0,0,0.5434,1.3361
1953-02-25,1953,R,,nba_0005,nba_0016,71,79,0.7052,0.0,0,0.4973,1.2216
1953-02-25,1953,R,,nba_0005,nba_0016,71,79,0.7049,0.0,0,0.4969,1.2204
1953-02-25,1953,R,,nba_0001,nba_0006,87,80,0.8799,1.0,1,0.0144,0.128
1953-02-25,1953,R,,nba_0001,nba_0006,87,80,0.8759,1.0,1,0.0154,0.1325
1953-02-25,1953,R,,nba_0012,nba_0015,72,85,0.2125,0.0,1,0.0452,0.2389
1953-02-25,1953,R,,nba_0012,nba_0015,72,85,0.2476,0.0,1,0.0613,0.2845
1953-02-26,1953,R,,nba_0012,nba_0001,81,82,0.2465,0.0,1,0.0608,0.283
1953-02-26,1953,R,,nba_0012,nba_0001,81,82,0.2759,0.0,1,0.0761,0.3228
1953-02-26,1953,R,,nba_0006,nba_0015,73,85,0.2172,0.0,1,0.0472,0.2449
1953-02-26,1953,R,,nba_0006,nba_0015,73,85,0.23,0.0,1,0.0529,0.2614
1953-02-26,1953,R,,nba_0021,nba_0013,89,77,0.7244,1.0,1,0.076,0.3224
1953-02-26,1953,R,,nba_0021,nba_0013,89,77,0.71,1.0,1,0.0841,0.3425
1953-02-27,1953,R,,nba_0015,nba_0006,98,75,0.9084,1.0,1,0.0084,0.0961
1953-02-27,1953,R,,nba_0015,nba_0006,98,75,0.9023,1.0,1,0.0095,0.1028
1953-02-28,1953,R,,nba_0012,nba_0021,77,74,0.1861,1.0,0,0.6625,1.6816
1953-02-28,1953,R,,nba_0012,nba_0021,77,74,0.2112,1.0,0,0.6221,1.5547
1953-02-28,1953,R,,nba_0022,nba_0006,87,73,0.7942,1.0,1,0.0424,0.2305
1953-02-28,1953,R,,nba_0022,nba_0006,87,73,0.8154,1.0,1,0.0341,0.2041
1953-02-28,1953,R,,nba_0005,nba_0013,85,74,0.7829,1.0,1,0.0471,0.2447
1953-02-28,1953,R,,nba_0005,nba_0013,85,74,0.7712,1.0,1,0.0523,0.2598
1953-02-28,1953,R,,nba_0016,nba_0001,92,85,0.6915,1.0,1,0.0952,0.3689
1953-02-28,1953,R,,nba_0016,nba_0001,92,85,0.6896,1.0,1,0.0964,0.3717
1953-03-01,1953,R,,nba_0015,nba_0006,102,80,0.9196,1.0,1,0.0065,0.0838
1953-03-01,1953,R,,nba_0015,nba_0006,102,80,0.9141,1.0,1,0.0074,0.0898
1953-03-01,1953,R,,nba_0013,nba_0022,76,74,0.7163,1.0,1,0.0805,0.3337
1953-03-01,1953,R,,nba_0013,nba_0022,76,74,0.6937,1.0,1,0.0938,0.3657
1953-03-01,1953,R,,nba_0021,nba_0005,79,64,0.5621,1.0,1,0.1918,0.5761
1953-03-01,1953,R,,nba_0021,nba_0005,79,64,0.562,1.0,1,0.1918,0.5762
1953-03-03,1953,R,,nba_0012,nba_0001,94,95,0.2569,0.0,1,0.066,0.297
1953-03-03,1953,R,,nba_0012,nba_0001,94,95,0.2862,0.0,1,0.0819,0.3372
1953-03-03,1953,R,,nba_0013,nba_0015,68,86,0.4522,0.0,1,0.2044,0.6018
1953-03-03,1953,R,,nba_0013,nba_0015,68,86,0.4754,0.0,1,0.226,0.6451
1953-03-03,1953,R,,nba_0019,nba_0006,90,73,0.7648,1.0,1,0.0553,0.2682
1953-03-03,1953,R,,nba_0019,nba_0006,90,73,0.7703,1.0,1,0.0528,0.261
1953-03-03,1953,R,,nba_0022,nba_0021,75,70,0.3634,1.0,0,0.4053,1.0123
1953-03-03,1953,R,,nba_0022,nba_0021,75,70,0.4038,1.0,0,0.3555,0.9069
1953-03-03,1953,R,,nba_0005,nba_0016,109,88,0.6416,1.0,1,0.1285,0.4438
1953-03-03,1953,R,,nba_0005,nba_0016,109,88,0.6415,1.0,1,0.1285,0.444
1953-03-04,1953,R,,nba_0013,nba_0021,73,75,0.4775,0.0,1,0.228,0.6491
1953-03-04,1953,R,,nba_0013,nba_0021,73,75,0.4925,0.0,1,0.2426,0.6783
1953-03-04,1953,R,,nba_0001,nba_0006,82,75,0.8731,1.0,1,0.0161,0.1357
1953-03-04,1953,R,,nba_0001,nba_0006,82,75,0.8693,1.0,1,0.0171,0.1401
1953-03-04,1953,R,,nba_0012,nba_0016,77,81,0.2123,0.0,1,0.0451,0.2387
1953-03-04,1953,R,,nba_0012,nba_0016,77,81,0.2394,0.0,1,0.0573,0.2736
1953-03-05,1953,R,,nba_0012,nba_0005,69,80,0.1514,0.0,1,0.0229,0.1642
1953-03-05,1953,R,,nba_0012,nba_0005,69,80,0.1722,0.0,1,0.0296,0.1889
1953-03-05,1953,R,,nba_0006,nba_0016,78,69,0.2297,1.0,0,0.5933,1.4708
1953-03-05,1953,R,,nba_0006,nba_0016,78,69,0.2371,1.0,0,0.582,1.4393
1953-03-05,1953,R,,nba_0021,nba_0015,94,91,0.5481,1.0,1,0.2042,0.6013
1953-03-05,1953,R,,nba_0021,nba_0015,94,91,0.5546,1.0,1,0.1984,0.5895
1953-03-06,1953,R,,nba_0001,nba_0015,100,85,0.5221,1.0,1,0.2284,0.65
1953-03-06,1953,R,,nba_0001,nba_0015,100,85,0.5304,1.0,1,0.2205,0.6341
1953-03-06,1953,R,,nba_0019,nba_0013,64,73,0.5013,0.0,0,0.2513,0.6958
1953-03-06,1953,R,,nba_0019,nba_0013,64,73,0.5044,0.0,0,0.2544,0.7019
1953-03-06,1953,R,,nba_0005,nba_0021,75,66,0.6583,1.0,1,0.1168,0.4181
1953-03-06,1953,R,,nba_0005,nba_0021,75,66,0.6581,1.0,1,0.1169,0.4183
1953-03-07,1953,R,,nba_0012,nba_0013,81,83,0.3145,0.0,1,0.0989,0.3775
1953-03-07,1953,R,,nba_0012,nba_0013,81,83,0.334,0.0,1,0.1116,0.4065
1953-03-07,1953,R,,nba_0016,nba_0015,84,82,0.5763,1.0,1,0.1795,0.5512
1953-03-07,1953,R,,nba_0016,nba_0015,84,82,0.5823,1.0,1,0.1745,0.5408
1953-03-07,1953,R,,nba_0006,nba_0021,88,87,0.2418,1.0,0,0.5749,1.4198
1953-03-07,1953,R,,nba_0006,nba_0021,88,87,0.2492,1.0,0,0.5636,1.3893
1953-03-08,1953,R,,nba_0013,nba_0016,69,71,0.5144,0.0,0,0.2647,0.7225
1953-03-08,1953,R,,nba_0013,nba_0016,69,71,0.5295,0.0,0,0.2804,0.7539
1953-03-08,1953,R,,nba_0015,nba_0022,100,73,0.7927,1.0,1,0.043,0.2323
1953-03-08,1953,R,,nba_0015,nba_0022,100,73,0.7597,1.0,1,0.0577,0.2748
1953-03-08,1953,R,,nba_0005,nba_0001,78,89,0.7292,0.0,0,0.5318,1.3065
1953-03-08,1953,R,,nba_0005,nba_0001,78,89,0.7277,0.0,0,0.5296,1.3009
1953-03-08,1953,R,,nba_0021,nba_0012,98,91,0.9163,1.0,1,0.007,0.0874
1953-03-08,1953,R,,nba_0021,nba_0012,98,91,0.9044,1.0,1,0.0091,0.1005
1953-03-09,1953,R,,nba_0013,nba_0022,94,74,0.7088,1.0,1,0.0848,0.3442
1953-03-09,1953,R,,nba_0013,nba_0022,94,74,0.6875,1.0,1,0.0977,0.3747
1953-03-09,1953,R,,nba_0019,nba_0015,95,83,0.3337,1.0,0,0.444,1.0976
1953-03-09,1953,R,,nba_0019,nba_0015,95,83,0.3536,1.0,0,0.4179,1.0397
1953-03-10,1953,R,,nba_0019,nba_0016,59,61,0.3334,0.0,1,0.1112,0.4056
1953-03-10,1953,R,,nba_0019,nba_0016,59,61,0.3487,0.0,1,0.1216,0.4287
1953-03-10,1953,R,,nba_0022,nba_0006,77,76,0.7171,1.0,1,0.08,0.3325
1953-03-10,1953,R,,nba_0022,nba_0006,77,76,0.74,1.0,1,0.0676,0.3011
1953-03-11,1953,R,,nba_0012,nba_0005,107,113,0.1626,0.0,1,0.0264,0.1775
1953-03-11,1953,R,,nba_0012,nba_0005,107,113,0.1835,0.0,1,0.0337,0.2027
1953-03-11,1953,R,,nba_0001,nba_0013,98,92,0.7214,1.0,1,0.0776,0.3265
1953-03-11,1953,R,,nba_0001,nba_0013,98,92,0.7102,1.0,1,0.084,0.3423
1953-03-11,1953,R,,nba_0022,nba_0006,69,72,0.7594,0.0,0,0.5767,1.4247
1953-03-11,1953,R,,nba_0022,nba_0006,69,72,0.7793,0.0,0,0.6074,1.5111
1953-03-12,1953,R,,nba_0021,nba_0001,84,70,0.6868,1.0,1,0.0981,0.3758
1953-03-12,1953,R,,nba_0021,nba_0001,84,70,0.6852,1.0,1,0.0991,0.378
1953-03-12,1953,R,,nba_0006,nba_0005,85,90,0.208,0.0,1,0.0433,0.2333
1953-03-12,1953,R,,nba_0006,nba_0005,85,90,0.2149,0.0,1,0.0462,0.242
1953-03-12,1953,R,,nba_0015,nba_0016,89,77,0.6658,1.0,1,0.1117,0.4068
1953-03-12,1953,R,,nba_0015,nba_0016,89,77,0.6616,1.0,1,0.1145,0.4132
1953-03-13,1953,R,,nba_0012,nba_0006,98,72,0.5663,1.0,1,0.1881,0.5686
1953-03-13,1953,R,,nba_0012,nba_0006,98,72,0.5912,1.0,1,0.1671,0.5257
1953-03-13,1953,R,,nba_0019,nba_0022,52,50,0.6106,1.0,1,0.1517,0.4934
1953-03-13,1953,R,,nba_0019,nba_0022,52,50,0.5899,1.0,1,0.1682,0.5278
1953-03-14,1953,R,,nba_0012,nba_0006,87,85,0.5804,1.0,1,0.1761,0.5441
1953-03-14,1953,R,,nba_0012,nba_0006,87,85,0.6034,1.0,1,0.1573,0.5051
1953-03-14,1953,R,,nba_0005,nba_0021,81,95,0.6608,0.0,0,0.4367,1.0813
1953-03-14,1953,R,,nba_0005,nba_0021,81,95,0.6609,0.0,0,0.4367,1.0814
1953-03-14,1953,R,,nba_0016,nba_0019,82,90,0.8369,0.0,0,0.7005,1.8137
1953-03-14,1953,R,,nba_0016,nba_0019,82,90,0.8276,0.0,0,0.6849,1.7579
1953-03-15,1953,R,,nba_0001,nba_0006,103,87,0.9038,1.0,1,0.0093,0.1012
1953-03-15,1953,R,,nba_0001,nba_0006,103,87,0.9004,1.0,1,0.0099,0.105
1953-03-15,1953,R,,nba_0013,nba_0005,81,69,0.4962,1.0,0,0.2539,0.7009
1953-03-15,1953,R,,nba_0013,nba_0005,81,69,0.511,1.0,1,0.2391,0.6713
1953-03-15,1953,R,,nba_0016,nba_0012,105,87,0.8957,1.0,1,0.0109,0.1101
1953-03-15,1953,R,,nba_0016,nba_0012,105,87,0.8822,1.0,1,0.0139,0.1254
1953-03-15,1953,R,,nba_0021,nba_0019,84,68,0.8427,1.0,1,0.0248,0.1712
1953-03-15,1953,R,,nba_0021,nba_0019,84,68,0.8336,1.0,1,0.0277,0.182
1953-03-16,1953,R,,nba_0012,nba_0001,78,92,0.2295,0.0,1,0.0527,0.2608
1953-03-16,1953,R,,nba_0012,nba_0001,78,92,0.2531,0.0,1,0.0641,0.2919
1953-03-17,1953,P,1.0,nba_0019,nba_0015,71,73,0.2894,0.0,1,0.0838,0.3417
1953-03-17,1953,P,1.0,nba_0019,nba_0015,71,73,0.3068,0.0,1,0.0941,0.3665
1953-03-17,1953,R,,nba_0022,nba_0013,87,61,0.5213,1.0,1,0.2292,0.6515
1953-03-17,1953,R,,nba_0022,nba_0013,87,61,0.5443,1.0,1,0.2076,0.6082
1953-03-17,1953,P,1.0,nba_0005,nba_0012,80,62,0.9258,1.0,1,0.0055,0.0771
1953-03-17,1953,P,1.0,nba_0005,nba_0012,80,62,0.9162,1.0,1,0.007,0.0875
1953-03-17,1953,P,1.0,nba_0021,nba_0001,72,68,0.6995,1.0,1,0.0903,0.3574
1953-03-17,1953,P,1.0,nba_0021,nba_0001,72,68,0.6977,1.0,1,0.0914,0.36
1953-03-18,1953,R,,nba_0022,nba_0019,69,74,0.6454,0.0,0,0.4166,1.0368
1953-03-18,1953,R,,nba_0022,nba_0019,69,74,0.6644,0.0,0,0.4415,1.0919
1953-03-19,1953,P,1.0,nba_0021,nba_0001,81,87,0.6914,0.0,0,0.4781,1.1758
1953-03-19,1953,P,1.0,nba_0021,nba_0001,81,87,0.6897,0.0,0,0.4756,1.1701
1953-03-20,1953,P,1.0,nba_0012,nba_0005,81,90,0.1849,0.0,1,0.0342,0.2045
1953-03-20,1953,P,1.0,nba_0012,nba_0005,81,90,0.2051,0.0,1,0.0421,0.2296
1953-03-20,1953,P,1.0,nba_0016,nba_0013,77,84,0.7473,0.0,0,0.5585,1.3756
1953-03-20,1953,P,1.0,nba_0016,nba_0013,77,84,0.736,0.0,0,0.5416,1.3317
1953-03-21,1953,P,1.0,nba_0001,nba_0021,111,105,0.5742,1.0,1,0.1813,0.5548
1953-03-21,1953,P,1.0,nba_0001,nba_0021,111,105,0.5762,1.0,1,0.1796,0.5514
1953-03-22,1953,P,1.0,nba_0013,nba_0016,71,83,0.5557,0.0,0,0.3088,0.8112
1953-03-22,1953,P,1.0,nba_0013,nba_0016,71,83,0.57,0.0,0,0.3249,0.8439
1953-03-22,1953,P,1.0,nba_0015,nba_0019,85,69,0.8526,1.0,1,0.0217,0.1594
1953-03-22,1953,P,1.0,nba_0015,nba_0019,85,69,0.8421,1.0,1,0.0249,0.1718
1953-03-23,1953,P,1.0,nba_0019,nba_0015,79,81,0.324,0.0,1,0.105,0.3916
1953-03-23,1953,P,1.0,nba_0019,nba_0015,79,81,0.3414,0.0,1,0.1165,0.4176
1953-03-24,1953,P,1.0,nba_0016,nba_0013,65,67,0.7088,0.0,0,0.5024,1.2338
1953-03-24,1953,P,1.0,nba_0016,nba_0013,65,67,0.6977,0.0,0,0.4868,1.1965
1953-03-25,1953,P,2.0,nba_0005,nba_0001,95,91,0.6738,1.0,1,0.1064,0.3948
1953-03-25,1953,P,2.0,nba_0005,nba_0001,95,91,0.6728,1.0,1,0.107,0.3963
1953-03-26,1953,P,2.0,nba_0001,nba_0005,86,70,0.5669,1.0,1,0.1876,0.5676
1953-03-26,1953,P,2.0,nba_0001,nba_0005,86,70,0.5679,1.0,1,0.1867,0.5658
1953-03-26,1953,P,2.0,nba_0015,nba_0013,83,73,0.7783,1.0,1,0.0492,0.2507
1953-03-26,1953,P,2.0,nba_0015,nba_0013,83,73,0.7658,1.0,1,0.0549,0.2669
1953-03-28,1953,P,2.0,nba_0015,nba_0013,82,75,0.7719,1.0,1,0.052,0.2589
1953-03-28,1953,P,2.0,nba_0015,nba_0013,82,75,0.7598,1.0,1,0.0577,0.2747
1953-03-28,1953,P,2.0,nba_0005,nba_0001,101,82,0.6358,1.0,1,0.1326,0.4528
1953-03-28,1953,P,2.0,nba_0005,nba_0001,101,82,0.6349,1.0,1,0.1333,0.4543
1953-03-29,1953,P,2.0,nba_0001,nba_0005,75,82,0.5694,0.0,0,0.3242,0.8426
1953-03-29,1953,P,2.0,nba_0001,nba_0005,75,82,0.5703,0.0,0,0.3252,0.8447
1953-03-30,1953,P,2.0,nba_0013,nba_0015,98,95,0.4252,1.0,0,0.3304,0.8551
1953-03-30,1953,P,2.0,nba_0013,nba_0015,98,95,0.441,1.0,0,0.3125,0.8187
1953-04-01,1953,P,2.0,nba_0013,nba_0015,85,82,0.449,1.0,0,0.3036,0.8007
1953-04-01,1953,P,2.0,nba_0013,nba_0015,85,82,0.4645,1.0,0,0.2867,0.7668
1953-04-02,1953,P,2.0,nba_0015,nba_0013,74,58,0.7461,1.0,1,0.0645,0.2929
1953-04-02,1953,P,2.0,nba_0015,nba_0013,74,58,0.7345,1.0,1,0.0705,0.3086
1953-04-04,1953,P,3.0,nba_0015,nba_0005,88,96,0.5663,0.0,0,0.3207,0.8353
1953-04-04,1953,P,3.0,nba_0015,nba_0005,88,96,0.5635,0.0,0,0.3175,0.8289
1953-04-05,1953,P,3.0,nba_0015,nba_0005,73,71,0.5728,1.0,1,0.1825,0.5573
1953-04-05,1953,P,3.0,nba_0015,nba_0005,73,71,0.5702,1.0,1,0.1847,0.5618
1953-04-07,1953,P,3.0,nba_0005,nba_0015,75,90,0.6443,0.0,0,0.4151,1.0336
1953-04-07,1953,P,3.0,nba_0005,nba_0015,75,90,0.6466,0.0,0,0.4181,1.0401
1953-04-08,1953,P,3.0,nba_0005,nba_0015,69,71,0.5904,0.0,0,0.3486,0.8926
1953-04-08,1953,P,3.0,nba_0005,nba_0015,69,71,0.5927,0.0,0,0.3513,0.8982
1953-04-10,1953,P,3.0,nba_0005,nba_0015,84,91,0.5633,0.0,0,0.3173,0.8286
1953-04-10,1953,P,3.0,nba_0005,nba_0015,84,91,0.5655,0.0,0,0.3198,0.8336
1953-10-30,1954,R,,nba_0022,nba_0015,69,59,0.4091,1.0,0,0.3492,0.8939
1953-10-30,1954,R,,nba_0022,nba_0015,69,59,0.6186,1.0,1,0.1455,0.4803
1953-10-31,1954,R,,nba_0012,nba_0016,68,72,0.3711,0.0,1,0.1377,0.4637
1953-10-31,1954,R,,nba_0012,nba_0016,68,72,0.6186,0.0,0,0.3826,0.9639
1953-10-31,1954,R,,nba_0005,nba_0015,91,67,0.605,1.0,1,0.156,0.5025
1953-10-31,1954,R,,nba_0005,nba_0015,91,67,0.6524,1.0,1,0.1209,0.4272
1953-10-31,1954,R,,nba_0006,nba_0021,79,73,0.3543,1.0,0,0.417,1.0377
1953-10-31,1954,R,,nba_0006,nba_0021,79,73,0.6186,1.0,1,0.1455,0.4803
1953-11-01,1954,R,,nba_0001,nba_0015,79,84,0.627,0.0,0,0.3932,0.9862
1953-11-01,1954,R,,nba_0001,nba_0015,79,84,0.6886,0.0,0,0.4741,1.1666
1953-11-01,1954,R,,nba_0012,nba_0016,72,80,0.3555,0.0,1,0.1264,0.4393
1953-11-01,1954,R,,nba_0012,nba_0016,72,80,0.5879,0.0,0,0.3456,0.8865
1953-11-01,1954,R,,nba_0021,nba_0006,85,61,0.808,1.0,1,0.0369,0.2132
1953-11-01,1954,R,,nba_0021,nba_0006,85,61,0.5973,1.0,1,0.1622,0.5153
1953-11-01,1954,R,,nba_0013,nba_0022,77,67,0.696,1.0,1,0.0924,0.3624
1953-11-01,1954,R,,nba_0013,nba_0022,77,67,0.6276,1.0,1,0.1387,0.4659
1953-11-04,1954,R,,nba_0012,nba_0015,75,77,0.2971,0.0,1,0.0883,0.3526
1953-11-04,1954,R,,nba_0012,nba_0015,75,77,0.5978,0.0,0,0.3574,0.9108
1953-11-04,1954,R,,nba_0022,nba_0005,67,73,0.4293,0.0,1,0.1843,0.561
1953-11-04,1954,R,,nba_0022,nba_0005,67,73,0.5796,0.0,0,0.3359,0.8665
1953-11-05,1954,R,,nba_0013,nba_0001,83,79,0.5917,1.0,1,0.1667,0.5247
1953-11-05,1954,R,,nba_0013,nba_0001,83,79,0.648,1.0,1,0.1239,0.4338
1953-11-05,1954,R,,nba_0021,nba_0015,65,77,0.627,0.0,0,0.3931,0.9862
1953-11-05,1954,R,,nba_0021,nba_0015,65,77,0.6694,0.0,0,0.448,1.1067
1953-11-06,1954,R,,nba_0022,nba_0005,68,80,0.4296,0.0,1,0.1845,0.5614
1953-11-06,1954,R,,nba_0022,nba_0005,68,80,0.5694,0.0,0,0.3242,0.8426
1953-11-07,1954,R,,nba_0012,nba_0021,77,88,0.3608,0.0,1,0.1302,0.4475
1953-11-07,1954,R,,nba_0012,nba_0021,77,88,0.6099,0.0,0,0.372,0.9414
1953-11-07,1954,R,,nba_0015,nba_0005,70,62,0.655,1.0,1,0.119,0.4231
1953-11-07,1954,R,,nba_0015,nba_0005,70,62,0.6116,1.0,1,0.1509,0.4918
1953-11-07,1954,R,,nba_0006,nba_0001,77,79,0.4608,0.0,1,0.2123,0.6176
1953-11-07,1954,R,,nba_0006,nba_0001,77,79,0.677,0.0,0,0.4583,1.13
1953-11-07,1954,R,,nba_0016,nba_0013,91,76,0.6975,1.0,1,0.0915,0.3603
1953-11-07,1954,R,,nba_0016,nba_0013,91,76,0.6723,1.0,1,0.1074,0.3971
1953-11-08,1954,R,,nba_0012,nba_0006,75,85,0.5643,0.0,0,0.3184,0.8308
1953-11-08,1954,R,,nba_0012,nba_0006,75,85,0.5753,0.0,0,0.3309,0.8563
1953-11-08,1954,R,,nba_0013,nba_0005,70,75,0.5187,0.0,0,0.2691,0.7313
1953-11-08,1954,R,,nba_0013,nba_0005,70,75,0.585,0.0,0,0.3423,0.8795
1953-11-08,1954,R,,nba_0021,nba_0016,85,66,0.61,1.0,1,0.1521,0.4944
1953-11-08,1954,R,,nba_0021,nba_0016,85,66,0.5782,1.0,1,0.1779,0.5478
1953-11-10,1954,R,,nba_0016,nba_0006,64,66,0.7997,0.0,0,0.6395,1.6077
1953-11-10,1954,R,,nba_0016,nba_0006,64,66,0.6501,0.0,0,0.4226,1.0501
1953-11-10,1954,R,,nba_0013,nba_0015,78,62,0.4443,1.0,0,0.3088,0.8113
1953-11-10,1954,R,,nba_0013,nba_0015,78,62,0.5529,1.0,1,0.1999,0.5925
1953-11-10,1954,R,,nba_0022,nba_0021,59,74,0.4838,0.0,1,0.2341,0.6613
1953-11-10,1954,R,,nba_0022,nba_0021,59,74,0.6031,0.0,0,0.3638,0.9242
1953-11-11,1954,R,,nba_0001,nba_0006,72,78,0.8064,0.0,0,0.6503,1.6421
1953-11-11,1954,R,,nba_0001,nba_0006,72,78,0.641,0.0,0,0.4109,1.0245
1953-11-12,1954,R,,nba_0013,nba_0021,78,74,0.5358,1.0,1,0.2155,0.624
1953-11-12,1954,R,,nba_0013,nba_0021,78,74,0.5821,1.0,1,0.1746,0.541
1953-11-12,1954,R,,nba_0005,nba_0006,81,65,0.8442,1.0,1,0.0243,0.1693
1953-11-12,1954,R,,nba_0005,nba_0006,81,65,0.6887,1.0,1,0.0969,0.3729
1953-11-13,1954,R,,nba_0022,nba_0015,84,92,0.3787,0.0,1,0.1434,0.4759
1953-11-13,1954,R,,nba_0022,nba_0015,84,92,0.5407,0.0,0,0.2923,0.778
1953-11-14,1954,R,,nba_0006,nba_0013,63,58,0.4555,1.0,0,0.2965,0.7863
1953-11-14,1954,R,,nba_0006,nba_0013,63,58,0.6117,1.0,1,0.1508,0.4915
1953-11-14,1954,R,,nba_0016,nba_0015,98,91,0.5701,1.0,1,0.1848,0.5619
1953-11-14,1954,R,,nba_0016,nba_0015,98,91,0.6426,1.0,1,0.1277,0.4422
1953-11-14,1954,R,,nba_0001,nba_0021,77,66,0.569,1.0,1,0.1857,0.5638
1953-11-14,1954,R,,nba_0001,nba_0021,77,66,0.5734,1.0,1,0.182,0.5562
1953-11-14,1954,R,,nba_0012,nba_0005,88,83,0.2887,1.0,0,0.5059,1.2423
1953-11-14,1954,R,,nba_0012,nba_0005,88,83,0.5058,1.0,1,0.2443,0.6816
1953-11-15,1954,R,,nba_0001,nba_0015,74,89,0.5253,0.0,0,0.276,0.7451
1953-11-15,1954,R,,nba_0001,nba_0015,74,89,0.5783,0.0,0,0.3344,0.8633
1953-11-15,1954,R,,nba_0013,nba_0016,68,65,0.5823,1.0,1,0.1745,0.5408
1953-11-15,1954,R,,nba_0013,nba_0016,68,65,0.6058,1.0,1,0.1554,0.5012
1953-11-15,1954,R,,nba_0005,nba_0012,91,79,0.8729,1.0,1,0.0162,0.1359
1953-11-15,1954,R,,nba_0005,nba_0012,91,79,0.7369,1.0,1,0.0692,0.3054
1953-11-15,1954,R,,nba_0021,nba_0022,69,61,0.7697,1.0,1,0.053,0.2618
1953-11-15,1954,R,,nba_0021,nba_0022,69,61,0.6897,1.0,1,0.0963,0.3715
1953-11-17,1954,R,,nba_0001,nba_0016,73,92,0.5877,0.0,0,0.3454,0.8861
1953-11-17,1954,R,,nba_0001,nba_0016,73,92,0.5655,0.0,0,0.3198,0.8336
1953-11-17,1954,R,,nba_0013,nba_0015,66,83,0.4982,0.0,1,0.2482,0.6895
1953-11-17,1954,R,,nba_0013,nba_0015,66,83,0.5916,0.0,0,0.3499,0.8954
1953-11-18,1954,R,,nba_0012,nba_0022,104,74,0.5048,1.0,1,0.2452,0.6836
1953-11-18,1954,R,,nba_0012,nba_0022,104,74,0.6197,1.0,1,0.1446,0.4785
1953-11-18,1954,R,,nba_0005,nba_0006,88,83,0.7956,1.0,1,0.0418,0.2287
1953-11-18,1954,R,,nba_0005,nba_0006,88,83,0.6381,1.0,1,0.131,0.4493
1953-11-19,1954,R,,nba_0012,nba_0005,85,96,0.2883,0.0,1,0.0831,0.3401
1953-11-19,1954,R,,nba_0012,nba_0005,85,96,0.4785,0.0,1,0.2289,0.651
1953-11-19,1954,R,,nba_0022,nba_0016,69,79,0.3703,0.0,1,0.1372,0.4626
1953-11-19,1954,R,,nba_0022,nba_0016,69,79,0.4486,0.0,1,0.2013,0.5954
1953-11-19,1954,R,,nba_0006,nba_0015,79,107,0.3118,0.0,1,0.0972,0.3736
1953-11-19,1954,R,,nba_0006,nba_0015,79,107,0.5393,0.0,0,0.2908,0.775
1953-11-19,1954,R,,nba_0021,nba_0013,79,76,0.7271,1.0,1,0.0745,0.3186
1953-11-19,1954,R,,nba_0021,nba_0013,79,76,0.6943,1.0,1,0.0935,0.3649
1953-11-20,1954,R,,nba_0022,nba_0016,63,81,0.3708,0.0,1,0.1375,0.4633
1953-11-20,1954,R,,nba_0022,nba_0016,63,81,0.4432,0.0,1,0.1965,0.5856
1953-11-21,1954,R,,nba_0005,nba_0021,68,67,0.6583,1.0,1,0.1168,0.4182
1953-11-21,1954,R,,nba_0005,nba_0021,68,67,0.6679,1.0,1,0.1103,0.4036
1953-11-21,1954,R,,nba_0015,nba_0016,76,70,0.7156,1.0,1,0.0809,0.3346
1953-11-21,1954,R,,nba_0015,nba_0016,76,70,0.6672,1.0,1,0.1108,0.4047
1953-11-21,1954,R,,nba_0001,nba_0013,90,68,0.6484,1.0,1,0.1236,0.4333
1953-11-21,1954,R,,nba_0001,nba_0013,90,68,0.612,1.0,1,0.1505,0.491
1953-11-21,1954,R,,nba_0012,nba_0006,83,103,0.5316,0.0,0,0.2826,0.7585
1953-11-21,1954,R,,nba_0012,nba_0006,83,103,0.5542,0.0,0,0.3071,0.8079
1953-11-22,1954,R,,nba_0013,nba_0016,83,82,0.5146,1.0,1,0.2356,0.6643
1953-11-22,1954,R,,nba_0013,nba_0016,83,82,0.5273,1.0,1,0.2234,0.6399
1953-11-22,1954,R,,nba_0022,nba_0015,55,57,0.283,0.0,1,0.0801,0.3326
1953-11-22,1954,R,,nba_0022,nba_0015,55,57,0.3928,0.0,1,0.1543,0.4989
1953-11-22,1954,R,,nba_0021,nba_0005,80,84,0.5643,0.0,0,0.3185,0.8309
1953-11-22,1954,R,,nba_0021,nba_0005,80,84,0.5541,0.0,0,0.307,0.8076
1953-11-24,1954,R,,nba_0001,nba_0005,92,103,0.4947,0.0,1,0.2447,0.6826
1953-11-24,1954,R,,nba_0001,nba_0005,92,103,0.4849,0.0,1,0.2351,0.6634
1953-11-24,1954,R,,nba_0006,nba_0012,83,80,0.7367,1.0,1,0.0693,0.3055
1953-11-24,1954,R,,nba_0006,nba_0012,83,80,0.7209,1.0,1,0.0779,0.3273
1953-11-24,1954,R,,nba_0016,nba_0021,80,89,0.6268,0.0,0,0.3929,0.9857
1953-11-24,1954,R,,nba_0016,nba_0021,80,89,0.6488,0.0,0,0.4209,1.0463
1953-11-25,1954,R,,nba_0012,nba_0021,66,58,0.2842,1.0,0,0.5124,1.2581
1953-11-25,1954,R,,nba_0012,nba_0021,66,58,0.4672,1.0,0,0.2839,0.761
1953-11-25,1954,R,,nba_0022,nba_0013,64,58,0.4392,1.0,0,0.3145,0.8228
1953-11-25,1954,R,,nba_0022,nba_0013,64,58,0.4938,1.0,0,0.2562,0.7056
1953-11-25,1954,R,,nba_0001,nba_0005,96,84,0.4395,1.0,0,0.3142,0.8221
1953-11-25,1954,R,,nba_0001,nba_0005,96,84,0.4307,1.0,0,0.3241,0.8424
1953-11-26,1954,R,,nba_0012,nba_0016,75,80,0.3073,0.0,1,0.0944,0.3672
1953-11-26,1954,R,,nba_0012,nba_0016,75,80,0.4687,0.0,1,0.2197,0.6324
1953-11-26,1954,R,,nba_0013,nba_0022,78,64,0.7496,1.0,1,0.0627,0.2883
1953-11-26,1954,R,,nba_0013,nba_0022,78,64,0.7078,1.0,1,0.0854,0.3456
1953-11-26,1954,R,,nba_0015,nba_0006,88,80,0.8701,1.0,1,0.0169,0.1391
1953-11-26,1954,R,,nba_0015,nba_0006,88,80,0.7454,1.0,1,0.0648,0.2939
1953-11-26,1954,R,,nba_0021,nba_0001,93,86,0.68,1.0,1,0.1024,0.3856
1953-11-26,1954,R,,nba_0021,nba_0001,93,86,0.6827,1.0,1,0.1007,0.3816
1953-11-27,1954,R,,nba_0022,nba_0006,55,51,0.5517,1.0,1,0.201,0.5948
1953-11-27,1954,R,,nba_0022,nba_0006,55,51,0.4649,1.0,0,0.2863,0.7659
1953-11-28,1954,R,,nba_0012,nba_0013,81,92,0.3885,0.0,1,0.151,0.4919
1953-11-28,1954,R,,nba_0012,nba_0013,81,92,0.5386,0.0,0,0.2901,0.7735
1953-11-28,1954,R,,nba_0001,nba_0021,91,80,0.5349,1.0,1,0.2164,0.6257
1953-11-28,1954,R,,nba_0001,nba_0021,91,80,0.5319,1.0,1,0.2191,0.6312
1953-11-28,1954,R,,nba_0022,nba_0006,71,68,0.5729,1.0,1,0.1824,0.557
1953-11-28,1954,R,,nba_0022,nba_0006,71,68,0.4895,1.0,0,0.2606,0.7144
1953-11-28,1954,R,,nba_0005,nba_0016,95,90,0.7133,1.0,1,0.0822,0.3379
1953-11-28,1954,R,,nba_0005,nba_0016,95,90,0.698,1.0,1,0.0912,0.3595
1953-11-29,1954,R,,nba_0013,nba_0006,83,69,0.7355,1.0,1,0.07,0.3072
1953-11-29,1954,R,,nba_0013,nba_0006,83,69,0.6256,1.0,1,0.1402,0.469
1953-11-29,1954,R,,nba_0015,nba_0001,95,82,0.8051,1.0,1,0.038,0.2168
1953-11-29,1954,R,,nba_0015,nba_0001,95,82,0.7893,1.0,1,0.0444,0.2366
1953-11-29,1954,R,,nba_0016,nba_0005,64,69,0.5239,0.0,0,0.2744,0.742
1953-11-29,1954,R,,nba_0016,nba_0005,64,69,0.5413,0.0,0,0.293,0.7793
1953-11-29,1954,R,,nba_0021,nba_0012,101,82,0.8569,1.0,1,0.0205,0.1545
1953-11-29,1954,R,,nba_0021,nba_0012,101,82,0.7435,1.0,1,0.0658,0.2964
1953-12-01,1954,R,,nba_0022,nba_0021,69,76,0.4086,0.0,1,0.167,0.5253
1953-12-01,1954,R,,nba_0022,nba_0021,69,76,0.4899,0.0,1,0.24,0.6731
1953-12-01,1954,R,,nba_0001,nba_0006,89,86,0.748,1.0,1,0.0635,0.2903
1953-12-01,1954,R,,nba_0001,nba_0006,89,86,0.6033,1.0,1,0.1574,0.5053
1953-12-01,1954,R,,nba_0016,nba_0013,92,69,0.6538,1.0,1,0.1199,0.425
1953-12-01,1954,R,,nba_0016,nba_0013,92,69,0.6322,1.0,1,0.1352,0.4585
1953-12-03,1954,R,,nba_0013,nba_0001,76,70,0.6008,1.0,1,0.1594,0.5096
1953-12-03,1954,R,,nba_0013,nba_0001,76,70,0.6432,1.0,1,0.1273,0.4412
1953-12-03,1954,R,,nba_0015,nba_0021,87,74,0.7626,1.0,1,0.0564,0.2711
1953-12-03,1954,R,,nba_0015,nba_0021,87,74,0.7369,1.0,1,0.0692,0.3053
1953-12-03,1954,R,,nba_0006,nba_0005,79,74,0.2727,1.0,0,0.529,1.2995
1953-12-03,1954,R,,nba_0006,nba_0005,79,74,0.4095,1.0,0,0.3487,0.8928
1953-12-05,1954,R,,nba_0001,nba_0022,97,79,0.7293,1.0,1,0.0733,0.3156
1953-12-05,1954,R,,nba_0001,nba_0022,97,79,0.6583,1.0,1,0.1168,0.4181
1953-12-05,1954,R,,nba_0015,nba_0021,90,80,0.7406,1.0,1,0.0673,0.3003
1953-12-05,1954,R,,nba_0015,nba_0021,90,80,0.7152,1.0,1,0.0811,0.3351
1953-12-05,1954,R,,nba_0005,nba_0013,73,92,0.7477,0.0,0,0.5591,1.3772
1953-12-05,1954,R,,nba_0005,nba_0013,73,92,0.7201,0.0,0,0.5186,1.2734
1953-12-05,1954,R,,nba_0016,nba_0012,72,65,0.8336,1.0,1,0.0277,0.182
1953-12-05,1954,R,,nba_0016,nba_0012,72,65,0.7319,1.0,1,0.0719,0.3121
1953-12-06,1954,R,,nba_0012,nba_0001,95,102,0.3467,0.0,1,0.1202,0.4257
1953-12-06,1954,R,,nba_0012,nba_0001,95,102,0.51,0.0,0,0.2601,0.7134
1953-12-06,1954,R,,nba_0013,nba_0021,78,77,0.5879,1.0,1,0.1698,0.5312
1953-12-06,1954,R,,nba_0013,nba_0021,78,77,0.6239,1.0,1,0.1414,0.4717
1953-12-08,1954,R,,nba_0016,nba_0001,97,79,0.684,1.0,1,0.0999,0.3798
1953-12-08,1954,R,,nba_0016,nba_0001,97,79,0.6992,1.0,1,0.0905,0.3578
1953-12-09,1954,R,,nba_0012,nba_0021,92,77,0.2982,1.0,0,0.4925,1.2098
1953-12-09,1954,R,,nba_0012,nba_0021,92,77,0.4483,1.0,0,0.3043,0.8022
1953-12-09,1954,R,,nba_0013,nba_0022,83,59,0.7848,1.0,1,0.0463,0.2423
1953-12-09,1954,R,,nba_0013,nba_0022,83,59,0.7574,1.0,1,0.0589,0.2779
1953-12-09,1954,R,,nba_0006,nba_0001,104,103,0.5281,1.0,1,0.2227,0.6385
1953-12-09,1954,R,,nba_0006,nba_0001,104,103,0.6694,1.0,1,0.1093,0.4014
1953-12-10,1954,R,,nba_0012,nba_0006,77,83,0.4938,0.0,1,0.2439,0.6809
1953-12-10,1954,R,,nba_0012,nba_0006,77,83,0.5021,0.0,0,0.2521,0.6973
1953-12-10,1954,R,,nba_0021,nba_0022,96,76,0.8017,1.0,1,0.0393,0.2211
1953-12-10,1954,R,,nba_0021,nba_0022,96,76,0.7529,1.0,1,0.061,0.2838
1953-12-10,1954,R,,nba_0005,nba_0001,108,113,0.7633,0.0,0,0.5826,1.4409
1953-12-10,1954,R,,nba_0005,nba_0001,108,113,0.7612,0.0,0,0.5794,1.432
1953-12-11,1954,R,,nba_0022,nba_0005,82,70,0.3213,1.0,0,0.4606,1.1353
1953-12-11,1954,R,,nba_0022,nba_0005,82,70,0.3839,1.0,0,0.3796,0.9574
1953-12-12,1954,R,,nba_0001,nba_0012,106,75,0.8327,1.0,1,0.028,0.1831
1953-12-12,1954,R,,nba_0001,nba_0012,106,75,0.7301,1.0,1,0.0729,0.3146
1953-12-12,1954,R,,nba_0015,nba_0005,71,67,0.7719,1.0,1,0.052,0.2589
1953-12-12,1954,R,,nba_0015,nba_0005,71,67,0.7463,1.0,1,0.0644,0.2926
1953-12-12,1954,R,,nba_0016,nba_0021,90,85,0.6943,1.0,1,0.0934,0.3648
1953-12-12,1954,R,,nba_0016,nba_0021,90,85,0.7066,1.0,1,0.0861,0.3473
1953-12-13,1954,R,,nba_0012,nba_0022,70,73,0.5044,0.0,0,0.2544,0.7019
1953-12-13,1954,R,,nba_0012,nba_0022,70,73,0.5854,0.0,0,0.3426,0.8803
1953-12-13,1954,R,,nba_0013,nba_0005,68,69,0.6343,0.0,0,0.4023,1.0059
1953-12-13,1954,R,,nba_0013,nba_0005,68,69,0.6656,0.0,0,0.4431,1.0955
1953-12-13,1954,R,,nba_0015,nba_0016,70,87,0.7394,0.0,0,0.5468,1.3449
1953-12-13,1954,R,,nba_0015,nba_0016,70,87,0.6991,0.0,0,0.4887,1.2009
1953-12-13,1954,R,,nba_0021,nba_0001,108,74,0.6304,1.0,1,0.1366,0.4614
1953-12-13,1954,R,,nba_0021,nba_0001,108,74,0.6249,1.0,1,0.1407,0.4702
1953-12-15,1954,R,,nba_0001,nba_0013,82,75,0.5818,1.0,1,0.1749,0.5417
1953-12-15,1954,R,,nba_0001,nba_0013,82,75,0.5566,1.0,1,0.1966,0.586
1953-12-15,1954,R,,nba_0005,nba_0015,80,79,0.5134,1.0,1,0.2367,0.6666
1953-12-15,1954,R,,nba_0005,nba_0015,80,79,0.5469,1.0,1,0.2053,0.6035
1953-12-15,1954,R,,nba_0016,nba_0022,76,64,0.8365,1.0,1,0.0267,0.1785
1953-12-15,1954,R,,nba_0016,nba_0022,76,64,0.805,1.0,1,0.038,0.2169
1953-12-16,1954,R,,nba_0022,nba_0015,63,69,0.2723,0.0,1,0.0742,0.3179
1953-12-16,1954,R,,nba_0022,nba_0015,63,69,0.3587,0.0,1,0.1287,0.4443
1953-12-16,1954,R,,nba_0001,nba_0013,91,74,0.6047,1.0,1,0.1563,0.503
1953-12-16,1954,R,,nba_0001,nba_0013,91,74,0.5809,1.0,1,0.1756,0.5431
1953-12-17,1954,R,,nba_0012,nba_0015,75,64,0.2205,1.0,0,0.6076,1.5117
1953-12-17,1954,R,,nba_0012,nba_0015,75,64,0.3644,1.0,0,0.4039,1.0094
1953-12-17,1954,R,,nba_0006,nba_0016,79,91,0.4315,0.0,1,0.1862,0.5647
1953-12-17,1954,R,,nba_0006,nba_0016,79,91,0.5611,0.0,0,0.3148,0.8235
1953-12-19,1954,R,,nba_0012,nba_0005,63,65,0.2391,0.0,1,0.0572,0.2732
1953-12-19,1954,R,,nba_0012,nba_0005,63,65,0.3581,0.0,1,0.1283,0.4434
1953-12-19,1954,R,,nba_0001,nba_0021,83,90,0.5472,0.0,0,0.2994,0.7922
1953-12-19,1954,R,,nba_0001,nba_0021,83,90,0.5535,0.0,0,0.3063,0.8062
1953-12-19,1954,R,,nba_0022,nba_0013,63,69,0.4302,0.0,1,0.185,0.5624
1953-12-19,1954,R,,nba_0022,nba_0013,63,69,0.4633,0.0,1,0.2146,0.6223
1953-12-19,1954,R,,nba_0016,nba_0015,78,91,0.5799,0.0,0,0.3363,0.8673
1953-12-19,1954,R,,nba_0016,nba_0015,78,91,0.6276,0.0,0,0.3939,0.9879
1953-12-20,1954,R,,nba_0001,nba_0006,101,89,0.7028,1.0,1,0.0883,0.3526
1953-12-20,1954,R,,nba_0001,nba_0006,101,89,0.5818,1.0,1,0.1749,0.5416
1953-12-20,1954,R,,nba_0005,nba_0012,75,67,0.878,1.0,1,0.0149,0.1301
1953-12-20,1954,R,,nba_0005,nba_0012,75,67,0.8053,1.0,1,0.0379,0.2165
1953-12-20,1954,R,,nba_0021,nba_0015,81,76,0.4955,1.0,0,0.2545,0.7021
1953-12-20,1954,R,,nba_0021,nba_0015,81,76,0.5244,1.0,1,0.2262,0.6455
1953-12-21,1954,R,,nba_0001,nba_0022,90,74,0.7769,1.0,1,0.0498,0.2524
1953-12-21,1954,R,,nba_0001,nba_0022,90,74,0.7397,1.0,1,0.0678,0.3015
1953-12-23,1954,R,,nba_0012,nba_0021,72,76,0.2813,0.0,1,0.0792,0.3304
1953-12-23,1954,R,,nba_0012,nba_0021,72,76,0.4034,0.0,1,0.1627,0.5165
1953-12-23,1954,R,,nba_0001,nba_0022,80,74,0.8028,1.0,1,0.0389,0.2196
1953-12-23,1954,R,,nba_0001,nba_0022,80,74,0.7709,1.0,1,0.0525,0.2602
1953-12-25,1954,R,,nba_0006,nba_0016,65,73,0.3505,0.0,1,0.1229,0.4316
1953-12-25,1954,R,,nba_0006,nba_0016,65,73,0.4625,0.0,1,0.2139,0.6209
1953-12-25,1954,R,,nba_0005,nba_0021,89,80,0.6767,1.0,1,0.1045,0.3906
1953-12-25,1954,R,,nba_0005,nba_0021,89,80,0.6761,1.0,1,0.1049,0.3913
1953-12-25,1954,R,,nba_0012,nba_0015,88,78,0.1752,1.0,0,0.6802,1.7416
1953-12-25,1954,R,,nba_0012,nba_0015,88,78,0.2884,1.0,0,0.5064,1.2434
1953-12-25,1954,R,,nba_0013,nba_0001,108,79,0.648,1.0,1,0.1239,0.4339
1953-12-25,1954,R,,nba_0013,nba_0001,108,79,0.6633,1.0,1,0.1134,0.4106
1953-12-26,1954,R,,nba_0022,nba_0001,74,67,0.4462,1.0,0,0.3067,0.807
1953-12-26,1954,R,,nba_0022,nba_0001,74,67,0.4912,1.0,0,0.2589,0.711
1953-12-26,1954,R,,nba_0015,nba_0013,77,71,0.7266,1.0,1,0.0748,0.3194
1953-12-26,1954,R,,nba_0015,nba_0013,77,71,0.6795,1.0,1,0.1027,0.3864
1953-12-26,1954,R,,nba_0016,nba_0005,77,78,0.6251,0.0,0,0.3907,0.9811
1953-12-26,1954,R,,nba_0016,nba_0005,77,78,0.6424,0.0,0,0.4126,1.0282
1953-12-27,1954,R,,nba_0021,nba_0022,96,75,0.8393,1.0,1,0.0258,0.1752
1953-12-27,1954,R,,nba_0021,nba_0022,96,75,0.8068,1.0,1,0.0373,0.2147
1953-12-27,1954,R,,nba_0005,nba_0006,79,76,0.8166,1.0,1,0.0336,0.2026
1953-12-27,1954,R,,nba_0005,nba_0006,79,76,0.7278,1.0,1,0.0741,0.3178
1953-12-27,1954,R,,nba_0013,nba_0015,75,79,0.4835,0.0,1,0.2338,0.6607
1953-12-27,1954,R,,nba_0013,nba_0015,75,79,0.537,0.0,0,0.2884,0.7701
1953-12-27,1954,R,,nba_0001,nba_0016,98,72,0.5115,1.0,1,0.2387,0.6704
1953-12-27,1954,R,,nba_0001,nba_0016,98,72,0.5061,1.0,1,0.244,0.6811
1953-12-28,1954,R,,nba_0022,nba_0006,63,69,0.5741,0.0,0,0.3296,0.8537
1953-12-28,1954,R,,nba_0022,nba_0006,63,69,0.504,0.0,0,0.254,0.7012
1953-12-29,1954,R,,nba_0016,nba_0012,96,77,0.8427,1.0,1,0.0247,0.1712
1953-12-29,1954,R,,nba_0016,nba_0012,96,77,0.7743,1.0,1,0.051,0.2558
1953-12-30,1954,R,,nba_0012,nba_0005,86,79,0.2181,1.0,0,0.6114,1.523
1953-12-30,1954,R,,nba_0012,nba_0005,86,79,0.3145,1.0,0,0.4699,1.1568
1953-12-30,1954,R,,nba_0001,nba_0021,89,96,0.5609,0.0,0,0.3146,0.823
1953-12-30,1954,R,,nba_0001,nba_0021,89,96,0.5718,0.0,0,0.327,0.8482
1953-12-30,1954,R,,nba_0015,nba_0013,80,97,0.7539,0.0,0,0.5683,1.402
1953-12-30,1954,R,,nba_0015,nba_0013,80,97,0.7145,0.0,0,0.5106,1.2536
1953-12-31,1954,R,,nba_0013,nba_0006,83,56,0.739,1.0,1,0.0681,0.3025
1953-12-31,1954,R,,nba_0013,nba_0006,83,56,0.6555,1.0,1,0.1187,0.4224
1953-12-31,1954,R,,nba_0005,nba_0001,74,95,0.7107,0.0,0,0.5051,1.2402
1953-12-31,1954,R,,nba_0005,nba_0001,74,95,0.703,0.0,0,0.4942,1.214
1953-12-31,1954,R,,nba_0021,nba_0016,86,81,0.6028,1.0,1,0.1578,0.5062
1953-12-31,1954,R,,nba_0021,nba_0016,86,81,0.5847,1.0,1,0.1724,0.5366
1954-01-01,1954,R,,nba_0022,nba_0012,62,52,0.6889,1.0,1,0.0968,0.3727
1954-01-01,1954,R,,nba_0022,nba_0012,62,52,0.6277,1.0,1,0.1386,0.4656
1954-01-01,1954,R,,nba_0001,nba_0021,95,92,0.5503,1.0,1,0.2022,0.5973
1954-01-01,1954,R,,nba_0001,nba_0021,95,92,0.5599,1.0,1,0.1937,0.5799
1954-01-01,1954,R,,nba_0016,nba_0006,79,76,0.8037,1.0,1,0.0385,0.2185
1954-01-01,1954,R,,nba_0016,nba_0006,79,76,0.7347,1.0,1,0.0704,0.3083
1954-01-02,1954,R,,nba_0012,nba_0001,77,92,0.3251,0.0,1,0.1057,0.3932
1954-01-02,1954,R,,nba_0012,nba_0001,77,92,0.4289,0.0,1,0.184,0.5603
1954-01-02,1954,R,,nba_0015,nba_0005,78,74,0.7007,1.0,1,0.0896,0.3556
1954-01-02,1954,R,,nba_0015,nba_0005,78,74,0.6761,1.0,1,0.1049,0.3915
1954-01-02,1954,R,,nba_0006,nba_0021,66,74,0.3714,0.0,1,0.1379,0.4642
1954-01-02,1954,R,,nba_0006,nba_0021,66,74,0.4822,0.0,1,0.2326,0.6582
1954-01-02,1954,R,,nba_0016,nba_0013,77,76,0.6211,1.0,1,0.1435,0.4762
1954-01-02,1954,R,,nba_0016,nba_0013,77,76,0.6152,1.0,1,0.1481,0.4859
1954-01-03,1954,R,,nba_0001,nba_0012,90,72,0.856,1.0,1,0.0207,0.1555
1954-01-03,1954,R,,nba_0001,nba_0012,90,72,0.7977,1.0,1,0.0409,0.226
1954-01-03,1954,R,,nba_0013,nba_0005,72,74,0.5988,0.0,0,0.3586,0.9133
1954-01-03,1954,R,,nba_0013,nba_0005,72,74,0.6231,0.0,0,0.3882,0.9758
1954-01-03,1954,R,,nba_0021,nba_0006,77,90,0.8279,0.0,0,0.6854,1.7596
1954-01-03,1954,R,,nba_0021,nba_0006,77,90,0.7585,0.0,0,0.5754,1.421
1954-01-04,1954,R,,nba_0012,nba_0001,73,77,0.2982,0.0,1,0.0889,0.3541
1954-01-04,1954,R,,nba_0012,nba_0001,73,77,0.3859,0.0,1,0.1489,0.4876
1954-01-04,1954,R,,nba_0015,nba_0016,84,85,0.6778,0.0,0,0.4594,1.1325
1954-01-04,1954,R,,nba_0015,nba_0016,84,85,0.6355,0.0,0,0.4039,1.0093
1954-01-05,1954,R,,nba_0013,nba_0021,60,72,0.5789,0.0,0,0.3352,0.865
1954-01-05,1954,R,,nba_0013,nba_0021,60,72,0.5988,0.0,0,0.3585,0.9132
1954-01-05,1954,R,,nba_0006,nba_0022,99,88,0.6381,1.0,1,0.131,0.4493
1954-01-05,1954,R,,nba_0006,nba_0022,99,88,0.6855,1.0,1,0.0989,0.3776
1954-01-06,1954,R,,nba_0012,nba_0013,78,90,0.3492,0.0,1,0.122,0.4296
1954-01-06,1954,R,,nba_0012,nba_0013,78,90,0.4325,0.0,1,0.187,0.5665
1954-01-06,1954,R,,nba_0022,nba_0006,72,77,0.5304,0.0,0,0.2813,0.7558
1954-01-06,1954,R,,nba_0022,nba_0006,72,77,0.481,0.0,1,0.2314,0.6559
1954-01-07,1954,R,,nba_0021,nba_0013,79,67,0.7019,1.0,1,0.0889,0.354
1954-01-07,1954,R,,nba_0021,nba_0013,79,67,0.6834,1.0,1,0.1002,0.3807
1954-01-07,1954,R,,nba_0005,nba_0012,82,70,0.8972,1.0,1,0.0106,0.1085
1954-01-07,1954,R,,nba_0005,nba_0012,82,70,0.8499,1.0,1,0.0225,0.1626
1954-01-07,1954,R,,nba_0022,nba_0006,73,88,0.5048,0.0,0,0.2548,0.7027
1954-01-07,1954,R,,nba_0022,nba_0006,73,88,0.4585,0.0,1,0.2102,0.6134
1954-01-07,1954,R,,nba_0015,nba_0016,89,71,0.656,1.0,1,0.1183,0.4215
1954-01-07,1954,R,,nba_0015,nba_0016,89,71,0.6135,1.0,1,0.1494,0.4886
1954-01-09,1954,R,,nba_0012,nba_0006,95,90,0.4249,1.0,0,0.3307,0.8559
1954-01-09,1954,R,,nba_0012,nba_0006,95,90,0.428,1.0,0,0.3271,0.8486
1954-01-09,1954,R,,nba_0022,nba_0015,67,78,0.2424,0.0,1,0.0588,0.2776
1954-01-09,1954,R,,nba_0022,nba_0015,67,78,0.3115,0.0,1,0.097,0.3732
1954-01-09,1954,R,,nba_0016,nba_0005,87,88,0.6192,0.0,0,0.3834,0.9655
1954-01-09,1954,R,,nba_0016,nba_0005,87,88,0.633,0.0,0,0.4008,1.0025
1954-01-10,1954,R,,nba_0013,nba_0022,81,73,0.8546,1.0,1,0.0212,0.1572
1954-01-10,1954,R,,nba_0013,nba_0022,81,73,0.8373,1.0,1,0.0265,0.1776
1954-01-10,1954,R,,nba_0015,nba_0001,99,85,0.6648,1.0,1,0.1123,0.4082
1954-01-10,1954,R,,nba_0015,nba_0001,99,85,0.6276,1.0,1,0.1387,0.4659
1954-01-10,1954,R,,nba_0005,nba_0016,81,69,0.6394,1.0,1,0.13,0.4472
1954-01-10,1954,R,,nba_0005,nba_0016,81,69,0.626,1.0,1,0.1399,0.4684
1954-01-10,1954,R,,nba_0021,nba_0012,77,73,0.9028,1.0,1,0.0095,0.1023
1954-01-10,1954,R,,nba_0021,nba_0012,77,73,0.8611,1.0,1,0.0193,0.1495
1954-01-12,1954,R,,nba_0012,nba_0013,66,97,0.3231,0.0,1,0.1044,0.3902
1954-01-12,1954,R,,nba_0012,nba_0013,66,97,0.3959,0.0,1,0.1567,0.504
1954-01-12,1954,R,,nba_0016,nba_0022,78,73,0.8554,1.0,1,0.0209,0.1562
1954-01-12,1954,R,,nba_0016,nba_0022,78,73,0.833,1.0,1,0.0279,0.1827
1954-01-13,1954,R,,nba_0001,nba_0015,88,84,0.5011,1.0,1,0.2489,0.691
1954-01-13,1954,R,,nba_0001,nba_0015,88,84,0.5386,1.0,1,0.2129,0.6189
1954-01-13,1954,R,,nba_0005,nba_0021,72,93,0.6179,0.0,0,0.3818,0.9621
1954-01-13,1954,R,,nba_0005,nba_0021,72,93,0.614,0.0,0,0.377,0.9519
1954-01-14,1954,R,,nba_0012,nba_0013,74,81,0.2977,0.0,1,0.0886,0.3534
1954-01-14,1954,R,,nba_0012,nba_0013,74,81,0.3604,0.0,1,0.1299,0.4469
1954-01-14,1954,R,,nba_0001,nba_0022,86,74,0.8463,1.0,1,0.0236,0.1669
1954-01-14,1954,R,,nba_0001,nba_0022,86,74,0.8228,1.0,1,0.0314,0.195
1954-01-14,1954,R,,nba_0006,nba_0005,71,83,0.4736,0.0,1,0.2243,0.6417
1954-01-14,1954,R,,nba_0006,nba_0005,71,83,0.5739,0.0,0,0.3293,0.853
1954-01-14,1954,R,,nba_0021,nba_0015,96,71,0.5949,1.0,1,0.1641,0.5194
1954-01-14,1954,R,,nba_0021,nba_0015,96,71,0.6208,1.0,1,0.1438,0.4767
1954-01-16,1954,R,,nba_0016,nba_0021,93,95,0.5753,0.0,0,0.3309,0.8563
1954-01-16,1954,R,,nba_0016,nba_0021,93,95,0.586,0.0,0,0.3433,0.8818
1954-01-16,1954,R,,nba_0005,nba_0013,88,82,0.667,1.0,1,0.1109,0.405
1954-01-16,1954,R,,nba_0005,nba_0013,88,82,0.644,1.0,1,0.1267,0.44
1954-01-16,1954,R,,nba_0012,nba_0006,82,72,0.4418,1.0,0,0.3115,0.8168
1954-01-16,1954,R,,nba_0012,nba_0006,82,72,0.4423,1.0,0,0.3111,0.8158
1954-01-16,1954,R,,nba_0015,nba_0022,58,64,0.8937,0.0,0,0.7988,2.2418
1954-01-16,1954,R,,nba_0015,nba_0022,58,64,0.8607,0.0,0,0.7409,1.9713
1954-01-17,1954,R,,nba_0012,nba_0006,78,74,0.4739,1.0,0,0.2768,0.7468
1954-01-17,1954,R,,nba_0012,nba_0006,78,74,0.4743,1.0,0,0.2763,0.7459
1954-01-17,1954,R,,nba_0001,nba_0005,84,87,0.6285,0.0,0,0.395,0.9902
1954-01-17,1954,R,,nba_0001,nba_0005,84,87,0.6367,0.0,0,0.4054,1.0125
1954-01-17,1954,R,,nba_0013,nba_0015,86,83,0.5332,1.0,1,0.2179,0.6288
1954-01-17,1954,R,,nba_0013,nba_0015,86,83,0.5839,1.0,1,0.1731,0.538
1954-01-17,1954,R,,nba_0021,nba_0016,84,81,0.7165,1.0,1,0.0804,0.3334
1954-01-17,1954,R,,nba_0021,nba_0016,84,81,0.7079,1.0,1,0.0853,0.3455
1954-01-18,1954,R,,nba_0022,nba_0015,72,91,0.2935,0.0,1,0.0861,0.3474
1954-01-18,1954,R,,nba_0022,nba_0015,72,91,0.3604,0.0,1,0.1299,0.4468
1954-01-19,1954,R,,nba_0022,nba_0005,75,78,0.2473,0.0,1,0.0612,0.2841
1954-01-19,1954,R,,nba_0022,nba_0005,75,78,0.2837,0.0,1,0.0805,0.3337
1954-01-19,1954,R,,nba_0006,nba_0001,89,73,0.4112,1.0,0,0.3467,0.8887
1954-01-19,1954,R,,nba_0006,nba_0001,89,73,0.4936,1.0,0,0.2565,0.7061
1954-01-19,1954,R,,nba_0013,nba_0016,67,73,0.6149,0.0,0,0.378,0.9541
1954-01-19,1954,R,,nba_0013,nba_0016,67,73,0.6289,0.0,0,0.3955,0.9912
1954-01-22,1954,R,,nba_0005,nba_0006,84,82,0.8176,1.0,1,0.0333,0.2014
1954-01-22,1954,R,,nba_0005,nba_0006,84,82,0.7585,1.0,1,0.0583,0.2764
1954-01-23,1954,R,,nba_0012,nba_0021,98,91,0.2112,1.0,0,0.6222,1.5551
1954-01-23,1954,R,,nba_0012,nba_0021,98,91,0.2805,1.0,0,0.5176,1.2711
1954-01-23,1954,R,,nba_0015,nba_0013,75,72,0.7219,1.0,1,0.0774,0.3259
1954-01-23,1954,R,,nba_0015,nba_0013,75,72,0.6828,1.0,1,0.1006,0.3815
1954-01-23,1954,R,,nba_0005,nba_0022,75,63,0.8643,1.0,1,0.0184,0.1458
1954-01-23,1954,R,,nba_0005,nba_0022,75,63,0.8424,1.0,1,0.0249,0.1715
1954-01-23,1954,R,,nba_0016,nba_0006,71,61,0.8142,1.0,1,0.0345,0.2055
1954-01-23,1954,R,,nba_0016,nba_0006,71,61,0.761,1.0,1,0.0571,0.2731
1954-01-24,1954,R,,nba_0021,nba_0006,78,80,0.8417,0.0,0,0.7085,1.8433
1954-01-24,1954,R,,nba_0021,nba_0006,78,80,0.7892,0.0,0,0.6229,1.557
1954-01-24,1954,R,,nba_0022,nba_0005,68,66,0.2499,1.0,0,0.5626,1.3865
1954-01-24,1954,R,,nba_0022,nba_0005,68,66,0.2832,1.0,0,0.5138,1.2617
1954-01-24,1954,R,,nba_0001,nba_0016,85,93,0.6293,0.0,0,0.396,0.9924
1954-01-24,1954,R,,nba_0001,nba_0016,85,93,0.6294,0.0,0,0.3962,0.9927
1954-01-24,1954,R,,nba_0013,nba_0012,79,70,0.8352,1.0,1,0.0271,0.1801
1954-01-24,1954,R,,nba_0013,nba_0012,79,70,0.7933,1.0,1,0.0427,0.2315
1954-01-26,1954,R,,nba_0012,nba_0001,69,94,0.3425,0.0,1,0.1173,0.4193
1954-01-26,1954,R,,nba_0012,nba_0001,69,94,0.4173,0.0,1,0.1742,0.5401
1954-01-26,1954,R,,nba_0022,nba_0015,69,84,0.2402,0.0,1,0.0577,0.2747
1954-01-26,1954,R,,nba_0022,nba_0015,69,84,0.2932,0.0,1,0.0859,0.347
1954-01-26,1954,R,,nba_0005,nba_0016,74,71,0.6433,1.0,1,0.1273,0.4412
1954-01-26,1954,R,,nba_0005,nba_0016,74,71,0.6365,1.0,1,0.1321,0.4518
1954-01-26,1954,R,,nba_0006,nba_0021,75,79,0.3568,0.0,1,0.1273,0.4413
1954-01-26,1954,R,,nba_0006,nba_0021,75,79,0.44,0.0,1,0.1936,0.5799
1954-01-27,1954,R,,nba_0013,nba_0022,77,68,0.8621,1.0,1,0.019,0.1483
1954-01-27,1954,R,,nba_0013,nba_0022,77,68,0.8524,1.0,1,0.0218,0.1597
1954-01-27,1954,R,,nba_0015,nba_0012,76,73,0.8956,1.0,1,0.0109,0.1102
1954-01-27,1954,R,,nba_0015,nba_0012,76,73,0.8482,1.0,1,0.0231,0.1647
1954-01-28,1954,R,,nba_0006,nba_0016,79,82,0.4059,0.0,1,0.1648,0.5207
1954-01-28,1954,R,,nba_0006,nba_0016,79,82,0.4789,0.0,1,0.2293,0.6518
1954-01-28,1954,R,,nba_0021,nba_0005,79,66,0.6417,1.0,1,0.1284,0.4437
1954-01-28,1954,R,,nba_0021,nba_0005,79,66,0.6399,1.0,1,0.1296,0.4464
1954-01-28,1954,R,,nba_0013,nba_0001,80,68,0.5957,1.0,1,0.1634,0.5179
1954-01-28,1954,R,,nba_0013,nba_0001,80,68,0.6046,1.0,1,0.1563,0.5032
1954-01-28,1954,R,,nba_0012,nba_0015,82,104,0.232,0.0,1,0.0538,0.264
1954-01-28,1954,R,,nba_0012,nba_0015,82,104,0.3153,0.0,1,0.0994,0.3788
1954-01-29,1954,R,,nba_0022,nba_0001,82,70,0.3618,1.0,0,0.4073,1.0166
1954-01-29,1954,R,,nba_0022,nba_0001,82,70,0.3882,1.0,0,0.3742,0.9461
1954-01-30,1954,R,,nba_0012,nba_0006,80,74,0.4733,1.0,0,0.2774,0.748
1954-01-30,1954,R,,nba_0012,nba_0006,80,74,0.4724,1.0,0,0.2783,0.7498
1954-01-30,1954,R,,nba_0015,nba_0022,80,64,0.8965,1.0,1,0.0107,0.1093
1954-01-30,1954,R,,nba_0015,nba_0022,80,64,0.8726,1.0,1,0.0162,0.1363
1954-01-30,1954,R,,nba_0005,nba_0021,66,65,0.5711,1.0,1,0.184,0.5602
1954-01-30,1954,R,,nba_0005,nba_0021,66,65,0.5728,1.0,1,0.1825,0.5573
1954-01-30,1954,R,,nba_0016,nba_0013,95,70,0.6583,1.0,1,0.1168,0.4181
1954-01-30,1954,R,,nba_0016,nba_0013,95,70,0.648,1.0,1,0.1239,0.4338
1954-01-31,1954,R,,nba_0013,nba_0016,83,69,0.5462,1.0,1,0.206,0.6048
1954-01-31,1954,R,,nba_0013,nba_0016,83,69,0.5562,1.0,1,0.1969,0.5866
1954-01-31,1954,R,,nba_0015,nba_0001,82,67,0.7293,1.0,1,0.0733,0.3156
1954-01-31,1954,R,,nba_0015,nba_0001,82,67,0.7044,1.0,1,0.0874,0.3503
1954-01-31,1954,R,,nba_0021,nba_0005,114,70,0.6505,1.0,1,0.1222,0.4301
1954-01-31,1954,R,,nba_0021,nba_0005,114,70,0.6489,1.0,1,0.1233,0.4325
1954-02-01,1954,R,,nba_0022,nba_0013,71,72,0.3518,0.0,1,0.1238,0.4336
1954-02-01,1954,R,,nba_0022,nba_0013,71,72,0.3695,0.0,1,0.1365,0.4612
1954-02-02,1954,R,,nba_0016,nba_0015,78,87,0.5494,0.0,0,0.3018,0.7972
1954-02-02,1954,R,,nba_0016,nba_0015,78,87,0.5761,0.0,0,0.3319,0.8583
1954-02-03,1954,R,,nba_0001,nba_0016,88,81,0.5848,1.0,1,0.1724,0.5364
1954-02-03,1954,R,,nba_0001,nba_0016,88,81,0.5872,1.0,1,0.1704,0.5323
1954-02-03,1954,R,,nba_0012,nba_0022,72,78,0.6429,0.0,0,0.4134,1.0298
1954-02-03,1954,R,,nba_0012,nba_0022,72,78,0.6794,0.0,0,0.4616,1.1376
1954-02-03,1954,R,,nba_0006,nba_0021,82,79,0.3233,1.0,0,0.4579,1.1291
1954-02-03,1954,R,,nba_0006,nba_0021,82,79,0.398,1.0,0,0.3624,0.9213
1954-02-03,1954,R,,nba_0015,nba_0005,91,79,0.6492,1.0,1,0.1231,0.432
1954-02-03,1954,R,,nba_0015,nba_0005,91,79,0.634,1.0,1,0.134,0.4557
1954-02-04,1954,R,,nba_0012,nba_0015,70,82,0.1921,0.0,1,0.0369,0.2133
1954-02-04,1954,R,,nba_0012,nba_0015,70,82,0.2571,0.0,1,0.0661,0.2972
1954-02-04,1954,R,,nba_0005,nba_0021,82,90,0.544,0.0,0,0.296,0.7853
1954-02-04,1954,R,,nba_0005,nba_0021,82,90,0.544,0.0,0,0.296,0.7853
1954-02-04,1954,R,,nba_0006,nba_0001,80,78,0.4765,1.0,0,0.2741,0.7413
1954-02-04,1954,R,,nba_0006,nba_0001,80,78,0.5441,1.0,1,0.2078,0.6086
1954-02-05,1954,R,,nba_0013,nba_0016,70,89,0.6506,0.0,0,0.4233,1.0516
1954-02-05,1954,R,,nba_0013,nba_0016,70,89,0.6605,0.0,0,0.4362,1.0802
1954-02-05,1954,R,,nba_0022,nba_0006,69,66,0.5359,1.0,1,0.2154,0.6237
1954-02-05,1954,R,,nba_0022,nba_0006,69,66,0.4971,1.0,0,0.2529,0.6989
1954-02-06,1954,R,,nba_0015,nba_0006,97,94,0.8711,1.0,1,0.0166,0.138
1954-02-06,1954,R,,nba_0015,nba_0006,97,94,0.8243,1.0,1,0.0309,0.1932
1954-02-06,1954,R,,nba_0005,nba_0012,98,83,0.8764,1.0,1,0.0153,0.1319
1954-02-06,1954,R,,nba_0005,nba_0012,98,83,0.8393,1.0,1,0.0258,0.1752
1954-02-06,1954,R,,nba_0016,nba_0001,81,104,0.6845,0.0,0,0.4685,1.1535
1954-02-06,1954,R,,nba_0016,nba_0001,81,104,0.6821,0.0,0,0.4653,1.146
1954-02-06,1954,R,,nba_0021,nba_0013,93,87,0.7661,1.0,1,0.0547,0.2664
1954-02-06,1954,R,,nba_0021,nba_0013,93,87,0.7518,1.0,1,0.0616,0.2853
1954-02-07,1954,R,,nba_0012,nba_0016,75,73,0.2765,1.0,0,0.5235,1.2855
1954-02-07,1954,R,,nba_0012,nba_0016,75,73,0.3317,1.0,0,0.4466,1.1035
1954-02-07,1954,R,,nba_0001,nba_0005,78,87,0.5679,0.0,0,0.3225,0.8391
1954-02-07,1954,R,,nba_0001,nba_0005,78,87,0.5788,0.0,0,0.3351,0.8647
1954-02-07,1954,R,,nba_0013,nba_0015,90,83,0.4461,1.0,0,0.3068,0.8072
1954-02-07,1954,R,,nba_0013,nba_0015,90,83,0.4775,1.0,0,0.273,0.7391
1954-02-07,1954,R,,nba_0021,nba_0022,88,73,0.8853,1.0,1,0.0132,0.1218
1954-02-07,1954,R,,nba_0021,nba_0022,88,73,0.8681,1.0,1,0.0174,0.1414
1954-02-08,1954,R,,nba_0015,nba_0006,106,91,0.8443,1.0,1,0.0242,0.1692
1954-02-08,1954,R,,nba_0015,nba_0006,106,91,0.7918,1.0,1,0.0433,0.2334
1954-02-08,1954,R,,nba_0012,nba_0001,75,87,0.3318,0.0,1,0.1101,0.4032
1954-02-08,1954,R,,nba_0012,nba_0001,75,87,0.3895,0.0,1,0.1517,0.4935
1954-02-09,1954,R,,nba_0015,nba_0006,70,67,0.8607,1.0,1,0.0194,0.15
1954-02-09,1954,R,,nba_0015,nba_0006,70,67,0.8148,1.0,1,0.0343,0.2048
1954-02-09,1954,R,,nba_0016,nba_0022,81,70,0.8339,1.0,1,0.0276,0.1816
1954-02-09,1954,R,,nba_0016,nba_0022,81,70,0.8171,1.0,1,0.0334,0.202
1954-02-10,1954,R,,nba_0012,nba_0006,79,97,0.4958,0.0,1,0.2458,0.6848
1954-02-10,1954,R,,nba_0012,nba_0006,79,97,0.4945,0.0,1,0.2445,0.6821
1954-02-10,1954,R,,nba_0001,nba_0021,94,79,0.4282,1.0,0,0.327,0.8482
1954-02-10,1954,R,,nba_0001,nba_0021,94,79,0.441,1.0,0,0.3124,0.8186
1954-02-10,1954,R,,nba_0013,nba_0005,69,73,0.5626,0.0,0,0.3165,0.8269
1954-02-10,1954,R,,nba_0013,nba_0005,69,73,0.5793,0.0,0,0.3355,0.8657
1954-02-10,1954,R,,nba_0022,nba_0016,61,62,0.3356,0.0,1,0.1126,0.4089
1954-02-10,1954,R,,nba_0022,nba_0016,61,62,0.3611,0.0,1,0.1304,0.4481
1954-02-11,1954,R,,nba_0015,nba_0012,110,82,0.9307,1.0,1,0.0048,0.0718
1954-02-11,1954,R,,nba_0015,nba_0012,110,82,0.9064,1.0,1,0.0088,0.0983
1954-02-11,1954,R,,nba_0006,nba_0021,76,74,0.3285,1.0,0,0.4509,1.1133
1954-02-11,1954,R,,nba_0006,nba_0021,76,74,0.3955,1.0,0,0.3654,0.9275
1954-02-11,1954,R,,nba_0022,nba_0016,68,79,0.3267,0.0,1,0.1067,0.3955
1954-02-11,1954,R,,nba_0022,nba_0016,68,79,0.351,0.0,1,0.1232,0.4323
1954-02-11,1954,R,,nba_0001,nba_0005,84,81,0.5517,1.0,1,0.201,0.5948
1954-02-11,1954,R,,nba_0001,nba_0005,84,81,0.563,1.0,1,0.1909,0.5744
1954-02-12,1954,R,,nba_0012,nba_0006,72,75,0.4246,0.0,1,0.1803,0.5526
1954-02-12,1954,R,,nba_0012,nba_0006,72,75,0.423,0.0,1,0.1789,0.5499
1954-02-12,1954,R,,nba_0022,nba_0015,71,62,0.2157,1.0,0,0.6151,1.5337
1954-02-12,1954,R,,nba_0022,nba_0015,71,62,0.2483,1.0,0,0.5651,1.3932
1954-02-13,1954,R,,nba_0012,nba_0001,96,93,0.2518,1.0,0,0.5598,1.3791
1954-02-13,1954,R,,nba_0012,nba_0001,96,93,0.2981,1.0,0,0.4927,1.2103
1954-02-13,1954,R,,nba_0015,nba_0006,86,77,0.8367,1.0,1,0.0267,0.1782
1954-02-13,1954,R,,nba_0015,nba_0006,86,77,0.7877,1.0,1,0.0451,0.2387
1954-02-13,1954,R,,nba_0005,nba_0013,73,79,0.6657,0.0,0,0.4431,1.0957
1954-02-13,1954,R,,nba_0005,nba_0013,73,79,0.6514,0.0,0,0.4243,1.0539
1954-02-13,1954,R,,nba_0016,nba_0021,81,78,0.5307,1.0,1,0.2202,0.6335
1954-02-13,1954,R,,nba_0016,nba_0021,81,78,0.541,1.0,1,0.2107,0.6144
1954-02-14,1954,R,,nba_0021,nba_0012,111,91,0.9116,1.0,1,0.0078,0.0925
1954-02-14,1954,R,,nba_0021,nba_0012,111,91,0.8866,1.0,1,0.0129,0.1203
1954-02-14,1954,R,,nba_0015,nba_0016,105,77,0.7082,1.0,1,0.0851,0.345
1954-02-14,1954,R,,nba_0015,nba_0016,105,77,0.693,1.0,1,0.0942,0.3667
1954-02-14,1954,R,,nba_0001,nba_0005,103,89,0.5709,1.0,1,0.1842,0.5606
1954-02-14,1954,R,,nba_0001,nba_0005,103,89,0.5821,1.0,1,0.1747,0.5412
1954-02-14,1954,R,,nba_0013,nba_0006,94,76,0.7517,1.0,1,0.0617,0.2854
1954-02-14,1954,R,,nba_0013,nba_0006,94,76,0.7094,1.0,1,0.0845,0.3433
1954-02-16,1954,R,,nba_0022,nba_0013,65,69,0.3884,0.0,1,0.1509,0.4917
1954-02-16,1954,R,,nba_0022,nba_0013,65,69,0.4053,0.0,1,0.1642,0.5196
1954-02-16,1954,R,,nba_0015,nba_0016,85,79,0.7298,1.0,1,0.073,0.3149
1954-02-16,1954,R,,nba_0015,nba_0016,85,79,0.7167,1.0,1,0.0803,0.3331
1954-02-16,1954,R,,nba_0005,nba_0001,87,85,0.6377,1.0,1,0.1313,0.4499
1954-02-16,1954,R,,nba_0005,nba_0001,87,85,0.6276,1.0,1,0.1387,0.4659
1954-02-16,1954,R,,nba_0006,nba_0021,95,77,0.3475,1.0,0,0.4257,1.057
1954-02-16,1954,R,,nba_0006,nba_0021,95,77,0.4105,1.0,0,0.3475,0.8904
1954-02-17,1954,R,,nba_0012,nba_0005,84,80,0.2913,1.0,0,0.5022,1.2334
1954-02-17,1954,R,,nba_0012,nba_0005,84,80,0.3498,1.0,0,0.4228,1.0504
1954-02-18,1954,R,,nba_0015,nba_0001,92,105,0.7541,0.0,0,0.5686,1.4027
1954-02-18,1954,R,,nba_0015,nba_0001,92,105,0.7402,0.0,0,0.5478,1.3477
1954-02-18,1954,R,,nba_0006,nba_0005,60,69,0.4794,0.0,1,0.2298,0.6528
1954-02-18,1954,R,,nba_0006,nba_0005,60,69,0.5441,0.0,0,0.296,0.7854
1954-02-18,1954,R,,nba_0021,nba_0013,91,77,0.6866,1.0,1,0.0982,0.3761
1954-02-18,1954,R,,nba_0021,nba_0013,91,77,0.6728,1.0,1,0.1071,0.3963
1954-02-19,1954,R,,nba_0022,nba_0001,73,78,0.3679,0.0,1,0.1353,0.4587
1954-02-19,1954,R,,nba_0022,nba_0001,73,78,0.3902,0.0,1,0.1523,0.4946
1954-02-20,1954,R,,nba_0012,nba_0013,85,87,0.3066,0.0,1,0.094,0.3661
1954-02-20,1954,R,,nba_0012,nba_0013,85,87,0.3507,0.0,1,0.123,0.4318
1954-02-20,1954,R,,nba_0015,nba_0021,83,68,0.6505,1.0,1,0.1222,0.4301
1954-02-20,1954,R,,nba_0015,nba_0021,83,68,0.6416,1.0,1,0.1284,0.4437
1954-02-20,1954,R,,nba_0005,nba_0006,75,89,0.776,0.0,0,0.6023,1.4963
1954-02-20,1954,R,,nba_0005,nba_0006,75,89,0.7313,0.0,0,0.5348,1.3142
1954-02-20,1954,R,,nba_0016,nba_0022,66,64,0.8688,1.0,1,0.0172,0.1407
1954-02-20,1954,R,,nba_0016,nba_0022,66,64,0.8566,1.0,1,0.0206,0.1548
1954-02-21,1954,R,,nba_0012,nba_0005,76,85,0.2801,0.0,1,0.0784,0.3286
1954-02-21,1954,R,,nba_0012,nba_0005,76,85,0.3329,0.0,1,0.1108,0.4048
1954-02-21,1954,R,,nba_0001,nba_0006,95,85,0.7728,1.0,1,0.0516,0.2578
1954-02-21,1954,R,,nba_0001,nba_0006,95,85,0.7343,1.0,1,0.0706,0.3088
1954-02-21,1954,R,,nba_0013,nba_0022,62,64,0.843,0.0,0,0.7106,1.8514
1954-02-21,1954,R,,nba_0013,nba_0022,62,64,0.8345,0.0,0,0.6963,1.7986
1954-02-21,1954,R,,nba_0021,nba_0015,100,73,0.5618,1.0,1,0.192,0.5766
1954-02-21,1954,R,,nba_0021,nba_0015,100,73,0.5706,1.0,1,0.1844,0.5612
1954-02-22,1954,R,,nba_0012,nba_0001,110,111,0.2539,0.0,1,0.0644,0.2928
1954-02-22,1954,R,,nba_0012,nba_0001,110,111,0.2954,0.0,1,0.0873,0.3502
1954-02-22,1954,R,,nba_0015,nba_0006,72,79,0.8247,0.0,0,0.6801,1.7412
1954-02-22,1954,R,,nba_0015,nba_0006,72,79,0.7815,0.0,0,0.6108,1.5212
1954-02-22,1954,R,,nba_0013,nba_0022,95,82,0.828,1.0,1,0.0296,0.1888
1954-02-22,1954,R,,nba_0013,nba_0022,95,82,0.8189,1.0,1,0.0328,0.1998
1954-02-23,1954,R,,nba_0001,nba_0016,77,93,0.5925,0.0,0,0.351,0.8976
1954-02-23,1954,R,,nba_0001,nba_0016,77,93,0.5969,0.0,0,0.3563,0.9087
1954-02-23,1954,R,,nba_0022,nba_0021,70,68,0.2375,1.0,0,0.5814,1.4375
1954-02-23,1954,R,,nba_0022,nba_0021,70,68,0.2612,1.0,0,0.5458,1.3425
1954-02-23,1954,R,,nba_0005,nba_0015,82,100,0.5504,0.0,0,0.303,0.7995
1954-02-23,1954,R,,nba_0005,nba_0015,82,100,0.5621,0.0,0,0.3159,0.8257
1954-02-24,1954,R,,nba_0012,nba_0016,64,79,0.2644,0.0,1,0.0699,0.3071
1954-02-24,1954,R,,nba_0012,nba_0016,64,79,0.3099,0.0,1,0.096,0.3709
1954-02-25,1954,R,,nba_0012,nba_0016,86,102,0.2358,0.0,1,0.0556,0.2689
1954-02-25,1954,R,,nba_0012,nba_0016,86,102,0.2757,0.0,1,0.076,0.3225
1954-02-25,1954,R,,nba_0013,nba_0005,82,62,0.6451,1.0,1,0.1259,0.4383
1954-02-25,1954,R,,nba_0013,nba_0005,82,62,0.6572,1.0,1,0.1175,0.4198
1954-02-25,1954,R,,nba_0006,nba_0015,81,72,0.3965,1.0,0,0.3642,0.9251
1954-02-25,1954,R,,nba_0006,nba_0015,81,72,0.4622,1.0,0,0.2892,0.7717
1954-02-25,1954,R,,nba_0021,nba_0001,96,101,0.69,0.0,0,0.4761,1.1711
1954-02-25,1954,R,,nba_0021,nba_0001,96,101,0.6804,0.0,0,0.4629,1.1406
1954-02-26,1954,R,,nba_0022,nba_0021,62,68,0.3242,0.0,1,0.1051,0.3918
1954-02-26,1954,R,,nba_0022,nba_0021,62,68,0.352,0.0,1,0.1239,0.4339
1954-02-27,1954,R,,nba_0012,nba_0015,85,95,0.1882,0.0,1,0.0354,0.2085
1954-02-27,1954,R,,nba_0012,nba_0015,85,95,0.2318,0.0,1,0.0537,0.2636
1954-02-27,1954,R,,nba_0005,nba_0022,57,58,0.8325,0.0,0,0.6931,1.787
1954-02-27,1954,R,,nba_0005,nba_0022,57,58,0.817,0.0,0,0.6675,1.6982
1954-02-27,1954,R,,nba_0006,nba_0013,72,79,0.5006,0.0,0,0.2506,0.6944
1954-02-27,1954,R,,nba_0006,nba_0013,72,79,0.5431,0.0,0,0.295,0.7834
1954-02-27,1954,R,,nba_0016,nba_0001,74,75,0.6404,0.0,0,0.4101,1.0228
1954-02-27,1954,R,,nba_0016,nba_0001,74,75,0.6391,0.0,0,0.4085,1.0192
1954-02-28,1954,R,,nba_0001,nba_0022,93,74,0.8471,1.0,1,0.0234,0.1659
1954-02-28,1954,R,,nba_0001,nba_0022,93,74,0.8367,1.0,1,0.0267,0.1783
1954-02-28,1954,R,,nba_0013,nba_0015,94,77,0.5301,1.0,1,0.2208,0.6347
1954-02-28,1954,R,,nba_0013,nba_0015,94,77,0.5523,1.0,1,0.2004,0.5936
1954-02-28,1954,R,,nba_0005,nba_0006,78,83,0.6958,0.0,0,0.4842,1.1902
1954-02-28,1954,R,,nba_0005,nba_0006,78,83,0.6489,0.0,0,0.421,1.0466
1954-02-28,1954,R,,nba_0021,nba_0016,85,91,0.6783,0.0,0,0.4601,1.1341
1954-02-28,1954,R,,nba_0021,nba_0016,85,91,0.6705,0.0,0,0.4496,1.1103
1954-03-01,1954,R,,nba_0022,nba_0006,73,78,0.4543,0.0,1,0.2063,0.6056
1954-03-01,1954,R,,nba_0022,nba_0006,73,78,0.4283,0.0,1,0.1834,0.5591
1954-03-02,1954,R,,nba_0013,nba_0016,64,71,0.6018,0.0,0,0.3621,0.9207
1954-03-02,1954,R,,nba_0013,nba_0016,64,71,0.6085,0.0,0,0.3702,0.9377
1954-03-02,1954,R,,nba_0005,nba_0001,86,71,0.5256,1.0,1,0.225,0.6432
1954-03-02,1954,R,,nba_0005,nba_0001,86,71,0.5186,1.0,1,0.2318,0.6567
1954-03-02,1954,R,,nba_0015,nba_0021,91,87,0.6463,1.0,1,0.1251,0.4365
1954-03-02,1954,R,,nba_0015,nba_0021,91,87,0.6412,1.0,1,0.1287,0.4444
1954-03-03,1954,R,,nba_0012,nba_0022,100,103,0.5679,0.0,0,0.3225,0.839
1954-03-03,1954,R,,nba_0012,nba_0022,100,103,0.5945,0.0,0,0.3535,0.9027
1954-03-03,1954,R,,nba_0005,nba_0006,88,79,0.654,1.0,1,0.1197,0.4246
1954-03-03,1954,R,,nba_0005,nba_0006,88,79,0.6063,1.0,1,0.155,0.5004
1954-03-04,1954,R,,nba_0012,nba_0022,95,87,0.5006,1.0,1,0.2494,0.692
1954-03-04,1954,R,,nba_0012,nba_0022,95,87,0.5266,1.0,1,0.2241,0.6414
1954-03-04,1954,R,,nba_0013,nba_0021,63,86,0.5844,0.0,0,0.3416,0.8781
1954-03-04,1954,R,,nba_0013,nba_0021,63,86,0.5995,0.0,0,0.3593,0.9149
1954-03-04,1954,R,,nba_0006,nba_0016,78,85,0.4198,0.0,1,0.1762,0.5443
1954-03-04,1954,R,,nba_0006,nba_0016,78,85,0.4635,0.0,1,0.2149,0.6228
1954-03-05,1954,R,,nba_0001,nba_0015,128,106,0.5447,1.0,1,0.2073,0.6076
1954-03-05,1954,R,,nba_0001,nba_0015,128,106,0.5603,1.0,1,0.1934,0.5793
1954-03-05,1954,R,,nba_0013,nba_0006,76,70,0.7203,1.0,1,0.0783,0.3281
1954-03-05,1954,R,,nba_0013,nba_0006,76,70,0.6891,1.0,1,0.0967,0.3724
1954-03-05,1954,R,,nba_0005,nba_0016,70,66,0.5354,1.0,1,0.2158,0.6247
1954-03-05,1954,R,,nba_0005,nba_0016,70,66,0.5305,1.0,1,0.2204,0.6339
1954-03-06,1954,R,,nba_0012,nba_0013,71,76,0.2755,0.0,1,0.0759,0.3223
1954-03-06,1954,R,,nba_0012,nba_0013,71,76,0.3092,0.0,1,0.0956,0.3699
1954-03-06,1954,R,,nba_0016,nba_0015,74,59,0.6057,1.0,1,0.1554,0.5013
1954-03-06,1954,R,,nba_0016,nba_0015,74,59,0.62,1.0,1,0.1444,0.478
1954-03-06,1954,R,,nba_0021,nba_0006,88,77,0.8024,1.0,1,0.039,0.2201
1954-03-06,1954,R,,nba_0021,nba_0006,88,77,0.7685,1.0,1,0.0536,0.2633
1954-03-07,1954,R,,nba_0015,nba_0022,65,63,0.8493,1.0,1,0.0227,0.1634
1954-03-07,1954,R,,nba_0015,nba_0022,65,63,0.8301,1.0,1,0.0289,0.1862
1954-03-07,1954,R,,nba_0021,nba_0012,103,77,0.9153,1.0,1,0.0072,0.0885
1954-03-07,1954,R,,nba_0021,nba_0012,103,77,0.8972,1.0,1,0.0106,0.1085
1954-03-07,1954,R,,nba_0005,nba_0016,88,91,0.5406,0.0,0,0.2923,0.7779
1954-03-07,1954,R,,nba_0005,nba_0016,88,91,0.5363,0.0,0,0.2876,0.7685
1954-03-07,1954,R,,nba_0001,nba_0013,86,80,0.6721,1.0,1,0.1075,0.3974
1954-03-07,1954,R,,nba_0001,nba_0013,86,80,0.6665,1.0,1,0.1112,0.4057
1954-03-08,1954,R,,nba_0013,nba_0006,73,75,0.7142,0.0,0,0.51,1.2524
1954-03-08,1954,R,,nba_0013,nba_0006,73,75,0.6856,0.0,0,0.47,1.157
1954-03-08,1954,R,,nba_0022,nba_0012,64,54,0.7084,1.0,1,0.085,0.3447
1954-03-08,1954,R,,nba_0022,nba_0012,64,54,0.6883,1.0,1,0.0972,0.3736
1954-03-09,1954,R,,nba_0022,nba_0005,65,72,0.3506,0.0,1,0.123,0.4318
1954-03-09,1954,R,,nba_0022,nba_0005,65,72,0.3747,0.0,1,0.1404,0.4694
1954-03-09,1954,R,,nba_0015,nba_0016,61,70,0.5981,0.0,0,0.3577,0.9114
1954-03-09,1954,R,,nba_0015,nba_0016,61,70,0.5847,0.0,0,0.3419,0.8788
1954-03-10,1954,R,,nba_0012,nba_0021,77,85,0.1734,0.0,1,0.0301,0.1905
1954-03-10,1954,R,,nba_0012,nba_0021,77,85,0.2049,0.0,1,0.042,0.2293
1954-03-10,1954,R,,nba_0013,nba_0006,88,70,0.713,1.0,1,0.0824,0.3383
1954-03-10,1954,R,,nba_0013,nba_0006,88,70,0.6848,1.0,1,0.0994,0.3786
1954-03-10,1954,R,,nba_0022,nba_0016,69,84,0.2469,0.0,1,0.0609,0.2835
1954-03-10,1954,R,,nba_0022,nba_0016,69,84,0.2633,0.0,1,0.0693,0.3056
1954-03-10,1954,R,,nba_0015,nba_0005,76,85,0.6889,0.0,0,0.4746,1.1677
1954-03-10,1954,R,,nba_0015,nba_0005,76,85,0.6805,0.0,0,0.463,1.1409
1954-03-11,1954,R,,nba_0013,nba_0016,80,95,0.502,0.0,0,0.252,0.6971
1954-03-11,1954,R,,nba_0013,nba_0016,80,95,0.5098,0.0,0,0.2599,0.713
1954-03-11,1954,R,,nba_0021,nba_0001,97,95,0.6145,1.0,1,0.1486,0.487
1954-03-11,1954,R,,nba_0021,nba_0001,97,95,0.6081,1.0,1,0.1536,0.4975
1954-03-12,1954,R,,nba_0001,nba_0006,97,95,0.7477,1.0,1,0.0636,0.2907
1954-03-12,1954,R,,nba_0001,nba_0006,97,95,0.7174,1.0,1,0.0798,0.3321
1954-03-13,1954,R,,nba_0001,nba_0012,97,85,0.8914,1.0,1,0.0118,0.115
1954-03-13,1954,R,,nba_0001,nba_0012,97,85,0.8736,1.0,1,0.016,0.1351
1954-03-13,1954,R,,nba_0015,nba_0013,93,66,0.6895,1.0,1,0.0964,0.3718
1954-03-13,1954,R,,nba_0015,nba_0013,93,66,0.6714,1.0,1,0.108,0.3984
1954-03-13,1954,R,,nba_0005,nba_0021,67,60,0.5408,1.0,1,0.2109,0.6147
1954-03-13,1954,R,,nba_0005,nba_0021,67,60,0.5433,1.0,1,0.2086,0.6101
1954-03-13,1954,R,,nba_0016,nba_0006,77,76,0.8373,1.0,1,0.0265,0.1775
1954-03-13,1954,R,,nba_0016,nba_0006,77,76,0.8155,1.0,1,0.034,0.204
1954-03-14,1954,R,,nba_0001,nba_0006,97,92,0.7736,1.0,1,0.0512,0.2566
1954-03-14,1954,R,,nba_0001,nba_0006,97,92,0.7469,1.0,1,0.0641,0.2919
1954-03-14,1954,R,,nba_0013,nba_0012,91,86,0.8784,1.0,1,0.0148,0.1296
1954-03-14,1954,R,,nba_0013,nba_0012,91,86,0.8619,1.0,1,0.0191,0.1486
1954-03-14,1954,R,,nba_0022,nba_0016,91,53,0.2572,1.0,0,0.5517,1.3578
1954-03-14,1954,R,,nba_0022,nba_0016,91,53,0.2727,1.0,0,0.5289,1.2993
1954-03-14,1954,R,,nba_0021,nba_0005,113,83,0.6917,1.0,1,0.095,0.3686
1954-03-14,1954,R,,nba_0021,nba_0005,113,83,0.6897,1.0,1,0.0963,0.3715
1954-03-16,1954,P,1.0,nba_0005,nba_0001,71,93,0.5575,0.0,0,0.3108,0.8154
1954-03-16,1954,P,1.0,nba_0005,nba_0001,71,93,0.5518,0.0,0,0.3045,0.8025
1954-03-16,1954,P,1.0,nba_0016,nba_0013,82,75,0.734,1.0,1,0.0708,0.3093
1954-03-16,1954,P,1.0,nba_0016,nba_0013,82,75,0.7294,1.0,1,0.0732,0.3156
1954-03-17,1954,P,1.0,nba_0015,nba_0016,109,88,0.6062,1.0,1,0.1551,0.5006
1954-03-17,1954,P,1.0,nba_0015,nba_0016,109,88,0.5932,1.0,1,0.1655,0.5222
1954-03-17,1954,P,1.0,nba_0001,nba_0021,95,96,0.5526,0.0,0,0.3053,0.8042
1954-03-17,1954,P,1.0,nba_0001,nba_0021,95,96,0.5601,0.0,0,0.3138,0.8213
1954-03-18,1954,P,1.0,nba_0013,nba_0015,85,90,0.5398,0.0,0,0.2914,0.7761
1954-03-18,1954,P,1.0,nba_0013,nba_0015,85,90,0.5583,0.0,0,0.3116,0.817
1954-03-18,1954,P,1.0,nba_0021,nba_0005,75,68,0.7233,1.0,1,0.0766,0.3239
1954-03-18,1954,P,1.0,nba_0021,nba_0005,75,68,0.7214,1.0,1,0.0776,0.3265
1954-03-20,1954,P,1.0,nba_0001,nba_0005,79,78,0.7337,1.0,1,0.0709,0.3096
1954-03-20,1954,P,1.0,nba_0001,nba_0005,79,78,0.7376,1.0,1,0.0688,0.3043
1954-03-20,1954,P,1.0,nba_0015,nba_0013,78,73,0.7311,1.0,1,0.0723,0.3133
1954-03-20,1954,P,1.0,nba_0015,nba_0013,78,73,0.7171,1.0,1,0.0801,0.3326
1954-03-21,1954,P,1.0,nba_0013,nba_0016,71,89,0.4269,0.0,1,0.1822,0.5566
1954-03-21,1954,P,1.0,nba_0013,nba_0016,71,89,0.4318,0.0,1,0.1865,0.5653
1954-03-21,1954,P,1.0,nba_0005,nba_0021,99,103,0.4148,0.0,1,0.172,0.5357
1954-03-21,1954,P,1.0,nba_0005,nba_0021,99,103,0.417,0.0,1,0.1739,0.5396
1954-03-22,1954,P,1.0,nba_0021,nba_0001,98,85,0.6448,1.0,1,0.1262,0.4389
1954-03-22,1954,P,1.0,nba_0021,nba_0001,98,85,0.6382,1.0,1,0.1309,0.4492
1954-03-24,1954,P,2.0,nba_0015,nba_0016,89,76,0.6186,1.0,1,0.1455,0.4803
1954-03-24,1954,P,2.0,nba_0015,nba_0016,89,76,0.6073,1.0,1,0.1542,0.4988
1954-03-25,1954,P,2.0,nba_0021,nba_0001,109,94,0.6866,1.0,1,0.0982,0.376
1954-03-25,1954,P,2.0,nba_0021,nba_0001,109,94,0.6809,1.0,1,0.1018,0.3844
1954-03-27,1954,P,2.0,nba_0001,nba_0021,76,83,0.5215,0.0,0,0.2719,0.737
1954-03-27,1954,P,2.0,nba_0001,nba_0021,76,83,0.5275,0.0,0,0.2783,0.7498
1954-03-27,1954,P,2.0,nba_0016,nba_0015,74,73,0.6133,1.0,1,0.1495,0.4889
1954-03-27,1954,P,2.0,nba_0016,nba_0015,74,73,0.6239,1.0,1,0.1414,0.4717
1954-03-28,1954,P,2.0,nba_0015,nba_0016,82,72,0.6096,1.0,1,0.1524,0.495
1954-03-28,1954,P,2.0,nba_0015,nba_0016,82,72,0.5992,1.0,1,0.1607,0.5122
1954-03-31,1954,P,3.0,nba_0015,nba_0021,79,68,0.5384,1.0,1,0.213,0.6191
1954-03-31,1954,P,3.0,nba_0015,nba_0021,79,68,0.5334,1.0,1,0.2178,0.6286
1954-04-03,1954,P,3.0,nba_0015,nba_0021,60,62,0.5955,0.0,0,0.3547,0.9052
1954-04-03,1954,P,3.0,nba_0015,nba_0021,60,62,0.5909,0.0,0,0.3491,0.8938
1954-04-04,1954,P,3.0,nba_0021,nba_0015,67,81,0.6665,0.0,0,0.4443,1.0983
1954-04-04,1954,P,3.0,nba_0021,nba_0015,67,81,0.6706,0.0,0,0.4497,1.1104
1954-04-08,1954,P,3.0,nba_0021,nba_0015,80,69,0.6149,1.0,1,0.1483,0.4864
1954-04-08,1954,P,3.0,nba_0021,nba_0015,80,69,0.619,1.0,1,0.1452,0.4797
1954-04-10,1954,P,3.0,nba_0021,nba_0015,73,84,0.6429,0.0,0,0.4133,1.0297
1954-04-10,1954,P,3.0,nba_0021,nba_0015,73,84,0.6466,0.0,0,0.4181,1.0402
1954-04-11,1954,P,3.0,nba_0015,nba_0021,63,65,0.6404,0.0,0,0.4101,1.0228
1954-04-11,1954,P,3.0,nba_0015,nba_0021,63,65,0.6368,0.0,0,0.4055,1.0128
1954-04-12,1954,P,3.0,nba_0015,nba_0021,87,80,0.6123,1.0,1,0.1503,0.4906
1954-04-12,1954,P,3.0,nba_0015,nba_0021,87,80,0.6087,1.0,1,0.1531,0.4965
1954-10-30,1955,R,,nba_0022,nba_0013,72,91,0.5048,0.0,0,0.2548,0.7028
1954-10-30,1955,R,,nba_0022,nba_0013,72,91,0.6186,0.0,0,0.3826,0.9639
1954-10-30,1955,R,,nba_0005,nba_0015,94,83,0.5028,1.0,1,0.2472,0.6875
1954-10-30,1955,R,,nba_0005,nba_0015,94,83,0.6186,1.0,1,0.1455,0.4803
1954-10-30,1955,R,,nba_0016,nba_0001,98,95,0.6478,1.0,1,0.124,0.4341
1954-10-30,1955,R,,nba_0016,nba_0001,98,95,0.6186,1.0,1,0.1455,0.4803
1954-10-31,1955,R,,nba_0013,nba_0001,90,86,0.5857,1.0,1,0.1716,0.5349
1954-10-31,1955,R,,nba_0013,nba_0001,90,86,0.6538,1.0,1,0.1198,0.4249
1954-10-31,1955,R,,nba_0021,nba_0015,94,97,0.6454,0.0,0,0.4165,1.0368
1954-10-31,1955,R,,nba_0021,nba_0015,94,97,0.6528,0.0,0,0.4262,1.0579
1954-11-02,1955,R,,nba_0022,nba_0005,84,91,0.4542,0.0,1,0.2063,0.6054
1954-11-02,1955,R,,nba_0022,nba_0005,84,91,0.5774,0.0,0,0.3334,0.8613
1954-11-06,1955,R,,nba_0001,nba_0021,107,84,0.5635,1.0,1,0.1905,0.5736
1954-11-06,1955,R,,nba_0001,nba_0021,107,84,0.6164,1.0,1,0.1472,0.4839
1954-11-06,1955,R,,nba_0013,nba_0005,90,83,0.6531,1.0,1,0.1204,0.4261
1954-11-06,1955,R,,nba_0013,nba_0005,90,83,0.6667,1.0,1,0.1111,0.4054
1954-11-06,1955,R,,nba_0022,nba_0015,67,79,0.3064,0.0,1,0.0939,0.3659
1954-11-06,1955,R,,nba_0022,nba_0015,67,79,0.527,0.0,0,0.2777,0.7486
1954-11-07,1955,R,,nba_0013,nba_0016,109,84,0.5134,1.0,1,0.2368,0.6667
1954-11-07,1955,R,,nba_0013,nba_0016,109,84,0.6115,1.0,1,0.1509,0.4918
1954-11-07,1955,R,,nba_0015,nba_0005,93,103,0.7136,0.0,0,0.5092,1.2503
1954-11-07,1955,R,,nba_0015,nba_0005,93,103,0.6185,0.0,0,0.3825,0.9636
1954-11-07,1955,R,,nba_0021,nba_0022,97,80,0.8104,1.0,1,0.036,0.2103
1954-11-07,1955,R,,nba_0021,nba_0022,97,80,0.6468,1.0,1,0.1248,0.4357
1954-11-10,1955,R,,nba_0016,nba_0022,90,86,0.8138,1.0,1,0.0347,0.2061
1954-11-10,1955,R,,nba_0016,nba_0022,90,86,0.682,1.0,1,0.1011,0.3828
1954-11-11,1955,R,,nba_0001,nba_0022,85,95,0.8357,0.0,0,0.6985,1.8063
1954-11-11,1955,R,,nba_0001,nba_0022,85,95,0.7367,0.0,0,0.5427,1.3343
1954-11-11,1955,R,,nba_0013,nba_0021,86,88,0.599,0.0,0,0.3587,0.9137
1954-11-11,1955,R,,nba_0013,nba_0021,86,88,0.6974,0.0,0,0.4864,1.1954
1954-11-11,1955,R,,nba_0005,nba_0016,79,78,0.6319,1.0,1,0.1355,0.459
1954-11-11,1955,R,,nba_0005,nba_0016,79,78,0.699,1.0,1,0.0906,0.3581
1954-11-13,1955,R,,nba_0022,nba_0021,85,72,0.375,1.0,0,0.3907,0.9809
1954-11-13,1955,R,,nba_0022,nba_0021,85,72,0.5615,1.0,1,0.1923,0.5772
1954-11-13,1955,R,,nba_0016,nba_0013,98,103,0.6386,0.0,0,0.4078,1.0178
1954-11-13,1955,R,,nba_0016,nba_0013,98,103,0.5582,0.0,0,0.3116,0.817
1954-11-13,1955,R,,nba_0006,nba_0005,87,86,0.5661,1.0,1,0.1883,0.569
1954-11-13,1955,R,,nba_0006,nba_0005,87,86,0.6182,1.0,1,0.1458,0.481
1954-11-14,1955,R,,nba_0013,nba_0022,93,91,0.7816,1.0,1,0.0477,0.2464
1954-11-14,1955,R,,nba_0013,nba_0022,93,91,0.7206,1.0,1,0.0781,0.3277
1954-11-14,1955,R,,nba_0015,nba_0021,99,92,0.6929,1.0,1,0.0943,0.3669
1954-11-14,1955,R,,nba_0015,nba_0021,99,92,0.6815,1.0,1,0.1014,0.3834
1954-11-16,1955,R,,nba_0001,nba_0016,99,98,0.6452,1.0,1,0.1259,0.4383
1954-11-16,1955,R,,nba_0001,nba_0016,99,98,0.6618,1.0,1,0.1144,0.4128
1954-11-16,1955,R,,nba_0006,nba_0021,85,86,0.5396,0.0,0,0.2911,0.7756
1954-11-16,1955,R,,nba_0006,nba_0021,85,86,0.675,0.0,0,0.4557,1.124
1954-11-18,1955,R,,nba_0005,nba_0006,96,94,0.7397,1.0,1,0.0677,0.3015
1954-11-18,1955,R,,nba_0005,nba_0006,96,94,0.7,1.0,1,0.09,0.3567
1954-11-18,1955,R,,nba_0021,nba_0013,91,82,0.5792,1.0,1,0.1771,0.5461
1954-11-18,1955,R,,nba_0021,nba_0013,91,82,0.483,1.0,0,0.2673,0.7277
1954-11-20,1955,R,,nba_0005,nba_0001,98,117,0.5817,0.0,0,0.3384,0.8715
1954-11-20,1955,R,,nba_0005,nba_0001,98,117,0.6331,0.0,0,0.4008,1.0026
1954-11-20,1955,R,,nba_0016,nba_0021,79,80,0.6212,0.0,0,0.3859,0.9707
1954-11-20,1955,R,,nba_0016,nba_0021,79,80,0.6347,0.0,0,0.4029,1.0071
1954-11-20,1955,R,,nba_0006,nba_0013,99,82,0.5096,1.0,1,0.2405,0.6741
1954-11-20,1955,R,,nba_0006,nba_0013,99,82,0.5509,1.0,1,0.2017,0.5961
1954-11-21,1955,R,,nba_0013,nba_0016,89,78,0.621,1.0,1,0.1437,0.4765
1954-11-21,1955,R,,nba_0013,nba_0016,89,78,0.6923,1.0,1,0.0947,0.3678
1954-11-21,1955,R,,nba_0021,nba_0001,110,104,0.6483,1.0,1,0.1237,0.4334
1954-11-21,1955,R,,nba_0021,nba_0001,110,104,0.6173,1.0,1,0.1465,0.4825
1954-11-24,1955,R,,nba_0001,nba_0005,108,103,0.6305,1.0,1,0.1365,0.4612
1954-11-24,1955,R,,nba_0001,nba_0005,108,103,0.5808,1.0,1,0.1757,0.5433
1954-11-24,1955,R,,nba_0013,nba_0006,87,91,0.6747,0.0,0,0.4552,1.123
1954-11-24,1955,R,,nba_0013,nba_0006,87,91,0.6368,0.0,0,0.4056,1.0129
1954-11-24,1955,R,,nba_0022,nba_0016,87,90,0.5105,0.0,0,0.2606,0.7143
1954-11-24,1955,R,,nba_0022,nba_0016,87,90,0.661,0.0,0,0.4369,1.0816
1954-11-25,1955,R,,nba_0015,nba_0016,95,84,0.7363,1.0,1,0.0695,0.3061
1954-11-25,1955,R,,nba_0015,nba_0016,95,84,0.7049,1.0,1,0.0871,0.3498
1954-11-25,1955,R,,nba_0006,nba_0001,103,98,0.5335,1.0,1,0.2176,0.6282
1954-11-25,1955,R,,nba_0006,nba_0001,103,98,0.6283,1.0,1,0.1382,0.4648
1954-11-25,1955,R,,nba_0021,nba_0022,91,85,0.8452,1.0,1,0.024,0.1682
1954-11-25,1955,R,,nba_0021,nba_0022,91,85,0.736,1.0,1,0.0697,0.3066
1954-11-27,1955,R,,nba_0013,nba_0015,97,81,0.5484,1.0,1,0.2039,0.6007
1954-11-27,1955,R,,nba_0013,nba_0015,97,81,0.6511,1.0,1,0.1217,0.4291
1954-11-27,1955,R,,nba_0016,nba_0001,107,101,0.5841,1.0,1,0.1729,0.5376
1954-11-27,1955,R,,nba_0016,nba_0001,107,101,0.5683,1.0,1,0.1863,0.5651
1954-11-27,1955,R,,nba_0005,nba_0021,74,80,0.5426,0.0,0,0.2944,0.7823
1954-11-27,1955,R,,nba_0005,nba_0021,74,80,0.619,0.0,0,0.3832,0.965
1954-11-28,1955,R,,nba_0013,nba_0022,96,81,0.7513,1.0,1,0.0618,0.2859
1954-11-28,1955,R,,nba_0013,nba_0022,96,81,0.6881,1.0,1,0.0973,0.3738
1954-11-28,1955,R,,nba_0015,nba_0001,115,108,0.678,1.0,1,0.1037,0.3885
1954-11-28,1955,R,,nba_0015,nba_0001,115,108,0.634,1.0,1,0.134,0.4557
1954-11-28,1955,R,,nba_0021,nba_0005,79,77,0.7321,1.0,1,0.0718,0.3119
1954-11-28,1955,R,,nba_0021,nba_0005,79,77,0.6711,1.0,1,0.1082,0.3989
1954-11-30,1955,R,,nba_0013,nba_0015,92,90,0.561,1.0,1,0.1928,0.5781
1954-11-30,1955,R,,nba_0013,nba_0015,92,90,0.6574,1.0,1,0.1173,0.4194
1954-11-30,1955,R,,nba_0022,nba_0001,99,118,0.4261,0.0,1,0.1815,0.5553
1954-11-30,1955,R,,nba_0022,nba_0001,99,118,0.5544,0.0,0,0.3074,0.8084
1954-11-30,1955,R,,nba_0005,nba_0006,95,91,0.5741,1.0,1,0.1814,0.555
1954-11-30,1955,R,,nba_0005,nba_0006,95,91,0.5239,1.0,1,0.2267,0.6464
1954-12-01,1955,R,,nba_0005,nba_0021,88,86,0.4436,1.0,0,0.3096,0.8129
1954-12-01,1955,R,,nba_0005,nba_0021,88,86,0.5141,1.0,1,0.2361,0.6653
1954-12-01,1955,R,,nba_0006,nba_0015,88,91,0.4941,0.0,1,0.2442,0.6814
1954-12-01,1955,R,,nba_0006,nba_0015,88,91,0.6295,0.0,0,0.3962,0.9928
1954-12-01,1955,R,,nba_0016,nba_0013,96,101,0.6272,0.0,0,0.3933,0.9866
1954-12-01,1955,R,,nba_0016,nba_0013,96,101,0.5617,0.0,0,0.3155,0.8248
1954-12-01,1955,R,,nba_0001,nba_0022,101,90,0.8028,1.0,1,0.0389,0.2197
1954-12-01,1955,R,,nba_0001,nba_0022,101,90,0.7196,1.0,1,0.0786,0.3291
1954-12-02,1955,R,,nba_0013,nba_0001,116,98,0.6416,1.0,1,0.1284,0.4438
1954-12-02,1955,R,,nba_0013,nba_0001,116,98,0.6793,1.0,1,0.1029,0.3867
1954-12-02,1955,R,,nba_0022,nba_0015,117,108,0.3242,1.0,0,0.4567,1.1263
1954-12-02,1955,R,,nba_0022,nba_0015,117,108,0.4753,1.0,0,0.2753,0.7437
1954-12-02,1955,R,,nba_0021,nba_0016,82,78,0.7124,1.0,1,0.0827,0.3392
1954-12-02,1955,R,,nba_0021,nba_0016,82,78,0.7022,1.0,1,0.0887,0.3536
1954-12-03,1955,R,,nba_0022,nba_0006,91,110,0.4608,0.0,1,0.2123,0.6176
1954-12-03,1955,R,,nba_0022,nba_0006,91,110,0.4861,0.0,1,0.2363,0.6657
1954-12-04,1955,R,,nba_0001,nba_0016,110,102,0.6492,1.0,1,0.123,0.432
1954-12-04,1955,R,,nba_0001,nba_0016,110,102,0.6709,1.0,1,0.1083,0.3991
1954-12-04,1955,R,,nba_0006,nba_0021,79,73,0.4601,1.0,0,0.2915,0.7762
1954-12-04,1955,R,,nba_0006,nba_0021,79,73,0.5755,1.0,1,0.1802,0.5525
1954-12-04,1955,R,,nba_0005,nba_0013,88,90,0.5583,0.0,0,0.3117,0.8172
1954-12-04,1955,R,,nba_0005,nba_0013,88,90,0.5529,0.0,0,0.3057,0.8049
1954-12-04,1955,R,,nba_0022,nba_0015,95,88,0.3202,1.0,0,0.4621,1.1387
1954-12-04,1955,R,,nba_0022,nba_0015,95,88,0.4636,1.0,0,0.2878,0.7688
1954-12-05,1955,R,,nba_0013,nba_0016,96,97,0.7165,0.0,0,0.5133,1.2604
1954-12-05,1955,R,,nba_0013,nba_0016,96,97,0.7636,0.0,0,0.583,1.4421
1954-12-05,1955,R,,nba_0015,nba_0022,104,102,0.8159,1.0,1,0.0339,0.2035
1954-12-05,1955,R,,nba_0015,nba_0022,104,102,0.7115,1.0,1,0.0833,0.3404
1954-12-05,1955,R,,nba_0021,nba_0006,89,72,0.7153,1.0,1,0.081,0.335
1954-12-05,1955,R,,nba_0021,nba_0006,89,72,0.6167,1.0,1,0.1469,0.4833
1954-12-07,1955,R,,nba_0001,nba_0016,95,93,0.6772,1.0,1,0.1042,0.3898
1954-12-07,1955,R,,nba_0001,nba_0016,95,93,0.6963,1.0,1,0.0923,0.362
1954-12-07,1955,R,,nba_0006,nba_0021,81,88,0.4885,0.0,1,0.2386,0.6704
1954-12-07,1955,R,,nba_0006,nba_0021,81,88,0.5891,0.0,0,0.347,0.8894
1954-12-07,1955,R,,nba_0005,nba_0015,97,89,0.5582,1.0,1,0.1952,0.583
1954-12-07,1955,R,,nba_0005,nba_0015,97,89,0.6321,1.0,1,0.1353,0.4587
1954-12-07,1955,R,,nba_0013,nba_0022,101,85,0.8252,1.0,1,0.0305,0.1921
1954-12-07,1955,R,,nba_0013,nba_0022,101,85,0.7875,1.0,1,0.0452,0.2389
1954-12-08,1955,R,,nba_0001,nba_0015,99,101,0.6055,0.0,0,0.3667,0.9303
1954-12-08,1955,R,,nba_0001,nba_0015,99,101,0.6441,0.0,0,0.4148,1.0331
1954-12-08,1955,R,,nba_0013,nba_0022,92,68,0.8323,1.0,1,0.0281,0.1836
1954-12-08,1955,R,,nba_0013,nba_0022,92,68,0.7978,1.0,1,0.0409,0.226
1954-12-08,1955,R,,nba_0005,nba_0006,77,86,0.6504,0.0,0,0.423,1.051
1954-12-08,1955,R,,nba_0005,nba_0006,77,86,0.6151,0.0,0,0.3783,0.9547
1954-12-08,1955,R,,nba_0016,nba_0021,105,78,0.4865,1.0,0,0.2637,0.7206
1954-12-08,1955,R,,nba_0016,nba_0021,105,78,0.4891,1.0,0,0.2611,0.7153
1954-12-09,1955,R,,nba_0006,nba_0005,96,98,0.6254,0.0,0,0.3912,0.982
1954-12-09,1955,R,,nba_0006,nba_0005,96,98,0.6589,0.0,0,0.4342,1.0757
1954-12-09,1955,R,,nba_0021,nba_0001,120,107,0.6797,1.0,1,0.1026,0.3861
1954-12-09,1955,R,,nba_0021,nba_0001,120,107,0.6594,1.0,1,0.116,0.4165
1954-12-11,1955,R,,nba_0001,nba_0021,94,90,0.5305,1.0,1,0.2204,0.6339
1954-12-11,1955,R,,nba_0001,nba_0021,94,90,0.5516,1.0,1,0.2011,0.595
1954-12-11,1955,R,,nba_0022,nba_0005,87,97,0.4528,0.0,1,0.205,0.603
1954-12-11,1955,R,,nba_0022,nba_0005,87,97,0.5153,0.0,0,0.2655,0.7241
1954-12-11,1955,R,,nba_0016,nba_0015,83,91,0.5644,0.0,0,0.3186,0.8311
1954-12-11,1955,R,,nba_0016,nba_0015,83,91,0.5831,0.0,0,0.34,0.8749
1954-12-12,1955,R,,nba_0021,nba_0006,87,96,0.6917,0.0,0,0.4785,1.1768
1954-12-12,1955,R,,nba_0021,nba_0006,87,96,0.6087,0.0,0,0.3705,0.9383
1954-12-12,1955,R,,nba_0015,nba_0005,80,73,0.6931,1.0,1,0.0942,0.3666
1954-12-12,1955,R,,nba_0015,nba_0005,80,73,0.6253,1.0,1,0.1404,0.4695
1954-12-12,1955,R,,nba_0013,nba_0001,100,99,0.7152,1.0,1,0.0811,0.3351
1954-12-12,1955,R,,nba_0013,nba_0001,100,99,0.7498,1.0,1,0.0626,0.288
1954-12-12,1955,R,,nba_0022,nba_0016,86,74,0.4105,1.0,0,0.3475,0.8904
1954-12-12,1955,R,,nba_0022,nba_0016,86,74,0.5252,1.0,1,0.2254,0.6439
1954-12-14,1955,R,,nba_0001,nba_0015,115,108,0.5497,1.0,1,0.2027,0.5983
1954-12-14,1955,R,,nba_0001,nba_0015,115,108,0.5851,1.0,1,0.1721,0.5359
1954-12-14,1955,R,,nba_0005,nba_0021,82,91,0.5388,0.0,0,0.2903,0.7738
1954-12-14,1955,R,,nba_0005,nba_0021,82,91,0.5922,0.0,0,0.3507,0.8971
1954-12-15,1955,R,,nba_0001,nba_0022,117,106,0.7739,1.0,1,0.0511,0.2563
1954-12-15,1955,R,,nba_0001,nba_0022,117,106,0.7024,1.0,1,0.0886,0.3533
1954-12-15,1955,R,,nba_0013,nba_0006,90,99,0.7129,0.0,0,0.5083,1.248
1954-12-15,1955,R,,nba_0013,nba_0006,90,99,0.691,0.0,0,0.4775,1.1745
1954-12-15,1955,R,,nba_0015,nba_0016,97,99,0.6724,0.0,0,0.4521,1.1159
1954-12-15,1955,R,,nba_0015,nba_0016,97,99,0.657,0.0,0,0.4317,1.0702
1954-12-15,1955,R,,nba_0005,nba_0021,88,81,0.5059,1.0,1,0.2441,0.6814
1954-12-15,1955,R,,nba_0005,nba_0021,88,81,0.5558,1.0,1,0.1973,0.5874
1954-12-18,1955,R,,nba_0001,nba_0006,107,103,0.6468,1.0,1,0.1248,0.4358
1954-12-18,1955,R,,nba_0001,nba_0006,107,103,0.5839,1.0,1,0.1732,0.5381
1954-12-18,1955,R,,nba_0022,nba_0005,85,91,0.4264,0.0,1,0.1818,0.5559
1954-12-18,1955,R,,nba_0022,nba_0005,85,91,0.4839,0.0,1,0.2341,0.6614
1954-12-18,1955,R,,nba_0015,nba_0021,86,83,0.6092,1.0,1,0.1527,0.4956
1954-12-18,1955,R,,nba_0015,nba_0021,86,83,0.5913,1.0,1,0.167,0.5255
1954-12-18,1955,R,,nba_0016,nba_0013,86,87,0.5338,0.0,0,0.2849,0.7631
1954-12-18,1955,R,,nba_0016,nba_0013,86,87,0.4726,0.0,1,0.2234,0.6399
1954-12-19,1955,R,,nba_0013,nba_0022,87,82,0.8433,1.0,1,0.0246,0.1705
1954-12-19,1955,R,,nba_0013,nba_0022,87,82,0.8173,1.0,1,0.0334,0.2018
1954-12-19,1955,R,,nba_0005,nba_0001,93,81,0.571,1.0,1,0.1841,0.5604
1954-12-19,1955,R,,nba_0005,nba_0001,93,81,0.6001,1.0,1,0.1599,0.5107
1954-12-19,1955,R,,nba_0006,nba_0016,79,92,0.6418,0.0,0,0.412,1.0268
1954-12-19,1955,R,,nba_0006,nba_0016,79,92,0.7147,0.0,0,0.5109,1.2544
1954-12-19,1955,R,,nba_0021,nba_0015,108,93,0.6112,1.0,1,0.1512,0.4924
1954-12-19,1955,R,,nba_0021,nba_0015,108,93,0.6282,1.0,1,0.1382,0.4649
1954-12-23,1955,R,,nba_0006,nba_0013,82,92,0.512,0.0,0,0.2622,0.7175
1954-12-23,1955,R,,nba_0006,nba_0013,82,92,0.5352,0.0,0,0.2864,0.7661
1954-12-25,1955,R,,nba_0022,nba_0001,99,108,0.3698,0.0,1,0.1367,0.4617
1954-12-25,1955,R,,nba_0022,nba_0001,99,108,0.4498,0.0,1,0.2024,0.5975
1954-12-25,1955,R,,nba_0015,nba_0006,99,91,0.7434,1.0,1,0.0658,0.2965
1954-12-25,1955,R,,nba_0015,nba_0006,99,91,0.6614,1.0,1,0.1147,0.4135
1954-12-25,1955,R,,nba_0005,nba_0021,109,101,0.5519,1.0,1,0.2008,0.5945
1954-12-25,1955,R,,nba_0005,nba_0021,109,101,0.6007,1.0,1,0.1594,0.5096
1954-12-25,1955,R,,nba_0016,nba_0013,80,73,0.5641,1.0,1,0.19,0.5724
1954-12-25,1955,R,,nba_0016,nba_0013,80,73,0.5059,1.0,1,0.2441,0.6813
1954-12-26,1955,R,,nba_0013,nba_0006,109,96,0.7369,1.0,1,0.0692,0.3054
1954-12-26,1955,R,,nba_0013,nba_0006,109,96,0.7214,1.0,1,0.0776,0.3265
1954-12-26,1955,R,,nba_0015,nba_0001,87,82,0.6407,1.0,1,0.1291,0.4451
1954-12-26,1955,R,,nba_0015,nba_0001,87,82,0.605,1.0,1,0.1561,0.5026
1954-12-26,1955,R,,nba_0021,nba_0005,97,92,0.658,1.0,1,0.1169,0.4185
1954-12-26,1955,R,,nba_0021,nba_0005,97,92,0.6137,1.0,1,0.1492,0.4882
1954-12-28,1955,R,,nba_0005,nba_0006,78,84,0.6862,0.0,0,0.4709,1.1591
1954-12-28,1955,R,,nba_0005,nba_0006,78,84,0.6593,0.0,0,0.4346,1.0767
1954-12-28,1955,R,,nba_0016,nba_0021,82,84,0.5773,0.0,0,0.3333,0.8611
1954-12-28,1955,R,,nba_0016,nba_0021,82,84,0.5783,0.0,0,0.3344,0.8634
1954-12-29,1955,R,,nba_0001,nba_0015,118,129,0.5781,0.0,0,0.3342,0.863
1954-12-29,1955,R,,nba_0001,nba_0015,118,129,0.6129,0.0,0,0.3757,0.9492
1954-12-29,1955,R,,nba_0006,nba_0021,72,70,0.4946,1.0,0,0.2555,0.704
1954-12-29,1955,R,,nba_0006,nba_0021,72,70,0.5698,1.0,1,0.1851,0.5625
1954-12-29,1955,R,,nba_0016,nba_0005,93,89,0.6172,1.0,1,0.1465,0.4825
1954-12-29,1955,R,,nba_0016,nba_0005,93,89,0.574,1.0,1,0.1815,0.5552
1954-12-30,1955,R,,nba_0013,nba_0015,93,76,0.6653,1.0,1,0.112,0.4075
1954-12-30,1955,R,,nba_0013,nba_0015,93,76,0.7257,1.0,1,0.0752,0.3206
1954-12-31,1955,R,,nba_0001,nba_0006,119,113,0.6598,1.0,1,0.1158,0.4159
1954-12-31,1955,R,,nba_0001,nba_0006,119,113,0.6089,1.0,1,0.153,0.4961
1954-12-31,1955,R,,nba_0013,nba_0015,91,103,0.6487,0.0,0,0.4208,1.0462
1954-12-31,1955,R,,nba_0013,nba_0015,91,103,0.7059,0.0,0,0.4983,1.2239
1954-12-31,1955,R,,nba_0022,nba_0005,89,64,0.4443,1.0,0,0.3088,0.8113
1954-12-31,1955,R,,nba_0022,nba_0005,89,64,0.4985,1.0,0,0.2515,0.6962
1955-01-01,1955,R,,nba_0016,nba_0006,96,92,0.7007,1.0,1,0.0896,0.3557
1955-01-01,1955,R,,nba_0016,nba_0006,96,92,0.6377,1.0,1,0.1313,0.4499
1955-01-01,1955,R,,nba_0005,nba_0022,100,91,0.7648,1.0,1,0.0553,0.2682
1955-01-01,1955,R,,nba_0005,nba_0022,100,91,0.7262,1.0,1,0.075,0.32
1955-01-01,1955,R,,nba_0021,nba_0001,108,102,0.7068,1.0,1,0.086,0.347
1955-01-01,1955,R,,nba_0021,nba_0001,108,102,0.6898,1.0,1,0.0962,0.3713
1955-01-02,1955,R,,nba_0001,nba_0005,113,96,0.6594,1.0,1,0.116,0.4164
1955-01-02,1955,R,,nba_0001,nba_0005,113,96,0.6343,1.0,1,0.1337,0.4552
1955-01-02,1955,R,,nba_0013,nba_0006,89,66,0.7525,1.0,1,0.0613,0.2844
1955-01-02,1955,R,,nba_0013,nba_0006,89,66,0.7391,1.0,1,0.0681,0.3023
1955-01-02,1955,R,,nba_0015,nba_0016,100,102,0.7156,0.0,0,0.5121,1.2573
1955-01-02,1955,R,,nba_0015,nba_0016,100,102,0.705,0.0,0,0.497,1.2207
1955-01-02,1955,R,,nba_0021,nba_0022,79,91,0.8434,0.0,0,0.7112,1.8538
1955-01-02,1955,R,,nba_0021,nba_0022,79,91,0.7865,0.0,0,0.6187,1.5443
1955-01-03,1955,R,,nba_0015,nba_0006,76,74,0.7422,1.0,1,0.0665,0.2982
1955-01-03,1955,R,,nba_0015,nba_0006,76,74,0.6763,1.0,1,0.1048,0.3912
1955-01-04,1955,R,,nba_0013,nba_0015,93,92,0.647,1.0,1,0.1246,0.4354
1955-01-04,1955,R,,nba_0013,nba_0015,93,92,0.7017,1.0,1,0.089,0.3542
1955-01-04,1955,R,,nba_0022,nba_0016,92,80,0.4041,1.0,0,0.3551,0.9062
1955-01-04,1955,R,,nba_0022,nba_0016,92,80,0.4955,1.0,0,0.2545,0.7021
1955-01-05,1955,R,,nba_0013,nba_0022,92,97,0.8308,0.0,0,0.6902,1.7764
1955-01-05,1955,R,,nba_0013,nba_0022,92,97,0.8067,0.0,0,0.6508,1.6436
1955-01-05,1955,R,,nba_0016,nba_0005,103,85,0.6233,1.0,1,0.1419,0.4728
1955-01-05,1955,R,,nba_0016,nba_0005,103,85,0.5834,1.0,1,0.1735,0.5388
1955-01-05,1955,R,,nba_0006,nba_0015,106,85,0.4972,1.0,0,0.2528,0.6987
1955-01-05,1955,R,,nba_0006,nba_0015,106,85,0.5726,1.0,1,0.1827,0.5576
1955-01-06,1955,R,,nba_0013,nba_0016,90,83,0.6756,1.0,1,0.1052,0.3921
1955-01-06,1955,R,,nba_0013,nba_0016,90,83,0.7147,1.0,1,0.0814,0.336
1955-01-06,1955,R,,nba_0022,nba_0006,79,92,0.5086,0.0,0,0.2587,0.7106
1955-01-06,1955,R,,nba_0022,nba_0006,79,92,0.5355,0.0,0,0.2867,0.7667
1955-01-06,1955,R,,nba_0005,nba_0001,88,83,0.488,1.0,0,0.2622,0.7175
1955-01-06,1955,R,,nba_0005,nba_0001,88,83,0.5109,1.0,1,0.2392,0.6715
1955-01-06,1955,R,,nba_0021,nba_0015,106,117,0.6572,0.0,0,0.4319,1.0706
1955-01-06,1955,R,,nba_0021,nba_0015,106,117,0.663,0.0,0,0.4396,1.0877
1955-01-07,1955,R,,nba_0022,nba_0005,85,75,0.4952,1.0,0,0.2548,0.7028
1955-01-07,1955,R,,nba_0022,nba_0005,85,75,0.543,1.0,1,0.2088,0.6106
1955-01-08,1955,R,,nba_0016,nba_0022,91,88,0.779,1.0,1,0.0489,0.2498
1955-01-08,1955,R,,nba_0016,nba_0022,91,88,0.7168,1.0,1,0.0802,0.333
1955-01-08,1955,R,,nba_0015,nba_0021,97,100,0.6631,0.0,0,0.4397,1.088
1955-01-08,1955,R,,nba_0015,nba_0021,97,100,0.6577,0.0,0,0.4326,1.072
1955-01-08,1955,R,,nba_0001,nba_0006,117,105,0.6563,1.0,1,0.1181,0.4212
1955-01-08,1955,R,,nba_0001,nba_0006,117,105,0.614,1.0,1,0.149,0.4877
1955-01-09,1955,R,,nba_0013,nba_0015,89,86,0.6827,1.0,1,0.1007,0.3817
1955-01-09,1955,R,,nba_0013,nba_0015,89,86,0.7293,1.0,1,0.0733,0.3157
1955-01-09,1955,R,,nba_0022,nba_0021,77,72,0.4105,1.0,0,0.3475,0.8903
1955-01-09,1955,R,,nba_0022,nba_0021,77,72,0.4975,1.0,0,0.2525,0.6981
1955-01-09,1955,R,,nba_0005,nba_0006,86,84,0.617,1.0,1,0.1467,0.4828
1955-01-09,1955,R,,nba_0005,nba_0006,86,84,0.5973,1.0,1,0.1621,0.5153
1955-01-09,1955,R,,nba_0001,nba_0016,98,92,0.6268,1.0,1,0.1393,0.4671
1955-01-09,1955,R,,nba_0001,nba_0016,98,92,0.6398,1.0,1,0.1298,0.4467
1955-01-11,1955,R,,nba_0013,nba_0001,110,119,0.6769,0.0,0,0.4582,1.1298
1955-01-11,1955,R,,nba_0013,nba_0001,110,119,0.7004,0.0,0,0.4905,1.2052
1955-01-11,1955,R,,nba_0022,nba_0016,93,90,0.4643,1.0,0,0.287,0.7673
1955-01-11,1955,R,,nba_0022,nba_0016,93,90,0.542,1.0,1,0.2098,0.6125
1955-01-11,1955,R,,nba_0015,nba_0021,93,82,0.6429,1.0,1,0.1275,0.4418
1955-01-11,1955,R,,nba_0015,nba_0021,93,82,0.6373,1.0,1,0.1316,0.4506
1955-01-12,1955,R,,nba_0016,nba_0015,88,102,0.5438,0.0,0,0.2958,0.7849
1955-01-12,1955,R,,nba_0016,nba_0015,88,102,0.558,0.0,0,0.3114,0.8164
1955-01-13,1955,R,,nba_0006,nba_0015,102,96,0.5283,1.0,1,0.2225,0.6382
1955-01-13,1955,R,,nba_0006,nba_0015,102,96,0.595,1.0,1,0.1641,0.5193
1955-01-13,1955,R,,nba_0021,nba_0013,100,83,0.5644,1.0,1,0.1898,0.5721
1955-01-13,1955,R,,nba_0021,nba_0013,100,83,0.5172,1.0,1,0.2331,0.6593
1955-01-13,1955,R,,nba_0001,nba_0005,116,100,0.6781,1.0,1,0.1036,0.3885
1955-01-13,1955,R,,nba_0001,nba_0005,116,100,0.6587,1.0,1,0.1165,0.4175
1955-01-14,1955,R,,nba_0001,nba_0015,100,95,0.6052,1.0,1,0.1559,0.5022
1955-01-14,1955,R,,nba_0001,nba_0015,100,95,0.6294,1.0,1,0.1373,0.4629
1955-01-14,1955,R,,nba_0013,nba_0005,83,97,0.7318,0.0,0,0.5355,1.3159
1955-01-14,1955,R,,nba_0013,nba_0005,83,97,0.7351,0.0,0,0.5404,1.3284
1955-01-14,1955,R,,nba_0022,nba_0006,86,84,0.5635,1.0,1,0.1905,0.5736
1955-01-14,1955,R,,nba_0022,nba_0006,86,84,0.5855,1.0,1,0.1718,0.5353
1955-01-15,1955,R,,nba_0022,nba_0006,88,93,0.5345,0.0,0,0.2857,0.7646
1955-01-15,1955,R,,nba_0022,nba_0006,88,93,0.5562,0.0,0,0.3093,0.8124
1955-01-15,1955,R,,nba_0005,nba_0013,106,87,0.5409,1.0,1,0.2107,0.6144
1955-01-15,1955,R,,nba_0005,nba_0013,106,87,0.5368,1.0,1,0.2145,0.6221
1955-01-15,1955,R,,nba_0016,nba_0015,93,90,0.5712,1.0,1,0.1839,0.56
1955-01-15,1955,R,,nba_0016,nba_0015,93,90,0.5822,1.0,1,0.1746,0.541
1955-01-16,1955,R,,nba_0021,nba_0016,90,85,0.7081,1.0,1,0.0852,0.3451
1955-01-16,1955,R,,nba_0021,nba_0016,90,85,0.7028,1.0,1,0.0883,0.3527
1955-01-16,1955,R,,nba_0001,nba_0005,102,98,0.7273,1.0,1,0.0744,0.3184
1955-01-16,1955,R,,nba_0001,nba_0005,102,98,0.7104,1.0,1,0.0839,0.3419
1955-01-16,1955,R,,nba_0013,nba_0022,89,78,0.7563,1.0,1,0.0594,0.2793
1955-01-16,1955,R,,nba_0013,nba_0022,89,78,0.7279,1.0,1,0.0741,0.3176
1955-01-16,1955,R,,nba_0015,nba_0006,106,98,0.703,1.0,1,0.0882,0.3524
1955-01-16,1955,R,,nba_0015,nba_0006,106,98,0.6453,1.0,1,0.1258,0.438
1955-01-19,1955,R,,nba_0022,nba_0015,81,95,0.4002,0.0,1,0.1602,0.5112
1955-01-19,1955,R,,nba_0022,nba_0015,81,95,0.4822,0.0,1,0.2325,0.6581
1955-01-19,1955,R,,nba_0005,nba_0016,98,83,0.6106,1.0,1,0.1516,0.4933
1955-01-19,1955,R,,nba_0005,nba_0016,98,83,0.6424,1.0,1,0.1279,0.4425
1955-01-19,1955,R,,nba_0006,nba_0021,97,98,0.5337,0.0,0,0.2849,0.763
1955-01-19,1955,R,,nba_0006,nba_0021,97,98,0.5919,0.0,0,0.3504,0.8964
1955-01-19,1955,R,,nba_0001,nba_0013,84,105,0.671,0.0,0,0.4502,1.1117
1955-01-19,1955,R,,nba_0001,nba_0013,84,105,0.6482,0.0,0,0.4202,1.0448
1955-01-20,1955,R,,nba_0022,nba_0015,90,97,0.3756,0.0,1,0.1411,0.471
1955-01-20,1955,R,,nba_0022,nba_0015,90,97,0.4497,0.0,1,0.2022,0.5973
1955-01-20,1955,R,,nba_0021,nba_0001,92,87,0.6195,1.0,1,0.1448,0.4789
1955-01-20,1955,R,,nba_0021,nba_0001,92,87,0.6009,1.0,1,0.1593,0.5093
1955-01-21,1955,R,,nba_0001,nba_0006,90,89,0.6825,1.0,1,0.1008,0.3819
1955-01-21,1955,R,,nba_0001,nba_0006,90,89,0.6491,1.0,1,0.1231,0.4322
1955-01-21,1955,R,,nba_0022,nba_0015,92,100,0.3587,0.0,1,0.1287,0.4443
1955-01-21,1955,R,,nba_0022,nba_0015,92,100,0.4274,0.0,1,0.1827,0.5576
1955-01-22,1955,R,,nba_0022,nba_0013,83,85,0.3436,0.0,1,0.118,0.4209
1955-01-22,1955,R,,nba_0022,nba_0013,83,85,0.3693,0.0,1,0.1364,0.4609
1955-01-22,1955,R,,nba_0016,nba_0001,121,110,0.5793,1.0,1,0.177,0.546
1955-01-22,1955,R,,nba_0016,nba_0001,121,110,0.566,1.0,1,0.1884,0.5692
1955-01-22,1955,R,,nba_0005,nba_0006,99,102,0.6946,0.0,0,0.4825,1.1861
1955-01-22,1955,R,,nba_0005,nba_0006,99,102,0.6787,0.0,0,0.4607,1.1355
1955-01-23,1955,R,,nba_0001,nba_0006,94,91,0.6878,1.0,1,0.0975,0.3743
1955-01-23,1955,R,,nba_0001,nba_0006,94,91,0.6558,1.0,1,0.1185,0.4219
1955-01-23,1955,R,,nba_0013,nba_0016,105,84,0.694,1.0,1,0.0936,0.3653
1955-01-23,1955,R,,nba_0013,nba_0016,105,84,0.725,1.0,1,0.0756,0.3215
1955-01-23,1955,R,,nba_0015,nba_0022,82,79,0.8502,1.0,1,0.0224,0.1623
1955-01-23,1955,R,,nba_0015,nba_0022,82,79,0.8126,1.0,1,0.0351,0.2076
1955-01-23,1955,R,,nba_0021,nba_0005,89,98,0.7405,0.0,0,0.5483,1.3489
1955-01-23,1955,R,,nba_0021,nba_0005,89,98,0.7107,0.0,0,0.5051,1.2403
1955-01-24,1955,R,,nba_0022,nba_0016,86,97,0.4661,0.0,1,0.2173,0.6276
1955-01-24,1955,R,,nba_0022,nba_0016,86,97,0.5283,0.0,0,0.2791,0.7514
1955-01-25,1955,R,,nba_0013,nba_0021,69,66,0.6463,1.0,1,0.1251,0.4365
1955-01-25,1955,R,,nba_0013,nba_0021,69,66,0.6836,1.0,1,0.1001,0.3804
1955-01-25,1955,R,,nba_0005,nba_0016,104,107,0.6519,0.0,0,0.425,1.0554
1955-01-25,1955,R,,nba_0005,nba_0016,104,107,0.6759,0.0,0,0.4568,1.1266
1955-01-26,1955,R,,nba_0001,nba_0013,99,90,0.6264,1.0,1,0.1395,0.4677
1955-01-26,1955,R,,nba_0001,nba_0013,99,90,0.6061,1.0,1,0.1552,0.5007
1955-01-26,1955,R,,nba_0006,nba_0021,99,107,0.5849,0.0,0,0.3422,0.8793
1955-01-26,1955,R,,nba_0006,nba_0021,99,107,0.6357,0.0,0,0.4041,1.0097
1955-01-26,1955,R,,nba_0016,nba_0005,96,94,0.6326,1.0,1,0.135,0.4579
1955-01-26,1955,R,,nba_0016,nba_0005,96,94,0.6079,1.0,1,0.1537,0.4977
1955-01-27,1955,R,,nba_0001,nba_0016,92,98,0.6689,0.0,0,0.4475,1.1054
1955-01-27,1955,R,,nba_0001,nba_0016,92,98,0.6772,0.0,0,0.4586,1.1307
1955-01-27,1955,R,,nba_0022,nba_0015,85,79,0.3001,1.0,0,0.4899,1.2036
1955-01-27,1955,R,,nba_0022,nba_0015,85,79,0.3558,1.0,0,0.4149,1.0333
1955-01-27,1955,R,,nba_0006,nba_0005,92,83,0.5889,1.0,1,0.169,0.5295
1955-01-27,1955,R,,nba_0006,nba_0005,92,83,0.6049,1.0,1,0.1561,0.5027
1955-01-27,1955,R,,nba_0021,nba_0013,94,79,0.6017,1.0,1,0.1586,0.5079
1955-01-27,1955,R,,nba_0021,nba_0013,94,79,0.5652,1.0,1,0.1891,0.5706
1955-01-28,1955,R,,nba_0001,nba_0021,101,90,0.5904,1.0,1,0.1678,0.527
1955-01-28,1955,R,,nba_0001,nba_0021,101,90,0.6057,1.0,1,0.1555,0.5014
1955-01-29,1955,R,,nba_0015,nba_0013,100,91,0.6501,1.0,1,0.1224,0.4306
1955-01-29,1955,R,,nba_0015,nba_0013,100,91,0.6178,1.0,1,0.1461,0.4816
1955-01-29,1955,R,,nba_0005,nba_0022,95,93,0.7449,1.0,1,0.0651,0.2944
1955-01-29,1955,R,,nba_0005,nba_0022,95,93,0.7213,1.0,1,0.0777,0.3268
1955-01-29,1955,R,,nba_0016,nba_0006,87,85,0.6779,1.0,1,0.1037,0.3887
1955-01-29,1955,R,,nba_0016,nba_0006,87,85,0.6408,1.0,1,0.129,0.445
1955-01-30,1955,R,,nba_0001,nba_0022,79,88,0.8252,0.0,0,0.6809,1.7439
1955-01-30,1955,R,,nba_0001,nba_0022,79,88,0.7967,0.0,0,0.6347,1.593
1955-01-30,1955,R,,nba_0013,nba_0015,99,92,0.566,1.0,1,0.1884,0.5692
1955-01-30,1955,R,,nba_0013,nba_0015,99,92,0.5976,1.0,1,0.1619,0.5148
1955-01-30,1955,R,,nba_0021,nba_0006,83,93,0.7334,0.0,0,0.5378,1.3219
1955-01-30,1955,R,,nba_0021,nba_0006,83,93,0.6952,0.0,0,0.4832,1.1879
1955-01-31,1955,R,,nba_0013,nba_0005,84,91,0.6835,0.0,0,0.4672,1.1505
1955-01-31,1955,R,,nba_0013,nba_0005,84,91,0.6845,0.0,0,0.4686,1.1536
1955-01-31,1955,R,,nba_0022,nba_0016,100,80,0.4047,1.0,0,0.3544,0.9047
1955-01-31,1955,R,,nba_0022,nba_0016,100,80,0.4578,1.0,0,0.294,0.7814
1955-02-02,1955,R,,nba_0015,nba_0005,96,81,0.7331,1.0,1,0.0712,0.3105
1955-02-02,1955,R,,nba_0015,nba_0005,96,81,0.7088,1.0,1,0.0848,0.3441
1955-02-02,1955,R,,nba_0001,nba_0006,107,122,0.6755,0.0,0,0.4563,1.1255
1955-02-02,1955,R,,nba_0001,nba_0006,107,122,0.6479,0.0,0,0.4198,1.0438
1955-02-02,1955,R,,nba_0016,nba_0013,84,74,0.5808,1.0,1,0.1757,0.5433
1955-02-02,1955,R,,nba_0016,nba_0013,84,74,0.5566,1.0,1,0.1966,0.586
1955-02-03,1955,R,,nba_0013,nba_0021,104,85,0.5684,1.0,1,0.1863,0.565
1955-02-03,1955,R,,nba_0013,nba_0021,104,85,0.5997,1.0,1,0.1602,0.5113
1955-02-03,1955,R,,nba_0022,nba_0016,87,88,0.505,0.0,0,0.255,0.7032
1955-02-03,1955,R,,nba_0022,nba_0016,87,88,0.5555,0.0,0,0.3086,0.8109
1955-02-03,1955,R,,nba_0015,nba_0005,90,83,0.7296,1.0,1,0.0731,0.3153
1955-02-03,1955,R,,nba_0015,nba_0005,90,83,0.7068,1.0,1,0.086,0.347
1955-02-04,1955,R,,nba_0001,nba_0021,114,88,0.6309,1.0,1,0.1362,0.4605
1955-02-04,1955,R,,nba_0001,nba_0021,114,88,0.6438,1.0,1,0.1269,0.4403
1955-02-04,1955,R,,nba_0006,nba_0016,109,101,0.612,1.0,1,0.1505,0.491
1955-02-04,1955,R,,nba_0006,nba_0016,109,101,0.645,1.0,1,0.126,0.4384
1955-02-05,1955,R,,nba_0022,nba_0015,87,103,0.3625,0.0,1,0.1314,0.4502
1955-02-05,1955,R,,nba_0022,nba_0015,87,103,0.4148,0.0,1,0.1721,0.5358
1955-02-05,1955,R,,nba_0005,nba_0001,115,107,0.5841,1.0,1,0.1729,0.5376
1955-02-05,1955,R,,nba_0005,nba_0001,115,107,0.5988,1.0,1,0.1609,0.5128
1955-02-05,1955,R,,nba_0006,nba_0013,88,96,0.5554,0.0,0,0.3085,0.8106
1955-02-05,1955,R,,nba_0006,nba_0013,88,96,0.5687,0.0,0,0.3234,0.8409
1955-02-05,1955,R,,nba_0016,nba_0021,88,94,0.6305,0.0,0,0.3975,0.9956
1955-02-05,1955,R,,nba_0016,nba_0021,88,94,0.6384,0.0,0,0.4075,1.0171
1955-02-06,1955,R,,nba_0001,nba_0006,109,113,0.6418,0.0,0,0.4118,1.0265
1955-02-06,1955,R,,nba_0001,nba_0006,109,113,0.615,0.0,0,0.3782,0.9544
1955-02-06,1955,R,,nba_0013,nba_0016,92,75,0.678,1.0,1,0.1037,0.3885
1955-02-06,1955,R,,nba_0013,nba_0016,92,75,0.696,1.0,1,0.0924,0.3624
1955-02-06,1955,R,,nba_0015,nba_0022,99,101,0.8357,0.0,0,0.6984,1.806
1955-02-06,1955,R,,nba_0015,nba_0022,99,101,0.8058,0.0,0,0.6493,1.6389
1955-02-06,1955,R,,nba_0021,nba_0005,77,75,0.6541,1.0,1,0.1197,0.4245
1955-02-06,1955,R,,nba_0021,nba_0005,77,75,0.6287,1.0,1,0.1379,0.4641
1955-02-08,1955,R,,nba_0005,nba_0015,98,95,0.4869,1.0,0,0.2632,0.7196
1955-02-08,1955,R,,nba_0005,nba_0015,98,95,0.5105,1.0,1,0.2396,0.6723
1955-02-08,1955,R,,nba_0001,nba_0021,88,115,0.5966,0.0,0,0.3559,0.9078
1955-02-08,1955,R,,nba_0001,nba_0021,88,115,0.6089,0.0,0,0.3707,0.9388
1955-02-08,1955,R,,nba_0022,nba_0006,102,95,0.4646,1.0,0,0.2866,0.7665
1955-02-08,1955,R,,nba_0022,nba_0006,102,95,0.4773,1.0,0,0.2732,0.7395
1955-02-09,1955,R,,nba_0001,nba_0021,104,94,0.5408,1.0,1,0.2108,0.6146
1955-02-09,1955,R,,nba_0001,nba_0021,104,94,0.552,1.0,1,0.2007,0.5942
1955-02-09,1955,R,,nba_0015,nba_0005,112,118,0.719,0.0,0,0.5169,1.2693
1955-02-09,1955,R,,nba_0015,nba_0005,112,118,0.7,0.0,0,0.4901,1.2041
1955-02-09,1955,R,,nba_0016,nba_0022,74,75,0.7623,0.0,0,0.5811,1.4367
1955-02-09,1955,R,,nba_0016,nba_0022,74,75,0.7284,0.0,0,0.5305,1.3034
1955-02-10,1955,R,,nba_0013,nba_0006,105,97,0.7316,1.0,1,0.072,0.3125
1955-02-10,1955,R,,nba_0013,nba_0006,105,97,0.7212,1.0,1,0.0777,0.3269
1955-02-10,1955,R,,nba_0021,nba_0015,85,81,0.5799,1.0,1,0.1765,0.5448
1955-02-10,1955,R,,nba_0021,nba_0015,85,81,0.5777,1.0,1,0.1784,0.5488
1955-02-11,1955,R,,nba_0006,nba_0001,105,101,0.5951,1.0,1,0.164,0.519
1955-02-11,1955,R,,nba_0006,nba_0001,105,101,0.6225,1.0,1,0.1425,0.4741
1955-02-11,1955,R,,nba_0013,nba_0016,83,91,0.6958,0.0,0,0.4841,1.1901
1955-02-11,1955,R,,nba_0013,nba_0016,83,91,0.712,0.0,0,0.5069,1.2447
1955-02-12,1955,R,,nba_0005,nba_0013,88,82,0.6009,1.0,1,0.1593,0.5093
1955-02-12,1955,R,,nba_0005,nba_0013,88,82,0.5989,1.0,1,0.1609,0.5126
1955-02-12,1955,R,,nba_0016,nba_0015,95,96,0.5196,0.0,0,0.27,0.7331
1955-02-12,1955,R,,nba_0016,nba_0015,95,96,0.5252,0.0,0,0.2758,0.7449
1955-02-12,1955,R,,nba_0021,nba_0022,92,66,0.7479,1.0,1,0.0635,0.2904
1955-02-12,1955,R,,nba_0021,nba_0022,92,66,0.7069,1.0,1,0.0859,0.3469
1955-02-13,1955,R,,nba_0001,nba_0005,103,105,0.6096,0.0,0,0.3716,0.9406
1955-02-13,1955,R,,nba_0001,nba_0005,103,105,0.5969,0.0,0,0.3562,0.9085
1955-02-13,1955,R,,nba_0013,nba_0022,90,78,0.777,1.0,1,0.0497,0.2524
1955-02-13,1955,R,,nba_0013,nba_0022,90,78,0.7606,1.0,1,0.0573,0.2736
1955-02-13,1955,R,,nba_0015,nba_0006,103,93,0.6754,1.0,1,0.1054,0.3924
1955-02-13,1955,R,,nba_0015,nba_0006,103,93,0.6428,1.0,1,0.1276,0.442
1955-02-13,1955,R,,nba_0021,nba_0016,88,87,0.6872,1.0,1,0.0978,0.3751
1955-02-13,1955,R,,nba_0021,nba_0016,88,87,0.6823,1.0,1,0.1009,0.3822
1955-02-14,1955,R,,nba_0006,nba_0016,79,72,0.6244,1.0,1,0.1411,0.471
1955-02-14,1955,R,,nba_0006,nba_0016,79,72,0.652,1.0,1,0.1211,0.4277
1955-02-14,1955,R,,nba_0013,nba_0005,88,92,0.6558,0.0,0,0.43,1.0665
1955-02-14,1955,R,,nba_0013,nba_0005,88,92,0.6584,0.0,0,0.4335,1.074
1955-02-14,1955,R,,nba_0022,nba_0021,81,82,0.4144,0.0,1,0.1717,0.5351
1955-02-14,1955,R,,nba_0022,nba_0021,81,82,0.4606,0.0,1,0.2121,0.6172
1955-02-15,1955,R,,nba_0006,nba_0016,114,113,0.6429,1.0,1,0.1275,0.4418
1955-02-15,1955,R,,nba_0006,nba_0016,114,113,0.6683,1.0,1,0.11,0.4031
1955-02-15,1955,R,,nba_0001,nba_0022,106,103,0.7379,1.0,1,0.0687,0.3039
1955-02-15,1955,R,,nba_0001,nba_0022,106,103,0.7088,1.0,1,0.0848,0.3442
1955-02-16,1955,R,,nba_0006,nba_0016,98,96,0.6541,1.0,1,0.1196,0.4245
1955-02-16,1955,R,,nba_0006,nba_0016,98,96,0.6782,1.0,1,0.1036,0.3884
1955-02-17,1955,R,,nba_0013,nba_0005,86,93,0.6296,0.0,0,0.3964,0.9932
1955-02-17,1955,R,,nba_0013,nba_0005,86,93,0.6322,0.0,0,0.3997,1.0003
1955-02-17,1955,R,,nba_0006,nba_0016,78,73,0.6657,1.0,1,0.1117,0.4069
1955-02-17,1955,R,,nba_0006,nba_0016,78,73,0.6885,1.0,1,0.0971,0.3733
1955-02-17,1955,R,,nba_0021,nba_0001,107,93,0.7268,1.0,1,0.0746,0.319
1955-02-17,1955,R,,nba_0021,nba_0001,107,93,0.7194,1.0,1,0.0787,0.3293
1955-02-18,1955,R,,nba_0006,nba_0021,110,86,0.5554,1.0,1,0.1976,0.588
1955-02-18,1955,R,,nba_0006,nba_0021,110,86,0.5863,1.0,1,0.1711,0.5338
1955-02-19,1955,R,,nba_0005,nba_0021,78,80,0.6318,0.0,0,0.3992,0.9992
1955-02-19,1955,R,,nba_0005,nba_0021,78,80,0.6504,0.0,0,0.423,1.0508
1955-02-19,1955,R,,nba_0016,nba_0022,78,84,0.6697,0.0,0,0.4485,1.1077
1955-02-19,1955,R,,nba_0016,nba_0022,78,84,0.6358,0.0,0,0.4042,1.0099
1955-02-19,1955,R,,nba_0015,nba_0013,98,92,0.7107,1.0,1,0.0837,0.3416
1955-02-19,1955,R,,nba_0015,nba_0013,98,92,0.6908,1.0,1,0.0956,0.37
1955-02-20,1955,R,,nba_0001,nba_0006,114,99,0.5708,1.0,1,0.1843,0.5608
1955-02-20,1955,R,,nba_0001,nba_0006,114,99,0.5492,1.0,1,0.2032,0.5992
1955-02-20,1955,R,,nba_0013,nba_0022,96,87,0.756,1.0,1,0.0595,0.2797
1955-02-20,1955,R,,nba_0013,nba_0022,96,87,0.7406,1.0,1,0.0673,0.3003
1955-02-20,1955,R,,nba_0015,nba_0016,105,92,0.757,1.0,1,0.059,0.2784
1955-02-20,1955,R,,nba_0015,nba_0016,105,92,0.7521,1.0,1,0.0614,0.2849
1955-02-20,1955,R,,nba_0021,nba_0005,104,84,0.649,1.0,1,0.1232,0.4323
1955-02-20,1955,R,,nba_0021,nba_0005,104,84,0.6311,1.0,1,0.1361,0.4603
1955-02-21,1955,R,,nba_0015,nba_0016,112,110,0.7678,1.0,1,0.0539,0.2643
1955-02-21,1955,R,,nba_0015,nba_0016,112,110,0.7633,1.0,1,0.056,0.2701
1955-02-22,1955,R,,nba_0005,nba_0006,103,102,0.6249,1.0,1,0.1407,0.4701
1955-02-22,1955,R,,nba_0005,nba_0006,103,102,0.6154,1.0,1,0.1479,0.4854
1955-02-22,1955,R,,nba_0022,nba_0016,71,87,0.5778,0.0,0,0.3339,0.8624
1955-02-22,1955,R,,nba_0022,nba_0016,71,87,0.6128,0.0,0,0.3755,0.9487
1955-02-22,1955,R,,nba_0001,nba_0021,97,95,0.5102,1.0,1,0.2399,0.673
1955-02-22,1955,R,,nba_0001,nba_0021,97,95,0.5172,1.0,1,0.2331,0.6593
1955-02-23,1955,R,,nba_0001,nba_0022,103,120,0.7468,0.0,0,0.5577,1.3737
1955-02-23,1955,R,,nba_0001,nba_0022,103,120,0.7215,0.0,0,0.5206,1.2784
1955-02-23,1955,R,,nba_0013,nba_0015,120,97,0.5667,1.0,1,0.1877,0.5679
1955-02-23,1955,R,,nba_0013,nba_0015,120,97,0.589,1.0,1,0.1689,0.5294
1955-02-23,1955,R,,nba_0005,nba_0006,96,98,0.637,0.0,0,0.4057,1.0132
1955-02-23,1955,R,,nba_0005,nba_0006,96,98,0.6279,0.0,0,0.3943,0.9886
1955-02-24,1955,R,,nba_0013,nba_0022,95,85,0.7742,1.0,1,0.051,0.2559
1955-02-24,1955,R,,nba_0013,nba_0022,95,85,0.7613,1.0,1,0.057,0.2727
1955-02-24,1955,R,,nba_0015,nba_0001,112,98,0.7318,1.0,1,0.0719,0.3123
1955-02-24,1955,R,,nba_0015,nba_0001,112,98,0.7255,1.0,1,0.0753,0.3208
1955-02-24,1955,R,,nba_0021,nba_0016,97,83,0.7371,1.0,1,0.0691,0.305
1955-02-24,1955,R,,nba_0021,nba_0016,97,83,0.7321,1.0,1,0.0717,0.3118
1955-02-25,1955,R,,nba_0001,nba_0015,107,104,0.4737,1.0,0,0.277,0.7472
1955-02-25,1955,R,,nba_0001,nba_0015,107,104,0.4811,1.0,0,0.2692,0.7316
1955-02-25,1955,R,,nba_0006,nba_0005,113,111,0.6225,1.0,1,0.1425,0.474
1955-02-25,1955,R,,nba_0006,nba_0005,113,111,0.6314,1.0,1,0.1359,0.4598
1955-02-26,1955,R,,nba_0015,nba_0013,89,90,0.6283,0.0,0,0.3948,0.9898
1955-02-26,1955,R,,nba_0015,nba_0013,89,90,0.6081,0.0,0,0.3698,0.9367
1955-02-26,1955,R,,nba_0016,nba_0006,88,80,0.5456,1.0,1,0.2065,0.6059
1955-02-26,1955,R,,nba_0016,nba_0006,88,80,0.5247,1.0,1,0.2259,0.645
1955-02-26,1955,R,,nba_0005,nba_0022,72,79,0.7366,0.0,0,0.5426,1.334
1955-02-26,1955,R,,nba_0005,nba_0022,72,79,0.7205,0.0,0,0.5191,1.2746
1955-02-27,1955,R,,nba_0001,nba_0022,62,57,0.7165,1.0,1,0.0804,0.3334
1955-02-27,1955,R,,nba_0001,nba_0022,62,57,0.6904,1.0,1,0.0959,0.3705
1955-02-27,1955,R,,nba_0013,nba_0005,83,95,0.6805,0.0,0,0.463,1.1409
1955-02-27,1955,R,,nba_0013,nba_0005,83,95,0.6828,0.0,0,0.4662,1.1482
1955-02-27,1955,R,,nba_0015,nba_0016,93,84,0.7338,1.0,1,0.0709,0.3096
1955-02-27,1955,R,,nba_0015,nba_0016,93,84,0.7285,1.0,1,0.0737,0.3168
1955-02-27,1955,R,,nba_0021,nba_0006,105,77,0.7183,1.0,1,0.0794,0.3309
1955-02-27,1955,R,,nba_0021,nba_0006,105,77,0.6962,1.0,1,0.0923,0.3621
1955-02-28,1955,R,,nba_0013,nba_0015,90,88,0.58,1.0,1,0.1764,0.5447
1955-02-28,1955,R,,nba_0013,nba_0015,90,88,0.6002,1.0,1,0.1599,0.5106
1955-02-28,1955,R,,nba_0022,nba_0006,84,101,0.4806,0.0,1,0.2309,0.655
1955-02-28,1955,R,,nba_0022,nba_0006,84,101,0.4925,0.0,1,0.2426,0.6783
1955-03-01,1955,R,,nba_0005,nba_0021,102,105,0.539,0.0,0,0.2906,0.7744
1955-03-01,1955,R,,nba_0005,nba_0021,102,105,0.5558,0.0,0,0.3089,0.8115
1955-03-01,1955,R,,nba_0001,nba_0013,98,118,0.5586,0.0,0,0.312,0.8177
1955-03-01,1955,R,,nba_0001,nba_0013,98,118,0.5457,0.0,0,0.2978,0.7891
1955-03-01,1955,R,,nba_0006,nba_0022,88,91,0.7644,0.0,0,0.5842,1.4454
1955-03-01,1955,R,,nba_0006,nba_0022,88,91,0.7564,0.0,0,0.5721,1.4122
1955-03-02,1955,R,,nba_0013,nba_0021,90,103,0.5832,0.0,0,0.3401,0.8751
1955-03-02,1955,R,,nba_0013,nba_0021,90,103,0.6007,0.0,0,0.3609,0.9181
1955-03-02,1955,R,,nba_0022,nba_0006,75,78,0.4756,0.0,1,0.2262,0.6455
1955-03-02,1955,R,,nba_0022,nba_0006,75,78,0.4864,0.0,1,0.2366,0.6663
1955-03-03,1955,R,,nba_0013,nba_0021,81,83,0.5465,0.0,0,0.2987,0.7908
1955-03-03,1955,R,,nba_0013,nba_0021,81,83,0.563,0.0,0,0.3169,0.8277
1955-03-03,1955,R,,nba_0022,nba_0005,89,103,0.4458,0.0,1,0.1988,0.5903
1955-03-03,1955,R,,nba_0022,nba_0005,89,103,0.4645,0.0,1,0.2158,0.6246
1955-03-03,1955,R,,nba_0015,nba_0016,76,83,0.7205,0.0,0,0.5191,1.2748
1955-03-03,1955,R,,nba_0015,nba_0016,76,83,0.7156,0.0,0,0.5121,1.2574
1955-03-04,1955,R,,nba_0001,nba_0015,106,121,0.5525,0.0,0,0.3053,0.8042
1955-03-04,1955,R,,nba_0001,nba_0015,106,121,0.5603,0.0,0,0.3139,0.8217
1955-03-04,1955,R,,nba_0022,nba_0021,96,99,0.3308,0.0,1,0.1094,0.4017
1955-03-04,1955,R,,nba_0022,nba_0021,96,99,0.3607,0.0,1,0.1301,0.4474
1955-03-04,1955,R,,nba_0005,nba_0016,95,92,0.6789,1.0,1,0.1031,0.3872
1955-03-04,1955,R,,nba_0005,nba_0016,95,92,0.6895,1.0,1,0.0964,0.3718
1955-03-05,1955,R,,nba_0006,nba_0001,95,89,0.7371,1.0,1,0.0691,0.305
1955-03-05,1955,R,,nba_0006,nba_0001,95,89,0.7512,1.0,1,0.0619,0.2861
1955-03-05,1955,R,,nba_0016,nba_0015,104,107,0.492,0.0,1,0.2421,0.6772
1955-03-05,1955,R,,nba_0016,nba_0015,104,107,0.4978,0.0,1,0.2479,0.6889
1955-03-06,1955,R,,nba_0001,nba_0013,108,104,0.4513,1.0,0,0.301,0.7955
1955-03-06,1955,R,,nba_0001,nba_0013,108,104,0.441,1.0,0,0.3125,0.8188
1955-03-06,1955,R,,nba_0021,nba_0006,107,101,0.7418,1.0,1,0.0667,0.2987
1955-03-06,1955,R,,nba_0021,nba_0006,107,101,0.7242,1.0,1,0.0761,0.3227
1955-03-06,1955,R,,nba_0005,nba_0016,101,96,0.7158,1.0,1,0.0808,0.3344
1955-03-06,1955,R,,nba_0005,nba_0016,101,96,0.7253,1.0,1,0.0755,0.3211
1955-03-06,1955,R,,nba_0015,nba_0022,98,100,0.8009,0.0,0,0.6414,1.6139
1955-03-06,1955,R,,nba_0015,nba_0022,98,100,0.7779,0.0,0,0.6052,1.5048
1955-03-07,1955,R,,nba_0001,nba_0013,110,91,0.5192,1.0,1,0.2312,0.6555
1955-03-07,1955,R,,nba_0001,nba_0013,110,91,0.509,1.0,1,0.2411,0.6753
1955-03-07,1955,R,,nba_0015,nba_0005,97,96,0.6549,1.0,1,0.1191,0.4232
1955-03-07,1955,R,,nba_0015,nba_0005,97,96,0.6393,1.0,1,0.1301,0.4473
1955-03-08,1955,R,,nba_0001,nba_0006,112,103,0.5293,1.0,1,0.2216,0.6362
1955-03-08,1955,R,,nba_0001,nba_0006,112,103,0.5125,1.0,1,0.2376,0.6684
1955-03-08,1955,R,,nba_0005,nba_0016,99,96,0.6827,1.0,1,0.1007,0.3817
1955-03-08,1955,R,,nba_0005,nba_0016,99,96,0.6922,1.0,1,0.0948,0.3679
1955-03-09,1955,R,,nba_0006,nba_0015,102,89,0.5248,1.0,1,0.2258,0.6447
1955-03-09,1955,R,,nba_0006,nba_0015,102,89,0.5486,1.0,1,0.2038,0.6004
1955-03-09,1955,R,,nba_0016,nba_0021,100,97,0.3574,1.0,0,0.4129,1.0289
1955-03-09,1955,R,,nba_0016,nba_0021,100,97,0.3601,1.0,0,0.4095,1.0215
1955-03-10,1955,R,,nba_0005,nba_0001,114,95,0.6835,1.0,1,0.1002,0.3805
1955-03-10,1955,R,,nba_0005,nba_0001,114,95,0.6908,1.0,1,0.0956,0.3699
1955-03-10,1955,R,,nba_0015,nba_0021,96,93,0.5461,1.0,1,0.206,0.6049
1955-03-10,1955,R,,nba_0015,nba_0021,96,93,0.544,1.0,1,0.208,0.6089
1955-03-10,1955,R,,nba_0013,nba_0006,93,91,0.6574,1.0,1,0.1173,0.4194
1955-03-10,1955,R,,nba_0013,nba_0006,93,91,0.6518,1.0,1,0.1213,0.4281
1955-03-11,1955,R,,nba_0001,nba_0005,95,97,0.5259,0.0,0,0.2766,0.7464
1955-03-11,1955,R,,nba_0001,nba_0005,95,97,0.5181,0.0,0,0.2684,0.73
1955-03-12,1955,R,,nba_0015,nba_0006,86,78,0.6714,1.0,1,0.108,0.3984
1955-03-12,1955,R,,nba_0015,nba_0006,86,78,0.6511,1.0,1,0.1217,0.4291
1955-03-12,1955,R,,nba_0016,nba_0001,105,103,0.6593,1.0,1,0.1161,0.4166
1955-03-12,1955,R,,nba_0016,nba_0001,105,103,0.6569,1.0,1,0.1177,0.4203
1955-03-12,1955,R,,nba_0021,nba_0013,112,92,0.714,1.0,1,0.0818,0.3368
1955-03-12,1955,R,,nba_0021,nba_0013,112,92,0.7021,1.0,1,0.0888,0.3537
1955-03-13,1955,R,,nba_0001,nba_0005,112,101,0.4785,1.0,0,0.272,0.7371
1955-03-13,1955,R,,nba_0001,nba_0005,112,101,0.471,1.0,0,0.2799,0.7529
1955-03-13,1955,R,,nba_0021,nba_0022,76,77,0.8126,0.0,0,0.6603,1.6744
1955-03-13,1955,R,,nba_0021,nba_0022,76,77,0.7932,0.0,0,0.6291,1.5758
1955-03-14,1955,R,,nba_0022,nba_0006,99,84,0.4518,1.0,0,0.3005,0.7945
1955-03-14,1955,R,,nba_0022,nba_0006,99,84,0.4629,1.0,0,0.2885,0.7702
1955-03-15,1955,P,1.0,nba_0001,nba_0005,122,101,0.5306,1.0,1,0.2203,0.6337
1955-03-15,1955,P,1.0,nba_0001,nba_0005,122,101,0.5234,1.0,1,0.2271,0.6474
1955-03-16,1955,P,1.0,nba_0015,nba_0016,82,78,0.7357,1.0,1,0.0698,0.3069
1955-03-16,1955,P,1.0,nba_0015,nba_0016,82,78,0.7323,1.0,1,0.0717,0.3116
1955-03-16,1955,P,1.0,nba_0005,nba_0001,102,95,0.6655,1.0,1,0.1119,0.4072
1955-03-16,1955,P,1.0,nba_0005,nba_0001,102,95,0.6715,1.0,1,0.1079,0.3982
1955-03-18,1955,P,1.0,nba_0016,nba_0015,94,92,0.4745,1.0,0,0.2762,0.7456
1955-03-18,1955,P,1.0,nba_0016,nba_0015,94,92,0.4787,1.0,0,0.2718,0.7367
1955-03-19,1955,P,1.0,nba_0015,nba_0016,119,110,0.7295,1.0,1,0.0731,0.3153
1955-03-19,1955,P,1.0,nba_0015,nba_0016,119,110,0.7263,1.0,1,0.0749,0.3198
1955-03-19,1955,P,1.0,nba_0005,nba_0001,109,116,0.6812,0.0,0,0.4641,1.1433
1955-03-19,1955,P,1.0,nba_0005,nba_0001,109,116,0.6868,0.0,0,0.4717,1.1608
1955-03-20,1955,P,2.0,nba_0013,nba_0015,96,79,0.5929,1.0,1,0.1658,0.5228
1955-03-20,1955,P,2.0,nba_0013,nba_0015,96,79,0.6074,1.0,1,0.1541,0.4985
1955-03-22,1955,P,2.0,nba_0013,nba_0015,98,97,0.5808,1.0,1,0.1757,0.5433
1955-03-22,1955,P,2.0,nba_0013,nba_0015,98,97,0.5946,1.0,1,0.1643,0.5198
1955-03-22,1955,P,2.0,nba_0021,nba_0001,110,100,0.7806,1.0,1,0.0481,0.2476
1955-03-22,1955,P,2.0,nba_0021,nba_0001,110,100,0.7768,1.0,1,0.0498,0.2525
1955-03-23,1955,P,2.0,nba_0015,nba_0013,99,91,0.6417,1.0,1,0.1284,0.4436
1955-03-23,1955,P,2.0,nba_0015,nba_0013,99,91,0.6289,1.0,1,0.1377,0.4638
1955-03-24,1955,P,2.0,nba_0021,nba_0001,116,110,0.7578,1.0,1,0.0587,0.2774
1955-03-24,1955,P,2.0,nba_0021,nba_0001,116,110,0.7539,1.0,1,0.0606,0.2825
1955-03-26,1955,P,2.0,nba_0001,nba_0021,100,97,0.4444,1.0,0,0.3087,0.8111
1955-03-26,1955,P,2.0,nba_0001,nba_0021,100,97,0.4493,1.0,0,0.3033,0.8001
1955-03-27,1955,P,2.0,nba_0001,nba_0021,94,110,0.4653,0.0,1,0.2165,0.6261
1955-03-27,1955,P,2.0,nba_0001,nba_0021,94,110,0.4702,0.0,1,0.2211,0.6352
1955-03-27,1955,P,2.0,nba_0015,nba_0013,96,105,0.6598,0.0,0,0.4353,1.0781
1955-03-27,1955,P,2.0,nba_0015,nba_0013,96,105,0.648,0.0,0,0.4199,1.0441
1955-03-31,1955,P,3.0,nba_0021,nba_0013,86,82,0.7097,1.0,1,0.0843,0.343
1955-03-31,1955,P,3.0,nba_0021,nba_0013,86,82,0.7002,1.0,1,0.0899,0.3565
1955-04-02,1955,P,3.0,nba_0021,nba_0013,87,84,0.7222,1.0,1,0.0772,0.3255
1955-04-02,1955,P,3.0,nba_0021,nba_0013,87,84,0.7134,1.0,1,0.0821,0.3377
1955-04-03,1955,P,3.0,nba_0013,nba_0021,96,89,0.4894,1.0,0,0.2608,0.7147
1955-04-03,1955,P,3.0,nba_0013,nba_0021,96,89,0.4997,1.0,0,0.2503,0.6938
1955-04-05,1955,P,3.0,nba_0013,nba_0021,109,102,0.5208,1.0,1,0.2296,0.6523
1955-04-05,1955,P,3.0,nba_0013,nba_0021,109,102,0.5307,1.0,1,0.2203,0.6336
1955-04-07,1955,P,3.0,nba_0013,nba_0021,74,71,0.5506,1.0,1,0.2019,0.5967
1955-04-07,1955,P,3.0,nba_0013,nba_0021,74,71,0.5599,1.0,1,0.1937,0.58
1955-04-09,1955,P,3.0,nba_0021,nba_0013,109,104,0.6625,1.0,1,0.1139,0.4117
1955-04-09,1955,P,3.0,nba_0021,nba_0013,109,104,0.6544,1.0,1,0.1195,0.4241
1955-04-10,1955,P,3.0,nba_0021,nba_0013,92,91,0.6796,1.0,1,0.1027,0.3863
1955-04-10,1955,P,3.0,nba_0021,nba_0013,92,91,0.6722,1.0,1,0.1075,0.3972
1955-11-05,1956,R,,nba_0016,nba_0005,98,100,0.5786,0.0,0,0.3348,0.8642
1955-11-05,1956,R,,nba_0016,nba_0005,98,100,0.6186,0.0,0,0.3826,0.9639
1955-11-05,1956,R,,nba_0022,nba_0015,101,89,0.5176,1.0,1,0.2328,0.6586
1955-11-05,1956,R,,nba_0022,nba_0015,101,89,0.6186,1.0,1,0.1455,0.4803
1955-11-05,1956,R,,nba_0021,nba_0013,114,113,0.663,1.0,1,0.1136,0.411
1955-11-05,1956,R,,nba_0021,nba_0013,114,113,0.6186,1.0,1,0.1455,0.4803
1955-11-05,1956,R,,nba_0001,nba_0006,98,87,0.601,1.0,1,0.1592,0.5091
1955-11-05,1956,R,,nba_0001,nba_0006,98,87,0.6186,1.0,1,0.1455,0.4803
1955-11-06,1956,R,,nba_0013,nba_0015,95,96,0.6338,0.0,0,0.4016,1.0044
1955-11-06,1956,R,,nba_0013,nba_0015,95,96,0.6256,0.0,0,0.3914,0.9825
1955-11-06,1956,R,,nba_0016,nba_0021,83,80,0.4859,1.0,0,0.2643,0.7217
1955-11-06,1956,R,,nba_0016,nba_0021,83,80,0.6001,1.0,1,0.1599,0.5106
1955-11-09,1956,R,,nba_0006,nba_0015,117,106,0.5965,1.0,1,0.1628,0.5167
1955-11-09,1956,R,,nba_0006,nba_0015,117,106,0.6288,1.0,1,0.1378,0.4639
1955-11-10,1956,R,,nba_0005,nba_0015,112,105,0.6676,1.0,1,0.1105,0.4041
1955-11-10,1956,R,,nba_0005,nba_0015,112,105,0.6854,1.0,1,0.099,0.3778
1955-11-10,1956,R,,nba_0006,nba_0016,89,84,0.6013,1.0,1,0.159,0.5087
1955-11-10,1956,R,,nba_0006,nba_0016,89,84,0.5766,1.0,1,0.1793,0.5506
1955-11-11,1956,R,,nba_0001,nba_0015,119,75,0.6508,1.0,1,0.122,0.4296
1955-11-11,1956,R,,nba_0001,nba_0015,119,75,0.6948,1.0,1,0.0932,0.3641
1955-11-12,1956,R,,nba_0015,nba_0006,89,100,0.5695,0.0,0,0.3243,0.8427
1955-11-12,1956,R,,nba_0015,nba_0006,89,100,0.5407,0.0,0,0.2924,0.7781
1955-11-12,1956,R,,nba_0022,nba_0021,81,91,0.5102,0.0,0,0.2603,0.7137
1955-11-12,1956,R,,nba_0022,nba_0021,81,91,0.6556,0.0,0,0.4298,1.066
1955-11-12,1956,R,,nba_0005,nba_0001,96,95,0.6531,1.0,1,0.1204,0.4261
1955-11-12,1956,R,,nba_0005,nba_0001,96,95,0.6276,1.0,1,0.1386,0.4658
1955-11-12,1956,R,,nba_0013,nba_0016,79,84,0.7136,0.0,0,0.5092,1.2503
1955-11-12,1956,R,,nba_0013,nba_0016,79,84,0.6564,0.0,0,0.4309,1.0683
1955-11-13,1956,R,,nba_0013,nba_0021,93,79,0.5238,1.0,1,0.2267,0.6466
1955-11-13,1956,R,,nba_0013,nba_0021,93,79,0.5628,1.0,1,0.1912,0.5749
1955-11-13,1956,R,,nba_0005,nba_0016,94,91,0.675,1.0,1,0.1056,0.393
1955-11-13,1956,R,,nba_0005,nba_0016,94,91,0.6428,1.0,1,0.1276,0.442
1955-11-15,1956,R,,nba_0022,nba_0005,121,95,0.528,1.0,1,0.2228,0.6386
1955-11-15,1956,R,,nba_0022,nba_0005,121,95,0.5965,1.0,1,0.1628,0.5166
1955-11-17,1956,R,,nba_0013,nba_0005,88,110,0.6575,0.0,0,0.4323,1.0714
1955-11-17,1956,R,,nba_0013,nba_0005,88,110,0.6269,0.0,0,0.393,0.9859
1955-11-17,1956,R,,nba_0006,nba_0001,106,92,0.6347,1.0,1,0.1335,0.4546
1955-11-17,1956,R,,nba_0006,nba_0001,106,92,0.6207,1.0,1,0.1438,0.4768
1955-11-17,1956,R,,nba_0021,nba_0015,105,91,0.705,1.0,1,0.087,0.3495
1955-11-17,1956,R,,nba_0021,nba_0015,105,91,0.66,1.0,1,0.1156,0.4155
1955-11-19,1956,R,,nba_0016,nba_0015,90,91,0.6797,0.0,0,0.462,1.1385
1955-11-19,1956,R,,nba_0016,nba_0015,90,91,0.723,0.0,0,0.5228,1.2838
1955-11-19,1956,R,,nba_0006,nba_0021,102,94,0.5724,1.0,1,0.1828,0.5579
1955-11-19,1956,R,,nba_0006,nba_0021,102,94,0.6456,1.0,1,0.1256,0.4376
1955-11-19,1956,R,,nba_0001,nba_0013,104,102,0.628,1.0,1,0.1384,0.4651
1955-11-19,1956,R,,nba_0001,nba_0013,104,102,0.6765,1.0,1,0.1046,0.3908
1955-11-19,1956,R,,nba_0005,nba_0022,91,104,0.6685,0.0,0,0.4469,1.1041
1955-11-19,1956,R,,nba_0005,nba_0022,91,104,0.6072,0.0,0,0.3687,0.9345
1955-11-20,1956,R,,nba_0013,nba_0005,115,119,0.5678,0.0,0,0.3225,0.839
1955-11-20,1956,R,,nba_0013,nba_0005,115,119,0.539,0.0,0,0.2905,0.7743
1955-11-20,1956,R,,nba_0015,nba_0016,96,104,0.6239,0.0,0,0.3893,0.978
1955-11-20,1956,R,,nba_0015,nba_0016,96,104,0.5751,0.0,0,0.3308,0.856
1955-11-20,1956,R,,nba_0021,nba_0022,84,80,0.7059,1.0,1,0.0865,0.3483
1955-11-20,1956,R,,nba_0021,nba_0022,84,80,0.5889,1.0,1,0.169,0.5295
1955-11-23,1956,R,,nba_0001,nba_0005,111,115,0.6035,0.0,0,0.3642,0.9251
1955-11-23,1956,R,,nba_0001,nba_0005,111,115,0.6249,0.0,0,0.3905,0.9806
1955-11-23,1956,R,,nba_0006,nba_0021,104,101,0.6134,1.0,1,0.1495,0.4888
1955-11-23,1956,R,,nba_0006,nba_0021,104,101,0.6769,1.0,1,0.1044,0.3902
1955-11-23,1956,R,,nba_0022,nba_0016,90,88,0.6149,1.0,1,0.1483,0.4862
1955-11-23,1956,R,,nba_0022,nba_0016,90,88,0.6436,1.0,1,0.127,0.4407
1955-11-24,1956,R,,nba_0013,nba_0016,104,93,0.6583,1.0,1,0.1167,0.4181
1955-11-24,1956,R,,nba_0013,nba_0016,104,93,0.6037,1.0,1,0.157,0.5047
1955-11-24,1956,R,,nba_0015,nba_0022,107,99,0.6266,1.0,1,0.1394,0.4675
1955-11-24,1956,R,,nba_0015,nba_0022,107,99,0.5522,1.0,1,0.2006,0.5939
1955-11-24,1956,R,,nba_0006,nba_0005,118,97,0.6262,1.0,1,0.1397,0.4681
1955-11-24,1956,R,,nba_0006,nba_0005,118,97,0.6318,1.0,1,0.1356,0.4593
1955-11-24,1956,R,,nba_0021,nba_0001,111,103,0.6946,1.0,1,0.0933,0.3645
1955-11-24,1956,R,,nba_0021,nba_0001,111,103,0.6212,1.0,1,0.1435,0.4761
1955-11-26,1956,R,,nba_0005,nba_0021,100,99,0.5747,1.0,1,0.1808,0.5538
1955-11-26,1956,R,,nba_0005,nba_0021,100,99,0.6303,1.0,1,0.1367,0.4616
1955-11-26,1956,R,,nba_0022,nba_0015,104,95,0.6321,1.0,1,0.1354,0.4588
1955-11-26,1956,R,,nba_0022,nba_0015,104,95,0.6975,1.0,1,0.0915,0.3603
1955-11-26,1956,R,,nba_0016,nba_0001,103,104,0.5943,0.0,0,0.3532,0.9022
1955-11-26,1956,R,,nba_0016,nba_0001,103,104,0.6045,0.0,0,0.3654,0.9275
1955-11-26,1956,R,,nba_0006,nba_0013,87,82,0.7118,1.0,1,0.0831,0.34
1955-11-26,1956,R,,nba_0006,nba_0013,87,82,0.7376,1.0,1,0.0689,0.3044
1955-11-27,1956,R,,nba_0013,nba_0022,114,106,0.6092,1.0,1,0.1527,0.4956
1955-11-27,1956,R,,nba_0013,nba_0022,114,106,0.5294,1.0,1,0.2215,0.636
1955-11-27,1956,R,,nba_0015,nba_0006,99,94,0.4725,1.0,0,0.2783,0.7498
1955-11-27,1956,R,,nba_0015,nba_0006,99,94,0.4549,1.0,0,0.2972,0.7878
1955-11-27,1956,R,,nba_0021,nba_0005,85,74,0.6457,1.0,1,0.1255,0.4374
1955-11-27,1956,R,,nba_0021,nba_0005,85,74,0.5928,1.0,1,0.1658,0.5229
1955-11-29,1956,R,,nba_0001,nba_0021,105,97,0.5483,1.0,1,0.2041,0.601
1955-11-29,1956,R,,nba_0001,nba_0021,105,97,0.6197,1.0,1,0.1446,0.4785
1955-11-29,1956,R,,nba_0005,nba_0013,99,104,0.6676,0.0,0,0.4457,1.1014
1955-11-29,1956,R,,nba_0005,nba_0013,99,104,0.6867,0.0,0,0.4715,1.1604
1955-11-29,1956,R,,nba_0022,nba_0006,108,95,0.513,1.0,1,0.2372,0.6675
1955-11-29,1956,R,,nba_0022,nba_0006,108,95,0.5621,1.0,1,0.1918,0.5761
1955-11-30,1956,R,,nba_0015,nba_0022,97,99,0.6318,0.0,0,0.3991,0.999
1955-11-30,1956,R,,nba_0015,nba_0022,97,99,0.5693,0.0,0,0.3241,0.8424
1955-11-30,1956,R,,nba_0016,nba_0013,87,76,0.6108,1.0,1,0.1515,0.493
1955-11-30,1956,R,,nba_0016,nba_0013,87,76,0.6597,1.0,1,0.1158,0.416
1955-12-01,1956,R,,nba_0006,nba_0022,115,98,0.6927,1.0,1,0.0944,0.3671
1955-12-01,1956,R,,nba_0006,nba_0022,115,98,0.6531,1.0,1,0.1203,0.426
1955-12-01,1956,R,,nba_0015,nba_0005,97,90,0.5217,1.0,1,0.2288,0.6506
1955-12-01,1956,R,,nba_0015,nba_0005,97,90,0.5137,1.0,1,0.2365,0.6661
1955-12-02,1956,R,,nba_0001,nba_0022,94,81,0.6782,1.0,1,0.1036,0.3883
1955-12-02,1956,R,,nba_0001,nba_0022,94,81,0.6498,1.0,1,0.1226,0.431
1955-12-03,1956,R,,nba_0005,nba_0006,102,109,0.5522,0.0,0,0.305,0.8035
1955-12-03,1956,R,,nba_0005,nba_0006,102,109,0.5415,0.0,0,0.2932,0.7798
1955-12-03,1956,R,,nba_0016,nba_0022,78,89,0.6453,0.0,0,0.4164,1.0366
1955-12-03,1956,R,,nba_0016,nba_0022,78,89,0.6265,0.0,0,0.3925,0.9849
1955-12-03,1956,R,,nba_0021,nba_0015,114,103,0.7594,1.0,1,0.0579,0.2753
1955-12-03,1956,R,,nba_0021,nba_0015,114,103,0.7268,1.0,1,0.0746,0.3191
1955-12-04,1956,R,,nba_0013,nba_0001,111,90,0.6302,1.0,1,0.1368,0.4617
1955-12-04,1956,R,,nba_0013,nba_0001,111,90,0.5913,1.0,1,0.167,0.5254
1955-12-04,1956,R,,nba_0015,nba_0021,96,102,0.4846,0.0,1,0.2348,0.6628
1955-12-04,1956,R,,nba_0015,nba_0021,96,102,0.5247,0.0,0,0.2753,0.7437
1955-12-04,1956,R,,nba_0016,nba_0006,107,84,0.468,1.0,0,0.283,0.7592
1955-12-04,1956,R,,nba_0016,nba_0006,107,84,0.4888,1.0,0,0.2613,0.7157
1955-12-06,1956,R,,nba_0013,nba_0021,90,88,0.5274,1.0,1,0.2233,0.6397
1955-12-06,1956,R,,nba_0013,nba_0021,90,88,0.5565,1.0,1,0.1967,0.586
1955-12-06,1956,R,,nba_0015,nba_0006,103,116,0.4913,0.0,1,0.2414,0.676
1955-12-06,1956,R,,nba_0015,nba_0006,103,116,0.47,0.0,1,0.2209,0.6348
1955-12-06,1956,R,,nba_0005,nba_0016,116,105,0.6659,1.0,1,0.1116,0.4066
1955-12-06,1956,R,,nba_0005,nba_0016,116,105,0.6386,1.0,1,0.1306,0.4485
1955-12-06,1956,R,,nba_0022,nba_0001,99,122,0.6365,0.0,0,0.4052,1.0121
1955-12-06,1956,R,,nba_0022,nba_0001,99,122,0.6638,0.0,0,0.4406,1.0901
1955-12-07,1956,R,,nba_0016,nba_0015,92,79,0.6471,1.0,1,0.1245,0.4353
1955-12-07,1956,R,,nba_0016,nba_0015,92,79,0.6817,1.0,1,0.1013,0.3832
1955-12-08,1956,R,,nba_0013,nba_0021,105,94,0.5466,1.0,1,0.2056,0.604
1955-12-08,1956,R,,nba_0013,nba_0021,105,94,0.5746,1.0,1,0.1809,0.554
1955-12-09,1956,R,,nba_0001,nba_0016,108,109,0.7037,0.0,0,0.4952,1.2163
1955-12-09,1956,R,,nba_0001,nba_0016,108,109,0.6976,0.0,0,0.4867,1.1961
1955-12-09,1956,R,,nba_0006,nba_0021,101,92,0.6701,1.0,1,0.1088,0.4004
1955-12-09,1956,R,,nba_0006,nba_0021,101,92,0.7182,1.0,1,0.0794,0.3311
1955-12-10,1956,R,,nba_0001,nba_0015,118,102,0.682,1.0,1,0.1012,0.3828
1955-12-10,1956,R,,nba_0001,nba_0015,118,102,0.7062,1.0,1,0.0863,0.3478
1955-12-10,1956,R,,nba_0016,nba_0013,117,116,0.5444,1.0,1,0.2076,0.6081
1955-12-10,1956,R,,nba_0016,nba_0013,117,116,0.5908,1.0,1,0.1674,0.5262
1955-12-10,1956,R,,nba_0022,nba_0005,80,99,0.5869,0.0,0,0.3445,0.8841
1955-12-10,1956,R,,nba_0022,nba_0005,80,99,0.6319,0.0,0,0.3993,0.9993
1955-12-11,1956,R,,nba_0013,nba_0006,96,91,0.5257,1.0,1,0.2249,0.643
1955-12-11,1956,R,,nba_0013,nba_0006,96,91,0.4985,1.0,0,0.2515,0.6962
1955-12-11,1956,R,,nba_0016,nba_0022,93,91,0.6567,1.0,1,0.1179,0.4205
1955-12-11,1956,R,,nba_0016,nba_0022,93,91,0.6391,1.0,1,0.1303,0.4477
1955-12-11,1956,R,,nba_0021,nba_0001,101,89,0.6654,1.0,1,0.1119,0.4073
1955-12-11,1956,R,,nba_0021,nba_0001,101,89,0.606,1.0,1,0.1553,0.5009
1955-12-13,1956,R,,nba_0001,nba_0006,108,109,0.5611,0.0,0,0.3148,0.8235
1955-12-13,1956,R,,nba_0001,nba_0006,108,109,0.5707,0.0,0,0.3257,0.8455
1955-12-13,1956,R,,nba_0005,nba_0015,98,91,0.7345,1.0,1,0.0705,0.3086
1955-12-13,1956,R,,nba_0005,nba_0015,98,91,0.7426,1.0,1,0.0662,0.2975
1955-12-14,1956,R,,nba_0001,nba_0005,102,100,0.5968,1.0,1,0.1626,0.5162
1955-12-14,1956,R,,nba_0001,nba_0005,102,100,0.6099,1.0,1,0.1521,0.4944
1955-12-14,1956,R,,nba_0013,nba_0015,85,98,0.7784,0.0,0,0.6059,1.5069
1955-12-14,1956,R,,nba_0013,nba_0015,85,98,0.7701,0.0,0,0.593,1.4699
1955-12-14,1956,R,,nba_0016,nba_0022,117,109,0.6695,1.0,1,0.1092,0.4012
1955-12-14,1956,R,,nba_0016,nba_0022,117,109,0.653,1.0,1,0.1204,0.4262
1955-12-15,1956,R,,nba_0021,nba_0015,133,135,0.7878,0.0,0,0.6206,1.5502
1955-12-15,1956,R,,nba_0021,nba_0015,133,135,0.7627,0.0,0,0.5817,1.4384
1955-12-15,1956,R,,nba_0006,nba_0013,80,73,0.7146,1.0,1,0.0815,0.3361
1955-12-15,1956,R,,nba_0006,nba_0013,80,73,0.7356,1.0,1,0.0699,0.3071
1955-12-16,1956,R,,nba_0016,nba_0022,97,100,0.6867,0.0,0,0.4716,1.1607
1955-12-16,1956,R,,nba_0016,nba_0022,97,100,0.6718,0.0,0,0.4513,1.114
1955-12-17,1956,R,,nba_0001,nba_0021,104,110,0.6021,0.0,0,0.3626,0.9217
1955-12-17,1956,R,,nba_0001,nba_0021,104,110,0.6576,0.0,0,0.4324,1.0718
1955-12-17,1956,R,,nba_0013,nba_0005,95,100,0.5701,0.0,0,0.325,0.8442
1955-12-17,1956,R,,nba_0013,nba_0005,95,100,0.549,0.0,0,0.3014,0.7964
1955-12-17,1956,R,,nba_0015,nba_0016,94,92,0.5829,1.0,1,0.174,0.5398
1955-12-17,1956,R,,nba_0015,nba_0016,94,92,0.5483,1.0,1,0.2041,0.601
1955-12-18,1956,R,,nba_0021,nba_0006,99,79,0.5512,1.0,1,0.2014,0.5956
1955-12-18,1956,R,,nba_0021,nba_0006,99,79,0.5033,1.0,1,0.2467,0.6866
1955-12-18,1956,R,,nba_0022,nba_0016,86,85,0.6028,1.0,1,0.1577,0.5061
1955-12-18,1956,R,,nba_0022,nba_0016,86,85,0.6194,1.0,1,0.1449,0.4791
1955-12-18,1956,R,,nba_0005,nba_0001,92,95,0.6529,0.0,0,0.4263,1.0582
1955-12-18,1956,R,,nba_0005,nba_0001,92,95,0.6417,0.0,0,0.4118,1.0263
1955-12-18,1956,R,,nba_0013,nba_0015,96,86,0.6633,1.0,1,0.1134,0.4105
1955-12-18,1956,R,,nba_0013,nba_0015,96,86,0.6537,1.0,1,0.1199,0.4251
1955-12-20,1956,R,,nba_0001,nba_0015,111,104,0.7024,1.0,1,0.0885,0.3532
1955-12-20,1956,R,,nba_0001,nba_0015,111,104,0.7204,1.0,1,0.0782,0.328
1955-12-20,1956,R,,nba_0005,nba_0021,91,98,0.55,0.0,0,0.3025,0.7984
1955-12-20,1956,R,,nba_0005,nba_0021,91,98,0.5915,0.0,0,0.3498,0.8952
1955-12-21,1956,R,,nba_0016,nba_0006,92,96,0.512,0.0,0,0.2622,0.7175
1955-12-21,1956,R,,nba_0016,nba_0006,92,96,0.5343,0.0,0,0.2855,0.7643
1955-12-25,1956,R,,nba_0013,nba_0005,92,87,0.6467,1.0,1,0.1248,0.4359
1955-12-25,1956,R,,nba_0013,nba_0005,92,87,0.6299,1.0,1,0.1369,0.4621
1955-12-25,1956,R,,nba_0015,nba_0001,112,115,0.5106,0.0,0,0.2607,0.7146
1955-12-25,1956,R,,nba_0015,nba_0001,112,115,0.49,0.0,1,0.2401,0.6732
1955-12-25,1956,R,,nba_0021,nba_0016,111,96,0.7662,1.0,1,0.0547,0.2663
1955-12-25,1956,R,,nba_0021,nba_0016,111,96,0.7164,1.0,1,0.0804,0.3336
1955-12-26,1956,R,,nba_0013,nba_0022,83,67,0.6293,1.0,1,0.1374,0.4631
1955-12-26,1956,R,,nba_0013,nba_0022,83,67,0.5706,1.0,1,0.1844,0.5611
1955-12-26,1956,R,,nba_0016,nba_0021,93,91,0.4513,1.0,0,0.3011,0.7957
1955-12-26,1956,R,,nba_0016,nba_0021,93,91,0.5119,1.0,1,0.2383,0.6697
1955-12-26,1956,R,,nba_0006,nba_0005,97,108,0.7367,0.0,0,0.5427,1.3345
1955-12-26,1956,R,,nba_0006,nba_0005,97,108,0.7407,0.0,0,0.5486,1.3498
1955-12-27,1956,R,,nba_0005,nba_0006,80,79,0.5783,1.0,1,0.1778,0.5477
1955-12-27,1956,R,,nba_0005,nba_0006,80,79,0.5734,1.0,1,0.182,0.5563
1955-12-27,1956,R,,nba_0016,nba_0021,91,80,0.4721,1.0,0,0.2787,0.7506
1955-12-27,1956,R,,nba_0016,nba_0021,91,80,0.5311,1.0,1,0.2199,0.6329
1955-12-27,1956,R,,nba_0022,nba_0001,102,105,0.4921,0.0,1,0.2422,0.6775
1955-12-27,1956,R,,nba_0022,nba_0001,102,105,0.5203,0.0,0,0.2707,0.7346
1955-12-28,1956,R,,nba_0015,nba_0022,90,111,0.6467,0.0,0,0.4182,1.0405
1955-12-28,1956,R,,nba_0015,nba_0022,90,111,0.6027,0.0,0,0.3633,0.9232
1955-12-28,1956,R,,nba_0016,nba_0005,91,113,0.565,0.0,0,0.3192,0.8324
1955-12-28,1956,R,,nba_0016,nba_0005,91,113,0.5862,0.0,0,0.3436,0.8823
1955-12-29,1956,R,,nba_0013,nba_0016,83,75,0.7176,1.0,1,0.0798,0.3319
1955-12-29,1956,R,,nba_0013,nba_0016,83,75,0.6882,1.0,1,0.0972,0.3736
1955-12-29,1956,R,,nba_0015,nba_0022,74,71,0.5461,1.0,1,0.2061,0.605
1955-12-29,1956,R,,nba_0015,nba_0022,74,71,0.5047,1.0,1,0.2453,0.6838
1955-12-29,1956,R,,nba_0006,nba_0021,112,83,0.5862,1.0,1,0.1712,0.5341
1955-12-29,1956,R,,nba_0006,nba_0021,112,83,0.624,1.0,1,0.1414,0.4716
1955-12-30,1956,R,,nba_0001,nba_0021,110,103,0.6396,1.0,1,0.1299,0.4469
1955-12-30,1956,R,,nba_0001,nba_0021,110,103,0.6812,1.0,1,0.1016,0.3839
1955-12-30,1956,R,,nba_0013,nba_0022,90,89,0.6957,1.0,1,0.0926,0.3628
1955-12-30,1956,R,,nba_0013,nba_0022,90,89,0.6515,1.0,1,0.1215,0.4285
1955-12-31,1956,R,,nba_0016,nba_0001,100,112,0.5296,0.0,0,0.2805,0.7542
1955-12-31,1956,R,,nba_0016,nba_0001,100,112,0.5367,0.0,0,0.288,0.7694
1955-12-31,1956,R,,nba_0021,nba_0005,101,92,0.5765,1.0,1,0.1793,0.5507
1955-12-31,1956,R,,nba_0021,nba_0005,101,92,0.5439,1.0,1,0.208,0.6089
1956-01-01,1956,R,,nba_0013,nba_0022,85,68,0.705,1.0,1,0.087,0.3495
1956-01-01,1956,R,,nba_0013,nba_0022,85,68,0.6632,1.0,1,0.1134,0.4106
1956-01-01,1956,R,,nba_0001,nba_0006,121,113,0.569,1.0,1,0.1858,0.5639
1956-01-01,1956,R,,nba_0001,nba_0006,121,113,0.5781,1.0,1,0.178,0.5481
1956-01-01,1956,R,,nba_0005,nba_0016,92,101,0.7231,0.0,0,0.5229,1.2841
1956-01-01,1956,R,,nba_0005,nba_0016,92,101,0.708,0.0,0,0.5013,1.231
1956-01-01,1956,R,,nba_0015,nba_0021,80,85,0.4782,0.0,1,0.2286,0.6504
1956-01-01,1956,R,,nba_0015,nba_0021,80,85,0.5056,0.0,0,0.2556,0.7044
1956-01-02,1956,R,,nba_0013,nba_0015,89,95,0.7613,0.0,0,0.5796,1.4325
1956-01-02,1956,R,,nba_0013,nba_0015,89,95,0.7566,0.0,0,0.5725,1.4131
1956-01-02,1956,R,,nba_0022,nba_0021,82,84,0.4591,0.0,1,0.2107,0.6145
1956-01-02,1956,R,,nba_0022,nba_0021,82,84,0.5228,0.0,0,0.2733,0.7398
1956-01-02,1956,R,,nba_0006,nba_0016,130,100,0.7244,1.0,1,0.0759,0.3224
1956-01-02,1956,R,,nba_0006,nba_0016,130,100,0.712,1.0,1,0.0829,0.3396
1956-01-03,1956,R,,nba_0001,nba_0005,97,107,0.6775,0.0,0,0.459,1.1317
1956-01-03,1956,R,,nba_0001,nba_0005,97,107,0.6875,0.0,0,0.4727,1.1632
1956-01-03,1956,R,,nba_0006,nba_0013,102,82,0.6714,1.0,1,0.108,0.3985
1956-01-03,1956,R,,nba_0006,nba_0013,102,82,0.6844,1.0,1,0.0996,0.3792
1956-01-04,1956,R,,nba_0001,nba_0005,86,103,0.639,0.0,0,0.4083,1.0188
1956-01-04,1956,R,,nba_0001,nba_0005,86,103,0.6492,0.0,0,0.4215,1.0476
1956-01-04,1956,R,,nba_0015,nba_0022,94,76,0.5981,1.0,1,0.1615,0.514
1956-01-04,1956,R,,nba_0015,nba_0022,94,76,0.5626,1.0,1,0.1913,0.5752
1956-01-04,1956,R,,nba_0016,nba_0013,86,88,0.5666,0.0,0,0.321,0.836
1956-01-04,1956,R,,nba_0016,nba_0013,86,88,0.5939,0.0,0,0.3528,0.9013
1956-01-04,1956,R,,nba_0021,nba_0006,87,88,0.6378,0.0,0,0.4067,1.0154
1956-01-04,1956,R,,nba_0021,nba_0006,87,88,0.6075,0.0,0,0.369,0.9351
1956-01-05,1956,R,,nba_0013,nba_0006,92,81,0.534,1.0,1,0.2172,0.6274
1956-01-05,1956,R,,nba_0013,nba_0006,92,81,0.5219,1.0,1,0.2286,0.6503
1956-01-05,1956,R,,nba_0005,nba_0001,87,92,0.6466,0.0,0,0.418,1.04
1956-01-05,1956,R,,nba_0005,nba_0001,87,92,0.6367,0.0,0,0.4054,1.0126
1956-01-07,1956,R,,nba_0006,nba_0005,104,97,0.6541,1.0,1,0.1197,0.4246
1956-01-07,1956,R,,nba_0006,nba_0005,104,97,0.6551,1.0,1,0.1189,0.4229
1956-01-07,1956,R,,nba_0016,nba_0015,103,98,0.6303,1.0,1,0.1367,0.4615
1956-01-07,1956,R,,nba_0016,nba_0015,103,98,0.6494,1.0,1,0.123,0.4318
1956-01-07,1956,R,,nba_0022,nba_0013,97,108,0.5051,0.0,0,0.2551,0.7034
1956-01-07,1956,R,,nba_0022,nba_0013,97,108,0.545,0.0,0,0.297,0.7874
1956-01-07,1956,R,,nba_0021,nba_0001,99,105,0.6623,0.0,0,0.4387,1.0857
1956-01-07,1956,R,,nba_0021,nba_0001,99,105,0.6261,0.0,0,0.392,0.9837
1956-01-08,1956,R,,nba_0005,nba_0006,83,95,0.563,0.0,0,0.3169,0.8278
1956-01-08,1956,R,,nba_0005,nba_0006,83,95,0.5619,0.0,0,0.3157,0.8252
1956-01-08,1956,R,,nba_0013,nba_0022,91,96,0.7623,0.0,0,0.5811,1.4368
1956-01-08,1956,R,,nba_0013,nba_0022,91,96,0.7347,0.0,0,0.5398,1.3268
1956-01-08,1956,R,,nba_0001,nba_0016,109,111,0.7409,0.0,0,0.5489,1.3506
1956-01-08,1956,R,,nba_0001,nba_0016,109,111,0.7364,0.0,0,0.5423,1.3332
1956-01-08,1956,R,,nba_0015,nba_0021,99,91,0.4553,1.0,0,0.2967,0.7867
1956-01-08,1956,R,,nba_0015,nba_0021,99,91,0.4796,1.0,0,0.2708,0.7348
1956-01-10,1956,R,,nba_0013,nba_0001,105,89,0.5952,1.0,1,0.1639,0.5188
1956-01-10,1956,R,,nba_0013,nba_0001,105,89,0.5777,1.0,1,0.1783,0.5487
1956-01-10,1956,R,,nba_0015,nba_0021,90,79,0.4847,1.0,0,0.2656,0.7243
1956-01-10,1956,R,,nba_0015,nba_0021,90,79,0.5081,1.0,1,0.242,0.6771
1956-01-10,1956,R,,nba_0006,nba_0022,109,107,0.7979,1.0,1,0.0408,0.2257
1956-01-10,1956,R,,nba_0006,nba_0022,109,107,0.7802,1.0,1,0.0483,0.2482
1956-01-11,1956,R,,nba_0001,nba_0015,110,114,0.7176,0.0,0,0.5149,1.2643
1956-01-11,1956,R,,nba_0001,nba_0015,110,114,0.7289,0.0,0,0.5313,1.3052
1956-01-11,1956,R,,nba_0016,nba_0006,94,97,0.4871,0.0,1,0.2373,0.6677
1956-01-11,1956,R,,nba_0016,nba_0006,94,97,0.5011,0.0,0,0.2511,0.6953
1956-01-12,1956,R,,nba_0021,nba_0022,93,78,0.7388,1.0,1,0.0682,0.3027
1956-01-12,1956,R,,nba_0021,nba_0022,93,78,0.6944,1.0,1,0.0934,0.3647
1956-01-12,1956,R,,nba_0006,nba_0016,123,94,0.7826,1.0,1,0.0473,0.2451
1956-01-12,1956,R,,nba_0006,nba_0016,123,94,0.7734,1.0,1,0.0513,0.2569
1956-01-13,1956,R,,nba_0001,nba_0021,119,104,0.624,1.0,1,0.1414,0.4717
1956-01-13,1956,R,,nba_0001,nba_0021,119,104,0.6557,1.0,1,0.1185,0.422
1956-01-13,1956,R,,nba_0016,nba_0022,98,90,0.6543,1.0,1,0.1195,0.4242
1956-01-13,1956,R,,nba_0016,nba_0022,98,90,0.6444,1.0,1,0.1265,0.4395
1956-01-14,1956,R,,nba_0015,nba_0013,117,94,0.4944,1.0,0,0.2556,0.7043
1956-01-14,1956,R,,nba_0015,nba_0013,117,94,0.4974,1.0,0,0.2526,0.6983
1956-01-14,1956,R,,nba_0005,nba_0022,101,104,0.78,0.0,0,0.6084,1.5141
1956-01-14,1956,R,,nba_0005,nba_0022,101,104,0.7623,0.0,0,0.5811,1.4369
1956-01-14,1956,R,,nba_0006,nba_0001,103,104,0.7293,0.0,0,0.5318,1.3066
1956-01-14,1956,R,,nba_0006,nba_0001,103,104,0.7249,0.0,0,0.5255,1.2907
1956-01-14,1956,R,,nba_0016,nba_0021,102,93,0.5259,1.0,1,0.2247,0.6426
1956-01-14,1956,R,,nba_0016,nba_0021,102,93,0.5648,1.0,1,0.1894,0.5713
1956-01-15,1956,R,,nba_0021,nba_0016,99,88,0.6799,1.0,1,0.1025,0.3858
1956-01-15,1956,R,,nba_0021,nba_0016,99,88,0.6464,1.0,1,0.125,0.4364
1956-01-15,1956,R,,nba_0022,nba_0006,96,108,0.3818,0.0,1,0.1457,0.4809
1956-01-15,1956,R,,nba_0022,nba_0006,96,108,0.4033,0.0,1,0.1627,0.5164
1956-01-15,1956,R,,nba_0001,nba_0005,104,109,0.6576,0.0,0,0.4324,1.0716
1956-01-15,1956,R,,nba_0001,nba_0005,104,109,0.6643,0.0,0,0.4413,1.0915
1956-01-15,1956,R,,nba_0013,nba_0015,104,99,0.6724,1.0,1,0.1073,0.3969
1956-01-15,1956,R,,nba_0013,nba_0015,104,99,0.6699,1.0,1,0.109,0.4006
1956-01-17,1956,R,,nba_0001,nba_0013,91,85,0.6221,1.0,1,0.1428,0.4747
1956-01-17,1956,R,,nba_0001,nba_0013,91,85,0.6364,1.0,1,0.1322,0.4519
1956-01-17,1956,R,,nba_0015,nba_0022,97,86,0.6922,1.0,1,0.0947,0.3679
1956-01-17,1956,R,,nba_0015,nba_0022,97,86,0.6667,1.0,1,0.1111,0.4054
1956-01-17,1956,R,,nba_0005,nba_0016,112,107,0.6972,1.0,1,0.0917,0.3607
1956-01-17,1956,R,,nba_0005,nba_0016,112,107,0.6866,1.0,1,0.0982,0.376
1956-01-18,1956,R,,nba_0001,nba_0013,95,90,0.6407,1.0,1,0.1291,0.4452
1956-01-18,1956,R,,nba_0001,nba_0013,95,90,0.6539,1.0,1,0.1198,0.4248
1956-01-18,1956,R,,nba_0015,nba_0006,105,94,0.403,1.0,0,0.3564,0.9089
1956-01-18,1956,R,,nba_0015,nba_0006,105,94,0.396,1.0,0,0.3648,0.9263
1956-01-18,1956,R,,nba_0016,nba_0005,108,103,0.5189,1.0,1,0.2315,0.6561
1956-01-18,1956,R,,nba_0016,nba_0005,108,103,0.5307,1.0,1,0.2203,0.6336
1956-01-19,1956,R,,nba_0021,nba_0015,122,100,0.6941,1.0,1,0.0936,0.3652
1956-01-19,1956,R,,nba_0021,nba_0015,122,100,0.6784,1.0,1,0.1034,0.388
1956-01-19,1956,R,,nba_0013,nba_0022,90,83,0.7273,1.0,1,0.0744,0.3184
1956-01-19,1956,R,,nba_0013,nba_0022,90,83,0.7028,1.0,1,0.0883,0.3527
1956-01-20,1956,R,,nba_0001,nba_0022,133,112,0.7956,1.0,1,0.0418,0.2286
1956-01-20,1956,R,,nba_0001,nba_0022,133,112,0.7853,1.0,1,0.0461,0.2417
1956-01-20,1956,R,,nba_0015,nba_0005,109,122,0.5506,0.0,0,0.3032,0.7999
1956-01-20,1956,R,,nba_0015,nba_0005,109,122,0.5451,0.0,0,0.2971,0.7876
1956-01-21,1956,R,,nba_0001,nba_0021,100,96,0.6218,1.0,1,0.143,0.4751
1956-01-21,1956,R,,nba_0001,nba_0021,100,96,0.6483,1.0,1,0.1237,0.4334
1956-01-21,1956,R,,nba_0005,nba_0015,89,109,0.695,0.0,0,0.483,1.1873
1956-01-21,1956,R,,nba_0005,nba_0015,89,109,0.6993,0.0,0,0.489,1.2016
1956-01-21,1956,R,,nba_0006,nba_0013,91,92,0.7278,0.0,0,0.5297,1.3012
1956-01-21,1956,R,,nba_0006,nba_0013,91,92,0.735,0.0,0,0.5402,1.3279
1956-01-21,1956,R,,nba_0016,nba_0022,97,90,0.7353,1.0,1,0.0701,0.3075
1956-01-21,1956,R,,nba_0016,nba_0022,97,90,0.7277,1.0,1,0.0742,0.3179
1956-01-22,1956,R,,nba_0021,nba_0022,105,109,0.772,0.0,0,0.596,1.4783
1956-01-22,1956,R,,nba_0021,nba_0022,105,109,0.7408,0.0,0,0.5489,1.3503
1956-01-22,1956,R,,nba_0015,nba_0005,95,100,0.5918,0.0,0,0.3502,0.8959
1956-01-22,1956,R,,nba_0015,nba_0005,95,100,0.587,0.0,0,0.3446,0.8843
1956-01-22,1956,R,,nba_0001,nba_0006,115,129,0.5821,0.0,0,0.3389,0.8726
1956-01-22,1956,R,,nba_0001,nba_0006,115,129,0.5856,0.0,0,0.343,0.881
1956-01-22,1956,R,,nba_0013,nba_0016,111,93,0.6965,1.0,1,0.0921,0.3618
1956-01-22,1956,R,,nba_0013,nba_0016,111,93,0.6806,1.0,1,0.102,0.3848
1956-01-23,1956,R,,nba_0001,nba_0006,104,120,0.5412,0.0,0,0.2929,0.7791
1956-01-23,1956,R,,nba_0001,nba_0006,104,120,0.5444,0.0,0,0.2964,0.7861
1956-01-25,1956,R,,nba_0001,nba_0013,100,101,0.5832,0.0,0,0.3401,0.8752
1956-01-25,1956,R,,nba_0001,nba_0013,100,101,0.5944,0.0,0,0.3533,0.9023
1956-01-25,1956,R,,nba_0015,nba_0005,104,95,0.5637,1.0,1,0.1904,0.5732
1956-01-25,1956,R,,nba_0015,nba_0005,104,95,0.5591,1.0,1,0.1944,0.5813
1956-01-25,1956,R,,nba_0006,nba_0021,112,100,0.7206,1.0,1,0.0781,0.3277
1956-01-25,1956,R,,nba_0006,nba_0021,112,100,0.7391,1.0,1,0.0681,0.3023
1956-01-25,1956,R,,nba_0022,nba_0016,114,106,0.5463,1.0,1,0.2058,0.6045
1956-01-25,1956,R,,nba_0022,nba_0016,114,106,0.5559,1.0,1,0.1972,0.5871
1956-01-26,1956,R,,nba_0021,nba_0006,100,89,0.4644,1.0,0,0.2868,0.767
1956-01-26,1956,R,,nba_0021,nba_0006,100,89,0.4424,1.0,0,0.3109,0.8154
1956-01-27,1956,R,,nba_0001,nba_0013,97,106,0.5851,0.0,0,0.3424,0.8798
1956-01-27,1956,R,,nba_0001,nba_0013,97,106,0.5957,0.0,0,0.3549,0.9057
1956-01-27,1956,R,,nba_0005,nba_0016,93,111,0.6982,0.0,0,0.4875,1.198
1956-01-27,1956,R,,nba_0005,nba_0016,93,111,0.6882,0.0,0,0.4737,1.1655
1956-01-28,1956,R,,nba_0015,nba_0006,85,108,0.4801,0.0,1,0.2305,0.6541
1956-01-28,1956,R,,nba_0015,nba_0006,85,108,0.4738,0.0,1,0.2245,0.642
1956-01-28,1956,R,,nba_0022,nba_0021,93,85,0.4977,1.0,0,0.2523,0.6977
1956-01-28,1956,R,,nba_0022,nba_0021,93,85,0.538,1.0,1,0.2134,0.6199
1956-01-28,1956,R,,nba_0016,nba_0001,119,126,0.5661,0.0,0,0.3205,0.8351
1956-01-28,1956,R,,nba_0016,nba_0001,119,126,0.5722,0.0,0,0.3275,0.8492
1956-01-28,1956,R,,nba_0005,nba_0013,91,92,0.532,0.0,0,0.283,0.7593
1956-01-28,1956,R,,nba_0005,nba_0013,91,92,0.537,0.0,0,0.2884,0.77
1956-01-29,1956,R,,nba_0001,nba_0016,112,103,0.6944,1.0,1,0.0934,0.3647
1956-01-29,1956,R,,nba_0001,nba_0016,112,103,0.6895,1.0,1,0.0964,0.3718
1956-01-29,1956,R,,nba_0013,nba_0006,99,85,0.5384,1.0,1,0.2131,0.6192
1956-01-29,1956,R,,nba_0013,nba_0006,99,85,0.5321,1.0,1,0.2189,0.6309
1956-01-29,1956,R,,nba_0015,nba_0022,107,114,0.6851,0.0,0,0.4694,1.1556
1956-01-29,1956,R,,nba_0015,nba_0022,107,114,0.6638,0.0,0,0.4406,1.0901
1956-01-29,1956,R,,nba_0021,nba_0005,95,99,0.6465,0.0,0,0.4179,1.0398
1956-01-29,1956,R,,nba_0021,nba_0005,95,99,0.6293,0.0,0,0.396,0.9922
1956-01-31,1956,R,,nba_0015,nba_0016,92,86,0.634,1.0,1,0.1339,0.4557
1956-01-31,1956,R,,nba_0015,nba_0016,92,86,0.6201,1.0,1,0.1443,0.4779
1956-01-31,1956,R,,nba_0005,nba_0006,105,95,0.4623,1.0,0,0.2892,0.7716
1956-01-31,1956,R,,nba_0005,nba_0006,105,95,0.4607,1.0,0,0.2908,0.7749
1956-01-31,1956,R,,nba_0022,nba_0001,114,91,0.4981,1.0,0,0.2519,0.6969
1956-01-31,1956,R,,nba_0022,nba_0001,114,91,0.5123,1.0,1,0.2378,0.6688
1956-02-01,1956,R,,nba_0006,nba_0005,104,105,0.7302,0.0,0,0.5331,1.3099
1956-02-01,1956,R,,nba_0006,nba_0005,104,105,0.7313,0.0,0,0.5348,1.3142
1956-02-01,1956,R,,nba_0015,nba_0001,107,106,0.5658,1.0,1,0.1885,0.5695
1956-02-01,1956,R,,nba_0015,nba_0001,107,106,0.5565,1.0,1,0.1967,0.5861
1956-02-01,1956,R,,nba_0016,nba_0021,83,77,0.4983,1.0,0,0.2517,0.6966
1956-02-01,1956,R,,nba_0016,nba_0021,83,77,0.5273,1.0,1,0.2235,0.6401
1956-02-02,1956,R,,nba_0001,nba_0015,102,101,0.6552,1.0,1,0.1189,0.4228
1956-02-02,1956,R,,nba_0001,nba_0015,102,101,0.6635,1.0,1,0.1132,0.4102
1956-02-02,1956,R,,nba_0021,nba_0016,97,89,0.6662,1.0,1,0.1114,0.4062
1956-02-02,1956,R,,nba_0021,nba_0016,97,89,0.6409,1.0,1,0.129,0.445
1956-02-02,1956,R,,nba_0022,nba_0013,98,90,0.4047,1.0,0,0.3544,0.9047
1956-02-02,1956,R,,nba_0022,nba_0013,98,90,0.428,1.0,0,0.3272,0.8487
1956-02-02,1956,R,,nba_0005,nba_0006,87,88,0.5149,0.0,0,0.2651,0.7234
1956-02-02,1956,R,,nba_0005,nba_0006,87,88,0.5135,0.0,0,0.2636,0.7204
1956-02-03,1956,R,,nba_0006,nba_0016,96,105,0.7903,0.0,0,0.6245,1.5619
1956-02-03,1956,R,,nba_0006,nba_0016,96,105,0.7849,0.0,0,0.6161,1.5367
1956-02-04,1956,R,,nba_0013,nba_0022,94,98,0.7398,0.0,0,0.5473,1.3462
1956-02-04,1956,R,,nba_0013,nba_0022,94,98,0.7216,0.0,0,0.5206,1.2785
1956-02-04,1956,R,,nba_0005,nba_0021,94,103,0.6346,0.0,0,0.4028,1.0068
1956-02-04,1956,R,,nba_0005,nba_0021,94,103,0.6502,0.0,0,0.4227,1.0503
1956-02-04,1956,R,,nba_0016,nba_0001,83,69,0.5334,1.0,1,0.2177,0.6285
1956-02-04,1956,R,,nba_0016,nba_0001,83,69,0.5368,1.0,1,0.2145,0.6221
1956-02-05,1956,R,,nba_0001,nba_0005,114,104,0.619,1.0,1,0.1452,0.4797
1956-02-05,1956,R,,nba_0001,nba_0005,114,104,0.6248,1.0,1,0.1407,0.4703
1956-02-05,1956,R,,nba_0015,nba_0016,109,121,0.6582,0.0,0,0.4333,1.0737
1956-02-05,1956,R,,nba_0015,nba_0016,109,121,0.6472,0.0,0,0.4188,1.0418
1956-02-05,1956,R,,nba_0022,nba_0006,105,93,0.4458,1.0,0,0.3071,0.8078
1956-02-05,1956,R,,nba_0022,nba_0006,105,93,0.4631,1.0,0,0.2882,0.7698
1956-02-05,1956,R,,nba_0021,nba_0013,90,85,0.5628,1.0,1,0.1911,0.5747
1956-02-05,1956,R,,nba_0021,nba_0013,90,85,0.5503,1.0,1,0.2022,0.5973
1956-02-06,1956,R,,nba_0013,nba_0021,99,98,0.653,1.0,1,0.1204,0.4262
1956-02-06,1956,R,,nba_0013,nba_0021,99,98,0.6641,1.0,1,0.1129,0.4094
1956-02-07,1956,R,,nba_0005,nba_0001,113,102,0.5958,1.0,1,0.1634,0.5179
1956-02-07,1956,R,,nba_0005,nba_0001,113,102,0.5902,1.0,1,0.1679,0.5273
1956-02-07,1956,R,,nba_0006,nba_0021,128,95,0.7099,1.0,1,0.0842,0.3426
1956-02-07,1956,R,,nba_0006,nba_0021,128,95,0.7245,1.0,1,0.0759,0.3223
1956-02-08,1956,R,,nba_0016,nba_0005,97,102,0.6506,0.0,0,0.4232,1.0514
1956-02-08,1956,R,,nba_0016,nba_0005,97,102,0.6584,0.0,0,0.4334,1.074
1956-02-08,1956,R,,nba_0015,nba_0013,106,82,0.5133,1.0,1,0.2369,0.667
1956-02-08,1956,R,,nba_0015,nba_0013,106,82,0.5151,1.0,1,0.2351,0.6633
1956-02-08,1956,R,,nba_0001,nba_0022,110,111,0.5875,0.0,0,0.3451,0.8854
1956-02-08,1956,R,,nba_0001,nba_0022,110,111,0.5749,0.0,0,0.3305,0.8554
1956-02-09,1956,R,,nba_0006,nba_0022,108,97,0.744,1.0,1,0.0656,0.2958
1956-02-09,1956,R,,nba_0006,nba_0022,108,97,0.7305,1.0,1,0.0726,0.3141
1956-02-09,1956,R,,nba_0021,nba_0001,97,98,0.6586,0.0,0,0.4338,1.0747
1956-02-09,1956,R,,nba_0021,nba_0001,97,98,0.6394,0.0,0,0.4089,1.0201
1956-02-10,1956,R,,nba_0001,nba_0022,124,100,0.6298,1.0,1,0.1371,0.4624
1956-02-10,1956,R,,nba_0001,nba_0022,124,100,0.6182,1.0,1,0.1457,0.4809
1956-02-10,1956,R,,nba_0005,nba_0021,88,94,0.6569,0.0,0,0.4316,1.0698
1956-02-10,1956,R,,nba_0005,nba_0021,88,94,0.6707,0.0,0,0.4499,1.1108
1956-02-11,1956,R,,nba_0015,nba_0006,102,117,0.4808,0.0,1,0.2312,0.6555
1956-02-11,1956,R,,nba_0015,nba_0006,102,117,0.4769,0.0,1,0.2274,0.648
1956-02-11,1956,R,,nba_0005,nba_0022,107,91,0.6448,1.0,1,0.1262,0.4388
1956-02-11,1956,R,,nba_0005,nba_0022,107,91,0.629,1.0,1,0.1376,0.4636
1956-02-11,1956,R,,nba_0016,nba_0013,97,93,0.5419,1.0,1,0.2098,0.6127
1956-02-11,1956,R,,nba_0016,nba_0013,97,93,0.5545,1.0,1,0.1984,0.5896
1956-02-12,1956,R,,nba_0001,nba_0005,116,108,0.6439,1.0,1,0.1268,0.4403
1956-02-12,1956,R,,nba_0001,nba_0005,116,108,0.6487,1.0,1,0.1234,0.4328
1956-02-12,1956,R,,nba_0013,nba_0015,82,78,0.7037,1.0,1,0.0878,0.3514
1956-02-12,1956,R,,nba_0013,nba_0015,82,78,0.7023,1.0,1,0.0886,0.3535
1956-02-12,1956,R,,nba_0022,nba_0006,79,87,0.4373,0.0,1,0.1912,0.575
1956-02-12,1956,R,,nba_0022,nba_0006,79,87,0.4524,0.0,1,0.2047,0.6022
1956-02-12,1956,R,,nba_0021,nba_0016,101,74,0.6678,1.0,1,0.1103,0.4037
1956-02-12,1956,R,,nba_0021,nba_0016,101,74,0.647,1.0,1,0.1246,0.4354
1956-02-13,1956,R,,nba_0013,nba_0006,94,105,0.5165,0.0,0,0.2668,0.7267
1956-02-13,1956,R,,nba_0013,nba_0006,94,105,0.5107,0.0,0,0.2609,0.7149
1956-02-14,1956,R,,nba_0015,nba_0016,110,79,0.5929,1.0,1,0.1658,0.5228
1956-02-14,1956,R,,nba_0015,nba_0016,110,79,0.5837,1.0,1,0.1733,0.5384
1956-02-14,1956,R,,nba_0022,nba_0005,99,103,0.565,0.0,0,0.3192,0.8324
1956-02-14,1956,R,,nba_0022,nba_0005,99,103,0.5797,0.0,0,0.336,0.8668
1956-02-15,1956,R,,nba_0013,nba_0006,78,101,0.4857,0.0,1,0.2359,0.6649
1956-02-15,1956,R,,nba_0013,nba_0006,78,101,0.4803,0.0,1,0.2307,0.6546
1956-02-15,1956,R,,nba_0015,nba_0005,113,102,0.567,1.0,1,0.1874,0.5673
1956-02-15,1956,R,,nba_0015,nba_0005,113,102,0.5636,1.0,1,0.1905,0.5734
1956-02-16,1956,R,,nba_0013,nba_0016,93,81,0.6583,1.0,1,0.1168,0.4181
1956-02-16,1956,R,,nba_0013,nba_0016,93,81,0.649,1.0,1,0.1232,0.4324
1956-02-17,1956,R,,nba_0005,nba_0021,86,91,0.5468,0.0,0,0.299,0.7914
1956-02-17,1956,R,,nba_0005,nba_0021,86,91,0.5617,0.0,0,0.3155,0.8248
1956-02-17,1956,R,,nba_0006,nba_0015,134,111,0.7923,1.0,1,0.0432,0.2329
1956-02-17,1956,R,,nba_0006,nba_0015,134,111,0.7944,1.0,1,0.0423,0.2302
1956-02-18,1956,R,,nba_0001,nba_0006,101,115,0.497,0.0,1,0.247,0.6871
1956-02-18,1956,R,,nba_0001,nba_0006,101,115,0.5018,0.0,0,0.2518,0.6968
1956-02-18,1956,R,,nba_0016,nba_0015,99,119,0.6121,0.0,0,0.3747,0.9471
1956-02-18,1956,R,,nba_0016,nba_0015,99,119,0.6199,0.0,0,0.3843,0.9674
1956-02-18,1956,R,,nba_0021,nba_0013,85,84,0.614,1.0,1,0.149,0.4877
1956-02-18,1956,R,,nba_0021,nba_0013,85,84,0.6045,1.0,1,0.1564,0.5034
1956-02-19,1956,R,,nba_0001,nba_0006,120,118,0.4202,1.0,0,0.3362,0.8671
1956-02-19,1956,R,,nba_0001,nba_0006,120,118,0.4245,1.0,0,0.3312,0.8568
1956-02-19,1956,R,,nba_0015,nba_0016,100,93,0.6898,1.0,1,0.0962,0.3713
1956-02-19,1956,R,,nba_0015,nba_0016,100,93,0.6835,1.0,1,0.1002,0.3806
1956-02-19,1956,R,,nba_0022,nba_0013,83,89,0.5835,0.0,0,0.3405,0.876
1956-02-19,1956,R,,nba_0022,nba_0013,83,89,0.6019,0.0,0,0.3623,0.921
1956-02-19,1956,R,,nba_0021,nba_0005,118,98,0.6529,1.0,1,0.1205,0.4264
1956-02-19,1956,R,,nba_0021,nba_0005,118,98,0.6401,1.0,1,0.1295,0.4461
1956-02-20,1956,R,,nba_0013,nba_0022,82,84,0.7163,0.0,0,0.513,1.2597
1956-02-20,1956,R,,nba_0013,nba_0022,82,84,0.7016,0.0,0,0.4922,1.2092
1956-02-21,1956,R,,nba_0013,nba_0016,102,106,0.7001,0.0,0,0.4902,1.2044
1956-02-21,1956,R,,nba_0013,nba_0016,102,106,0.693,0.0,0,0.4803,1.181
1956-02-21,1956,R,,nba_0005,nba_0021,107,108,0.5334,0.0,0,0.2845,0.7622
1956-02-21,1956,R,,nba_0005,nba_0021,107,108,0.546,0.0,0,0.2981,0.7897
1956-02-21,1956,R,,nba_0022,nba_0001,101,97,0.5109,1.0,1,0.2392,0.6716
1956-02-21,1956,R,,nba_0022,nba_0001,101,97,0.52,1.0,1,0.2304,0.654
1956-02-22,1956,R,,nba_0016,nba_0022,110,109,0.5945,1.0,1,0.1644,0.52
1956-02-22,1956,R,,nba_0016,nba_0022,110,109,0.5857,1.0,1,0.1716,0.5349
1956-02-22,1956,R,,nba_0015,nba_0001,90,93,0.6506,0.0,0,0.4233,1.0516
1956-02-22,1956,R,,nba_0015,nba_0001,90,93,0.6441,0.0,0,0.4148,1.0331
1956-02-22,1956,R,,nba_0006,nba_0005,108,117,0.8331,0.0,0,0.694,1.7903
1956-02-22,1956,R,,nba_0006,nba_0005,108,117,0.8338,0.0,0,0.6952,1.7946
1956-02-23,1956,R,,nba_0021,nba_0013,94,92,0.6791,1.0,1,0.103,0.3869
1956-02-23,1956,R,,nba_0021,nba_0013,94,92,0.6707,1.0,1,0.1084,0.3994
1956-02-24,1956,R,,nba_0006,nba_0001,135,129,0.7529,1.0,1,0.0611,0.2838
1956-02-24,1956,R,,nba_0006,nba_0001,135,129,0.7496,1.0,1,0.0627,0.2882
1956-02-24,1956,R,,nba_0022,nba_0021,116,103,0.5045,1.0,1,0.2455,0.6841
1956-02-24,1956,R,,nba_0022,nba_0021,116,103,0.5311,1.0,1,0.2199,0.6328
1956-02-25,1956,R,,nba_0005,nba_0022,89,99,0.6924,0.0,0,0.4794,1.1789
1956-02-25,1956,R,,nba_0005,nba_0022,89,99,0.6804,0.0,0,0.4629,1.1407
1956-02-25,1956,R,,nba_0016,nba_0013,72,97,0.5709,0.0,0,0.3259,0.846
1956-02-25,1956,R,,nba_0016,nba_0013,72,97,0.5792,0.0,0,0.3355,0.8657
1956-02-26,1956,R,,nba_0022,nba_0005,103,85,0.6229,1.0,1,0.1422,0.4734
1956-02-26,1956,R,,nba_0022,nba_0005,103,85,0.6355,1.0,1,0.1328,0.4533
1956-02-26,1956,R,,nba_0021,nba_0006,85,87,0.4952,0.0,1,0.2452,0.6836
1956-02-26,1956,R,,nba_0021,nba_0006,85,87,0.4824,0.0,1,0.2327,0.6586
1956-02-26,1956,R,,nba_0015,nba_0013,90,95,0.6268,0.0,0,0.3928,0.9855
1956-02-26,1956,R,,nba_0015,nba_0013,90,95,0.6279,0.0,0,0.3943,0.9886
1956-02-26,1956,R,,nba_0001,nba_0016,111,100,0.7395,1.0,1,0.0679,0.3018
1956-02-26,1956,R,,nba_0001,nba_0016,111,100,0.7398,1.0,1,0.0677,0.3014
1956-02-27,1956,R,,nba_0013,nba_0021,95,98,0.6041,0.0,0,0.365,0.9266
1956-02-27,1956,R,,nba_0013,nba_0021,95,98,0.6125,0.0,0,0.3752,0.9481
1956-02-27,1956,R,,nba_0005,nba_0022,113,109,0.5865,1.0,1,0.171,0.5336
1956-02-27,1956,R,,nba_0005,nba_0022,113,109,0.5745,1.0,1,0.1811,0.5543
1956-02-28,1956,R,,nba_0001,nba_0016,97,113,0.7333,0.0,0,0.5377,1.3216
1956-02-28,1956,R,,nba_0001,nba_0016,97,113,0.7335,0.0,0,0.5381,1.3225
1956-02-28,1956,R,,nba_0005,nba_0013,95,99,0.5569,0.0,0,0.3101,0.8139
1956-02-28,1956,R,,nba_0005,nba_0013,95,99,0.5604,0.0,0,0.314,0.8218
1956-02-29,1956,R,,nba_0001,nba_0013,106,99,0.583,1.0,1,0.1739,0.5396
1956-02-29,1956,R,,nba_0001,nba_0013,106,99,0.5907,1.0,1,0.1675,0.5264
1956-02-29,1956,R,,nba_0015,nba_0021,98,94,0.5515,1.0,1,0.2011,0.5951
1956-02-29,1956,R,,nba_0015,nba_0021,98,94,0.5612,1.0,1,0.1926,0.5777
1956-02-29,1956,R,,nba_0006,nba_0016,86,81,0.8554,1.0,1,0.0209,0.1562
1956-02-29,1956,R,,nba_0006,nba_0016,86,81,0.8533,1.0,1,0.0215,0.1586
1956-03-01,1956,R,,nba_0022,nba_0016,94,95,0.7151,0.0,0,0.5113,1.2555
1956-03-01,1956,R,,nba_0022,nba_0016,94,95,0.7214,0.0,0,0.5204,1.2778
1956-03-01,1956,R,,nba_0006,nba_0015,100,102,0.795,0.0,0,0.6319,1.5845
1956-03-01,1956,R,,nba_0006,nba_0015,100,102,0.7966,0.0,0,0.6345,1.5924
1956-03-01,1956,R,,nba_0021,nba_0001,111,100,0.6581,1.0,1,0.1169,0.4184
1956-03-01,1956,R,,nba_0021,nba_0001,111,100,0.6434,1.0,1,0.1272,0.441
1956-03-02,1956,R,,nba_0001,nba_0015,119,113,0.6255,1.0,1,0.1403,0.4692
1956-03-02,1956,R,,nba_0001,nba_0015,119,113,0.6313,1.0,1,0.136,0.46
1956-03-02,1956,R,,nba_0013,nba_0005,104,97,0.6677,1.0,1,0.1104,0.404
1956-03-02,1956,R,,nba_0013,nba_0005,104,97,0.6649,1.0,1,0.1123,0.4082
1956-03-03,1956,R,,nba_0006,nba_0021,102,96,0.7245,1.0,1,0.0759,0.3223
1956-03-03,1956,R,,nba_0006,nba_0021,102,96,0.7335,1.0,1,0.071,0.3099
1956-03-03,1956,R,,nba_0016,nba_0015,94,90,0.5853,1.0,1,0.172,0.5357
1956-03-03,1956,R,,nba_0016,nba_0015,94,90,0.5914,1.0,1,0.1669,0.5252
1956-03-03,1956,R,,nba_0022,nba_0013,92,86,0.5743,1.0,1,0.1813,0.5547
1956-03-03,1956,R,,nba_0022,nba_0013,92,86,0.589,1.0,1,0.169,0.5294
1956-03-04,1956,R,,nba_0001,nba_0006,128,114,0.4627,1.0,0,0.2887,0.7706
1956-03-04,1956,R,,nba_0001,nba_0006,128,114,0.4665,1.0,0,0.2846,0.7625
1956-03-04,1956,R,,nba_0013,nba_0016,103,88,0.6994,1.0,1,0.0904,0.3575
1956-03-04,1956,R,,nba_0013,nba_0016,103,88,0.6934,1.0,1,0.094,0.3661
1956-03-04,1956,R,,nba_0015,nba_0022,113,84,0.618,1.0,1,0.1459,0.4813
1956-03-04,1956,R,,nba_0015,nba_0022,113,84,0.605,1.0,1,0.156,0.5025
1956-03-04,1956,R,,nba_0021,nba_0005,111,118,0.7012,0.0,0,0.4917,1.208
1956-03-04,1956,R,,nba_0021,nba_0005,111,118,0.6921,0.0,0,0.479,1.1779
1956-03-06,1956,R,,nba_0005,nba_0001,119,99,0.5519,1.0,1,0.2008,0.5944
1956-03-06,1956,R,,nba_0005,nba_0001,119,99,0.548,1.0,1,0.2043,0.6014
1956-03-06,1956,R,,nba_0006,nba_0022,97,102,0.7943,0.0,0,0.6309,1.5813
1956-03-06,1956,R,,nba_0006,nba_0022,97,102,0.7869,0.0,0,0.6192,1.546
1956-03-07,1956,R,,nba_0015,nba_0013,98,95,0.5789,1.0,1,0.1773,0.5466
1956-03-07,1956,R,,nba_0015,nba_0013,98,95,0.58,1.0,1,0.1764,0.5447
1956-03-07,1956,R,,nba_0016,nba_0022,89,96,0.6159,0.0,0,0.3794,0.957
1956-03-07,1956,R,,nba_0016,nba_0022,89,96,0.6091,0.0,0,0.371,0.9393
1956-03-07,1956,R,,nba_0005,nba_0006,87,108,0.4373,0.0,1,0.1913,0.5751
1956-03-07,1956,R,,nba_0005,nba_0006,87,108,0.4371,0.0,1,0.191,0.5746
1956-03-07,1956,R,,nba_0001,nba_0021,111,98,0.5413,1.0,1,0.2104,0.6137
1956-03-07,1956,R,,nba_0001,nba_0021,111,98,0.5556,1.0,1,0.1975,0.5877
1956-03-08,1956,R,,nba_0013,nba_0015,100,82,0.6417,1.0,1,0.1284,0.4436
1956-03-08,1956,R,,nba_0013,nba_0015,100,82,0.6407,1.0,1,0.1291,0.4452
1956-03-08,1956,R,,nba_0006,nba_0001,142,120,0.7477,1.0,1,0.0637,0.2907
1956-03-08,1956,R,,nba_0006,nba_0001,142,120,0.7453,1.0,1,0.0649,0.2939
1956-03-08,1956,R,,nba_0021,nba_0022,92,88,0.6542,1.0,1,0.1196,0.4243
1956-03-08,1956,R,,nba_0021,nba_0022,92,88,0.6346,1.0,1,0.1335,0.4548
1956-03-09,1956,R,,nba_0022,nba_0015,103,102,0.6122,1.0,1,0.1504,0.4906
1956-03-09,1956,R,,nba_0022,nba_0015,103,102,0.6236,1.0,1,0.1417,0.4723
1956-03-10,1956,R,,nba_0001,nba_0013,103,106,0.5937,0.0,0,0.3525,0.9008
1956-03-10,1956,R,,nba_0001,nba_0013,103,106,0.5992,0.0,0,0.3591,0.9144
1956-03-10,1956,R,,nba_0005,nba_0021,104,84,0.5669,1.0,1,0.1876,0.5675
1956-03-10,1956,R,,nba_0005,nba_0021,104,84,0.5766,1.0,1,0.1793,0.5506
1956-03-10,1956,R,,nba_0016,nba_0006,111,96,0.3727,1.0,0,0.3935,0.987
1956-03-10,1956,R,,nba_0016,nba_0006,111,96,0.3764,1.0,0,0.3888,0.977
1956-03-10,1956,R,,nba_0022,nba_0015,105,97,0.6245,1.0,1,0.141,0.4708
1956-03-10,1956,R,,nba_0022,nba_0015,105,97,0.6353,1.0,1,0.133,0.4536
1956-03-11,1956,R,,nba_0021,nba_0006,99,88,0.4743,1.0,0,0.2764,0.746
1956-03-11,1956,R,,nba_0021,nba_0006,99,88,0.4643,1.0,0,0.287,0.7672
1956-03-11,1956,R,,nba_0013,nba_0005,96,122,0.6881,0.0,0,0.4735,1.1651
1956-03-11,1956,R,,nba_0013,nba_0005,96,122,0.6863,0.0,0,0.4711,1.1595
1956-03-11,1956,R,,nba_0001,nba_0022,121,127,0.6224,0.0,0,0.3874,0.9739
1956-03-11,1956,R,,nba_0001,nba_0022,121,127,0.6159,0.0,0,0.3793,0.9567
1956-03-11,1956,R,,nba_0015,nba_0016,126,98,0.659,1.0,1,0.1163,0.4171
1956-03-11,1956,R,,nba_0015,nba_0016,126,98,0.6543,1.0,1,0.1195,0.4242
1956-03-12,1956,R,,nba_0022,nba_0021,92,97,0.5996,0.0,0,0.3596,0.9154
1956-03-12,1956,R,,nba_0022,nba_0021,92,97,0.618,0.0,0,0.3819,0.9623
1956-03-13,1956,R,,nba_0015,nba_0005,102,89,0.6028,1.0,1,0.1577,0.5061
1956-03-13,1956,R,,nba_0015,nba_0005,102,89,0.6025,1.0,1,0.158,0.5066
1956-03-13,1956,R,,nba_0006,nba_0022,116,113,0.7647,1.0,1,0.0553,0.2682
1956-03-13,1956,R,,nba_0006,nba_0022,116,113,0.7581,1.0,1,0.0585,0.2769
1956-03-14,1956,R,,nba_0001,nba_0021,122,103,0.5841,1.0,1,0.173,0.5377
1956-03-14,1956,R,,nba_0001,nba_0021,122,103,0.5957,1.0,1,0.1634,0.5179
1956-03-14,1956,R,,nba_0015,nba_0013,100,96,0.5526,1.0,1,0.2001,0.5931
1956-03-14,1956,R,,nba_0015,nba_0013,100,96,0.5542,1.0,1,0.1987,0.5902
1956-03-14,1956,R,,nba_0005,nba_0006,115,108,0.4575,1.0,0,0.2943,0.7819
1956-03-14,1956,R,,nba_0005,nba_0006,115,108,0.4569,1.0,0,0.295,0.7833
1956-03-15,1956,P,0.5,nba_0021,nba_0005,82,77,0.644,1.0,1,0.1268,0.4401
1956-03-15,1956,P,0.5,nba_0021,nba_0005,82,77,0.6364,1.0,1,0.1322,0.4519
1956-03-16,1956,P,0.5,nba_0022,nba_0015,97,103,0.6271,0.0,0,0.3932,0.9864
1956-03-16,1956,P,0.5,nba_0022,nba_0015,97,103,0.6362,0.0,0,0.4048,1.0112
1956-03-17,1956,P,1.0,nba_0001,nba_0021,110,93,0.6056,1.0,1,0.1555,0.5015
1956-03-17,1956,P,1.0,nba_0001,nba_0021,110,93,0.6163,1.0,1,0.1472,0.484
1956-03-17,1956,P,1.0,nba_0022,nba_0015,116,115,0.5752,1.0,1,0.1804,0.553
1956-03-17,1956,P,1.0,nba_0022,nba_0015,116,115,0.5842,1.0,1,0.1729,0.5375
1956-03-19,1956,P,1.0,nba_0021,nba_0001,101,98,0.6243,1.0,1,0.1411,0.4711
1956-03-19,1956,P,1.0,nba_0021,nba_0001,101,98,0.6143,1.0,1,0.1487,0.4872
1956-03-19,1956,P,1.0,nba_0015,nba_0022,133,75,0.6465,1.0,1,0.125,0.4362
1956-03-19,1956,P,1.0,nba_0015,nba_0022,133,75,0.6383,1.0,1,0.1308,0.449
1956-03-21,1956,P,1.0,nba_0001,nba_0021,97,102,0.5974,0.0,0,0.3569,0.9099
1956-03-21,1956,P,1.0,nba_0001,nba_0021,97,102,0.6071,0.0,0,0.3686,0.9343
1956-03-21,1956,P,1.0,nba_0015,nba_0022,115,116,0.692,0.0,0,0.4789,1.1778
1956-03-21,1956,P,1.0,nba_0015,nba_0022,115,116,0.6856,0.0,0,0.4701,1.1571
1956-03-22,1956,P,2.0,nba_0013,nba_0022,85,86,0.6952,0.0,0,0.4833,1.188
1956-03-22,1956,P,2.0,nba_0013,nba_0022,85,86,0.6865,0.0,0,0.4713,1.1599
1956-03-23,1956,P,2.0,nba_0006,nba_0021,109,87,0.7409,1.0,1,0.0671,0.2998
1956-03-23,1956,P,2.0,nba_0006,nba_0021,109,87,0.7468,1.0,1,0.0641,0.2919
1956-03-24,1956,P,2.0,nba_0022,nba_0013,84,74,0.6068,1.0,1,0.1546,0.4995
1956-03-24,1956,P,2.0,nba_0022,nba_0013,84,74,0.6163,1.0,1,0.1472,0.484
1956-03-25,1956,P,2.0,nba_0013,nba_0022,107,84,0.6051,1.0,1,0.156,0.5024
1956-03-25,1956,P,2.0,nba_0013,nba_0022,107,84,0.596,1.0,1,0.1632,0.5176
1956-03-25,1956,P,2.0,nba_0021,nba_0006,122,118,0.5013,1.0,1,0.2487,0.6906
1956-03-25,1956,P,2.0,nba_0021,nba_0006,122,118,0.4941,1.0,0,0.2559,0.7049
1956-03-27,1956,P,2.0,nba_0006,nba_0021,119,96,0.7044,1.0,1,0.0874,0.3503
1956-03-27,1956,P,2.0,nba_0006,nba_0021,119,96,0.7101,1.0,1,0.084,0.3423
1956-03-27,1956,P,2.0,nba_0022,nba_0013,84,93,0.5953,0.0,0,0.3543,0.9045
1956-03-27,1956,P,2.0,nba_0022,nba_0013,84,93,0.6037,0.0,0,0.3645,0.9256
1956-03-28,1956,P,2.0,nba_0021,nba_0006,108,104,0.497,1.0,0,0.253,0.6992
1956-03-28,1956,P,2.0,nba_0021,nba_0006,108,104,0.4908,1.0,0,0.2593,0.7118
1956-03-29,1956,P,2.0,nba_0013,nba_0022,102,97,0.6756,1.0,1,0.1052,0.3921
1956-03-29,1956,P,2.0,nba_0013,nba_0022,102,97,0.6685,1.0,1,0.1099,0.4027
1956-03-29,1956,P,2.0,nba_0006,nba_0021,109,104,0.708,1.0,1,0.0853,0.3453
1956-03-29,1956,P,2.0,nba_0006,nba_0021,109,104,0.7129,1.0,1,0.0824,0.3384
1956-03-31,1956,P,3.0,nba_0006,nba_0013,98,94,0.7232,1.0,1,0.0766,0.3241
1956-03-31,1956,P,3.0,nba_0006,nba_0013,98,94,0.7234,1.0,1,0.0765,0.3238
1956-04-01,1956,P,3.0,nba_0013,nba_0006,84,83,0.4872,1.0,0,0.263,0.7191
1956-04-01,1956,P,3.0,nba_0013,nba_0006,84,83,0.4869,1.0,0,0.2633,0.7197
1956-04-03,1956,P,3.0,nba_0006,nba_0013,100,96,0.7181,1.0,1,0.0795,0.3312
1956-04-03,1956,P,3.0,nba_0006,nba_0013,100,96,0.7183,1.0,1,0.0794,0.3309
1956-04-05,1956,P,3.0,nba_0013,nba_0006,105,107,0.4933,0.0,1,0.2433,0.6798
1956-04-05,1956,P,3.0,nba_0013,nba_0006,105,107,0.493,0.0,1,0.2431,0.6793
1956-04-07,1956,P,3.0,nba_0006,nba_0013,99,88,0.7468,1.0,1,0.0641,0.292
1956-04-07,1956,P,3.0,nba_0006,nba_0013,99,88,0.747,1.0,1,0.064,0.2917
