--- When using SR data, please cite us and provide a link and/or a mention.


 
Date,Visitor/Neutral,PTS,Home/Neutral,PTS,,,Attend.,LOG,Arena,Notes
Fri Nov 4 1994,Indiana Pacers,94,Atlanta Hawks,92,Box Score,,12568,2:35,Omni Coliseum,
Fri Nov 4 1994,New York Knicks,120,Boston Celtics,107,Box Score,,14890,2:17,Boston Garden,
Fri Nov 4 1994,Charlotte Hornets,83,Chicago Bulls,89,Box Score,,22313,,United Center,
Fri Nov 4 1994,Minnesota Timberwolves,108,Denver Nuggets,130,Box Score,,17171,,McNichols Sports Arena,
Fri Nov 4 1994,Los Angeles Lakers,115,Detroit Pistons,98,Box Score,,21454,,The Palace of Auburn Hills,
Fri Nov 4 1994,New Jersey Nets,86,Houston Rockets,90,Box Score,,16611,,The Summit,
Fri Nov 4 1994,Portland Trail Blazers,121,Los Angeles Clippers,100,Box Score,,14229,,Yokohama Arena,at Yokohama Japan
Fri Nov 4 1994,Milwaukee Bucks,91,Philadelphia 76ers,86,Box Score,,16114,,CoreStates Spectrum,
Fri Nov 4 1994,Phoenix Suns,89,Sacramento Kings,107,Box Score,,17317,,ARCO Arena (II),
Fri Nov 4 1994,Golden State Warriors,123,San Antonio Spurs,118,Box Score,,30542,,Alamodome,
Fri Nov 4 1994,Miami Heat,108,Utah Jazz,119,Box Score,,19911,,Delta Center,
Fri Nov 4 1994,Orlando Magic,108,Washington Bullets,110,Box Score,,18756,,USAir Arena,
Sat Nov 5 1994,Detroit Pistons,114,Atlanta Hawks,109,Box Score,OT,11587,2:32,Omni Coliseum,
Sat Nov 5 1994,Cleveland Cavaliers,115,Charlotte Hornets,107,Box Score,,23698,,Charlotte Coliseum,
Sat Nov 5 1994,Washington Bullets,100,Chicago Bulls,99,Box Score,OT,22186,,United Center,
Sat Nov 5 1994,New Jersey Nets,103,Dallas Mavericks,112,Box Score,,17502,,Reunion Arena,
Sat Nov 5 1994,Golden State Warriors,108,Denver Nuggets,104,Box Score,,17171,,McNichols Sports Arena,
Sat Nov 5 1994,Boston Celtics,103,Indiana Pacers,112,Box Score,,16532,2:21,Market Square Arena,
Sat Nov 5 1994,Los Angeles Lakers,96,Milwaukee Bucks,97,Box Score,,18633,,Bradley Center,
Sat Nov 5 1994,Houston Rockets,115,Minnesota Timberwolves,85,Box Score,,16578,,Target Center,
Sat Nov 5 1994,Philadelphia 76ers,107,Orlando Magic,122,Box Score,,16010,,Orlando Arena,
Sat Nov 5 1994,Los Angeles Clippers,95,Portland Trail Blazers,112,Box Score,,14239,,Yokohama Arena,at Yokohama Japan
Sat Nov 5 1994,Utah Jazz,103,Seattle SuperSonics,110,Box Score,,16324,,Tacoma Dome,
Sun Nov 6 1994,Miami Heat,107,Phoenix Suns,119,Box Score,,19023,,America West Arena,
Mon Nov 7 1994,Philadelphia 76ers,83,Chicago Bulls,98,Box Score,,22122,,United Center,
Mon Nov 7 1994,New Jersey Nets,96,San Antonio Spurs,105,Box Score,,13805,,Alamodome,
Mon Nov 7 1994,Atlanta Hawks,86,Utah Jazz,104,Box Score,,18661,1:51,Delta Center,
Tue Nov 8 1994,Houston Rockets,100,Cleveland Cavaliers,98,Box Score,,20562,,Gund Arena,
Tue Nov 8 1994,Denver Nuggets,115,Dallas Mavericks,107,Box Score,,12526,,Reunion Arena,
Tue Nov 8 1994,Minnesota Timberwolves,112,Detroit Pistons,126,Box Score,,13424,,The Palace of Auburn Hills,
Tue Nov 8 1994,Miami Heat,114,Golden State Warriors,121,Box Score,,15025,,Oakland-Alameda County Coliseum Arena,
Tue Nov 8 1994,Los Angeles Lakers,113,New York Knicks,117,Box Score,,19763,,Madison Square Garden (IV),
Wed Nov 9 1994,Orlando Magic,130,Charlotte Hornets,128,Box Score,OT,23698,,Charlotte Coliseum,
Wed Nov 9 1994,Houston Rockets,109,Indiana Pacers,104,Box Score,,15258,,Market Square Arena,
Wed Nov 9 1994,Los Angeles Lakers,122,Minnesota Timberwolves,99,Box Score,,15892,,Target Center,
Wed Nov 9 1994,Chicago Bulls,109,New Jersey Nets,110,Box Score,,20049,,Brendan Byrne Arena,
Wed Nov 9 1994,Washington Bullets,97,Philadelphia 76ers,98,Box Score,,6811,,CoreStates Spectrum,
Wed Nov 9 1994,Atlanta Hawks,102,Phoenix Suns,106,Box Score,,19023,2:08,America West Arena,
Wed Nov 9 1994,Utah Jazz,101,San Antonio Spurs,109,Box Score,,14354,,Alamodome,
Wed Nov 9 1994,Sacramento Kings,108,Seattle SuperSonics,100,Box Score,,16352,,Tacoma Dome,
Thu Nov 10 1994,Milwaukee Bucks,88,Cleveland Cavaliers,108,Box Score,,19203,,Gund Arena,
Thu Nov 10 1994,Indiana Pacers,110,Detroit Pistons,112,Box Score,,15355,,The Palace of Auburn Hills,
Thu Nov 10 1994,Atlanta Hawks,108,Los Angeles Clippers,91,Box Score,,8188,2:16,Los Angeles Memorial Sports Arena,
Thu Nov 10 1994,Orlando Magic,99,New York Knicks,101,Box Score,,19763,,Madison Square Garden (IV),
Thu Nov 10 1994,Portland Trail Blazers,104,Sacramento Kings,84,Box Score,,17317,,ARCO Arena (II),
Fri Nov 11 1994,Houston Rockets,102,Boston Celtics,82,Box Score,,14890,1:58,Boston Garden,
Fri Nov 11 1994,Denver Nuggets,124,Los Angeles Lakers,117,Box Score,OT,16950,,Great Western Forum,
Fri Nov 11 1994,Charlotte Hornets,123,Milwaukee Bucks,115,Box Score,,16236,,Bradley Center,
Fri Nov 11 1994,Chicago Bulls,112,Minnesota Timberwolves,100,Box Score,,15109,,Target Center,
Fri Nov 11 1994,Dallas Mavericks,107,Philadelphia 76ers,100,Box Score,,10121,,CoreStates Spectrum,
Fri Nov 11 1994,Phoenix Suns,123,Seattle SuperSonics,129,Box Score,,16352,,Tacoma Dome,
Fri Nov 11 1994,Golden State Warriors,112,Utah Jazz,104,Box Score,,19783,,Delta Center,
Fri Nov 11 1994,New Jersey Nets,91,Washington Bullets,104,Box Score,,10711,,USAir Arena,
Sat Nov 12 1994,Detroit Pistons,100,Charlotte Hornets,113,Box Score,,23698,,Charlotte Coliseum,
Sat Nov 12 1994,Dallas Mavericks,124,Chicago Bulls,120,Box Score,OT,22195,,United Center,
Sat Nov 12 1994,Indiana Pacers,93,Cleveland Cavaliers,86,Box Score,,20401,,Gund Arena,
Sat Nov 12 1994,Utah Jazz,110,Denver Nuggets,119,Box Score,,17171,,McNichols Sports Arena,
Sat Nov 12 1994,Los Angeles Lakers,99,Golden State Warriors,121,Box Score,,15025,,Oakland-Alameda County Coliseum Arena,
Sat Nov 12 1994,Phoenix Suns,108,Los Angeles Clippers,101,Box Score,,18018,,Arrowhead Pond,at Anaheim CA
Sat Nov 12 1994,Washington Bullets,109,Miami Heat,99,Box Score,,15100,,Miami Arena,
Sat Nov 12 1994,Boston Celtics,114,Minnesota Timberwolves,101,Box Score,,13278,2:06,Target Center,
Sat Nov 12 1994,Houston Rockets,100,New Jersey Nets,84,Box Score,,20049,,Brendan Byrne Arena,
Sat Nov 12 1994,Orlando Magic,116,Philadelphia 76ers,103,Box Score,,17247,,CoreStates Spectrum,
Sat Nov 12 1994,Atlanta Hawks,97,Sacramento Kings,105,Box Score,,17317,2:18,ARCO Arena (II),
Sat Nov 12 1994,New York Knicks,82,San Antonio Spurs,101,Box Score,,19710,,Alamodome,
Sun Nov 13 1994,Los Angeles Clippers,90,Seattle SuperSonics,115,Box Score,,16352,,Tacoma Dome,
Mon Nov 14 1994,New York Knicks,97,Utah Jazz,110,Box Score,,18955,,Delta Center,
Tue Nov 15 1994,Boston Celtics,94,Atlanta Hawks,110,Box Score,,10376,2:03,Omni Coliseum,
Tue Nov 15 1994,Charlotte Hornets,86,Cleveland Cavaliers,89,Box Score,OT,19959,,Gund Arena,
Tue Nov 15 1994,San Antonio Spurs,99,Denver Nuggets,112,Box Score,,17171,,McNichols Sports Arena,
Tue Nov 15 1994,Philadelphia 76ers,98,Detroit Pistons,99,Box Score,,14189,,The Palace of Auburn Hills,
Tue Nov 15 1994,Minnesota Timberwolves,114,Golden State Warriors,112,Box Score,,15025,,Oakland-Alameda County Coliseum Arena,
Tue Nov 15 1994,Sacramento Kings,99,Houston Rockets,105,Box Score,,14656,,The Summit,
Tue Nov 15 1994,Los Angeles Lakers,102,Los Angeles Clippers,92,Box Score,,8807,,Los Angeles Memorial Sports Arena,
Tue Nov 15 1994,Dallas Mavericks,102,Miami Heat,115,Box Score,,14324,,Miami Arena,
Tue Nov 15 1994,Indiana Pacers,81,Milwaukee Bucks,82,Box Score,,15264,,Bradley Center,
Tue Nov 15 1994,Seattle SuperSonics,106,New Jersey Nets,112,Box Score,,15310,,Brendan Byrne Arena,
Tue Nov 15 1994,Washington Bullets,102,Orlando Magic,122,Box Score,,16010,,Orlando Arena,
Tue Nov 15 1994,Phoenix Suns,96,Portland Trail Blazers,93,Box Score,,12888,,Memorial Coliseum,
Wed Nov 16 1994,Seattle SuperSonics,93,Boston Celtics,120,Box Score,,14890,2:08,Boston Garden,
Wed Nov 16 1994,New York Knicks,110,Los Angeles Lakers,89,Box Score,,13630,,Great Western Forum,
Wed Nov 16 1994,Miami Heat,96,Philadelphia 76ers,109,Box Score,,7312,,CoreStates Spectrum,
Wed Nov 16 1994,Minnesota Timberwolves,90,Phoenix Suns,105,Box Score,,19023,,America West Arena,
Wed Nov 16 1994,Chicago Bulls,94,San Antonio Spurs,92,Box Score,,16059,,Alamodome,
Thu Nov 17 1994,Los Angeles Clippers,83,Charlotte Hornets,99,Box Score,,23698,,Charlotte Coliseum,
Thu Nov 17 1994,Sacramento Kings,94,Dallas Mavericks,96,Box Score,,13516,,Reunion Arena,
Thu Nov 17 1994,Detroit Pistons,94,Denver Nuggets,92,Box Score,,17171,,McNichols Sports Arena,
Thu Nov 17 1994,New York Knicks,100,Golden State Warriors,109,Box Score,,15025,,Oakland-Alameda County Coliseum Arena,
Thu Nov 17 1994,Chicago Bulls,83,Houston Rockets,106,Box Score,,16199,,The Summit,
Thu Nov 17 1994,Washington Bullets,103,New Jersey Nets,111,Box Score,,11383,,Brendan Byrne Arena,
Thu Nov 17 1994,Cleveland Cavaliers,81,Portland Trail Blazers,80,Box Score,,12888,,Memorial Coliseum,
Fri Nov 18 1994,Milwaukee Bucks,97,Atlanta Hawks,93,Box Score,OT,11862,2:25,Omni Coliseum,
Fri Nov 18 1994,Seattle SuperSonics,87,Indiana Pacers,94,Box Score,,16627,,Market Square Arena,
Fri Nov 18 1994,Cleveland Cavaliers,80,Los Angeles Lakers,82,Box Score,,10177,,Great Western Forum,
Fri Nov 18 1994,Boston Celtics,115,Miami Heat,111,Box Score,,14556,2:20,Miami Arena,
Fri Nov 18 1994,New Jersey Nets,103,Orlando Magic,113,Box Score,,16010,,Orlando Arena,
Fri Nov 18 1994,Los Angeles Clippers,83,Philadelphia 76ers,97,Box Score,,11259,,CoreStates Spectrum,
Fri Nov 18 1994,Portland Trail Blazers,111,Phoenix Suns,124,Box Score,,19023,,America West Arena,
Fri Nov 18 1994,Detroit Pistons,96,Utah Jazz,121,Box Score,,19911,,Delta Center,
Sat Nov 19 1994,Indiana Pacers,102,Charlotte Hornets,89,Box Score,,23698,,Charlotte Coliseum,
Sat Nov 19 1994,Chicago Bulls,111,Dallas Mavericks,85,Box Score,,17502,,Reunion Arena,
Sat Nov 19 1994,Houston Rockets,109,Denver Nuggets,101,Box Score,,17171,,McNichols Sports Arena,
Sat Nov 19 1994,Utah Jazz,115,Golden State Warriors,119,Box Score,,15025,,Oakland-Alameda County Coliseum Arena,
Sat Nov 19 1994,Seattle SuperSonics,120,Milwaukee Bucks,96,Box Score,,18633,,Bradley Center,
Sat Nov 19 1994,San Antonio Spurs,109,Minnesota Timberwolves,101,Box Score,,14109,,Target Center,
Sat Nov 19 1994,Atlanta Hawks,79,New York Knicks,92,Box Score,,19763,,Madison Square Garden (IV),
Sat Nov 19 1994,Boston Celtics,103,Washington Bullets,102,Box Score,,18756,2:25,USAir Arena,
Sun Nov 20 1994,Los Angeles Clippers,97,New Jersey Nets,98,Box Score,,11670,,Brendan Byrne Arena,
Sun Nov 20 1994,Detroit Pistons,96,Portland Trail Blazers,98,Box Score,,12888,,Memorial Coliseum,
Sun Nov 20 1994,Cleveland Cavaliers,88,Sacramento Kings,96,Box Score,,17317,,ARCO Arena (II),
Mon Nov 21 1994,San Antonio Spurs,88,New York Knicks,92,Box Score,,19763,,Madison Square Garden (IV),
Mon Nov 21 1994,Miami Heat,89,Orlando Magic,124,Box Score,,16010,,Orlando Arena,
Mon Nov 21 1994,Phoenix Suns,91,Utah Jazz,106,Box Score,,19911,,Delta Center,
Tue Nov 22 1994,Philadelphia 76ers,99,Atlanta Hawks,102,Box Score,,7863,2:09,Omni Coliseum,
Tue Nov 22 1994,Milwaukee Bucks,116,Boston Celtics,94,Box Score,,12829,2:10,Hartford Civic Center,at Hartford CT
Tue Nov 22 1994,Golden State Warriors,98,Charlotte Hornets,102,Box Score,,23698,,Charlotte Coliseum,
Tue Nov 22 1994,Minnesota Timberwolves,79,Cleveland Cavaliers,112,Box Score,,19125,,Gund Arena,
Tue Nov 22 1994,Portland Trail Blazers,102,Houston Rockets,94,Box Score,,16611,,The Summit,
Tue Nov 22 1994,Chicago Bulls,105,Los Angeles Clippers,93,Box Score,,9080,,Los Angeles Memorial Sports Arena,
Tue Nov 22 1994,New Jersey Nets,97,Seattle SuperSonics,104,Box Score,,13574,,Tacoma Dome,
Wed Nov 23 1994,Charlotte Hornets,91,Boston Celtics,98,Box Score,,14890,2:13,Boston Garden,
Wed Nov 23 1994,Chicago Bulls,111,Denver Nuggets,113,Box Score,,17171,,McNichols Sports Arena,
Wed Nov 23 1994,Milwaukee Bucks,108,Detroit Pistons,113,Box Score,,21454,,The Palace of Auburn Hills,
Wed Nov 23 1994,Dallas Mavericks,106,Los Angeles Lakers,118,Box Score,,11124,,Great Western Forum,
Wed Nov 23 1994,Cleveland Cavaliers,87,Miami Heat,100,Box Score,,14498,,Miami Arena,
Wed Nov 23 1994,Atlanta Hawks,89,Minnesota Timberwolves,77,Box Score,,13662,2:07,Target Center,
Wed Nov 23 1994,Houston Rockets,94,Orlando Magic,117,Box Score,,16010,2:13,Orlando Arena,
Wed Nov 23 1994,Los Angeles Clippers,109,Phoenix Suns,140,Box Score,,19023,,America West Arena,
Wed Nov 23 1994,New Jersey Nets,103,Sacramento Kings,98,Box Score,,17317,,ARCO Arena (II),
Wed Nov 23 1994,Portland Trail Blazers,105,San Antonio Spurs,110,Box Score,,16304,,Alamodome,
Wed Nov 23 1994,Seattle SuperSonics,103,Utah Jazz,113,Box Score,,19911,,Delta Center,
Thu Nov 24 1994,Golden State Warriors,96,Indiana Pacers,123,Box Score,,16613,,Market Square Arena,
Fri Nov 25 1994,Los Angeles Lakers,92,Atlanta Hawks,87,Box Score,,14239,2:05,Omni Coliseum,
Fri Nov 25 1994,Orlando Magic,124,Boston Celtics,118,Box Score,,14890,2:12,Boston Garden,
Fri Nov 25 1994,Portland Trail Blazers,91,Dallas Mavericks,101,Box Score,,17502,,Reunion Arena,
Fri Nov 25 1994,Miami Heat,111,Detroit Pistons,97,Box Score,,20284,,The Palace of Auburn Hills,
Fri Nov 25 1994,Milwaukee Bucks,106,Indiana Pacers,111,Box Score,,16694,,Market Square Arena,
Fri Nov 25 1994,New Jersey Nets,107,Los Angeles Clippers,102,Box Score,,7160,,Los Angeles Memorial Sports Arena,
Fri Nov 25 1994,Philadelphia 76ers,109,Minnesota Timberwolves,71,Box Score,,13919,,Target Center,
Fri Nov 25 1994,Denver Nuggets,105,Sacramento Kings,108,Box Score,OT,17317,,ARCO Arena (II),
Fri Nov 25 1994,Seattle SuperSonics,114,San Antonio Spurs,94,Box Score,,19016,,Alamodome,
Fri Nov 25 1994,Chicago Bulls,94,Utah Jazz,124,Box Score,,19911,,Delta Center,
Fri Nov 25 1994,Cleveland Cavaliers,96,Washington Bullets,94,Box Score,,12756,,Baltimore Arena,at Baltimore MD
Sat Nov 26 1994,Golden State Warriors,87,Cleveland Cavaliers,101,Box Score,,20562,,Gund Arena,
Sat Nov 26 1994,Dallas Mavericks,124,Denver Nuggets,123,Box Score,OT,17171,,McNichols Sports Arena,
Sat Nov 26 1994,Seattle SuperSonics,98,Houston Rockets,94,Box Score,,16611,,The Summit,
Sat Nov 26 1994,Orlando Magic,113,Milwaukee Bucks,105,Box Score,,18633,,Bradley Center,
Sat Nov 26 1994,Charlotte Hornets,105,New York Knicks,95,Box Score,,19763,,Madison Square Garden (IV),
Sat Nov 26 1994,Boston Celtics,108,Philadelphia 76ers,99,Box Score,,15339,2:12,CoreStates Spectrum,
Sat Nov 26 1994,San Antonio Spurs,108,Phoenix Suns,111,Box Score,,19023,,America West Arena,
Sat Nov 26 1994,Los Angeles Lakers,112,Washington Bullets,96,Box Score,,18756,,USAir Arena,
Sun Nov 27 1994,Golden State Warriors,91,Detroit Pistons,106,Box Score,,15189,,The Palace of Auburn Hills,
Sun Nov 27 1994,New Jersey Nets,110,Phoenix Suns,115,Box Score,,19023,,America West Arena,
Sun Nov 27 1994,Indiana Pacers,89,Portland Trail Blazers,99,Box Score,,12888,,Memorial Coliseum,
Sun Nov 27 1994,Utah Jazz,94,Sacramento Kings,89,Box Score,,17317,,ARCO Arena (II),
Mon Nov 28 1994,Minnesota Timberwolves,88,San Antonio Spurs,92,Box Score,,14272,,Alamodome,
Mon Nov 28 1994,Indiana Pacers,99,Seattle SuperSonics,118,Box Score,,14647,,Tacoma Dome,
Tue Nov 29 1994,Charlotte Hornets,90,Atlanta Hawks,85,Box Score,,9183,2:07,Omni Coliseum,
Tue Nov 29 1994,Minnesota Timberwolves,83,Dallas Mavericks,84,Box Score,,12810,,Reunion Arena,
Tue Nov 29 1994,Los Angeles Clippers,124,Golden State Warriors,127,Box Score,OT,15025,,Oakland-Alameda County Coliseum Arena,
Tue Nov 29 1994,Denver Nuggets,81,Houston Rockets,96,Box Score,,14295,,The Summit,
Tue Nov 29 1994,Sacramento Kings,94,Miami Heat,89,Box Score,,14301,,Miami Arena,
Tue Nov 29 1994,Phoenix Suns,123,Milwaukee Bucks,106,Box Score,,14564,,Bradley Center,
Tue Nov 29 1994,Los Angeles Lakers,129,New Jersey Nets,120,Box Score,2OT,12211,,Brendan Byrne Arena,
Tue Nov 29 1994,Utah Jazz,105,Portland Trail Blazers,94,Box Score,,12888,,Memorial Coliseum,
Tue Nov 29 1994,New York Knicks,99,Washington Bullets,91,Box Score,,18756,,USAir Arena,
Wed Nov 30 1994,Detroit Pistons,115,Boston Celtics,118,Box Score,,14890,2:12,Boston Garden,
Wed Nov 30 1994,Miami Heat,87,Charlotte Hornets,105,Box Score,,23698,,Charlotte Coliseum,
Wed Nov 30 1994,Phoenix Suns,105,Chicago Bulls,118,Box Score,,22414,,United Center,
Wed Nov 30 1994,Los Angeles Lakers,79,Cleveland Cavaliers,117,Box Score,,19014,,Gund Arena,
Wed Nov 30 1994,Sacramento Kings,107,Orlando Magic,114,Box Score,,16010,,Orlando Arena,
Wed Nov 30 1994,San Antonio Spurs,100,Seattle SuperSonics,109,Box Score,,14793,,Tacoma Dome,
Thu Dec 1 1994,Denver Nuggets,89,Dallas Mavericks,80,Box Score,,13929,,Reunion Arena,
Thu Dec 1 1994,Houston Rockets,113,Golden State Warriors,109,Box Score,,15025,,Oakland-Alameda County Coliseum Arena,
Thu Dec 1 1994,Indiana Pacers,93,Los Angeles Clippers,84,Box Score,,6685,,Los Angeles Memorial Sports Arena,
Thu Dec 1 1994,Cleveland Cavaliers,93,Milwaukee Bucks,87,Box Score,,13648,,Bradley Center,
Thu Dec 1 1994,Minnesota Timberwolves,96,Utah Jazz,94,Box Score,,19323,,Delta Center,
Fri Dec 2 1994,Phoenix Suns,107,Boston Celtics,102,Box Score,,14890,2:05,Boston Garden,
Fri Dec 2 1994,Atlanta Hawks,92,Chicago Bulls,81,Box Score,,22215,2:15,United Center,
Fri Dec 2 1994,Houston Rockets,89,Los Angeles Lakers,107,Box Score,,13056,,Great Western Forum,
Fri Dec 2 1994,New Jersey Nets,97,Miami Heat,115,Box Score,,14449,,Miami Arena,
Fri Dec 2 1994,New York Knicks,100,Orlando Magic,125,Box Score,,16010,,Orlando Arena,
Fri Dec 2 1994,Sacramento Kings,96,Philadelphia 76ers,99,Box Score,,9333,,CoreStates Spectrum,
Fri Dec 2 1994,San Antonio Spurs,95,Portland Trail Blazers,91,Box Score,,12888,,Memorial Coliseum,
Fri Dec 2 1994,Detroit Pistons,104,Washington Bullets,115,Box Score,,18756,,USAir Arena,
Sat Dec 3 1994,Orlando Magic,105,Atlanta Hawks,107,Box Score,,15752,2:12,Omni Coliseum,
Sat Dec 3 1994,Boston Celtics,109,Chicago Bulls,125,Box Score,,22129,2:02,United Center,
Sat Dec 3 1994,Philadelphia 76ers,83,Cleveland Cavaliers,78,Box Score,,20089,,Gund Arena,
Sat Dec 3 1994,Utah Jazz,112,Dallas Mavericks,87,Box Score,,17502,,Reunion Arena,
Sat Dec 3 1994,Charlotte Hornets,88,Denver Nuggets,99,Box Score,,17171,,McNichols Sports Arena,
Sat Dec 3 1994,Phoenix Suns,97,Detroit Pistons,107,Box Score,,21454,,The Palace of Auburn Hills,
Sat Dec 3 1994,Indiana Pacers,118,Golden State Warriors,107,Box Score,,15025,,Oakland-Alameda County Coliseum Arena,
Sat Dec 3 1994,Minnesota Timberwolves,103,Los Angeles Clippers,95,Box Score,,6196,,Los Angeles Memorial Sports Arena,
Sat Dec 3 1994,Sacramento Kings,94,New Jersey Nets,89,Box Score,,20049,,Brendan Byrne Arena,
Sat Dec 3 1994,Washington Bullets,95,New York Knicks,111,Box Score,,19763,,Madison Square Garden (IV),
Sat Dec 3 1994,Milwaukee Bucks,108,Seattle SuperSonics,111,Box Score,,14661,,Tacoma Dome,
Sun Dec 4 1994,Milwaukee Bucks,103,Portland Trail Blazers,106,Box Score,,12888,,Memorial Coliseum,
Mon Dec 5 1994,New Jersey Nets,99,Chicago Bulls,94,Box Score,,22307,,United Center,
Mon Dec 5 1994,Charlotte Hornets,115,Los Angeles Clippers,83,Box Score,,7492,,Los Angeles Memorial Sports Arena,
Mon Dec 5 1994,New York Knicks,101,Philadelphia 76ers,96,Box Score,OT,14212,,CoreStates Spectrum,
Tue Dec 6 1994,Orlando Magic,114,Cleveland Cavaliers,97,Box Score,,20562,,Gund Arena,
Tue Dec 6 1994,Detroit Pistons,83,Indiana Pacers,90,Box Score,,14361,,Market Square Arena,
Tue Dec 6 1994,Golden State Warriors,101,Los Angeles Lakers,113,Box Score,,10579,,Great Western Forum,
Tue Dec 6 1994,Denver Nuggets,102,Minnesota Timberwolves,95,Box Score,,13669,,Target Center,
Tue Dec 6 1994,Atlanta Hawks,94,New Jersey Nets,91,Box Score,OT,12730,2:21,Brendan Byrne Arena,
Tue Dec 6 1994,Boston Celtics,90,New York Knicks,104,Box Score,,19763,2:06,Madison Square Garden (IV),
Tue Dec 6 1994,Milwaukee Bucks,95,Sacramento Kings,108,Box Score,,17317,,ARCO Arena (II),
Tue Dec 6 1994,Dallas Mavericks,124,San Antonio Spurs,121,Box Score,OT,14007,,Alamodome,
Tue Dec 6 1994,Houston Rockets,90,Seattle SuperSonics,103,Box Score,,13017,,Tacoma Dome,
Tue Dec 6 1994,Charlotte Hornets,106,Utah Jazz,97,Box Score,,19784,,Delta Center,
Wed Dec 7 1994,Atlanta Hawks,80,Boston Celtics,93,Box Score,,14890,2:02,Boston Garden,
Wed Dec 7 1994,Milwaukee Bucks,94,Los Angeles Clippers,96,Box Score,OT,6433,,Los Angeles Memorial Sports Arena,
Wed Dec 7 1994,Philadelphia 76ers,111,Miami Heat,102,Box Score,,14514,,Miami Arena,
Wed Dec 7 1994,Cleveland Cavaliers,75,Orlando Magic,90,Box Score,,16010,,Orlando Arena,
Thu Dec 8 1994,Washington Bullets,124,Dallas Mavericks,121,Box Score,OT,14055,,Reunion Arena,
Thu Dec 8 1994,Charlotte Hornets,95,Houston Rockets,101,Box Score,,12792,,The Summit,
Thu Dec 8 1994,Phoenix Suns,133,New Jersey Nets,106,Box Score,,20049,,Brendan Byrne Arena,
Thu Dec 8 1994,Seattle SuperSonics,91,Sacramento Kings,103,Box Score,,17317,,ARCO Arena (II),
Thu Dec 8 1994,Utah Jazz,117,San Antonio Spurs,114,Box Score,2OT,14092,,Alamodome,
Fri Dec 9 1994,New York Knicks,85,Atlanta Hawks,89,Box Score,,14967,2:24,Omni Coliseum,
Fri Dec 9 1994,Cleveland Cavaliers,96,Boston Celtics,89,Box Score,,14890,2:01,Boston Garden,
Fri Dec 9 1994,Chicago Bulls,117,Detroit Pistons,96,Box Score,,21454,,The Palace of Auburn Hills,
Fri Dec 9 1994,Los Angeles Clippers,109,Los Angeles Lakers,84,Box Score,,10768,,Great Western Forum,
Fri Dec 9 1994,Orlando Magic,110,Miami Heat,96,Box Score,,15200,,Miami Arena,
Fri Dec 9 1994,Indiana Pacers,94,Philadelphia 76ers,88,Box Score,,13214,,CoreStates Spectrum,
Fri Dec 9 1994,Golden State Warriors,107,Portland Trail Blazers,116,Box Score,,12888,,Memorial Coliseum,
Sat Dec 10 1994,Detroit Pistons,79,Cleveland Cavaliers,87,Box Score,,19129,,Gund Arena,
Sat Dec 10 1994,Charlotte Hornets,86,Dallas Mavericks,99,Box Score,,17502,,Reunion Arena,
Sat Dec 10 1994,Washington Bullets,89,Denver Nuggets,111,Box Score,,17171,,McNichols Sports Arena,
Sat Dec 10 1994,San Antonio Spurs,108,Houston Rockets,96,Box Score,,16611,,The Summit,
Sat Dec 10 1994,Miami Heat,103,Indiana Pacers,117,Box Score,,16069,,Market Square Arena,
Sat Dec 10 1994,Seattle SuperSonics,132,Los Angeles Clippers,127,Box Score,2OT,9048,,Los Angeles Memorial Sports Arena,
Sat Dec 10 1994,Chicago Bulls,103,Milwaukee Bucks,106,Box Score,,18633,,Bradley Center,
Sat Dec 10 1994,Phoenix Suns,103,Minnesota Timberwolves,89,Box Score,,18161,,Target Center,
Sat Dec 10 1994,Boston Celtics,96,New Jersey Nets,108,Box Score,,14949,1:55,Brendan Byrne Arena,
Sat Dec 10 1994,Philadelphia 76ers,103,New York Knicks,107,Box Score,,19763,,Madison Square Garden (IV),
Sat Dec 10 1994,Atlanta Hawks,98,Orlando Magic,109,Box Score,,16010,,Orlando Arena,
Sat Dec 10 1994,Golden State Warriors,94,Sacramento Kings,106,Box Score,,17317,,ARCO Arena (II),
Sat Dec 10 1994,Los Angeles Lakers,120,Utah Jazz,113,Box Score,,19911,,Delta Center,
Sun Dec 11 1994,Sacramento Kings,88,Portland Trail Blazers,93,Box Score,,12888,,Memorial Coliseum,
Mon Dec 12 1994,Denver Nuggets,103,Boston Celtics,113,Box Score,,14890,2:06,Boston Garden,
Mon Dec 12 1994,Orlando Magic,101,New Jersey Nets,128,Box Score,,20049,,Brendan Byrne Arena,
Mon Dec 12 1994,Miami Heat,122,New York Knicks,111,Box Score,,19763,,Madison Square Garden (IV),
Mon Dec 12 1994,Golden State Warriors,84,Phoenix Suns,90,Box Score,,19023,,America West Arena,
Mon Dec 12 1994,Washington Bullets,101,San Antonio Spurs,122,Box Score,,14501,,Alamodome,
Mon Dec 12 1994,Portland Trail Blazers,89,Utah Jazz,101,Box Score,,19232,,Delta Center,
Tue Dec 13 1994,Minnesota Timberwolves,83,Atlanta Hawks,85,Box Score,OT,8418,2:20,Omni Coliseum,
Tue Dec 13 1994,Milwaukee Bucks,101,Charlotte Hornets,107,Box Score,,23698,,Charlotte Coliseum,
Tue Dec 13 1994,Detroit Pistons,78,Chicago Bulls,98,Box Score,,22224,,United Center,
Tue Dec 13 1994,Indiana Pacers,83,Cleveland Cavaliers,90,Box Score,,19191,,Gund Arena,
Tue Dec 13 1994,Los Angeles Lakers,115,Dallas Mavericks,108,Box Score,,15150,,Reunion Arena,
Tue Dec 13 1994,Sacramento Kings,112,Golden State Warriors,107,Box Score,,15025,,Oakland-Alameda County Coliseum Arena,
Tue Dec 13 1994,Washington Bullets,85,Houston Rockets,93,Box Score,,13889,,The Summit,
Tue Dec 13 1994,Miami Heat,90,Philadelphia 76ers,105,Box Score,,7157,,CoreStates Spectrum,
Wed Dec 14 1994,Charlotte Hornets,106,Detroit Pistons,93,Box Score,,15528,,The Palace of Auburn Hills,
Wed Dec 14 1994,Atlanta Hawks,79,Indiana Pacers,81,Box Score,,13039,2:12,Market Square Arena,
Wed Dec 14 1994,Philadelphia 76ers,96,Milwaukee Bucks,99,Box Score,,13785,,Bradley Center,
Wed Dec 14 1994,Utah Jazz,103,Minnesota Timberwolves,95,Box Score,,13118,,Target Center,
Wed Dec 14 1994,Cleveland Cavaliers,95,New Jersey Nets,88,Box Score,2OT,9027,,Brendan Byrne Arena,
Wed Dec 14 1994,Denver Nuggets,96,Orlando Magic,120,Box Score,,16010,,Orlando Arena,
Wed Dec 14 1994,Seattle SuperSonics,93,Phoenix Suns,111,Box Score,,19023,,America West Arena,
Wed Dec 14 1994,Los Angeles Clippers,73,Portland Trail Blazers,121,Box Score,,12888,,Memorial Coliseum,
Wed Dec 14 1994,Boston Celtics,110,San Antonio Spurs,122,Box Score,,15154,2:09,Alamodome,
Thu Dec 15 1994,Boston Celtics,113,Dallas Mavericks,122,Box Score,,17502,2:12,Reunion Arena,
Thu Dec 15 1994,Los Angeles Lakers,97,Houston Rockets,94,Box Score,,11943,,The Summit,
Thu Dec 15 1994,Golden State Warriors,82,Los Angeles Clippers,89,Box Score,,17277,,Arrowhead Pond,at Anaheim CA
Thu Dec 15 1994,Denver Nuggets,101,Miami Heat,99,Box Score,,14531,,Miami Arena,
Thu Dec 15 1994,New York Knicks,94,Sacramento Kings,84,Box Score,,17317,,ARCO Arena (II),
Thu Dec 15 1994,Portland Trail Blazers,103,Seattle SuperSonics,114,Box Score,,13151,,Tacoma Dome,
Thu Dec 15 1994,Utah Jazz,95,Washington Bullets,85,Box Score,,18756,,USAir Arena,
Fri Dec 16 1994,Chicago Bulls,85,Atlanta Hawks,80,Box Score,,13542,2:07,Omni Coliseum,
Fri Dec 16 1994,Orlando Magic,131,Golden State Warriors,128,Box Score,OT,15025,,Oakland-Alameda County Coliseum Arena,
Fri Dec 16 1994,Charlotte Hornets,91,Indiana Pacers,93,Box Score,,16497,,Market Square Arena,
Fri Dec 16 1994,New Jersey Nets,93,Minnesota Timberwolves,94,Box Score,,11107,,Target Center,
Fri Dec 16 1994,Cleveland Cavaliers,84,Philadelphia 76ers,80,Box Score,,9830,,CoreStates Spectrum,
Fri Dec 16 1994,New York Knicks,85,Phoenix Suns,106,Box Score,,19023,,America West Arena,
Sat Dec 17 1994,Denver Nuggets,92,Charlotte Hornets,111,Box Score,,23698,,Charlotte Coliseum,
Sat Dec 17 1994,Utah Jazz,97,Chicago Bulls,89,Box Score,,22716,,United Center,
Sat Dec 17 1994,Boston Celtics,112,Houston Rockets,109,Box Score,,15757,2:19,The Summit,
Sat Dec 17 1994,Dallas Mavericks,106,Los Angeles Clippers,87,Box Score,,17578,,Arrowhead Pond,at Anaheim CA
Sat Dec 17 1994,Atlanta Hawks,85,Miami Heat,96,Box Score,,14486,2:06,Miami Arena,
Sat Dec 17 1994,Detroit Pistons,97,Philadelphia 76ers,92,Box Score,,11642,,CoreStates Spectrum,
Sat Dec 17 1994,Sacramento Kings,98,Phoenix Suns,109,Box Score,,19023,,America West Arena,
Sat Dec 17 1994,Los Angeles Lakers,102,San Antonio Spurs,116,Box Score,,16439,,Alamodome,
Sat Dec 17 1994,Orlando Magic,84,Seattle SuperSonics,124,Box Score,,16832,,Tacoma Dome,
Sat Dec 17 1994,Minnesota Timberwolves,96,Washington Bullets,87,Box Score,,18756,,USAir Arena,
Sun Dec 18 1994,Utah Jazz,101,Milwaukee Bucks,98,Box Score,,16624,,Bradley Center,
Sun Dec 18 1994,Miami Heat,102,New Jersey Nets,103,Box Score,,10255,,Brendan Byrne Arena,
Sun Dec 18 1994,New York Knicks,87,Portland Trail Blazers,111,Box Score,,12888,,Memorial Coliseum,
Mon Dec 19 1994,Cleveland Cavaliers,77,Chicago Bulls,63,Box Score,,22301,,United Center,
Mon Dec 19 1994,Boston Celtics,85,Denver Nuggets,104,Box Score,,17171,2:07,McNichols Sports Arena,
Mon Dec 19 1994,Washington Bullets,102,Phoenix Suns,113,Box Score,,19023,,America West Arena,
Tue Dec 20 1994,Milwaukee Bucks,97,Atlanta Hawks,115,Box Score,,8818,2:03,Omni Coliseum,
Tue Dec 20 1994,Indiana Pacers,95,Charlotte Hornets,99,Box Score,,23698,,Charlotte Coliseum,
Tue Dec 20 1994,Dallas Mavericks,110,Golden State Warriors,107,Box Score,,15025,,Oakland-Alameda County Coliseum Arena,
Tue Dec 20 1994,Minnesota Timberwolves,95,Los Angeles Lakers,108,Box Score,,11101,,Great Western Forum,
Tue Dec 20 1994,New Jersey Nets,85,New York Knicks,83,Box Score,,19763,,Madison Square Garden (IV),
Tue Dec 20 1994,Utah Jazz,91,Philadelphia 76ers,88,Box Score,,10225,,CoreStates Spectrum,
Tue Dec 20 1994,Orlando Magic,108,Portland Trail Blazers,104,Box Score,,12888,,Memorial Coliseum,
Tue Dec 20 1994,Washington Bullets,102,Sacramento Kings,105,Box Score,,17317,,ARCO Arena (II),
Tue Dec 20 1994,Los Angeles Clippers,79,Seattle SuperSonics,110,Box Score,,11952,,Tacoma Dome,
Wed Dec 21 1994,San Antonio Spurs,111,Denver Nuggets,97,Box Score,,17171,,McNichols Sports Arena,
Wed Dec 21 1994,Chicago Bulls,99,Indiana Pacers,107,Box Score,,16572,,Market Square Arena,
Wed Dec 21 1994,Orlando Magic,102,Los Angeles Clippers,91,Box Score,,12498,,Los Angeles Memorial Sports Arena,
Wed Dec 21 1994,Milwaukee Bucks,112,Miami Heat,122,Box Score,2OT,14402,,Miami Arena,
Wed Dec 21 1994,Detroit Pistons,99,New Jersey Nets,117,Box Score,,11380,,Brendan Byrne Arena,
Thu Dec 22 1994,Utah Jazz,103,Atlanta Hawks,94,Box Score,,9441,1:56,Omni Coliseum,
Thu Dec 22 1994,Philadelphia 76ers,91,Charlotte Hornets,103,Box Score,,23698,,Charlotte Coliseum,
Thu Dec 22 1994,Washington Bullets,87,Golden State Warriors,107,Box Score,,15025,,Oakland-Alameda County Coliseum Arena,
Thu Dec 22 1994,Phoenix Suns,106,Houston Rockets,114,Box Score,,16611,,The Summit,
Thu Dec 22 1994,Cleveland Cavaliers,93,New York Knicks,90,Box Score,,19763,,Madison Square Garden (IV),
Thu Dec 22 1994,Minnesota Timberwolves,89,Sacramento Kings,109,Box Score,,17317,,ARCO Arena (II),
Thu Dec 22 1994,Dallas Mavericks,101,Seattle SuperSonics,103,Box Score,,14763,,Tacoma Dome,
Fri Dec 23 1994,Philadelphia 76ers,85,Boston Celtics,77,Box Score,,14890,2:12,Boston Garden,
Fri Dec 23 1994,Indiana Pacers,92,Chicago Bulls,116,Box Score,,22524,,United Center,
Fri Dec 23 1994,New Jersey Nets,75,Cleveland Cavaliers,80,Box Score,,20562,,Gund Arena,
Fri Dec 23 1994,Atlanta Hawks,97,Detroit Pistons,77,Box Score,,21454,1:58,The Palace of Auburn Hills,
Fri Dec 23 1994,Washington Bullets,105,Los Angeles Clippers,102,Box Score,,7600,,Los Angeles Memorial Sports Arena,
Fri Dec 23 1994,Sacramento Kings,89,Los Angeles Lakers,100,Box Score,,12637,,Great Western Forum,
Fri Dec 23 1994,Charlotte Hornets,93,Miami Heat,116,Box Score,,14698,,Miami Arena,
Fri Dec 23 1994,Milwaukee Bucks,91,Orlando Magic,123,Box Score,,16010,,Orlando Arena,
Fri Dec 23 1994,Denver Nuggets,110,Phoenix Suns,126,Box Score,,19023,,America West Arena,
Fri Dec 23 1994,Dallas Mavericks,92,Portland Trail Blazers,118,Box Score,,12888,,Memorial Coliseum,
Fri Dec 23 1994,Houston Rockets,96,San Antonio Spurs,98,Box Score,,31514,,Alamodome,
Sun Dec 25 1994,New York Knicks,104,Chicago Bulls,107,Box Score,OT,22854,,United Center,
Sun Dec 25 1994,Seattle SuperSonics,96,Denver Nuggets,105,Box Score,,17171,,McNichols Sports Arena,
Mon Dec 26 1994,Boston Celtics,102,Cleveland Cavaliers,123,Box Score,,20562,2:02,Gund Arena,
Mon Dec 26 1994,Houston Rockets,101,Miami Heat,88,Box Score,,15200,,Miami Arena,
Mon Dec 26 1994,New Jersey Nets,97,Milwaukee Bucks,101,Box Score,,16475,,Bradley Center,
Mon Dec 26 1994,Los Angeles Clippers,81,Minnesota Timberwolves,82,Box Score,,12338,,Target Center,
Mon Dec 26 1994,Dallas Mavericks,113,Phoenix Suns,139,Box Score,,19023,,America West Arena,
Mon Dec 26 1994,Philadelphia 76ers,101,Portland Trail Blazers,94,Box Score,,12888,,Memorial Coliseum,
Mon Dec 26 1994,Sacramento Kings,103,Seattle SuperSonics,123,Box Score,,15780,,Tacoma Dome,
Mon Dec 26 1994,Orlando Magic,128,Washington Bullets,121,Box Score,OT,18756,,USAir Arena,
Tue Dec 27 1994,Los Angeles Clippers,95,Chicago Bulls,92,Box Score,,22231,,United Center,
Tue Dec 27 1994,Phoenix Suns,119,Dallas Mavericks,118,Box Score,,17502,,Reunion Arena,
Tue Dec 27 1994,Indiana Pacers,95,Denver Nuggets,91,Box Score,,17171,,McNichols Sports Arena,
Tue Dec 27 1994,Milwaukee Bucks,98,Detroit Pistons,88,Box Score,,18209,,The Palace of Auburn Hills,
Tue Dec 27 1994,Los Angeles Lakers,105,Golden State Warriors,129,Box Score,,15025,,Oakland-Alameda County Coliseum Arena,
Tue Dec 27 1994,Atlanta Hawks,93,Houston Rockets,105,Box Score,,16394,,The Summit,
Tue Dec 27 1994,New York Knicks,99,New Jersey Nets,91,Box Score,,20049,,Brendan Byrne Arena,
Tue Dec 27 1994,Miami Heat,83,Orlando Magic,103,Box Score,,16010,,Orlando Arena,
Tue Dec 27 1994,Portland Trail Blazers,101,Sacramento Kings,102,Box Score,,17317,,ARCO Arena (II),
Tue Dec 27 1994,Charlotte Hornets,108,San Antonio Spurs,119,Box Score,,33026,,Alamodome,
Wed Dec 28 1994,Chicago Bulls,105,Boston Celtics,97,Box Score,,14890,2:08,Boston Garden,
Wed Dec 28 1994,Washington Bullets,75,Cleveland Cavaliers,91,Box Score,,20562,,Gund Arena,
Wed Dec 28 1994,Detroit Pistons,93,New York Knicks,101,Box Score,,19763,,Madison Square Garden (IV),
Wed Dec 28 1994,Philadelphia 76ers,102,Seattle SuperSonics,121,Box Score,,15787,,Tacoma Dome,
Wed Dec 28 1994,Indiana Pacers,95,Utah Jazz,117,Box Score,,19911,,Delta Center,
Thu Dec 29 1994,San Antonio Spurs,121,Atlanta Hawks,127,Box Score,OT,15005,2:33,Omni Coliseum,
Thu Dec 29 1994,Orlando Magic,123,Charlotte Hornets,125,Box Score,,23698,,Charlotte Coliseum,
Thu Dec 29 1994,Golden State Warriors,124,Houston Rockets,126,Box Score,,16611,,The Summit,
Thu Dec 29 1994,Seattle SuperSonics,95,Los Angeles Lakers,96,Box Score,,17505,,Great Western Forum,
Thu Dec 29 1994,Los Angeles Clippers,83,Miami Heat,126,Box Score,,14626,,Miami Arena,
Thu Dec 29 1994,Denver Nuggets,93,Portland Trail Blazers,104,Box Score,,12888,,Memorial Coliseum,
Fri Dec 30 1994,Miami Heat,88,Chicago Bulls,133,Box Score,,22284,,United Center,
Fri Dec 30 1994,Atlanta Hawks,85,Cleveland Cavaliers,87,Box Score,,20562,2:11,Gund Arena,
Fri Dec 30 1994,Golden State Warriors,94,Dallas Mavericks,110,Box Score,,17502,,Reunion Arena,
Fri Dec 30 1994,Portland Trail Blazers,114,Denver Nuggets,118,Box Score,,17171,,McNichols Sports Arena,
Fri Dec 30 1994,Boston Celtics,124,Detroit Pistons,107,Box Score,,19178,2:12,The Palace of Auburn Hills,
Fri Dec 30 1994,New Jersey Nets,79,Indiana Pacers,96,Box Score,,16710,,Market Square Arena,
Fri Dec 30 1994,Charlotte Hornets,101,Milwaukee Bucks,94,Box Score,,18026,,Bradley Center,
Fri Dec 30 1994,New York Knicks,90,Minnesota Timberwolves,81,Box Score,,18122,,Target Center,
Fri Dec 30 1994,Los Angeles Clippers,105,Orlando Magic,116,Box Score,OT,16010,,Orlando Arena,
Fri Dec 30 1994,Los Angeles Lakers,127,Phoenix Suns,112,Box Score,,19023,,America West Arena,
Fri Dec 30 1994,Philadelphia 76ers,82,Sacramento Kings,85,Box Score,,17317,,ARCO Arena (II),
Fri Dec 30 1994,Houston Rockets,111,Utah Jazz,103,Box Score,,19911,,Delta Center,
Fri Dec 30 1994,San Antonio Spurs,115,Washington Bullets,101,Box Score,,18756,,USAir Arena,
Tue Jan 3 1995,Portland Trail Blazers,103,Atlanta Hawks,98,Box Score,,8477,2:18,Omni Coliseum,
Tue Jan 3 1995,Houston Rockets,110,Dallas Mavericks,98,Box Score,,17502,,Reunion Arena,
Tue Jan 3 1995,San Antonio Spurs,91,Golden State Warriors,86,Box Score,,15025,,Oakland-Alameda County Coliseum Arena,
Tue Jan 3 1995,Detroit Pistons,96,Los Angeles Lakers,105,Box Score,,13228,,Great Western Forum,
Tue Jan 3 1995,Denver Nuggets,108,Minnesota Timberwolves,99,Box Score,2OT,12739,,Target Center,
Tue Jan 3 1995,Indiana Pacers,103,New Jersey Nets,114,Box Score,,14145,,Brendan Byrne Arena,
Tue Jan 3 1995,Phoenix Suns,108,Sacramento Kings,100,Box Score,,17317,,ARCO Arena (II),
Tue Jan 3 1995,Milwaukee Bucks,91,Utah Jazz,123,Box Score,,18701,,Delta Center,
Tue Jan 3 1995,Seattle SuperSonics,121,Washington Bullets,107,Box Score,,16940,,USAir Arena,
Wed Jan 4 1995,Miami Heat,113,Boston Celtics,117,Box Score,OT,14890,2:36,Boston Garden,
Wed Jan 4 1995,Portland Trail Blazers,106,Charlotte Hornets,118,Box Score,,23698,,Charlotte Coliseum,
Wed Jan 4 1995,Denver Nuggets,80,Chicago Bulls,86,Box Score,,22198,,United Center,
Wed Jan 4 1995,Seattle SuperSonics,116,Cleveland Cavaliers,85,Box Score,,20562,,Gund Arena,
Wed Jan 4 1995,Washington Bullets,90,Indiana Pacers,94,Box Score,,15975,,Market Square Arena,
Wed Jan 4 1995,Atlanta Hawks,80,New York Knicks,89,Box Score,,19763,,Madison Square Garden (IV),
Wed Jan 4 1995,New Jersey Nets,110,Orlando Magic,113,Box Score,,16010,,Orlando Arena,
Wed Jan 4 1995,Philadelphia 76ers,122,Phoenix Suns,127,Box Score,,19023,,America West Arena,
Thu Jan 5 1995,Milwaukee Bucks,111,Golden State Warriors,103,Box Score,,15025,,Oakland-Alameda County Coliseum Arena,
Thu Jan 5 1995,Dallas Mavericks,99,Houston Rockets,108,Box Score,,16611,,The Summit,
Thu Jan 5 1995,Philadelphia 76ers,93,Los Angeles Clippers,95,Box Score,,6239,,Los Angeles Memorial Sports Arena,
Thu Jan 5 1995,Minnesota Timberwolves,91,Miami Heat,114,Box Score,,14305,,Miami Arena,
Thu Jan 5 1995,Detroit Pistons,88,Sacramento Kings,94,Box Score,,17317,,ARCO Arena (II),
Thu Jan 5 1995,San Antonio Spurs,104,Utah Jazz,103,Box Score,,19911,,Delta Center,
Fri Jan 6 1995,Washington Bullets,90,Atlanta Hawks,112,Box Score,,12069,,Omni Coliseum,
Fri Jan 6 1995,Portland Trail Blazers,95,Boston Celtics,92,Box Score,,14890,2:09,Boston Garden,
Fri Jan 6 1995,Seattle SuperSonics,108,Chicago Bulls,101,Box Score,,22248,,United Center,
Fri Jan 6 1995,New York Knicks,103,Cleveland Cavaliers,93,Box Score,,20562,,Gund Arena,
Fri Jan 6 1995,Indiana Pacers,92,Dallas Mavericks,103,Box Score,,17502,,Reunion Arena,
Fri Jan 6 1995,Milwaukee Bucks,98,Los Angeles Lakers,106,Box Score,,13227,,Great Western Forum,
Fri Jan 6 1995,Charlotte Hornets,89,New Jersey Nets,88,Box Score,,20049,,Brendan Byrne Arena,
Fri Jan 6 1995,Minnesota Timberwolves,99,Orlando Magic,121,Box Score,,16010,,Orlando Arena,
Sat Jan 7 1995,New Jersey Nets,85,Atlanta Hawks,102,Box Score,,12721,,Omni Coliseum,
Sat Jan 7 1995,Boston Celtics,98,Charlotte Hornets,106,Box Score,,23698,2:13,Charlotte Coliseum,
Sat Jan 7 1995,Chicago Bulls,78,Cleveland Cavaliers,92,Box Score,,20562,,Gund Arena,
Sat Jan 7 1995,Phoenix Suns,109,Denver Nuggets,100,Box Score,,17171,,McNichols Sports Arena,
Sat Jan 7 1995,Indiana Pacers,88,Houston Rockets,83,Box Score,,16611,,The Summit,
Sat Jan 7 1995,San Antonio Spurs,103,Los Angeles Clippers,88,Box Score,,8070,,Los Angeles Memorial Sports Arena,
Sat Jan 7 1995,Miami Heat,95,Sacramento Kings,96,Box Score,,17317,,ARCO Arena (II),
Sat Jan 7 1995,Philadelphia 76ers,90,Utah Jazz,111,Box Score,,19657,,Delta Center,
Sat Jan 7 1995,Portland Trail Blazers,114,Washington Bullets,105,Box Score,,18756,,USAir Arena,
Sun Jan 8 1995,Milwaukee Bucks,96,Denver Nuggets,102,Box Score,OT,17171,,McNichols Sports Arena,
Sun Jan 8 1995,Orlando Magic,108,Detroit Pistons,88,Box Score,,21454,,The Palace of Auburn Hills,
Sun Jan 8 1995,Miami Heat,105,Los Angeles Lakers,122,Box Score,,12997,,Great Western Forum,
Sun Jan 8 1995,Minnesota Timberwolves,87,New York Knicks,102,Box Score,,19763,,Madison Square Garden (IV),
Mon Jan 9 1995,Washington Bullets,101,Boston Celtics,114,Box Score,,14890,2:16,Boston Garden,
Mon Jan 9 1995,Milwaukee Bucks,102,Phoenix Suns,119,Box Score,,19023,,America West Arena,
Mon Jan 9 1995,Los Angeles Lakers,83,Portland Trail Blazers,129,Box Score,,12888,,Memorial Coliseum,
Mon Jan 9 1995,Dallas Mavericks,90,Utah Jazz,106,Box Score,,19911,,Delta Center,
Tue Jan 10 1995,Orlando Magic,77,Chicago Bulls,109,Box Score,,22529,,United Center,
Tue Jan 10 1995,Charlotte Hornets,116,Cleveland Cavaliers,108,Box Score,OT,20562,,Gund Arena,
Tue Jan 10 1995,New Jersey Nets,84,Detroit Pistons,98,Box Score,,14256,,The Palace of Auburn Hills,
Tue Jan 10 1995,Seattle SuperSonics,128,Golden State Warriors,118,Box Score,OT,15025,,Oakland-Alameda County Coliseum Arena,
Tue Jan 10 1995,Sacramento Kings,98,Minnesota Timberwolves,85,Box Score,,13017,,Target Center,
Tue Jan 10 1995,Indiana Pacers,105,New York Knicks,117,Box Score,,19763,,Madison Square Garden (IV),
Tue Jan 10 1995,Los Angeles Clippers,97,San Antonio Spurs,108,Box Score,,15729,,Alamodome,
Tue Jan 10 1995,Atlanta Hawks,99,Washington Bullets,96,Box Score,,12345,,USAir Arena,
Wed Jan 11 1995,Indiana Pacers,97,Boston Celtics,100,Box Score,,14890,2:14,Boston Garden,
Wed Jan 11 1995,Minnesota Timberwolves,91,Charlotte Hornets,100,Box Score,,23698,,Charlotte Coliseum,
Wed Jan 11 1995,Los Angeles Clippers,93,Dallas Mavericks,98,Box Score,,14957,,Reunion Arena,
Wed Jan 11 1995,Miami Heat,97,Houston Rockets,108,Box Score,,12424,,The Summit,
Wed Jan 11 1995,Phoenix Suns,118,Los Angeles Lakers,108,Box Score,,17505,,Great Western Forum,
Wed Jan 11 1995,Sacramento Kings,88,Milwaukee Bucks,97,Box Score,,13279,,Bradley Center,
Wed Jan 11 1995,Detroit Pistons,107,Orlando Magic,124,Box Score,,16010,,Orlando Arena,
Wed Jan 11 1995,Chicago Bulls,115,Philadelphia 76ers,77,Box Score,,13245,,CoreStates Spectrum,
Wed Jan 11 1995,Golden State Warriors,92,Portland Trail Blazers,104,Box Score,,12888,,Memorial Coliseum,
Wed Jan 11 1995,Denver Nuggets,88,Utah Jazz,114,Box Score,,19911,,Delta Center,
Thu Jan 12 1995,Dallas Mavericks,78,Denver Nuggets,94,Box Score,,17171,,McNichols Sports Arena,
Thu Jan 12 1995,Cleveland Cavaliers,107,Phoenix Suns,96,Box Score,,19023,,America West Arena,
Thu Jan 12 1995,Miami Heat,108,San Antonio Spurs,113,Box Score,,14651,,Alamodome,
Fri Jan 13 1995,Orlando Magic,101,Atlanta Hawks,96,Box Score,,16378,2:15,Omni Coliseum,
Fri Jan 13 1995,Utah Jazz,95,Boston Celtics,93,Box Score,,14890,2:09,Boston Garden,
Fri Jan 13 1995,Sacramento Kings,89,Chicago Bulls,79,Box Score,,22243,,United Center,
Fri Jan 13 1995,San Antonio Spurs,100,Houston Rockets,103,Box Score,,16611,,The Summit,
Fri Jan 13 1995,Golden State Warriors,104,Los Angeles Lakers,115,Box Score,,13182,,Great Western Forum,
Fri Jan 13 1995,New York Knicks,91,Milwaukee Bucks,88,Box Score,,17909,,Bradley Center,
Fri Jan 13 1995,Detroit Pistons,92,Minnesota Timberwolves,104,Box Score,,12516,,Target Center,
Fri Jan 13 1995,New Jersey Nets,110,Philadelphia 76ers,101,Box Score,,12780,,CoreStates Spectrum,
Fri Jan 13 1995,Los Angeles Clippers,101,Seattle SuperSonics,108,Box Score,,13836,,Tacoma Dome,
Fri Jan 13 1995,Indiana Pacers,113,Washington Bullets,99,Box Score,,18756,,USAir Arena,
Sat Jan 14 1995,Chicago Bulls,85,Charlotte Hornets,96,Box Score,,23698,,Charlotte Coliseum,
Sat Jan 14 1995,Miami Heat,84,Dallas Mavericks,77,Box Score,,17502,,Reunion Arena,
Sat Jan 14 1995,Houston Rockets,104,Denver Nuggets,118,Box Score,,17171,,McNichols Sports Arena,
Sat Jan 14 1995,Cleveland Cavaliers,103,Golden State Warriors,97,Box Score,OT,15025,,Oakland-Alameda County Coliseum Arena,
Sat Jan 14 1995,Milwaukee Bucks,97,Indiana Pacers,95,Box Score,,16716,,Market Square Arena,
Sat Jan 14 1995,Phoenix Suns,134,Los Angeles Clippers,108,Box Score,,10693,,Los Angeles Memorial Sports Arena,
Sat Jan 14 1995,Minnesota Timberwolves,84,New Jersey Nets,93,Box Score,,15065,,Brendan Byrne Arena,
Sat Jan 14 1995,Utah Jazz,86,New York Knicks,81,Box Score,,19763,,Madison Square Garden (IV),
Sat Jan 14 1995,Philadelphia 76ers,70,Orlando Magic,91,Box Score,,16010,,Orlando Arena,
Sun Jan 15 1995,Sacramento Kings,97,Boston Celtics,98,Box Score,,14890,2:12,Boston Garden,
Sun Jan 15 1995,Dallas Mavericks,108,San Antonio Spurs,103,Box Score,,16019,,Alamodome,
Sun Jan 15 1995,Portland Trail Blazers,124,Seattle SuperSonics,131,Box Score,,16950,,Tacoma Dome,
Mon Jan 16 1995,Miami Heat,95,Atlanta Hawks,99,Box Score,,9608,2:07,Omni Coliseum,
Mon Jan 16 1995,Denver Nuggets,73,Golden State Warriors,77,Box Score,,15025,,Oakland-Alameda County Coliseum Arena,
Mon Jan 16 1995,Utah Jazz,99,Indiana Pacers,98,Box Score,OT,14333,,Market Square Arena,
Mon Jan 16 1995,Los Angeles Clippers,88,Los Angeles Lakers,96,Box Score,,11326,,Great Western Forum,
Mon Jan 16 1995,Houston Rockets,75,Minnesota Timberwolves,94,Box Score,,12442,,Target Center,
Mon Jan 16 1995,New Jersey Nets,90,New York Knicks,107,Box Score,,19763,,Madison Square Garden (IV),
Mon Jan 16 1995,Detroit Pistons,116,Philadelphia 76ers,110,Box Score,,10768,,CoreStates Spectrum,
Mon Jan 16 1995,Chicago Bulls,101,Washington Bullets,109,Box Score,,18756,,USAir Arena,
Tue Jan 17 1995,San Antonio Spurs,101,Boston Celtics,92,Box Score,,14890,2:12,Boston Garden,
Tue Jan 17 1995,Charlotte Hornets,98,Orlando Magic,109,Box Score,,16010,,Orlando Arena,
Tue Jan 17 1995,Denver Nuggets,113,Phoenix Suns,129,Box Score,,19023,,America West Arena,
Tue Jan 17 1995,Portland Trail Blazers,88,Sacramento Kings,95,Box Score,,17317,,ARCO Arena (II),
Tue Jan 17 1995,Cleveland Cavaliers,91,Seattle SuperSonics,115,Box Score,,12914,,Tacoma Dome,
Wed Jan 18 1995,Philadelphia 76ers,92,Atlanta Hawks,80,Box Score,,10527,2:10,Omni Coliseum,
Wed Jan 18 1995,San Antonio Spurs,110,Charlotte Hornets,111,Box Score,,23698,,Charlotte Coliseum,
Wed Jan 18 1995,Milwaukee Bucks,97,Chicago Bulls,93,Box Score,,22191,,United Center,
Wed Jan 18 1995,Orlando Magic,108,Dallas Mavericks,97,Box Score,,17502,,Reunion Arena,
Wed Jan 18 1995,Utah Jazz,99,Detroit Pistons,86,Box Score,,14755,,The Palace of Auburn Hills,
Wed Jan 18 1995,Los Angeles Lakers,105,Indiana Pacers,106,Box Score,,14061,,Market Square Arena,
Wed Jan 18 1995,Cleveland Cavaliers,83,Los Angeles Clippers,92,Box Score,,6695,,Los Angeles Memorial Sports Arena,
Wed Jan 18 1995,Boston Celtics,93,Miami Heat,121,Box Score,,14681,2:09,Miami Arena,
Thu Jan 19 1995,New York Knicks,93,Houston Rockets,77,Box Score,,16611,,The Summit,
Thu Jan 19 1995,Washington Bullets,115,Milwaukee Bucks,120,Box Score,,13311,,Bradley Center,
Thu Jan 19 1995,Seattle SuperSonics,102,Minnesota Timberwolves,87,Box Score,,13396,,Target Center,
Thu Jan 19 1995,Phoenix Suns,122,Portland Trail Blazers,115,Box Score,,12888,,Memorial Coliseum,
Thu Jan 19 1995,Golden State Warriors,103,Sacramento Kings,112,Box Score,,17317,,ARCO Arena (II),
Fri Jan 20 1995,Los Angeles Lakers,120,Boston Celtics,118,Box Score,,14890,2:12,Boston Garden,
Fri Jan 20 1995,New Jersey Nets,97,Charlotte Hornets,99,Box Score,,23698,,Charlotte Coliseum,
Fri Jan 20 1995,Minnesota Timberwolves,86,Chicago Bulls,93,Box Score,,22222,,United Center,
Fri Jan 20 1995,New York Knicks,106,Dallas Mavericks,93,Box Score,,17502,,Reunion Arena,
Fri Jan 20 1995,Orlando Magic,112,Denver Nuggets,108,Box Score,OT,17171,,McNichols Sports Arena,
Fri Jan 20 1995,Houston Rockets,106,Detroit Pistons,96,Box Score,,21454,,The Palace of Auburn Hills,
Fri Jan 20 1995,Atlanta Hawks,89,Indiana Pacers,99,Box Score,,16162,2:06,Market Square Arena,
Fri Jan 20 1995,Portland Trail Blazers,108,Los Angeles Clippers,97,Box Score,,7051,,Los Angeles Memorial Sports Arena,
Fri Jan 20 1995,San Antonio Spurs,115,Miami Heat,114,Box Score,OT,14687,,Miami Arena,
Fri Jan 20 1995,Cleveland Cavaliers,84,Utah Jazz,94,Box Score,,19911,,Delta Center,
Fri Jan 20 1995,Philadelphia 76ers,98,Washington Bullets,102,Box Score,,12756,,Baltimore Arena,at Baltimore MD
Sat Jan 21 1995,Boston Celtics,84,Atlanta Hawks,89,Box Score,,16048,2:02,Omni Coliseum,
Sat Jan 21 1995,Seattle SuperSonics,117,Dallas Mavericks,91,Box Score,,17502,,Reunion Arena,
Sat Jan 21 1995,Cleveland Cavaliers,101,Denver Nuggets,100,Box Score,2OT,17171,,McNichols Sports Arena,
Sat Jan 21 1995,Sacramento Kings,92,Los Angeles Clippers,86,Box Score,,17751,,Arrowhead Pond,at Anaheim CA
Sat Jan 21 1995,Detroit Pistons,100,Milwaukee Bucks,120,Box Score,,18633,,Bradley Center,
Sat Jan 21 1995,Los Angeles Lakers,113,Philadelphia 76ers,117,Box Score,OT,14235,,CoreStates Spectrum,
Sun Jan 22 1995,Houston Rockets,81,Chicago Bulls,100,Box Score,,22647,,United Center,
Sun Jan 22 1995,San Antonio Spurs,93,Indiana Pacers,98,Box Score,,16672,,Market Square Arena,
Sun Jan 22 1995,New York Knicks,104,Miami Heat,95,Box Score,,15200,,Miami Arena,
Sun Jan 22 1995,Charlotte Hornets,83,Minnesota Timberwolves,100,Box Score,,19006,,Target Center,
Sun Jan 22 1995,Washington Bullets,109,New Jersey Nets,103,Box Score,,20049,,Brendan Byrne Arena,
Sun Jan 22 1995,Orlando Magic,110,Phoenix Suns,111,Box Score,OT,19023,,America West Arena,
Sun Jan 22 1995,Sacramento Kings,87,Portland Trail Blazers,103,Box Score,,12888,,Memorial Coliseum,
Mon Jan 23 1995,Los Angeles Lakers,108,Charlotte Hornets,102,Box Score,,23698,,Charlotte Coliseum,
Mon Jan 23 1995,Los Angeles Clippers,68,Cleveland Cavaliers,90,Box Score,,20187,,Gund Arena,
Mon Jan 23 1995,Dallas Mavericks,111,Utah Jazz,116,Box Score,,19911,,Delta Center,
Tue Jan 24 1995,San Antonio Spurs,104,Chicago Bulls,102,Box Score,OT,22414,,United Center,
Tue Jan 24 1995,Philadelphia 76ers,105,Detroit Pistons,116,Box Score,,13613,,The Palace of Auburn Hills,
Tue Jan 24 1995,New Jersey Nets,106,Golden State Warriors,93,Box Score,,15025,,Oakland-Alameda County Coliseum Arena,
Tue Jan 24 1995,Indiana Pacers,96,Miami Heat,107,Box Score,,14304,,Miami Arena,
Tue Jan 24 1995,Houston Rockets,115,Milwaukee Bucks,99,Box Score,,14556,,Bradley Center,
Tue Jan 24 1995,Phoenix Suns,100,Minnesota Timberwolves,85,Box Score,,14377,,Target Center,
Tue Jan 24 1995,Portland Trail Blazers,99,New York Knicks,105,Box Score,,19763,,Madison Square Garden (IV),
Tue Jan 24 1995,Boston Celtics,97,Orlando Magic,110,Box Score,,16010,2:05,Orlando Arena,
Tue Jan 24 1995,Dallas Mavericks,109,Sacramento Kings,110,Box Score,2OT,17317,,ARCO Arena (II),
Tue Jan 24 1995,Denver Nuggets,89,Seattle SuperSonics,111,Box Score,,16352,,Tacoma Dome,
Wed Jan 25 1995,Los Angeles Clippers,107,Boston Celtics,98,Box Score,,14890,2:07,Boston Garden,
Wed Jan 25 1995,Atlanta Hawks,103,Charlotte Hornets,96,Box Score,,23698,2:02,Charlotte Coliseum,
Wed Jan 25 1995,New Jersey Nets,116,Los Angeles Lakers,120,Box Score,OT,11140,,Great Western Forum,
Wed Jan 25 1995,Milwaukee Bucks,98,Philadelphia 76ers,97,Box Score,,8384,,CoreStates Spectrum,
Wed Jan 25 1995,Sacramento Kings,88,Utah Jazz,130,Box Score,,19911,,Delta Center,
Thu Jan 26 1995,Cleveland Cavaliers,77,Atlanta Hawks,68,Box Score,,10760,2:04,Omni Coliseum,
Thu Jan 26 1995,Portland Trail Blazers,106,Detroit Pistons,89,Box Score,,13850,,The Palace of Auburn Hills,
Thu Jan 26 1995,Phoenix Suns,92,Indiana Pacers,86,Box Score,,16698,,Market Square Arena,
Thu Jan 26 1995,Los Angeles Clippers,74,New York Knicks,87,Box Score,,19763,,Madison Square Garden (IV),
Thu Jan 26 1995,Chicago Bulls,99,Orlando Magic,102,Box Score,,16010,,Orlando Arena,
Thu Jan 26 1995,Houston Rockets,100,San Antonio Spurs,103,Box Score,,33360,,Alamodome,
Thu Jan 26 1995,Utah Jazz,120,Seattle SuperSonics,108,Box Score,,14835,,Tacoma Dome,
Thu Jan 26 1995,Golden State Warriors,121,Washington Bullets,118,Box Score,OT,15911,,USAir Arena,
Fri Jan 27 1995,Golden State Warriors,91,Boston Celtics,117,Box Score,,14890,2:11,Boston Garden,
Fri Jan 27 1995,New York Knicks,90,Charlotte Hornets,105,Box Score,,23698,,Charlotte Coliseum,
Fri Jan 27 1995,Portland Trail Blazers,87,Cleveland Cavaliers,77,Box Score,,20562,,Gund Arena,
Fri Jan 27 1995,Minnesota Timberwolves,102,Dallas Mavericks,94,Box Score,,17352,,Reunion Arena,
Fri Jan 27 1995,New Jersey Nets,90,Denver Nuggets,96,Box Score,,17171,,McNichols Sports Arena,
Fri Jan 27 1995,Miami Heat,96,Milwaukee Bucks,87,Box Score,,18171,,Bradley Center,
Fri Jan 27 1995,Phoenix Suns,108,Philadelphia 76ers,107,Box Score,,18168,,CoreStates Spectrum,
Sat Jan 28 1995,Charlotte Hornets,102,Atlanta Hawks,93,Box Score,,16368,2:10,Omni Coliseum,
Sat Jan 28 1995,Sacramento Kings,87,Dallas Mavericks,84,Box Score,,17502,,Reunion Arena,
Sat Jan 28 1995,Miami Heat,85,Detroit Pistons,89,Box Score,,15345,,The Palace of Auburn Hills,
Sat Jan 28 1995,Minnesota Timberwolves,93,Houston Rockets,114,Box Score,,16611,,The Summit,
Sat Jan 28 1995,Philadelphia 76ers,103,Indiana Pacers,106,Box Score,OT,16334,,Market Square Arena,
Sat Jan 28 1995,Milwaukee Bucks,103,Orlando Magic,107,Box Score,,16010,,Orlando Arena,
Sat Jan 28 1995,Denver Nuggets,77,San Antonio Spurs,103,Box Score,,32820,,Alamodome,
Sat Jan 28 1995,Los Angeles Lakers,128,Seattle SuperSonics,121,Box Score,OT,17426,,Tacoma Dome,
Sat Jan 28 1995,New Jersey Nets,94,Utah Jazz,111,Box Score,,19911,,Delta Center,
Sat Jan 28 1995,Los Angeles Clippers,87,Washington Bullets,93,Box Score,,6158,,USAir Arena,
Sun Jan 29 1995,Golden State Warriors,94,Chicago Bulls,116,Box Score,,22398,,United Center,
Sun Jan 29 1995,Phoenix Suns,88,New York Knicks,107,Box Score,,19763,,Madison Square Garden (IV),
Mon Jan 30 1995,Phoenix Suns,89,Cleveland Cavaliers,82,Box Score,,20562,,Gund Arena,
Mon Jan 30 1995,Los Angeles Clippers,95,Detroit Pistons,102,Box Score,,12657,,The Palace of Auburn Hills,
Mon Jan 30 1995,Atlanta Hawks,95,Miami Heat,92,Box Score,,14259,2:04,Miami Arena,
Mon Jan 30 1995,Seattle SuperSonics,109,Philadelphia 76ers,104,Box Score,,13892,,CoreStates Spectrum,
Mon Jan 30 1995,New Jersey Nets,99,Portland Trail Blazers,98,Box Score,,12888,,Memorial Coliseum,
Mon Jan 30 1995,Minnesota Timberwolves,80,Utah Jazz,115,Box Score,,19911,,Delta Center,
Tue Jan 31 1995,Denver Nuggets,74,Houston Rockets,86,Box Score,,14761,,The Summit,
Tue Jan 31 1995,Chicago Bulls,119,Los Angeles Lakers,115,Box Score,,17505,,Great Western Forum,
Tue Jan 31 1995,Dallas Mavericks,105,Milwaukee Bucks,107,Box Score,,15398,,Bradley Center,
Tue Jan 31 1995,Golden State Warriors,87,New York Knicks,90,Box Score,,19763,,Madison Square Garden (IV),
Tue Jan 31 1995,San Antonio Spurs,97,Sacramento Kings,96,Box Score,,17317,,ARCO Arena (II),
Tue Jan 31 1995,Charlotte Hornets,97,Washington Bullets,88,Box Score,,18756,,USAir Arena,
Wed Feb 1 1995,Golden State Warriors,99,Atlanta Hawks,111,Box Score,,9671,2:04,Omni Coliseum,
Wed Feb 1 1995,Charlotte Hornets,100,Boston Celtics,93,Box Score,,14890,2:12,Boston Garden,
Wed Feb 1 1995,Cleveland Cavaliers,82,Indiana Pacers,101,Box Score,,13972,,Market Square Arena,
Wed Feb 1 1995,Detroit Pistons,75,Miami Heat,98,Box Score,,14304,,Miami Arena,
Wed Feb 1 1995,Dallas Mavericks,104,Minnesota Timberwolves,83,Box Score,,14202,,Target Center,
Wed Feb 1 1995,Milwaukee Bucks,77,New Jersey Nets,95,Box Score,,12565,,Brendan Byrne Arena,
Wed Feb 1 1995,Washington Bullets,89,Philadelphia 76ers,98,Box Score,,9204,,CoreStates Spectrum,
Wed Feb 1 1995,Los Angeles Lakers,109,Phoenix Suns,118,Box Score,,19023,,America West Arena,
Wed Feb 1 1995,San Antonio Spurs,111,Portland Trail Blazers,107,Box Score,,12888,,Memorial Coliseum,
Wed Feb 1 1995,Denver Nuggets,88,Utah Jazz,129,Box Score,,19911,,Delta Center,
Thu Feb 2 1995,Cleveland Cavaliers,83,Detroit Pistons,85,Box Score,,13286,,The Palace of Auburn Hills,
Thu Feb 2 1995,Utah Jazz,101,Houston Rockets,121,Box Score,,16611,,The Summit,
Thu Feb 2 1995,Seattle SuperSonics,106,Orlando Magic,103,Box Score,,16010,,Orlando Arena,
Thu Feb 2 1995,Chicago Bulls,68,Sacramento Kings,88,Box Score,,17317,,ARCO Arena (II),
Fri Feb 3 1995,Seattle SuperSonics,121,Atlanta Hawks,98,Box Score,,14083,2:04,Omni Coliseum,
Fri Feb 3 1995,Milwaukee Bucks,98,Charlotte Hornets,117,Box Score,,23698,,Charlotte Coliseum,
Fri Feb 3 1995,San Antonio Spurs,114,Dallas Mavericks,103,Box Score,,17502,,Reunion Arena,
Fri Feb 3 1995,Los Angeles Clippers,89,Golden State Warriors,106,Box Score,,15025,,Oakland-Alameda County Coliseum Arena,
Fri Feb 3 1995,Orlando Magic,106,Indiana Pacers,118,Box Score,,16749,,Market Square Arena,
Fri Feb 3 1995,Denver Nuggets,88,Los Angeles Lakers,74,Box Score,,14493,,Great Western Forum,
Fri Feb 3 1995,Portland Trail Blazers,112,Minnesota Timberwolves,97,Box Score,,11572,,Target Center,
Fri Feb 3 1995,New York Knicks,106,Philadelphia 76ers,86,Box Score,,18168,,CoreStates Spectrum,
Fri Feb 3 1995,Chicago Bulls,100,Phoenix Suns,110,Box Score,,19023,,America West Arena,
Fri Feb 3 1995,Miami Heat,105,Washington Bullets,95,Box Score,,17206,,USAir Arena,
Sat Feb 4 1995,Indiana Pacers,73,Cleveland Cavaliers,82,Box Score,,20562,,Gund Arena,
Sat Feb 4 1995,Utah Jazz,98,Dallas Mavericks,119,Box Score,,17051,,Reunion Arena,
Sat Feb 4 1995,Atlanta Hawks,78,Detroit Pistons,84,Box Score,,21454,2:09,The Palace of Auburn Hills,
Sat Feb 4 1995,Los Angeles Lakers,121,Los Angeles Clippers,118,Box Score,,16021,,Los Angeles Memorial Sports Arena,
Sat Feb 4 1995,Philadelphia 76ers,102,Milwaukee Bucks,96,Box Score,,18633,,Bradley Center,
Sat Feb 4 1995,Boston Celtics,92,New Jersey Nets,78,Box Score,,20049,1:56,Brendan Byrne Arena,
Sat Feb 4 1995,Sacramento Kings,96,San Antonio Spurs,97,Box Score,,18436,,Alamodome,
Sun Feb 5 1995,Minnesota Timberwolves,82,Boston Celtics,115,Box Score,,14890,2:12,Boston Garden,
Sun Feb 5 1995,Washington Bullets,105,Charlotte Hornets,111,Box Score,,23698,,Charlotte Coliseum,
Sun Feb 5 1995,Chicago Bulls,97,Golden State Warriors,93,Box Score,,15025,,Oakland-Alameda County Coliseum Arena,
Sun Feb 5 1995,Seattle SuperSonics,136,Miami Heat,109,Box Score,,14852,,Miami Arena,
Sun Feb 5 1995,New York Knicks,100,Orlando Magic,103,Box Score,OT,16010,,Orlando Arena,
Sun Feb 5 1995,Houston Rockets,124,Phoenix Suns,100,Box Score,,19023,,America West Arena,
Mon Feb 6 1995,Detroit Pistons,97,New Jersey Nets,101,Box Score,,11054,,Brendan Byrne Arena,
Mon Feb 6 1995,Atlanta Hawks,107,Philadelphia 76ers,92,Box Score,,16244,2:19,CoreStates Spectrum,
Mon Feb 6 1995,Houston Rockets,82,Portland Trail Blazers,120,Box Score,,12888,,Memorial Coliseum,
Tue Feb 7 1995,Indiana Pacers,95,Charlotte Hornets,92,Box Score,OT,23698,,Charlotte Coliseum,
Tue Feb 7 1995,Philadelphia 76ers,84,Cleveland Cavaliers,90,Box Score,,20130,,Gund Arena,
Tue Feb 7 1995,Phoenix Suns,114,Dallas Mavericks,113,Box Score,,17502,,Reunion Arena,
Tue Feb 7 1995,Los Angeles Lakers,85,Denver Nuggets,83,Box Score,,17171,,McNichols Sports Arena,
Tue Feb 7 1995,Washington Bullets,115,Detroit Pistons,119,Box Score,,18155,,The Palace of Auburn Hills,
Tue Feb 7 1995,Utah Jazz,101,Los Angeles Clippers,88,Box Score,,6977,,Los Angeles Memorial Sports Arena,
Tue Feb 7 1995,Golden State Warriors,100,Minnesota Timberwolves,109,Box Score,,14396,,Target Center,
Tue Feb 7 1995,Milwaukee Bucks,95,New York Knicks,87,Box Score,,19763,,Madison Square Garden (IV),
Tue Feb 7 1995,San Antonio Spurs,106,Seattle SuperSonics,103,Box Score,,15803,,Tacoma Dome,
Wed Feb 8 1995,New Jersey Nets,88,Atlanta Hawks,111,Box Score,,9885,,Omni Coliseum,
Wed Feb 8 1995,Cleveland Cavaliers,67,Boston Celtics,75,Box Score,,14890,2:07,Boston Garden,
Wed Feb 8 1995,Charlotte Hornets,106,Detroit Pistons,78,Box Score,,15784,,The Palace of Auburn Hills,
Wed Feb 8 1995,New York Knicks,96,Indiana Pacers,77,Box Score,,16677,,Market Square Arena,
Wed Feb 8 1995,San Antonio Spurs,99,Los Angeles Lakers,115,Box Score,,14175,,Great Western Forum,
Wed Feb 8 1995,Washington Bullets,107,Miami Heat,111,Box Score,,14279,,Miami Arena,
Wed Feb 8 1995,Minnesota Timberwolves,93,Milwaukee Bucks,100,Box Score,,14568,,Bradley Center,
Wed Feb 8 1995,Dallas Mavericks,92,Orlando Magic,110,Box Score,,16010,,Orlando Arena,
Wed Feb 8 1995,Chicago Bulls,103,Portland Trail Blazers,116,Box Score,,12888,,Memorial Coliseum,
Wed Feb 8 1995,Houston Rockets,97,Sacramento Kings,86,Box Score,,17317,,ARCO Arena (II),
Wed Feb 8 1995,Phoenix Suns,108,Utah Jazz,104,Box Score,,19911,,Delta Center,
Thu Feb 9 1995,Golden State Warriors,109,Denver Nuggets,101,Box Score,,17171,,McNichols Sports Arena,
Thu Feb 9 1995,Houston Rockets,107,Los Angeles Clippers,122,Box Score,,7178,,Los Angeles Memorial Sports Arena,
Thu Feb 9 1995,Chicago Bulls,118,Seattle SuperSonics,126,Box Score,OT,16079,,Tacoma Dome,
Tue Feb 14 1995,Portland Trail Blazers,90,Dallas Mavericks,95,Box Score,,14184,,Reunion Arena,
Tue Feb 14 1995,Atlanta Hawks,99,Denver Nuggets,88,Box Score,,17171,2:13,McNichols Sports Arena,
Tue Feb 14 1995,New York Knicks,94,Detroit Pistons,106,Box Score,,15513,,The Palace of Auburn Hills,
Tue Feb 14 1995,Los Angeles Clippers,104,Houston Rockets,124,Box Score,,15071,,The Summit,
Tue Feb 14 1995,Milwaukee Bucks,99,Miami Heat,112,Box Score,,14345,,Miami Arena,
Tue Feb 14 1995,Washington Bullets,99,Minnesota Timberwolves,96,Box Score,,13296,,Target Center,
Tue Feb 14 1995,Charlotte Hornets,98,New Jersey Nets,109,Box Score,,16868,,Brendan Byrne Arena,
Tue Feb 14 1995,Indiana Pacers,92,Orlando Magic,111,Box Score,,16010,,Orlando Arena,
Tue Feb 14 1995,Boston Celtics,101,Sacramento Kings,108,Box Score,,17317,2:21,ARCO Arena (II),
Tue Feb 14 1995,Utah Jazz,96,San Antonio Spurs,112,Box Score,,18490,,Alamodome,
Tue Feb 14 1995,Golden State Warriors,108,Seattle SuperSonics,118,Box Score,,13918,,Tacoma Dome,
Wed Feb 15 1995,Washington Bullets,92,Chicago Bulls,107,Box Score,,22368,,United Center,
Wed Feb 15 1995,Orlando Magic,99,Cleveland Cavaliers,100,Box Score,OT,20562,,Gund Arena,
Wed Feb 15 1995,Boston Celtics,116,Golden State Warriors,115,Box Score,,15025,2:15,Oakland-Alameda County Coliseum Arena,
Wed Feb 15 1995,Detroit Pistons,88,Indiana Pacers,114,Box Score,,14829,,Market Square Arena,
Wed Feb 15 1995,Seattle SuperSonics,96,Los Angeles Lakers,102,Box Score,,14936,,Great Western Forum,
Wed Feb 15 1995,Minnesota Timberwolves,101,Philadelphia 76ers,97,Box Score,,8306,,CoreStates Spectrum,
Wed Feb 15 1995,Portland Trail Blazers,113,Phoenix Suns,120,Box Score,OT,19023,,America West Arena,
Thu Feb 16 1995,Houston Rockets,105,Charlotte Hornets,89,Box Score,,23698,,Charlotte Coliseum,
Thu Feb 16 1995,New York Knicks,96,Miami Heat,87,Box Score,,15200,,Miami Arena,
Thu Feb 16 1995,Cleveland Cavaliers,106,Milwaukee Bucks,85,Box Score,,13498,,Bradley Center,
Thu Feb 16 1995,Denver Nuggets,94,New Jersey Nets,100,Box Score,,15692,,Brendan Byrne Arena,
Thu Feb 16 1995,Los Angeles Lakers,82,Sacramento Kings,98,Box Score,,17317,,ARCO Arena (II),
Thu Feb 16 1995,San Antonio Spurs,113,Utah Jazz,120,Box Score,,19911,,Delta Center,
Fri Feb 17 1995,Detroit Pistons,102,Chicago Bulls,117,Box Score,,22214,,United Center,
Fri Feb 17 1995,Atlanta Hawks,110,Dallas Mavericks,90,Box Score,,17502,,Reunion Arena,
Fri Feb 17 1995,Boston Celtics,121,Los Angeles Clippers,127,Box Score,2OT,8805,3:00,Los Angeles Memorial Sports Arena,
Fri Feb 17 1995,Indiana Pacers,110,Minnesota Timberwolves,78,Box Score,,13175,,Target Center,
Fri Feb 17 1995,Miami Heat,91,New York Knicks,100,Box Score,,19763,,Madison Square Garden (IV),
Fri Feb 17 1995,Philadelphia 76ers,83,Orlando Magic,129,Box Score,,16010,,Orlando Arena,
Fri Feb 17 1995,Golden State Warriors,139,Phoenix Suns,128,Box Score,OT,19023,,America West Arena,
Fri Feb 17 1995,Seattle SuperSonics,109,Portland Trail Blazers,114,Box Score,,12888,,Memorial Coliseum,
Fri Feb 17 1995,Houston Rockets,109,Washington Bullets,92,Box Score,,18756,,USAir Arena,
Sat Feb 18 1995,Detroit Pistons,88,Charlotte Hornets,110,Box Score,,23698,,Charlotte Coliseum,
Sat Feb 18 1995,Seattle SuperSonics,129,Golden State Warriors,117,Box Score,,15025,,Oakland-Alameda County Coliseum Arena,
Sat Feb 18 1995,Chicago Bulls,111,Milwaukee Bucks,118,Box Score,,18633,,Bradley Center,
Sat Feb 18 1995,Cleveland Cavaliers,82,New Jersey Nets,75,Box Score,,15652,,Brendan Byrne Arena,
Sat Feb 18 1995,Denver Nuggets,89,Philadelphia 76ers,95,Box Score,,16084,,CoreStates Spectrum,
Sat Feb 18 1995,Los Angeles Clippers,92,Sacramento Kings,109,Box Score,,17317,,ARCO Arena (II),
Sat Feb 18 1995,Atlanta Hawks,97,San Antonio Spurs,111,Box Score,,33072,,Alamodome,
Sat Feb 18 1995,Boston Celtics,98,Utah Jazz,108,Box Score,,19911,2:09,Delta Center,
Sun Feb 19 1995,Miami Heat,87,Indiana Pacers,106,Box Score,,16452,,Market Square Arena,
Sun Feb 19 1995,Portland Trail Blazers,83,Los Angeles Lakers,93,Box Score,,17505,,Great Western Forum,
Sun Feb 19 1995,Orlando Magic,95,Minnesota Timberwolves,100,Box Score,,19934,,Target Center,
Sun Feb 19 1995,Houston Rockets,117,New York Knicks,122,Box Score,,19763,,Madison Square Garden (IV),
Sun Feb 19 1995,Utah Jazz,107,Phoenix Suns,110,Box Score,,19023,,America West Arena,
Sun Feb 19 1995,Denver Nuggets,94,Washington Bullets,92,Box Score,,18756,,USAir Arena,
Mon Feb 20 1995,Chicago Bulls,104,Charlotte Hornets,115,Box Score,,23698,,Charlotte Coliseum,
Mon Feb 20 1995,Miami Heat,103,Cleveland Cavaliers,96,Box Score,,20562,,Gund Arena,
Mon Feb 20 1995,Sacramento Kings,93,Detroit Pistons,99,Box Score,,15148,,The Palace of Auburn Hills,
Mon Feb 20 1995,Philadelphia 76ers,85,Golden State Warriors,98,Box Score,,15025,,Oakland-Alameda County Coliseum Arena,
Mon Feb 20 1995,Orlando Magic,152,Milwaukee Bucks,104,Box Score,,18633,,Bradley Center,
Mon Feb 20 1995,Los Angeles Lakers,108,Seattle SuperSonics,105,Box Score,,16502,,Tacoma Dome,
Tue Feb 21 1995,Chicago Bulls,105,Atlanta Hawks,88,Box Score,,11908,2:02,Omni Coliseum,
Tue Feb 21 1995,Los Angeles Clippers,80,Denver Nuggets,118,Box Score,,17171,,McNichols Sports Arena,
Tue Feb 21 1995,San Antonio Spurs,98,Houston Rockets,97,Box Score,,16611,,The Summit,
Tue Feb 21 1995,Cleveland Cavaliers,99,New York Knicks,91,Box Score,,19763,,Madison Square Garden (IV),
Tue Feb 21 1995,Boston Celtics,129,Phoenix Suns,121,Box Score,,19023,2:18,America West Arena,
Tue Feb 21 1995,Minnesota Timberwolves,86,Portland Trail Blazers,99,Box Score,,12888,,Memorial Coliseum,
Tue Feb 21 1995,Dallas Mavericks,102,Washington Bullets,97,Box Score,,16053,,USAir Arena,
Wed Feb 22 1995,Sacramento Kings,89,Charlotte Hornets,100,Box Score,,23698,,Charlotte Coliseum,
Wed Feb 22 1995,Portland Trail Blazers,107,Golden State Warriors,89,Box Score,,15025,,Oakland-Alameda County Coliseum Arena,
Wed Feb 22 1995,Philadelphia 76ers,100,Los Angeles Lakers,112,Box Score,,12524,,Great Western Forum,
Wed Feb 22 1995,Washington Bullets,92,Milwaukee Bucks,100,Box Score,,13922,,Bradley Center,
Wed Feb 22 1995,Indiana Pacers,113,New Jersey Nets,94,Box Score,,17864,,Brendan Byrne Arena,
Wed Feb 22 1995,Phoenix Suns,100,San Antonio Spurs,105,Box Score,,34215,,Alamodome,
Wed Feb 22 1995,Minnesota Timberwolves,104,Seattle SuperSonics,120,Box Score,,13012,,Tacoma Dome,
Wed Feb 22 1995,Los Angeles Clippers,109,Utah Jazz,118,Box Score,,19911,,Delta Center,
Thu Feb 23 1995,Dallas Mavericks,92,Atlanta Hawks,110,Box Score,,9631,1:49,Omni Coliseum,
Thu Feb 23 1995,Orlando Magic,117,Boston Celtics,119,Box Score,,15242,2:20,Hartford Civic Center,at Hartford CT
Thu Feb 23 1995,Philadelphia 76ers,75,Denver Nuggets,105,Box Score,,17171,,McNichols Sports Arena,
Thu Feb 23 1995,Detroit Pistons,99,Houston Rockets,110,Box Score,,16611,,The Summit,
Thu Feb 23 1995,Sacramento Kings,90,New York Knicks,103,Box Score,,19763,,Madison Square Garden (IV),
Fri Feb 24 1995,Charlotte Hornets,93,Los Angeles Lakers,95,Box Score,OT,17505,,Great Western Forum,
Fri Feb 24 1995,Chicago Bulls,83,Miami Heat,91,Box Score,,15200,,Miami Arena,
Fri Feb 24 1995,Indiana Pacers,98,Milwaukee Bucks,86,Box Score,,18633,,Bradley Center,
Fri Feb 24 1995,Dallas Mavericks,104,New Jersey Nets,114,Box Score,,20049,,Brendan Byrne Arena,
Fri Feb 24 1995,Boston Celtics,103,Orlando Magic,129,Box Score,,16010,2:16,Orlando Arena,
Fri Feb 24 1995,Los Angeles Clippers,106,Phoenix Suns,118,Box Score,,19023,,America West Arena,
Fri Feb 24 1995,Utah Jazz,101,Portland Trail Blazers,114,Box Score,,12888,,Memorial Coliseum,
Fri Feb 24 1995,Detroit Pistons,97,San Antonio Spurs,114,Box Score,,20443,,Alamodome,
Fri Feb 24 1995,Denver Nuggets,86,Seattle SuperSonics,90,Box Score,,18056,,Tacoma Dome,
Fri Feb 24 1995,Atlanta Hawks,107,Washington Bullets,92,Box Score,,12756,1:54,Baltimore Arena,at Baltimore MD
Sat Feb 25 1995,New Jersey Nets,102,Cleveland Cavaliers,105,Box Score,,20562,,Gund Arena,
Sat Feb 25 1995,Golden State Warriors,105,Houston Rockets,112,Box Score,,16611,,The Summit,
Sat Feb 25 1995,Los Angeles Lakers,81,Los Angeles Clippers,83,Box Score,,16021,,Los Angeles Memorial Sports Arena,
Sat Feb 25 1995,Sacramento Kings,98,Washington Bullets,102,Box Score,,18756,,USAir Arena,
Sun Feb 26 1995,Utah Jazz,110,Denver Nuggets,96,Box Score,,17171,,McNichols Sports Arena,
Sun Feb 26 1995,Dallas Mavericks,92,Indiana Pacers,100,Box Score,,16183,,Market Square Arena,
Sun Feb 26 1995,Miami Heat,99,Minnesota Timberwolves,106,Box Score,,15789,,Target Center,
Sun Feb 26 1995,Philadelphia 76ers,99,New York Knicks,104,Box Score,,19763,,Madison Square Garden (IV),
Sun Feb 26 1995,Chicago Bulls,103,Orlando Magic,105,Box Score,,16010,,Orlando Arena,
Sun Feb 26 1995,Charlotte Hornets,92,Phoenix Suns,103,Box Score,,19023,,America West Arena,
Sun Feb 26 1995,Golden State Warriors,99,San Antonio Spurs,129,Box Score,,29014,,Alamodome,
Mon Feb 27 1995,Sacramento Kings,99,Atlanta Hawks,118,Box Score,,10539,2:03,Omni Coliseum,
Mon Feb 27 1995,Indiana Pacers,108,Boston Celtics,97,Box Score,,14890,2:15,Boston Garden,
Mon Feb 27 1995,New Jersey Nets,86,Chicago Bulls,108,Box Score,,22192,,United Center,
Mon Feb 27 1995,Milwaukee Bucks,89,Detroit Pistons,97,Box Score,,14248,,The Palace of Auburn Hills,
Mon Feb 27 1995,Cleveland Cavaliers,78,Houston Rockets,86,Box Score,,14253,,The Summit,
Mon Feb 27 1995,Utah Jazz,101,Los Angeles Lakers,95,Box Score,,14230,,Great Western Forum,
Mon Feb 27 1995,Los Angeles Clippers,83,Portland Trail Blazers,96,Box Score,,12888,,Memorial Coliseum,
Mon Feb 27 1995,Charlotte Hornets,116,Seattle SuperSonics,114,Box Score,,16379,,Tacoma Dome,
Tue Feb 28 1995,Houston Rockets,101,Dallas Mavericks,102,Box Score,,17502,,Reunion Arena,
Tue Feb 28 1995,Minnesota Timberwolves,101,Denver Nuggets,114,Box Score,,17171,,McNichols Sports Arena,
Tue Feb 28 1995,Phoenix Suns,99,Los Angeles Clippers,110,Box Score,,13137,,Los Angeles Memorial Sports Arena,
Tue Feb 28 1995,Miami Heat,95,Milwaukee Bucks,85,Box Score,,13075,,Bradley Center,
Tue Feb 28 1995,New York Knicks,106,Orlando Magic,118,Box Score,,16010,,Orlando Arena,
Tue Feb 28 1995,Cleveland Cavaliers,83,San Antonio Spurs,100,Box Score,,15546,,Alamodome,
Tue Feb 28 1995,Philadelphia 76ers,106,Washington Bullets,102,Box Score,,12209,,USAir Arena,
Wed Mar 1 1995,Washington Bullets,125,Boston Celtics,124,Box Score,2OT,14890,3:03,Boston Garden,
Wed Mar 1 1995,Miami Heat,85,Chicago Bulls,111,Box Score,,22202,,United Center,
Wed Mar 1 1995,Indiana Pacers,79,Detroit Pistons,92,Box Score,,15066,,The Palace of Auburn Hills,
Wed Mar 1 1995,Utah Jazz,98,Golden State Warriors,85,Box Score,,15025,,Oakland-Alameda County Coliseum Arena,
Wed Mar 1 1995,Phoenix Suns,101,Los Angeles Lakers,93,Box Score,,17505,,Great Western Forum,
Wed Mar 1 1995,Minnesota Timberwolves,98,Sacramento Kings,87,Box Score,,17317,,ARCO Arena (II),
Thu Mar 2 1995,Cleveland Cavaliers,84,Dallas Mavericks,90,Box Score,,12194,,Reunion Arena,
Thu Mar 2 1995,Orlando Magic,107,Houston Rockets,96,Box Score,,16611,2:06,The Summit,
Thu Mar 2 1995,Seattle SuperSonics,116,Los Angeles Clippers,88,Box Score,,17873,,Arrowhead Pond,at Anaheim CA
Thu Mar 2 1995,Atlanta Hawks,93,Milwaukee Bucks,102,Box Score,,13244,,Bradley Center,
Thu Mar 2 1995,Chicago Bulls,89,New York Knicks,93,Box Score,,19763,,Madison Square Garden (IV),
Thu Mar 2 1995,Charlotte Hornets,109,Portland Trail Blazers,99,Box Score,,12888,,Memorial Coliseum,
Fri Mar 3 1995,Detroit Pistons,78,Atlanta Hawks,94,Box Score,,14958,1:57,Omni Coliseum,
Fri Mar 3 1995,Milwaukee Bucks,91,Boston Celtics,103,Box Score,,14890,2:17,Boston Garden,
Fri Mar 3 1995,Miami Heat,98,Denver Nuggets,100,Box Score,,17171,,McNichols Sports Arena,
Fri Mar 3 1995,Charlotte Hornets,116,Golden State Warriors,86,Box Score,,15025,,Oakland-Alameda County Coliseum Arena,
Fri Mar 3 1995,Sacramento Kings,104,Los Angeles Lakers,109,Box Score,2OT,12040,,Great Western Forum,
Fri Mar 3 1995,Houston Rockets,105,Minnesota Timberwolves,108,Box Score,,17068,,Target Center,
Fri Mar 3 1995,Philadelphia 76ers,102,New Jersey Nets,98,Box Score,,14316,,Brendan Byrne Arena,
Fri Mar 3 1995,Seattle SuperSonics,118,Phoenix Suns,122,Box Score,OT,19023,,America West Arena,
Fri Mar 3 1995,Orlando Magic,111,San Antonio Spurs,112,Box Score,,35818,,Alamodome,
Fri Mar 3 1995,Indiana Pacers,106,Washington Bullets,111,Box Score,,13129,,USAir Arena,
Sat Mar 4 1995,New York Knicks,89,Cleveland Cavaliers,76,Box Score,,20562,,Gund Arena,
Sat Mar 4 1995,Detroit Pistons,98,Dallas Mavericks,91,Box Score,,17502,,Reunion Arena,
Sat Mar 4 1995,Boston Celtics,107,Indiana Pacers,101,Box Score,,16682,2:09,Market Square Arena,
Sat Mar 4 1995,Denver Nuggets,101,Los Angeles Clippers,89,Box Score,,9334,,Los Angeles Memorial Sports Arena,
Sat Mar 4 1995,Chicago Bulls,106,Philadelphia 76ers,94,Box Score,,16105,,CoreStates Spectrum,
Sat Mar 4 1995,Portland Trail Blazers,81,Utah Jazz,98,Box Score,,19911,,Delta Center,
Sun Mar 5 1995,Phoenix Suns,122,Golden State Warriors,112,Box Score,,15025,,Oakland-Alameda County Coliseum Arena,
Sun Mar 5 1995,Minnesota Timberwolves,102,Los Angeles Lakers,105,Box Score,,11943,,Great Western Forum,
Sun Mar 5 1995,Washington Bullets,90,Miami Heat,103,Box Score,,14132,,Miami Arena,
Sun Mar 5 1995,Milwaukee Bucks,94,New Jersey Nets,99,Box Score,,20049,,Brendan Byrne Arena,
Sun Mar 5 1995,Atlanta Hawks,111,Orlando Magic,113,Box Score,OT,16010,2:45,Orlando Arena,
Sun Mar 5 1995,Charlotte Hornets,80,Sacramento Kings,88,Box Score,,17317,,ARCO Arena (II),
Sun Mar 5 1995,Houston Rockets,103,San Antonio Spurs,124,Box Score,,35818,,Alamodome,
Mon Mar 6 1995,Portland Trail Blazers,83,Chicago Bulls,103,Box Score,,22114,,United Center,
Mon Mar 6 1995,Minnesota Timberwolves,88,Los Angeles Clippers,101,Box Score,,6024,,Los Angeles Memorial Sports Arena,
Mon Mar 6 1995,Golden State Warriors,106,Seattle SuperSonics,103,Box Score,,13442,,Tacoma Dome,
Tue Mar 7 1995,Detroit Pistons,81,Cleveland Cavaliers,89,Box Score,,20562,,Gund Arena,
Tue Mar 7 1995,Denver Nuggets,99,Dallas Mavericks,96,Box Score,,14954,,Reunion Arena,
Tue Mar 7 1995,Phoenix Suns,113,Houston Rockets,102,Box Score,,16611,,The Summit,
Tue Mar 7 1995,Los Angeles Lakers,104,Miami Heat,110,Box Score,,14452,,Miami Arena,
Tue Mar 7 1995,Portland Trail Blazers,106,Milwaukee Bucks,100,Box Score,,13298,,Bradley Center,
Tue Mar 7 1995,Boston Celtics,110,New York Knicks,115,Box Score,,19763,2:12,Madison Square Garden (IV),
Tue Mar 7 1995,Utah Jazz,102,Sacramento Kings,95,Box Score,OT,17317,,ARCO Arena (II),
Tue Mar 7 1995,Indiana Pacers,117,San Antonio Spurs,100,Box Score,,17665,,Alamodome,
Wed Mar 8 1995,Denver Nuggets,88,Atlanta Hawks,99,Box Score,,11424,2:06,Omni Coliseum,
Wed Mar 8 1995,New York Knicks,108,Boston Celtics,100,Box Score,,14890,2:01,Boston Garden,
Wed Mar 8 1995,Los Angeles Clippers,107,Golden State Warriors,120,Box Score,,15025,,Oakland-Alameda County Coliseum Arena,
Wed Mar 8 1995,Seattle SuperSonics,118,Minnesota Timberwolves,104,Box Score,,14339,,Target Center,
Wed Mar 8 1995,Los Angeles Lakers,110,Orlando Magic,114,Box Score,,16010,,Orlando Arena,
Wed Mar 8 1995,New Jersey Nets,115,Philadelphia 76ers,108,Box Score,OT,8880,,CoreStates Spectrum,
Wed Mar 8 1995,Dallas Mavericks,87,Utah Jazz,114,Box Score,,19911,,Delta Center,
Wed Mar 8 1995,Detroit Pistons,114,Washington Bullets,105,Box Score,,13011,,USAir Arena,
Thu Mar 9 1995,Seattle SuperSonics,99,Charlotte Hornets,112,Box Score,,23698,,Charlotte Coliseum,
Thu Mar 9 1995,San Antonio Spurs,100,Cleveland Cavaliers,98,Box Score,,20562,,Gund Arena,
Thu Mar 9 1995,Portland Trail Blazers,99,Miami Heat,90,Box Score,,14252,,Miami Arena,
Thu Mar 9 1995,Indiana Pacers,109,Sacramento Kings,94,Box Score,,17317,,ARCO Arena (II),
Fri Mar 10 1995,New York Knicks,81,Atlanta Hawks,108,Box Score,,14596,2:00,Omni Coliseum,
Fri Mar 10 1995,New Jersey Nets,111,Boston Celtics,81,Box Score,,14090,1:54,Boston Garden,
Fri Mar 10 1995,Cleveland Cavaliers,76,Chicago Bulls,99,Box Score,,22362,,United Center,
Fri Mar 10 1995,Denver Nuggets,99,Detroit Pistons,88,Box Score,,21454,,The Palace of Auburn Hills,
Fri Mar 10 1995,Golden State Warriors,102,Los Angeles Clippers,121,Box Score,,8353,,Los Angeles Memorial Sports Arena,
Fri Mar 10 1995,Los Angeles Lakers,103,Minnesota Timberwolves,109,Box Score,,17891,,Target Center,
Fri Mar 10 1995,Portland Trail Blazers,85,Orlando Magic,97,Box Score,,16010,,Orlando Arena,
Fri Mar 10 1995,San Antonio Spurs,100,Philadelphia 76ers,94,Box Score,,16575,,CoreStates Spectrum,
Fri Mar 10 1995,Indiana Pacers,112,Phoenix Suns,97,Box Score,,19023,,America West Arena,
Fri Mar 10 1995,Sacramento Kings,93,Utah Jazz,110,Box Score,,19911,,Delta Center,
Fri Mar 10 1995,Milwaukee Bucks,114,Washington Bullets,111,Box Score,,12756,,Baltimore Arena,at Baltimore MD
Sat Mar 11 1995,Miami Heat,95,Charlotte Hornets,104,Box Score,,23698,,Charlotte Coliseum,
Sat Mar 11 1995,Los Angeles Lakers,108,Chicago Bulls,105,Box Score,,22404,,United Center,
Sat Mar 11 1995,Dallas Mavericks,102,Houston Rockets,109,Box Score,,16611,,The Summit,
Sat Mar 11 1995,Seattle SuperSonics,96,New York Knicks,84,Box Score,,19763,,Madison Square Garden (IV),
Sat Mar 11 1995,New Jersey Nets,102,Washington Bullets,110,Box Score,,18756,,USAir Arena,
Sun Mar 12 1995,Atlanta Hawks,104,Boston Celtics,98,Box Score,,14890,2:13,Boston Garden,
Sun Mar 12 1995,Seattle SuperSonics,134,Detroit Pistons,94,Box Score,,16235,,The Palace of Auburn Hills,
Sun Mar 12 1995,Sacramento Kings,105,Los Angeles Clippers,93,Box Score,,8740,,Los Angeles Memorial Sports Arena,
Sun Mar 12 1995,Utah Jazz,96,Miami Heat,86,Box Score,,14301,,Miami Arena,
Sun Mar 12 1995,Denver Nuggets,109,Milwaukee Bucks,93,Box Score,,17189,,Bradley Center,
Sun Mar 12 1995,Portland Trail Blazers,102,Minnesota Timberwolves,88,Box Score,,13337,,Target Center,
Sun Mar 12 1995,San Antonio Spurs,104,Orlando Magic,110,Box Score,,16010,,Orlando Arena,
Sun Mar 12 1995,Cleveland Cavaliers,92,Philadelphia 76ers,72,Box Score,,10221,,CoreStates Spectrum,
Sun Mar 12 1995,Golden State Warriors,124,Phoenix Suns,117,Box Score,OT,19023,,America West Arena,
Mon Mar 13 1995,Houston Rockets,97,Atlanta Hawks,86,Box Score,,11746,2:05,Omni Coliseum,
Mon Mar 13 1995,Washington Bullets,106,Charlotte Hornets,103,Box Score,,23698,,Charlotte Coliseum,
Mon Mar 13 1995,Dallas Mavericks,130,Golden State Warriors,125,Box Score,,15025,,Oakland-Alameda County Coliseum Arena,
Mon Mar 13 1995,Indiana Pacers,91,Los Angeles Lakers,93,Box Score,,12764,,Great Western Forum,
Tue Mar 14 1995,Charlotte Hornets,86,Milwaukee Bucks,99,Box Score,,16572,,Bradley Center,
Tue Mar 14 1995,Denver Nuggets,74,New York Knicks,94,Box Score,,19763,,Madison Square Garden (IV),
Tue Mar 14 1995,Utah Jazz,107,Orlando Magic,95,Box Score,,16010,,Orlando Arena,
Tue Mar 14 1995,Houston Rockets,136,Philadelphia 76ers,107,Box Score,,11484,,CoreStates Spectrum,
Tue Mar 14 1995,Detroit Pistons,109,Phoenix Suns,116,Box Score,,19023,,America West Arena,
Tue Mar 14 1995,Miami Heat,114,Portland Trail Blazers,121,Box Score,,12888,,Memorial Coliseum,
Tue Mar 14 1995,Dallas Mavericks,91,Sacramento Kings,90,Box Score,,17317,,ARCO Arena (II),
Tue Mar 14 1995,Minnesota Timberwolves,100,San Antonio Spurs,115,Box Score,,19031,,Alamodome,
Tue Mar 14 1995,Boston Celtics,93,Seattle SuperSonics,113,Box Score,,16296,2:12,Tacoma Dome,
Tue Mar 14 1995,Chicago Bulls,106,Washington Bullets,93,Box Score,,18756,,USAir Arena,
Wed Mar 15 1995,Atlanta Hawks,86,Chicago Bulls,99,Box Score,,22334,1:58,United Center,
Wed Mar 15 1995,Los Angeles Lakers,108,Golden State Warriors,119,Box Score,,15025,,Oakland-Alameda County Coliseum Arena,
Wed Mar 15 1995,Milwaukee Bucks,108,Indiana Pacers,117,Box Score,,16466,,Market Square Arena,
Wed Mar 15 1995,Detroit Pistons,87,Los Angeles Clippers,117,Box Score,,7750,,Los Angeles Memorial Sports Arena,
Wed Mar 15 1995,Orlando Magic,99,New Jersey Nets,108,Box Score,,20049,,Brendan Byrne Arena,
Thu Mar 16 1995,Phoenix Suns,108,Charlotte Hornets,105,Box Score,,23698,,Charlotte Coliseum,
Thu Mar 16 1995,Utah Jazz,85,Cleveland Cavaliers,93,Box Score,,20562,,Gund Arena,
Thu Mar 16 1995,Sacramento Kings,101,Denver Nuggets,123,Box Score,,17171,,McNichols Sports Arena,
Thu Mar 16 1995,Minnesota Timberwolves,97,Houston Rockets,104,Box Score,,16611,,The Summit,
Thu Mar 16 1995,Boston Celtics,98,Portland Trail Blazers,113,Box Score,,12888,2:01,Memorial Coliseum,
Thu Mar 16 1995,Philadelphia 76ers,86,San Antonio Spurs,112,Box Score,,17660,,Alamodome,
Thu Mar 16 1995,Miami Heat,78,Seattle SuperSonics,103,Box Score,,15257,,Tacoma Dome,
Fri Mar 17 1995,Milwaukee Bucks,86,Chicago Bulls,87,Box Score,,22307,,United Center,
Fri Mar 17 1995,Philadelphia 76ers,101,Dallas Mavericks,103,Box Score,,17502,,Reunion Arena,
Fri Mar 17 1995,Orlando Magic,97,Indiana Pacers,107,Box Score,,16706,,Market Square Arena,
Fri Mar 17 1995,Miami Heat,120,Los Angeles Clippers,98,Box Score,,8269,,Los Angeles Memorial Sports Arena,
Fri Mar 17 1995,Boston Celtics,118,Los Angeles Lakers,92,Box Score,,15087,2:05,Great Western Forum,
Fri Mar 17 1995,Cleveland Cavaliers,77,Minnesota Timberwolves,80,Box Score,,14222,,Target Center,
Fri Mar 17 1995,Utah Jazz,103,New Jersey Nets,98,Box Score,,20049,,Brendan Byrne Arena,
Fri Mar 17 1995,Golden State Warriors,110,Sacramento Kings,128,Box Score,,17317,,ARCO Arena (II),
Fri Mar 17 1995,New York Knicks,89,Washington Bullets,81,Box Score,,18756,,USAir Arena,
Sat Mar 18 1995,Phoenix Suns,117,Atlanta Hawks,122,Box Score,,16378,2:24,Omni Coliseum,
Sat Mar 18 1995,Portland Trail Blazers,90,Denver Nuggets,110,Box Score,,17171,,McNichols Sports Arena,
Sat Mar 18 1995,New Jersey Nets,91,New York Knicks,92,Box Score,OT,19763,,Madison Square Garden (IV),
Sat Mar 18 1995,Dallas Mavericks,106,San Antonio Spurs,116,Box Score,,35888,,Alamodome,
Sat Mar 18 1995,Detroit Pistons,110,Seattle SuperSonics,133,Box Score,,17326,,Tacoma Dome,
Sun Mar 19 1995,Utah Jazz,104,Charlotte Hornets,108,Box Score,,23698,,Charlotte Coliseum,
Sun Mar 19 1995,Detroit Pistons,115,Golden State Warriors,117,Box Score,,15025,,Oakland-Alameda County Coliseum Arena,
Sun Mar 19 1995,Philadelphia 76ers,103,Houston Rockets,114,Box Score,,16611,,The Summit,
Sun Mar 19 1995,Chicago Bulls,96,Indiana Pacers,103,Box Score,OT,16694,,Market Square Arena,
Sun Mar 19 1995,Sacramento Kings,116,Los Angeles Lakers,121,Box Score,,13219,,Great Western Forum,
Sun Mar 19 1995,Phoenix Suns,121,Miami Heat,117,Box Score,OT,15200,,Miami Arena,
Sun Mar 19 1995,Boston Celtics,94,Milwaukee Bucks,95,Box Score,,17688,2:06,Bradley Center,
Sun Mar 19 1995,Los Angeles Clippers,93,Minnesota Timberwolves,96,Box Score,,12385,,Target Center,
Sun Mar 19 1995,Cleveland Cavaliers,90,Washington Bullets,96,Box Score,,17110,,USAir Arena,
Mon Mar 20 1995,Los Angeles Clippers,102,Atlanta Hawks,106,Box Score,,12563,,Omni Coliseum,
Mon Mar 20 1995,Dallas Mavericks,102,Cleveland Cavaliers,100,Box Score,2OT,20562,,Gund Arena,
Mon Mar 20 1995,Denver Nuggets,89,Sacramento Kings,91,Box Score,,17317,,ARCO Arena (II),
Mon Mar 20 1995,Seattle SuperSonics,96,San Antonio Spurs,104,Box Score,,19798,,Alamodome,
Tue Mar 21 1995,New Jersey Nets,95,Detroit Pistons,102,Box Score,,13252,,The Palace of Auburn Hills,
Tue Mar 21 1995,Seattle SuperSonics,104,Houston Rockets,102,Box Score,,16611,,The Summit,
Tue Mar 21 1995,Indiana Pacers,95,Miami Heat,97,Box Score,,14345,,Miami Arena,
Tue Mar 21 1995,Golden State Warriors,109,Milwaukee Bucks,115,Box Score,,13187,,Bradley Center,
Tue Mar 21 1995,Charlotte Hornets,78,New York Knicks,69,Box Score,,19763,,Madison Square Garden (IV),
Tue Mar 21 1995,Phoenix Suns,102,Orlando Magic,126,Box Score,,16010,,Orlando Arena,
Tue Mar 21 1995,Washington Bullets,106,Portland Trail Blazers,111,Box Score,,12888,,Memorial Coliseum,
Wed Mar 22 1995,Miami Heat,98,Atlanta Hawks,84,Box Score,,10291,,Omni Coliseum,
Wed Mar 22 1995,Chicago Bulls,124,Boston Celtics,107,Box Score,,14890,2:27,Boston Garden,
Wed Mar 22 1995,Sacramento Kings,89,Cleveland Cavaliers,101,Box Score,,20562,,Gund Arena,
Wed Mar 22 1995,Los Angeles Clippers,103,Indiana Pacers,107,Box Score,,14246,,Market Square Arena,
Wed Mar 22 1995,Portland Trail Blazers,114,Los Angeles Lakers,121,Box Score,,12123,,Great Western Forum,
Wed Mar 22 1995,Dallas Mavericks,99,Minnesota Timberwolves,96,Box Score,,14496,,Target Center,
Wed Mar 22 1995,San Antonio Spurs,102,New Jersey Nets,85,Box Score,,20049,,Brendan Byrne Arena,
Wed Mar 22 1995,Golden State Warriors,102,Philadelphia 76ers,119,Box Score,,10160,,CoreStates Spectrum,
Wed Mar 22 1995,Denver Nuggets,91,Utah Jazz,103,Box Score,,19911,,Delta Center,
Thu Mar 23 1995,New York Knicks,104,Denver Nuggets,101,Box Score,,17171,,McNichols Sports Arena,
Thu Mar 23 1995,Dallas Mavericks,102,Detroit Pistons,94,Box Score,,15861,,The Palace of Auburn Hills,
Thu Mar 23 1995,Utah Jazz,112,Houston Rockets,104,Box Score,,16611,,The Summit,
Thu Mar 23 1995,Los Angeles Clippers,93,Milwaukee Bucks,104,Box Score,,15397,,Bradley Center,
Thu Mar 23 1995,Charlotte Hornets,93,Orlando Magic,105,Box Score,,16010,,Orlando Arena,
Thu Mar 23 1995,Washington Bullets,103,Seattle SuperSonics,108,Box Score,,13775,,Tacoma Dome,
Fri Mar 24 1995,Orlando Magic,106,Chicago Bulls,99,Box Score,,24247,,United Center,
Fri Mar 24 1995,Atlanta Hawks,74,Cleveland Cavaliers,75,Box Score,,20562,,Gund Arena,
Fri Mar 24 1995,Sacramento Kings,96,Indiana Pacers,103,Box Score,,16482,,Market Square Arena,
Fri Mar 24 1995,Washington Bullets,103,Los Angeles Lakers,113,Box Score,,14144,,Great Western Forum,
Fri Mar 24 1995,Golden State Warriors,111,Miami Heat,115,Box Score,,14461,,Miami Arena,
Fri Mar 24 1995,San Antonio Spurs,111,Minnesota Timberwolves,97,Box Score,,15112,,Target Center,
Fri Mar 24 1995,Boston Celtics,107,Philadelphia 76ers,75,Box Score,,14213,2:03,CoreStates Spectrum,
Fri Mar 24 1995,Houston Rockets,99,Phoenix Suns,97,Box Score,,19023,,America West Arena,
Fri Mar 24 1995,Seattle SuperSonics,122,Portland Trail Blazers,118,Box Score,,12888,,Memorial Coliseum,
Sat Mar 25 1995,Chicago Bulls,99,Atlanta Hawks,98,Box Score,,16378,,Omni Coliseum,
Sat Mar 25 1995,Cleveland Cavaliers,97,Charlotte Hornets,105,Box Score,,23698,,Charlotte Coliseum,
Sat Mar 25 1995,Utah Jazz,110,Dallas Mavericks,117,Box Score,,17502,,Reunion Arena,
Sat Mar 25 1995,Boston Celtics,103,Detroit Pistons,104,Box Score,,21454,2:23,The Palace of Auburn Hills,
Sat Mar 25 1995,New York Knicks,94,Los Angeles Clippers,86,Box Score,,16021,,Los Angeles Memorial Sports Arena,
Sat Mar 25 1995,New Jersey Nets,96,Miami Heat,95,Box Score,,14389,,Miami Arena,
Sat Mar 25 1995,San Antonio Spurs,113,Milwaukee Bucks,105,Box Score,,18633,,Bradley Center,
Sat Mar 25 1995,Indiana Pacers,84,Philadelphia 76ers,75,Box Score,,11708,,CoreStates Spectrum,
Sun Mar 26 1995,Houston Rockets,96,Los Angeles Lakers,107,Box Score,,17505,,Great Western Forum,
Sun Mar 26 1995,Sacramento Kings,104,Minnesota Timberwolves,98,Box Score,,15553,,Target Center,
Sun Mar 26 1995,Golden State Warriors,98,Orlando Magic,132,Box Score,,16010,,Orlando Arena,
Sun Mar 26 1995,Denver Nuggets,102,Portland Trail Blazers,98,Box Score,,12888,,Memorial Coliseum,
Sun Mar 26 1995,New York Knicks,82,Seattle SuperSonics,93,Box Score,,18056,,Tacoma Dome,
Mon Mar 27 1995,Los Angeles Clippers,104,Denver Nuggets,113,Box Score,,17171,,McNichols Sports Arena,
Mon Mar 27 1995,San Antonio Spurs,114,Detroit Pistons,93,Box Score,,16084,,The Palace of Auburn Hills,
Mon Mar 27 1995,New Jersey Nets,87,Indiana Pacers,98,Box Score,,13941,,Market Square Arena,
Mon Mar 27 1995,Washington Bullets,102,Utah Jazz,128,Box Score,,19911,,Delta Center,
Tue Mar 28 1995,Milwaukee Bucks,93,Dallas Mavericks,114,Box Score,,16138,,Reunion Arena,
Tue Mar 28 1995,Los Angeles Lakers,106,Houston Rockets,96,Box Score,,16611,,The Summit,
Tue Mar 28 1995,Boston Celtics,126,Miami Heat,115,Box Score,,14377,2:24,Miami Arena,
Tue Mar 28 1995,Golden State Warriors,127,New Jersey Nets,113,Box Score,,15447,,Brendan Byrne Arena,
Tue Mar 28 1995,Chicago Bulls,113,New York Knicks,111,Box Score,,19763,,Madison Square Garden (IV),MJ's Double Nickel
Tue Mar 28 1995,Utah Jazz,111,Phoenix Suns,102,Box Score,,19023,,America West Arena,
Tue Mar 28 1995,Atlanta Hawks,102,Portland Trail Blazers,91,Box Score,,12888,2:04,Memorial Coliseum,
Tue Mar 28 1995,Orlando Magic,106,Sacramento Kings,117,Box Score,,17317,,ARCO Arena (II),
Wed Mar 29 1995,New York Knicks,107,Detroit Pistons,97,Box Score,,17067,,The Palace of Auburn Hills,
Wed Mar 29 1995,Cleveland Cavaliers,96,Indiana Pacers,107,Box Score,,16619,,Market Square Arena,
Wed Mar 29 1995,Charlotte Hornets,81,Philadelphia 76ers,99,Box Score,,11856,,CoreStates Spectrum,
Wed Mar 29 1995,Los Angeles Lakers,84,San Antonio Spurs,107,Box Score,,18027,,Alamodome,
Wed Mar 29 1995,Minnesota Timberwolves,92,Seattle SuperSonics,109,Box Score,,12336,,Tacoma Dome,
Wed Mar 29 1995,Miami Heat,101,Washington Bullets,97,Box Score,,18756,,USAir Arena,
Thu Mar 30 1995,Dallas Mavericks,125,Charlotte Hornets,107,Box Score,,23698,,Charlotte Coliseum,
Thu Mar 30 1995,Boston Celtics,82,Chicago Bulls,100,Box Score,,23691,2:05,United Center,
Thu Mar 30 1995,Atlanta Hawks,108,Golden State Warriors,80,Box Score,,15025,,Oakland-Alameda County Coliseum Arena,
Thu Mar 30 1995,Houston Rockets,108,Los Angeles Clippers,96,Box Score,,11561,,Los Angeles Memorial Sports Arena,
Thu Mar 30 1995,Portland Trail Blazers,106,New Jersey Nets,103,Box Score,,15122,,Brendan Byrne Arena,
Thu Mar 30 1995,Phoenix Suns,113,Sacramento Kings,96,Box Score,,17317,,ARCO Arena (II),
Fri Mar 31 1995,Miami Heat,99,Boston Celtics,100,Box Score,,14890,2:29,Boston Garden,
Fri Mar 31 1995,Washington Bullets,88,Cleveland Cavaliers,98,Box Score,,20562,,Gund Arena,
Fri Mar 31 1995,Denver Nuggets,107,Indiana Pacers,92,Box Score,,16705,,Market Square Arena,
Fri Mar 31 1995,Atlanta Hawks,107,Los Angeles Lakers,121,Box Score,,16760,2:03,Great Western Forum,
Fri Mar 31 1995,Dallas Mavericks,90,New York Knicks,101,Box Score,,19763,,Madison Square Garden (IV),
Fri Mar 31 1995,Portland Trail Blazers,85,Philadelphia 76ers,86,Box Score,,11324,,CoreStates Spectrum,
Fri Mar 31 1995,Minnesota Timberwolves,96,Phoenix Suns,106,Box Score,,19023,,America West Arena,
Fri Mar 31 1995,Milwaukee Bucks,102,San Antonio Spurs,118,Box Score,,32107,,Alamodome,
Fri Mar 31 1995,Sacramento Kings,95,Seattle SuperSonics,120,Box Score,,14698,,Tacoma Dome,
Fri Mar 31 1995,Orlando Magic,101,Utah Jazz,98,Box Score,,19911,,Delta Center,
Sat Apr 1 1995,Philadelphia 76ers,84,Chicago Bulls,91,Box Score,,23465,,United Center,
Sat Apr 1 1995,Minnesota Timberwolves,126,Golden State Warriors,104,Box Score,,15025,,Oakland-Alameda County Coliseum Arena,
Sat Apr 1 1995,Milwaukee Bucks,93,Houston Rockets,87,Box Score,,16611,,The Summit,
Sat Apr 1 1995,Utah Jazz,98,Los Angeles Clippers,116,Box Score,,18198,,Arrowhead Pond,at Anaheim CA
Sun Apr 2 1995,Dallas Mavericks,87,Boston Celtics,94,Box Score,,14890,1:54,Boston Garden,
Sun Apr 2 1995,Denver Nuggets,104,Cleveland Cavaliers,101,Box Score,,20562,,Gund Arena,
Sun Apr 2 1995,Washington Bullets,105,Detroit Pistons,110,Box Score,,21454,,The Palace of Auburn Hills,
Sun Apr 2 1995,Portland Trail Blazers,93,Indiana Pacers,104,Box Score,,16437,,Market Square Arena,
Sun Apr 2 1995,Orlando Magic,112,Los Angeles Lakers,119,Box Score,,17505,,Great Western Forum,
Sun Apr 2 1995,Charlotte Hornets,105,Miami Heat,92,Box Score,,14389,,Miami Arena,
Sun Apr 2 1995,New York Knicks,94,New Jersey Nets,85,Box Score,,20049,,Brendan Byrne Arena,
Sun Apr 2 1995,Phoenix Suns,106,San Antonio Spurs,109,Box Score,,35888,,Alamodome,
Sun Apr 2 1995,Atlanta Hawks,83,Seattle SuperSonics,105,Box Score,,17368,,Tacoma Dome,
Tue Apr 4 1995,Boston Celtics,97,Cleveland Cavaliers,92,Box Score,,20562,2:11,Gund Arena,
Tue Apr 4 1995,Los Angeles Lakers,104,Denver Nuggets,101,Box Score,,17171,,McNichols Sports Arena,
Tue Apr 4 1995,Phoenix Suns,114,Golden State Warriors,122,Box Score,,15025,,Oakland-Alameda County Coliseum Arena,
Tue Apr 4 1995,San Antonio Spurs,113,Los Angeles Clippers,89,Box Score,,10856,,Los Angeles Memorial Sports Arena,
Tue Apr 4 1995,Philadelphia 76ers,92,Miami Heat,95,Box Score,,14375,,Miami Arena,
Tue Apr 4 1995,Indiana Pacers,94,New York Knicks,90,Box Score,,19763,,Madison Square Garden (IV),
Tue Apr 4 1995,Minnesota Timberwolves,91,Portland Trail Blazers,95,Box Score,,12888,,Memorial Coliseum,
Tue Apr 4 1995,Houston Rockets,105,Sacramento Kings,109,Box Score,,17317,,ARCO Arena (II),
Tue Apr 4 1995,Seattle SuperSonics,92,Utah Jazz,114,Box Score,,19911,,Delta Center,
Wed Apr 5 1995,Cleveland Cavaliers,87,Atlanta Hawks,96,Box Score,,12539,,Omni Coliseum,
Wed Apr 5 1995,Philadelphia 76ers,66,Charlotte Hornets,84,Box Score,,23698,,Charlotte Coliseum,
Wed Apr 5 1995,Los Angeles Lakers,111,Dallas Mavericks,130,Box Score,,17502,,Reunion Arena,
Wed Apr 5 1995,Washington Bullets,90,Indiana Pacers,102,Box Score,,16707,,Market Square Arena,
Wed Apr 5 1995,New York Knicks,114,Milwaukee Bucks,94,Box Score,,14679,,Bradley Center,
Wed Apr 5 1995,Chicago Bulls,108,New Jersey Nets,101,Box Score,,20049,,Brendan Byrne Arena,
Wed Apr 5 1995,Detroit Pistons,125,Orlando Magic,128,Box Score,,16010,,Orlando Arena,
Thu Apr 6 1995,Seattle SuperSonics,106,Denver Nuggets,100,Box Score,,17171,,McNichols Sports Arena,
Thu Apr 6 1995,Houston Rockets,110,Golden State Warriors,102,Box Score,,15025,,Oakland-Alameda County Coliseum Arena,
Thu Apr 6 1995,San Antonio Spurs,96,Sacramento Kings,94,Box Score,,17317,,ARCO Arena (II),
Thu Apr 6 1995,Phoenix Suns,127,Washington Bullets,123,Box Score,,18756,,USAir Arena,
Fri Apr 7 1995,Indiana Pacers,90,Atlanta Hawks,102,Box Score,,14521,2:18,Omni Coliseum,
Fri Apr 7 1995,Philadelphia 76ers,81,Boston Celtics,91,Box Score,,14890,2:08,Boston Garden,
Fri Apr 7 1995,Cleveland Cavaliers,88,Chicago Bulls,97,Box Score,,23664,,United Center,
Fri Apr 7 1995,Minnesota Timberwolves,94,Dallas Mavericks,111,Box Score,,17502,,Reunion Arena,
Fri Apr 7 1995,Orlando Magic,94,Detroit Pistons,104,Box Score,,21454,,The Palace of Auburn Hills,
Fri Apr 7 1995,Utah Jazz,90,Los Angeles Lakers,113,Box Score,,17505,,Great Western Forum,
Fri Apr 7 1995,New Jersey Nets,92,Milwaukee Bucks,107,Box Score,,18633,,Bradley Center,
Fri Apr 7 1995,Houston Rockets,109,Portland Trail Blazers,127,Box Score,,12888,,Memorial Coliseum,
Fri Apr 7 1995,Charlotte Hornets,98,Washington Bullets,93,Box Score,,18756,,USAir Arena,
Sat Apr 8 1995,Seattle SuperSonics,125,Dallas Mavericks,98,Box Score,,17502,,Reunion Arena,
Sat Apr 8 1995,San Antonio Spurs,112,Golden State Warriors,99,Box Score,,15025,,Oakland-Alameda County Coliseum Arena,
Sat Apr 8 1995,Miami Heat,93,New Jersey Nets,103,Box Score,,18568,,Brendan Byrne Arena,
Sat Apr 8 1995,Detroit Pistons,96,New York Knicks,113,Box Score,,19763,,Madison Square Garden (IV),
Sat Apr 8 1995,Orlando Magic,99,Philadelphia 76ers,109,Box Score,,18168,,CoreStates Spectrum,
Sat Apr 8 1995,Los Angeles Clippers,112,Sacramento Kings,105,Box Score,OT,17317,,ARCO Arena (II),
Sun Apr 9 1995,Chicago Bulls,78,Cleveland Cavaliers,79,Box Score,,20562,,Gund Arena,
Sun Apr 9 1995,Houston Rockets,123,Denver Nuggets,120,Box Score,,17171,,McNichols Sports Arena,
Sun Apr 9 1995,Charlotte Hornets,68,Indiana Pacers,97,Box Score,,16661,,Market Square Arena,
Sun Apr 9 1995,San Antonio Spurs,101,Los Angeles Lakers,87,Box Score,,17505,,Great Western Forum,
Sun Apr 9 1995,Atlanta Hawks,99,Milwaukee Bucks,102,Box Score,,18633,,Bradley Center,
Sun Apr 9 1995,Phoenix Suns,104,Portland Trail Blazers,94,Box Score,,12888,,Memorial Coliseum,
Sun Apr 9 1995,Boston Celtics,110,Washington Bullets,98,Box Score,,18756,1:58,USAir Arena,
Mon Apr 10 1995,Boston Celtics,95,Charlotte Hornets,119,Box Score,,23698,1:56,Charlotte Coliseum,
Mon Apr 10 1995,Golden State Warriors,123,Dallas Mavericks,112,Box Score,,17063,,Reunion Arena,
Mon Apr 10 1995,Denver Nuggets,114,Minnesota Timberwolves,107,Box Score,,16161,,Target Center,
Tue Apr 11 1995,Indiana Pacers,89,Chicago Bulls,96,Box Score,,23504,,United Center,
Tue Apr 11 1995,Dallas Mavericks,156,Houston Rockets,147,Box Score,2OT,16431,,The Summit,
Tue Apr 11 1995,Sacramento Kings,117,Los Angeles Clippers,85,Box Score,,8836,,Los Angeles Memorial Sports Arena,
Tue Apr 11 1995,Detroit Pistons,109,Milwaukee Bucks,114,Box Score,OT,16510,,Bradley Center,
Tue Apr 11 1995,Miami Heat,99,New York Knicks,112,Box Score,,19763,,Madison Square Garden (IV),
Tue Apr 11 1995,Cleveland Cavaliers,90,Orlando Magic,107,Box Score,,16010,,Orlando Arena,
Tue Apr 11 1995,Atlanta Hawks,110,Philadelphia 76ers,106,Box Score,OT,9960,,CoreStates Spectrum,
Tue Apr 11 1995,Portland Trail Blazers,91,San Antonio Spurs,71,Box Score,,19011,,Alamodome,
Tue Apr 11 1995,Phoenix Suns,96,Seattle SuperSonics,90,Box Score,,18036,,Tacoma Dome,
Tue Apr 11 1995,Los Angeles Lakers,93,Utah Jazz,100,Box Score,,19911,,Delta Center,
Wed Apr 12 1995,Washington Bullets,82,Atlanta Hawks,90,Box Score,,12617,2:03,Omni Coliseum,
Wed Apr 12 1995,New Jersey Nets,77,Charlotte Hornets,105,Box Score,,23698,,Charlotte Coliseum,
Wed Apr 12 1995,Chicago Bulls,124,Detroit Pistons,113,Box Score,,21454,,The Palace of Auburn Hills,
Wed Apr 12 1995,Golden State Warriors,123,Minnesota Timberwolves,109,Box Score,,13850,,Target Center,
Wed Apr 12 1995,San Antonio Spurs,111,Phoenix Suns,115,Box Score,,19023,,America West Arena,
Wed Apr 12 1995,Los Angeles Lakers,99,Sacramento Kings,109,Box Score,,17317,,ARCO Arena (II),
Thu Apr 13 1995,Orlando Magic,114,Boston Celtics,119,Box Score,,14890,2:28,Boston Garden,
Thu Apr 13 1995,Portland Trail Blazers,99,Houston Rockets,112,Box Score,,16611,,The Summit,
Thu Apr 13 1995,Denver Nuggets,125,Los Angeles Clippers,103,Box Score,,9481,,Los Angeles Memorial Sports Arena,
Thu Apr 13 1995,Cleveland Cavaliers,84,Miami Heat,85,Box Score,,14311,,Miami Arena,
Thu Apr 13 1995,Washington Bullets,100,New York Knicks,110,Box Score,,19763,,Madison Square Garden (IV),
Thu Apr 13 1995,New Jersey Nets,94,Philadelphia 76ers,102,Box Score,,9849,,CoreStates Spectrum,
Thu Apr 13 1995,Dallas Mavericks,112,Seattle SuperSonics,133,Box Score,,15900,,Tacoma Dome,
Thu Apr 13 1995,Golden State Warriors,102,Utah Jazz,121,Box Score,,19911,,Delta Center,
Fri Apr 14 1995,Atlanta Hawks,70,Cleveland Cavaliers,83,Box Score,,20562,1:52,Gund Arena,
Fri Apr 14 1995,Phoenix Suns,87,Denver Nuggets,102,Box Score,,17171,,McNichols Sports Arena,
Fri Apr 14 1995,Charlotte Hornets,94,Detroit Pistons,86,Box Score,,21454,,The Palace of Auburn Hills,
Fri Apr 14 1995,New York Knicks,88,Indiana Pacers,84,Box Score,,16702,,Market Square Arena,
Fri Apr 14 1995,Milwaukee Bucks,100,Minnesota Timberwolves,104,Box Score,OT,16871,,Target Center,
Fri Apr 14 1995,Sacramento Kings,88,San Antonio Spurs,98,Box Score,,25130,,Alamodome,
Sat Apr 15 1995,Detroit Pistons,104,Boston Celtics,129,Box Score,,12979,2:00,Hartford Civic Center,at Hartford CT
Sat Apr 15 1995,Seattle SuperSonics,115,Golden State Warriors,99,Box Score,,15025,,Oakland-Alameda County Coliseum Arena,
Sat Apr 15 1995,Sacramento Kings,84,Houston Rockets,98,Box Score,,16611,,The Summit,
Sat Apr 15 1995,Orlando Magic,117,Miami Heat,123,Box Score,,15200,,Miami Arena,
Sat Apr 15 1995,Philadelphia 76ers,97,New Jersey Nets,87,Box Score,,16839,,Brendan Byrne Arena,
Sat Apr 15 1995,Los Angeles Lakers,114,Phoenix Suns,119,Box Score,,19023,,America West Arena,
Sat Apr 15 1995,Dallas Mavericks,102,Portland Trail Blazers,90,Box Score,,12888,,Memorial Coliseum,
Sat Apr 15 1995,Los Angeles Clippers,83,Utah Jazz,105,Box Score,,19911,,Delta Center,
Sat Apr 15 1995,Milwaukee Bucks,110,Washington Bullets,114,Box Score,,18756,,USAir Arena,
Sun Apr 16 1995,Atlanta Hawks,94,Charlotte Hornets,93,Box Score,,23698,,Charlotte Coliseum,
Sun Apr 16 1995,New York Knicks,90,Chicago Bulls,111,Box Score,,23889,,United Center,
Sun Apr 16 1995,San Antonio Spurs,112,Denver Nuggets,109,Box Score,OT,17171,,McNichols Sports Arena,
Sun Apr 16 1995,Minnesota Timberwolves,75,Indiana Pacers,114,Box Score,,14633,,Market Square Arena,
Sun Apr 16 1995,Dallas Mavericks,111,Los Angeles Lakers,125,Box Score,,17505,,Great Western Forum,
Mon Apr 17 1995,New Jersey Nets,96,Boston Celtics,98,Box Score,,14890,2:12,Boston Garden,
Mon Apr 17 1995,Los Angeles Clippers,111,Houston Rockets,121,Box Score,,16027,,The Summit,
Mon Apr 17 1995,Chicago Bulls,98,Miami Heat,93,Box Score,,15200,,Miami Arena,
Mon Apr 17 1995,Milwaukee Bucks,99,New York Knicks,93,Box Score,,19763,,Madison Square Garden (IV),
Mon Apr 17 1995,Washington Bullets,100,Orlando Magic,111,Box Score,,16010,,Orlando Arena,
Mon Apr 17 1995,Charlotte Hornets,101,Philadelphia 76ers,90,Box Score,,12805,,CoreStates Spectrum,
Mon Apr 17 1995,Portland Trail Blazers,97,Seattle SuperSonics,93,Box Score,,16659,,Tacoma Dome,
Tue Apr 18 1995,Los Angeles Clippers,91,Dallas Mavericks,104,Box Score,,17502,,Reunion Arena,
Tue Apr 18 1995,Cleveland Cavaliers,76,Detroit Pistons,85,Box Score,,17203,,The Palace of Auburn Hills,
Tue Apr 18 1995,Portland Trail Blazers,102,Golden State Warriors,103,Box Score,,15025,,Oakland-Alameda County Coliseum Arena,
Tue Apr 18 1995,Seattle SuperSonics,113,Los Angeles Lakers,97,Box Score,,17505,,Great Western Forum,
Tue Apr 18 1995,Utah Jazz,113,Minnesota Timberwolves,94,Box Score,,14442,,Target Center,
Tue Apr 18 1995,Sacramento Kings,101,Phoenix Suns,111,Box Score,,19023,,America West Arena,
Tue Apr 18 1995,Denver Nuggets,96,San Antonio Spurs,107,Box Score,,18481,,Alamodome,
Wed Apr 19 1995,Miami Heat,79,Cleveland Cavaliers,90,Box Score,,20562,,Gund Arena,
Wed Apr 19 1995,Minnesota Timberwolves,81,Denver Nuggets,106,Box Score,,17171,,McNichols Sports Arena,
Wed Apr 19 1995,Philadelphia 76ers,91,Indiana Pacers,103,Box Score,,15316,,Market Square Arena,
Wed Apr 19 1995,Boston Celtics,97,Milwaukee Bucks,106,Box Score,,18418,2:02,Bradley Center,
Wed Apr 19 1995,Atlanta Hawks,104,New Jersey Nets,99,Box Score,,18087,2:07,Brendan Byrne Arena,
Wed Apr 19 1995,Houston Rockets,96,Utah Jazz,115,Box Score,,19911,,Delta Center,
Wed Apr 19 1995,Orlando Magic,117,Washington Bullets,123,Box Score,OT,18756,,USAir Arena,
Thu Apr 20 1995,New York Knicks,91,Charlotte Hornets,86,Box Score,,23698,,Charlotte Coliseum,
Thu Apr 20 1995,Detroit Pistons,105,Chicago Bulls,120,Box Score,,23612,,United Center,
Thu Apr 20 1995,San Antonio Spurs,112,Dallas Mavericks,111,Box Score,,17502,,Reunion Arena,
Thu Apr 20 1995,Sacramento Kings,112,Golden State Warriors,98,Box Score,,15025,,Oakland-Alameda County Coliseum Arena,
Thu Apr 20 1995,Los Angeles Lakers,97,Portland Trail Blazers,111,Box Score,,12888,,Memorial Coliseum,
Thu Apr 20 1995,Houston Rockets,101,Seattle SuperSonics,111,Box Score,,18056,,Tacoma Dome,
Fri Apr 21 1995,Detroit Pistons,111,Atlanta Hawks,128,Box Score,,14502,1:59,Omni Coliseum,
Fri Apr 21 1995,New York Knicks,99,Boston Celtics,92,Box Score,,14890,2:27,Boston Garden,
Fri Apr 21 1995,Milwaukee Bucks,82,Cleveland Cavaliers,103,Box Score,,20562,,Gund Arena,
Fri Apr 21 1995,Washington Bullets,106,New Jersey Nets,107,Box Score,,18715,,Brendan Byrne Arena,
Fri Apr 21 1995,Indiana Pacers,86,Orlando Magic,110,Box Score,,16010,,Orlando Arena,
Fri Apr 21 1995,Miami Heat,106,Philadelphia 76ers,113,Box Score,,15204,,CoreStates Spectrum,
Fri Apr 21 1995,Dallas Mavericks,99,Phoenix Suns,110,Box Score,,19023,,America West Arena,
Fri Apr 21 1995,Seattle SuperSonics,97,Sacramento Kings,105,Box Score,,17317,,ARCO Arena (II),
Fri Apr 21 1995,Los Angeles Clippers,96,San Antonio Spurs,107,Box Score,,25501,,Alamodome,
Fri Apr 21 1995,Minnesota Timberwolves,96,Utah Jazz,99,Box Score,,19911,,Delta Center,
Sat Apr 22 1995,Charlotte Hornets,100,Chicago Bulls,116,Box Score,,23544,,United Center,
Sat Apr 22 1995,Denver Nuggets,130,Golden State Warriors,129,Box Score,2OT,15025,,Oakland-Alameda County Coliseum Arena,
Sat Apr 22 1995,Portland Trail Blazers,109,Los Angeles Lakers,104,Box Score,,17505,,Great Western Forum,
Sun Apr 23 1995,Cleveland Cavaliers,72,Charlotte Hornets,97,Box Score,,23698,,Charlotte Coliseum,
Sun Apr 23 1995,Sacramento Kings,89,Denver Nuggets,102,Box Score,,17171,,McNichols Sports Arena,
Sun Apr 23 1995,Utah Jazz,103,Houston Rockets,97,Box Score,,16611,,The Summit,
Sun Apr 23 1995,Atlanta Hawks,87,Indiana Pacers,103,Box Score,,16676,2:18,Market Square Arena,
Sun Apr 23 1995,Dallas Mavericks,102,Los Angeles Clippers,124,Box Score,,16021,,Los Angeles Memorial Sports Arena,
Sun Apr 23 1995,Detroit Pistons,105,Miami Heat,129,Box Score,,14876,,Miami Arena,
Sun Apr 23 1995,Chicago Bulls,100,Milwaukee Bucks,104,Box Score,,18633,,Bradley Center,
Sun Apr 23 1995,San Antonio Spurs,97,Minnesota Timberwolves,91,Box Score,,18872,,Target Center,
Sun Apr 23 1995,Boston Celtics,99,New Jersey Nets,102,Box Score,,18404,2:16,Brendan Byrne Arena,
Sun Apr 23 1995,Orlando Magic,99,New York Knicks,113,Box Score,,19763,,Madison Square Garden (IV),
Sun Apr 23 1995,Seattle SuperSonics,100,Phoenix Suns,105,Box Score,,19023,,America West Arena,
Sun Apr 23 1995,Golden State Warriors,83,Portland Trail Blazers,116,Box Score,,12888,,Memorial Coliseum,
Sun Apr 23 1995,Philadelphia 76ers,90,Washington Bullets,106,Box Score,,18756,,USAir Arena,
Thu Apr 27 1995,Atlanta Hawks,82,Indiana Pacers,90,Box Score,,16445,,Market Square Arena,
Thu Apr 27 1995,Cleveland Cavaliers,79,New York Knicks,103,Box Score,,19763,,Madison Square Garden (IV),
Thu Apr 27 1995,Los Angeles Lakers,71,Seattle SuperSonics,96,Box Score,,14073,,Tacoma Dome,
Thu Apr 27 1995,Houston Rockets,100,Utah Jazz,102,Box Score,,19911,,Delta Center,
Fri Apr 28 1995,Chicago Bulls,108,Charlotte Hornets,100,Box Score,OT,23859,,Charlotte Coliseum,
Fri Apr 28 1995,Boston Celtics,77,Orlando Magic,124,Box Score,,16010,2:20,Orlando Arena,
Fri Apr 28 1995,Portland Trail Blazers,102,Phoenix Suns,129,Box Score,,19023,,America West Arena,
Fri Apr 28 1995,Denver Nuggets,88,San Antonio Spurs,104,Box Score,,25235,,Alamodome,
Sat Apr 29 1995,Atlanta Hawks,97,Indiana Pacers,105,Box Score,,16692,,Market Square Arena,
Sat Apr 29 1995,Cleveland Cavaliers,90,New York Knicks,84,Box Score,,19763,,Madison Square Garden (IV),
Sat Apr 29 1995,Los Angeles Lakers,84,Seattle SuperSonics,82,Box Score,,14681,,Tacoma Dome,
Sat Apr 29 1995,Houston Rockets,140,Utah Jazz,126,Box Score,,19911,,Delta Center,
Sun Apr 30 1995,Chicago Bulls,89,Charlotte Hornets,106,Box Score,,,,Charlotte Coliseum,
Sun Apr 30 1995,Boston Celtics,99,Orlando Magic,92,Box Score,,16010,2:30,Orlando Arena,
Sun Apr 30 1995,Portland Trail Blazers,94,Phoenix Suns,103,Box Score,,,,America West Arena,
Sun Apr 30 1995,Denver Nuggets,96,San Antonio Spurs,122,Box Score,,,,Alamodome,
Mon May 1 1995,Seattle SuperSonics,101,Los Angeles Lakers,105,Box Score,,17505,,Great Western Forum,
Mon May 1 1995,New York Knicks,83,Cleveland Cavaliers,81,Box Score,,19352,,Gund Arena,
Tue May 2 1995,Charlotte Hornets,80,Chicago Bulls,103,Box Score,,24114,,United Center,
Tue May 2 1995,San Antonio Spurs,99,Denver Nuggets,95,Box Score,,17171,,McNichols Sports Arena,
Tue May 2 1995,Phoenix Suns,117,Portland Trail Blazers,109,Box Score,,12888,,Memorial Coliseum,
Tue May 2 1995,Indiana Pacers,105,Atlanta Hawks,89,Box Score,,12106,,Omni Coliseum,
Wed May 3 1995,Orlando Magic,82,Boston Celtics,77,Box Score,,14890,2:21,Boston Garden,
Wed May 3 1995,Utah Jazz,95,Houston Rockets,82,Box Score,,16611,,The Summit,
Thu May 4 1995,Charlotte Hornets,84,Chicago Bulls,85,Box Score,,24221,,United Center,
Thu May 4 1995,New York Knicks,93,Cleveland Cavaliers,80,Box Score,,18575,,Gund Arena,
Thu May 4 1995,Seattle SuperSonics,110,Los Angeles Lakers,114,Box Score,,17505,,Great Western Forum,
Fri May 5 1995,Orlando Magic,95,Boston Celtics,92,Box Score,,14890,2:27,Boston Garden,
Fri May 5 1995,Utah Jazz,106,Houston Rockets,123,Box Score,,16611,,The Summit,
Sat May 6 1995,Los Angeles Lakers,94,San Antonio Spurs,110,Box Score,,24002,,Alamodome,
Sun May 7 1995,Indiana Pacers,107,New York Knicks,105,Box Score,,19763,,Madison Square Garden (IV),
Sun May 7 1995,Houston Rockets,95,Utah Jazz,91,Box Score,,19911,,Delta Center,
Sun May 7 1995,Chicago Bulls,91,Orlando Magic,94,Box Score,,16010,2:38,Orlando Arena,
Mon May 8 1995,Los Angeles Lakers,90,San Antonio Spurs,97,Box Score,OT,26127,,Alamodome,
Tue May 9 1995,Indiana Pacers,77,New York Knicks,96,Box Score,,19763,,Madison Square Garden (IV),
Tue May 9 1995,Houston Rockets,108,Phoenix Suns,130,Box Score,,19023,,America West Arena,
Wed May 10 1995,Chicago Bulls,104,Orlando Magic,94,Box Score,,16010,2:26,Orlando Arena,
Thu May 11 1995,New York Knicks,95,Indiana Pacers,97,Box Score,OT,16675,,Market Square Arena,
Thu May 11 1995,Houston Rockets,94,Phoenix Suns,118,Box Score,,19023,,America West Arena,
Fri May 12 1995,Orlando Magic,110,Chicago Bulls,101,Box Score,,24281,,United Center,
Fri May 12 1995,San Antonio Spurs,85,Los Angeles Lakers,92,Box Score,,17505,,Great Western Forum,
Sat May 13 1995,Phoenix Suns,85,Houston Rockets,118,Box Score,,16611,,The Summit,
Sat May 13 1995,New York Knicks,84,Indiana Pacers,98,Box Score,,16678,,Market Square Arena,
Sun May 14 1995,Orlando Magic,95,Chicago Bulls,106,Box Score,,24358,,United Center,
Sun May 14 1995,Phoenix Suns,114,Houston Rockets,110,Box Score,,16611,,The Summit,
Sun May 14 1995,San Antonio Spurs,80,Los Angeles Lakers,71,Box Score,,17505,,Great Western Forum,
Tue May 16 1995,Chicago Bulls,95,Orlando Magic,103,Box Score,,16010,2:17,Orlando Arena,
Tue May 16 1995,Houston Rockets,103,Phoenix Suns,97,Box Score,OT,19023,,America West Arena,
Tue May 16 1995,Los Angeles Lakers,98,San Antonio Spurs,96,Box Score,OT,35888,,Alamodome,
Wed May 17 1995,Indiana Pacers,95,New York Knicks,96,Box Score,,19763,,Madison Square Garden (IV),
Thu May 18 1995,Orlando Magic,108,Chicago Bulls,102,Box Score,,24322,2:30,United Center,
Thu May 18 1995,Phoenix Suns,103,Houston Rockets,116,Box Score,,16661,,The Summit,
Thu May 18 1995,San Antonio Spurs,100,Los Angeles Lakers,88,Box Score,,17505,,Great Western Forum,
Fri May 19 1995,New York Knicks,92,Indiana Pacers,82,Box Score,,16679,,Market Square Arena,
Sat May 20 1995,Houston Rockets,115,Phoenix Suns,114,Box Score,,19023,,America West Arena,
Sun May 21 1995,Indiana Pacers,97,New York Knicks,95,Box Score,,19763,,Madison Square Garden (IV),
Mon May 22 1995,Houston Rockets,94,San Antonio Spurs,93,Box Score,,33337,,Alamodome,
Tue May 23 1995,Indiana Pacers,101,Orlando Magic,105,Box Score,,16010,2:25,Orlando Arena,
Wed May 24 1995,Houston Rockets,106,San Antonio Spurs,96,Box Score,,35888,,Alamodome,
Thu May 25 1995,Indiana Pacers,114,Orlando Magic,119,Box Score,,16010,2:36,Orlando Arena,
Fri May 26 1995,San Antonio Spurs,107,Houston Rockets,102,Box Score,,16611,,The Summit,
Sat May 27 1995,Orlando Magic,100,Indiana Pacers,105,Box Score,,16477,2:42,Market Square Arena,
Sun May 28 1995,San Antonio Spurs,103,Houston Rockets,81,Box Score,,16611,,The Summit,
Mon May 29 1995,Orlando Magic,93,Indiana Pacers,94,Box Score,,16477,2:41,Market Square Arena,
Tue May 30 1995,Houston Rockets,111,San Antonio Spurs,90,Box Score,,35888,,Alamodome,
Wed May 31 1995,Indiana Pacers,106,Orlando Magic,108,Box Score,,16010,2:46,Orlando Arena,
Thu Jun 1 1995,San Antonio Spurs,95,Houston Rockets,100,Box Score,,16611,,The Summit,
Fri Jun 2 1995,Orlando Magic,96,Indiana Pacers,123,Box Score,,16477,2:17,Market Square Arena,
Sun Jun 4 1995,Indiana Pacers,81,Orlando Magic,105,Box Score,,16010,2:29,Orlando Arena,
Wed Jun 7 1995,Houston Rockets,120,Orlando Magic,118,Box Score,OT,16010,2:46,Orlando Arena,
Fri Jun 9 1995,Houston Rockets,117,Orlando Magic,106,Box Score,,16010,,Orlando Arena,
Sun Jun 11 1995,Orlando Magic,103,Houston Rockets,106,Box Score,,16611,,The Summit,
Wed Jun 14 1995,Orlando Magic,101,Houston Rockets,113,Box Score,,16611,,The Summit,