date,season,week,season_type,away_team,away_conference,home_team,home_conference,away_points,home_points,neutral,conference_game,venue,notes
2003-08-23,2003,1,regular,Grambling,SWAC,San José State,Western Athletic,0,29,FALSE,FALSE,CEFCU Stadium,
2003-08-23,2003,1,regular,California,Pac-10,Kansas State,Big 12,7,10,FALSE,FALSE,,BCA CLASSIC AT KANSAS CITY MO
2003-08-28,2003,2,regular,Eastern Kentucky,OVC,Bowling Green,Mid-American,13,63,FALSE,FALSE,Doyt L. Perry Stadium,
2003-08-28,2003,2,regular,Southeast Missouri State,OVC,Ohio,Mid-American,3,17,FALSE,FALSE,Peden Stadium,
2003-08-28,2003,2,regular,Hampton,MEAC,Villanova,Atlantic 10,6,41,FALSE,FALSE,Villanova Stadium,
2003-08-28,2003,2,regular,East Tennessee State,Southern,Eastern Michigan,Mid-American,21,28,FALSE,FALSE,Rynearson Stadium,
2003-08-28,2003,2,regular,Bethel University Tennessee,,Nicholls,Southland,0,70,FALSE,FALSE,Manning Field at John L. Guidry Stadium,
2003-08-28,2003,2,regular,Wayne State (NE),,Western Illinois,MVFC,3,35,FALSE,FALSE,Hanson Field,
2003-08-28,2003,2,regular,Kent State,Mid-American,Akron,Mid-American,41,38,FALSE,TRUE,,
2003-08-28,2003,2,regular,Miami,Big East,Louisiana Tech,Western Athletic,48,9,FALSE,FALSE,Joe Aillet Stadium,
2003-08-28,2003,2,regular,Edinboro University,,Youngstown State,MVFC,11,35,FALSE,FALSE,Stambaugh Stadium,
2003-08-28,2003,2,regular,Maryland,ACC,Northern Illinois,Mid-American,13,20,FALSE,FALSE,Huskie Stadium,
2003-08-29,2003,2,regular,Quincy,,Southern Illinois,MVFC,14,64,TRUE,FALSE,,
2003-08-29,2003,2,regular,Union College,,Western Kentucky,MVFC,3,51,FALSE,FALSE,Houchens Industries-L.T. Smith Stadium,
2003-08-29,2003,2,regular,Samford,OVC,Chattanooga,Southern,31,23,FALSE,FALSE,Finley Stadium,
2003-08-29,2003,2,regular,Indiana State,MVFC,Ball State,Mid-American,7,31,FALSE,FALSE,Scheumann Stadium,
2003-08-29,2003,2,regular,Drake,Pioneer,Illinois State,MVFC,13,27,FALSE,FALSE,Hancock Stadium,
2003-08-29,2003,2,regular,Florida Atlantic,FCS Independents,Middle Tennessee,Sun Belt,20,19,FALSE,FALSE,"Johnny ""Red"" Floyd Stadium",
2003-08-29,2003,2,regular,East Central (OK),,Missouri State,MVFC,0,48,FALSE,FALSE,Plaster Sports Complex,
2003-08-29,2003,2,regular,Austin Peay,Pioneer,UT Martin,OVC,20,21,FALSE,FALSE,Graham Stadium,
2003-08-29,2003,2,regular,Utah State,Sun Belt,Utah,Mountain West,20,40,FALSE,FALSE,Rice-Eccles Stadium,
2003-08-29,2003,2,regular,Georgia Tech,ACC,BYU,Mountain West,13,24,FALSE,TRUE,LaVell Edwards Stadium,
2003-08-29,2003,2,regular,Sacramento State,Big Sky,Oregon State,Pac-10,7,40,FALSE,FALSE,Reser Stadium,
2003-08-30,2003,2,regular,Toledo,Mid-American,UNLV,Mountain West,18,28,FALSE,FALSE,Sam Boyd Stadium,
2003-08-30,2003,2,regular,Indiana,Big Ten,UConn,FBS Independents,10,34,FALSE,FALSE,Pratt & Whitney Stadium,
2003-08-30,2003,2,regular,Illinois,Big Ten,Missouri,Big 12,15,22,FALSE,FALSE,,
2003-08-30,2003,2,regular,Georgia,SEC,Clemson,ACC,30,0,FALSE,FALSE,"Memorial Stadium (Clemson, SC)",
2003-08-30,2003,2,regular,Wisconsin,Big Ten,West Virginia,Big East,24,17,FALSE,FALSE,Milan Puskar Stadium,
2003-08-30,2003,2,regular,Miami (OH),Mid-American,Iowa,Big Ten,3,21,FALSE,FALSE,Kinnick Stadium,
2003-08-30,2003,2,regular,Central Michigan,Mid-American,Michigan,Big Ten,7,45,FALSE,FALSE,Michigan Stadium,
2003-08-30,2003,2,regular,Stonehill,,Northeastern,Atlantic 10,6,78,TRUE,FALSE,,
2003-08-30,2003,2,regular,Ole Miss,SEC,Vanderbilt,SEC,24,21,FALSE,TRUE,FirstBank Stadium,
2003-08-30,2003,2,regular,Alabama State,SWAC,Florida A&M,,38,22,TRUE,FALSE,,
2003-08-30,2003,2,regular,Wake Forest,ACC,Boston College,Big East,32,28,FALSE,FALSE,"Alumni Stadium (Chestnut Hill, MA)",
2003-08-30,2003,2,regular,LIU Post,,Fordham,Patriot,7,42,TRUE,FALSE,,
2003-08-30,2003,2,regular,VMI,Big South,Navy,FBS Independents,10,37,FALSE,FALSE,Navy-Marine Corps Memorial Stadium,
2003-08-30,2003,2,regular,Wofford,Southern,Air Force,Mountain West,0,49,FALSE,FALSE,Falcon Stadium,
2003-08-30,2003,2,regular,New Mexico Highlands,,Northern Colorado,FCS Independents,13,72,FALSE,FALSE,Nottingham Field,
2003-08-30,2003,2,regular,Central Connecticut,NEC,New Hampshire,Atlantic 10,20,70,FALSE,FALSE,Wildcat Stadium,
2003-08-30,2003,2,regular,Fresno State,Western Athletic,Tennessee,SEC,6,24,FALSE,FALSE,Neyland Stadium,
2003-08-30,2003,2,regular,Oklahoma State,Big 12,Nebraska,Big 12,7,17,FALSE,TRUE,"Memorial Stadium (Lincoln, NE)",
2003-08-30,2003,2,regular,Temple,Big East,Penn State,Big Ten,10,23,FALSE,FALSE,Beaver Stadium,
2003-08-30,2003,2,regular,Charleston Southern,Big South,The Citadel,Southern,10,64,TRUE,FALSE,,
2003-08-30,2003,2,regular,Western Michigan,Mid-American,Michigan State,Big Ten,21,26,FALSE,FALSE,Spartan Stadium,
2003-08-30,2003,2,regular,Southern Miss,Conference USA,California,Pac-10,2,34,FALSE,TRUE,California Memorial Stadium,
2003-08-30,2003,2,regular,Montana State,Big Sky,Wyoming,Mountain West,10,21,FALSE,FALSE,War Memorial Stadium,
2003-08-30,2003,2,regular,Hofstra,Atlantic 10,Marshall,Mid-American,21,45,FALSE,FALSE,Joan C. Edwards Stadium,
2003-08-30,2003,2,regular,USC,Pac-10,Auburn,SEC,23,0,FALSE,FALSE,Jordan-Hare Stadium,
2003-08-30,2003,2,regular,San José State,Western Athletic,Florida,SEC,3,65,FALSE,FALSE,,
2003-08-30,2003,2,regular,Western Carolina,Southern,NC State,ACC,20,59,FALSE,FALSE,Carter-Finley Stadium,
2003-08-30,2003,2,regular,Liberty,Big South,James Madison,Atlantic 10,6,48,FALSE,FALSE,Bridgeforth Stadium,
2003-08-30,2003,2,regular,Montana,Big Sky,Maine,Atlantic 10,30,20,FALSE,FALSE,Alfond Stadium,
2003-08-30,2003,2,regular,Clark Atlanta,,Gardner-Webb,Big South,0,45,FALSE,FALSE,Ernest W. Spangler Stadium,
2003-08-30,2003,2,regular,Virginia St,,Norfolk State,MEAC,16,15,FALSE,FALSE,"William Dick"""" Price Stadium""""",
2003-08-30,2003,2,regular,Northern Iowa,MVFC,Iowa State,Big 12,10,17,FALSE,FALSE,Jack Trice Stadium,
2003-08-30,2003,2,regular,Valparaiso,Pioneer,Murray State,OVC,0,34,FALSE,FALSE,Roy Stewart Stadium,
2003-08-30,2003,2,regular,Tulsa,Western Athletic,Minnesota,Big Ten,10,49,FALSE,FALSE,,
2003-08-30,2003,2,regular,Buffalo,Mid-American,Rutgers,Big East,10,24,FALSE,FALSE,High Point Solutions Stadium,
2003-08-30,2003,2,regular,North Texas,Sun Belt,Oklahoma,Big 12,3,37,FALSE,FALSE,"Memorial Stadium (Norman, OK)",
2003-08-30,2003,2,regular,Elon,Southern,Furman,Southern,7,24,FALSE,TRUE,Paladin Stadium,
2003-08-30,2003,2,regular,UAB,Conference USA,Baylor,Big 12,24,19,FALSE,FALSE,Floyd Casey Stadium,
2003-08-30,2003,2,regular,Duke,ACC,Virginia,ACC,0,27,FALSE,TRUE,Scott Stadium,
2003-08-30,2003,2,regular,Savannah St,FCS Independents,Bethune-Cookman,MEAC,12,62,TRUE,FALSE,,AT JACKSONVILLE FL
2003-08-30,2003,2,regular,Duquesne,Metro Atlantic Athletic,Bucknell,Patriot,21,28,FALSE,FALSE,Christy Mathewson-Memorial Stadium,
2003-08-30,2003,2,regular,PennWest California,,Eastern Illinois,OVC,0,27,FALSE,FALSE,O'Brien Stadium,
2003-08-30,2003,2,regular,Northwestern,Big Ten,Kansas,Big 12,28,20,FALSE,FALSE,Memorial Stadium,
2003-08-30,2003,2,regular,Towson,Patriot,Morgan State,MEAC,16,19,FALSE,FALSE,Hughes Stadium,
2003-08-30,2003,2,regular,Jackson State,SWAC,Northwestern State,Southland,7,23,FALSE,FALSE,Harry Turpin Stadium,
2003-08-30,2003,2,regular,Louisiana,Sun Belt,South Carolina,SEC,7,14,FALSE,FALSE,Williams-Brice Stadium,
2003-08-30,2003,2,regular,Sacred Heart,NEC,St. Peter's,Metro Atlantic Athletic,24,19,TRUE,FALSE,John F. Kennedy Stadium,
2003-08-30,2003,2,regular,SMU,Western Athletic,Texas Tech,Big 12,10,58,FALSE,FALSE,Jones AT&T Stadium,
2003-08-30,2003,2,regular,Troy,FBS Independents,Kansas State,Big 12,5,41,FALSE,FALSE,Bill Snyder Family Stadium,
2003-08-30,2003,2,regular,Jacksonville State,OVC,Alabama A&M,SWAC,9,3,FALSE,FALSE,Louis Crews Stadium,
2003-08-30,2003,2,regular,Colorado,Big 12,Colorado State,Mountain West,42,35,FALSE,FALSE,,
2003-08-30,2003,2,regular,South Florida,Conference USA,Alabama,SEC,17,40,FALSE,FALSE,Legion Field,
2003-08-31,2003,2,regular,UL Monroe,Sun Belt,LSU,SEC,7,49,FALSE,FALSE,Tiger Stadium (LA),
2003-08-31,2003,2,regular,Florida State,ACC,North Carolina,ACC,37,0,FALSE,TRUE,Kenan Stadium,
2003-08-31,2003,2,regular,Texas State,Southland,New Mexico,Mountain West,8,72,FALSE,FALSE,University Stadium (NM),
2003-08-31,2003,2,regular,Tennessee Tech,OVC,Memphis,Conference USA,10,40,FALSE,FALSE,Simmons Bank Liberty Stadium,
2003-08-31,2003,2,regular,Arkansas State,Sun Belt,Texas A&M,Big 12,11,26,FALSE,FALSE,Kyle Field,
2003-08-31,2003,2,regular,Rice,Western Athletic,Houston,Conference USA,14,48,FALSE,FALSE,Robertson Stadium,
2003-08-31,2003,2,regular,Henderson State,,McNeese,Southland,0,42,FALSE,FALSE,Cowboy Stadium,
2003-08-31,2003,2,regular,Arkansas-Monticello,,SE Louisiana,FCS Independents,17,22,FALSE,FALSE,Strawberry Stadium,
2003-08-31,2003,2,regular,South Carolina State,MEAC,Tennessee State,OVC,20,37,FALSE,FALSE,Nissan Stadium,
2003-08-31,2003,2,regular,Washington,Pac-10,Ohio State,Big Ten,9,28,FALSE,TRUE,Ohio Stadium,
2003-08-31,2003,2,regular,Oregon,Pac-10,Mississippi State,SEC,42,34,FALSE,FALSE,Davis Wade Stadium,
2003-08-31,2003,2,regular,Eastern Washington,Big Sky,San Diego State,Mountain West,9,19,FALSE,FALSE,Qualcomm Stadium,
2003-08-31,2003,2,regular,UTEP,Western Athletic,Arizona,Pac-10,7,42,FALSE,FALSE,Arizona Stadium,
2003-08-31,2003,2,regular,Southern Utah,FCS Independents,Nevada,Western Athletic,23,24,FALSE,FALSE,Mackay Stadium,
2003-08-31,2003,2,regular,Washington State,Pac-10,Idaho,Sun Belt,25,0,FALSE,FALSE,,
2003-08-31,2003,2,regular,St. Mary's (CA),FCS Independents,Northern Arizona,Big Sky,3,44,FALSE,FALSE,Walkup Skydome,
2003-08-31,2003,2,regular,App State,Southern,Hawai'i,Western Athletic,17,40,TRUE,FALSE,Aloha Stadium,
2003-08-31,2003,2,regular,UCF,Mid-American,Virginia Tech,Big East,28,49,FALSE,FALSE,Lane Stadium,
2003-08-31,2003,2,regular,North Carolina Central,FCS Independents,North Carolina A&T,MEAC,0,25,TRUE,FALSE,Carter-Finley Stadium,
2003-08-31,2003,2,regular,Louisville,Conference USA,Kentucky,SEC,40,24,FALSE,FALSE,Kroger Field,
2003-08-31,2003,2,regular,New Mexico State,Sun Belt,Texas,Big 12,7,66,FALSE,FALSE,DKR-Texas Memorial Stadium,
2003-09-01,2003,2,regular,East Carolina,Conference USA,Cincinnati,Conference USA,3,40,FALSE,TRUE,Nippert Stadium,
2003-09-02,2003,2,regular,TCU,Conference USA,Tulane,Conference USA,38,35,FALSE,TRUE,Caesars Superdome,
2003-09-04,2003,3,regular,Southern Miss,Conference USA,UAB,Conference USA,17,12,FALSE,TRUE,Legion Field,
2003-09-04,2003,3,regular,Concord University,,East Tennessee State,Southern,0,44,TRUE,FALSE,,
2003-09-04,2003,3,regular,Western Illinois,MVFC,Eastern Michigan,Mid-American,34,12,FALSE,FALSE,Rynearson Stadium,
2003-09-05,2003,3,regular,West Alabama,,Samford,OVC,28,44,FALSE,FALSE,Seibert Stadium,
2003-09-06,2003,3,regular,Oregon State,Pac-10,Fresno State,Western Athletic,14,16,FALSE,FALSE,Valley Children's Stadium,
2003-09-06,2003,3,regular,Houston,Conference USA,Michigan,Big Ten,3,50,FALSE,TRUE,Michigan Stadium,
2003-09-06,2003,3,regular,NC State,ACC,Wake Forest,ACC,24,38,FALSE,TRUE,,
2003-09-06,2003,3,regular,Boston College,Big East,Penn State,Big Ten,27,14,FALSE,FALSE,Beaver Stadium,
2003-09-06,2003,3,regular,Fordham,Patriot,Rhode Island,Atlantic 10,63,28,FALSE,FALSE,Meade Stadium,
2003-09-06,2003,3,regular,Ole Miss,SEC,Memphis,Conference USA,34,44,FALSE,FALSE,Simmons Bank Liberty Stadium,
2003-09-06,2003,3,regular,Illinois State,MVFC,Illinois,Big Ten,22,49,FALSE,FALSE,"Memorial Stadium (Champaign, IL)",
2003-09-06,2003,3,regular,San Diego State,Mountain West,Ohio State,Big Ten,13,16,FALSE,TRUE,Ohio Stadium,
2003-09-06,2003,3,regular,Buffalo,Mid-American,Iowa,Big Ten,7,56,FALSE,FALSE,Kinnick Stadium,
2003-09-06,2003,3,regular,Holy Cross,Patriot,Lehigh,Patriot,20,38,FALSE,TRUE,Goodman Stadium,
2003-09-06,2003,3,regular,UAlbany,NEC,Northeastern,Atlantic 10,0,51,TRUE,FALSE,,
2003-09-06,2003,3,regular,Utah State,Sun Belt,Nebraska,Big 12,7,31,FALSE,FALSE,"Memorial Stadium (Lincoln, NE)",
2003-09-06,2003,3,regular,Virginia,ACC,South Carolina,SEC,7,31,FALSE,FALSE,Williams-Brice Stadium,
2003-09-06,2003,3,regular,Colgate,Patriot,Georgetown,Patriot,20,19,FALSE,TRUE,Cooper Field,
2003-09-06,2003,3,regular,Middle Tennessee,Sun Belt,Georgia,SEC,10,29,FALSE,FALSE,Sanford Stadium,
2003-09-06,2003,3,regular,Air Force,Mountain West,Northwestern,Big Ten,22,21,FALSE,TRUE,Ryan Field,
2003-09-06,2003,3,regular,Central Connecticut,NEC,Massachusetts,Atlantic 10,7,51,TRUE,FALSE,,
2003-09-06,2003,3,regular,James Madison,Atlantic 10,Virginia Tech,Big East,0,43,FALSE,FALSE,Lane Stadium,
2003-09-06,2003,3,regular,Marist,Metro Atlantic Athletic,Lafayette,Patriot,0,49,FALSE,FALSE,Fisher Field,
2003-09-06,2003,3,regular,UConn,FBS Independents,Army,Conference USA,48,21,FALSE,FALSE,Michie Stadium,
2003-09-06,2003,3,regular,Robert Morris,NEC,Buffalo State,,33,23,TRUE,FALSE,,
2003-09-06,2003,3,regular,New Hampshire,Atlantic 10,Central Michigan,Mid-American,33,40,FALSE,FALSE,Kelly/Shorts Stadium,
2003-09-06,2003,3,regular,VMI,Big South,Davidson,Pioneer,31,9,FALSE,FALSE,Richardson Stadium,
2003-09-06,2003,3,regular,Bucknell,Patriot,Delaware State,MEAC,33,28,FALSE,FALSE,Alumni Stadium,
2003-09-06,2003,3,regular,St. Peter's,Metro Atlantic Athletic,Monmouth,NEC,0,24,TRUE,FALSE,Kessler Field,
2003-09-06,2003,3,regular,Bowling Green,Mid-American,Purdue,Big Ten,27,26,FALSE,FALSE,Ross-Ade Stadium,
2003-09-06,2003,3,regular,Gannon,,St. Francis (PA),NEC,52,20,TRUE,FALSE,,
2003-09-06,2003,3,regular,La Salle,Metro Atlantic Athletic,Wagner,NEC,6,10,FALSE,FALSE,Wagner College Stadium,
2003-09-06,2003,3,regular,Tennessee Tech,OVC,Northern Illinois,Mid-American,17,42,FALSE,FALSE,Huskie Stadium,
2003-09-06,2003,3,regular,Syracuse,Big East,North Carolina,ACC,49,47,FALSE,FALSE,Kenan Stadium,
2003-09-06,2003,3,regular,Charleston Southern,Big South,Wingate,,6,22,TRUE,FALSE,,
2003-09-06,2003,3,regular,Ohio,Mid-American,Iowa State,Big 12,20,48,FALSE,FALSE,Jack Trice Stadium,
2003-09-06,2003,3,regular,Washington State,Pac-10,Notre Dame,FBS Independents,26,29,FALSE,FALSE,Notre Dame Stadium,
2003-09-06,2003,3,regular,Gardner-Webb,Big South,Montana State,Big Sky,3,38,FALSE,FALSE,Bobcat Stadium,
2003-09-06,2003,3,regular,UCLA,Pac-10,Colorado,Big 12,14,16,FALSE,FALSE,Folsom Field,
2003-09-06,2003,3,regular,Auburn,SEC,Georgia Tech,ACC,3,17,FALSE,FALSE,Bobby Dodd Stadium,
2003-09-06,2003,3,regular,Akron,Mid-American,Wisconsin,Big Ten,31,48,FALSE,FALSE,Camp Randall Stadium,
2003-09-06,2003,3,regular,App State,Southern,Eastern Kentucky,OVC,7,35,FALSE,FALSE,Roy Kidd Stadium,
2003-09-06,2003,3,regular,Nevada,Western Athletic,Oregon,Pac-10,23,31,FALSE,FALSE,Autzen Stadium,
2003-09-06,2003,3,regular,Rutgers,Big East,Michigan State,Big Ten,28,44,FALSE,FALSE,Spartan Stadium,
2003-09-06,2003,3,regular,Villanova,Atlantic 10,Temple,Big East,23,20,FALSE,FALSE,Lincoln Financial Field,
2003-09-06,2003,3,regular,Indiana,Big Ten,Washington,Pac-10,13,38,FALSE,TRUE,Husky Stadium,
2003-09-06,2003,3,regular,Missouri,Big 12,Ball State,Mid-American,35,7,FALSE,FALSE,Scheumann Stadium,
2003-09-06,2003,3,regular,Marshall,Mid-American,Tennessee,SEC,24,34,FALSE,FALSE,Neyland Stadium,
2003-09-06,2003,3,regular,Florida International,FCS Independents,Indiana State,MVFC,10,13,FALSE,FALSE,Memorial Stadium,
2003-09-06,2003,3,regular,Furman,Southern,Clemson,ACC,17,28,FALSE,FALSE,"Memorial Stadium (Clemson, SC)",
2003-09-06,2003,3,regular,Northern Michigan,,Northern Iowa,MVFC,0,62,FALSE,FALSE,UNI-Dome,
2003-09-06,2003,3,regular,Colorado State,Mountain West,California,Pac-10,23,21,FALSE,TRUE,California Memorial Stadium,
2003-09-06,2003,3,regular,Western Carolina,Southern,Duke,ACC,3,29,FALSE,FALSE,Wallace Wade Stadium,
2003-09-06,2003,3,regular,Savannah St,FCS Independents,Georgia Southern,Southern,0,35,FALSE,FALSE,Allen E. Paulson Stadium,
2003-09-06,2003,3,regular,Greeneville,,Elon,Southern,17,3,FALSE,FALSE,Rhodes Stadium,
2003-09-06,2003,3,regular,Tulsa,Western Athletic,Arkansas,SEC,13,45,FALSE,FALSE,Razorback Stadium,
2003-09-06,2003,3,regular,The Citadel,Southern,Delaware,Atlantic 10,7,41,FALSE,FALSE,Delaware Stadium,
2003-09-06,2003,3,regular,Morgan State,MEAC,Florida A&M,,7,26,TRUE,FALSE,Bragg Memorial Stadium,
2003-09-06,2003,3,regular,Nicholls,Southland,South Florida,Conference USA,17,27,FALSE,FALSE,Raymond James Stadium,
2003-09-06,2003,3,regular,Murray State,OVC,Kentucky,SEC,6,37,FALSE,FALSE,Kroger Field,
2003-09-06,2003,3,regular,Lock Haven University,,Towson,Patriot,19,50,FALSE,FALSE,Johnny Unitas Stadium,
2003-09-06,2003,3,regular,West Virginia,Big East,East Carolina,Conference USA,48,7,FALSE,FALSE,Dowdy-Ficklen Stadium,
2003-09-06,2003,3,regular,Wyoming,Mountain West,Oklahoma State,Big 12,24,48,FALSE,FALSE,Boone Pickens Stadium,
2003-09-06,2003,3,regular,Kent State,Mid-American,Pittsburgh,Big East,3,43,FALSE,FALSE,Acrisure Stadium,
2003-09-06,2003,3,regular,Chattanooga,Southern,Vanderbilt,SEC,6,51,FALSE,FALSE,FirstBank Stadium,
2003-09-06,2003,3,regular,Newberry,,Coastal Carolina,Big South,14,21,FALSE,FALSE,Brooks Stadium (SC),
2003-09-06,2003,3,regular,Angelo State,,Texas State,Southland,7,42,FALSE,FALSE,Bobcat Stadium (TX),
2003-09-06,2003,3,regular,UT Martin,OVC,Arkansas State,Sun Belt,6,63,TRUE,FALSE,,
2003-09-06,2003,3,regular,North Carolina A&T,MEAC,Jackson State,SWAC,10,7,FALSE,FALSE,Mississippi Veterans Memorial Stadium,
2003-09-06,2003,3,regular,UNLV,Mountain West,Kansas,Big 12,24,46,FALSE,FALSE,Memorial Stadium,
2003-09-06,2003,3,regular,Midwestern State,,Sam Houston,Southland,9,30,FALSE,FALSE,Elliott T. Bowers Stadium,
2003-09-06,2003,3,regular,Iona,Metro Atlantic Athletic,Siena,Metro Atlantic Athletic,19,14,TRUE,TRUE,,
2003-09-06,2003,3,regular,Navy,FBS Independents,TCU,Conference USA,3,17,FALSE,FALSE,Amon G. Carter Stadium,
2003-09-06,2003,3,regular,New Mexico,Mountain West,Texas Tech,Big 12,28,42,FALSE,FALSE,Jones AT&T Stadium,
2003-09-06,2003,3,regular,Liberty,Big South,Toledo,Mid-American,3,49,FALSE,FALSE,Glass Bowl,
2003-09-06,2003,3,regular,William & Mary,Atlantic 10,Western Michigan,Mid-American,24,56,FALSE,FALSE,Waldo Stadium,
2003-09-06,2003,3,regular,South Carolina State,MEAC,Wofford,Southern,13,35,FALSE,FALSE,Gibbs Stadium,
2003-09-06,2003,3,regular,Slippery Rock,,Youngstown State,MVFC,12,45,FALSE,FALSE,Stambaugh Stadium,
2003-09-06,2003,3,regular,McNeese,Southland,Kansas State,Big 12,14,55,FALSE,FALSE,Bill Snyder Family Stadium,
2003-09-06,2003,3,regular,Maryland,ACC,Florida State,ACC,10,35,FALSE,TRUE,Doak Campbell Stadium,
2003-09-06,2003,3,regular,Eastern Washington,Big Sky,Idaho,Sun Belt,8,5,FALSE,FALSE,Kibbie Dome,
2003-09-06,2003,3,regular,Tennessee State,OVC,Alabama A&M,SWAC,24,31,FALSE,FALSE,Louis Crews Stadium,
2003-09-06,2003,3,regular,Maine,Atlantic 10,Hofstra,Atlantic 10,44,21,TRUE,TRUE,,
2003-09-06,2003,3,regular,Southern Illinois,MVFC,Southeast Missouri State,OVC,28,7,TRUE,FALSE,Houck Stadium,
2003-09-06,2003,3,regular,Oklahoma,Big 12,Alabama,SEC,20,13,FALSE,FALSE,Bryant-Denny Stadium,
2003-09-07,2003,3,regular,BYU,Mountain West,USC,Pac-10,18,35,FALSE,TRUE,Los Angeles Memorial Coliseum,
2003-09-07,2003,3,regular,West Virginia Institute Of Tech,,Western Kentucky,MVFC,3,67,FALSE,FALSE,Houchens Industries-L.T. Smith Stadium,
2003-09-07,2003,3,regular,Western New Mexico,,New Mexico State,Sun Belt,3,48,FALSE,FALSE,Aggie Memorial Stadium,
2003-09-07,2003,3,regular,Utah,Mountain West,Texas A&M,Big 12,26,28,FALSE,FALSE,Kyle Field,
2003-09-07,2003,3,regular,Louisiana Tech,Western Athletic,Louisiana,Sun Belt,34,3,FALSE,FALSE,Cajun Field,
2003-09-07,2003,3,regular,Bethune-Cookman,MEAC,Alabama State,SWAC,31,26,TRUE,FALSE,Ladd Peebles Stadium,
2003-09-07,2003,3,regular,Florida,SEC,Miami,Big East,33,38,FALSE,FALSE,,
2003-09-07,2003,3,regular,Stephen F. Austin,Southland,UL Monroe,Sun Belt,23,21,FALSE,FALSE,Malone Stadium,
2003-09-07,2003,3,regular,Howard,MEAC,Texas Southern,SWAC,20,27,TRUE,FALSE,Robertson Stadium,
2003-09-07,2003,3,regular,Northwestern State,Southland,Tulane,Conference USA,24,27,TRUE,FALSE,,
2003-09-07,2003,3,regular,Idaho State,Big Sky,Boise State,Western Athletic,0,62,FALSE,FALSE,Albertsons Stadium,
2003-09-07,2003,3,regular,Baylor,Big 12,North Texas,Sun Belt,14,52,FALSE,FALSE,,
2003-09-07,2003,3,regular,Troy,FBS Independents,Minnesota,Big Ten,7,48,FALSE,FALSE,,
2003-09-07,2003,3,regular,Cal Poly,FCS Independents,UTEP,Western Athletic,34,13,FALSE,FALSE,Sun Bowl,
2003-09-07,2003,3,regular,Northern Arizona,Big Sky,Arizona State,Pac-10,14,34,FALSE,FALSE,Mountain America Stadium,
2003-09-07,2003,3,regular,LSU,SEC,Arizona,Pac-10,59,13,FALSE,FALSE,Arizona Stadium,
2003-09-07,2003,3,regular,San José State,Western Athletic,Stanford,Pac-10,10,31,FALSE,FALSE,Stanford Stadium,
2003-09-11,2003,4,regular,Marist,Metro Atlantic Athletic,St. Peter's,Metro Atlantic Athletic,16,14,TRUE,TRUE,John F. Kennedy Stadium,
2003-09-11,2003,4,regular,California,Pac-10,Utah,Mountain West,24,31,FALSE,TRUE,Rice-Eccles Stadium,
2003-09-12,2003,4,regular,East Tennessee State,Southern,UT Martin,OVC,14,7,FALSE,FALSE,Graham Stadium,
2003-09-12,2003,4,regular,Toledo,Mid-American,Marshall,Mid-American,24,17,FALSE,TRUE,Joan C. Edwards Stadium,
2003-09-13,2003,4,regular,Boston College,Big East,UConn,FBS Independents,24,14,FALSE,FALSE,Pratt & Whitney Stadium,
2003-09-13,2003,4,regular,Hampton,MEAC,Howard,MEAC,17,14,FALSE,TRUE,William H. Greene Stadium,
2003-09-13,2003,4,regular,Miami (OH),Mid-American,Northwestern,Big Ten,44,14,FALSE,FALSE,Ryan Field,
2003-09-13,2003,4,regular,Purdue,Big Ten,Wake Forest,ACC,16,10,FALSE,TRUE,,
2003-09-13,2003,4,regular,Villanova,Atlantic 10,New Hampshire,Atlantic 10,48,14,FALSE,TRUE,Wildcat Stadium,
2003-09-13,2003,4,regular,Northeastern,Atlantic 10,Rhode Island,Atlantic 10,42,39,FALSE,TRUE,Meade Stadium,
2003-09-13,2003,4,regular,Arkansas,SEC,Texas,Big 12,38,28,FALSE,FALSE,DKR-Texas Memorial Stadium,
2003-09-13,2003,4,regular,UNLV,Mountain West,Wisconsin,Big Ten,23,5,FALSE,TRUE,Camp Randall Stadium,
2003-09-13,2003,4,regular,Cincinnati,Conference USA,West Virginia,Big East,15,13,FALSE,FALSE,Milan Puskar Stadium,
2003-09-13,2003,4,regular,Louisiana Tech,Western Athletic,Michigan State,Big Ten,20,19,FALSE,FALSE,Spartan Stadium,
2003-09-13,2003,4,regular,NC State,ACC,Ohio State,Big Ten,38,44,FALSE,TRUE,Ohio Stadium,
2003-09-13,2003,4,regular,Lafayette,Patriot,Towson,Patriot,13,19,FALSE,TRUE,Johnny Unitas Stadium,
2003-09-13,2003,4,regular,Iowa,Big Ten,Iowa State,Big 12,40,21,FALSE,FALSE,Jack Trice Stadium,
2003-09-13,2003,4,regular,Ball State,Mid-American,Pittsburgh,Big East,21,42,FALSE,FALSE,Acrisure Stadium,
2003-09-13,2003,4,regular,Auburn,SEC,Vanderbilt,SEC,45,7,FALSE,TRUE,FirstBank Stadium,
2003-09-13,2003,4,regular,Georgetown,Patriot,Holy Cross,Patriot,34,42,FALSE,TRUE,Fitton Field,
2003-09-13,2003,4,regular,Wagner,NEC,Iona,Metro Atlantic Athletic,34,17,TRUE,FALSE,,
2003-09-13,2003,4,regular,Eastern Kentucky,OVC,Central Michigan,Mid-American,41,42,FALSE,FALSE,Kelly/Shorts Stadium,
2003-09-13,2003,4,regular,Geneva,,La Salle,Metro Atlantic Athletic,37,20,TRUE,FALSE,,
2003-09-13,2003,4,regular,Fordham,Patriot,Lehigh,Patriot,16,23,FALSE,TRUE,Goodman Stadium,
2003-09-13,2003,4,regular,Robert Morris,NEC,Monmouth,NEC,10,17,TRUE,TRUE,Kessler Field,
2003-09-13,2003,4,regular,South Carolina State,MEAC,Morgan State,MEAC,27,21,FALSE,TRUE,Hughes Stadium,
2003-09-13,2003,4,regular,St. Francis (PA),NEC,Sacred Heart,NEC,12,37,FALSE,TRUE,Campus Field,
2003-09-13,2003,4,regular,William & Mary,Atlantic 10,VMI,Big South,34,24,FALSE,FALSE,Alumni Memorial Field,
2003-09-13,2003,4,regular,Louisville,Conference USA,Syracuse,Big East,30,20,FALSE,FALSE,JMA Wireless Dome,
2003-09-13,2003,4,regular,Presbyterian,FCS Independents,Charleston Southern,Big South,17,14,TRUE,FALSE,,
2003-09-13,2003,4,regular,Eastern Illinois,OVC,Missouri,Big 12,0,37,FALSE,FALSE,Memorial Stadium,
2003-09-13,2003,4,regular,North Texas,Sun Belt,Air Force,Mountain West,21,34,FALSE,FALSE,Falcon Stadium,
2003-09-13,2003,4,regular,Virginia,ACC,Western Michigan,Mid-American,59,16,FALSE,FALSE,Waldo Stadium,
2003-09-13,2003,4,regular,Massachusetts,Atlantic 10,Kansas State,Big 12,7,38,FALSE,FALSE,Bill Snyder Family Stadium,
2003-09-13,2003,4,regular,Weber State,Big Sky,Colorado State,Mountain West,7,31,FALSE,FALSE,Sonny Lubick Field at Hughes Stadium,
2003-09-13,2003,4,regular,Minnesota,Big Ten,Ohio,Mid-American,42,20,FALSE,FALSE,Peden Stadium,
2003-09-13,2003,4,regular,Sam Houston,Southland,Montana,Big Sky,14,38,FALSE,FALSE,Washington-Grizzly Stadium,
2003-09-13,2003,4,regular,Washington State,Pac-10,Colorado,Big 12,47,26,FALSE,FALSE,Folsom Field,
2003-09-13,2003,4,regular,South Carolina,SEC,Georgia,SEC,7,31,FALSE,TRUE,Sanford Stadium,
2003-09-13,2003,4,regular,Notre Dame,FBS Independents,Michigan,Big Ten,0,38,FALSE,FALSE,Michigan Stadium,
2003-09-13,2003,4,regular,Fresno State,Western Athletic,Oklahoma,Big 12,28,52,FALSE,FALSE,"Memorial Stadium (Norman, OK)",
2003-09-13,2003,4,regular,Rutgers,Big East,Army,Conference USA,36,21,FALSE,FALSE,Michie Stadium,
2003-09-13,2003,4,regular,Hawai'i,Western Athletic,USC,Pac-10,32,61,FALSE,FALSE,Los Angeles Memorial Coliseum,
2003-09-13,2003,4,regular,Humboldt State,,St. Mary's (CA),FCS Independents,20,6,TRUE,FALSE,,
2003-09-13,2003,4,regular,Kansas,Big 12,Wyoming,Mountain West,42,35,FALSE,FALSE,War Memorial Stadium,
2003-09-13,2003,4,regular,Middle Tennessee,Sun Belt,Clemson,ACC,14,37,FALSE,FALSE,"Memorial Stadium (Clemson, SC)",
2003-09-13,2003,4,regular,Florida A&M,,Florida,SEC,3,63,TRUE,FALSE,,
2003-09-13,2003,4,regular,The Citadel,Southern,Maryland,ACC,0,61,FALSE,FALSE,SECU Stadium,
2003-09-13,2003,4,regular,Rice,Western Athletic,Duke,ACC,24,27,FALSE,FALSE,Wallace Wade Stadium,
2003-09-13,2003,4,regular,Liberty,Big South,Bowling Green,Mid-American,3,62,FALSE,FALSE,Doyt L. Perry Stadium,
2003-09-13,2003,4,regular,Tennessee Tech,OVC,Chattanooga,Southern,35,10,FALSE,FALSE,Finley Stadium,
2003-09-13,2003,4,regular,Florida International,FCS Independents,Maine,Atlantic 10,14,24,FALSE,FALSE,Alfond Stadium,AT PORTLAND ME
2003-09-13,2003,4,regular,Eastern Michigan,Mid-American,Akron,Mid-American,17,24,FALSE,TRUE,,
2003-09-13,2003,4,regular,Colgate,Patriot,Buffalo,Mid-American,38,15,FALSE,FALSE,UB Stadium,
2003-09-13,2003,4,regular,UAlbany,NEC,Central Connecticut,NEC,28,10,FALSE,TRUE,Arute Field,
2003-09-13,2003,4,regular,Florida Atlantic,FCS Independents,UCF,Mid-American,29,33,TRUE,FALSE,,
2003-09-13,2003,4,regular,Webber International,,Gardner-Webb,Big South,10,52,FALSE,FALSE,Ernest W. Spangler Stadium,
2003-09-13,2003,4,regular,Youngstown State,MVFC,Kent State,Mid-American,13,16,FALSE,FALSE,Dix Stadium,
2003-09-13,2003,4,regular,Siena,Metro Atlantic Athletic,Stony Brook,NEC,3,31,FALSE,FALSE,Kenneth P. LaValle Stadium,
2003-09-13,2003,4,regular,Johnson C Smith,,Western Carolina,Southern,0,45,FALSE,FALSE,E. J. Whitmire Stadium,
2003-09-13,2003,4,regular,New Mexico State,Sun Belt,Oregon State,Pac-10,16,28,FALSE,FALSE,Reser Stadium,
2003-09-13,2003,4,regular,Troy,FBS Independents,UAB,Conference USA,20,9,FALSE,FALSE,Legion Field,
2003-09-13,2003,4,regular,Richmond,Atlantic 10,Delaware,Atlantic 10,14,44,FALSE,TRUE,Delaware Stadium,
2003-09-13,2003,4,regular,Murray State,OVC,Southern Illinois,MVFC,7,32,TRUE,FALSE,,
2003-09-13,2003,4,regular,Indiana State,MVFC,Indiana,Big Ten,3,33,FALSE,FALSE,"Memorial Stadium (Bloomington, IN)",
2003-09-13,2003,4,regular,UL Monroe,Sun Belt,Ole Miss,SEC,14,59,FALSE,FALSE,Vaught-Hemingway Stadium,
2003-09-13,2003,4,regular,Missouri State,MVFC,Oklahoma State,Big 12,3,42,FALSE,FALSE,Boone Pickens Stadium,
2003-09-13,2003,4,regular,Texas State,Southland,Tulsa,Western Athletic,15,41,TRUE,FALSE,,
2003-09-13,2003,4,regular,SMU,Western Athletic,Baylor,Big 12,7,10,FALSE,FALSE,Floyd Casey Stadium,
2003-09-13,2003,4,regular,Morehead State,Pioneer,Coastal Carolina,Big South,31,6,FALSE,FALSE,Brooks Stadium (SC),
2003-09-13,2003,4,regular,Southeast Missouri State,OVC,Arkansas State,Sun Belt,3,21,TRUE,FALSE,,
2003-09-13,2003,4,regular,Butler,Pioneer,Duquesne,Metro Atlantic Athletic,0,49,FALSE,FALSE,Arthur J. Rooney Athletic Field,
2003-09-13,2003,4,regular,Elon,Southern,Hofstra,Atlantic 10,25,23,TRUE,FALSE,,
2003-09-13,2003,4,regular,East Carolina,Conference USA,Miami,Big East,3,38,FALSE,FALSE,,
2003-09-13,2003,4,regular,Delaware State,MEAC,Northwestern State,Southland,6,43,FALSE,FALSE,Harry Turpin Stadium,
2003-09-13,2003,4,regular,Norfolk State,MEAC,Savannah St,FCS Independents,7,3,FALSE,FALSE,Ted Wright Stadium,
2003-09-13,2003,4,regular,Memphis,Conference USA,Southern Miss,Conference USA,6,23,FALSE,TRUE,M. M. Roberts Stadium,
2003-09-13,2003,4,regular,Boise State,Western Athletic,Idaho,Sun Belt,24,10,FALSE,FALSE,Kibbie Dome,
2003-09-13,2003,4,regular,Kentucky,SEC,Alabama,SEC,17,27,FALSE,TRUE,Bryant-Denny Stadium,
2003-09-14,2003,4,regular,Illinois,Big Ten,UCLA,Pac-10,3,6,FALSE,TRUE,Rose Bowl,
2003-09-14,2003,4,regular,Georgia Tech,ACC,Florida State,ACC,13,14,FALSE,TRUE,Doak Campbell Stadium,
2003-09-14,2003,4,regular,North Alabama,,Jacksonville State,OVC,28,16,TRUE,FALSE,,
2003-09-14,2003,4,regular,Western Illinois,MVFC,LSU,SEC,7,35,FALSE,FALSE,Tiger Stadium (LA),
2003-09-14,2003,4,regular,Penn State,Big Ten,Nebraska,Big 12,10,18,FALSE,FALSE,"Memorial Stadium (Lincoln, NE)",
2003-09-14,2003,4,regular,BYU,Mountain West,New Mexico,Mountain West,10,7,FALSE,TRUE,University Stadium (NM),
2003-09-14,2003,4,regular,Houston,Conference USA,Louisiana,Sun Belt,21,14,FALSE,FALSE,Cajun Field,
2003-09-14,2003,4,regular,SE Louisiana,FCS Independents,Henderson State,,35,41,TRUE,FALSE,,
2003-09-14,2003,4,regular,Truman State,,Illinois State,MVFC,6,49,FALSE,FALSE,Hancock Stadium,
2003-09-14,2003,4,regular,Tennessee State,OVC,Jackson State,SWAC,44,14,FALSE,FALSE,Nissan Stadium,
2003-09-14,2003,4,regular,Georgia Southern,Southern,McNeese,Southland,15,34,FALSE,FALSE,Cowboy Stadium,
2003-09-14,2003,4,regular,Mississippi State,SEC,Tulane,Conference USA,28,31,FALSE,FALSE,Caesars Superdome,
2003-09-14,2003,4,regular,Northern Colorado,FCS Independents,Idaho State,Big Sky,33,42,FALSE,FALSE,Holt Arena,
2003-09-14,2003,4,regular,Sacramento State,Big Sky,Cal Poly,FCS Independents,17,31,TRUE,FALSE,Mustang Stadium,
2003-09-14,2003,4,regular,Stephen F. Austin,Southland,Southern Utah,FCS Independents,21,22,FALSE,FALSE,Eccles Coliseum,
2003-09-14,2003,4,regular,Southern,SWAC,North Carolina A&T,MEAC,35,16,TRUE,FALSE,Sam Boyd Stadium,
2003-09-14,2003,4,regular,Nicholls,Southland,Portland State,Big Sky,37,44,TRUE,FALSE,,
2003-09-14,2003,4,regular,San Diego State,Mountain West,UTEP,Western Athletic,34,0,FALSE,FALSE,Sun Bowl,
2003-09-14,2003,4,regular,Utah State,Sun Belt,Arizona State,Pac-10,16,26,FALSE,FALSE,Mountain America Stadium,
2003-09-14,2003,4,regular,Oregon,Pac-10,Arizona,Pac-10,48,10,FALSE,TRUE,Arizona Stadium,
2003-09-18,2003,5,regular,Texas A&M,Big 12,Virginia Tech,Big East,19,35,FALSE,FALSE,Lane Stadium,
2003-09-18,2003,5,regular,Northern Iowa,MVFC,Stephen F. Austin,Southland,38,24,FALSE,FALSE,Homer Bryce Stadium,
2003-09-19,2003,5,regular,Nevada,Western Athletic,San José State,Western Athletic,42,30,FALSE,TRUE,CEFCU Stadium,
2003-09-20,2003,5,regular,Hawai'i,Western Athletic,UNLV,Mountain West,22,33,FALSE,FALSE,Sam Boyd Stadium,
2003-09-20,2003,5,regular,Tennessee,SEC,Florida,SEC,24,10,FALSE,TRUE,,
2003-09-20,2003,5,regular,Texas Tech,Big 12,NC State,ACC,21,49,FALSE,FALSE,Carter-Finley Stadium,
2003-09-20,2003,5,regular,UCF,Mid-American,Syracuse,Big East,14,38,FALSE,FALSE,JMA Wireless Dome,
2003-09-20,2003,5,regular,New Hampshire,Atlantic 10,Rhode Island,Atlantic 10,40,55,FALSE,TRUE,Meade Stadium,
2003-09-20,2003,5,regular,North Carolina,ACC,Wisconsin,Big Ten,27,38,FALSE,TRUE,Camp Randall Stadium,
2003-09-20,2003,5,regular,Bowling Green,Mid-American,Ohio State,Big Ten,17,24,FALSE,FALSE,Ohio Stadium,
2003-09-20,2003,5,regular,California,Pac-10,Illinois,Big Ten,31,24,FALSE,TRUE,"Memorial Stadium (Champaign, IL)",
2003-09-20,2003,5,regular,Columbia,Ivy,Fordham,Patriot,30,37,TRUE,FALSE,,
2003-09-20,2003,5,regular,William & Mary,Atlantic 10,Northeastern,Atlantic 10,14,48,TRUE,TRUE,,
2003-09-20,2003,5,regular,Colgate,Patriot,Dartmouth,Ivy,31,9,FALSE,FALSE,Memorial Field,
2003-09-20,2003,5,regular,Coastal Carolina,Big South,Jacksonville,Pioneer,9,14,TRUE,FALSE,D. B. Milne Field,
2003-09-20,2003,5,regular,Marshall,Mid-American,Kansas State,Big 12,27,20,FALSE,FALSE,Bill Snyder Family Stadium,
2003-09-20,2003,5,regular,Towson,Patriot,Yale,Ivy,28,62,FALSE,FALSE,Yale Bowl,
2003-09-20,2003,5,regular,Monmouth,NEC,Georgetown,Patriot,12,10,FALSE,FALSE,Cooper Field,
2003-09-20,2003,5,regular,Harvard,Ivy,Holy Cross,Patriot,43,23,FALSE,FALSE,Fitton Field,
2003-09-20,2003,5,regular,Bucknell,Patriot,Cornell,Ivy,19,21,FALSE,FALSE,Schoellkopf Field,
2003-09-20,2003,5,regular,Kent State,Mid-American,Penn State,Big Ten,10,32,FALSE,FALSE,Beaver Stadium,
2003-09-20,2003,5,regular,Pace,,Iona,Metro Atlantic Athletic,22,29,TRUE,FALSE,,
2003-09-20,2003,5,regular,Brown,Ivy,UAlbany,NEC,21,3,TRUE,FALSE,University Field (NY),
2003-09-20,2003,5,regular,Arizona,Pac-10,Purdue,Big Ten,7,59,FALSE,TRUE,Ross-Ade Stadium,
2003-09-20,2003,5,regular,Robert Morris,NEC,St. Peter's,Metro Atlantic Athletic,31,24,TRUE,FALSE,John F. Kennedy Stadium,
2003-09-20,2003,5,regular,St. Francis (PA),NEC,Valparaiso,Pioneer,6,38,FALSE,FALSE,Brown Field,
2003-09-20,2003,5,regular,Norfolk State,MEAC,VMI,Big South,9,34,FALSE,FALSE,Alumni Memorial Field,
2003-09-20,2003,5,regular,West Virginia State,,Charleston Southern,Big South,42,49,TRUE,FALSE,,
2003-09-20,2003,5,regular,Tuskegee,,Hampton,MEAC,0,53,TRUE,FALSE,,
2003-09-20,2003,5,regular,Kentucky Wesleyan,,Liberty,Big South,7,47,FALSE,FALSE,Williams Stadium (VA),
2003-09-20,2003,5,regular,Eastern Michigan,Mid-American,Navy,FBS Independents,7,39,FALSE,FALSE,Navy-Marine Corps Memorial Stadium,
2003-09-20,2003,5,regular,Middle Tennessee,Sun Belt,Missouri,Big 12,40,41,FALSE,FALSE,Memorial Stadium,
2003-09-20,2003,5,regular,Northwestern,Big Ten,Duke,ACC,28,10,FALSE,TRUE,Wallace Wade Stadium,
2003-09-20,2003,5,regular,Wyoming,Mountain West,Air Force,Mountain West,29,35,FALSE,TRUE,Falcon Stadium,
2003-09-20,2003,5,regular,Morehead State,Pioneer,App State,Southern,21,24,FALSE,FALSE,Kidd Brewer Stadium,
2003-09-20,2003,5,regular,Central Michigan,Mid-American,Ball State,Mid-American,14,27,FALSE,TRUE,Scheumann Stadium,
2003-09-20,2003,5,regular,East Tennessee State,Southern,Elon,Southern,0,14,FALSE,TRUE,Rhodes Stadium,
2003-09-20,2003,5,regular,Minnesota State Mankato,,Northern Colorado,FCS Independents,7,35,FALSE,FALSE,Nottingham Field,
2003-09-20,2003,5,regular,Michigan State,Big Ten,Notre Dame,FBS Independents,22,16,FALSE,FALSE,Notre Dame Stadium,
2003-09-20,2003,5,regular,Illinois State,MVFC,Eastern Illinois,OVC,21,14,FALSE,FALSE,O'Brien Stadium,
2003-09-20,2003,5,regular,Miami (OH),Mid-American,Colorado State,Mountain West,41,21,FALSE,FALSE,Sonny Lubick Field at Hughes Stadium,
2003-09-20,2003,5,regular,Tennessee State,OVC,Florida A&M,,7,10,TRUE,FALSE,Georgia Dome,AT ATLANTA GA
2003-09-20,2003,5,regular,UTEP,Western Athletic,Louisville,Conference USA,14,42,FALSE,FALSE,L&N Federal Credit Union Stadium,
2003-09-20,2003,5,regular,Colorado,Big 12,Florida State,ACC,7,47,FALSE,FALSE,Doak Campbell Stadium,
2003-09-20,2003,5,regular,Georgia,SEC,LSU,SEC,10,17,FALSE,TRUE,Tiger Stadium (LA),
2003-09-20,2003,5,regular,UCLA,Pac-10,Oklahoma,Big 12,24,59,FALSE,FALSE,"Memorial Stadium (Norman, OK)",
2003-09-20,2003,5,regular,Idaho,Sun Belt,Washington,Pac-10,14,45,FALSE,FALSE,Husky Stadium,
2003-09-20,2003,5,regular,Tulane,Conference USA,Army,Conference USA,50,33,FALSE,TRUE,Michie Stadium,
2003-09-20,2003,5,regular,Michigan,Big Ten,Oregon,Pac-10,27,31,FALSE,TRUE,Autzen Stadium,
2003-09-20,2003,5,regular,The Citadel,Southern,Western Carolina,Southern,21,28,FALSE,TRUE,E. J. Whitmire Stadium,
2003-09-20,2003,5,regular,Savannah St,FCS Independents,South Carolina State,MEAC,0,53,TRUE,FALSE,,
2003-09-20,2003,5,regular,La Salle,Metro Atlantic Athletic,College Of New Jersey,,28,27,TRUE,FALSE,,
2003-09-20,2003,5,regular,Kentucky,SEC,Indiana,Big Ten,34,17,FALSE,FALSE,"Memorial Stadium (Bloomington, IN)",
2003-09-20,2003,5,regular,New Mexico,Mountain West,Washington State,Pac-10,13,23,FALSE,TRUE,Gesa Field,
2003-09-20,2003,5,regular,Duquesne,Metro Atlantic Athletic,Pennsylvania,Ivy,10,51,FALSE,FALSE,Franklin Field,
2003-09-20,2003,5,regular,Hofstra,Atlantic 10,James Madison,Atlantic 10,20,23,FALSE,TRUE,Bridgeforth Stadium,
2003-09-20,2003,5,regular,Massachusetts,Atlantic 10,Maine,Atlantic 10,24,16,FALSE,TRUE,Alfond Stadium,
2003-09-20,2003,5,regular,UConn,FBS Independents,Buffalo,Mid-American,38,7,FALSE,FALSE,UB Stadium,
2003-09-20,2003,5,regular,Sacred Heart,NEC,Central Connecticut,NEC,27,24,FALSE,TRUE,Arute Field,
2003-09-20,2003,5,regular,Bethune-Cookman,MEAC,Florida International,FCS Independents,24,14,FALSE,FALSE,FIU Stadium,
2003-09-20,2003,5,regular,Chattanooga,Southern,Gardner-Webb,Big South,13,23,FALSE,FALSE,Ernest W. Spangler Stadium,
2003-09-20,2003,5,regular,Arizona State,Pac-10,Iowa,Big Ten,2,21,FALSE,TRUE,Kinnick Stadium,
2003-09-20,2003,5,regular,Delaware State,MEAC,North Carolina Central,FCS Independents,14,21,TRUE,FALSE,,
2003-09-20,2003,5,regular,Wagner,NEC,Stony Brook,NEC,21,28,FALSE,TRUE,Kenneth P. LaValle Stadium,
2003-09-20,2003,5,regular,West Virginia,Big East,Maryland,ACC,7,34,FALSE,FALSE,SECU Stadium,
2003-09-20,2003,5,regular,East Carolina,Conference USA,Wake Forest,ACC,16,34,FALSE,TRUE,,
2003-09-20,2003,5,regular,Stanford,Pac-10,BYU,Mountain West,18,14,FALSE,TRUE,LaVell Edwards Stadium,
2003-09-20,2003,5,regular,North Texas,Sun Belt,Arkansas,SEC,7,31,FALSE,FALSE,,
2003-09-20,2003,5,regular,West Chester,,Delaware,Atlantic 10,7,49,FALSE,FALSE,Delaware Stadium,
2003-09-20,2003,5,regular,Clemson,ACC,Georgia Tech,ACC,39,3,FALSE,TRUE,Bobby Dodd Stadium,
2003-09-20,2003,5,regular,Indiana State,MVFC,Murray State,OVC,17,10,FALSE,FALSE,Roy Stewart Stadium,
2003-09-20,2003,5,regular,Lehigh,Patriot,Princeton,Ivy,28,13,FALSE,FALSE,Princeton University Stadium,
2003-09-20,2003,5,regular,Arkansas State,Sun Belt,Tulsa,Western Athletic,7,54,FALSE,FALSE,,
2003-09-20,2003,5,regular,Boise State,Western Athletic,Oregon State,Pac-10,24,26,FALSE,FALSE,Reser Stadium,
2003-09-20,2003,5,regular,Richmond,Atlantic 10,Furman,Southern,17,31,FALSE,FALSE,Paladin Stadium,
2003-09-20,2003,5,regular,Sam Houston,Southland,Baylor,Big 12,6,27,TRUE,FALSE,Floyd Casey Stadium,
2003-09-20,2003,5,regular,UC Davis,Great West,Texas State,Southland,32,34,FALSE,FALSE,Bobcat Stadium (TX),
2003-09-20,2003,5,regular,Northern Illinois,Mid-American,Alabama,SEC,19,16,FALSE,FALSE,Bryant-Denny Stadium,
2003-09-20,2003,5,regular,Howard,MEAC,Akron,Mid-American,7,65,TRUE,FALSE,,
2003-09-20,2003,5,regular,Temple,Big East,Cincinnati,Conference USA,24,30,FALSE,FALSE,Nippert Stadium,
2003-09-20,2003,5,regular,Jacksonville State,OVC,Kansas,Big 12,6,41,FALSE,FALSE,Memorial Stadium,
2003-09-20,2003,5,regular,Siena,Metro Atlantic Athletic,Marist,Metro Atlantic Athletic,14,28,FALSE,TRUE,Leonidoff Field,
2003-09-20,2003,5,regular,Missouri State,MVFC,Southeast Missouri State,OVC,17,10,TRUE,FALSE,Houck Stadium,
2003-09-20,2003,5,regular,Oklahoma State,Big 12,SMU,Western Athletic,52,6,FALSE,FALSE,Gerald J. Ford Stadium,
2003-09-20,2003,5,regular,UAB,Conference USA,South Carolina,SEC,10,42,FALSE,FALSE,Williams-Brice Stadium,
2003-09-20,2003,5,regular,Vanderbilt,SEC,TCU,Conference USA,14,30,FALSE,FALSE,Amon G. Carter Stadium,
2003-09-20,2003,5,regular,Pittsburgh,Big East,Toledo,Mid-American,31,35,FALSE,FALSE,Glass Bowl,
2003-09-20,2003,5,regular,SE Louisiana,FCS Independents,Troy,FBS Independents,0,28,FALSE,FALSE,Veterans Memorial Stadium (AL),
2003-09-20,2003,5,regular,Georgia Southern,Southern,Wofford,Southern,14,20,FALSE,TRUE,Gibbs Stadium,
2003-09-20,2003,5,regular,Florida Atlantic,FCS Independents,Youngstown State,MVFC,13,6,FALSE,FALSE,Stambaugh Stadium,
2003-09-20,2003,5,regular,Samford,OVC,San Diego State,Mountain West,17,37,TRUE,FALSE,Qualcomm Stadium,
2003-09-20,2003,5,regular,UT Martin,OVC,Western Illinois,MVFC,0,56,FALSE,FALSE,Hanson Field,
2003-09-20,2003,5,regular,McNeese,Southland,Grambling,SWAC,31,20,FALSE,FALSE,Eddie Robinson Stadium,
2003-09-20,2003,5,regular,Miami,Big East,Boston College,Big East,33,14,FALSE,TRUE,"Alumni Stadium (Chestnut Hill, MA)",
2003-09-21,2003,5,regular,Eastern Kentucky,OVC,Western Kentucky,MVFC,3,36,FALSE,FALSE,Houchens Industries-L.T. Smith Stadium,
2003-09-21,2003,5,regular,Louisiana,Sun Belt,Minnesota,Big Ten,14,48,FALSE,FALSE,,
2003-09-21,2003,5,regular,Mississippi State,SEC,Houston,Conference USA,35,42,FALSE,FALSE,Robertson Stadium,
2003-09-21,2003,5,regular,Northwestern State,Southland,UL Monroe,Sun Belt,14,10,FALSE,FALSE,Malone Stadium,
2003-09-21,2003,5,regular,Nicholls,Southland,Texas A&M-Kingsville,,26,27,TRUE,FALSE,,
2003-09-21,2003,5,regular,Montana State,Big Sky,Cal Poly,FCS Independents,21,24,TRUE,FALSE,Mustang Stadium,
2003-09-21,2003,5,regular,Southern Utah,FCS Independents,Eastern Washington,Big Sky,21,49,FALSE,FALSE,Roos Field,
2003-09-21,2003,5,regular,Texas,Big 12,Rice,Western Athletic,48,7,FALSE,FALSE,,
2003-09-21,2003,5,regular,Louisiana Tech,Western Athletic,Fresno State,Western Athletic,6,16,FALSE,TRUE,Valley Children's Stadium,
2003-09-25,2003,6,regular,Coastal Carolina,Big South,North Greenville,,49,39,TRUE,FALSE,,
2003-09-25,2003,6,regular,Nebraska,Big 12,Southern Miss,Conference USA,38,14,FALSE,FALSE,M. M. Roberts Stadium,
2003-09-27,2003,6,regular,Brown,Ivy,Harvard,Ivy,14,52,FALSE,TRUE,Harvard Stadium,
2003-09-27,2003,6,regular,Indiana,Big Ten,Michigan,Big Ten,17,31,FALSE,TRUE,Michigan Stadium,
2003-09-27,2003,6,regular,Dartmouth,Ivy,New Hampshire,Atlantic 10,17,42,FALSE,FALSE,Wildcat Stadium,
2003-09-27,2003,6,regular,Minnesota,Big Ten,Penn State,Big Ten,20,14,FALSE,TRUE,Beaver Stadium,
2003-09-27,2003,6,regular,UConn,FBS Independents,Virginia Tech,Big East,13,47,FALSE,FALSE,Lane Stadium,
2003-09-27,2003,6,regular,Iowa,Big Ten,Michigan State,Big Ten,10,20,FALSE,TRUE,Spartan Stadium,
2003-09-27,2003,6,regular,Northwestern,Big Ten,Ohio State,Big Ten,0,20,FALSE,TRUE,Ohio Stadium,
2003-09-27,2003,6,regular,Florida,SEC,Kentucky,SEC,24,21,FALSE,TRUE,Kroger Field,
2003-09-27,2003,6,regular,Northeastern,Atlantic 10,Villanova,Atlantic 10,7,28,FALSE,TRUE,Villanova Stadium,
2003-09-27,2003,6,regular,Delaware,Atlantic 10,Hofstra,Atlantic 10,24,14,TRUE,TRUE,,
2003-09-27,2003,6,regular,Missouri,Big 12,Kansas,Big 12,14,35,FALSE,TRUE,Memorial Stadium,
2003-09-27,2003,6,regular,Cornell,Ivy,Yale,Ivy,7,21,FALSE,TRUE,Yale Bowl,
2003-09-27,2003,6,regular,Ball State,Mid-American,Boston College,Big East,29,53,FALSE,FALSE,"Alumni Stadium (Chestnut Hill, MA)",
2003-09-27,2003,6,regular,James Madison,Atlantic 10,Massachusetts,Atlantic 10,26,31,TRUE,TRUE,,
2003-09-27,2003,6,regular,Princeton,Ivy,Lafayette,Patriot,13,28,FALSE,FALSE,Fisher Field,
2003-09-27,2003,6,regular,South Florida,Conference USA,Army,Conference USA,28,0,FALSE,TRUE,Michie Stadium,
2003-09-27,2003,6,regular,Sacred Heart,NEC,UAlbany,NEC,7,42,TRUE,TRUE,University Field (NY),
2003-09-27,2003,6,regular,Towson,Patriot,Colgate,Patriot,7,26,FALSE,TRUE,Andy Kerr Stadium,
2003-09-27,2003,6,regular,Western Carolina,Southern,East Tennessee State,Southern,28,21,TRUE,TRUE,,
2003-09-27,2003,6,regular,Pennsylvania,Ivy,Lehigh,Patriot,31,24,FALSE,FALSE,Goodman Stadium,
2003-09-27,2003,6,regular,Central Connecticut,NEC,Siena,Metro Atlantic Athletic,28,10,TRUE,FALSE,,
2003-09-27,2003,6,regular,Georgetown,Patriot,VMI,Big South,14,42,FALSE,FALSE,Alumni Memorial Field,
2003-09-27,2003,6,regular,Marist,Metro Atlantic Athletic,Wagner,NEC,24,13,FALSE,FALSE,Wagner College Stadium,
2003-09-27,2003,6,regular,Iona,Metro Atlantic Athletic,Montclair State,,21,23,TRUE,FALSE,,
2003-09-27,2003,6,regular,Greeneville,,Charleston Southern,Big South,58,7,TRUE,FALSE,,
2003-09-27,2003,6,regular,St. Francis (PA),NEC,Robert Morris,NEC,6,36,TRUE,TRUE,,
2003-09-27,2003,6,regular,North Carolina,ACC,NC State,ACC,34,47,FALSE,TRUE,Carter-Finley Stadium,
2003-09-27,2003,6,regular,Cincinnati,Conference USA,Miami (OH),Mid-American,37,42,FALSE,FALSE,Yager Stadium,
2003-09-27,2003,6,regular,Gardner-Webb,Big South,Furman,Southern,0,45,FALSE,FALSE,Paladin Stadium,
2003-09-27,2003,6,regular,Arkansas State,Sun Belt,Memphis,Conference USA,16,38,FALSE,FALSE,Simmons Bank Liberty Stadium,
2003-09-27,2003,6,regular,UCF,Mid-American,Kent State,Mid-American,16,36,FALSE,TRUE,Dix Stadium,
2003-09-27,2003,6,regular,Hampton,MEAC,Morgan State,MEAC,24,21,TRUE,TRUE,,
2003-09-27,2003,6,regular,App State,Southern,The Citadel,Southern,21,24,TRUE,TRUE,,
2003-09-27,2003,6,regular,Eastern Illinois,OVC,Indiana State,MVFC,7,23,FALSE,FALSE,Memorial Stadium,
2003-09-27,2003,6,regular,Florida Atlantic,FCS Independents,Illinois State,MVFC,28,10,FALSE,FALSE,Hancock Stadium,
2003-09-27,2003,6,regular,Temple,Big East,Louisville,Conference USA,12,21,FALSE,FALSE,L&N Federal Credit Union Stadium,
2003-09-27,2003,6,regular,Northern Colorado,FCS Independents,Montana State,Big Sky,14,10,FALSE,FALSE,Bobcat Stadium,
2003-09-27,2003,6,regular,Air Force,Mountain West,BYU,Mountain West,24,10,FALSE,TRUE,LaVell Edwards Stadium,
2003-09-27,2003,6,regular,Murray State,OVC,Tennessee Tech,OVC,24,49,FALSE,TRUE,Tucker Stadium,
2003-09-27,2003,6,regular,St. Mary's (CA),FCS Independents,Western Washington,,35,42,TRUE,FALSE,,
2003-09-27,2003,6,regular,Idaho,Sun Belt,Montana,Big Sky,28,41,FALSE,FALSE,Washington-Grizzly Stadium,
2003-09-27,2003,6,regular,Pittsburgh,Big East,Texas A&M,Big 12,37,26,FALSE,FALSE,Kyle Field,
2003-09-27,2003,6,regular,Rhode Island,Atlantic 10,Richmond,Atlantic 10,17,13,TRUE,TRUE,,
2003-09-27,2003,6,regular,Wake Forest,ACC,Virginia,ACC,24,27,FALSE,TRUE,Scott Stadium,
2003-09-27,2003,6,regular,Stanford,Pac-10,Washington,Pac-10,17,28,FALSE,TRUE,Husky Stadium,
2003-09-27,2003,6,regular,Arkansas,SEC,Alabama,SEC,34,31,FALSE,TRUE,Bryant-Denny Stadium,
2003-09-27,2003,6,regular,Washington State,Pac-10,Oregon,Pac-10,55,16,FALSE,TRUE,Autzen Stadium,
2003-09-27,2003,6,regular,Notre Dame,FBS Independents,Purdue,Big Ten,10,23,FALSE,FALSE,Ross-Ade Stadium,
2003-09-27,2003,6,regular,Western Michigan,Mid-American,Ohio,Mid-American,39,32,FALSE,TRUE,Peden Stadium,
2003-09-27,2003,6,regular,Benedict College,,South Carolina State,MEAC,7,41,TRUE,FALSE,Williams-Brice Stadium,
2003-09-27,2003,6,regular,Iowa State,Big 12,Northern Illinois,Mid-American,16,24,FALSE,FALSE,Huskie Stadium,
2003-09-27,2003,6,regular,Western Kentucky,MVFC,Auburn,SEC,3,48,FALSE,FALSE,Jordan-Hare Stadium,
2003-09-27,2003,6,regular,Texas Southern,SWAC,Nicholls,Southland,5,64,FALSE,FALSE,Manning Field at John L. Guidry Stadium,
2003-09-27,2003,6,regular,Northwestern State,Southland,Northern Iowa,MVFC,10,43,FALSE,FALSE,UNI-Dome,
2003-09-27,2003,6,regular,Chattanooga,Southern,Georgia Southern,Southern,3,34,FALSE,TRUE,Allen E. Paulson Stadium,
2003-09-27,2003,6,regular,Wisconsin,Big Ten,Illinois,Big Ten,38,20,FALSE,TRUE,"Memorial Stadium (Champaign, IL)",
2003-09-27,2003,6,regular,Akron,Mid-American,Buffalo,Mid-American,38,21,FALSE,TRUE,UB Stadium,
2003-09-27,2003,6,regular,Maryland,ACC,Eastern Michigan,Mid-American,37,13,FALSE,FALSE,Rynearson Stadium,
2003-09-27,2003,6,regular,North Carolina A&T,MEAC,Elon,Southern,29,14,FALSE,FALSE,Rhodes Stadium,
2003-09-27,2003,6,regular,Carson-Newman College,,Florida International,FCS Independents,55,33,FALSE,FALSE,FIU Stadium,
2003-09-27,2003,6,regular,Monmouth,NEC,Stony Brook,NEC,20,14,FALSE,TRUE,Kenneth P. LaValle Stadium,
2003-09-27,2003,6,regular,USC,Pac-10,California,Pac-10,31,34,FALSE,TRUE,California Memorial Stadium,
2003-09-27,2003,6,regular,Utah,Mountain West,Colorado State,Mountain West,28,21,FALSE,TRUE,Sonny Lubick Field at Hughes Stadium,
2003-09-27,2003,6,regular,Toledo,Mid-American,Syracuse,Big East,7,34,FALSE,FALSE,JMA Wireless Dome,
2003-09-27,2003,6,regular,Delaware State,MEAC,Florida A&M,,14,15,TRUE,FALSE,Bragg Memorial Stadium,
2003-09-27,2003,6,regular,St. Joseph's (IN),,Southern Illinois,MVFC,0,75,TRUE,FALSE,,
2003-09-27,2003,6,regular,Texas Tech,Big 12,Ole Miss,SEC,49,45,FALSE,FALSE,Vaught-Hemingway Stadium,
2003-09-27,2003,6,regular,Florida State,ACC,Duke,ACC,56,7,FALSE,TRUE,Wallace Wade Stadium,
2003-09-27,2003,6,regular,Navy,FBS Independents,Rutgers,Big East,27,48,FALSE,FALSE,High Point Solutions Stadium,
2003-09-27,2003,6,regular,Bucknell,Patriot,Columbia,Ivy,16,19,FALSE,FALSE,Lawrence A. Wien Stadium,
2003-09-27,2003,6,regular,Georgia Tech,ACC,Vanderbilt,SEC,24,17,FALSE,FALSE,FirstBank Stadium,
2003-09-27,2003,6,regular,Tulane,Conference USA,Texas,Big 12,18,63,FALSE,FALSE,DKR-Texas Memorial Stadium,
2003-09-27,2003,6,regular,SE Louisiana,FCS Independents,Texas State,Southland,17,38,FALSE,FALSE,Bobcat Stadium (TX),
2003-09-27,2003,6,regular,St. Peter's,Metro Atlantic Athletic,Dayton,Pioneer,6,47,FALSE,FALSE,Welcome Stadium,
2003-09-27,2003,6,regular,La Salle,Metro Atlantic Athletic,Duquesne,Metro Atlantic Athletic,14,62,FALSE,TRUE,Arthur J. Rooney Athletic Field,
2003-09-27,2003,6,regular,Youngstown State,MVFC,Liberty,Big South,34,3,FALSE,FALSE,Williams Stadium (VA),
2003-09-27,2003,6,regular,Bethune-Cookman,MEAC,Norfolk State,MEAC,56,14,FALSE,TRUE,"William Dick"""" Price Stadium""""",
2003-09-27,2003,6,regular,Southeast Missouri State,OVC,Samford,OVC,31,41,FALSE,TRUE,Seibert Stadium,
2003-09-27,2003,6,regular,Howard,MEAC,Savannah St,FCS Independents,48,3,FALSE,FALSE,Ted Wright Stadium,
2003-09-27,2003,6,regular,UT Martin,OVC,Tennessee State,OVC,10,41,FALSE,TRUE,Nissan Stadium,
2003-09-27,2003,6,regular,Marshall,Mid-American,Troy,FBS Independents,24,33,FALSE,FALSE,Veterans Memorial Stadium (AL),
2003-09-27,2003,6,regular,Catawba,,Wofford,Southern,3,28,FALSE,FALSE,Gibbs Stadium,
2003-09-27,2003,6,regular,South Carolina,SEC,Tennessee,SEC,20,23,FALSE,TRUE,Neyland Stadium,
2003-09-28,2003,6,regular,Eastern Kentucky,OVC,Jacksonville State,OVC,14,49,TRUE,TRUE,,
2003-09-28,2003,6,regular,New Mexico State,Sun Belt,New Mexico,Mountain West,17,24,FALSE,FALSE,University Stadium (NM),
2003-09-28,2003,6,regular,UL Monroe,Sun Belt,Utah State,Sun Belt,10,28,FALSE,TRUE,Maverik Stadium,
2003-09-28,2003,6,regular,Alcorn State,SWAC,Stephen F. Austin,Southland,7,60,FALSE,FALSE,Homer Bryce Stadium,
2003-09-28,2003,6,regular,Bacone College,,Missouri State,MVFC,14,51,FALSE,FALSE,Plaster Sports Complex,
2003-09-28,2003,6,regular,Wyoming,Mountain West,Boise State,Western Athletic,17,33,FALSE,FALSE,Albertsons Stadium,
2003-09-28,2003,6,regular,Louisiana,Sun Belt,North Texas,Sun Belt,23,44,FALSE,TRUE,,
2003-09-28,2003,6,regular,LSU,SEC,Mississippi State,SEC,41,6,FALSE,TRUE,Davis Wade Stadium,
2003-09-28,2003,6,regular,Cal Poly,FCS Independents,Northern Arizona,Big Sky,7,24,FALSE,FALSE,Walkup Skydome,
2003-09-28,2003,6,regular,Sam Houston,Southland,UTEP,Western Athletic,14,59,FALSE,FALSE,Sun Bowl,
2003-09-28,2003,6,regular,TCU,Conference USA,Arizona,Pac-10,13,10,FALSE,TRUE,Arizona Stadium,
2003-09-28,2003,6,regular,San Diego State,Mountain West,UCLA,Pac-10,10,20,FALSE,TRUE,Rose Bowl,
2003-09-28,2003,6,regular,Arizona State,Pac-10,Oregon State,Pac-10,17,45,FALSE,TRUE,Reser Stadium,
2003-09-28,2003,6,regular,Portland State,Big Sky,Fresno State,Western Athletic,16,42,FALSE,FALSE,Valley Children's Stadium,
2003-09-28,2003,6,regular,Holy Cross,Patriot,San Diego,Pioneer,45,46,FALSE,FALSE,Torero Stadium,
2003-09-28,2003,6,regular,SMU,Western Athletic,Nevada,Western Athletic,9,12,FALSE,TRUE,Mackay Stadium,
2003-09-28,2003,6,regular,Rice,Western Athletic,Hawai'i,Western Athletic,21,41,FALSE,TRUE,Aloha Stadium,
2003-09-30,2003,7,regular,Houston,Conference USA,East Carolina,Conference USA,27,13,FALSE,TRUE,Dowdy-Ficklen Stadium,
2003-10-02,2003,7,regular,West Virginia,Big East,Miami,Big East,20,22,FALSE,TRUE,,
2003-10-04,2003,7,regular,Oregon,Pac-10,Utah,Mountain West,13,17,FALSE,TRUE,Rice-Eccles Stadium,
2003-10-04,2003,7,regular,Lehigh,Patriot,UConn,FBS Independents,17,35,FALSE,FALSE,Pratt & Whitney Stadium,
2003-10-04,2003,7,regular,NC State,ACC,Georgia Tech,ACC,21,29,FALSE,TRUE,Bobby Dodd Stadium,
2003-10-04,2003,7,regular,Minnesota,Big Ten,Northwestern,Big Ten,42,17,FALSE,TRUE,Ryan Field,
2003-10-04,2003,7,regular,Indiana,Big Ten,Michigan State,Big Ten,3,31,FALSE,TRUE,Spartan Stadium,
2003-10-04,2003,7,regular,Virginia Tech,Big East,Rutgers,Big East,48,22,FALSE,TRUE,High Point Solutions Stadium,
2003-10-04,2003,7,regular,Wisconsin,Big Ten,Penn State,Big Ten,30,23,FALSE,TRUE,Beaver Stadium,
2003-10-04,2003,7,regular,Ole Miss,SEC,Florida,SEC,20,17,FALSE,TRUE,,
2003-10-04,2003,7,regular,Pennsylvania,Ivy,Dartmouth,Ivy,33,20,FALSE,TRUE,Memorial Field,
2003-10-04,2003,7,regular,Colorado,Big 12,Baylor,Big 12,30,42,FALSE,TRUE,Floyd Casey Stadium,
2003-10-04,2003,7,regular,Northeastern,Atlantic 10,Harvard,Ivy,20,28,FALSE,FALSE,Harvard Stadium,
2003-10-04,2003,7,regular,Yale,Ivy,Holy Cross,Patriot,41,16,FALSE,FALSE,Fitton Field,
2003-10-04,2003,7,regular,New Hampshire,Atlantic 10,Massachusetts,Atlantic 10,30,44,TRUE,TRUE,,
2003-10-04,2003,7,regular,Colgate,Patriot,Cornell,Ivy,27,24,FALSE,FALSE,Schoellkopf Field,
2003-10-04,2003,7,regular,Rhode Island,Atlantic 10,Brown,Ivy,27,9,FALSE,FALSE,Brown Stadium,
2003-10-04,2003,7,regular,Florida International,FCS Independents,Georgia Southern,Southern,35,37,FALSE,FALSE,Allen E. Paulson Stadium,
2003-10-04,2003,7,regular,Georgetown,Patriot,Lafayette,Patriot,17,10,FALSE,TRUE,Fisher Field,
2003-10-04,2003,7,regular,St. Peter's,Metro Atlantic Athletic,UAlbany,NEC,9,64,TRUE,FALSE,University Field (NY),
2003-10-04,2003,7,regular,Bucknell,Patriot,Fordham,Patriot,31,10,TRUE,TRUE,,
2003-10-04,2003,7,regular,St. Francis (PA),NEC,La Salle,Metro Atlantic Athletic,33,27,TRUE,FALSE,,
2003-10-04,2003,7,regular,Iona,Metro Atlantic Athletic,Monmouth,NEC,7,30,TRUE,FALSE,Kessler Field,
2003-10-04,2003,7,regular,Central Connecticut,NEC,Wagner,NEC,16,39,FALSE,TRUE,Wagner College Stadium,
2003-10-04,2003,7,regular,Virginia,ACC,North Carolina,ACC,38,13,FALSE,TRUE,Kenan Stadium,
2003-10-04,2003,7,regular,Troy,FBS Independents,Nebraska,Big 12,0,30,FALSE,FALSE,"Memorial Stadium (Lincoln, NE)",
2003-10-04,2003,7,regular,Air Force,Mountain West,Navy,FBS Independents,25,28,FALSE,FALSE,,
2003-10-04,2003,7,regular,Stony Brook,NEC,Robert Morris,NEC,20,23,TRUE,TRUE,,
2003-10-04,2003,7,regular,Siena,Metro Atlantic Athletic,Duquesne,Metro Atlantic Athletic,14,36,FALSE,TRUE,Arthur J. Rooney Athletic Field,
2003-10-04,2003,7,regular,Akron,Mid-American,Miami (OH),Mid-American,20,45,FALSE,TRUE,Yager Stadium,
2003-10-04,2003,7,regular,UAB,Conference USA,Memphis,Conference USA,24,10,FALSE,TRUE,Simmons Bank Liberty Stadium,
2003-10-04,2003,7,regular,Richmond,Atlantic 10,Maine,Atlantic 10,10,20,FALSE,TRUE,Alfond Stadium,
2003-10-04,2003,7,regular,Morgan State,MEAC,Bethune-Cookman,MEAC,31,24,FALSE,TRUE,Municipal Stadium,
2003-10-04,2003,7,regular,Western Michigan,Mid-American,Eastern Michigan,Mid-American,31,3,FALSE,TRUE,Rynearson Stadium,
2003-10-04,2003,7,regular,Ball State,Mid-American,Kent State,Mid-American,34,17,FALSE,TRUE,Dix Stadium,
2003-10-04,2003,7,regular,Marist,Metro Atlantic Athletic,Sacred Heart,NEC,28,56,FALSE,FALSE,Campus Field,
2003-10-04,2003,7,regular,Eastern Illinois,OVC,Southeast Missouri State,OVC,17,30,TRUE,TRUE,Houck Stadium,
2003-10-04,2003,7,regular,Elon,Southern,The Citadel,Southern,7,31,TRUE,TRUE,,
2003-10-04,2003,7,regular,Southern Illinois,MVFC,Indiana State,MVFC,37,14,FALSE,TRUE,Memorial Stadium,
2003-10-04,2003,7,regular,Vanderbilt,SEC,Mississippi State,SEC,21,30,FALSE,TRUE,Davis Wade Stadium,
2003-10-04,2003,7,regular,Northern Iowa,MVFC,Illinois State,MVFC,16,7,FALSE,TRUE,Hancock Stadium,
2003-10-04,2003,7,regular,Fresno State,Western Athletic,Colorado State,Mountain West,10,34,FALSE,FALSE,Sonny Lubick Field at Hughes Stadium,
2003-10-04,2003,7,regular,Boise State,Western Athletic,Louisiana Tech,Western Athletic,43,37,FALSE,TRUE,Joe Aillet Stadium,
2003-10-04,2003,7,regular,Tennessee Tech,OVC,UT Martin,OVC,23,30,FALSE,TRUE,Graham Stadium,
2003-10-04,2003,7,regular,Cal Poly,FCS Independents,Montana,Big Sky,14,17,FALSE,FALSE,Washington-Grizzly Stadium,
2003-10-04,2003,7,regular,USC,Pac-10,Arizona State,Pac-10,37,17,FALSE,TRUE,Mountain America Stadium,
2003-10-04,2003,7,regular,Alabama,SEC,Georgia,SEC,23,37,FALSE,TRUE,Sanford Stadium,
2003-10-04,2003,7,regular,Jacksonville State,OVC,Murray State,OVC,17,23,FALSE,TRUE,Roy Stewart Stadium,
2003-10-04,2003,7,regular,Clemson,ACC,Maryland,ACC,7,21,FALSE,TRUE,SECU Stadium,
2003-10-04,2003,7,regular,Kansas State,Big 12,Texas,Big 12,20,24,FALSE,TRUE,DKR-Texas Memorial Stadium,
2003-10-04,2003,7,regular,East Tennessee State,Southern,App State,Southern,7,21,FALSE,TRUE,Kidd Brewer Stadium,
2003-10-04,2003,7,regular,Michigan,Big Ten,Iowa,Big Ten,27,30,FALSE,TRUE,Kinnick Stadium,
2003-10-04,2003,7,regular,Western Kentucky,MVFC,Western Illinois,MVFC,28,33,FALSE,TRUE,Hanson Field,
2003-10-04,2003,7,regular,Central Michigan,Mid-American,Bowling Green,Mid-American,3,23,FALSE,TRUE,Doyt L. Perry Stadium,
2003-10-04,2003,7,regular,Wofford,Southern,Chattanooga,Southern,42,14,FALSE,TRUE,Finley Stadium,
2003-10-04,2003,7,regular,Savannah St,FCS Independents,Albany State GA,,0,56,TRUE,FALSE,,
2003-10-04,2003,7,regular,Texas State,Southland,Florida Atlantic,FCS Independents,14,27,TRUE,FALSE,,
2003-10-04,2003,7,regular,North Carolina A&T,MEAC,Norfolk State,MEAC,34,14,FALSE,TRUE,"William Dick"""" Price Stadium""""",
2003-10-04,2003,7,regular,Montana State,Big Sky,St. Mary's (CA),FCS Independents,40,0,TRUE,FALSE,,
2003-10-04,2003,7,regular,Illinois,Big Ten,Purdue,Big Ten,10,43,FALSE,TRUE,Ross-Ade Stadium,
2003-10-04,2003,7,regular,Oregon State,Pac-10,California,Pac-10,35,21,FALSE,TRUE,California Memorial Stadium,
2003-10-04,2003,7,regular,Jackson State,SWAC,Florida A&M,,14,28,TRUE,FALSE,,
2003-10-04,2003,7,regular,Arizona,Pac-10,Washington State,Pac-10,7,30,FALSE,TRUE,Gesa Field,
2003-10-04,2003,7,regular,James Madison,Atlantic 10,Villanova,Atlantic 10,14,38,FALSE,TRUE,Villanova Stadium,
2003-10-04,2003,7,regular,Buffalo,Mid-American,UCF,Mid-American,10,19,FALSE,TRUE,,
2003-10-04,2003,7,regular,Delaware State,MEAC,Hampton,MEAC,9,41,FALSE,TRUE,Armstrong Stadium,
2003-10-04,2003,7,regular,Furman,Southern,Western Carolina,Southern,19,13,FALSE,TRUE,E. J. Whitmire Stadium,
2003-10-04,2003,7,regular,Washington,Pac-10,UCLA,Pac-10,16,46,FALSE,TRUE,Rose Bowl,
2003-10-04,2003,7,regular,Samford,OVC,Eastern Kentucky,OVC,10,13,FALSE,TRUE,Roy Kidd Stadium,
2003-10-04,2003,7,regular,William & Mary,Atlantic 10,Delaware,Atlantic 10,27,41,FALSE,TRUE,Delaware Stadium,
2003-10-04,2003,7,regular,Louisville,Conference USA,South Florida,Conference USA,28,31,FALSE,TRUE,Raymond James Stadium,
2003-10-04,2003,7,regular,Oklahoma,Big 12,Iowa State,Big 12,53,7,FALSE,TRUE,Jack Trice Stadium,
2003-10-04,2003,7,regular,Columbia,Ivy,Princeton,Ivy,33,27,FALSE,TRUE,Princeton University Stadium,
2003-10-04,2003,7,regular,Louisiana,Sun Belt,Oklahoma State,Big 12,3,56,FALSE,FALSE,Boone Pickens Stadium,
2003-10-04,2003,7,regular,Hawai'i,Western Athletic,Tulsa,Western Athletic,16,27,FALSE,TRUE,,
2003-10-04,2003,7,regular,Gardner-Webb,Big South,Coastal Carolina,Big South,38,17,FALSE,TRUE,Brooks Stadium (SC),
2003-10-04,2003,7,regular,UL Monroe,Sun Belt,Arkansas State,Sun Belt,41,44,FALSE,TRUE,,
2003-10-04,2003,7,regular,Southern Miss,Conference USA,Cincinnati,Conference USA,22,20,FALSE,TRUE,Nippert Stadium,
2003-10-04,2003,7,regular,VMI,Big South,Liberty,Big South,28,31,FALSE,TRUE,Williams Stadium (VA),
2003-10-04,2003,7,regular,Temple,Big East,Middle Tennessee,Sun Belt,44,36,FALSE,FALSE,"Johnny ""Red"" Floyd Stadium",
2003-10-04,2003,7,regular,Oklahoma Panhandle St,,Northwestern State,Southland,0,59,FALSE,FALSE,Harry Turpin Stadium,
2003-10-04,2003,7,regular,Army,Conference USA,TCU,Conference USA,0,27,FALSE,TRUE,Amon G. Carter Stadium,
2003-10-04,2003,7,regular,Missouri State,MVFC,Youngstown State,MVFC,7,34,FALSE,TRUE,Stambaugh Stadium,
2003-10-04,2003,7,regular,Ohio,Mid-American,Northern Illinois,Mid-American,23,30,FALSE,TRUE,Huskie Stadium,
2003-10-04,2003,7,regular,Tennessee,SEC,Auburn,SEC,21,28,FALSE,TRUE,Jordan-Hare Stadium,
2003-10-05,2003,7,regular,Idaho,Sun Belt,New Mexico State,Sun Belt,35,31,FALSE,TRUE,Aggie Memorial Stadium,
2003-10-05,2003,7,regular,Utah State,Sun Belt,New Mexico,Mountain West,7,34,FALSE,FALSE,University Stadium (NM),
2003-10-05,2003,7,regular,San José State,Western Athletic,Rice,Western Athletic,24,28,FALSE,TRUE,Rice Stadium,
2003-10-05,2003,7,regular,McNeese,Southland,SE Louisiana,FCS Independents,58,20,FALSE,FALSE,Strawberry Stadium,
2003-10-05,2003,7,regular,UTEP,Western Athletic,SMU,Western Athletic,21,19,FALSE,TRUE,Gerald J. Ford Stadium,
2003-10-05,2003,7,regular,Portland State,Big Sky,Stephen F. Austin,Southland,21,13,FALSE,FALSE,Homer Bryce Stadium,
2003-10-05,2003,7,regular,Western Oregon,,Southern Utah,FCS Independents,10,17,FALSE,FALSE,Eccles Coliseum,
2003-10-05,2003,7,regular,Texas A&M,Big 12,Texas Tech,Big 12,28,59,FALSE,TRUE,Jones AT&T Stadium,
2003-10-05,2003,7,regular,BYU,Mountain West,San Diego State,Mountain West,44,36,FALSE,TRUE,Qualcomm Stadium,
2003-10-05,2003,7,regular,UNLV,Mountain West,Nevada,Western Athletic,16,12,FALSE,FALSE,Mackay Stadium,
2003-10-09,2003,8,regular,Stephen F. Austin,Southland,Florida International,FCS Independents,35,13,FALSE,FALSE,FIU Stadium,
2003-10-09,2003,8,regular,Tarleton State,,Sam Houston,Southland,39,20,FALSE,FALSE,Elliott T. Bowers Stadium,
2003-10-09,2003,8,regular,Kentucky,SEC,South Carolina,SEC,21,27,FALSE,TRUE,Williams-Brice Stadium,
2003-10-10,2003,8,regular,Colorado State,Mountain West,BYU,Mountain West,58,13,FALSE,TRUE,LaVell Edwards Stadium,
2003-10-11,2003,8,regular,TCU,Conference USA,South Florida,Conference USA,13,10,FALSE,TRUE,Raymond James Stadium,
2003-10-11,2003,8,regular,Michigan,Big Ten,Minnesota,Big Ten,38,35,FALSE,TRUE,,
2003-10-11,2003,8,regular,Florida A&M,,Howard,MEAC,14,16,FALSE,FALSE,William H. Greene Stadium,
2003-10-11,2003,8,regular,Miami,Big East,Florida State,ACC,22,14,FALSE,FALSE,Doak Campbell Stadium,
2003-10-11,2003,8,regular,Delaware,Atlantic 10,New Hampshire,Atlantic 10,22,21,FALSE,TRUE,Wildcat Stadium,
2003-10-11,2003,8,regular,Villanova,Atlantic 10,Rhode Island,Atlantic 10,21,17,FALSE,TRUE,Meade Stadium,
2003-10-11,2003,8,regular,Virginia,ACC,Clemson,ACC,27,30,FALSE,TRUE,"Memorial Stadium (Clemson, SC)",
2003-10-11,2003,8,regular,Syracuse,Big East,Virginia Tech,Big East,7,51,FALSE,TRUE,Lane Stadium,
2003-10-11,2003,8,regular,Rutgers,Big East,West Virginia,Big East,19,34,FALSE,TRUE,Milan Puskar Stadium,
2003-10-11,2003,8,regular,Michigan State,Big Ten,Illinois,Big Ten,49,14,FALSE,TRUE,"Memorial Stadium (Champaign, IL)",
2003-10-11,2003,8,regular,Northwestern,Big Ten,Indiana,Big Ten,37,31,FALSE,TRUE,"Memorial Stadium (Bloomington, IN)",
2003-10-11,2003,8,regular,Auburn,SEC,Arkansas,SEC,10,3,FALSE,TRUE,Razorback Stadium,
2003-10-11,2003,8,regular,Kansas State,Big 12,Oklahoma State,Big 12,34,38,FALSE,TRUE,Boone Pickens Stadium,
2003-10-11,2003,8,regular,Bucknell,Patriot,Pennsylvania,Ivy,13,14,FALSE,FALSE,Franklin Field,
2003-10-11,2003,8,regular,Dartmouth,Ivy,Yale,Ivy,17,40,FALSE,TRUE,Yale Bowl,
2003-10-11,2003,8,regular,Holy Cross,Patriot,Towson,Patriot,13,30,FALSE,TRUE,Johnny Unitas Stadium,
2003-10-11,2003,8,regular,UConn,FBS Independents,NC State,ACC,24,31,FALSE,FALSE,Carter-Finley Stadium,
2003-10-11,2003,8,regular,Colgate,Patriot,Princeton,Ivy,30,3,FALSE,FALSE,Princeton University Stadium,
2003-10-11,2003,8,regular,Harvard,Ivy,Cornell,Ivy,27,0,FALSE,TRUE,Schoellkopf Field,
2003-10-11,2003,8,regular,Fordham,Patriot,Brown,Ivy,24,21,FALSE,FALSE,Brown Stadium,
2003-10-11,2003,8,regular,Western Carolina,Southern,Georgia Southern,Southern,25,31,FALSE,TRUE,Allen E. Paulson Stadium,
2003-10-11,2003,8,regular,Duquesne,Metro Atlantic Athletic,Iona,Metro Atlantic Athletic,42,29,TRUE,TRUE,,
2003-10-11,2003,8,regular,Columbia,Ivy,Lafayette,Patriot,27,41,FALSE,FALSE,Fisher Field,
2003-10-11,2003,8,regular,Robert Morris,NEC,Central Connecticut,NEC,27,17,FALSE,TRUE,Arute Field,
2003-10-11,2003,8,regular,Northern Illinois,Mid-American,Central Michigan,Mid-American,40,24,FALSE,TRUE,Kelly/Shorts Stadium,
2003-10-11,2003,8,regular,Bethune-Cookman,MEAC,Delaware State,MEAC,27,13,FALSE,TRUE,Alumni Stadium,
2003-10-11,2003,8,regular,St. Mary's (CA),FCS Independents,Lehigh,Patriot,7,35,FALSE,FALSE,Goodman Stadium,
2003-10-11,2003,8,regular,La Salle,Metro Atlantic Athletic,Marist,Metro Atlantic Athletic,33,31,FALSE,TRUE,Leonidoff Field,
2003-10-11,2003,8,regular,Wagner,NEC,Monmouth,NEC,0,24,TRUE,TRUE,Kessler Field,
2003-10-11,2003,8,regular,Sacred Heart,NEC,Siena,Metro Atlantic Athletic,41,14,TRUE,FALSE,,
2003-10-11,2003,8,regular,UAlbany,NEC,St. Francis (PA),NEC,44,21,TRUE,TRUE,,
2003-10-11,2003,8,regular,Charleston Southern,Big South,VMI,Big South,7,50,FALSE,TRUE,Alumni Memorial Field,
2003-10-11,2003,8,regular,Massachusetts,Atlantic 10,William & Mary,Atlantic 10,24,14,FALSE,TRUE,Zable Stadium,
2003-10-11,2003,8,regular,Baylor,Big 12,Texas A&M,Big 12,10,73,FALSE,TRUE,Kyle Field,
2003-10-11,2003,8,regular,Northeastern,Atlantic 10,Hofstra,Atlantic 10,14,24,TRUE,TRUE,,
2003-10-11,2003,8,regular,Norfolk State,MEAC,South Carolina State,MEAC,15,34,FALSE,TRUE,Oliver C. Dawson Stadium,
2003-10-11,2003,8,regular,Elon,Southern,Wofford,Southern,7,45,FALSE,TRUE,Gibbs Stadium,
2003-10-11,2003,8,regular,Stony Brook,NEC,Georgetown,Patriot,21,49,FALSE,FALSE,Cooper Field,
2003-10-11,2003,8,regular,Arkansas State,Sun Belt,Ole Miss,SEC,0,55,FALSE,FALSE,Vaught-Hemingway Stadium,
2003-10-11,2003,8,regular,Buffalo,Mid-American,Miami (OH),Mid-American,3,59,FALSE,TRUE,Yager Stadium,
2003-10-11,2003,8,regular,UCF,Mid-American,Ohio,Mid-American,0,28,FALSE,TRUE,Peden Stadium,
2003-10-11,2003,8,regular,Navy,FBS Independents,Vanderbilt,SEC,37,27,FALSE,FALSE,FirstBank Stadium,
2003-10-11,2003,8,regular,Western Washington,,Northern Colorado,FCS Independents,17,48,FALSE,FALSE,Nottingham Field,
2003-10-11,2003,8,regular,Murray State,OVC,Samford,OVC,6,35,FALSE,TRUE,Seibert Stadium,
2003-10-11,2003,8,regular,Tennessee State,OVC,Tennessee Tech,OVC,27,23,FALSE,TRUE,Tucker Stadium,
2003-10-11,2003,8,regular,Bowling Green,Mid-American,Western Michigan,Mid-American,32,21,FALSE,TRUE,Waldo Stadium,
2003-10-11,2003,8,regular,Illinois State,MVFC,Southern Illinois,MVFC,17,45,TRUE,TRUE,,
2003-10-11,2003,8,regular,Memphis,Conference USA,Mississippi State,SEC,27,35,FALSE,FALSE,Davis Wade Stadium,
2003-10-11,2003,8,regular,Eastern Kentucky,OVC,Eastern Illinois,OVC,41,0,FALSE,TRUE,O'Brien Stadium,
2003-10-11,2003,8,regular,Houston,Conference USA,Tulane,Conference USA,45,42,FALSE,TRUE,,
2003-10-11,2003,8,regular,Army,Conference USA,Louisville,Conference USA,10,34,FALSE,TRUE,L&N Federal Credit Union Stadium,
2003-10-11,2003,8,regular,Richmond,Atlantic 10,James Madison,Atlantic 10,14,34,FALSE,TRUE,Bridgeforth Stadium,
2003-10-11,2003,8,regular,Southern Miss,Conference USA,Alabama,SEC,3,17,FALSE,FALSE,Bryant-Denny Stadium,
2003-10-11,2003,8,regular,UNLV,Mountain West,Air Force,Mountain West,7,24,FALSE,TRUE,Falcon Stadium,
2003-10-11,2003,8,regular,New Mexico State,Sun Belt,Middle Tennessee,Sun Belt,18,35,FALSE,TRUE,"Johnny ""Red"" Floyd Stadium",
2003-10-11,2003,8,regular,North Carolina A&T,MEAC,Morgan State,MEAC,28,21,FALSE,TRUE,Hughes Stadium,
2003-10-11,2003,8,regular,Oregon,Pac-10,Arizona State,Pac-10,14,59,FALSE,TRUE,Mountain America Stadium,
2003-10-11,2003,8,regular,Kansas,Big 12,Colorado,Big 12,47,50,FALSE,TRUE,Folsom Field,
2003-10-11,2003,8,regular,Florida,SEC,LSU,SEC,19,7,FALSE,TRUE,Tiger Stadium (LA),
2003-10-11,2003,8,regular,North Carolina,ACC,East Carolina,Conference USA,28,17,FALSE,TRUE,Dowdy-Ficklen Stadium,
2003-10-11,2003,8,regular,Georgia Tech,ACC,Wake Forest,ACC,24,7,FALSE,TRUE,,
2003-10-11,2003,8,regular,Boston College,Big East,Temple,Big East,38,13,FALSE,TRUE,Lincoln Financial Field,
2003-10-11,2003,8,regular,App State,Southern,Furman,Southern,13,10,FALSE,TRUE,Paladin Stadium,
2003-10-11,2003,8,regular,Oklahoma,Big 12,Texas,Big 12,65,13,FALSE,TRUE,,
2003-10-11,2003,8,regular,Nevada,Western Athletic,Washington,Pac-10,28,17,FALSE,FALSE,Husky Stadium,
2003-10-11,2003,8,regular,Liberty,Big South,Gardner-Webb,Big South,17,27,FALSE,TRUE,Ernest W. Spangler Stadium,
2003-10-11,2003,8,regular,Penn State,Big Ten,Purdue,Big Ten,14,28,FALSE,TRUE,Ross-Ade Stadium,
2003-10-11,2003,8,regular,Cincinnati,Conference USA,UAB,Conference USA,14,31,FALSE,TRUE,Legion Field,
2003-10-11,2003,8,regular,Nicholls,Southland,Florida Atlantic,FCS Independents,23,31,TRUE,FALSE,,
2003-10-11,2003,8,regular,Western Illinois,MVFC,Youngstown State,MVFC,54,20,FALSE,TRUE,Stambaugh Stadium,
2003-10-11,2003,8,regular,Kent State,Mid-American,Marshall,Mid-American,33,49,FALSE,TRUE,Joan C. Edwards Stadium,
2003-10-11,2003,8,regular,UT Martin,OVC,Jacksonville State,OVC,24,34,TRUE,TRUE,,
2003-10-11,2003,8,regular,UL Monroe,Sun Belt,Louisiana,Sun Belt,45,42,FALSE,TRUE,Cajun Field,
2003-10-11,2003,8,regular,Indiana State,MVFC,Northern Iowa,MVFC,14,22,FALSE,TRUE,UNI-Dome,
2003-10-11,2003,8,regular,Duke,ACC,Maryland,ACC,20,33,FALSE,TRUE,SECU Stadium,
2003-10-11,2003,8,regular,Notre Dame,FBS Independents,Pittsburgh,Big East,20,14,FALSE,FALSE,Acrisure Stadium,
2003-10-11,2003,8,regular,Cal Poly,FCS Independents,Akron,Mid-American,14,45,TRUE,FALSE,,
2003-10-11,2003,8,regular,UCLA,Pac-10,Arizona,Pac-10,24,21,FALSE,TRUE,Arizona Stadium,
2003-10-11,2003,8,regular,North Texas,Sun Belt,Idaho,Sun Belt,24,14,FALSE,TRUE,Kibbie Dome,
2003-10-11,2003,8,regular,Nebraska,Big 12,Missouri,Big 12,24,41,FALSE,TRUE,Memorial Stadium,
2003-10-11,2003,8,regular,San Diego State,Mountain West,Utah,Mountain West,6,27,FALSE,TRUE,Rice-Eccles Stadium,
2003-10-11,2003,8,regular,University Of Charleston (WV),,Coastal Carolina,Big South,0,47,FALSE,FALSE,Brooks Stadium (SC),
2003-10-11,2003,8,regular,SE Louisiana,FCS Independents,Northwestern State,Southland,27,87,FALSE,FALSE,Harry Turpin Stadium,
2003-10-11,2003,8,regular,Iowa State,Big 12,Texas Tech,Big 12,21,52,FALSE,TRUE,Jones AT&T Stadium,
2003-10-11,2003,8,regular,Eastern Michigan,Mid-American,Toledo,Mid-American,14,49,FALSE,TRUE,Glass Bowl,
2003-10-11,2003,8,regular,Georgia,SEC,Tennessee,SEC,41,14,FALSE,TRUE,Neyland Stadium,
2003-10-12,2003,8,regular,Missouri State,MVFC,Western Kentucky,MVFC,6,9,FALSE,TRUE,Houchens Industries-L.T. Smith Stadium,
2003-10-12,2003,8,regular,Wyoming,Mountain West,Utah State,Sun Belt,48,21,FALSE,FALSE,Maverik Stadium,
2003-10-12,2003,8,regular,Tulsa,Western Athletic,Boise State,Western Athletic,20,27,FALSE,TRUE,Albertsons Stadium,
2003-10-12,2003,8,regular,Texas State,Southland,Southern Utah,FCS Independents,28,31,FALSE,FALSE,Eccles Coliseum,
2003-10-12,2003,8,regular,Ohio State,Big Ten,Wisconsin,Big Ten,10,17,FALSE,TRUE,Camp Randall Stadium,
2003-10-12,2003,8,regular,Louisiana Tech,Western Athletic,UTEP,Western Athletic,38,35,FALSE,TRUE,Sun Bowl,
2003-10-12,2003,8,regular,SMU,Western Athletic,San José State,Western Athletic,14,31,FALSE,TRUE,CEFCU Stadium,
2003-10-12,2003,8,regular,Stanford,Pac-10,USC,Pac-10,21,44,FALSE,TRUE,Los Angeles Memorial Coliseum,
2003-10-12,2003,8,regular,Fresno State,Western Athletic,Hawai'i,Western Athletic,28,55,FALSE,TRUE,Aloha Stadium,
2003-10-16,2003,9,regular,New Mexico State,Sun Belt,Louisiana,Sun Belt,24,26,FALSE,TRUE,Cajun Field,
2003-10-16,2003,9,regular,Clemson,ACC,NC State,ACC,15,17,FALSE,TRUE,Carter-Finley Stadium,
2003-10-17,2003,9,regular,Stephen F. Austin,Southland,Sam Houston,Southland,34,31,FALSE,TRUE,Elliott T. Bowers Stadium,
2003-10-17,2003,9,regular,Air Force,Mountain West,Colorado State,Mountain West,20,30,FALSE,TRUE,Sonny Lubick Field at Hughes Stadium,
2003-10-18,2003,9,regular,Tulane,Conference USA,Louisville,Conference USA,28,47,FALSE,TRUE,L&N Federal Credit Union Stadium,
2003-10-18,2003,9,regular,Rhode Island,Atlantic 10,Delaware,Atlantic 10,10,55,FALSE,TRUE,Delaware Stadium,
2003-10-18,2003,9,regular,Illinois,Big Ten,Michigan,Big Ten,14,56,FALSE,TRUE,Michigan Stadium,
2003-10-18,2003,9,regular,Michigan State,Big Ten,Minnesota,Big Ten,44,38,FALSE,TRUE,,
2003-10-18,2003,9,regular,Wake Forest,ACC,Duke,ACC,42,13,FALSE,TRUE,Wallace Wade Stadium,
2003-10-18,2003,9,regular,Boston College,Big East,Syracuse,Big East,14,39,FALSE,TRUE,JMA Wireless Dome,
2003-10-18,2003,9,regular,Purdue,Big Ten,Wisconsin,Big Ten,26,23,FALSE,TRUE,Camp Randall Stadium,
2003-10-18,2003,9,regular,Temple,Big East,Miami,Big East,14,52,FALSE,TRUE,,
2003-10-18,2003,9,regular,Maine,Atlantic 10,Northeastern,Atlantic 10,14,20,TRUE,TRUE,,
2003-10-18,2003,9,regular,Texas,Big 12,Iowa State,Big 12,40,19,FALSE,TRUE,Jack Trice Stadium,
2003-10-18,2003,9,regular,Hofstra,Atlantic 10,Massachusetts,Atlantic 10,22,27,TRUE,TRUE,,
2003-10-18,2003,9,regular,Alabama,SEC,Ole Miss,SEC,28,43,FALSE,TRUE,Vaught-Hemingway Stadium,
2003-10-18,2003,9,regular,Texas A&M,Big 12,Nebraska,Big 12,12,48,FALSE,TRUE,"Memorial Stadium (Lincoln, NE)",
2003-10-18,2003,9,regular,Dartmouth,Ivy,Holy Cross,Patriot,24,20,FALSE,FALSE,Fitton Field,
2003-10-18,2003,9,regular,Lafayette,Patriot,Harvard,Ivy,27,34,FALSE,FALSE,Harvard Stadium,
2003-10-18,2003,9,regular,Georgetown,Patriot,Cornell,Ivy,42,20,FALSE,FALSE,Schoellkopf Field,
2003-10-18,2003,9,regular,Princeton,Ivy,Brown,Ivy,34,14,FALSE,TRUE,Brown Stadium,
2003-10-18,2003,9,regular,New Hampshire,Atlantic 10,Richmond,Atlantic 10,23,35,TRUE,TRUE,,
2003-10-18,2003,9,regular,Marist,Metro Atlantic Athletic,Iona,Metro Atlantic Athletic,21,31,TRUE,TRUE,,
2003-10-18,2003,9,regular,East Carolina,Conference USA,Army,Conference USA,38,32,FALSE,TRUE,Michie Stadium,
2003-10-18,2003,9,regular,Towson,Patriot,Bucknell,Patriot,10,14,FALSE,TRUE,Christy Mathewson-Memorial Stadium,
2003-10-18,2003,9,regular,Marshall,Mid-American,Buffalo,Mid-American,26,16,FALSE,TRUE,UB Stadium,
2003-10-18,2003,9,regular,Toledo,Mid-American,Central Michigan,Mid-American,31,13,FALSE,TRUE,Kelly/Shorts Stadium,
2003-10-18,2003,9,regular,Yale,Ivy,Colgate,Patriot,40,52,FALSE,FALSE,Andy Kerr Stadium,
2003-10-18,2003,9,regular,New Haven,,Fordham,Patriot,7,41,TRUE,FALSE,,
2003-10-18,2003,9,regular,Catholic,,La Salle,Metro Atlantic Athletic,32,31,TRUE,FALSE,,
2003-10-18,2003,9,regular,UAlbany,NEC,Monmouth,NEC,7,10,TRUE,TRUE,Kessler Field,
2003-10-18,2003,9,regular,Howard,MEAC,Morgan State,MEAC,12,33,FALSE,TRUE,Hughes Stadium,
2003-10-18,2003,9,regular,Hampton,MEAC,Norfolk State,MEAC,52,0,FALSE,TRUE,"William Dick"""" Price Stadium""""",
2003-10-18,2003,9,regular,Gardner-Webb,Big South,VMI,Big South,37,25,FALSE,TRUE,Alumni Memorial Field,
2003-10-18,2003,9,regular,James Madison,Atlantic 10,William & Mary,Atlantic 10,24,17,FALSE,TRUE,Zable Stadium,
2003-10-18,2003,9,regular,Arizona State,Pac-10,North Carolina,ACC,33,31,FALSE,TRUE,Kenan Stadium,
2003-10-18,2003,9,regular,Pittsburgh,Big East,Rutgers,Big East,42,32,FALSE,TRUE,High Point Solutions Stadium,
2003-10-18,2003,9,regular,Pennsylvania,Ivy,Columbia,Ivy,31,7,FALSE,TRUE,Lawrence A. Wien Stadium,
2003-10-18,2003,9,regular,Sacred Heart,NEC,Robert Morris,NEC,24,20,TRUE,TRUE,,
2003-10-18,2003,9,regular,St. Peter's,Metro Atlantic Athletic,Duquesne,Metro Atlantic Athletic,7,39,FALSE,TRUE,Arthur J. Rooney Athletic Field,
2003-10-18,2003,9,regular,Georgia,SEC,Vanderbilt,SEC,27,8,FALSE,TRUE,FirstBank Stadium,
2003-10-18,2003,9,regular,Liberty,Big South,East Tennessee State,Southern,23,33,TRUE,FALSE,,
2003-10-18,2003,9,regular,Chattanooga,Southern,Elon,Southern,24,7,FALSE,TRUE,Rhodes Stadium,
2003-10-18,2003,9,regular,Baylor,Big 12,Kansas,Big 12,21,28,FALSE,TRUE,Memorial Stadium,
2003-10-18,2003,9,regular,UConn,FBS Independents,Kent State,Mid-American,34,31,FALSE,FALSE,Dix Stadium,
2003-10-18,2003,9,regular,Alabama A&M,SWAC,Savannah St,FCS Independents,38,0,FALSE,FALSE,Ted Wright Stadium,
2003-10-18,2003,9,regular,Wofford,Southern,Western Carolina,Southern,38,6,FALSE,TRUE,E. J. Whitmire Stadium,
2003-10-18,2003,9,regular,Youngstown State,MVFC,Indiana State,MVFC,30,24,FALSE,TRUE,Memorial Stadium,
2003-10-18,2003,9,regular,Southern Illinois,MVFC,Western Illinois,MVFC,37,32,FALSE,TRUE,Hanson Field,
2003-10-18,2003,9,regular,Colorado,Big 12,Kansas State,Big 12,20,49,FALSE,TRUE,Bill Snyder Family Stadium,
2003-10-18,2003,9,regular,Mississippi State,SEC,Auburn,SEC,13,45,FALSE,TRUE,Jordan-Hare Stadium,
2003-10-18,2003,9,regular,USC,Pac-10,Notre Dame,FBS Independents,45,14,FALSE,FALSE,Notre Dame Stadium,
2003-10-18,2003,9,regular,Northern Iowa,MVFC,Missouri State,MVFC,26,20,FALSE,TRUE,Plaster Sports Complex,
2003-10-18,2003,9,regular,Nevada,Western Athletic,Tulsa,Western Athletic,28,21,FALSE,TRUE,,
2003-10-18,2003,9,regular,Navy,FBS Independents,Rice,Western Athletic,38,6,FALSE,FALSE,Rice Stadium,
2003-10-18,2003,9,regular,Miami (OH),Mid-American,Ball State,Mid-American,49,3,FALSE,TRUE,Scheumann Stadium,
2003-10-18,2003,9,regular,Southeast Missouri State,OVC,Eastern Kentucky,OVC,41,38,FALSE,TRUE,Roy Kidd Stadium,
2003-10-18,2003,9,regular,Hawai'i,Western Athletic,Louisiana Tech,Western Athletic,44,41,FALSE,TRUE,Joe Aillet Stadium,
2003-10-18,2003,9,regular,Utah,Mountain West,UNLV,Mountain West,28,10,FALSE,TRUE,Sam Boyd Stadium,
2003-10-18,2003,9,regular,Boise State,Western Athletic,SMU,Western Athletic,45,3,FALSE,TRUE,Gerald J. Ford Stadium,
2003-10-18,2003,9,regular,Florida International,FCS Independents,Troy,FBS Independents,10,21,FALSE,FALSE,Veterans Memorial Stadium (AL),
2003-10-18,2003,9,regular,Florida,SEC,Arkansas,SEC,33,28,FALSE,TRUE,Razorback Stadium,
2003-10-18,2003,9,regular,California,Pac-10,UCLA,Pac-10,20,23,FALSE,TRUE,Rose Bowl,
2003-10-18,2003,9,regular,Iowa,Big Ten,Ohio State,Big Ten,10,19,FALSE,TRUE,Ohio Stadium,
2003-10-18,2003,9,regular,Texas Tech,Big 12,Oklahoma State,Big 12,49,51,FALSE,TRUE,Boone Pickens Stadium,
2003-10-18,2003,9,regular,Western Kentucky,MVFC,Illinois State,MVFC,27,24,FALSE,TRUE,Hancock Stadium,
2003-10-18,2003,9,regular,Furman,Southern,The Citadel,Southern,9,10,TRUE,TRUE,,
2003-10-18,2003,9,regular,Eastern Illinois,OVC,Murray State,OVC,27,17,FALSE,TRUE,Roy Stewart Stadium,
2003-10-18,2003,9,regular,Georgia Southern,Southern,App State,Southern,21,28,FALSE,TRUE,Kidd Brewer Stadium,
2003-10-18,2003,9,regular,South Carolina State,MEAC,Bethune-Cookman,MEAC,28,31,FALSE,TRUE,Municipal Stadium,
2003-10-18,2003,9,regular,Northern Colorado,FCS Independents,Florida Atlantic,FCS Independents,6,14,TRUE,TRUE,,
2003-10-18,2003,9,regular,St. Francis (PA),NEC,Stony Brook,NEC,14,49,FALSE,TRUE,Kenneth P. LaValle Stadium,
2003-10-18,2003,9,regular,Utah State,Sun Belt,North Texas,Sun Belt,27,37,FALSE,TRUE,,
2003-10-18,2003,9,regular,Western Michigan,Mid-American,Northern Illinois,Mid-American,10,37,FALSE,TRUE,Huskie Stadium,
2003-10-18,2003,9,regular,Washington State,Pac-10,Stanford,Pac-10,24,14,FALSE,TRUE,Stanford Stadium,
2003-10-18,2003,9,regular,Middle Tennessee,Sun Belt,Idaho,Sun Belt,28,21,FALSE,TRUE,Kibbie Dome,
2003-10-18,2003,9,regular,Webber International,,SE Louisiana,FCS Independents,10,68,FALSE,FALSE,Strawberry Stadium,
2003-10-18,2003,9,regular,Samford,OVC,UT Martin,OVC,57,22,FALSE,TRUE,Graham Stadium,
2003-10-18,2003,9,regular,UCF,Mid-American,Akron,Mid-American,24,38,FALSE,TRUE,,
2003-10-18,2003,9,regular,Bowling Green,Mid-American,Eastern Michigan,Mid-American,33,20,FALSE,TRUE,Rynearson Stadium,
2003-10-18,2003,9,regular,Florida A&M,,North Carolina A&T,MEAC,16,22,FALSE,FALSE,Aggie Stadium,
2003-10-18,2003,9,regular,BYU,Mountain West,Wyoming,Mountain West,10,13,FALSE,TRUE,War Memorial Stadium,
2003-10-18,2003,9,regular,Charleston Southern,Big South,South Florida,Conference USA,7,55,FALSE,FALSE,Raymond James Stadium,
2003-10-18,2003,9,regular,Ohio,Mid-American,Kentucky,SEC,14,35,FALSE,FALSE,Kroger Field,
2003-10-18,2003,9,regular,Missouri,Big 12,Oklahoma,Big 12,13,34,FALSE,TRUE,"Memorial Stadium (Norman, OK)",
2003-10-18,2003,9,regular,Northwestern State,Southland,Texas State,Southland,49,19,FALSE,TRUE,Bobcat Stadium (TX),
2003-10-18,2003,9,regular,Wagner,NEC,Siena,Metro Atlantic Athletic,34,6,TRUE,FALSE,,
2003-10-18,2003,9,regular,UAB,Conference USA,TCU,Conference USA,24,27,FALSE,TRUE,Amon G. Carter Stadium,
2003-10-18,2003,9,regular,Jacksonville State,OVC,Tennessee State,OVC,34,7,FALSE,TRUE,Nissan Stadium,
2003-10-18,2003,9,regular,LSU,SEC,South Carolina,SEC,33,7,FALSE,TRUE,Williams-Brice Stadium,
2003-10-18,2003,9,regular,Florida State,ACC,Virginia,ACC,19,14,FALSE,TRUE,Scott Stadium,
2003-10-19,2003,9,regular,Memphis,Conference USA,Houston,Conference USA,45,14,FALSE,TRUE,Robertson Stadium,
2003-10-19,2003,9,regular,St. Mary's (CA),FCS Independents,Cal Poly,FCS Independents,10,54,TRUE,TRUE,Mustang Stadium,
2003-10-19,2003,9,regular,McNeese,Southland,Southern Utah,FCS Independents,33,20,FALSE,FALSE,Eccles Coliseum,
2003-10-19,2003,9,regular,New Mexico,Mountain West,San Diego State,Mountain West,30,7,FALSE,TRUE,Qualcomm Stadium,
2003-10-19,2003,9,regular,Washington,Pac-10,Oregon State,Pac-10,38,17,FALSE,TRUE,Reser Stadium,
2003-10-22,2003,10,regular,Virginia Tech,Big East,West Virginia,Big East,7,28,FALSE,TRUE,Milan Puskar Stadium,
2003-10-23,2003,10,regular,Maryland,ACC,Georgia Tech,ACC,3,7,FALSE,TRUE,Bobby Dodd Stadium,
2003-10-25,2003,10,regular,Holy Cross,Patriot,Florida International,FCS Independents,23,34,FALSE,FALSE,FIU Stadium,
2003-10-25,2003,10,regular,Akron,Mid-American,UConn,FBS Independents,37,38,FALSE,FALSE,Pratt & Whitney Stadium,
2003-10-25,2003,10,regular,Wisconsin,Big Ten,Northwestern,Big Ten,7,16,FALSE,TRUE,Ryan Field,
2003-10-25,2003,10,regular,Ohio State,Big Ten,Indiana,Big Ten,35,6,FALSE,TRUE,"Memorial Stadium (Bloomington, IN)",
2003-10-25,2003,10,regular,Notre Dame,FBS Independents,Boston College,Big East,25,27,FALSE,FALSE,"Alumni Stadium (Chestnut Hill, MA)",
2003-10-25,2003,10,regular,Princeton,Ivy,Harvard,Ivy,40,43,FALSE,TRUE,Harvard Stadium,
2003-10-25,2003,10,regular,Syracuse,Big East,Pittsburgh,Big East,14,34,FALSE,TRUE,Acrisure Stadium,
2003-10-25,2003,10,regular,William & Mary,Atlantic 10,Rhode Island,Atlantic 10,37,24,FALSE,TRUE,Meade Stadium,
2003-10-25,2003,10,regular,North Carolina,ACC,Clemson,ACC,28,36,FALSE,TRUE,"Memorial Stadium (Clemson, SC)",
2003-10-25,2003,10,regular,Minnesota,Big Ten,Illinois,Big Ten,36,10,FALSE,TRUE,"Memorial Stadium (Champaign, IL)",
2003-10-25,2003,10,regular,Penn State,Big Ten,Iowa,Big Ten,14,26,FALSE,TRUE,Kinnick Stadium,
2003-10-25,2003,10,regular,App State,Southern,Wofford,Southern,14,24,FALSE,TRUE,Gibbs Stadium,
2003-10-25,2003,10,regular,Mississippi State,SEC,Kentucky,SEC,17,42,FALSE,TRUE,Kroger Field,
2003-10-25,2003,10,regular,Texas Tech,Big 12,Missouri,Big 12,31,62,FALSE,TRUE,Memorial Stadium,
2003-10-25,2003,10,regular,Columbia,Ivy,Dartmouth,Ivy,21,26,FALSE,TRUE,Memorial Field,
2003-10-25,2003,10,regular,Iowa State,Big 12,Nebraska,Big 12,0,28,FALSE,TRUE,"Memorial Stadium (Lincoln, NE)",
2003-10-25,2003,10,regular,Lehigh,Patriot,Georgetown,Patriot,45,24,FALSE,TRUE,Cooper Field,
2003-10-25,2003,10,regular,UAB,Conference USA,Georgia,SEC,13,16,FALSE,FALSE,Sanford Stadium,
2003-10-25,2003,10,regular,Elon,Southern,Towson,Patriot,7,24,FALSE,FALSE,Johnny Unitas Stadium,
2003-10-25,2003,10,regular,NC State,ACC,Duke,ACC,28,21,FALSE,TRUE,Wallace Wade Stadium,
2003-10-25,2003,10,regular,Brown,Ivy,Cornell,Ivy,21,7,FALSE,TRUE,Schoellkopf Field,
2003-10-25,2003,10,regular,Rutgers,Big East,Temple,Big East,30,14,FALSE,TRUE,Lincoln Financial Field,
2003-10-25,2003,10,regular,The Citadel,Southern,Georgia Southern,Southern,28,24,FALSE,TRUE,Allen E. Paulson Stadium,
2003-10-25,2003,10,regular,Sacred Heart,NEC,Iona,Metro Atlantic Athletic,31,38,TRUE,FALSE,,
2003-10-25,2003,10,regular,Fordham,Patriot,Lafayette,Patriot,32,30,FALSE,TRUE,Fisher Field,
2003-10-25,2003,10,regular,Stony Brook,NEC,UAlbany,NEC,7,40,TRUE,TRUE,University Field (NY),
2003-10-25,2003,10,regular,Ohio,Mid-American,Buffalo,Mid-American,17,26,FALSE,TRUE,UB Stadium,
2003-10-25,2003,10,regular,Bucknell,Patriot,Colgate,Patriot,6,50,FALSE,TRUE,Andy Kerr Stadium,
2003-10-25,2003,10,regular,Morgan State,MEAC,Delaware State,MEAC,53,36,FALSE,TRUE,Alumni Stadium,
2003-10-25,2003,10,regular,Monmouth,NEC,La Salle,Metro Atlantic Athletic,50,0,TRUE,FALSE,,
2003-10-25,2003,10,regular,St. Peter's,Metro Atlantic Athletic,Siena,Metro Atlantic Athletic,20,16,TRUE,TRUE,,
2003-10-25,2003,10,regular,Central Connecticut,NEC,St. Francis (PA),NEC,35,28,TRUE,TRUE,,
2003-10-25,2003,10,regular,Delaware,Atlantic 10,Navy,FBS Independents,21,17,FALSE,FALSE,Navy-Marine Corps Memorial Stadium,
2003-10-25,2003,10,regular,Howard,MEAC,North Carolina A&T,MEAC,7,27,FALSE,TRUE,Aggie Stadium,
2003-10-25,2003,10,regular,Wagner,NEC,Robert Morris,NEC,28,31,TRUE,TRUE,,
2003-10-25,2003,10,regular,North Greenville,,Charleston Southern,Big South,49,21,TRUE,FALSE,,
2003-10-25,2003,10,regular,Louisville,Conference USA,East Carolina,Conference USA,36,20,FALSE,TRUE,Dowdy-Ficklen Stadium,
2003-10-25,2003,10,regular,East Tennessee State,Southern,Furman,Southern,10,30,FALSE,TRUE,Paladin Stadium,
2003-10-25,2003,10,regular,James Madison,Atlantic 10,Maine,Atlantic 10,13,20,FALSE,TRUE,Alfond Stadium,
2003-10-25,2003,10,regular,Toledo,Mid-American,Ball State,Mid-American,14,38,FALSE,TRUE,Scheumann Stadium,
2003-10-25,2003,10,regular,South Carolina State,MEAC,Hampton,MEAC,12,32,FALSE,TRUE,Armstrong Stadium,
2003-10-25,2003,10,regular,Miami (OH),Mid-American,Kent State,Mid-American,38,30,FALSE,TRUE,Dix Stadium,
2003-10-25,2003,10,regular,Adams State,,Northern Colorado,FCS Independents,14,55,FALSE,FALSE,Nottingham Field,
2003-10-25,2003,10,regular,Northern Iowa,MVFC,Western Illinois,MVFC,38,30,FALSE,TRUE,Hanson Field,
2003-10-25,2003,10,regular,Kansas,Big 12,Kansas State,Big 12,6,42,FALSE,TRUE,Bill Snyder Family Stadium,
2003-10-25,2003,10,regular,UT Martin,OVC,Eastern Illinois,OVC,12,29,FALSE,TRUE,O'Brien Stadium,
2003-10-25,2003,10,regular,Memphis,Conference USA,Tulane,Conference USA,41,9,FALSE,TRUE,Caesars Superdome,
2003-10-25,2003,10,regular,Marshall,Mid-American,Western Michigan,Mid-American,41,21,FALSE,TRUE,Waldo Stadium,
2003-10-25,2003,10,regular,Norfolk State,MEAC,Florida A&M,,10,60,TRUE,FALSE,Bragg Memorial Stadium,
2003-10-25,2003,10,regular,SMU,Western Athletic,Tulsa,Western Athletic,16,35,FALSE,TRUE,,
2003-10-25,2003,10,regular,New Mexico,Mountain West,Utah,Mountain West,47,35,FALSE,TRUE,Rice-Eccles Stadium,
2003-10-25,2003,10,regular,VMI,Big South,Richmond,Atlantic 10,25,35,TRUE,FALSE,,
2003-10-25,2003,10,regular,Troy,FBS Independents,Virginia,ACC,0,24,FALSE,FALSE,Scott Stadium,
2003-10-25,2003,10,regular,Arkansas State,Sun Belt,Utah State,Sun Belt,0,49,FALSE,TRUE,Maverik Stadium,
2003-10-25,2003,10,regular,Army,Conference USA,Cincinnati,Conference USA,29,33,FALSE,TRUE,Nippert Stadium,
2003-10-25,2003,10,regular,South Florida,Conference USA,Southern Miss,Conference USA,6,27,FALSE,TRUE,M. M. Roberts Stadium,
2003-10-25,2003,10,regular,San José State,Western Athletic,Boise State,Western Athletic,14,77,FALSE,TRUE,Albertsons Stadium,
2003-10-25,2003,10,regular,Western Kentucky,MVFC,Indiana State,MVFC,59,14,FALSE,TRUE,Memorial Stadium,
2003-10-25,2003,10,regular,Arizona,Pac-10,California,Pac-10,14,42,FALSE,TRUE,California Memorial Stadium,
2003-10-25,2003,10,regular,Wake Forest,ACC,Florida State,ACC,24,48,FALSE,TRUE,Doak Campbell Stadium,
2003-10-25,2003,10,regular,Purdue,Big Ten,Michigan,Big Ten,3,31,FALSE,TRUE,Michigan Stadium,
2003-10-25,2003,10,regular,Yale,Ivy,Pennsylvania,Ivy,31,34,FALSE,TRUE,Franklin Field,
2003-10-25,2003,10,regular,Massachusetts,Atlantic 10,Villanova,Atlantic 10,19,14,FALSE,TRUE,Villanova Stadium,
2003-10-25,2003,10,regular,Oklahoma State,Big 12,Texas A&M,Big 12,38,10,FALSE,TRUE,Kyle Field,
2003-10-25,2003,10,regular,USC,Pac-10,Washington,Pac-10,43,23,FALSE,TRUE,Husky Stadium,
2003-10-25,2003,10,regular,Tennessee,SEC,Alabama,SEC,51,43,FALSE,TRUE,Bryant-Denny Stadium,
2003-10-25,2003,10,regular,Nicholls,Southland,Northwestern State,Southland,40,30,FALSE,TRUE,Harry Turpin Stadium,
2003-10-25,2003,10,regular,Stanford,Pac-10,Oregon,Pac-10,0,35,FALSE,TRUE,Autzen Stadium,
2003-10-25,2003,10,regular,Tennessee State,OVC,Samford,OVC,29,24,FALSE,TRUE,Seibert Stadium,
2003-10-25,2003,10,regular,Northern Illinois,Mid-American,Bowling Green,Mid-American,18,34,FALSE,TRUE,Doyt L. Perry Stadium,
2003-10-25,2003,10,regular,Central Michigan,Mid-American,UCF,Mid-American,13,31,FALSE,TRUE,,
2003-10-25,2003,10,regular,Coastal Carolina,Big South,Savannah St,FCS Independents,29,19,FALSE,FALSE,Ted Wright Stadium,
2003-10-25,2003,10,regular,SE Louisiana,FCS Independents,St. Mary's (CA),FCS Independents,27,33,TRUE,TRUE,,
2003-10-25,2003,10,regular,Illinois State,MVFC,Youngstown State,MVFC,35,25,FALSE,TRUE,Stambaugh Stadium,
2003-10-25,2003,10,regular,Louisiana Tech,Western Athletic,Nevada,Western Athletic,42,34,FALSE,TRUE,Mackay Stadium,
2003-10-25,2003,10,regular,Idaho,Sun Belt,Louisiana,Sun Belt,20,31,FALSE,TRUE,Cajun Field,
2003-10-25,2003,10,regular,Texas State,Southland,Stephen F. Austin,Southland,27,44,FALSE,TRUE,Homer Bryce Stadium,
2003-10-25,2003,10,regular,Western Carolina,Southern,Chattanooga,Southern,0,38,FALSE,TRUE,Finley Stadium,
2003-10-25,2003,10,regular,Oregon State,Pac-10,Washington State,Pac-10,30,36,FALSE,TRUE,Gesa Field,
2003-10-25,2003,10,regular,Oklahoma,Big 12,Colorado,Big 12,34,20,FALSE,TRUE,Folsom Field,
2003-10-25,2003,10,regular,Missouri State,MVFC,Southern Illinois,MVFC,6,20,TRUE,TRUE,,
2003-10-25,2003,10,regular,Texas,Big 12,Baylor,Big 12,56,0,FALSE,TRUE,Floyd Casey Stadium,
2003-10-25,2003,10,regular,Rice,Western Athletic,Fresno State,Western Athletic,28,31,FALSE,TRUE,Valley Children's Stadium,
2003-10-25,2003,10,regular,New Hampshire,Atlantic 10,Hofstra,Atlantic 10,38,17,TRUE,TRUE,,
2003-10-25,2003,10,regular,North Texas,Sun Belt,Middle Tennessee,Sun Belt,33,28,FALSE,TRUE,"Johnny ""Red"" Floyd Stadium",
2003-10-25,2003,10,regular,BYU,Mountain West,UNLV,Mountain West,27,20,FALSE,TRUE,Sam Boyd Stadium,
2003-10-25,2003,10,regular,Murray State,OVC,Southeast Missouri State,OVC,27,24,TRUE,TRUE,Houck Stadium,
2003-10-25,2003,10,regular,Vanderbilt,SEC,South Carolina,SEC,24,35,FALSE,TRUE,Williams-Brice Stadium,
2003-10-25,2003,10,regular,Arkansas,SEC,Ole Miss,SEC,7,19,FALSE,TRUE,Vaught-Hemingway Stadium,
2003-10-25,2003,10,regular,Auburn,SEC,LSU,SEC,7,31,FALSE,TRUE,Tiger Stadium (LA),
2003-10-26,2003,10,regular,Tennessee Tech,OVC,Jacksonville State,OVC,20,37,TRUE,TRUE,,
2003-10-26,2003,10,regular,TCU,Conference USA,Houston,Conference USA,62,55,FALSE,TRUE,Robertson Stadium,
2003-10-26,2003,10,regular,Sam Houston,Southland,McNeese,Southland,37,56,FALSE,TRUE,Cowboy Stadium,
2003-10-26,2003,10,regular,New Mexico State,Sun Belt,UL Monroe,Sun Belt,21,14,FALSE,TRUE,Malone Stadium,
2003-10-26,2003,10,regular,Wyoming,Mountain West,San Diego State,Mountain West,20,25,FALSE,TRUE,Qualcomm Stadium,
2003-10-26,2003,10,regular,Arizona State,Pac-10,UCLA,Pac-10,13,20,FALSE,TRUE,Rose Bowl,
2003-10-26,2003,10,regular,Marist,Metro Atlantic Athletic,San Diego,Pioneer,0,47,FALSE,FALSE,Torero Stadium,
2003-10-26,2003,10,regular,UTEP,Western Athletic,Hawai'i,Western Athletic,15,31,FALSE,TRUE,Aloha Stadium,
2003-10-31,2003,11,regular,Jacksonville,Pioneer,Florida International,FCS Independents,12,55,FALSE,FALSE,FIU Stadium,
2003-10-31,2003,11,regular,McNeese,Southland,Texas State,Southland,38,28,FALSE,TRUE,Bobcat Stadium (TX),
2003-10-31,2003,11,regular,Troy,FBS Independents,North Texas,Sun Belt,0,21,FALSE,FALSE,,
2003-10-31,2003,11,regular,Boise State,Western Athletic,BYU,Mountain West,50,12,FALSE,FALSE,LaVell Edwards Stadium,
2003-11-01,2003,11,regular,Cincinnati,Conference USA,South Florida,Conference USA,17,24,FALSE,TRUE,Raymond James Stadium,
2003-11-01,2003,11,regular,Liberty,Big South,Charleston Southern,Big South,17,6,TRUE,TRUE,,
2003-11-01,2003,11,regular,Georgetown,Patriot,Fordham,Patriot,10,34,TRUE,TRUE,,
2003-11-01,2003,11,regular,Hofstra,Atlantic 10,William & Mary,Atlantic 10,9,23,FALSE,TRUE,Zable Stadium,
2003-11-01,2003,11,regular,Dartmouth,Ivy,Harvard,Ivy,30,16,FALSE,TRUE,Harvard Stadium,
2003-11-01,2003,11,regular,Northeastern,Atlantic 10,Massachusetts,Atlantic 10,24,28,TRUE,TRUE,,
2003-11-01,2003,11,regular,Pennsylvania,Ivy,Brown,Ivy,24,21,FALSE,TRUE,Brown Stadium,
2003-11-01,2003,11,regular,Colgate,Patriot,Lafayette,Patriot,47,31,FALSE,TRUE,Fisher Field,
2003-11-01,2003,11,regular,VMI,Big South,Coastal Carolina,Big South,19,10,FALSE,TRUE,Brooks Stadium (SC),
2003-11-01,2003,11,regular,Towson,Patriot,Lehigh,Patriot,3,35,FALSE,TRUE,Goodman Stadium,
2003-11-01,2003,11,regular,Stony Brook,NEC,Sacred Heart,NEC,47,16,FALSE,TRUE,Campus Field,
2003-11-01,2003,11,regular,Western Michigan,Mid-American,UConn,FBS Independents,27,41,FALSE,FALSE,Pratt & Whitney Stadium,
2003-11-01,2003,11,regular,Maine,Atlantic 10,Delaware,Atlantic 10,21,24,FALSE,TRUE,Delaware Stadium,
2003-11-01,2003,11,regular,North Carolina,ACC,Maryland,ACC,21,59,FALSE,TRUE,SECU Stadium,
2003-11-01,2003,11,regular,Michigan,Big Ten,Michigan State,Big Ten,27,20,FALSE,TRUE,Spartan Stadium,
2003-11-01,2003,11,regular,Cornell,Ivy,Princeton,Ivy,6,28,FALSE,TRUE,Princeton University Stadium,
2003-11-01,2003,11,regular,Nebraska,Big 12,Texas,Big 12,7,31,FALSE,TRUE,DKR-Texas Memorial Stadium,
2003-11-01,2003,11,regular,Villanova,Atlantic 10,Richmond,Atlantic 10,42,13,TRUE,TRUE,,
2003-11-01,2003,11,regular,Utah,Mountain West,Air Force,Mountain West,45,43,FALSE,TRUE,Falcon Stadium,
2003-11-01,2003,11,regular,Holy Cross,Patriot,Bucknell,Patriot,31,53,FALSE,TRUE,Christy Mathewson-Memorial Stadium,
2003-11-01,2003,11,regular,Monmouth,NEC,Central Connecticut,NEC,10,14,FALSE,TRUE,Arute Field,
2003-11-01,2003,11,regular,Georgia Southern,Southern,East Tennessee State,Southern,34,22,TRUE,TRUE,,
2003-11-01,2003,11,regular,Illinois,Big Ten,Iowa,Big Ten,10,41,FALSE,TRUE,Kinnick Stadium,
2003-11-01,2003,11,regular,Iona,Metro Atlantic Athletic,La Salle,Metro Atlantic Athletic,26,20,TRUE,TRUE,,
2003-11-01,2003,11,regular,Duquesne,Metro Atlantic Athletic,Morehead State,Pioneer,10,15,FALSE,FALSE,Jayne Stadium,
2003-11-01,2003,11,regular,Howard,MEAC,Norfolk State,MEAC,42,28,FALSE,TRUE,"William Dick"""" Price Stadium""""",
2003-11-01,2003,11,regular,Northwestern,Big Ten,Purdue,Big Ten,14,34,FALSE,TRUE,Ross-Ade Stadium,
2003-11-01,2003,11,regular,St. Anselm,,Siena,Metro Atlantic Athletic,23,8,TRUE,FALSE,,
2003-11-01,2003,11,regular,UAlbany,NEC,Wagner,NEC,28,7,FALSE,TRUE,Wagner College Stadium,
2003-11-01,2003,11,regular,South Carolina,SEC,Ole Miss,SEC,40,43,FALSE,TRUE,Vaught-Hemingway Stadium,
2003-11-01,2003,11,regular,Rhode Island,Atlantic 10,James Madison,Atlantic 10,27,39,FALSE,TRUE,Bridgeforth Stadium,
2003-11-01,2003,11,regular,Florida A&M,,Hampton,MEAC,34,23,FALSE,FALSE,Armstrong Stadium,
2003-11-01,2003,11,regular,Morgan State,MEAC,Savannah St,FCS Independents,45,14,FALSE,FALSE,Ted Wright Stadium,
2003-11-01,2003,11,regular,Delaware State,MEAC,South Carolina State,MEAC,13,36,FALSE,TRUE,Oliver C. Dawson Stadium,
2003-11-01,2003,11,regular,Pittsburgh,Big East,Boston College,Big East,24,13,FALSE,TRUE,"Alumni Stadium (Chestnut Hill, MA)",
2003-11-01,2003,11,regular,UCF,Mid-American,West Virginia,Big East,18,36,FALSE,FALSE,Milan Puskar Stadium,
2003-11-01,2003,11,regular,Chattanooga,Southern,App State,Southern,7,47,FALSE,TRUE,Kidd Brewer Stadium,
2003-11-01,2003,11,regular,Eastern Michigan,Mid-American,Central Michigan,Mid-American,10,38,FALSE,TRUE,Kelly/Shorts Stadium,
2003-11-01,2003,11,regular,Wofford,Southern,The Citadel,Southern,42,16,TRUE,TRUE,,
2003-11-01,2003,11,regular,Elon,Southern,Western Carolina,Southern,3,26,FALSE,TRUE,E. J. Whitmire Stadium,
2003-11-01,2003,11,regular,Eastern Kentucky,OVC,Murray State,OVC,38,20,FALSE,TRUE,Roy Stewart Stadium,
2003-11-01,2003,11,regular,Kansas,Big 12,Texas A&M,Big 12,33,45,FALSE,TRUE,Kyle Field,
2003-11-01,2003,11,regular,Western Illinois,MVFC,Illinois State,MVFC,24,20,FALSE,TRUE,Hancock Stadium,
2003-11-01,2003,11,regular,Tulane,Conference USA,Navy,FBS Independents,17,35,FALSE,FALSE,Navy-Marine Corps Memorial Stadium,
2003-11-01,2003,11,regular,Indiana,Big Ten,Minnesota,Big Ten,7,55,FALSE,TRUE,,
2003-11-01,2003,11,regular,East Carolina,Conference USA,Memphis,Conference USA,24,41,FALSE,TRUE,Simmons Bank Liberty Stadium,
2003-11-01,2003,11,regular,SE Louisiana,FCS Independents,Alcorn State,SWAC,24,27,FALSE,FALSE,Jack Spinks Stadium,
2003-11-01,2003,11,regular,Indiana State,MVFC,Missouri State,MVFC,10,45,FALSE,TRUE,Plaster Sports Complex,
2003-11-01,2003,11,regular,Southeast Missouri State,OVC,UT Martin,OVC,20,7,FALSE,TRUE,Graham Stadium,
2003-11-01,2003,11,regular,Samford,OVC,Tennessee Tech,OVC,42,24,FALSE,TRUE,Tucker Stadium,
2003-11-01,2003,11,regular,Ball State,Mid-American,Northern Illinois,Mid-American,23,48,FALSE,TRUE,Huskie Stadium,
2003-11-01,2003,11,regular,Baylor,Big 12,Kansas State,Big 12,10,38,FALSE,TRUE,Bill Snyder Family Stadium,
2003-11-01,2003,11,regular,UL Monroe,Sun Belt,Auburn,SEC,7,73,FALSE,FALSE,Jordan-Hare Stadium,
2003-11-01,2003,11,regular,Florida State,ACC,Notre Dame,FBS Independents,37,0,FALSE,FALSE,Notre Dame Stadium,
2003-11-01,2003,11,regular,Yale,Ivy,Columbia,Ivy,29,14,FALSE,TRUE,Lawrence A. Wien Stadium,
2003-11-01,2003,11,regular,Hawai'i,Western Athletic,San José State,Western Athletic,13,10,FALSE,TRUE,CEFCU Stadium,
2003-11-01,2003,11,regular,Nevada,Western Athletic,Rice,Western Athletic,42,52,FALSE,TRUE,Rice Stadium,
2003-11-01,2003,11,regular,Middle Tennessee,Sun Belt,Utah State,Sun Belt,20,41,FALSE,TRUE,Maverik Stadium,
2003-11-01,2003,11,regular,North Carolina A&T,MEAC,Bethune-Cookman,MEAC,13,7,FALSE,TRUE,Municipal Stadium,
2003-11-01,2003,11,regular,Gardner-Webb,Big South,Florida Atlantic,FCS Independents,26,31,TRUE,FALSE,,
2003-11-01,2003,11,regular,Fresno State,Western Athletic,SMU,Western Athletic,20,11,FALSE,TRUE,Gerald J. Ford Stadium,
2003-11-01,2003,11,regular,Louisiana,Sun Belt,Southern Miss,Conference USA,3,48,FALSE,FALSE,M. M. Roberts Stadium,
2003-11-01,2003,11,regular,UC Davis,Great West,St. Mary's (CA),FCS Independents,45,14,TRUE,FALSE,,
2003-11-01,2003,11,regular,Colorado State,Mountain West,Wyoming,Mountain West,28,35,FALSE,TRUE,War Memorial Stadium,
2003-11-01,2003,11,regular,California,Pac-10,Arizona State,Pac-10,51,23,FALSE,TRUE,Mountain America Stadium,
2003-11-01,2003,11,regular,UCLA,Pac-10,Stanford,Pac-10,14,21,FALSE,TRUE,Stanford Stadium,
2003-11-01,2003,11,regular,Georgia,SEC,Florida,SEC,13,16,FALSE,TRUE,,
2003-11-01,2003,11,regular,Virginia,ACC,NC State,ACC,37,51,FALSE,TRUE,Carter-Finley Stadium,
2003-11-01,2003,11,regular,Clemson,ACC,Wake Forest,ACC,17,45,FALSE,TRUE,,
2003-11-01,2003,11,regular,Oklahoma State,Big 12,Oklahoma,Big 12,9,52,FALSE,TRUE,"Memorial Stadium (Norman, OK)",
2003-11-01,2003,11,regular,Ohio State,Big Ten,Penn State,Big Ten,21,20,FALSE,TRUE,Beaver Stadium,
2003-11-01,2003,11,regular,Army,Conference USA,UAB,Conference USA,9,24,FALSE,TRUE,Legion Field,
2003-11-01,2003,11,regular,Southern Illinois,MVFC,Western Kentucky,MVFC,28,24,FALSE,TRUE,Houchens Industries-L.T. Smith Stadium,
2003-11-01,2003,11,regular,Arizona,Pac-10,Oregon State,Pac-10,23,52,FALSE,TRUE,Reser Stadium,
2003-11-01,2003,11,regular,Duke,ACC,Tennessee,SEC,6,23,FALSE,FALSE,Neyland Stadium,
2003-11-01,2003,11,regular,Youngstown State,MVFC,Northern Iowa,MVFC,9,47,FALSE,TRUE,UNI-Dome,
2003-11-01,2003,11,regular,Akron,Mid-American,Marshall,Mid-American,24,42,FALSE,TRUE,Joan C. Edwards Stadium,
2003-11-01,2003,11,regular,Tulsa,Western Athletic,UTEP,Western Athletic,56,28,FALSE,TRUE,Sun Bowl,
2003-11-02,2003,11,regular,Southern Utah,FCS Independents,Cal Poly,FCS Independents,21,33,TRUE,TRUE,Mustang Stadium,
2003-11-02,2003,11,regular,Sam Houston,Southland,Nicholls,Southland,12,37,FALSE,TRUE,Manning Field at John L. Guidry Stadium,
2003-11-02,2003,11,regular,Washington State,Pac-10,USC,Pac-10,16,43,FALSE,TRUE,Los Angeles Memorial Coliseum,
2003-11-02,2003,11,regular,Arkansas,SEC,Kentucky,SEC,71,63,FALSE,TRUE,Kroger Field,
2003-11-02,2003,11,regular,Arkansas State,Sun Belt,New Mexico State,Sun Belt,28,24,FALSE,TRUE,Aggie Memorial Stadium,
2003-11-02,2003,11,regular,Eastern Illinois,OVC,Tennessee State,OVC,14,24,FALSE,TRUE,Nissan Stadium,
2003-11-02,2003,11,regular,Colorado,Big 12,Texas Tech,Big 12,21,26,FALSE,TRUE,Jones AT&T Stadium,
2003-11-02,2003,11,regular,Buffalo,Mid-American,Toledo,Mid-American,29,56,FALSE,TRUE,Glass Bowl,
2003-11-02,2003,11,regular,Miami,Big East,Virginia Tech,Big East,7,31,FALSE,TRUE,Lane Stadium,
2003-11-02,2003,11,regular,Louisiana Tech,Western Athletic,LSU,SEC,10,49,FALSE,FALSE,Tiger Stadium (LA),
2003-11-02,2003,11,regular,UNLV,Mountain West,New Mexico,Mountain West,37,35,FALSE,TRUE,University Stadium (NM),
2003-11-02,2003,11,regular,Oregon,Pac-10,Washington,Pac-10,10,42,FALSE,TRUE,Husky Stadium,
2003-11-05,2003,12,regular,Bowling Green,Mid-American,Miami (OH),Mid-American,10,33,FALSE,TRUE,Yager Stadium,
2003-11-06,2003,12,regular,Louisville,Conference USA,TCU,Conference USA,28,31,FALSE,TRUE,Amon G. Carter Stadium,
2003-11-07,2003,12,regular,Iona,Metro Atlantic Athletic,St. Peter's,Metro Atlantic Athletic,23,7,TRUE,TRUE,John F. Kennedy Stadium,
2003-11-07,2003,12,regular,South Carolina,SEC,Arkansas,SEC,6,28,FALSE,TRUE,,
2003-11-07,2003,12,regular,Utah State,Sun Belt,New Mexico State,Sun Belt,21,26,FALSE,TRUE,Aggie Memorial Stadium,
2003-11-07,2003,12,regular,Texas State,Southland,Nicholls,Southland,13,31,FALSE,TRUE,Manning Field at John L. Guidry Stadium,
2003-11-08,2003,12,regular,Colorado State,Mountain West,New Mexico,Mountain West,34,37,FALSE,TRUE,University Stadium (NM),
2003-11-08,2003,12,regular,Rutgers,Big East,UConn,FBS Independents,31,38,FALSE,FALSE,Pratt & Whitney Stadium,
2003-11-08,2003,12,regular,South Carolina State,MEAC,Howard,MEAC,24,14,FALSE,TRUE,William H. Greene Stadium,
2003-11-08,2003,12,regular,Penn State,Big Ten,Northwestern,Big Ten,7,17,FALSE,TRUE,Ryan Field,
2003-11-08,2003,12,regular,West Virginia,Big East,Boston College,Big East,35,28,FALSE,TRUE,"Alumni Stadium (Chestnut Hill, MA)",
2003-11-08,2003,12,regular,Richmond,Atlantic 10,Massachusetts,Atlantic 10,17,30,TRUE,TRUE,,
2003-11-08,2003,12,regular,Wisconsin,Big Ten,Minnesota,Big Ten,34,37,FALSE,TRUE,,
2003-11-08,2003,12,regular,Wake Forest,ACC,North Carolina,ACC,34,42,FALSE,TRUE,Kenan Stadium,
2003-11-08,2003,12,regular,James Madison,Atlantic 10,New Hampshire,Atlantic 10,17,20,FALSE,TRUE,Wildcat Stadium,
2003-11-08,2003,12,regular,Michigan State,Big Ten,Ohio State,Big Ten,23,33,FALSE,TRUE,Ohio Stadium,
2003-11-08,2003,12,regular,Texas A&M,Big 12,Oklahoma,Big 12,0,77,FALSE,TRUE,"Memorial Stadium (Norman, OK)",
2003-11-08,2003,12,regular,UCF,Mid-American,Eastern Michigan,Mid-American,13,19,FALSE,TRUE,Rynearson Stadium,
2003-11-08,2003,12,regular,Holy Cross,Patriot,Fordham,Patriot,28,49,TRUE,TRUE,,
2003-11-08,2003,12,regular,Tennessee,SEC,Miami,Big East,10,6,FALSE,FALSE,,
2003-11-08,2003,12,regular,Western Illinois,MVFC,Indiana State,MVFC,34,28,FALSE,TRUE,Memorial Stadium,
2003-11-08,2003,12,regular,Illinois,Big Ten,Indiana,Big Ten,14,17,FALSE,TRUE,"Memorial Stadium (Bloomington, IN)",
2003-11-08,2003,12,regular,Brown,Ivy,Yale,Ivy,54,44,FALSE,TRUE,Yale Bowl,
2003-11-08,2003,12,regular,Towson,Patriot,Georgetown,Patriot,27,6,FALSE,TRUE,Cooper Field,
2003-11-08,2003,12,regular,Delaware,Atlantic 10,Northeastern,Atlantic 10,14,24,TRUE,TRUE,,
2003-11-08,2003,12,regular,Cornell,Ivy,Dartmouth,Ivy,17,26,FALSE,TRUE,Memorial Field,
2003-11-08,2003,12,regular,Bucknell,Patriot,Lafayette,Patriot,17,35,FALSE,TRUE,Fisher Field,
2003-11-08,2003,12,regular,Alabama,SEC,Mississippi State,SEC,38,0,FALSE,TRUE,Davis Wade Stadium,
2003-11-08,2003,12,regular,Lehigh,Patriot,Colgate,Patriot,10,17,FALSE,TRUE,Andy Kerr Stadium,
2003-11-08,2003,12,regular,Monmouth,NEC,Sacred Heart,NEC,12,7,FALSE,TRUE,Campus Field,
2003-11-08,2003,12,regular,Vanderbilt,SEC,Florida,SEC,17,35,FALSE,TRUE,,
2003-11-08,2003,12,regular,Georgia Tech,ACC,Duke,ACC,17,41,FALSE,TRUE,Wallace Wade Stadium,
2003-11-08,2003,12,regular,Princeton,Ivy,Pennsylvania,Ivy,7,37,FALSE,TRUE,Franklin Field,
2003-11-08,2003,12,regular,Furman,Southern,Georgia Southern,Southern,24,29,FALSE,TRUE,Allen E. Paulson Stadium,
2003-11-08,2003,12,regular,Robert Morris,NEC,UAlbany,NEC,7,27,TRUE,TRUE,University Field (NY),
2003-11-08,2003,12,regular,Northern Illinois,Mid-American,Buffalo,Mid-American,40,9,FALSE,TRUE,UB Stadium,
2003-11-08,2003,12,regular,Akron,Mid-American,Central Michigan,Mid-American,40,28,FALSE,TRUE,Kelly/Shorts Stadium,
2003-11-08,2003,12,regular,Coastal Carolina,Big South,Davidson,Pioneer,52,27,FALSE,FALSE,Richardson Stadium,
2003-11-08,2003,12,regular,St. Mary's (CA),FCS Independents,Drake,Pioneer,13,20,FALSE,FALSE,Drake Stadium,
2003-11-08,2003,12,regular,UT Martin,OVC,Eastern Kentucky,OVC,32,41,FALSE,TRUE,Roy Kidd Stadium,
2003-11-08,2003,12,regular,Duquesne,Metro Atlantic Athletic,Marist,Metro Atlantic Athletic,31,6,FALSE,TRUE,Leonidoff Field,
2003-11-08,2003,12,regular,Maine,Atlantic 10,Morgan State,MEAC,77,24,FALSE,FALSE,Hughes Stadium,
2003-11-08,2003,12,regular,La Salle,Metro Atlantic Athletic,Siena,Metro Atlantic Athletic,34,7,TRUE,TRUE,,
2003-11-08,2003,12,regular,Austin Peay,Pioneer,VMI,Big South,7,48,FALSE,FALSE,Alumni Memorial Field,
2003-11-08,2003,12,regular,St. Francis (PA),NEC,Wagner,NEC,7,21,FALSE,TRUE,Wagner College Stadium,
2003-11-08,2003,12,regular,Harvard,Ivy,Columbia,Ivy,13,16,FALSE,TRUE,Lawrence A. Wien Stadium,
2003-11-08,2003,12,regular,Temple,Big East,Syracuse,Big East,17,41,FALSE,TRUE,JMA Wireless Dome,
2003-11-08,2003,12,regular,Charleston Southern,Big South,Gardner-Webb,Big South,0,46,FALSE,TRUE,Ernest W. Spangler Stadium,
2003-11-08,2003,12,regular,Norfolk State,MEAC,Liberty,Big South,21,69,FALSE,FALSE,Williams Stadium (VA),
2003-11-08,2003,12,regular,Delaware State,MEAC,North Carolina A&T,MEAC,7,33,FALSE,TRUE,Aggie Stadium,
2003-11-08,2003,12,regular,Edward Waters,,Savannah St,FCS Independents,34,28,FALSE,FALSE,Ted Wright Stadium,
2003-11-08,2003,12,regular,East Tennessee State,Southern,Wofford,Southern,14,28,FALSE,TRUE,Gibbs Stadium,
2003-11-08,2003,12,regular,Kansas State,Big 12,Iowa State,Big 12,45,0,FALSE,TRUE,Jack Trice Stadium,
2003-11-08,2003,12,regular,South Florida,Conference USA,East Carolina,Conference USA,38,37,FALSE,TRUE,Dowdy-Ficklen Stadium,
2003-11-08,2003,12,regular,Kent State,Mid-American,Ohio,Mid-American,37,33,FALSE,TRUE,Peden Stadium,
2003-11-08,2003,12,regular,Army,Conference USA,Air Force,Mountain West,3,31,FALSE,TRUE,Falcon Stadium,
2003-11-08,2003,12,regular,Rhode Island,Atlantic 10,Cincinnati,Conference USA,24,31,FALSE,TRUE,Nippert Stadium,
2003-11-08,2003,12,regular,App State,Southern,Elon,Southern,34,12,FALSE,TRUE,Rhodes Stadium,
2003-11-08,2003,12,regular,Jacksonville State,OVC,Samford,OVC,49,32,FALSE,TRUE,Seibert Stadium,
2003-11-08,2003,12,regular,Tennessee State,OVC,Southeast Missouri State,OVC,35,52,TRUE,TRUE,Houck Stadium,
2003-11-08,2003,12,regular,Illinois State,MVFC,Missouri State,MVFC,48,43,FALSE,TRUE,Plaster Sports Complex,
2003-11-08,2003,12,regular,Ball State,Mid-American,Western Michigan,Mid-American,20,28,FALSE,TRUE,Waldo Stadium,
2003-11-08,2003,12,regular,Missouri,Big 12,Colorado,Big 12,16,21,FALSE,TRUE,Folsom Field,
2003-11-08,2003,12,regular,Navy,FBS Independents,Notre Dame,FBS Independents,24,27,FALSE,FALSE,Notre Dame Stadium,
2003-11-08,2003,12,regular,Tennessee Tech,OVC,Eastern Illinois,OVC,10,37,FALSE,TRUE,O'Brien Stadium,
2003-11-08,2003,12,regular,Texas Tech,Big 12,Baylor,Big 12,62,14,FALSE,TRUE,Floyd Casey Stadium,
2003-11-08,2003,12,regular,Tulsa,Western Athletic,Rice,Western Athletic,31,28,FALSE,TRUE,Rice Stadium,
2003-11-08,2003,12,regular,Idaho,Sun Belt,Arkansas State,Sun Belt,23,24,FALSE,TRUE,,
2003-11-08,2003,12,regular,SMU,Western Athletic,Louisiana Tech,Western Athletic,6,41,FALSE,TRUE,Joe Aillet Stadium,
2003-11-08,2003,12,regular,San Diego State,Mountain West,UNLV,Mountain West,7,0,FALSE,TRUE,Sam Boyd Stadium,
2003-11-08,2003,12,regular,Northwestern State,Southland,Sam Houston,Southland,24,29,FALSE,TRUE,Elliott T. Bowers Stadium,
2003-11-08,2003,12,regular,Fresno State,Western Athletic,Nevada,Western Athletic,27,10,FALSE,TRUE,Mackay Stadium,
2003-11-08,2003,12,regular,Ole Miss,SEC,Auburn,SEC,24,20,FALSE,TRUE,Jordan-Hare Stadium,
2003-11-08,2003,12,regular,Nebraska,Big 12,Kansas,Big 12,24,3,FALSE,TRUE,Memorial Stadium,
2003-11-08,2003,12,regular,Iowa,Big Ten,Purdue,Big Ten,14,27,FALSE,TRUE,Ross-Ade Stadium,
2003-11-08,2003,12,regular,Tulane,Conference USA,UAB,Conference USA,38,24,FALSE,TRUE,Legion Field,
2003-11-08,2003,12,regular,Cal Poly,FCS Independents,UC Davis,Great West,18,14,FALSE,FALSE,Aggie Stadium,
2003-11-08,2003,12,regular,Hampton,MEAC,Bethune-Cookman,MEAC,27,30,FALSE,TRUE,Municipal Stadium,
2003-11-08,2003,12,regular,Arizona State,Pac-10,Stanford,Pac-10,27,38,FALSE,TRUE,Stanford Stadium,
2003-11-08,2003,12,regular,Northern Iowa,MVFC,Western Kentucky,MVFC,3,24,FALSE,TRUE,Houchens Industries-L.T. Smith Stadium,
2003-11-08,2003,12,regular,Southern Miss,Conference USA,Houston,Conference USA,31,10,FALSE,TRUE,Robertson Stadium,
2003-11-08,2003,12,regular,Florida International,FCS Independents,Louisiana,Sun Belt,10,43,FALSE,FALSE,Cajun Field,
2003-11-08,2003,12,regular,North Texas,Sun Belt,UL Monroe,Sun Belt,28,26,FALSE,TRUE,Malone Stadium,
2003-11-08,2003,12,regular,Jacksonville,Pioneer,SE Louisiana,FCS Independents,23,43,FALSE,FALSE,Strawberry Stadium,
2003-11-08,2003,12,regular,San José State,Western Athletic,UTEP,Western Athletic,69,41,FALSE,TRUE,Sun Bowl,
2003-11-08,2003,12,regular,Washington,Pac-10,Arizona,Pac-10,22,27,FALSE,TRUE,Arizona Stadium,
2003-11-08,2003,12,regular,The Citadel,Southern,Chattanooga,Southern,20,29,FALSE,TRUE,Finley Stadium,
2003-11-08,2003,12,regular,Central Connecticut,NEC,Stony Brook,NEC,31,36,FALSE,TRUE,Kenneth P. LaValle Stadium,
2003-11-09,2003,12,regular,Youngstown State,MVFC,Southern Illinois,MVFC,17,24,TRUE,TRUE,,
2003-11-09,2003,12,regular,Texas,Big 12,Oklahoma State,Big 12,55,16,FALSE,TRUE,Boone Pickens Stadium,
2003-11-09,2003,12,regular,UCLA,Pac-10,Washington State,Pac-10,13,31,FALSE,TRUE,Gesa Field,
2003-11-09,2003,12,regular,Villanova,Atlantic 10,Hofstra,Atlantic 10,32,34,TRUE,TRUE,,
2003-11-09,2003,12,regular,Troy,FBS Independents,Middle Tennessee,Sun Belt,20,27,FALSE,FALSE,"Johnny ""Red"" Floyd Stadium",
2003-11-09,2003,12,regular,Virginia Tech,Big East,Pittsburgh,Big East,28,31,FALSE,TRUE,Acrisure Stadium,
2003-11-09,2003,12,regular,Florida State,ACC,Clemson,ACC,10,26,FALSE,TRUE,"Memorial Stadium (Clemson, SC)",
2003-11-09,2003,12,regular,Stephen F. Austin,Southland,McNeese,Southland,17,20,FALSE,TRUE,Cowboy Stadium,
2003-11-09,2003,12,regular,Northern Colorado,FCS Independents,Southern Utah,FCS Independents,29,25,FALSE,TRUE,Eccles Coliseum,
2003-11-09,2003,12,regular,California,Pac-10,Oregon,Pac-10,17,21,FALSE,TRUE,Autzen Stadium,
2003-11-13,2003,13,regular,Marshall,Mid-American,Miami (OH),Mid-American,6,45,FALSE,TRUE,Yager Stadium,
2003-11-14,2003,13,regular,Virginia,ACC,Maryland,ACC,17,27,FALSE,TRUE,SECU Stadium,
2003-11-14,2003,13,regular,Murray State,OVC,UT Martin,OVC,41,27,FALSE,TRUE,Graham Stadium,
2003-11-15,2003,13,regular,Bethune-Cookman,MEAC,Howard,MEAC,21,7,FALSE,TRUE,William H. Greene Stadium,
2003-11-15,2003,13,regular,North Carolina,ACC,Georgia Tech,ACC,24,41,FALSE,TRUE,Bobby Dodd Stadium,
2003-11-15,2003,13,regular,Hofstra,Atlantic 10,Rhode Island,Atlantic 10,0,24,FALSE,TRUE,Meade Stadium,
2003-11-15,2003,13,regular,Michigan State,Big Ten,Wisconsin,Big Ten,21,56,FALSE,TRUE,Camp Randall Stadium,
2003-11-15,2003,13,regular,Ohio,Mid-American,Akron,Mid-American,28,35,FALSE,TRUE,,
2003-11-15,2003,13,regular,Norfolk State,MEAC,Delaware State,MEAC,25,36,FALSE,TRUE,Alumni Stadium,
2003-11-15,2003,13,regular,Syracuse,Big East,Miami,Big East,10,17,FALSE,TRUE,,
2003-11-15,2003,13,regular,Indiana,Big Ten,Penn State,Big Ten,7,52,FALSE,TRUE,Beaver Stadium,
2003-11-15,2003,13,regular,Minnesota,Big Ten,Iowa,Big Ten,22,40,FALSE,TRUE,Kinnick Stadium,
2003-11-15,2003,13,regular,Massachusetts,Atlantic 10,Delaware,Atlantic 10,45,51,FALSE,TRUE,Delaware Stadium,
2003-11-15,2003,13,regular,Davidson,Pioneer,Georgetown,Patriot,10,30,FALSE,FALSE,Cooper Field,
2003-11-15,2003,13,regular,Lafayette,Patriot,Holy Cross,Patriot,41,13,FALSE,TRUE,Fitton Field,
2003-11-15,2003,13,regular,Pennsylvania,Ivy,Harvard,Ivy,32,24,FALSE,TRUE,Harvard Stadium,
2003-11-15,2003,13,regular,Richmond,Atlantic 10,Northeastern,Atlantic 10,0,45,TRUE,TRUE,,
2003-11-15,2003,13,regular,UAlbany,NEC,Towson,Patriot,16,35,FALSE,FALSE,Johnny Unitas Stadium,
2003-11-15,2003,13,regular,Texas A&M,Big 12,Missouri,Big 12,22,45,FALSE,TRUE,Memorial Stadium,
2003-11-15,2003,13,regular,Dartmouth,Ivy,Brown,Ivy,21,26,FALSE,TRUE,Brown Stadium,
2003-11-15,2003,13,regular,Fordham,Patriot,Colgate,Patriot,3,14,FALSE,TRUE,Andy Kerr Stadium,
2003-11-15,2003,13,regular,Florida,SEC,South Carolina,SEC,24,22,FALSE,TRUE,Williams-Brice Stadium,
2003-11-15,2003,13,regular,Mississippi State,SEC,Tennessee,SEC,21,59,FALSE,TRUE,Neyland Stadium,
2003-11-15,2003,13,regular,Yale,Ivy,Princeton,Ivy,27,24,FALSE,TRUE,Princeton University Stadium,
2003-11-15,2003,13,regular,Columbia,Ivy,Cornell,Ivy,34,21,FALSE,TRUE,Schoellkopf Field,
2003-11-15,2003,13,regular,Virginia Tech,Big East,Temple,Big East,24,23,FALSE,TRUE,Lincoln Financial Field,
2003-11-15,2003,13,regular,Duke,ACC,Clemson,ACC,7,40,FALSE,TRUE,"Memorial Stadium (Clemson, SC)",
2003-11-15,2003,13,regular,Stony Brook,NEC,Iona,Metro Atlantic Athletic,31,20,TRUE,FALSE,,
2003-11-15,2003,13,regular,Houston,Conference USA,Army,Conference USA,34,14,FALSE,TRUE,Michie Stadium,
2003-11-15,2003,13,regular,Lehigh,Patriot,Bucknell,Patriot,45,9,FALSE,TRUE,Christy Mathewson-Memorial Stadium,
2003-11-15,2003,13,regular,Chattanooga,Southern,East Tennessee State,Southern,7,68,TRUE,TRUE,,
2003-11-15,2003,13,regular,Ball State,Mid-American,Eastern Michigan,Mid-American,14,38,FALSE,TRUE,Rynearson Stadium,
2003-11-15,2003,13,regular,St. Peter's,Metro Atlantic Athletic,La Salle,Metro Atlantic Athletic,38,20,TRUE,TRUE,,
2003-11-15,2003,13,regular,Central Connecticut,NEC,Marist,Metro Atlantic Athletic,29,33,FALSE,FALSE,Leonidoff Field,
2003-11-15,2003,13,regular,Monmouth,NEC,St. Francis (PA),NEC,28,21,TRUE,TRUE,,
2003-11-15,2003,13,regular,Sacred Heart,NEC,Wagner,NEC,16,24,FALSE,TRUE,Wagner College Stadium,
2003-11-15,2003,13,regular,New Hampshire,Atlantic 10,William & Mary,Atlantic 10,28,38,FALSE,TRUE,Zable Stadium,
2003-11-15,2003,13,regular,Western Kentucky,MVFC,Youngstown State,MVFC,37,13,FALSE,TRUE,Stambaugh Stadium,
2003-11-15,2003,13,regular,Charleston Southern,Big South,James Madison,Atlantic 10,7,45,FALSE,FALSE,Bridgeforth Stadium,
2003-11-15,2003,13,regular,Florida International,FCS Independents,Gardner-Webb,Big South,19,22,FALSE,FALSE,Ernest W. Spangler Stadium,
2003-11-15,2003,13,regular,Coastal Carolina,Big South,Liberty,Big South,21,38,FALSE,TRUE,Williams Stadium (VA),
2003-11-15,2003,13,regular,Hampton,MEAC,North Carolina A&T,MEAC,28,38,FALSE,TRUE,Aggie Stadium,
2003-11-15,2003,13,regular,VMI,Big South,The Citadel,Southern,23,27,TRUE,FALSE,,AT CHARLOTTE NC
2003-11-15,2003,13,regular,New Mexico State,Sun Belt,Arkansas,SEC,20,48,FALSE,FALSE,Razorback Stadium,
2003-11-15,2003,13,regular,Colorado,Big 12,Iowa State,Big 12,44,10,FALSE,TRUE,Jack Trice Stadium,
2003-11-15,2003,13,regular,Kansas,Big 12,Oklahoma State,Big 12,21,44,FALSE,TRUE,Boone Pickens Stadium,
2003-11-15,2003,13,regular,Kentucky,SEC,Vanderbilt,SEC,17,28,FALSE,TRUE,FirstBank Stadium,
2003-11-15,2003,13,regular,Western Carolina,Southern,App State,Southern,18,26,FALSE,TRUE,Kidd Brewer Stadium,
2003-11-15,2003,13,regular,Augustana University (SD),,Northern Colorado,FCS Independents,0,41,FALSE,FALSE,Nottingham Field,
2003-11-15,2003,13,regular,Southeast Missouri State,OVC,Tennessee Tech,OVC,24,20,FALSE,TRUE,Tucker Stadium,
2003-11-15,2003,13,regular,Central Michigan,Mid-American,Western Michigan,Mid-American,21,44,FALSE,TRUE,Waldo Stadium,
2003-11-15,2003,13,regular,Missouri State,MVFC,Western Illinois,MVFC,42,63,FALSE,TRUE,Hanson Field,
2003-11-15,2003,13,regular,BYU,Mountain West,Notre Dame,FBS Independents,14,33,FALSE,FALSE,Notre Dame Stadium,
2003-11-15,2003,13,regular,Baylor,Big 12,Oklahoma,Big 12,3,41,FALSE,TRUE,"Memorial Stadium (Norman, OK)",
2003-11-15,2003,13,regular,Indiana State,MVFC,Illinois State,MVFC,3,38,FALSE,TRUE,Hancock Stadium,
2003-11-15,2003,13,regular,Savannah St,FCS Independents,Grambling,SWAC,17,33,FALSE,FALSE,Eddie Robinson Stadium,
2003-11-15,2003,13,regular,San Diego State,Mountain West,Colorado State,Mountain West,6,21,FALSE,TRUE,Sonny Lubick Field at Hughes Stadium,
2003-11-15,2003,13,regular,Memphis,Conference USA,Louisville,Conference USA,37,7,FALSE,TRUE,L&N Federal Credit Union Stadium,
2003-11-15,2003,13,regular,Air Force,Mountain West,New Mexico,Mountain West,12,24,FALSE,TRUE,University Stadium (NM),
2003-11-15,2003,13,regular,Louisiana Tech,Western Athletic,Tulsa,Western Athletic,18,48,FALSE,TRUE,,
2003-11-15,2003,13,regular,Villanova,Atlantic 10,Maine,Atlantic 10,10,14,FALSE,TRUE,Alfond Stadium,
2003-11-15,2003,13,regular,Louisiana,Sun Belt,Middle Tennessee,Sun Belt,57,51,FALSE,TRUE,"Johnny ""Red"" Floyd Stadium",
2003-11-15,2003,13,regular,Tulane,Conference USA,Southern Miss,Conference USA,14,28,FALSE,TRUE,M. M. Roberts Stadium,
2003-11-15,2003,13,regular,Cincinnati,Conference USA,TCU,Conference USA,10,43,FALSE,TRUE,Amon G. Carter Stadium,
2003-11-15,2003,13,regular,Northern Illinois,Mid-American,Toledo,Mid-American,30,49,FALSE,TRUE,Glass Bowl,
2003-11-15,2003,13,regular,UTEP,Western Athletic,Boise State,Western Athletic,21,51,FALSE,TRUE,Albertsons Stadium,
2003-11-15,2003,13,regular,Troy,FBS Independents,Utah State,Sun Belt,23,14,FALSE,FALSE,Maverik Stadium,
2003-11-15,2003,13,regular,Hawai'i,Western Athletic,Nevada,Western Athletic,14,24,FALSE,TRUE,Mackay Stadium,
2003-11-15,2003,13,regular,Washington,Pac-10,California,Pac-10,7,54,FALSE,TRUE,California Memorial Stadium,
2003-11-15,2003,13,regular,Oregon,Pac-10,UCLA,Pac-10,31,13,FALSE,TRUE,Rose Bowl,
2003-11-15,2003,13,regular,NC State,ACC,Florida State,ACC,44,50,FALSE,TRUE,Doak Campbell Stadium,
2003-11-15,2003,13,regular,Auburn,SEC,Georgia,SEC,7,26,FALSE,TRUE,Sanford Stadium,
2003-11-15,2003,13,regular,Michigan,Big Ten,Northwestern,Big Ten,41,10,FALSE,TRUE,Ryan Field,
2003-11-15,2003,13,regular,UConn,FBS Independents,Wake Forest,ACC,51,17,FALSE,FALSE,,
2003-11-15,2003,13,regular,Kansas State,Big 12,Nebraska,Big 12,38,9,FALSE,TRUE,"Memorial Stadium (Lincoln, NE)",
2003-11-15,2003,13,regular,Boston College,Big East,Rutgers,Big East,35,25,FALSE,TRUE,High Point Solutions Stadium,
2003-11-15,2003,13,regular,Purdue,Big Ten,Ohio State,Big Ten,13,16,FALSE,TRUE,Ohio Stadium,
2003-11-15,2003,13,regular,Arizona State,Pac-10,Washington State,Pac-10,19,34,FALSE,TRUE,Gesa Field,
2003-11-15,2003,13,regular,Georgia Southern,Southern,Elon,Southern,37,13,FALSE,TRUE,Rhodes Stadium,
2003-11-15,2003,13,regular,Eastern Kentucky,OVC,Tennessee State,OVC,43,38,FALSE,TRUE,Nissan Stadium,
2003-11-15,2003,13,regular,Wofford,Southern,Furman,Southern,7,6,FALSE,TRUE,Paladin Stadium,
2003-11-15,2003,13,regular,Idaho State,Big Sky,Cal Poly,FCS Independents,38,31,TRUE,FALSE,Mustang Stadium,
2003-11-15,2003,13,regular,Stanford,Pac-10,Oregon State,Pac-10,3,43,FALSE,TRUE,Reser Stadium,
2003-11-15,2003,13,regular,Siena,Metro Atlantic Athletic,Florida Atlantic,FCS Independents,3,51,TRUE,FALSE,,
2003-11-15,2003,13,regular,Rice,Western Athletic,SMU,Western Athletic,41,20,FALSE,TRUE,Gerald J. Ford Stadium,
2003-11-15,2003,13,regular,Southern Utah,FCS Independents,St. Mary's (CA),FCS Independents,40,10,TRUE,TRUE,,
2003-11-15,2003,13,regular,Arkansas State,Sun Belt,North Texas,Sun Belt,14,58,FALSE,TRUE,,
2003-11-15,2003,13,regular,Eastern Illinois,OVC,Jacksonville State,OVC,24,36,TRUE,TRUE,,
2003-11-15,2003,13,regular,Prairie View A&M,SWAC,SE Louisiana,FCS Independents,10,64,FALSE,FALSE,Strawberry Stadium,
2003-11-15,2003,13,regular,Florida A&M,,South Carolina State,MEAC,15,27,FALSE,FALSE,Oliver C. Dawson Stadium,
2003-11-15,2003,13,regular,Nicholls,Southland,Stephen F. Austin,Southland,16,26,FALSE,TRUE,Homer Bryce Stadium,
2003-11-15,2003,13,regular,Kent State,Mid-American,Bowling Green,Mid-American,33,42,FALSE,TRUE,Doyt L. Perry Stadium,
2003-11-15,2003,13,regular,Southern Illinois,MVFC,Northern Iowa,MVFC,40,43,FALSE,TRUE,UNI-Dome,
2003-11-15,2003,13,regular,Wyoming,Mountain West,Utah,Mountain West,17,47,FALSE,TRUE,Rice-Eccles Stadium,
2003-11-16,2003,13,regular,Texas Tech,Big 12,Texas,Big 12,40,43,FALSE,TRUE,DKR-Texas Memorial Stadium,
2003-11-16,2003,13,regular,Pittsburgh,Big East,West Virginia,Big East,31,52,FALSE,TRUE,Milan Puskar Stadium,
2003-11-16,2003,13,regular,San José State,Western Athletic,Fresno State,Western Athletic,7,41,FALSE,TRUE,Valley Children's Stadium,
2003-11-16,2003,13,regular,Robert Morris,NEC,Duquesne,Metro Atlantic Athletic,28,33,FALSE,FALSE,Arthur J. Rooney Athletic Field,
2003-11-16,2003,13,regular,Idaho,Sun Belt,UL Monroe,Sun Belt,58,20,FALSE,TRUE,Malone Stadium,
2003-11-16,2003,13,regular,Northern Arizona,Big Sky,Sam Houston,Southland,34,18,FALSE,FALSE,Elliott T. Bowers Stadium,
2003-11-16,2003,13,regular,USC,Pac-10,Arizona,Pac-10,45,0,FALSE,TRUE,Arizona Stadium,
2003-11-16,2003,13,regular,LSU,SEC,Alabama,SEC,27,3,FALSE,TRUE,Bryant-Denny Stadium,
2003-11-16,2003,13,regular,Northwestern State,Southland,McNeese,Southland,9,13,FALSE,TRUE,Cowboy Stadium,
2003-11-20,2003,14,regular,Marshall,Mid-American,UCF,Mid-American,21,7,FALSE,TRUE,,
2003-11-21,2003,14,regular,Middle Tennessee,Sun Belt,Arkansas State,Sun Belt,24,14,FALSE,TRUE,,
2003-11-21,2003,14,regular,TCU,Conference USA,Southern Miss,Conference USA,28,40,FALSE,TRUE,M. M. Roberts Stadium,
2003-11-22,2003,14,regular,Boise State,Western Athletic,Fresno State,Western Athletic,31,17,FALSE,TRUE,Valley Children's Stadium,
2003-11-22,2003,14,regular,Rhode Island,Atlantic 10,Massachusetts,Atlantic 10,17,31,TRUE,TRUE,,
2003-11-22,2003,14,regular,Penn State,Big Ten,Michigan State,Big Ten,10,41,FALSE,TRUE,Spartan Stadium,
2003-11-22,2003,14,regular,Ohio State,Big Ten,Michigan,Big Ten,21,35,FALSE,TRUE,Michigan Stadium,
2003-11-22,2003,14,regular,Maine,Atlantic 10,New Hampshire,Atlantic 10,27,47,FALSE,TRUE,Wildcat Stadium,
2003-11-22,2003,14,regular,West Virginia,Big East,Syracuse,Big East,34,23,FALSE,TRUE,JMA Wireless Dome,
2003-11-22,2003,14,regular,Northeastern,Atlantic 10,James Madison,Atlantic 10,41,24,FALSE,TRUE,Bridgeforth Stadium,
2003-11-22,2003,14,regular,Georgia Tech,ACC,Virginia,ACC,17,29,FALSE,TRUE,Scott Stadium,
2003-11-22,2003,14,regular,Northwestern,Big Ten,Illinois,Big Ten,37,20,FALSE,TRUE,"Memorial Stadium (Champaign, IL)",
2003-11-22,2003,14,regular,Howard,MEAC,Delaware State,MEAC,21,6,FALSE,TRUE,Alumni Stadium,
2003-11-22,2003,14,regular,Rutgers,Big East,Miami,Big East,10,34,FALSE,TRUE,,
2003-11-22,2003,14,regular,Purdue,Big Ten,Indiana,Big Ten,24,16,FALSE,TRUE,"Memorial Stadium (Bloomington, IN)",
2003-11-22,2003,14,regular,Harvard,Ivy,Yale,Ivy,37,19,FALSE,TRUE,Yale Bowl,
2003-11-22,2003,14,regular,Kentucky,SEC,Georgia,SEC,10,30,FALSE,TRUE,Sanford Stadium,
2003-11-22,2003,14,regular,Colgate,Patriot,Holy Cross,Patriot,45,38,FALSE,TRUE,Fitton Field,
2003-11-22,2003,14,regular,Fordham,Patriot,Towson,Patriot,35,22,FALSE,TRUE,Johnny Unitas Stadium,
2003-11-22,2003,14,regular,Princeton,Ivy,Dartmouth,Ivy,15,21,FALSE,TRUE,Memorial Field,
2003-11-22,2003,14,regular,Brown,Ivy,Columbia,Ivy,42,10,FALSE,TRUE,Lawrence A. Wien Stadium,
2003-11-22,2003,14,regular,Oklahoma State,Big 12,Baylor,Big 12,38,21,FALSE,TRUE,Floyd Casey Stadium,
2003-11-22,2003,14,regular,Lafayette,Patriot,Lehigh,Patriot,10,30,FALSE,TRUE,Goodman Stadium,
2003-11-22,2003,14,regular,UL Monroe,Sun Belt,Troy,FBS Independents,24,28,FALSE,FALSE,Veterans Memorial Stadium (AL),
2003-11-22,2003,14,regular,Pittsburgh,Big East,Temple,Big East,30,16,FALSE,TRUE,Lincoln Financial Field,
2003-11-22,2003,14,regular,William & Mary,Atlantic 10,Richmond,Atlantic 10,59,21,TRUE,TRUE,,
2003-11-22,2003,14,regular,Bowling Green,Mid-American,Ball State,Mid-American,41,14,FALSE,TRUE,Scheumann Stadium,
2003-11-22,2003,14,regular,Georgetown,Patriot,Bucknell,Patriot,16,45,FALSE,TRUE,Christy Mathewson-Memorial Stadium,
2003-11-22,2003,14,regular,Monmouth,NEC,Duquesne,Metro Atlantic Athletic,10,12,FALSE,FALSE,Arthur J. Rooney Athletic Field,
2003-11-22,2003,14,regular,The Citadel,Southern,East Tennessee State,Southern,13,16,TRUE,TRUE,,
2003-11-22,2003,14,regular,Tennessee Tech,OVC,Eastern Kentucky,OVC,14,27,FALSE,TRUE,Roy Kidd Stadium,
2003-11-22,2003,14,regular,Savannah St,FCS Independents,Hampton,MEAC,13,48,FALSE,FALSE,Armstrong Stadium,
2003-11-22,2003,14,regular,Norfolk State,MEAC,Morgan State,MEAC,34,43,FALSE,TRUE,Hughes Stadium,
2003-11-22,2003,14,regular,Vanderbilt,SEC,Tennessee,SEC,0,48,FALSE,TRUE,Neyland Stadium,
2003-11-22,2003,14,regular,Duke,ACC,North Carolina,ACC,30,22,FALSE,TRUE,Kenan Stadium,
2003-11-22,2003,14,regular,Coastal Carolina,Big South,Charleston Southern,Big South,48,14,TRUE,TRUE,,
2003-11-22,2003,14,regular,Hofstra,Atlantic 10,Liberty,Big South,42,49,FALSE,FALSE,Williams Stadium (VA),
2003-11-22,2003,14,regular,Central Michigan,Mid-American,Navy,FBS Independents,34,63,FALSE,FALSE,Navy-Marine Corps Memorial Stadium,
2003-11-22,2003,14,regular,Mississippi State,SEC,Arkansas,SEC,6,52,FALSE,TRUE,Razorback Stadium,
2003-11-22,2003,14,regular,Cincinnati,Conference USA,Memphis,Conference USA,16,21,FALSE,TRUE,Simmons Bank Liberty Stadium,
2003-11-22,2003,14,regular,Iowa State,Big 12,Kansas,Big 12,7,36,FALSE,TRUE,Memorial Stadium,
2003-11-22,2003,14,regular,South Carolina State,MEAC,North Carolina A&T,MEAC,49,9,TRUE,TRUE,,
2003-11-22,2003,14,regular,Jacksonville State,OVC,Southeast Missouri State,OVC,22,17,TRUE,TRUE,Houck Stadium,
2003-11-22,2003,14,regular,Gardner-Webb,Big South,Western Carolina,Southern,16,39,FALSE,FALSE,E. J. Whitmire Stadium,
2003-11-22,2003,14,regular,New Mexico,Mountain West,Wyoming,Mountain West,26,3,FALSE,TRUE,War Memorial Stadium,
2003-11-22,2003,14,regular,Eastern Michigan,Mid-American,Northern Illinois,Mid-American,24,38,FALSE,TRUE,Huskie Stadium,
2003-11-22,2003,14,regular,Tennessee State,OVC,Murray State,OVC,35,10,FALSE,TRUE,Roy Stewart Stadium,
2003-11-22,2003,14,regular,Miami (OH),Mid-American,Ohio,Mid-American,49,31,FALSE,TRUE,Peden Stadium,
2003-11-22,2003,14,regular,Samford,OVC,Eastern Illinois,OVC,17,14,FALSE,TRUE,O'Brien Stadium,
2003-11-22,2003,14,regular,East Carolina,Conference USA,Tulane,Conference USA,18,28,FALSE,TRUE,Caesars Superdome,
2003-11-22,2003,14,regular,Tulsa,Western Athletic,San José State,Western Athletic,34,32,FALSE,TRUE,CEFCU Stadium,
2003-11-22,2003,14,regular,Houston,Conference USA,Louisville,Conference USA,45,66,FALSE,TRUE,L&N Federal Credit Union Stadium,
2003-11-22,2003,14,regular,Utah,Mountain West,BYU,Mountain West,3,0,FALSE,TRUE,LaVell Edwards Stadium,
2003-11-22,2003,14,regular,California,Pac-10,Stanford,Pac-10,28,16,FALSE,TRUE,Stanford Stadium,
2003-11-22,2003,14,regular,UCLA,Pac-10,USC,Pac-10,22,47,FALSE,TRUE,Los Angeles Memorial Coliseum,
2003-11-22,2003,14,regular,LSU,SEC,Ole Miss,SEC,17,14,FALSE,TRUE,Vaught-Hemingway Stadium,
2003-11-22,2003,14,regular,Maryland,ACC,NC State,ACC,26,24,FALSE,TRUE,Carter-Finley Stadium,
2003-11-22,2003,14,regular,Furman,Southern,Chattanooga,Southern,63,21,FALSE,TRUE,Finley Stadium,
2003-11-22,2003,14,regular,UTEP,Western Athletic,Rice,Western Athletic,14,45,FALSE,TRUE,Rice Stadium,
2003-11-22,2003,14,regular,Boston College,Big East,Virginia Tech,Big East,34,27,FALSE,TRUE,Lane Stadium,
2003-11-22,2003,14,regular,Iowa,Big Ten,Wisconsin,Big Ten,27,21,FALSE,TRUE,Camp Randall Stadium,
2003-11-22,2003,14,regular,Florida Atlantic,FCS Independents,Florida International,FCS Independents,32,23,FALSE,TRUE,FIU Stadium,
2003-11-22,2003,14,regular,Oregon State,Pac-10,Oregon,Pac-10,20,34,FALSE,TRUE,Autzen Stadium,
2003-11-22,2003,14,regular,Oklahoma,Big 12,Texas Tech,Big 12,56,25,FALSE,TRUE,Jones AT&T Stadium,
2003-11-22,2003,14,regular,Humboldt State,,Cal Poly,FCS Independents,21,56,TRUE,FALSE,Mustang Stadium,
2003-11-22,2003,14,regular,Cornell,Ivy,Pennsylvania,Ivy,7,59,FALSE,TRUE,Franklin Field,
2003-11-22,2003,14,regular,Delaware,Atlantic 10,Villanova,Atlantic 10,20,17,FALSE,TRUE,Villanova Stadium,
2003-11-22,2003,14,regular,Northern Colorado,FCS Independents,UC Davis,Great West,35,28,FALSE,FALSE,Aggie Stadium,
2003-11-22,2003,14,regular,Florida A&M,,Bethune-Cookman,MEAC,35,39,TRUE,FALSE,,
2003-11-22,2003,14,regular,Buffalo,Mid-American,Kent State,Mid-American,24,34,FALSE,TRUE,Dix Stadium,
2003-11-22,2003,14,regular,Stephen F. Austin,Southland,Northwestern State,Southland,44,14,FALSE,TRUE,Harry Turpin Stadium,
2003-11-22,2003,14,regular,Weber State,Big Sky,St. Mary's (CA),FCS Independents,35,15,TRUE,FALSE,,
2003-11-22,2003,14,regular,Utah State,Sun Belt,Idaho,Sun Belt,13,20,FALSE,TRUE,Kibbie Dome,
2003-11-22,2003,14,regular,Washington State,Pac-10,Washington,Pac-10,19,27,FALSE,TRUE,Husky Stadium,
2003-11-23,2003,14,regular,UAB,Conference USA,South Florida,Conference USA,22,19,FALSE,TRUE,Raymond James Stadium,
2003-11-23,2003,14,regular,Sam Houston,Southland,Texas State,Southland,28,49,FALSE,TRUE,Bobcat Stadium (TX),
2003-11-23,2003,14,regular,Missouri,Big 12,Kansas State,Big 12,14,24,FALSE,TRUE,Bill Snyder Family Stadium,
2003-11-23,2003,14,regular,Colorado State,Mountain West,UNLV,Mountain West,24,23,FALSE,TRUE,Sam Boyd Stadium,
2003-11-23,2003,14,regular,McNeese,Southland,Nicholls,Southland,63,28,FALSE,TRUE,Manning Field at John L. Guidry Stadium,
2003-11-23,2003,14,regular,Clemson,ACC,South Carolina,SEC,63,17,FALSE,FALSE,Williams-Brice Stadium,
2003-11-23,2003,14,regular,Western Michigan,Mid-American,Toledo,Mid-American,17,34,FALSE,TRUE,Glass Bowl,
2003-11-23,2003,14,regular,Alabama,SEC,Auburn,SEC,23,28,FALSE,TRUE,Jordan-Hare Stadium,
2003-11-23,2003,14,regular,Southern Utah,FCS Independents,Idaho State,Big Sky,17,36,FALSE,FALSE,Holt Arena,
2003-11-23,2003,14,regular,Air Force,Mountain West,San Diego State,Mountain West,3,24,FALSE,TRUE,Qualcomm Stadium,
2003-11-23,2003,14,regular,Army,Conference USA,Hawai'i,Western Athletic,28,59,FALSE,FALSE,Aloha Stadium,
2003-11-26,2003,15,regular,North Texas,Sun Belt,New Mexico State,Sun Belt,13,10,FALSE,TRUE,Aggie Memorial Stadium,
2003-11-28,2003,15,regular,Ole Miss,SEC,Mississippi State,SEC,31,0,FALSE,TRUE,Davis Wade Stadium,
2003-11-28,2003,15,regular,Louisville,Conference USA,Cincinnati,Conference USA,43,40,FALSE,TRUE,Nippert Stadium,
2003-11-28,2003,15,regular,Nebraska,Big 12,Colorado,Big 12,31,22,FALSE,TRUE,Folsom Field,
2003-11-28,2003,15,regular,Ohio,Mid-American,Marshall,Mid-American,0,28,FALSE,TRUE,Joan C. Edwards Stadium,
2003-11-28,2003,15,regular,Miami (OH),Mid-American,UCF,Mid-American,56,21,FALSE,TRUE,,
2003-11-28,2003,15,regular,Arkansas,SEC,LSU,SEC,24,55,FALSE,TRUE,Tiger Stadium (LA),
2003-11-28,2003,15,regular,Arizona,Pac-10,Arizona State,Pac-10,7,28,FALSE,TRUE,Mountain America Stadium,
2003-11-28,2003,15,regular,Texas,Big 12,Texas A&M,Big 12,46,15,FALSE,TRUE,Kyle Field,
2003-11-29,2003,15,regular,Toledo,Mid-American,Bowling Green,Mid-American,23,31,FALSE,TRUE,Doyt L. Perry Stadium,
2003-11-29,2003,15,regular,Syracuse,Big East,Rutgers,Big East,7,24,FALSE,TRUE,High Point Solutions Stadium,
2003-11-29,2003,15,regular,Tennessee,SEC,Kentucky,SEC,20,7,FALSE,TRUE,Kroger Field,
2003-11-29,2003,15,regular,Georgia,SEC,Georgia Tech,ACC,34,17,FALSE,FALSE,Bobby Dodd Stadium,
2003-11-29,2003,15,regular,Iowa State,Big 12,Missouri,Big 12,7,45,FALSE,TRUE,Memorial Stadium,
2003-11-29,2003,15,regular,Virginia Tech,Big East,Virginia,ACC,21,35,FALSE,FALSE,Scott Stadium,
2003-11-29,2003,15,regular,Temple,Big East,West Virginia,Big East,28,45,FALSE,TRUE,Milan Puskar Stadium,
2003-11-29,2003,15,regular,Southern Miss,Conference USA,East Carolina,Conference USA,38,21,FALSE,TRUE,Dowdy-Ficklen Stadium,
2003-11-29,2003,15,regular,South Florida,Conference USA,Memphis,Conference USA,21,16,FALSE,TRUE,Simmons Bank Liberty Stadium,
2003-11-29,2003,15,regular,UNLV,Mountain West,Wyoming,Mountain West,35,24,FALSE,TRUE,War Memorial Stadium,
2003-11-29,2003,15,regular,Rice,Western Athletic,Louisiana Tech,Western Athletic,49,14,FALSE,TRUE,Joe Aillet Stadium,
2003-11-29,2003,15,regular,TCU,Conference USA,SMU,Western Athletic,20,13,FALSE,FALSE,Gerald J. Ford Stadium,
2003-11-29,2003,15,regular,Nevada,Western Athletic,Boise State,Western Athletic,3,56,FALSE,TRUE,Albertsons Stadium,
2003-11-29,2003,15,regular,Florida State,ACC,Florida,SEC,38,34,FALSE,FALSE,,
2003-11-29,2003,15,regular,Maryland,ACC,Wake Forest,ACC,41,28,FALSE,TRUE,,
2003-11-29,2003,15,regular,UAB,Conference USA,Houston,Conference USA,28,56,FALSE,TRUE,Robertson Stadium,
2003-11-29,2003,15,regular,Fresno State,Western Athletic,UTEP,Western Athletic,23,20,FALSE,TRUE,Sun Bowl,
2003-11-30,2003,15,regular,Alabama,SEC,Hawai'i,Western Athletic,29,37,FALSE,FALSE,Aloha Stadium,
2003-11-30,2003,15,regular,Notre Dame,FBS Independents,Stanford,Pac-10,57,7,FALSE,FALSE,Stanford Stadium,
2003-11-30,2003,15,regular,Miami,Big East,Pittsburgh,Big East,28,14,FALSE,TRUE,Acrisure Stadium,
2003-12-05,2003,16,regular,Miami (OH),Mid-American,Bowling Green,Mid-American,49,27,FALSE,TRUE,Doyt L. Perry Stadium,
2003-12-06,2003,16,regular,Notre Dame,FBS Independents,Syracuse,Big East,12,38,FALSE,FALSE,JMA Wireless Dome,
2003-12-06,2003,16,regular,Army,Conference USA,Navy,FBS Independents,6,34,FALSE,FALSE,Lincoln Financial Field,
2003-12-06,2003,16,regular,Oregon State,Pac-10,USC,Pac-10,28,52,FALSE,TRUE,Los Angeles Memorial Coliseum,
2003-12-07,2003,16,regular,LSU,SEC,Georgia,SEC,34,13,FALSE,TRUE,Georgia Dome,
2003-12-07,2003,16,regular,Kansas State,Big 12,Oklahoma,Big 12,35,7,FALSE,TRUE,,
2003-12-07,2003,16,regular,Boise State,Western Athletic,Hawai'i,Western Athletic,45,28,FALSE,TRUE,Aloha Stadium,
2003-12-17,2003,1,postseason,Memphis,Conference USA,North Texas,Sun Belt,27,17,TRUE,FALSE,Fisher Field,
2003-12-19,2003,1,postseason,Miami (OH),Mid-American,Louisville,Conference USA,49,28,TRUE,FALSE,Roy Kidd Stadium,
2003-12-22,2003,1,postseason,NC State,ACC,Kansas,Big 12,56,26,TRUE,FALSE,University Stadium (NM),
2003-12-24,2003,1,postseason,TCU,Conference USA,Boise State,Western Athletic,31,34,TRUE,FALSE,Joe Aillet Stadium,
2003-12-25,2003,1,postseason,Oregon State,Pac-10,New Mexico,Mountain West,55,14,TRUE,TRUE,,
2003-12-26,2003,1,postseason,Houston,Conference USA,Hawai'i,Western Athletic,48,54,TRUE,FALSE,,
2003-12-26,2003,1,postseason,Northwestern,Big Ten,Bowling Green,Mid-American,24,28,TRUE,FALSE,War Memorial Stadium,
2003-12-27,2003,1,postseason,Virginia Tech,Big East,California,Pac-10,49,52,TRUE,FALSE,,
2003-12-27,2003,1,postseason,Pittsburgh,Big East,Virginia,ACC,16,23,TRUE,FALSE,Boone Pickens Stadium,
2003-12-30,2003,1,postseason,Michigan State,Big Ten,Nebraska,Big 12,3,17,TRUE,FALSE,Bobby Dodd Stadium,
2003-12-30,2003,1,postseason,Navy,FBS Independents,Texas Tech,Big 12,14,38,TRUE,FALSE,Wagner College Stadium,
2003-12-31,2003,1,postseason,Texas,Big 12,Washington State,Pac-10,20,28,TRUE,FALSE,Qualcomm Stadium,
2003-12-31,2003,1,postseason,UCLA,Pac-10,Fresno State,Western Athletic,9,17,TRUE,FALSE,Coughlin-Alumni Stadium,
2003-12-31,2003,1,postseason,Wisconsin,Big Ten,Auburn,SEC,14,28,TRUE,FALSE,Goodman Stadium,
2003-12-31,2003,1,postseason,Oregon,Pac-10,Minnesota,Big Ten,30,31,TRUE,TRUE,Sun Bowl,
2003-12-31,2003,1,postseason,Utah,Mountain West,Southern Miss,Conference USA,17,0,TRUE,TRUE,Simmons Bank Liberty Stadium,
2004-01-01,2003,1,postseason,Missouri,Big 12,Arkansas,SEC,14,27,TRUE,FALSE,,
2004-01-01,2003,1,postseason,Boston College,Big East,Colorado State,Mountain West,35,21,TRUE,FALSE,,
2004-01-01,2003,1,postseason,Iowa,Big Ten,Florida,SEC,37,17,TRUE,FALSE,Seibert Stadium,OUTBACK BOWL
2004-01-01,2003,1,postseason,Maryland,ACC,West Virginia,Big East,41,7,TRUE,FALSE,,TOYOTA GATOR BOWL
2004-01-01,2003,1,postseason,Georgia,SEC,Purdue,Big Ten,34,27,TRUE,FALSE,,CAPITAL ONE BOWL
2004-01-01,2003,1,postseason,Michigan,Big Ten,USC,Pac-10,14,28,TRUE,TRUE,Rose Bowl,ROSE BOWL PRESENTED BY CITI
2004-01-02,2003,1,postseason,Miami,Big East,Florida State,ACC,16,14,TRUE,FALSE,Alfond Stadium,FEDEX ORANGE BOWL
2004-01-02,2003,1,postseason,Oklahoma State,Big 12,Ole Miss,SEC,28,31,TRUE,FALSE,,SBC COTTON BOWL CLASSIC
2004-01-02,2003,1,postseason,Tennessee,SEC,Clemson,ACC,14,27,TRUE,FALSE,Georgia Dome,CHICK-FIL-A PEACH BOWL
2004-01-03,2003,1,postseason,Kansas State,Big 12,Ohio State,Big Ten,28,35,TRUE,FALSE,Mountain America Stadium,TOSTITOS FIESTA BOWL
2004-01-03,2003,1,postseason,Georgia Tech,ACC,Tulsa,Western Athletic,52,10,TRUE,FALSE,Joe Aillet Stadium,HUMANITARIAN BOWL
2004-01-05,2003,1,postseason,Oklahoma,Big 12,LSU,SEC,14,21,TRUE,FALSE,Caesars Superdome,NOKIA SUGAR BOWL