date,season,week,season_type,away_team,away_conference,home_team,home_conference,away_points,home_points,neutral,conference_game,venue,notes
2005-09-01,2005,1,regular,Morgan State,MEAC,Towson,Atlantic 10,26,29,FALSE,FALSE,Johnny Unitas Stadium,
2005-09-01,2005,1,regular,Vanderbilt,SEC,Wake Forest,ACC,24,20,FALSE,FALSE,Allegacy Federal Credit Union Stadium,
2005-09-01,2005,1,regular,Oregon,Pac-10,Houston,Conference USA,38,24,FALSE,FALSE,,AT RELIANT STADIUM
2005-09-01,2005,1,regular,Massachusetts,Atlantic 10,Richmond,Atlantic 10,19,6,TRUE,TRUE,,
2005-09-01,2005,1,regular,William & Mary,Atlantic 10,Marshall,Conference USA,24,36,FALSE,FALSE,Joan C. Edwards Stadium,
2005-09-01,2005,1,regular,Eastern Michigan,Mid-American,Cincinnati,Big East,26,28,FALSE,FALSE,Nippert Stadium,
2005-09-01,2005,1,regular,Bacone College,,Sam Houston,Southland,7,77,FALSE,FALSE,Elliott T. Bowers Stadium,
2005-09-01,2005,1,regular,Southern Illinois,MVFC,Southeast Missouri State,OVC,58,23,TRUE,FALSE,Houck Stadium,
2005-09-01,2005,1,regular,Western Illinois,MVFC,Toledo,Mid-American,14,62,FALSE,FALSE,Glass Bowl,
2005-09-01,2005,1,regular,Mars Hill,,Western Carolina,Southern,7,21,FALSE,FALSE,E. J. Whitmire Stadium,
2005-09-01,2005,1,regular,Buffalo,Mid-American,UConn,Big East,0,38,FALSE,FALSE,Pratt & Whitney Stadium,
2005-09-01,2005,1,regular,West Virginia Institute Of Tech,,Western Kentucky,MVFC,3,63,FALSE,FALSE,Houchens Industries-L.T. Smith Stadium,
2005-09-01,2005,1,regular,UCF,Conference USA,South Carolina,SEC,15,24,FALSE,FALSE,Williams-Brice Stadium,
2005-09-01,2005,1,regular,Slippery Rock,,Youngstown State,MVFC,14,44,FALSE,FALSE,Stambaugh Stadium,
2005-09-02,2005,1,regular,Furman,Southern,Jacksonville State,OVC,37,35,FALSE,FALSE,AmFirst Stadium,
2005-09-02,2005,1,regular,Eastern Illinois,OVC,Indiana State,MVFC,24,13,FALSE,FALSE,Memorial Stadium,
2005-09-02,2005,1,regular,Northwestern State,Southland,UL Monroe,Sun Belt,27,23,FALSE,FALSE,Malone Stadium,
2005-09-02,2005,1,regular,Arkansas-Monticello,,North Dakota State,Great West,7,59,FALSE,FALSE,Fargodome,
2005-09-02,2005,1,regular,Drake,Pioneer,Northern Iowa,MVFC,17,52,FALSE,FALSE,UNI-Dome,
2005-09-02,2005,1,regular,Henderson State,,Stephen F. Austin,Southland,38,49,FALSE,FALSE,Homer Bryce Stadium,
2005-09-02,2005,1,regular,Southern Utah,Great West,Idaho State,Big Sky,13,38,FALSE,FALSE,Holt Arena,
2005-09-02,2005,1,regular,Adams State,,Northern Arizona,Big Sky,13,52,TRUE,FALSE,,
2005-09-02,2005,1,regular,Temple,FBS Independents,Arizona State,Pac-10,16,63,FALSE,FALSE,Mountain America Stadium,
2005-09-02,2005,1,regular,Idaho,Western Athletic,Washington State,Pac-10,26,38,FALSE,FALSE,Gesa Field,
2005-09-02,2005,1,regular,Minnesota,Big Ten,Tulsa,Conference USA,41,10,FALSE,FALSE,,
2005-09-02,2005,1,regular,Indiana,Big Ten,Central Michigan,Mid-American,20,13,FALSE,FALSE,Kelly/Shorts Stadium,
2005-09-03,2005,1,regular,Arizona,Pac-10,Utah,Mountain West,24,27,FALSE,TRUE,Rice-Eccles Stadium,
2005-09-03,2005,1,regular,Ohio,Mid-American,Northwestern,Big Ten,14,38,FALSE,FALSE,Ryan Field,
2005-09-03,2005,1,regular,Kent State,Mid-American,Michigan State,Big Ten,14,49,FALSE,FALSE,Spartan Stadium,
2005-09-03,2005,1,regular,Miami (OH),Mid-American,Ohio State,Big Ten,14,34,FALSE,FALSE,Ohio Stadium,
2005-09-03,2005,1,regular,TCU,Mountain West,Oklahoma,Big 12,17,10,FALSE,FALSE,"Memorial Stadium (Norman, OK)",
2005-09-03,2005,1,regular,Fordham,Patriot,Rhode Island,Atlantic 10,20,34,FALSE,FALSE,Meade Stadium,
2005-09-03,2005,1,regular,Bowling Green,Mid-American,Wisconsin,Big Ten,42,56,FALSE,FALSE,Camp Randall Stadium,
2005-09-03,2005,1,regular,Rutgers,Big East,Illinois,Big Ten,30,33,FALSE,FALSE,"Memorial Stadium (Champaign, IL)",
2005-09-03,2005,1,regular,Missouri,Big 12,Arkansas State,Sun Belt,44,17,FALSE,FALSE,,
2005-09-03,2005,1,regular,Ball State,Mid-American,Iowa,Big Ten,0,56,FALSE,FALSE,Kinnick Stadium,
2005-09-03,2005,1,regular,Fordham,Patriot,Rhodes College,,20,34,TRUE,FALSE,Meade Stadium,
2005-09-03,2005,1,regular,UAB,Conference USA,Tennessee,SEC,10,17,FALSE,FALSE,Neyland Stadium,
2005-09-03,2005,1,regular,Sacred Heart,NEC,Holy Cross,Patriot,21,56,FALSE,FALSE,Fitton Field,
2005-09-03,2005,1,regular,Duke,ACC,East Carolina,Conference USA,21,24,FALSE,FALSE,Dowdy-Ficklen Stadium,
2005-09-03,2005,1,regular,Central Connecticut,NEC,Colgate,Patriot,24,22,FALSE,FALSE,Andy Kerr Stadium,
2005-09-03,2005,1,regular,Robert Morris,NEC,Duquesne,Metro Atlantic Athletic,12,23,FALSE,FALSE,Arthur J. Rooney Athletic Field,
2005-09-03,2005,1,regular,Monmouth,NEC,Lehigh,Patriot,26,54,FALSE,FALSE,Goodman Stadium,
2005-09-03,2005,1,regular,Morehead State,Pioneer,St. Francis (PA),NEC,26,25,TRUE,FALSE,,
2005-09-03,2005,1,regular,Davidson,Pioneer,VMI,Big South,0,33,FALSE,FALSE,Alumni Memorial Field,
2005-09-03,2005,1,regular,La Salle,Metro Atlantic Athletic,Wagner,NEC,27,41,FALSE,FALSE,Wagner College Stadium,
2005-09-03,2005,1,regular,Dayton,Pioneer,Tiffin,,38,0,TRUE,FALSE,,
2005-09-03,2005,1,regular,Georgia Southern,Southern,Northeastern,Atlantic 10,41,38,TRUE,FALSE,,
2005-09-03,2005,1,regular,Albion,,Butler,Pioneer,28,23,FALSE,FALSE,Butler Bowl,
2005-09-03,2005,1,regular,Austin Peay,Pioneer,University Of Charleston (WV),,19,27,TRUE,FALSE,,
2005-09-03,2005,1,regular,Florida International,Sun Belt,Kansas State,Big 12,21,35,FALSE,FALSE,Bill Snyder Family Stadium,
2005-09-03,2005,1,regular,Fort Lewis,,Montana,Big Sky,0,55,FALSE,FALSE,Washington-Grizzly Stadium,
2005-09-03,2005,1,regular,Colorado State,Mountain West,Colorado,Big 12,28,31,FALSE,FALSE,Folsom Field,
2005-09-03,2005,1,regular,Northern Illinois,Mid-American,Michigan,Big Ten,17,33,FALSE,FALSE,Michigan Stadium,
2005-09-03,2005,1,regular,South Florida,Big East,Penn State,Big Ten,13,23,FALSE,FALSE,Beaver Stadium,
2005-09-03,2005,1,regular,Boston College,ACC,BYU,Mountain West,20,3,FALSE,FALSE,LaVell Edwards Stadium,
2005-09-03,2005,1,regular,Washington,Pac-10,Air Force,Mountain West,17,20,FALSE,TRUE,,
2005-09-03,2005,1,regular,Sacramento State,Big Sky,California,Pac-10,3,41,FALSE,FALSE,California Memorial Stadium,
2005-09-03,2005,1,regular,Colorado School Of Mines,,Northern Colorado,Great West,31,52,FALSE,FALSE,Nottingham Field,
2005-09-03,2005,1,regular,Boise State,Western Athletic,Georgia,SEC,13,48,FALSE,FALSE,Sanford Stadium,
2005-09-03,2005,1,regular,Eastern Washington,Big Sky,San José State,Western Athletic,24,35,FALSE,FALSE,CEFCU Stadium,
2005-09-03,2005,1,regular,Wyoming,Mountain West,Florida,SEC,14,32,FALSE,FALSE,Ben Hill Griffin Stadium,
2005-09-03,2005,1,regular,Portland State,Big Sky,Oregon State,Pac-10,14,41,FALSE,FALSE,Reser Stadium,
2005-09-03,2005,1,regular,Tennessee Tech,OVC,Chattanooga,Southern,23,30,FALSE,FALSE,Finley Stadium,
2005-09-03,2005,1,regular,Lock Haven University,,James Madison,Atlantic 10,0,56,FALSE,FALSE,Bridgeforth Stadium,
2005-09-03,2005,1,regular,Coastal Carolina,Big South,Elon,Southern,17,10,FALSE,FALSE,Rhodes Stadium,
2005-09-03,2005,1,regular,Union College,,Gardner-Webb,Big South,12,65,FALSE,FALSE,Ernest W. Spangler Stadium,
2005-09-03,2005,1,regular,Maryland,ACC,Navy,FBS Independents,23,20,FALSE,FALSE,,
2005-09-03,2005,1,regular,Benedict College,,Savannah St,FCS Independents,31,14,FALSE,FALSE,Ted Wright Stadium,
2005-09-03,2005,1,regular,Western Michigan,Mid-American,Virginia,ACC,19,31,FALSE,FALSE,Scott Stadium,
2005-09-03,2005,1,regular,App State,Southern,Eastern Kentucky,OVC,24,16,FALSE,FALSE,Roy Kidd Stadium,
2005-09-03,2005,1,regular,Missouri State,MVFC,Arkansas,SEC,17,49,FALSE,FALSE,Razorback Stadium,
2005-09-03,2005,1,regular,USC,Pac-10,Hawai'i,Western Athletic,63,17,FALSE,FALSE,Aloha Stadium,
2005-09-03,2005,1,regular,Illinois State,MVFC,Iowa State,Big 12,21,32,FALSE,FALSE,Jack Trice Stadium,
2005-09-03,2005,1,regular,Maine,Atlantic 10,Nebraska,Big 12,7,25,FALSE,FALSE,"Memorial Stadium (Lincoln, NE)",
2005-09-03,2005,1,regular,Montana State,Big Sky,Oklahoma State,Big 12,10,15,FALSE,FALSE,Boone Pickens Stadium,
2005-09-03,2005,1,regular,Louisiana,Sun Belt,Texas,Big 12,3,60,FALSE,FALSE,DKR-Texas Memorial Stadium,
2005-09-03,2005,1,regular,Delta State,,Texas State,Southland,25,32,TRUE,FALSE,Bobcat Stadium,
2005-09-03,2005,1,regular,Middle Tennessee,Sun Belt,Alabama,SEC,7,26,FALSE,FALSE,Bryant-Denny Stadium,
2005-09-03,2005,1,regular,Murray State,OVC,Mississippi State,SEC,6,38,FALSE,FALSE,Davis Wade Stadium,
2005-09-03,2005,1,regular,Georgetown,Patriot,Bucknell,Patriot,19,16,FALSE,TRUE,Christy Mathewson-Memorial Stadium,
2005-09-03,2005,1,regular,Florida Atlantic,Sun Belt,Kansas,Big 12,19,30,FALSE,FALSE,Memorial Stadium,
2005-09-03,2005,1,regular,Concord University,,Liberty,Big South,6,17,FALSE,FALSE,Williams Stadium (VA),
2005-09-03,2005,1,regular,Lafayette,Patriot,Marist,Metro Atlantic Athletic,40,21,FALSE,FALSE,Leonidoff Field,
2005-09-03,2005,1,regular,Charleston Southern,Big South,The Citadel,Southern,14,28,FALSE,FALSE,Johnson Hagood Stadium,
2005-09-03,2005,1,regular,Cal Poly,Great West,Troy,Sun Belt,10,27,FALSE,FALSE,Veterans Memorial Stadium (AL),
2005-09-03,2005,1,regular,Valparaiso,Pioneer,Wisconsin-Lutheran,,17,3,TRUE,FALSE,,
2005-09-03,2005,1,regular,Georgetown College Kentucky,,Wofford,Southern,24,34,FALSE,FALSE,Gibbs Stadium,
2005-09-03,2005,1,regular,Western Colorado,,Weber State,Big Sky,0,61,FALSE,FALSE,Stewart Stadium,
2005-09-04,2005,1,regular,Notre Dame,FBS Independents,Pittsburgh,Big East,42,21,FALSE,FALSE,Acrisure Stadium,
2005-09-04,2005,1,regular,Texas A&M,Big 12,Clemson,ACC,24,25,FALSE,FALSE,"Memorial Stadium (Clemson, SC)",
2005-09-04,2005,1,regular,Baylor,Big 12,SMU,Conference USA,28,23,FALSE,FALSE,Gerald J. Ford Stadium,
2005-09-04,2005,1,regular,Wisconsin-Lacrosse,,South Dakota State,Great West,13,42,TRUE,FALSE,Coughlin-Alumni Stadium,
2005-09-04,2005,1,regular,Georgia Tech,ACC,Auburn,SEC,23,14,FALSE,FALSE,Jordan-Hare Stadium,
2005-09-04,2005,1,regular,New Hampshire,Atlantic 10,UC Davis,Great West,17,13,FALSE,FALSE,Aggie Stadium,
2005-09-04,2005,1,regular,Azusa Pacific,,San Diego,Pioneer,6,30,FALSE,FALSE,Torero Stadium,
2005-09-04,2005,1,regular,UCLA,Pac-10,San Diego State,Mountain West,44,21,FALSE,TRUE,Qualcomm Stadium,
2005-09-04,2005,1,regular,UTEP,Conference USA,New Mexico State,Western Athletic,34,17,FALSE,FALSE,Aggie Memorial Stadium,
2005-09-04,2005,1,regular,West Virginia,Big East,Syracuse,Big East,15,7,FALSE,TRUE,JMA Wireless Dome,
2005-09-04,2005,1,regular,Louisville,Big East,Kentucky,SEC,31,24,FALSE,FALSE,Kroger Field,
2005-09-04,2005,1,regular,Virginia Tech,ACC,NC State,ACC,20,16,FALSE,TRUE,Carter-Finley Stadium,
2005-09-05,2005,1,regular,UNLV,Mountain West,New Mexico,Mountain West,22,24,FALSE,TRUE,University Stadium (NM),
2005-09-05,2005,1,regular,Ole Miss,SEC,Memphis,Conference USA,10,6,FALSE,FALSE,Simmons Bank Liberty Stadium,
2005-09-06,2005,1,regular,Miami,ACC,Florida State,ACC,7,10,FALSE,TRUE,Doak Campbell Stadium,
2005-09-08,2005,2,regular,Oklahoma State,Big 12,Florida Atlantic,Sun Belt,23,3,FALSE,FALSE,Hard Rock Stadium,
2005-09-09,2005,2,regular,Lambuth,,Tennessee Tech,OVC,10,52,FALSE,FALSE,Tucker Stadium,
2005-09-09,2005,2,regular,Northern Colorado,Great West,Western Illinois,MVFC,23,28,FALSE,FALSE,Hanson Field,
2005-09-10,2005,2,regular,Pittsburgh,Big East,Ohio,Mid-American,10,16,FALSE,FALSE,Peden Stadium,
2005-09-10,2005,2,regular,Washington State,Pac-10,Nevada,Western Athletic,55,21,FALSE,FALSE,Mackay Stadium,
2005-09-10,2005,2,regular,Kansas State,Big 12,Marshall,Conference USA,21,19,FALSE,FALSE,Joan C. Edwards Stadium,
2005-09-10,2005,2,regular,St. Francis (PA),NEC,St. Peter's,Metro Atlantic Athletic,22,25,TRUE,FALSE,,
2005-09-10,2005,2,regular,Clemson,ACC,Maryland,ACC,28,24,FALSE,TRUE,SECU Stadium,
2005-09-10,2005,2,regular,Notre Dame,FBS Independents,Michigan,Big Ten,17,10,FALSE,FALSE,Michigan Stadium,
2005-09-10,2005,2,regular,Virginia Tech,ACC,Duke,ACC,45,0,FALSE,TRUE,Wallace Wade Stadium,
2005-09-10,2005,2,regular,Cincinnati,Big East,Penn State,Big Ten,24,42,FALSE,FALSE,Beaver Stadium,
2005-09-10,2005,2,regular,Temple,FBS Independents,Wisconsin,Big Ten,0,65,FALSE,FALSE,Camp Randall Stadium,
2005-09-10,2005,2,regular,Mississippi State,SEC,Auburn,SEC,0,28,FALSE,TRUE,Jordan-Hare Stadium,
2005-09-10,2005,2,regular,Army,FBS Independents,Boston College,ACC,7,44,FALSE,FALSE,"Alumni Stadium (Chestnut Hill, MA)",
2005-09-10,2005,2,regular,Tulsa,Conference USA,Oklahoma,Big 12,15,31,FALSE,FALSE,"Memorial Stadium (Norman, OK)",
2005-09-10,2005,2,regular,Liberty,Big South,UConn,Big East,0,59,FALSE,FALSE,Pratt & Whitney Stadium,
2005-09-10,2005,2,regular,Georgetown,Patriot,Holy Cross,Patriot,6,48,FALSE,TRUE,Fitton Field,
2005-09-10,2005,2,regular,Wagner,NEC,Iona,Metro Atlantic Athletic,14,0,TRUE,FALSE,,
2005-09-10,2005,2,regular,Richmond,Atlantic 10,Lafayette,Patriot,0,7,FALSE,FALSE,Fisher Field,
2005-09-10,2005,2,regular,Massachusetts,Atlantic 10,Colgate,Patriot,14,17,FALSE,FALSE,Andy Kerr Stadium,
2005-09-10,2005,2,regular,Wittenberg,,Dayton,Pioneer,23,41,FALSE,FALSE,Welcome Stadium,
2005-09-10,2005,2,regular,Fordham,Patriot,Duquesne,Metro Atlantic Athletic,13,30,FALSE,FALSE,Arthur J. Rooney Athletic Field,
2005-09-10,2005,2,regular,Monmouth,NEC,La Salle,Metro Atlantic Athletic,65,27,TRUE,FALSE,,
2005-09-10,2005,2,regular,Akron,Mid-American,Purdue,Big Ten,24,49,FALSE,FALSE,Ross-Ade Stadium,
2005-09-10,2005,2,regular,Marist,Metro Atlantic Athletic,Sacred Heart,NEC,22,20,FALSE,FALSE,Campus Field,
2005-09-10,2005,2,regular,William & Mary,Atlantic 10,VMI,Big South,41,7,FALSE,FALSE,Alumni Memorial Field,
2005-09-10,2005,2,regular,Butler,Pioneer,Tiffin,,7,30,TRUE,FALSE,,
2005-09-10,2005,2,regular,Presbyterian,FCS Independents,Charleston Southern,Big South,42,0,TRUE,FALSE,,
2005-09-10,2005,2,regular,Colorado State,Mountain West,Minnesota,Big Ten,24,56,FALSE,TRUE,,
2005-09-10,2005,2,regular,Central Michigan,Mid-American,Miami (OH),Mid-American,38,37,FALSE,TRUE,Yager Stadium,
2005-09-10,2005,2,regular,University Of St Francis IN,,Indiana State,MVFC,42,10,FALSE,FALSE,Memorial Stadium,
2005-09-10,2005,2,regular,San José State,Western Athletic,Illinois,Big Ten,19,40,FALSE,FALSE,"Memorial Stadium (Champaign, IL)",
2005-09-10,2005,2,regular,San Diego State,Mountain West,Air Force,Mountain West,29,41,FALSE,TRUE,Falcon Stadium,
2005-09-10,2005,2,regular,Stephen F. Austin,Southland,Montana State,Big Sky,6,42,FALSE,FALSE,Bobcat Stadium,
2005-09-10,2005,2,regular,Eastern Illinois,OVC,BYU,Mountain West,10,45,FALSE,FALSE,LaVell Edwards Stadium,
2005-09-10,2005,2,regular,UL Monroe,Sun Belt,Wyoming,Mountain West,0,38,FALSE,FALSE,,
2005-09-10,2005,2,regular,North Carolina,ACC,Georgia Tech,ACC,21,27,FALSE,TRUE,Bobby Dodd Stadium,
2005-09-10,2005,2,regular,Iowa,Big Ten,Iowa State,Big 12,3,23,FALSE,FALSE,Jack Trice Stadium,
2005-09-10,2005,2,regular,Hawai'i,Western Athletic,Michigan State,Big Ten,14,42,FALSE,FALSE,Spartan Stadium,
2005-09-10,2005,2,regular,Villanova,Atlantic 10,Rutgers,Big East,6,38,TRUE,FALSE,High Point Solutions Stadium,
2005-09-10,2005,2,regular,Buffalo,Mid-American,Syracuse,Big East,0,31,FALSE,FALSE,JMA Wireless Dome,
2005-09-10,2005,2,regular,California,Pac-10,Washington,Pac-10,56,17,FALSE,TRUE,,
2005-09-10,2005,2,regular,Montana,Big Sky,Oregon,Pac-10,14,47,FALSE,FALSE,Autzen Stadium,
2005-09-10,2005,2,regular,Northern Illinois,Mid-American,Northwestern,Big Ten,37,38,FALSE,FALSE,Ryan Field,
2005-09-10,2005,2,regular,Southeast Missouri State,OVC,Kent State,Mid-American,12,33,FALSE,FALSE,Dix Stadium,
2005-09-10,2005,2,regular,Northeastern,Atlantic 10,Youngstown State,MVFC,16,35,FALSE,FALSE,Stambaugh Stadium,
2005-09-10,2005,2,regular,Southern Oregon,,San Diego,Pioneer,0,51,FALSE,FALSE,Torero Stadium,
2005-09-10,2005,2,regular,Nicholls,Southland,Indiana,Big Ten,31,35,FALSE,FALSE,"Memorial Stadium (Bloomington, IN)",
2005-09-10,2005,2,regular,Rhode Island,Atlantic 10,Central Connecticut,NEC,56,10,FALSE,FALSE,Arute Field,
2005-09-10,2005,2,regular,Alcorn State,SWAC,SE Louisiana,Southland,21,48,FALSE,FALSE,Strawberry Stadium,
2005-09-10,2005,2,regular,South Carolina,SEC,Georgia,SEC,15,17,FALSE,TRUE,Sanford Stadium,
2005-09-10,2005,2,regular,Louisiana Tech,Western Athletic,Florida,SEC,3,41,FALSE,FALSE,Ben Hill Griffin Stadium,
2005-09-10,2005,2,regular,Idaho State,Big Sky,Kentucky,SEC,29,41,FALSE,FALSE,Kroger Field,
2005-09-10,2005,2,regular,Lock Haven University,,Towson,Atlantic 10,0,70,FALSE,FALSE,Johnny Unitas Stadium,
2005-09-10,2005,2,regular,Wofford,Southern,West Virginia,Big East,7,35,FALSE,FALSE,Milan Puskar Stadium,
2005-09-10,2005,2,regular,McNeese,Southland,Georgia Southern,Southern,23,20,FALSE,FALSE,Allen E. Paulson Stadium,
2005-09-10,2005,2,regular,William Penn,,Maine,Atlantic 10,0,28,FALSE,FALSE,Alfond Stadium,
2005-09-10,2005,2,regular,Hofstra,Atlantic 10,UAlbany,NEC,36,7,TRUE,FALSE,University Field (NY),
2005-09-10,2005,2,regular,Louisiana,Sun Belt,Eastern Michigan,Mid-American,10,31,FALSE,FALSE,Rynearson Stadium,
2005-09-10,2005,2,regular,Belhaven,,Gardner-Webb,Big South,7,54,FALSE,FALSE,Ernest W. Spangler Stadium,
2005-09-10,2005,2,regular,Stanford,Pac-10,Navy,FBS Independents,41,38,FALSE,FALSE,Navy-Marine Corps Memorial Stadium,
2005-09-10,2005,2,regular,Elon,Southern,Savannah St,FCS Independents,48,14,FALSE,FALSE,Ted Wright Stadium,
2005-09-10,2005,2,regular,Bucknell,Patriot,Stony Brook,NEC,18,21,FALSE,FALSE,Kenneth P. LaValle Stadium,
2005-09-10,2005,2,regular,Furman,Southern,Western Carolina,Southern,21,41,FALSE,TRUE,E. J. Whitmire Stadium,
2005-09-10,2005,2,regular,Boise State,Western Athletic,Oregon State,Pac-10,27,30,FALSE,FALSE,Reser Stadium,
2005-09-10,2005,2,regular,The Citadel,Southern,Florida State,ACC,10,62,FALSE,FALSE,Doak Campbell Stadium,
2005-09-10,2005,2,regular,Vanderbilt,SEC,Arkansas,SEC,28,24,FALSE,TRUE,Razorback Stadium,
2005-09-10,2005,2,regular,Lehigh,Patriot,Delaware,Atlantic 10,33,34,TRUE,FALSE,,
2005-09-10,2005,2,regular,Chattanooga,Southern,Jacksonville State,OVC,21,18,FALSE,FALSE,AmFirst Stadium,
2005-09-10,2005,2,regular,Florida A&M,MEAC,South Florida,Big East,3,37,FALSE,FALSE,Raymond James Stadium,
2005-09-10,2005,2,regular,Union College,,Southern Illinois,MVFC,7,82,TRUE,FALSE,,
2005-09-10,2005,2,regular,New Mexico,Mountain West,Missouri,Big 12,45,35,FALSE,FALSE,Memorial Stadium,
2005-09-10,2005,2,regular,Wake Forest,ACC,Nebraska,Big 12,3,31,FALSE,FALSE,"Memorial Stadium (Lincoln, NE)",
2005-09-10,2005,2,regular,Samford,OVC,Baylor,Big 12,14,48,TRUE,FALSE,Floyd Casey Stadium,
2005-09-10,2005,2,regular,Sam Houston,Southland,Houston,Conference USA,10,31,TRUE,FALSE,Robertson Stadium,
2005-09-10,2005,2,regular,James Madison,Atlantic 10,Coastal Carolina,Big South,27,31,FALSE,FALSE,Brooks Stadium (SC),
2005-09-10,2005,2,regular,Southern Utah,Great West,Texas State,Southland,0,34,TRUE,FALSE,Bobcat Stadium,
2005-09-10,2005,2,regular,UT Martin,OVC,Arkansas State,Sun Belt,7,56,TRUE,FALSE,,
2005-09-10,2005,2,regular,Cumberland (TN),,Austin Peay,Pioneer,15,24,FALSE,FALSE,Governors Stadium,
2005-09-10,2005,2,regular,Greensboro College,,Davidson,Pioneer,7,32,FALSE,FALSE,Richardson Stadium,
2005-09-10,2005,2,regular,Tennessee State,OVC,Jackson State,SWAC,20,14,TRUE,FALSE,Simmons Bank Liberty Stadium,
2005-09-10,2005,2,regular,App State,Southern,Kansas,Big 12,8,36,FALSE,FALSE,Memorial Stadium,
2005-09-10,2005,2,regular,North Texas,Sun Belt,Middle Tennessee,Sun Belt,14,7,FALSE,TRUE,"Johnny ""Red"" Floyd Stadium",
2005-09-10,2005,2,regular,Newberry,,Morehead State,Pioneer,33,35,FALSE,FALSE,Jayne Stadium,
2005-09-10,2005,2,regular,North Dakota State,Great West,Northwestern State,Southland,35,7,FALSE,FALSE,Harry Turpin Stadium,
2005-09-10,2005,2,regular,Quincy,,Missouri State,MVFC,14,51,FALSE,FALSE,Plaster Sports Complex,
2005-09-10,2005,2,regular,Florida International,Sun Belt,Texas Tech,Big 12,3,56,FALSE,FALSE,Jones AT&T Stadium,
2005-09-10,2005,2,regular,Western Michigan,Mid-American,Toledo,Mid-American,23,56,FALSE,TRUE,Glass Bowl,
2005-09-10,2005,2,regular,Eastern Kentucky,OVC,Western Kentucky,MVFC,21,23,FALSE,FALSE,Houchens Industries-L.T. Smith Stadium,
2005-09-10,2005,2,regular,Drake,Pioneer,Illinois State,MVFC,19,56,FALSE,FALSE,Hancock Stadium,
2005-09-10,2005,2,regular,Southern Miss,Conference USA,Alabama,SEC,21,30,FALSE,FALSE,Bryant-Denny Stadium,
2005-09-11,2005,2,regular,Texas,Big 12,Ohio State,Big Ten,25,22,FALSE,FALSE,Ohio Stadium,
2005-09-11,2005,2,regular,Utah State,Western Athletic,Utah,Mountain West,7,31,FALSE,FALSE,Rice-Eccles Stadium,
2005-09-11,2005,2,regular,Bowling Green,Mid-American,Ball State,Mid-American,40,31,FALSE,TRUE,Scheumann Stadium,
2005-09-11,2005,2,regular,Valparaiso,Pioneer,South Dakota State,Great West,6,69,TRUE,FALSE,Coughlin-Alumni Stadium,
2005-09-11,2005,2,regular,UAB,Conference USA,Troy,Sun Belt,27,7,FALSE,FALSE,Veterans Memorial Stadium (AL),
2005-09-11,2005,2,regular,Minnesota Duluth,,Northern Iowa,MVFC,14,49,FALSE,FALSE,UNI-Dome,
2005-09-11,2005,2,regular,Sacramento State,Big Sky,Cal Poly,Great West,13,37,FALSE,FALSE,Alex G. Spanos Stadium,
2005-09-11,2005,2,regular,LSU,SEC,Arizona State,Pac-10,35,31,FALSE,FALSE,Mountain America Stadium,
2005-09-11,2005,2,regular,Portland State,Big Sky,UC Davis,Great West,14,12,FALSE,FALSE,Aggie Stadium,
2005-09-11,2005,2,regular,TCU,Mountain West,SMU,Conference USA,10,21,FALSE,FALSE,Gerald J. Ford Stadium,
2005-09-11,2005,2,regular,Northern Arizona,Big Sky,Arizona,Pac-10,12,31,FALSE,FALSE,Arizona Stadium,
2005-09-11,2005,2,regular,Rice,Conference USA,UCLA,Pac-10,21,63,FALSE,FALSE,Rose Bowl,
2005-09-11,2005,2,regular,New Mexico State,Western Athletic,Colorado,Big 12,0,39,FALSE,FALSE,Folsom Field,
2005-09-11,2005,2,regular,Weber State,Big Sky,Fresno State,Western Athletic,17,55,FALSE,FALSE,Valley Children's Stadium,
2005-09-11,2005,2,regular,Idaho,Western Athletic,UNLV,Mountain West,31,34,FALSE,FALSE,Sam Boyd Stadium,
2005-09-15,2005,3,regular,Wagner,NEC,St. Peter's,Metro Atlantic Athletic,52,25,TRUE,FALSE,,
2005-09-15,2005,3,regular,Hampton,MEAC,North Carolina A&T,MEAC,31,14,TRUE,TRUE,Aggie Memorial Stadium,
2005-09-15,2005,3,regular,Utah,Mountain West,TCU,Mountain West,20,23,FALSE,TRUE,Amon G. Carter Stadium,
2005-09-17,2005,3,regular,Houston,Conference USA,UTEP,Conference USA,41,44,FALSE,TRUE,Sun Bowl,
2005-09-17,2005,3,regular,Oregon State,Pac-10,Louisville,Big East,27,63,FALSE,FALSE,L&N Federal Credit Union Stadium,
2005-09-17,2005,3,regular,West Virginia,Big East,Maryland,ACC,31,19,FALSE,FALSE,SECU Stadium,
2005-09-17,2005,3,regular,Eastern Michigan,Mid-American,Michigan,Big Ten,0,55,FALSE,FALSE,Michigan Stadium,
2005-09-17,2005,3,regular,Virginia,ACC,Syracuse,Big East,27,24,FALSE,FALSE,JMA Wireless Dome,
2005-09-17,2005,3,regular,William & Mary,Atlantic 10,Rhode Island,Atlantic 10,29,48,FALSE,TRUE,Meade Stadium,
2005-09-17,2005,3,regular,William & Mary,Atlantic 10,Rhodes College,,29,48,TRUE,FALSE,Meade Stadium,
2005-09-17,2005,3,regular,Butler,Pioneer,Robert Morris,NEC,13,49,FALSE,FALSE,Joe Walton Stadium,
2005-09-17,2005,3,regular,Colgate,Patriot,Dartmouth,Ivy,21,26,FALSE,FALSE,Memorial Field,
2005-09-17,2005,3,regular,Ole Miss,SEC,Vanderbilt,SEC,23,31,FALSE,TRUE,FirstBank Stadium,
2005-09-17,2005,3,regular,SMU,Conference USA,Texas A&M,Big 12,8,66,FALSE,FALSE,Kyle Field,
2005-09-17,2005,3,regular,Brown,Ivy,Georgetown,Patriot,34,3,FALSE,FALSE,Cooper Field,
2005-09-17,2005,3,regular,UL Monroe,Sun Belt,Georgia,SEC,7,44,FALSE,FALSE,Sanford Stadium,
2005-09-17,2005,3,regular,Harvard,Ivy,Holy Cross,Patriot,31,21,FALSE,FALSE,Fitton Field,
2005-09-17,2005,3,regular,VMI,Big South,Duke,ACC,14,40,FALSE,FALSE,Wallace Wade Stadium,
2005-09-17,2005,3,regular,Bucknell,Patriot,Cornell,Ivy,7,24,FALSE,FALSE,Schoellkopf Field,
2005-09-17,2005,3,regular,Toledo,Mid-American,Temple,FBS Independents,42,17,FALSE,FALSE,Lincoln Financial Field,
2005-09-17,2005,3,regular,Sacred Heart,NEC,Iona,Metro Atlantic Athletic,38,14,TRUE,FALSE,,
2005-09-17,2005,3,regular,Princeton,Ivy,Lafayette,Patriot,23,21,FALSE,FALSE,Fisher Field,
2005-09-17,2005,3,regular,Austin Peay,Pioneer,Dayton,Pioneer,0,46,FALSE,TRUE,Welcome Stadium,
2005-09-17,2005,3,regular,Ursinus,,La Salle,Metro Atlantic Athletic,13,12,TRUE,FALSE,,
2005-09-17,2005,3,regular,PennWest California,,Monmouth,NEC,15,16,TRUE,FALSE,Kessler Field,
2005-09-17,2005,3,regular,Tennessee State,OVC,UT Martin,OVC,20,42,FALSE,TRUE,Graham Stadium,
2005-09-17,2005,3,regular,Morehead State,Pioneer,Valparaiso,Pioneer,48,7,FALSE,TRUE,Brown Field,
2005-09-17,2005,3,regular,Jacksonville,Pioneer,Charleston Southern,Big South,10,16,TRUE,FALSE,,
2005-09-17,2005,3,regular,Troy,Sun Belt,Missouri,Big 12,21,52,FALSE,FALSE,Memorial Stadium,
2005-09-17,2005,3,regular,Wyoming,Mountain West,Air Force,Mountain West,29,28,FALSE,TRUE,Falcon Stadium,
2005-09-17,2005,3,regular,Presbyterian,FCS Independents,Elon,Southern,19,34,FALSE,FALSE,Rhodes Stadium,
2005-09-17,2005,3,regular,Savannah St,FCS Independents,Morgan State,MEAC,26,55,TRUE,FALSE,Brown Stadium,AT CLEVELAND OH
2005-09-17,2005,3,regular,Ball State,Mid-American,Auburn,SEC,3,63,FALSE,FALSE,Jordan-Hare Stadium,
2005-09-17,2005,3,regular,New Hampshire,Atlantic 10,Towson,Atlantic 10,62,21,FALSE,TRUE,Johnny Unitas Stadium,
2005-09-17,2005,3,regular,South Dakota State,Great West,Montana,Big Sky,0,7,FALSE,FALSE,Washington-Grizzly Stadium,
2005-09-17,2005,3,regular,Baylor,Big 12,Army,FBS Independents,20,10,FALSE,FALSE,Michie Stadium,
2005-09-17,2005,3,regular,Cheyney,,Nicholls,Southland,0,54,FALSE,FALSE,Manning Field at John L. Guidry Stadium,
2005-09-17,2005,3,regular,Oklahoma,Big 12,UCLA,Pac-10,24,41,FALSE,FALSE,Rose Bowl,
2005-09-17,2005,3,regular,Michigan State,Big Ten,Notre Dame,FBS Independents,44,41,FALSE,FALSE,Notre Dame Stadium,
2005-09-17,2005,3,regular,Pittsburgh,Big East,Nebraska,Big 12,6,7,FALSE,FALSE,"Memorial Stadium (Lincoln, NE)",
2005-09-17,2005,3,regular,San Diego State,Mountain West,Ohio State,Big Ten,6,27,FALSE,TRUE,Ohio Stadium,
2005-09-17,2005,3,regular,Central Michigan,Mid-American,Penn State,Big Ten,3,40,FALSE,FALSE,Beaver Stadium,
2005-09-17,2005,3,regular,Duquesne,Metro Atlantic Athletic,Pennsylvania,Ivy,14,41,FALSE,FALSE,Franklin Field,
2005-09-17,2005,3,regular,Miami,ACC,Clemson,ACC,36,30,FALSE,TRUE,"Memorial Stadium (Clemson, SC)",
2005-09-17,2005,3,regular,Ohio,Mid-American,Virginia Tech,ACC,0,45,FALSE,FALSE,Lane Stadium,
2005-09-17,2005,3,regular,Idaho,Western Athletic,Washington,Pac-10,6,34,FALSE,FALSE,,
2005-09-17,2005,3,regular,Coastal Carolina,Big South,App State,Southern,3,30,FALSE,FALSE,Kidd Brewer Stadium,
2005-09-17,2005,3,regular,Northern Iowa,MVFC,Iowa,Big Ten,21,45,FALSE,FALSE,Kinnick Stadium,
2005-09-17,2005,3,regular,Alabama,SEC,South Carolina,SEC,37,14,FALSE,TRUE,Williams-Brice Stadium,
2005-09-17,2005,3,regular,Miami (OH),Mid-American,Kent State,Mid-American,27,10,FALSE,TRUE,Dix Stadium,
2005-09-17,2005,3,regular,SE Louisiana,Southland,Northern Colorado,Great West,19,35,FALSE,FALSE,Nottingham Field,
2005-09-17,2005,3,regular,Tennessee Tech,OVC,Northern Illinois,Mid-American,3,42,FALSE,FALSE,Huskie Stadium,
2005-09-17,2005,3,regular,Yale,Ivy,San Diego,Pioneer,14,17,FALSE,FALSE,Torero Stadium,
2005-09-17,2005,3,regular,Illinois,Big Ten,California,Pac-10,20,35,FALSE,TRUE,California Memorial Stadium,
2005-09-17,2005,3,regular,Akron,Mid-American,Middle Tennessee,Sun Belt,17,7,FALSE,FALSE,"Johnny ""Red"" Floyd Stadium",
2005-09-17,2005,3,regular,Montana-Western,,Idaho State,Big Sky,0,37,FALSE,FALSE,Holt Arena,
2005-09-17,2005,3,regular,UAlbany,NEC,Massachusetts,Atlantic 10,0,40,TRUE,FALSE,,
2005-09-17,2005,3,regular,Eastern Kentucky,OVC,NC State,ACC,10,54,FALSE,FALSE,Carter-Finley Stadium,
2005-09-17,2005,3,regular,Delaware State,MEAC,James Madison,Atlantic 10,7,65,FALSE,FALSE,Bridgeforth Stadium,
2005-09-17,2005,3,regular,Richmond,Atlantic 10,Maine,Atlantic 10,26,21,FALSE,TRUE,Alfond Stadium,
2005-09-17,2005,3,regular,Southern Utah,Great West,Northern Arizona,Big Sky,7,27,TRUE,FALSE,,
2005-09-17,2005,3,regular,East Carolina,Conference USA,Wake Forest,ACC,34,44,FALSE,FALSE,Allegacy Federal Credit Union Stadium,
2005-09-17,2005,3,regular,UConn,Big East,Georgia Tech,ACC,13,28,FALSE,FALSE,Bobby Dodd Stadium,
2005-09-17,2005,3,regular,Kentucky,SEC,Indiana,Big Ten,14,38,FALSE,FALSE,"Memorial Stadium (Bloomington, IN)",
2005-09-17,2005,3,regular,Jacksonville State,OVC,UAB,Conference USA,28,35,TRUE,FALSE,Legion Field,
2005-09-17,2005,3,regular,West Chester,,Delaware,Atlantic 10,21,42,TRUE,FALSE,,
2005-09-17,2005,3,regular,Howard,MEAC,Florida A&M,MEAC,20,33,FALSE,TRUE,Bragg Memorial Stadium,
2005-09-17,2005,3,regular,UCF,Conference USA,South Florida,Big East,14,31,FALSE,FALSE,Raymond James Stadium,
2005-09-17,2005,3,regular,Indiana State,MVFC,Murray State,OVC,15,27,FALSE,FALSE,Roy Stewart Stadium,
2005-09-17,2005,3,regular,Wisconsin,Big Ten,North Carolina,ACC,14,5,FALSE,FALSE,Kenan Stadium,
2005-09-17,2005,3,regular,Northeastern,Atlantic 10,Villanova,Atlantic 10,20,38,FALSE,TRUE,Villanova Stadium,
2005-09-17,2005,3,regular,Samford,OVC,Furman,Southern,23,45,FALSE,FALSE,Paladin Stadium,
2005-09-17,2005,3,regular,Tulsa,Conference USA,North Texas,Sun Belt,54,2,FALSE,FALSE,,
2005-09-17,2005,3,regular,Rice,Conference USA,Texas,Big 12,10,51,FALSE,FALSE,DKR-Texas Memorial Stadium,
2005-09-17,2005,3,regular,Grambling,SWAC,Washington State,Pac-10,7,48,FALSE,FALSE,,
2005-09-17,2005,3,regular,Drake,Pioneer,Wisconsin-Platteville,,37,14,TRUE,FALSE,,
2005-09-17,2005,3,regular,South Carolina State,MEAC,Bethune-Cookman,MEAC,27,24,TRUE,TRUE,,
2005-09-17,2005,3,regular,Western Carolina,Southern,Cincinnati,Big East,3,7,FALSE,FALSE,Nippert Stadium,
2005-09-17,2005,3,regular,Lenoir-Rhyne,,Davidson,Pioneer,16,9,FALSE,FALSE,Richardson Stadium,
2005-09-17,2005,3,regular,Illinois State,MVFC,Eastern Illinois,OVC,27,6,FALSE,FALSE,O'Brien Stadium,
2005-09-17,2005,3,regular,Columbia,Ivy,Fordham,Patriot,23,17,TRUE,FALSE,Coffey Field,
2005-09-17,2005,3,regular,Stony Brook,NEC,Hofstra,Atlantic 10,0,55,TRUE,FALSE,,
2005-09-17,2005,3,regular,Louisiana Tech,Western Athletic,Kansas,Big 12,14,34,FALSE,FALSE,Memorial Stadium,
2005-09-17,2005,3,regular,Youngstown State,MVFC,Liberty,Big South,42,0,FALSE,FALSE,Williams Stadium (VA),
2005-09-17,2005,3,regular,Central Connecticut,NEC,Marist,Metro Atlantic Athletic,22,31,FALSE,FALSE,Leonidoff Field,
2005-09-17,2005,3,regular,Weber State,Big Sky,North Dakota State,Great West,0,41,FALSE,FALSE,Fargodome,
2005-09-17,2005,3,regular,Fresno State,Western Athletic,Oregon,Pac-10,34,37,FALSE,FALSE,Autzen Stadium,
2005-09-17,2005,3,regular,McNeese,Southland,Southern Miss,Conference USA,20,48,FALSE,FALSE,M. M. Roberts Stadium,
2005-09-17,2005,3,regular,Southeast Missouri State,OVC,Missouri State,MVFC,21,45,FALSE,FALSE,Plaster Sports Complex,
2005-09-17,2005,3,regular,Sam Houston,Southland,Texas Tech,Big 12,21,80,FALSE,FALSE,Jones AT&T Stadium,
2005-09-17,2005,3,regular,Southern Illinois,MVFC,Western Michigan,Mid-American,28,34,FALSE,FALSE,Waldo Stadium,
2005-09-17,2005,3,regular,Georgia Southern,Southern,Wofford,Southern,17,21,FALSE,TRUE,Gibbs Stadium,
2005-09-17,2005,3,regular,Arkansas State,Sun Belt,Oklahoma State,Big 12,10,20,FALSE,FALSE,Boone Pickens Stadium,
2005-09-17,2005,3,regular,Florida State,ACC,Boston College,ACC,28,17,FALSE,TRUE,"Alumni Stadium (Chestnut Hill, MA)",
2005-09-18,2005,3,regular,Tennessee,SEC,Florida,SEC,7,16,FALSE,TRUE,Ben Hill Griffin Stadium,
2005-09-18,2005,3,regular,New Mexico State,Western Athletic,New Mexico,Mountain West,21,38,FALSE,FALSE,University Stadium (NM),
2005-09-18,2005,3,regular,Chattanooga,Southern,Memphis,Conference USA,14,59,FALSE,FALSE,Simmons Bank Liberty Stadium,
2005-09-18,2005,3,regular,Northwestern State,Southland,Louisiana,Sun Belt,28,49,FALSE,FALSE,Cajun Field,
2005-09-18,2005,3,regular,Rutgers,Big East,Buffalo,Mid-American,17,3,FALSE,FALSE,UB Stadium,
2005-09-18,2005,3,regular,Western Illinois,MVFC,Stephen F. Austin,Southland,36,63,FALSE,FALSE,Homer Bryce Stadium,
2005-09-18,2005,3,regular,Mississippi State,SEC,Tulane,Conference USA,21,14,FALSE,FALSE,,
2005-09-18,2005,3,regular,Florida Atlantic,Sun Belt,Minnesota,Big Ten,7,46,FALSE,FALSE,,
2005-09-18,2005,3,regular,Montana State,Big Sky,Cal Poly,Great West,10,38,FALSE,FALSE,Alex G. Spanos Stadium,
2005-09-18,2005,3,regular,Sacramento State,Big Sky,Portland State,Big Sky,12,28,TRUE,TRUE,,
2005-09-18,2005,3,regular,Western Oregon,,Eastern Washington,Big Sky,7,48,FALSE,FALSE,Roos Field,
2005-09-18,2005,3,regular,Northwestern,Big Ten,Arizona State,Pac-10,21,52,FALSE,TRUE,Mountain America Stadium,
2005-09-18,2005,3,regular,Purdue,Big Ten,Arizona,Pac-10,31,24,FALSE,TRUE,Arizona Stadium,
2005-09-18,2005,3,regular,UC Davis,Great West,Stanford,Pac-10,20,17,FALSE,FALSE,Stanford Stadium,
2005-09-18,2005,3,regular,UNLV,Mountain West,Nevada,Western Athletic,14,22,FALSE,FALSE,Mackay Stadium,
2005-09-18,2005,3,regular,Arkansas,SEC,USC,Pac-10,17,70,FALSE,FALSE,Los Angeles Memorial Coliseum,
2005-09-22,2005,4,regular,Bowling Green,Mid-American,Boise State,Western Athletic,20,48,FALSE,FALSE,Albertsons Stadium,
2005-09-22,2005,4,regular,Air Force,Mountain West,Utah,Mountain West,35,38,FALSE,TRUE,Rice-Eccles Stadium,
2005-09-22,2005,4,regular,UL Monroe,Sun Belt,Florida Atlantic,Sun Belt,28,21,FALSE,TRUE,,
2005-09-23,2005,4,regular,Texas State,Southland,Texas A&M,Big 12,31,44,FALSE,FALSE,Kyle Field,
2005-09-24,2005,4,regular,Iowa State,Big 12,Army,FBS Independents,28,21,FALSE,FALSE,Michie Stadium,
2005-09-24,2005,4,regular,California,Pac-10,New Mexico State,Western Athletic,41,13,FALSE,FALSE,Aggie Memorial Stadium,
2005-09-24,2005,4,regular,Penn State,Big Ten,Northwestern,Big Ten,34,29,FALSE,TRUE,Ryan Field,
2005-09-24,2005,4,regular,Purdue,Big Ten,Minnesota,Big Ten,35,42,FALSE,TRUE,,
2005-09-24,2005,4,regular,North Carolina,ACC,NC State,ACC,31,24,FALSE,TRUE,Carter-Finley Stadium,
2005-09-24,2005,4,regular,Dartmouth,Ivy,New Hampshire,Atlantic 10,20,49,FALSE,FALSE,Wildcat Stadium,
2005-09-24,2005,4,regular,Iowa,Big Ten,Ohio State,Big Ten,6,31,FALSE,TRUE,Ohio Stadium,
2005-09-24,2005,4,regular,Boston College,ACC,Clemson,ACC,16,13,FALSE,TRUE,"Memorial Stadium (Clemson, SC)",
2005-09-24,2005,4,regular,East Carolina,Conference USA,West Virginia,Big East,15,20,FALSE,FALSE,Milan Puskar Stadium,
2005-09-24,2005,4,regular,Michigan State,Big Ten,Illinois,Big Ten,61,14,FALSE,TRUE,"Memorial Stadium (Champaign, IL)",
2005-09-24,2005,4,regular,Colorado,Big 12,Miami,ACC,3,23,FALSE,FALSE,,
2005-09-24,2005,4,regular,Duquesne,Metro Atlantic Athletic,Columbia,Ivy,13,23,FALSE,FALSE,Lawrence A. Wien Stadium,
2005-09-24,2005,4,regular,Butler,Pioneer,Jacksonville,Pioneer,21,55,TRUE,TRUE,D. B. Milne Field,
2005-09-24,2005,4,regular,Arkansas,SEC,Alabama,SEC,13,24,FALSE,TRUE,Bryant-Denny Stadium,
2005-09-24,2005,4,regular,Brown,Ivy,Harvard,Ivy,35,38,FALSE,TRUE,Harvard Stadium,
2005-09-24,2005,4,regular,Cornell,Ivy,Yale,Ivy,17,37,FALSE,TRUE,Yale Bowl,
2005-09-24,2005,4,regular,San Diego,Pioneer,Princeton,Ivy,17,20,FALSE,FALSE,Princeton University Stadium,
2005-09-24,2005,4,regular,Western Michigan,Mid-American,Temple,FBS Independents,19,16,FALSE,FALSE,Lincoln Financial Field,
2005-09-24,2005,4,regular,Fordham,Patriot,Lafayette,Patriot,10,27,FALSE,TRUE,Fisher Field,
2005-09-24,2005,4,regular,UAlbany,NEC,Central Connecticut,NEC,13,14,FALSE,TRUE,Arute Field,
2005-09-24,2005,4,regular,Eastern Michigan,Mid-American,Central Michigan,Mid-American,23,20,FALSE,TRUE,Kelly/Shorts Stadium,
2005-09-24,2005,4,regular,St. Francis (PA),NEC,La Salle,Metro Atlantic Athletic,27,29,TRUE,FALSE,,
2005-09-24,2005,4,regular,Bethune-Cookman,MEAC,Norfolk State,MEAC,63,61,FALSE,TRUE,"William Dick"""" Price Stadium""""",
2005-09-24,2005,4,regular,Davidson,Pioneer,Valparaiso,Pioneer,48,17,FALSE,TRUE,Brown Field,
2005-09-24,2005,4,regular,Lehigh,Patriot,VMI,Big South,28,26,FALSE,FALSE,Alumni Memorial Field,
2005-09-24,2005,4,regular,Marist,Metro Atlantic Athletic,Wagner,NEC,38,21,FALSE,FALSE,Wagner College Stadium,
2005-09-24,2005,4,regular,Liberty,Big South,William & Mary,Atlantic 10,0,56,FALSE,FALSE,Zable Stadium,
2005-09-24,2005,4,regular,Robert Morris,NEC,Rowan,,28,35,TRUE,FALSE,,
2005-09-24,2005,4,regular,UT Martin,OVC,Gardner-Webb,Big South,31,28,FALSE,FALSE,Ernest W. Spangler Stadium,
2005-09-24,2005,4,regular,Charleston Southern,Big South,North Greenville,,35,28,TRUE,FALSE,,
2005-09-24,2005,4,regular,Kent State,Mid-American,Ohio,Mid-American,32,35,FALSE,TRUE,Peden Stadium,
2005-09-24,2005,4,regular,Youngstown State,MVFC,Pittsburgh,Big East,0,41,FALSE,FALSE,Acrisure Stadium,
2005-09-24,2005,4,regular,Hofstra,Atlantic 10,Furman,Southern,41,44,FALSE,FALSE,Paladin Stadium,
2005-09-24,2005,4,regular,Iona,Metro Atlantic Athletic,Stonehill,,16,7,TRUE,FALSE,,
2005-09-24,2005,4,regular,Austin Peay,Pioneer,Drake,Pioneer,0,54,FALSE,TRUE,Drake Stadium,
2005-09-24,2005,4,regular,Tulane,Conference USA,SMU,Conference USA,31,10,FALSE,TRUE,Gerald J. Ford Stadium,
2005-09-24,2005,4,regular,Georgetown,Patriot,Stony Brook,NEC,10,7,FALSE,FALSE,Kenneth P. LaValle Stadium,
2005-09-24,2005,4,regular,North Texas,Sun Belt,Kansas State,Big 12,7,54,FALSE,FALSE,Bill Snyder Family Stadium,
2005-09-24,2005,4,regular,Western Kentucky,MVFC,Auburn,SEC,14,37,FALSE,FALSE,Jordan-Hare Stadium,
2005-09-24,2005,4,regular,Samford,OVC,Eastern Illinois,OVC,14,43,FALSE,TRUE,O'Brien Stadium,
2005-09-24,2005,4,regular,Tennessee State,OVC,Florida A&M,MEAC,7,12,TRUE,FALSE,Georgia Dome,AT ATLANTA GA
2005-09-24,2005,4,regular,TCU,Mountain West,BYU,Mountain West,51,50,FALSE,TRUE,LaVell Edwards Stadium,
2005-09-24,2005,4,regular,Tennessee Tech,OVC,Eastern Kentucky,OVC,3,52,FALSE,TRUE,Roy Kidd Stadium,
2005-09-24,2005,4,regular,North Dakota State,Great West,Montana State,Big Sky,17,20,FALSE,FALSE,Bobcat Stadium,
2005-09-24,2005,4,regular,Florida,SEC,Kentucky,SEC,49,28,FALSE,TRUE,Kroger Field,
2005-09-24,2005,4,regular,Maryland,ACC,Wake Forest,ACC,22,12,FALSE,TRUE,Allegacy Federal Credit Union Stadium,
2005-09-24,2005,4,regular,Duke,ACC,Virginia,ACC,7,38,FALSE,TRUE,Scott Stadium,
2005-09-24,2005,4,regular,Georgia Tech,ACC,Virginia Tech,ACC,7,51,FALSE,TRUE,Lane Stadium,
2005-09-24,2005,4,regular,Notre Dame,FBS Independents,Washington,Pac-10,36,17,FALSE,FALSE,,
2005-09-24,2005,4,regular,Florida International,Sun Belt,Arkansas State,Sun Belt,24,66,FALSE,TRUE,,
2005-09-24,2005,4,regular,Morgan State,MEAC,Hampton,MEAC,14,44,TRUE,TRUE,,
2005-09-24,2005,4,regular,App State,Southern,The Citadel,Southern,45,13,FALSE,TRUE,Johnson Hagood Stadium,
2005-09-24,2005,4,regular,UC Davis,Great West,Sacramento State,Big Sky,37,7,FALSE,FALSE,Hornet Stadium,
2005-09-24,2005,4,regular,Eastern Washington,Big Sky,Idaho State,Big Sky,30,34,FALSE,TRUE,Holt Arena,
2005-09-24,2005,4,regular,Nevada,Western Athletic,Colorado State,Mountain West,21,42,FALSE,FALSE,Sonny Lubick Field at Hughes Stadium,
2005-09-24,2005,4,regular,Michigan,Big Ten,Wisconsin,Big Ten,20,23,FALSE,TRUE,Camp Randall Stadium,
2005-09-24,2005,4,regular,Northern Illinois,Mid-American,Akron,Mid-American,42,48,FALSE,TRUE,,
2005-09-24,2005,4,regular,Marshall,Conference USA,UCF,Conference USA,13,23,FALSE,TRUE,,
2005-09-24,2005,4,regular,North Carolina A&T,MEAC,Elon,Southern,9,12,FALSE,FALSE,Rhodes Stadium,AT BURLINGTON NC
2005-09-24,2005,4,regular,Howard,MEAC,Savannah St,FCS Independents,39,21,FALSE,FALSE,Ted Wright Stadium,
2005-09-24,2005,4,regular,Louisville,Big East,South Florida,Big East,14,45,FALSE,TRUE,Raymond James Stadium,
2005-09-24,2005,4,regular,Troy,Sun Belt,South Carolina,SEC,20,45,FALSE,FALSE,Williams-Brice Stadium,
2005-09-24,2005,4,regular,Holy Cross,Patriot,Delaware,Atlantic 10,23,35,TRUE,FALSE,,
2005-09-24,2005,4,regular,Wyoming,Mountain West,Ole Miss,SEC,24,14,FALSE,FALSE,Vaught-Hemingway Stadium,
2005-09-24,2005,4,regular,Memphis,Conference USA,Tulsa,Conference USA,31,37,FALSE,TRUE,,
2005-09-24,2005,4,regular,Pennsylvania,Ivy,Villanova,Atlantic 10,24,28,FALSE,FALSE,Franklin Field,
2005-09-24,2005,4,regular,Richmond,Atlantic 10,Vanderbilt,SEC,13,37,FALSE,FALSE,FirstBank Stadium,
2005-09-24,2005,4,regular,Chattanooga,Southern,Georgia Southern,Southern,10,48,FALSE,TRUE,Allen E. Paulson Stadium,
2005-09-24,2005,4,regular,Delaware State,MEAC,Coastal Carolina,Big South,6,24,FALSE,FALSE,Brooks Stadium (SC),
2005-09-24,2005,4,regular,Dayton,Pioneer,Morehead State,Pioneer,42,7,FALSE,TRUE,Jayne Stadium,
2005-09-24,2005,4,regular,USC,Pac-10,Oregon,Pac-10,45,13,FALSE,TRUE,Autzen Stadium,
2005-09-24,2005,4,regular,Jacksonville State,OVC,Southeast Missouri State,OVC,24,10,TRUE,TRUE,Houck Stadium,
2005-09-24,2005,4,regular,Indiana State,MVFC,Texas Tech,Big 12,7,63,FALSE,FALSE,Jones AT&T Stadium,
2005-09-24,2005,4,regular,Iowa Wesleyan,,Western Illinois,MVFC,7,70,FALSE,FALSE,Hanson Field,
2005-09-24,2005,4,regular,Murray State,OVC,Illinois State,MVFC,0,42,FALSE,FALSE,Hancock Stadium,
2005-09-24,2005,4,regular,Northern Arizona,Big Sky,Weber State,Big Sky,23,31,FALSE,TRUE,Stewart Stadium,
2005-09-24,2005,4,regular,Georgia,SEC,Mississippi State,SEC,23,10,FALSE,TRUE,Davis Wade Stadium,
2005-09-25,2005,4,regular,San José State,Western Athletic,San Diego State,Mountain West,21,52,FALSE,FALSE,Qualcomm Stadium,
2005-09-25,2005,4,regular,Stephen F. Austin,Southland,Southern Utah,Great West,40,17,FALSE,FALSE,Eccles Coliseum,
2005-09-25,2005,4,regular,Cal Poly,Great West,South Dakota State,Great West,24,16,TRUE,TRUE,Coughlin-Alumni Stadium,
2005-09-25,2005,4,regular,UNLV,Mountain West,Utah State,Western Athletic,24,31,FALSE,FALSE,Maverik Stadium,
2005-09-25,2005,4,regular,Northern Colorado,Great West,Portland State,Big Sky,17,41,TRUE,FALSE,,
2005-09-25,2005,4,regular,New Mexico,Mountain West,UTEP,Conference USA,13,21,FALSE,FALSE,Sun Bowl,
2005-09-25,2005,4,regular,Hawai'i,Western Athletic,Idaho,Western Athletic,24,0,FALSE,TRUE,Kibbie Dome,
2005-09-25,2005,4,regular,Arizona State,Pac-10,Oregon State,Pac-10,42,24,FALSE,TRUE,Reser Stadium,
2005-09-26,2005,4,regular,Tennessee,SEC,LSU,SEC,30,27,FALSE,TRUE,Tiger Stadium (LA),
2005-09-28,2005,5,regular,Toledo,Mid-American,Fresno State,Western Athletic,14,44,FALSE,FALSE,Valley Children's Stadium,
2005-09-28,2005,5,regular,Cincinnati,Big East,Miami (OH),Mid-American,16,44,FALSE,FALSE,Yager Stadium,
2005-09-29,2005,5,regular,Air Force,Mountain West,Colorado State,Mountain West,23,41,FALSE,TRUE,Sonny Lubick Field at Hughes Stadium,
2005-09-29,2005,5,regular,Southeast Missouri State,OVC,Samford,OVC,17,33,FALSE,TRUE,Seibert Stadium,
2005-10-01,2005,5,regular,Pittsburgh,Big East,Rutgers,Big East,29,37,FALSE,TRUE,High Point Solutions Stadium,
2005-10-01,2005,5,regular,Florida Atlantic,Sun Belt,Louisville,Big East,10,61,FALSE,FALSE,L&N Federal Credit Union Stadium,
2005-10-01,2005,5,regular,Virginia,ACC,Maryland,ACC,33,45,FALSE,TRUE,SECU Stadium,
2005-10-01,2005,5,regular,Michigan,Big Ten,Michigan State,Big Ten,34,31,FALSE,TRUE,Spartan Stadium,
2005-10-01,2005,5,regular,Texas,Big 12,Missouri,Big 12,51,20,FALSE,TRUE,Memorial Stadium,
2005-10-01,2005,5,regular,Indiana,Big Ten,Wisconsin,Big Ten,24,41,FALSE,TRUE,Camp Randall Stadium,
2005-10-01,2005,5,regular,Virginia Tech,ACC,West Virginia,Big East,34,17,FALSE,FALSE,Milan Puskar Stadium,
2005-10-01,2005,5,regular,UConn,Big East,Army,FBS Independents,47,13,FALSE,FALSE,Michie Stadium,
2005-10-01,2005,5,regular,Jacksonville,Pioneer,Dayton,Pioneer,17,49,FALSE,TRUE,Welcome Stadium,
2005-10-01,2005,5,regular,VMI,Big South,Liberty,Big South,10,7,FALSE,TRUE,Williams Stadium (VA),
2005-10-01,2005,5,regular,Illinois,Big Ten,Iowa,Big Ten,7,35,FALSE,TRUE,Kinnick Stadium,
2005-10-01,2005,5,regular,Lehigh,Patriot,Harvard,Ivy,49,24,FALSE,FALSE,Harvard Stadium,
2005-10-01,2005,5,regular,Pennsylvania,Ivy,Dartmouth,Ivy,26,9,FALSE,TRUE,Memorial Field,
2005-10-01,2005,5,regular,Villanova,Atlantic 10,New Hampshire,Atlantic 10,17,45,FALSE,TRUE,Wildcat Stadium,
2005-10-01,2005,5,regular,Baylor,Big 12,Texas A&M,Big 12,13,16,FALSE,TRUE,Kyle Field,
2005-10-01,2005,5,regular,Ole Miss,SEC,Tennessee,SEC,10,27,FALSE,TRUE,Neyland Stadium,
2005-10-01,2005,5,regular,Holy Cross,Patriot,Yale,Ivy,22,19,FALSE,FALSE,Yale Bowl,
2005-10-01,2005,5,regular,Ball State,Mid-American,Boston College,ACC,0,38,FALSE,FALSE,"Alumni Stadium (Chestnut Hill, MA)",
2005-10-01,2005,5,regular,Navy,FBS Independents,Duke,ACC,28,21,FALSE,FALSE,Wallace Wade Stadium,
2005-10-01,2005,5,regular,Columbia,Ivy,Princeton,Ivy,3,43,FALSE,TRUE,Princeton University Stadium,
2005-10-01,2005,5,regular,Rhode Island,Atlantic 10,Brown,Ivy,35,45,FALSE,FALSE,Brown Stadium,
2005-10-01,2005,5,regular,Marist,Metro Atlantic Athletic,Bucknell,Patriot,7,27,FALSE,FALSE,Christy Mathewson-Memorial Stadium,
2005-10-01,2005,5,regular,Cornell,Ivy,Colgate,Patriot,20,34,FALSE,FALSE,Andy Kerr Stadium,
2005-10-01,2005,5,regular,Drake,Pioneer,Davidson,Pioneer,58,17,FALSE,TRUE,Richardson Stadium,
2005-10-01,2005,5,regular,Iona,Metro Atlantic Athletic,La Salle,Metro Atlantic Athletic,32,39,TRUE,TRUE,,
2005-10-01,2005,5,regular,St. Francis (PA),NEC,Robert Morris,NEC,35,28,FALSE,TRUE,Joe Walton Stadium,
2005-10-01,2005,5,regular,Monmouth,NEC,Stony Brook,NEC,36,7,FALSE,TRUE,Kenneth P. LaValle Stadium,
2005-10-01,2005,5,regular,Sacred Heart,NEC,Wagner,NEC,21,26,FALSE,TRUE,Wagner College Stadium,
2005-10-01,2005,5,regular,Howard,MEAC,Charleston Southern,Big South,27,22,TRUE,FALSE,,
2005-10-01,2005,5,regular,Utah,Mountain West,North Carolina,ACC,17,31,FALSE,FALSE,Kenan Stadium,
2005-10-01,2005,5,regular,Lafayette,Patriot,Georgetown,Patriot,12,7,FALSE,TRUE,Cooper Field,
2005-10-01,2005,5,regular,Gardner-Webb,Big South,Furman,Southern,31,48,FALSE,FALSE,Paladin Stadium,
2005-10-01,2005,5,regular,Western Kentucky,MVFC,Indiana State,MVFC,38,28,FALSE,TRUE,Memorial Stadium,
2005-10-01,2005,5,regular,Valparaiso,Pioneer,Austin Peay,Pioneer,20,30,FALSE,TRUE,Governors Stadium,
2005-10-01,2005,5,regular,Morehead State,Pioneer,Butler,Pioneer,58,10,FALSE,TRUE,Butler Bowl,
2005-10-01,2005,5,regular,Kent State,Mid-American,Eastern Michigan,Mid-American,20,27,FALSE,TRUE,Rynearson Stadium,
2005-10-01,2005,5,regular,Georgia Southern,Southern,Elon,Southern,49,7,FALSE,TRUE,Rhodes Stadium,
2005-10-01,2005,5,regular,Coastal Carolina,Big South,South Carolina State,MEAC,24,23,FALSE,FALSE,Oliver C. Dawson Stadium,
2005-10-01,2005,5,regular,Murray State,OVC,Tennessee Tech,OVC,21,42,FALSE,TRUE,Tucker Stadium,
2005-10-01,2005,5,regular,Colorado,Big 12,Oklahoma State,Big 12,34,0,FALSE,TRUE,Boone Pickens Stadium,
2005-10-01,2005,5,regular,Northern Iowa,MVFC,Western Illinois,MVFC,41,24,FALSE,TRUE,Hanson Field,
2005-10-01,2005,5,regular,Missouri State,MVFC,Southern Illinois,MVFC,23,30,TRUE,TRUE,,
2005-10-01,2005,5,regular,LSU,SEC,Mississippi State,SEC,37,7,FALSE,TRUE,Davis Wade Stadium,
2005-10-01,2005,5,regular,UNLV,Mountain West,Wyoming,Mountain West,17,42,FALSE,TRUE,,
2005-10-01,2005,5,regular,Weber State,Big Sky,Montana,Big Sky,19,24,FALSE,TRUE,Washington-Grizzly Stadium,
2005-10-01,2005,5,regular,Minnesota,Big Ten,Penn State,Big Ten,14,44,FALSE,TRUE,Beaver Stadium,
2005-10-01,2005,5,regular,USC,Pac-10,Arizona State,Pac-10,38,28,FALSE,TRUE,Mountain America Stadium,
2005-10-01,2005,5,regular,Syracuse,Big East,Florida State,ACC,14,38,FALSE,FALSE,Doak Campbell Stadium,
2005-10-01,2005,5,regular,Clemson,ACC,Wake Forest,ACC,27,31,FALSE,TRUE,Allegacy Federal Credit Union Stadium,
2005-10-01,2005,5,regular,Iowa State,Big 12,Nebraska,Big 12,20,27,FALSE,TRUE,"Memorial Stadium (Lincoln, NE)",
2005-10-01,2005,5,regular,Florida,SEC,Alabama,SEC,3,31,FALSE,TRUE,Bryant-Denny Stadium,
2005-10-01,2005,5,regular,James Madison,Atlantic 10,Hofstra,Atlantic 10,42,10,TRUE,TRUE,,
2005-10-01,2005,5,regular,SE Louisiana,Southland,Tulane,Conference USA,21,28,TRUE,FALSE,Tiger Stadium (LA),
2005-10-01,2005,5,regular,Idaho State,Big Sky,Montana State,Big Sky,28,30,FALSE,TRUE,Bobcat Stadium,
2005-10-01,2005,5,regular,Temple,FBS Independents,Bowling Green,Mid-American,7,69,FALSE,FALSE,Doyt L. Perry Stadium,
2005-10-01,2005,5,regular,Washington State,Pac-10,Oregon State,Pac-10,33,44,FALSE,TRUE,Reser Stadium,
2005-10-01,2005,5,regular,Wofford,Southern,Chattanooga,Southern,13,25,FALSE,TRUE,Finley Stadium,
2005-10-01,2005,5,regular,SMU,Conference USA,Marshall,Conference USA,13,16,FALSE,TRUE,Joan C. Edwards Stadium,
2005-10-01,2005,5,regular,Morgan State,MEAC,Bethune-Cookman,MEAC,26,44,FALSE,TRUE,Municipal Stadium,
2005-10-01,2005,5,regular,Cal Poly,Great West,Northern Colorado,Great West,31,14,FALSE,TRUE,Nottingham Field,
2005-10-01,2005,5,regular,Oregon,Pac-10,Stanford,Pac-10,44,20,FALSE,TRUE,Stanford Stadium,
2005-10-01,2005,5,regular,Utah State,Western Athletic,Idaho,Western Athletic,13,27,FALSE,TRUE,Kibbie Dome,
2005-10-01,2005,5,regular,St. Peter's,Metro Atlantic Athletic,Central Connecticut,NEC,20,56,FALSE,FALSE,Arute Field,
2005-10-01,2005,5,regular,Tennessee State,OVC,North Carolina A&T,MEAC,3,16,TRUE,FALSE,,AT INDIANAPOLIS IN
2005-10-01,2005,5,regular,Portland State,Big Sky,Eastern Washington,Big Sky,24,42,FALSE,TRUE,Roos Field,
2005-10-01,2005,5,regular,San Diego,Pioneer,Menlo,,56,0,TRUE,FALSE,,
2005-10-01,2005,5,regular,Florida A&M,MEAC,Florida International,Sun Belt,6,23,FALSE,FALSE,FIU Stadium,
2005-10-01,2005,5,regular,Delaware,Atlantic 10,Towson,Atlantic 10,31,35,FALSE,TRUE,Johnny Unitas Stadium,
2005-10-01,2005,5,regular,Southern Miss,Conference USA,East Carolina,Conference USA,33,7,FALSE,TRUE,Dowdy-Ficklen Stadium,
2005-10-01,2005,5,regular,UAlbany,NEC,Maine,Atlantic 10,7,31,TRUE,FALSE,,AT PORTLAND ME
2005-10-01,2005,5,regular,Central Michigan,Mid-American,Akron,Mid-American,31,17,FALSE,TRUE,,
2005-10-01,2005,5,regular,Delaware State,MEAC,Hampton,MEAC,8,26,FALSE,TRUE,Armstrong Stadium,
2005-10-01,2005,5,regular,Norfolk State,MEAC,Savannah St,FCS Independents,58,29,FALSE,FALSE,Ted Wright Stadium,
2005-10-01,2005,5,regular,The Citadel,Southern,Western Carolina,Southern,17,7,FALSE,TRUE,E. J. Whitmire Stadium,
2005-10-01,2005,5,regular,Illinois State,MVFC,Youngstown State,MVFC,17,20,FALSE,TRUE,Stambaugh Stadium,
2005-10-01,2005,5,regular,South Carolina,SEC,Auburn,SEC,7,48,FALSE,TRUE,Jordan-Hare Stadium,
2005-10-01,2005,5,regular,Rice,Conference USA,UAB,Conference USA,26,45,FALSE,TRUE,Legion Field,
2005-10-01,2005,5,regular,Nevada,Western Athletic,San José State,Western Athletic,30,23,FALSE,TRUE,CEFCU Stadium,
2005-10-01,2005,5,regular,Arizona,Pac-10,California,Pac-10,0,28,FALSE,TRUE,California Memorial Stadium,
2005-10-01,2005,5,regular,Eastern Kentucky,OVC,Jacksonville State,OVC,31,14,FALSE,TRUE,AmFirst Stadium,
2005-10-01,2005,5,regular,Kansas State,Big 12,Oklahoma,Big 12,21,43,FALSE,TRUE,"Memorial Stadium (Norman, OK)",
2005-10-01,2005,5,regular,Houston,Conference USA,Tulsa,Conference USA,30,23,FALSE,TRUE,,
2005-10-01,2005,5,regular,Middle Tennessee,Sun Belt,Vanderbilt,SEC,17,15,FALSE,FALSE,FirstBank Stadium,
2005-10-01,2005,5,regular,South Dakota State,Great West,Texas State,Southland,12,42,TRUE,FALSE,Bobcat Stadium,
2005-10-01,2005,5,regular,New Mexico State,Western Athletic,Louisiana Tech,Western Athletic,14,34,FALSE,TRUE,Joe Aillet Stadium,
2005-10-01,2005,5,regular,Arkansas State,Sun Belt,UL Monroe,Sun Belt,27,31,FALSE,TRUE,Malone Stadium,
2005-10-01,2005,5,regular,Nicholls,Southland,North Dakota State,Great West,13,26,FALSE,FALSE,Fargodome,
2005-10-01,2005,5,regular,New Mexico,Mountain West,TCU,Mountain West,28,49,FALSE,TRUE,Amon G. Carter Stadium,
2005-10-01,2005,5,regular,Kansas,Big 12,Texas Tech,Big 12,17,30,FALSE,TRUE,Jones AT&T Stadium,
2005-10-01,2005,5,regular,Buffalo,Mid-American,Western Michigan,Mid-American,21,31,FALSE,TRUE,Waldo Stadium,
2005-10-01,2005,5,regular,Notre Dame,FBS Independents,Purdue,Big Ten,49,28,FALSE,FALSE,Ross-Ade Stadium,
2005-10-02,2005,5,regular,UTEP,Conference USA,Memphis,Conference USA,20,27,FALSE,TRUE,Simmons Bank Liberty Stadium,
2005-10-02,2005,5,regular,UCF,Conference USA,Louisiana,Sun Belt,24,21,FALSE,FALSE,Cajun Field,
2005-10-02,2005,5,regular,South Florida,Big East,Miami,ACC,7,27,FALSE,FALSE,,
2005-10-02,2005,5,regular,Northern Arizona,Big Sky,Sacramento State,Big Sky,24,38,FALSE,TRUE,Hornet Stadium,
2005-10-02,2005,5,regular,BYU,Mountain West,San Diego State,Mountain West,10,31,FALSE,TRUE,Qualcomm Stadium,
2005-10-02,2005,5,regular,Washington,Pac-10,UCLA,Pac-10,17,21,FALSE,TRUE,Rose Bowl,
2005-10-02,2005,5,regular,Boise State,Western Athletic,Hawai'i,Western Athletic,44,41,FALSE,TRUE,Aloha Stadium,
2005-10-04,2005,6,regular,Troy,Sun Belt,North Texas,Sun Belt,13,10,FALSE,TRUE,,
2005-10-05,2005,6,regular,Miami (OH),Mid-American,Northern Illinois,Mid-American,27,38,FALSE,TRUE,Huskie Stadium,
2005-10-06,2005,6,regular,Iona,Metro Atlantic Athletic,St. Peter's,Metro Atlantic Athletic,27,26,TRUE,TRUE,,
2005-10-06,2005,6,regular,NC State,ACC,Georgia Tech,ACC,17,14,FALSE,TRUE,Bobby Dodd Stadium,
2005-10-06,2005,6,regular,South Carolina State,MEAC,Norfolk State,MEAC,35,21,FALSE,TRUE,"William Dick"""" Price Stadium""""",
2005-10-07,2005,6,regular,Florida Atlantic,Sun Belt,Louisiana,Sun Belt,28,10,FALSE,TRUE,Cajun Field,
2005-10-08,2005,6,regular,Syracuse,Big East,UConn,Big East,7,26,FALSE,TRUE,Pratt & Whitney Stadium,
2005-10-08,2005,6,regular,Hofstra,Atlantic 10,Delaware,Atlantic 10,10,6,TRUE,TRUE,,
2005-10-08,2005,6,regular,Wake Forest,ACC,Florida State,ACC,24,41,FALSE,TRUE,Doak Campbell Stadium,
2005-10-08,2005,6,regular,Wisconsin,Big Ten,Northwestern,Big Ten,48,51,FALSE,TRUE,Ryan Field,
2005-10-08,2005,6,regular,Illinois,Big Ten,Indiana,Big Ten,13,36,FALSE,TRUE,"Memorial Stadium (Bloomington, IN)",
2005-10-08,2005,6,regular,West Virginia,Big East,Rutgers,Big East,27,14,FALSE,TRUE,High Point Solutions Stadium,
2005-10-08,2005,6,regular,Towson,Atlantic 10,Rhode Island,Atlantic 10,23,14,FALSE,TRUE,Meade Stadium,
2005-10-08,2005,6,regular,Marshall,Conference USA,Virginia Tech,ACC,14,41,FALSE,FALSE,Lane Stadium,
2005-10-08,2005,6,regular,Western Carolina,Southern,Georgia Southern,Southern,7,45,FALSE,TRUE,Allen E. Paulson Stadium,
2005-10-08,2005,6,regular,Kansas,Big 12,Kansas State,Big 12,3,12,FALSE,TRUE,Bill Snyder Family Stadium,
2005-10-08,2005,6,regular,Towson,Atlantic 10,Rhodes College,,23,14,TRUE,FALSE,Meade Stadium,
2005-10-08,2005,6,regular,Mississippi State,SEC,Florida,SEC,9,35,FALSE,TRUE,Ben Hill Griffin Stadium,
2005-10-08,2005,6,regular,Morehead State,Pioneer,Jacksonville,Pioneer,31,12,TRUE,TRUE,D. B. Milne Field,
2005-10-08,2005,6,regular,Columbia,Ivy,Lafayette,Patriot,7,14,FALSE,FALSE,Fisher Field,
2005-10-08,2005,6,regular,Dartmouth,Ivy,Yale,Ivy,0,13,FALSE,TRUE,Yale Bowl,
2005-10-08,2005,6,regular,Duquesne,Metro Atlantic Athletic,Georgetown,Patriot,7,10,FALSE,FALSE,Cooper Field,
2005-10-08,2005,6,regular,Virginia,ACC,Boston College,ACC,17,28,FALSE,TRUE,"Alumni Stadium (Chestnut Hill, MA)",
2005-10-08,2005,6,regular,Northeastern,Atlantic 10,Massachusetts,Atlantic 10,0,27,TRUE,TRUE,,
2005-10-08,2005,6,regular,Minnesota,Big Ten,Michigan,Big Ten,23,20,FALSE,TRUE,Michigan Stadium,
2005-10-08,2005,6,regular,Colgate,Patriot,Princeton,Ivy,16,10,FALSE,FALSE,Princeton University Stadium,
2005-10-08,2005,6,regular,Harvard,Ivy,Cornell,Ivy,13,27,FALSE,TRUE,Schoellkopf Field,
2005-10-08,2005,6,regular,Maryland,ACC,Temple,FBS Independents,38,7,FALSE,FALSE,Lincoln Financial Field,
2005-10-08,2005,6,regular,Fordham,Patriot,Brown,Ivy,14,37,FALSE,FALSE,Brown Stadium,
2005-10-08,2005,6,regular,Oklahoma,Big 12,Texas,Big 12,12,45,FALSE,TRUE,,
2005-10-08,2005,6,regular,Villanova,Atlantic 10,Richmond,Atlantic 10,20,38,TRUE,TRUE,,
2005-10-08,2005,6,regular,Central Michigan,Mid-American,Army,FBS Independents,14,10,FALSE,FALSE,Michie Stadium,
2005-10-08,2005,6,regular,Austin Peay,Pioneer,Davidson,Pioneer,6,44,FALSE,TRUE,Richardson Stadium,
2005-10-08,2005,6,regular,Bethune-Cookman,MEAC,Delaware State,MEAC,0,17,FALSE,TRUE,Alumni Stadium,
2005-10-08,2005,6,regular,Holy Cross,Patriot,Lehigh,Patriot,13,10,FALSE,TRUE,Goodman Stadium,
2005-10-08,2005,6,regular,La Salle,Metro Atlantic Athletic,Marist,Metro Atlantic Athletic,0,27,FALSE,TRUE,Leonidoff Field,
2005-10-08,2005,6,regular,Wagner,NEC,Robert Morris,NEC,30,38,FALSE,TRUE,Joe Walton Stadium,
2005-10-08,2005,6,regular,Monmouth,NEC,Sacred Heart,NEC,45,14,FALSE,TRUE,Campus Field,
2005-10-08,2005,6,regular,Kentucky,SEC,South Carolina,SEC,16,44,FALSE,TRUE,Williams-Brice Stadium,
2005-10-08,2005,6,regular,Central Connecticut,NEC,St. Francis (PA),NEC,28,31,TRUE,TRUE,,
2005-10-08,2005,6,regular,Charleston Southern,Big South,VMI,Big South,12,34,FALSE,TRUE,Alumni Memorial Field,
2005-10-08,2005,6,regular,New Hampshire,Atlantic 10,William & Mary,Atlantic 10,10,42,FALSE,TRUE,Zable Stadium,
2005-10-08,2005,6,regular,Maine,Atlantic 10,James Madison,Atlantic 10,2,38,FALSE,TRUE,Bridgeforth Stadium,
2005-10-08,2005,6,regular,Akron,Mid-American,Buffalo,Mid-American,13,7,FALSE,TRUE,UB Stadium,
2005-10-08,2005,6,regular,Air Force,Mountain West,Navy,FBS Independents,24,27,FALSE,FALSE,Navy-Marine Corps Memorial Stadium,
2005-10-08,2005,6,regular,Elon,Southern,Wofford,Southern,9,14,FALSE,TRUE,Gibbs Stadium,
2005-10-08,2005,6,regular,Baylor,Big 12,Iowa State,Big 12,23,13,FALSE,TRUE,Jack Trice Stadium,
2005-10-08,2005,6,regular,The Citadel,Southern,Ole Miss,SEC,7,27,FALSE,FALSE,Vaught-Hemingway Stadium,
2005-10-08,2005,6,regular,Missouri,Big 12,Oklahoma State,Big 12,38,31,FALSE,TRUE,Boone Pickens Stadium,
2005-10-08,2005,6,regular,Cincinnati,Big East,Pittsburgh,Big East,20,38,FALSE,TRUE,Acrisure Stadium,
2005-10-08,2005,6,regular,Youngstown State,MVFC,Indiana State,MVFC,45,0,FALSE,TRUE,Memorial Stadium,
2005-10-08,2005,6,regular,Dayton,Pioneer,Drake,Pioneer,25,17,FALSE,TRUE,Drake Stadium,
2005-10-08,2005,6,regular,UC Davis,Great West,South Dakota State,Great West,14,16,TRUE,TRUE,,
2005-10-08,2005,6,regular,St. Joseph's (IN),,Valparaiso,Pioneer,34,21,FALSE,FALSE,Brown Field,
2005-10-08,2005,6,regular,San Diego State,Mountain West,UNLV,Mountain West,10,13,FALSE,TRUE,Sam Boyd Stadium,
2005-10-08,2005,6,regular,Northwestern State,Southland,Sam Houston,Southland,10,6,FALSE,TRUE,Elliott T. Bowers Stadium,
2005-10-08,2005,6,regular,Nicholls,Southland,Stephen F. Austin,Southland,21,27,FALSE,TRUE,Homer Bryce Stadium,
2005-10-08,2005,6,regular,Northern Iowa,MVFC,Missouri State,MVFC,21,24,FALSE,TRUE,Plaster Sports Complex,
2005-10-08,2005,6,regular,Tennessee Tech,OVC,UT Martin,OVC,16,46,FALSE,TRUE,Graham Stadium,
2005-10-08,2005,6,regular,TCU,Mountain West,Wyoming,Mountain West,28,14,FALSE,TRUE,,
2005-10-08,2005,6,regular,San José State,Western Athletic,Utah State,Western Athletic,17,24,FALSE,TRUE,Maverik Stadium,
2005-10-08,2005,6,regular,Arizona,Pac-10,USC,Pac-10,21,42,FALSE,TRUE,Los Angeles Memorial Coliseum,
2005-10-08,2005,6,regular,Bucknell,Patriot,Pennsylvania,Ivy,7,53,FALSE,FALSE,Franklin Field,
2005-10-08,2005,6,regular,App State,Southern,Furman,Southern,31,34,FALSE,TRUE,Paladin Stadium,
2005-10-08,2005,6,regular,Western Kentucky,MVFC,Illinois State,MVFC,37,34,FALSE,TRUE,Hancock Stadium,
2005-10-08,2005,6,regular,Duke,ACC,Miami,ACC,7,52,FALSE,TRUE,,
2005-10-08,2005,6,regular,Georgia,SEC,Tennessee,SEC,27,14,FALSE,TRUE,Neyland Stadium,
2005-10-08,2005,6,regular,Montana State,Big Sky,Weber State,Big Sky,27,24,FALSE,TRUE,Stewart Stadium,
2005-10-08,2005,6,regular,Texas Tech,Big 12,Nebraska,Big 12,34,31,FALSE,TRUE,"Memorial Stadium (Lincoln, NE)",
2005-10-08,2005,6,regular,Stony Brook,NEC,UAlbany,NEC,7,3,TRUE,TRUE,University Field (NY),
2005-10-08,2005,6,regular,Texas Southern,SWAC,McNeese,Southland,28,46,FALSE,FALSE,Cowboy Stadium,
2005-10-08,2005,6,regular,North Carolina A&T,MEAC,Morgan State,MEAC,40,33,TRUE,TRUE,,
2005-10-08,2005,6,regular,Idaho,Western Athletic,Nevada,Western Athletic,14,62,FALSE,TRUE,Mackay Stadium,
2005-10-08,2005,6,regular,North Carolina,ACC,Louisville,Big East,14,69,FALSE,FALSE,L&N Federal Credit Union Stadium,
2005-10-08,2005,6,regular,Iowa,Big Ten,Purdue,Big Ten,34,17,FALSE,TRUE,Ross-Ade Stadium,
2005-10-08,2005,6,regular,Stanford,Pac-10,Washington State,Pac-10,24,21,FALSE,TRUE,Gesa Field,
2005-10-08,2005,6,regular,Butler,Pioneer,San Diego,Pioneer,7,49,FALSE,TRUE,Torero Stadium,
2005-10-08,2005,6,regular,Montana,Big Sky,Idaho State,Big Sky,32,10,FALSE,TRUE,Holt Arena,
2005-10-08,2005,6,regular,Rice,Conference USA,East Carolina,Conference USA,28,41,FALSE,TRUE,Dowdy-Ficklen Stadium,
2005-10-08,2005,6,regular,Ohio,Mid-American,Bowling Green,Mid-American,14,38,FALSE,TRUE,Doyt L. Perry Stadium,
2005-10-08,2005,6,regular,Memphis,Conference USA,UCF,Conference USA,17,38,FALSE,TRUE,,
2005-10-08,2005,6,regular,Hampton,MEAC,Gardner-Webb,Big South,52,21,FALSE,FALSE,Ernest W. Spangler Stadium,
2005-10-08,2005,6,regular,Eastern Washington,Big Sky,Northern Arizona,Big Sky,42,14,TRUE,TRUE,,
2005-10-08,2005,6,regular,Houston,Conference USA,Tulane,Conference USA,35,14,FALSE,TRUE,Cajun Field,
2005-10-08,2005,6,regular,Utah,Mountain West,Colorado State,Mountain West,17,21,FALSE,TRUE,Sonny Lubick Field at Hughes Stadium,
2005-10-08,2005,6,regular,Samford,OVC,Eastern Kentucky,OVC,6,38,FALSE,TRUE,Roy Kidd Stadium,
2005-10-08,2005,6,regular,SMU,Conference USA,UAB,Conference USA,28,27,FALSE,TRUE,Legion Field,
2005-10-08,2005,6,regular,UL Monroe,Sun Belt,Arkansas,SEC,15,44,FALSE,FALSE,,
2005-10-08,2005,6,regular,Texas A&M,Big 12,Colorado,Big 12,20,41,FALSE,TRUE,Folsom Field,
2005-10-08,2005,6,regular,Jacksonville State,OVC,Murray State,OVC,28,23,FALSE,TRUE,Roy Stewart Stadium,
2005-10-08,2005,6,regular,LSU,SEC,Vanderbilt,SEC,34,6,FALSE,TRUE,FirstBank Stadium,
2005-10-08,2005,6,regular,Chattanooga,Southern,Liberty,Big South,24,21,FALSE,FALSE,Williams Stadium (VA),
2005-10-08,2005,6,regular,Hawai'i,Western Athletic,Louisiana Tech,Western Athletic,14,46,FALSE,TRUE,Joe Aillet Stadium,
2005-10-08,2005,6,regular,Texas State,Southland,SE Louisiana,Southland,30,15,FALSE,TRUE,Strawberry Stadium,
2005-10-08,2005,6,regular,Eastern Illinois,OVC,Southeast Missouri State,OVC,48,24,TRUE,TRUE,Houck Stadium,
2005-10-08,2005,6,regular,Eastern Michigan,Mid-American,Toledo,Mid-American,3,30,FALSE,TRUE,Glass Bowl,
2005-10-08,2005,6,regular,Ball State,Mid-American,Western Michigan,Mid-American,60,57,FALSE,TRUE,Waldo Stadium,
2005-10-08,2005,6,regular,Southern Illinois,MVFC,Western Illinois,MVFC,34,24,FALSE,TRUE,Hanson Field,
2005-10-08,2005,6,regular,California,Pac-10,UCLA,Pac-10,40,47,FALSE,TRUE,Rose Bowl,
2005-10-08,2005,6,regular,Ohio State,Big Ten,Penn State,Big Ten,10,17,FALSE,TRUE,Beaver Stadium,
2005-10-09,2005,6,regular,BYU,Mountain West,New Mexico,Mountain West,27,24,FALSE,TRUE,University Stadium (NM),
2005-10-09,2005,6,regular,Tulsa,Conference USA,Southern Miss,Conference USA,34,17,FALSE,TRUE,M. M. Roberts Stadium,
2005-10-09,2005,6,regular,Portland State,Big Sky,Boise State,Western Athletic,14,21,FALSE,FALSE,Albertsons Stadium,
2005-10-09,2005,6,regular,North Dakota State,Great West,Cal Poly,Great West,6,37,FALSE,TRUE,Alex G. Spanos Stadium,
2005-10-09,2005,6,regular,Azusa Pacific,,Sacramento State,Big Sky,19,41,FALSE,FALSE,Hornet Stadium,
2005-10-09,2005,6,regular,Fresno State,Western Athletic,New Mexico State,Western Athletic,37,7,FALSE,TRUE,Aggie Memorial Stadium,
2005-10-09,2005,6,regular,Oregon,Pac-10,Arizona State,Pac-10,31,17,FALSE,TRUE,Mountain America Stadium,
2005-10-13,2005,7,regular,Clemson,ACC,NC State,ACC,31,10,FALSE,TRUE,Carter-Finley Stadium,
2005-10-13,2005,7,regular,Louisiana,Sun Belt,Arkansas State,Sun Belt,36,39,FALSE,TRUE,,
2005-10-14,2005,7,regular,Tennessee State,OVC,Tennessee Tech,OVC,31,20,FALSE,TRUE,Tucker Stadium,
2005-10-15,2005,7,regular,UTEP,Conference USA,Tulane,Conference USA,45,21,FALSE,TRUE,Joe Aillet Stadium,
2005-10-15,2005,7,regular,Delaware,Atlantic 10,Richmond,Atlantic 10,10,20,TRUE,TRUE,,
2005-10-15,2005,7,regular,Wake Forest,ACC,Boston College,ACC,30,35,FALSE,TRUE,"Alumni Stadium (Chestnut Hill, MA)",
2005-10-15,2005,7,regular,James Madison,Atlantic 10,Massachusetts,Atlantic 10,7,10,TRUE,TRUE,,
2005-10-15,2005,7,regular,Wisconsin,Big Ten,Minnesota,Big Ten,38,34,FALSE,TRUE,,
2005-10-15,2005,7,regular,Alabama,SEC,Ole Miss,SEC,13,10,FALSE,TRUE,Vaught-Hemingway Stadium,
2005-10-15,2005,7,regular,Rhode Island,Atlantic 10,New Hampshire,Atlantic 10,9,53,FALSE,TRUE,Wildcat Stadium,
2005-10-15,2005,7,regular,Rutgers,Big East,Syracuse,Big East,31,9,FALSE,TRUE,JMA Wireless Dome,
2005-10-15,2005,7,regular,Michigan State,Big Ten,Ohio State,Big Ten,24,35,FALSE,TRUE,Ohio Stadium,
2005-10-15,2005,7,regular,UNLV,Mountain West,Air Force,Mountain West,7,42,FALSE,TRUE,Falcon Stadium,
2005-10-15,2005,7,regular,Kansas State,Big 12,Texas Tech,Big 12,20,59,FALSE,TRUE,Jones AT&T Stadium,
2005-10-15,2005,7,regular,Indiana,Big Ten,Iowa,Big Ten,21,38,FALSE,TRUE,Kinnick Stadium,
2005-10-15,2005,7,regular,Davidson,Pioneer,Jacksonville,Pioneer,13,21,TRUE,TRUE,D. B. Milne Field,
2005-10-15,2005,7,regular,Harvard,Ivy,Lafayette,Patriot,24,17,FALSE,FALSE,Fisher Field,
2005-10-15,2005,7,regular,Dartmouth,Ivy,Holy Cross,Patriot,16,28,FALSE,FALSE,Fitton Field,
2005-10-15,2005,7,regular,Georgetown,Patriot,Cornell,Ivy,7,57,FALSE,FALSE,Schoellkopf Field,
2005-10-15,2005,7,regular,Miami,ACC,Temple,FBS Independents,34,3,FALSE,FALSE,Lincoln Financial Field,
2005-10-15,2005,7,regular,Princeton,Ivy,Brown,Ivy,28,31,FALSE,TRUE,Brown Stadium,
2005-10-15,2005,7,regular,Villanova,Atlantic 10,Bucknell,Patriot,38,10,FALSE,FALSE,Christy Mathewson-Memorial Stadium,
2005-10-15,2005,7,regular,La Salle,Metro Atlantic Athletic,Catholic,,34,41,TRUE,FALSE,,
2005-10-15,2005,7,regular,Robert Morris,NEC,Central Connecticut,NEC,14,21,FALSE,TRUE,Arute Field,
2005-10-15,2005,7,regular,Ohio,Mid-American,Central Michigan,Mid-American,10,37,FALSE,TRUE,Kelly/Shorts Stadium,
2005-10-15,2005,7,regular,Fordham,Patriot,Colgate,Patriot,0,23,FALSE,TRUE,Andy Kerr Stadium,
2005-10-15,2005,7,regular,San Diego,Pioneer,Dayton,Pioneer,48,24,FALSE,TRUE,Welcome Stadium,
2005-10-15,2005,7,regular,St. Peter's,Metro Atlantic Athletic,Duquesne,Metro Atlantic Athletic,0,24,FALSE,TRUE,Arthur J. Rooney Athletic Field,
2005-10-15,2005,7,regular,Yale,Ivy,Lehigh,Patriot,21,28,FALSE,FALSE,Goodman Stadium,
2005-10-15,2005,7,regular,Wagner,NEC,Monmouth,NEC,26,20,TRUE,TRUE,Kessler Field,
2005-10-15,2005,7,regular,Austin Peay,Pioneer,Morehead State,Pioneer,12,44,FALSE,TRUE,Jayne Stadium,
2005-10-15,2005,7,regular,Howard,MEAC,Morgan State,MEAC,0,7,FALSE,TRUE,Hughes Stadium,
2005-10-15,2005,7,regular,Northwestern,Big Ten,Purdue,Big Ten,34,29,FALSE,TRUE,Ross-Ade Stadium,
2005-10-15,2005,7,regular,St. Francis (PA),NEC,Stony Brook,NEC,29,47,FALSE,TRUE,Kenneth P. LaValle Stadium,
2005-10-15,2005,7,regular,Pennsylvania,Ivy,Columbia,Ivy,44,16,FALSE,TRUE,Lawrence A. Wien Stadium,
2005-10-15,2005,7,regular,Bowling Green,Mid-American,Buffalo,Mid-American,27,7,FALSE,TRUE,UB Stadium,
2005-10-15,2005,7,regular,West Virginia Wesleyan,,Charleston Southern,Big South,42,63,TRUE,FALSE,,
2005-10-15,2005,7,regular,Maine,Atlantic 10,Hofstra,Atlantic 10,0,44,TRUE,TRUE,,
2005-10-15,2005,7,regular,Kent State,Mid-American,Navy,FBS Independents,31,34,FALSE,FALSE,Navy-Marine Corps Memorial Stadium,
2005-10-15,2005,7,regular,Delaware State,MEAC,North Carolina A&T,MEAC,23,13,TRUE,TRUE,Aggie Memorial Stadium,
2005-10-15,2005,7,regular,Florida A&M,MEAC,South Carolina State,MEAC,3,49,FALSE,TRUE,Oliver C. Dawson Stadium,
2005-10-15,2005,7,regular,VMI,Big South,Wofford,Southern,23,38,FALSE,FALSE,Gibbs Stadium,
2005-10-15,2005,7,regular,William & Mary,Atlantic 10,Northeastern,Atlantic 10,44,41,TRUE,TRUE,,
2005-10-15,2005,7,regular,Iowa State,Big 12,Missouri,Big 12,24,27,FALSE,TRUE,Memorial Stadium,
2005-10-15,2005,7,regular,Akron,Mid-American,Miami (OH),Mid-American,23,51,FALSE,TRUE,Yager Stadium,
2005-10-15,2005,7,regular,South Florida,Big East,Pittsburgh,Big East,17,31,FALSE,TRUE,Acrisure Stadium,
2005-10-15,2005,7,regular,Valparaiso,Pioneer,Butler,Pioneer,34,21,FALSE,TRUE,Butler Bowl,
2005-10-15,2005,7,regular,Murray State,OVC,Samford,OVC,23,27,FALSE,TRUE,Seibert Stadium,
2005-10-15,2005,7,regular,Bethune-Cookman,MEAC,Savannah St,FCS Independents,56,13,TRUE,FALSE,,AT AUGUSTA GA
2005-10-15,2005,7,regular,Furman,Southern,The Citadel,Southern,39,31,FALSE,TRUE,Johnson Hagood Stadium,
2005-10-15,2005,7,regular,Eastern Kentucky,OVC,Eastern Illinois,OVC,22,53,FALSE,TRUE,O'Brien Stadium,
2005-10-15,2005,7,regular,Toledo,Mid-American,Ball State,Mid-American,34,14,FALSE,TRUE,Scheumann Stadium,
2005-10-15,2005,7,regular,Sam Houston,Southland,Nicholls,Southland,17,37,FALSE,TRUE,Manning Field at John L. Guidry Stadium,
2005-10-15,2005,7,regular,SE Louisiana,Southland,Northwestern State,Southland,10,31,FALSE,TRUE,Harry Turpin Stadium,
2005-10-15,2005,7,regular,East Carolina,Conference USA,SMU,Conference USA,24,17,FALSE,TRUE,Gerald J. Ford Stadium,
2005-10-15,2005,7,regular,New Mexico,Mountain West,Wyoming,Mountain West,27,24,FALSE,TRUE,,
2005-10-15,2005,7,regular,Eastern Washington,Big Sky,Montana,Big Sky,34,20,FALSE,TRUE,Washington-Grizzly Stadium,
2005-10-15,2005,7,regular,Sacramento State,Big Sky,Weber State,Big Sky,14,26,FALSE,TRUE,Stewart Stadium,
2005-10-15,2005,7,regular,Penn State,Big Ten,Michigan,Big Ten,25,27,FALSE,TRUE,Michigan Stadium,
2005-10-15,2005,7,regular,Oregon State,Pac-10,California,Pac-10,23,20,FALSE,TRUE,California Memorial Stadium,
2005-10-15,2005,7,regular,USC,Pac-10,Notre Dame,FBS Independents,34,31,FALSE,FALSE,Notre Dame Stadium,
2005-10-15,2005,7,regular,Florida,SEC,LSU,SEC,17,21,FALSE,TRUE,Tiger Stadium (LA),
2005-10-15,2005,7,regular,Georgia Tech,ACC,Duke,ACC,35,10,FALSE,TRUE,Wallace Wade Stadium,
2005-10-15,2005,7,regular,Oklahoma State,Big 12,Texas A&M,Big 12,23,62,FALSE,TRUE,Kyle Field,
2005-10-15,2005,7,regular,Colorado,Big 12,Texas,Big 12,17,42,FALSE,TRUE,DKR-Texas Memorial Stadium,
2005-10-15,2005,7,regular,Louisville,Big East,West Virginia,Big East,44,46,FALSE,TRUE,Milan Puskar Stadium,
2005-10-15,2005,7,regular,Gardner-Webb,Big South,Coastal Carolina,Big South,31,34,FALSE,TRUE,Brooks Stadium (SC),
2005-10-15,2005,7,regular,Georgia Southern,Southern,App State,Southern,7,24,FALSE,TRUE,Kidd Brewer Stadium,
2005-10-15,2005,7,regular,Troy,Sun Belt,UL Monroe,Sun Belt,3,27,FALSE,TRUE,Malone Stadium,
2005-10-15,2005,7,regular,Washington,Pac-10,Oregon,Pac-10,21,45,FALSE,TRUE,Autzen Stadium,
2005-10-15,2005,7,regular,Tulsa,Conference USA,Rice,Conference USA,41,21,FALSE,TRUE,Rice Stadium,
2005-10-15,2005,7,regular,Sacred Heart,NEC,UAlbany,NEC,7,21,TRUE,TRUE,University Field (NY),
2005-10-15,2005,7,regular,UConn,Big East,Cincinnati,Big East,17,28,FALSE,TRUE,Nippert Stadium,
2005-10-15,2005,7,regular,Middle Tennessee,Sun Belt,Florida Atlantic,Sun Belt,35,14,FALSE,TRUE,,
2005-10-15,2005,7,regular,Western Illinois,MVFC,Youngstown State,MVFC,21,23,FALSE,TRUE,Stambaugh Stadium,
2005-10-15,2005,7,regular,Louisiana Tech,Western Athletic,Nevada,Western Athletic,27,37,FALSE,TRUE,Mackay Stadium,
2005-10-15,2005,7,regular,Eastern Michigan,Mid-American,Northern Illinois,Mid-American,8,24,FALSE,TRUE,Huskie Stadium,
2005-10-15,2005,7,regular,UT Martin,OVC,Jacksonville State,OVC,17,37,FALSE,TRUE,AmFirst Stadium,
2005-10-15,2005,7,regular,Missouri State,MVFC,Western Kentucky,MVFC,28,37,FALSE,TRUE,Houchens Industries-L.T. Smith Stadium,
2005-10-15,2005,7,regular,Memphis,Conference USA,Houston,Conference USA,35,20,FALSE,TRUE,Robertson Stadium,
2005-10-15,2005,7,regular,UAB,Conference USA,Marshall,Conference USA,19,20,FALSE,TRUE,Joan C. Edwards Stadium,
2005-10-15,2005,7,regular,Indiana State,MVFC,Northern Iowa,MVFC,10,31,FALSE,TRUE,UNI-Dome,
2005-10-15,2005,7,regular,Chattanooga,Southern,Elon,Southern,10,7,FALSE,TRUE,Rhodes Stadium,
2005-10-15,2005,7,regular,North Texas,Sun Belt,Florida International,Sun Belt,13,10,FALSE,TRUE,FIU Stadium,
2005-10-15,2005,7,regular,UCLA,Pac-10,Washington State,Pac-10,44,41,FALSE,TRUE,Gesa Field,
2005-10-15,2005,7,regular,Auburn,SEC,Arkansas,SEC,34,17,FALSE,TRUE,Razorback Stadium,
2005-10-15,2005,7,regular,Stanford,Pac-10,Arizona,Pac-10,20,16,FALSE,TRUE,Arizona Stadium,
2005-10-15,2005,7,regular,Illinois State,MVFC,Southern Illinois,MVFC,61,35,TRUE,TRUE,,
2005-10-15,2005,7,regular,Nebraska,Big 12,Baylor,Big 12,23,14,FALSE,TRUE,Floyd Casey Stadium,
2005-10-15,2005,7,regular,San Diego State,Mountain West,Utah,Mountain West,28,19,FALSE,TRUE,Rice-Eccles Stadium,
2005-10-15,2005,7,regular,Oklahoma Panhandle St,,Texas State,Southland,7,75,TRUE,FALSE,Bobcat Stadium,
2005-10-15,2005,7,regular,Oklahoma,Big 12,Kansas,Big 12,19,3,FALSE,TRUE,,
2005-10-15,2005,7,regular,Towson,Atlantic 10,Liberty,Big South,38,17,FALSE,FALSE,Williams Stadium (VA),
2005-10-15,2005,7,regular,Hampton,MEAC,Norfolk State,MEAC,55,14,FALSE,TRUE,"William Dick"""" Price Stadium""""",
2005-10-15,2005,7,regular,UCF,Conference USA,Southern Miss,Conference USA,31,52,FALSE,TRUE,M. M. Roberts Stadium,
2005-10-15,2005,7,regular,Army,FBS Independents,TCU,Mountain West,17,38,FALSE,FALSE,Amon G. Carter Stadium,
2005-10-15,2005,7,regular,Georgia,SEC,Vanderbilt,SEC,34,17,FALSE,TRUE,FirstBank Stadium,
2005-10-15,2005,7,regular,Florida State,ACC,Virginia,ACC,21,26,FALSE,TRUE,Scott Stadium,
2005-10-16,2005,7,regular,Stephen F. Austin,Southland,McNeese,Southland,23,33,TRUE,TRUE,Cajun Field,
2005-10-16,2005,7,regular,San José State,Western Athletic,Boise State,Western Athletic,21,38,FALSE,TRUE,Albertsons Stadium,
2005-10-16,2005,7,regular,Southern Utah,Great West,UC Davis,Great West,21,33,FALSE,TRUE,Aggie Stadium,
2005-10-16,2005,7,regular,Montana State,Big Sky,Portland State,Big Sky,41,44,TRUE,TRUE,,
2005-10-16,2005,7,regular,Colorado State,Mountain West,BYU,Mountain West,14,24,FALSE,TRUE,LaVell Edwards Stadium,
2005-10-16,2005,7,regular,Utah State,Western Athletic,Fresno State,Western Athletic,21,53,FALSE,TRUE,Valley Children's Stadium,
2005-10-16,2005,7,regular,New Mexico State,Western Athletic,Hawai'i,Western Athletic,28,49,FALSE,TRUE,Aloha Stadium,
2005-10-20,2005,8,regular,Virginia Tech,ACC,Maryland,ACC,28,9,FALSE,TRUE,SECU Stadium,
2005-10-20,2005,8,regular,Florida International,Sun Belt,Troy,Sun Belt,13,18,FALSE,TRUE,Veterans Memorial Stadium (AL),
2005-10-21,2005,8,regular,Stephen F. Austin,Southland,Sam Houston,Southland,24,52,FALSE,TRUE,Elliott T. Bowers Stadium,
2005-10-21,2005,8,regular,Tulane,Conference USA,UCF,Conference USA,24,34,FALSE,TRUE,,
2005-10-22,2005,8,regular,Southern Miss,Conference USA,UAB,Conference USA,37,28,FALSE,TRUE,Legion Field,
2005-10-22,2005,8,regular,Columbia,Ivy,Dartmouth,Ivy,6,17,FALSE,TRUE,Memorial Field,
2005-10-22,2005,8,regular,James Madison,Atlantic 10,Delaware,Atlantic 10,28,34,TRUE,TRUE,,
2005-10-22,2005,8,regular,Northwestern,Big Ten,Michigan State,Big Ten,49,14,FALSE,TRUE,Spartan Stadium,
2005-10-22,2005,8,regular,Virginia,ACC,North Carolina,ACC,5,7,FALSE,TRUE,Kenan Stadium,
2005-10-22,2005,8,regular,Northeastern,Atlantic 10,New Hampshire,Atlantic 10,21,52,FALSE,TRUE,Wildcat Stadium,
2005-10-22,2005,8,regular,Syracuse,Big East,Pittsburgh,Big East,17,34,FALSE,TRUE,Acrisure Stadium,
2005-10-22,2005,8,regular,Louisville,Big East,Cincinnati,Big East,46,22,FALSE,TRUE,Nippert Stadium,
2005-10-22,2005,8,regular,Gardner-Webb,Big South,VMI,Big South,55,52,FALSE,TRUE,Alumni Memorial Field,
2005-10-22,2005,8,regular,App State,Southern,Wofford,Southern,49,17,FALSE,TRUE,Gibbs Stadium,
2005-10-22,2005,8,regular,Ohio State,Big Ten,Indiana,Big Ten,41,10,FALSE,TRUE,"Memorial Stadium (Bloomington, IN)",
2005-10-22,2005,8,regular,Michigan,Big Ten,Iowa,Big Ten,23,20,FALSE,TRUE,Kinnick Stadium,
2005-10-22,2005,8,regular,Arkansas,SEC,Georgia,SEC,20,23,FALSE,TRUE,Sanford Stadium,
2005-10-22,2005,8,regular,Princeton,Ivy,Harvard,Ivy,27,24,FALSE,TRUE,Harvard Stadium,
2005-10-22,2005,8,regular,Nebraska,Big 12,Missouri,Big 12,24,41,FALSE,TRUE,Memorial Stadium,
2005-10-22,2005,8,regular,Temple,FBS Independents,Clemson,ACC,7,37,FALSE,FALSE,"Memorial Stadium (Clemson, SC)",
2005-10-22,2005,8,regular,North Carolina A&T,MEAC,Howard,MEAC,0,16,FALSE,TRUE,William H. Greene Stadium,
2005-10-22,2005,8,regular,Colgate,Patriot,Holy Cross,Patriot,27,14,FALSE,TRUE,Fitton Field,
2005-10-22,2005,8,regular,Brown,Ivy,Cornell,Ivy,38,24,FALSE,TRUE,Schoellkopf Field,
2005-10-22,2005,8,regular,Hofstra,Atlantic 10,Richmond,Atlantic 10,37,43,TRUE,TRUE,,
2005-10-22,2005,8,regular,Assumption,,Iona,Metro Atlantic Athletic,27,17,TRUE,FALSE,,
2005-10-22,2005,8,regular,Lehigh,Patriot,Bucknell,Patriot,42,10,FALSE,TRUE,Christy Mathewson-Memorial Stadium,
2005-10-22,2005,8,regular,Valparaiso,Pioneer,Dayton,Pioneer,7,52,FALSE,TRUE,Welcome Stadium,
2005-10-22,2005,8,regular,Morgan State,MEAC,Delaware State,MEAC,14,41,FALSE,TRUE,Alumni Stadium,
2005-10-22,2005,8,regular,Northern Illinois,Mid-American,Kent State,Mid-American,34,3,FALSE,TRUE,Dix Stadium,
2005-10-22,2005,8,regular,Duquesne,Metro Atlantic Athletic,Marist,Metro Atlantic Athletic,22,14,FALSE,TRUE,Leonidoff Field,
2005-10-22,2005,8,regular,Robert Morris,NEC,Monmouth,NEC,0,14,TRUE,TRUE,Kessler Field,
2005-10-22,2005,8,regular,Davidson,Pioneer,Morehead State,Pioneer,13,31,FALSE,TRUE,Jayne Stadium,
2005-10-22,2005,8,regular,La Salle,Metro Atlantic Athletic,College Of New Jersey,,16,21,TRUE,FALSE,,
2005-10-22,2005,8,regular,Stony Brook,NEC,Sacred Heart,NEC,14,21,FALSE,TRUE,Campus Field,
2005-10-22,2005,8,regular,St. Peter's,Metro Atlantic Athletic,Salisbury,,16,41,TRUE,FALSE,,
2005-10-22,2005,8,regular,UAlbany,NEC,St. Francis (PA),NEC,25,16,TRUE,TRUE,,
2005-10-22,2005,8,regular,Samford,OVC,UT Martin,OVC,30,22,FALSE,TRUE,Graham Stadium,
2005-10-22,2005,8,regular,Central Connecticut,NEC,Wagner,NEC,38,34,FALSE,TRUE,Wagner College Stadium,
2005-10-22,2005,8,regular,Towson,Atlantic 10,William & Mary,Atlantic 10,13,44,FALSE,TRUE,Zable Stadium,
2005-10-22,2005,8,regular,Savannah St,FCS Independents,Charleston Southern,Big South,28,48,TRUE,FALSE,,
2005-10-22,2005,8,regular,Fordham,Patriot,Georgetown,Patriot,21,24,FALSE,TRUE,Cooper Field,
2005-10-22,2005,8,regular,Oklahoma State,Big 12,Iowa State,Big 12,10,37,FALSE,TRUE,Jack Trice Stadium,
2005-10-22,2005,8,regular,Kentucky,SEC,Ole Miss,SEC,7,13,FALSE,TRUE,Vaught-Hemingway Stadium,
2005-10-22,2005,8,regular,Ball State,Mid-American,Ohio,Mid-American,21,38,FALSE,TRUE,Peden Stadium,
2005-10-22,2005,8,regular,Elon,Southern,Furman,Southern,6,45,FALSE,TRUE,Paladin Stadium,
2005-10-22,2005,8,regular,Massachusetts,Atlantic 10,Maine,Atlantic 10,35,14,FALSE,TRUE,Alfond Stadium,
2005-10-22,2005,8,regular,Jacksonville,Pioneer,Austin Peay,Pioneer,33,26,FALSE,TRUE,Governors Stadium,
2005-10-22,2005,8,regular,St. Joseph's (IN),,Butler,Pioneer,23,7,FALSE,FALSE,Butler Bowl,
2005-10-22,2005,8,regular,South Carolina State,MEAC,Hampton,MEAC,10,14,FALSE,TRUE,Armstrong Stadium,
2005-10-22,2005,8,regular,UC Davis,Great West,North Dakota State,Great West,20,14,FALSE,TRUE,Fargodome,
2005-10-22,2005,8,regular,Texas A&M,Big 12,Kansas State,Big 12,30,28,FALSE,TRUE,Bill Snyder Family Stadium,
2005-10-22,2005,8,regular,BYU,Mountain West,Notre Dame,FBS Independents,23,49,FALSE,FALSE,Notre Dame Stadium,
2005-10-22,2005,8,regular,Houston,Conference USA,Mississippi State,SEC,28,16,FALSE,FALSE,Davis Wade Stadium,
2005-10-22,2005,8,regular,Northern Iowa,MVFC,Illinois State,MVFC,3,38,FALSE,TRUE,Hancock Stadium,
2005-10-22,2005,8,regular,Wyoming,Mountain West,Colorado State,Mountain West,31,39,FALSE,TRUE,Sonny Lubick Field at Hughes Stadium,
2005-10-22,2005,8,regular,Rutgers,Big East,UConn,Big East,26,24,FALSE,TRUE,Pratt & Whitney Stadium,
2005-10-22,2005,8,regular,Norfolk State,MEAC,Florida A&M,MEAC,17,31,FALSE,TRUE,Bragg Memorial Stadium,
2005-10-22,2005,8,regular,Rhode Island,Atlantic 10,Villanova,Atlantic 10,48,30,FALSE,TRUE,Villanova Stadium,
2005-10-22,2005,8,regular,Southern Illinois,MVFC,Indiana State,MVFC,42,20,FALSE,TRUE,Memorial Stadium,
2005-10-22,2005,8,regular,TCU,Mountain West,Air Force,Mountain West,48,10,FALSE,TRUE,Falcon Stadium,
2005-10-22,2005,8,regular,Missouri S&T,,South Dakota State,Great West,28,64,TRUE,FALSE,Coughlin-Alumni Stadium,
2005-10-22,2005,8,regular,Cal Poly,Great West,Montana,Big Sky,27,36,FALSE,FALSE,Washington-Grizzly Stadium,
2005-10-22,2005,8,regular,SMU,Conference USA,Tulsa,Conference USA,13,20,FALSE,TRUE,,
2005-10-22,2005,8,regular,Florida State,ACC,Duke,ACC,55,24,FALSE,TRUE,Wallace Wade Stadium,
2005-10-22,2005,8,regular,NC State,ACC,Wake Forest,ACC,19,27,FALSE,TRUE,Allegacy Federal Credit Union Stadium,
2005-10-22,2005,8,regular,Yale,Ivy,Pennsylvania,Ivy,21,38,FALSE,TRUE,Franklin Field,
2005-10-22,2005,8,regular,East Carolina,Conference USA,Memphis,Conference USA,24,27,FALSE,TRUE,Simmons Bank Liberty Stadium,
2005-10-22,2005,8,regular,Texas Tech,Big 12,Texas,Big 12,17,52,FALSE,TRUE,DKR-Texas Memorial Stadium,
2005-10-22,2005,8,regular,USC,Pac-10,Washington,Pac-10,51,24,FALSE,TRUE,,
2005-10-22,2005,8,regular,Purdue,Big Ten,Wisconsin,Big Ten,20,31,FALSE,TRUE,Camp Randall Stadium,
2005-10-22,2005,8,regular,The Citadel,Southern,Georgia Southern,Southern,14,49,FALSE,TRUE,Allen E. Paulson Stadium,
2005-10-22,2005,8,regular,Tennessee,SEC,Alabama,SEC,3,6,FALSE,TRUE,Bryant-Denny Stadium,
2005-10-22,2005,8,regular,Vanderbilt,SEC,South Carolina,SEC,28,35,FALSE,TRUE,Williams-Brice Stadium,
2005-10-22,2005,8,regular,Eastern Illinois,OVC,Murray State,OVC,35,28,FALSE,TRUE,Roy Stewart Stadium,
2005-10-22,2005,8,regular,Western Michigan,Mid-American,Bowling Green,Mid-American,45,14,FALSE,TRUE,Doyt L. Perry Stadium,
2005-10-22,2005,8,regular,North Texas,Sun Belt,Louisiana Tech,Western Athletic,14,40,FALSE,FALSE,Joe Aillet Stadium,
2005-10-22,2005,8,regular,Arizona State,Pac-10,Stanford,Pac-10,35,45,FALSE,TRUE,Stanford Stadium,
2005-10-22,2005,8,regular,Fresno State,Western Athletic,Idaho,Western Athletic,40,10,FALSE,TRUE,Kibbie Dome,
2005-10-22,2005,8,regular,Louisiana,Sun Belt,Middle Tennessee,Sun Belt,13,10,FALSE,TRUE,"Johnny ""Red"" Floyd Stadium",
2005-10-22,2005,8,regular,Weber State,Big Sky,Eastern Washington,Big Sky,28,23,FALSE,TRUE,Roos Field,
2005-10-22,2005,8,regular,Western Kentucky,MVFC,Western Illinois,MVFC,42,7,FALSE,TRUE,Hanson Field,
2005-10-22,2005,8,regular,Hawai'i,Western Athletic,San José State,Western Athletic,45,38,FALSE,TRUE,CEFCU Stadium,
2005-10-22,2005,8,regular,Western Carolina,Southern,Chattanooga,Southern,38,20,FALSE,TRUE,Finley Stadium,
2005-10-22,2005,8,regular,Navy,FBS Independents,Rice,Conference USA,41,9,FALSE,FALSE,Rice Stadium,
2005-10-22,2005,8,regular,Army,FBS Independents,Akron,Mid-American,20,0,FALSE,FALSE,,
2005-10-22,2005,8,regular,Miami (OH),Mid-American,Eastern Michigan,Mid-American,24,23,FALSE,TRUE,Rynearson Stadium,
2005-10-22,2005,8,regular,Missouri State,MVFC,Youngstown State,MVFC,7,31,FALSE,TRUE,Stambaugh Stadium,
2005-10-22,2005,8,regular,Southeast Missouri State,OVC,Eastern Kentucky,OVC,32,33,FALSE,TRUE,Roy Kidd Stadium,
2005-10-22,2005,8,regular,Boise State,Western Athletic,Utah State,Western Athletic,45,21,FALSE,TRUE,Maverik Stadium,
2005-10-22,2005,8,regular,Oregon,Pac-10,Arizona,Pac-10,28,21,FALSE,TRUE,Arizona Stadium,
2005-10-22,2005,8,regular,Oregon State,Pac-10,UCLA,Pac-10,28,51,FALSE,TRUE,Rose Bowl,
2005-10-22,2005,8,regular,Kansas,Big 12,Colorado,Big 12,13,44,FALSE,TRUE,Folsom Field,
2005-10-22,2005,8,regular,Baylor,Big 12,Oklahoma,Big 12,30,37,FALSE,TRUE,"Memorial Stadium (Norman, OK)",
2005-10-22,2005,8,regular,Northwestern State,Southland,Texas State,Southland,16,31,TRUE,TRUE,Bobcat Stadium,
2005-10-22,2005,8,regular,Penn State,Big Ten,Illinois,Big Ten,63,10,FALSE,TRUE,"Memorial Stadium (Champaign, IL)",
2005-10-22,2005,8,regular,Florida Atlantic,Sun Belt,Arkansas State,Sun Belt,0,3,FALSE,TRUE,,
2005-10-22,2005,8,regular,Coastal Carolina,Big South,Liberty,Big South,27,21,FALSE,TRUE,Williams Stadium (VA),
2005-10-22,2005,8,regular,Utah,Mountain West,UNLV,Mountain West,42,32,FALSE,TRUE,Sam Boyd Stadium,
2005-10-22,2005,8,regular,McNeese,Southland,SE Louisiana,Southland,13,37,FALSE,TRUE,Strawberry Stadium,
2005-10-22,2005,8,regular,Jacksonville State,OVC,Tennessee State,OVC,33,3,FALSE,TRUE,Nissan Stadium,
2005-10-22,2005,8,regular,Buffalo,Mid-American,Toledo,Mid-American,15,38,FALSE,TRUE,Glass Bowl,
2005-10-22,2005,8,regular,Auburn,SEC,LSU,SEC,17,20,FALSE,TRUE,Tiger Stadium (LA),
2005-10-23,2005,8,regular,Northern Colorado,Great West,Southern Utah,Great West,17,20,FALSE,TRUE,Eccles Coliseum,
2005-10-23,2005,8,regular,Northern Arizona,Big Sky,Portland State,Big Sky,0,45,TRUE,TRUE,,
2005-10-23,2005,8,regular,Idaho State,Big Sky,Sacramento State,Big Sky,27,17,FALSE,TRUE,Hornet Stadium,
2005-10-23,2005,8,regular,Marshall,Conference USA,UTEP,Conference USA,3,31,FALSE,TRUE,Sun Bowl,
2005-10-23,2005,8,regular,New Mexico,Mountain West,San Diego State,Mountain West,47,24,FALSE,TRUE,Qualcomm Stadium,
2005-10-23,2005,8,regular,Drake,Pioneer,San Diego,Pioneer,26,31,FALSE,TRUE,Torero Stadium,
2005-10-23,2005,8,regular,Washington State,Pac-10,California,Pac-10,38,42,FALSE,TRUE,California Memorial Stadium,
2005-10-27,2005,9,regular,North Greenville,,Jacksonville,Pioneer,13,52,TRUE,FALSE,D. B. Milne Field,
2005-10-27,2005,9,regular,Marist,Metro Atlantic Athletic,St. Peter's,Metro Atlantic Athletic,52,34,TRUE,TRUE,,
2005-10-27,2005,9,regular,Southern Illinois,MVFC,Western Kentucky,MVFC,31,20,FALSE,TRUE,Houchens Industries-L.T. Smith Stadium,
2005-10-27,2005,9,regular,Boston College,ACC,Virginia Tech,ACC,10,30,FALSE,TRUE,Lane Stadium,
2005-10-29,2005,9,regular,Colorado State,Mountain West,New Mexico,Mountain West,35,25,FALSE,TRUE,University Stadium (NM),
2005-10-29,2005,9,regular,Indiana,Big Ten,Michigan State,Big Ten,15,46,FALSE,TRUE,Spartan Stadium,
2005-10-29,2005,9,regular,New Hampshire,Atlantic 10,Massachusetts,Atlantic 10,34,28,TRUE,TRUE,,
2005-10-29,2005,9,regular,Ohio State,Big Ten,Minnesota,Big Ten,45,31,FALSE,TRUE,,
2005-10-29,2005,9,regular,Wake Forest,ACC,Duke,ACC,44,6,FALSE,TRUE,Wallace Wade Stadium,
2005-10-29,2005,9,regular,Southern Miss,Conference USA,NC State,ACC,17,21,FALSE,FALSE,Carter-Finley Stadium,
2005-10-29,2005,9,regular,Oklahoma,Big 12,Nebraska,Big 12,31,24,FALSE,TRUE,"Memorial Stadium (Lincoln, NE)",
2005-10-29,2005,9,regular,Cornell,Ivy,Princeton,Ivy,17,20,FALSE,TRUE,Princeton University Stadium,
2005-10-29,2005,9,regular,Cincinnati,Big East,Syracuse,Big East,22,16,FALSE,TRUE,JMA Wireless Dome,
2005-10-29,2005,9,regular,Hofstra,Atlantic 10,Rhode Island,Atlantic 10,38,24,FALSE,TRUE,Meade Stadium,
2005-10-29,2005,9,regular,Delaware,Atlantic 10,Maine,Atlantic 10,15,25,FALSE,TRUE,Alfond Stadium,
2005-10-29,2005,9,regular,Wisconsin,Big Ten,Illinois,Big Ten,41,24,FALSE,TRUE,"Memorial Stadium (Champaign, IL)",
2005-10-29,2005,9,regular,North Carolina,ACC,Miami,ACC,16,34,FALSE,TRUE,,
2005-10-29,2005,9,regular,Hofstra,Atlantic 10,Rhodes College,,38,24,TRUE,FALSE,Meade Stadium,
2005-10-29,2005,9,regular,Dartmouth,Ivy,Harvard,Ivy,14,42,FALSE,TRUE,Harvard Stadium,
2005-10-29,2005,9,regular,Ole Miss,SEC,Auburn,SEC,3,27,FALSE,TRUE,Jordan-Hare Stadium,
2005-10-29,2005,9,regular,Yale,Ivy,Columbia,Ivy,37,3,FALSE,TRUE,Lawrence A. Wien Stadium,
2005-10-29,2005,9,regular,Texas Tech,Big 12,Baylor,Big 12,28,0,FALSE,TRUE,Floyd Casey Stadium,
2005-10-29,2005,9,regular,VMI,Big South,Coastal Carolina,Big South,14,38,FALSE,TRUE,Brooks Stadium (SC),
2005-10-29,2005,9,regular,St. Francis (PA),NEC,Sacred Heart,NEC,45,53,FALSE,TRUE,Campus Field,
2005-10-29,2005,9,regular,Miami (OH),Mid-American,Temple,FBS Independents,41,14,FALSE,FALSE,Lincoln Financial Field,
2005-10-29,2005,9,regular,Pennsylvania,Ivy,Brown,Ivy,20,34,FALSE,TRUE,Brown Stadium,
2005-10-29,2005,9,regular,Duquesne,Metro Atlantic Athletic,Iona,Metro Atlantic Athletic,31,17,TRUE,TRUE,,
2005-10-29,2005,9,regular,Bucknell,Patriot,Lafayette,Patriot,20,33,FALSE,TRUE,Fisher Field,
2005-10-29,2005,9,regular,Monmouth,NEC,Central Connecticut,NEC,13,15,FALSE,TRUE,Arute Field,
2005-10-29,2005,9,regular,Toledo,Mid-American,Central Michigan,Mid-American,17,21,FALSE,TRUE,Kelly/Shorts Stadium,
2005-10-29,2005,9,regular,Lehigh,Patriot,Colgate,Patriot,50,34,FALSE,TRUE,Andy Kerr Stadium,
2005-10-29,2005,9,regular,Dayton,Pioneer,Davidson,Pioneer,45,15,FALSE,TRUE,Richardson Stadium,
2005-10-29,2005,9,regular,Holy Cross,Patriot,Fordham,Patriot,20,24,TRUE,TRUE,Coffey Field,
2005-10-29,2005,9,regular,Missouri,Big 12,Kansas,Big 12,3,13,FALSE,TRUE,Memorial Stadium,
2005-10-29,2005,9,regular,Kean,,La Salle,Metro Atlantic Athletic,36,38,TRUE,FALSE,,
2005-10-29,2005,9,regular,Tiffin,,Morehead State,Pioneer,17,14,FALSE,FALSE,Jayne Stadium,
2005-10-29,2005,9,regular,Howard,MEAC,Norfolk State,MEAC,7,26,FALSE,TRUE,"William Dick"""" Price Stadium""""",
2005-10-29,2005,9,regular,Northeastern,Atlantic 10,Northwestern State,Southland,12,14,FALSE,FALSE,Harry Turpin Stadium,
2005-10-29,2005,9,regular,Stony Brook,NEC,Robert Morris,NEC,38,37,FALSE,TRUE,Joe Walton Stadium,
2005-10-29,2005,9,regular,UAlbany,NEC,Wagner,NEC,38,10,FALSE,TRUE,Wagner College Stadium,
2005-10-29,2005,9,regular,Ohio,Mid-American,Buffalo,Mid-American,34,20,FALSE,TRUE,UB Stadium,
2005-10-29,2005,9,regular,Delaware State,MEAC,South Carolina State,MEAC,3,24,FALSE,TRUE,Oliver C. Dawson Stadium,
2005-10-29,2005,9,regular,UCF,Conference USA,East Carolina,Conference USA,30,20,FALSE,TRUE,Dowdy-Ficklen Stadium,
2005-10-29,2005,9,regular,Missouri S&T,,Austin Peay,Pioneer,45,3,FALSE,FALSE,Governors Stadium,
2005-10-29,2005,9,regular,Butler,Pioneer,Drake,Pioneer,10,56,FALSE,TRUE,Drake Stadium,
2005-10-29,2005,9,regular,Central State (OH),,Savannah St,FCS Independents,28,27,FALSE,FALSE,Ted Wright Stadium,
2005-10-29,2005,9,regular,Murray State,OVC,Southeast Missouri State,OVC,21,52,TRUE,TRUE,Houck Stadium,
2005-10-29,2005,9,regular,Georgia Southern,Southern,South Dakota State,Great West,55,42,TRUE,FALSE,Coughlin-Alumni Stadium,
2005-10-29,2005,9,regular,San Diego,Pioneer,Valparaiso,Pioneer,63,21,FALSE,TRUE,Brown Field,
2005-10-29,2005,9,regular,Kent State,Mid-American,Western Michigan,Mid-American,14,44,FALSE,TRUE,Waldo Stadium,
2005-10-29,2005,9,regular,Elon,Southern,Western Carolina,Southern,26,31,FALSE,TRUE,E. J. Whitmire Stadium,
2005-10-29,2005,9,regular,Northern Arizona,Big Sky,Montana State,Big Sky,22,29,FALSE,TRUE,Bobcat Stadium,
2005-10-29,2005,9,regular,Colorado,Big 12,Kansas State,Big 12,23,20,FALSE,TRUE,Bill Snyder Family Stadium,
2005-10-29,2005,9,regular,Western Illinois,MVFC,Illinois State,MVFC,31,17,FALSE,TRUE,Hancock Stadium,
2005-10-29,2005,9,regular,Tennessee State,OVC,Samford,OVC,11,31,FALSE,TRUE,Seibert Stadium,
2005-10-29,2005,9,regular,Indiana State,MVFC,Missouri State,MVFC,27,31,FALSE,TRUE,Plaster Sports Complex,
2005-10-29,2005,9,regular,Air Force,Mountain West,BYU,Mountain West,41,62,FALSE,TRUE,LaVell Edwards Stadium,
2005-10-29,2005,9,regular,Richmond,Atlantic 10,James Madison,Atlantic 10,18,15,FALSE,TRUE,Bridgeforth Stadium,
2005-10-29,2005,9,regular,Utah State,Western Athletic,Alabama,SEC,3,35,FALSE,FALSE,Bryant-Denny Stadium,
2005-10-29,2005,9,regular,Sam Houston,Southland,McNeese,Southland,26,31,FALSE,TRUE,Cowboy Stadium,
2005-10-29,2005,9,regular,Fort Lewis,,Northern Colorado,Great West,14,45,FALSE,FALSE,Nottingham Field,
2005-10-29,2005,9,regular,SE Louisiana,Southland,Stephen F. Austin,Southland,45,23,FALSE,TRUE,Homer Bryce Stadium,
2005-10-29,2005,9,regular,Nevada,Western Athletic,Boise State,Western Athletic,14,49,FALSE,TRUE,Albertsons Stadium,
2005-10-29,2005,9,regular,Portland State,Big Sky,Montana,Big Sky,16,37,FALSE,TRUE,Washington-Grizzly Stadium,
2005-10-29,2005,9,regular,Georgia,SEC,Florida,SEC,10,14,FALSE,TRUE,,
2005-10-29,2005,9,regular,Washington State,Pac-10,USC,Pac-10,13,55,FALSE,TRUE,Los Angeles Memorial Coliseum,
2005-10-29,2005,9,regular,Maryland,ACC,Florida State,ACC,27,35,FALSE,TRUE,Doak Campbell Stadium,
2005-10-29,2005,9,regular,Clemson,ACC,Georgia Tech,ACC,9,10,FALSE,TRUE,Bobby Dodd Stadium,
2005-10-29,2005,9,regular,Navy,FBS Independents,Rutgers,Big East,21,31,FALSE,FALSE,High Point Solutions Stadium,
2005-10-29,2005,9,regular,Purdue,Big Ten,Penn State,Big Ten,15,33,FALSE,TRUE,Beaver Stadium,
2005-10-29,2005,9,regular,Iowa State,Big 12,Texas A&M,Big 12,42,14,FALSE,TRUE,Kyle Field,
2005-10-29,2005,9,regular,Chattanooga,Southern,App State,Southern,25,35,FALSE,TRUE,Kidd Brewer Stadium,
2005-10-29,2005,9,regular,Akron,Mid-American,Bowling Green,Mid-American,24,14,FALSE,TRUE,Doyt L. Perry Stadium,
2005-10-29,2005,9,regular,Cal Poly,Great West,UC Davis,Great West,13,20,FALSE,TRUE,Aggie Stadium,
2005-10-29,2005,9,regular,Wofford,Southern,The Citadel,Southern,28,10,FALSE,TRUE,Johnson Hagood Stadium,
2005-10-29,2005,9,regular,Idaho State,Big Sky,Weber State,Big Sky,21,30,FALSE,TRUE,Stewart Stadium,
2005-10-29,2005,9,regular,Arizona,Pac-10,Oregon State,Pac-10,29,27,FALSE,TRUE,Reser Stadium,
2005-10-29,2005,9,regular,Ball State,Mid-American,Northern Illinois,Mid-American,31,17,FALSE,TRUE,Huskie Stadium,
2005-10-29,2005,9,regular,Youngstown State,MVFC,Northern Iowa,MVFC,7,21,FALSE,TRUE,UNI-Dome,
2005-10-29,2005,9,regular,Tennessee Tech,OVC,Jacksonville State,OVC,17,43,FALSE,TRUE,AmFirst Stadium,
2005-10-29,2005,9,regular,Troy,Sun Belt,Louisiana,Sun Belt,28,31,FALSE,TRUE,Cajun Field,
2005-10-29,2005,9,regular,William & Mary,Atlantic 10,Villanova,Atlantic 10,21,35,FALSE,TRUE,Villanova Stadium,
2005-10-29,2005,9,regular,UTEP,Conference USA,Rice,Conference USA,38,31,FALSE,TRUE,Rice Stadium,
2005-10-29,2005,9,regular,Liberty,Big South,Gardner-Webb,Big South,16,21,FALSE,TRUE,Ernest W. Spangler Stadium,
2005-10-29,2005,9,regular,Florida A&M,MEAC,Morgan State,MEAC,27,16,FALSE,TRUE,Hughes Stadium,
2005-10-29,2005,9,regular,Washington,Pac-10,Arizona State,Pac-10,20,44,FALSE,TRUE,Mountain America Stadium,
2005-10-29,2005,9,regular,UCLA,Pac-10,Stanford,Pac-10,30,27,FALSE,TRUE,Stanford Stadium,
2005-10-29,2005,9,regular,Michigan,Big Ten,Northwestern,Big Ten,33,17,FALSE,TRUE,Ryan Field,
2005-10-29,2005,9,regular,Mississippi State,SEC,Kentucky,SEC,7,13,FALSE,TRUE,Kroger Field,
2005-10-29,2005,9,regular,Texas,Big 12,Oklahoma State,Big 12,47,28,FALSE,TRUE,Boone Pickens Stadium,
2005-10-29,2005,9,regular,UT Martin,OVC,Eastern Illinois,OVC,7,26,FALSE,TRUE,O'Brien Stadium,
2005-10-29,2005,9,regular,San José State,Western Athletic,Louisiana Tech,Western Athletic,14,31,FALSE,TRUE,Joe Aillet Stadium,
2005-10-29,2005,9,regular,Bethune-Cookman,MEAC,North Carolina A&T,MEAC,54,17,TRUE,TRUE,Aggie Memorial Stadium,
2005-10-29,2005,9,regular,Marshall,Conference USA,Tulane,Conference USA,27,26,FALSE,TRUE,Joe Aillet Stadium,
2005-10-29,2005,9,regular,Eastern Washington,Big Sky,Sacramento State,Big Sky,45,17,FALSE,TRUE,Hornet Stadium,
2005-10-29,2005,9,regular,Fresno State,Western Athletic,Hawai'i,Western Athletic,27,13,FALSE,TRUE,Aloha Stadium,
2005-10-29,2005,9,regular,Texas State,Southland,Nicholls,Southland,29,32,FALSE,TRUE,Manning Field at John L. Guidry Stadium,
2005-10-29,2005,9,regular,South Carolina,SEC,Tennessee,SEC,16,15,FALSE,TRUE,Neyland Stadium,
2005-10-30,2005,9,regular,TCU,Mountain West,San Diego State,Mountain West,23,20,FALSE,TRUE,Qualcomm Stadium,
2005-10-30,2005,9,regular,North Texas,Sun Belt,LSU,SEC,3,56,FALSE,FALSE,Tiger Stadium (LA),
2005-10-30,2005,9,regular,Idaho,Western Athletic,New Mexico State,Western Athletic,38,37,FALSE,TRUE,Aggie Memorial Stadium,
2005-10-30,2005,9,regular,North Dakota State,Great West,Southern Utah,Great West,37,21,FALSE,TRUE,Eccles Coliseum,
2005-11-02,2005,10,regular,UAB,Conference USA,Memphis,Conference USA,37,20,FALSE,TRUE,Simmons Bank Liberty Stadium,
2005-11-03,2005,10,regular,UConn,Big East,West Virginia,Big East,13,45,FALSE,TRUE,Milan Puskar Stadium,
2005-11-04,2005,10,regular,Pittsburgh,Big East,Louisville,Big East,20,42,FALSE,TRUE,L&N Federal Credit Union Stadium,
2005-11-05,2005,10,regular,Pace,,St. Peter's,Metro Atlantic Athletic,38,27,TRUE,FALSE,John F. Kennedy Stadium,
2005-11-05,2005,10,regular,Toledo,Mid-American,Ohio,Mid-American,30,21,FALSE,TRUE,Peden Stadium,
2005-11-05,2005,10,regular,Brown,Ivy,Yale,Ivy,38,21,FALSE,TRUE,Yale Bowl,
2005-11-05,2005,10,regular,Princeton,Ivy,Pennsylvania,Ivy,30,13,FALSE,TRUE,Franklin Field,
2005-11-05,2005,10,regular,Maine,Atlantic 10,Northeastern,Atlantic 10,14,10,TRUE,TRUE,,
2005-11-05,2005,10,regular,Cornell,Ivy,Dartmouth,Ivy,21,10,FALSE,TRUE,Memorial Field,
2005-11-05,2005,10,regular,Harvard,Ivy,Columbia,Ivy,55,7,FALSE,TRUE,Lawrence A. Wien Stadium,
2005-11-05,2005,10,regular,Colgate,Patriot,Lafayette,Patriot,18,15,FALSE,TRUE,Fisher Field,
2005-11-05,2005,10,regular,Georgetown,Patriot,Lehigh,Patriot,14,46,FALSE,TRUE,Goodman Stadium,
2005-11-05,2005,10,regular,Central Connecticut,NEC,Sacred Heart,NEC,24,17,FALSE,TRUE,Campus Field,
2005-11-05,2005,10,regular,Minnesota,Big Ten,Indiana,Big Ten,42,21,FALSE,TRUE,"Memorial Stadium (Bloomington, IN)",
2005-11-05,2005,10,regular,Massachusetts,Atlantic 10,Delaware,Atlantic 10,35,7,TRUE,TRUE,,
2005-11-05,2005,10,regular,Iowa,Big Ten,Northwestern,Big Ten,27,28,FALSE,TRUE,Ryan Field,
2005-11-05,2005,10,regular,Villanova,Atlantic 10,Towson,Atlantic 10,19,40,FALSE,TRUE,Johnny Unitas Stadium,
2005-11-05,2005,10,regular,Boston College,ACC,North Carolina,ACC,14,16,FALSE,TRUE,Kenan Stadium,
2005-11-05,2005,10,regular,South Florida,Big East,Rutgers,Big East,45,31,FALSE,TRUE,High Point Solutions Stadium,
2005-11-05,2005,10,regular,Western Illinois,MVFC,Indiana State,MVFC,63,35,FALSE,TRUE,Memorial Stadium,
2005-11-05,2005,10,regular,Marist,Metro Atlantic Athletic,Iona,Metro Atlantic Athletic,28,27,TRUE,TRUE,,
2005-11-05,2005,10,regular,Dayton,Pioneer,Butler,Pioneer,41,7,FALSE,TRUE,Butler Bowl,
2005-11-05,2005,10,regular,La Salle,Metro Atlantic Athletic,Duquesne,Metro Atlantic Athletic,14,56,FALSE,TRUE,Arthur J. Rooney Athletic Field,
2005-11-05,2005,10,regular,Bucknell,Patriot,Fordham,Patriot,21,28,TRUE,TRUE,Coffey Field,
2005-11-05,2005,10,regular,New Hampshire,Atlantic 10,Hofstra,Atlantic 10,29,26,TRUE,TRUE,,
2005-11-05,2005,10,regular,Norfolk State,MEAC,Morgan State,MEAC,24,21,FALSE,TRUE,Hughes Stadium,
2005-11-05,2005,10,regular,Michigan State,Big Ten,Purdue,Big Ten,21,28,FALSE,TRUE,Ross-Ade Stadium,
2005-11-05,2005,10,regular,Monmouth,NEC,St. Francis (PA),NEC,15,19,TRUE,TRUE,,
2005-11-05,2005,10,regular,Wagner,NEC,Stony Brook,NEC,10,28,FALSE,TRUE,Kenneth P. LaValle Stadium,
2005-11-05,2005,10,regular,Southeast Missouri State,OVC,UT Martin,OVC,21,24,FALSE,TRUE,Graham Stadium,
2005-11-05,2005,10,regular,Drake,Pioneer,Valparaiso,Pioneer,49,24,FALSE,TRUE,Brown Field,
2005-11-05,2005,10,regular,South Carolina,SEC,Arkansas,SEC,14,10,FALSE,TRUE,Razorback Stadium,
2005-11-05,2005,10,regular,Texas,Big 12,Baylor,Big 12,62,0,FALSE,TRUE,Floyd Casey Stadium,
2005-11-05,2005,10,regular,Charleston Southern,Big South,Gardner-Webb,Big South,38,7,FALSE,TRUE,Ernest W. Spangler Stadium,
2005-11-05,2005,10,regular,Coastal Carolina,Big South,Savannah St,FCS Independents,42,16,FALSE,FALSE,Ted Wright Stadium,
2005-11-05,2005,10,regular,Auburn,SEC,Kentucky,SEC,49,27,FALSE,TRUE,Kroger Field,
2005-11-05,2005,10,regular,Duke,ACC,Clemson,ACC,20,49,FALSE,TRUE,"Memorial Stadium (Clemson, SC)",
2005-11-05,2005,10,regular,The Citadel,Southern,Chattanooga,Southern,21,31,FALSE,TRUE,Finley Stadium,
2005-11-05,2005,10,regular,Northern Illinois,Mid-American,Central Michigan,Mid-American,31,28,FALSE,TRUE,Kelly/Shorts Stadium,
2005-11-05,2005,10,regular,Western Michigan,Mid-American,Eastern Michigan,Mid-American,44,36,FALSE,TRUE,,
2005-11-05,2005,10,regular,Nebraska,Big 12,Kansas,Big 12,15,40,FALSE,TRUE,Memorial Stadium,
2005-11-05,2005,10,regular,Morehead State,Pioneer,Missouri S&T,,56,55,TRUE,FALSE,,
2005-11-05,2005,10,regular,Northern Colorado,Great West,North Dakota State,Great West,0,44,FALSE,TRUE,Fargodome,
2005-11-05,2005,10,regular,Southern Utah,Great West,South Dakota State,Great West,7,55,TRUE,TRUE,Coughlin-Alumni Stadium,
2005-11-05,2005,10,regular,Illinois State,MVFC,Missouri State,MVFC,48,23,FALSE,TRUE,Plaster Sports Complex,
2005-11-05,2005,10,regular,Wofford,Southern,Western Carolina,Southern,0,24,FALSE,TRUE,E. J. Whitmire Stadium,
2005-11-05,2005,10,regular,Sacramento State,Big Sky,Montana State,Big Sky,16,37,FALSE,TRUE,Bobcat Stadium,
2005-11-05,2005,10,regular,Wake Forest,ACC,Georgia Tech,ACC,17,30,FALSE,TRUE,Bobby Dodd Stadium,
2005-11-05,2005,10,regular,Tulane,Conference USA,Navy,FBS Independents,21,49,FALSE,FALSE,Navy-Marine Corps Memorial Stadium,
2005-11-05,2005,10,regular,Samford,OVC,Tennessee Tech,OVC,21,42,FALSE,TRUE,Tucker Stadium,
2005-11-05,2005,10,regular,Kansas State,Big 12,Iowa State,Big 12,17,45,FALSE,TRUE,Jack Trice Stadium,
2005-11-05,2005,10,regular,Buffalo,Mid-American,Miami (OH),Mid-American,13,54,FALSE,TRUE,Yager Stadium,
2005-11-05,2005,10,regular,VMI,Big South,Richmond,Atlantic 10,3,38,TRUE,FALSE,,
2005-11-05,2005,10,regular,St. Joseph's (IN),,Austin Peay,Pioneer,42,14,FALSE,FALSE,Governors Stadium,
2005-11-05,2005,10,regular,Akron,Mid-American,Ball State,Mid-American,17,23,FALSE,TRUE,Scheumann Stadium,
2005-11-05,2005,10,regular,Bowling Green,Mid-American,Kent State,Mid-American,24,14,FALSE,TRUE,Dix Stadium,
2005-11-05,2005,10,regular,South Carolina State,MEAC,Howard,MEAC,23,9,FALSE,TRUE,William H. Greene Stadium,
2005-11-05,2005,10,regular,Tennessee,SEC,Notre Dame,FBS Independents,21,41,FALSE,FALSE,Notre Dame Stadium,
2005-11-05,2005,10,regular,North Carolina A&T,MEAC,Florida A&M,MEAC,14,24,FALSE,TRUE,Bragg Memorial Stadium,
2005-11-05,2005,10,regular,Youngstown State,MVFC,Southern Illinois,MVFC,17,31,TRUE,TRUE,,
2005-11-05,2005,10,regular,Eastern Kentucky,OVC,Murray State,OVC,43,7,FALSE,TRUE,Roy Stewart Stadium,
2005-11-05,2005,10,regular,Wyoming,Mountain West,Utah,Mountain West,13,43,FALSE,TRUE,Rice-Eccles Stadium,
2005-11-05,2005,10,regular,Furman,Southern,Georgia Southern,Southern,24,27,FALSE,TRUE,Allen E. Paulson Stadium,
2005-11-05,2005,10,regular,McNeese,Southland,Texas State,Southland,7,49,TRUE,TRUE,Bobcat Stadium,
2005-11-05,2005,10,regular,Robert Morris,NEC,UAlbany,NEC,17,20,TRUE,TRUE,University Field (NY),
2005-11-05,2005,10,regular,Hampton,MEAC,Bethune-Cookman,MEAC,24,10,FALSE,TRUE,Municipal Stadium,
2005-11-05,2005,10,regular,BYU,Mountain West,UNLV,Mountain West,55,14,FALSE,TRUE,Sam Boyd Stadium,
2005-11-05,2005,10,regular,Rice,Conference USA,SMU,Conference USA,7,27,FALSE,TRUE,Gerald J. Ford Stadium,
2005-11-05,2005,10,regular,New Mexico State,Western Athletic,Boise State,Western Athletic,6,56,FALSE,TRUE,Albertsons Stadium,
2005-11-05,2005,10,regular,Louisiana Tech,Western Athletic,Utah State,Western Athletic,27,17,FALSE,TRUE,Maverik Stadium,
2005-11-05,2005,10,regular,Missouri,Big 12,Colorado,Big 12,12,41,FALSE,TRUE,Folsom Field,
2005-11-05,2005,10,regular,NC State,ACC,Florida State,ACC,20,15,FALSE,TRUE,Doak Campbell Stadium,
2005-11-05,2005,10,regular,Illinois,Big Ten,Ohio State,Big Ten,2,40,FALSE,TRUE,Ohio Stadium,
2005-11-05,2005,10,regular,Wisconsin,Big Ten,Penn State,Big Ten,14,35,FALSE,TRUE,Beaver Stadium,
2005-11-05,2005,10,regular,Temple,FBS Independents,Virginia,ACC,3,51,FALSE,FALSE,Scott Stadium,
2005-11-05,2005,10,regular,Alabama,SEC,Mississippi State,SEC,17,0,FALSE,TRUE,Davis Wade Stadium,
2005-11-05,2005,10,regular,Army,FBS Independents,Air Force,Mountain West,27,24,FALSE,FALSE,Falcon Stadium,
2005-11-05,2005,10,regular,California,Pac-10,Oregon,Pac-10,20,27,FALSE,TRUE,Autzen Stadium,
2005-11-05,2005,10,regular,Florida Atlantic,Sun Belt,Troy,Sun Belt,14,28,FALSE,TRUE,Veterans Memorial Stadium (AL),
2005-11-05,2005,10,regular,Northern Iowa,MVFC,Western Kentucky,MVFC,23,20,FALSE,TRUE,Houchens Industries-L.T. Smith Stadium,
2005-11-05,2005,10,regular,Florida International,Sun Belt,UL Monroe,Sun Belt,31,29,FALSE,TRUE,Malone Stadium,
2005-11-05,2005,10,regular,Montana,Big Sky,Northern Arizona,Big Sky,23,0,TRUE,TRUE,,
2005-11-05,2005,10,regular,SE Louisiana,Southland,Sam Houston,Southland,18,35,FALSE,TRUE,Elliott T. Bowers Stadium,
2005-11-05,2005,10,regular,UC Davis,Great West,Stephen F. Austin,Southland,17,27,FALSE,FALSE,Homer Bryce Stadium,
2005-11-05,2005,10,regular,Portland State,Big Sky,Idaho State,Big Sky,34,36,FALSE,TRUE,Holt Arena,
2005-11-05,2005,10,regular,Hawai'i,Western Athletic,Nevada,Western Athletic,28,38,FALSE,TRUE,Mackay Stadium,
2005-11-05,2005,10,regular,Arkansas State,Sun Belt,Middle Tennessee,Sun Belt,7,45,FALSE,TRUE,"Johnny ""Red"" Floyd Stadium",
2005-11-05,2005,10,regular,Arizona State,Pac-10,Washington State,Pac-10,27,24,FALSE,TRUE,Gesa Field,
2005-11-06,2005,10,regular,Eastern Washington,Big Sky,Cal Poly,Great West,35,40,FALSE,FALSE,Alex G. Spanos Stadium,
2005-11-06,2005,10,regular,Houston,Conference USA,UCF,Conference USA,29,31,FALSE,TRUE,,
2005-11-06,2005,10,regular,Nicholls,Southland,Northwestern State,Southland,31,24,FALSE,TRUE,Harry Turpin Stadium,
2005-11-06,2005,10,regular,Eastern Illinois,OVC,Tennessee State,OVC,27,3,FALSE,TRUE,Nissan Stadium,
2005-11-06,2005,10,regular,James Madison,Atlantic 10,William & Mary,Atlantic 10,30,29,FALSE,TRUE,Zable Stadium,
2005-11-06,2005,10,regular,UCLA,Pac-10,Arizona,Pac-10,14,52,FALSE,TRUE,Arizona Stadium,
2005-11-06,2005,10,regular,Oregon State,Pac-10,Washington,Pac-10,18,10,FALSE,TRUE,,
2005-11-06,2005,10,regular,App State,Southern,LSU,SEC,0,24,FALSE,FALSE,Tiger Stadium (LA),
2005-11-06,2005,10,regular,Louisiana,Sun Belt,North Texas,Sun Belt,31,28,FALSE,TRUE,,
2005-11-06,2005,10,regular,Colorado State,Mountain West,TCU,Mountain West,6,33,FALSE,TRUE,Amon G. Carter Stadium,
2005-11-06,2005,10,regular,Texas A&M,Big 12,Texas Tech,Big 12,17,56,FALSE,TRUE,Jones AT&T Stadium,
2005-11-06,2005,10,regular,Vanderbilt,SEC,Florida,SEC,42,49,FALSE,TRUE,Ben Hill Griffin Stadium,
2005-11-06,2005,10,regular,Miami,ACC,Virginia Tech,ACC,27,7,FALSE,TRUE,Lane Stadium,
2005-11-06,2005,10,regular,San José State,Western Athletic,Fresno State,Western Athletic,7,45,FALSE,TRUE,Valley Children's Stadium,
2005-11-06,2005,10,regular,Chapman,,San Diego,Pioneer,12,60,FALSE,FALSE,Torero Stadium,
2005-11-06,2005,10,regular,Tulsa,Conference USA,UTEP,Conference USA,38,41,FALSE,TRUE,Sun Bowl,
2005-11-06,2005,10,regular,Stanford,Pac-10,USC,Pac-10,21,51,FALSE,TRUE,Los Angeles Memorial Coliseum,
2005-11-09,2005,11,regular,Southern Miss,Conference USA,Marshall,Conference USA,27,24,FALSE,TRUE,Joan C. Edwards Stadium,
2005-11-10,2005,11,regular,West Virginia,Big East,Cincinnati,Big East,38,0,FALSE,TRUE,Nippert Stadium,
2005-11-11,2005,11,regular,Morgan State,MEAC,South Carolina State,MEAC,15,65,FALSE,TRUE,Oliver C. Dawson Stadium,
2005-11-11,2005,11,regular,Boise State,Western Athletic,Fresno State,Western Athletic,7,27,FALSE,TRUE,Valley Children's Stadium,
2005-11-12,2005,11,regular,Rutgers,Big East,Louisville,Big East,5,56,FALSE,TRUE,L&N Federal Credit Union Stadium,
2005-11-12,2005,11,regular,Pennsylvania,Ivy,Harvard,Ivy,3,29,FALSE,TRUE,Harvard Stadium,
2005-11-12,2005,11,regular,Indiana,Big Ten,Michigan,Big Ten,14,41,FALSE,TRUE,Michigan Stadium,
2005-11-12,2005,11,regular,Michigan State,Big Ten,Minnesota,Big Ten,18,41,FALSE,TRUE,,
2005-11-12,2005,11,regular,Maryland,ACC,North Carolina,ACC,33,30,FALSE,TRUE,Kenan Stadium,
2005-11-12,2005,11,regular,Iona,Metro Atlantic Athletic,New Hampshire,Atlantic 10,0,56,FALSE,FALSE,Wildcat Stadium,
2005-11-12,2005,11,regular,Texas A&M,Big 12,Oklahoma,Big 12,30,36,FALSE,TRUE,"Memorial Stadium (Norman, OK)",
2005-11-12,2005,11,regular,UConn,Big East,Pittsburgh,Big East,0,24,FALSE,TRUE,Acrisure Stadium,
2005-11-12,2005,11,regular,Florida State,ACC,Clemson,ACC,14,35,FALSE,TRUE,"Memorial Stadium (Clemson, SC)",
2005-11-12,2005,11,regular,Massachusetts,Atlantic 10,Army,FBS Independents,27,34,FALSE,FALSE,Michie Stadium,
2005-11-12,2005,11,regular,Norfolk State,MEAC,Delaware State,MEAC,17,38,FALSE,TRUE,Alumni Stadium,
2005-11-12,2005,11,regular,Illinois,Big Ten,Purdue,Big Ten,3,37,FALSE,TRUE,Ross-Ade Stadium,
2005-11-12,2005,11,regular,Northwestern,Big Ten,Ohio State,Big Ten,7,48,FALSE,TRUE,Ohio Stadium,
2005-11-12,2005,11,regular,Davidson,Pioneer,Georgetown,Patriot,10,3,FALSE,FALSE,Cooper Field,
2005-11-12,2005,11,regular,Lafayette,Patriot,Holy Cross,Patriot,41,21,FALSE,TRUE,Fitton Field,
2005-11-12,2005,11,regular,Hofstra,Atlantic 10,Northeastern,Atlantic 10,20,17,TRUE,TRUE,,
2005-11-12,2005,11,regular,Dartmouth,Ivy,Brown,Ivy,14,24,FALSE,TRUE,Brown Stadium,
2005-11-12,2005,11,regular,Wofford,Southern,Furman,Southern,21,34,FALSE,TRUE,Paladin Stadium,
2005-11-12,2005,11,regular,Mansfield University,,Coastal Carolina,Big South,8,71,FALSE,FALSE,Brooks Stadium (SC),
2005-11-12,2005,11,regular,Bucknell,Patriot,Colgate,Patriot,10,16,FALSE,TRUE,Andy Kerr Stadium,
2005-11-12,2005,11,regular,Florida,SEC,South Carolina,SEC,22,30,FALSE,TRUE,Williams-Brice Stadium,
2005-11-12,2005,11,regular,Columbia,Ivy,Cornell,Ivy,7,45,FALSE,TRUE,Schoellkopf Field,
2005-11-12,2005,11,regular,Bethune-Cookman,MEAC,Howard,MEAC,45,16,FALSE,TRUE,William H. Greene Stadium,
2005-11-12,2005,11,regular,Navy,FBS Independents,Notre Dame,FBS Independents,21,42,FALSE,FALSE,Notre Dame Stadium,
2005-11-12,2005,11,regular,Richmond,Atlantic 10,Towson,Atlantic 10,48,21,FALSE,TRUE,Johnny Unitas Stadium,
2005-11-12,2005,11,regular,Yale,Ivy,Princeton,Ivy,21,14,FALSE,TRUE,Princeton University Stadium,
2005-11-12,2005,11,regular,Morehead State,Pioneer,Georgia Southern,Southern,17,63,FALSE,FALSE,Allen E. Paulson Stadium,
2005-11-12,2005,11,regular,Waldorf College,,Drake,Pioneer,0,43,FALSE,FALSE,Drake Stadium,
2005-11-12,2005,11,regular,North Texas,Sun Belt,Florida Atlantic,Sun Belt,23,26,FALSE,TRUE,Hard Rock Stadium,
2005-11-12,2005,11,regular,Lehigh,Patriot,Fordham,Patriot,40,3,TRUE,TRUE,Coffey Field,
2005-11-12,2005,11,regular,Florida A&M,MEAC,Hampton,MEAC,14,34,FALSE,TRUE,Armstrong Stadium,
2005-11-12,2005,11,regular,Buffalo,Mid-American,Kent State,Mid-American,10,6,FALSE,TRUE,Dix Stadium,
2005-11-12,2005,11,regular,St. Peter's,Metro Atlantic Athletic,La Salle,Metro Atlantic Athletic,14,30,TRUE,TRUE,,
2005-11-12,2005,11,regular,UAlbany,NEC,Monmouth,NEC,13,16,TRUE,TRUE,Kessler Field,
2005-11-12,2005,11,regular,Sacred Heart,NEC,Robert Morris,NEC,27,20,FALSE,TRUE,Joe Walton Stadium,
2005-11-12,2005,11,regular,Central Connecticut,NEC,Stony Brook,NEC,21,23,FALSE,TRUE,Kenneth P. LaValle Stadium,
2005-11-12,2005,11,regular,St. Francis (PA),NEC,Wagner,NEC,21,23,FALSE,TRUE,Wagner College Stadium,
2005-11-12,2005,11,regular,Delaware,Atlantic 10,William & Mary,Atlantic 10,22,21,FALSE,TRUE,Zable Stadium,
2005-11-12,2005,11,regular,Western Kentucky,MVFC,Youngstown State,MVFC,10,42,FALSE,TRUE,Stambaugh Stadium,
2005-11-12,2005,11,regular,UT Martin,OVC,Eastern Kentucky,OVC,17,31,FALSE,TRUE,Roy Kidd Stadium,
2005-11-12,2005,11,regular,South Florida,Big East,Syracuse,Big East,27,0,FALSE,TRUE,JMA Wireless Dome,
2005-11-12,2005,11,regular,Villanova,Atlantic 10,James Madison,Atlantic 10,13,28,FALSE,TRUE,Bridgeforth Stadium,
2005-11-12,2005,11,regular,Liberty,Big South,Charleston Southern,Big South,30,31,TRUE,TRUE,,
2005-11-12,2005,11,regular,Gardner-Webb,Big South,Savannah St,FCS Independents,31,21,FALSE,FALSE,Ted Wright Stadium,
2005-11-12,2005,11,regular,Baylor,Big 12,Missouri,Big 12,16,31,FALSE,TRUE,Memorial Stadium,
2005-11-12,2005,11,regular,Arkansas,SEC,Ole Miss,SEC,28,17,FALSE,TRUE,Vaught-Hemingway Stadium,
2005-11-12,2005,11,regular,Kansas State,Big 12,Nebraska,Big 12,25,27,FALSE,TRUE,"Memorial Stadium (Lincoln, NE)",
2005-11-12,2005,11,regular,Texas Tech,Big 12,Oklahoma State,Big 12,17,24,FALSE,TRUE,Boone Pickens Stadium,
2005-11-12,2005,11,regular,Kentucky,SEC,Vanderbilt,SEC,48,43,FALSE,TRUE,FirstBank Stadium,
2005-11-12,2005,11,regular,Rhode Island,Atlantic 10,Maine,Atlantic 10,24,27,FALSE,TRUE,Alfond Stadium,
2005-11-12,2005,11,regular,Valparaiso,Pioneer,Aurora,,13,7,TRUE,FALSE,,
2005-11-12,2005,11,regular,Missouri S&T,,Butler,Pioneer,45,28,FALSE,FALSE,Butler Bowl,
2005-11-12,2005,11,regular,Northwestern State,Southland,McNeese,Southland,17,22,FALSE,TRUE,Cowboy Stadium,
2005-11-12,2005,11,regular,Sam Houston,Southland,Northern Colorado,Great West,3,24,FALSE,FALSE,Nottingham Field,
2005-11-12,2005,11,regular,Jacksonville State,OVC,Samford,OVC,26,20,FALSE,TRUE,Seibert Stadium,
2005-11-12,2005,11,regular,Tennessee State,OVC,Southeast Missouri State,OVC,24,32,TRUE,TRUE,Houck Stadium,
2005-11-12,2005,11,regular,Texas State,Southland,Stephen F. Austin,Southland,38,21,FALSE,TRUE,Homer Bryce Stadium,
2005-11-12,2005,11,regular,Memphis,Conference USA,Tennessee,SEC,16,20,FALSE,FALSE,Neyland Stadium,
2005-11-12,2005,11,regular,Elon,Southern,The Citadel,Southern,0,21,FALSE,TRUE,Johnson Hagood Stadium,
2005-11-12,2005,11,regular,Central Michigan,Mid-American,Western Michigan,Mid-American,24,31,FALSE,TRUE,Waldo Stadium,
2005-11-12,2005,11,regular,Missouri State,MVFC,Western Illinois,MVFC,24,34,FALSE,TRUE,Hanson Field,
2005-11-12,2005,11,regular,Tennessee Tech,OVC,Eastern Illinois,OVC,20,31,FALSE,TRUE,O'Brien Stadium,
2005-11-12,2005,11,regular,Indiana State,MVFC,Illinois State,MVFC,28,70,FALSE,TRUE,Hancock Stadium,
2005-11-12,2005,11,regular,San Diego State,Mountain West,Colorado State,Mountain West,30,10,FALSE,TRUE,Sonny Lubick Field at Hughes Stadium,
2005-11-12,2005,11,regular,East Carolina,Conference USA,Tulsa,Conference USA,13,45,FALSE,TRUE,,
2005-11-12,2005,11,regular,Tulane,Conference USA,Rice,Conference USA,34,42,FALSE,TRUE,Rice Stadium,
2005-11-12,2005,11,regular,UL Monroe,Sun Belt,Middle Tennessee,Sun Belt,34,31,FALSE,TRUE,"Johnny ""Red"" Floyd Stadium",
2005-11-12,2005,11,regular,USC,Pac-10,California,Pac-10,35,10,FALSE,TRUE,California Memorial Stadium,
2005-11-12,2005,11,regular,Miami,ACC,Wake Forest,ACC,47,17,FALSE,TRUE,Allegacy Federal Credit Union Stadium,
2005-11-12,2005,11,regular,Kansas,Big 12,Texas,Big 12,14,66,FALSE,TRUE,DKR-Texas Memorial Stadium,
2005-11-12,2005,11,regular,Georgia Tech,ACC,Virginia,ACC,17,27,FALSE,TRUE,Scott Stadium,
2005-11-12,2005,11,regular,Iowa,Big Ten,Wisconsin,Big Ten,20,10,FALSE,TRUE,Camp Randall Stadium,
2005-11-12,2005,11,regular,LSU,SEC,Alabama,SEC,16,13,FALSE,TRUE,Bryant-Denny Stadium,
2005-11-12,2005,11,regular,Western Carolina,Southern,App State,Southern,7,35,FALSE,TRUE,Kidd Brewer Stadium,
2005-11-12,2005,11,regular,UCF,Conference USA,UAB,Conference USA,27,21,FALSE,TRUE,Legion Field,
2005-11-12,2005,11,regular,Austin Peay,Pioneer,Murray State,OVC,6,42,FALSE,FALSE,Roy Stewart Stadium,
2005-11-12,2005,11,regular,Nevada,Western Athletic,New Mexico State,Western Athletic,48,24,FALSE,TRUE,Aggie Memorial Stadium,
2005-11-12,2005,11,regular,Marist,Metro Atlantic Athletic,San Diego,Pioneer,35,42,FALSE,FALSE,Torero Stadium,
2005-11-12,2005,11,regular,Louisiana Tech,Western Athletic,Idaho,Western Athletic,41,38,FALSE,TRUE,Kibbie Dome,
2005-11-12,2005,11,regular,Idaho State,Big Sky,Northern Arizona,Big Sky,28,42,TRUE,TRUE,,
2005-11-12,2005,11,regular,Jacksonville,Pioneer,Webber International,,36,42,TRUE,FALSE,,
2005-11-12,2005,11,regular,Montana State,Big Sky,Eastern Washington,Big Sky,14,35,FALSE,TRUE,Roos Field,
2005-11-12,2005,11,regular,Washington,Pac-10,Arizona,Pac-10,38,14,FALSE,TRUE,Arizona Stadium,
2005-11-12,2005,11,regular,Ball State,Mid-American,Eastern Michigan,Mid-American,26,25,FALSE,TRUE,Rynearson Stadium,
2005-11-12,2005,11,regular,Weber State,Big Sky,Portland State,Big Sky,14,39,TRUE,TRUE,,
2005-11-12,2005,11,regular,BYU,Mountain West,Wyoming,Mountain West,35,21,FALSE,TRUE,,
2005-11-12,2005,11,regular,Southern Illinois,MVFC,Northern Iowa,MVFC,24,25,FALSE,TRUE,UNI-Dome,
2005-11-12,2005,11,regular,Stanford,Pac-10,Oregon State,Pac-10,20,17,FALSE,TRUE,Reser Stadium,
2005-11-12,2005,11,regular,New Mexico,Mountain West,Utah,Mountain West,31,27,FALSE,TRUE,Rice-Eccles Stadium,
2005-11-13,2005,11,regular,Arizona State,Pac-10,UCLA,Pac-10,35,45,FALSE,TRUE,Rose Bowl,
2005-11-13,2005,11,regular,Colorado,Big 12,Iowa State,Big 12,16,30,FALSE,TRUE,Jack Trice Stadium,
2005-11-13,2005,11,regular,Florida International,Sun Belt,Louisiana,Sun Belt,7,28,FALSE,TRUE,Cajun Field,
2005-11-13,2005,11,regular,Troy,Sun Belt,Arkansas State,Sun Belt,3,9,FALSE,TRUE,,
2005-11-13,2005,11,regular,South Dakota State,Great West,North Dakota State,Great West,17,41,FALSE,TRUE,Fargodome,
2005-11-13,2005,11,regular,Nicholls,Southland,SE Louisiana,Southland,38,28,FALSE,TRUE,Strawberry Stadium,
2005-11-13,2005,11,regular,UNLV,Mountain West,TCU,Mountain West,3,51,FALSE,TRUE,Amon G. Carter Stadium,
2005-11-13,2005,11,regular,Montana,Big Sky,Sacramento State,Big Sky,31,14,FALSE,TRUE,Hornet Stadium,
2005-11-13,2005,11,regular,NC State,ACC,Boston College,ACC,10,30,FALSE,TRUE,"Alumni Stadium (Chestnut Hill, MA)",
2005-11-13,2005,11,regular,Auburn,SEC,Georgia,SEC,31,30,FALSE,TRUE,Sanford Stadium,
2005-11-13,2005,11,regular,Southern Utah,Great West,Cal Poly,Great West,10,20,FALSE,TRUE,Alex G. Spanos Stadium,
2005-11-13,2005,11,regular,Texas Southern,SWAC,UTEP,Conference USA,0,45,FALSE,FALSE,Sun Bowl,
2005-11-13,2005,11,regular,Oregon,Pac-10,Washington State,Pac-10,34,31,FALSE,TRUE,Gesa Field,
2005-11-13,2005,11,regular,Utah State,Western Athletic,Hawai'i,Western Athletic,23,50,FALSE,TRUE,Aloha Stadium,
2005-11-13,2005,11,regular,Southern Miss,Conference USA,Houston,Conference USA,24,27,FALSE,TRUE,Robertson Stadium,
2005-11-16,2005,12,regular,Bowling Green,Mid-American,Miami (OH),Mid-American,42,14,FALSE,TRUE,Yager Stadium,
2005-11-16,2005,12,regular,Ohio,Mid-American,Akron,Mid-American,3,27,FALSE,TRUE,,
2005-11-17,2005,12,regular,Northern Illinois,Mid-American,Toledo,Mid-American,35,17,FALSE,TRUE,Glass Bowl,
2005-11-18,2005,12,regular,Stephen F. Austin,Southland,Northwestern State,Southland,21,41,FALSE,TRUE,Harry Turpin Stadium,
2005-11-18,2005,12,regular,Murray State,OVC,UT Martin,OVC,20,49,FALSE,TRUE,Graham Stadium,
2005-11-19,2005,12,regular,Cincinnati,Big East,South Florida,Big East,16,31,FALSE,TRUE,Raymond James Stadium,
2005-11-19,2005,12,regular,Boston College,ACC,Maryland,ACC,31,16,FALSE,TRUE,SECU Stadium,
2005-11-19,2005,12,regular,Maine,Atlantic 10,New Hampshire,Atlantic 10,47,59,FALSE,TRUE,Wildcat Stadium,
2005-11-19,2005,12,regular,Brown,Ivy,Columbia,Ivy,52,21,FALSE,TRUE,Lawrence A. Wien Stadium,
2005-11-19,2005,12,regular,Cornell,Ivy,Pennsylvania,Ivy,16,7,FALSE,TRUE,Franklin Field,
2005-11-19,2005,12,regular,Northeastern,Atlantic 10,Rhode Island,Atlantic 10,17,14,FALSE,TRUE,Meade Stadium,
2005-11-19,2005,12,regular,Virginia Tech,ACC,Virginia,ACC,52,14,FALSE,TRUE,Scott Stadium,
2005-11-19,2005,12,regular,Arkansas State,Sun Belt,Army,FBS Independents,10,38,FALSE,FALSE,Michie Stadium,
2005-11-19,2005,12,regular,Northwestern,Big Ten,Illinois,Big Ten,38,21,FALSE,TRUE,"Memorial Stadium (Champaign, IL)",
2005-11-19,2005,12,regular,Central Michigan,Mid-American,Ball State,Mid-American,31,24,FALSE,TRUE,Scheumann Stadium,
2005-11-19,2005,12,regular,Howard,MEAC,Delaware State,MEAC,7,23,FALSE,TRUE,Alumni Stadium,
2005-11-19,2005,12,regular,Wofford,Southern,Gardner-Webb,Big South,56,42,FALSE,FALSE,Ernest W. Spangler Stadium,
2005-11-19,2005,12,regular,Minnesota,Big Ten,Iowa,Big Ten,28,52,FALSE,TRUE,Kinnick Stadium,
2005-11-19,2005,12,regular,Northeastern,Atlantic 10,Rhodes College,,17,14,TRUE,FALSE,Meade Stadium,
2005-11-19,2005,12,regular,Oklahoma,Big 12,Texas Tech,Big 12,21,23,FALSE,TRUE,Jones AT&T Stadium,
2005-11-19,2005,12,regular,Harvard,Ivy,Yale,Ivy,30,24,FALSE,TRUE,Yale Bowl,
2005-11-19,2005,12,regular,Colgate,Patriot,Georgetown,Patriot,34,7,FALSE,TRUE,Cooper Field,
2005-11-19,2005,12,regular,Kentucky,SEC,Georgia,SEC,13,45,FALSE,TRUE,Sanford Stadium,
2005-11-19,2005,12,regular,Princeton,Ivy,Dartmouth,Ivy,30,0,FALSE,TRUE,Memorial Field,
2005-11-19,2005,12,regular,Coastal Carolina,Big South,Charleston Southern,Big South,27,34,TRUE,TRUE,,
2005-11-19,2005,12,regular,Lafayette,Patriot,Lehigh,Patriot,23,19,FALSE,TRUE,Goodman Stadium,
2005-11-19,2005,12,regular,Vanderbilt,SEC,Tennessee,SEC,28,24,FALSE,TRUE,Neyland Stadium,
2005-11-19,2005,12,regular,Purdue,Big Ten,Indiana,Big Ten,41,14,FALSE,TRUE,"Memorial Stadium (Bloomington, IN)",
2005-11-19,2005,12,regular,Ohio State,Big Ten,Michigan,Big Ten,25,21,FALSE,TRUE,Michigan Stadium,
2005-11-19,2005,12,regular,Middle Tennessee,Sun Belt,NC State,ACC,3,24,FALSE,FALSE,Carter-Finley Stadium,
2005-11-19,2005,12,regular,Duke,ACC,North Carolina,ACC,21,24,FALSE,TRUE,Kenan Stadium,
2005-11-19,2005,12,regular,Delaware,Atlantic 10,Villanova,Atlantic 10,38,13,FALSE,TRUE,Villanova Stadium,
2005-11-19,2005,12,regular,William & Mary,Atlantic 10,Richmond,Atlantic 10,7,41,TRUE,TRUE,,
2005-11-19,2005,12,regular,Holy Cross,Patriot,Bucknell,Patriot,51,33,FALSE,TRUE,Christy Mathewson-Memorial Stadium,
2005-11-19,2005,12,regular,UAlbany,NEC,Fordham,Patriot,41,0,TRUE,FALSE,Coffey Field,
2005-11-19,2005,12,regular,Savannah St,FCS Independents,Hampton,MEAC,6,44,FALSE,FALSE,Armstrong Stadium,
2005-11-19,2005,12,regular,Massachusetts,Atlantic 10,Hofstra,Atlantic 10,10,21,TRUE,TRUE,,
2005-11-19,2005,12,regular,Stony Brook,NEC,Marist,Metro Atlantic Athletic,28,30,FALSE,FALSE,Leonidoff Field,
2005-11-19,2005,12,regular,Liberty,Big South,Norfolk State,MEAC,17,34,FALSE,FALSE,"William Dick"""" Price Stadium""""",
2005-11-19,2005,12,regular,Duquesne,Metro Atlantic Athletic,St. Francis (PA),NEC,44,17,TRUE,FALSE,,
2005-11-19,2005,12,regular,The Citadel,Southern,VMI,Big South,22,14,FALSE,FALSE,Alumni Memorial Field,
2005-11-19,2005,12,regular,Towson,Atlantic 10,James Madison,Atlantic 10,14,55,FALSE,TRUE,Bridgeforth Stadium,
2005-11-19,2005,12,regular,Eastern Michigan,Mid-American,Buffalo,Mid-American,38,14,FALSE,TRUE,UB Stadium,
2005-11-19,2005,12,regular,Temple,FBS Independents,Navy,FBS Independents,17,38,FALSE,FALSE,Navy-Marine Corps Memorial Stadium,
2005-11-19,2005,12,regular,Mississippi State,SEC,Arkansas,SEC,10,44,FALSE,TRUE,,
2005-11-19,2005,12,regular,Eastern Illinois,OVC,Jacksonville State,OVC,10,6,FALSE,TRUE,AmFirst Stadium,
2005-11-19,2005,12,regular,Oklahoma State,Big 12,Baylor,Big 12,34,44,FALSE,TRUE,Floyd Casey Stadium,
2005-11-19,2005,12,regular,SE Louisiana,Southland,Mississippi Valley State,SWAC,38,21,TRUE,FALSE,,
2005-11-19,2005,12,regular,North Carolina A&T,MEAC,South Carolina State,MEAC,27,43,TRUE,TRUE,,
2005-11-19,2005,12,regular,Northern Colorado,Great West,South Dakota State,Great West,14,30,TRUE,TRUE,Coughlin-Alumni Stadium,
2005-11-19,2005,12,regular,Southeast Missouri State,OVC,Tennessee Tech,OVC,24,31,FALSE,TRUE,Tucker Stadium,
2005-11-19,2005,12,regular,Tulsa,Conference USA,Tulane,Conference USA,38,14,FALSE,TRUE,Malone Stadium,
2005-11-19,2005,12,regular,Montana,Big Sky,Montana State,Big Sky,6,16,FALSE,TRUE,Bobcat Stadium,
2005-11-19,2005,12,regular,Missouri,Big 12,Kansas State,Big 12,28,36,FALSE,TRUE,Bill Snyder Family Stadium,
2005-11-19,2005,12,regular,Syracuse,Big East,Notre Dame,FBS Independents,10,34,FALSE,FALSE,Notre Dame Stadium,
2005-11-19,2005,12,regular,Air Force,Mountain West,New Mexico,Mountain West,42,24,FALSE,TRUE,University Stadium (NM),
2005-11-19,2005,12,regular,UCF,Conference USA,Rice,Conference USA,31,28,FALSE,TRUE,Rice Stadium,
2005-11-19,2005,12,regular,Utah,Mountain West,BYU,Mountain West,41,34,FALSE,TRUE,LaVell Edwards Stadium,
2005-11-19,2005,12,regular,McNeese,Southland,Nicholls,Southland,26,39,FALSE,TRUE,Manning Field at John L. Guidry Stadium,
2005-11-19,2005,12,regular,Idaho,Western Athletic,Boise State,Western Athletic,35,70,FALSE,TRUE,Albertsons Stadium,
2005-11-19,2005,12,regular,Weber State,Big Sky,Southern Utah,Great West,27,10,FALSE,FALSE,Eccles Coliseum,
2005-11-19,2005,12,regular,Nevada,Western Athletic,Utah State,Western Athletic,30,24,FALSE,TRUE,Maverik Stadium,
2005-11-19,2005,12,regular,Washington State,Pac-10,Washington,Pac-10,26,22,FALSE,TRUE,,
2005-11-19,2005,12,regular,Alabama,SEC,Auburn,SEC,18,28,FALSE,TRUE,Jordan-Hare Stadium,
2005-11-19,2005,12,regular,Furman,Southern,Chattanooga,Southern,56,35,FALSE,TRUE,Finley Stadium,
2005-11-19,2005,12,regular,Eastern Kentucky,OVC,Tennessee State,OVC,49,0,FALSE,TRUE,Nissan Stadium,
2005-11-19,2005,12,regular,North Dakota State,Great West,Southern Illinois,MVFC,0,9,TRUE,FALSE,,
2005-11-19,2005,12,regular,Penn State,Big Ten,Michigan State,Big Ten,31,22,FALSE,TRUE,Spartan Stadium,
2005-11-19,2005,12,regular,Sam Houston,Southland,Texas State,Southland,23,26,TRUE,TRUE,Bobcat Stadium,
2005-11-19,2005,12,regular,Florida A&M,MEAC,Bethune-Cookman,MEAC,26,23,FALSE,TRUE,Municipal Stadium,
2005-11-19,2005,12,regular,Colorado State,Mountain West,UNLV,Mountain West,31,27,FALSE,TRUE,Sam Boyd Stadium,
2005-11-19,2005,12,regular,East Carolina,Conference USA,Marshall,Conference USA,34,29,FALSE,TRUE,Joan C. Edwards Stadium,
2005-11-19,2005,12,regular,UC Davis,Great West,Eastern Washington,Big Sky,7,24,FALSE,FALSE,Roos Field,
2005-11-19,2005,12,regular,New Mexico State,Western Athletic,San José State,Western Athletic,10,27,FALSE,TRUE,CEFCU Stadium,
2005-11-19,2005,12,regular,SMU,Conference USA,Houston,Conference USA,29,24,FALSE,TRUE,Robertson Stadium,
2005-11-19,2005,12,regular,App State,Southern,Elon,Southern,52,14,FALSE,TRUE,Rhodes Stadium,
2005-11-19,2005,12,regular,Western Kentucky,MVFC,Florida International,Sun Belt,35,38,FALSE,FALSE,FIU Stadium,
2005-11-19,2005,12,regular,Northern Arizona,Big Sky,Northern Iowa,MVFC,17,41,FALSE,FALSE,UNI-Dome,
2005-11-19,2005,12,regular,UAB,Conference USA,UTEP,Conference USA,35,23,FALSE,TRUE,Sun Bowl,
2005-11-19,2005,12,regular,Oregon State,Pac-10,Oregon,Pac-10,14,56,FALSE,TRUE,Autzen Stadium,
2005-11-20,2005,12,regular,California,Pac-10,Stanford,Pac-10,27,3,FALSE,TRUE,Stanford Stadium,
2005-11-20,2005,12,regular,UL Monroe,Sun Belt,North Texas,Sun Belt,24,19,FALSE,TRUE,,
2005-11-20,2005,12,regular,Morehead State,Pioneer,San Diego,Pioneer,40,47,FALSE,TRUE,Torero Stadium,
2005-11-20,2005,12,regular,Clemson,ACC,South Carolina,SEC,13,9,FALSE,FALSE,Williams-Brice Stadium,
2005-11-20,2005,12,regular,LSU,SEC,Ole Miss,SEC,40,7,FALSE,TRUE,Vaught-Hemingway Stadium,
2005-11-20,2005,12,regular,Georgia Tech,ACC,Miami,ACC,14,10,FALSE,TRUE,,
2005-11-20,2005,12,regular,Wyoming,Mountain West,San Diego State,Mountain West,21,34,FALSE,TRUE,Qualcomm Stadium,
2005-11-20,2005,12,regular,Memphis,Conference USA,Southern Miss,Conference USA,24,22,FALSE,TRUE,M. M. Roberts Stadium,
2005-11-20,2005,12,regular,Idaho State,Big Sky,Cal Poly,Great West,10,35,FALSE,FALSE,Alex G. Spanos Stadium,
2005-11-20,2005,12,regular,Fresno State,Western Athletic,USC,Pac-10,42,50,FALSE,FALSE,Los Angeles Memorial Coliseum,
2005-11-22,2005,13,regular,Miami (OH),Mid-American,Ohio,Mid-American,38,7,FALSE,TRUE,Peden Stadium,
2005-11-23,2005,13,regular,Toledo,Mid-American,Bowling Green,Mid-American,44,41,FALSE,TRUE,Doyt L. Perry Stadium,
2005-11-23,2005,13,regular,Western Michigan,Mid-American,Northern Illinois,Mid-American,7,42,FALSE,TRUE,Huskie Stadium,
2005-11-24,2005,13,regular,Kent State,Mid-American,Akron,Mid-American,3,35,FALSE,TRUE,,
2005-11-25,2005,13,regular,Pittsburgh,Big East,West Virginia,Big East,13,45,FALSE,TRUE,Milan Puskar Stadium,
2005-11-25,2005,13,regular,Texas,Big 12,Texas A&M,Big 12,40,29,FALSE,TRUE,Kyle Field,
2005-11-25,2005,13,regular,Arkansas,SEC,LSU,SEC,17,19,FALSE,TRUE,Tiger Stadium (LA),
2005-11-25,2005,13,regular,Arizona,Pac-10,Arizona State,Pac-10,20,23,FALSE,TRUE,Mountain America Stadium,
2005-11-25,2005,13,regular,Nebraska,Big 12,Colorado,Big 12,30,3,FALSE,TRUE,Folsom Field,
2005-11-26,2005,13,regular,Wisconsin,Big Ten,Hawai'i,Western Athletic,41,24,FALSE,FALSE,Aloha Stadium,
2005-11-26,2005,13,regular,UAB,Conference USA,East Carolina,Conference USA,23,31,FALSE,TRUE,Dowdy-Ficklen Stadium,
2005-11-26,2005,13,regular,Maryland,ACC,NC State,ACC,14,20,FALSE,TRUE,Carter-Finley Stadium,
2005-11-26,2005,13,regular,Colgate,Patriot,New Hampshire,Atlantic 10,21,55,FALSE,FALSE,Wildcat Stadium,IAA PLAYOFFS
2005-11-26,2005,13,regular,Tennessee,SEC,Kentucky,SEC,27,8,FALSE,TRUE,Kroger Field,
2005-11-26,2005,13,regular,Nicholls,Southland,Furman,Southern,12,14,FALSE,FALSE,Paladin Stadium,IAA PLAYOFFS
2005-11-26,2005,13,regular,Iowa State,Big 12,Kansas,Big 12,21,24,FALSE,TRUE,Memorial Stadium,
2005-11-26,2005,13,regular,Cincinnati,Big East,Rutgers,Big East,9,44,FALSE,TRUE,High Point Solutions Stadium,
2005-11-26,2005,13,regular,Marshall,Conference USA,Memphis,Conference USA,3,26,FALSE,TRUE,Simmons Bank Liberty Stadium,
2005-11-26,2005,13,regular,Arkansas State,Sun Belt,North Texas,Sun Belt,31,24,FALSE,TRUE,,
2005-11-26,2005,13,regular,Lafayette,Patriot,App State,Southern,23,34,FALSE,FALSE,Kidd Brewer Stadium,IAA PLAYOFFS
2005-11-26,2005,13,regular,Southern Illinois,MVFC,Eastern Illinois,OVC,21,6,FALSE,FALSE,O'Brien Stadium,IAA PLAYOFFS
2005-11-26,2005,13,regular,Boise State,Western Athletic,Louisiana Tech,Western Athletic,30,13,FALSE,TRUE,Joe Aillet Stadium,
2005-11-26,2005,13,regular,Cal Poly,Great West,Montana,Big Sky,35,21,FALSE,FALSE,Washington-Grizzly Stadium,IAA PLAYOFFS
2005-11-26,2005,13,regular,Ole Miss,SEC,Mississippi State,SEC,14,35,FALSE,TRUE,Davis Wade Stadium,
2005-11-26,2005,13,regular,UTEP,Conference USA,SMU,Conference USA,27,40,FALSE,TRUE,Gerald J. Ford Stadium,
2005-11-26,2005,13,regular,Tulane,Conference USA,Southern Miss,Conference USA,7,26,FALSE,TRUE,M. M. Roberts Stadium,
2005-11-26,2005,13,regular,South Florida,Big East,UConn,Big East,10,15,FALSE,TRUE,Pratt & Whitney Stadium,
2005-11-26,2005,13,regular,Florida State,ACC,Florida,SEC,7,34,FALSE,FALSE,Ben Hill Griffin Stadium,
2005-11-26,2005,13,regular,Syracuse,Big East,Louisville,Big East,17,41,FALSE,TRUE,L&N Federal Credit Union Stadium,
2005-11-26,2005,13,regular,Oklahoma State,Big 12,Oklahoma,Big 12,14,42,FALSE,TRUE,"Memorial Stadium (Norman, OK)",
2005-11-26,2005,13,regular,Georgia Southern,Southern,Texas State,Southland,35,50,TRUE,FALSE,Bobcat Stadium,IAA PLAYOFFS
2005-11-26,2005,13,regular,Virginia,ACC,Miami,ACC,17,25,FALSE,TRUE,,
2005-11-26,2005,13,regular,Louisiana,Sun Belt,UL Monroe,Sun Belt,54,21,FALSE,TRUE,Malone Stadium,
2005-11-26,2005,13,regular,Utah State,Western Athletic,New Mexico State,Western Athletic,24,21,FALSE,TRUE,Aggie Memorial Stadium,
2005-11-26,2005,13,regular,Rice,Conference USA,Houston,Conference USA,18,35,FALSE,TRUE,Robertson Stadium,
2005-11-26,2005,13,regular,Northern Colorado,Great West,UC Davis,Great West,14,24,FALSE,TRUE,Aggie Stadium,
2005-11-26,2005,13,regular,Idaho,Western Athletic,San José State,Western Athletic,18,26,FALSE,TRUE,CEFCU Stadium,
2005-11-26,2005,13,regular,Florida International,Sun Belt,Florida Atlantic,Sun Belt,52,6,FALSE,TRUE,,
2005-11-27,2005,13,regular,Middle Tennessee,Sun Belt,Troy,Sun Belt,17,7,FALSE,TRUE,Veterans Memorial Stadium (AL),
2005-11-27,2005,13,regular,Fresno State,Western Athletic,Nevada,Western Athletic,35,38,FALSE,TRUE,Mackay Stadium,
2005-11-27,2005,13,regular,North Carolina,ACC,Virginia Tech,ACC,3,30,FALSE,TRUE,Lane Stadium,
2005-11-27,2005,13,regular,Notre Dame,FBS Independents,Stanford,Pac-10,38,31,FALSE,FALSE,Stanford Stadium,
2005-11-27,2005,13,regular,Georgia,SEC,Georgia Tech,ACC,14,7,FALSE,FALSE,Bobby Dodd Stadium,
2005-11-27,2005,13,regular,Richmond,Atlantic 10,Hampton,MEAC,38,10,FALSE,FALSE,Armstrong Stadium,IAA PLAYOFFS
2005-11-27,2005,13,regular,Eastern Washington,Big Sky,Northern Iowa,MVFC,38,41,FALSE,FALSE,UNI-Dome,IAA PLAYOFFS
2005-12-02,2005,14,regular,Akron,Mid-American,Northern Illinois,Mid-American,31,30,FALSE,TRUE,,
2005-12-03,2005,14,regular,Louisiana Tech,Western Athletic,Fresno State,Western Athletic,40,28,FALSE,TRUE,Valley Children's Stadium,
2005-12-03,2005,14,regular,Northern Iowa,MVFC,New Hampshire,Atlantic 10,24,21,FALSE,FALSE,Wildcat Stadium,IAA PLAYOFFS
2005-12-03,2005,14,regular,Tulsa,Conference USA,UCF,Conference USA,44,27,FALSE,TRUE,,
2005-12-03,2005,14,regular,Texas,Big 12,Colorado,Big 12,70,3,FALSE,TRUE,,
2005-12-03,2005,14,regular,Navy,FBS Independents,Army,FBS Independents,42,23,FALSE,FALSE,Lincoln Financial Field,
2005-12-03,2005,14,regular,Southern Illinois,MVFC,App State,Southern,24,38,FALSE,FALSE,Kidd Brewer Stadium,IAA PLAYOFFS
2005-12-03,2005,14,regular,Cal Poly,Great West,Texas State,Southland,7,14,TRUE,FALSE,Bobcat Stadium,IAA PLAYOFFS
2005-12-03,2005,14,regular,UCLA,Pac-10,USC,Pac-10,19,66,FALSE,TRUE,Los Angeles Memorial Coliseum,
2005-12-03,2005,14,regular,Georgia,SEC,LSU,SEC,34,14,FALSE,TRUE,Georgia Dome,
2005-12-03,2005,14,regular,Furman,Southern,Richmond,Atlantic 10,24,20,TRUE,FALSE,,IAA PLAYOFFS
2005-12-04,2005,14,regular,Middle Tennessee,Sun Belt,Florida International,Sun Belt,31,35,FALSE,TRUE,FIU Stadium,
2005-12-04,2005,14,regular,West Virginia,Big East,South Florida,Big East,28,13,FALSE,TRUE,Raymond James Stadium,
2005-12-04,2005,14,regular,Louisville,Big East,UConn,Big East,30,20,FALSE,TRUE,Pratt & Whitney Stadium,
2005-12-04,2005,14,regular,Virginia Tech,ACC,Florida State,ACC,22,27,FALSE,TRUE,,
2005-12-04,2005,14,regular,San Diego State,Mountain West,Hawai'i,Western Athletic,38,49,FALSE,FALSE,Aloha Stadium,
2005-12-21,2005,1,postseason,Southern Miss,Conference USA,Arkansas State,Sun Belt,31,19,TRUE,FALSE,,
2005-12-22,2005,1,postseason,Toledo,Mid-American,UTEP,Conference USA,45,13,TRUE,FALSE,Ladd Peebles Stadium,
2005-12-23,2005,1,postseason,BYU,Mountain West,California,Pac-10,28,35,TRUE,TRUE,Sam Boyd Stadium,
2005-12-23,2005,1,postseason,Colorado State,Mountain West,Navy,FBS Independents,30,51,TRUE,FALSE,Qualcomm Stadium,
2005-12-24,2005,1,postseason,Kansas,Big 12,Houston,Conference USA,42,13,TRUE,FALSE,Amon G. Carter Stadium,
2005-12-25,2005,1,postseason,Nevada,Western Athletic,UCF,Conference USA,49,48,TRUE,FALSE,Aloha Stadium,
2005-12-26,2005,1,postseason,Memphis,Conference USA,Akron,Mid-American,38,31,TRUE,FALSE,,
2005-12-27,2005,1,postseason,Clemson,ACC,Colorado,Big 12,19,10,TRUE,FALSE,,
2005-12-28,2005,1,postseason,Arizona State,Pac-10,Rutgers,Big East,45,40,TRUE,FALSE,Case Field,
2005-12-28,2005,1,postseason,Boise State,Western Athletic,Boston College,ACC,21,27,TRUE,FALSE,Albertsons Stadium,
2005-12-29,2005,1,postseason,Michigan,Big Ten,Nebraska,Big 12,28,32,TRUE,FALSE,Alamodome,
2005-12-29,2005,1,postseason,Georgia Tech,ACC,Utah,Mountain West,10,38,TRUE,FALSE,,
2005-12-30,2005,1,postseason,Oregon,Pac-10,Oklahoma,Big 12,14,17,TRUE,FALSE,Qualcomm Stadium,
2005-12-30,2005,1,postseason,Virginia,ACC,Minnesota,Big Ten,34,31,TRUE,FALSE,Nissan Stadium,
2005-12-30,2005,1,postseason,Northwestern,Big Ten,UCLA,Pac-10,38,50,TRUE,TRUE,Sun Bowl,
2005-12-30,2005,1,postseason,South Carolina,SEC,Missouri,Big 12,31,38,TRUE,FALSE,,
2005-12-31,2005,1,postseason,Miami,ACC,LSU,SEC,3,40,TRUE,FALSE,Georgia Dome,
2005-12-31,2005,1,postseason,South Florida,Big East,NC State,ACC,0,14,TRUE,FALSE,,
2005-12-31,2005,1,postseason,Fresno State,Western Athletic,Tulsa,Conference USA,24,31,TRUE,FALSE,Simmons Bank Liberty Stadium,
2005-12-31,2005,1,postseason,TCU,Mountain West,Iowa State,Big 12,27,24,TRUE,FALSE,,
2006-01-02,2005,1,postseason,Iowa,Big Ten,Florida,SEC,24,31,TRUE,FALSE,Raymond James Stadium,Outback Bowl
2006-01-02,2005,1,postseason,Texas Tech,Big 12,Alabama,SEC,10,13,TRUE,FALSE,,AT&T Cotton Bowl
2006-01-02,2005,1,postseason,Louisville,Big East,Virginia Tech,ACC,24,35,TRUE,FALSE,,Toyota Gator Bowl
2006-01-02,2005,1,postseason,Wisconsin,Big Ten,Auburn,SEC,24,10,TRUE,FALSE,,Capital One Bowl
2006-01-02,2005,1,postseason,Notre Dame,FBS Independents,Ohio State,Big Ten,20,34,TRUE,FALSE,Mountain America Stadium,Tostitos Fiesta Bowl
2006-01-03,2005,1,postseason,West Virginia,Big East,Georgia,SEC,38,35,TRUE,FALSE,Georgia Dome,Nokia Sugar Bowl
2006-01-04,2005,1,postseason,Penn State,Big Ten,Florida State,ACC,26,23,TRUE,FALSE,,FedEx Orange Bowl
2006-01-05,2005,1,postseason,USC,Pac-10,Texas,Big 12,38,41,TRUE,FALSE,Rose Bowl,The Rose Bowl Game presented by Citi