date,season,week,season_type,away_team,away_conference,home_team,home_conference,away_points,home_points,neutral,conference_game,venue,notes
2006-08-26,2006,1,regular,Winston-Salem,FCS Independents,Catawba,,7,21,TRUE,FALSE,,
2006-08-31,2006,1,regular,Boston College,ACC,Central Michigan,Mid-American,31,24,FALSE,FALSE,Kelly/Shorts Stadium,
2006-08-31,2006,1,regular,Stephen F. Austin,Southland,Tulsa,Conference USA,7,45,TRUE,FALSE,,
2006-08-31,2006,1,regular,Temple,FBS Independents,Buffalo,Mid-American,3,9,FALSE,FALSE,UB Stadium,
2006-08-31,2006,1,regular,Wagner,NEC,La Salle,Metro Atlantic Athletic,38,15,TRUE,FALSE,,
2006-08-31,2006,1,regular,St. Paul's College,,Liberty,Big South,0,27,FALSE,FALSE,Williams Stadium (VA),
2006-08-31,2006,1,regular,Florida International,Sun Belt,Middle Tennessee,Sun Belt,6,7,FALSE,TRUE,"Johnny ""Red"" Floyd Stadium",
2006-08-31,2006,1,regular,Southern Arkansas,,Nicholls,Southland,0,35,FALSE,FALSE,Manning Field at John L. Guidry Stadium,
2006-08-31,2006,1,regular,Hofstra,Atlantic 10,Stony Brook,NEC,17,8,FALSE,FALSE,Kenneth P. LaValle Stadium,
2006-08-31,2006,1,regular,Chowan,,Western Carolina,Southern,0,42,FALSE,FALSE,E. J. Whitmire Stadium,
2006-08-31,2006,1,regular,Morehead State,Pioneer,Western Illinois,MVFC,6,31,FALSE,FALSE,Hanson Field,
2006-08-31,2006,1,regular,Rhode Island,Atlantic 10,UConn,Big East,7,52,FALSE,FALSE,Pratt & Whitney Stadium,
2006-08-31,2006,1,regular,Northwestern,Big Ten,Miami (OH),Mid-American,21,3,FALSE,FALSE,Yager Stadium,
2006-08-31,2006,1,regular,Eastern Michigan,Mid-American,Ball State,Mid-American,20,38,FALSE,TRUE,Scheumann Stadium,
2006-08-31,2006,1,regular,Minnesota,Big Ten,Kent State,Mid-American,44,0,FALSE,FALSE,Dix Stadium,
2006-08-31,2006,1,regular,Slippery Rock,,Youngstown State,MVFC,21,51,FALSE,FALSE,Stambaugh Stadium,
2006-09-01,2006,1,regular,Toledo,Mid-American,Iowa State,Big 12,43,45,FALSE,FALSE,Jack Trice Stadium,
2006-09-01,2006,1,regular,Lock Haven University,,Southern Illinois,MVFC,0,49,TRUE,FALSE,,
2006-09-01,2006,1,regular,South Carolina,SEC,Mississippi State,SEC,15,0,FALSE,TRUE,Davis Wade Stadium,
2006-09-01,2006,1,regular,Henderson State,,Central Arkansas,FCS Independents,6,39,TRUE,FALSE,,AT LITTLE ROCK AR
2006-09-01,2006,1,regular,Northern Iowa,MVFC,Drake,Pioneer,48,7,FALSE,FALSE,Drake Stadium,
2006-09-01,2006,1,regular,Alcorn State,SWAC,UL Monroe,Sun Belt,6,24,FALSE,FALSE,Malone Stadium,
2006-09-01,2006,1,regular,Miles College,,Samford,OVC,7,37,FALSE,FALSE,Seibert Stadium,
2006-09-01,2006,1,regular,Chattanooga,Southern,Tennessee Tech,OVC,31,7,FALSE,FALSE,Tucker Stadium,
2006-09-01,2006,1,regular,Sacramento State,Big Sky,Boise State,Western Athletic,0,45,FALSE,FALSE,Albertsons Stadium,
2006-09-01,2006,1,regular,SE Louisiana,Southland,New Mexico State,Western Athletic,15,30,FALSE,FALSE,Aggie Memorial Stadium,
2006-09-01,2006,1,regular,Northern Arizona,Big Sky,Arizona State,Pac-10,14,35,FALSE,FALSE,Mountain America Stadium,
2006-09-01,2006,1,regular,Eastern Washington,Big Sky,Oregon State,Pac-10,17,56,FALSE,FALSE,Reser Stadium,
2006-09-01,2006,1,regular,UTEP,Conference USA,San Diego State,Mountain West,34,27,FALSE,FALSE,Qualcomm Stadium,
2006-09-02,2006,1,regular,Nevada,Western Athletic,Fresno State,Western Athletic,19,28,FALSE,TRUE,Valley Children's Stadium,
2006-09-02,2006,1,regular,Azusa Pacific,,San Diego,Pioneer,0,27,FALSE,FALSE,Torero Stadium,
2006-09-02,2006,1,regular,Idaho,Western Athletic,Michigan State,Big Ten,17,27,FALSE,FALSE,Spartan Stadium,
2006-09-02,2006,1,regular,Vanderbilt,SEC,Michigan,Big Ten,7,27,FALSE,FALSE,Michigan Stadium,
2006-09-02,2006,1,regular,North Texas,Sun Belt,Texas,Big 12,7,56,FALSE,FALSE,DKR-Texas Memorial Stadium,
2006-09-02,2006,1,regular,Hampton,MEAC,Grambling,SWAC,27,26,TRUE,FALSE,Legion Field,
2006-09-02,2006,1,regular,Montana,Big Sky,Iowa,Big Ten,7,41,FALSE,FALSE,Kinnick Stadium,
2006-09-02,2006,1,regular,Western Kentucky,MVFC,Georgia,SEC,12,48,FALSE,FALSE,Sanford Stadium,
2006-09-02,2006,1,regular,Gardner-Webb,Big South,Jacksonville,Pioneer,49,14,TRUE,FALSE,D. B. Milne Field,
2006-09-02,2006,1,regular,Holy Cross,Patriot,Georgetown,Patriot,26,13,FALSE,TRUE,Cooper Field,
2006-09-02,2006,1,regular,Colgate,Patriot,Massachusetts,Atlantic 10,7,28,TRUE,FALSE,,
2006-09-02,2006,1,regular,Montclair State,,Iona,Metro Atlantic Athletic,21,7,TRUE,FALSE,,
2006-09-02,2006,1,regular,Robert Morris,NEC,Dayton,Pioneer,14,21,FALSE,FALSE,Welcome Stadium,
2006-09-02,2006,1,regular,Florida A&M,MEAC,Delaware State,MEAC,14,34,TRUE,TRUE,,
2006-09-02,2006,1,regular,UAlbany,NEC,Lehigh,Patriot,17,16,FALSE,FALSE,Goodman Stadium,
2006-09-02,2006,1,regular,Indiana State,MVFC,Purdue,Big Ten,35,60,FALSE,FALSE,Ross-Ade Stadium,
2006-09-02,2006,1,regular,St. Peter's,Metro Atlantic Athletic,St. Francis (PA),NEC,3,38,TRUE,FALSE,,
2006-09-02,2006,1,regular,Davidson,Pioneer,VMI,Big South,19,20,FALSE,FALSE,Alumni Memorial Field,
2006-09-02,2006,1,regular,Butler,Pioneer,Albion,,10,31,TRUE,FALSE,,
2006-09-02,2006,1,regular,Jacksonville State,OVC,Furman,Southern,13,17,FALSE,FALSE,Paladin Stadium,
2006-09-02,2006,1,regular,Northeastern,Atlantic 10,Virginia Tech,ACC,0,38,FALSE,FALSE,Lane Stadium,
2006-09-02,2006,1,regular,Charleston Southern,Big South,Presbyterian,FCS Independents,21,13,TRUE,FALSE,,
2006-09-02,2006,1,regular,Lafayette,Patriot,Sacred Heart,NEC,25,14,FALSE,FALSE,Campus Field,
2006-09-02,2006,1,regular,Valparaiso,Pioneer,Wisconsin-Lutheran,,54,0,TRUE,FALSE,,
2006-09-02,2006,1,regular,Montana State,Big Sky,Colorado,Big 12,19,10,FALSE,FALSE,Folsom Field,
2006-09-02,2006,1,regular,Rutgers,Big East,North Carolina,ACC,21,16,FALSE,FALSE,Kenan Stadium,
2006-09-02,2006,1,regular,Louisiana Tech,Western Athletic,Nebraska,Big 12,10,49,FALSE,FALSE,"Memorial Stadium (Lincoln, NE)",
2006-09-02,2006,1,regular,Northern Illinois,Mid-American,Ohio State,Big Ten,12,35,FALSE,FALSE,Ohio Stadium,
2006-09-02,2006,1,regular,Akron,Mid-American,Penn State,Big Ten,16,34,FALSE,FALSE,Beaver Stadium,
2006-09-02,2006,1,regular,Florida Atlantic,Sun Belt,Clemson,ACC,6,54,FALSE,FALSE,"Memorial Stadium (Clemson, SC)",
2006-09-02,2006,1,regular,San José State,Western Athletic,Washington,Pac-10,29,35,FALSE,FALSE,Husky Stadium,
2006-09-02,2006,1,regular,Marshall,Conference USA,West Virginia,Big East,10,42,FALSE,FALSE,Milan Puskar Stadium,
2006-09-02,2006,1,regular,Stanford,Pac-10,Oregon,Pac-10,10,48,FALSE,TRUE,Autzen Stadium,
2006-09-02,2006,1,regular,UC Davis,Great West,Northern Colorado,Big Sky,38,7,FALSE,FALSE,Nottingham Field,
2006-09-02,2006,1,regular,Utah State,Western Athletic,Wyoming,Mountain West,7,38,FALSE,FALSE,,
2006-09-02,2006,1,regular,Weber State,Big Sky,Colorado State,Mountain West,6,30,TRUE,FALSE,Sonny Lubick Field at Hughes Stadium,
2006-09-02,2006,1,regular,Savannah St,FCS Independents,Benedict College,,7,21,TRUE,FALSE,,
2006-09-02,2006,1,regular,Marist,Metro Atlantic Athletic,Central Connecticut,NEC,6,34,FALSE,FALSE,Arute Field,
2006-09-02,2006,1,regular,East Carolina,Conference USA,Navy,FBS Independents,23,28,FALSE,FALSE,Navy-Marine Corps Memorial Stadium,
2006-09-02,2006,1,regular,California,Pac-10,Tennessee,SEC,18,35,FALSE,FALSE,Neyland Stadium,
2006-09-02,2006,1,regular,Southern Miss,Conference USA,Florida,SEC,7,34,FALSE,FALSE,Ben Hill Griffin Stadium,
2006-09-02,2006,1,regular,Western Michigan,Mid-American,Indiana,Big Ten,20,39,FALSE,FALSE,"Memorial Stadium (Bloomington, IN)",
2006-09-02,2006,1,regular,Morgan State,MEAC,Towson,Atlantic 10,2,30,FALSE,FALSE,Johnny Unitas Stadium,
2006-09-02,2006,1,regular,William & Mary,Atlantic 10,Maryland,ACC,14,27,FALSE,FALSE,SECU Stadium,
2006-09-02,2006,1,regular,Richmond,Atlantic 10,Duke,ACC,13,0,FALSE,FALSE,Wallace Wade Stadium,
2006-09-02,2006,1,regular,App State,Southern,NC State,ACC,10,23,FALSE,FALSE,Carter-Finley Stadium,
2006-09-02,2006,1,regular,Bloomsburg,,James Madison,Atlantic 10,3,14,FALSE,FALSE,Bridgeforth Stadium,
2006-09-02,2006,1,regular,Villanova,Atlantic 10,UCF,Conference USA,16,35,TRUE,FALSE,,
2006-09-02,2006,1,regular,Monmouth,NEC,Fordham,Patriot,23,9,TRUE,FALSE,Coffey Field,
2006-09-02,2006,1,regular,Virginia St,,Norfolk State,MEAC,14,29,FALSE,FALSE,"William Dick"""" Price Stadium""""",
2006-09-02,2006,1,regular,Syracuse,Big East,Wake Forest,ACC,10,20,FALSE,FALSE,Allegacy Federal Credit Union Stadium,
2006-09-02,2006,1,regular,Winston-Salem,FCS Independents,North Carolina A&T,MEAC,41,14,TRUE,FALSE,Aggie Memorial Stadium,
2006-09-02,2006,1,regular,Utah,Mountain West,UCLA,Pac-10,10,31,FALSE,TRUE,Rose Bowl,
2006-09-02,2006,1,regular,McNeese,Southland,South Florida,Big East,10,41,FALSE,FALSE,Raymond James Stadium,
2006-09-02,2006,1,regular,Murray State,OVC,Missouri,Big 12,7,47,FALSE,FALSE,Memorial Stadium,
2006-09-02,2006,1,regular,Wisconsin,Big Ten,Bowling Green,Mid-American,35,14,FALSE,FALSE,,
2006-09-02,2006,1,regular,UT Martin,OVC,Ohio,Mid-American,3,29,FALSE,FALSE,Peden Stadium,
2006-09-02,2006,1,regular,Missouri State,MVFC,Oklahoma State,Big 12,10,52,FALSE,FALSE,Boone Pickens Stadium,
2006-09-02,2006,1,regular,UAB,Conference USA,Oklahoma,Big 12,17,24,FALSE,FALSE,"Memorial Stadium (Norman, OK)",
2006-09-02,2006,1,regular,Virginia,ACC,Pittsburgh,Big East,13,38,FALSE,FALSE,Acrisure Stadium,
2006-09-02,2006,1,regular,The Citadel,Southern,Texas A&M,Big 12,3,35,FALSE,FALSE,Kyle Field,
2006-09-02,2006,1,regular,Elon,Southern,Coastal Carolina,Big South,23,20,FALSE,FALSE,Brooks Stadium (SC),
2006-09-02,2006,1,regular,Tarleton State,,Texas State,Southland,23,27,TRUE,FALSE,Bobcat Stadium,
2006-09-02,2006,1,regular,Hawai'i,Western Athletic,Alabama,SEC,17,25,FALSE,FALSE,Bryant-Denny Stadium,
2006-09-02,2006,1,regular,Eastern Illinois,OVC,Illinois,Big Ten,17,42,FALSE,FALSE,"Memorial Stadium (Champaign, IL)",
2006-09-02,2006,1,regular,Southeast Missouri State,OVC,Austin Peay,FCS Independents,38,13,FALSE,FALSE,Governors Stadium,
2006-09-02,2006,1,regular,Bethune-Cookman,MEAC,Southern,SWAC,29,30,TRUE,FALSE,,
2006-09-02,2006,1,regular,Duquesne,Metro Atlantic Athletic,Bucknell,Patriot,28,31,FALSE,FALSE,Christy Mathewson-Memorial Stadium,
2006-09-02,2006,1,regular,Northwestern State,Southland,Kansas,Big 12,18,49,FALSE,FALSE,Memorial Stadium,
2006-09-02,2006,1,regular,Alabama A&M,SWAC,Tennessee State,OVC,27,20,FALSE,FALSE,Nissan Stadium,
2006-09-02,2006,1,regular,SMU,Conference USA,Texas Tech,Big 12,3,35,FALSE,FALSE,Jones AT&T Stadium,
2006-09-02,2006,1,regular,Alabama State,SWAC,Troy,Sun Belt,0,38,FALSE,FALSE,Veterans Memorial Stadium (AL),
2006-09-02,2006,1,regular,South Carolina State,MEAC,Wofford,Southern,21,28,FALSE,FALSE,Gibbs Stadium,
2006-09-02,2006,1,regular,Army,FBS Independents,Arkansas State,Sun Belt,6,14,FALSE,FALSE,,
2006-09-02,2006,1,regular,Illinois State,MVFC,Kansas State,Big 12,23,24,FALSE,FALSE,Bill Snyder Family Stadium,
2006-09-02,2006,1,regular,Eastern Kentucky,OVC,Cincinnati,Big East,0,31,FALSE,FALSE,Nippert Stadium,
2006-09-02,2006,1,regular,Washington State,Pac-10,Auburn,SEC,14,40,FALSE,FALSE,Jordan-Hare Stadium,
2006-09-03,2006,1,regular,Notre Dame,FBS Independents,Georgia Tech,ACC,14,10,FALSE,FALSE,Bobby Dodd Stadium,
2006-09-03,2006,1,regular,Louisiana,Sun Belt,LSU,SEC,3,45,FALSE,FALSE,Tiger Stadium (LA),
2006-09-03,2006,1,regular,Portland State,Big Sky,New Mexico,Mountain West,17,6,FALSE,FALSE,University Stadium (NM),
2006-09-03,2006,1,regular,USC,Pac-10,Arkansas,SEC,50,14,FALSE,FALSE,Razorback Stadium,
2006-09-03,2006,1,regular,Houston,Conference USA,Rice,Conference USA,31,30,FALSE,TRUE,Rice Stadium,
2006-09-03,2006,1,regular,Idaho State,Big Sky,UNLV,Mountain West,10,54,TRUE,FALSE,Sam Boyd Stadium,
2006-09-03,2006,1,regular,BYU,Mountain West,Arizona,Pac-10,13,16,FALSE,TRUE,Arizona Stadium,
2006-09-03,2006,1,regular,Memphis,Conference USA,Ole Miss,SEC,25,28,FALSE,FALSE,Vaught-Hemingway Stadium,
2006-09-03,2006,1,regular,TCU,Mountain West,Baylor,Big 12,17,7,FALSE,FALSE,Floyd Casey Stadium,
2006-09-04,2006,1,regular,Kentucky,SEC,Louisville,Big East,28,59,FALSE,FALSE,L&N Federal Credit Union Stadium,
2006-09-05,2006,1,regular,Florida State,ACC,Miami,ACC,13,10,FALSE,TRUE,,
2006-09-07,2006,2,regular,Urbana,,UT Martin,OVC,0,28,FALSE,FALSE,Graham Stadium,
2006-09-07,2006,2,regular,Oregon State,Pac-10,Boise State,Western Athletic,14,42,FALSE,FALSE,Albertsons Stadium,
2006-09-08,2006,2,regular,College Of New Jersey,,La Salle,Metro Atlantic Athletic,24,21,TRUE,FALSE,,
2006-09-09,2006,2,regular,Pittsburgh,Big East,Cincinnati,Big East,33,15,FALSE,TRUE,Nippert Stadium,
2006-09-09,2006,2,regular,Central Michigan,Mid-American,Michigan,Big Ten,17,41,FALSE,FALSE,Michigan Stadium,
2006-09-09,2006,2,regular,Akron,Mid-American,NC State,ACC,20,17,FALSE,FALSE,Carter-Finley Stadium,
2006-09-09,2006,2,regular,Virginia Tech,ACC,North Carolina,ACC,35,10,FALSE,TRUE,Kenan Stadium,
2006-09-09,2006,2,regular,Duke,ACC,Wake Forest,ACC,13,14,FALSE,TRUE,Allegacy Federal Credit Union Stadium,
2006-09-09,2006,2,regular,Illinois,Big Ten,Rutgers,Big East,0,33,FALSE,FALSE,High Point Solutions Stadium,
2006-09-09,2006,2,regular,Louisville,Big East,Temple,FBS Independents,62,0,FALSE,FALSE,Lincoln Financial Field,
2006-09-09,2006,2,regular,Merrimack,,Rhode Island,Atlantic 10,7,42,FALSE,FALSE,Meade Stadium,
2006-09-09,2006,2,regular,Morehead State,Pioneer,Newberry,,7,23,TRUE,FALSE,,
2006-09-09,2006,2,regular,St. Peter's,Metro Atlantic Athletic,Western Connecticut St,,3,21,TRUE,FALSE,,
2006-09-09,2006,2,regular,Ole Miss,SEC,Missouri,Big 12,7,34,FALSE,FALSE,Memorial Stadium,
2006-09-09,2006,2,regular,Auburn,SEC,Mississippi State,SEC,34,0,FALSE,TRUE,Davis Wade Stadium,
2006-09-09,2006,2,regular,Stony Brook,NEC,Georgetown,Patriot,0,7,FALSE,FALSE,Cooper Field,
2006-09-09,2006,2,regular,Northeastern,Atlantic 10,Holy Cross,Patriot,24,14,FALSE,FALSE,Fitton Field,
2006-09-09,2006,2,regular,Eastern Washington,Big Sky,West Virginia,Big East,3,52,FALSE,FALSE,Milan Puskar Stadium,
2006-09-09,2006,2,regular,Kent State,Mid-American,Army,FBS Independents,14,17,FALSE,FALSE,Michie Stadium,
2006-09-09,2006,2,regular,Hanover College,,Butler,Pioneer,20,30,FALSE,FALSE,Butler Bowl,
2006-09-09,2006,2,regular,Morgan State,MEAC,Monmouth,NEC,9,26,TRUE,FALSE,Kessler Field,
2006-09-09,2006,2,regular,Miami (OH),Mid-American,Purdue,Big Ten,31,38,FALSE,FALSE,Ross-Ade Stadium,
2006-09-09,2006,2,regular,Duquesne,Metro Atlantic Athletic,Robert Morris,NEC,27,7,FALSE,FALSE,Joe Walton Stadium,
2006-09-09,2006,2,regular,Trinity International (IL),,Valparaiso,Pioneer,39,20,FALSE,FALSE,Brown Field,
2006-09-09,2006,2,regular,Iona,Metro Atlantic Athletic,Wagner,NEC,3,7,FALSE,FALSE,Wagner College Stadium,
2006-09-09,2006,2,regular,Dayton,Pioneer,Wittenberg,,35,28,TRUE,FALSE,,
2006-09-09,2006,2,regular,Nicholls,Southland,Nebraska,Big 12,7,56,FALSE,FALSE,"Memorial Stadium (Lincoln, NE)",
2006-09-09,2006,2,regular,Massachusetts,Atlantic 10,Navy,FBS Independents,20,21,FALSE,FALSE,Navy-Marine Corps Memorial Stadium,
2006-09-09,2006,2,regular,New Hampshire,Atlantic 10,Northwestern,Big Ten,34,17,FALSE,FALSE,Ryan Field,
2006-09-09,2006,2,regular,Austin Peay,FCS Independents,Cumberland (TN),,28,21,TRUE,FALSE,,
2006-09-09,2006,2,regular,Chadron St,,Montana State,Big Sky,35,24,FALSE,FALSE,Bobcat Stadium,
2006-09-09,2006,2,regular,Buffalo,Mid-American,Bowling Green,Mid-American,40,48,FALSE,TRUE,Doyt L. Perry Stadium,
2006-09-09,2006,2,regular,South Dakota State,Great West,Montana,Big Sky,7,36,FALSE,FALSE,Washington-Grizzly Stadium,
2006-09-09,2006,2,regular,Ohio,Mid-American,Northern Illinois,Mid-American,35,23,FALSE,TRUE,Huskie Stadium,
2006-09-09,2006,2,regular,Samford,OVC,Georgia Tech,ACC,6,38,FALSE,FALSE,Bobby Dodd Stadium,
2006-09-09,2006,2,regular,Penn State,Big Ten,Notre Dame,FBS Independents,17,41,FALSE,FALSE,Notre Dame Stadium,
2006-09-09,2006,2,regular,Clemson,ACC,Boston College,ACC,33,34,FALSE,TRUE,"Alumni Stadium (Chestnut Hill, MA)",
2006-09-09,2006,2,regular,Eastern Michigan,Mid-American,Michigan State,Big Ten,20,52,FALSE,FALSE,Spartan Stadium,
2006-09-09,2006,2,regular,Iowa,Big Ten,Syracuse,Big East,20,13,FALSE,FALSE,JMA Wireless Dome,
2006-09-09,2006,2,regular,Washington,Pac-10,Oklahoma,Big 12,20,37,FALSE,FALSE,"Memorial Stadium (Norman, OK)",
2006-09-09,2006,2,regular,Wyoming,Mountain West,Virginia,ACC,12,13,FALSE,FALSE,Scott Stadium,
2006-09-09,2006,2,regular,Western Illinois,MVFC,Wisconsin,Big Ten,10,34,FALSE,FALSE,Camp Randall Stadium,
2006-09-09,2006,2,regular,Vanderbilt,SEC,Alabama,SEC,10,13,FALSE,TRUE,Bryant-Denny Stadium,
2006-09-09,2006,2,regular,James Madison,Atlantic 10,App State,Southern,10,21,FALSE,FALSE,Kidd Brewer Stadium,
2006-09-09,2006,2,regular,Idaho,Western Athletic,Washington State,Pac-10,10,56,FALSE,FALSE,Gesa Field,
2006-09-09,2006,2,regular,Tulsa,Conference USA,BYU,Mountain West,24,49,FALSE,FALSE,LaVell Edwards Stadium,
2006-09-09,2006,2,regular,Savannah St,FCS Independents,Bethune-Cookman,MEAC,6,55,FALSE,FALSE,Municipal Stadium,
2006-09-09,2006,2,regular,Maine,Atlantic 10,Youngstown State,MVFC,14,34,FALSE,FALSE,Stambaugh Stadium,
2006-09-09,2006,2,regular,Hofstra,Atlantic 10,Marshall,Conference USA,31,54,FALSE,FALSE,Joan C. Edwards Stadium,
2006-09-09,2006,2,regular,Colorado,Big 12,Colorado State,Mountain West,10,14,FALSE,FALSE,,
2006-09-09,2006,2,regular,Fort Lewis,,Idaho State,Big Sky,12,48,FALSE,FALSE,Holt Arena,
2006-09-09,2006,2,regular,North Dakota,Great West,Northern Iowa,MVFC,35,31,FALSE,FALSE,UNI-Dome,
2006-09-09,2006,2,regular,Stanford,Pac-10,San José State,Western Athletic,34,35,FALSE,FALSE,CEFCU Stadium,
2006-09-09,2006,2,regular,Troy,Sun Belt,Florida State,ACC,17,24,FALSE,FALSE,Doak Campbell Stadium,
2006-09-09,2006,2,regular,UCF,Conference USA,Florida,SEC,0,42,FALSE,FALSE,Ben Hill Griffin Stadium,
2006-09-09,2006,2,regular,Texas State,Southland,Kentucky,SEC,7,41,FALSE,FALSE,Kroger Field,
2006-09-09,2006,2,regular,Middle Tennessee,Sun Belt,Maryland,ACC,10,24,FALSE,FALSE,SECU Stadium,
2006-09-09,2006,2,regular,Lehigh,Patriot,Villanova,Atlantic 10,31,28,FALSE,FALSE,Villanova Stadium,
2006-09-09,2006,2,regular,West Georgia,,Furman,Southern,7,24,FALSE,FALSE,Paladin Stadium,
2006-09-09,2006,2,regular,Fordham,Patriot,UAlbany,NEC,9,7,TRUE,FALSE,University Field (NY),
2006-09-09,2006,2,regular,Western Kentucky,MVFC,Eastern Kentucky,OVC,21,26,FALSE,FALSE,Roy Kidd Stadium,
2006-09-09,2006,2,regular,Towson,Atlantic 10,Elon,Southern,24,17,FALSE,FALSE,Rhodes Stadium,
2006-09-09,2006,2,regular,Tennessee Tech,OVC,Gardner-Webb,Big South,26,30,FALSE,FALSE,Ernest W. Spangler Stadium,
2006-09-09,2006,2,regular,Howard,MEAC,Hampton,MEAC,7,46,FALSE,TRUE,Armstrong Stadium,
2006-09-09,2006,2,regular,VMI,Big South,Norfolk State,MEAC,19,32,FALSE,FALSE,"William Dick"""" Price Stadium""""",
2006-09-09,2006,2,regular,South Carolina State,MEAC,Winston-Salem,FCS Independents,35,6,FALSE,FALSE,Bowman Gray Stadium,
2006-09-09,2006,2,regular,Arizona,Pac-10,LSU,SEC,3,45,FALSE,FALSE,Tiger Stadium (LA),
2006-09-09,2006,2,regular,Indiana,Big Ten,Ball State,Mid-American,24,23,FALSE,FALSE,Scheumann Stadium,
2006-09-09,2006,2,regular,East Carolina,Conference USA,UAB,Conference USA,12,17,FALSE,TRUE,Legion Field,
2006-09-09,2006,2,regular,Utah State,Western Athletic,Arkansas,SEC,0,20,FALSE,FALSE,Razorback Stadium,
2006-09-09,2006,2,regular,Minnesota,Big Ten,California,Pac-10,17,42,FALSE,TRUE,California Memorial Stadium,
2006-09-09,2006,2,regular,West Chester,,Delaware,Atlantic 10,7,30,TRUE,FALSE,,
2006-09-09,2006,2,regular,Florida International,Sun Belt,South Florida,Big East,20,21,FALSE,FALSE,Raymond James Stadium,
2006-09-09,2006,2,regular,UNLV,Mountain West,Iowa State,Big 12,10,16,FALSE,FALSE,Jack Trice Stadium,
2006-09-09,2006,2,regular,Northwestern State,Southland,Baylor,Big 12,10,47,TRUE,FALSE,Floyd Casey Stadium,
2006-09-09,2006,2,regular,Louisiana,Sun Belt,Texas A&M,Big 12,7,51,FALSE,FALSE,Kyle Field,
2006-09-09,2006,2,regular,Tulane,Conference USA,Houston,Conference USA,7,45,FALSE,TRUE,Robertson Stadium,
2006-09-09,2006,2,regular,SMU,Conference USA,North Texas,Sun Belt,6,24,FALSE,FALSE,,
2006-09-09,2006,2,regular,Central Connecticut,NEC,Georgia Southern,Southern,17,13,FALSE,FALSE,Allen E. Paulson Stadium,
2006-09-09,2006,2,regular,Lafayette,Patriot,Bucknell,Patriot,31,0,FALSE,TRUE,Christy Mathewson-Memorial Stadium,
2006-09-09,2006,2,regular,Wingate,,Davidson,Pioneer,22,16,FALSE,FALSE,Richardson Stadium,
2006-09-09,2006,2,regular,St. Francis (PA),NEC,Delaware State,MEAC,28,63,FALSE,FALSE,Alumni Stadium,
2006-09-09,2006,2,regular,Upper Iowa University,,Drake,Pioneer,7,40,FALSE,FALSE,Drake Stadium,
2006-09-09,2006,2,regular,Indiana State,MVFC,Eastern Illinois,OVC,21,31,FALSE,FALSE,O'Brien Stadium,
2006-09-09,2006,2,regular,UL Monroe,Sun Belt,Kansas,Big 12,19,21,FALSE,FALSE,Memorial Stadium,
2006-09-09,2006,2,regular,Glenville State,,Liberty,Big South,7,31,FALSE,FALSE,Williams Stadium (VA),
2006-09-09,2006,2,regular,Sacred Heart,NEC,Marist,Metro Atlantic Athletic,19,28,FALSE,FALSE,Leonidoff Field,
2006-09-09,2006,2,regular,Florida A&M,MEAC,Miami,ACC,10,51,TRUE,FALSE,,
2006-09-09,2006,2,regular,Arkansas-Monticello,,Sam Houston,Southland,3,41,FALSE,FALSE,Elliott T. Bowers Stadium,
2006-09-09,2006,2,regular,Missouri S&T,,Southeast Missouri State,OVC,23,44,TRUE,FALSE,Houck Stadium,
2006-09-09,2006,2,regular,SE Louisiana,Southland,Southern Miss,Conference USA,0,45,FALSE,FALSE,M. M. Roberts Stadium,
2006-09-09,2006,2,regular,Delta State,,Stephen F. Austin,Southland,17,14,FALSE,FALSE,Homer Bryce Stadium,
2006-09-09,2006,2,regular,Southwest Baptist,,Missouri State,MVFC,14,45,FALSE,FALSE,Plaster Sports Complex,
2006-09-09,2006,2,regular,UC Davis,Great West,TCU,Mountain West,13,46,FALSE,FALSE,Amon G. Carter Stadium,
2006-09-09,2006,2,regular,Air Force,Mountain West,Tennessee,SEC,30,31,FALSE,FALSE,Neyland Stadium,
2006-09-09,2006,2,regular,Murray State,OVC,Tennessee State,OVC,15,25,FALSE,TRUE,Nissan Stadium,
2006-09-09,2006,2,regular,Charleston Southern,Big South,The Citadel,Southern,38,35,FALSE,FALSE,Johnson Hagood Stadium,
2006-09-09,2006,2,regular,Toledo,Mid-American,Western Michigan,Mid-American,10,31,FALSE,TRUE,Waldo Stadium,
2006-09-09,2006,2,regular,Coastal Carolina,Big South,Wofford,Southern,41,38,FALSE,FALSE,Gibbs Stadium,
2006-09-09,2006,2,regular,Oklahoma State,Big 12,Arkansas State,Sun Belt,35,7,FALSE,FALSE,,
2006-09-09,2006,2,regular,Florida Atlantic,Sun Belt,Kansas State,Big 12,0,45,FALSE,FALSE,Bill Snyder Family Stadium,
2006-09-09,2006,2,regular,Central Arkansas,FCS Independents,Illinois State,MVFC,3,18,FALSE,FALSE,Hancock Stadium,
2006-09-09,2006,2,regular,Georgia,SEC,South Carolina,SEC,18,0,FALSE,TRUE,Williams-Brice Stadium,
2006-09-10,2006,2,regular,New Mexico,Mountain West,New Mexico State,Western Athletic,34,28,FALSE,FALSE,Aggie Memorial Stadium,
2006-09-10,2006,2,regular,Chattanooga,Southern,Memphis,Conference USA,14,33,FALSE,FALSE,Simmons Bank Liberty Stadium,
2006-09-10,2006,2,regular,Ohio State,Big Ten,Texas,Big 12,24,7,FALSE,FALSE,DKR-Texas Memorial Stadium,
2006-09-10,2006,2,regular,Northern Arizona,Big Sky,Utah,Mountain West,7,45,FALSE,FALSE,Rice-Eccles Stadium,
2006-09-10,2006,2,regular,West Virginia Institute Of Tech,,McNeese,Southland,0,76,FALSE,FALSE,Cowboy Stadium,
2006-09-10,2006,2,regular,Utah Tech,,San Diego,Pioneer,7,41,FALSE,FALSE,Torero Stadium,
2006-09-10,2006,2,regular,Northern Colorado,Big Sky,Portland State,Big Sky,3,45,TRUE,TRUE,,
2006-09-10,2006,2,regular,Texas Tech,Big 12,UTEP,Conference USA,38,35,FALSE,FALSE,Sun Bowl,
2006-09-10,2006,2,regular,Cal Poly,Great West,Weber State,Big Sky,17,0,FALSE,FALSE,Stewart Stadium,
2006-09-10,2006,2,regular,Nevada,Western Athletic,Arizona State,Pac-10,21,52,FALSE,FALSE,Mountain America Stadium,
2006-09-10,2006,2,regular,Rice,Conference USA,UCLA,Pac-10,16,26,FALSE,FALSE,Rose Bowl,
2006-09-10,2006,2,regular,Oregon,Pac-10,Fresno State,Western Athletic,31,24,FALSE,FALSE,Valley Children's Stadium,
2006-09-14,2006,3,regular,Tennessee Tech,OVC,Middle Tennessee,Sun Belt,0,44,FALSE,FALSE,"Johnny ""Red"" Floyd Stadium",
2006-09-14,2006,3,regular,Maryland,ACC,West Virginia,Big East,24,45,FALSE,FALSE,Milan Puskar Stadium,
2006-09-15,2006,3,regular,Austin Peay,FCS Independents,Samford,OVC,10,17,FALSE,FALSE,Seibert Stadium,
2006-09-15,2006,3,regular,Central Connecticut,NEC,Southern Connecticut State,,29,26,TRUE,FALSE,,
2006-09-16,2006,3,regular,Kansas,Big 12,Toledo,Mid-American,31,37,FALSE,FALSE,Glass Bowl,
2006-09-16,2006,3,regular,UNLV,Mountain West,Hawai'i,Western Athletic,13,42,FALSE,FALSE,,
2006-09-16,2006,3,regular,Wake Forest,ACC,UConn,Big East,24,13,FALSE,FALSE,Pratt & Whitney Stadium,
2006-09-16,2006,3,regular,San Diego,Pioneer,Yale,Ivy,43,17,FALSE,FALSE,Yale Bowl,
2006-09-16,2006,3,regular,BYU,Mountain West,Boston College,ACC,23,30,FALSE,FALSE,"Alumni Stadium (Chestnut Hill, MA)",
2006-09-16,2006,3,regular,Stony Brook,NEC,New Hampshire,Atlantic 10,7,62,FALSE,FALSE,Wildcat Stadium,
2006-09-16,2006,3,regular,Cincinnati,Big East,Ohio State,Big Ten,7,37,FALSE,FALSE,Ohio Stadium,
2006-09-16,2006,3,regular,Michigan State,Big Ten,Pittsburgh,Big East,38,23,FALSE,FALSE,Acrisure Stadium,
2006-09-16,2006,3,regular,Duke,ACC,Virginia Tech,ACC,0,36,FALSE,TRUE,Lane Stadium,
2006-09-16,2006,3,regular,Syracuse,Big East,Illinois,Big Ten,31,21,FALSE,FALSE,"Memorial Stadium (Champaign, IL)",
2006-09-16,2006,3,regular,Iowa State,Big 12,Iowa,Big Ten,17,27,FALSE,FALSE,Kinnick Stadium,
2006-09-16,2006,3,regular,Murray State,OVC,Indiana State,MVFC,59,40,FALSE,FALSE,Memorial Stadium,
2006-09-16,2006,3,regular,Holy Cross,Patriot,Harvard,Ivy,14,31,FALSE,FALSE,Harvard Stadium,
2006-09-16,2006,3,regular,Fordham,Patriot,Columbia,Ivy,7,37,FALSE,FALSE,Lawrence A. Wien Stadium,
2006-09-16,2006,3,regular,Arkansas,SEC,Vanderbilt,SEC,21,19,FALSE,TRUE,FirstBank Stadium,
2006-09-16,2006,3,regular,Marshall,Conference USA,Kansas State,Big 12,7,23,FALSE,FALSE,Bill Snyder Family Stadium,
2006-09-16,2006,3,regular,Florida A&M,MEAC,Howard,MEAC,31,23,FALSE,TRUE,William H. Greene Stadium,
2006-09-16,2006,3,regular,UAB,Conference USA,Georgia,SEC,0,34,FALSE,FALSE,Sanford Stadium,
2006-09-16,2006,3,regular,Massachusetts,Atlantic 10,Villanova,Atlantic 10,31,21,FALSE,TRUE,Villanova Stadium,
2006-09-16,2006,3,regular,Georgetown,Patriot,Brown,Ivy,21,34,FALSE,FALSE,Brown Stadium,
2006-09-16,2006,3,regular,Pennsylvania,Ivy,Lafayette,Patriot,21,11,FALSE,FALSE,Fisher Field,
2006-09-16,2006,3,regular,Robert Morris,NEC,Butler,Pioneer,35,14,FALSE,FALSE,Butler Bowl,
2006-09-16,2006,3,regular,Akron,Mid-American,Central Michigan,Mid-American,21,24,FALSE,TRUE,Kelly/Shorts Stadium,
2006-09-16,2006,3,regular,Dartmouth,Ivy,Colgate,Patriot,7,28,FALSE,FALSE,Andy Kerr Stadium,
2006-09-16,2006,3,regular,St. Francis (PA),NEC,Duquesne,Metro Atlantic Athletic,10,41,FALSE,FALSE,Arthur J. Rooney Athletic Field,
2006-09-16,2006,3,regular,Princeton,Ivy,Lehigh,Patriot,14,10,FALSE,FALSE,Goodman Stadium,
2006-09-16,2006,3,regular,St. Peter's,Metro Atlantic Athletic,Monmouth,NEC,12,36,TRUE,FALSE,Kessler Field,
2006-09-16,2006,3,regular,Valparaiso,Pioneer,Morehead State,Pioneer,42,35,FALSE,TRUE,Jayne Stadium,
2006-09-16,2006,3,regular,Ball State,Mid-American,Purdue,Big Ten,28,38,FALSE,FALSE,Ross-Ade Stadium,
2006-09-16,2006,3,regular,Iona,Metro Atlantic Athletic,Sacred Heart,NEC,16,27,FALSE,FALSE,Campus Field,
2006-09-16,2006,3,regular,La Salle,Metro Atlantic Athletic,Ursinus,,2,6,TRUE,FALSE,,
2006-09-16,2006,3,regular,Troy,Sun Belt,Georgia Tech,ACC,20,35,FALSE,FALSE,Bobby Dodd Stadium,
2006-09-16,2006,3,regular,Wingate,,Charleston Southern,Big South,17,20,FALSE,FALSE,Buccaneer Field,
2006-09-16,2006,3,regular,North Carolina A&T,MEAC,Hampton,MEAC,14,48,FALSE,TRUE,Armstrong Stadium,
2006-09-16,2006,3,regular,Eastern Michigan,Mid-American,Northwestern,Big Ten,6,14,FALSE,FALSE,Ryan Field,
2006-09-16,2006,3,regular,Temple,FBS Independents,Minnesota,Big Ten,0,62,FALSE,FALSE,,
2006-09-16,2006,3,regular,Kent State,Mid-American,Miami (OH),Mid-American,16,14,FALSE,TRUE,Yager Stadium,
2006-09-16,2006,3,regular,Presbyterian,FCS Independents,Elon,Southern,0,28,FALSE,FALSE,Rhodes Stadium,
2006-09-16,2006,3,regular,Gardner-Webb,Big South,UT Martin,OVC,9,35,FALSE,FALSE,Graham Stadium,
2006-09-16,2006,3,regular,Kentucky Wesleyan,,Western Illinois,MVFC,0,58,FALSE,FALSE,Hanson Field,
2006-09-16,2006,3,regular,South Florida,Big East,UCF,Conference USA,24,17,FALSE,FALSE,,
2006-09-16,2006,3,regular,UC Davis,Great West,Montana State,Big Sky,45,0,FALSE,FALSE,Bobcat Stadium,
2006-09-16,2006,3,regular,VMI,Big South,Richmond,Atlantic 10,7,58,TRUE,FALSE,,
2006-09-16,2006,3,regular,LSU,SEC,Auburn,SEC,3,7,FALSE,TRUE,Jordan-Hare Stadium,
2006-09-16,2006,3,regular,Southeast Missouri State,OVC,Jacksonville State,OVC,7,38,FALSE,TRUE,AmFirst Stadium,
2006-09-16,2006,3,regular,Michigan,Big Ten,Notre Dame,FBS Independents,47,21,FALSE,FALSE,Notre Dame Stadium,
2006-09-16,2006,3,regular,Miami,ACC,Louisville,Big East,7,31,FALSE,FALSE,L&N Federal Credit Union Stadium,
2006-09-16,2006,3,regular,Ohio,Mid-American,Rutgers,Big East,7,24,FALSE,FALSE,High Point Solutions Stadium,
2006-09-16,2006,3,regular,Youngstown State,MVFC,Penn State,Big Ten,3,37,FALSE,FALSE,Beaver Stadium,
2006-09-16,2006,3,regular,Western Michigan,Mid-American,Virginia,ACC,17,10,FALSE,FALSE,Scott Stadium,
2006-09-16,2006,3,regular,San Diego State,Mountain West,Wisconsin,Big Ten,0,14,FALSE,TRUE,Camp Randall Stadium,
2006-09-16,2006,3,regular,Mars Hill,,App State,Southern,0,41,FALSE,FALSE,Kidd Brewer Stadium,
2006-09-16,2006,3,regular,Bowie State,,Morgan State,MEAC,20,28,FALSE,FALSE,Hughes Stadium,
2006-09-16,2006,3,regular,Oklahoma,Big 12,Oregon,Pac-10,33,34,FALSE,FALSE,Autzen Stadium,
2006-09-16,2006,3,regular,Boise State,Western Athletic,Wyoming,Mountain West,17,10,FALSE,FALSE,,
2006-09-16,2006,3,regular,Southern Illinois,MVFC,Indiana,Big Ten,35,28,FALSE,FALSE,"Memorial Stadium (Bloomington, IN)",
2006-09-16,2006,3,regular,Idaho State,Big Sky,Idaho,Western Athletic,24,27,FALSE,FALSE,Kibbie Dome,
2006-09-16,2006,3,regular,Baylor,Big 12,Washington State,Pac-10,15,17,FALSE,FALSE,,
2006-09-16,2006,3,regular,South Dakota State,Great West,Northern Iowa,MVFC,17,27,FALSE,FALSE,UNI-Dome,
2006-09-16,2006,3,regular,Texas Tech,Big 12,TCU,Mountain West,3,12,FALSE,FALSE,Amon G. Carter Stadium,
2006-09-16,2006,3,regular,Ole Miss,SEC,Kentucky,SEC,14,31,FALSE,TRUE,Kroger Field,
2006-09-16,2006,3,regular,Liberty,Big South,Towson,Atlantic 10,3,10,FALSE,FALSE,Johnny Unitas Stadium,
2006-09-16,2006,3,regular,Texas,Big 12,Rice,Conference USA,52,7,FALSE,FALSE,,
2006-09-16,2006,3,regular,Bowling Green,Mid-American,Florida International,Sun Belt,33,28,FALSE,FALSE,FIU Stadium,
2006-09-16,2006,3,regular,Bethune-Cookman,MEAC,South Carolina State,MEAC,45,21,FALSE,TRUE,Oliver C. Dawson Stadium,
2006-09-16,2006,3,regular,Eastern Kentucky,OVC,Western Carolina,Southern,17,20,FALSE,FALSE,E. J. Whitmire Stadium,
2006-09-16,2006,3,regular,Utah Tech,,Northern Arizona,Big Sky,14,66,FALSE,FALSE,Walkup Skydome,
2006-09-16,2006,3,regular,Portland State,Big Sky,California,Pac-10,16,42,FALSE,FALSE,California Memorial Stadium,
2006-09-16,2006,3,regular,Fresno State,Western Athletic,Washington,Pac-10,20,21,FALSE,FALSE,Husky Stadium,
2006-09-16,2006,3,regular,Arizona State,Pac-10,Colorado,Big 12,21,3,FALSE,FALSE,Folsom Field,
2006-09-16,2006,3,regular,Chattanooga,Southern,Western Kentucky,MVFC,21,28,FALSE,FALSE,Houchens Industries-L.T. Smith Stadium,
2006-09-16,2006,3,regular,Memphis,Conference USA,East Carolina,Conference USA,20,35,FALSE,TRUE,Dowdy-Ficklen Stadium,
2006-09-16,2006,3,regular,Furman,Southern,North Carolina,ACC,42,45,FALSE,FALSE,Kenan Stadium,
2006-09-16,2006,3,regular,Florida Atlantic,Sun Belt,Oklahoma State,Big 12,8,48,FALSE,FALSE,Boone Pickens Stadium,
2006-09-16,2006,3,regular,North Texas,Sun Belt,Tulsa,Conference USA,3,28,FALSE,FALSE,,
2006-09-16,2006,3,regular,Grambling,SWAC,Houston,Conference USA,22,42,FALSE,FALSE,Robertson Stadium,
2006-09-16,2006,3,regular,Coastal Carolina,Big South,Georgia Southern,Southern,21,38,FALSE,FALSE,Allen E. Paulson Stadium,
2006-09-16,2006,3,regular,Northern Colorado,Big Sky,Texas State,Southland,14,13,TRUE,FALSE,Bobcat Stadium,
2006-09-16,2006,3,regular,Tulane,Conference USA,Mississippi State,SEC,32,29,FALSE,FALSE,Davis Wade Stadium,
2006-09-16,2006,3,regular,Cornell,Ivy,Bucknell,Patriot,5,20,FALSE,FALSE,Christy Mathewson-Memorial Stadium,
2006-09-16,2006,3,regular,Missouri State,MVFC,Central Arkansas,FCS Independents,14,16,FALSE,FALSE,Estes Stadium,
2006-09-16,2006,3,regular,Wisconsin-Platteville,,Drake,Pioneer,7,35,FALSE,FALSE,Drake Stadium,
2006-09-16,2006,3,regular,Jackson State,SWAC,Tennessee State,OVC,30,31,TRUE,FALSE,Simmons Bank Liberty Stadium,AT MEMPHIS TN
2006-09-16,2006,3,regular,Davidson,Pioneer,Lenoir-Rhyne,,24,14,TRUE,FALSE,,
2006-09-16,2006,3,regular,Nicholls,Southland,Louisiana Tech,Western Athletic,21,31,FALSE,FALSE,Joe Aillet Stadium,
2006-09-16,2006,3,regular,Wagner,NEC,Marist,Metro Atlantic Athletic,38,7,FALSE,FALSE,Leonidoff Field,
2006-09-16,2006,3,regular,Delaware State,MEAC,Northwestern State,Southland,3,23,FALSE,FALSE,Harry Turpin Stadium,
2006-09-16,2006,3,regular,Jacksonville,Pioneer,SE Louisiana,Southland,13,41,FALSE,FALSE,Strawberry Stadium,
2006-09-16,2006,3,regular,NC State,ACC,Southern Miss,Conference USA,17,37,FALSE,FALSE,M. M. Roberts Stadium,
2006-09-16,2006,3,regular,Wofford,Southern,South Carolina,SEC,20,27,FALSE,FALSE,Williams-Brice Stadium,
2006-09-16,2006,3,regular,Maine,Atlantic 10,William & Mary,Atlantic 10,20,17,FALSE,TRUE,Zable Stadium,
2006-09-16,2006,3,regular,UAlbany,NEC,Delaware,Atlantic 10,17,10,TRUE,FALSE,,
2006-09-16,2006,3,regular,UL Monroe,Sun Belt,Alabama,SEC,7,41,FALSE,FALSE,Bryant-Denny Stadium,
2006-09-16,2006,3,regular,Northeastern,Atlantic 10,North Dakota State,Great West,10,23,FALSE,FALSE,Fargodome,
2006-09-16,2006,3,regular,Eastern Illinois,OVC,Illinois State,MVFC,30,44,FALSE,FALSE,Hancock Stadium,
2006-09-16,2006,3,regular,Buffalo,Mid-American,Northern Illinois,Mid-American,13,31,FALSE,TRUE,Huskie Stadium,
2006-09-16,2006,3,regular,Clemson,ACC,Florida State,ACC,27,20,FALSE,TRUE,Doak Campbell Stadium,
2006-09-17,2006,3,regular,Nebraska,Big 12,USC,Pac-10,10,28,FALSE,FALSE,Los Angeles Memorial Coliseum,
2006-09-17,2006,3,regular,Texas Southern,SWAC,New Mexico State,Western Athletic,14,48,FALSE,FALSE,Aggie Memorial Stadium,
2006-09-17,2006,3,regular,Missouri,Big 12,New Mexico,Mountain West,27,17,FALSE,FALSE,University Stadium (NM),
2006-09-17,2006,3,regular,Sam Houston,Southland,SMU,Conference USA,14,45,FALSE,FALSE,Gerald J. Ford Stadium,
2006-09-17,2006,3,regular,Florida,SEC,Tennessee,SEC,21,20,FALSE,TRUE,Neyland Stadium,
2006-09-17,2006,3,regular,Utah,Mountain West,Utah State,Western Athletic,48,0,FALSE,FALSE,Maverik Stadium,
2006-09-17,2006,3,regular,Colorado State,Mountain West,Nevada,Western Athletic,10,28,FALSE,FALSE,Mackay Stadium,
2006-09-17,2006,3,regular,Southern Utah,Great West,Weber State,Big Sky,13,24,FALSE,FALSE,Stewart Stadium,
2006-09-17,2006,3,regular,Cal Poly,Great West,Sacramento State,Big Sky,17,10,FALSE,FALSE,Hornet Stadium,
2006-09-17,2006,3,regular,Central Washington,,Eastern Washington,Big Sky,21,14,FALSE,FALSE,Roos Field,
2006-09-17,2006,3,regular,Army,FBS Independents,Texas A&M,Big 12,24,28,FALSE,FALSE,Alamodome,
2006-09-17,2006,3,regular,Stephen F. Austin,Southland,Arizona,Pac-10,10,28,FALSE,FALSE,Arizona Stadium,
2006-09-17,2006,3,regular,Navy,FBS Independents,Stanford,Pac-10,37,9,FALSE,FALSE,Stanford Stadium,
2006-09-21,2006,4,regular,Virginia,ACC,Georgia Tech,ACC,7,24,FALSE,TRUE,Bobby Dodd Stadium,
2006-09-21,2006,4,regular,Eastern Kentucky,OVC,Tennessee Tech,OVC,14,27,FALSE,TRUE,Tucker Stadium,
2006-09-23,2006,4,regular,Northwestern,Big Ten,Nevada,Western Athletic,21,31,FALSE,FALSE,Mackay Stadium,
2006-09-23,2006,4,regular,Wisconsin,Big Ten,Michigan,Big Ten,13,27,FALSE,TRUE,Michigan Stadium,
2006-09-23,2006,4,regular,Delaware,Atlantic 10,Rhode Island,Atlantic 10,24,17,FALSE,TRUE,Meade Stadium,
2006-09-23,2006,4,regular,North Carolina,ACC,Clemson,ACC,7,52,FALSE,TRUE,"Memorial Stadium (Clemson, SC)",
2006-09-23,2006,4,regular,Cincinnati,Big East,Virginia Tech,ACC,13,29,FALSE,FALSE,Lane Stadium,
2006-09-23,2006,4,regular,Iowa,Big Ten,Illinois,Big Ten,24,7,FALSE,TRUE,"Memorial Stadium (Champaign, IL)",
2006-09-23,2006,4,regular,Jacksonville,Pioneer,Butler,Pioneer,31,7,FALSE,TRUE,Butler Bowl,
2006-09-23,2006,4,regular,Minnesota,Big Ten,Purdue,Big Ten,21,27,FALSE,TRUE,Ross-Ade Stadium,
2006-09-23,2006,4,regular,Delaware,Atlantic 10,Rhodes College,,24,17,TRUE,FALSE,Meade Stadium,
2006-09-23,2006,4,regular,Louisville,Big East,Kansas State,Big 12,24,6,FALSE,FALSE,Bill Snyder Family Stadium,
2006-09-23,2006,4,regular,Colorado,Big 12,Georgia,SEC,13,14,FALSE,FALSE,Sanford Stadium,
2006-09-23,2006,4,regular,New Hampshire,Atlantic 10,Dartmouth,Ivy,56,14,FALSE,FALSE,Memorial Field,
2006-09-23,2006,4,regular,Georgetown,Patriot,Columbia,Ivy,21,23,FALSE,FALSE,Lawrence A. Wien Stadium,
2006-09-23,2006,4,regular,South Carolina State,MEAC,Coastal Carolina,Big South,14,33,FALSE,FALSE,Brooks Stadium (SC),
2006-09-23,2006,4,regular,Stony Brook,NEC,Massachusetts,Atlantic 10,7,48,TRUE,FALSE,,
2006-09-23,2006,4,regular,Yale,Ivy,Cornell,Ivy,21,9,FALSE,TRUE,Schoellkopf Field,
2006-09-23,2006,4,regular,Kent State,Mid-American,Bowling Green,Mid-American,38,3,FALSE,TRUE,Doyt L. Perry Stadium,
2006-09-23,2006,4,regular,Harvard,Ivy,Brown,Ivy,38,21,FALSE,TRUE,Brown Stadium,
2006-09-23,2006,4,regular,Bucknell,Patriot,Richmond,Atlantic 10,21,48,TRUE,FALSE,,
2006-09-23,2006,4,regular,Western Connecticut St,,Iona,Metro Atlantic Athletic,21,20,TRUE,FALSE,,
2006-09-23,2006,4,regular,Monmouth,NEC,Colgate,Patriot,17,12,FALSE,FALSE,Andy Kerr Stadium,
2006-09-23,2006,4,regular,Austin Peay,FCS Independents,Dayton,Pioneer,23,28,FALSE,FALSE,Welcome Stadium,
2006-09-23,2006,4,regular,Sacred Heart,NEC,Duquesne,Metro Atlantic Athletic,21,24,FALSE,FALSE,Arthur J. Rooney Athletic Field,
2006-09-23,2006,4,regular,Rowan,,Robert Morris,NEC,0,21,FALSE,FALSE,Joe Walton Stadium,
2006-09-23,2006,4,regular,La Salle,Metro Atlantic Athletic,St. Francis (PA),NEC,24,21,TRUE,FALSE,,
2006-09-23,2006,4,regular,St. Peter's,Metro Atlantic Athletic,Wagner,NEC,0,34,FALSE,FALSE,Wagner College Stadium,
2006-09-23,2006,4,regular,The Citadel,Southern,Pittsburgh,Big East,6,51,FALSE,FALSE,Acrisure Stadium,
2006-09-23,2006,4,regular,Tulsa,Conference USA,Navy,FBS Independents,24,23,FALSE,FALSE,Navy-Marine Corps Memorial Stadium,
2006-09-23,2006,4,regular,Ohio,Mid-American,Missouri,Big 12,6,31,FALSE,FALSE,Memorial Stadium,
2006-09-23,2006,4,regular,Howard,MEAC,Rutgers,Big East,7,56,TRUE,FALSE,High Point Solutions Stadium,
2006-09-23,2006,4,regular,Shaw,,Maine,Atlantic 10,12,62,FALSE,FALSE,Alfond Stadium,
2006-09-23,2006,4,regular,Drake,Pioneer,Valparaiso,Pioneer,21,7,FALSE,TRUE,Brown Field,
2006-09-23,2006,4,regular,Buffalo,Mid-American,Auburn,SEC,7,38,FALSE,FALSE,Jordan-Hare Stadium,
2006-09-23,2006,4,regular,Utah State,Western Athletic,BYU,Mountain West,0,38,FALSE,FALSE,LaVell Edwards Stadium,
2006-09-23,2006,4,regular,South Dakota State,Great West,Nicholls,Southland,24,17,FALSE,FALSE,Manning Field at John L. Guidry Stadium,
2006-09-23,2006,4,regular,Eastern Washington,Big Sky,Montana State,Big Sky,19,10,FALSE,TRUE,Bobcat Stadium,
2006-09-23,2006,4,regular,Sacramento State,Big Sky,Montana,Big Sky,14,59,FALSE,TRUE,Washington-Grizzly Stadium,
2006-09-23,2006,4,regular,Indiana State,MVFC,Northern Illinois,Mid-American,14,48,FALSE,FALSE,Huskie Stadium,
2006-09-23,2006,4,regular,Alabama,SEC,Arkansas,SEC,23,24,FALSE,TRUE,Razorback Stadium,
2006-09-23,2006,4,regular,Arizona State,Pac-10,California,Pac-10,21,49,FALSE,TRUE,California Memorial Stadium,
2006-09-23,2006,4,regular,Rice,Conference USA,Florida State,ACC,7,55,FALSE,FALSE,Doak Campbell Stadium,
2006-09-23,2006,4,regular,UConn,Big East,Indiana,Big Ten,14,7,FALSE,FALSE,"Memorial Stadium (Bloomington, IN)",
2006-09-23,2006,4,regular,Penn State,Big Ten,Ohio State,Big Ten,6,28,FALSE,TRUE,Ohio Stadium,
2006-09-23,2006,4,regular,Iowa State,Big 12,Texas,Big 12,14,37,FALSE,TRUE,DKR-Texas Memorial Stadium,
2006-09-23,2006,4,regular,Central Michigan,Mid-American,Eastern Michigan,Mid-American,24,17,FALSE,TRUE,Rynearson Stadium,
2006-09-23,2006,4,regular,Western Illinois,MVFC,Northern Colorado,Big Sky,42,28,FALSE,FALSE,Nottingham Field,
2006-09-23,2006,4,regular,Central Connecticut,NEC,UAlbany,NEC,14,19,TRUE,TRUE,University Field (NY),
2006-09-23,2006,4,regular,Norfolk State,MEAC,Bethune-Cookman,MEAC,21,22,FALSE,TRUE,Municipal Stadium,
2006-09-23,2006,4,regular,Morgan State,MEAC,Hampton,MEAC,7,26,TRUE,TRUE,,
2006-09-23,2006,4,regular,Marshall,Conference USA,Tennessee,SEC,7,33,FALSE,FALSE,Neyland Stadium,
2006-09-23,2006,4,regular,West Virginia,Big East,East Carolina,Conference USA,27,10,FALSE,FALSE,Dowdy-Ficklen Stadium,
2006-09-23,2006,4,regular,Air Force,Mountain West,Wyoming,Mountain West,31,24,FALSE,TRUE,,
2006-09-23,2006,4,regular,Washington State,Pac-10,Stanford,Pac-10,36,10,FALSE,TRUE,Stanford Stadium,
2006-09-23,2006,4,regular,UTEP,Conference USA,New Mexico,Mountain West,13,26,FALSE,FALSE,University Stadium (NM),
2006-09-23,2006,4,regular,North Carolina A&T,MEAC,Louisiana,Sun Belt,7,48,FALSE,FALSE,Cajun Field,
2006-09-23,2006,4,regular,Northern Arizona,Big Sky,Idaho State,Big Sky,33,27,FALSE,TRUE,Holt Arena,
2006-09-23,2006,4,regular,Cal Poly,Great West,San José State,Western Athletic,7,17,FALSE,FALSE,CEFCU Stadium,
2006-09-23,2006,4,regular,Winston-Salem,FCS Independents,Florida A&M,MEAC,21,25,FALSE,FALSE,Bragg Memorial Stadium,
2006-09-23,2006,4,regular,Florida International,Sun Belt,Maryland,ACC,10,14,FALSE,FALSE,SECU Stadium,
2006-09-23,2006,4,regular,Wake Forest,ACC,Ole Miss,SEC,27,3,FALSE,FALSE,Vaught-Hemingway Stadium,
2006-09-23,2006,4,regular,Lafayette,Patriot,Princeton,Ivy,14,26,FALSE,FALSE,Princeton University Stadium,
2006-09-23,2006,4,regular,Georgia Southern,Southern,Chattanooga,Southern,26,27,FALSE,TRUE,Finley Stadium,
2006-09-23,2006,4,regular,Northeastern,Atlantic 10,James Madison,Atlantic 10,14,52,FALSE,TRUE,Bridgeforth Stadium,
2006-09-23,2006,4,regular,North Texas,Sun Belt,Akron,Mid-American,13,33,FALSE,FALSE,,
2006-09-23,2006,4,regular,App State,Southern,Gardner-Webb,Big South,41,6,FALSE,FALSE,Ernest W. Spangler Stadium,
2006-09-23,2006,4,regular,Liberty,Big South,Savannah St,FCS Independents,28,0,FALSE,FALSE,Ted Wright Stadium,
2006-09-23,2006,4,regular,UC Davis,Great West,Youngstown State,MVFC,24,38,FALSE,FALSE,Stambaugh Stadium,
2006-09-23,2006,4,regular,North Dakota State,Great West,Ball State,Mid-American,29,24,FALSE,FALSE,Scheumann Stadium,
2006-09-23,2006,4,regular,Mississippi State,SEC,UAB,Conference USA,16,10,FALSE,FALSE,Legion Field,
2006-09-23,2006,4,regular,Illinois State,MVFC,Murray State,OVC,35,14,FALSE,FALSE,Roy Stewart Stadium,
2006-09-23,2006,4,regular,Troy,Sun Belt,Nebraska,Big 12,0,56,FALSE,FALSE,"Memorial Stadium (Lincoln, NE)",
2006-09-23,2006,4,regular,Miami (OH),Mid-American,Syracuse,Big East,14,34,FALSE,FALSE,JMA Wireless Dome,
2006-09-23,2006,4,regular,Middle Tennessee,Sun Belt,Oklahoma,Big 12,0,59,FALSE,FALSE,"Memorial Stadium (Norman, OK)",
2006-09-23,2006,4,regular,Villanova,Atlantic 10,Pennsylvania,Ivy,27,20,FALSE,FALSE,Franklin Field,
2006-09-23,2006,4,regular,Western Carolina,Southern,Furman,Southern,7,42,FALSE,TRUE,Paladin Stadium,
2006-09-23,2006,4,regular,Tennessee State,OVC,Vanderbilt,SEC,9,38,FALSE,FALSE,FirstBank Stadium,
2006-09-23,2006,4,regular,Army,FBS Independents,Baylor,Big 12,27,20,FALSE,FALSE,Floyd Casey Stadium,
2006-09-23,2006,4,regular,Louisiana Tech,Western Athletic,Texas A&M,Big 12,14,45,FALSE,FALSE,Kyle Field,
2006-09-23,2006,4,regular,UCLA,Pac-10,Washington,Pac-10,19,29,FALSE,TRUE,Husky Stadium,
2006-09-23,2006,4,regular,Towson,Atlantic 10,Hofstra,Atlantic 10,33,30,TRUE,TRUE,,
2006-09-23,2006,4,regular,South Florida,Big East,Kansas,Big 12,7,13,FALSE,FALSE,Memorial Stadium,
2006-09-23,2006,4,regular,Holy Cross,Patriot,Marist,Metro Atlantic Athletic,27,0,FALSE,FALSE,Leonidoff Field,
2006-09-23,2006,4,regular,Missouri S&T,,Morehead State,Pioneer,49,37,FALSE,FALSE,Jayne Stadium,
2006-09-23,2006,4,regular,Eastern Illinois,OVC,Samford,OVC,24,13,FALSE,TRUE,Seibert Stadium,
2006-09-23,2006,4,regular,Florida Atlantic,Sun Belt,South Carolina,SEC,6,45,FALSE,FALSE,Williams-Brice Stadium,
2006-09-23,2006,4,regular,Central Arkansas,FCS Independents,Stephen F. Austin,Southland,37,35,FALSE,FALSE,Homer Bryce Stadium,
2006-09-23,2006,4,regular,Sam Houston,Southland,Missouri State,MVFC,20,17,FALSE,FALSE,Plaster Sports Complex,
2006-09-23,2006,4,regular,Jacksonville State,OVC,UT Martin,OVC,14,24,FALSE,TRUE,Graham Stadium,
2006-09-23,2006,4,regular,SE Louisiana,Southland,Texas Tech,Big 12,0,62,FALSE,FALSE,Jones AT&T Stadium,
2006-09-23,2006,4,regular,McNeese,Southland,Toledo,Mid-American,7,41,FALSE,FALSE,Glass Bowl,
2006-09-23,2006,4,regular,Temple,FBS Independents,Western Michigan,Mid-American,7,41,FALSE,FALSE,Waldo Stadium,
2006-09-23,2006,4,regular,VMI,Big South,William & Mary,Atlantic 10,6,38,FALSE,FALSE,Zable Stadium,
2006-09-23,2006,4,regular,Southern Illinois,MVFC,Arkansas-Pine Bluff,SWAC,48,16,FALSE,FALSE,Golden Lion Stadium,
2006-09-23,2006,4,regular,Kentucky,SEC,Florida,SEC,7,26,FALSE,TRUE,Ben Hill Griffin Stadium,
2006-09-24,2006,4,regular,USC,Pac-10,Arizona,Pac-10,20,3,FALSE,TRUE,Arizona Stadium,
2006-09-24,2006,4,regular,Utah,Mountain West,San Diego State,Mountain West,38,7,FALSE,TRUE,Qualcomm Stadium,
2006-09-24,2006,4,regular,Hawai'i,Western Athletic,Boise State,Western Athletic,34,41,FALSE,TRUE,Albertsons Stadium,
2006-09-24,2006,4,regular,Tulane,Conference USA,LSU,SEC,7,49,FALSE,FALSE,Tiger Stadium (LA),
2006-09-24,2006,4,regular,Notre Dame,FBS Independents,Michigan State,Big Ten,40,37,FALSE,FALSE,Spartan Stadium,
2006-09-24,2006,4,regular,Boston College,ACC,NC State,ACC,15,17,FALSE,TRUE,Carter-Finley Stadium,
2006-09-24,2006,4,regular,Texas State,Southland,Southern Utah,Great West,21,30,FALSE,FALSE,Eccles Coliseum,
2006-09-24,2006,4,regular,Arkansas State,Sun Belt,SMU,Conference USA,9,55,FALSE,FALSE,Gerald J. Ford Stadium,
2006-09-24,2006,4,regular,Portland State,Big Sky,Weber State,Big Sky,20,10,FALSE,TRUE,Stewart Stadium,
2006-09-24,2006,4,regular,Oklahoma State,Big 12,Houston,Conference USA,25,34,FALSE,FALSE,Robertson Stadium,
2006-09-24,2006,4,regular,Idaho,Western Athletic,Oregon State,Pac-10,0,38,FALSE,FALSE,Reser Stadium,
2006-09-26,2006,5,regular,Southern Miss,Conference USA,UCF,Conference USA,19,14,FALSE,TRUE,,
2006-09-28,2006,5,regular,BYU,Mountain West,TCU,Mountain West,31,17,FALSE,TRUE,Amon G. Carter Stadium,
2006-09-28,2006,5,regular,Auburn,SEC,South Carolina,SEC,24,17,FALSE,TRUE,Williams-Brice Stadium,
2006-09-29,2006,5,regular,Northern Colorado,Big Sky,Weber State,Big Sky,21,26,FALSE,TRUE,Stewart Stadium,
2006-09-30,2006,5,regular,Rutgers,Big East,South Florida,Big East,22,20,FALSE,TRUE,Raymond James Stadium,
2006-09-30,2006,5,regular,Eastern Illinois,OVC,Hawai'i,Western Athletic,9,44,FALSE,FALSE,,
2006-09-30,2006,5,regular,Navy,FBS Independents,UConn,Big East,41,17,FALSE,FALSE,Pratt & Whitney Stadium,
2006-09-30,2006,5,regular,Wisconsin,Big Ten,Indiana,Big Ten,52,17,FALSE,TRUE,"Memorial Stadium (Bloomington, IN)",
2006-09-30,2006,5,regular,Illinois,Big Ten,Michigan State,Big Ten,23,20,FALSE,TRUE,Spartan Stadium,
2006-09-30,2006,5,regular,Virginia,ACC,Duke,ACC,37,0,FALSE,TRUE,Wallace Wade Stadium,
2006-09-30,2006,5,regular,Toledo,Mid-American,Pittsburgh,Big East,3,45,FALSE,FALSE,Acrisure Stadium,
2006-09-30,2006,5,regular,Brown,Ivy,Rhode Island,Atlantic 10,21,28,FALSE,FALSE,Meade Stadium,
2006-09-30,2006,5,regular,Tennessee,SEC,Memphis,Conference USA,41,7,FALSE,FALSE,Simmons Bank Liberty Stadium,
2006-09-30,2006,5,regular,San Diego,Pioneer,Davidson,Pioneer,50,21,FALSE,TRUE,Richardson Stadium,
2006-09-30,2006,5,regular,Brown,Ivy,Rhodes College,,21,28,TRUE,FALSE,Meade Stadium,
2006-09-30,2006,5,regular,Mississippi State,SEC,LSU,SEC,17,48,FALSE,TRUE,Tiger Stadium (LA),
2006-09-30,2006,5,regular,Colorado,Big 12,Missouri,Big 12,13,28,FALSE,TRUE,Memorial Stadium,
2006-09-30,2006,5,regular,Fort Valley State,,Howard,MEAC,19,34,FALSE,FALSE,William H. Greene Stadium,
2006-09-30,2006,5,regular,Maine,Atlantic 10,Boston College,ACC,0,22,FALSE,FALSE,"Alumni Stadium (Chestnut Hill, MA)",
2006-09-30,2006,5,regular,Fordham,Patriot,Holy Cross,Patriot,21,28,FALSE,TRUE,Fitton Field,
2006-09-30,2006,5,regular,Dartmouth,Ivy,Pennsylvania,Ivy,10,17,FALSE,TRUE,Franklin Field,
2006-09-30,2006,5,regular,Northeastern,Atlantic 10,Richmond,Atlantic 10,7,12,TRUE,TRUE,,
2006-09-30,2006,5,regular,Stonehill,,Iona,Metro Atlantic Athletic,7,24,TRUE,FALSE,,
2006-09-30,2006,5,regular,Yale,Ivy,Lafayette,Patriot,37,34,FALSE,FALSE,Fisher Field,
2006-09-30,2006,5,regular,Dayton,Pioneer,Butler,Pioneer,20,23,FALSE,TRUE,Butler Bowl,
2006-09-30,2006,5,regular,Georgetown,Patriot,Colgate,Patriot,14,31,FALSE,TRUE,Andy Kerr Stadium,
2006-09-30,2006,5,regular,West Liberty,,Duquesne,Metro Atlantic Athletic,21,19,FALSE,FALSE,Arthur J. Rooney Athletic Field,
2006-09-30,2006,5,regular,Harvard,Ivy,Lehigh,Patriot,35,33,FALSE,FALSE,Goodman Stadium,
2006-09-30,2006,5,regular,Bucknell,Patriot,Marist,Metro Atlantic Athletic,48,19,FALSE,FALSE,Leonidoff Field,
2006-09-30,2006,5,regular,Stony Brook,NEC,Monmouth,NEC,36,17,TRUE,TRUE,Kessler Field,
2006-09-30,2006,5,regular,Wagner,NEC,Sacred Heart,NEC,17,25,FALSE,TRUE,Campus Field,
2006-09-30,2006,5,regular,Central Connecticut,NEC,St. Peter's,Metro Atlantic Athletic,73,13,TRUE,FALSE,,
2006-09-30,2006,5,regular,Jacksonville,Pioneer,Valparaiso,Pioneer,34,17,FALSE,TRUE,Brown Field,
2006-09-30,2006,5,regular,James Madison,Atlantic 10,VMI,Big South,45,7,FALSE,FALSE,Alumni Memorial Field,
2006-09-30,2006,5,regular,Hofstra,Atlantic 10,William & Mary,Atlantic 10,16,14,FALSE,TRUE,Zable Stadium,
2006-09-30,2006,5,regular,Princeton,Ivy,Columbia,Ivy,19,6,FALSE,TRUE,Lawrence A. Wien Stadium,
2006-09-30,2006,5,regular,Wyoming,Mountain West,Syracuse,Big East,34,40,FALSE,FALSE,JMA Wireless Dome,
2006-09-30,2006,5,regular,North Greenville,,Charleston Southern,Big South,10,20,FALSE,FALSE,Buccaneer Field,
2006-09-30,2006,5,regular,Bowling Green,Mid-American,Ohio,Mid-American,21,9,FALSE,TRUE,Peden Stadium,
2006-09-30,2006,5,regular,New Mexico,Mountain West,Air Force,Mountain West,7,24,FALSE,TRUE,Falcon Stadium,
2006-09-30,2006,5,regular,Morehead State,Pioneer,Drake,Pioneer,7,33,FALSE,TRUE,Drake Stadium,
2006-09-30,2006,5,regular,Akron,Mid-American,Kent State,Mid-American,15,37,FALSE,TRUE,Dix Stadium,
2006-09-30,2006,5,regular,Chattanooga,Southern,The Citadel,Southern,21,24,FALSE,TRUE,Johnson Hagood Stadium,
2006-09-30,2006,5,regular,Purdue,Big Ten,Notre Dame,FBS Independents,21,35,FALSE,FALSE,Notre Dame Stadium,
2006-09-30,2006,5,regular,Boise State,Western Athletic,Utah,Mountain West,36,3,FALSE,FALSE,Rice-Eccles Stadium,
2006-09-30,2006,5,regular,Idaho,Western Athletic,Utah State,Western Athletic,41,21,FALSE,TRUE,Maverik Stadium,
2006-09-30,2006,5,regular,South Dakota,Great West,Central Arkansas,FCS Independents,0,24,FALSE,FALSE,Estes Stadium,
2006-09-30,2006,5,regular,Jacksonville State,OVC,Eastern Kentucky,OVC,28,0,FALSE,TRUE,Roy Kidd Stadium,
2006-09-30,2006,5,regular,Florida A&M,MEAC,Tennessee State,OVC,25,22,TRUE,FALSE,Georgia Dome,AT ATLANTA GA
2006-09-30,2006,5,regular,Oregon,Pac-10,Arizona State,Pac-10,48,13,FALSE,TRUE,Mountain America Stadium,
2006-09-30,2006,5,regular,Alabama,SEC,Florida,SEC,13,28,FALSE,TRUE,Ben Hill Griffin Stadium,
2006-09-30,2006,5,regular,Liberty,Big South,Wake Forest,ACC,14,34,FALSE,FALSE,Allegacy Federal Credit Union Stadium,
2006-09-30,2006,5,regular,Northwestern,Big Ten,Penn State,Big Ten,7,33,FALSE,TRUE,Beaver Stadium,
2006-09-30,2006,5,regular,Texas Tech,Big 12,Texas A&M,Big 12,31,27,FALSE,TRUE,Kyle Field,
2006-09-30,2006,5,regular,Georgia Tech,ACC,Virginia Tech,ACC,38,27,FALSE,TRUE,Lane Stadium,
2006-09-30,2006,5,regular,Rice,Conference USA,Army,FBS Independents,48,14,FALSE,FALSE,Michie Stadium,
2006-09-30,2006,5,regular,Elon,Southern,App State,Southern,21,45,FALSE,TRUE,Kidd Brewer Stadium,
2006-09-30,2006,5,regular,Miami (OH),Mid-American,Cincinnati,Big East,10,24,FALSE,FALSE,Nippert Stadium,
2006-09-30,2006,5,regular,Furman,Southern,Wofford,Southern,35,21,FALSE,TRUE,Gibbs Stadium,
2006-09-30,2006,5,regular,North Carolina A&T,MEAC,Norfolk State,MEAC,20,42,FALSE,TRUE,"William Dick"""" Price Stadium""""",
2006-09-30,2006,5,regular,Robert Morris,NEC,St. Francis (PA),NEC,45,13,TRUE,TRUE,,
2006-09-30,2006,5,regular,California,Pac-10,Oregon State,Pac-10,41,13,FALSE,TRUE,Reser Stadium,
2006-09-30,2006,5,regular,Eastern Michigan,Mid-American,Louisiana,Sun Belt,14,33,FALSE,FALSE,Cajun Field,
2006-09-30,2006,5,regular,Sacramento State,Big Sky,Eastern Washington,Big Sky,21,20,FALSE,TRUE,Roos Field,
2006-09-30,2006,5,regular,San Diego State,Mountain West,San José State,Western Athletic,10,31,FALSE,FALSE,CEFCU Stadium,
2006-09-30,2006,5,regular,Central Michigan,Mid-American,Kentucky,SEC,36,45,FALSE,FALSE,Kroger Field,
2006-09-30,2006,5,regular,Arkansas State,Sun Belt,Florida International,Sun Belt,31,6,FALSE,TRUE,FIU Stadium,
2006-09-30,2006,5,regular,Houston,Conference USA,Miami,ACC,13,14,FALSE,FALSE,,
2006-09-30,2006,5,regular,Bethune-Cookman,MEAC,Morgan State,MEAC,14,28,FALSE,TRUE,Hughes Stadium,
2006-09-30,2006,5,regular,Miles College,,Savannah St,FCS Independents,24,12,FALSE,FALSE,Ted Wright Stadium,
2006-09-30,2006,5,regular,Georgia Southern,Southern,Western Carolina,Southern,24,14,FALSE,TRUE,E. J. Whitmire Stadium,
2006-09-30,2006,5,regular,Coastal Carolina,Big South,Winston-Salem,FCS Independents,31,12,FALSE,FALSE,Bowman Gray Stadium,
2006-09-30,2006,5,regular,Montana State,Big Sky,Northern Arizona,Big Sky,39,32,FALSE,TRUE,Walkup Skydome,
2006-09-30,2006,5,regular,Northern Illinois,Mid-American,Ball State,Mid-American,40,28,FALSE,TRUE,Scheumann Stadium,
2006-09-30,2006,5,regular,Troy,Sun Belt,UAB,Conference USA,3,21,FALSE,FALSE,Legion Field,
2006-09-30,2006,5,regular,New Hampshire,Atlantic 10,Delaware,Atlantic 10,52,49,TRUE,TRUE,,
2006-09-30,2006,5,regular,Northern Iowa,MVFC,Iowa State,Big 12,27,28,FALSE,FALSE,Jack Trice Stadium,
2006-09-30,2006,5,regular,Indiana State,MVFC,Southern Illinois,MVFC,3,55,TRUE,TRUE,,
2006-09-30,2006,5,regular,Tennessee Tech,OVC,Murray State,OVC,20,14,FALSE,TRUE,Roy Stewart Stadium,
2006-09-30,2006,5,regular,Western Illinois,MVFC,Western Kentucky,MVFC,35,38,FALSE,TRUE,Houchens Industries-L.T. Smith Stadium,
2006-09-30,2006,5,regular,Kansas,Big 12,Nebraska,Big 12,32,39,FALSE,TRUE,"Memorial Stadium (Lincoln, NE)",
2006-09-30,2006,5,regular,UAlbany,NEC,Cornell,Ivy,21,23,FALSE,FALSE,Schoellkopf Field,
2006-09-30,2006,5,regular,Louisiana Tech,Western Athletic,Clemson,ACC,0,51,FALSE,FALSE,"Memorial Stadium (Clemson, SC)",
2006-09-30,2006,5,regular,Temple,FBS Independents,Vanderbilt,SEC,14,43,FALSE,FALSE,FirstBank Stadium,
2006-09-30,2006,5,regular,Kansas State,Big 12,Baylor,Big 12,3,17,FALSE,TRUE,Floyd Casey Stadium,
2006-09-30,2006,5,regular,Middle Tennessee,Sun Belt,North Texas,Sun Belt,35,0,FALSE,TRUE,,
2006-09-30,2006,5,regular,Sam Houston,Southland,Texas,Big 12,3,56,FALSE,FALSE,DKR-Texas Memorial Stadium,
2006-09-30,2006,5,regular,USC,Pac-10,Washington State,Pac-10,28,22,FALSE,TRUE,Gesa Field,
2006-09-30,2006,5,regular,UT Martin,OVC,Austin Peay,FCS Independents,20,10,FALSE,FALSE,Governors Stadium,
2006-09-30,2006,5,regular,Hampton,MEAC,Delaware State,MEAC,29,14,FALSE,TRUE,Alumni Stadium,
2006-09-30,2006,5,regular,Florida Atlantic,Sun Belt,UL Monroe,Sun Belt,21,19,FALSE,TRUE,Malone Stadium,
2006-09-30,2006,5,regular,Arkansas-Monticello,,Northwestern State,Southland,3,20,FALSE,FALSE,Harry Turpin Stadium,
2006-09-30,2006,5,regular,Gardner-Webb,Big South,SE Louisiana,Southland,28,21,FALSE,FALSE,Strawberry Stadium,
2006-09-30,2006,5,regular,Samford,OVC,Southeast Missouri State,OVC,14,19,TRUE,TRUE,Houck Stadium,
2006-09-30,2006,5,regular,North Dakota State,Great West,Stephen F. Austin,Southland,17,9,FALSE,FALSE,Homer Bryce Stadium,
2006-09-30,2006,5,regular,Youngstown State,MVFC,Missouri State,MVFC,37,10,FALSE,TRUE,Plaster Sports Complex,
2006-09-30,2006,5,regular,SMU,Conference USA,Tulane,Conference USA,33,28,FALSE,TRUE,Caesars Superdome,
2006-10-01,2006,5,regular,Michigan,Big Ten,Minnesota,Big Ten,28,14,FALSE,TRUE,,
2006-10-01,2006,5,regular,Ohio State,Big Ten,Iowa,Big Ten,38,17,FALSE,TRUE,Kinnick Stadium,
2006-10-01,2006,5,regular,South Dakota State,Great West,McNeese,Southland,20,17,FALSE,FALSE,Cowboy Stadium,
2006-10-01,2006,5,regular,Georgia,SEC,Ole Miss,SEC,14,9,FALSE,TRUE,Vaught-Hemingway Stadium,
2006-10-01,2006,5,regular,Montana,Big Sky,Portland State,Big Sky,26,20,TRUE,TRUE,,
2006-10-01,2006,5,regular,New Mexico State,Western Athletic,UTEP,Conference USA,38,44,FALSE,FALSE,Sun Bowl,
2006-10-01,2006,5,regular,Washington,Pac-10,Arizona,Pac-10,21,10,FALSE,TRUE,Arizona Stadium,
2006-10-01,2006,5,regular,Colorado State,Mountain West,Fresno State,Western Athletic,35,23,FALSE,FALSE,Valley Children's Stadium,
2006-10-01,2006,5,regular,Nevada,Western Athletic,UNLV,Mountain West,31,3,FALSE,FALSE,Sam Boyd Stadium,
2006-10-01,2006,5,regular,Stanford,Pac-10,UCLA,Pac-10,0,31,FALSE,TRUE,Rose Bowl,
2006-10-03,2006,6,regular,Southern Miss,Conference USA,Tulsa,Conference USA,6,20,FALSE,TRUE,,
2006-10-04,2006,6,regular,UCF,Conference USA,Marshall,Conference USA,23,22,FALSE,TRUE,Joan C. Edwards Stadium,
2006-10-05,2006,6,regular,Murray State,OVC,Jacksonville State,OVC,17,49,FALSE,TRUE,AmFirst Stadium,
2006-10-05,2006,6,regular,Florida State,ACC,NC State,ACC,20,24,FALSE,TRUE,Carter-Finley Stadium,
2006-10-06,2006,6,regular,UT Martin,OVC,Tennessee Tech,OVC,35,16,FALSE,TRUE,Tucker Stadium,
2006-10-06,2006,6,regular,TCU,Mountain West,Utah,Mountain West,7,20,FALSE,TRUE,Rice-Eccles Stadium,
2006-10-07,2006,6,regular,Louisville,Big East,Middle Tennessee,Sun Belt,44,17,FALSE,FALSE,"Johnny ""Red"" Floyd Stadium",
2006-10-07,2006,6,regular,Nevada,Western Athletic,Hawai'i,Western Athletic,34,41,FALSE,TRUE,,
2006-10-07,2006,6,regular,Arkansas,SEC,Auburn,SEC,27,10,FALSE,TRUE,Jordan-Hare Stadium,
2006-10-07,2006,6,regular,Delaware,Atlantic 10,Northeastern,Atlantic 10,24,27,TRUE,TRUE,,
2006-10-07,2006,6,regular,Penn State,Big Ten,Minnesota,Big Ten,28,27,FALSE,TRUE,,
2006-10-07,2006,6,regular,Clemson,ACC,Wake Forest,ACC,27,17,FALSE,TRUE,Allegacy Federal Credit Union Stadium,
2006-10-07,2006,6,regular,Richmond,Atlantic 10,New Hampshire,Atlantic 10,17,27,FALSE,TRUE,Wildcat Stadium,
2006-10-07,2006,6,regular,Pittsburgh,Big East,Syracuse,Big East,21,11,FALSE,TRUE,JMA Wireless Dome,
2006-10-07,2006,6,regular,Western Michigan,Mid-American,Ohio,Mid-American,20,27,FALSE,TRUE,Peden Stadium,
2006-10-07,2006,6,regular,Northwestern,Big Ten,Wisconsin,Big Ten,9,41,FALSE,TRUE,Camp Randall Stadium,
2006-10-07,2006,6,regular,Indiana,Big Ten,Illinois,Big Ten,34,32,FALSE,TRUE,"Memorial Stadium (Champaign, IL)",
2006-10-07,2006,6,regular,Villanova,Atlantic 10,Hofstra,Atlantic 10,20,16,TRUE,TRUE,,
2006-10-07,2006,6,regular,Purdue,Big Ten,Iowa,Big Ten,17,47,FALSE,TRUE,Kinnick Stadium,
2006-10-07,2006,6,regular,Texas A&M,Big 12,Kansas,Big 12,21,18,FALSE,TRUE,Memorial Stadium,
2006-10-07,2006,6,regular,North Carolina,ACC,Miami,ACC,7,27,FALSE,TRUE,,
2006-10-07,2006,6,regular,Cornell,Ivy,Harvard,Ivy,23,33,FALSE,TRUE,Harvard Stadium,
2006-10-07,2006,6,regular,Yale,Ivy,Dartmouth,Ivy,26,14,FALSE,TRUE,Memorial Field,
2006-10-07,2006,6,regular,Iona,Metro Atlantic Athletic,Columbia,Ivy,0,24,FALSE,FALSE,Lawrence A. Wien Stadium,
2006-10-07,2006,6,regular,Lehigh,Patriot,Georgetown,Patriot,28,3,FALSE,TRUE,Cooper Field,
2006-10-07,2006,6,regular,Brown,Ivy,Holy Cross,Patriot,30,35,FALSE,FALSE,Fitton Field,
2006-10-07,2006,6,regular,William & Mary,Atlantic 10,Massachusetts,Atlantic 10,7,48,TRUE,TRUE,,
2006-10-07,2006,6,regular,Kent State,Mid-American,Temple,FBS Independents,28,17,FALSE,FALSE,Lincoln Financial Field,
2006-10-07,2006,6,regular,North Dakota State,Great West,Georgia Southern,Southern,34,14,FALSE,FALSE,Allen E. Paulson Stadium,
2006-10-07,2006,6,regular,VMI,Big South,Army,FBS Independents,7,62,FALSE,FALSE,Michie Stadium,
2006-10-07,2006,6,regular,Pennsylvania,Ivy,Bucknell,Patriot,34,24,FALSE,FALSE,Christy Mathewson-Memorial Stadium,
2006-10-07,2006,6,regular,Ball State,Mid-American,Buffalo,Mid-American,55,25,FALSE,TRUE,UB Stadium,
2006-10-07,2006,6,regular,St. Francis (PA),NEC,Central Connecticut,NEC,21,62,FALSE,TRUE,Arute Field,
2006-10-07,2006,6,regular,Princeton,Ivy,Colgate,Patriot,27,26,FALSE,FALSE,Andy Kerr Stadium,
2006-10-07,2006,6,regular,Jacksonville,Pioneer,Davidson,Pioneer,3,38,FALSE,TRUE,Richardson Stadium,
2006-10-07,2006,6,regular,Morehead State,Pioneer,Dayton,Pioneer,22,15,FALSE,TRUE,Welcome Stadium,
2006-10-07,2006,6,regular,Duquesne,Metro Atlantic Athletic,Fordham,Patriot,20,17,TRUE,FALSE,Coffey Field,
2006-10-07,2006,6,regular,Marist,Metro Atlantic Athletic,La Salle,Metro Atlantic Athletic,41,13,TRUE,TRUE,,
2006-10-07,2006,6,regular,Sacred Heart,NEC,Monmouth,NEC,0,24,TRUE,TRUE,Kessler Field,
2006-10-07,2006,6,regular,Valparaiso,Pioneer,St. Joseph's (IN),,14,43,TRUE,FALSE,,
2006-10-07,2006,6,regular,Robert Morris,NEC,Wagner,NEC,14,10,FALSE,TRUE,Wagner College Stadium,
2006-10-07,2006,6,regular,Rhode Island,Atlantic 10,James Madison,Atlantic 10,23,35,FALSE,TRUE,Bridgeforth Stadium,
2006-10-07,2006,6,regular,Morgan State,MEAC,North Carolina A&T,MEAC,32,0,TRUE,TRUE,Aggie Memorial Stadium,
2006-10-07,2006,6,regular,The Citadel,Southern,Wofford,Southern,20,28,FALSE,TRUE,Gibbs Stadium,
2006-10-07,2006,6,regular,Vanderbilt,SEC,Ole Miss,SEC,10,17,FALSE,TRUE,Vaught-Hemingway Stadium,
2006-10-07,2006,6,regular,San Diego State,Mountain West,BYU,Mountain West,17,47,FALSE,TRUE,LaVell Edwards Stadium,
2006-10-07,2006,6,regular,Navy,FBS Independents,Air Force,Mountain West,24,17,FALSE,FALSE,Falcon Stadium,
2006-10-07,2006,6,regular,Western Carolina,Southern,Elon,Southern,19,37,FALSE,TRUE,Rhodes Stadium,
2006-10-07,2006,6,regular,Eastern Kentucky,OVC,Samford,OVC,31,12,FALSE,TRUE,Seibert Stadium,
2006-10-07,2006,6,regular,Norfolk State,MEAC,South Carolina State,MEAC,10,47,FALSE,TRUE,Oliver C. Dawson Stadium,
2006-10-07,2006,6,regular,UAlbany,NEC,Stony Brook,NEC,21,33,FALSE,TRUE,Kenneth P. LaValle Stadium,
2006-10-07,2006,6,regular,Rice,Conference USA,Tulane,Conference USA,24,38,FALSE,TRUE,Caesars Superdome,
2006-10-07,2006,6,regular,Howard,MEAC,Winston-Salem,FCS Independents,0,12,FALSE,FALSE,Bowman Gray Stadium,
2006-10-07,2006,6,regular,Western Illinois,MVFC,Southern Illinois,MVFC,24,31,TRUE,TRUE,,
2006-10-07,2006,6,regular,Stanford,Pac-10,Notre Dame,FBS Independents,10,31,FALSE,FALSE,Notre Dame Stadium,
2006-10-07,2006,6,regular,West Virginia,Big East,Mississippi State,SEC,42,14,FALSE,FALSE,Davis Wade Stadium,
2006-10-07,2006,6,regular,Southeast Missouri State,OVC,Eastern Illinois,OVC,0,21,FALSE,TRUE,O'Brien Stadium,
2006-10-07,2006,6,regular,Maine,Atlantic 10,Towson,Atlantic 10,28,7,FALSE,TRUE,Johnny Unitas Stadium,
2006-10-07,2006,6,regular,Washington,Pac-10,USC,Pac-10,20,26,FALSE,TRUE,Los Angeles Memorial Coliseum,
2006-10-07,2006,6,regular,Baylor,Big 12,Colorado,Big 12,34,31,FALSE,TRUE,Folsom Field,
2006-10-07,2006,6,regular,LSU,SEC,Florida,SEC,10,23,FALSE,TRUE,Ben Hill Griffin Stadium,
2006-10-07,2006,6,regular,Maryland,ACC,Georgia Tech,ACC,23,27,FALSE,TRUE,Bobby Dodd Stadium,
2006-10-07,2006,6,regular,Bowling Green,Mid-American,Ohio State,Big Ten,7,35,FALSE,FALSE,Ohio Stadium,
2006-10-07,2006,6,regular,Texas,Big 12,Oklahoma,Big 12,28,10,FALSE,TRUE,,
2006-10-07,2006,6,regular,Akron,Mid-American,Cincinnati,Big East,14,20,FALSE,FALSE,Nippert Stadium,
2006-10-07,2006,6,regular,Portland State,Big Sky,Montana State,Big Sky,0,14,FALSE,TRUE,Bobcat Stadium,
2006-10-07,2006,6,regular,Oklahoma State,Big 12,Kansas State,Big 12,27,31,FALSE,TRUE,Bill Snyder Family Stadium,
2006-10-07,2006,6,regular,Idaho State,Big Sky,Northern Colorado,Big Sky,41,13,FALSE,TRUE,Nottingham Field,
2006-10-07,2006,6,regular,Delaware State,MEAC,Bethune-Cookman,MEAC,33,31,FALSE,TRUE,Municipal Stadium,
2006-10-07,2006,6,regular,Hampton,MEAC,Central State (OH),,42,12,TRUE,FALSE,,
2006-10-07,2006,6,regular,Indiana State,MVFC,Youngstown State,MVFC,17,55,FALSE,TRUE,Stambaugh Stadium,
2006-10-07,2006,6,regular,Michigan State,Big Ten,Michigan,Big Ten,13,31,FALSE,TRUE,Michigan Stadium,
2006-10-07,2006,6,regular,Butler,Pioneer,San Diego,Pioneer,3,56,FALSE,TRUE,Torero Stadium,
2006-10-07,2006,6,regular,New Mexico State,Western Athletic,Idaho,Western Athletic,20,28,FALSE,TRUE,Kibbie Dome,
2006-10-07,2006,6,regular,Montana,Big Sky,Eastern Washington,Big Sky,33,17,FALSE,TRUE,Roos Field,
2006-10-07,2006,6,regular,Missouri State,MVFC,Northern Iowa,MVFC,7,38,FALSE,TRUE,UNI-Dome,
2006-10-07,2006,6,regular,UNLV,Mountain West,Colorado State,Mountain West,7,28,FALSE,TRUE,Sonny Lubick Field at Hughes Stadium,
2006-10-07,2006,6,regular,Virginia,ACC,East Carolina,Conference USA,21,31,FALSE,FALSE,Dowdy-Ficklen Stadium,
2006-10-07,2006,6,regular,App State,Southern,Chattanooga,Southern,56,21,FALSE,TRUE,Finley Stadium,
2006-10-07,2006,6,regular,Charleston Southern,Big South,Savannah St,FCS Independents,38,13,FALSE,FALSE,Ted Wright Stadium,
2006-10-07,2006,6,regular,Memphis,Conference USA,UAB,Conference USA,29,35,FALSE,TRUE,Legion Field,
2006-10-07,2006,6,regular,Arizona,Pac-10,UCLA,Pac-10,7,27,FALSE,TRUE,Rose Bowl,
2006-10-07,2006,6,regular,UConn,Big East,South Florida,Big East,16,38,FALSE,TRUE,Raymond James Stadium,
2006-10-07,2006,6,regular,South Carolina,SEC,Kentucky,SEC,24,17,FALSE,TRUE,Kroger Field,
2006-10-07,2006,6,regular,Illinois State,MVFC,Western Kentucky,MVFC,28,27,FALSE,TRUE,Houchens Industries-L.T. Smith Stadium,
2006-10-07,2006,6,regular,Washington State,Pac-10,Oregon State,Pac-10,13,6,FALSE,TRUE,Reser Stadium,
2006-10-07,2006,6,regular,Louisiana,Sun Belt,Houston,Conference USA,31,28,FALSE,FALSE,Robertson Stadium,
2006-10-07,2006,6,regular,Florida International,Sun Belt,North Texas,Sun Belt,22,25,FALSE,TRUE,,
2006-10-07,2006,6,regular,Furman,Southern,Coastal Carolina,Big South,27,29,FALSE,FALSE,Brooks Stadium (SC),
2006-10-07,2006,6,regular,Stephen F. Austin,Southland,Texas State,Southland,24,13,TRUE,TRUE,Bobcat Stadium,
2006-10-07,2006,6,regular,Waldorf College,,Drake,Pioneer,3,35,FALSE,FALSE,Drake Stadium,
2006-10-07,2006,6,regular,Missouri,Big 12,Texas Tech,Big 12,38,21,FALSE,TRUE,Jones AT&T Stadium,
2006-10-07,2006,6,regular,Central Michigan,Mid-American,Toledo,Mid-American,42,20,FALSE,TRUE,Glass Bowl,
2006-10-07,2006,6,regular,UL Monroe,Sun Belt,Arkansas State,Sun Belt,6,10,FALSE,TRUE,,
2006-10-07,2006,6,regular,Duke,ACC,Alabama,SEC,14,30,FALSE,FALSE,Bryant-Denny Stadium,
2006-10-07,2006,6,regular,SE Louisiana,Southland,Nicholls,Southland,10,14,FALSE,TRUE,Manning Field at John L. Guidry Stadium,
2006-10-07,2006,6,regular,Tennessee,SEC,Georgia,SEC,51,33,FALSE,TRUE,Sanford Stadium,
2006-10-08,2006,6,regular,Oregon,Pac-10,California,Pac-10,24,45,FALSE,TRUE,California Memorial Stadium,
2006-10-08,2006,6,regular,Nebraska,Big 12,Iowa State,Big 12,28,14,FALSE,TRUE,Jack Trice Stadium,
2006-10-08,2006,6,regular,Louisiana Tech,Western Athletic,Boise State,Western Athletic,14,55,FALSE,TRUE,Albertsons Stadium,
2006-10-08,2006,6,regular,Wyoming,Mountain West,New Mexico,Mountain West,14,10,FALSE,TRUE,University Stadium (NM),
2006-10-08,2006,6,regular,Southern Utah,Great West,McNeese,Southland,27,30,FALSE,FALSE,Cowboy Stadium,
2006-10-08,2006,6,regular,Sam Houston,Southland,Northwestern State,Southland,30,20,FALSE,TRUE,Harry Turpin Stadium,
2006-10-08,2006,6,regular,Central Arkansas,FCS Independents,South Dakota State,Great West,7,20,TRUE,FALSE,Coughlin-Alumni Stadium,
2006-10-08,2006,6,regular,Fresno State,Western Athletic,Utah State,Western Athletic,12,13,FALSE,TRUE,Maverik Stadium,
2006-10-08,2006,6,regular,SMU,Conference USA,UTEP,Conference USA,21,24,FALSE,TRUE,Sun Bowl,
2006-10-08,2006,6,regular,Weber State,Big Sky,Sacramento State,Big Sky,21,24,FALSE,TRUE,Hornet Stadium,
2006-10-09,2006,6,regular,Northern Illinois,Mid-American,Miami (OH),Mid-American,28,25,FALSE,TRUE,Yager Stadium,
2006-10-12,2006,7,regular,Southern Utah,Great West,Florida Atlantic,Sun Belt,7,32,FALSE,FALSE,,
2006-10-12,2006,7,regular,Virginia Tech,ACC,Boston College,ACC,3,22,FALSE,TRUE,"Alumni Stadium (Chestnut Hill, MA)",
2006-10-12,2006,7,regular,Clemson,ACC,Temple,FBS Independents,63,9,FALSE,FALSE,"Memorial Stadium (Clemson, SC)",
2006-10-13,2006,7,regular,Colorado State,Mountain West,Air Force,Mountain West,21,24,FALSE,TRUE,Falcon Stadium,
2006-10-13,2006,7,regular,Brown,Ivy,Princeton,Ivy,3,17,FALSE,TRUE,Princeton University Stadium,
2006-10-14,2006,7,regular,Pittsburgh,Big East,UCF,Conference USA,52,7,FALSE,FALSE,,
2006-10-14,2006,7,regular,Army,FBS Independents,UConn,Big East,7,21,FALSE,FALSE,Pratt & Whitney Stadium,
2006-10-14,2006,7,regular,Purdue,Big Ten,Northwestern,Big Ten,31,10,FALSE,TRUE,Ryan Field,
2006-10-14,2006,7,regular,Iowa,Big Ten,Indiana,Big Ten,28,31,FALSE,TRUE,"Memorial Stadium (Bloomington, IN)",
2006-10-14,2006,7,regular,Wake Forest,ACC,NC State,ACC,25,23,FALSE,TRUE,Carter-Finley Stadium,
2006-10-14,2006,7,regular,South Florida,Big East,North Carolina,ACC,37,20,FALSE,FALSE,Kenan Stadium,
2006-10-14,2006,7,regular,James Madison,Atlantic 10,New Hampshire,Atlantic 10,42,23,FALSE,TRUE,Wildcat Stadium,
2006-10-14,2006,7,regular,Richmond,Atlantic 10,Rhode Island,Atlantic 10,31,6,FALSE,TRUE,Meade Stadium,
2006-10-14,2006,7,regular,Minnesota,Big Ten,Wisconsin,Big Ten,12,48,FALSE,TRUE,Camp Randall Stadium,
2006-10-14,2006,7,regular,Syracuse,Big East,West Virginia,Big East,17,41,FALSE,TRUE,Milan Puskar Stadium,
2006-10-14,2006,7,regular,Richmond,Atlantic 10,Rhodes College,,31,6,TRUE,FALSE,Meade Stadium,
2006-10-14,2006,7,regular,Hofstra,Atlantic 10,Delaware,Atlantic 10,6,10,TRUE,TRUE,,
2006-10-14,2006,7,regular,Lehigh,Patriot,Yale,Ivy,20,26,FALSE,FALSE,Yale Bowl,
2006-10-14,2006,7,regular,Vanderbilt,SEC,Georgia,SEC,24,22,FALSE,TRUE,Sanford Stadium,
2006-10-14,2006,7,regular,Lafayette,Patriot,Harvard,Ivy,7,24,FALSE,FALSE,Harvard Stadium,
2006-10-14,2006,7,regular,Holy Cross,Patriot,Dartmouth,Ivy,24,21,FALSE,FALSE,Memorial Field,
2006-10-14,2006,7,regular,Iowa State,Big 12,Oklahoma,Big 12,9,34,FALSE,TRUE,"Memorial Stadium (Norman, OK)",
2006-10-14,2006,7,regular,Dayton,Pioneer,Jacksonville,Pioneer,21,28,TRUE,TRUE,D. B. Milne Field,
2006-10-14,2006,7,regular,Bucknell,Patriot,Georgetown,Patriot,17,7,FALSE,TRUE,Cooper Field,
2006-10-14,2006,7,regular,Morgan State,MEAC,Howard,MEAC,18,12,FALSE,TRUE,William H. Greene Stadium,
2006-10-14,2006,7,regular,Florida State,ACC,Duke,ACC,51,24,FALSE,TRUE,Wallace Wade Stadium,
2006-10-14,2006,7,regular,Colgate,Patriot,Cornell,Ivy,14,38,FALSE,FALSE,Schoellkopf Field,
2006-10-14,2006,7,regular,Columbia,Ivy,Pennsylvania,Ivy,0,16,FALSE,TRUE,Franklin Field,
2006-10-14,2006,7,regular,Elon,Southern,Georgia Southern,Southern,21,28,FALSE,TRUE,Allen E. Paulson Stadium,
2006-10-14,2006,7,regular,Miami (OH),Mid-American,Buffalo,Mid-American,38,31,FALSE,TRUE,UB Stadium,
2006-10-14,2006,7,regular,Drake,Pioneer,Butler,Pioneer,29,0,FALSE,TRUE,Butler Bowl,
2006-10-14,2006,7,regular,Ball State,Mid-American,Central Michigan,Mid-American,7,18,FALSE,TRUE,Kelly/Shorts Stadium,
2006-10-14,2006,7,regular,North Carolina A&T,MEAC,Delaware State,MEAC,21,37,FALSE,TRUE,Alumni Stadium,
2006-10-14,2006,7,regular,Marist,Metro Atlantic Athletic,Fordham,Patriot,9,13,TRUE,FALSE,Coffey Field,
2006-10-14,2006,7,regular,William & Mary,Atlantic 10,Liberty,Big South,14,13,FALSE,FALSE,Williams Stadium (VA),
2006-10-14,2006,7,regular,Davidson,Pioneer,Morehead State,Pioneer,27,24,FALSE,TRUE,Jayne Stadium,
2006-10-14,2006,7,regular,Central Connecticut,NEC,Robert Morris,NEC,17,23,FALSE,TRUE,Joe Walton Stadium,
2006-10-14,2006,7,regular,UAlbany,NEC,Sacred Heart,NEC,24,13,FALSE,TRUE,Campus Field,
2006-10-14,2006,7,regular,Stony Brook,NEC,St. Francis (PA),NEC,30,20,TRUE,TRUE,,
2006-10-14,2006,7,regular,Coastal Carolina,Big South,VMI,Big South,31,27,FALSE,TRUE,Alumni Memorial Field,
2006-10-14,2006,7,regular,Monmouth,NEC,Wagner,NEC,28,7,FALSE,TRUE,Wagner College Stadium,
2006-10-14,2006,7,regular,Edward Waters,,Charleston Southern,Big South,0,47,FALSE,FALSE,Buccaneer Field,
2006-10-14,2006,7,regular,Norfolk State,MEAC,Hampton,MEAC,13,42,FALSE,TRUE,Armstrong Stadium,
2006-10-14,2006,7,regular,Rutgers,Big East,Navy,FBS Independents,34,0,FALSE,FALSE,Navy-Marine Corps Memorial Stadium,
2006-10-14,2006,7,regular,Southeast Missouri State,OVC,Arkansas,SEC,7,63,FALSE,FALSE,Razorback Stadium,
2006-10-14,2006,7,regular,The Citadel,Southern,Furman,Southern,17,23,FALSE,TRUE,Paladin Stadium,
2006-10-14,2006,7,regular,Arkansas State,Sun Belt,Memphis,Conference USA,26,23,FALSE,FALSE,Simmons Bank Liberty Stadium,
2006-10-14,2006,7,regular,Villanova,Atlantic 10,Maine,Atlantic 10,7,20,FALSE,TRUE,Alfond Stadium,
2006-10-14,2006,7,regular,Oklahoma State,Big 12,Kansas,Big 12,42,32,FALSE,TRUE,Memorial Stadium,
2006-10-14,2006,7,regular,Austin Peay,FCS Independents,Missouri S&T,,14,21,TRUE,FALSE,,
2006-10-14,2006,7,regular,Morehouse College,,Savannah St,FCS Independents,20,24,TRUE,FALSE,,
2006-10-14,2006,7,regular,Northern Illinois,Mid-American,Western Michigan,Mid-American,14,16,FALSE,TRUE,Waldo Stadium,
2006-10-14,2006,7,regular,Youngstown State,MVFC,Western Illinois,MVFC,35,28,FALSE,TRUE,Hanson Field,
2006-10-14,2006,7,regular,Jacksonville State,OVC,Mississippi State,SEC,3,35,FALSE,FALSE,Davis Wade Stadium,
2006-10-14,2006,7,regular,Massachusetts,Atlantic 10,Towson,Atlantic 10,35,0,FALSE,TRUE,Johnny Unitas Stadium,
2006-10-14,2006,7,regular,Tulsa,Conference USA,East Carolina,Conference USA,31,10,FALSE,TRUE,Dowdy-Ficklen Stadium,
2006-10-14,2006,7,regular,Eastern Illinois,OVC,Eastern Kentucky,OVC,28,21,FALSE,TRUE,Roy Kidd Stadium,
2006-10-14,2006,7,regular,Nicholls,Southland,Sam Houston,Southland,7,37,FALSE,TRUE,Elliott T. Bowers Stadium,
2006-10-14,2006,7,regular,Marshall,Conference USA,SMU,Conference USA,21,31,FALSE,TRUE,Gerald J. Ford Stadium,
2006-10-14,2006,7,regular,Utah,Mountain West,Wyoming,Mountain West,15,31,FALSE,TRUE,,
2006-10-14,2006,7,regular,Northern Arizona,Big Sky,Montana,Big Sky,21,24,FALSE,TRUE,Washington-Grizzly Stadium,
2006-10-14,2006,7,regular,Texas Tech,Big 12,Colorado,Big 12,6,30,FALSE,TRUE,Folsom Field,
2006-10-14,2006,7,regular,Cincinnati,Big East,Louisville,Big East,17,23,FALSE,TRUE,L&N Federal Credit Union Stadium,
2006-10-14,2006,7,regular,Ohio State,Big Ten,Michigan State,Big Ten,38,7,FALSE,TRUE,Spartan Stadium,
2006-10-14,2006,7,regular,Missouri,Big 12,Texas A&M,Big 12,19,25,FALSE,TRUE,Kyle Field,
2006-10-14,2006,7,regular,Maryland,ACC,Virginia,ACC,28,26,FALSE,TRUE,Scott Stadium,
2006-10-14,2006,7,regular,Ole Miss,SEC,Alabama,SEC,23,26,FALSE,TRUE,Bryant-Denny Stadium,
2006-10-14,2006,7,regular,Wofford,Southern,App State,Southern,7,14,FALSE,TRUE,Kidd Brewer Stadium,
2006-10-14,2006,7,regular,Southern Illinois,MVFC,Illinois State,MVFC,10,37,FALSE,TRUE,Hancock Stadium,
2006-10-14,2006,7,regular,UCLA,Pac-10,Oregon,Pac-10,20,30,FALSE,TRUE,Autzen Stadium,
2006-10-14,2006,7,regular,Chattanooga,Southern,Western Carolina,Southern,17,14,FALSE,TRUE,E. J. Whitmire Stadium,
2006-10-14,2006,7,regular,Eastern Washington,Big Sky,Northern Colorado,Big Sky,34,0,FALSE,TRUE,Nottingham Field,
2006-10-14,2006,7,regular,Samford,OVC,Murray State,OVC,33,7,FALSE,TRUE,Roy Stewart Stadium,
2006-10-14,2006,7,regular,Eastern Michigan,Mid-American,Bowling Green,Mid-American,21,24,FALSE,TRUE,Doyt L. Perry Stadium,
2006-10-14,2006,7,regular,Winston-Salem,FCS Independents,Bethune-Cookman,MEAC,6,10,FALSE,FALSE,Municipal Stadium,
2006-10-14,2006,7,regular,Toledo,Mid-American,Kent State,Mid-American,14,40,FALSE,TRUE,Dix Stadium,
2006-10-14,2006,7,regular,Western Kentucky,MVFC,Missouri State,MVFC,17,14,FALSE,TRUE,Plaster Sports Complex,
2006-10-14,2006,7,regular,UL Monroe,Sun Belt,Troy,Sun Belt,19,24,FALSE,TRUE,Veterans Memorial Stadium (AL),
2006-10-14,2006,7,regular,Central Arkansas,FCS Independents,UC Davis,Great West,13,33,FALSE,FALSE,Aggie Stadium,
2006-10-14,2006,7,regular,Northern Iowa,MVFC,Indiana State,MVFC,34,14,FALSE,TRUE,Memorial Stadium,
2006-10-14,2006,7,regular,Arizona,Pac-10,Stanford,Pac-10,20,7,FALSE,TRUE,Stanford Stadium,
2006-10-14,2006,7,regular,California,Pac-10,Washington State,Pac-10,21,3,FALSE,TRUE,Gesa Field,
2006-10-14,2006,7,regular,Hawai'i,Western Athletic,Fresno State,Western Athletic,68,37,FALSE,TRUE,Valley Children's Stadium,
2006-10-14,2006,7,regular,Utah State,Western Athletic,San José State,Western Athletic,14,21,FALSE,TRUE,CEFCU Stadium,
2006-10-14,2006,7,regular,South Carolina State,MEAC,Florida A&M,MEAC,28,21,FALSE,TRUE,Bragg Memorial Stadium,
2006-10-14,2006,7,regular,Glenville State,,Gardner-Webb,Big South,23,31,FALSE,FALSE,Ernest W. Spangler Stadium,
2006-10-14,2006,7,regular,Oregon State,Pac-10,Washington,Pac-10,27,17,FALSE,TRUE,Husky Stadium,
2006-10-14,2006,7,regular,Baylor,Big 12,Texas,Big 12,31,63,FALSE,TRUE,DKR-Texas Memorial Stadium,
2006-10-14,2006,7,regular,Ohio,Mid-American,Illinois,Big Ten,20,17,FALSE,FALSE,"Memorial Stadium (Champaign, IL)",
2006-10-14,2006,7,regular,Idaho,Western Athletic,Louisiana Tech,Western Athletic,24,14,FALSE,TRUE,Joe Aillet Stadium,
2006-10-14,2006,7,regular,Florida International,Sun Belt,Miami,ACC,0,35,FALSE,FALSE,,
2006-10-14,2006,7,regular,Northwestern State,Southland,SE Louisiana,Southland,24,31,FALSE,TRUE,Strawberry Stadium,
2006-10-14,2006,7,regular,Houston,Conference USA,Southern Miss,Conference USA,27,31,FALSE,TRUE,M. M. Roberts Stadium,
2006-10-14,2006,7,regular,Tennessee Tech,OVC,Tennessee State,OVC,20,30,FALSE,TRUE,Nissan Stadium,
2006-10-14,2006,7,regular,Nebraska,Big 12,Kansas State,Big 12,21,3,FALSE,TRUE,Bill Snyder Family Stadium,
2006-10-14,2006,7,regular,UAB,Conference USA,Rice,Conference USA,33,34,FALSE,TRUE,Rice Stadium,
2006-10-14,2006,7,regular,Florida,SEC,Auburn,SEC,17,27,FALSE,TRUE,Jordan-Hare Stadium,
2006-10-15,2006,7,regular,Arizona State,Pac-10,USC,Pac-10,21,28,FALSE,TRUE,Los Angeles Memorial Coliseum,
2006-10-15,2006,7,regular,Kentucky,SEC,LSU,SEC,0,49,FALSE,TRUE,Tiger Stadium (LA),
2006-10-15,2006,7,regular,Michigan,Big Ten,Penn State,Big Ten,17,10,FALSE,TRUE,Beaver Stadium,
2006-10-15,2006,7,regular,Texas State,Southland,McNeese,Southland,27,17,FALSE,TRUE,Cowboy Stadium,
2006-10-15,2006,7,regular,Idaho State,Big Sky,Portland State,Big Sky,13,34,TRUE,TRUE,,
2006-10-15,2006,7,regular,Tulane,Conference USA,UTEP,Conference USA,20,34,FALSE,TRUE,Sun Bowl,
2006-10-15,2006,7,regular,Montana State,Big Sky,Sacramento State,Big Sky,21,18,FALSE,TRUE,Hornet Stadium,
2006-10-15,2006,7,regular,Valparaiso,Pioneer,San Diego,Pioneer,7,68,FALSE,TRUE,Torero Stadium,
2006-10-15,2006,7,regular,New Mexico,Mountain West,UNLV,Mountain West,39,36,FALSE,TRUE,Sam Boyd Stadium,
2006-10-16,2006,7,regular,Boise State,Western Athletic,New Mexico State,Western Athletic,40,28,FALSE,TRUE,Aggie Memorial Stadium,
2006-10-18,2006,8,regular,Louisiana,Sun Belt,Florida Atlantic,Sun Belt,6,0,FALSE,TRUE,,
2006-10-19,2006,8,regular,North Carolina,ACC,Virginia,ACC,0,23,FALSE,TRUE,Scott Stadium,
2006-10-19,2006,8,regular,Bowling Green,Mid-American,Central Michigan,Mid-American,14,31,FALSE,TRUE,Kelly/Shorts Stadium,
2006-10-20,2006,8,regular,Central Arkansas,FCS Independents,Sam Houston,Southland,38,30,FALSE,FALSE,Elliott T. Bowers Stadium,
2006-10-20,2006,8,regular,Utah,Mountain West,New Mexico,Mountain West,31,34,FALSE,TRUE,University Stadium (NM),
2006-10-21,2006,8,regular,West Virginia,Big East,UConn,Big East,37,11,FALSE,TRUE,Pratt & Whitney Stadium,
2006-10-21,2006,8,regular,Michigan State,Big Ten,Northwestern,Big Ten,41,38,FALSE,TRUE,Ryan Field,
2006-10-21,2006,8,regular,NC State,ACC,Maryland,ACC,20,26,FALSE,TRUE,SECU Stadium,
2006-10-21,2006,8,regular,Texas,Big 12,Nebraska,Big 12,22,20,FALSE,TRUE,"Memorial Stadium (Lincoln, NE)",
2006-10-21,2006,8,regular,Louisville,Big East,Syracuse,Big East,28,13,FALSE,TRUE,JMA Wireless Dome,
2006-10-21,2006,8,regular,Indiana,Big Ten,Ohio State,Big Ten,3,44,FALSE,TRUE,Ohio Stadium,
2006-10-21,2006,8,regular,Illinois,Big Ten,Penn State,Big Ten,12,26,FALSE,TRUE,Beaver Stadium,
2006-10-21,2006,8,regular,App State,Southern,Georgia Southern,Southern,27,20,FALSE,TRUE,Allen E. Paulson Stadium,
2006-10-21,2006,8,regular,Wagner,NEC,Central Connecticut,NEC,6,27,FALSE,TRUE,Arute Field,
2006-10-21,2006,8,regular,Wisconsin,Big Ten,Purdue,Big Ten,24,3,FALSE,TRUE,Ross-Ade Stadium,
2006-10-21,2006,8,regular,Ole Miss,SEC,Arkansas,SEC,3,38,FALSE,TRUE,Razorback Stadium,
2006-10-21,2006,8,regular,Mississippi State,SEC,Georgia,SEC,24,27,FALSE,TRUE,Sanford Stadium,
2006-10-21,2006,8,regular,Rhode Island,Atlantic 10,Massachusetts,Atlantic 10,16,41,TRUE,TRUE,,
2006-10-21,2006,8,regular,Miami,ACC,Duke,ACC,20,15,FALSE,TRUE,Wallace Wade Stadium,
2006-10-21,2006,8,regular,Holy Cross,Patriot,Lafayette,Patriot,38,28,FALSE,TRUE,Fisher Field,
2006-10-21,2006,8,regular,Valparaiso,Pioneer,Butler,Pioneer,10,32,FALSE,TRUE,Butler Bowl,
2006-10-21,2006,8,regular,Dayton,Pioneer,Davidson,Pioneer,36,37,FALSE,TRUE,Richardson Stadium,
2006-10-21,2006,8,regular,Colgate,Patriot,Fordham,Patriot,46,3,TRUE,TRUE,Coffey Field,
2006-10-21,2006,8,regular,Bucknell,Patriot,Lehigh,Patriot,7,38,FALSE,TRUE,Goodman Stadium,
2006-10-21,2006,8,regular,Gardner-Webb,Big South,Liberty,Big South,27,24,FALSE,TRUE,Williams Stadium (VA),
2006-10-21,2006,8,regular,Jacksonville,Pioneer,Morehead State,Pioneer,28,24,FALSE,TRUE,Jayne Stadium,
2006-10-21,2006,8,regular,Delaware State,MEAC,Morgan State,MEAC,29,7,FALSE,TRUE,Hughes Stadium,
2006-10-21,2006,8,regular,Florida A&M,MEAC,Norfolk State,MEAC,36,33,FALSE,TRUE,"William Dick"""" Price Stadium""""",
2006-10-21,2006,8,regular,Monmouth,NEC,Robert Morris,NEC,16,7,FALSE,TRUE,Joe Walton Stadium,
2006-10-21,2006,8,regular,Sacred Heart,NEC,Stony Brook,NEC,21,38,FALSE,TRUE,Kenneth P. LaValle Stadium,
2006-10-21,2006,8,regular,VMI,Big South,Charleston Southern,Big South,22,27,FALSE,TRUE,Buccaneer Field,
2006-10-21,2006,8,regular,Howard,MEAC,North Carolina A&T,MEAC,26,0,TRUE,TRUE,Aggie Memorial Stadium,
2006-10-21,2006,8,regular,Hampton,MEAC,South Carolina State,MEAC,6,13,FALSE,TRUE,Oliver C. Dawson Stadium,
2006-10-21,2006,8,regular,New Hampshire,Atlantic 10,Northeastern,Atlantic 10,35,36,TRUE,TRUE,,
2006-10-21,2006,8,regular,Kansas State,Big 12,Missouri,Big 12,21,41,FALSE,TRUE,Memorial Stadium,
2006-10-21,2006,8,regular,Buffalo,Mid-American,Ohio,Mid-American,7,42,FALSE,TRUE,Peden Stadium,
2006-10-21,2006,8,regular,Chattanooga,Southern,Furman,Southern,22,28,FALSE,TRUE,Paladin Stadium,
2006-10-21,2006,8,regular,Hofstra,Atlantic 10,Maine,Atlantic 10,10,21,FALSE,TRUE,Alfond Stadium,
2006-10-21,2006,8,regular,Western Michigan,Mid-American,Ball State,Mid-American,41,27,FALSE,TRUE,Scheumann Stadium,
2006-10-21,2006,8,regular,Wofford,Southern,Elon,Southern,35,21,FALSE,TRUE,Rhodes Stadium,
2006-10-21,2006,8,regular,Eastern Kentucky,OVC,Southeast Missouri State,OVC,27,21,TRUE,TRUE,Houck Stadium,
2006-10-21,2006,8,regular,Western Carolina,Southern,The Citadel,Southern,27,30,FALSE,TRUE,Johnson Hagood Stadium,
2006-10-21,2006,8,regular,Missouri State,MVFC,Indiana State,MVFC,22,28,FALSE,TRUE,Memorial Stadium,
2006-10-21,2006,8,regular,Illinois State,MVFC,Western Illinois,MVFC,27,14,FALSE,TRUE,Hanson Field,
2006-10-21,2006,8,regular,Tulane,Conference USA,Auburn,SEC,13,38,FALSE,FALSE,Jordan-Hare Stadium,
2006-10-21,2006,8,regular,UCLA,Pac-10,Notre Dame,FBS Independents,17,20,FALSE,FALSE,Notre Dame Stadium,
2006-10-21,2006,8,regular,Murray State,OVC,Eastern Illinois,OVC,10,20,FALSE,TRUE,O'Brien Stadium,
2006-10-21,2006,8,regular,SMU,Conference USA,East Carolina,Conference USA,21,38,FALSE,TRUE,Dowdy-Ficklen Stadium,
2006-10-21,2006,8,regular,Towson,Atlantic 10,Villanova,Atlantic 10,21,13,FALSE,TRUE,Villanova Stadium,
2006-10-21,2006,8,regular,South Carolina,SEC,Vanderbilt,SEC,31,13,FALSE,TRUE,FirstBank Stadium,
2006-10-21,2006,8,regular,UNLV,Mountain West,BYU,Mountain West,7,52,FALSE,TRUE,LaVell Edwards Stadium,
2006-10-21,2006,8,regular,William & Mary,Atlantic 10,James Madison,Atlantic 10,17,31,FALSE,TRUE,Bridgeforth Stadium,
2006-10-21,2006,8,regular,Toledo,Mid-American,Eastern Michigan,Mid-American,13,17,FALSE,TRUE,Rynearson Stadium,
2006-10-21,2006,8,regular,Northwestern State,Southland,Nicholls,Southland,9,0,FALSE,TRUE,Manning Field at John L. Guidry Stadium,
2006-10-21,2006,8,regular,UT Martin,OVC,Samford,OVC,10,6,FALSE,TRUE,Seibert Stadium,
2006-10-21,2006,8,regular,McNeese,Southland,Stephen F. Austin,Southland,20,17,FALSE,TRUE,Homer Bryce Stadium,
2006-10-21,2006,8,regular,Montana,Big Sky,Weber State,Big Sky,33,30,FALSE,TRUE,Stewart Stadium,
2006-10-21,2006,8,regular,Kansas,Big 12,Baylor,Big 12,35,36,FALSE,TRUE,Floyd Casey Stadium,
2006-10-21,2006,8,regular,Temple,FBS Independents,Northern Illinois,Mid-American,21,43,FALSE,FALSE,Huskie Stadium,
2006-10-21,2006,8,regular,Stanford,Pac-10,Arizona State,Pac-10,3,38,FALSE,TRUE,Mountain America Stadium,
2006-10-21,2006,8,regular,Washington,Pac-10,California,Pac-10,24,31,FALSE,TRUE,California Memorial Stadium,
2006-10-21,2006,8,regular,Boston College,ACC,Florida State,ACC,24,19,FALSE,TRUE,Doak Campbell Stadium,
2006-10-21,2006,8,regular,Tennessee State,OVC,Jacksonville State,OVC,38,31,FALSE,TRUE,AmFirst Stadium,
2006-10-21,2006,8,regular,Texas Tech,Big 12,Iowa State,Big 12,42,26,FALSE,TRUE,Jack Trice Stadium,
2006-10-21,2006,8,regular,Iowa,Big Ten,Michigan,Big Ten,6,20,FALSE,TRUE,Michigan Stadium,
2006-10-21,2006,8,regular,North Dakota State,Great West,Minnesota,Big Ten,9,10,FALSE,FALSE,,
2006-10-21,2006,8,regular,TCU,Mountain West,Army,FBS Independents,31,17,FALSE,FALSE,Michie Stadium,
2006-10-21,2006,8,regular,Alabama,SEC,Tennessee,SEC,13,16,FALSE,TRUE,Neyland Stadium,
2006-10-21,2006,8,regular,Montana State,Big Sky,Idaho State,Big Sky,42,35,FALSE,TRUE,Holt Arena,
2006-10-21,2006,8,regular,St. Francis (PA),NEC,UAlbany,NEC,0,48,TRUE,TRUE,University Field (NY),
2006-10-21,2006,8,regular,Rice,Conference USA,UCF,Conference USA,40,29,FALSE,TRUE,,
2006-10-21,2006,8,regular,Colorado State,Mountain West,Wyoming,Mountain West,0,24,FALSE,TRUE,,
2006-10-21,2006,8,regular,Northern Iowa,MVFC,Youngstown State,MVFC,31,23,FALSE,TRUE,Stambaugh Stadium,
2006-10-21,2006,8,regular,Oregon,Pac-10,Washington State,Pac-10,23,34,FALSE,TRUE,Gesa Field,
2006-10-21,2006,8,regular,Boise State,Western Athletic,Idaho,Western Athletic,42,26,FALSE,TRUE,Kibbie Dome,
2006-10-21,2006,8,regular,Rutgers,Big East,Pittsburgh,Big East,20,10,FALSE,TRUE,Acrisure Stadium,
2006-10-21,2006,8,regular,Delaware,Atlantic 10,Richmond,Atlantic 10,28,24,TRUE,TRUE,,
2006-10-21,2006,8,regular,Miami (OH),Mid-American,Akron,Mid-American,13,24,FALSE,TRUE,,
2006-10-21,2006,8,regular,Winston-Salem,FCS Independents,Savannah St,FCS Independents,38,6,FALSE,TRUE,Ted Wright Stadium,
2006-10-21,2006,8,regular,Sacramento State,Big Sky,Northern Arizona,Big Sky,22,39,FALSE,TRUE,Walkup Skydome,
2006-10-21,2006,8,regular,Marshall,Conference USA,UAB,Conference USA,31,24,FALSE,TRUE,Legion Field,
2006-10-21,2006,8,regular,Oregon State,Pac-10,Arizona,Pac-10,17,10,FALSE,TRUE,Arizona Stadium,
2006-10-21,2006,8,regular,Western Kentucky,MVFC,Southern Illinois,MVFC,27,24,TRUE,TRUE,,
2006-10-21,2006,8,regular,Colorado,Big 12,Oklahoma,Big 12,3,24,FALSE,TRUE,"Memorial Stadium (Norman, OK)",
2006-10-21,2006,8,regular,UTEP,Conference USA,Houston,Conference USA,17,34,FALSE,TRUE,Robertson Stadium,
2006-10-21,2006,8,regular,Southern Miss,Conference USA,Virginia Tech,ACC,6,36,FALSE,FALSE,Lane Stadium,
2006-10-21,2006,8,regular,SE Louisiana,Southland,Texas State,Southland,17,38,TRUE,TRUE,Bobcat Stadium,
2006-10-21,2006,8,regular,Cumberland (KY),,Austin Peay,FCS Independents,27,26,FALSE,FALSE,Governors Stadium,
2006-10-21,2006,8,regular,San Diego,Pioneer,Drake,Pioneer,37,0,FALSE,TRUE,Drake Stadium,
2006-10-21,2006,8,regular,Utah State,Western Athletic,Louisiana Tech,Western Athletic,35,48,FALSE,TRUE,Joe Aillet Stadium,
2006-10-21,2006,8,regular,Middle Tennessee,Sun Belt,UL Monroe,Sun Belt,35,21,FALSE,TRUE,Malone Stadium,
2006-10-21,2006,8,regular,San José State,Western Athletic,Nevada,Western Athletic,7,23,FALSE,TRUE,Mackay Stadium,
2006-10-21,2006,8,regular,Texas A&M,Big 12,Oklahoma State,Big 12,34,33,FALSE,TRUE,Boone Pickens Stadium,
2006-10-21,2006,8,regular,North Texas,Sun Belt,Arkansas State,Sun Belt,10,29,FALSE,TRUE,,
2006-10-21,2006,8,regular,Georgia Tech,ACC,Clemson,ACC,7,31,FALSE,TRUE,"Memorial Stadium (Clemson, SC)",
2006-10-22,2006,8,regular,Air Force,Mountain West,San Diego State,Mountain West,12,19,FALSE,TRUE,Qualcomm Stadium,
2006-10-22,2006,8,regular,Hawai'i,Western Athletic,New Mexico State,Western Athletic,49,30,FALSE,TRUE,Aggie Memorial Stadium,
2006-10-22,2006,8,regular,Tulsa,Conference USA,Memphis,Conference USA,35,14,FALSE,TRUE,Simmons Bank Liberty Stadium,
2006-10-22,2006,8,regular,Fresno State,Western Athletic,LSU,SEC,6,38,FALSE,FALSE,Tiger Stadium (LA),
2006-10-22,2006,8,regular,Eastern Washington,Big Sky,Portland State,Big Sky,0,34,TRUE,TRUE,,
2006-10-23,2006,8,regular,South Florida,Big East,Cincinnati,Big East,6,23,FALSE,TRUE,Nippert Stadium,
2006-10-26,2006,9,regular,Clemson,ACC,Virginia Tech,ACC,7,24,FALSE,TRUE,Lane Stadium,
2006-10-26,2006,9,regular,North Carolina A&T,MEAC,Bethune-Cookman,MEAC,7,70,FALSE,TRUE,Municipal Stadium,
2006-10-28,2006,9,regular,UTEP,Conference USA,Tulsa,Conference USA,20,30,FALSE,TRUE,,
2006-10-28,2006,9,regular,Idaho,Western Athletic,Hawai'i,Western Athletic,10,68,FALSE,TRUE,,
2006-10-28,2006,9,regular,Columbia,Ivy,Yale,Ivy,3,21,FALSE,TRUE,Yale Bowl,
2006-10-28,2006,9,regular,Michigan State,Big Ten,Indiana,Big Ten,21,46,FALSE,TRUE,"Memorial Stadium (Bloomington, IN)",
2006-10-28,2006,9,regular,Northwestern,Big Ten,Michigan,Big Ten,3,17,FALSE,TRUE,Michigan Stadium,
2006-10-28,2006,9,regular,Oklahoma,Big 12,Missouri,Big 12,26,10,FALSE,TRUE,Memorial Stadium,
2006-10-28,2006,9,regular,Hofstra,Atlantic 10,New Hampshire,Atlantic 10,6,10,FALSE,TRUE,Wildcat Stadium,
2006-10-28,2006,9,regular,Brown,Ivy,Pennsylvania,Ivy,30,27,FALSE,TRUE,Franklin Field,
2006-10-28,2006,9,regular,Maine,Atlantic 10,Rhode Island,Atlantic 10,0,3,FALSE,TRUE,Meade Stadium,
2006-10-28,2006,9,regular,NC State,ACC,Virginia,ACC,7,14,FALSE,TRUE,Scott Stadium,
2006-10-28,2006,9,regular,Illinois,Big Ten,Wisconsin,Big Ten,24,30,FALSE,TRUE,Camp Randall Stadium,
2006-10-28,2006,9,regular,Syracuse,Big East,Cincinnati,Big East,3,17,FALSE,TRUE,Nippert Stadium,
2006-10-28,2006,9,regular,Central Connecticut,NEC,Monmouth,NEC,13,19,TRUE,TRUE,Kessler Field,
2006-10-28,2006,9,regular,Notre Dame,FBS Independents,Navy,FBS Independents,38,14,FALSE,FALSE,,
2006-10-28,2006,9,regular,Penn State,Big Ten,Purdue,Big Ten,12,0,FALSE,TRUE,Ross-Ade Stadium,
2006-10-28,2006,9,regular,Maine,Atlantic 10,Rhodes College,,0,3,TRUE,FALSE,Meade Stadium,
2006-10-28,2006,9,regular,Northern Illinois,Mid-American,Iowa,Big Ten,14,24,FALSE,FALSE,Kinnick Stadium,
2006-10-28,2006,9,regular,Auburn,SEC,Ole Miss,SEC,23,17,FALSE,TRUE,Vaught-Hemingway Stadium,
2006-10-28,2006,9,regular,Harvard,Ivy,Dartmouth,Ivy,28,0,FALSE,TRUE,Memorial Field,
2006-10-28,2006,9,regular,Liberty,Big South,Coastal Carolina,Big South,26,28,FALSE,TRUE,Brooks Stadium (SC),
2006-10-28,2006,9,regular,Norfolk State,MEAC,Howard,MEAC,10,13,FALSE,TRUE,William H. Greene Stadium,
2006-10-28,2006,9,regular,Towson,Atlantic 10,Delaware,Atlantic 10,49,35,TRUE,TRUE,,
2006-10-28,2006,9,regular,Buffalo,Mid-American,Boston College,ACC,0,41,FALSE,FALSE,"Alumni Stadium (Chestnut Hill, MA)",
2006-10-28,2006,9,regular,Lehigh,Patriot,Holy Cross,Patriot,28,14,FALSE,TRUE,Fitton Field,
2006-10-28,2006,9,regular,Massachusetts,Atlantic 10,Northeastern,Atlantic 10,7,0,TRUE,TRUE,,
2006-10-28,2006,9,regular,Vanderbilt,SEC,Duke,ACC,45,28,FALSE,FALSE,Wallace Wade Stadium,
2006-10-28,2006,9,regular,Princeton,Ivy,Cornell,Ivy,7,14,FALSE,TRUE,Schoellkopf Field,
2006-10-28,2006,9,regular,Bowling Green,Mid-American,Temple,FBS Independents,14,28,FALSE,FALSE,Lincoln Financial Field,
2006-10-28,2006,9,regular,Fordham,Patriot,Bucknell,Patriot,3,13,FALSE,TRUE,Christy Mathewson-Memorial Stadium,
2006-10-28,2006,9,regular,Lafayette,Patriot,Colgate,Patriot,27,10,FALSE,TRUE,Andy Kerr Stadium,
2006-10-28,2006,9,regular,Drake,Pioneer,Dayton,Pioneer,21,9,FALSE,TRUE,Welcome Stadium,
2006-10-28,2006,9,regular,Iona,Metro Atlantic Athletic,Duquesne,Metro Atlantic Athletic,17,13,FALSE,TRUE,Arthur J. Rooney Athletic Field,
2006-10-28,2006,9,regular,Savannah St,FCS Independents,Johnson C Smith,,6,27,TRUE,FALSE,,
2006-10-28,2006,9,regular,Husson,,La Salle,Metro Atlantic Athletic,17,7,TRUE,FALSE,,
2006-10-28,2006,9,regular,Sacred Heart,NEC,St. Francis (PA),NEC,14,21,TRUE,TRUE,,
2006-10-28,2006,9,regular,Robert Morris,NEC,Stony Brook,NEC,21,6,FALSE,TRUE,Kenneth P. LaValle Stadium,
2006-10-28,2006,9,regular,Davidson,Pioneer,Valparaiso,Pioneer,48,14,FALSE,TRUE,Brown Field,
2006-10-28,2006,9,regular,Villanova,Atlantic 10,William & Mary,Atlantic 10,35,31,FALSE,TRUE,Zable Stadium,
2006-10-28,2006,9,regular,Georgetown,Patriot,Charleston Southern,Big South,10,24,FALSE,FALSE,Buccaneer Field,
2006-10-28,2006,9,regular,VMI,Big South,Gardner-Webb,Big South,31,35,FALSE,TRUE,Ernest W. Spangler Stadium,
2006-10-28,2006,9,regular,Western Carolina,Southern,Wofford,Southern,7,35,FALSE,TRUE,Gibbs Stadium,
2006-10-28,2006,9,regular,Southeast Missouri State,OVC,Murray State,OVC,24,17,FALSE,TRUE,Roy Stewart Stadium,
2006-10-28,2006,9,regular,Ball State,Mid-American,Miami (OH),Mid-American,20,17,FALSE,TRUE,Yager Stadium,
2006-10-28,2006,9,regular,BYU,Mountain West,Air Force,Mountain West,33,14,FALSE,TRUE,Falcon Stadium,
2006-10-28,2006,9,regular,Winston-Salem,FCS Independents,Hampton,MEAC,3,13,FALSE,FALSE,Armstrong Stadium,
2006-10-28,2006,9,regular,Colorado,Big 12,Kansas,Big 12,15,20,FALSE,TRUE,Memorial Stadium,
2006-10-28,2006,9,regular,Ohio,Mid-American,Kent State,Mid-American,17,7,FALSE,TRUE,Dix Stadium,
2006-10-28,2006,9,regular,Butler,Pioneer,Missouri S&T,,20,35,TRUE,FALSE,,
2006-10-28,2006,9,regular,Jacksonville State,OVC,Tennessee Tech,OVC,17,10,FALSE,TRUE,Tucker Stadium,
2006-10-28,2006,9,regular,Georgia Southern,Southern,The Citadel,Southern,21,24,FALSE,TRUE,Johnson Hagood Stadium,
2006-10-28,2006,9,regular,Army,FBS Independents,Tulane,Conference USA,28,42,FALSE,FALSE,Caesars Superdome,
2006-10-28,2006,9,regular,Kentucky,SEC,Mississippi State,SEC,34,31,FALSE,TRUE,Davis Wade Stadium,
2006-10-28,2006,9,regular,Youngstown State,MVFC,Illinois State,MVFC,27,13,FALSE,TRUE,Hancock Stadium,
2006-10-28,2006,9,regular,Southern Illinois,MVFC,Missouri State,MVFC,27,17,FALSE,TRUE,Plaster Sports Complex,
2006-10-28,2006,9,regular,Morgan State,MEAC,Florida A&M,MEAC,23,24,FALSE,TRUE,Bragg Memorial Stadium,
2006-10-28,2006,9,regular,James Madison,Atlantic 10,Richmond,Atlantic 10,27,10,TRUE,TRUE,,
2006-10-28,2006,9,regular,Assumption,,Nicholls,Southland,0,44,FALSE,FALSE,Manning Field at John L. Guidry Stadium,
2006-10-28,2006,9,regular,Texas State,Southland,Northwestern State,Southland,10,19,FALSE,TRUE,Harry Turpin Stadium,
2006-10-28,2006,9,regular,Eastern Illinois,OVC,UT Martin,OVC,9,15,FALSE,TRUE,Graham Stadium,
2006-10-28,2006,9,regular,Idaho State,Big Sky,Montana,Big Sky,10,23,FALSE,TRUE,Washington-Grizzly Stadium,
2006-10-28,2006,9,regular,Florida International,Sun Belt,Alabama,SEC,3,38,FALSE,FALSE,Bryant-Denny Stadium,
2006-10-28,2006,9,regular,Florida,SEC,Georgia,SEC,21,14,FALSE,TRUE,,
2006-10-28,2006,9,regular,Miami,ACC,Georgia Tech,ACC,23,30,FALSE,TRUE,Bobby Dodd Stadium,
2006-10-28,2006,9,regular,Wake Forest,ACC,North Carolina,ACC,24,17,FALSE,TRUE,Kenan Stadium,
2006-10-28,2006,9,regular,Minnesota,Big Ten,Ohio State,Big Ten,0,44,FALSE,TRUE,Ohio Stadium,
2006-10-28,2006,9,regular,Nebraska,Big 12,Oklahoma State,Big 12,29,41,FALSE,TRUE,Boone Pickens Stadium,
2006-10-28,2006,9,regular,USC,Pac-10,Oregon State,Pac-10,31,33,FALSE,TRUE,Reser Stadium,
2006-10-28,2006,9,regular,UCF,Conference USA,Houston,Conference USA,31,51,FALSE,TRUE,Robertson Stadium,
2006-10-28,2006,9,regular,Furman,Southern,App State,Southern,7,40,FALSE,TRUE,Kidd Brewer Stadium,
2006-10-28,2006,9,regular,North Texas,Sun Belt,Troy,Sun Belt,6,14,FALSE,TRUE,Veterans Memorial Stadium (AL),
2006-10-28,2006,9,regular,Eastern Michigan,Mid-American,Western Michigan,Mid-American,15,18,FALSE,TRUE,Waldo Stadium,
2006-10-28,2006,9,regular,Weber State,Big Sky,Montana State,Big Sky,18,24,FALSE,TRUE,Bobcat Stadium,
2006-10-28,2006,9,regular,Iowa State,Big 12,Kansas State,Big 12,10,31,FALSE,TRUE,Bill Snyder Family Stadium,
2006-10-28,2006,9,regular,UNLV,Mountain West,Utah,Mountain West,23,45,FALSE,TRUE,Rice-Eccles Stadium,
2006-10-28,2006,9,regular,Wagner,NEC,UAlbany,NEC,0,34,TRUE,TRUE,University Field (NY),
2006-10-28,2006,9,regular,Arkansas State,Sun Belt,Florida Atlantic,Sun Belt,0,29,FALSE,TRUE,,
2006-10-28,2006,9,regular,New Mexico State,Western Athletic,Nevada,Western Athletic,21,48,FALSE,TRUE,Mackay Stadium,
2006-10-28,2006,9,regular,Memphis,Conference USA,Marshall,Conference USA,27,41,FALSE,TRUE,Joan C. Edwards Stadium,
2006-10-28,2006,9,regular,Indiana State,MVFC,Western Kentucky,MVFC,3,41,FALSE,TRUE,Houchens Industries-L.T. Smith Stadium,
2006-10-28,2006,9,regular,Middle Tennessee,Sun Belt,Louisiana,Sun Belt,34,20,FALSE,TRUE,Cajun Field,
2006-10-28,2006,9,regular,Northern Arizona,Big Sky,Eastern Washington,Big Sky,44,36,FALSE,TRUE,Roos Field,
2006-10-28,2006,9,regular,Western Illinois,MVFC,Northern Iowa,MVFC,24,13,FALSE,TRUE,UNI-Dome,
2006-10-28,2006,9,regular,New Mexico,Mountain West,Colorado State,Mountain West,20,19,FALSE,TRUE,Sonny Lubick Field at Hughes Stadium,
2006-10-28,2006,9,regular,Louisiana Tech,Western Athletic,San José State,Western Athletic,10,44,FALSE,TRUE,CEFCU Stadium,
2006-10-28,2006,9,regular,Elon,Southern,Chattanooga,Southern,20,17,FALSE,TRUE,Finley Stadium,
2006-10-28,2006,9,regular,Arkansas,SEC,UL Monroe,Sun Belt,44,10,FALSE,FALSE,,
2006-10-28,2006,9,regular,Washington State,Pac-10,UCLA,Pac-10,37,15,FALSE,TRUE,Rose Bowl,
2006-10-28,2006,9,regular,Florida State,ACC,Maryland,ACC,24,27,FALSE,TRUE,SECU Stadium,
2006-10-28,2006,9,regular,Arizona State,Pac-10,Washington,Pac-10,26,23,FALSE,TRUE,Husky Stadium,
2006-10-28,2006,9,regular,Morehead State,Pioneer,San Diego,Pioneer,21,44,FALSE,TRUE,Torero Stadium,
2006-10-28,2006,9,regular,University Of Charleston (WV),,Austin Peay,FCS Independents,10,49,FALSE,FALSE,Governors Stadium,
2006-10-28,2006,9,regular,South Carolina State,MEAC,Delaware State,MEAC,9,10,FALSE,TRUE,Alumni Stadium,
2006-10-28,2006,9,regular,St. Peter's,Metro Atlantic Athletic,Marist,Metro Atlantic Athletic,18,35,FALSE,TRUE,Leonidoff Field,
2006-10-28,2006,9,regular,Portland State,Big Sky,Oregon,Pac-10,12,55,FALSE,FALSE,Autzen Stadium,
2006-10-28,2006,9,regular,McNeese,Southland,Sam Houston,Southland,31,18,FALSE,TRUE,Elliott T. Bowers Stadium,
2006-10-28,2006,9,regular,Samford,OVC,Tennessee State,OVC,7,29,FALSE,TRUE,Nissan Stadium,
2006-10-28,2006,9,regular,Texas,Big 12,Texas Tech,Big 12,35,31,FALSE,TRUE,Jones AT&T Stadium,
2006-10-28,2006,9,regular,Akron,Mid-American,Toledo,Mid-American,20,35,FALSE,TRUE,Glass Bowl,
2006-10-28,2006,9,regular,Jacksonville,Pioneer,North Greenville,,6,41,TRUE,FALSE,,
2006-10-28,2006,9,regular,Texas A&M,Big 12,Baylor,Big 12,31,21,FALSE,TRUE,Floyd Casey Stadium,
2006-10-28,2006,9,regular,East Carolina,Conference USA,Southern Miss,Conference USA,20,17,FALSE,TRUE,M. M. Roberts Stadium,
2006-10-28,2006,9,regular,Wyoming,Mountain West,TCU,Mountain West,3,26,FALSE,TRUE,Amon G. Carter Stadium,
2006-10-28,2006,9,regular,Tennessee,SEC,South Carolina,SEC,31,24,FALSE,TRUE,Williams-Brice Stadium,
2006-10-29,2006,9,regular,Cal Poly,Great West,San Diego State,Mountain West,16,14,FALSE,FALSE,Qualcomm Stadium,
2006-10-29,2006,9,regular,Stephen F. Austin,Southland,SE Louisiana,Southland,35,10,FALSE,TRUE,Strawberry Stadium,
2006-10-29,2006,9,regular,Northern Colorado,Big Sky,Sacramento State,Big Sky,9,14,FALSE,TRUE,Hornet Stadium,
2006-10-30,2006,9,regular,UConn,Big East,Rutgers,Big East,13,24,FALSE,TRUE,High Point Solutions Stadium,
2006-11-01,2006,10,regular,UAB,Conference USA,SMU,Conference USA,9,22,FALSE,TRUE,Gerald J. Ford Stadium,
2006-11-02,2006,10,regular,Fresno State,Western Athletic,Boise State,Western Athletic,21,45,FALSE,TRUE,Albertsons Stadium,
2006-11-03,2006,10,regular,Bethune-Cookman,MEAC,Hampton,MEAC,17,34,FALSE,TRUE,Armstrong Stadium,
2006-11-03,2006,10,regular,Nicholls,Southland,Texas State,Southland,21,19,TRUE,TRUE,Bobcat Stadium,
2006-11-03,2006,10,regular,West Virginia,Big East,Louisville,Big East,34,44,FALSE,TRUE,L&N Federal Credit Union Stadium,
2006-11-04,2006,10,regular,Air Force,Mountain West,Army,FBS Independents,43,7,FALSE,FALSE,Michie Stadium,
2006-11-04,2006,10,regular,Massachusetts,Atlantic 10,New Hampshire,Atlantic 10,28,20,FALSE,TRUE,Wildcat Stadium,
2006-11-04,2006,10,regular,Yale,Ivy,Brown,Ivy,27,24,FALSE,TRUE,Brown Stadium,
2006-11-04,2006,10,regular,Wofford,Southern,Georgia Southern,Southern,28,10,FALSE,TRUE,Allen E. Paulson Stadium,
2006-11-04,2006,10,regular,Northeastern,Atlantic 10,Maine,Atlantic 10,3,30,FALSE,TRUE,Alfond Stadium,
2006-11-04,2006,10,regular,Bucknell,Patriot,Holy Cross,Patriot,10,27,FALSE,TRUE,Fitton Field,
2006-11-04,2006,10,regular,Columbia,Ivy,Harvard,Ivy,7,24,FALSE,TRUE,Harvard Stadium,
2006-11-04,2006,10,regular,San Diego,Pioneer,Jacksonville,Pioneer,38,21,TRUE,TRUE,D. B. Milne Field,
2006-11-04,2006,10,regular,Savannah St,FCS Independents,Coastal Carolina,Big South,6,66,FALSE,FALSE,Brooks Stadium (SC),
2006-11-04,2006,10,regular,Colgate,Patriot,Lehigh,Patriot,15,23,FALSE,TRUE,Goodman Stadium,
2006-11-04,2006,10,regular,Central Connecticut,NEC,Sacred Heart,NEC,42,14,FALSE,TRUE,Campus Field,
2006-11-04,2006,10,regular,Marist,Metro Atlantic Athletic,Georgetown,Patriot,21,24,FALSE,FALSE,Cooper Field,
2006-11-04,2006,10,regular,Virginia,ACC,Florida State,ACC,0,33,FALSE,TRUE,Doak Campbell Stadium,
2006-11-04,2006,10,regular,Pittsburgh,Big East,South Florida,Big East,12,22,FALSE,TRUE,Raymond James Stadium,
2006-11-04,2006,10,regular,William & Mary,Atlantic 10,Towson,Atlantic 10,29,28,FALSE,TRUE,Johnny Unitas Stadium,
2006-11-04,2006,10,regular,Ball State,Mid-American,Michigan,Big Ten,26,34,FALSE,FALSE,Michigan Stadium,
2006-11-04,2006,10,regular,Indiana,Big Ten,Minnesota,Big Ten,26,63,FALSE,TRUE,,
2006-11-04,2006,10,regular,Missouri,Big 12,Nebraska,Big 12,20,34,FALSE,TRUE,"Memorial Stadium (Lincoln, NE)",
2006-11-04,2006,10,regular,Pennsylvania,Ivy,Princeton,Ivy,30,31,FALSE,TRUE,Princeton University Stadium,
2006-11-04,2006,10,regular,Dartmouth,Ivy,Cornell,Ivy,25,28,FALSE,TRUE,Schoellkopf Field,
2006-11-04,2006,10,regular,Maryland,ACC,Clemson,ACC,13,12,FALSE,TRUE,"Memorial Stadium (Clemson, SC)",
2006-11-04,2006,10,regular,Penn State,Big Ten,Wisconsin,Big Ten,3,13,FALSE,TRUE,Camp Randall Stadium,
2006-11-04,2006,10,regular,St. Peter's,Metro Atlantic Athletic,Iona,Metro Atlantic Athletic,30,15,TRUE,TRUE,,
2006-11-04,2006,10,regular,Morehead State,Pioneer,Butler,Pioneer,14,7,FALSE,TRUE,Butler Bowl,
2006-11-04,2006,10,regular,Valparaiso,Pioneer,Dayton,Pioneer,7,51,FALSE,TRUE,Welcome Stadium,
2006-11-04,2006,10,regular,Concord University,,Delaware State,MEAC,0,62,FALSE,FALSE,Alumni Stadium,
2006-11-04,2006,10,regular,Murray State,OVC,Eastern Kentucky,OVC,21,51,FALSE,TRUE,Roy Kidd Stadium,
2006-11-04,2006,10,regular,Lafayette,Patriot,Fordham,Patriot,31,24,TRUE,TRUE,Coffey Field,
2006-11-04,2006,10,regular,Rhode Island,Atlantic 10,Hofstra,Atlantic 10,20,13,TRUE,TRUE,,
2006-11-04,2006,10,regular,Western Carolina,Southern,Liberty,Big South,0,21,FALSE,FALSE,Williams Stadium (VA),
2006-11-04,2006,10,regular,St. Francis (PA),NEC,Monmouth,NEC,20,54,TRUE,TRUE,Kessler Field,
2006-11-04,2006,10,regular,Morgan State,MEAC,Norfolk State,MEAC,29,20,FALSE,TRUE,"William Dick"""" Price Stadium""""",
2006-11-04,2006,10,regular,UAlbany,NEC,Robert Morris,NEC,16,6,FALSE,TRUE,Joe Walton Stadium,
2006-11-04,2006,10,regular,Baylor,Big 12,Texas Tech,Big 12,21,55,FALSE,TRUE,Jones AT&T Stadium,
2006-11-04,2006,10,regular,Stony Brook,NEC,Wagner,NEC,45,9,FALSE,TRUE,Wagner College Stadium,
2006-11-04,2006,10,regular,Southern Illinois,MVFC,Youngstown State,MVFC,24,31,FALSE,TRUE,Stambaugh Stadium,
2006-11-04,2006,10,regular,Northwestern,Big Ten,Iowa,Big Ten,21,7,FALSE,TRUE,Kinnick Stadium,
2006-11-04,2006,10,regular,Florida,SEC,Vanderbilt,SEC,25,19,FALSE,TRUE,FirstBank Stadium,
2006-11-04,2006,10,regular,Mississippi State,SEC,Alabama,SEC,24,16,FALSE,TRUE,Bryant-Denny Stadium,
2006-11-04,2006,10,regular,Gardner-Webb,Big South,Charleston Southern,Big South,14,28,FALSE,TRUE,Buccaneer Field,
2006-11-04,2006,10,regular,Howard,MEAC,South Carolina State,MEAC,10,28,FALSE,TRUE,Oliver C. Dawson Stadium,
2006-11-04,2006,10,regular,St. Augustine's,,Winston-Salem,FCS Independents,6,26,FALSE,FALSE,Bowman Gray Stadium,
2006-11-04,2006,10,regular,Georgia,SEC,Kentucky,SEC,20,24,FALSE,TRUE,Kroger Field,
2006-11-04,2006,10,regular,Northwestern State,Southland,Ole Miss,SEC,7,27,FALSE,FALSE,Vaught-Hemingway Stadium,
2006-11-04,2006,10,regular,Navy,FBS Independents,Duke,ACC,38,13,FALSE,FALSE,Wallace Wade Stadium,
2006-11-04,2006,10,regular,Central Michigan,Mid-American,Temple,FBS Independents,42,26,FALSE,FALSE,Lincoln Financial Field,
2006-11-04,2006,10,regular,Bowling Green,Mid-American,Akron,Mid-American,28,35,FALSE,TRUE,,
2006-11-04,2006,10,regular,Kent State,Mid-American,Buffalo,Mid-American,14,41,FALSE,TRUE,UB Stadium,
2006-11-04,2006,10,regular,Davidson,Pioneer,Drake,Pioneer,15,35,FALSE,TRUE,Drake Stadium,
2006-11-04,2006,10,regular,Ohio,Mid-American,Eastern Michigan,Mid-American,16,10,FALSE,TRUE,Rynearson Stadium,
2006-11-04,2006,10,regular,Furman,Southern,Elon,Southern,24,13,FALSE,TRUE,Rhodes Stadium,
2006-11-04,2006,10,regular,Tennessee Tech,OVC,Samford,OVC,20,14,FALSE,TRUE,Seibert Stadium,
2006-11-04,2006,10,regular,Northern Colorado,Big Sky,Montana State,Big Sky,10,13,FALSE,TRUE,Bobcat Stadium,
2006-11-04,2006,10,regular,Cal Poly,Great West,Montana,Big Sky,9,10,FALSE,FALSE,Washington-Grizzly Stadium,
2006-11-04,2006,10,regular,Indiana State,MVFC,Western Illinois,MVFC,41,46,FALSE,TRUE,Hanson Field,
2006-11-04,2006,10,regular,Tennessee State,OVC,Eastern Illinois,OVC,3,29,FALSE,TRUE,O'Brien Stadium,
2006-11-04,2006,10,regular,Missouri State,MVFC,Illinois State,MVFC,14,38,FALSE,TRUE,Hancock Stadium,
2006-11-04,2006,10,regular,Kansas,Big 12,Iowa State,Big 12,41,10,FALSE,TRUE,Jack Trice Stadium,
2006-11-04,2006,10,regular,North Greenville,,Austin Peay,FCS Independents,44,35,FALSE,FALSE,Governors Stadium,
2006-11-04,2006,10,regular,Eastern Washington,Big Sky,Weber State,Big Sky,14,19,FALSE,TRUE,Stewart Stadium,
2006-11-04,2006,10,regular,Arkansas State,Sun Belt,Auburn,SEC,0,27,FALSE,FALSE,Jordan-Hare Stadium,
2006-11-04,2006,10,regular,North Carolina,ACC,Notre Dame,FBS Independents,26,45,FALSE,FALSE,Notre Dame Stadium,
2006-11-04,2006,10,regular,The Citadel,Southern,App State,Southern,13,42,FALSE,TRUE,Kidd Brewer Stadium,
2006-11-04,2006,10,regular,Hawai'i,Western Athletic,Utah State,Western Athletic,63,10,FALSE,TRUE,Maverik Stadium,
2006-11-04,2006,10,regular,TCU,Mountain West,UNLV,Mountain West,25,10,FALSE,TRUE,Sam Boyd Stadium,
2006-11-04,2006,10,regular,Florida A&M,MEAC,North Carolina A&T,MEAC,45,12,TRUE,TRUE,Aggie Memorial Stadium,
2006-11-04,2006,10,regular,San Diego State,Mountain West,Wyoming,Mountain West,24,27,FALSE,TRUE,,
2006-11-04,2006,10,regular,Kansas State,Big 12,Colorado,Big 12,34,21,FALSE,TRUE,Folsom Field,
2006-11-04,2006,10,regular,Purdue,Big Ten,Michigan State,Big Ten,17,15,FALSE,TRUE,Spartan Stadium,
2006-11-04,2006,10,regular,Tulsa,Conference USA,Houston,Conference USA,10,27,FALSE,TRUE,Robertson Stadium,
2006-11-04,2006,10,regular,Ohio State,Big Ten,Illinois,Big Ten,17,10,FALSE,TRUE,"Memorial Stadium (Champaign, IL)",
2006-11-04,2006,10,regular,Florida Atlantic,Sun Belt,Middle Tennessee,Sun Belt,14,35,FALSE,TRUE,"Johnny ""Red"" Floyd Stadium",
2006-11-04,2006,10,regular,Washington,Pac-10,Oregon,Pac-10,14,34,FALSE,TRUE,Autzen Stadium,
2006-11-04,2006,10,regular,LSU,SEC,Tennessee,SEC,28,24,FALSE,TRUE,Neyland Stadium,
2006-11-04,2006,10,regular,Miami (OH),Mid-American,Western Michigan,Mid-American,24,27,FALSE,TRUE,Waldo Stadium,
2006-11-04,2006,10,regular,East Carolina,Conference USA,UCF,Conference USA,23,10,FALSE,TRUE,,
2006-11-04,2006,10,regular,Louisiana,Sun Belt,Troy,Sun Belt,28,42,FALSE,TRUE,Veterans Memorial Stadium (AL),
2006-11-04,2006,10,regular,Arizona State,Pac-10,Oregon State,Pac-10,10,44,FALSE,TRUE,Reser Stadium,
2006-11-04,2006,10,regular,Sacramento State,Big Sky,Idaho State,Big Sky,22,14,FALSE,TRUE,Holt Arena,
2006-11-04,2006,10,regular,Western Kentucky,MVFC,Northern Iowa,MVFC,20,31,FALSE,TRUE,UNI-Dome,
2006-11-04,2006,10,regular,Portland State,Big Sky,Northern Arizona,Big Sky,34,26,FALSE,TRUE,Walkup Skydome,
2006-11-04,2006,10,regular,Nevada,Western Athletic,Idaho,Western Athletic,45,7,FALSE,TRUE,Kibbie Dome,
2006-11-04,2006,10,regular,Richmond,Atlantic 10,Villanova,Atlantic 10,21,31,FALSE,TRUE,Villanova Stadium,
2006-11-04,2006,10,regular,Jacksonville State,OVC,Chattanooga,Southern,13,10,FALSE,FALSE,Finley Stadium,
2006-11-04,2006,10,regular,Delaware,Atlantic 10,James Madison,Atlantic 10,24,44,FALSE,TRUE,Bridgeforth Stadium,
2006-11-04,2006,10,regular,Arizona,Pac-10,Washington State,Pac-10,27,17,FALSE,TRUE,Gesa Field,
2006-11-04,2006,10,regular,Duquesne,Metro Atlantic Athletic,La Salle,Metro Atlantic Athletic,38,0,TRUE,TRUE,,
2006-11-05,2006,10,regular,Southern Arkansas,,Central Arkansas,FCS Independents,21,55,FALSE,FALSE,Estes Stadium,
2006-11-05,2006,10,regular,UT Martin,OVC,Southeast Missouri State,OVC,28,14,TRUE,TRUE,Houck Stadium,
2006-11-05,2006,10,regular,Sam Houston,Southland,Stephen F. Austin,Southland,21,17,FALSE,TRUE,Homer Bryce Stadium,
2006-11-05,2006,10,regular,BYU,Mountain West,Colorado State,Mountain West,24,3,FALSE,TRUE,Sonny Lubick Field at Hughes Stadium,
2006-11-05,2006,10,regular,USC,Pac-10,Stanford,Pac-10,42,0,FALSE,TRUE,Stanford Stadium,
2006-11-05,2006,10,regular,Georgia Tech,ACC,NC State,ACC,31,23,FALSE,TRUE,Carter-Finley Stadium,
2006-11-05,2006,10,regular,Boston College,ACC,Wake Forest,ACC,14,21,FALSE,TRUE,Allegacy Federal Credit Union Stadium,
2006-11-05,2006,10,regular,Louisiana Tech,Western Athletic,North Texas,Sun Belt,34,31,FALSE,FALSE,,
2006-11-05,2006,10,regular,Oklahoma State,Big 12,Texas,Big 12,10,36,FALSE,TRUE,DKR-Texas Memorial Stadium,
2006-11-05,2006,10,regular,SE Louisiana,Southland,McNeese,Southland,13,34,FALSE,TRUE,Cowboy Stadium,
2006-11-05,2006,10,regular,Tulane,Conference USA,Marshall,Conference USA,21,42,FALSE,TRUE,Joan C. Edwards Stadium,
2006-11-05,2006,10,regular,Arkansas,SEC,South Carolina,SEC,26,20,FALSE,TRUE,Williams-Brice Stadium,
2006-11-05,2006,10,regular,UCLA,Pac-10,California,Pac-10,24,38,FALSE,TRUE,California Memorial Stadium,
2006-11-05,2006,10,regular,San José State,Western Athletic,New Mexico State,Western Athletic,31,21,FALSE,TRUE,Aggie Memorial Stadium,
2006-11-05,2006,10,regular,Oklahoma,Big 12,Texas A&M,Big 12,17,16,FALSE,TRUE,Kyle Field,
2006-11-05,2006,10,regular,Virginia Tech,ACC,Miami,ACC,17,10,FALSE,TRUE,,
2006-11-05,2006,10,regular,Rice,Conference USA,UTEP,Conference USA,37,31,FALSE,TRUE,Sun Bowl,
2006-11-06,2006,10,regular,Southern Miss,Conference USA,Memphis,Conference USA,42,21,FALSE,TRUE,Simmons Bank Liberty Stadium,
2006-11-08,2006,11,regular,Toledo,Mid-American,Northern Illinois,Mid-American,17,13,FALSE,TRUE,Huskie Stadium,
2006-11-09,2006,11,regular,Buffalo,Mid-American,Akron,Mid-American,16,31,FALSE,TRUE,,
2006-11-10,2006,11,regular,La Salle,Metro Atlantic Athletic,St. Peter's,Metro Atlantic Athletic,37,28,TRUE,TRUE,,
2006-11-10,2006,11,regular,Louisville,Big East,Rutgers,Big East,25,28,FALSE,TRUE,High Point Solutions Stadium,
2006-11-10,2006,11,regular,Wyoming,Mountain West,BYU,Mountain West,7,55,FALSE,TRUE,LaVell Edwards Stadium,
2006-11-11,2006,11,regular,Western Michigan,Mid-American,Central Michigan,Mid-American,7,31,FALSE,TRUE,Kelly/Shorts Stadium,
2006-11-11,2006,11,regular,UTEP,Conference USA,UAB,Conference USA,36,17,FALSE,TRUE,Legion Field,
2006-11-11,2006,11,regular,Samford,OVC,Jacksonville State,OVC,7,55,FALSE,TRUE,AmFirst Stadium,
2006-11-11,2006,11,regular,Syracuse,Big East,South Florida,Big East,10,27,FALSE,TRUE,Raymond James Stadium,
2006-11-11,2006,11,regular,Maine,Atlantic 10,Massachusetts,Atlantic 10,9,10,TRUE,TRUE,,
2006-11-11,2006,11,regular,Minnesota,Big Ten,Michigan State,Big Ten,31,18,FALSE,TRUE,Spartan Stadium,
2006-11-11,2006,11,regular,Georgia Tech,ACC,North Carolina,ACC,7,0,FALSE,TRUE,Kenan Stadium,
2006-11-11,2006,11,regular,New Hampshire,Atlantic 10,Rhode Island,Atlantic 10,63,21,FALSE,TRUE,Meade Stadium,
2006-11-11,2006,11,regular,NC State,ACC,Clemson,ACC,14,20,FALSE,TRUE,"Memorial Stadium (Clemson, SC)",
2006-11-11,2006,11,regular,Cincinnati,Big East,West Virginia,Big East,24,42,FALSE,TRUE,Milan Puskar Stadium,
2006-11-11,2006,11,regular,Purdue,Big Ten,Illinois,Big Ten,42,31,FALSE,TRUE,"Memorial Stadium (Champaign, IL)",
2006-11-11,2006,11,regular,Stony Brook,NEC,Central Connecticut,NEC,32,35,FALSE,TRUE,Arute Field,
2006-11-11,2006,11,regular,Wisconsin,Big Ten,Iowa,Big Ten,24,21,FALSE,TRUE,Kinnick Stadium,
2006-11-11,2006,11,regular,New Hampshire,Atlantic 10,Rhodes College,,63,21,TRUE,FALSE,Meade Stadium,
2006-11-11,2006,11,regular,Illinois State,MVFC,Indiana State,MVFC,42,20,FALSE,TRUE,Memorial Stadium,
2006-11-11,2006,11,regular,Georgia,SEC,Auburn,SEC,37,15,FALSE,TRUE,Jordan-Hare Stadium,
2006-11-11,2006,11,regular,Princeton,Ivy,Yale,Ivy,34,31,FALSE,TRUE,Yale Bowl,
2006-11-11,2006,11,regular,Brown,Ivy,Dartmouth,Ivy,13,19,FALSE,TRUE,Memorial Field,
2006-11-11,2006,11,regular,Cornell,Ivy,Columbia,Ivy,14,21,FALSE,TRUE,Lawrence A. Wien Stadium,
2006-11-11,2006,11,regular,Baylor,Big 12,Oklahoma State,Big 12,24,66,FALSE,TRUE,Boone Pickens Stadium,
2006-11-11,2006,11,regular,Drake,Pioneer,Jacksonville,Pioneer,47,28,TRUE,TRUE,D. B. Milne Field,
2006-11-11,2006,11,regular,Holy Cross,Patriot,Colgate,Patriot,28,29,FALSE,TRUE,Andy Kerr Stadium,
2006-11-11,2006,11,regular,Fordham,Patriot,Lehigh,Patriot,14,45,FALSE,TRUE,Goodman Stadium,
2006-11-11,2006,11,regular,Robert Morris,NEC,Sacred Heart,NEC,41,21,FALSE,TRUE,Campus Field,
2006-11-11,2006,11,regular,Vanderbilt,SEC,Kentucky,SEC,26,38,FALSE,TRUE,Kroger Field,
2006-11-11,2006,11,regular,Marshall,Conference USA,East Carolina,Conference USA,20,33,FALSE,TRUE,Dowdy-Ficklen Stadium,
2006-11-11,2006,11,regular,Harvard,Ivy,Pennsylvania,Ivy,13,22,FALSE,TRUE,Franklin Field,
2006-11-11,2006,11,regular,James Madison,Atlantic 10,Villanova,Atlantic 10,20,21,FALSE,TRUE,Villanova Stadium,
2006-11-11,2006,11,regular,Towson,Atlantic 10,Richmond,Atlantic 10,31,7,TRUE,TRUE,,
2006-11-11,2006,11,regular,Georgetown,Patriot,Lafayette,Patriot,14,45,FALSE,TRUE,Fisher Field,
2006-11-11,2006,11,regular,Monmouth,NEC,UAlbany,NEC,19,0,TRUE,TRUE,University Field (NY),
2006-11-11,2006,11,regular,Butler,Pioneer,Davidson,Pioneer,10,50,FALSE,TRUE,Richardson Stadium,
2006-11-11,2006,11,regular,Navy,FBS Independents,Eastern Michigan,Mid-American,49,21,FALSE,FALSE,,
2006-11-11,2006,11,regular,Northeastern,Atlantic 10,Hofstra,Atlantic 10,34,24,TRUE,TRUE,,
2006-11-11,2006,11,regular,Charleston Southern,Big South,Liberty,Big South,20,34,FALSE,TRUE,Williams Stadium (VA),
2006-11-11,2006,11,regular,Iona,Metro Atlantic Athletic,Marist,Metro Atlantic Athletic,17,24,FALSE,TRUE,Leonidoff Field,
2006-11-11,2006,11,regular,Austin Peay,FCS Independents,Morehead State,Pioneer,23,21,FALSE,FALSE,Jayne Stadium,
2006-11-11,2006,11,regular,Delaware State,MEAC,Norfolk State,MEAC,33,10,FALSE,TRUE,"William Dick"""" Price Stadium""""",
2006-11-11,2006,11,regular,Wagner,NEC,St. Francis (PA),NEC,14,35,TRUE,TRUE,,
2006-11-11,2006,11,regular,Eastern Kentucky,OVC,UT Martin,OVC,31,28,FALSE,TRUE,Graham Stadium,
2006-11-11,2006,11,regular,William & Mary,Atlantic 10,Delaware,Atlantic 10,14,28,TRUE,TRUE,,
2006-11-11,2006,11,regular,Coastal Carolina,Big South,Gardner-Webb,Big South,52,24,FALSE,TRUE,Ernest W. Spangler Stadium,
2006-11-11,2006,11,regular,Elon,Southern,North Carolina A&T,MEAC,45,0,TRUE,FALSE,Aggie Memorial Stadium,
2006-11-11,2006,11,regular,Aurora,,Valparaiso,Pioneer,7,20,FALSE,FALSE,Brown Field,
2006-11-11,2006,11,regular,Chattanooga,Southern,Wofford,Southern,0,55,FALSE,TRUE,Gibbs Stadium,
2006-11-11,2006,11,regular,Colorado State,Mountain West,Utah,Mountain West,22,35,FALSE,TRUE,Rice-Eccles Stadium,
2006-11-11,2006,11,regular,Augustana University (SD),,Central Arkansas,FCS Independents,13,37,FALSE,FALSE,Estes Stadium,
2006-11-11,2006,11,regular,Edward Waters,,Savannah St,FCS Independents,7,28,FALSE,FALSE,Ted Wright Stadium,
2006-11-11,2006,11,regular,Western Illinois,MVFC,Missouri State,MVFC,21,24,FALSE,TRUE,Plaster Sports Complex,
2006-11-11,2006,11,regular,VMI,Big South,The Citadel,Southern,21,48,FALSE,FALSE,Johnson Hagood Stadium,
2006-11-11,2006,11,regular,Southern Miss,Conference USA,Tulane,Conference USA,31,3,FALSE,TRUE,Caesars Superdome,
2006-11-11,2006,11,regular,Montana,Big Sky,Northern Colorado,Big Sky,53,21,FALSE,TRUE,Nottingham Field,
2006-11-11,2006,11,regular,Eastern Illinois,OVC,Tennessee Tech,OVC,38,14,FALSE,TRUE,Tucker Stadium,
2006-11-11,2006,11,regular,Iowa State,Big 12,Colorado,Big 12,16,33,FALSE,TRUE,Folsom Field,
2006-11-11,2006,11,regular,Rice,Conference USA,Tulsa,Conference USA,41,38,FALSE,TRUE,,
2006-11-11,2006,11,regular,Stephen F. Austin,Southland,Nicholls,Southland,16,13,FALSE,TRUE,Manning Field at John L. Guidry Stadium,
2006-11-11,2006,11,regular,Houston,Conference USA,SMU,Conference USA,37,27,FALSE,TRUE,Gerald J. Ford Stadium,
2006-11-11,2006,11,regular,California,Pac-10,Arizona,Pac-10,20,24,FALSE,TRUE,Arizona Stadium,
2006-11-11,2006,11,regular,Pittsburgh,Big East,UConn,Big East,45,46,FALSE,TRUE,Pratt & Whitney Stadium,
2006-11-11,2006,11,regular,South Carolina,SEC,Florida,SEC,16,17,FALSE,TRUE,Ben Hill Griffin Stadium,
2006-11-11,2006,11,regular,Ohio State,Big Ten,Northwestern,Big Ten,54,10,FALSE,TRUE,Ryan Field,
2006-11-11,2006,11,regular,Michigan,Big Ten,Indiana,Big Ten,34,3,FALSE,TRUE,"Memorial Stadium (Bloomington, IN)",
2006-11-11,2006,11,regular,Miami,ACC,Maryland,ACC,13,14,FALSE,TRUE,SECU Stadium,
2006-11-11,2006,11,regular,Temple,FBS Independents,Penn State,Big Ten,0,47,FALSE,FALSE,Beaver Stadium,
2006-11-11,2006,11,regular,Georgia Southern,Southern,Furman,Southern,10,13,FALSE,TRUE,Paladin Stadium,
2006-11-11,2006,11,regular,Nebraska,Big 12,Texas A&M,Big 12,28,27,FALSE,TRUE,Kyle Field,
2006-11-11,2006,11,regular,Kent State,Mid-American,Virginia Tech,ACC,0,23,FALSE,FALSE,Lane Stadium,
2006-11-11,2006,11,regular,Stanford,Pac-10,Washington,Pac-10,20,3,FALSE,TRUE,Husky Stadium,
2006-11-11,2006,11,regular,Southeast Missouri State,OVC,Tennessee State,OVC,0,31,FALSE,TRUE,Nissan Stadium,
2006-11-11,2006,11,regular,Northern Iowa,MVFC,Southern Illinois,MVFC,23,47,TRUE,TRUE,,
2006-11-11,2006,11,regular,Notre Dame,FBS Independents,Air Force,Mountain West,39,17,FALSE,FALSE,Falcon Stadium,
2006-11-11,2006,11,regular,Howard,MEAC,Bethune-Cookman,MEAC,28,0,FALSE,TRUE,Municipal Stadium,
2006-11-11,2006,11,regular,Troy,Sun Belt,Florida Atlantic,Sun Belt,24,17,FALSE,TRUE,,
2006-11-11,2006,11,regular,Utah State,Western Athletic,Nevada,Western Athletic,0,42,FALSE,TRUE,Mackay Stadium,
2006-11-11,2006,11,regular,App State,Southern,Western Carolina,Southern,31,9,FALSE,TRUE,E. J. Whitmire Stadium,
2006-11-11,2006,11,regular,Youngstown State,MVFC,Western Kentucky,MVFC,19,3,FALSE,TRUE,Houchens Industries-L.T. Smith Stadium,
2006-11-11,2006,11,regular,New Mexico State,Western Athletic,Fresno State,Western Athletic,18,23,FALSE,TRUE,Valley Children's Stadium,
2006-11-11,2006,11,regular,North Texas,Sun Belt,Louisiana,Sun Belt,16,7,FALSE,TRUE,Cajun Field,
2006-11-11,2006,11,regular,Middle Tennessee,Sun Belt,Arkansas State,Sun Belt,38,10,FALSE,TRUE,,
2006-11-11,2006,11,regular,Idaho State,Big Sky,Eastern Washington,Big Sky,6,40,FALSE,TRUE,Roos Field,
2006-11-11,2006,11,regular,Weber State,Big Sky,Northern Arizona,Big Sky,17,42,FALSE,TRUE,Walkup Skydome,
2006-11-11,2006,11,regular,TCU,Mountain West,New Mexico,Mountain West,27,21,FALSE,TRUE,University Stadium (NM),
2006-11-11,2006,11,regular,Boise State,Western Athletic,San José State,Western Athletic,23,20,FALSE,TRUE,CEFCU Stadium,
2006-11-11,2006,11,regular,Hampton,MEAC,Florida A&M,MEAC,59,7,FALSE,TRUE,Bragg Memorial Stadium,
2006-11-11,2006,11,regular,South Carolina State,MEAC,Morgan State,MEAC,41,16,FALSE,TRUE,Hughes Stadium,
2006-11-11,2006,11,regular,Oregon State,Pac-10,UCLA,Pac-10,7,25,FALSE,TRUE,Rose Bowl,
2006-11-12,2006,11,regular,Tennessee,SEC,Arkansas,SEC,14,31,FALSE,TRUE,Razorback Stadium,
2006-11-12,2006,11,regular,Duke,ACC,Boston College,ACC,7,28,FALSE,TRUE,"Alumni Stadium (Chestnut Hill, MA)",
2006-11-12,2006,11,regular,Texas Tech,Big 12,Oklahoma,Big 12,24,34,FALSE,TRUE,"Memorial Stadium (Norman, OK)",
2006-11-12,2006,11,regular,Texas Southern,SWAC,Texas State,Southland,21,41,TRUE,FALSE,Bobcat Stadium,
2006-11-12,2006,11,regular,UL Monroe,Sun Belt,Florida International,Sun Belt,35,0,FALSE,TRUE,FIU Stadium,
2006-11-12,2006,11,regular,McNeese,Southland,Northwestern State,Southland,29,26,FALSE,TRUE,Harry Turpin Stadium,
2006-11-12,2006,11,regular,Sam Houston,Southland,SE Louisiana,Southland,28,23,FALSE,TRUE,Strawberry Stadium,
2006-11-12,2006,11,regular,Portland State,Big Sky,Sacramento State,Big Sky,13,7,FALSE,TRUE,Hornet Stadium,
2006-11-12,2006,11,regular,Alabama,SEC,LSU,SEC,14,28,FALSE,TRUE,Tiger Stadium (LA),
2006-11-12,2006,11,regular,Wake Forest,ACC,Florida State,ACC,30,0,FALSE,TRUE,Doak Campbell Stadium,
2006-11-12,2006,11,regular,UCF,Conference USA,Memphis,Conference USA,26,24,FALSE,TRUE,Simmons Bank Liberty Stadium,
2006-11-12,2006,11,regular,Texas,Big 12,Kansas State,Big 12,42,45,FALSE,TRUE,Bill Snyder Family Stadium,
2006-11-12,2006,11,regular,Washington State,Pac-10,Arizona State,Pac-10,14,47,FALSE,TRUE,Mountain America Stadium,
2006-11-12,2006,11,regular,UNLV,Mountain West,San Diego State,Mountain West,7,21,FALSE,TRUE,Qualcomm Stadium,
2006-11-12,2006,11,regular,Dayton,Pioneer,San Diego,Pioneer,14,56,FALSE,TRUE,Torero Stadium,
2006-11-12,2006,11,regular,Oregon,Pac-10,USC,Pac-10,10,35,FALSE,TRUE,Los Angeles Memorial Coliseum,
2006-11-12,2006,11,regular,Louisiana Tech,Western Athletic,Hawai'i,Western Athletic,17,61,FALSE,TRUE,Aloha Stadium,
2006-11-15,2006,12,regular,Ball State,Mid-American,Toledo,Mid-American,20,17,FALSE,TRUE,Glass Bowl,
2006-11-16,2006,12,regular,Miami (OH),Mid-American,Bowling Green,Mid-American,9,7,FALSE,TRUE,Doyt L. Perry Stadium,
2006-11-17,2006,12,regular,Akron,Mid-American,Ohio,Mid-American,7,17,FALSE,TRUE,Peden Stadium,
2006-11-17,2006,12,regular,West Virginia,Big East,Pittsburgh,Big East,45,27,FALSE,TRUE,Acrisure Stadium,
2006-11-17,2006,12,regular,Northwestern State,Southland,Stephen F. Austin,Southland,11,20,FALSE,TRUE,Homer Bryce Stadium,
2006-11-17,2006,12,regular,Eastern Michigan,Mid-American,Kent State,Mid-American,6,14,FALSE,TRUE,Dix Stadium,
2006-11-18,2006,12,regular,Central Michigan,Mid-American,Northern Illinois,Mid-American,10,31,FALSE,TRUE,Huskie Stadium,
2006-11-18,2006,12,regular,Western Carolina,Southern,Florida,SEC,0,62,FALSE,FALSE,Ben Hill Griffin Stadium,
2006-11-18,2006,12,regular,Maryland,ACC,Boston College,ACC,16,38,FALSE,TRUE,"Alumni Stadium (Chestnut Hill, MA)",
2006-11-18,2006,12,regular,Yale,Ivy,Harvard,Ivy,34,13,FALSE,TRUE,Harvard Stadium,
2006-11-18,2006,12,regular,Rhode Island,Atlantic 10,Northeastern,Atlantic 10,31,45,TRUE,TRUE,,
2006-11-18,2006,12,regular,Hofstra,Atlantic 10,Massachusetts,Atlantic 10,16,22,TRUE,TRUE,,
2006-11-18,2006,12,regular,Iowa,Big Ten,Minnesota,Big Ten,24,34,FALSE,TRUE,,
2006-11-18,2006,12,regular,NC State,ACC,North Carolina,ACC,9,23,FALSE,TRUE,Kenan Stadium,
2006-11-18,2006,12,regular,UConn,Big East,Syracuse,Big East,14,20,FALSE,TRUE,JMA Wireless Dome,
2006-11-18,2006,12,regular,Michigan State,Big Ten,Penn State,Big Ten,13,17,FALSE,TRUE,Beaver Stadium,
2006-11-18,2006,12,regular,Oklahoma,Big 12,Baylor,Big 12,36,10,FALSE,TRUE,Floyd Casey Stadium,
2006-11-18,2006,12,regular,Miami,ACC,Virginia,ACC,7,17,FALSE,TRUE,Scott Stadium,
2006-11-18,2006,12,regular,Buffalo,Mid-American,Wisconsin,Big Ten,3,35,FALSE,FALSE,Camp Randall Stadium,
2006-11-18,2006,12,regular,New Hampshire,Atlantic 10,Maine,Atlantic 10,19,13,FALSE,TRUE,Alfond Stadium,
2006-11-18,2006,12,regular,Indiana,Big Ten,Purdue,Big Ten,19,28,FALSE,TRUE,Ross-Ade Stadium,
2006-11-18,2006,12,regular,Columbia,Ivy,Brown,Ivy,22,21,FALSE,TRUE,Brown Stadium,
2006-11-18,2006,12,regular,Tennessee,SEC,Vanderbilt,SEC,39,10,FALSE,TRUE,FirstBank Stadium,
2006-11-18,2006,12,regular,Temple,FBS Independents,Navy,FBS Independents,6,42,FALSE,FALSE,Navy-Marine Corps Memorial Stadium,
2006-11-18,2006,12,regular,Middle Tennessee,Sun Belt,South Carolina,SEC,7,52,FALSE,FALSE,Williams-Brice Stadium,
2006-11-18,2006,12,regular,Delaware State,MEAC,Howard,MEAC,17,20,FALSE,TRUE,William H. Greene Stadium,
2006-11-18,2006,12,regular,Villanova,Atlantic 10,Delaware,Atlantic 10,28,27,TRUE,TRUE,,
2006-11-18,2006,12,regular,Illinois,Big Ten,Northwestern,Big Ten,16,27,FALSE,TRUE,Ryan Field,
2006-11-18,2006,12,regular,UL Monroe,Sun Belt,Kentucky,SEC,40,42,FALSE,FALSE,Kroger Field,
2006-11-18,2006,12,regular,James Madison,Atlantic 10,Towson,Atlantic 10,38,3,FALSE,TRUE,Johnny Unitas Stadium,
2006-11-18,2006,12,regular,Dartmouth,Ivy,Princeton,Ivy,17,27,FALSE,TRUE,Princeton University Stadium,
2006-11-18,2006,12,regular,Pennsylvania,Ivy,Cornell,Ivy,27,28,FALSE,TRUE,Schoellkopf Field,
2006-11-18,2006,12,regular,Central Arkansas,FCS Independents,Georgia Southern,Southern,34,31,FALSE,FALSE,Allen E. Paulson Stadium,
2006-11-18,2006,12,regular,Lehigh,Patriot,Lafayette,Patriot,27,49,FALSE,TRUE,Fisher Field,
2006-11-18,2006,12,regular,Colgate,Patriot,Bucknell,Patriot,28,31,FALSE,TRUE,Christy Mathewson-Memorial Stadium,
2006-11-18,2006,12,regular,Tennessee State,OVC,Eastern Kentucky,OVC,3,20,FALSE,TRUE,Roy Kidd Stadium,
2006-11-18,2006,12,regular,Georgetown,Patriot,Fordham,Patriot,30,38,TRUE,TRUE,Coffey Field,
2006-11-18,2006,12,regular,Winston-Salem,FCS Independents,Norfolk State,MEAC,14,31,FALSE,FALSE,"William Dick"""" Price Stadium""""",
2006-11-18,2006,12,regular,Liberty,Big South,VMI,Big South,38,32,FALSE,TRUE,Alumni Memorial Field,
2006-11-18,2006,12,regular,Richmond,Atlantic 10,William & Mary,Atlantic 10,31,14,FALSE,TRUE,Zable Stadium,
2006-11-18,2006,12,regular,Duke,ACC,Georgia Tech,ACC,21,49,FALSE,TRUE,Bobby Dodd Stadium,
2006-11-18,2006,12,regular,Charleston Southern,Big South,Coastal Carolina,Big South,17,31,FALSE,TRUE,Brooks Stadium (SC),
2006-11-18,2006,12,regular,Wofford,Southern,Gardner-Webb,Big South,34,17,FALSE,FALSE,Ernest W. Spangler Stadium,
2006-11-18,2006,12,regular,Western Michigan,Mid-American,Florida State,ACC,20,28,FALSE,FALSE,Doak Campbell Stadium,
2006-11-18,2006,12,regular,Missouri,Big 12,Iowa State,Big 12,16,21,FALSE,TRUE,Jack Trice Stadium,
2006-11-18,2006,12,regular,UT Martin,OVC,Murray State,OVC,42,14,FALSE,TRUE,Roy Stewart Stadium,
2006-11-18,2006,12,regular,Houston,Conference USA,Memphis,Conference USA,23,20,FALSE,TRUE,Simmons Bank Liberty Stadium,
2006-11-18,2006,12,regular,South Carolina State,MEAC,North Carolina A&T,MEAC,41,19,TRUE,TRUE,,
2006-11-18,2006,12,regular,Tennessee Tech,OVC,Southeast Missouri State,OVC,32,29,TRUE,TRUE,Houck Stadium,
2006-11-18,2006,12,regular,Oklahoma State,Big 12,Texas Tech,Big 12,24,30,FALSE,TRUE,Jones AT&T Stadium,
2006-11-18,2006,12,regular,UCF,Conference USA,Tulane,Conference USA,9,10,FALSE,TRUE,Caesars Superdome,
2006-11-18,2006,12,regular,Northern Arizona,Big Sky,Northern Colorado,Big Sky,54,3,FALSE,TRUE,Nottingham Field,
2006-11-18,2006,12,regular,Army,FBS Independents,Notre Dame,FBS Independents,9,41,FALSE,FALSE,Notre Dame Stadium,
2006-11-18,2006,12,regular,Arkansas,SEC,Mississippi State,SEC,28,14,FALSE,TRUE,Davis Wade Stadium,
2006-11-18,2006,12,regular,Jacksonville State,OVC,Eastern Illinois,OVC,24,28,FALSE,TRUE,O'Brien Stadium,
2006-11-18,2006,12,regular,Montana State,Big Sky,Montana,Big Sky,7,13,FALSE,TRUE,Washington-Grizzly Stadium,
2006-11-18,2006,12,regular,Utah State,Western Athletic,Boise State,Western Athletic,10,49,FALSE,TRUE,Albertsons Stadium,
2006-11-18,2006,12,regular,East Carolina,Conference USA,Rice,Conference USA,17,18,FALSE,TRUE,Rice Stadium,
2006-11-18,2006,12,regular,Texas State,Southland,Sam Houston,Southland,28,21,FALSE,TRUE,Elliott T. Bowers Stadium,
2006-11-18,2006,12,regular,Tulsa,Conference USA,SMU,Conference USA,24,34,FALSE,TRUE,Gerald J. Ford Stadium,
2006-11-18,2006,12,regular,Oregon State,Pac-10,Stanford,Pac-10,30,7,FALSE,TRUE,Stanford Stadium,
2006-11-18,2006,12,regular,Bethune-Cookman,MEAC,Florida A&M,MEAC,21,35,TRUE,TRUE,,
2006-11-18,2006,12,regular,Michigan,Big Ten,Ohio State,Big Ten,39,42,FALSE,TRUE,Ohio Stadium,
2006-11-18,2006,12,regular,Kansas State,Big 12,Kansas,Big 12,20,39,FALSE,TRUE,Memorial Stadium,
2006-11-18,2006,12,regular,Arizona,Pac-10,Oregon,Pac-10,37,10,FALSE,TRUE,Autzen Stadium,
2006-11-18,2006,12,regular,Auburn,SEC,Alabama,SEC,22,15,FALSE,TRUE,Bryant-Denny Stadium,
2006-11-18,2006,12,regular,Savannah St,FCS Independents,Cal Poly,Great West,0,55,FALSE,FALSE,Alex G. Spanos Stadium,
2006-11-18,2006,12,regular,Southern Utah,Great West,Southern Illinois,MVFC,0,59,TRUE,FALSE,,
2006-11-18,2006,12,regular,New Mexico,Mountain West,BYU,Mountain West,17,42,FALSE,TRUE,LaVell Edwards Stadium,
2006-11-18,2006,12,regular,Sacramento State,Big Sky,UC Davis,Great West,16,30,FALSE,FALSE,Aggie Stadium,
2006-11-18,2006,12,regular,Wyoming,Mountain West,UNLV,Mountain West,34,26,FALSE,TRUE,Sam Boyd Stadium,
2006-11-18,2006,12,regular,San Diego State,Mountain West,TCU,Mountain West,0,52,FALSE,TRUE,Amon G. Carter Stadium,
2006-11-18,2006,12,regular,UTEP,Conference USA,Marshall,Conference USA,21,49,FALSE,TRUE,Joan C. Edwards Stadium,
2006-11-18,2006,12,regular,Austin Peay,FCS Independents,Western Kentucky,MVFC,14,24,FALSE,FALSE,Houchens Industries-L.T. Smith Stadium,
2006-11-18,2006,12,regular,Idaho,Western Athletic,Fresno State,Western Athletic,0,34,FALSE,TRUE,Valley Children's Stadium,
2006-11-18,2006,12,regular,The Citadel,Southern,Elon,Southern,44,7,FALSE,TRUE,Rhodes Stadium,
2006-11-18,2006,12,regular,Weber State,Big Sky,Idaho State,Big Sky,30,27,FALSE,TRUE,Holt Arena,
2006-11-18,2006,12,regular,Illinois State,MVFC,Northern Iowa,MVFC,27,38,FALSE,TRUE,UNI-Dome,
2006-11-18,2006,12,regular,Louisiana,Sun Belt,Florida International,Sun Belt,17,7,FALSE,TRUE,FIU Stadium,
2006-11-18,2006,12,regular,Washington,Pac-10,Washington State,Pac-10,35,32,FALSE,TRUE,Gesa Field,
2006-11-19,2006,12,regular,Virginia Tech,ACC,Wake Forest,ACC,27,6,FALSE,TRUE,Allegacy Federal Credit Union Stadium,
2006-11-19,2006,12,regular,Florida Atlantic,Sun Belt,North Texas,Sun Belt,17,16,FALSE,TRUE,,
2006-11-19,2006,12,regular,Arkansas State,Sun Belt,Troy,Sun Belt,33,26,FALSE,TRUE,Veterans Memorial Stadium (AL),
2006-11-19,2006,12,regular,South Florida,Big East,Louisville,Big East,8,31,FALSE,TRUE,L&N Federal Credit Union Stadium,
2006-11-19,2006,12,regular,Utah,Mountain West,Air Force,Mountain West,17,14,FALSE,TRUE,Falcon Stadium,
2006-11-19,2006,12,regular,Rutgers,Big East,Cincinnati,Big East,11,30,FALSE,TRUE,Nippert Stadium,
2006-11-19,2006,12,regular,California,Pac-10,USC,Pac-10,9,23,FALSE,TRUE,Los Angeles Memorial Coliseum,
2006-11-19,2006,12,regular,Ole Miss,SEC,LSU,SEC,20,23,FALSE,TRUE,Tiger Stadium (LA),
2006-11-19,2006,12,regular,Nevada,Western Athletic,Louisiana Tech,Western Athletic,42,0,FALSE,TRUE,Joe Aillet Stadium,
2006-11-19,2006,12,regular,Nicholls,Southland,McNeese,Southland,10,26,FALSE,TRUE,Cowboy Stadium,
2006-11-19,2006,12,regular,UAB,Conference USA,Southern Miss,Conference USA,20,25,FALSE,TRUE,M. M. Roberts Stadium,
2006-11-19,2006,12,regular,UCLA,Pac-10,Arizona State,Pac-10,24,12,FALSE,TRUE,Mountain America Stadium,
2006-11-19,2006,12,regular,San José State,Western Athletic,Hawai'i,Western Athletic,17,54,FALSE,TRUE,Aloha Stadium,
2006-11-22,2006,13,regular,Bowling Green,Mid-American,Toledo,Mid-American,21,31,FALSE,TRUE,Glass Bowl,
2006-11-24,2006,13,regular,Boston College,ACC,Miami,ACC,14,17,FALSE,TRUE,,
2006-11-24,2006,13,regular,Northern Illinois,Mid-American,Eastern Michigan,Mid-American,27,0,FALSE,TRUE,Rynearson Stadium,
2006-11-24,2006,13,regular,Ohio,Mid-American,Miami (OH),Mid-American,34,24,FALSE,TRUE,Yager Stadium,
2006-11-24,2006,13,regular,Texas A&M,Big 12,Texas,Big 12,12,7,FALSE,TRUE,DKR-Texas Memorial Stadium,
2006-11-24,2006,13,regular,Kent State,Mid-American,Ball State,Mid-American,6,30,FALSE,TRUE,Scheumann Stadium,
2006-11-24,2006,13,regular,Central Michigan,Mid-American,Buffalo,Mid-American,55,28,FALSE,TRUE,UB Stadium,
2006-11-24,2006,13,regular,LSU,SEC,Arkansas,SEC,31,26,FALSE,TRUE,Razorback Stadium,
2006-11-24,2006,13,regular,Tulane,Conference USA,Tulsa,Conference USA,3,38,FALSE,TRUE,,
2006-11-24,2006,13,regular,Colorado,Big 12,Nebraska,Big 12,14,37,FALSE,TRUE,"Memorial Stadium (Lincoln, NE)",
2006-11-24,2006,13,regular,Oregon,Pac-10,Oregon State,Pac-10,28,30,FALSE,TRUE,Reser Stadium,
2006-11-24,2006,13,regular,Western Michigan,Mid-American,Akron,Mid-American,17,0,FALSE,TRUE,,
2006-11-25,2006,13,regular,Air Force,Mountain West,UNLV,Mountain West,39,42,FALSE,TRUE,Sam Boyd Stadium,
2006-11-25,2006,13,regular,Fresno State,Western Athletic,Louisiana Tech,Western Athletic,34,27,FALSE,TRUE,Joe Aillet Stadium,
2006-11-25,2006,13,regular,Cincinnati,Big East,UConn,Big East,26,23,FALSE,TRUE,Pratt & Whitney Stadium,
2006-11-25,2006,13,regular,Florida,SEC,Florida State,ACC,21,14,FALSE,FALSE,Doak Campbell Stadium,
2006-11-25,2006,13,regular,Lafayette,Patriot,Massachusetts,Atlantic 10,14,35,TRUE,FALSE,,NCAA DIVISION I FOOTBALL CHAMPIONSHIP
2006-11-25,2006,13,regular,Kansas,Big 12,Missouri,Big 12,17,42,FALSE,TRUE,Memorial Stadium,
2006-11-25,2006,13,regular,North Carolina,ACC,Duke,ACC,45,44,FALSE,TRUE,Wallace Wade Stadium,
2006-11-25,2006,13,regular,Syracuse,Big East,Rutgers,Big East,7,38,FALSE,TRUE,High Point Solutions Stadium,
2006-11-25,2006,13,regular,South Carolina,SEC,Clemson,ACC,31,28,FALSE,FALSE,"Memorial Stadium (Clemson, SC)",
2006-11-25,2006,13,regular,Virginia,ACC,Virginia Tech,ACC,0,17,FALSE,TRUE,Lane Stadium,
2006-11-25,2006,13,regular,South Florida,Big East,West Virginia,Big East,24,19,FALSE,TRUE,Milan Puskar Stadium,
2006-11-25,2006,13,regular,UAB,Conference USA,UCF,Conference USA,22,31,FALSE,TRUE,,
2006-11-25,2006,13,regular,Kentucky,SEC,Tennessee,SEC,12,17,FALSE,TRUE,Neyland Stadium,
2006-11-25,2006,13,regular,New Hampshire,Atlantic 10,Hampton,MEAC,41,38,FALSE,FALSE,Armstrong Stadium,NCAA DIVISION I FOOTBALL CHAMPIONSHIP
2006-11-25,2006,13,regular,Furman,Southern,Montana State,Big Sky,13,31,FALSE,FALSE,Bobcat Stadium,NCAA DIVISION I FOOTBALL CHAMPIONSHIP
2006-11-25,2006,13,regular,Mississippi State,SEC,Ole Miss,SEC,17,20,FALSE,TRUE,Vaught-Hemingway Stadium,
2006-11-25,2006,13,regular,Illinois State,MVFC,Eastern Illinois,OVC,24,13,FALSE,FALSE,O'Brien Stadium,NCAA DIVISION I FOOTBALL CHAMPIONSHIP
2006-11-25,2006,13,regular,McNeese,Southland,Montana,Big Sky,6,31,FALSE,FALSE,Washington-Grizzly Stadium,NCAA DIVISION I FOOTBALL CHAMPIONSHIP
2006-11-25,2006,13,regular,UT Martin,OVC,Southern Illinois,MVFC,30,36,TRUE,FALSE,,NCAA DIVISION I FOOTBALL CHAMPIONSHIP
2006-11-25,2006,13,regular,San Diego State,Mountain West,New Mexico,Mountain West,14,41,FALSE,TRUE,University Stadium (NM),
2006-11-25,2006,13,regular,Oklahoma,Big 12,Oklahoma State,Big 12,27,21,FALSE,TRUE,Boone Pickens Stadium,
2006-11-25,2006,13,regular,SMU,Conference USA,Rice,Conference USA,27,31,FALSE,TRUE,Rice Stadium,
2006-11-25,2006,13,regular,New Mexico State,Western Athletic,Utah State,Western Athletic,42,20,FALSE,TRUE,Maverik Stadium,
2006-11-25,2006,13,regular,Georgia Tech,ACC,Georgia,SEC,12,15,FALSE,FALSE,Sanford Stadium,
2006-11-25,2006,13,regular,Louisville,Big East,Pittsburgh,Big East,48,24,FALSE,TRUE,Acrisure Stadium,
2006-11-25,2006,13,regular,BYU,Mountain West,Utah,Mountain West,33,31,FALSE,TRUE,Rice-Eccles Stadium,
2006-11-25,2006,13,regular,Coastal Carolina,Big South,App State,Southern,28,45,FALSE,FALSE,Kidd Brewer Stadium,NCAA DIVISION I FOOTBALL CHAMPIONSHIP
2006-11-25,2006,13,regular,Troy,Sun Belt,Middle Tennessee,Sun Belt,21,20,FALSE,TRUE,"Johnny ""Red"" Floyd Stadium",
2006-11-25,2006,13,regular,San Diego,Pioneer,UC Davis,Great West,27,37,FALSE,FALSE,Aggie Stadium,
2006-11-25,2006,13,regular,Boise State,Western Athletic,Nevada,Western Athletic,38,7,FALSE,TRUE,Mackay Stadium,
2006-11-25,2006,13,regular,Arkansas State,Sun Belt,Louisiana,Sun Belt,13,28,FALSE,TRUE,Cajun Field,
2006-11-25,2006,13,regular,San José State,Western Athletic,Idaho,Western Athletic,28,13,FALSE,TRUE,Kibbie Dome,
2006-11-25,2006,13,regular,Arizona State,Pac-10,Arizona,Pac-10,28,14,FALSE,TRUE,Arizona Stadium,
2006-11-26,2006,13,regular,TCU,Mountain West,Colorado State,Mountain West,45,14,FALSE,TRUE,Sonny Lubick Field at Hughes Stadium,
2006-11-26,2006,13,regular,East Carolina,Conference USA,NC State,ACC,21,16,FALSE,FALSE,Carter-Finley Stadium,
2006-11-26,2006,13,regular,Florida International,Sun Belt,Florida Atlantic,Sun Belt,0,31,FALSE,TRUE,,
2006-11-26,2006,13,regular,North Texas,Sun Belt,UL Monroe,Sun Belt,3,23,FALSE,TRUE,Malone Stadium,
2006-11-26,2006,13,regular,Marshall,Conference USA,Southern Miss,Conference USA,7,42,FALSE,TRUE,M. M. Roberts Stadium,
2006-11-26,2006,13,regular,James Madison,Atlantic 10,Youngstown State,MVFC,31,35,FALSE,FALSE,Stambaugh Stadium,NCAA DIVISION I FOOTBALL CHAMPIONSHIP
2006-11-26,2006,13,regular,Wake Forest,ACC,Maryland,ACC,38,24,FALSE,TRUE,SECU Stadium,
2006-11-26,2006,13,regular,Notre Dame,FBS Independents,USC,Pac-10,24,44,FALSE,FALSE,Los Angeles Memorial Coliseum,
2006-11-26,2006,13,regular,Memphis,Conference USA,UTEP,Conference USA,38,19,FALSE,TRUE,Sun Bowl,
2006-11-26,2006,13,regular,Purdue,Big Ten,Hawai'i,Western Athletic,35,42,FALSE,FALSE,Aloha Stadium,
2006-12-01,2006,14,regular,Central Michigan,Mid-American,Ohio,Mid-American,31,10,FALSE,TRUE,,
2006-12-02,2006,14,regular,Southern Miss,Conference USA,Houston,Conference USA,20,34,FALSE,TRUE,Robertson Stadium,
2006-12-02,2006,14,regular,UConn,Big East,Louisville,Big East,17,48,FALSE,TRUE,L&N Federal Credit Union Stadium,
2006-12-02,2006,14,regular,San Diego,Pioneer,Monmouth,NEC,27,7,TRUE,FALSE,Kessler Field,GRIDIRON CLASSIC
2006-12-02,2006,14,regular,Wake Forest,ACC,Georgia Tech,ACC,9,6,FALSE,TRUE,,
2006-12-02,2006,14,regular,New Hampshire,Atlantic 10,Massachusetts,Atlantic 10,17,24,TRUE,TRUE,,
2006-12-02,2006,14,regular,Southern Illinois,MVFC,Montana,Big Sky,3,20,FALSE,FALSE,Washington-Grizzly Stadium,NCAA DIVISION I FOOTBALL CHAMPIONSHIP
2006-12-02,2006,14,regular,Army,FBS Independents,Navy,FBS Independents,14,26,FALSE,FALSE,Lincoln Financial Field,
2006-12-02,2006,14,regular,Stanford,Pac-10,California,Pac-10,17,26,FALSE,TRUE,California Memorial Stadium,
2006-12-02,2006,14,regular,Louisiana Tech,Western Athletic,New Mexico State,Western Athletic,23,50,FALSE,TRUE,Aggie Memorial Stadium,
2006-12-02,2006,14,regular,Air Force,Mountain West,TCU,Mountain West,14,38,FALSE,TRUE,Amon G. Carter Stadium,
2006-12-02,2006,14,regular,Fresno State,Western Athletic,San José State,Western Athletic,14,24,FALSE,TRUE,CEFCU Stadium,
2006-12-02,2006,14,regular,Montana State,Big Sky,App State,Southern,17,38,FALSE,FALSE,Kidd Brewer Stadium,NCAA DIVISION I FOOTBALL CHAMPIONSHIP
2006-12-02,2006,14,regular,USC,Pac-10,UCLA,Pac-10,9,13,FALSE,TRUE,Rose Bowl,
2006-12-02,2006,14,regular,UL Monroe,Sun Belt,Louisiana,Sun Belt,39,20,FALSE,TRUE,Cajun Field,
2006-12-02,2006,14,regular,Arkansas,SEC,Florida,SEC,28,38,FALSE,TRUE,Georgia Dome,
2006-12-02,2006,14,regular,Illinois State,MVFC,Youngstown State,MVFC,21,28,FALSE,TRUE,Stambaugh Stadium,NCAA DIVISION I FOOTBALL CHAMPIONSHIP
2006-12-03,2006,14,regular,Troy,Sun Belt,Florida International,Sun Belt,26,13,FALSE,TRUE,FIU Stadium,
2006-12-03,2006,14,regular,Rutgers,Big East,West Virginia,Big East,39,41,FALSE,TRUE,Milan Puskar Stadium,
2006-12-03,2006,14,regular,Colorado State,Mountain West,San Diego State,Mountain West,6,17,FALSE,TRUE,Qualcomm Stadium,
2006-12-03,2006,14,regular,Nebraska,Big 12,Oklahoma,Big 12,7,21,FALSE,TRUE,,
2006-12-03,2006,14,regular,Oregon State,Pac-10,Hawai'i,Western Athletic,35,32,FALSE,FALSE,Aloha Stadium,
2006-12-20,2006,1,postseason,Northern Illinois,Mid-American,TCU,Mountain West,7,37,TRUE,FALSE,Qualcomm Stadium,
2006-12-22,2006,1,postseason,BYU,Mountain West,Oregon,Pac-10,38,8,TRUE,TRUE,Sam Boyd Stadium,
2006-12-23,2006,1,postseason,Rice,Conference USA,Troy,Sun Belt,17,41,TRUE,FALSE,Caesars Superdome,
2006-12-23,2006,1,postseason,South Florida,Big East,East Carolina,Conference USA,24,7,TRUE,FALSE,Legion Field,
2006-12-23,2006,1,postseason,New Mexico,Mountain West,San José State,Western Athletic,12,20,TRUE,FALSE,University Stadium (NM),
2006-12-24,2006,1,postseason,Tulsa,Conference USA,Utah,Mountain West,13,25,TRUE,FALSE,Amon G. Carter Stadium,
2006-12-25,2006,1,postseason,Arizona State,Pac-10,Hawai'i,Western Athletic,24,41,TRUE,FALSE,Aloha Stadium,
2006-12-27,2006,1,postseason,Middle Tennessee,Sun Belt,Central Michigan,Mid-American,14,31,TRUE,FALSE,,
2006-12-28,2006,1,postseason,Florida State,ACC,UCLA,Pac-10,44,27,TRUE,FALSE,,
2006-12-28,2006,1,postseason,Oklahoma State,Big 12,Alabama,SEC,34,31,TRUE,FALSE,,
2006-12-29,2006,1,postseason,Texas A&M,Big 12,California,Pac-10,10,45,TRUE,FALSE,Qualcomm Stadium,
2006-12-29,2006,1,postseason,Rutgers,Big East,Kansas State,Big 12,37,10,TRUE,FALSE,,
2006-12-29,2006,1,postseason,Clemson,ACC,Kentucky,SEC,20,28,TRUE,FALSE,Nissan Stadium,
2006-12-29,2006,1,postseason,Oregon State,Pac-10,Missouri,Big 12,39,38,TRUE,FALSE,Sun Bowl,
2006-12-29,2006,1,postseason,Houston,Conference USA,South Carolina,SEC,36,44,TRUE,FALSE,Simmons Bank Liberty Stadium,
2006-12-30,2006,1,postseason,Texas Tech,Big 12,Minnesota,Big Ten,44,41,TRUE,FALSE,Mountain America Stadium,
2006-12-30,2006,1,postseason,Purdue,Big Ten,Maryland,ACC,7,24,TRUE,FALSE,,
2006-12-30,2006,1,postseason,Navy,FBS Independents,Boston College,ACC,24,25,TRUE,FALSE,,
2006-12-30,2006,1,postseason,Texas,Big 12,Iowa,Big Ten,26,24,TRUE,FALSE,Alamodome,
2006-12-31,2006,1,postseason,Georgia,SEC,Virginia Tech,ACC,31,24,TRUE,FALSE,Georgia Dome,
2007-01-01,2006,1,postseason,Miami,ACC,Nevada,Western Athletic,21,20,TRUE,FALSE,Albertsons Stadium,
2007-01-01,2006,1,postseason,Tennessee,SEC,Penn State,Big Ten,10,20,TRUE,FALSE,Raymond James Stadium,OUTBACK BOWL AT TAMPA FL
2007-01-01,2006,1,postseason,Auburn,SEC,Nebraska,Big 12,17,14,TRUE,FALSE,,COTTON BOWL AT DALLAS TX
2007-01-01,2006,1,postseason,Arkansas,SEC,Wisconsin,Big Ten,14,17,TRUE,FALSE,,CAPITAL ONE BOWL AT ORLANDO FL
2007-01-01,2006,1,postseason,Georgia Tech,ACC,West Virginia,Big East,35,38,TRUE,FALSE,,GATOR BOWL AT JACKSONVILLE FL
2007-01-01,2006,1,postseason,USC,Pac-10,Michigan,Big Ten,32,18,TRUE,TRUE,Rose Bowl,ROSE BOWL AT PASADENA CA
2007-01-02,2006,1,postseason,Boise State,Western Athletic,Oklahoma,Big 12,43,42,TRUE,FALSE,,FIESTA BOWL AT GLENDALE AZ
2007-01-03,2006,1,postseason,Louisville,Big East,Wake Forest,ACC,24,13,TRUE,FALSE,Hard Rock Stadium,ORANGE BOWL AT MIAMI FL
2007-01-04,2006,1,postseason,Notre Dame,FBS Independents,LSU,SEC,14,41,TRUE,FALSE,Caesars Superdome,SUGAR BOWL AT NEW ORLEANS LA
2007-01-06,2006,1,postseason,Western Michigan,Mid-American,Cincinnati,Big East,24,27,TRUE,FALSE,,INTERNATIONAL BOWL AT TORONTO ON
2007-01-08,2006,1,postseason,Ohio,Mid-American,Southern Miss,Conference USA,7,28,TRUE,FALSE,Ladd Peebles Stadium,GMAC BOWL AT MOBILE AL
2007-01-09,2006,1,postseason,Florida,SEC,Ohio State,Big Ten,41,14,TRUE,FALSE,,BCS NATIONAL CHAMPIONSHIP AT GLENDALE AZ