date,season,week,season_type,away_team,away_conference,home_team,home_conference,away_points,home_points,neutral,conference_game,venue,notes
2007-08-25,2007,1,regular,North Carolina Central,FCS Independents,Albany State GA,,10,16,TRUE,FALSE,,
2007-08-30,2007,1,regular,Quincy,,Southern Illinois,MVFC,14,59,TRUE,FALSE,,
2007-08-30,2007,1,regular,Central Connecticut,NEC,Towson,CAA,10,20,FALSE,FALSE,Johnny Unitas Stadium,
2007-08-30,2007,1,regular,Buffalo,Mid-American,Rutgers,Big East,3,38,FALSE,FALSE,High Point Solutions Stadium,
2007-08-30,2007,1,regular,Carson-Newman College,,Chattanooga,Southern,29,17,FALSE,FALSE,Finley Stadium,
2007-08-30,2007,1,regular,Sacred Heart,NEC,Assumption,,41,20,TRUE,FALSE,,
2007-08-30,2007,1,regular,Miami (OH),Mid-American,Ball State,Mid-American,14,13,FALSE,TRUE,Scheumann Stadium,
2007-08-30,2007,1,regular,Southeast Missouri State,OVC,Cincinnati,Big East,3,59,FALSE,FALSE,Nippert Stadium,
2007-08-30,2007,1,regular,Tennessee Tech,OVC,Eastern Illinois,OVC,24,45,FALSE,TRUE,O'Brien Stadium,
2007-08-30,2007,1,regular,Savannah St,FCS Independents,Morgan State,MEAC,7,47,FALSE,FALSE,Hughes Stadium,
2007-08-30,2007,1,regular,Tulsa,Conference USA,UL Monroe,Sun Belt,35,17,FALSE,FALSE,Malone Stadium,
2007-08-30,2007,1,regular,Angelo State,,Sam Houston,Southland,13,17,FALSE,FALSE,Elliott T. Bowers Stadium,
2007-08-30,2007,1,regular,South Dakota State,Great West,Western Illinois,MVFC,26,29,FALSE,FALSE,Hanson Field,
2007-08-30,2007,1,regular,Murray State,OVC,Louisville,Big East,10,73,FALSE,FALSE,L&N Federal Credit Union Stadium,
2007-08-30,2007,1,regular,Drake,Pioneer,Illinois State,MVFC,27,24,FALSE,FALSE,Hancock Stadium,
2007-08-30,2007,1,regular,Ursinus,,La Salle,Metro Atlantic Athletic,28,0,TRUE,FALSE,,
2007-08-30,2007,1,regular,Delaware,CAA,William & Mary,CAA,49,31,FALSE,TRUE,Zable Stadium,
2007-08-31,2007,1,regular,Kent State,Mid-American,Iowa State,Big 12,23,14,FALSE,FALSE,Jack Trice Stadium,
2007-08-31,2007,1,regular,SE Louisiana,Southland,New Mexico State,Western Athletic,14,35,FALSE,FALSE,Aggie Memorial Stadium,
2007-08-31,2007,1,regular,LSU,SEC,Mississippi State,SEC,45,0,FALSE,TRUE,Davis Wade Stadium,
2007-08-31,2007,1,regular,West Alabama,,Samford,OVC,21,23,FALSE,FALSE,Seibert Stadium,
2007-08-31,2007,1,regular,Missouri S&T,,Missouri State,MVFC,17,62,FALSE,FALSE,Plaster Sports Complex,
2007-08-31,2007,1,regular,UNLV,Mountain West,Utah State,Western Athletic,23,16,FALSE,FALSE,Maverik Stadium,
2007-08-31,2007,1,regular,Minnesota State Mankato,,Northern Iowa,MVFC,14,41,FALSE,FALSE,UNI-Dome,
2007-08-31,2007,1,regular,Weber State,Big Sky,Boise State,Western Athletic,7,56,FALSE,FALSE,Albertsons Stadium,
2007-08-31,2007,1,regular,Western New Mexico,,Northern Arizona,Big Sky,0,47,FALSE,FALSE,Walkup Skydome,
2007-08-31,2007,1,regular,Utah,Mountain West,Oregon State,Pac-10,7,24,FALSE,TRUE,Reser Stadium,
2007-08-31,2007,1,regular,Wagner,NEC,Western Connecticut St,,20,7,TRUE,FALSE,,
2007-08-31,2007,1,regular,Navy,FBS Independents,Temple,Mid-American,30,19,FALSE,FALSE,Lincoln Financial Field,
2007-09-01,2007,1,regular,Washington,Pac-10,Syracuse,Big East,42,12,FALSE,FALSE,JMA Wireless Dome,
2007-09-01,2007,1,regular,Montana-Western,,Eastern Washington,Big Sky,13,52,FALSE,FALSE,Roos Field,
2007-09-01,2007,1,regular,Colorado State,Mountain West,Colorado,Big 12,28,31,FALSE,FALSE,,
2007-09-01,2007,1,regular,UAB,Conference USA,Michigan State,Big Ten,18,55,FALSE,FALSE,Spartan Stadium,
2007-09-01,2007,1,regular,Youngstown State,MVFC,Ohio State,Big Ten,6,38,FALSE,FALSE,Ohio Stadium,
2007-09-01,2007,1,regular,East Carolina,Conference USA,Virginia Tech,ACC,7,17,FALSE,FALSE,Lane Stadium,
2007-09-01,2007,1,regular,Marshall,Conference USA,Miami,ACC,3,31,FALSE,FALSE,,
2007-09-01,2007,1,regular,Northeastern,CAA,Northwestern,Big Ten,0,27,FALSE,FALSE,Ryan Field,
2007-09-01,2007,1,regular,App State,Southern,Michigan,Big Ten,34,32,FALSE,FALSE,Michigan Stadium,
2007-09-01,2007,1,regular,Florida International,Sun Belt,Penn State,Big Ten,0,59,FALSE,FALSE,Beaver Stadium,
2007-09-01,2007,1,regular,Western Kentucky,FBS Independents,Florida,SEC,3,49,FALSE,FALSE,Ben Hill Griffin Stadium,
2007-09-01,2007,1,regular,Holy Cross,Patriot,Massachusetts,CAA,30,40,TRUE,FALSE,,
2007-09-01,2007,1,regular,Fordham,Patriot,Rhode Island,CAA,27,23,FALSE,FALSE,Meade Stadium,
2007-09-01,2007,1,regular,Delaware Valley,,Iona,Metro Atlantic Athletic,12,14,TRUE,FALSE,,
2007-09-01,2007,1,regular,Albion,,Butler,Pioneer,14,42,FALSE,FALSE,Butler Bowl,
2007-09-01,2007,1,regular,UAlbany,NEC,Colgate,Patriot,11,13,FALSE,FALSE,Andy Kerr Stadium,
2007-09-01,2007,1,regular,Dayton,Pioneer,Robert Morris,NEC,23,12,FALSE,FALSE,Joe Walton Stadium,
2007-09-01,2007,1,regular,St Francis Illinois,,Valparaiso,Pioneer,21,28,FALSE,FALSE,Brown Field,
2007-09-01,2007,1,regular,UConn,Big East,Duke,ACC,45,14,FALSE,FALSE,Wallace Wade Stadium,
2007-09-01,2007,1,regular,South Carolina State,MEAC,Air Force,Mountain West,3,34,FALSE,FALSE,Falcon Stadium,
2007-09-01,2007,1,regular,Arkansas-Pine Bluff,SWAC,Mississippi Valley State,SWAC,9,16,TRUE,TRUE,,
2007-09-01,2007,1,regular,Charleston Southern,Big South,The Citadel,Southern,14,35,FALSE,FALSE,Johnson Hagood Stadium,
2007-09-01,2007,1,regular,Virginia,ACC,Wyoming,Mountain West,3,23,FALSE,FALSE,,
2007-09-01,2007,1,regular,Southern,SWAC,Florida A&M,MEAC,33,27,TRUE,FALSE,Legion Field,
2007-09-01,2007,1,regular,Western Washington,,UC Davis,Great West,28,21,FALSE,FALSE,Aggie Stadium,
2007-09-01,2007,1,regular,Southern Utah,Great West,Montana,Big Sky,17,37,FALSE,FALSE,Washington-Grizzly Stadium,
2007-09-01,2007,1,regular,Georgia Tech,ACC,Notre Dame,FBS Independents,33,3,FALSE,FALSE,Notre Dame Stadium,
2007-09-01,2007,1,regular,Wake Forest,ACC,Boston College,ACC,28,38,FALSE,TRUE,"Alumni Stadium (Chestnut Hill, MA)",
2007-09-01,2007,1,regular,Nevada,Western Athletic,Nebraska,Big 12,10,52,FALSE,FALSE,"Memorial Stadium (Lincoln, NE)",
2007-09-01,2007,1,regular,Ole Miss,SEC,Memphis,Conference USA,23,21,FALSE,FALSE,Simmons Bank Liberty Stadium,
2007-09-01,2007,1,regular,Western Michigan,Mid-American,West Virginia,Big East,24,62,FALSE,FALSE,Milan Puskar Stadium,
2007-09-01,2007,1,regular,Missouri,Big 12,Illinois,Big Ten,40,34,FALSE,FALSE,,
2007-09-01,2007,1,regular,Iowa,Big Ten,Northern Illinois,Mid-American,16,3,FALSE,FALSE,,
2007-09-01,2007,1,regular,Houston,Conference USA,Oregon,Pac-10,27,48,FALSE,FALSE,Autzen Stadium,
2007-09-01,2007,1,regular,Washington State,Pac-10,Wisconsin,Big Ten,21,42,FALSE,TRUE,Camp Randall Stadium,
2007-09-01,2007,1,regular,UCLA,Pac-10,Stanford,Pac-10,45,17,FALSE,TRUE,Stanford Stadium,
2007-09-01,2007,1,regular,Jacksonville,Pioneer,Bethune-Cookman,MEAC,17,31,FALSE,FALSE,Municipal Stadium,
2007-09-01,2007,1,regular,Middle Tennessee,Sun Belt,Florida Atlantic,Sun Belt,14,27,FALSE,TRUE,,
2007-09-01,2007,1,regular,Arizona,Pac-10,BYU,Mountain West,7,20,FALSE,TRUE,LaVell Edwards Stadium,
2007-09-01,2007,1,regular,Eastern Kentucky,OVC,Kentucky,SEC,10,50,FALSE,FALSE,Kroger Field,
2007-09-01,2007,1,regular,Villanova,CAA,Maryland,ACC,14,31,FALSE,FALSE,SECU Stadium,
2007-09-01,2007,1,regular,UCF,Conference USA,NC State,ACC,25,23,FALSE,FALSE,Carter-Finley Stadium,
2007-09-01,2007,1,regular,Eastern Michigan,Mid-American,Pittsburgh,Big East,3,27,FALSE,FALSE,Acrisure Stadium,
2007-09-01,2007,1,regular,Monmouth,NEC,Maine,CAA,14,21,FALSE,FALSE,Alfond Stadium,
2007-09-01,2007,1,regular,Marist,Metro Atlantic Athletic,Lafayette,Patriot,10,49,FALSE,FALSE,Fisher Field,
2007-09-01,2007,1,regular,Bucknell,Patriot,Duquesne,Metro Atlantic Athletic,28,19,FALSE,FALSE,Arthur J. Rooney Athletic Field,
2007-09-01,2007,1,regular,Virginia St,,Norfolk State,MEAC,7,33,FALSE,FALSE,"William Dick"""" Price Stadium""""",
2007-09-01,2007,1,regular,Georgetown,Patriot,Stony Brook,FCS Independents,28,35,FALSE,FALSE,Kenneth P. LaValle Stadium,
2007-09-01,2007,1,regular,Baylor,Big 12,TCU,Mountain West,0,27,FALSE,FALSE,Amon G. Carter Stadium,
2007-09-01,2007,1,regular,North Carolina A&T,MEAC,Winston-Salem,MEAC,7,28,FALSE,TRUE,Bowman Gray Stadium,
2007-09-01,2007,1,regular,James Madison,CAA,North Carolina,ACC,14,37,FALSE,FALSE,Kenan Stadium,
2007-09-01,2007,1,regular,Oklahoma State,Big 12,Georgia,SEC,14,35,FALSE,FALSE,Sanford Stadium,
2007-09-01,2007,1,regular,Troy,Sun Belt,Arkansas,SEC,26,46,FALSE,FALSE,Razorback Stadium,
2007-09-01,2007,1,regular,Gardner-Webb,Big South,Ohio,Mid-American,14,36,FALSE,FALSE,Peden Stadium,
2007-09-01,2007,1,regular,North Texas,Sun Belt,Oklahoma,Big 12,10,79,FALSE,FALSE,"Memorial Stadium (Norman, OK)",
2007-09-01,2007,1,regular,Presbyterian,FCS Independents,Furman,Southern,16,40,FALSE,FALSE,Paladin Stadium,
2007-09-01,2007,1,regular,Richmond,CAA,Vanderbilt,SEC,17,41,FALSE,FALSE,FirstBank Stadium,
2007-09-01,2007,1,regular,Arkansas State,Sun Belt,Texas,Big 12,13,21,FALSE,FALSE,DKR-Texas Memorial Stadium,
2007-09-01,2007,1,regular,Cal Poly,Great West,Texas State,Southland,35,38,TRUE,FALSE,Bobcat Stadium,
2007-09-01,2007,1,regular,Army,FBS Independents,Akron,Mid-American,14,22,FALSE,FALSE,Brown Stadium,
2007-09-01,2007,1,regular,Grambling,SWAC,Alcorn State,SWAC,31,10,FALSE,TRUE,Jack Spinks Stadium,
2007-09-01,2007,1,regular,Bethel University Tennessee,,Austin Peay,OVC,19,43,FALSE,FALSE,Governors Stadium,
2007-09-01,2007,1,regular,UNC Pembroke,,Davidson,Pioneer,21,31,FALSE,FALSE,Richardson Stadium,
2007-09-01,2007,1,regular,Coastal Carolina,Big South,Delaware State,MEAC,18,23,FALSE,FALSE,Alumni Stadium,
2007-09-01,2007,1,regular,Delta State,,Jackson State,SWAC,27,15,FALSE,FALSE,Mississippi Veterans Memorial Stadium,
2007-09-01,2007,1,regular,Central Michigan,Mid-American,Kansas,Big 12,7,52,FALSE,FALSE,Memorial Stadium,
2007-09-01,2007,1,regular,Central Arkansas,Southland,Louisiana Tech,Western Athletic,7,28,FALSE,FALSE,Joe Aillet Stadium,
2007-09-01,2007,1,regular,Henderson State,,Northwestern State,Southland,6,41,FALSE,FALSE,Harry Turpin Stadium,
2007-09-01,2007,1,regular,UT Martin,OVC,Southern Miss,Conference USA,13,35,FALSE,FALSE,M. M. Roberts Stadium,
2007-09-01,2007,1,regular,Tarleton State,,Stephen F. Austin,Southland,27,24,FALSE,FALSE,Homer Bryce Stadium,
2007-09-01,2007,1,regular,Alabama A&M,SWAC,Tennessee State,OVC,49,23,FALSE,FALSE,Nissan Stadium,
2007-09-01,2007,1,regular,Purdue,Big Ten,Toledo,Mid-American,52,24,FALSE,FALSE,Glass Bowl,
2007-09-01,2007,1,regular,Georgetown College Kentucky,,Wofford,Southern,21,38,FALSE,FALSE,Gibbs Stadium,
2007-09-01,2007,1,regular,Elon,Southern,South Florida,Big East,13,28,FALSE,FALSE,Raymond James Stadium,
2007-09-01,2007,1,regular,Montana State,Big Sky,Texas A&M,Big 12,7,38,FALSE,FALSE,Kyle Field,
2007-09-01,2007,1,regular,Louisiana,Sun Belt,South Carolina,SEC,14,28,FALSE,FALSE,Williams-Brice Stadium,
2007-09-01,2007,1,regular,Western Carolina,Southern,Alabama,SEC,6,52,FALSE,FALSE,Bryant-Denny Stadium,
2007-09-01,2007,1,regular,Kansas State,Big 12,Auburn,SEC,13,23,FALSE,FALSE,Jordan-Hare Stadium,
2007-09-02,2007,1,regular,Tennessee,SEC,California,Pac-10,31,45,FALSE,FALSE,California Memorial Stadium,
2007-09-02,2007,1,regular,Indiana State,MVFC,Indiana,Big Ten,7,55,FALSE,FALSE,"Memorial Stadium (Bloomington, IN)",
2007-09-02,2007,1,regular,Bowling Green,Mid-American,Minnesota,Big Ten,32,31,FALSE,FALSE,,
2007-09-02,2007,1,regular,Nicholls,Southland,Rice,Conference USA,16,14,FALSE,FALSE,Rice Stadium,
2007-09-02,2007,1,regular,Jacksonville State,OVC,Alabama State,SWAC,19,24,TRUE,FALSE,Cramton Bowl,
2007-09-02,2007,1,regular,Prairie View A&M,SWAC,Texas Southern,SWAC,34,14,TRUE,TRUE,,
2007-09-02,2007,1,regular,Portland State,Big Sky,McNeese,Southland,12,35,FALSE,FALSE,Cowboy Stadium,
2007-09-02,2007,1,regular,San José State,Western Athletic,Arizona State,Pac-10,3,45,FALSE,FALSE,Mountain America Stadium,
2007-09-02,2007,1,regular,San Diego,Pioneer,Azusa Pacific,,42,32,TRUE,FALSE,,
2007-09-02,2007,1,regular,New Mexico,Mountain West,UTEP,Conference USA,6,10,FALSE,FALSE,Sun Bowl,
2007-09-02,2007,1,regular,Sacramento State,Big Sky,Fresno State,Western Athletic,3,24,FALSE,FALSE,Valley Children's Stadium,
2007-09-02,2007,1,regular,Idaho,Western Athletic,USC,Pac-10,10,38,FALSE,FALSE,Los Angeles Memorial Coliseum,
2007-09-02,2007,1,regular,Northern Colorado,Big Sky,Hawai'i,Western Athletic,6,63,TRUE,FALSE,Aloha Stadium,
2007-09-02,2007,1,regular,Fayetteville State,,North Carolina Central,FCS Independents,0,17,TRUE,FALSE,,
2007-09-03,2007,1,regular,Texas Tech,Big 12,SMU,Conference USA,49,9,FALSE,FALSE,Gerald J. Ford Stadium,
2007-09-04,2007,1,regular,Florida State,ACC,Clemson,ACC,18,24,FALSE,TRUE,"Memorial Stadium (Clemson, SC)",
2007-09-06,2007,2,regular,Middle Tennessee,Sun Belt,Louisville,Big East,42,58,FALSE,FALSE,L&N Federal Credit Union Stadium,
2007-09-06,2007,2,regular,Missouri State,MVFC,UT Martin,OVC,51,44,FALSE,FALSE,Graham Stadium,
2007-09-06,2007,2,regular,Arkansas-Pine Bluff,SWAC,Alcorn State,SWAC,21,3,FALSE,TRUE,Jack Spinks Stadium,
2007-09-06,2007,2,regular,Oregon State,Pac-10,Cincinnati,Big East,3,34,FALSE,FALSE,Nippert Stadium,
2007-09-07,2007,2,regular,Cumberland (TN),,Tennessee Tech,OVC,21,45,FALSE,FALSE,Tucker Stadium,
2007-09-07,2007,2,regular,Navy,FBS Independents,Rutgers,Big East,24,41,FALSE,FALSE,High Point Solutions Stadium,
2007-09-08,2007,2,regular,West Virginia,Big East,Marshall,Conference USA,48,23,FALSE,FALSE,Joan C. Edwards Stadium,
2007-09-08,2007,2,regular,Miami (OH),Mid-American,Minnesota,Big Ten,35,41,FALSE,FALSE,,
2007-09-08,2007,2,regular,Akron,Mid-American,Ohio State,Big Ten,2,20,FALSE,FALSE,Ohio Stadium,
2007-09-08,2007,2,regular,Miami,ACC,Oklahoma,Big 12,13,51,FALSE,FALSE,"Memorial Stadium (Norman, OK)",
2007-09-08,2007,2,regular,Grambling,SWAC,Pittsburgh,Big East,10,34,FALSE,FALSE,Acrisure Stadium,
2007-09-08,2007,2,regular,Duke,ACC,Virginia,ACC,13,24,FALSE,TRUE,Scott Stadium,
2007-09-08,2007,2,regular,Merrimack,,Central Connecticut,NEC,7,45,FALSE,FALSE,Arute Field,
2007-09-08,2007,2,regular,Ball State,Mid-American,Eastern Michigan,Mid-American,38,16,FALSE,TRUE,Rynearson Stadium,
2007-09-08,2007,2,regular,Eastern Illinois,OVC,Purdue,Big Ten,6,52,FALSE,FALSE,Ross-Ade Stadium,
2007-09-08,2007,2,regular,Nebraska,Big 12,Wake Forest,ACC,20,17,FALSE,FALSE,Allegacy Federal Credit Union Stadium,
2007-09-08,2007,2,regular,Nevada,Western Athletic,Northwestern,Big Ten,31,36,FALSE,FALSE,Ryan Field,
2007-09-08,2007,2,regular,Bowling Green,Mid-American,Michigan State,Big Ten,17,28,FALSE,FALSE,Spartan Stadium,
2007-09-08,2007,2,regular,Richmond,CAA,Northeastern,CAA,49,14,TRUE,TRUE,,
2007-09-08,2007,2,regular,Alabama,SEC,Vanderbilt,SEC,24,10,FALSE,TRUE,FirstBank Stadium,
2007-09-08,2007,2,regular,Hampton,MEAC,Howard,MEAC,31,24,FALSE,TRUE,William H. Greene Stadium,
2007-09-08,2007,2,regular,Buffalo,Mid-American,Temple,Mid-American,42,7,FALSE,TRUE,Lincoln Financial Field,
2007-09-08,2007,2,regular,UL Monroe,Sun Belt,Clemson,ACC,26,49,FALSE,FALSE,"Memorial Stadium (Clemson, SC)",
2007-09-08,2007,2,regular,Wagner,NEC,Iona,Metro Atlantic Athletic,14,17,TRUE,FALSE,,
2007-09-08,2007,2,regular,Rhode Island,CAA,Army,FBS Independents,7,14,FALSE,FALSE,Michie Stadium,
2007-09-08,2007,2,regular,Massachusetts,CAA,Colgate,Patriot,35,17,FALSE,FALSE,Andy Kerr Stadium,
2007-09-08,2007,2,regular,Urbana,,Dayton,Pioneer,7,45,FALSE,FALSE,Welcome Stadium,
2007-09-08,2007,2,regular,Villanova,CAA,Lehigh,Patriot,30,20,FALSE,FALSE,Goodman Stadium,
2007-09-08,2007,2,regular,Robert Morris,NEC,Monmouth,NEC,20,17,TRUE,TRUE,Kessler Field,
2007-09-08,2007,2,regular,La Salle,Metro Atlantic Athletic,Sacred Heart,NEC,14,54,FALSE,FALSE,Campus Field,
2007-09-08,2007,2,regular,Johnson C Smith,,Savannah St,FCS Independents,10,24,FALSE,FALSE,Ted Wright Stadium,
2007-09-08,2007,2,regular,Morehead State,Pioneer,St. Francis (PA),NEC,21,14,TRUE,FALSE,,
2007-09-08,2007,2,regular,William & Mary,CAA,VMI,Big South,63,16,FALSE,FALSE,Alumni Memorial Field,
2007-09-08,2007,2,regular,Davidson,Pioneer,Wingate,,30,33,TRUE,FALSE,,
2007-09-08,2007,2,regular,Butler,Pioneer,Hanover College,,44,14,TRUE,FALSE,,
2007-09-08,2007,2,regular,Pikeville,,Presbyterian,FCS Independents,7,58,FALSE,FALSE,Bailey Memorial Stadium,
2007-09-08,2007,2,regular,Samford,OVC,Georgia Tech,ACC,14,69,FALSE,FALSE,Bobby Dodd Stadium,
2007-09-08,2007,2,regular,California,Pac-10,Colorado State,Mountain West,34,28,FALSE,TRUE,Sonny Lubick Field at Hughes Stadium,
2007-09-08,2007,2,regular,Webber International,,The Citadel,Southern,0,76,FALSE,FALSE,Johnson Hagood Stadium,
2007-09-08,2007,2,regular,Utah State,Western Athletic,Wyoming,Mountain West,18,32,FALSE,FALSE,,
2007-09-08,2007,2,regular,Valparaiso,Pioneer,Trinity International (IL),,13,17,TRUE,FALSE,,
2007-09-08,2007,2,regular,NC State,ACC,Boston College,ACC,17,37,FALSE,TRUE,"Alumni Stadium (Chestnut Hill, MA)",
2007-09-08,2007,2,regular,Fort Lewis,,Montana,Big Sky,0,49,FALSE,FALSE,Washington-Grizzly Stadium,
2007-09-08,2007,2,regular,Chadron St,,Northern Colorado,Big Sky,31,0,FALSE,FALSE,Nottingham Field,
2007-09-08,2007,2,regular,Chattanooga,Southern,Jacksonville State,OVC,19,33,FALSE,FALSE,AmFirst Stadium,
2007-09-08,2007,2,regular,Oregon,Pac-10,Michigan,Big Ten,39,7,FALSE,TRUE,Michigan Stadium,
2007-09-08,2007,2,regular,Fresno State,Western Athletic,Texas A&M,Big 12,45,47,FALSE,FALSE,Kyle Field,
2007-09-08,2007,2,regular,New Hampshire,CAA,James Madison,CAA,24,41,FALSE,TRUE,Bridgeforth Stadium,
2007-09-08,2007,2,regular,Boise State,Western Athletic,Washington,Pac-10,10,24,FALSE,FALSE,Husky Stadium,
2007-09-08,2007,2,regular,Lenoir-Rhyne,,App State,Southern,7,48,FALSE,FALSE,Kidd Brewer Stadium,
2007-09-08,2007,2,regular,South Carolina State,MEAC,Bethune-Cookman,MEAC,24,13,FALSE,TRUE,Municipal Stadium,
2007-09-08,2007,2,regular,Towson,CAA,Morgan State,MEAC,28,21,FALSE,FALSE,Hughes Stadium,
2007-09-08,2007,2,regular,UAB,Conference USA,Florida State,ACC,24,34,FALSE,FALSE,Doak Campbell Stadium,
2007-09-08,2007,2,regular,Cal Poly,Great West,Idaho,Western Athletic,13,20,FALSE,FALSE,Kibbie Dome,
2007-09-08,2007,2,regular,West Virginia Institute Of Tech,,Western Kentucky,FBS Independents,0,87,FALSE,FALSE,Houchens Industries-L.T. Smith Stadium,
2007-09-08,2007,2,regular,Southern,SWAC,Mississippi Valley State,SWAC,23,6,TRUE,TRUE,,
2007-09-08,2007,2,regular,Southern Oregon,,Idaho State,Big Sky,11,37,FALSE,FALSE,Holt Arena,
2007-09-08,2007,2,regular,North Carolina A&T,MEAC,Prairie View A&M,SWAC,7,22,TRUE,FALSE,Blackshear Stadium,
2007-09-08,2007,2,regular,South Carolina,SEC,Georgia,SEC,16,12,FALSE,TRUE,Sanford Stadium,
2007-09-08,2007,2,regular,Delaware State,MEAC,Florida A&M,MEAC,20,7,FALSE,TRUE,Bragg Memorial Stadium,
2007-09-08,2007,2,regular,Troy,Sun Belt,Florida,SEC,31,59,FALSE,FALSE,Ben Hill Griffin Stadium,
2007-09-08,2007,2,regular,Kent State,Mid-American,Kentucky,SEC,20,56,FALSE,FALSE,Kroger Field,
2007-09-08,2007,2,regular,Missouri,Big 12,Ole Miss,SEC,38,25,FALSE,FALSE,Vaught-Hemingway Stadium,
2007-09-08,2007,2,regular,North Carolina,ACC,East Carolina,Conference USA,31,34,FALSE,FALSE,Dowdy-Ficklen Stadium,
2007-09-08,2007,2,regular,Air Force,Mountain West,Utah,Mountain West,20,12,FALSE,TRUE,Rice-Eccles Stadium,
2007-09-08,2007,2,regular,Austin Peay,OVC,Indiana State,MVFC,32,17,FALSE,FALSE,Memorial Stadium,
2007-09-08,2007,2,regular,West Georgia,,Georgia Southern,Southern,21,45,FALSE,FALSE,Allen E. Paulson Stadium,
2007-09-08,2007,2,regular,Stony Brook,FCS Independents,Bucknell,Patriot,48,20,FALSE,FALSE,Christy Mathewson-Memorial Stadium,
2007-09-08,2007,2,regular,Western Carolina,Southern,Eastern Kentucky,OVC,21,45,FALSE,FALSE,Roy Kidd Stadium,
2007-09-08,2007,2,regular,West Virginia Wesleyan,,Elon,Southern,16,59,FALSE,FALSE,Rhodes Stadium,
2007-09-08,2007,2,regular,UAlbany,NEC,Fordham,Patriot,23,20,TRUE,FALSE,Coffey Field,
2007-09-08,2007,2,regular,Jacksonville,Pioneer,Gardner-Webb,Big South,6,27,FALSE,FALSE,Ernest W. Spangler Stadium,
2007-09-08,2007,2,regular,St. Augustine's,,North Carolina Central,FCS Independents,0,6,TRUE,FALSE,,
2007-09-08,2007,2,regular,South Dakota State,Great West,Youngstown State,MVFC,17,23,FALSE,FALSE,Stambaugh Stadium,
2007-09-08,2007,2,regular,Notre Dame,FBS Independents,Penn State,Big Ten,10,31,FALSE,FALSE,Beaver Stadium,
2007-09-08,2007,2,regular,BYU,Mountain West,UCLA,Pac-10,17,27,FALSE,TRUE,Rose Bowl,
2007-09-08,2007,2,regular,Maine,CAA,UConn,Big East,0,38,FALSE,FALSE,Pratt & Whitney Stadium,
2007-09-08,2007,2,regular,West Chester,,Delaware,CAA,14,41,TRUE,FALSE,,
2007-09-08,2007,2,regular,Northern Iowa,MVFC,Iowa State,Big 12,24,13,FALSE,FALSE,Jack Trice Stadium,
2007-09-08,2007,2,regular,Rice,Conference USA,Baylor,Big 12,17,42,FALSE,FALSE,Floyd Casey Stadium,
2007-09-08,2007,2,regular,TCU,Mountain West,Texas,Big 12,13,34,FALSE,FALSE,DKR-Texas Memorial Stadium,
2007-09-08,2007,2,regular,San Diego State,Mountain West,Washington State,Pac-10,17,45,FALSE,TRUE,,
2007-09-08,2007,2,regular,Ohio,Mid-American,Louisiana,Sun Belt,31,23,FALSE,FALSE,Cajun Field,
2007-09-08,2007,2,regular,Winston-Salem,MEAC,Coastal Carolina,Big South,21,28,FALSE,FALSE,Brooks Stadium (SC),
2007-09-08,2007,2,regular,Abilene Christian,FCS Independents,Texas State,Southland,45,27,TRUE,FALSE,Bobcat Stadium,
2007-09-08,2007,2,regular,Western Illinois,MVFC,Illinois,Big Ten,0,21,FALSE,FALSE,"Memorial Stadium (Champaign, IL)",
2007-09-08,2007,2,regular,Toledo,Mid-American,Central Michigan,Mid-American,31,52,FALSE,TRUE,Kelly/Shorts Stadium,
2007-09-08,2007,2,regular,Waldorf College,,Drake,Pioneer,14,45,FALSE,FALSE,Drake Stadium,
2007-09-08,2007,2,regular,Furman,Southern,Hofstra,CAA,17,32,TRUE,FALSE,,
2007-09-08,2007,2,regular,Southern Arkansas,,Nicholls,Southland,13,31,FALSE,FALSE,Manning Field at John L. Guidry Stadium,
2007-09-08,2007,2,regular,Central Arkansas,Southland,Northwestern State,Southland,28,31,FALSE,TRUE,Harry Turpin Stadium,
2007-09-08,2007,2,regular,Arkansas-Monticello,,Sam Houston,Southland,10,48,FALSE,FALSE,Elliott T. Bowers Stadium,
2007-09-08,2007,2,regular,Southwest Baptist,,Southeast Missouri State,OVC,17,38,TRUE,FALSE,Houck Stadium,
2007-09-08,2007,2,regular,Southern Miss,Conference USA,Tennessee,SEC,19,39,FALSE,FALSE,Neyland Stadium,
2007-09-08,2007,2,regular,Jackson State,SWAC,Tennessee State,OVC,13,16,TRUE,FALSE,Simmons Bank Liberty Stadium,
2007-09-08,2007,2,regular,UTEP,Conference USA,Texas Tech,Big 12,31,45,FALSE,FALSE,Jones AT&T Stadium,
2007-09-08,2007,2,regular,Charleston Southern,Big South,Wofford,Southern,24,52,FALSE,FALSE,Gibbs Stadium,
2007-09-08,2007,2,regular,Florida Atlantic,Sun Belt,Oklahoma State,Big 12,6,42,FALSE,FALSE,Boone Pickens Stadium,
2007-09-08,2007,2,regular,Maryland,ACC,Florida International,Sun Belt,26,10,FALSE,FALSE,,
2007-09-08,2007,2,regular,SE Louisiana,Southland,Kansas,Big 12,0,62,FALSE,FALSE,Memorial Stadium,
2007-09-08,2007,2,regular,San José State,Western Athletic,Kansas State,Big 12,14,34,FALSE,FALSE,Bill Snyder Family Stadium,
2007-09-08,2007,2,regular,Hawai'i,Western Athletic,Louisiana Tech,Western Athletic,45,44,FALSE,TRUE,Joe Aillet Stadium,
2007-09-08,2007,2,regular,Mississippi State,SEC,Tulane,Conference USA,38,17,FALSE,FALSE,Caesars Superdome,
2007-09-08,2007,2,regular,Clark Atlanta,,Alabama A&M,SWAC,10,41,FALSE,FALSE,Louis Crews Stadium,
2007-09-08,2007,2,regular,Murray State,OVC,Illinois State,MVFC,17,43,FALSE,FALSE,Hancock Stadium,
2007-09-08,2007,2,regular,Southern Illinois,MVFC,Northern Illinois,Mid-American,34,31,FALSE,FALSE,Huskie Stadium,
2007-09-08,2007,2,regular,Stephen F. Austin,Southland,North Dakota State,Great West,19,28,FALSE,FALSE,Fargodome,
2007-09-09,2007,2,regular,North Dakota,Great West,Southern Utah,Great West,37,10,FALSE,TRUE,Eccles Coliseum,
2007-09-09,2007,2,regular,North Texas,Sun Belt,SMU,Conference USA,31,45,FALSE,FALSE,Gerald J. Ford Stadium,
2007-09-09,2007,2,regular,Alabama State,SWAC,Texas Southern,SWAC,21,10,TRUE,TRUE,Robertson Stadium,
2007-09-09,2007,2,regular,Indiana,Big Ten,Western Michigan,Mid-American,37,27,FALSE,FALSE,Waldo Stadium,
2007-09-09,2007,2,regular,Syracuse,Big East,Iowa,Big Ten,0,35,FALSE,FALSE,Kinnick Stadium,
2007-09-09,2007,2,regular,South Florida,Big East,Auburn,SEC,26,23,FALSE,FALSE,Jordan-Hare Stadium,
2007-09-09,2007,2,regular,Marist,Metro Atlantic Athletic,San Diego,Pioneer,17,38,FALSE,FALSE,Torero Stadium,
2007-09-09,2007,2,regular,UC Davis,Great West,Portland State,Big Sky,26,17,TRUE,FALSE,,
2007-09-09,2007,2,regular,Virginia Tech,ACC,LSU,SEC,7,48,FALSE,FALSE,Tiger Stadium (LA),
2007-09-09,2007,2,regular,New Mexico State,Western Athletic,New Mexico,Mountain West,34,44,FALSE,FALSE,University Stadium (NM),
2007-09-09,2007,2,regular,Northern Arizona,Big Sky,Arizona,Pac-10,24,45,FALSE,FALSE,Arizona Stadium,
2007-09-09,2007,2,regular,Wisconsin,Big Ten,UNLV,Mountain West,20,13,FALSE,TRUE,Sam Boyd Stadium,
2007-09-09,2007,2,regular,Colorado,Big 12,Arizona State,Pac-10,14,33,FALSE,FALSE,Mountain America Stadium,
2007-09-13,2007,3,regular,West Virginia,Big East,Maryland,ACC,31,14,FALSE,FALSE,SECU Stadium,
2007-09-13,2007,3,regular,Texas Southern,SWAC,Jackson State,SWAC,7,28,FALSE,TRUE,Mississippi Veterans Memorial Stadium,
2007-09-14,2007,3,regular,TCU,Mountain West,Air Force,Mountain West,17,20,FALSE,TRUE,Falcon Stadium,
2007-09-14,2007,3,regular,Presbyterian,FCS Independents,Samford,OVC,24,34,FALSE,FALSE,Seibert Stadium,
2007-09-14,2007,3,regular,Concordia (AL),,Tennessee Tech,OVC,7,55,FALSE,FALSE,Tucker Stadium,
2007-09-15,2007,3,regular,Oklahoma State,Big 12,Troy,Sun Belt,23,41,FALSE,FALSE,Veterans Memorial Stadium (AL),
2007-09-15,2007,3,regular,Temple,Mid-American,UConn,Big East,17,22,FALSE,FALSE,Pratt & Whitney Stadium,
2007-09-15,2007,3,regular,Akron,Mid-American,Indiana,Big Ten,24,41,FALSE,FALSE,"Memorial Stadium (Bloomington, IN)",
2007-09-15,2007,3,regular,Towson,CAA,Massachusetts,CAA,13,36,TRUE,TRUE,,
2007-09-15,2007,3,regular,Pittsburgh,Big East,Michigan State,Big Ten,13,17,FALSE,FALSE,Spartan Stadium,
2007-09-15,2007,3,regular,Virginia,ACC,North Carolina,ACC,22,20,FALSE,TRUE,Kenan Stadium,
2007-09-15,2007,3,regular,Illinois,Big Ten,Syracuse,Big East,41,20,FALSE,FALSE,JMA Wireless Dome,
2007-09-15,2007,3,regular,Cincinnati,Big East,Miami (OH),Mid-American,47,10,FALSE,FALSE,Yager Stadium,
2007-09-15,2007,3,regular,The Citadel,Southern,Wisconsin,Big Ten,31,45,FALSE,FALSE,Camp Randall Stadium,
2007-09-15,2007,3,regular,Eastern Michigan,Mid-American,Northern Illinois,Mid-American,21,19,FALSE,TRUE,Huskie Stadium,
2007-09-15,2007,3,regular,Central Michigan,Mid-American,Purdue,Big Ten,22,45,FALSE,FALSE,Ross-Ade Stadium,
2007-09-15,2007,3,regular,Buffalo,Mid-American,Penn State,Big Ten,24,45,FALSE,FALSE,Beaver Stadium,
2007-09-15,2007,3,regular,Mississippi State,SEC,Auburn,SEC,19,14,FALSE,TRUE,Jordan-Hare Stadium,
2007-09-15,2007,3,regular,Northwestern State,Southland,Northeastern,CAA,14,42,TRUE,FALSE,,
2007-09-15,2007,3,regular,Colgate,Patriot,Dartmouth,Ivy,31,28,FALSE,FALSE,Memorial Field,
2007-09-15,2007,3,regular,Duquesne,Metro Atlantic Athletic,Brown,Ivy,17,28,FALSE,FALSE,Brown Stadium,
2007-09-15,2007,3,regular,Yale,Ivy,Georgetown,Patriot,28,14,FALSE,FALSE,Cooper Field,
2007-09-15,2007,3,regular,Western Carolina,Southern,Georgia,SEC,16,45,FALSE,FALSE,Sanford Stadium,
2007-09-15,2007,3,regular,Harvard,Ivy,Holy Cross,Patriot,28,31,FALSE,FALSE,Fitton Field,
2007-09-15,2007,3,regular,Valparaiso,Pioneer,Kalamazoo,,38,24,TRUE,FALSE,,
2007-09-15,2007,3,regular,Furman,Southern,Clemson,ACC,10,38,FALSE,FALSE,"Memorial Stadium (Clemson, SC)",
2007-09-15,2007,3,regular,Sacred Heart,NEC,Iona,Metro Atlantic Athletic,10,34,TRUE,FALSE,,
2007-09-15,2007,3,regular,St. Joseph's (IN),,Butler,Pioneer,8,11,FALSE,FALSE,Butler Bowl,
2007-09-15,2007,3,regular,Lenoir-Rhyne,,Davidson,Pioneer,20,21,FALSE,FALSE,Richardson Stadium,
2007-09-15,2007,3,regular,Central State (OH),,Dayton,Pioneer,0,40,FALSE,FALSE,Welcome Stadium,
2007-09-15,2007,3,regular,Minnesota,Big Ten,Florida Atlantic,Sun Belt,39,42,FALSE,FALSE,Hard Rock Stadium,
2007-09-15,2007,3,regular,St. Francis (PA),NEC,Robert Morris,NEC,14,28,FALSE,TRUE,Joe Walton Stadium,
2007-09-15,2007,3,regular,Bethune-Cookman,MEAC,Savannah St,FCS Independents,45,13,TRUE,FALSE,,
2007-09-15,2007,3,regular,Marist,Metro Atlantic Athletic,Wagner,NEC,14,24,FALSE,FALSE,Wagner College Stadium,
2007-09-15,2007,3,regular,Ohio,Mid-American,Virginia Tech,ACC,7,28,FALSE,FALSE,Lane Stadium,
2007-09-15,2007,3,regular,Johnson C Smith,,Charleston Southern,Big South,20,44,FALSE,FALSE,Buccaneer Field,
2007-09-15,2007,3,regular,Iowa,Big Ten,Iowa State,Big 12,13,15,FALSE,FALSE,Jack Trice Stadium,
2007-09-15,2007,3,regular,Drake,Pioneer,Wisconsin-Platteville,,20,7,TRUE,FALSE,,
2007-09-15,2007,3,regular,Elizabeth City State,,North Carolina Central,FCS Independents,10,18,TRUE,FALSE,,
2007-09-15,2007,3,regular,Western Michigan,Mid-American,Missouri,Big 12,24,52,FALSE,FALSE,Memorial Stadium,
2007-09-15,2007,3,regular,Eastern Kentucky,OVC,Western Kentucky,FBS Independents,6,26,FALSE,FALSE,Houchens Industries-L.T. Smith Stadium,
2007-09-15,2007,3,regular,Texas Tech,Big 12,Rice,Conference USA,59,24,FALSE,FALSE,Rice Stadium,
2007-09-15,2007,3,regular,Utah Tech,,Montana State,Big Sky,7,61,FALSE,FALSE,Bobcat Stadium,
2007-09-15,2007,3,regular,Rhode Island,CAA,Delaware,CAA,9,38,TRUE,TRUE,,
2007-09-15,2007,3,regular,Tennessee,SEC,Florida,SEC,20,59,FALSE,TRUE,Ben Hill Griffin Stadium,
2007-09-15,2007,3,regular,Notre Dame,FBS Independents,Michigan,Big Ten,0,38,FALSE,FALSE,Michigan Stadium,
2007-09-15,2007,3,regular,Army,FBS Independents,Wake Forest,ACC,10,21,FALSE,FALSE,Allegacy Federal Credit Union Stadium,
2007-09-15,2007,3,regular,Norfolk State,MEAC,Rutgers,Big East,0,59,TRUE,FALSE,High Point Solutions Stadium,
2007-09-15,2007,3,regular,Utah State,Western Athletic,Oklahoma,Big 12,3,54,FALSE,FALSE,"Memorial Stadium (Norman, OK)",
2007-09-15,2007,3,regular,Ohio State,Big Ten,Washington,Pac-10,33,14,FALSE,TRUE,Husky Stadium,
2007-09-15,2007,3,regular,Northern Arizona,Big Sky,App State,Southern,21,34,FALSE,FALSE,Kidd Brewer Stadium,
2007-09-15,2007,3,regular,Texas,Big 12,UCF,Conference USA,35,32,FALSE,FALSE,,
2007-09-15,2007,3,regular,Florida International,Sun Belt,Miami,ACC,9,23,FALSE,FALSE,,
2007-09-15,2007,3,regular,Delaware State,MEAC,Kent State,Mid-American,7,38,FALSE,FALSE,Dix Stadium,
2007-09-15,2007,3,regular,Winston-Salem,MEAC,Morgan State,MEAC,19,17,FALSE,TRUE,Hughes Stadium,
2007-09-15,2007,3,regular,Stony Brook,FCS Independents,Youngstown State,MVFC,6,42,FALSE,FALSE,Stambaugh Stadium,
2007-09-15,2007,3,regular,New Hampshire,CAA,Marshall,Conference USA,48,35,FALSE,FALSE,Joan C. Edwards Stadium,
2007-09-15,2007,3,regular,UCLA,Pac-10,Utah,Mountain West,6,44,FALSE,TRUE,Rice-Eccles Stadium,
2007-09-15,2007,3,regular,Southern Connecticut State,,Central Connecticut,NEC,34,56,FALSE,FALSE,Arute Field,
2007-09-15,2007,3,regular,Ball State,Mid-American,Navy,FBS Independents,34,31,FALSE,FALSE,Navy-Marine Corps Memorial Stadium,
2007-09-15,2007,3,regular,Howard,MEAC,Florida A&M,MEAC,17,30,FALSE,TRUE,Bragg Memorial Stadium,
2007-09-15,2007,3,regular,Southern Miss,Conference USA,East Carolina,Conference USA,28,21,FALSE,TRUE,Dowdy-Ficklen Stadium,
2007-09-15,2007,3,regular,Wofford,Southern,NC State,ACC,17,38,FALSE,FALSE,Carter-Finley Stadium,
2007-09-15,2007,3,regular,Lehigh,Patriot,Princeton,Ivy,32,21,FALSE,FALSE,Princeton University Stadium,
2007-09-15,2007,3,regular,Lafayette,Patriot,Pennsylvania,Ivy,8,7,FALSE,FALSE,Franklin Field,
2007-09-15,2007,3,regular,Maine,CAA,Villanova,CAA,17,24,FALSE,TRUE,Villanova Stadium,
2007-09-15,2007,3,regular,VMI,Big South,James Madison,CAA,17,45,FALSE,FALSE,Bridgeforth Stadium,
2007-09-15,2007,3,regular,Hofstra,CAA,UAlbany,NEC,28,13,TRUE,FALSE,University Field (NY),
2007-09-15,2007,3,regular,Columbia,Ivy,Fordham,Patriot,10,27,TRUE,FALSE,Coffey Field,
2007-09-15,2007,3,regular,Hampton,MEAC,North Carolina A&T,MEAC,59,14,TRUE,TRUE,Aggie Memorial Stadium,
2007-09-15,2007,3,regular,Louisiana Tech,Western Athletic,California,Pac-10,12,42,FALSE,FALSE,California Memorial Stadium,
2007-09-15,2007,3,regular,Idaho State,Big Sky,Oregon State,Pac-10,10,61,FALSE,FALSE,Reser Stadium,
2007-09-15,2007,3,regular,Arkansas,SEC,Alabama,SEC,38,41,FALSE,TRUE,Bryant-Denny Stadium,
2007-09-15,2007,3,regular,Alcorn State,SWAC,UAB,Conference USA,0,22,TRUE,FALSE,Legion Field,
2007-09-15,2007,3,regular,Lambuth,,Murray State,OVC,13,48,FALSE,FALSE,Roy Stewart Stadium,
2007-09-15,2007,3,regular,Bucknell,Patriot,Cornell,Ivy,14,38,FALSE,FALSE,Schoellkopf Field,
2007-09-15,2007,3,regular,Ole Miss,SEC,Vanderbilt,SEC,17,31,FALSE,TRUE,FirstBank Stadium,
2007-09-15,2007,3,regular,Texas State,Southland,Baylor,Big 12,27,34,TRUE,FALSE,Floyd Casey Stadium,
2007-09-15,2007,3,regular,UL Monroe,Sun Belt,Texas A&M,Big 12,14,54,FALSE,FALSE,Kyle Field,
2007-09-15,2007,3,regular,McNeese,Southland,Louisiana,Sun Belt,38,17,FALSE,FALSE,Cajun Field,
2007-09-15,2007,3,regular,Georgia Southern,Southern,Coastal Carolina,Big South,42,34,FALSE,FALSE,Brooks Stadium (SC),
2007-09-15,2007,3,regular,Alabama State,SWAC,Arkansas-Pine Bluff,SWAC,12,10,FALSE,TRUE,Golden Lion Stadium,
2007-09-15,2007,3,regular,SMU,Conference USA,Arkansas State,Sun Belt,28,45,FALSE,FALSE,,
2007-09-15,2007,3,regular,Tennessee State,OVC,Austin Peay,OVC,33,32,FALSE,TRUE,Governors Stadium,
2007-09-15,2007,3,regular,UT Martin,OVC,Central Arkansas,Southland,34,48,FALSE,FALSE,Estes Stadium,
2007-09-15,2007,3,regular,Illinois State,MVFC,Eastern Illinois,OVC,24,21,FALSE,FALSE,O'Brien Stadium,
2007-09-15,2007,3,regular,Toledo,Mid-American,Kansas,Big 12,13,45,FALSE,FALSE,Memorial Stadium,
2007-09-15,2007,3,regular,West Virginia Institute Of Tech,,Morehead State,Pioneer,7,34,FALSE,FALSE,Jayne Stadium,
2007-09-15,2007,3,regular,Sam Houston,Southland,North Dakota State,Great West,38,41,FALSE,FALSE,Fargodome,
2007-09-15,2007,3,regular,Fresno State,Western Athletic,Oregon,Pac-10,21,52,FALSE,FALSE,Autzen Stadium,
2007-09-15,2007,3,regular,Kentucky Wesleyan,,SE Louisiana,Southland,7,79,FALSE,FALSE,Strawberry Stadium,
2007-09-15,2007,3,regular,Indiana State,MVFC,Southeast Missouri State,OVC,10,13,TRUE,FALSE,Houck Stadium,
2007-09-15,2007,3,regular,South Carolina State,MEAC,South Carolina,SEC,3,38,FALSE,FALSE,Williams-Brice Stadium,
2007-09-15,2007,3,regular,Prairie View A&M,SWAC,Southern,SWAC,2,12,FALSE,TRUE,Ace W. Mumford Stadium,
2007-09-15,2007,3,regular,Houston,Conference USA,Tulane,Conference USA,34,10,FALSE,TRUE,Caesars Superdome,
2007-09-15,2007,3,regular,Liberty,Big South,William & Mary,CAA,41,48,FALSE,FALSE,Zable Stadium,
2007-09-15,2007,3,regular,Missouri State,MVFC,Kansas State,Big 12,10,61,FALSE,FALSE,Bill Snyder Family Stadium,
2007-09-15,2007,3,regular,St Francis Illinois,,Western Illinois,MVFC,0,69,FALSE,FALSE,Hanson Field,
2007-09-15,2007,3,regular,Louisville,Big East,Kentucky,SEC,34,40,FALSE,FALSE,Kroger Field,
2007-09-15,2007,3,regular,Mississippi Valley State,SWAC,Alabama A&M,SWAC,14,45,FALSE,TRUE,Louis Crews Stadium,
2007-09-16,2007,3,regular,Boston College,ACC,Georgia Tech,ACC,24,10,FALSE,TRUE,Bobby Dodd Stadium,
2007-09-16,2007,3,regular,Wyoming,Mountain West,Boise State,Western Athletic,14,24,FALSE,FALSE,Albertsons Stadium,
2007-09-16,2007,3,regular,Middle Tennessee,Sun Belt,LSU,SEC,0,44,FALSE,FALSE,Tiger Stadium (LA),
2007-09-16,2007,3,regular,USC,Pac-10,Nebraska,Big 12,49,31,FALSE,FALSE,"Memorial Stadium (Lincoln, NE)",
2007-09-16,2007,3,regular,UTEP,Conference USA,New Mexico State,Western Athletic,24,29,FALSE,FALSE,Aggie Memorial Stadium,
2007-09-16,2007,3,regular,Jacksonville State,OVC,Memphis,Conference USA,14,35,FALSE,FALSE,Simmons Bank Liberty Stadium,
2007-09-16,2007,3,regular,Southern Illinois,MVFC,Southern Utah,Great West,44,10,FALSE,FALSE,Eccles Coliseum,
2007-09-16,2007,3,regular,Northern Iowa,MVFC,South Dakota State,Great West,31,17,TRUE,FALSE,Coughlin-Alumni Stadium,
2007-09-16,2007,3,regular,Duke,ACC,Northwestern,Big Ten,20,14,FALSE,FALSE,Ryan Field,
2007-09-16,2007,3,regular,BYU,Mountain West,Tulsa,Conference USA,47,55,FALSE,FALSE,,
2007-09-16,2007,3,regular,Nicholls,Southland,Nevada,Western Athletic,17,52,FALSE,FALSE,Mackay Stadium,
2007-09-16,2007,3,regular,Weber State,Big Sky,Cal Poly,Great West,19,47,FALSE,FALSE,Alex G. Spanos Stadium,
2007-09-16,2007,3,regular,Northern Colorado,Big Sky,San Diego,Pioneer,13,49,FALSE,FALSE,Torero Stadium,
2007-09-16,2007,3,regular,UC Davis,Great West,Eastern Washington,Big Sky,31,41,FALSE,FALSE,Roos Field,
2007-09-16,2007,3,regular,Sacramento State,Big Sky,Portland State,Big Sky,24,35,TRUE,TRUE,,
2007-09-16,2007,3,regular,Hawai'i,Western Athletic,UNLV,Mountain West,49,14,FALSE,FALSE,Sam Boyd Stadium,
2007-09-16,2007,3,regular,San José State,Western Athletic,Stanford,Pac-10,0,37,FALSE,FALSE,Stanford Stadium,
2007-09-16,2007,3,regular,Florida State,ACC,Colorado,Big 12,16,6,FALSE,FALSE,Folsom Field,
2007-09-16,2007,3,regular,Idaho,Western Athletic,Washington State,Pac-10,28,45,FALSE,FALSE,Gesa Field,
2007-09-16,2007,3,regular,San Diego State,Mountain West,Arizona State,Pac-10,13,34,FALSE,TRUE,Mountain America Stadium,
2007-09-16,2007,3,regular,New Mexico,Mountain West,Arizona,Pac-10,29,27,FALSE,TRUE,Arizona Stadium,
2007-09-20,2007,4,regular,Western Kentucky,FBS Independents,Middle Tennessee,Sun Belt,20,17,FALSE,FALSE,"Johnny ""Red"" Floyd Stadium",
2007-09-20,2007,4,regular,Morgan State,MEAC,Hampton,MEAC,17,24,FALSE,TRUE,Armstrong Stadium,
2007-09-20,2007,4,regular,Texas A&M,Big 12,Miami,ACC,17,34,FALSE,FALSE,,
2007-09-21,2007,4,regular,Murray State,OVC,Tennessee Tech,OVC,24,48,FALSE,TRUE,Tucker Stadium,
2007-09-21,2007,4,regular,College Of New Jersey,,La Salle,Metro Atlantic Athletic,13,12,TRUE,FALSE,,
2007-09-22,2007,4,regular,Oklahoma,Big 12,Tulsa,Conference USA,62,21,FALSE,FALSE,,
2007-09-22,2007,4,regular,North Carolina,ACC,South Florida,Big East,10,37,FALSE,FALSE,Raymond James Stadium,
2007-09-22,2007,4,regular,Illinois,Big Ten,Indiana,Big Ten,27,14,FALSE,TRUE,"Memorial Stadium (Bloomington, IN)",
2007-09-22,2007,4,regular,Syracuse,Big East,Louisville,Big East,38,35,FALSE,TRUE,L&N Federal Credit Union Stadium,
2007-09-22,2007,4,regular,Clemson,ACC,NC State,ACC,42,20,FALSE,TRUE,Carter-Finley Stadium,
2007-09-22,2007,4,regular,Dartmouth,Ivy,New Hampshire,CAA,31,52,FALSE,FALSE,Wildcat Stadium,
2007-09-22,2007,4,regular,Temple,Mid-American,Bowling Green,Mid-American,35,48,FALSE,TRUE,Doyt L. Perry Stadium,
2007-09-22,2007,4,regular,Georgia Tech,ACC,Virginia,ACC,23,28,FALSE,TRUE,Scott Stadium,
2007-09-22,2007,4,regular,East Carolina,Conference USA,West Virginia,Big East,7,48,FALSE,FALSE,Milan Puskar Stadium,
2007-09-22,2007,4,regular,UNC Pembroke,,Jacksonville,Pioneer,10,55,TRUE,FALSE,D. B. Milne Field,
2007-09-22,2007,4,regular,Kent State,Mid-American,Akron,Mid-American,20,27,FALSE,TRUE,,
2007-09-22,2007,4,regular,Cornell,Ivy,Yale,Ivy,12,51,FALSE,TRUE,Yale Bowl,
2007-09-22,2007,4,regular,Florida,SEC,Ole Miss,SEC,30,24,FALSE,TRUE,Vaught-Hemingway Stadium,
2007-09-22,2007,4,regular,Ball State,Mid-American,Nebraska,Big 12,40,41,FALSE,FALSE,"Memorial Stadium (Lincoln, NE)",
2007-09-22,2007,4,regular,Marist,Metro Atlantic Athletic,Columbia,Ivy,7,31,FALSE,FALSE,Lawrence A. Wien Stadium,
2007-09-22,2007,4,regular,Army,FBS Independents,Boston College,ACC,17,37,FALSE,FALSE,"Alumni Stadium (Chestnut Hill, MA)",
2007-09-22,2007,4,regular,Hofstra,CAA,Rhode Island,CAA,37,24,FALSE,TRUE,Meade Stadium,
2007-09-22,2007,4,regular,Richmond,CAA,Bucknell,Patriot,45,14,FALSE,FALSE,Christy Mathewson-Memorial Stadium,
2007-09-22,2007,4,regular,Missouri S&T,,Butler,Pioneer,21,28,FALSE,FALSE,Butler Bowl,
2007-09-22,2007,4,regular,Dayton,Pioneer,Fordham,Patriot,31,24,TRUE,FALSE,Coffey Field,
2007-09-22,2007,4,regular,VMI,Big South,Lehigh,Patriot,6,37,FALSE,FALSE,Goodman Stadium,
2007-09-22,2007,4,regular,Robert Morris,NEC,Morehead State,Pioneer,9,8,FALSE,FALSE,Jayne Stadium,
2007-09-22,2007,4,regular,Duke,ACC,Navy,FBS Independents,43,46,FALSE,FALSE,Navy-Marine Corps Memorial Stadium,
2007-09-22,2007,4,regular,Azusa Pacific,,Nicholls,Southland,28,30,TRUE,FALSE,,
2007-09-22,2007,4,regular,Hofstra,CAA,Rhodes College,,37,24,TRUE,FALSE,Meade Stadium,
2007-09-22,2007,4,regular,Duquesne,Metro Atlantic Athletic,Sacred Heart,NEC,30,23,FALSE,FALSE,Campus Field,
2007-09-22,2007,4,regular,William & Mary,CAA,Virginia Tech,ACC,3,44,FALSE,FALSE,Lane Stadium,
2007-09-22,2007,4,regular,Liberty,Big South,Elon,Southern,14,42,FALSE,FALSE,Rhodes Stadium,
2007-09-22,2007,4,regular,Valparaiso,Pioneer,Marian College,,21,13,TRUE,FALSE,,
2007-09-22,2007,4,regular,Illinois State,MVFC,Missouri,Big 12,17,38,FALSE,FALSE,Memorial Stadium,
2007-09-22,2007,4,regular,Arkansas-Pine Bluff,SWAC,Southern Illinois,MVFC,3,58,TRUE,FALSE,,
2007-09-22,2007,4,regular,Massachusetts,CAA,Maine,CAA,38,7,FALSE,TRUE,Alfond Stadium,
2007-09-22,2007,4,regular,Eastern Kentucky,OVC,Jacksonville State,OVC,31,20,FALSE,TRUE,AmFirst Stadium,
2007-09-22,2007,4,regular,Wyoming,Mountain West,Ohio,Mid-American,34,33,FALSE,FALSE,Peden Stadium,
2007-09-22,2007,4,regular,App State,Southern,Wofford,Southern,31,42,FALSE,TRUE,Gibbs Stadium,
2007-09-22,2007,4,regular,UAlbany,NEC,Montana,Big Sky,14,35,FALSE,FALSE,Washington-Grizzly Stadium,
2007-09-22,2007,4,regular,Air Force,Mountain West,BYU,Mountain West,6,31,FALSE,TRUE,LaVell Edwards Stadium,
2007-09-22,2007,4,regular,South Carolina,SEC,LSU,SEC,16,28,FALSE,TRUE,Tiger Stadium (LA),
2007-09-22,2007,4,regular,Penn State,Big Ten,Michigan,Big Ten,9,14,FALSE,TRUE,Michigan Stadium,
2007-09-22,2007,4,regular,Maryland,ACC,Wake Forest,ACC,24,31,FALSE,TRUE,Allegacy Federal Credit Union Stadium,
2007-09-22,2007,4,regular,Northwestern,Big Ten,Ohio State,Big Ten,7,58,FALSE,TRUE,Ohio Stadium,
2007-09-22,2007,4,regular,North Dakota State,Great West,Central Michigan,Mid-American,44,14,FALSE,FALSE,Kelly/Shorts Stadium,
2007-09-22,2007,4,regular,Howard,MEAC,Eastern Michigan,Mid-American,15,38,FALSE,FALSE,Rynearson Stadium,
2007-09-22,2007,4,regular,Miami (OH),Mid-American,Colorado,Big 12,0,42,FALSE,FALSE,Folsom Field,
2007-09-22,2007,4,regular,Montana State,Big Sky,Weber State,Big Sky,21,5,FALSE,TRUE,Stewart Stadium,
2007-09-22,2007,4,regular,Memphis,Conference USA,UCF,Conference USA,20,56,FALSE,TRUE,,
2007-09-22,2007,4,regular,Texas Tech,Big 12,Oklahoma State,Big 12,45,49,FALSE,TRUE,Boone Pickens Stadium,
2007-09-22,2007,4,regular,Michigan State,Big Ten,Notre Dame,FBS Independents,31,14,FALSE,FALSE,Notre Dame Stadium,
2007-09-22,2007,4,regular,Bethune-Cookman,MEAC,Norfolk State,MEAC,31,38,FALSE,TRUE,"William Dick"""" Price Stadium""""",
2007-09-22,2007,4,regular,Lock Haven University,,Youngstown State,MVFC,3,35,FALSE,FALSE,Stambaugh Stadium,
2007-09-22,2007,4,regular,Colorado State,Mountain West,Houston,Conference USA,27,38,FALSE,FALSE,Robertson Stadium,
2007-09-22,2007,4,regular,Northeastern,CAA,UC Davis,Great West,10,28,FALSE,FALSE,Aggie Stadium,
2007-09-22,2007,4,regular,Northern Illinois,Mid-American,Idaho,Western Athletic,42,35,FALSE,FALSE,Kibbie Dome,
2007-09-22,2007,4,regular,Northern Iowa,MVFC,Drake,Pioneer,45,7,FALSE,FALSE,Drake Stadium,
2007-09-22,2007,4,regular,Jackson State,SWAC,Mississippi Valley State,SWAC,50,16,TRUE,TRUE,,
2007-09-22,2007,4,regular,Eastern Washington,Big Sky,Idaho State,Big Sky,34,7,FALSE,TRUE,Holt Arena,
2007-09-22,2007,4,regular,Kentucky,SEC,Arkansas,SEC,42,29,FALSE,TRUE,Razorback Stadium,
2007-09-22,2007,4,regular,Arizona,Pac-10,California,Pac-10,27,45,FALSE,TRUE,California Memorial Stadium,
2007-09-22,2007,4,regular,Pennsylvania,Ivy,Villanova,CAA,14,34,FALSE,FALSE,Villanova Stadium,
2007-09-22,2007,4,regular,Coastal Carolina,Big South,James Madison,CAA,10,45,FALSE,FALSE,Bridgeforth Stadium,
2007-09-22,2007,4,regular,Eastern Illinois,OVC,Indiana State,MVFC,54,20,FALSE,FALSE,Memorial Stadium,
2007-09-22,2007,4,regular,Princeton,Ivy,Lafayette,Patriot,20,14,FALSE,FALSE,Fisher Field,
2007-09-22,2007,4,regular,Baylor,Big 12,Buffalo,Mid-American,34,21,FALSE,FALSE,UB Stadium,
2007-09-22,2007,4,regular,Winston-Salem,MEAC,South Carolina State,MEAC,7,20,FALSE,TRUE,Oliver C. Dawson Stadium,
2007-09-22,2007,4,regular,Monmouth,NEC,Stony Brook,FCS Independents,15,21,FALSE,FALSE,Kenneth P. LaValle Stadium,
2007-09-22,2007,4,regular,Presbyterian,FCS Independents,Western Carolina,Southern,20,33,FALSE,FALSE,E. J. Whitmire Stadium,
2007-09-22,2007,4,regular,Northern Colorado,Big Sky,Northern Arizona,Big Sky,14,34,FALSE,TRUE,Walkup Skydome,
2007-09-22,2007,4,regular,North Carolina Central,FCS Independents,North Carolina A&T,MEAC,27,22,TRUE,FALSE,Aggie Memorial Stadium,
2007-09-22,2007,4,regular,Portland State,Big Sky,San Diego State,Mountain West,17,52,TRUE,FALSE,Qualcomm Stadium,
2007-09-22,2007,4,regular,New Mexico State,Western Athletic,Auburn,SEC,20,55,FALSE,FALSE,Jordan-Hare Stadium,
2007-09-22,2007,4,regular,Delaware,CAA,Towson,CAA,27,7,FALSE,TRUE,Johnny Unitas Stadium,
2007-09-22,2007,4,regular,UConn,Big East,Pittsburgh,Big East,34,14,FALSE,TRUE,Acrisure Stadium,
2007-09-22,2007,4,regular,Florida Atlantic,Sun Belt,North Texas,Sun Belt,30,20,FALSE,TRUE,,
2007-09-22,2007,4,regular,Rice,Conference USA,Texas,Big 12,14,58,FALSE,FALSE,DKR-Texas Memorial Stadium,
2007-09-22,2007,4,regular,Chattanooga,Southern,Georgia Southern,Southern,45,38,FALSE,TRUE,Allen E. Paulson Stadium,
2007-09-22,2007,4,regular,Troy,Sun Belt,Louisiana,Sun Belt,48,31,FALSE,TRUE,Cajun Field,
2007-09-22,2007,4,regular,Gardner-Webb,Big South,Mississippi State,SEC,15,31,FALSE,FALSE,Davis Wade Stadium,
2007-09-22,2007,4,regular,UT Martin,OVC,Austin Peay,OVC,14,17,FALSE,TRUE,Governors Stadium,
2007-09-22,2007,4,regular,Florida International,Sun Belt,Kansas,Big 12,3,55,FALSE,FALSE,Memorial Stadium,
2007-09-22,2007,4,regular,Southeast Missouri State,OVC,Samford,OVC,21,26,FALSE,TRUE,Seibert Stadium,
2007-09-22,2007,4,regular,Tennessee State,OVC,Southern,SWAC,34,41,FALSE,FALSE,Ace W. Mumford Stadium,
2007-09-22,2007,4,regular,Western Illinois,MVFC,Stephen F. Austin,Southland,34,13,FALSE,FALSE,Homer Bryce Stadium,
2007-09-22,2007,4,regular,Central Arkansas,Southland,Missouri State,MVFC,38,42,FALSE,FALSE,Plaster Sports Complex,
2007-09-22,2007,4,regular,Arkansas State,Sun Belt,Tennessee,SEC,27,48,FALSE,FALSE,Neyland Stadium,
2007-09-22,2007,4,regular,Central Connecticut,NEC,Western Michigan,Mid-American,14,51,FALSE,FALSE,Waldo Stadium,
2007-09-22,2007,4,regular,Alabama A&M,SWAC,Grambling,SWAC,6,31,FALSE,TRUE,Eddie Robinson Stadium,
2007-09-22,2007,4,regular,Iona,Metro Atlantic Athletic,Western Connecticut St,,37,41,TRUE,FALSE,,
2007-09-22,2007,4,regular,Iowa State,Big 12,Toledo,Mid-American,35,36,FALSE,FALSE,Glass Bowl,
2007-09-22,2007,4,regular,Brown,Ivy,Harvard,Ivy,17,24,FALSE,TRUE,Harvard Stadium,
2007-09-22,2007,4,regular,Marshall,Conference USA,Cincinnati,Big East,14,40,FALSE,FALSE,Nippert Stadium,
2007-09-22,2007,4,regular,Georgia,SEC,Alabama,SEC,26,23,FALSE,TRUE,Bryant-Denny Stadium,
2007-09-23,2007,4,regular,Washington State,Pac-10,USC,Pac-10,14,47,FALSE,TRUE,Los Angeles Memorial Coliseum,
2007-09-23,2007,4,regular,Sacramento State,Big Sky,New Mexico,Mountain West,0,58,FALSE,FALSE,University Stadium (NM),
2007-09-23,2007,4,regular,McNeese,Southland,Southern Utah,Great West,41,20,TRUE,FALSE,,
2007-09-23,2007,4,regular,Iowa,Big Ten,Wisconsin,Big Ten,13,17,FALSE,TRUE,Camp Randall Stadium,
2007-09-23,2007,4,regular,San José State,Western Athletic,Utah State,Western Athletic,23,20,FALSE,TRUE,Maverik Stadium,
2007-09-23,2007,4,regular,Alcorn State,SWAC,Alabama State,SWAC,25,28,TRUE,TRUE,Cramton Bowl,
2007-09-23,2007,4,regular,Texas State,Southland,South Dakota State,Great West,3,38,TRUE,FALSE,,
2007-09-23,2007,4,regular,SE Louisiana,Southland,Tulane,Conference USA,27,35,TRUE,FALSE,Caesars Superdome,
2007-09-23,2007,4,regular,SMU,Conference USA,TCU,Mountain West,7,21,FALSE,FALSE,Amon G. Carter Stadium,
2007-09-23,2007,4,regular,Purdue,Big Ten,Minnesota,Big Ten,45,31,FALSE,TRUE,,
2007-09-23,2007,4,regular,Western Oregon,,Cal Poly,Great West,17,24,FALSE,FALSE,Alex G. Spanos Stadium,
2007-09-23,2007,4,regular,Texas Southern,SWAC,UTEP,Conference USA,12,52,FALSE,FALSE,Sun Bowl,
2007-09-23,2007,4,regular,Utah,Mountain West,UNLV,Mountain West,0,27,FALSE,TRUE,Sam Boyd Stadium,
2007-09-23,2007,4,regular,Oregon State,Pac-10,Arizona State,Pac-10,32,44,FALSE,TRUE,Mountain America Stadium,
2007-09-23,2007,4,regular,Oregon,Pac-10,Stanford,Pac-10,55,31,FALSE,TRUE,Stanford Stadium,
2007-09-23,2007,4,regular,Washington,Pac-10,UCLA,Pac-10,31,44,FALSE,TRUE,Rose Bowl,
2007-09-23,2007,4,regular,Charleston Southern,Big South,Hawai'i,Western Athletic,10,66,TRUE,FALSE,Aloha Stadium,
2007-09-27,2007,5,regular,Memphis,Conference USA,Arkansas State,Sun Belt,31,35,FALSE,FALSE,,
2007-09-27,2007,5,regular,Tennessee Tech,OVC,UT Martin,OVC,13,10,FALSE,TRUE,Graham Stadium,
2007-09-27,2007,5,regular,Southern Miss,Conference USA,Boise State,Western Athletic,16,38,FALSE,FALSE,Albertsons Stadium,
2007-09-27,2007,5,regular,Norfolk State,MEAC,North Carolina A&T,MEAC,50,20,TRUE,TRUE,Aggie Memorial Stadium,
2007-09-29,2007,5,regular,West Virginia,Big East,South Florida,Big East,13,21,FALSE,TRUE,Raymond James Stadium,
2007-09-29,2007,5,regular,Akron,Mid-American,UConn,Big East,10,44,FALSE,FALSE,Pratt & Whitney Stadium,
2007-09-29,2007,5,regular,Michigan,Big Ten,Northwestern,Big Ten,28,16,FALSE,TRUE,Ryan Field,
2007-09-29,2007,5,regular,Yale,Ivy,Holy Cross,Patriot,38,17,FALSE,FALSE,Fitton Field,
2007-09-29,2007,5,regular,Villanova,CAA,James Madison,CAA,7,35,FALSE,TRUE,Bridgeforth Stadium,
2007-09-29,2007,5,regular,North Carolina,ACC,Virginia Tech,ACC,10,17,FALSE,TRUE,Lane Stadium,
2007-09-29,2007,5,regular,Southern Illinois,MVFC,Indiana State,MVFC,72,10,FALSE,TRUE,Memorial Stadium,
2007-09-29,2007,5,regular,Davidson,Pioneer,Jacksonville,Pioneer,20,10,TRUE,TRUE,D. B. Milne Field,
2007-09-29,2007,5,regular,Temple,Mid-American,Army,FBS Independents,21,37,FALSE,FALSE,Michie Stadium,
2007-09-29,2007,5,regular,Penn State,Big Ten,Illinois,Big Ten,20,27,FALSE,TRUE,"Memorial Stadium (Champaign, IL)",
2007-09-29,2007,5,regular,Buffalo,Mid-American,Ball State,Mid-American,14,49,FALSE,TRUE,Scheumann Stadium,
2007-09-29,2007,5,regular,Northern Illinois,Mid-American,Central Michigan,Mid-American,10,35,FALSE,TRUE,Kelly/Shorts Stadium,
2007-09-29,2007,5,regular,Duke,ACC,Miami,ACC,14,24,FALSE,TRUE,,
2007-09-29,2007,5,regular,Notre Dame,FBS Independents,Purdue,Big Ten,19,33,FALSE,FALSE,Ross-Ade Stadium,
2007-09-29,2007,5,regular,LSU,SEC,Tulane,Conference USA,34,9,FALSE,FALSE,Caesars Superdome,
2007-09-29,2007,5,regular,Indiana,Big Ten,Iowa,Big Ten,38,20,FALSE,TRUE,Kinnick Stadium,
2007-09-29,2007,5,regular,Pennsylvania,Ivy,Dartmouth,Ivy,13,21,FALSE,TRUE,Memorial Field,
2007-09-29,2007,5,regular,Rhode Island,CAA,Brown,Ivy,49,42,FALSE,FALSE,Brown Stadium,
2007-09-29,2007,5,regular,Baylor,Big 12,Texas A&M,Big 12,10,34,FALSE,TRUE,Kyle Field,
2007-09-29,2007,5,regular,Mississippi State,SEC,South Carolina,SEC,21,38,FALSE,TRUE,Williams-Brice Stadium,
2007-09-29,2007,5,regular,Winston-Salem,MEAC,Howard,MEAC,21,24,FALSE,TRUE,William H. Greene Stadium,
2007-09-29,2007,5,regular,Florida Atlantic,Sun Belt,Kentucky,SEC,17,45,FALSE,FALSE,Kroger Field,
2007-09-29,2007,5,regular,Massachusetts,CAA,Boston College,ACC,14,24,FALSE,FALSE,"Alumni Stadium (Chestnut Hill, MA)",
2007-09-29,2007,5,regular,San Diego,Pioneer,Butler,Pioneer,56,9,FALSE,TRUE,Butler Bowl,
2007-09-29,2007,5,regular,Frostburg State,,Duquesne,Metro Atlantic Athletic,10,37,FALSE,FALSE,Arthur J. Rooney Athletic Field,
2007-09-29,2007,5,regular,Delaware State,MEAC,Hampton,MEAC,24,17,FALSE,TRUE,Armstrong Stadium,
2007-09-29,2007,5,regular,Harvard,Ivy,Lehigh,Patriot,13,20,FALSE,FALSE,Goodman Stadium,
2007-09-29,2007,5,regular,Dayton,Pioneer,Morehead State,Pioneer,35,42,FALSE,TRUE,Jayne Stadium,
2007-09-29,2007,5,regular,Air Force,Mountain West,Navy,FBS Independents,20,31,FALSE,FALSE,Navy-Marine Corps Memorial Stadium,
2007-09-29,2007,5,regular,VMI,Big South,Robert Morris,NEC,40,13,FALSE,FALSE,Joe Walton Stadium,
2007-09-29,2007,5,regular,Sacred Heart,NEC,Wagner,NEC,15,18,FALSE,TRUE,Wagner College Stadium,
2007-09-29,2007,5,regular,Towson,CAA,William & Mary,CAA,22,27,FALSE,TRUE,Zable Stadium,
2007-09-29,2007,5,regular,Ole Miss,SEC,Georgia,SEC,17,45,FALSE,TRUE,Sanford Stadium,
2007-09-29,2007,5,regular,App State,Southern,Elon,Southern,49,32,FALSE,TRUE,Rhodes Stadium,
2007-09-29,2007,5,regular,Oklahoma,Big 12,Colorado,Big 12,24,27,FALSE,TRUE,Folsom Field,
2007-09-29,2007,5,regular,Cornell,Ivy,Georgetown,Patriot,45,7,FALSE,FALSE,Cooper Field,
2007-09-29,2007,5,regular,Valparaiso,Pioneer,Drake,Pioneer,20,48,FALSE,TRUE,Drake Stadium,
2007-09-29,2007,5,regular,Presbyterian,FCS Independents,North Carolina Central,FCS Independents,34,27,TRUE,TRUE,,
2007-09-29,2007,5,regular,Iowa State,Big 12,Nebraska,Big 12,17,35,FALSE,TRUE,"Memorial Stadium (Lincoln, NE)",
2007-09-29,2007,5,regular,North Dakota State,Great West,Western Illinois,MVFC,41,28,FALSE,FALSE,Hanson Field,
2007-09-29,2007,5,regular,Northern Iowa,MVFC,Illinois State,MVFC,23,13,FALSE,TRUE,Hancock Stadium,
2007-09-29,2007,5,regular,Tennessee State,OVC,Florida A&M,MEAC,17,18,TRUE,FALSE,Georgia Dome,
2007-09-29,2007,5,regular,Syracuse,Big East,Miami (OH),Mid-American,14,17,FALSE,FALSE,Yager Stadium,
2007-09-29,2007,5,regular,Kent State,Mid-American,Ohio,Mid-American,33,25,FALSE,TRUE,Peden Stadium,
2007-09-29,2007,5,regular,Utah State,Western Athletic,Utah,Mountain West,18,34,FALSE,FALSE,Rice-Eccles Stadium,
2007-09-29,2007,5,regular,Samford,OVC,Eastern Kentucky,OVC,20,43,FALSE,TRUE,Roy Kidd Stadium,
2007-09-29,2007,5,regular,Stephen F. Austin,Southland,South Dakota State,Great West,0,45,TRUE,FALSE,,
2007-09-29,2007,5,regular,Weber State,Big Sky,Montana,Big Sky,10,18,FALSE,TRUE,Washington-Grizzly Stadium,
2007-09-29,2007,5,regular,Clemson,ACC,Georgia Tech,ACC,3,13,FALSE,TRUE,Bobby Dodd Stadium,
2007-09-29,2007,5,regular,Louisville,Big East,NC State,ACC,29,10,FALSE,FALSE,Carter-Finley Stadium,
2007-09-29,2007,5,regular,Columbia,Ivy,Princeton,Ivy,32,42,FALSE,TRUE,Princeton University Stadium,
2007-09-29,2007,5,regular,Maryland,ACC,Rutgers,Big East,34,24,FALSE,FALSE,High Point Solutions Stadium,
2007-09-29,2007,5,regular,Kansas State,Big 12,Texas,Big 12,41,21,FALSE,TRUE,DKR-Texas Memorial Stadium,
2007-09-29,2007,5,regular,New Hampshire,CAA,Richmond,CAA,38,45,TRUE,TRUE,,
2007-09-29,2007,5,regular,Michigan State,Big Ten,Wisconsin,Big Ten,34,37,FALSE,TRUE,Camp Randall Stadium,
2007-09-29,2007,5,regular,Western Carolina,Southern,Georgia Southern,Southern,21,50,FALSE,TRUE,Allen E. Paulson Stadium,
2007-09-29,2007,5,regular,Southern,SWAC,Alabama State,SWAC,21,2,TRUE,TRUE,Ladd Peebles Stadium,
2007-09-29,2007,5,regular,California,Pac-10,Oregon,Pac-10,31,24,FALSE,TRUE,Autzen Stadium,
2007-09-29,2007,5,regular,Idaho State,Big Sky,Montana State,Big Sky,20,40,FALSE,TRUE,Bobcat Stadium,
2007-09-29,2007,5,regular,UC Davis,Great West,San José State,Western Athletic,14,34,FALSE,FALSE,CEFCU Stadium,
2007-09-29,2007,5,regular,Jacksonville State,OVC,Murray State,OVC,40,24,FALSE,TRUE,Roy Stewart Stadium,
2007-09-29,2007,5,regular,Texas Southern,SWAC,Alabama A&M,SWAC,24,48,FALSE,TRUE,Louis Crews Stadium,
2007-09-29,2007,5,regular,Morgan State,MEAC,Bethune-Cookman,MEAC,33,9,FALSE,TRUE,Municipal Stadium,
2007-09-29,2007,5,regular,La Salle,Metro Atlantic Athletic,Geneva,,7,29,TRUE,FALSE,,
2007-09-29,2007,5,regular,UNLV,Mountain West,Nevada,Western Athletic,20,27,FALSE,FALSE,Mackay Stadium,
2007-09-29,2007,5,regular,UTEP,Conference USA,SMU,Conference USA,48,45,FALSE,TRUE,Gerald J. Ford Stadium,
2007-09-29,2007,5,regular,Alabama,SEC,Florida State,ACC,14,21,FALSE,FALSE,Municipal Stadium,
2007-09-29,2007,5,regular,Hawai'i,Western Athletic,Idaho,Western Athletic,48,20,FALSE,TRUE,Kibbie Dome,
2007-09-29,2007,5,regular,Savannah St,FCS Independents,Fort Valley State,,2,33,TRUE,FALSE,,
2007-09-29,2007,5,regular,Northern Arizona,Big Sky,Sacramento State,Big Sky,9,38,FALSE,TRUE,Hornet Stadium,
2007-09-29,2007,5,regular,Western Kentucky,FBS Independents,Bowling Green,Mid-American,21,41,FALSE,FALSE,Doyt L. Perry Stadium,
2007-09-29,2007,5,regular,Wofford,Southern,Furman,Southern,45,20,FALSE,TRUE,Paladin Stadium,
2007-09-29,2007,5,regular,The Citadel,Southern,Chattanooga,Southern,41,16,FALSE,TRUE,Finley Stadium,
2007-09-29,2007,5,regular,Marist,Metro Atlantic Athletic,Bucknell,Patriot,7,38,FALSE,FALSE,Christy Mathewson-Memorial Stadium,
2007-09-29,2007,5,regular,Louisiana,Sun Belt,UCF,Conference USA,19,37,FALSE,FALSE,,
2007-09-29,2007,5,regular,Austin Peay,OVC,Gardner-Webb,Big South,13,20,FALSE,FALSE,Ernest W. Spangler Stadium,
2007-09-29,2007,5,regular,Missouri State,MVFC,Youngstown State,MVFC,21,49,FALSE,TRUE,Stambaugh Stadium,
2007-09-29,2007,5,regular,UCLA,Pac-10,Oregon State,Pac-10,40,14,FALSE,TRUE,Reser Stadium,
2007-09-29,2007,5,regular,North Texas,Sun Belt,Arkansas,SEC,7,66,FALSE,FALSE,Razorback Stadium,
2007-09-29,2007,5,regular,Monmouth,NEC,Delaware,CAA,7,42,TRUE,FALSE,,
2007-09-29,2007,5,regular,UAB,Conference USA,Tulsa,Conference USA,30,38,FALSE,TRUE,,
2007-09-29,2007,5,regular,Eastern Michigan,Mid-American,Vanderbilt,SEC,7,30,FALSE,FALSE,FirstBank Stadium,
2007-09-29,2007,5,regular,East Carolina,Conference USA,Houston,Conference USA,37,35,FALSE,TRUE,Robertson Stadium,
2007-09-29,2007,5,regular,Pittsburgh,Big East,Virginia,ACC,14,44,FALSE,FALSE,Scott Stadium,
2007-09-29,2007,5,regular,Iona,Metro Atlantic Athletic,Stonehill,,30,10,TRUE,FALSE,,
2007-09-29,2007,5,regular,Stony Brook,FCS Independents,Hofstra,CAA,28,33,TRUE,FALSE,,
2007-09-29,2007,5,regular,St. Francis (PA),NEC,Liberty,Big South,10,68,FALSE,FALSE,Williams Stadium (VA),
2007-09-29,2007,5,regular,Florida International,Sun Belt,Middle Tennessee,Sun Belt,6,47,FALSE,TRUE,"Johnny ""Red"" Floyd Stadium",
2007-09-29,2007,5,regular,Grambling,SWAC,Prairie View A&M,SWAC,17,14,TRUE,TRUE,,
2007-09-29,2007,5,regular,Eastern Illinois,OVC,Southeast Missouri State,OVC,31,16,TRUE,TRUE,Houck Stadium,
2007-09-29,2007,5,regular,Colorado State,Mountain West,TCU,Mountain West,12,24,FALSE,TRUE,Amon G. Carter Stadium,
2007-09-29,2007,5,regular,Northwestern State,Southland,Texas Tech,Big 12,7,75,FALSE,FALSE,Jones AT&T Stadium,
2007-09-29,2007,5,regular,Charleston Southern,Big South,North Greenville,,46,33,TRUE,FALSE,,
2007-09-29,2007,5,regular,Sam Houston,Southland,Oklahoma State,Big 12,3,39,FALSE,FALSE,Boone Pickens Stadium,
2007-09-29,2007,5,regular,Western Michigan,Mid-American,Toledo,Mid-American,42,28,FALSE,TRUE,Glass Bowl,
2007-09-29,2007,5,regular,UL Monroe,Sun Belt,Troy,Sun Belt,7,24,FALSE,TRUE,Veterans Memorial Stadium (AL),
2007-09-30,2007,5,regular,Auburn,SEC,Florida,SEC,20,17,FALSE,TRUE,Ben Hill Griffin Stadium,
2007-09-30,2007,5,regular,Ohio State,Big Ten,Minnesota,Big Ten,30,7,FALSE,TRUE,,
2007-09-30,2007,5,regular,Arkansas-Pine Bluff,SWAC,New Mexico State,Western Athletic,17,20,FALSE,FALSE,Aggie Memorial Stadium,
2007-09-30,2007,5,regular,USC,Pac-10,Washington,Pac-10,27,24,FALSE,TRUE,Husky Stadium,
2007-09-30,2007,5,regular,South Dakota,Great West,McNeese,Southland,7,31,TRUE,FALSE,,
2007-09-30,2007,5,regular,BYU,Mountain West,New Mexico,Mountain West,31,24,FALSE,TRUE,University Stadium (NM),
2007-09-30,2007,5,regular,Northern Colorado,Big Sky,Cal Poly,Great West,21,56,FALSE,FALSE,Alex G. Spanos Stadium,
2007-09-30,2007,5,regular,Portland State,Big Sky,Eastern Washington,Big Sky,28,21,FALSE,TRUE,Roos Field,
2007-09-30,2007,5,regular,Washington State,Pac-10,Arizona,Pac-10,20,48,FALSE,TRUE,Arizona Stadium,
2007-09-30,2007,5,regular,Louisiana Tech,Western Athletic,Fresno State,Western Athletic,6,17,FALSE,TRUE,Valley Children's Stadium,
2007-09-30,2007,5,regular,Cincinnati,Big East,San Diego State,Mountain West,52,23,FALSE,FALSE,Qualcomm Stadium,
2007-09-30,2007,5,regular,Arizona State,Pac-10,Stanford,Pac-10,41,3,FALSE,TRUE,Stanford Stadium,
2007-10-03,2007,6,regular,Marshall,Conference USA,Memphis,Conference USA,21,24,FALSE,TRUE,Simmons Bank Liberty Stadium,
2007-10-04,2007,6,regular,Rice,Conference USA,Southern Miss,Conference USA,31,29,FALSE,TRUE,M. M. Roberts Stadium,
2007-10-04,2007,6,regular,UT Martin,OVC,Jacksonville State,OVC,24,27,FALSE,TRUE,AmFirst Stadium,
2007-10-04,2007,6,regular,Bethune-Cookman,MEAC,Delaware State,MEAC,10,24,FALSE,TRUE,Alumni Stadium,
2007-10-04,2007,6,regular,Kentucky,SEC,South Carolina,SEC,23,38,FALSE,TRUE,Williams-Brice Stadium,
2007-10-06,2007,6,regular,Utah,Mountain West,Louisville,Big East,44,35,FALSE,FALSE,L&N Federal Credit Union Stadium,
2007-10-06,2007,6,regular,Minnesota,Big Ten,Indiana,Big Ten,20,40,FALSE,TRUE,"Memorial Stadium (Bloomington, IN)",
2007-10-06,2007,6,regular,Bowling Green,Mid-American,Boston College,ACC,24,55,FALSE,FALSE,"Alumni Stadium (Chestnut Hill, MA)",
2007-10-06,2007,6,regular,Richmond,CAA,Towson,CAA,21,23,FALSE,TRUE,Johnny Unitas Stadium,
2007-10-06,2007,6,regular,Georgia Tech,ACC,Maryland,ACC,26,28,FALSE,TRUE,SECU Stadium,
2007-10-06,2007,6,regular,Eastern Michigan,Mid-American,Michigan,Big Ten,22,33,FALSE,FALSE,Michigan Stadium,
2007-10-06,2007,6,regular,Miami,ACC,North Carolina,ACC,27,33,FALSE,TRUE,Kenan Stadium,
2007-10-06,2007,6,regular,Delaware,CAA,New Hampshire,CAA,30,35,FALSE,TRUE,Wildcat Stadium,
2007-10-06,2007,6,regular,West Virginia,Big East,Syracuse,Big East,55,14,FALSE,TRUE,JMA Wireless Dome,
2007-10-06,2007,6,regular,Western Illinois,MVFC,Indiana State,MVFC,19,7,FALSE,TRUE,Memorial Stadium,
2007-10-06,2007,6,regular,Wisconsin,Big Ten,Illinois,Big Ten,26,31,FALSE,TRUE,"Memorial Stadium (Champaign, IL)",
2007-10-06,2007,6,regular,Central Michigan,Mid-American,Ball State,Mid-American,58,38,FALSE,TRUE,Scheumann Stadium,
2007-10-06,2007,6,regular,Kansas,Big 12,Kansas State,Big 12,30,24,FALSE,TRUE,Bill Snyder Family Stadium,
2007-10-06,2007,6,regular,Northwestern,Big Ten,Michigan State,Big Ten,48,41,FALSE,TRUE,Spartan Stadium,
2007-10-06,2007,6,regular,Vanderbilt,SEC,Auburn,SEC,7,35,FALSE,TRUE,Jordan-Hare Stadium,
2007-10-06,2007,6,regular,Dartmouth,Ivy,Yale,Ivy,10,50,FALSE,TRUE,Yale Bowl,
2007-10-06,2007,6,regular,James Madison,CAA,Northeastern,CAA,21,14,TRUE,TRUE,,
2007-10-06,2007,6,regular,Holy Cross,Patriot,Brown,Ivy,48,37,FALSE,FALSE,Brown Stadium,
2007-10-06,2007,6,regular,Cheyney,,Howard,MEAC,14,41,FALSE,FALSE,William H. Greene Stadium,
2007-10-06,2007,6,regular,Wake Forest,ACC,Duke,ACC,41,36,FALSE,TRUE,Wallace Wade Stadium,
2007-10-06,2007,6,regular,Harvard,Ivy,Cornell,Ivy,32,15,FALSE,TRUE,Schoellkopf Field,
2007-10-06,2007,6,regular,Northern Illinois,Mid-American,Temple,Mid-American,15,16,FALSE,TRUE,Lincoln Financial Field,
2007-10-06,2007,6,regular,Georgetown,Patriot,Pennsylvania,Ivy,13,42,FALSE,FALSE,Franklin Field,
2007-10-06,2007,6,regular,Ohio,Mid-American,Buffalo,Mid-American,10,31,FALSE,TRUE,UB Stadium,
2007-10-06,2007,6,regular,Bucknell,Patriot,Colgate,Patriot,24,28,FALSE,TRUE,Andy Kerr Stadium,
2007-10-06,2007,6,regular,Morehead State,Pioneer,Davidson,Pioneer,49,21,FALSE,TRUE,Richardson Stadium,
2007-10-06,2007,6,regular,Jacksonville,Pioneer,Dayton,Pioneer,3,49,FALSE,TRUE,Welcome Stadium,
2007-10-06,2007,6,regular,Lehigh,Patriot,Fordham,Patriot,18,28,TRUE,TRUE,Coffey Field,
2007-10-06,2007,6,regular,Iona,Metro Atlantic Athletic,La Salle,Metro Atlantic Athletic,56,3,TRUE,TRUE,,
2007-10-06,2007,6,regular,Duquesne,Metro Atlantic Athletic,Marist,Metro Atlantic Athletic,31,21,FALSE,TRUE,Leonidoff Field,
2007-10-06,2007,6,regular,Wagner,NEC,Robert Morris,NEC,20,13,FALSE,TRUE,Joe Walton Stadium,
2007-10-06,2007,6,regular,Monmouth,NEC,Sacred Heart,NEC,49,8,FALSE,TRUE,Campus Field,
2007-10-06,2007,6,regular,Central Connecticut,NEC,St. Francis (PA),NEC,43,7,TRUE,TRUE,,
2007-10-06,2007,6,regular,Savannah St,FCS Independents,Charleston Southern,Big South,0,28,FALSE,FALSE,Buccaneer Field,
2007-10-06,2007,6,regular,Maine,CAA,Hofstra,CAA,13,38,TRUE,TRUE,,
2007-10-06,2007,6,regular,Louisiana Tech,Western Athletic,Ole Miss,SEC,0,24,FALSE,FALSE,Vaught-Hemingway Stadium,
2007-10-06,2007,6,regular,Coastal Carolina,Big South,Furman,Southern,17,27,FALSE,FALSE,Paladin Stadium,
2007-10-06,2007,6,regular,South Dakota State,Great West,Georgia Southern,Southern,38,41,FALSE,FALSE,Allen E. Paulson Stadium,
2007-10-06,2007,6,regular,Butler,Pioneer,Drake,Pioneer,19,37,FALSE,TRUE,Drake Stadium,
2007-10-06,2007,6,regular,UC Davis,Great West,North Dakota State,Great West,16,35,FALSE,TRUE,Fargodome,
2007-10-06,2007,6,regular,South Carolina State,MEAC,Norfolk State,MEAC,13,20,FALSE,TRUE,"William Dick"""" Price Stadium""""",
2007-10-06,2007,6,regular,North Greenville,,Presbyterian,FCS Independents,52,66,TRUE,FALSE,,
2007-10-06,2007,6,regular,Wofford,Southern,The Citadel,Southern,28,7,FALSE,TRUE,Johnson Hagood Stadium,
2007-10-06,2007,6,regular,San Diego,Pioneer,Valparaiso,Pioneer,41,27,FALSE,TRUE,Brown Field,
2007-10-06,2007,6,regular,TCU,Mountain West,Wyoming,Mountain West,21,24,FALSE,TRUE,,
2007-10-06,2007,6,regular,UAB,Conference USA,Mississippi State,SEC,13,30,FALSE,FALSE,Davis Wade Stadium,
2007-10-06,2007,6,regular,Gardner-Webb,Big South,App State,Southern,7,45,FALSE,FALSE,Kidd Brewer Stadium,
2007-10-06,2007,6,regular,Eastern Kentucky,OVC,Eastern Illinois,OVC,28,21,FALSE,TRUE,O'Brien Stadium,
2007-10-06,2007,6,regular,Austin Peay,OVC,Tennessee Tech,OVC,30,27,FALSE,TRUE,Tucker Stadium,
2007-10-06,2007,6,regular,Houston,Conference USA,Alabama,SEC,24,30,FALSE,FALSE,Bryant-Denny Stadium,
2007-10-06,2007,6,regular,Prairie View A&M,SWAC,Alcorn State,SWAC,17,7,FALSE,TRUE,Jack Spinks Stadium,
2007-10-06,2007,6,regular,Miami (OH),Mid-American,Kent State,Mid-American,20,13,FALSE,TRUE,Dix Stadium,
2007-10-06,2007,6,regular,Northwestern State,Southland,Nicholls,Southland,0,58,TRUE,TRUE,,
2007-10-06,2007,6,regular,Illinois State,MVFC,Missouri State,MVFC,41,58,FALSE,TRUE,Plaster Sports Complex,
2007-10-06,2007,6,regular,Mississippi Valley State,SWAC,Grambling,SWAC,0,40,FALSE,TRUE,Eddie Robinson Stadium,
2007-10-06,2007,6,regular,Eastern Washington,Big Sky,Montana,Big Sky,23,24,FALSE,TRUE,Washington-Grizzly Stadium,
2007-10-06,2007,6,regular,Sacramento State,Big Sky,Weber State,Big Sky,7,26,FALSE,TRUE,Stewart Stadium,
2007-10-06,2007,6,regular,NC State,ACC,Florida State,ACC,10,27,FALSE,TRUE,Doak Campbell Stadium,
2007-10-06,2007,6,regular,Youngstown State,MVFC,Southern Illinois,MVFC,17,24,TRUE,TRUE,,
2007-10-06,2007,6,regular,Hampton,MEAC,Princeton,Ivy,48,27,FALSE,FALSE,Princeton University Stadium,
2007-10-06,2007,6,regular,Iowa,Big Ten,Penn State,Big Ten,7,27,FALSE,TRUE,Beaver Stadium,
2007-10-06,2007,6,regular,Oklahoma,Big 12,Texas,Big 12,28,21,FALSE,TRUE,,
2007-10-06,2007,6,regular,South Florida,Big East,Florida Atlantic,Sun Belt,35,23,FALSE,FALSE,,
2007-10-06,2007,6,regular,Georgia,SEC,Tennessee,SEC,14,35,FALSE,TRUE,Neyland Stadium,
2007-10-06,2007,6,regular,Southern Utah,Great West,Montana State,Big Sky,3,7,FALSE,FALSE,Bobcat Stadium,
2007-10-06,2007,6,regular,Idaho,Western Athletic,San José State,Western Athletic,20,28,FALSE,TRUE,CEFCU Stadium,
2007-10-06,2007,6,regular,Arizona State,Pac-10,Washington State,Pac-10,23,20,FALSE,TRUE,Gesa Field,
2007-10-06,2007,6,regular,Northern Colorado,Big Sky,Idaho State,Big Sky,14,26,FALSE,TRUE,Holt Arena,
2007-10-06,2007,6,regular,Stony Brook,FCS Independents,UAlbany,NEC,23,24,TRUE,FALSE,University Field (NY),
2007-10-06,2007,6,regular,Alabama State,SWAC,Jackson State,SWAC,20,32,FALSE,TRUE,Mississippi Veterans Memorial Stadium,
2007-10-06,2007,6,regular,North Carolina A&T,MEAC,Morgan State,MEAC,17,22,FALSE,TRUE,Hughes Stadium,
2007-10-06,2007,6,regular,Fresno State,Western Athletic,Nevada,Western Athletic,49,41,FALSE,TRUE,Mackay Stadium,
2007-10-06,2007,6,regular,Florida A&M,MEAC,Winston-Salem,MEAC,23,27,TRUE,TRUE,,
2007-10-06,2007,6,regular,Arizona,Pac-10,Oregon State,Pac-10,16,31,FALSE,TRUE,Reser Stadium,
2007-10-06,2007,6,regular,Northern Arizona,Big Sky,Portland State,Big Sky,44,43,TRUE,TRUE,,
2007-10-06,2007,6,regular,San Diego State,Mountain West,Colorado State,Mountain West,24,20,FALSE,TRUE,Sonny Lubick Field at Hughes Stadium,
2007-10-06,2007,6,regular,William & Mary,CAA,Villanova,CAA,24,63,FALSE,TRUE,Villanova Stadium,
2007-10-06,2007,6,regular,Virginia Tech,ACC,Clemson,ACC,41,23,FALSE,TRUE,"Memorial Stadium (Clemson, SC)",
2007-10-06,2007,6,regular,Columbia,Ivy,Lafayette,Patriot,0,29,FALSE,FALSE,Fisher Field,
2007-10-06,2007,6,regular,Elon,Southern,Western Carolina,Southern,38,36,FALSE,TRUE,E. J. Whitmire Stadium,
2007-10-06,2007,6,regular,Alabama A&M,SWAC,Southern,SWAC,33,28,FALSE,TRUE,Ace W. Mumford Stadium,
2007-10-06,2007,6,regular,Chattanooga,Southern,Arkansas,SEC,15,34,TRUE,FALSE,,AT LITTLE ROCK AR
2007-10-06,2007,6,regular,Stanford,Pac-10,USC,Pac-10,24,23,FALSE,TRUE,Los Angeles Memorial Coliseum,
2007-10-06,2007,6,regular,Colorado,Big 12,Baylor,Big 12,43,23,FALSE,TRUE,Floyd Casey Stadium,
2007-10-06,2007,6,regular,North Texas,Sun Belt,Louisiana,Sun Belt,29,38,FALSE,TRUE,Cajun Field,
2007-10-06,2007,6,regular,McNeese,Southland,Texas State,Southland,41,20,TRUE,TRUE,Bobcat Stadium,
2007-10-06,2007,6,regular,Tulane,Conference USA,Army,FBS Independents,17,20,FALSE,FALSE,Michie Stadium,
2007-10-06,2007,6,regular,Troy,Sun Belt,Florida International,Sun Belt,34,16,FALSE,TRUE,,
2007-10-06,2007,6,regular,Arkansas State,Sun Belt,UL Monroe,Sun Belt,13,30,FALSE,TRUE,Malone Stadium,
2007-10-06,2007,6,regular,Central Arkansas,Southland,Sam Houston,Southland,35,14,TRUE,TRUE,,
2007-10-06,2007,6,regular,Stephen F. Austin,Southland,SE Louisiana,Southland,3,21,FALSE,TRUE,Strawberry Stadium,
2007-10-06,2007,6,regular,Iowa State,Big 12,Texas Tech,Big 12,17,42,FALSE,TRUE,Jones AT&T Stadium,
2007-10-06,2007,6,regular,Akron,Mid-American,Western Michigan,Mid-American,39,38,FALSE,TRUE,Waldo Stadium,
2007-10-06,2007,6,regular,Liberty,Big South,Toledo,Mid-American,34,35,FALSE,FALSE,Glass Bowl,
2007-10-06,2007,6,regular,Virginia,ACC,Middle Tennessee,Sun Belt,23,21,FALSE,FALSE,"Johnny ""Red"" Floyd Stadium",
2007-10-06,2007,6,regular,UCF,Conference USA,East Carolina,Conference USA,38,52,FALSE,TRUE,Dowdy-Ficklen Stadium,
2007-10-06,2007,6,regular,Oklahoma State,Big 12,Texas A&M,Big 12,23,24,FALSE,TRUE,Kyle Field,
2007-10-07,2007,6,regular,Notre Dame,FBS Independents,UCLA,Pac-10,20,6,FALSE,FALSE,Rose Bowl,
2007-10-07,2007,6,regular,Cincinnati,Big East,Rutgers,Big East,28,23,FALSE,TRUE,High Point Solutions Stadium,
2007-10-07,2007,6,regular,Ohio State,Big Ten,Purdue,Big Ten,23,7,FALSE,TRUE,Ross-Ade Stadium,
2007-10-07,2007,6,regular,Florida,SEC,LSU,SEC,24,28,FALSE,TRUE,Tiger Stadium (LA),
2007-10-07,2007,6,regular,UNLV,Mountain West,Air Force,Mountain West,14,31,FALSE,TRUE,Falcon Stadium,
2007-10-07,2007,6,regular,Tulsa,Conference USA,UTEP,Conference USA,47,48,FALSE,TRUE,Sun Bowl,
2007-10-07,2007,6,regular,Nebraska,Big 12,Missouri,Big 12,6,41,FALSE,TRUE,Memorial Stadium,
2007-10-07,2007,6,regular,Utah State,Western Athletic,Hawai'i,Western Athletic,37,52,FALSE,TRUE,Aloha Stadium,
2007-10-08,2007,6,regular,New Mexico State,Western Athletic,Boise State,Western Athletic,0,58,FALSE,TRUE,Albertsons Stadium,
2007-10-11,2007,7,regular,Navy,FBS Independents,Pittsburgh,Big East,48,45,FALSE,FALSE,Acrisure Stadium,
2007-10-11,2007,7,regular,Florida State,ACC,Wake Forest,ACC,21,24,FALSE,TRUE,Allegacy Federal Credit Union Stadium,
2007-10-12,2007,7,regular,Texas State,Southland,Central Arkansas,Southland,21,63,FALSE,TRUE,Estes Stadium,
2007-10-13,2007,7,regular,Hawai'i,Western Athletic,San José State,Western Athletic,42,35,FALSE,TRUE,CEFCU Stadium,
2007-10-13,2007,7,regular,Northeastern,CAA,Delaware,CAA,20,30,TRUE,TRUE,,
2007-10-13,2007,7,regular,UCF,Conference USA,South Florida,Big East,12,64,FALSE,FALSE,Raymond James Stadium,
2007-10-13,2007,7,regular,Lafayette,Patriot,Harvard,Ivy,17,27,FALSE,FALSE,Harvard Stadium,
2007-10-13,2007,7,regular,Purdue,Big Ten,Michigan,Big Ten,21,48,FALSE,TRUE,Michigan Stadium,
2007-10-13,2007,7,regular,Virginia Tech,ACC,Duke,ACC,43,14,FALSE,TRUE,Wallace Wade Stadium,
2007-10-13,2007,7,regular,Iona,Metro Atlantic Athletic,New Hampshire,CAA,21,49,FALSE,FALSE,Wildcat Stadium,
2007-10-13,2007,7,regular,Rutgers,Big East,Syracuse,Big East,38,14,FALSE,TRUE,JMA Wireless Dome,
2007-10-13,2007,7,regular,Kent State,Mid-American,Ohio State,Big Ten,3,48,FALSE,FALSE,Ohio Stadium,
2007-10-13,2007,7,regular,Eastern Michigan,Mid-American,Ohio,Mid-American,42,48,FALSE,TRUE,Peden Stadium,
2007-10-13,2007,7,regular,Morehead State,Pioneer,Jacksonville,Pioneer,24,34,TRUE,TRUE,D. B. Milne Field,
2007-10-13,2007,7,regular,Illinois,Big Ten,Iowa,Big Ten,6,10,FALSE,TRUE,Kinnick Stadium,
2007-10-13,2007,7,regular,Georgia Tech,ACC,Miami,ACC,17,14,FALSE,TRUE,,
2007-10-13,2007,7,regular,Minnesota,Big Ten,Northwestern,Big Ten,48,49,FALSE,TRUE,Ryan Field,
2007-10-13,2007,7,regular,Lehigh,Patriot,Yale,Ivy,7,23,FALSE,FALSE,Yale Bowl,
2007-10-13,2007,7,regular,Texas,Big 12,Iowa State,Big 12,56,3,FALSE,TRUE,Jack Trice Stadium,
2007-10-13,2007,7,regular,Alabama,SEC,Ole Miss,SEC,27,24,FALSE,TRUE,Vaught-Hemingway Stadium,
2007-10-13,2007,7,regular,Oklahoma State,Big 12,Nebraska,Big 12,45,14,FALSE,TRUE,"Memorial Stadium (Lincoln, NE)",
2007-10-13,2007,7,regular,Princeton,Ivy,Brown,Ivy,24,33,FALSE,TRUE,Brown Stadium,
2007-10-13,2007,7,regular,Baylor,Big 12,Kansas,Big 12,10,58,FALSE,TRUE,Memorial Stadium,
2007-10-13,2007,7,regular,Fordham,Patriot,Georgetown,Patriot,38,31,FALSE,TRUE,Cooper Field,
2007-10-13,2007,7,regular,Dartmouth,Ivy,Holy Cross,Patriot,15,41,FALSE,FALSE,Fitton Field,
2007-10-13,2007,7,regular,Villanova,CAA,Massachusetts,CAA,24,32,TRUE,TRUE,,
2007-10-13,2007,7,regular,Colgate,Patriot,Cornell,Ivy,14,17,FALSE,FALSE,Schoellkopf Field,
2007-10-13,2007,7,regular,James Madison,CAA,Rhode Island,CAA,44,27,FALSE,TRUE,Meade Stadium,
2007-10-13,2007,7,regular,Toledo,Mid-American,Buffalo,Mid-American,33,43,FALSE,TRUE,UB Stadium,
2007-10-13,2007,7,regular,Robert Morris,NEC,Central Connecticut,NEC,10,16,FALSE,TRUE,Arute Field,
2007-10-13,2007,7,regular,Davidson,Pioneer,Dayton,Pioneer,28,38,FALSE,TRUE,Welcome Stadium,
2007-10-13,2007,7,regular,Wagner,NEC,Monmouth,NEC,45,16,TRUE,TRUE,Kessler Field,
2007-10-13,2007,7,regular,Howard,MEAC,Morgan State,MEAC,33,36,FALSE,TRUE,Hughes Stadium,
2007-10-13,2007,7,regular,North Greenville,,North Carolina Central,FCS Independents,14,17,TRUE,FALSE,,
2007-10-13,2007,7,regular,James Madison,CAA,Rhodes College,,44,27,TRUE,FALSE,Meade Stadium,
2007-10-13,2007,7,regular,Duquesne,Metro Atlantic Athletic,St. Francis (PA),NEC,24,17,TRUE,FALSE,,
2007-10-13,2007,7,regular,Presbyterian,FCS Independents,VMI,Big South,45,21,FALSE,FALSE,Alumni Memorial Field,
2007-10-13,2007,7,regular,Pennsylvania,Ivy,Columbia,Ivy,59,28,FALSE,TRUE,Lawrence A. Wien Stadium,
2007-10-13,2007,7,regular,Delaware State,MEAC,North Carolina A&T,MEAC,27,0,TRUE,TRUE,Aggie Memorial Stadium,
2007-10-13,2007,7,regular,Gardner-Webb,Big South,Wofford,Southern,17,52,FALSE,FALSE,Gibbs Stadium,
2007-10-13,2007,7,regular,Prairie View A&M,SWAC,Alabama State,SWAC,17,6,TRUE,TRUE,Cramton Bowl,
2007-10-13,2007,7,regular,Western Kentucky,FBS Independents,Ball State,Mid-American,12,35,FALSE,FALSE,Scheumann Stadium,
2007-10-13,2007,7,regular,Hampton,MEAC,Norfolk State,MEAC,19,20,FALSE,TRUE,"William Dick"""" Price Stadium""""",
2007-10-13,2007,7,regular,Florida A&M,MEAC,South Carolina State,MEAC,14,49,FALSE,TRUE,Oliver C. Dawson Stadium,
2007-10-13,2007,7,regular,Furman,Southern,The Citadel,Southern,51,54,FALSE,TRUE,Johnson Hagood Stadium,
2007-10-13,2007,7,regular,Butler,Pioneer,Valparaiso,Pioneer,37,42,FALSE,TRUE,Brown Field,
2007-10-13,2007,7,regular,New Mexico,Mountain West,Wyoming,Mountain West,20,3,FALSE,TRUE,,
2007-10-13,2007,7,regular,Weber State,Big Sky,Northern Colorado,Big Sky,23,0,FALSE,TRUE,Nottingham Field,
2007-10-13,2007,7,regular,Missouri State,MVFC,Western Illinois,MVFC,10,31,FALSE,TRUE,Hanson Field,
2007-10-13,2007,7,regular,Tennessee,SEC,Mississippi State,SEC,33,21,FALSE,TRUE,Davis Wade Stadium,
2007-10-13,2007,7,regular,Indiana State,MVFC,Illinois State,MVFC,17,69,FALSE,TRUE,Hancock Stadium,
2007-10-13,2007,7,regular,Bowling Green,Mid-American,Miami (OH),Mid-American,14,47,FALSE,TRUE,Yager Stadium,
2007-10-13,2007,7,regular,San Diego State,Mountain West,Utah,Mountain West,7,23,FALSE,TRUE,Rice-Eccles Stadium,
2007-10-13,2007,7,regular,William & Mary,CAA,Maine,CAA,21,20,FALSE,TRUE,Alfond Stadium,
2007-10-13,2007,7,regular,Georgia Southern,Southern,Elon,Southern,33,36,FALSE,TRUE,Rhodes Stadium,
2007-10-13,2007,7,regular,North Dakota State,Great West,Mississippi Valley State,SWAC,58,7,TRUE,FALSE,,
2007-10-13,2007,7,regular,Alcorn State,SWAC,Texas Southern,SWAC,22,20,TRUE,TRUE,Robertson Stadium,
2007-10-13,2007,7,regular,Arizona,Pac-10,USC,Pac-10,13,20,FALSE,TRUE,Los Angeles Memorial Coliseum,
2007-10-13,2007,7,regular,LSU,SEC,Kentucky,SEC,37,43,FALSE,TRUE,Kroger Field,
2007-10-13,2007,7,regular,Hofstra,CAA,Towson,CAA,20,3,FALSE,TRUE,Johnny Unitas Stadium,
2007-10-13,2007,7,regular,South Carolina,SEC,North Carolina,ACC,21,15,FALSE,FALSE,Kenan Stadium,
2007-10-13,2007,7,regular,Wisconsin,Big Ten,Penn State,Big Ten,7,38,FALSE,TRUE,Beaver Stadium,
2007-10-13,2007,7,regular,Rice,Conference USA,Houston,Conference USA,48,56,FALSE,TRUE,Robertson Stadium,
2007-10-13,2007,7,regular,Stony Brook,FCS Independents,Richmond,CAA,0,42,TRUE,FALSE,,
2007-10-13,2007,7,regular,UConn,Big East,Virginia,ACC,16,17,FALSE,FALSE,Scott Stadium,
2007-10-13,2007,7,regular,Texas A&M,Big 12,Texas Tech,Big 12,7,35,FALSE,TRUE,Jones AT&T Stadium,
2007-10-13,2007,7,regular,Washington State,Pac-10,Oregon,Pac-10,7,53,FALSE,TRUE,Autzen Stadium,
2007-10-13,2007,7,regular,Army,FBS Independents,Central Michigan,Mid-American,23,47,FALSE,FALSE,Kelly/Shorts Stadium,
2007-10-13,2007,7,regular,SE Louisiana,Southland,Northwestern State,Southland,24,27,FALSE,TRUE,Harry Turpin Stadium,
2007-10-13,2007,7,regular,Boston College,ACC,Notre Dame,FBS Independents,27,14,FALSE,FALSE,Notre Dame Stadium,
2007-10-13,2007,7,regular,Sacred Heart,NEC,UAlbany,NEC,7,38,TRUE,TRUE,University Field (NY),
2007-10-13,2007,7,regular,Southern Utah,Great West,Youngstown State,MVFC,22,23,FALSE,FALSE,Stambaugh Stadium,
2007-10-13,2007,7,regular,Western Michigan,Mid-American,Northern Illinois,Mid-American,17,13,FALSE,TRUE,Huskie Stadium,
2007-10-13,2007,7,regular,Cal Poly,Great West,UC Davis,Great West,63,28,FALSE,TRUE,Aggie Stadium,
2007-10-13,2007,7,regular,Fresno State,Western Athletic,Idaho,Western Athletic,37,24,FALSE,TRUE,Kibbie Dome,
2007-10-13,2007,7,regular,Grambling,SWAC,Arkansas-Pine Bluff,SWAC,30,24,FALSE,TRUE,Golden Lion Stadium,
2007-10-13,2007,7,regular,Montana,Big Sky,Sacramento State,Big Sky,17,3,FALSE,TRUE,Hornet Stadium,
2007-10-13,2007,7,regular,TCU,Mountain West,Stanford,Pac-10,38,36,FALSE,TRUE,Stanford Stadium,
2007-10-13,2007,7,regular,Montana State,Big Sky,Eastern Washington,Big Sky,13,35,FALSE,TRUE,Roos Field,
2007-10-13,2007,7,regular,Southern Illinois,MVFC,Northern Iowa,MVFC,24,30,FALSE,TRUE,UNI-Dome,
2007-10-13,2007,7,regular,Air Force,Mountain West,Colorado State,Mountain West,45,21,FALSE,TRUE,Sonny Lubick Field at Hughes Stadium,
2007-10-13,2007,7,regular,Western Carolina,Southern,Chattanooga,Southern,21,39,FALSE,TRUE,Finley Stadium,
2007-10-13,2007,7,regular,Georgia,SEC,Vanderbilt,SEC,20,17,FALSE,TRUE,FirstBank Stadium,
2007-10-13,2007,7,regular,Temple,Mid-American,Akron,Mid-American,24,20,FALSE,TRUE,,
2007-10-13,2007,7,regular,Idaho State,Big Sky,Northern Arizona,Big Sky,24,45,FALSE,TRUE,Walkup Skydome,
2007-10-13,2007,7,regular,Missouri,Big 12,Oklahoma,Big 12,31,41,FALSE,TRUE,"Memorial Stadium (Norman, OK)",
2007-10-13,2007,7,regular,Tulane,Conference USA,UAB,Conference USA,21,26,FALSE,TRUE,Legion Field,
2007-10-13,2007,7,regular,Savannah St,FCS Independents,Morehouse College,,14,32,TRUE,FALSE,,
2007-10-13,2007,7,regular,Marshall,Conference USA,Tulsa,Conference USA,31,38,FALSE,TRUE,,
2007-10-13,2007,7,regular,UL Monroe,Sun Belt,North Texas,Sun Belt,21,31,FALSE,TRUE,,
2007-10-13,2007,7,regular,Chowan,,Coastal Carolina,Big South,0,51,FALSE,FALSE,Brooks Stadium (SC),
2007-10-13,2007,7,regular,Louisiana,Sun Belt,Arkansas State,Sun Belt,21,52,FALSE,TRUE,,
2007-10-13,2007,7,regular,Louisville,Big East,Cincinnati,Big East,28,24,FALSE,TRUE,Nippert Stadium,
2007-10-13,2007,7,regular,New Mexico State,Western Athletic,Louisiana Tech,Western Athletic,21,22,FALSE,TRUE,Joe Aillet Stadium,
2007-10-13,2007,7,regular,La Salle,Metro Atlantic Athletic,Marist,Metro Atlantic Athletic,10,24,FALSE,TRUE,Leonidoff Field,
2007-10-13,2007,7,regular,Jackson State,SWAC,Southern,SWAC,32,26,FALSE,TRUE,Ace W. Mumford Stadium,
2007-10-13,2007,7,regular,Nicholls,Southland,Stephen F. Austin,Southland,17,16,FALSE,TRUE,Homer Bryce Stadium,
2007-10-13,2007,7,regular,Oregon State,Pac-10,California,Pac-10,31,28,FALSE,TRUE,California Memorial Stadium,
2007-10-13,2007,7,regular,Indiana,Big Ten,Michigan State,Big Ten,27,52,FALSE,TRUE,Spartan Stadium,
2007-10-13,2007,7,regular,SMU,Conference USA,Southern Miss,Conference USA,7,28,FALSE,TRUE,M. M. Roberts Stadium,
2007-10-13,2007,7,regular,Auburn,SEC,Arkansas,SEC,9,7,FALSE,TRUE,Razorback Stadium,
2007-10-14,2007,7,regular,Middle Tennessee,Sun Belt,Memphis,Conference USA,21,7,FALSE,FALSE,Simmons Bank Liberty Stadium,
2007-10-14,2007,7,regular,Sam Houston,Southland,McNeese,Southland,21,31,FALSE,TRUE,Cowboy Stadium,
2007-10-14,2007,7,regular,Drake,Pioneer,San Diego,Pioneer,19,59,FALSE,TRUE,Torero Stadium,
2007-10-14,2007,7,regular,East Carolina,Conference USA,UTEP,Conference USA,45,42,FALSE,TRUE,Sun Bowl,
2007-10-14,2007,7,regular,Colorado,Big 12,Kansas State,Big 12,20,47,FALSE,TRUE,Bill Snyder Family Stadium,
2007-10-14,2007,7,regular,BYU,Mountain West,UNLV,Mountain West,24,14,FALSE,TRUE,Sam Boyd Stadium,
2007-10-14,2007,7,regular,Washington,Pac-10,Arizona State,Pac-10,20,44,FALSE,TRUE,Mountain America Stadium,
2007-10-15,2007,7,regular,Nevada,Western Athletic,Boise State,Western Athletic,67,69,FALSE,TRUE,Albertsons Stadium,
2007-10-18,2007,8,regular,Norfolk State,MEAC,Florida A&M,MEAC,33,27,FALSE,TRUE,Bragg Memorial Stadium,
2007-10-18,2007,8,regular,South Florida,Big East,Rutgers,Big East,27,30,FALSE,TRUE,High Point Solutions Stadium,
2007-10-18,2007,8,regular,Arkansas-Pine Bluff,SWAC,Alabama A&M,SWAC,14,31,FALSE,TRUE,Louis Crews Stadium,
2007-10-19,2007,8,regular,Utah,Mountain West,TCU,Mountain West,27,20,FALSE,TRUE,Amon G. Carter Stadium,
2007-10-19,2007,8,regular,Northwestern,Big Ten,Eastern Michigan,Mid-American,26,14,FALSE,FALSE,,
2007-10-20,2007,8,regular,Louisville,Big East,UConn,Big East,17,21,FALSE,TRUE,Pratt & Whitney Stadium,
2007-10-20,2007,8,regular,Army,FBS Independents,Georgia Tech,ACC,10,34,FALSE,FALSE,Bobby Dodd Stadium,
2007-10-20,2007,8,regular,Penn State,Big Ten,Indiana,Big Ten,36,31,FALSE,TRUE,"Memorial Stadium (Bloomington, IN)",
2007-10-20,2007,8,regular,Northeastern,CAA,Massachusetts,CAA,7,24,TRUE,TRUE,,
2007-10-20,2007,8,regular,North Dakota State,Great West,Minnesota,Big Ten,27,21,TRUE,FALSE,,
2007-10-20,2007,8,regular,Miami (OH),Mid-American,Temple,Mid-American,17,24,FALSE,TRUE,Lincoln Financial Field,
2007-10-20,2007,8,regular,Yale,Ivy,Pennsylvania,Ivy,26,20,FALSE,TRUE,Franklin Field,
2007-10-20,2007,8,regular,Cincinnati,Big East,Pittsburgh,Big East,17,24,FALSE,TRUE,Acrisure Stadium,
2007-10-20,2007,8,regular,Central Michigan,Mid-American,Clemson,ACC,14,70,FALSE,FALSE,"Memorial Stadium (Clemson, SC)",
2007-10-20,2007,8,regular,Furman,Southern,Chattanooga,Southern,28,22,FALSE,TRUE,Finley Stadium,
2007-10-20,2007,8,regular,Iowa,Big Ten,Purdue,Big Ten,6,31,FALSE,TRUE,Ross-Ade Stadium,
2007-10-20,2007,8,regular,Northern Illinois,Mid-American,Wisconsin,Big Ten,3,44,FALSE,FALSE,Camp Randall Stadium,
2007-10-20,2007,8,regular,Oklahoma,Big 12,Iowa State,Big 12,17,7,FALSE,TRUE,Jack Trice Stadium,
2007-10-20,2007,8,regular,Princeton,Ivy,Harvard,Ivy,10,27,FALSE,TRUE,Harvard Stadium,
2007-10-20,2007,8,regular,Columbia,Ivy,Dartmouth,Ivy,28,37,FALSE,TRUE,Memorial Field,
2007-10-20,2007,8,regular,Texas,Big 12,Baylor,Big 12,31,10,FALSE,TRUE,Floyd Casey Stadium,
2007-10-20,2007,8,regular,Tennessee,SEC,Alabama,SEC,17,41,FALSE,TRUE,Bryant-Denny Stadium,
2007-10-20,2007,8,regular,Vanderbilt,SEC,South Carolina,SEC,17,6,FALSE,TRUE,Williams-Brice Stadium,
2007-10-20,2007,8,regular,North Carolina A&T,MEAC,Howard,MEAC,27,35,FALSE,TRUE,William H. Greene Stadium,
2007-10-20,2007,8,regular,Brown,Ivy,Cornell,Ivy,31,38,FALSE,TRUE,Schoellkopf Field,
2007-10-20,2007,8,regular,Fordham,Patriot,Lafayette,Patriot,34,23,FALSE,TRUE,Fisher Field,
2007-10-20,2007,8,regular,Georgetown,Patriot,Bucknell,Patriot,20,17,FALSE,TRUE,Christy Mathewson-Memorial Stadium,
2007-10-20,2007,8,regular,Towson,CAA,Colgate,Patriot,17,27,FALSE,FALSE,Andy Kerr Stadium,
2007-10-20,2007,8,regular,Robert Morris,NEC,Duquesne,Metro Atlantic Athletic,14,17,FALSE,FALSE,Arthur J. Rooney Athletic Field,
2007-10-20,2007,8,regular,Grambling,SWAC,Jackson State,SWAC,30,20,FALSE,TRUE,Mississippi Veterans Memorial Stadium,
2007-10-20,2007,8,regular,Holy Cross,Patriot,Lehigh,Patriot,59,10,FALSE,TRUE,Goodman Stadium,
2007-10-20,2007,8,regular,Butler,Pioneer,Morehead State,Pioneer,3,24,FALSE,TRUE,Jayne Stadium,
2007-10-20,2007,8,regular,Wake Forest,ACC,Navy,FBS Independents,44,24,FALSE,FALSE,Navy-Marine Corps Memorial Stadium,
2007-10-20,2007,8,regular,Marist,Metro Atlantic Athletic,Sacred Heart,NEC,34,41,FALSE,FALSE,Campus Field,
2007-10-20,2007,8,regular,North Carolina Central,FCS Independents,Savannah St,FCS Independents,30,14,FALSE,TRUE,Ted Wright Stadium,
2007-10-20,2007,8,regular,UAlbany,NEC,St. Francis (PA),NEC,58,21,TRUE,TRUE,,
2007-10-20,2007,8,regular,Gardner-Webb,Big South,VMI,Big South,36,22,FALSE,TRUE,Alumni Memorial Field,
2007-10-20,2007,8,regular,Central Connecticut,NEC,Wagner,NEC,21,13,FALSE,TRUE,Wagner College Stadium,
2007-10-20,2007,8,regular,The Citadel,Southern,Western Carolina,Southern,37,31,FALSE,TRUE,E. J. Whitmire Stadium,
2007-10-20,2007,8,regular,Liberty,Big South,Charleston Southern,Big South,50,10,FALSE,TRUE,Buccaneer Field,
2007-10-20,2007,8,regular,Elon,Southern,Wofford,Southern,24,13,FALSE,TRUE,Gibbs Stadium,
2007-10-20,2007,8,regular,Arkansas,SEC,Ole Miss,SEC,44,8,FALSE,TRUE,Vaught-Hemingway Stadium,
2007-10-20,2007,8,regular,Western Kentucky,FBS Independents,Indiana State,MVFC,56,7,FALSE,FALSE,Memorial Stadium,
2007-10-20,2007,8,regular,Wyoming,Mountain West,Air Force,Mountain West,12,20,FALSE,TRUE,Falcon Stadium,
2007-10-20,2007,8,regular,South Carolina State,MEAC,Hampton,MEAC,28,24,FALSE,TRUE,Armstrong Stadium,
2007-10-20,2007,8,regular,Murray State,OVC,Southeast Missouri State,OVC,31,17,TRUE,TRUE,Houck Stadium,
2007-10-20,2007,8,regular,Dayton,Pioneer,Valparaiso,Pioneer,33,7,FALSE,TRUE,Brown Field,
2007-10-20,2007,8,regular,Ball State,Mid-American,Western Michigan,Mid-American,27,23,FALSE,TRUE,Waldo Stadium,
2007-10-20,2007,8,regular,Texas A&M,Big 12,Nebraska,Big 12,36,14,FALSE,TRUE,"Memorial Stadium (Lincoln, NE)",
2007-10-20,2007,8,regular,Missouri State,MVFC,Southern Illinois,MVFC,10,45,TRUE,TRUE,,
2007-10-20,2007,8,regular,UT Martin,OVC,Eastern Illinois,OVC,23,29,FALSE,TRUE,O'Brien Stadium,
2007-10-20,2007,8,regular,Memphis,Conference USA,Rice,Conference USA,38,35,FALSE,TRUE,Rice Stadium,
2007-10-20,2007,8,regular,UC Davis,Great West,Southern Utah,Great West,41,21,FALSE,TRUE,Eccles Coliseum,
2007-10-20,2007,8,regular,Tennessee State,OVC,Eastern Kentucky,OVC,7,49,FALSE,TRUE,Roy Kidd Stadium,
2007-10-20,2007,8,regular,Texas Southern,SWAC,Mississippi Valley State,SWAC,35,37,TRUE,TRUE,,
2007-10-20,2007,8,regular,Northwestern State,Southland,Sam Houston,Southland,20,42,FALSE,TRUE,Elliott T. Bowers Stadium,
2007-10-20,2007,8,regular,Austin Peay,OVC,Samford,OVC,28,25,FALSE,TRUE,Seibert Stadium,
2007-10-20,2007,8,regular,Maine,CAA,Stony Brook,FCS Independents,23,30,FALSE,FALSE,Kenneth P. LaValle Stadium,
2007-10-20,2007,8,regular,Sacramento State,Big Sky,Montana State,Big Sky,9,20,FALSE,TRUE,Bobcat Stadium,
2007-10-20,2007,8,regular,Northern Colorado,Big Sky,Montana,Big Sky,7,52,FALSE,TRUE,Washington-Grizzly Stadium,
2007-10-20,2007,8,regular,Nevada,Western Athletic,Utah State,Western Athletic,31,28,FALSE,TRUE,Maverik Stadium,
2007-10-20,2007,8,regular,Northern Arizona,Big Sky,Weber State,Big Sky,29,20,FALSE,TRUE,Stewart Stadium,
2007-10-20,2007,8,regular,California,Pac-10,UCLA,Pac-10,21,30,FALSE,TRUE,Rose Bowl,
2007-10-20,2007,8,regular,Miami,ACC,Florida State,ACC,37,29,FALSE,TRUE,Doak Campbell Stadium,
2007-10-20,2007,8,regular,Tennessee Tech,OVC,Jacksonville State,OVC,10,38,FALSE,TRUE,AmFirst Stadium,
2007-10-20,2007,8,regular,USC,Pac-10,Notre Dame,FBS Independents,38,0,FALSE,FALSE,Notre Dame Stadium,
2007-10-20,2007,8,regular,Florida,SEC,Kentucky,SEC,45,37,FALSE,TRUE,Kroger Field,
2007-10-20,2007,8,regular,Texas Tech,Big 12,Missouri,Big 12,10,41,FALSE,TRUE,Memorial Stadium,
2007-10-20,2007,8,regular,Michigan State,Big Ten,Ohio State,Big Ten,17,24,FALSE,TRUE,Ohio Stadium,
2007-10-20,2007,8,regular,Rhode Island,CAA,Richmond,CAA,6,38,TRUE,TRUE,,
2007-10-20,2007,8,regular,Mississippi State,SEC,West Virginia,Big East,13,38,FALSE,FALSE,Milan Puskar Stadium,
2007-10-20,2007,8,regular,Georgia Southern,Southern,App State,Southern,38,35,FALSE,TRUE,Kidd Brewer Stadium,
2007-10-20,2007,8,regular,Morgan State,MEAC,Delaware State,MEAC,17,25,FALSE,TRUE,Alumni Stadium,
2007-10-20,2007,8,regular,Arkansas State,Sun Belt,Middle Tennessee,Sun Belt,7,24,FALSE,TRUE,"Johnny ""Red"" Floyd Stadium",
2007-10-20,2007,8,regular,North Texas,Sun Belt,Troy,Sun Belt,7,45,FALSE,TRUE,Veterans Memorial Stadium (AL),
2007-10-20,2007,8,regular,Buffalo,Mid-American,Syracuse,Big East,12,20,FALSE,FALSE,JMA Wireless Dome,
2007-10-20,2007,8,regular,Winston-Salem,MEAC,Bethune-Cookman,MEAC,14,9,FALSE,TRUE,Municipal Stadium,
2007-10-20,2007,8,regular,Tulsa,Conference USA,UCF,Conference USA,23,44,FALSE,TRUE,,
2007-10-20,2007,8,regular,New Hampshire,CAA,Hofstra,CAA,40,3,TRUE,TRUE,,
2007-10-20,2007,8,regular,Bowling Green,Mid-American,Kent State,Mid-American,31,20,FALSE,TRUE,Dix Stadium,
2007-10-20,2007,8,regular,Alcorn State,SWAC,Southern,SWAC,10,14,FALSE,TRUE,Ace W. Mumford Stadium,
2007-10-20,2007,8,regular,Illinois State,MVFC,Youngstown State,MVFC,27,22,FALSE,TRUE,Stambaugh Stadium,
2007-10-20,2007,8,regular,NC State,ACC,East Carolina,Conference USA,34,20,FALSE,FALSE,Dowdy-Ficklen Stadium,
2007-10-20,2007,8,regular,Stephen F. Austin,Southland,Texas State,Southland,29,52,TRUE,TRUE,Bobcat Stadium,
2007-10-20,2007,8,regular,San José State,Western Athletic,Fresno State,Western Athletic,0,30,FALSE,TRUE,Valley Children's Stadium,
2007-10-20,2007,8,regular,Florida Atlantic,Sun Belt,Louisiana,Sun Belt,39,32,FALSE,TRUE,Cajun Field,
2007-10-20,2007,8,regular,Portland State,Big Sky,Idaho State,Big Sky,20,38,FALSE,TRUE,Holt Arena,
2007-10-20,2007,8,regular,Kansas,Big 12,Colorado,Big 12,19,14,FALSE,TRUE,Folsom Field,
2007-10-20,2007,8,regular,Eastern Washington,Big Sky,BYU,Mountain West,7,42,FALSE,FALSE,LaVell Edwards Stadium,
2007-10-20,2007,8,regular,Houston,Conference USA,UAB,Conference USA,49,10,FALSE,TRUE,Legion Field,
2007-10-20,2007,8,regular,Presbyterian,FCS Independents,Coastal Carolina,Big South,41,34,FALSE,FALSE,Brooks Stadium (SC),
2007-10-20,2007,8,regular,Drake,Pioneer,Davidson,Pioneer,21,24,FALSE,TRUE,Richardson Stadium,
2007-10-20,2007,8,regular,Boise State,Western Athletic,Louisiana Tech,Western Athletic,45,31,FALSE,TRUE,Joe Aillet Stadium,
2007-10-20,2007,8,regular,Florida International,Sun Belt,UL Monroe,Sun Belt,14,28,FALSE,TRUE,Malone Stadium,
2007-10-20,2007,8,regular,McNeese,Southland,Nicholls,Southland,28,7,FALSE,TRUE,Manning Field at John L. Guidry Stadium,
2007-10-20,2007,8,regular,Central Arkansas,Southland,SE Louisiana,Southland,37,33,FALSE,TRUE,Strawberry Stadium,
2007-10-20,2007,8,regular,Ohio,Mid-American,Toledo,Mid-American,40,43,FALSE,TRUE,Glass Bowl,
2007-10-20,2007,8,regular,Kansas State,Big 12,Oklahoma State,Big 12,39,41,FALSE,TRUE,Boone Pickens Stadium,
2007-10-20,2007,8,regular,Stanford,Pac-10,Arizona,Pac-10,21,20,FALSE,TRUE,Arizona Stadium,
2007-10-20,2007,8,regular,Northern Iowa,MVFC,Western Illinois,MVFC,42,3,FALSE,TRUE,Hanson Field,
2007-10-20,2007,8,regular,Oregon,Pac-10,Washington,Pac-10,55,34,FALSE,TRUE,Husky Stadium,
2007-10-21,2007,8,regular,Virginia,ACC,Maryland,ACC,18,17,FALSE,TRUE,SECU Stadium,
2007-10-21,2007,8,regular,Idaho,Western Athletic,New Mexico State,Western Athletic,31,45,FALSE,TRUE,Aggie Memorial Stadium,
2007-10-21,2007,8,regular,Michigan,Big Ten,Illinois,Big Ten,27,17,FALSE,TRUE,"Memorial Stadium (Champaign, IL)",
2007-10-21,2007,8,regular,Tulane,Conference USA,SMU,Conference USA,41,34,FALSE,TRUE,Gerald J. Ford Stadium,
2007-10-21,2007,8,regular,Cal Poly,Great West,South Dakota State,Great West,35,48,TRUE,TRUE,Coughlin-Alumni Stadium,
2007-10-21,2007,8,regular,New Mexico,Mountain West,San Diego State,Mountain West,20,17,FALSE,TRUE,Qualcomm Stadium,
2007-10-21,2007,8,regular,Auburn,SEC,LSU,SEC,24,30,FALSE,TRUE,Tiger Stadium (LA),
2007-10-21,2007,8,regular,Jacksonville,Pioneer,San Diego,Pioneer,23,62,FALSE,TRUE,Torero Stadium,
2007-10-21,2007,8,regular,Colorado State,Mountain West,UNLV,Mountain West,48,23,FALSE,TRUE,Sam Boyd Stadium,
2007-10-22,2007,8,regular,Southern Miss,Conference USA,Marshall,Conference USA,33,24,FALSE,TRUE,Joan C. Edwards Stadium,
2007-10-25,2007,9,regular,Boston College,ACC,Virginia Tech,ACC,14,10,FALSE,TRUE,Lane Stadium,
2007-10-25,2007,9,regular,Wofford,Southern,Western Carolina,Southern,47,44,FALSE,TRUE,E. J. Whitmire Stadium,
2007-10-26,2007,9,regular,Air Force,Mountain West,New Mexico,Mountain West,31,34,FALSE,TRUE,University Stadium (NM),
2007-10-26,2007,9,regular,Cornell,Ivy,Princeton,Ivy,31,34,FALSE,TRUE,Princeton University Stadium,
2007-10-27,2007,9,regular,Boise State,Western Athletic,Fresno State,Western Athletic,34,21,FALSE,TRUE,Valley Children's Stadium,
2007-10-27,2007,9,regular,Monmouth,NEC,Central Connecticut,NEC,51,36,FALSE,TRUE,Arute Field,
2007-10-27,2007,9,regular,Pittsburgh,Big East,Louisville,Big East,17,24,FALSE,TRUE,L&N Federal Credit Union Stadium,
2007-10-27,2007,9,regular,North Carolina,ACC,Wake Forest,ACC,10,37,FALSE,TRUE,Allegacy Federal Credit Union Stadium,
2007-10-27,2007,9,regular,Rhode Island,CAA,New Hampshire,CAA,36,49,FALSE,TRUE,Wildcat Stadium,
2007-10-27,2007,9,regular,West Virginia,Big East,Rutgers,Big East,31,3,FALSE,TRUE,High Point Solutions Stadium,
2007-10-27,2007,9,regular,Richmond,CAA,James Madison,CAA,17,16,FALSE,TRUE,Bridgeforth Stadium,
2007-10-27,2007,9,regular,Indiana,Big Ten,Wisconsin,Big Ten,3,33,FALSE,TRUE,Camp Randall Stadium,
2007-10-27,2007,9,regular,The Citadel,Southern,Georgia Southern,Southern,17,21,FALSE,TRUE,Allen E. Paulson Stadium,
2007-10-27,2007,9,regular,Ball State,Mid-American,Illinois,Big Ten,17,28,FALSE,FALSE,"Memorial Stadium (Champaign, IL)",
2007-10-27,2007,9,regular,Michigan State,Big Ten,Iowa,Big Ten,27,34,FALSE,TRUE,Kinnick Stadium,
2007-10-27,2007,9,regular,Northwestern,Big Ten,Purdue,Big Ten,17,35,FALSE,TRUE,Ross-Ade Stadium,
2007-10-27,2007,9,regular,Colorado,Big 12,Texas Tech,Big 12,31,26,FALSE,TRUE,Jones AT&T Stadium,
2007-10-27,2007,9,regular,Mississippi State,SEC,Kentucky,SEC,31,14,FALSE,TRUE,Kroger Field,
2007-10-27,2007,9,regular,Dartmouth,Ivy,Harvard,Ivy,21,28,FALSE,TRUE,Harvard Stadium,
2007-10-27,2007,9,regular,Yale,Ivy,Columbia,Ivy,28,7,FALSE,TRUE,Lawrence A. Wien Stadium,
2007-10-27,2007,9,regular,Pennsylvania,Ivy,Brown,Ivy,17,31,FALSE,TRUE,Brown Stadium,
2007-10-27,2007,9,regular,Eastern Kentucky,OVC,Murray State,OVC,46,35,FALSE,TRUE,Roy Stewart Stadium,
2007-10-27,2007,9,regular,Duquesne,Metro Atlantic Athletic,Iona,Metro Atlantic Athletic,23,28,TRUE,TRUE,,
2007-10-27,2007,9,regular,Colgate,Patriot,Lafayette,Patriot,36,27,FALSE,TRUE,Fisher Field,
2007-10-27,2007,9,regular,Holy Cross,Patriot,Bucknell,Patriot,45,21,FALSE,TRUE,Christy Mathewson-Memorial Stadium,
2007-10-27,2007,9,regular,Akron,Mid-American,Buffalo,Mid-American,10,26,FALSE,TRUE,UB Stadium,
2007-10-27,2007,9,regular,Davidson,Pioneer,Butler,Pioneer,44,32,FALSE,TRUE,Butler Bowl,
2007-10-27,2007,9,regular,San Diego,Pioneer,Dayton,Pioneer,16,35,FALSE,TRUE,Welcome Stadium,
2007-10-27,2007,9,regular,Central Michigan,Mid-American,Kent State,Mid-American,41,32,FALSE,TRUE,Dix Stadium,
2007-10-27,2007,9,regular,Georgetown,Patriot,Lehigh,Patriot,0,45,FALSE,TRUE,Goodman Stadium,
2007-10-27,2007,9,regular,Presbyterian,FCS Independents,Liberty,Big South,14,48,FALSE,FALSE,Williams Stadium (VA),
2007-10-27,2007,9,regular,Delaware,CAA,Navy,FBS Independents,59,52,FALSE,FALSE,Navy-Marine Corps Memorial Stadium,
2007-10-27,2007,9,regular,Howard,MEAC,Norfolk State,MEAC,17,10,FALSE,TRUE,"William Dick"""" Price Stadium""""",
2007-10-27,2007,9,regular,St. Francis (PA),NEC,Sacred Heart,NEC,35,30,FALSE,TRUE,Campus Field,
2007-10-27,2007,9,regular,Southeast Missouri State,OVC,UT Martin,OVC,20,55,FALSE,TRUE,Graham Stadium,
2007-10-27,2007,9,regular,UAlbany,NEC,Wagner,NEC,24,10,FALSE,TRUE,Wagner College Stadium,
2007-10-27,2007,9,regular,Massachusetts,CAA,William & Mary,CAA,48,34,FALSE,TRUE,Zable Stadium,
2007-10-27,2007,9,regular,Chattanooga,Southern,Elon,Southern,28,38,FALSE,TRUE,Rhodes Stadium,
2007-10-27,2007,9,regular,Bethune-Cookman,MEAC,North Carolina A&T,MEAC,24,20,TRUE,TRUE,Aggie Memorial Stadium,
2007-10-27,2007,9,regular,Delaware State,MEAC,South Carolina State,MEAC,17,16,FALSE,TRUE,Oliver C. Dawson Stadium,
2007-10-27,2007,9,regular,Florida International,Sun Belt,Arkansas,SEC,10,58,FALSE,FALSE,Razorback Stadium,
2007-10-27,2007,9,regular,Maine,CAA,Northeastern,CAA,20,14,TRUE,TRUE,,
2007-10-27,2007,9,regular,Iowa State,Big 12,Missouri,Big 12,28,42,FALSE,TRUE,Memorial Stadium,
2007-10-27,2007,9,regular,Miami (OH),Mid-American,Vanderbilt,SEC,13,24,FALSE,FALSE,FirstBank Stadium,
2007-10-27,2007,9,regular,Jacksonville,Pioneer,Drake,Pioneer,14,42,FALSE,TRUE,Drake Stadium,
2007-10-27,2007,9,regular,Southern Utah,Great West,North Dakota State,Great West,17,52,FALSE,TRUE,Fargodome,
2007-10-27,2007,9,regular,Edward Waters,,Savannah St,FCS Independents,24,7,FALSE,FALSE,Ted Wright Stadium,
2007-10-27,2007,9,regular,Morehead State,Pioneer,Valparaiso,Pioneer,16,14,FALSE,TRUE,Brown Field,
2007-10-27,2007,9,regular,UNLV,Mountain West,Wyoming,Mountain West,24,29,FALSE,TRUE,,
2007-10-27,2007,9,regular,Montana State,Big Sky,Northern Colorado,Big Sky,13,16,FALSE,TRUE,Nottingham Field,
2007-10-27,2007,9,regular,Western Illinois,MVFC,Illinois State,MVFC,27,14,FALSE,TRUE,Hancock Stadium,
2007-10-27,2007,9,regular,Indiana State,MVFC,Missouri State,MVFC,7,63,FALSE,TRUE,Plaster Sports Complex,
2007-10-27,2007,9,regular,Samford,OVC,Tennessee Tech,OVC,59,52,FALSE,TRUE,Tucker Stadium,
2007-10-27,2007,9,regular,SMU,Conference USA,Tulsa,Conference USA,23,29,FALSE,TRUE,,
2007-10-27,2007,9,regular,App State,Southern,Furman,Southern,34,27,FALSE,TRUE,Paladin Stadium,
2007-10-27,2007,9,regular,Louisiana Tech,Western Athletic,Utah State,Western Athletic,31,21,FALSE,TRUE,Maverik Stadium,
2007-10-27,2007,9,regular,Assumption,,La Salle,Metro Atlantic Athletic,10,7,TRUE,FALSE,,
2007-10-27,2007,9,regular,Texas State,Southland,Northwestern State,Southland,20,17,FALSE,TRUE,Harry Turpin Stadium,
2007-10-27,2007,9,regular,USC,Pac-10,Oregon,Pac-10,17,24,FALSE,TRUE,Autzen Stadium,
2007-10-27,2007,9,regular,Mississippi Valley State,SWAC,Prairie View A&M,SWAC,21,26,TRUE,TRUE,Blackshear Stadium,
2007-10-27,2007,9,regular,Sam Houston,Southland,Stephen F. Austin,Southland,45,17,FALSE,TRUE,Homer Bryce Stadium,
2007-10-27,2007,9,regular,Memphis,Conference USA,Tulane,Conference USA,28,27,FALSE,TRUE,Caesars Superdome,
2007-10-27,2007,9,regular,Texas Southern,SWAC,Grambling,SWAC,9,57,FALSE,TRUE,Eddie Robinson Stadium,
2007-10-27,2007,9,regular,Arizona,Pac-10,Washington,Pac-10,48,41,FALSE,TRUE,Husky Stadium,
2007-10-27,2007,9,regular,South Florida,Big East,UConn,Big East,15,22,FALSE,TRUE,Pratt & Whitney Stadium,
2007-10-27,2007,9,regular,Georgia,SEC,Florida,SEC,42,30,FALSE,TRUE,,
2007-10-27,2007,9,regular,Clemson,ACC,Maryland,ACC,30,17,FALSE,TRUE,SECU Stadium,
2007-10-27,2007,9,regular,Minnesota,Big Ten,Michigan,Big Ten,10,34,FALSE,TRUE,Michigan Stadium,
2007-10-27,2007,9,regular,UAB,Conference USA,East Carolina,Conference USA,6,41,FALSE,TRUE,Dowdy-Ficklen Stadium,
2007-10-27,2007,9,regular,Hofstra,CAA,Villanova,CAA,31,35,FALSE,TRUE,Villanova Stadium,
2007-10-27,2007,9,regular,Nebraska,Big 12,Texas,Big 12,25,28,FALSE,TRUE,DKR-Texas Memorial Stadium,
2007-10-27,2007,9,regular,Alabama State,SWAC,Alabama A&M,SWAC,9,13,TRUE,TRUE,Legion Field,
2007-10-27,2007,9,regular,Baylor,Big 12,Kansas State,Big 12,13,51,FALSE,TRUE,Bill Snyder Family Stadium,
2007-10-27,2007,9,regular,Western Michigan,Mid-American,Eastern Michigan,Mid-American,2,19,FALSE,TRUE,Rynearson Stadium,
2007-10-27,2007,9,regular,UL Monroe,Sun Belt,Florida Atlantic,Sun Belt,33,30,FALSE,TRUE,,
2007-10-27,2007,9,regular,Arkansas-Pine Bluff,SWAC,Jackson State,SWAC,6,17,FALSE,TRUE,Mississippi Veterans Memorial Stadium,
2007-10-27,2007,9,regular,Florida A&M,MEAC,Morgan State,MEAC,12,14,FALSE,TRUE,Hughes Stadium,
2007-10-27,2007,9,regular,Idaho,Western Athletic,Nevada,Western Athletic,21,37,FALSE,TRUE,Mackay Stadium,
2007-10-27,2007,9,regular,Bryant,FCS Independents,Stony Brook,FCS Independents,0,30,FALSE,TRUE,Kenneth P. LaValle Stadium,
2007-10-27,2007,9,regular,Youngstown State,MVFC,Northern Iowa,MVFC,13,14,FALSE,TRUE,UNI-Dome,
2007-10-27,2007,9,regular,Virginia,ACC,NC State,ACC,24,29,FALSE,TRUE,Carter-Finley Stadium,
2007-10-27,2007,9,regular,Rice,Conference USA,Marshall,Conference USA,21,34,FALSE,TRUE,Joan C. Edwards Stadium,
2007-10-27,2007,9,regular,South Dakota State,Great West,UC Davis,Great West,28,21,FALSE,TRUE,Aggie Stadium,
2007-10-27,2007,9,regular,Eastern Illinois,OVC,Tennessee State,OVC,38,35,FALSE,TRUE,Nissan Stadium,
2007-10-27,2007,9,regular,Eastern Washington,Big Sky,Sacramento State,Big Sky,38,30,FALSE,TRUE,Hornet Stadium,
2007-10-27,2007,9,regular,Cal Poly,Great West,Idaho State,Big Sky,48,28,FALSE,FALSE,Holt Arena,
2007-10-27,2007,9,regular,Utah,Mountain West,Colorado State,Mountain West,27,3,FALSE,TRUE,Sonny Lubick Field at Hughes Stadium,
2007-10-27,2007,9,regular,Weber State,Big Sky,Portland State,Big Sky,73,68,TRUE,TRUE,,
2007-10-27,2007,9,regular,Ole Miss,SEC,Auburn,SEC,3,17,FALSE,TRUE,Jordan-Hare Stadium,
2007-10-27,2007,9,regular,Ohio,Mid-American,Bowling Green,Mid-American,38,27,FALSE,TRUE,Doyt L. Perry Stadium,
2007-10-27,2007,9,regular,Hampton,MEAC,Winston-Salem,MEAC,19,20,FALSE,TRUE,Bowman Gray Stadium,
2007-10-27,2007,9,regular,Montana,Big Sky,Northern Arizona,Big Sky,21,16,FALSE,TRUE,Walkup Skydome,
2007-10-27,2007,9,regular,UCLA,Pac-10,Washington State,Pac-10,7,27,FALSE,TRUE,Gesa Field,
2007-10-27,2007,9,regular,Charleston Southern,Big South,Gardner-Webb,Big South,25,29,FALSE,TRUE,Ernest W. Spangler Stadium,
2007-10-27,2007,9,regular,Stanford,Pac-10,Oregon State,Pac-10,6,23,FALSE,TRUE,Reser Stadium,
2007-10-27,2007,9,regular,North Carolina Central,FCS Independents,Western Kentucky,FBS Independents,14,50,FALSE,FALSE,Houchens Industries-L.T. Smith Stadium,
2007-10-27,2007,9,regular,Kansas,Big 12,Texas A&M,Big 12,19,11,FALSE,TRUE,Kyle Field,
2007-10-27,2007,9,regular,Middle Tennessee,Sun Belt,North Texas,Sun Belt,48,28,FALSE,TRUE,,
2007-10-27,2007,9,regular,VMI,Big South,Coastal Carolina,Big South,35,42,FALSE,TRUE,Brooks Stadium (SC),
2007-10-27,2007,9,regular,Troy,Sun Belt,Arkansas State,Sun Belt,27,0,FALSE,TRUE,,
2007-10-27,2007,9,regular,Nicholls,Southland,Central Arkansas,Southland,42,49,FALSE,TRUE,Estes Stadium,
2007-10-27,2007,9,regular,Fordham,Patriot,Marist,Metro Atlantic Athletic,33,0,FALSE,FALSE,Leonidoff Field,
2007-10-27,2007,9,regular,Northern Illinois,Mid-American,Toledo,Mid-American,21,70,FALSE,TRUE,Glass Bowl,
2007-10-27,2007,9,regular,South Carolina,SEC,Tennessee,SEC,24,27,FALSE,TRUE,Neyland Stadium,
2007-10-28,2007,9,regular,Duke,ACC,Florida State,ACC,6,25,FALSE,TRUE,Doak Campbell Stadium,
2007-10-28,2007,9,regular,Ohio State,Big Ten,Penn State,Big Ten,37,17,FALSE,TRUE,Beaver Stadium,
2007-10-28,2007,9,regular,SE Louisiana,Southland,McNeese,Southland,17,45,FALSE,TRUE,Cowboy Stadium,
2007-10-28,2007,9,regular,Houston,Conference USA,UTEP,Conference USA,34,31,FALSE,TRUE,Sun Bowl,
2007-10-28,2007,9,regular,California,Pac-10,Arizona State,Pac-10,20,31,FALSE,TRUE,Mountain America Stadium,
2007-10-28,2007,9,regular,New Mexico State,Western Athletic,Hawai'i,Western Athletic,13,50,FALSE,TRUE,Aloha Stadium,
2007-10-29,2007,9,regular,UCF,Conference USA,Southern Miss,Conference USA,34,17,FALSE,TRUE,M. M. Roberts Stadium,
2007-11-01,2007,10,regular,Virginia Tech,ACC,Georgia Tech,ACC,27,3,FALSE,TRUE,Bobby Dodd Stadium,
2007-11-02,2007,10,regular,Temple,Mid-American,Ohio,Mid-American,7,23,FALSE,TRUE,Peden Stadium,
2007-11-02,2007,10,regular,Akron,Mid-American,Bowling Green,Mid-American,20,44,FALSE,TRUE,Doyt L. Perry Stadium,
2007-11-03,2007,10,regular,Nevada,Western Athletic,New Mexico State,Western Athletic,40,38,FALSE,TRUE,Aggie Memorial Stadium,
2007-11-03,2007,10,regular,James Madison,CAA,Delaware,CAA,34,37,TRUE,TRUE,,
2007-11-03,2007,10,regular,Iowa,Big Ten,Northwestern,Big Ten,28,17,FALSE,TRUE,Ryan Field,
2007-11-03,2007,10,regular,Ball State,Mid-American,Indiana,Big Ten,20,38,FALSE,FALSE,"Memorial Stadium (Bloomington, IN)",
2007-11-03,2007,10,regular,Clemson,ACC,Duke,ACC,47,10,FALSE,TRUE,Wallace Wade Stadium,
2007-11-03,2007,10,regular,Northeastern,CAA,New Hampshire,CAA,31,13,FALSE,TRUE,Wildcat Stadium,
2007-11-03,2007,10,regular,Wisconsin,Big Ten,Ohio State,Big Ten,17,38,FALSE,TRUE,Ohio Stadium,
2007-11-03,2007,10,regular,Purdue,Big Ten,Penn State,Big Ten,19,26,FALSE,TRUE,Beaver Stadium,
2007-11-03,2007,10,regular,Princeton,Ivy,Pennsylvania,Ivy,0,7,FALSE,TRUE,Franklin Field,
2007-11-03,2007,10,regular,Syracuse,Big East,Pittsburgh,Big East,17,20,FALSE,TRUE,Acrisure Stadium,
2007-11-03,2007,10,regular,Massachusetts,CAA,Rhode Island,CAA,6,12,FALSE,TRUE,Meade Stadium,
2007-11-03,2007,10,regular,Wake Forest,ACC,Virginia,ACC,16,17,FALSE,TRUE,Scott Stadium,
2007-11-03,2007,10,regular,Youngstown State,MVFC,Indiana State,MVFC,40,7,FALSE,TRUE,Memorial Stadium,
2007-11-03,2007,10,regular,Valparaiso,Pioneer,Jacksonville,Pioneer,29,27,TRUE,TRUE,D. B. Milne Field,
2007-11-03,2007,10,regular,Towson,CAA,Maine,CAA,13,16,FALSE,TRUE,Alfond Stadium,
2007-11-03,2007,10,regular,NC State,ACC,Miami,ACC,19,16,FALSE,TRUE,,
2007-11-03,2007,10,regular,Iona,Metro Atlantic Athletic,Pace,,34,3,TRUE,FALSE,,
2007-11-03,2007,10,regular,Cornell,Ivy,Dartmouth,Ivy,31,59,FALSE,TRUE,Memorial Field,
2007-11-03,2007,10,regular,Brown,Ivy,Yale,Ivy,7,17,FALSE,TRUE,Yale Bowl,
2007-11-03,2007,10,regular,Vanderbilt,SEC,Florida,SEC,22,49,FALSE,TRUE,Ben Hill Griffin Stadium,
2007-11-03,2007,10,regular,Kansas State,Big 12,Iowa State,Big 12,20,31,FALSE,TRUE,Jack Trice Stadium,
2007-11-03,2007,10,regular,Harvard,Ivy,Columbia,Ivy,27,12,FALSE,TRUE,Lawrence A. Wien Stadium,
2007-11-03,2007,10,regular,Lehigh,Patriot,Colgate,Patriot,7,21,FALSE,TRUE,Andy Kerr Stadium,
2007-11-03,2007,10,regular,Nebraska,Big 12,Kansas,Big 12,39,76,FALSE,TRUE,Memorial Stadium,
2007-11-03,2007,10,regular,South Carolina State,MEAC,Howard,MEAC,59,21,FALSE,TRUE,William H. Greene Stadium,
2007-11-03,2007,10,regular,Troy,Sun Belt,Georgia,SEC,34,44,FALSE,FALSE,Sanford Stadium,
2007-11-03,2007,10,regular,Bucknell,Patriot,Lafayette,Patriot,7,34,FALSE,TRUE,Fisher Field,
2007-11-03,2007,10,regular,Robert Morris,NEC,UAlbany,NEC,17,45,TRUE,TRUE,University Field (NY),
2007-11-03,2007,10,regular,Butler,Pioneer,Dayton,Pioneer,0,61,FALSE,TRUE,Welcome Stadium,
2007-11-03,2007,10,regular,Holy Cross,Patriot,Fordham,Patriot,21,24,TRUE,TRUE,Coffey Field,
2007-11-03,2007,10,regular,William & Mary,CAA,Hofstra,CAA,14,38,TRUE,TRUE,,
2007-11-03,2007,10,regular,Georgetown,Patriot,Marist,Metro Atlantic Athletic,34,37,FALSE,FALSE,Leonidoff Field,
2007-11-03,2007,10,regular,Drake,Pioneer,Morehead State,Pioneer,0,33,FALSE,TRUE,Jayne Stadium,
2007-11-03,2007,10,regular,Monmouth,NEC,St. Francis (PA),NEC,47,17,TRUE,TRUE,,
2007-11-03,2007,10,regular,Southern,SWAC,Texas Southern,SWAC,56,7,TRUE,TRUE,Robertson Stadium,
2007-11-03,2007,10,regular,Charleston Southern,Big South,VMI,Big South,37,28,FALSE,TRUE,Alumni Memorial Field,
2007-11-03,2007,10,regular,La Salle,Metro Atlantic Athletic,Wagner,NEC,0,28,FALSE,FALSE,Wagner College Stadium,
2007-11-03,2007,10,regular,Savannah St,FCS Independents,Gardner-Webb,Big South,0,66,FALSE,FALSE,Ernest W. Spangler Stadium,
2007-11-03,2007,10,regular,Chowan,,Presbyterian,FCS Independents,10,62,FALSE,FALSE,Bailey Memorial Stadium,
2007-11-03,2007,10,regular,Georgia Southern,Southern,Wofford,Southern,38,35,FALSE,TRUE,Gibbs Stadium,
2007-11-03,2007,10,regular,Northwestern State,Southland,Ole Miss,SEC,31,38,FALSE,FALSE,Vaught-Hemingway Stadium,
2007-11-03,2007,10,regular,Elon,Southern,Furman,Southern,49,52,FALSE,TRUE,Paladin Stadium,
2007-11-03,2007,10,regular,East Carolina,Conference USA,Memphis,Conference USA,56,40,FALSE,TRUE,Simmons Bank Liberty Stadium,
2007-11-03,2007,10,regular,Western Kentucky,FBS Independents,Chattanooga,Southern,28,21,FALSE,FALSE,Finley Stadium,
2007-11-03,2007,10,regular,Colorado State,Mountain West,BYU,Mountain West,16,35,FALSE,TRUE,LaVell Edwards Stadium,
2007-11-03,2007,10,regular,Grambling,SWAC,Alabama State,SWAC,21,7,TRUE,TRUE,Cramton Bowl,
2007-11-03,2007,10,regular,Jacksonville State,OVC,Samford,OVC,24,12,FALSE,TRUE,Seibert Stadium,
2007-11-03,2007,10,regular,Austin Peay,OVC,Southeast Missouri State,OVC,34,31,TRUE,TRUE,Houck Stadium,
2007-11-03,2007,10,regular,Northern Iowa,MVFC,Missouri State,MVFC,38,17,FALSE,TRUE,Plaster Sports Complex,
2007-11-03,2007,10,regular,App State,Southern,The Citadel,Southern,45,24,FALSE,TRUE,Johnson Hagood Stadium,
2007-11-03,2007,10,regular,Delaware State,MEAC,Winston-Salem,MEAC,23,20,FALSE,TRUE,Bowman Gray Stadium,
2007-11-03,2007,10,regular,Portland State,Big Sky,Montana,Big Sky,31,34,FALSE,TRUE,Washington-Grizzly Stadium,
2007-11-03,2007,10,regular,Southern Illinois,MVFC,Western Illinois,MVFC,10,9,FALSE,TRUE,Hanson Field,
2007-11-03,2007,10,regular,Northern Arizona,Big Sky,Montana State,Big Sky,29,14,FALSE,TRUE,Bobcat Stadium,
2007-11-03,2007,10,regular,Tennessee Tech,OVC,Auburn,SEC,3,35,FALSE,FALSE,Jordan-Hare Stadium,
2007-11-03,2007,10,regular,Navy,FBS Independents,Notre Dame,FBS Independents,46,44,FALSE,FALSE,Notre Dame Stadium,
2007-11-03,2007,10,regular,Jackson State,SWAC,Alabama A&M,SWAC,43,40,FALSE,TRUE,Louis Crews Stadium,
2007-11-03,2007,10,regular,North Carolina A&T,MEAC,Florida A&M,MEAC,21,24,FALSE,TRUE,Bragg Memorial Stadium,
2007-11-03,2007,10,regular,San José State,Western Athletic,Boise State,Western Athletic,7,42,FALSE,TRUE,Albertsons Stadium,
2007-11-03,2007,10,regular,Buffalo,Mid-American,Miami (OH),Mid-American,28,31,FALSE,TRUE,Yager Stadium,
2007-11-03,2007,10,regular,Texas Tech,Big 12,Baylor,Big 12,38,7,FALSE,TRUE,Floyd Casey Stadium,
2007-11-03,2007,10,regular,UTEP,Conference USA,Rice,Conference USA,48,56,FALSE,TRUE,Rice Stadium,
2007-11-03,2007,10,regular,Cal Poly,Great West,Southern Utah,Great West,28,21,FALSE,TRUE,Eccles Coliseum,
2007-11-03,2007,10,regular,Mississippi Valley State,SWAC,Alcorn State,SWAC,14,17,FALSE,TRUE,Jack Spinks Stadium,
2007-11-03,2007,10,regular,Florida International,Sun Belt,Arkansas State,Sun Belt,24,27,FALSE,TRUE,,
2007-11-03,2007,10,regular,UCLA,Pac-10,Arizona,Pac-10,27,34,FALSE,TRUE,Arizona Stadium,
2007-11-03,2007,10,regular,Cincinnati,Big East,South Florida,Big East,38,33,FALSE,TRUE,Raymond James Stadium,
2007-11-03,2007,10,regular,Michigan,Big Ten,Michigan State,Big Ten,28,24,FALSE,TRUE,Spartan Stadium,
2007-11-03,2007,10,regular,Texas,Big 12,Oklahoma State,Big 12,38,35,FALSE,TRUE,Boone Pickens Stadium,
2007-11-03,2007,10,regular,Villanova,CAA,Richmond,CAA,27,35,TRUE,TRUE,,
2007-11-03,2007,10,regular,Army,FBS Independents,Air Force,Mountain West,10,30,FALSE,FALSE,Falcon Stadium,
2007-11-03,2007,10,regular,Prairie View A&M,SWAC,Arkansas-Pine Bluff,SWAC,19,21,FALSE,TRUE,Golden Lion Stadium,
2007-11-03,2007,10,regular,Marshall,Conference USA,UCF,Conference USA,13,47,FALSE,TRUE,,
2007-11-03,2007,10,regular,Idaho State,Big Sky,Weber State,Big Sky,37,52,FALSE,TRUE,Stewart Stadium,
2007-11-03,2007,10,regular,Maryland,ACC,North Carolina,ACC,13,16,FALSE,TRUE,Kenan Stadium,
2007-11-03,2007,10,regular,Coastal Carolina,Big South,Liberty,Big South,24,37,FALSE,TRUE,Williams Stadium (VA),
2007-11-03,2007,10,regular,Hampton,MEAC,Bethune-Cookman,MEAC,31,24,FALSE,TRUE,Municipal Stadium,
2007-11-03,2007,10,regular,Norfolk State,MEAC,Morgan State,MEAC,24,16,FALSE,TRUE,Hughes Stadium,
2007-11-03,2007,10,regular,Louisiana,Sun Belt,Tennessee,SEC,7,59,FALSE,FALSE,Neyland Stadium,
2007-11-03,2007,10,regular,Louisiana Tech,Western Athletic,Idaho,Western Athletic,28,16,FALSE,TRUE,Kibbie Dome,
2007-11-03,2007,10,regular,Utah State,Western Athletic,Fresno State,Western Athletic,27,38,FALSE,TRUE,Valley Children's Stadium,
2007-11-03,2007,10,regular,Davidson,Pioneer,San Diego,Pioneer,49,52,FALSE,TRUE,Torero Stadium,
2007-11-03,2007,10,regular,LSU,SEC,Alabama,SEC,41,34,FALSE,TRUE,Bryant-Denny Stadium,
2007-11-03,2007,10,regular,Sacred Heart,NEC,Central Connecticut,NEC,33,49,FALSE,TRUE,Arute Field,
2007-11-03,2007,10,regular,UC Davis,Great West,Sacramento State,Big Sky,31,26,FALSE,FALSE,Hornet Stadium,
2007-11-03,2007,10,regular,Northern Colorado,Big Sky,Eastern Washington,Big Sky,7,17,FALSE,TRUE,Roos Field,
2007-11-03,2007,10,regular,Illinois State,MVFC,North Dakota State,Great West,28,54,FALSE,FALSE,Fargodome,
2007-11-03,2007,10,regular,New Mexico,Mountain West,TCU,Mountain West,0,37,FALSE,TRUE,Amon G. Carter Stadium,
2007-11-03,2007,10,regular,Murray State,OVC,Tennessee State,OVC,28,42,FALSE,TRUE,Nissan Stadium,
2007-11-03,2007,10,regular,Washington,Pac-10,Stanford,Pac-10,27,9,FALSE,TRUE,Stanford Stadium,
2007-11-03,2007,10,regular,Missouri,Big 12,Colorado,Big 12,55,10,FALSE,TRUE,Folsom Field,
2007-11-03,2007,10,regular,Arizona State,Pac-10,Oregon,Pac-10,23,35,FALSE,TRUE,Autzen Stadium,
2007-11-03,2007,10,regular,Southern Miss,Conference USA,UAB,Conference USA,37,7,FALSE,TRUE,Legion Field,
2007-11-03,2007,10,regular,South Dakota State,Great West,Central Arkansas,Southland,38,10,FALSE,FALSE,Estes Stadium,
2007-11-03,2007,10,regular,Middle Tennessee,Sun Belt,UL Monroe,Sun Belt,43,40,FALSE,TRUE,Malone Stadium,
2007-11-03,2007,10,regular,Eastern Michigan,Mid-American,Toledo,Mid-American,28,52,FALSE,TRUE,Glass Bowl,
2007-11-03,2007,10,regular,Rutgers,Big East,UConn,Big East,19,38,FALSE,TRUE,Pratt & Whitney Stadium,
2007-11-03,2007,10,regular,Tulsa,Conference USA,Tulane,Conference USA,49,25,FALSE,TRUE,Caesars Superdome,
2007-11-04,2007,10,regular,South Carolina,SEC,Arkansas,SEC,36,48,FALSE,TRUE,Razorback Stadium,
2007-11-04,2007,10,regular,Oregon State,Pac-10,USC,Pac-10,3,24,FALSE,TRUE,Los Angeles Memorial Coliseum,
2007-11-04,2007,10,regular,Florida State,ACC,Boston College,ACC,27,17,FALSE,TRUE,"Alumni Stadium (Chestnut Hill, MA)",
2007-11-04,2007,10,regular,Illinois,Big Ten,Minnesota,Big Ten,44,17,FALSE,TRUE,,
2007-11-04,2007,10,regular,Texas A&M,Big 12,Oklahoma,Big 12,14,42,FALSE,TRUE,"Memorial Stadium (Norman, OK)",
2007-11-04,2007,10,regular,Wyoming,Mountain West,San Diego State,Mountain West,24,27,FALSE,TRUE,Qualcomm Stadium,
2007-11-04,2007,10,regular,Washington State,Pac-10,California,Pac-10,17,20,FALSE,TRUE,California Memorial Stadium,
2007-11-05,2007,10,regular,SMU,Conference USA,Houston,Conference USA,28,38,FALSE,TRUE,Robertson Stadium,
2007-11-07,2007,11,regular,Central Michigan,Mid-American,Western Michigan,Mid-American,34,31,FALSE,TRUE,Waldo Stadium,
2007-11-08,2007,11,regular,Ohio,Mid-American,Akron,Mid-American,37,48,FALSE,TRUE,,
2007-11-08,2007,11,regular,Tennessee State,OVC,Samford,OVC,38,28,FALSE,TRUE,Seibert Stadium,
2007-11-09,2007,11,regular,Louisville,Big East,West Virginia,Big East,31,38,FALSE,TRUE,Milan Puskar Stadium,
2007-11-09,2007,11,regular,TCU,Mountain West,BYU,Mountain West,22,27,FALSE,TRUE,LaVell Edwards Stadium,
2007-11-10,2007,11,regular,Bowling Green,Mid-American,Eastern Michigan,Mid-American,39,32,FALSE,TRUE,Rynearson Stadium,
2007-11-10,2007,11,regular,Rutgers,Big East,Army,FBS Independents,41,6,FALSE,FALSE,Michie Stadium,
2007-11-10,2007,11,regular,Indiana,Big Ten,Northwestern,Big Ten,28,31,FALSE,TRUE,Ryan Field,
2007-11-10,2007,11,regular,Lafayette,Patriot,Holy Cross,Patriot,31,21,FALSE,TRUE,Fitton Field,
2007-11-10,2007,11,regular,Hofstra,CAA,Northeastern,CAA,31,35,TRUE,TRUE,,
2007-11-10,2007,11,regular,New Hampshire,CAA,Massachusetts,CAA,7,27,TRUE,TRUE,,
2007-11-10,2007,11,regular,Villanova,CAA,Towson,CAA,14,12,FALSE,TRUE,Johnny Unitas Stadium,
2007-11-10,2007,11,regular,North Carolina,ACC,NC State,ACC,27,31,FALSE,TRUE,Carter-Finley Stadium,
2007-11-10,2007,11,regular,South Florida,Big East,Syracuse,Big East,41,10,FALSE,TRUE,JMA Wireless Dome,
2007-11-10,2007,11,regular,Penn State,Big Ten,Temple,Mid-American,31,0,FALSE,FALSE,Lincoln Financial Field,
2007-11-10,2007,11,regular,Wake Forest,ACC,Clemson,ACC,10,44,FALSE,TRUE,"Memorial Stadium (Clemson, SC)",
2007-11-10,2007,11,regular,Michigan,Big Ten,Wisconsin,Big Ten,21,37,FALSE,TRUE,Camp Randall Stadium,
2007-11-10,2007,11,regular,Butler,Pioneer,Jacksonville,Pioneer,16,24,TRUE,TRUE,D. B. Milne Field,
2007-11-10,2007,11,regular,Rhode Island,CAA,Maine,CAA,0,35,FALSE,TRUE,Alfond Stadium,
2007-11-10,2007,11,regular,Valparaiso,Pioneer,Davidson,Pioneer,6,44,FALSE,TRUE,Richardson Stadium,
2007-11-10,2007,11,regular,Norfolk State,MEAC,Delaware State,MEAC,21,28,FALSE,TRUE,Alumni Stadium,
2007-11-10,2007,11,regular,Michigan State,Big Ten,Purdue,Big Ten,48,31,FALSE,TRUE,Ross-Ade Stadium,
2007-11-10,2007,11,regular,Minnesota,Big Ten,Iowa,Big Ten,16,21,FALSE,TRUE,Kinnick Stadium,
2007-11-10,2007,11,regular,Colgate,Patriot,Georgetown,Patriot,45,12,FALSE,TRUE,Cooper Field,
2007-11-10,2007,11,regular,Colorado,Big 12,Iowa State,Big 12,28,31,FALSE,TRUE,Jack Trice Stadium,
2007-11-10,2007,11,regular,Pennsylvania,Ivy,Harvard,Ivy,7,23,FALSE,TRUE,Harvard Stadium,
2007-11-10,2007,11,regular,Kansas State,Big 12,Nebraska,Big 12,31,73,FALSE,TRUE,"Memorial Stadium (Lincoln, NE)",
2007-11-10,2007,11,regular,Dartmouth,Ivy,Brown,Ivy,35,56,FALSE,TRUE,Brown Stadium,
2007-11-10,2007,11,regular,Alabama,SEC,Mississippi State,SEC,12,17,FALSE,TRUE,Davis Wade Stadium,
2007-11-10,2007,11,regular,Arkansas,SEC,Tennessee,SEC,13,34,FALSE,TRUE,Neyland Stadium,
2007-11-10,2007,11,regular,Texas A&M,Big 12,Missouri,Big 12,26,40,FALSE,TRUE,Memorial Stadium,
2007-11-10,2007,11,regular,Bethune-Cookman,MEAC,Howard,MEAC,37,26,FALSE,TRUE,William H. Greene Stadium,
2007-11-10,2007,11,regular,Richmond,CAA,Delaware,CAA,62,56,TRUE,TRUE,,
2007-11-10,2007,11,regular,Eastern Illinois,OVC,Jacksonville State,OVC,37,23,FALSE,TRUE,AmFirst Stadium,
2007-11-10,2007,11,regular,Georgia Tech,ACC,Duke,ACC,41,24,FALSE,TRUE,Wallace Wade Stadium,
2007-11-10,2007,11,regular,Yale,Ivy,Princeton,Ivy,27,6,FALSE,TRUE,Princeton University Stadium,
2007-11-10,2007,11,regular,Columbia,Ivy,Cornell,Ivy,14,34,FALSE,TRUE,Schoellkopf Field,
2007-11-10,2007,11,regular,Marist,Metro Atlantic Athletic,Iona,Metro Atlantic Athletic,17,14,TRUE,TRUE,,
2007-11-10,2007,11,regular,Lehigh,Patriot,Bucknell,Patriot,38,10,FALSE,TRUE,Christy Mathewson-Memorial Stadium,
2007-11-10,2007,11,regular,La Salle,Metro Atlantic Athletic,Duquesne,Metro Atlantic Athletic,8,51,FALSE,TRUE,Arthur J. Rooney Athletic Field,
2007-11-10,2007,11,regular,Florida A&M,MEAC,Hampton,MEAC,15,30,FALSE,TRUE,Armstrong Stadium,
2007-11-10,2007,11,regular,VMI,Big South,Liberty,Big South,34,73,FALSE,TRUE,Williams Stadium (VA),
2007-11-10,2007,11,regular,UAlbany,NEC,Monmouth,NEC,21,3,TRUE,TRUE,,
2007-11-10,2007,11,regular,San Diego,Pioneer,Morehead State,Pioneer,27,14,FALSE,TRUE,Jayne Stadium,
2007-11-10,2007,11,regular,Sacred Heart,NEC,Robert Morris,NEC,31,41,FALSE,TRUE,Joe Walton Stadium,
2007-11-10,2007,11,regular,Central Connecticut,NEC,Stony Brook,FCS Independents,7,34,FALSE,FALSE,Kenneth P. LaValle Stadium,
2007-11-10,2007,11,regular,Murray State,OVC,UT Martin,OVC,34,76,FALSE,TRUE,Graham Stadium,
2007-11-10,2007,11,regular,Elon,Southern,The Citadel,Southern,31,42,FALSE,TRUE,Johnson Hagood Stadium,
2007-11-10,2007,11,regular,St. Francis (PA),NEC,Wagner,NEC,23,20,FALSE,TRUE,Wagner College Stadium,
2007-11-10,2007,11,regular,Western Illinois,MVFC,Youngstown State,MVFC,24,31,FALSE,TRUE,Stambaugh Stadium,
2007-11-10,2007,11,regular,Presbyterian,FCS Independents,Charleston Southern,Big South,24,28,FALSE,FALSE,Buccaneer Field,
2007-11-10,2007,11,regular,Morgan State,MEAC,South Carolina State,MEAC,21,28,FALSE,TRUE,Oliver C. Dawson Stadium,
2007-11-10,2007,11,regular,North Carolina Central,FCS Independents,Winston-Salem,MEAC,10,35,FALSE,FALSE,Bowman Gray Stadium,
2007-11-10,2007,11,regular,Wofford,Southern,Chattanooga,Southern,42,16,FALSE,TRUE,Finley Stadium,
2007-11-10,2007,11,regular,Kentucky,SEC,Vanderbilt,SEC,27,20,FALSE,TRUE,FirstBank Stadium,
2007-11-10,2007,11,regular,Eastern Kentucky,OVC,Austin Peay,OVC,28,14,FALSE,TRUE,Governors Stadium,
2007-11-10,2007,11,regular,Dayton,Pioneer,Drake,Pioneer,34,27,FALSE,TRUE,Drake Stadium,
2007-11-10,2007,11,regular,Jackson State,SWAC,Prairie View A&M,SWAC,27,30,TRUE,TRUE,Blackshear Stadium,
2007-11-10,2007,11,regular,Southern Utah,Great West,South Dakota State,Great West,27,52,TRUE,TRUE,,
2007-11-10,2007,11,regular,Southeast Missouri State,OVC,Missouri State,MVFC,17,55,FALSE,FALSE,Plaster Sports Complex,
2007-11-10,2007,11,regular,Sacramento State,Big Sky,Northern Colorado,Big Sky,20,17,FALSE,TRUE,Nottingham Field,
2007-11-10,2007,11,regular,Illinois State,MVFC,Southern Illinois,MVFC,24,34,TRUE,TRUE,,
2007-11-10,2007,11,regular,Air Force,Mountain West,Notre Dame,FBS Independents,41,24,FALSE,FALSE,Notre Dame Stadium,
2007-11-10,2007,11,regular,Colorado State,Mountain West,New Mexico,Mountain West,23,26,FALSE,TRUE,University Stadium (NM),
2007-11-10,2007,11,regular,Boise State,Western Athletic,Utah State,Western Athletic,52,0,FALSE,TRUE,Maverik Stadium,
2007-11-10,2007,11,regular,Alabama A&M,SWAC,Alcorn State,SWAC,24,20,FALSE,TRUE,Jack Spinks Stadium,
2007-11-10,2007,11,regular,Alabama State,SWAC,Mississippi Valley State,SWAC,20,16,TRUE,TRUE,,
2007-11-10,2007,11,regular,Texas State,Southland,Nicholls,Southland,28,52,FALSE,TRUE,Manning Field at John L. Guidry Stadium,
2007-11-10,2007,11,regular,Rice,Conference USA,SMU,Conference USA,43,42,FALSE,TRUE,Gerald J. Ford Stadium,
2007-11-10,2007,11,regular,Houston,Conference USA,Tulsa,Conference USA,7,56,FALSE,TRUE,,
2007-11-10,2007,11,regular,Fort Lewis,,Weber State,Big Sky,3,48,FALSE,FALSE,Stewart Stadium,
2007-11-10,2007,11,regular,Arizona State,Pac-10,UCLA,Pac-10,24,20,FALSE,TRUE,Rose Bowl,
2007-11-10,2007,11,regular,Auburn,SEC,Georgia,SEC,20,45,FALSE,TRUE,Sanford Stadium,
2007-11-10,2007,11,regular,Illinois,Big Ten,Ohio State,Big Ten,28,21,FALSE,TRUE,Ohio Stadium,
2007-11-10,2007,11,regular,Texas Tech,Big 12,Texas,Big 12,43,59,FALSE,TRUE,DKR-Texas Memorial Stadium,
2007-11-10,2007,11,regular,Wyoming,Mountain West,Utah,Mountain West,0,50,FALSE,TRUE,Rice-Eccles Stadium,
2007-11-10,2007,11,regular,Florida State,ACC,Virginia Tech,ACC,21,40,FALSE,TRUE,Lane Stadium,
2007-11-10,2007,11,regular,Furman,Southern,Georgia Southern,Southern,24,22,FALSE,TRUE,Allen E. Paulson Stadium,
2007-11-10,2007,11,regular,Western Carolina,Southern,App State,Southern,35,79,FALSE,TRUE,Kidd Brewer Stadium,
2007-11-10,2007,11,regular,UConn,Big East,Cincinnati,Big East,3,27,FALSE,TRUE,Nippert Stadium,
2007-11-10,2007,11,regular,Louisiana,Sun Belt,Middle Tennessee,Sun Belt,34,24,FALSE,TRUE,"Johnny ""Red"" Floyd Stadium",
2007-11-10,2007,11,regular,New Mexico State,Western Athletic,San José State,Western Athletic,17,51,FALSE,TRUE,CEFCU Stadium,
2007-11-10,2007,11,regular,Navy,FBS Independents,North Texas,Sun Belt,74,62,FALSE,FALSE,,
2007-11-10,2007,11,regular,Arkansas State,Sun Belt,Florida Atlantic,Sun Belt,31,34,FALSE,TRUE,,
2007-11-10,2007,11,regular,Kent State,Mid-American,Northern Illinois,Mid-American,20,27,FALSE,TRUE,Huskie Stadium,
2007-11-10,2007,11,regular,East Carolina,Conference USA,Marshall,Conference USA,7,26,FALSE,TRUE,Joan C. Edwards Stadium,
2007-11-10,2007,11,regular,Memphis,Conference USA,Southern Miss,Conference USA,29,26,FALSE,TRUE,M. M. Roberts Stadium,
2007-11-10,2007,11,regular,Montana State,Big Sky,Portland State,Big Sky,50,36,TRUE,TRUE,,
2007-11-10,2007,11,regular,Troy,Sun Belt,Western Kentucky,FBS Independents,21,17,FALSE,FALSE,Houchens Industries-L.T. Smith Stadium,
2007-11-10,2007,11,regular,Southern,SWAC,Arkansas-Pine Bluff,SWAC,21,23,FALSE,TRUE,Golden Lion Stadium,
2007-11-10,2007,11,regular,Grambling,SWAC,UL Monroe,Sun Belt,14,28,FALSE,FALSE,Malone Stadium,
2007-11-10,2007,11,regular,Montana,Big Sky,Idaho State,Big Sky,27,14,FALSE,TRUE,Holt Arena,
2007-11-10,2007,11,regular,Eastern Washington,Big Sky,Northern Arizona,Big Sky,52,24,FALSE,TRUE,Walkup Skydome,
2007-11-10,2007,11,regular,Indiana State,MVFC,Northern Iowa,MVFC,14,68,FALSE,TRUE,UNI-Dome,
2007-11-10,2007,11,regular,Baylor,Big 12,Oklahoma,Big 12,21,52,FALSE,TRUE,"Memorial Stadium (Norman, OK)",
2007-11-10,2007,11,regular,Stanford,Pac-10,Washington State,Pac-10,17,33,FALSE,TRUE,Gesa Field,
2007-11-11,2007,11,regular,Gardner-Webb,Big South,Coastal Carolina,Big South,14,17,FALSE,TRUE,Brooks Stadium (SC),
2007-11-11,2007,11,regular,Stephen F. Austin,Southland,Central Arkansas,Southland,23,35,FALSE,TRUE,Estes Stadium,
2007-11-11,2007,11,regular,Sam Houston,Southland,SE Louisiana,Southland,20,16,FALSE,TRUE,Strawberry Stadium,
2007-11-11,2007,11,regular,UTEP,Conference USA,Tulane,Conference USA,19,34,FALSE,TRUE,Caesars Superdome,
2007-11-11,2007,11,regular,James Madison,CAA,William & Mary,CAA,55,34,FALSE,TRUE,Zable Stadium,
2007-11-11,2007,11,regular,North Dakota State,Great West,Cal Poly,Great West,31,28,TRUE,TRUE,,
2007-11-11,2007,11,regular,Virginia,ACC,Miami,ACC,48,0,FALSE,TRUE,,
2007-11-11,2007,11,regular,UCF,Conference USA,UAB,Conference USA,45,31,FALSE,TRUE,Legion Field,
2007-11-11,2007,11,regular,Florida,SEC,South Carolina,SEC,51,31,FALSE,TRUE,Williams-Brice Stadium,
2007-11-11,2007,11,regular,USC,Pac-10,California,Pac-10,24,17,FALSE,TRUE,California Memorial Stadium,
2007-11-11,2007,11,regular,Louisiana Tech,Western Athletic,LSU,SEC,10,58,FALSE,FALSE,Tiger Stadium (LA),
2007-11-11,2007,11,regular,Boston College,ACC,Maryland,ACC,35,42,FALSE,TRUE,SECU Stadium,
2007-11-11,2007,11,regular,Kansas,Big 12,Oklahoma State,Big 12,43,28,FALSE,TRUE,Boone Pickens Stadium,
2007-11-11,2007,11,regular,Northwestern State,Southland,McNeese,Southland,21,27,FALSE,TRUE,Cowboy Stadium,
2007-11-11,2007,11,regular,Washington,Pac-10,Oregon State,Pac-10,23,29,FALSE,TRUE,Reser Stadium,
2007-11-11,2007,11,regular,Fresno State,Western Athletic,Hawai'i,Western Athletic,30,37,FALSE,TRUE,Aloha Stadium,
2007-11-11,2007,11,regular,San Diego State,Mountain West,UNLV,Mountain West,38,30,FALSE,TRUE,Sam Boyd Stadium,
2007-11-14,2007,12,regular,Toledo,Mid-American,Ball State,Mid-American,20,41,FALSE,TRUE,Scheumann Stadium,
2007-11-15,2007,12,regular,Akron,Mid-American,Miami (OH),Mid-American,0,7,FALSE,TRUE,Yager Stadium,
2007-11-16,2007,12,regular,North Texas,Sun Belt,Arkansas State,Sun Belt,27,31,FALSE,TRUE,,
2007-11-16,2007,12,regular,Sam Houston,Southland,Texas State,Southland,29,28,TRUE,TRUE,Bobcat Stadium,
2007-11-16,2007,12,regular,Oregon,Pac-10,Arizona,Pac-10,24,34,FALSE,TRUE,Arizona Stadium,
2007-11-17,2007,12,regular,Eastern Michigan,Mid-American,Central Michigan,Mid-American,48,45,FALSE,TRUE,Kelly/Shorts Stadium,
2007-11-17,2007,12,regular,Hawai'i,Western Athletic,Nevada,Western Athletic,28,26,FALSE,TRUE,Mackay Stadium,
2007-11-17,2007,12,regular,Syracuse,Big East,UConn,Big East,7,30,FALSE,TRUE,Pratt & Whitney Stadium,
2007-11-17,2007,12,regular,Harvard,Ivy,Yale,Ivy,37,6,FALSE,TRUE,Yale Bowl,
2007-11-17,2007,12,regular,Maryland,ACC,Florida State,ACC,16,24,FALSE,TRUE,Doak Campbell Stadium,
2007-11-17,2007,12,regular,Florida Atlantic,Sun Belt,Florida,SEC,20,59,FALSE,FALSE,Ben Hill Griffin Stadium,
2007-11-17,2007,12,regular,North Carolina,ACC,Georgia Tech,ACC,25,27,FALSE,TRUE,Bobby Dodd Stadium,
2007-11-17,2007,12,regular,Ohio State,Big Ten,Michigan,Big Ten,14,3,FALSE,TRUE,Michigan Stadium,
2007-11-17,2007,12,regular,Maine,CAA,New Hampshire,CAA,14,39,FALSE,TRUE,Wildcat Stadium,
2007-11-17,2007,12,regular,Pittsburgh,Big East,Rutgers,Big East,16,20,FALSE,TRUE,High Point Solutions Stadium,
2007-11-17,2007,12,regular,Northeastern,CAA,Rhode Island,CAA,30,35,FALSE,TRUE,Meade Stadium,
2007-11-17,2007,12,regular,William & Mary,CAA,Richmond,CAA,20,31,TRUE,TRUE,,
2007-11-17,2007,12,regular,Wagner,NEC,Jacksonville,Pioneer,41,27,TRUE,FALSE,D. B. Milne Field,
2007-11-17,2007,12,regular,Tulsa,Conference USA,Army,FBS Independents,49,39,FALSE,FALSE,Michie Stadium,
2007-11-17,2007,12,regular,Northwestern,Big Ten,Illinois,Big Ten,22,41,FALSE,TRUE,"Memorial Stadium (Champaign, IL)",
2007-11-17,2007,12,regular,UAlbany,NEC,Central Connecticut,NEC,49,14,FALSE,TRUE,Arute Field,
2007-11-17,2007,12,regular,Coastal Carolina,Big South,Charleston Southern,Big South,41,2,FALSE,TRUE,Buccaneer Field,
2007-11-17,2007,12,regular,Howard,MEAC,Delaware State,MEAC,13,29,FALSE,TRUE,Alumni Stadium,
2007-11-17,2007,12,regular,Massachusetts,CAA,Hofstra,CAA,27,5,TRUE,TRUE,,
2007-11-17,2007,12,regular,Duquesne,Metro Atlantic Athletic,Monmouth,NEC,20,31,TRUE,FALSE,Kessler Field,
2007-11-17,2007,12,regular,Northeastern,CAA,Rhodes College,,30,35,TRUE,FALSE,Meade Stadium,
2007-11-17,2007,12,regular,The Citadel,Southern,VMI,Big South,70,28,FALSE,FALSE,Alumni Memorial Field,
2007-11-17,2007,12,regular,Furman,Southern,Western Carolina,Southern,52,21,FALSE,TRUE,E. J. Whitmire Stadium,
2007-11-17,2007,12,regular,Kent State,Mid-American,Temple,Mid-American,14,24,FALSE,TRUE,Lincoln Financial Field,
2007-11-17,2007,12,regular,Kentucky,SEC,Georgia,SEC,13,24,FALSE,TRUE,Sanford Stadium,
2007-11-17,2007,12,regular,Colgate,Patriot,Holy Cross,Patriot,20,27,FALSE,TRUE,Fitton Field,
2007-11-17,2007,12,regular,Princeton,Ivy,Dartmouth,Ivy,17,14,FALSE,TRUE,Memorial Field,
2007-11-17,2007,12,regular,Brown,Ivy,Columbia,Ivy,30,22,FALSE,TRUE,Lawrence A. Wien Stadium,
2007-11-17,2007,12,regular,Missouri,Big 12,Kansas State,Big 12,49,32,FALSE,TRUE,Bill Snyder Family Stadium,
2007-11-17,2007,12,regular,Lafayette,Patriot,Lehigh,Patriot,21,17,FALSE,TRUE,Goodman Stadium,
2007-11-17,2007,12,regular,Austin Peay,OVC,Murray State,OVC,23,17,FALSE,TRUE,Roy Stewart Stadium,
2007-11-17,2007,12,regular,Cornell,Ivy,Pennsylvania,Ivy,9,45,FALSE,TRUE,Franklin Field,
2007-11-17,2007,12,regular,Bowling Green,Mid-American,Buffalo,Mid-American,31,17,FALSE,TRUE,UB Stadium,
2007-11-17,2007,12,regular,Tennessee Tech,OVC,Eastern Kentucky,OVC,24,38,FALSE,TRUE,Roy Kidd Stadium,
2007-11-17,2007,12,regular,Bucknell,Patriot,Fordham,Patriot,38,24,TRUE,TRUE,Coffey Field,
2007-11-17,2007,12,regular,Southern Illinois,MVFC,Hampton,MEAC,45,27,FALSE,FALSE,Armstrong Stadium,
2007-11-17,2007,12,regular,St. Francis (PA),NEC,La Salle,Metro Atlantic Athletic,51,10,TRUE,FALSE,,
2007-11-17,2007,12,regular,Winston-Salem,MEAC,Norfolk State,MEAC,20,23,FALSE,TRUE,"William Dick"""" Price Stadium""""",
2007-11-17,2007,12,regular,North Carolina A&T,MEAC,South Carolina State,MEAC,7,51,FALSE,TRUE,Oliver C. Dawson Stadium,
2007-11-17,2007,12,regular,Towson,CAA,James Madison,CAA,13,23,FALSE,TRUE,Bridgeforth Stadium,
2007-11-17,2007,12,regular,Mississippi State,SEC,Arkansas,SEC,31,45,FALSE,TRUE,Razorback Stadium,
2007-11-17,2007,12,regular,Idaho,Western Athletic,Boise State,Western Athletic,14,58,FALSE,TRUE,Albertsons Stadium,
2007-11-17,2007,12,regular,Utah State,Western Athletic,New Mexico State,Western Athletic,35,17,FALSE,TRUE,Aggie Memorial Stadium,
2007-11-17,2007,12,regular,Alcorn State,SWAC,Jackson State,SWAC,19,31,FALSE,TRUE,Mississippi Veterans Memorial Stadium,
2007-11-17,2007,12,regular,Mississippi Valley State,SWAC,Savannah St,FCS Independents,28,3,FALSE,FALSE,Ted Wright Stadium,
2007-11-17,2007,12,regular,Jacksonville State,OVC,Southeast Missouri State,OVC,25,32,TRUE,TRUE,Houck Stadium,
2007-11-17,2007,12,regular,North Dakota State,Great West,South Dakota State,Great West,24,29,TRUE,TRUE,,
2007-11-17,2007,12,regular,Vanderbilt,SEC,Tennessee,SEC,24,25,FALSE,TRUE,Neyland Stadium,
2007-11-17,2007,12,regular,UT Martin,OVC,Tennessee State,OVC,43,38,FALSE,TRUE,Nissan Stadium,
2007-11-17,2007,12,regular,BYU,Mountain West,Wyoming,Mountain West,35,10,FALSE,TRUE,,
2007-11-17,2007,12,regular,Portland State,Big Sky,Northern Colorado,Big Sky,31,21,FALSE,TRUE,Nottingham Field,
2007-11-17,2007,12,regular,Georgia Southern,Southern,Colorado State,Mountain West,34,42,TRUE,FALSE,Sonny Lubick Field at Hughes Stadium,
2007-11-17,2007,12,regular,San Diego State,Mountain West,Air Force,Mountain West,23,55,FALSE,TRUE,Falcon Stadium,
2007-11-17,2007,12,regular,Duke,ACC,Notre Dame,FBS Independents,7,28,FALSE,FALSE,Notre Dame Stadium,
2007-11-17,2007,12,regular,Montana,Big Sky,Montana State,Big Sky,41,20,FALSE,TRUE,Bobcat Stadium,
2007-11-17,2007,12,regular,UL Monroe,Sun Belt,Alabama,SEC,21,14,FALSE,FALSE,Bryant-Denny Stadium,
2007-11-17,2007,12,regular,Samford,OVC,Eastern Illinois,OVC,17,33,FALSE,TRUE,O'Brien Stadium,
2007-11-17,2007,12,regular,Tulane,Conference USA,Rice,Conference USA,45,31,FALSE,TRUE,Rice Stadium,
2007-11-17,2007,12,regular,Stephen F. Austin,Southland,Northwestern State,Southland,12,31,FALSE,TRUE,Harry Turpin Stadium,
2007-11-17,2007,12,regular,UCF,Conference USA,SMU,Conference USA,49,20,FALSE,TRUE,Gerald J. Ford Stadium,
2007-11-17,2007,12,regular,Arkansas-Pine Bluff,SWAC,Texas Southern,SWAC,20,10,TRUE,TRUE,Robertson Stadium,
2007-11-17,2007,12,regular,Purdue,Big Ten,Indiana,Big Ten,24,27,FALSE,TRUE,"Memorial Stadium (Bloomington, IN)",
2007-11-17,2007,12,regular,Penn State,Big Ten,Michigan State,Big Ten,31,35,FALSE,TRUE,Spartan Stadium,
2007-11-17,2007,12,regular,Wisconsin,Big Ten,Minnesota,Big Ten,41,34,FALSE,TRUE,,
2007-11-17,2007,12,regular,LSU,SEC,Ole Miss,SEC,41,24,FALSE,TRUE,Vaught-Hemingway Stadium,
2007-11-17,2007,12,regular,Delaware,CAA,Villanova,CAA,10,16,FALSE,TRUE,Villanova Stadium,
2007-11-17,2007,12,regular,UAB,Conference USA,Memphis,Conference USA,9,25,FALSE,TRUE,Simmons Bank Liberty Stadium,
2007-11-17,2007,12,regular,Marshall,Conference USA,Houston,Conference USA,28,35,FALSE,TRUE,Robertson Stadium,
2007-11-17,2007,12,regular,Miami,ACC,Virginia Tech,ACC,14,44,FALSE,TRUE,Lane Stadium,
2007-11-17,2007,12,regular,California,Pac-10,Washington,Pac-10,23,37,FALSE,TRUE,Husky Stadium,
2007-11-17,2007,12,regular,Chattanooga,Southern,App State,Southern,17,37,FALSE,TRUE,Kidd Brewer Stadium,
2007-11-17,2007,12,regular,Florida A&M,MEAC,Bethune-Cookman,MEAC,7,34,FALSE,TRUE,Municipal Stadium,
2007-11-17,2007,12,regular,Stony Brook,FCS Independents,Elon,Southern,23,38,FALSE,FALSE,Rhodes Stadium,
2007-11-17,2007,12,regular,Liberty,Big South,Gardner-Webb,Big South,31,0,FALSE,TRUE,Ernest W. Spangler Stadium,
2007-11-17,2007,12,regular,Iowa State,Big 12,Kansas,Big 12,7,45,FALSE,TRUE,Memorial Stadium,
2007-11-17,2007,12,regular,Northern Illinois,Mid-American,Navy,FBS Independents,24,35,FALSE,FALSE,Navy-Marine Corps Memorial Stadium,
2007-11-17,2007,12,regular,Nicholls,Southland,SE Louisiana,Southland,13,17,FALSE,TRUE,Strawberry Stadium,
2007-11-17,2007,12,regular,Western Michigan,Mid-American,Iowa,Big Ten,28,19,FALSE,FALSE,Kinnick Stadium,
2007-11-17,2007,12,regular,NC State,ACC,Wake Forest,ACC,18,38,FALSE,TRUE,Allegacy Federal Credit Union Stadium,
2007-11-17,2007,12,regular,Iona,Metro Atlantic Athletic,Cal Poly,Great West,7,55,TRUE,FALSE,,
2007-11-17,2007,12,regular,San Diego,Pioneer,UC Davis,Great West,46,49,TRUE,FALSE,,
2007-11-17,2007,12,regular,Morehead State,Pioneer,Western Kentucky,FBS Independents,12,52,FALSE,FALSE,Houchens Industries-L.T. Smith Stadium,
2007-11-17,2007,12,regular,Alabama A&M,SWAC,Prairie View A&M,SWAC,20,30,TRUE,TRUE,Blackshear Stadium,
2007-11-17,2007,12,regular,Idaho State,Big Sky,Sacramento State,Big Sky,30,41,FALSE,TRUE,Hornet Stadium,
2007-11-17,2007,12,regular,Weber State,Big Sky,Eastern Washington,Big Sky,16,38,FALSE,TRUE,Roos Field,
2007-11-17,2007,12,regular,New Mexico,Mountain West,Utah,Mountain West,10,28,FALSE,TRUE,Rice-Eccles Stadium,
2007-11-17,2007,12,regular,Southern Utah,Great West,Northern Iowa,MVFC,10,48,FALSE,FALSE,UNI-Dome,
2007-11-17,2007,12,regular,Oregon State,Pac-10,Washington State,Pac-10,52,17,FALSE,TRUE,Gesa Field,
2007-11-18,2007,12,regular,Oklahoma State,Big 12,Baylor,Big 12,45,14,FALSE,TRUE,Floyd Casey Stadium,
2007-11-18,2007,12,regular,Louisiana,Sun Belt,Florida International,Sun Belt,38,28,FALSE,TRUE,,
2007-11-18,2007,12,regular,San José State,Western Athletic,Louisiana Tech,Western Athletic,23,27,FALSE,TRUE,Joe Aillet Stadium,
2007-11-18,2007,12,regular,UNLV,Mountain West,TCU,Mountain West,10,34,FALSE,TRUE,Amon G. Carter Stadium,
2007-11-18,2007,12,regular,Southern Miss,Conference USA,UTEP,Conference USA,56,30,FALSE,TRUE,Sun Bowl,
2007-11-18,2007,12,regular,Boston College,ACC,Clemson,ACC,20,17,FALSE,TRUE,"Memorial Stadium (Clemson, SC)",
2007-11-18,2007,12,regular,West Virginia,Big East,Cincinnati,Big East,28,23,FALSE,TRUE,Nippert Stadium,
2007-11-18,2007,12,regular,Louisville,Big East,South Florida,Big East,17,55,FALSE,TRUE,Raymond James Stadium,
2007-11-18,2007,12,regular,Central Arkansas,Southland,McNeese,Southland,14,41,FALSE,TRUE,Cowboy Stadium,
2007-11-18,2007,12,regular,Oklahoma,Big 12,Texas Tech,Big 12,27,34,FALSE,TRUE,Jones AT&T Stadium,
2007-11-21,2007,13,regular,Middle Tennessee,Sun Belt,Troy,Sun Belt,7,45,FALSE,TRUE,Veterans Memorial Stadium (AL),
2007-11-22,2007,13,regular,Tuskegee,,Alabama State,SWAC,64,58,TRUE,FALSE,Cramton Bowl,
2007-11-23,2007,13,regular,USC,Pac-10,Arizona State,Pac-10,44,24,FALSE,TRUE,Mountain America Stadium,
2007-11-23,2007,13,regular,Central Michigan,Mid-American,Akron,Mid-American,35,32,FALSE,TRUE,,
2007-11-23,2007,13,regular,Nebraska,Big 12,Colorado,Big 12,51,65,FALSE,TRUE,Folsom Field,
2007-11-23,2007,13,regular,Ole Miss,SEC,Mississippi State,SEC,14,17,FALSE,TRUE,Davis Wade Stadium,
2007-11-23,2007,13,regular,Delaware State,MEAC,Delaware,CAA,7,44,FALSE,FALSE,Delaware Stadium,IAA PLAYOFFS
2007-11-23,2007,13,regular,Wyoming,Mountain West,Colorado State,Mountain West,28,36,FALSE,TRUE,Sonny Lubick Field at Hughes Stadium,
2007-11-23,2007,13,regular,Arkansas,SEC,LSU,SEC,50,48,FALSE,TRUE,Tiger Stadium (LA),
2007-11-23,2007,13,regular,Toledo,Mid-American,Bowling Green,Mid-American,10,37,FALSE,TRUE,Doyt L. Perry Stadium,
2007-11-23,2007,13,regular,Texas,Big 12,Texas A&M,Big 12,30,38,FALSE,TRUE,Kyle Field,
2007-11-24,2007,13,regular,Boise State,Western Athletic,Hawai'i,Western Athletic,27,39,FALSE,TRUE,Aloha Stadium,
2007-11-24,2007,13,regular,Miami,ACC,Boston College,ACC,14,28,FALSE,TRUE,"Alumni Stadium (Chestnut Hill, MA)",
2007-11-24,2007,13,regular,Fordham,Patriot,Massachusetts,CAA,35,49,TRUE,FALSE,,IAA PLAYOFFS
2007-11-24,2007,13,regular,Maryland,ACC,NC State,ACC,37,0,FALSE,TRUE,Carter-Finley Stadium,
2007-11-24,2007,13,regular,South Florida,Big East,Pittsburgh,Big East,48,37,FALSE,TRUE,Acrisure Stadium,
2007-11-24,2007,13,regular,Virginia Tech,ACC,Virginia,ACC,33,21,FALSE,TRUE,Scott Stadium,
2007-11-24,2007,13,regular,James Madison,CAA,App State,Southern,27,28,FALSE,FALSE,Kidd Brewer Stadium,IAA PLAYOFFS
2007-11-24,2007,13,regular,Tulane,Conference USA,East Carolina,Conference USA,12,35,FALSE,TRUE,Dowdy-Ficklen Stadium,
2007-11-24,2007,13,regular,Buffalo,Mid-American,Kent State,Mid-American,30,23,FALSE,TRUE,Dix Stadium,
2007-11-24,2007,13,regular,Tennessee,SEC,Kentucky,SEC,52,50,FALSE,TRUE,Kroger Field,
2007-11-24,2007,13,regular,Miami (OH),Mid-American,Ohio,Mid-American,29,38,FALSE,TRUE,Peden Stadium,
2007-11-24,2007,13,regular,SMU,Conference USA,Memphis,Conference USA,52,55,FALSE,TRUE,Simmons Bank Liberty Stadium,
2007-11-24,2007,13,regular,Wake Forest,ACC,Vanderbilt,SEC,31,17,FALSE,FALSE,FirstBank Stadium,
2007-11-24,2007,13,regular,Utah,Mountain West,BYU,Mountain West,10,17,FALSE,TRUE,LaVell Edwards Stadium,
2007-11-24,2007,13,regular,UTEP,Conference USA,UCF,Conference USA,20,36,FALSE,TRUE,,
2007-11-24,2007,13,regular,Temple,Mid-American,Western Michigan,Mid-American,3,16,FALSE,TRUE,Waldo Stadium,
2007-11-24,2007,13,regular,Southern,SWAC,Grambling,SWAC,22,13,TRUE,TRUE,Superior Dome,
2007-11-24,2007,13,regular,Wofford,Southern,Montana,Big Sky,23,22,FALSE,FALSE,Washington-Grizzly Stadium,IAA PLAYOFFS
2007-11-24,2007,13,regular,Eastern Illinois,OVC,Southern Illinois,MVFC,11,30,TRUE,FALSE,,IAA PLAYOFFS
2007-11-24,2007,13,regular,Tulsa,Conference USA,Rice,Conference USA,48,43,FALSE,TRUE,Rice Stadium,
2007-11-24,2007,13,regular,Arkansas State,Sun Belt,Southern Miss,Conference USA,10,16,FALSE,FALSE,M. M. Roberts Stadium,
2007-11-24,2007,13,regular,Notre Dame,FBS Independents,Stanford,Pac-10,21,14,FALSE,FALSE,Stanford Stadium,
2007-11-24,2007,13,regular,Oregon,Pac-10,UCLA,Pac-10,0,16,FALSE,TRUE,Rose Bowl,
2007-11-24,2007,13,regular,Georgia,SEC,Georgia Tech,ACC,31,17,FALSE,FALSE,Bobby Dodd Stadium,
2007-11-24,2007,13,regular,Utah State,Western Athletic,Idaho,Western Athletic,24,19,FALSE,TRUE,Kibbie Dome,
2007-11-24,2007,13,regular,Duke,ACC,North Carolina,ACC,14,20,FALSE,TRUE,Kenan Stadium,
2007-11-24,2007,13,regular,Oklahoma State,Big 12,Oklahoma,Big 12,17,49,FALSE,TRUE,"Memorial Stadium (Norman, OK)",
2007-11-24,2007,13,regular,Texas Southern,SWAC,Houston,Conference USA,6,59,TRUE,FALSE,Robertson Stadium,
2007-11-24,2007,13,regular,UConn,Big East,West Virginia,Big East,21,66,FALSE,TRUE,Milan Puskar Stadium,
2007-11-24,2007,13,regular,Kansas State,Big 12,Fresno State,Western Athletic,29,45,FALSE,FALSE,Valley Children's Stadium,
2007-11-24,2007,13,regular,Nevada,Western Athletic,San José State,Western Athletic,24,27,FALSE,TRUE,CEFCU Stadium,
2007-11-24,2007,13,regular,Western Kentucky,FBS Independents,North Texas,Sun Belt,26,27,FALSE,FALSE,,
2007-11-24,2007,13,regular,Ball State,Mid-American,Northern Illinois,Mid-American,27,21,FALSE,TRUE,Huskie Stadium,
2007-11-24,2007,13,regular,UAB,Conference USA,Marshall,Conference USA,39,46,FALSE,TRUE,Joan C. Edwards Stadium,
2007-11-24,2007,13,regular,Florida State,ACC,Florida,SEC,12,45,FALSE,FALSE,Ben Hill Griffin Stadium,
2007-11-24,2007,13,regular,UNLV,Mountain West,New Mexico,Mountain West,6,27,FALSE,TRUE,University Stadium (NM),
2007-11-24,2007,13,regular,Eastern Kentucky,OVC,Richmond,CAA,14,31,TRUE,FALSE,,IAA PLAYOFFS
2007-11-25,2007,13,regular,Washington State,Pac-10,Washington,Pac-10,42,35,FALSE,TRUE,Husky Stadium,
2007-11-25,2007,13,regular,UL Monroe,Sun Belt,Louisiana,Sun Belt,17,11,FALSE,TRUE,Cajun Field,
2007-11-25,2007,13,regular,Florida Atlantic,Sun Belt,Florida International,Sun Belt,55,23,FALSE,TRUE,,
2007-11-25,2007,13,regular,Clemson,ACC,South Carolina,SEC,23,21,FALSE,FALSE,Williams-Brice Stadium,
2007-11-25,2007,13,regular,Cincinnati,Big East,Syracuse,Big East,52,31,FALSE,TRUE,JMA Wireless Dome,
2007-11-25,2007,13,regular,New Hampshire,CAA,Northern Iowa,MVFC,35,38,FALSE,FALSE,UNI-Dome,IAA PLAYOFFS
2007-11-25,2007,13,regular,Alabama,SEC,Auburn,SEC,10,17,FALSE,TRUE,Jordan-Hare Stadium,
2007-11-25,2007,13,regular,TCU,Mountain West,San Diego State,Mountain West,45,33,FALSE,TRUE,Qualcomm Stadium,
2007-11-25,2007,13,regular,Missouri,Big 12,Kansas,Big 12,36,28,FALSE,TRUE,,
2007-11-25,2007,13,regular,Eastern Washington,Big Sky,McNeese,Southland,44,15,FALSE,FALSE,Cowboy Stadium,IAA PLAYOFFS
2007-11-30,2007,14,regular,Rutgers,Big East,Louisville,Big East,38,41,FALSE,TRUE,L&N Federal Credit Union Stadium,
2007-12-01,2007,14,regular,Fresno State,Western Athletic,New Mexico State,Western Athletic,30,23,FALSE,TRUE,Aggie Memorial Stadium,
2007-12-01,2007,14,regular,Miami (OH),Mid-American,Central Michigan,Mid-American,10,35,FALSE,TRUE,,
2007-12-01,2007,14,regular,Eastern Washington,Big Sky,App State,Southern,35,38,FALSE,FALSE,Kidd Brewer Stadium,IAA PLAYOFFS
2007-12-01,2007,14,regular,Tulsa,Conference USA,UCF,Conference USA,25,44,FALSE,TRUE,FBC Mortgage Stadium,
2007-12-01,2007,14,regular,Army,FBS Independents,Navy,FBS Independents,3,38,FALSE,FALSE,,
2007-12-01,2007,14,regular,Virginia Tech,ACC,Boston College,ACC,30,16,FALSE,TRUE,,
2007-12-01,2007,14,regular,UAlbany,NEC,Dayton,Pioneer,21,42,FALSE,FALSE,Welcome Stadium,GRIDIRON CLASSIC
2007-12-01,2007,14,regular,Delaware,CAA,Northern Iowa,MVFC,39,27,FALSE,FALSE,UNI-Dome,IAA PLAYOFFS
2007-12-01,2007,14,regular,Florida Atlantic,Sun Belt,Troy,Sun Belt,38,32,FALSE,TRUE,Veterans Memorial Stadium (AL),
2007-12-01,2007,14,regular,Massachusetts,CAA,Southern Illinois,MVFC,27,34,TRUE,FALSE,,IAA PLAYOFFS
2007-12-01,2007,14,regular,Tennessee,SEC,LSU,SEC,14,21,FALSE,TRUE,Georgia Dome,
2007-12-01,2007,14,regular,Louisiana Tech,Western Athletic,Nevada,Western Athletic,10,49,FALSE,TRUE,Mackay Stadium,
2007-12-01,2007,14,regular,UCLA,Pac-10,USC,Pac-10,7,24,FALSE,TRUE,Los Angeles Memorial Coliseum,
2007-12-01,2007,14,regular,Oregon State,Pac-10,Oregon,Pac-10,38,31,FALSE,TRUE,Autzen Stadium,
2007-12-01,2007,14,regular,BYU,Mountain West,San Diego State,Mountain West,48,27,FALSE,TRUE,Qualcomm Stadium,
2007-12-02,2007,14,regular,North Texas,Sun Belt,Florida International,Sun Belt,19,38,FALSE,TRUE,,
2007-12-02,2007,14,regular,Richmond,CAA,Wofford,Southern,21,10,FALSE,FALSE,Gibbs Stadium,IAA PLAYOFFS
2007-12-02,2007,14,regular,California,Pac-10,Stanford,Pac-10,13,20,FALSE,TRUE,Stanford Stadium,
2007-12-02,2007,14,regular,Pittsburgh,Big East,West Virginia,Big East,13,9,FALSE,TRUE,Milan Puskar Stadium,
2007-12-02,2007,14,regular,Arizona,Pac-10,Arizona State,Pac-10,17,20,FALSE,TRUE,Mountain America Stadium,
2007-12-02,2007,14,regular,Oklahoma,Big 12,Missouri,Big 12,38,17,FALSE,TRUE,Alamodome,
2007-12-02,2007,14,regular,Washington,Pac-10,Hawai'i,Western Athletic,28,35,FALSE,FALSE,Aloha Stadium,
2007-12-21,2007,1,postseason,Utah,Mountain West,Navy,FBS Independents,35,32,TRUE,FALSE,Qualcomm Stadium,
2007-12-22,2007,1,postseason,Memphis,Conference USA,Florida Atlantic,Sun Belt,27,44,TRUE,FALSE,Caesars Superdome,
2007-12-22,2007,1,postseason,Southern Miss,Conference USA,Cincinnati,Big East,21,31,TRUE,FALSE,Legion Field,
2007-12-22,2007,1,postseason,Nevada,Western Athletic,New Mexico,Mountain West,0,23,TRUE,FALSE,University Stadium (NM),
2007-12-23,2007,1,postseason,UCLA,Pac-10,BYU,Mountain West,16,17,TRUE,TRUE,Sam Boyd Stadium,
2007-12-24,2007,1,postseason,Boise State,Western Athletic,East Carolina,Conference USA,38,41,TRUE,FALSE,Aloha Stadium,
2007-12-27,2007,1,postseason,Purdue,Big Ten,Central Michigan,Mid-American,51,48,TRUE,FALSE,,
2007-12-28,2007,1,postseason,Arizona State,Pac-10,Texas,Big 12,34,52,TRUE,FALSE,Qualcomm Stadium,
2007-12-28,2007,1,postseason,Boston College,ACC,Michigan State,Big Ten,24,21,TRUE,FALSE,,
2007-12-29,2007,1,postseason,TCU,Mountain West,Houston,Conference USA,20,13,TRUE,FALSE,,
2007-12-29,2007,1,postseason,Maryland,ACC,Oregon State,Pac-10,14,21,TRUE,FALSE,,
2007-12-29,2007,1,postseason,UConn,Big East,Wake Forest,ACC,10,24,TRUE,FALSE,,
2007-12-29,2007,1,postseason,UCF,Conference USA,Mississippi State,SEC,3,10,TRUE,FALSE,Simmons Bank Liberty Stadium,
2007-12-30,2007,1,postseason,Penn State,Big Ten,Texas A&M,Big 12,24,17,TRUE,FALSE,Alamodome,
2007-12-31,2007,1,postseason,Alabama,SEC,Colorado,Big 12,30,24,TRUE,FALSE,,
2007-12-31,2007,1,postseason,California,Pac-10,Air Force,Mountain West,42,36,TRUE,TRUE,Amon G. Carter Stadium,
2007-12-31,2007,1,postseason,Georgia Tech,ACC,Fresno State,Western Athletic,28,40,TRUE,FALSE,Albertsons Stadium,
2007-12-31,2007,1,postseason,South Florida,Big East,Oregon,Pac-10,21,56,TRUE,FALSE,Sun Bowl,
2007-12-31,2007,1,postseason,Kentucky,SEC,Florida State,ACC,35,28,TRUE,FALSE,Nissan Stadium,
2007-12-31,2007,1,postseason,Indiana,Big Ten,Oklahoma State,Big 12,33,49,TRUE,FALSE,Mountain America Stadium,
2008-01-01,2007,1,postseason,Clemson,ACC,Auburn,SEC,20,23,TRUE,FALSE,Georgia Dome,
2008-01-01,2007,1,postseason,Wisconsin,Big Ten,Tennessee,SEC,17,21,TRUE,FALSE,Raymond James Stadium,
2008-01-01,2007,1,postseason,Missouri,Big 12,Arkansas,SEC,38,7,TRUE,FALSE,,
2008-01-01,2007,1,postseason,Michigan,Big Ten,Florida,SEC,41,35,TRUE,FALSE,,
2008-01-01,2007,1,postseason,Texas Tech,Big 12,Virginia,ACC,31,28,TRUE,FALSE,,
2008-01-01,2007,1,postseason,Illinois,Big Ten,USC,Pac-10,17,49,TRUE,TRUE,Rose Bowl,
2008-01-02,2007,1,postseason,Hawai'i,Western Athletic,Georgia,SEC,10,41,TRUE,FALSE,Caesars Superdome,
2008-01-03,2007,1,postseason,West Virginia,Big East,Oklahoma,Big 12,48,28,TRUE,FALSE,,
2008-01-04,2007,1,postseason,Kansas,Big 12,Virginia Tech,ACC,24,21,TRUE,FALSE,Hard Rock Stadium,
2008-01-05,2007,1,postseason,Rutgers,Big East,Ball State,Mid-American,52,30,TRUE,FALSE,,
2008-01-07,2007,1,postseason,Bowling Green,Mid-American,Tulsa,Conference USA,7,63,TRUE,FALSE,Ladd Peebles Stadium,
2008-01-08,2007,1,postseason,LSU,SEC,Ohio State,Big Ten,38,24,TRUE,FALSE,Caesars Superdome,